pool,model,draw,coef
FINAL 2022/23-2025/26,b,0,-0.01110278039395295
FINAL 2022/23-2025/26,b,1,-0.03269801138121578
FINAL 2022/23-2025/26,b,2,-0.016774407093815613
FINAL 2022/23-2025/26,b,3,-0.033147123885506995
FINAL 2022/23-2025/26,b,4,-0.007795173448153904
FINAL 2022/23-2025/26,b,5,-0.03184805997153137
FINAL 2022/23-2025/26,b,6,-0.029437761695885294
FINAL 2022/23-2025/26,b,7,-0.004671811675077027
FINAL 2022/23-2025/26,b,8,-0.009412528855937137
FINAL 2022/23-2025/26,b,9,0.0014351633836426694
FINAL 2022/23-2025/26,b,10,-0.043212677379438354
FINAL 2022/23-2025/26,b,11,-0.025585593020198482
FINAL 2022/23-2025/26,b,12,-0.0016226748769019757
FINAL 2022/23-2025/26,b,13,-0.023269656772617796
FINAL 2022/23-2025/26,b,14,-0.012939224675171584
FINAL 2022/23-2025/26,b,15,-0.02648347844530686
FINAL 2022/23-2025/26,b,16,-0.01629082174956591
FINAL 2022/23-2025/26,b,17,-0.023647814524078752
FINAL 2022/23-2025/26,b,18,-0.014102071941706824
FINAL 2022/23-2025/26,b,19,-0.023255700409534258
FINAL 2022/23-2025/26,b,20,-0.019486879640898465
FINAL 2022/23-2025/26,b,21,-0.03429590875463516
FINAL 2022/23-2025/26,b,22,-0.00749749759724388
FINAL 2022/23-2025/26,b,23,-0.014638406590397696
FINAL 2022/23-2025/26,b,24,-0.017969346790264924
FINAL 2022/23-2025/26,b,25,-0.025127016222915823
FINAL 2022/23-2025/26,b,26,-0.018552116665387662
FINAL 2022/23-2025/26,b,27,-0.024138990770704333
FINAL 2022/23-2025/26,b,28,-0.02379832385257339
FINAL 2022/23-2025/26,b,29,-0.02463255508117308
FINAL 2022/23-2025/26,b,30,-0.035398464003015176
FINAL 2022/23-2025/26,b,31,-0.019144106180254354
FINAL 2022/23-2025/26,b,32,-0.012520268836250346
FINAL 2022/23-2025/26,b,33,-0.031327292584037075
FINAL 2022/23-2025/26,b,34,-0.029077437555309015
FINAL 2022/23-2025/26,b,35,-0.022573545803339024
FINAL 2022/23-2025/26,b,36,-0.019793663952223765
FINAL 2022/23-2025/26,b,37,-0.04254519239818115
FINAL 2022/23-2025/26,b,38,-0.01880567311568143
FINAL 2022/23-2025/26,b,39,-0.01913934262257256
FINAL 2022/23-2025/26,b,40,-0.025519267607422447
FINAL 2022/23-2025/26,b,41,-0.023094377971228403
FINAL 2022/23-2025/26,b,42,-0.013236730091091466
FINAL 2022/23-2025/26,b,43,-0.01705422451612365
FINAL 2022/23-2025/26,b,44,-0.0321829046352619
FINAL 2022/23-2025/26,b,45,-0.013813305434375712
FINAL 2022/23-2025/26,b,46,-0.017647954647361807
FINAL 2022/23-2025/26,b,47,-0.0247356526141129
FINAL 2022/23-2025/26,b,48,-0.01629915571345353
FINAL 2022/23-2025/26,b,49,-0.03281932243049878
FINAL 2022/23-2025/26,b,50,-0.020298088868055536
FINAL 2022/23-2025/26,b,51,-0.0018834051904687331
FINAL 2022/23-2025/26,b,52,-0.03776047899563713
FINAL 2022/23-2025/26,b,53,-0.019867414812361185
FINAL 2022/23-2025/26,b,54,-0.02804457025170452
FINAL 2022/23-2025/26,b,55,-0.028571749666837457
FINAL 2022/23-2025/26,b,56,-0.03248184967059806
FINAL 2022/23-2025/26,b,57,-0.013680742422526086
FINAL 2022/23-2025/26,b,58,-0.006486119804368348
FINAL 2022/23-2025/26,b,59,-0.00823687960099626
FINAL 2022/23-2025/26,b,60,-0.034803009205219226
FINAL 2022/23-2025/26,b,61,-0.027970723145594643
FINAL 2022/23-2025/26,b,62,-0.02521125879323563
FINAL 2022/23-2025/26,b,63,-0.026610195869089637
FINAL 2022/23-2025/26,b,64,-0.02282264194954708
FINAL 2022/23-2025/26,b,65,-0.0010377396002082427
FINAL 2022/23-2025/26,b,66,-0.0030419878714417568
FINAL 2022/23-2025/26,b,67,-0.014103960777519776
FINAL 2022/23-2025/26,b,68,-0.01814261212102001
FINAL 2022/23-2025/26,b,69,-0.03360372697832443
FINAL 2022/23-2025/26,b,70,-0.011984107420410863
FINAL 2022/23-2025/26,b,71,-0.01504464322542746
FINAL 2022/23-2025/26,b,72,-0.008488516267328416
FINAL 2022/23-2025/26,b,73,-0.03381843416813892
FINAL 2022/23-2025/26,b,74,-0.03416896405100969
FINAL 2022/23-2025/26,b,75,-0.020336115247223903
FINAL 2022/23-2025/26,b,76,-0.01934805815020351
FINAL 2022/23-2025/26,b,77,-0.014327900851686557
FINAL 2022/23-2025/26,b,78,-0.02592827474634763
FINAL 2022/23-2025/26,b,79,-0.02868368258609389
FINAL 2022/23-2025/26,b,80,-0.03039690856567151
FINAL 2022/23-2025/26,b,81,-0.007017940456541463
FINAL 2022/23-2025/26,b,82,-0.04440437957292488
FINAL 2022/23-2025/26,b,83,-0.021301176607332932
FINAL 2022/23-2025/26,b,84,-0.03164740540739845
FINAL 2022/23-2025/26,b,85,-0.028777972211050214
FINAL 2022/23-2025/26,b,86,-0.03866284072808582
FINAL 2022/23-2025/26,b,87,-0.010260893402267574
FINAL 2022/23-2025/26,b,88,-0.02745757680346723
FINAL 2022/23-2025/26,b,89,-0.016555262246435228
FINAL 2022/23-2025/26,b,90,-0.02180380580626257
FINAL 2022/23-2025/26,b,91,-0.028077480405058242
FINAL 2022/23-2025/26,b,92,-0.020811392512408593
FINAL 2022/23-2025/26,b,93,-0.021332830141462172
FINAL 2022/23-2025/26,b,94,-0.02996144428698484
FINAL 2022/23-2025/26,b,95,-0.014688496044453237
FINAL 2022/23-2025/26,b,96,-0.03701652604320336
FINAL 2022/23-2025/26,b,97,-0.026639953327361864
FINAL 2022/23-2025/26,b,98,-0.025423944766144287
FINAL 2022/23-2025/26,b,99,0.001706778156527887
FINAL 2022/23-2025/26,b,100,-0.010014223568216699
FINAL 2022/23-2025/26,b,101,-0.017604963448864322
FINAL 2022/23-2025/26,b,102,-0.018294752513743025
FINAL 2022/23-2025/26,b,103,-0.018179457497077375
FINAL 2022/23-2025/26,b,104,-0.016623479162487395
FINAL 2022/23-2025/26,b,105,-0.02540422890620534
FINAL 2022/23-2025/26,b,106,-0.03167566340318038
FINAL 2022/23-2025/26,b,107,-0.017726046878058246
FINAL 2022/23-2025/26,b,108,-0.035431082132025477
FINAL 2022/23-2025/26,b,109,-0.032024486656069065
FINAL 2022/23-2025/26,b,110,-0.009551269735984105
FINAL 2022/23-2025/26,b,111,-0.038137499419321486
FINAL 2022/23-2025/26,b,112,-0.02637041600270943
FINAL 2022/23-2025/26,b,113,-0.044668022509392016
FINAL 2022/23-2025/26,b,114,-0.04662636605355133
FINAL 2022/23-2025/26,b,115,-0.021833996601968213
FINAL 2022/23-2025/26,b,116,-0.029904038643659987
FINAL 2022/23-2025/26,b,117,-0.027260497328827335
FINAL 2022/23-2025/26,b,118,-0.0207105842912281
FINAL 2022/23-2025/26,b,119,-0.015541303675729708
FINAL 2022/23-2025/26,b,120,-0.025269790020962687
FINAL 2022/23-2025/26,b,121,-0.022159993072211982
FINAL 2022/23-2025/26,b,122,-0.023847005976725996
FINAL 2022/23-2025/26,b,123,-0.01099333156811576
FINAL 2022/23-2025/26,b,124,-0.03411066211903163
FINAL 2022/23-2025/26,b,125,-0.007767828340139761
FINAL 2022/23-2025/26,b,126,-0.012116890492721829
FINAL 2022/23-2025/26,b,127,-0.009793879143068174
FINAL 2022/23-2025/26,b,128,-0.01016696710264095
FINAL 2022/23-2025/26,b,129,-0.0038580929481829423
FINAL 2022/23-2025/26,b,130,-0.018072550279467955
FINAL 2022/23-2025/26,b,131,-0.018931511401265186
FINAL 2022/23-2025/26,b,132,-0.008227922005010067
FINAL 2022/23-2025/26,b,133,-0.038379445865699274
FINAL 2022/23-2025/26,b,134,-0.02318731838223657
FINAL 2022/23-2025/26,b,135,-0.019260995779903735
FINAL 2022/23-2025/26,b,136,-0.006957137133327483
FINAL 2022/23-2025/26,b,137,-0.02798396250753502
FINAL 2022/23-2025/26,b,138,-0.014934316606653782
FINAL 2022/23-2025/26,b,139,-0.017202368494168556
FINAL 2022/23-2025/26,b,140,-0.030513722687989787
FINAL 2022/23-2025/26,b,141,-0.006851683126513103
FINAL 2022/23-2025/26,b,142,-0.0322953886930999
FINAL 2022/23-2025/26,b,143,-0.021094770609746613
FINAL 2022/23-2025/26,b,144,-0.02688507352504259
FINAL 2022/23-2025/26,b,145,-0.007630381585291073
FINAL 2022/23-2025/26,b,146,-0.030592104734886313
FINAL 2022/23-2025/26,b,147,-0.011850272023078562
FINAL 2022/23-2025/26,b,148,-0.03802622125396228
FINAL 2022/23-2025/26,b,149,-0.02461371102084502
FINAL 2022/23-2025/26,b,150,-0.0324531337318822
FINAL 2022/23-2025/26,b,151,-0.022909738287726782
FINAL 2022/23-2025/26,b,152,-0.016073696582186072
FINAL 2022/23-2025/26,b,153,-0.029769774135357772
FINAL 2022/23-2025/26,b,154,-0.03338286259740508
FINAL 2022/23-2025/26,b,155,-0.01878960420274711
FINAL 2022/23-2025/26,b,156,-0.024810644990208814
FINAL 2022/23-2025/26,b,157,-0.040725825737320476
FINAL 2022/23-2025/26,b,158,-0.038017463170667204
FINAL 2022/23-2025/26,b,159,-0.021605985111025097
FINAL 2022/23-2025/26,b,160,0.0067618023002195896
FINAL 2022/23-2025/26,b,161,-0.024138944132061562
FINAL 2022/23-2025/26,b,162,-0.026349200670596686
FINAL 2022/23-2025/26,b,163,-0.008104584250957968
FINAL 2022/23-2025/26,b,164,-0.007740379358250803
FINAL 2022/23-2025/26,b,165,-0.022866420164753216
FINAL 2022/23-2025/26,b,166,-0.02666501636355213
FINAL 2022/23-2025/26,b,167,-0.01411187639558981
FINAL 2022/23-2025/26,b,168,-0.01741146824026567
FINAL 2022/23-2025/26,b,169,-0.027151170338015028
FINAL 2022/23-2025/26,b,170,-0.017168463950181574
FINAL 2022/23-2025/26,b,171,-0.02646094875510191
FINAL 2022/23-2025/26,b,172,-0.02307300795979307
FINAL 2022/23-2025/26,b,173,-0.0011549587501292775
FINAL 2022/23-2025/26,b,174,-0.005968047975160134
FINAL 2022/23-2025/26,b,175,-0.028537037890346603
FINAL 2022/23-2025/26,b,176,-0.03857189755498776
FINAL 2022/23-2025/26,b,177,-0.02603235180472448
FINAL 2022/23-2025/26,b,178,-0.027265883597482707
FINAL 2022/23-2025/26,b,179,-0.016901389934811224
FINAL 2022/23-2025/26,b,180,-0.021129465564584886
FINAL 2022/23-2025/26,b,181,-0.033862637746259666
FINAL 2022/23-2025/26,b,182,-0.025379683135038626
FINAL 2022/23-2025/26,b,183,-0.009986502492590883
FINAL 2022/23-2025/26,b,184,-0.019043633220890276
FINAL 2022/23-2025/26,b,185,-0.028502717886459385
FINAL 2022/23-2025/26,b,186,-0.020111525160051272
FINAL 2022/23-2025/26,b,187,-0.011027854964928651
FINAL 2022/23-2025/26,b,188,-0.020753812852057234
FINAL 2022/23-2025/26,b,189,-0.01306052400081725
FINAL 2022/23-2025/26,b,190,-0.02179763147199134
FINAL 2022/23-2025/26,b,191,-0.02106296415249069
FINAL 2022/23-2025/26,b,192,-0.036006774651936746
FINAL 2022/23-2025/26,b,193,-0.03434000890264371
FINAL 2022/23-2025/26,b,194,-0.009108446222349511
FINAL 2022/23-2025/26,b,195,-0.03556942296511656
FINAL 2022/23-2025/26,b,196,-0.02459650094732524
FINAL 2022/23-2025/26,b,197,-0.03296904133939606
FINAL 2022/23-2025/26,b,198,-0.03293991416409765
FINAL 2022/23-2025/26,b,199,-0.01987693877966372
FINAL 2022/23-2025/26,b,200,-0.036729296072172415
FINAL 2022/23-2025/26,b,201,-0.027958871862894544
FINAL 2022/23-2025/26,b,202,-0.03612808707053847
FINAL 2022/23-2025/26,b,203,-0.014051737366533427
FINAL 2022/23-2025/26,b,204,-0.011925159807828187
FINAL 2022/23-2025/26,b,205,-0.01924418148784317
FINAL 2022/23-2025/26,b,206,-0.019720730204834114
FINAL 2022/23-2025/26,b,207,-0.004218483947850786
FINAL 2022/23-2025/26,b,208,-0.023086839536675306
FINAL 2022/23-2025/26,b,209,-0.00789423312562126
FINAL 2022/23-2025/26,b,210,-0.017479535529605298
FINAL 2022/23-2025/26,b,211,-0.015273306055994071
FINAL 2022/23-2025/26,b,212,-0.011047789747629627
FINAL 2022/23-2025/26,b,213,-0.03383238881361321
FINAL 2022/23-2025/26,b,214,-0.0014216146556351311
FINAL 2022/23-2025/26,b,215,-0.03809528328082871
FINAL 2022/23-2025/26,b,216,-0.013858680518250843
FINAL 2022/23-2025/26,b,217,-0.00822396469697757
FINAL 2022/23-2025/26,b,218,-0.030803793023782822
FINAL 2022/23-2025/26,b,219,-0.018616219395077967
FINAL 2022/23-2025/26,b,220,-0.009016771118413792
FINAL 2022/23-2025/26,b,221,-0.019450937791325267
FINAL 2022/23-2025/26,b,222,-0.019469852960192595
FINAL 2022/23-2025/26,b,223,-0.03956623959382108
FINAL 2022/23-2025/26,b,224,-0.031471461981517374
FINAL 2022/23-2025/26,b,225,-0.02268329659269035
FINAL 2022/23-2025/26,b,226,-0.018194837572009178
FINAL 2022/23-2025/26,b,227,-0.0161314067601495
FINAL 2022/23-2025/26,b,228,-0.028615863571064003
FINAL 2022/23-2025/26,b,229,-0.038371233401318414
FINAL 2022/23-2025/26,b,230,-0.021434189096699884
FINAL 2022/23-2025/26,b,231,-0.02167533278480805
FINAL 2022/23-2025/26,b,232,-0.005149464004113502
FINAL 2022/23-2025/26,b,233,-0.020869883952954027
FINAL 2022/23-2025/26,b,234,-0.01970888063471353
FINAL 2022/23-2025/26,b,235,-0.02164671707787185
FINAL 2022/23-2025/26,b,236,-0.025040282221363203
FINAL 2022/23-2025/26,b,237,-0.01870871886837214
FINAL 2022/23-2025/26,b,238,-0.015493309633075667
FINAL 2022/23-2025/26,b,239,-0.0072636516068743905
FINAL 2022/23-2025/26,b,240,-0.014135157354848932
FINAL 2022/23-2025/26,b,241,-0.025420005288982913
FINAL 2022/23-2025/26,b,242,-0.03477240387884614
FINAL 2022/23-2025/26,b,243,-0.004186032223268727
FINAL 2022/23-2025/26,b,244,-0.009960561976543124
FINAL 2022/23-2025/26,b,245,-0.0290362979532092
FINAL 2022/23-2025/26,b,246,-0.02488651549159025
FINAL 2022/23-2025/26,b,247,-0.0317186914016898
FINAL 2022/23-2025/26,b,248,-0.010539873229876519
FINAL 2022/23-2025/26,b,249,-0.037706434189193914
FINAL 2022/23-2025/26,b,250,-0.0019464246007225789
FINAL 2022/23-2025/26,b,251,-0.0345905739823702
FINAL 2022/23-2025/26,b,252,-0.010140883158998002
FINAL 2022/23-2025/26,b,253,-0.017047376247691173
FINAL 2022/23-2025/26,b,254,-0.03498039521005583
FINAL 2022/23-2025/26,b,255,0.0006790413417074523
FINAL 2022/23-2025/26,b,256,-0.05864040882247605
FINAL 2022/23-2025/26,b,257,-0.03206113115105387
FINAL 2022/23-2025/26,b,258,-0.03842204445378001
FINAL 2022/23-2025/26,b,259,-0.0406277335756831
FINAL 2022/23-2025/26,b,260,-0.021863797919417678
FINAL 2022/23-2025/26,b,261,-0.0023590652624408273
FINAL 2022/23-2025/26,b,262,-0.014022340689768313
FINAL 2022/23-2025/26,b,263,-0.008890380856395642
FINAL 2022/23-2025/26,b,264,-0.02329502905545784
FINAL 2022/23-2025/26,b,265,-0.014999923105327693
FINAL 2022/23-2025/26,b,266,-0.015182479732051245
FINAL 2022/23-2025/26,b,267,-0.029298431998983285
FINAL 2022/23-2025/26,b,268,-0.02853471696054492
FINAL 2022/23-2025/26,b,269,-0.026715919226312397
FINAL 2022/23-2025/26,b,270,-0.029180230318636646
FINAL 2022/23-2025/26,b,271,-0.02077184705962953
FINAL 2022/23-2025/26,b,272,-0.012754275962249526
FINAL 2022/23-2025/26,b,273,-0.038029285725513416
FINAL 2022/23-2025/26,b,274,-0.028304622591590407
FINAL 2022/23-2025/26,b,275,-0.0036411213553846043
FINAL 2022/23-2025/26,b,276,-0.019145173473876335
FINAL 2022/23-2025/26,b,277,-0.024874714226507527
FINAL 2022/23-2025/26,b,278,-0.010297265506744896
FINAL 2022/23-2025/26,b,279,-0.015262883820507913
FINAL 2022/23-2025/26,b,280,-0.027239609307694063
FINAL 2022/23-2025/26,b,281,-0.032330591371562724
FINAL 2022/23-2025/26,b,282,-0.011281880034579321
FINAL 2022/23-2025/26,b,283,-0.0316883142547279
FINAL 2022/23-2025/26,b,284,-0.041579750812655095
FINAL 2022/23-2025/26,b,285,-0.03228176788560755
FINAL 2022/23-2025/26,b,286,-0.037123424305857494
FINAL 2022/23-2025/26,b,287,-0.04429220009273129
FINAL 2022/23-2025/26,b,288,-0.052852249553256764
FINAL 2022/23-2025/26,b,289,-0.01449142707759479
FINAL 2022/23-2025/26,b,290,-0.024496441860089882
FINAL 2022/23-2025/26,b,291,-0.006014354236672202
FINAL 2022/23-2025/26,b,292,-0.04070202829451483
FINAL 2022/23-2025/26,b,293,-0.013723338798252693
FINAL 2022/23-2025/26,b,294,-0.03620959630352176
FINAL 2022/23-2025/26,b,295,-0.011288463282765539
FINAL 2022/23-2025/26,b,296,-0.03626741855453487
FINAL 2022/23-2025/26,b,297,-0.015109279008952141
FINAL 2022/23-2025/26,b,298,-0.042627640572447625
FINAL 2022/23-2025/26,b,299,-0.019811063681443735
FINAL 2022/23-2025/26,b,300,-0.02156462055139663
FINAL 2022/23-2025/26,b,301,0.0010596321621106491
FINAL 2022/23-2025/26,b,302,-0.027826030844524098
FINAL 2022/23-2025/26,b,303,-0.03727825590144519
FINAL 2022/23-2025/26,b,304,-0.023097660034137827
FINAL 2022/23-2025/26,b,305,-0.020607012340939854
FINAL 2022/23-2025/26,b,306,-0.016802212611713278
FINAL 2022/23-2025/26,b,307,-0.025993710850517614
FINAL 2022/23-2025/26,b,308,-0.03803615234177006
FINAL 2022/23-2025/26,b,309,-0.03397552991510153
FINAL 2022/23-2025/26,b,310,-0.024772614403829635
FINAL 2022/23-2025/26,b,311,-0.004368580689733805
FINAL 2022/23-2025/26,b,312,-0.031055439065736528
FINAL 2022/23-2025/26,b,313,-0.027174929687271036
FINAL 2022/23-2025/26,b,314,-0.029201402077207932
FINAL 2022/23-2025/26,b,315,-0.010106100269027661
FINAL 2022/23-2025/26,b,316,-0.024426151834012633
FINAL 2022/23-2025/26,b,317,-0.03829802886861277
FINAL 2022/23-2025/26,b,318,-0.03303280167118056
FINAL 2022/23-2025/26,b,319,-0.016106570618906288
FINAL 2022/23-2025/26,b,320,-0.013452743476230461
FINAL 2022/23-2025/26,b,321,-0.015184948375968708
FINAL 2022/23-2025/26,b,322,-0.02752777402667665
FINAL 2022/23-2025/26,b,323,-0.007312394394493011
FINAL 2022/23-2025/26,b,324,-0.03720468495722051
FINAL 2022/23-2025/26,b,325,-0.03785800218825326
FINAL 2022/23-2025/26,b,326,-0.029164066122220236
FINAL 2022/23-2025/26,b,327,-0.017928462623057626
FINAL 2022/23-2025/26,b,328,-0.04283836346519011
FINAL 2022/23-2025/26,b,329,-0.024056279181071064
FINAL 2022/23-2025/26,b,330,-0.022934976169736568
FINAL 2022/23-2025/26,b,331,-0.019359980629928907
FINAL 2022/23-2025/26,b,332,-0.029270421211172095
FINAL 2022/23-2025/26,b,333,-0.027310815680938245
FINAL 2022/23-2025/26,b,334,-0.013482722939624117
FINAL 2022/23-2025/26,b,335,-0.035446569466372896
FINAL 2022/23-2025/26,b,336,-0.024802950615660055
FINAL 2022/23-2025/26,b,337,-0.01033854797790535
FINAL 2022/23-2025/26,b,338,-0.023035135869424735
FINAL 2022/23-2025/26,b,339,-0.04057474844607274
FINAL 2022/23-2025/26,b,340,-0.014387653444928667
FINAL 2022/23-2025/26,b,341,-0.011056330454876476
FINAL 2022/23-2025/26,b,342,-0.024279588087352703
FINAL 2022/23-2025/26,b,343,-0.011409788800287389
FINAL 2022/23-2025/26,b,344,-0.015878292586172613
FINAL 2022/23-2025/26,b,345,-0.025910042360941354
FINAL 2022/23-2025/26,b,346,-0.029740299642349463
FINAL 2022/23-2025/26,b,347,-0.016183654943858955
FINAL 2022/23-2025/26,b,348,-0.005227397673823189
FINAL 2022/23-2025/26,b,349,-0.007981540777115806
FINAL 2022/23-2025/26,b,350,-0.021623317785408797
FINAL 2022/23-2025/26,b,351,-0.029310904234280857
FINAL 2022/23-2025/26,b,352,-0.035596739834288516
FINAL 2022/23-2025/26,b,353,-0.009466881697566418
FINAL 2022/23-2025/26,b,354,-0.032366934158779656
FINAL 2022/23-2025/26,b,355,-0.018252018645248475
FINAL 2022/23-2025/26,b,356,-0.034945052564017615
FINAL 2022/23-2025/26,b,357,-0.011696230795039458
FINAL 2022/23-2025/26,b,358,-0.03351807086121074
FINAL 2022/23-2025/26,b,359,-0.016011146359837497
FINAL 2022/23-2025/26,b,360,-0.01946704705722701
FINAL 2022/23-2025/26,b,361,-0.0168066303137009
FINAL 2022/23-2025/26,b,362,-0.021733201626665512
FINAL 2022/23-2025/26,b,363,-0.015983101943777715
FINAL 2022/23-2025/26,b,364,0.00452693685538335
FINAL 2022/23-2025/26,b,365,-0.035451486548508784
FINAL 2022/23-2025/26,b,366,-0.03206730017809967
FINAL 2022/23-2025/26,b,367,-0.004729874876465853
FINAL 2022/23-2025/26,b,368,-0.017002893976610776
FINAL 2022/23-2025/26,b,369,-0.029100398971140223
FINAL 2022/23-2025/26,b,370,-0.026987898134022633
FINAL 2022/23-2025/26,b,371,-0.03263738041930178
FINAL 2022/23-2025/26,b,372,0.0076296870271927615
FINAL 2022/23-2025/26,b,373,-0.03305789730585586
FINAL 2022/23-2025/26,b,374,-0.011831684118063106
FINAL 2022/23-2025/26,b,375,-0.016732492504380525
FINAL 2022/23-2025/26,b,376,-0.03208608721410075
FINAL 2022/23-2025/26,b,377,-0.01832178631585364
FINAL 2022/23-2025/26,b,378,-0.031206120596659816
FINAL 2022/23-2025/26,b,379,-0.010940051226019336
FINAL 2022/23-2025/26,b,380,-0.02253934594084856
FINAL 2022/23-2025/26,b,381,-0.005583422665521871
FINAL 2022/23-2025/26,b,382,-0.015416962787980507
FINAL 2022/23-2025/26,b,383,-0.03536108135016114
FINAL 2022/23-2025/26,b,384,-0.013191486507591521
FINAL 2022/23-2025/26,b,385,-0.022028170421848525
FINAL 2022/23-2025/26,b,386,-0.01730557254296907
FINAL 2022/23-2025/26,b,387,-0.03099473654122222
FINAL 2022/23-2025/26,b,388,-0.02289808434481508
FINAL 2022/23-2025/26,b,389,-0.025953347894102318
FINAL 2022/23-2025/26,b,390,-0.016990860254867617
FINAL 2022/23-2025/26,b,391,-0.0240605220534501
FINAL 2022/23-2025/26,b,392,-0.023788345264201382
FINAL 2022/23-2025/26,b,393,-0.04357631189600927
FINAL 2022/23-2025/26,b,394,-0.011585125586246758
FINAL 2022/23-2025/26,b,395,-0.021909826444239278
FINAL 2022/23-2025/26,b,396,-0.007648008236528524
FINAL 2022/23-2025/26,b,397,-0.0354436663081783
FINAL 2022/23-2025/26,b,398,-0.020881806358657252
FINAL 2022/23-2025/26,b,399,-0.012954258483025251
FINAL 2022/23-2025/26,b,400,-0.012749743776081846
FINAL 2022/23-2025/26,b,401,-0.004682334855741349
FINAL 2022/23-2025/26,b,402,-0.025240155701914617
FINAL 2022/23-2025/26,b,403,-0.027569269461281333
FINAL 2022/23-2025/26,b,404,-0.02144425393079458
FINAL 2022/23-2025/26,b,405,-0.026860734174848327
FINAL 2022/23-2025/26,b,406,-0.022631410478321064
FINAL 2022/23-2025/26,b,407,-0.020457874008674118
FINAL 2022/23-2025/26,b,408,-0.02361045466153469
FINAL 2022/23-2025/26,b,409,-0.020743764121290312
FINAL 2022/23-2025/26,b,410,-0.03722761001208267
FINAL 2022/23-2025/26,b,411,-0.01783804646522796
FINAL 2022/23-2025/26,b,412,-0.023914370969137313
FINAL 2022/23-2025/26,b,413,-0.022346957861989192
FINAL 2022/23-2025/26,b,414,-0.032397857671944794
FINAL 2022/23-2025/26,b,415,-0.01689511903751909
FINAL 2022/23-2025/26,b,416,-0.008406661133458497
FINAL 2022/23-2025/26,b,417,-0.026273780197364954
FINAL 2022/23-2025/26,b,418,-0.018797883907277855
FINAL 2022/23-2025/26,b,419,-0.02697295316121018
FINAL 2022/23-2025/26,b,420,-0.020510389952976684
FINAL 2022/23-2025/26,b,421,-0.031533257503203876
FINAL 2022/23-2025/26,b,422,-0.02973924583610428
FINAL 2022/23-2025/26,b,423,0.00308271891155917
FINAL 2022/23-2025/26,b,424,-0.010513464282315468
FINAL 2022/23-2025/26,b,425,-0.030037345123006876
FINAL 2022/23-2025/26,b,426,-0.005267480647527533
FINAL 2022/23-2025/26,b,427,-0.03324677708477602
FINAL 2022/23-2025/26,b,428,-0.02079688961122546
FINAL 2022/23-2025/26,b,429,-0.02131954851171812
FINAL 2022/23-2025/26,b,430,-0.02468559562357765
FINAL 2022/23-2025/26,b,431,-0.018836156751233804
FINAL 2022/23-2025/26,b,432,-0.03666649688151637
FINAL 2022/23-2025/26,b,433,-0.006271703748219438
FINAL 2022/23-2025/26,b,434,-0.010944269224613709
FINAL 2022/23-2025/26,b,435,-0.006199844083033347
FINAL 2022/23-2025/26,b,436,-0.04452012243880071
FINAL 2022/23-2025/26,b,437,-0.03407475263230307
FINAL 2022/23-2025/26,b,438,-0.030369104354919102
FINAL 2022/23-2025/26,b,439,-0.015679216721082797
FINAL 2022/23-2025/26,b,440,-0.0215760639544006
FINAL 2022/23-2025/26,b,441,-0.016025933490947074
FINAL 2022/23-2025/26,b,442,-0.03599737789113009
FINAL 2022/23-2025/26,b,443,-0.012283631732247013
FINAL 2022/23-2025/26,b,444,-0.01224377813338378
FINAL 2022/23-2025/26,b,445,-0.03289372659507025
FINAL 2022/23-2025/26,b,446,-0.029401039849518276
FINAL 2022/23-2025/26,b,447,-0.04848006788189718
FINAL 2022/23-2025/26,b,448,-0.029265776918991442
FINAL 2022/23-2025/26,b,449,-0.035894673574622095
FINAL 2022/23-2025/26,b,450,-0.0508966759057459
FINAL 2022/23-2025/26,b,451,4.3044491570224525e-05
FINAL 2022/23-2025/26,b,452,-0.02957526816719743
FINAL 2022/23-2025/26,b,453,-0.027592531815203044
FINAL 2022/23-2025/26,b,454,-0.019529910142404457
FINAL 2022/23-2025/26,b,455,-0.01717816930759017
FINAL 2022/23-2025/26,b,456,-0.012082334222373745
FINAL 2022/23-2025/26,b,457,-0.02595660709401984
FINAL 2022/23-2025/26,b,458,0.007363989228050342
FINAL 2022/23-2025/26,b,459,-0.013134928672342018
FINAL 2022/23-2025/26,b,460,-0.030933446105517317
FINAL 2022/23-2025/26,b,461,-0.034831095866609485
FINAL 2022/23-2025/26,b,462,-0.011780746668250078
FINAL 2022/23-2025/26,b,463,-0.03926875648932705
FINAL 2022/23-2025/26,b,464,-0.01976035010938446
FINAL 2022/23-2025/26,b,465,-0.03251457651038969
FINAL 2022/23-2025/26,b,466,-0.015117738807803299
FINAL 2022/23-2025/26,b,467,-0.02914075855857937
FINAL 2022/23-2025/26,b,468,-0.03847130883702373
FINAL 2022/23-2025/26,b,469,-0.010539335636002442
FINAL 2022/23-2025/26,b,470,-0.004819855641916025
FINAL 2022/23-2025/26,b,471,-0.008865328883590453
FINAL 2022/23-2025/26,b,472,-0.0073489046727844495
FINAL 2022/23-2025/26,b,473,-0.018346745550075514
FINAL 2022/23-2025/26,b,474,-0.035996593738044314
FINAL 2022/23-2025/26,b,475,-0.035519459035973686
FINAL 2022/23-2025/26,b,476,-0.026939255077454826
FINAL 2022/23-2025/26,b,477,-0.01623132224037155
FINAL 2022/23-2025/26,b,478,-0.01502039245933496
FINAL 2022/23-2025/26,b,479,-0.0049020472781018554
FINAL 2022/23-2025/26,b,480,-0.009746288102384752
FINAL 2022/23-2025/26,b,481,-0.020399307453728362
FINAL 2022/23-2025/26,b,482,-0.03756129727692535
FINAL 2022/23-2025/26,b,483,-0.023062918793155432
FINAL 2022/23-2025/26,b,484,-0.013583445851398677
FINAL 2022/23-2025/26,b,485,-0.008153498287671276
FINAL 2022/23-2025/26,b,486,-0.010841371214148732
FINAL 2022/23-2025/26,b,487,-0.03099807831923844
FINAL 2022/23-2025/26,b,488,-0.01252333389426666
FINAL 2022/23-2025/26,b,489,-0.0351648165100602
FINAL 2022/23-2025/26,b,490,-0.004104034442275702
FINAL 2022/23-2025/26,b,491,0.0022189468027639415
FINAL 2022/23-2025/26,b,492,-0.009915852349906041
FINAL 2022/23-2025/26,b,493,-0.017433368003469518
FINAL 2022/23-2025/26,b,494,-0.0015327162443104728
FINAL 2022/23-2025/26,b,495,-0.008020813367135886
FINAL 2022/23-2025/26,b,496,-0.016810507452729842
FINAL 2022/23-2025/26,b,497,-0.018260936101341475
FINAL 2022/23-2025/26,b,498,-0.02949961641162717
FINAL 2022/23-2025/26,b,499,-0.017109311728080695
FINAL 2022/23-2025/26,b,500,-0.038322625781372174
FINAL 2022/23-2025/26,b,501,-0.00048097929295850324
FINAL 2022/23-2025/26,b,502,-0.035194537958890076
FINAL 2022/23-2025/26,b,503,-0.03579611039359147
FINAL 2022/23-2025/26,b,504,-0.021694417754056623
FINAL 2022/23-2025/26,b,505,-0.013475794694820457
FINAL 2022/23-2025/26,b,506,-0.02746056658739597
FINAL 2022/23-2025/26,b,507,-0.004816493902387996
FINAL 2022/23-2025/26,b,508,-0.030377202647882972
FINAL 2022/23-2025/26,b,509,-0.007104464844941781
FINAL 2022/23-2025/26,b,510,-0.00933063750500504
FINAL 2022/23-2025/26,b,511,-0.012054192596124235
FINAL 2022/23-2025/26,b,512,-0.042252932597637106
FINAL 2022/23-2025/26,b,513,-0.04457271893530004
FINAL 2022/23-2025/26,b,514,-0.033278910746376594
FINAL 2022/23-2025/26,b,515,-0.026053483030826545
FINAL 2022/23-2025/26,b,516,-0.015192082893036299
FINAL 2022/23-2025/26,b,517,-0.006645626014268179
FINAL 2022/23-2025/26,b,518,-0.02901969850456253
FINAL 2022/23-2025/26,b,519,-0.043487904393212165
FINAL 2022/23-2025/26,b,520,-0.032193516175303
FINAL 2022/23-2025/26,b,521,-0.014741575227909668
FINAL 2022/23-2025/26,b,522,-0.023366411322116407
FINAL 2022/23-2025/26,b,523,-0.003918893742144238
FINAL 2022/23-2025/26,b,524,-0.014498326985485394
FINAL 2022/23-2025/26,b,525,-0.015188771950470942
FINAL 2022/23-2025/26,b,526,-0.013810324061462596
FINAL 2022/23-2025/26,b,527,-0.036248466197388904
FINAL 2022/23-2025/26,b,528,-0.013848200008475468
FINAL 2022/23-2025/26,b,529,-0.02824000056597939
FINAL 2022/23-2025/26,b,530,-0.012775476476290506
FINAL 2022/23-2025/26,b,531,-0.015465659511513075
FINAL 2022/23-2025/26,b,532,-0.03778467295464105
FINAL 2022/23-2025/26,b,533,-0.014418095900776515
FINAL 2022/23-2025/26,b,534,-0.0030012082147605652
FINAL 2022/23-2025/26,b,535,-0.035286433792694694
FINAL 2022/23-2025/26,b,536,-0.018472631956324422
FINAL 2022/23-2025/26,b,537,-0.018558374878545197
FINAL 2022/23-2025/26,b,538,-0.009984906525978514
FINAL 2022/23-2025/26,b,539,-0.00815780373189452
FINAL 2022/23-2025/26,b,540,-0.03695001294087951
FINAL 2022/23-2025/26,b,541,-0.020215696405795458
FINAL 2022/23-2025/26,b,542,-0.029821148102024325
FINAL 2022/23-2025/26,b,543,-0.011097217744717433
FINAL 2022/23-2025/26,b,544,-0.029076422154858013
FINAL 2022/23-2025/26,b,545,-0.017798110793394675
FINAL 2022/23-2025/26,b,546,-0.04221065426565432
FINAL 2022/23-2025/26,b,547,-0.015684647223218454
FINAL 2022/23-2025/26,b,548,-0.02350772088701434
FINAL 2022/23-2025/26,b,549,-0.01470514794059222
FINAL 2022/23-2025/26,b,550,-0.03099438633961591
FINAL 2022/23-2025/26,b,551,-0.03963112387102567
FINAL 2022/23-2025/26,b,552,-0.03195370346728971
FINAL 2022/23-2025/26,b,553,-0.02522724929795918
FINAL 2022/23-2025/26,b,554,-0.015831789665511638
FINAL 2022/23-2025/26,b,555,-0.023945791360449074
FINAL 2022/23-2025/26,b,556,-0.019551548524639
FINAL 2022/23-2025/26,b,557,-0.03022303415627612
FINAL 2022/23-2025/26,b,558,-0.019928135885816694
FINAL 2022/23-2025/26,b,559,-0.0027214646041845876
FINAL 2022/23-2025/26,b,560,-0.028108456910302886
FINAL 2022/23-2025/26,b,561,-0.024578512071367985
FINAL 2022/23-2025/26,b,562,-0.02676300427170495
FINAL 2022/23-2025/26,b,563,-0.01705572647561561
FINAL 2022/23-2025/26,b,564,-0.009025339678822547
FINAL 2022/23-2025/26,b,565,-0.014803083270305186
FINAL 2022/23-2025/26,b,566,-0.02266163216935595
FINAL 2022/23-2025/26,b,567,-0.010723130733085078
FINAL 2022/23-2025/26,b,568,-0.03558842937621963
FINAL 2022/23-2025/26,b,569,-0.014357654287035542
FINAL 2022/23-2025/26,b,570,-0.0318579139307109
FINAL 2022/23-2025/26,b,571,-0.03678664039595324
FINAL 2022/23-2025/26,b,572,-0.019521782681154173
FINAL 2022/23-2025/26,b,573,-0.010146526498922576
FINAL 2022/23-2025/26,b,574,-0.021491089695826682
FINAL 2022/23-2025/26,b,575,-0.02472666804810979
FINAL 2022/23-2025/26,b,576,-0.017880842140294735
FINAL 2022/23-2025/26,b,577,-0.014095822047773387
FINAL 2022/23-2025/26,b,578,-0.021945782396537952
FINAL 2022/23-2025/26,b,579,-0.035614099434475716
FINAL 2022/23-2025/26,b,580,-0.011722389137555272
FINAL 2022/23-2025/26,b,581,-0.02276208741706589
FINAL 2022/23-2025/26,b,582,-0.03939216096129079
FINAL 2022/23-2025/26,b,583,-0.031006412746569078
FINAL 2022/23-2025/26,b,584,-0.013853457546514913
FINAL 2022/23-2025/26,b,585,-0.022003270668187705
FINAL 2022/23-2025/26,b,586,-0.033582490128944056
FINAL 2022/23-2025/26,b,587,-0.010182091798499207
FINAL 2022/23-2025/26,b,588,-0.024919123004520878
FINAL 2022/23-2025/26,b,589,-0.009820083426688577
FINAL 2022/23-2025/26,b,590,-0.030439235160504872
FINAL 2022/23-2025/26,b,591,-0.017392481660958612
FINAL 2022/23-2025/26,b,592,-0.017253931641333146
FINAL 2022/23-2025/26,b,593,-0.01770609265076737
FINAL 2022/23-2025/26,b,594,-0.010673740767012017
FINAL 2022/23-2025/26,b,595,-0.022029343075203916
FINAL 2022/23-2025/26,b,596,-0.029433089153148295
FINAL 2022/23-2025/26,b,597,-0.02075354114912287
FINAL 2022/23-2025/26,b,598,-0.027438445172056895
FINAL 2022/23-2025/26,b,599,-0.02366711657724823
FINAL 2022/23-2025/26,b,600,-0.04158866846082829
FINAL 2022/23-2025/26,b,601,-0.03583326480584659
FINAL 2022/23-2025/26,b,602,-0.011273816873825917
FINAL 2022/23-2025/26,b,603,-0.01181410497582368
FINAL 2022/23-2025/26,b,604,-0.02857415844304398
FINAL 2022/23-2025/26,b,605,-0.01444538966714697
FINAL 2022/23-2025/26,b,606,-0.016394255256918764
FINAL 2022/23-2025/26,b,607,-0.02788521268023767
FINAL 2022/23-2025/26,b,608,-0.03251387525530849
FINAL 2022/23-2025/26,b,609,-0.028342567601110084
FINAL 2022/23-2025/26,b,610,-0.02846739038758262
FINAL 2022/23-2025/26,b,611,-0.025615185268714345
FINAL 2022/23-2025/26,b,612,-0.013195696647421692
FINAL 2022/23-2025/26,b,613,-0.03153858746611363
FINAL 2022/23-2025/26,b,614,-0.013777426807274954
FINAL 2022/23-2025/26,b,615,-0.004813802680582128
FINAL 2022/23-2025/26,b,616,-0.04480883900698816
FINAL 2022/23-2025/26,b,617,-0.033889567753464446
FINAL 2022/23-2025/26,b,618,-0.007222435766974104
FINAL 2022/23-2025/26,b,619,-0.018121760831834588
FINAL 2022/23-2025/26,b,620,-0.022326438602977353
FINAL 2022/23-2025/26,b,621,-0.032885988500445815
FINAL 2022/23-2025/26,b,622,-0.04200087345953873
FINAL 2022/23-2025/26,b,623,-0.02902601479107112
FINAL 2022/23-2025/26,b,624,-0.011682781834586594
FINAL 2022/23-2025/26,b,625,-0.04282349072867546
FINAL 2022/23-2025/26,b,626,-0.037934823979331275
FINAL 2022/23-2025/26,b,627,-0.011766852437808461
FINAL 2022/23-2025/26,b,628,-0.024991268075244433
FINAL 2022/23-2025/26,b,629,-0.020548224645043592
FINAL 2022/23-2025/26,b,630,-0.01750484802027431
FINAL 2022/23-2025/26,b,631,-0.012347977377451814
FINAL 2022/23-2025/26,b,632,-0.026922253975348857
FINAL 2022/23-2025/26,b,633,-0.02314730334612458
FINAL 2022/23-2025/26,b,634,-0.03267175802313235
FINAL 2022/23-2025/26,b,635,-0.030099101918095613
FINAL 2022/23-2025/26,b,636,-0.011474035094934436
FINAL 2022/23-2025/26,b,637,-0.02360645251193803
FINAL 2022/23-2025/26,b,638,-0.030361600700732006
FINAL 2022/23-2025/26,b,639,-0.04010054091700902
FINAL 2022/23-2025/26,b,640,-0.029334113545770125
FINAL 2022/23-2025/26,b,641,-0.0008187097756513322
FINAL 2022/23-2025/26,b,642,-0.029042880913173072
FINAL 2022/23-2025/26,b,643,-0.036462366556340324
FINAL 2022/23-2025/26,b,644,-0.02102074276306008
FINAL 2022/23-2025/26,b,645,-0.040676266515523515
FINAL 2022/23-2025/26,b,646,-0.01606744588428636
FINAL 2022/23-2025/26,b,647,-0.018835506862555567
FINAL 2022/23-2025/26,b,648,-0.03126623261871277
FINAL 2022/23-2025/26,b,649,-0.03176322148965565
FINAL 2022/23-2025/26,b,650,-0.0027316435328142985
FINAL 2022/23-2025/26,b,651,-0.02740304876081179
FINAL 2022/23-2025/26,b,652,-0.013994013584427773
FINAL 2022/23-2025/26,b,653,-0.033382123545475324
FINAL 2022/23-2025/26,b,654,-0.011651226805226036
FINAL 2022/23-2025/26,b,655,-0.023926212302222586
FINAL 2022/23-2025/26,b,656,-0.011235844217212892
FINAL 2022/23-2025/26,b,657,0.0014445804574428726
FINAL 2022/23-2025/26,b,658,-0.03071579264782378
FINAL 2022/23-2025/26,b,659,-0.03275374960458595
FINAL 2022/23-2025/26,b,660,-0.01624656831911245
FINAL 2022/23-2025/26,b,661,-0.029788366370753865
FINAL 2022/23-2025/26,b,662,-0.025539838150157736
FINAL 2022/23-2025/26,b,663,-0.024603363299757732
FINAL 2022/23-2025/26,b,664,-0.014299081809946608
FINAL 2022/23-2025/26,b,665,-0.029092098618236164
FINAL 2022/23-2025/26,b,666,-0.015212323290118906
FINAL 2022/23-2025/26,b,667,-0.007217688974602947
FINAL 2022/23-2025/26,b,668,-0.016639642383536102
FINAL 2022/23-2025/26,b,669,-0.007472385325633688
FINAL 2022/23-2025/26,b,670,-0.04569990909564657
FINAL 2022/23-2025/26,b,671,-0.0471137898065688
FINAL 2022/23-2025/26,b,672,-0.0334319366543077
FINAL 2022/23-2025/26,b,673,-0.023407166651615692
FINAL 2022/23-2025/26,b,674,-0.01797822409524557
FINAL 2022/23-2025/26,b,675,-0.015148146840994307
FINAL 2022/23-2025/26,b,676,-0.02103192287119491
FINAL 2022/23-2025/26,b,677,-0.004830921199276051
FINAL 2022/23-2025/26,b,678,-0.02625806554018693
FINAL 2022/23-2025/26,b,679,-0.04046691701933151
FINAL 2022/23-2025/26,b,680,-0.011173315726607354
FINAL 2022/23-2025/26,b,681,-0.021487344527903414
FINAL 2022/23-2025/26,b,682,-0.03308478682815763
FINAL 2022/23-2025/26,b,683,-0.027995222591648224
FINAL 2022/23-2025/26,b,684,-0.031070541309991394
FINAL 2022/23-2025/26,b,685,-0.004930478049676312
FINAL 2022/23-2025/26,b,686,-0.01679672588452818
FINAL 2022/23-2025/26,b,687,-0.022597463178278418
FINAL 2022/23-2025/26,b,688,-0.02476264678003621
FINAL 2022/23-2025/26,b,689,-0.02327805486876393
FINAL 2022/23-2025/26,b,690,-0.03293134501637509
FINAL 2022/23-2025/26,b,691,-0.0182367747325419
FINAL 2022/23-2025/26,b,692,-0.023532392669317587
FINAL 2022/23-2025/26,b,693,-0.01685441307686335
FINAL 2022/23-2025/26,b,694,-0.0236968180056249
FINAL 2022/23-2025/26,b,695,-0.02704923130576417
FINAL 2022/23-2025/26,b,696,-0.030673775622200167
FINAL 2022/23-2025/26,b,697,-0.008384828471079143
FINAL 2022/23-2025/26,b,698,-0.03627729075258188
FINAL 2022/23-2025/26,b,699,-0.02103885217997006
FINAL 2022/23-2025/26,b,700,-0.027200991168473604
FINAL 2022/23-2025/26,b,701,-0.01756489531639735
FINAL 2022/23-2025/26,b,702,-0.012875805526957966
FINAL 2022/23-2025/26,b,703,-0.013352542081306974
FINAL 2022/23-2025/26,b,704,-0.02767307113240742
FINAL 2022/23-2025/26,b,705,-0.029886931879273472
FINAL 2022/23-2025/26,b,706,-0.01230117754786467
FINAL 2022/23-2025/26,b,707,-0.015012191022667895
FINAL 2022/23-2025/26,b,708,-0.027923739329385563
FINAL 2022/23-2025/26,b,709,0.0020928703470711784
FINAL 2022/23-2025/26,b,710,-0.005497383140481392
FINAL 2022/23-2025/26,b,711,-0.01226580831878639
FINAL 2022/23-2025/26,b,712,-0.03123994448881626
FINAL 2022/23-2025/26,b,713,-0.03162060539750694
FINAL 2022/23-2025/26,b,714,-0.01889893374714403
FINAL 2022/23-2025/26,b,715,-0.02748957599642224
FINAL 2022/23-2025/26,b,716,-0.03701422220367498
FINAL 2022/23-2025/26,b,717,-0.018681196674399405
FINAL 2022/23-2025/26,b,718,-0.009790008139372745
FINAL 2022/23-2025/26,b,719,-0.017248679836808792
FINAL 2022/23-2025/26,b,720,-0.036934908499582184
FINAL 2022/23-2025/26,b,721,-0.025696864265787087
FINAL 2022/23-2025/26,b,722,-0.005381697313617173
FINAL 2022/23-2025/26,b,723,-0.014954186499071981
FINAL 2022/23-2025/26,b,724,-0.0013053140748059454
FINAL 2022/23-2025/26,b,725,-0.031009566266598402
FINAL 2022/23-2025/26,b,726,-0.010215085511236987
FINAL 2022/23-2025/26,b,727,-0.010744648033517289
FINAL 2022/23-2025/26,b,728,-0.02633458647039173
FINAL 2022/23-2025/26,b,729,-0.01698119914548721
FINAL 2022/23-2025/26,b,730,-0.010144306654530177
FINAL 2022/23-2025/26,b,731,-0.007373849768177888
FINAL 2022/23-2025/26,b,732,-0.026550142577579205
FINAL 2022/23-2025/26,b,733,-0.017603148948663456
FINAL 2022/23-2025/26,b,734,-0.014522198118027126
FINAL 2022/23-2025/26,b,735,-0.02484858374138451
FINAL 2022/23-2025/26,b,736,-0.03432766461241641
FINAL 2022/23-2025/26,b,737,-0.02779447335176938
FINAL 2022/23-2025/26,b,738,-0.018210414550152987
FINAL 2022/23-2025/26,b,739,-0.018380267380238006
FINAL 2022/23-2025/26,b,740,-0.036259276609714904
FINAL 2022/23-2025/26,b,741,-0.03219992734172913
FINAL 2022/23-2025/26,b,742,-0.029639463080128912
FINAL 2022/23-2025/26,b,743,-0.01827917131421944
FINAL 2022/23-2025/26,b,744,-0.011900435772928715
FINAL 2022/23-2025/26,b,745,-0.018838650234054212
FINAL 2022/23-2025/26,b,746,-0.03024627915559401
FINAL 2022/23-2025/26,b,747,-0.03266563283615993
FINAL 2022/23-2025/26,b,748,-0.024725065521625886
FINAL 2022/23-2025/26,b,749,-0.02060647775403599
FINAL 2022/23-2025/26,b,750,-0.01648645510722044
FINAL 2022/23-2025/26,b,751,-0.018840145853142573
FINAL 2022/23-2025/26,b,752,-0.016645498325232752
FINAL 2022/23-2025/26,b,753,-0.007318081270987424
FINAL 2022/23-2025/26,b,754,-0.016188876859944537
FINAL 2022/23-2025/26,b,755,-0.024948618663197884
FINAL 2022/23-2025/26,b,756,-0.006674677534745566
FINAL 2022/23-2025/26,b,757,-0.038157137730508286
FINAL 2022/23-2025/26,b,758,-0.032525167432629266
FINAL 2022/23-2025/26,b,759,-0.004633309102015886
FINAL 2022/23-2025/26,b,760,-0.03025573592539674
FINAL 2022/23-2025/26,b,761,-0.008801655697233353
FINAL 2022/23-2025/26,b,762,-0.00331565172920454
FINAL 2022/23-2025/26,b,763,-0.031198407545683968
FINAL 2022/23-2025/26,b,764,-0.008879005347663579
FINAL 2022/23-2025/26,b,765,-0.022239802804665962
FINAL 2022/23-2025/26,b,766,-0.02342009329611913
FINAL 2022/23-2025/26,b,767,-0.030183848228173632
FINAL 2022/23-2025/26,b,768,-0.029509212617507583
FINAL 2022/23-2025/26,b,769,-0.023600485620590923
FINAL 2022/23-2025/26,b,770,-0.03897905417937317
FINAL 2022/23-2025/26,b,771,-0.026098399087328698
FINAL 2022/23-2025/26,b,772,-0.02409963349010782
FINAL 2022/23-2025/26,b,773,-0.035488731953577594
FINAL 2022/23-2025/26,b,774,-0.04157115354413942
FINAL 2022/23-2025/26,b,775,-0.020350242951632715
FINAL 2022/23-2025/26,b,776,-0.02294084611023839
FINAL 2022/23-2025/26,b,777,-0.016897976532970514
FINAL 2022/23-2025/26,b,778,-0.0420618060690412
FINAL 2022/23-2025/26,b,779,-0.01334301844577656
FINAL 2022/23-2025/26,b,780,-0.028893090128587057
FINAL 2022/23-2025/26,b,781,-0.025885942176109566
FINAL 2022/23-2025/26,b,782,-0.021451254955381045
FINAL 2022/23-2025/26,b,783,-0.038556006636951926
FINAL 2022/23-2025/26,b,784,-0.018435856444910574
FINAL 2022/23-2025/26,b,785,-0.015663719886516225
FINAL 2022/23-2025/26,b,786,-0.02438287450307016
FINAL 2022/23-2025/26,b,787,-0.015777205447467385
FINAL 2022/23-2025/26,b,788,-0.025462603545155962
FINAL 2022/23-2025/26,b,789,-0.019276469686241166
FINAL 2022/23-2025/26,b,790,-0.03527888608302569
FINAL 2022/23-2025/26,b,791,-0.014162983008079102
FINAL 2022/23-2025/26,b,792,-0.0432977334358358
FINAL 2022/23-2025/26,b,793,-0.02861170522856811
FINAL 2022/23-2025/26,b,794,-0.012955147157008066
FINAL 2022/23-2025/26,b,795,-0.01904528366118461
FINAL 2022/23-2025/26,b,796,-0.010294962520954135
FINAL 2022/23-2025/26,b,797,-0.021972987615243432
FINAL 2022/23-2025/26,b,798,-0.021180012326849202
FINAL 2022/23-2025/26,b,799,-0.010984257681674143
FINAL 2022/23-2025/26,b,800,-0.029514053778940154
FINAL 2022/23-2025/26,b,801,-0.029797599483539893
FINAL 2022/23-2025/26,b,802,-0.008574293775511964
FINAL 2022/23-2025/26,b,803,-0.03242447517065135
FINAL 2022/23-2025/26,b,804,-0.0364304798867751
FINAL 2022/23-2025/26,b,805,-0.04023507132616627
FINAL 2022/23-2025/26,b,806,-0.02749047579382851
FINAL 2022/23-2025/26,b,807,-0.03913927335910361
FINAL 2022/23-2025/26,b,808,-0.025028653810190687
FINAL 2022/23-2025/26,b,809,-0.023225744546928436
FINAL 2022/23-2025/26,b,810,-0.029923562808870853
FINAL 2022/23-2025/26,b,811,-0.012015290800474204
FINAL 2022/23-2025/26,b,812,-0.016107705885960416
FINAL 2022/23-2025/26,b,813,-0.025215041336708585
FINAL 2022/23-2025/26,b,814,-0.011506898355257436
FINAL 2022/23-2025/26,b,815,-0.02623002912295231
FINAL 2022/23-2025/26,b,816,-0.004545490832714324
FINAL 2022/23-2025/26,b,817,-0.03534789140059982
FINAL 2022/23-2025/26,b,818,-0.006778489916493907
FINAL 2022/23-2025/26,b,819,-0.005510473208081507
FINAL 2022/23-2025/26,b,820,-0.017842864416632073
FINAL 2022/23-2025/26,b,821,-0.025777024434050874
FINAL 2022/23-2025/26,b,822,-0.019926322036861482
FINAL 2022/23-2025/26,b,823,-0.022116475655951574
FINAL 2022/23-2025/26,b,824,-0.030199386168445655
FINAL 2022/23-2025/26,b,825,-0.014992343287829935
FINAL 2022/23-2025/26,b,826,-0.007092777025909804
FINAL 2022/23-2025/26,b,827,-0.048035784263597545
FINAL 2022/23-2025/26,b,828,-0.024746791712932183
FINAL 2022/23-2025/26,b,829,-0.00598005095736831
FINAL 2022/23-2025/26,b,830,-0.0252143381982304
FINAL 2022/23-2025/26,b,831,-0.024851964926728694
FINAL 2022/23-2025/26,b,832,-0.0004519673392796072
FINAL 2022/23-2025/26,b,833,-0.011025026399887412
FINAL 2022/23-2025/26,b,834,-0.015338457889142964
FINAL 2022/23-2025/26,b,835,-0.013928382160592112
FINAL 2022/23-2025/26,b,836,-0.025243315678861247
FINAL 2022/23-2025/26,b,837,-0.013613198422189485
FINAL 2022/23-2025/26,b,838,-0.02041390835130405
FINAL 2022/23-2025/26,b,839,-0.035389291447624927
FINAL 2022/23-2025/26,b,840,-0.025994402893460222
FINAL 2022/23-2025/26,b,841,-0.010745368112872838
FINAL 2022/23-2025/26,b,842,-0.029859093792830374
FINAL 2022/23-2025/26,b,843,-0.004851768634381533
FINAL 2022/23-2025/26,b,844,-0.01949495743187583
FINAL 2022/23-2025/26,b,845,-0.03447511726206823
FINAL 2022/23-2025/26,b,846,-0.0073395414354767066
FINAL 2022/23-2025/26,b,847,-0.017493349440759247
FINAL 2022/23-2025/26,b,848,-0.01965271818246705
FINAL 2022/23-2025/26,b,849,-0.023902486879840465
FINAL 2022/23-2025/26,b,850,-0.037370656608115095
FINAL 2022/23-2025/26,b,851,-0.010276000981644235
FINAL 2022/23-2025/26,b,852,-0.003769330923144413
FINAL 2022/23-2025/26,b,853,-0.014146324796549481
FINAL 2022/23-2025/26,b,854,-0.013666157302864598
FINAL 2022/23-2025/26,b,855,-0.021088463286541494
FINAL 2022/23-2025/26,b,856,-0.02521944840651177
FINAL 2022/23-2025/26,b,857,-0.024482388321659866
FINAL 2022/23-2025/26,b,858,-0.028627949065423104
FINAL 2022/23-2025/26,b,859,-0.00862847748342976
FINAL 2022/23-2025/26,b,860,-0.03181324516687638
FINAL 2022/23-2025/26,b,861,-0.009141689650961514
FINAL 2022/23-2025/26,b,862,-0.02121115803173386
FINAL 2022/23-2025/26,b,863,-0.022929898405714987
FINAL 2022/23-2025/26,b,864,-0.015120778098619028
FINAL 2022/23-2025/26,b,865,-0.037472822616311914
FINAL 2022/23-2025/26,b,866,-0.022393784465326166
FINAL 2022/23-2025/26,b,867,-0.03700882968663767
FINAL 2022/23-2025/26,b,868,-0.014477539377931486
FINAL 2022/23-2025/26,b,869,-0.016255855265934954
FINAL 2022/23-2025/26,b,870,-0.019281943161871977
FINAL 2022/23-2025/26,b,871,-0.031059315100404015
FINAL 2022/23-2025/26,b,872,-0.010111739970682408
FINAL 2022/23-2025/26,b,873,-0.0311467885467371
FINAL 2022/23-2025/26,b,874,-0.03449064153108062
FINAL 2022/23-2025/26,b,875,-0.03855337165318397
FINAL 2022/23-2025/26,b,876,-0.017342155978767725
FINAL 2022/23-2025/26,b,877,-0.024368056590103267
FINAL 2022/23-2025/26,b,878,-0.011388868457121205
FINAL 2022/23-2025/26,b,879,-0.025908530079481424
FINAL 2022/23-2025/26,b,880,-0.01887643381695658
FINAL 2022/23-2025/26,b,881,-0.03260356805148103
FINAL 2022/23-2025/26,b,882,-0.011656030652728322
FINAL 2022/23-2025/26,b,883,-0.01748029515084397
FINAL 2022/23-2025/26,b,884,-0.0221965720010271
FINAL 2022/23-2025/26,b,885,-0.019232902520430376
FINAL 2022/23-2025/26,b,886,-0.025367608489887786
FINAL 2022/23-2025/26,b,887,-0.019769829481616666
FINAL 2022/23-2025/26,b,888,-0.0404599790721659
FINAL 2022/23-2025/26,b,889,-0.008116763205858201
FINAL 2022/23-2025/26,b,890,-0.013403385747819727
FINAL 2022/23-2025/26,b,891,-0.019939141372336204
FINAL 2022/23-2025/26,b,892,-0.032098677858924264
FINAL 2022/23-2025/26,b,893,-0.016309162539823445
FINAL 2022/23-2025/26,b,894,-0.01820491427633695
FINAL 2022/23-2025/26,b,895,-0.024836637662794057
FINAL 2022/23-2025/26,b,896,-0.02477985277790512
FINAL 2022/23-2025/26,b,897,-0.03197745551957596
FINAL 2022/23-2025/26,b,898,-0.0372883463108343
FINAL 2022/23-2025/26,b,899,-0.01336138324223898
FINAL 2022/23-2025/26,b,900,-0.01790267547018624
FINAL 2022/23-2025/26,b,901,-0.051567699318104704
FINAL 2022/23-2025/26,b,902,-0.012418238445397474
FINAL 2022/23-2025/26,b,903,-0.018407802568397625
FINAL 2022/23-2025/26,b,904,-0.007006054774648872
FINAL 2022/23-2025/26,b,905,-0.028281792474108128
FINAL 2022/23-2025/26,b,906,-0.020300478387101403
FINAL 2022/23-2025/26,b,907,-0.03466591002103463
FINAL 2022/23-2025/26,b,908,-0.02368575027368646
FINAL 2022/23-2025/26,b,909,-0.018439046728805576
FINAL 2022/23-2025/26,b,910,-0.03550910627856071
FINAL 2022/23-2025/26,b,911,-0.007335800396479108
FINAL 2022/23-2025/26,b,912,-0.026188074550451548
FINAL 2022/23-2025/26,b,913,-0.007543854440194047
FINAL 2022/23-2025/26,b,914,-0.017296031750070964
FINAL 2022/23-2025/26,b,915,-0.012323428365282614
FINAL 2022/23-2025/26,b,916,-0.00890352369216316
FINAL 2022/23-2025/26,b,917,-0.003741853905169075
FINAL 2022/23-2025/26,b,918,-0.04497433542117804
FINAL 2022/23-2025/26,b,919,-0.026627950927697756
FINAL 2022/23-2025/26,b,920,-0.03357704005539298
FINAL 2022/23-2025/26,b,921,0.0005982481716144449
FINAL 2022/23-2025/26,b,922,-0.018193771365275044
FINAL 2022/23-2025/26,b,923,-0.02009384420913977
FINAL 2022/23-2025/26,b,924,-0.0024687633141018475
FINAL 2022/23-2025/26,b,925,-0.002481290766201058
FINAL 2022/23-2025/26,b,926,-0.027474970489264637
FINAL 2022/23-2025/26,b,927,-0.029293527689988816
FINAL 2022/23-2025/26,b,928,-0.019125077348676103
FINAL 2022/23-2025/26,b,929,-0.014454086058622306
FINAL 2022/23-2025/26,b,930,-0.02408499240150551
FINAL 2022/23-2025/26,b,931,-0.025395909347883074
FINAL 2022/23-2025/26,b,932,-0.017348944859056057
FINAL 2022/23-2025/26,b,933,-0.022031869088650465
FINAL 2022/23-2025/26,b,934,-0.01870682397739487
FINAL 2022/23-2025/26,b,935,-0.00863961618287052
FINAL 2022/23-2025/26,b,936,-0.02054738672077221
FINAL 2022/23-2025/26,b,937,-0.026601683056140153
FINAL 2022/23-2025/26,b,938,-0.001209423331336005
FINAL 2022/23-2025/26,b,939,-0.03345065177785798
FINAL 2022/23-2025/26,b,940,-0.013933097796734798
FINAL 2022/23-2025/26,b,941,-0.024341767988334012
FINAL 2022/23-2025/26,b,942,-0.023197636533521367
FINAL 2022/23-2025/26,b,943,-0.012873006425133931
FINAL 2022/23-2025/26,b,944,-0.03856029414563103
FINAL 2022/23-2025/26,b,945,-0.02683489702404406
FINAL 2022/23-2025/26,b,946,-0.023338981417534627
FINAL 2022/23-2025/26,b,947,-0.03237377473053576
FINAL 2022/23-2025/26,b,948,-0.028008021445232883
FINAL 2022/23-2025/26,b,949,-0.026688525698364333
FINAL 2022/23-2025/26,b,950,-0.04039659206375887
FINAL 2022/23-2025/26,b,951,-0.05965827604781
FINAL 2022/23-2025/26,b,952,-0.008551527505325358
FINAL 2022/23-2025/26,b,953,-0.02513469631975566
FINAL 2022/23-2025/26,b,954,-0.022889470675524215
FINAL 2022/23-2025/26,b,955,-0.01931373475505581
FINAL 2022/23-2025/26,b,956,-0.02786483416241023
FINAL 2022/23-2025/26,b,957,-0.03329556961174337
FINAL 2022/23-2025/26,b,958,-0.012373876206415106
FINAL 2022/23-2025/26,b,959,-0.024662073599551658
FINAL 2022/23-2025/26,b,960,-0.0013191797444375049
FINAL 2022/23-2025/26,b,961,-0.032980556746144016
FINAL 2022/23-2025/26,b,962,-0.008048561317894436
FINAL 2022/23-2025/26,b,963,-0.013159407774224457
FINAL 2022/23-2025/26,b,964,-0.03172461116757713
FINAL 2022/23-2025/26,b,965,-0.004538943720894605
FINAL 2022/23-2025/26,b,966,-0.02756644280114922
FINAL 2022/23-2025/26,b,967,-0.022372462529328223
FINAL 2022/23-2025/26,b,968,-0.014062147077106967
FINAL 2022/23-2025/26,b,969,-0.021692688532026785
FINAL 2022/23-2025/26,b,970,-0.028169618872884584
FINAL 2022/23-2025/26,b,971,-0.02619586004494542
FINAL 2022/23-2025/26,b,972,-0.007190191197414623
FINAL 2022/23-2025/26,b,973,-0.02246506526049563
FINAL 2022/23-2025/26,b,974,-0.007032072835797305
FINAL 2022/23-2025/26,b,975,-0.025084918408523154
FINAL 2022/23-2025/26,b,976,-0.028590774908007113
FINAL 2022/23-2025/26,b,977,-0.012049772857824187
FINAL 2022/23-2025/26,b,978,-0.013777766235833409
FINAL 2022/23-2025/26,b,979,-0.00810577793545358
FINAL 2022/23-2025/26,b,980,-0.034877756054025585
FINAL 2022/23-2025/26,b,981,-0.04388205365982059
FINAL 2022/23-2025/26,b,982,-0.014718645177733927
FINAL 2022/23-2025/26,b,983,-0.026485593977989497
FINAL 2022/23-2025/26,b,984,-0.03556134331062036
FINAL 2022/23-2025/26,b,985,-0.004050123325702447
FINAL 2022/23-2025/26,b,986,-0.026306680617989547
FINAL 2022/23-2025/26,b,987,-0.0032172912962473155
FINAL 2022/23-2025/26,b,988,-0.03518480855698992
FINAL 2022/23-2025/26,b,989,-0.015805734201455077
FINAL 2022/23-2025/26,b,990,-0.03110522611831228
FINAL 2022/23-2025/26,b,991,-0.02601082587138304
FINAL 2022/23-2025/26,b,992,-0.014056229738816348
FINAL 2022/23-2025/26,b,993,-0.021043085158061806
FINAL 2022/23-2025/26,b,994,-0.04864421198387192
FINAL 2022/23-2025/26,b,995,-0.006529669550299905
FINAL 2022/23-2025/26,b,996,-0.013935246773480152
FINAL 2022/23-2025/26,b,997,-0.025049008913431176
FINAL 2022/23-2025/26,b,998,-0.0009119884485340839
FINAL 2022/23-2025/26,b,999,-0.02035020909463506
FINAL 2022/23-2025/26,c,0,-0.014277356147669867
FINAL 2022/23-2025/26,c,1,-0.006712758430814727
FINAL 2022/23-2025/26,c,2,-0.01660150949677322
FINAL 2022/23-2025/26,c,3,-0.01757440120874363
FINAL 2022/23-2025/26,c,4,-4.9912199113238964e-05
FINAL 2022/23-2025/26,c,5,-0.00460668564520766
FINAL 2022/23-2025/26,c,6,0.0014462623914231962
FINAL 2022/23-2025/26,c,7,-0.0084704808856291
FINAL 2022/23-2025/26,c,8,-0.021593843038839766
FINAL 2022/23-2025/26,c,9,-0.004457480528617181
FINAL 2022/23-2025/26,c,10,-0.018586386338165912
FINAL 2022/23-2025/26,c,11,-0.008870584087585297
FINAL 2022/23-2025/26,c,12,-0.015911780512256054
FINAL 2022/23-2025/26,c,13,-0.013463306224882635
FINAL 2022/23-2025/26,c,14,0.00011517358257953636
FINAL 2022/23-2025/26,c,15,-0.0008358738609179767
FINAL 2022/23-2025/26,c,16,-0.015186733639754715
FINAL 2022/23-2025/26,c,17,-0.004929243608510414
FINAL 2022/23-2025/26,c,18,-0.01089043203036389
FINAL 2022/23-2025/26,c,19,-0.015689574749786796
FINAL 2022/23-2025/26,c,20,-0.005123722102900678
FINAL 2022/23-2025/26,c,21,-0.01760218375248236
FINAL 2022/23-2025/26,c,22,-0.005619953824252056
FINAL 2022/23-2025/26,c,23,-0.014651132248843096
FINAL 2022/23-2025/26,c,24,-0.02997292682693167
FINAL 2022/23-2025/26,c,25,-0.023077555526907545
FINAL 2022/23-2025/26,c,26,-0.02108572591989067
FINAL 2022/23-2025/26,c,27,-0.010464082855401416
FINAL 2022/23-2025/26,c,28,-0.02010445436123154
FINAL 2022/23-2025/26,c,29,-0.00853454885237441
FINAL 2022/23-2025/26,c,30,-0.007111771509616848
FINAL 2022/23-2025/26,c,31,-0.01280034500864698
FINAL 2022/23-2025/26,c,32,-0.0027207295144527494
FINAL 2022/23-2025/26,c,33,-0.018962138891152423
FINAL 2022/23-2025/26,c,34,0.005858392430155264
FINAL 2022/23-2025/26,c,35,-0.008484439586021558
FINAL 2022/23-2025/26,c,36,-0.010021406119405506
FINAL 2022/23-2025/26,c,37,-0.011142033670401959
FINAL 2022/23-2025/26,c,38,-0.0056548025221477335
FINAL 2022/23-2025/26,c,39,0.011165849291882867
FINAL 2022/23-2025/26,c,40,0.009045387160773213
FINAL 2022/23-2025/26,c,41,0.006459087259502512
FINAL 2022/23-2025/26,c,42,-0.02033734861425976
FINAL 2022/23-2025/26,c,43,0.005081553271187729
FINAL 2022/23-2025/26,c,44,-0.021683074557572183
FINAL 2022/23-2025/26,c,45,-0.014048727751027107
FINAL 2022/23-2025/26,c,46,-0.01949658609886899
FINAL 2022/23-2025/26,c,47,-0.021561798934248845
FINAL 2022/23-2025/26,c,48,-0.010045725823266738
FINAL 2022/23-2025/26,c,49,-0.0225546593805478
FINAL 2022/23-2025/26,c,50,-0.02514228426558578
FINAL 2022/23-2025/26,c,51,-0.02481449913039248
FINAL 2022/23-2025/26,c,52,-0.010540433832959266
FINAL 2022/23-2025/26,c,53,-0.0027782663718919094
FINAL 2022/23-2025/26,c,54,-0.016560331669543547
FINAL 2022/23-2025/26,c,55,-0.024862310606757605
FINAL 2022/23-2025/26,c,56,-0.0013938173490002951
FINAL 2022/23-2025/26,c,57,0.002633752133931839
FINAL 2022/23-2025/26,c,58,-0.00520661114802875
FINAL 2022/23-2025/26,c,59,-0.02238148267339126
FINAL 2022/23-2025/26,c,60,-0.0205897970789681
FINAL 2022/23-2025/26,c,61,-0.0064004562831076525
FINAL 2022/23-2025/26,c,62,-0.005026408223455254
FINAL 2022/23-2025/26,c,63,-0.0030039261486844125
FINAL 2022/23-2025/26,c,64,-0.001498750801377402
FINAL 2022/23-2025/26,c,65,-0.01759069648533332
FINAL 2022/23-2025/26,c,66,-0.005516834194888933
FINAL 2022/23-2025/26,c,67,-0.021661243313740607
FINAL 2022/23-2025/26,c,68,-0.013160155915586943
FINAL 2022/23-2025/26,c,69,-0.0213624045043004
FINAL 2022/23-2025/26,c,70,-0.023283487103315376
FINAL 2022/23-2025/26,c,71,-0.006066192514434018
FINAL 2022/23-2025/26,c,72,-0.006028039070603269
FINAL 2022/23-2025/26,c,73,-0.029163931692549022
FINAL 2022/23-2025/26,c,74,-0.009951362850172226
FINAL 2022/23-2025/26,c,75,-0.00140621293003957
FINAL 2022/23-2025/26,c,76,-0.0008799853464706627
FINAL 2022/23-2025/26,c,77,-0.014345204505385317
FINAL 2022/23-2025/26,c,78,-0.0029623171607987137
FINAL 2022/23-2025/26,c,79,-0.012814156018642813
FINAL 2022/23-2025/26,c,80,-0.014412051567766324
FINAL 2022/23-2025/26,c,81,-0.0006763658786120147
FINAL 2022/23-2025/26,c,82,-0.003582212445687346
FINAL 2022/23-2025/26,c,83,-0.010812124093734346
FINAL 2022/23-2025/26,c,84,-0.0003890750467087714
FINAL 2022/23-2025/26,c,85,-0.02881749505638305
FINAL 2022/23-2025/26,c,86,-0.006428495119265286
FINAL 2022/23-2025/26,c,87,-0.01328916686783141
FINAL 2022/23-2025/26,c,88,-0.0073190904548498855
FINAL 2022/23-2025/26,c,89,-0.004366686677103919
FINAL 2022/23-2025/26,c,90,-0.02070263243363127
FINAL 2022/23-2025/26,c,91,0.0024629959451082564
FINAL 2022/23-2025/26,c,92,-0.01744936169519531
FINAL 2022/23-2025/26,c,93,-0.01517503420810426
FINAL 2022/23-2025/26,c,94,0.007563674449475283
FINAL 2022/23-2025/26,c,95,-0.040851666811097385
FINAL 2022/23-2025/26,c,96,0.00711408097893192
FINAL 2022/23-2025/26,c,97,-0.008705186385396187
FINAL 2022/23-2025/26,c,98,-0.01191133228030749
FINAL 2022/23-2025/26,c,99,0.00275181251734578
FINAL 2022/23-2025/26,c,100,-0.027744107706046003
FINAL 2022/23-2025/26,c,101,-0.015122072061268168
FINAL 2022/23-2025/26,c,102,0.006952723722771122
FINAL 2022/23-2025/26,c,103,-0.01025261053021952
FINAL 2022/23-2025/26,c,104,-0.019868945936653164
FINAL 2022/23-2025/26,c,105,-0.0139335420288953
FINAL 2022/23-2025/26,c,106,-0.02013785687512058
FINAL 2022/23-2025/26,c,107,-0.009930415535508236
FINAL 2022/23-2025/26,c,108,-0.008203866625203957
FINAL 2022/23-2025/26,c,109,-0.0008014218468181712
FINAL 2022/23-2025/26,c,110,0.001988680103981677
FINAL 2022/23-2025/26,c,111,-0.010802863126687177
FINAL 2022/23-2025/26,c,112,0.0006166508354701998
FINAL 2022/23-2025/26,c,113,-0.009127496603346788
FINAL 2022/23-2025/26,c,114,-0.0276694933505419
FINAL 2022/23-2025/26,c,115,0.007425937291040759
FINAL 2022/23-2025/26,c,116,-0.0006669459443687069
FINAL 2022/23-2025/26,c,117,-0.02233291885946526
FINAL 2022/23-2025/26,c,118,-0.004385045485129659
FINAL 2022/23-2025/26,c,119,-0.01894914661344369
FINAL 2022/23-2025/26,c,120,-0.01878128818926414
FINAL 2022/23-2025/26,c,121,-0.02315742481830915
FINAL 2022/23-2025/26,c,122,-0.001840097020615463
FINAL 2022/23-2025/26,c,123,-0.0013161597389945469
FINAL 2022/23-2025/26,c,124,-0.0005756042603712406
FINAL 2022/23-2025/26,c,125,-0.023633135490014282
FINAL 2022/23-2025/26,c,126,-0.009013150372330896
FINAL 2022/23-2025/26,c,127,0.0006348032632044016
FINAL 2022/23-2025/26,c,128,0.0011078340561913244
FINAL 2022/23-2025/26,c,129,-0.01957317435483718
FINAL 2022/23-2025/26,c,130,-0.015143382702737889
FINAL 2022/23-2025/26,c,131,0.006045706472611816
FINAL 2022/23-2025/26,c,132,0.001305777727733065
FINAL 2022/23-2025/26,c,133,-0.0031470606644401515
FINAL 2022/23-2025/26,c,134,-0.00908180410456861
FINAL 2022/23-2025/26,c,135,-0.018003200894158442
FINAL 2022/23-2025/26,c,136,-0.011984374937156955
FINAL 2022/23-2025/26,c,137,-0.008191066212730354
FINAL 2022/23-2025/26,c,138,-0.01809855327117573
FINAL 2022/23-2025/26,c,139,-0.033148924573024444
FINAL 2022/23-2025/26,c,140,-0.002551001971475876
FINAL 2022/23-2025/26,c,141,-0.015049512279782157
FINAL 2022/23-2025/26,c,142,-0.009251248758264405
FINAL 2022/23-2025/26,c,143,-0.012964481736850844
FINAL 2022/23-2025/26,c,144,-0.02179715552337126
FINAL 2022/23-2025/26,c,145,-0.02248148834015242
FINAL 2022/23-2025/26,c,146,-0.010394988541006074
FINAL 2022/23-2025/26,c,147,-0.01952156968305114
FINAL 2022/23-2025/26,c,148,-0.01893698677981118
FINAL 2022/23-2025/26,c,149,-0.004353619049528291
FINAL 2022/23-2025/26,c,150,-0.01355475775708885
FINAL 2022/23-2025/26,c,151,-0.030526244084895023
FINAL 2022/23-2025/26,c,152,0.007791218942963794
FINAL 2022/23-2025/26,c,153,-0.011191438215001244
FINAL 2022/23-2025/26,c,154,-0.026700946365165783
FINAL 2022/23-2025/26,c,155,-0.0046497612217656714
FINAL 2022/23-2025/26,c,156,-0.04751238411019823
FINAL 2022/23-2025/26,c,157,-0.00011399652740957424
FINAL 2022/23-2025/26,c,158,0.0008318356640475665
FINAL 2022/23-2025/26,c,159,-0.01958462902348153
FINAL 2022/23-2025/26,c,160,-0.003092948489332406
FINAL 2022/23-2025/26,c,161,-0.005294983534802114
FINAL 2022/23-2025/26,c,162,-0.006630413392539643
FINAL 2022/23-2025/26,c,163,-0.007451960970353846
FINAL 2022/23-2025/26,c,164,-0.007214217523534509
FINAL 2022/23-2025/26,c,165,-0.004891495972229066
FINAL 2022/23-2025/26,c,166,-0.008976229930234295
FINAL 2022/23-2025/26,c,167,0.006960185603153483
FINAL 2022/23-2025/26,c,168,-0.018708192412099044
FINAL 2022/23-2025/26,c,169,-0.01660273662630355
FINAL 2022/23-2025/26,c,170,-0.009930717269444358
FINAL 2022/23-2025/26,c,171,-0.016854103097533824
FINAL 2022/23-2025/26,c,172,-0.0033047078211084994
FINAL 2022/23-2025/26,c,173,6.489336420326466e-05
FINAL 2022/23-2025/26,c,174,-0.015647808917993035
FINAL 2022/23-2025/26,c,175,-0.00016018445191914865
FINAL 2022/23-2025/26,c,176,0.007465915857425362
FINAL 2022/23-2025/26,c,177,-0.00981515954241817
FINAL 2022/23-2025/26,c,178,-0.014040792150613894
FINAL 2022/23-2025/26,c,179,0.0057562074519741085
FINAL 2022/23-2025/26,c,180,0.01172017823451602
FINAL 2022/23-2025/26,c,181,-0.016395647627442826
FINAL 2022/23-2025/26,c,182,-0.013114980643523946
FINAL 2022/23-2025/26,c,183,-0.015242073572451276
FINAL 2022/23-2025/26,c,184,-0.010121748874347733
FINAL 2022/23-2025/26,c,185,-0.005519222607723428
FINAL 2022/23-2025/26,c,186,-0.019445599836903676
FINAL 2022/23-2025/26,c,187,-0.0010787048660722241
FINAL 2022/23-2025/26,c,188,-0.03621989132072564
FINAL 2022/23-2025/26,c,189,-0.005566659109807873
FINAL 2022/23-2025/26,c,190,-0.013962553979962267
FINAL 2022/23-2025/26,c,191,-0.018046896456566496
FINAL 2022/23-2025/26,c,192,-0.008880622647199098
FINAL 2022/23-2025/26,c,193,-0.004000757918921677
FINAL 2022/23-2025/26,c,194,-0.006320206050913201
FINAL 2022/23-2025/26,c,195,-0.008239576731109017
FINAL 2022/23-2025/26,c,196,-0.034592353827662375
FINAL 2022/23-2025/26,c,197,-0.012572636375845238
FINAL 2022/23-2025/26,c,198,-0.01699534394515055
FINAL 2022/23-2025/26,c,199,-0.001861247084798021
FINAL 2022/23-2025/26,c,200,-0.010191890368138987
FINAL 2022/23-2025/26,c,201,-0.01258301247261161
FINAL 2022/23-2025/26,c,202,-0.025206944311664852
FINAL 2022/23-2025/26,c,203,-0.0017381594938564449
FINAL 2022/23-2025/26,c,204,-0.007168521658418767
FINAL 2022/23-2025/26,c,205,0.001573606066791038
FINAL 2022/23-2025/26,c,206,-0.0151567743012066
FINAL 2022/23-2025/26,c,207,-0.008717428089049288
FINAL 2022/23-2025/26,c,208,-0.006615395921692512
FINAL 2022/23-2025/26,c,209,-0.012960072754565875
FINAL 2022/23-2025/26,c,210,0.0033210109691343154
FINAL 2022/23-2025/26,c,211,-0.015798419929630495
FINAL 2022/23-2025/26,c,212,-0.019310200133097283
FINAL 2022/23-2025/26,c,213,-0.025593533868795502
FINAL 2022/23-2025/26,c,214,-0.00715687281287021
FINAL 2022/23-2025/26,c,215,-0.014935148143658181
FINAL 2022/23-2025/26,c,216,-0.011058499103048666
FINAL 2022/23-2025/26,c,217,-0.0415261096287218
FINAL 2022/23-2025/26,c,218,-0.004809868040569178
FINAL 2022/23-2025/26,c,219,-0.011279913871866377
FINAL 2022/23-2025/26,c,220,-0.009413459630656498
FINAL 2022/23-2025/26,c,221,0.001497958305970751
FINAL 2022/23-2025/26,c,222,-0.035067186920813384
FINAL 2022/23-2025/26,c,223,-0.010348357709957854
FINAL 2022/23-2025/26,c,224,0.0066775505534382796
FINAL 2022/23-2025/26,c,225,-0.004298083466911035
FINAL 2022/23-2025/26,c,226,-0.003710884105333108
FINAL 2022/23-2025/26,c,227,-0.023126969166094767
FINAL 2022/23-2025/26,c,228,-0.015854291631491543
FINAL 2022/23-2025/26,c,229,-0.02348507870936308
FINAL 2022/23-2025/26,c,230,-0.005900874985676648
FINAL 2022/23-2025/26,c,231,-0.0029242162136534425
FINAL 2022/23-2025/26,c,232,-0.005873241377147953
FINAL 2022/23-2025/26,c,233,-0.029284670774926556
FINAL 2022/23-2025/26,c,234,-0.020897971280644058
FINAL 2022/23-2025/26,c,235,-0.029294070685544703
FINAL 2022/23-2025/26,c,236,-0.020674137858820014
FINAL 2022/23-2025/26,c,237,-0.01103194998937657
FINAL 2022/23-2025/26,c,238,0.003114167938581186
FINAL 2022/23-2025/26,c,239,-0.005414307631408056
FINAL 2022/23-2025/26,c,240,-0.021964413685885347
FINAL 2022/23-2025/26,c,241,-0.013433999850967767
FINAL 2022/23-2025/26,c,242,-0.017721100741251695
FINAL 2022/23-2025/26,c,243,-0.0088536994479698
FINAL 2022/23-2025/26,c,244,0.01455312382656054
FINAL 2022/23-2025/26,c,245,-0.027976924578870438
FINAL 2022/23-2025/26,c,246,-0.02695008914621145
FINAL 2022/23-2025/26,c,247,-0.007451468902881963
FINAL 2022/23-2025/26,c,248,0.004420194778458149
FINAL 2022/23-2025/26,c,249,-0.004983950717701455
FINAL 2022/23-2025/26,c,250,-0.002293454047845339
FINAL 2022/23-2025/26,c,251,-0.015188349049426498
FINAL 2022/23-2025/26,c,252,0.0023833160275488
FINAL 2022/23-2025/26,c,253,0.004913523622906056
FINAL 2022/23-2025/26,c,254,0.0076770214719177245
FINAL 2022/23-2025/26,c,255,-0.008604136115084118
FINAL 2022/23-2025/26,c,256,-0.026873565046180242
FINAL 2022/23-2025/26,c,257,-0.010385322984650253
FINAL 2022/23-2025/26,c,258,-0.0073022957851751925
FINAL 2022/23-2025/26,c,259,-0.010722722244957072
FINAL 2022/23-2025/26,c,260,-0.024619071048405272
FINAL 2022/23-2025/26,c,261,-0.015767440067819563
FINAL 2022/23-2025/26,c,262,-0.017832279323544066
FINAL 2022/23-2025/26,c,263,-0.018116548890652336
FINAL 2022/23-2025/26,c,264,-0.008563485228943004
FINAL 2022/23-2025/26,c,265,-0.003611271325510451
FINAL 2022/23-2025/26,c,266,-0.016279389486395304
FINAL 2022/23-2025/26,c,267,-0.013528677412286819
FINAL 2022/23-2025/26,c,268,-0.0028236537232235633
FINAL 2022/23-2025/26,c,269,-0.014597872479659324
FINAL 2022/23-2025/26,c,270,-0.02866224738724765
FINAL 2022/23-2025/26,c,271,-0.010145359080873155
FINAL 2022/23-2025/26,c,272,-0.031791781838534636
FINAL 2022/23-2025/26,c,273,-0.012165665935549227
FINAL 2022/23-2025/26,c,274,-0.004380878643086394
FINAL 2022/23-2025/26,c,275,-0.029779665106675714
FINAL 2022/23-2025/26,c,276,-0.00580050237618146
FINAL 2022/23-2025/26,c,277,-0.006542023022243571
FINAL 2022/23-2025/26,c,278,-0.007118214760982001
FINAL 2022/23-2025/26,c,279,-0.006733655251069615
FINAL 2022/23-2025/26,c,280,-0.01351326225901347
FINAL 2022/23-2025/26,c,281,-0.020896034365797886
FINAL 2022/23-2025/26,c,282,0.0001858566614983204
FINAL 2022/23-2025/26,c,283,-0.004298982410509149
FINAL 2022/23-2025/26,c,284,-0.012834613531866131
FINAL 2022/23-2025/26,c,285,-0.010320423601112936
FINAL 2022/23-2025/26,c,286,-0.015140257281302097
FINAL 2022/23-2025/26,c,287,-0.01204921299175123
FINAL 2022/23-2025/26,c,288,-0.013812068646546091
FINAL 2022/23-2025/26,c,289,-0.008771446661091746
FINAL 2022/23-2025/26,c,290,-0.002595037148497953
FINAL 2022/23-2025/26,c,291,-0.014577710432861747
FINAL 2022/23-2025/26,c,292,-0.020433517838523325
FINAL 2022/23-2025/26,c,293,-0.016298738764619514
FINAL 2022/23-2025/26,c,294,-0.0005685343727504059
FINAL 2022/23-2025/26,c,295,-0.034956035460320695
FINAL 2022/23-2025/26,c,296,-0.008267194444951297
FINAL 2022/23-2025/26,c,297,-0.004193648807737706
FINAL 2022/23-2025/26,c,298,-0.010824487753286666
FINAL 2022/23-2025/26,c,299,-0.004560917256686708
FINAL 2022/23-2025/26,c,300,-0.0164685610849433
FINAL 2022/23-2025/26,c,301,-0.021481776733682307
FINAL 2022/23-2025/26,c,302,-0.0197700759562083
FINAL 2022/23-2025/26,c,303,-0.00440074169004657
FINAL 2022/23-2025/26,c,304,-0.0020892192904235322
FINAL 2022/23-2025/26,c,305,-0.015748052952748864
FINAL 2022/23-2025/26,c,306,-0.01804810664070089
FINAL 2022/23-2025/26,c,307,-0.016513774373264328
FINAL 2022/23-2025/26,c,308,-0.021616228080214794
FINAL 2022/23-2025/26,c,309,-0.009336129265950309
FINAL 2022/23-2025/26,c,310,-0.004460626313540517
FINAL 2022/23-2025/26,c,311,-0.002334327596306233
FINAL 2022/23-2025/26,c,312,-0.004879591125585458
FINAL 2022/23-2025/26,c,313,0.012235919787142814
FINAL 2022/23-2025/26,c,314,-0.0068323801920632254
FINAL 2022/23-2025/26,c,315,-0.00790138128774872
FINAL 2022/23-2025/26,c,316,-0.006831767628625168
FINAL 2022/23-2025/26,c,317,-0.014141415439459574
FINAL 2022/23-2025/26,c,318,-0.02435473700040805
FINAL 2022/23-2025/26,c,319,-0.008345439215758114
FINAL 2022/23-2025/26,c,320,0.0022883484958845235
FINAL 2022/23-2025/26,c,321,-0.007786440872358181
FINAL 2022/23-2025/26,c,322,-0.02563138025218517
FINAL 2022/23-2025/26,c,323,-0.016791477509812153
FINAL 2022/23-2025/26,c,324,-0.022915529068367503
FINAL 2022/23-2025/26,c,325,-0.0038220977115238364
FINAL 2022/23-2025/26,c,326,-0.013130204186525104
FINAL 2022/23-2025/26,c,327,-0.022579674385932776
FINAL 2022/23-2025/26,c,328,0.00024811662780914803
FINAL 2022/23-2025/26,c,329,0.00026994326060561513
FINAL 2022/23-2025/26,c,330,-0.0129831474367859
FINAL 2022/23-2025/26,c,331,-0.017223651631626553
FINAL 2022/23-2025/26,c,332,-0.013215551350899022
FINAL 2022/23-2025/26,c,333,-0.0038235331091227938
FINAL 2022/23-2025/26,c,334,-0.004881878215324938
FINAL 2022/23-2025/26,c,335,-0.020614648490178508
FINAL 2022/23-2025/26,c,336,-0.004577610361888326
FINAL 2022/23-2025/26,c,337,-0.02012636944363198
FINAL 2022/23-2025/26,c,338,0.008316324926014583
FINAL 2022/23-2025/26,c,339,-0.006769578278842052
FINAL 2022/23-2025/26,c,340,-0.004776536383661845
FINAL 2022/23-2025/26,c,341,0.0012403040062153215
FINAL 2022/23-2025/26,c,342,-0.010001755569362867
FINAL 2022/23-2025/26,c,343,-0.019574301768020566
FINAL 2022/23-2025/26,c,344,0.00617372890556684
FINAL 2022/23-2025/26,c,345,-0.018998192593520556
FINAL 2022/23-2025/26,c,346,-0.012264598853986054
FINAL 2022/23-2025/26,c,347,-0.0165810080261043
FINAL 2022/23-2025/26,c,348,-0.037518954326120804
FINAL 2022/23-2025/26,c,349,-0.021305484424470698
FINAL 2022/23-2025/26,c,350,-0.022566408876392434
FINAL 2022/23-2025/26,c,351,0.004265738507664374
FINAL 2022/23-2025/26,c,352,-0.012643465764506728
FINAL 2022/23-2025/26,c,353,-0.02602715477429347
FINAL 2022/23-2025/26,c,354,-0.020441057437225376
FINAL 2022/23-2025/26,c,355,-0.019212296819520726
FINAL 2022/23-2025/26,c,356,-0.0019411243883256735
FINAL 2022/23-2025/26,c,357,-0.008716388241564675
FINAL 2022/23-2025/26,c,358,-0.02163820519597262
FINAL 2022/23-2025/26,c,359,-0.007864627889219286
FINAL 2022/23-2025/26,c,360,-0.010840300101797953
FINAL 2022/23-2025/26,c,361,-0.009078164908280242
FINAL 2022/23-2025/26,c,362,-0.0237204315159402
FINAL 2022/23-2025/26,c,363,-0.01572986360822136
FINAL 2022/23-2025/26,c,364,0.007434823333972667
FINAL 2022/23-2025/26,c,365,0.0007126927621500245
FINAL 2022/23-2025/26,c,366,-0.02267065748722532
FINAL 2022/23-2025/26,c,367,-0.0060816359102713186
FINAL 2022/23-2025/26,c,368,-0.009039195769165622
FINAL 2022/23-2025/26,c,369,-0.012837272927734398
FINAL 2022/23-2025/26,c,370,-0.021579896837580256
FINAL 2022/23-2025/26,c,371,-0.00339335045645393
FINAL 2022/23-2025/26,c,372,-0.019112028178556135
FINAL 2022/23-2025/26,c,373,-0.0022864542239545236
FINAL 2022/23-2025/26,c,374,-0.018717721035876902
FINAL 2022/23-2025/26,c,375,-0.011998911800505848
FINAL 2022/23-2025/26,c,376,-0.012652566925326996
FINAL 2022/23-2025/26,c,377,-0.023666011051414963
FINAL 2022/23-2025/26,c,378,-0.009441545120821269
FINAL 2022/23-2025/26,c,379,0.0049571436592338106
FINAL 2022/23-2025/26,c,380,-0.010626514929792618
FINAL 2022/23-2025/26,c,381,0.0005708971058140389
FINAL 2022/23-2025/26,c,382,-0.0023049951083554832
FINAL 2022/23-2025/26,c,383,0.0037401923654819475
FINAL 2022/23-2025/26,c,384,0.0001075600190365688
FINAL 2022/23-2025/26,c,385,-0.020665463433766122
FINAL 2022/23-2025/26,c,386,-0.011214654749279948
FINAL 2022/23-2025/26,c,387,-0.034870667892606025
FINAL 2022/23-2025/26,c,388,-0.014461298118372093
FINAL 2022/23-2025/26,c,389,-0.01906355850617818
FINAL 2022/23-2025/26,c,390,-0.010214991830739983
FINAL 2022/23-2025/26,c,391,-0.004919850432343489
FINAL 2022/23-2025/26,c,392,-0.03973310563512632
FINAL 2022/23-2025/26,c,393,-0.009573694387219792
FINAL 2022/23-2025/26,c,394,-0.027003126611554344
FINAL 2022/23-2025/26,c,395,-0.017364982177438443
FINAL 2022/23-2025/26,c,396,-0.013229015732677195
FINAL 2022/23-2025/26,c,397,-0.012336145589044126
FINAL 2022/23-2025/26,c,398,-0.003842714567290472
FINAL 2022/23-2025/26,c,399,-0.0014407443166868268
FINAL 2022/23-2025/26,c,400,-0.019479586859725728
FINAL 2022/23-2025/26,c,401,-0.009660778903967066
FINAL 2022/23-2025/26,c,402,0.010528858556077693
FINAL 2022/23-2025/26,c,403,-0.00011503730435503956
FINAL 2022/23-2025/26,c,404,-0.015622469724050767
FINAL 2022/23-2025/26,c,405,-0.048678526974586356
FINAL 2022/23-2025/26,c,406,-0.02365195333026187
FINAL 2022/23-2025/26,c,407,-0.0025946773306764915
FINAL 2022/23-2025/26,c,408,-0.013121402799400375
FINAL 2022/23-2025/26,c,409,-0.011310110795780412
FINAL 2022/23-2025/26,c,410,0.001553133100517158
FINAL 2022/23-2025/26,c,411,-0.006188286819129432
FINAL 2022/23-2025/26,c,412,-0.009125827877381996
FINAL 2022/23-2025/26,c,413,-0.010821317176683614
FINAL 2022/23-2025/26,c,414,-0.008769007069486391
FINAL 2022/23-2025/26,c,415,-0.01368171619953907
FINAL 2022/23-2025/26,c,416,-0.02181908023426115
FINAL 2022/23-2025/26,c,417,-0.02139093477023033
FINAL 2022/23-2025/26,c,418,-0.00419819526777721
FINAL 2022/23-2025/26,c,419,0.005593607601232654
FINAL 2022/23-2025/26,c,420,0.0012380837897456249
FINAL 2022/23-2025/26,c,421,-0.026171929224277978
FINAL 2022/23-2025/26,c,422,-0.01822714060884144
FINAL 2022/23-2025/26,c,423,-0.003999380492674344
FINAL 2022/23-2025/26,c,424,-0.006521585485658725
FINAL 2022/23-2025/26,c,425,-0.007480498956324725
FINAL 2022/23-2025/26,c,426,-0.005547649265617537
FINAL 2022/23-2025/26,c,427,-0.015135524162075122
FINAL 2022/23-2025/26,c,428,-0.007202774521239852
FINAL 2022/23-2025/26,c,429,-0.00722089834685404
FINAL 2022/23-2025/26,c,430,-0.0247873903766566
FINAL 2022/23-2025/26,c,431,-0.007283153371865702
FINAL 2022/23-2025/26,c,432,-0.021326045455859376
FINAL 2022/23-2025/26,c,433,-0.009755539200900346
FINAL 2022/23-2025/26,c,434,-0.03067942279453357
FINAL 2022/23-2025/26,c,435,-8.526850663248542e-05
FINAL 2022/23-2025/26,c,436,-0.01928426888257146
FINAL 2022/23-2025/26,c,437,-0.008702677272725057
FINAL 2022/23-2025/26,c,438,-0.029594340341606178
FINAL 2022/23-2025/26,c,439,0.0035401345225965046
FINAL 2022/23-2025/26,c,440,-0.01899315991839183
FINAL 2022/23-2025/26,c,441,-0.005760541409834265
FINAL 2022/23-2025/26,c,442,-0.01437646289859524
FINAL 2022/23-2025/26,c,443,-0.03256561390628638
FINAL 2022/23-2025/26,c,444,-0.014512310680081549
FINAL 2022/23-2025/26,c,445,-0.0029527485295214803
FINAL 2022/23-2025/26,c,446,-0.001759758136738808
FINAL 2022/23-2025/26,c,447,-0.006082147229570324
FINAL 2022/23-2025/26,c,448,-0.029610471177642986
FINAL 2022/23-2025/26,c,449,0.004346911287026661
FINAL 2022/23-2025/26,c,450,-0.011384666937410103
FINAL 2022/23-2025/26,c,451,-0.034114188438057115
FINAL 2022/23-2025/26,c,452,-0.011235935220381108
FINAL 2022/23-2025/26,c,453,-0.017337713267240613
FINAL 2022/23-2025/26,c,454,0.001587742581923764
FINAL 2022/23-2025/26,c,455,-0.012506249304778925
FINAL 2022/23-2025/26,c,456,-0.0093036446611659
FINAL 2022/23-2025/26,c,457,-0.010301852260231583
FINAL 2022/23-2025/26,c,458,-0.013725728493293511
FINAL 2022/23-2025/26,c,459,-0.01436686127107498
FINAL 2022/23-2025/26,c,460,-0.011081364011804738
FINAL 2022/23-2025/26,c,461,0.00036403525702657577
FINAL 2022/23-2025/26,c,462,-0.0034247161865420053
FINAL 2022/23-2025/26,c,463,-0.0020048890368794536
FINAL 2022/23-2025/26,c,464,0.00681928001017491
FINAL 2022/23-2025/26,c,465,-0.009665933167509501
FINAL 2022/23-2025/26,c,466,-0.025968799690806336
FINAL 2022/23-2025/26,c,467,-0.04285898428457072
FINAL 2022/23-2025/26,c,468,-0.02007058755088032
FINAL 2022/23-2025/26,c,469,-0.020820993040325083
FINAL 2022/23-2025/26,c,470,-0.008942849449945476
FINAL 2022/23-2025/26,c,471,-0.01928199430296662
FINAL 2022/23-2025/26,c,472,-0.0027016595499438443
FINAL 2022/23-2025/26,c,473,0.004256328899051176
FINAL 2022/23-2025/26,c,474,0.007359609406896176
FINAL 2022/23-2025/26,c,475,-0.01449022873166983
FINAL 2022/23-2025/26,c,476,-0.0176144955753881
FINAL 2022/23-2025/26,c,477,0.004299964359267891
FINAL 2022/23-2025/26,c,478,-0.018626319495942345
FINAL 2022/23-2025/26,c,479,-0.041519998363359165
FINAL 2022/23-2025/26,c,480,-0.0041799064553303174
FINAL 2022/23-2025/26,c,481,-0.00875940515436895
FINAL 2022/23-2025/26,c,482,-0.007429465057915974
FINAL 2022/23-2025/26,c,483,-0.022114330011755987
FINAL 2022/23-2025/26,c,484,-0.011838080661805507
FINAL 2022/23-2025/26,c,485,-0.009983973374290874
FINAL 2022/23-2025/26,c,486,-0.0009320594258069026
FINAL 2022/23-2025/26,c,487,-0.03192353685918592
FINAL 2022/23-2025/26,c,488,-0.017688001228259843
FINAL 2022/23-2025/26,c,489,-0.011433433584505832
FINAL 2022/23-2025/26,c,490,-0.020265021458391107
FINAL 2022/23-2025/26,c,491,-0.0029934654083198647
FINAL 2022/23-2025/26,c,492,-0.02204030164666821
FINAL 2022/23-2025/26,c,493,-0.01995939423695184
FINAL 2022/23-2025/26,c,494,-0.011498625876703335
FINAL 2022/23-2025/26,c,495,-0.009791498428065308
FINAL 2022/23-2025/26,c,496,-0.017973585939760797
FINAL 2022/23-2025/26,c,497,-0.003453590612477685
FINAL 2022/23-2025/26,c,498,-0.01781282369276203
FINAL 2022/23-2025/26,c,499,-0.030358496114316576
FINAL 2022/23-2025/26,c,500,0.007053391967383669
FINAL 2022/23-2025/26,c,501,-0.004390956455502002
FINAL 2022/23-2025/26,c,502,-0.027943223068273966
FINAL 2022/23-2025/26,c,503,-0.029655401761990233
FINAL 2022/23-2025/26,c,504,-0.013203088703577982
FINAL 2022/23-2025/26,c,505,-0.004502893952126313
FINAL 2022/23-2025/26,c,506,-0.006120368598037905
FINAL 2022/23-2025/26,c,507,-0.007198438929206685
FINAL 2022/23-2025/26,c,508,-0.012052406458362546
FINAL 2022/23-2025/26,c,509,-0.007806165601354723
FINAL 2022/23-2025/26,c,510,-0.005249083296824491
FINAL 2022/23-2025/26,c,511,-0.006229860853576276
FINAL 2022/23-2025/26,c,512,0.010138214905830282
FINAL 2022/23-2025/26,c,513,-0.020688571423618886
FINAL 2022/23-2025/26,c,514,-0.0252692032360848
FINAL 2022/23-2025/26,c,515,-0.014821802241291922
FINAL 2022/23-2025/26,c,516,-0.020923646591527956
FINAL 2022/23-2025/26,c,517,-0.011753423879433893
FINAL 2022/23-2025/26,c,518,-0.011473700124540262
FINAL 2022/23-2025/26,c,519,-0.006238991629948683
FINAL 2022/23-2025/26,c,520,0.0073064655446633785
FINAL 2022/23-2025/26,c,521,-0.00590071695504331
FINAL 2022/23-2025/26,c,522,-0.01188090683850104
FINAL 2022/23-2025/26,c,523,-0.015499677338688459
FINAL 2022/23-2025/26,c,524,-0.015314604470225257
FINAL 2022/23-2025/26,c,525,-0.008771221425273288
FINAL 2022/23-2025/26,c,526,-0.007894824881221951
FINAL 2022/23-2025/26,c,527,-0.017069424053351236
FINAL 2022/23-2025/26,c,528,-0.008817260234603403
FINAL 2022/23-2025/26,c,529,-0.014995569628723029
FINAL 2022/23-2025/26,c,530,-0.005484566652782245
FINAL 2022/23-2025/26,c,531,-0.029929912028415245
FINAL 2022/23-2025/26,c,532,-0.0133609438490885
FINAL 2022/23-2025/26,c,533,-0.01892574533796677
FINAL 2022/23-2025/26,c,534,-0.01662362003996712
FINAL 2022/23-2025/26,c,535,-0.002738292827509207
FINAL 2022/23-2025/26,c,536,-0.010585842950124467
FINAL 2022/23-2025/26,c,537,-0.01729809747744732
FINAL 2022/23-2025/26,c,538,-0.009369838993676279
FINAL 2022/23-2025/26,c,539,-0.004594140228449652
FINAL 2022/23-2025/26,c,540,-0.01259271539555908
FINAL 2022/23-2025/26,c,541,-0.0044087245401243985
FINAL 2022/23-2025/26,c,542,0.0022010575070383342
FINAL 2022/23-2025/26,c,543,-0.0214640289134177
FINAL 2022/23-2025/26,c,544,0.011155107493202221
FINAL 2022/23-2025/26,c,545,-0.021394093692766836
FINAL 2022/23-2025/26,c,546,-0.018545092810138747
FINAL 2022/23-2025/26,c,547,-0.003642234975044817
FINAL 2022/23-2025/26,c,548,-0.014752821780470604
FINAL 2022/23-2025/26,c,549,-0.008854040398530681
FINAL 2022/23-2025/26,c,550,-0.012664126837092627
FINAL 2022/23-2025/26,c,551,-0.012733689955848969
FINAL 2022/23-2025/26,c,552,-0.01864299884314054
FINAL 2022/23-2025/26,c,553,-0.01966732799590479
FINAL 2022/23-2025/26,c,554,-0.008099136403247754
FINAL 2022/23-2025/26,c,555,-0.010441194576495231
FINAL 2022/23-2025/26,c,556,-0.013846279983954027
FINAL 2022/23-2025/26,c,557,-0.0008703388159281723
FINAL 2022/23-2025/26,c,558,-0.017100772137205792
FINAL 2022/23-2025/26,c,559,-0.02220686107051761
FINAL 2022/23-2025/26,c,560,-0.007677369301287403
FINAL 2022/23-2025/26,c,561,-0.004894641966639777
FINAL 2022/23-2025/26,c,562,-0.01349457212995513
FINAL 2022/23-2025/26,c,563,-0.011910581442873975
FINAL 2022/23-2025/26,c,564,-0.006934680695055713
FINAL 2022/23-2025/26,c,565,-0.01755974080708855
FINAL 2022/23-2025/26,c,566,-0.0060808627387714635
FINAL 2022/23-2025/26,c,567,-0.0257638255915561
FINAL 2022/23-2025/26,c,568,-0.014401844000934527
FINAL 2022/23-2025/26,c,569,-0.019397020828222887
FINAL 2022/23-2025/26,c,570,0.00018215461475008105
FINAL 2022/23-2025/26,c,571,-0.004753542056625563
FINAL 2022/23-2025/26,c,572,-0.008481865336303449
FINAL 2022/23-2025/26,c,573,-0.0021014058383298125
FINAL 2022/23-2025/26,c,574,-0.004851465679496938
FINAL 2022/23-2025/26,c,575,-0.018107856035913944
FINAL 2022/23-2025/26,c,576,0.0004820240096267761
FINAL 2022/23-2025/26,c,577,-0.0186846128779217
FINAL 2022/23-2025/26,c,578,0.0007775574615084477
FINAL 2022/23-2025/26,c,579,-0.03649048517005141
FINAL 2022/23-2025/26,c,580,0.00479879694117441
FINAL 2022/23-2025/26,c,581,-0.012162479349666598
FINAL 2022/23-2025/26,c,582,-0.009416696804076474
FINAL 2022/23-2025/26,c,583,-0.022666901338136855
FINAL 2022/23-2025/26,c,584,-0.023464921823681727
FINAL 2022/23-2025/26,c,585,-0.012348645883834917
FINAL 2022/23-2025/26,c,586,-0.019765061401424942
FINAL 2022/23-2025/26,c,587,0.003680022166229552
FINAL 2022/23-2025/26,c,588,-0.008480242686288997
FINAL 2022/23-2025/26,c,589,-0.016270560607744813
FINAL 2022/23-2025/26,c,590,-0.009754631781049374
FINAL 2022/23-2025/26,c,591,-0.0022188563735468306
FINAL 2022/23-2025/26,c,592,-0.016537683438385322
FINAL 2022/23-2025/26,c,593,-0.00442201682949547
FINAL 2022/23-2025/26,c,594,-0.009292152382754814
FINAL 2022/23-2025/26,c,595,0.010536706681881235
FINAL 2022/23-2025/26,c,596,-0.025737662351940856
FINAL 2022/23-2025/26,c,597,-0.0004771237793723543
FINAL 2022/23-2025/26,c,598,-0.011249208923388711
FINAL 2022/23-2025/26,c,599,-0.017562261911367626
FINAL 2022/23-2025/26,c,600,-0.006122300941250242
FINAL 2022/23-2025/26,c,601,-0.0022989572776785537
FINAL 2022/23-2025/26,c,602,-0.0037630843720520436
FINAL 2022/23-2025/26,c,603,-0.02918850646297689
FINAL 2022/23-2025/26,c,604,-0.00011248952863991343
FINAL 2022/23-2025/26,c,605,-0.030808123885388016
FINAL 2022/23-2025/26,c,606,0.004124287517757931
FINAL 2022/23-2025/26,c,607,-0.013596909587339537
FINAL 2022/23-2025/26,c,608,-0.008785773970183944
FINAL 2022/23-2025/26,c,609,0.007476498983374614
FINAL 2022/23-2025/26,c,610,-0.01774934647461189
FINAL 2022/23-2025/26,c,611,-0.007895849291726152
FINAL 2022/23-2025/26,c,612,0.0071188119325613294
FINAL 2022/23-2025/26,c,613,-0.004104439913423167
FINAL 2022/23-2025/26,c,614,-0.022509912685225127
FINAL 2022/23-2025/26,c,615,0.006267152612437453
FINAL 2022/23-2025/26,c,616,-0.007173920358633876
FINAL 2022/23-2025/26,c,617,-0.02963106206022961
FINAL 2022/23-2025/26,c,618,0.002515204829110192
FINAL 2022/23-2025/26,c,619,-0.0028654792562057933
FINAL 2022/23-2025/26,c,620,-0.006443251968075504
FINAL 2022/23-2025/26,c,621,-0.012960401616257122
FINAL 2022/23-2025/26,c,622,-0.007938708653146942
FINAL 2022/23-2025/26,c,623,-0.009224832924911715
FINAL 2022/23-2025/26,c,624,-0.00537893294240401
FINAL 2022/23-2025/26,c,625,0.011432628187896398
FINAL 2022/23-2025/26,c,626,-0.01844958044565371
FINAL 2022/23-2025/26,c,627,-0.014026317529012663
FINAL 2022/23-2025/26,c,628,-0.005650163912043173
FINAL 2022/23-2025/26,c,629,-0.019646754101695817
FINAL 2022/23-2025/26,c,630,-0.013716888851880141
FINAL 2022/23-2025/26,c,631,-0.008123142755972708
FINAL 2022/23-2025/26,c,632,-0.011094256027749352
FINAL 2022/23-2025/26,c,633,-0.0035141235526923915
FINAL 2022/23-2025/26,c,634,-0.005641029208483982
FINAL 2022/23-2025/26,c,635,-0.033994523878623305
FINAL 2022/23-2025/26,c,636,-0.011272513136074233
FINAL 2022/23-2025/26,c,637,0.005018693359585779
FINAL 2022/23-2025/26,c,638,0.0021647736496119598
FINAL 2022/23-2025/26,c,639,-0.01945664260938668
FINAL 2022/23-2025/26,c,640,-0.011938039413723348
FINAL 2022/23-2025/26,c,641,-0.016142990785927937
FINAL 2022/23-2025/26,c,642,-0.018619988669641388
FINAL 2022/23-2025/26,c,643,-0.0006992806864539198
FINAL 2022/23-2025/26,c,644,-0.03581220758979599
FINAL 2022/23-2025/26,c,645,-0.031126932326510513
FINAL 2022/23-2025/26,c,646,-0.00400835303941539
FINAL 2022/23-2025/26,c,647,-0.0027699535994091945
FINAL 2022/23-2025/26,c,648,-0.011459219521699794
FINAL 2022/23-2025/26,c,649,-0.008991251866486305
FINAL 2022/23-2025/26,c,650,0.0029748105364582117
FINAL 2022/23-2025/26,c,651,-0.024401929667846205
FINAL 2022/23-2025/26,c,652,-0.01213227731660159
FINAL 2022/23-2025/26,c,653,-0.0014105228669604175
FINAL 2022/23-2025/26,c,654,-0.028928726139149184
FINAL 2022/23-2025/26,c,655,-0.00021390369603073965
FINAL 2022/23-2025/26,c,656,-0.004437282751138414
FINAL 2022/23-2025/26,c,657,0.004883763163364913
FINAL 2022/23-2025/26,c,658,-0.029201272182654284
FINAL 2022/23-2025/26,c,659,-0.01867270313844591
FINAL 2022/23-2025/26,c,660,-0.003808407104215667
FINAL 2022/23-2025/26,c,661,-0.0025703212603174763
FINAL 2022/23-2025/26,c,662,-0.00653066745630736
FINAL 2022/23-2025/26,c,663,-0.018948802935436528
FINAL 2022/23-2025/26,c,664,-0.002336051180082281
FINAL 2022/23-2025/26,c,665,-0.006527225969469743
FINAL 2022/23-2025/26,c,666,-0.005401124917625808
FINAL 2022/23-2025/26,c,667,-0.022663415278317806
FINAL 2022/23-2025/26,c,668,-2.981805502448847e-05
FINAL 2022/23-2025/26,c,669,-0.02383247521327035
FINAL 2022/23-2025/26,c,670,-0.013596749498937489
FINAL 2022/23-2025/26,c,671,0.009101764429322416
FINAL 2022/23-2025/26,c,672,-0.004170526714958595
FINAL 2022/23-2025/26,c,673,-0.017236629568758897
FINAL 2022/23-2025/26,c,674,0.003736151576151734
FINAL 2022/23-2025/26,c,675,-0.016977474742542457
FINAL 2022/23-2025/26,c,676,-0.008386055309536535
FINAL 2022/23-2025/26,c,677,-0.031009270028644648
FINAL 2022/23-2025/26,c,678,-0.024797940299584913
FINAL 2022/23-2025/26,c,679,0.0018008247241679144
FINAL 2022/23-2025/26,c,680,-0.007503521220889034
FINAL 2022/23-2025/26,c,681,-0.009323136202085578
FINAL 2022/23-2025/26,c,682,-0.019125550491220104
FINAL 2022/23-2025/26,c,683,-0.006226356655051397
FINAL 2022/23-2025/26,c,684,-0.009162458415999095
FINAL 2022/23-2025/26,c,685,-0.017174640814273504
FINAL 2022/23-2025/26,c,686,-0.016416423002961075
FINAL 2022/23-2025/26,c,687,-0.0038885697212489166
FINAL 2022/23-2025/26,c,688,-0.015654377397659444
FINAL 2022/23-2025/26,c,689,-0.019277151928393625
FINAL 2022/23-2025/26,c,690,-0.018599837474433282
FINAL 2022/23-2025/26,c,691,-0.01282344692582076
FINAL 2022/23-2025/26,c,692,-0.020521098438807624
FINAL 2022/23-2025/26,c,693,-0.010807045813509743
FINAL 2022/23-2025/26,c,694,-0.006161098830010318
FINAL 2022/23-2025/26,c,695,0.00552106338373742
FINAL 2022/23-2025/26,c,696,-0.05221279035074731
FINAL 2022/23-2025/26,c,697,-0.01498161894071328
FINAL 2022/23-2025/26,c,698,-0.0006237823366449791
FINAL 2022/23-2025/26,c,699,-0.0080232370078101
FINAL 2022/23-2025/26,c,700,-0.019618921311187663
FINAL 2022/23-2025/26,c,701,-0.007602435080158803
FINAL 2022/23-2025/26,c,702,-0.00870618679266541
FINAL 2022/23-2025/26,c,703,-0.009689491253681338
FINAL 2022/23-2025/26,c,704,-0.021750267824575988
FINAL 2022/23-2025/26,c,705,-0.02758524286529482
FINAL 2022/23-2025/26,c,706,-0.015773933218401884
FINAL 2022/23-2025/26,c,707,0.007005770949350492
FINAL 2022/23-2025/26,c,708,-0.015177439261738217
FINAL 2022/23-2025/26,c,709,-0.002775865028364046
FINAL 2022/23-2025/26,c,710,-0.010413070028597425
FINAL 2022/23-2025/26,c,711,-0.006792425505885491
FINAL 2022/23-2025/26,c,712,-0.020624199682081713
FINAL 2022/23-2025/26,c,713,-0.014794394053589857
FINAL 2022/23-2025/26,c,714,-0.0002448173398983157
FINAL 2022/23-2025/26,c,715,-0.01497942594010938
FINAL 2022/23-2025/26,c,716,0.0006538405599491454
FINAL 2022/23-2025/26,c,717,-0.029420900079193544
FINAL 2022/23-2025/26,c,718,-0.011913765123509496
FINAL 2022/23-2025/26,c,719,-0.01064306023800166
FINAL 2022/23-2025/26,c,720,-0.023014032957917367
FINAL 2022/23-2025/26,c,721,-0.0035044076483868192
FINAL 2022/23-2025/26,c,722,-0.007779036576945241
FINAL 2022/23-2025/26,c,723,-0.03497511194874949
FINAL 2022/23-2025/26,c,724,-0.012452590909547256
FINAL 2022/23-2025/26,c,725,-0.006235054561041028
FINAL 2022/23-2025/26,c,726,0.0018387086194823835
FINAL 2022/23-2025/26,c,727,-0.013639765206718096
FINAL 2022/23-2025/26,c,728,-0.02357287405838509
FINAL 2022/23-2025/26,c,729,0.00014467165720141034
FINAL 2022/23-2025/26,c,730,-0.0016510871815313896
FINAL 2022/23-2025/26,c,731,-0.013475408635738765
FINAL 2022/23-2025/26,c,732,-0.022315395836107383
FINAL 2022/23-2025/26,c,733,-0.015014883883810571
FINAL 2022/23-2025/26,c,734,-0.02639466019397202
FINAL 2022/23-2025/26,c,735,-0.030720674499234057
FINAL 2022/23-2025/26,c,736,0.008440917587402744
FINAL 2022/23-2025/26,c,737,-0.01634636003619978
FINAL 2022/23-2025/26,c,738,-0.0148195254579482
FINAL 2022/23-2025/26,c,739,-0.006830358882854095
FINAL 2022/23-2025/26,c,740,-0.02435633603260534
FINAL 2022/23-2025/26,c,741,-0.012662875956035755
FINAL 2022/23-2025/26,c,742,-0.010102604753524338
FINAL 2022/23-2025/26,c,743,-0.011919640888616377
FINAL 2022/23-2025/26,c,744,-0.018814859810613434
FINAL 2022/23-2025/26,c,745,-0.004023984979966606
FINAL 2022/23-2025/26,c,746,0.004176311155634008
FINAL 2022/23-2025/26,c,747,0.008716176105799098
FINAL 2022/23-2025/26,c,748,-0.017950326289586777
FINAL 2022/23-2025/26,c,749,-0.007830864266234614
FINAL 2022/23-2025/26,c,750,-0.007643924539387236
FINAL 2022/23-2025/26,c,751,-0.018069656314656735
FINAL 2022/23-2025/26,c,752,0.0014136794262407971
FINAL 2022/23-2025/26,c,753,-0.020741445051302036
FINAL 2022/23-2025/26,c,754,-0.013955925542506104
FINAL 2022/23-2025/26,c,755,-0.006363016282883906
FINAL 2022/23-2025/26,c,756,0.011539962147111874
FINAL 2022/23-2025/26,c,757,0.006977672588876993
FINAL 2022/23-2025/26,c,758,0.00019959206788605112
FINAL 2022/23-2025/26,c,759,-0.0005454361915661551
FINAL 2022/23-2025/26,c,760,-0.0009106719674524099
FINAL 2022/23-2025/26,c,761,-0.0217291779180198
FINAL 2022/23-2025/26,c,762,-0.017209916683564662
FINAL 2022/23-2025/26,c,763,-0.01322662583350672
FINAL 2022/23-2025/26,c,764,-0.013718506978355988
FINAL 2022/23-2025/26,c,765,-0.009246725045573449
FINAL 2022/23-2025/26,c,766,-0.010339283644452763
FINAL 2022/23-2025/26,c,767,-0.012252528815147878
FINAL 2022/23-2025/26,c,768,-0.022912251130744875
FINAL 2022/23-2025/26,c,769,-0.009210596535354823
FINAL 2022/23-2025/26,c,770,-0.009412251244603202
FINAL 2022/23-2025/26,c,771,0.006332013595231508
FINAL 2022/23-2025/26,c,772,-0.015042765874536762
FINAL 2022/23-2025/26,c,773,-0.008774734915383497
FINAL 2022/23-2025/26,c,774,-0.01331884776095072
FINAL 2022/23-2025/26,c,775,-0.0001284615241772787
FINAL 2022/23-2025/26,c,776,0.0017291038720692216
FINAL 2022/23-2025/26,c,777,-0.01264751611961552
FINAL 2022/23-2025/26,c,778,-0.025131526636474437
FINAL 2022/23-2025/26,c,779,-0.023493282040459886
FINAL 2022/23-2025/26,c,780,-0.02083555706399145
FINAL 2022/23-2025/26,c,781,-0.004787869458560211
FINAL 2022/23-2025/26,c,782,-0.01950158573186213
FINAL 2022/23-2025/26,c,783,-0.0236976724668563
FINAL 2022/23-2025/26,c,784,-0.012398620237872734
FINAL 2022/23-2025/26,c,785,0.002465705430571879
FINAL 2022/23-2025/26,c,786,-0.006286118381988312
FINAL 2022/23-2025/26,c,787,-0.002411626123082603
FINAL 2022/23-2025/26,c,788,-0.022091932933755457
FINAL 2022/23-2025/26,c,789,0.00323266146987497
FINAL 2022/23-2025/26,c,790,-0.013537699138150925
FINAL 2022/23-2025/26,c,791,-0.017598825193986353
FINAL 2022/23-2025/26,c,792,0.009961979853209884
FINAL 2022/23-2025/26,c,793,-0.0010538851114145348
FINAL 2022/23-2025/26,c,794,-0.0013564896982468247
FINAL 2022/23-2025/26,c,795,-0.004233422330828351
FINAL 2022/23-2025/26,c,796,-0.01426985417055672
FINAL 2022/23-2025/26,c,797,0.007333937308111865
FINAL 2022/23-2025/26,c,798,-0.015857192608691503
FINAL 2022/23-2025/26,c,799,-0.03241175010701405
FINAL 2022/23-2025/26,c,800,-0.014222249098459552
FINAL 2022/23-2025/26,c,801,-0.006700163525913433
FINAL 2022/23-2025/26,c,802,-0.010847991215510631
FINAL 2022/23-2025/26,c,803,-0.0008144556370135309
FINAL 2022/23-2025/26,c,804,-0.022101801299903398
FINAL 2022/23-2025/26,c,805,-0.025494361279444346
FINAL 2022/23-2025/26,c,806,-0.0006330120220669044
FINAL 2022/23-2025/26,c,807,-0.00972975341947974
FINAL 2022/23-2025/26,c,808,-0.006314545546437848
FINAL 2022/23-2025/26,c,809,0.0006310186381099092
FINAL 2022/23-2025/26,c,810,-0.015290267917238863
FINAL 2022/23-2025/26,c,811,-0.007206874899906807
FINAL 2022/23-2025/26,c,812,0.0003885006822005512
FINAL 2022/23-2025/26,c,813,0.007380101092469877
FINAL 2022/23-2025/26,c,814,-0.013869593308580216
FINAL 2022/23-2025/26,c,815,-0.0074426624735453905
FINAL 2022/23-2025/26,c,816,-0.0056393088267308175
FINAL 2022/23-2025/26,c,817,0.0003115941721582721
FINAL 2022/23-2025/26,c,818,-0.006968581478330932
FINAL 2022/23-2025/26,c,819,-0.016051379703469246
FINAL 2022/23-2025/26,c,820,0.008216862502369063
FINAL 2022/23-2025/26,c,821,-0.021124708438979074
FINAL 2022/23-2025/26,c,822,-0.019641334828156318
FINAL 2022/23-2025/26,c,823,-0.00740457450184355
FINAL 2022/23-2025/26,c,824,0.0035267601591824974
FINAL 2022/23-2025/26,c,825,-0.006027089021891169
FINAL 2022/23-2025/26,c,826,-0.01896596454111324
FINAL 2022/23-2025/26,c,827,-0.011911611343070012
FINAL 2022/23-2025/26,c,828,-0.028400235944097817
FINAL 2022/23-2025/26,c,829,-0.018570660909791294
FINAL 2022/23-2025/26,c,830,-0.004097058418419902
FINAL 2022/23-2025/26,c,831,-0.0035120445051307903
FINAL 2022/23-2025/26,c,832,0.0045998333547637126
FINAL 2022/23-2025/26,c,833,-0.0167213548170238
FINAL 2022/23-2025/26,c,834,-0.03981457600316068
FINAL 2022/23-2025/26,c,835,0.0024808223774929966
FINAL 2022/23-2025/26,c,836,-0.009904329935300209
FINAL 2022/23-2025/26,c,837,-0.009441669210882665
FINAL 2022/23-2025/26,c,838,-0.018599180021082094
FINAL 2022/23-2025/26,c,839,-0.006125308734230846
FINAL 2022/23-2025/26,c,840,-0.03698324572584034
FINAL 2022/23-2025/26,c,841,-0.0088507539493069
FINAL 2022/23-2025/26,c,842,-0.008312184740852512
FINAL 2022/23-2025/26,c,843,-0.0128057260979745
FINAL 2022/23-2025/26,c,844,-0.01578455680164422
FINAL 2022/23-2025/26,c,845,-0.019870480378751373
FINAL 2022/23-2025/26,c,846,-0.008078257518997357
FINAL 2022/23-2025/26,c,847,-0.0103738009899823
FINAL 2022/23-2025/26,c,848,-0.017694931425866693
FINAL 2022/23-2025/26,c,849,-0.00572898923710044
FINAL 2022/23-2025/26,c,850,-0.0066788500548389355
FINAL 2022/23-2025/26,c,851,-0.0006865404121993955
FINAL 2022/23-2025/26,c,852,-0.019274970147335542
FINAL 2022/23-2025/26,c,853,-0.011660510707883204
FINAL 2022/23-2025/26,c,854,-0.016973055762250465
FINAL 2022/23-2025/26,c,855,-0.012365855626375913
FINAL 2022/23-2025/26,c,856,-0.009768695913259929
FINAL 2022/23-2025/26,c,857,-0.014330128841589452
FINAL 2022/23-2025/26,c,858,-0.004779968039067977
FINAL 2022/23-2025/26,c,859,0.010543725122590802
FINAL 2022/23-2025/26,c,860,-0.016386742926076916
FINAL 2022/23-2025/26,c,861,-0.02728041786741975
FINAL 2022/23-2025/26,c,862,-0.010712402230627605
FINAL 2022/23-2025/26,c,863,0.0038625709605283783
FINAL 2022/23-2025/26,c,864,-0.006027615821302283
FINAL 2022/23-2025/26,c,865,-0.007566847286598774
FINAL 2022/23-2025/26,c,866,-0.03303655541388321
FINAL 2022/23-2025/26,c,867,0.005271984980034436
FINAL 2022/23-2025/26,c,868,-0.02068596402712251
FINAL 2022/23-2025/26,c,869,-0.01808687480468041
FINAL 2022/23-2025/26,c,870,-0.012703102304818414
FINAL 2022/23-2025/26,c,871,-0.0038408249949698266
FINAL 2022/23-2025/26,c,872,0.004464388753190437
FINAL 2022/23-2025/26,c,873,-0.005324120159076894
FINAL 2022/23-2025/26,c,874,-0.028097723572458436
FINAL 2022/23-2025/26,c,875,-0.021005106715507017
FINAL 2022/23-2025/26,c,876,-0.017267853656965208
FINAL 2022/23-2025/26,c,877,-0.015344952219202044
FINAL 2022/23-2025/26,c,878,0.0036578162263938875
FINAL 2022/23-2025/26,c,879,-0.019486998612187903
FINAL 2022/23-2025/26,c,880,-0.03556538779431604
FINAL 2022/23-2025/26,c,881,-0.011364135582754172
FINAL 2022/23-2025/26,c,882,-0.018264627965514917
FINAL 2022/23-2025/26,c,883,-0.023976779912621853
FINAL 2022/23-2025/26,c,884,-0.011225523941003207
FINAL 2022/23-2025/26,c,885,-0.0006217575309129392
FINAL 2022/23-2025/26,c,886,-0.006248620623427088
FINAL 2022/23-2025/26,c,887,-0.017338704341420846
FINAL 2022/23-2025/26,c,888,-0.010572275070614704
FINAL 2022/23-2025/26,c,889,-0.01724250477760404
FINAL 2022/23-2025/26,c,890,-0.02122702424400841
FINAL 2022/23-2025/26,c,891,-0.01709017745933629
FINAL 2022/23-2025/26,c,892,-0.013385561264655196
FINAL 2022/23-2025/26,c,893,-0.014077599394688299
FINAL 2022/23-2025/26,c,894,-0.011044205119017814
FINAL 2022/23-2025/26,c,895,-0.008539866521319904
FINAL 2022/23-2025/26,c,896,-0.00839933126931345
FINAL 2022/23-2025/26,c,897,0.010142731822753298
FINAL 2022/23-2025/26,c,898,0.006096986233357263
FINAL 2022/23-2025/26,c,899,0.0007993288797817633
FINAL 2022/23-2025/26,c,900,-0.021303367908708584
FINAL 2022/23-2025/26,c,901,0.0010298636351617034
FINAL 2022/23-2025/26,c,902,-0.013322841734222839
FINAL 2022/23-2025/26,c,903,-0.015893176403219727
FINAL 2022/23-2025/26,c,904,-0.023659787163351216
FINAL 2022/23-2025/26,c,905,0.009319040449533172
FINAL 2022/23-2025/26,c,906,-0.01520931521953782
FINAL 2022/23-2025/26,c,907,-0.018521749781500226
FINAL 2022/23-2025/26,c,908,-0.019721418577449946
FINAL 2022/23-2025/26,c,909,-0.0097000854367214
FINAL 2022/23-2025/26,c,910,-0.005124447978337806
FINAL 2022/23-2025/26,c,911,-0.02646791367988581
FINAL 2022/23-2025/26,c,912,-0.025394783287663134
FINAL 2022/23-2025/26,c,913,-0.023125695714597702
FINAL 2022/23-2025/26,c,914,0.00854108677218528
FINAL 2022/23-2025/26,c,915,0.0009707957473922748
FINAL 2022/23-2025/26,c,916,-0.03544581143358824
FINAL 2022/23-2025/26,c,917,0.013405273482762242
FINAL 2022/23-2025/26,c,918,-0.01118353119361708
FINAL 2022/23-2025/26,c,919,0.006209809341524345
FINAL 2022/23-2025/26,c,920,-0.0051520655483433785
FINAL 2022/23-2025/26,c,921,-0.0155797542397675
FINAL 2022/23-2025/26,c,922,-0.03309486333925721
FINAL 2022/23-2025/26,c,923,-0.00039228777370897694
FINAL 2022/23-2025/26,c,924,-0.011510624303435486
FINAL 2022/23-2025/26,c,925,-0.03196692038816755
FINAL 2022/23-2025/26,c,926,-0.010164520588527341
FINAL 2022/23-2025/26,c,927,-0.001441265155807685
FINAL 2022/23-2025/26,c,928,0.0007171364409011699
FINAL 2022/23-2025/26,c,929,-0.01067536185765821
FINAL 2022/23-2025/26,c,930,-0.009968747398432978
FINAL 2022/23-2025/26,c,931,-0.004264999716666242
FINAL 2022/23-2025/26,c,932,-0.011763472561884817
FINAL 2022/23-2025/26,c,933,-0.02914640569284897
FINAL 2022/23-2025/26,c,934,-0.006062453012929375
FINAL 2022/23-2025/26,c,935,-0.008866901868416793
FINAL 2022/23-2025/26,c,936,-0.00788515133990814
FINAL 2022/23-2025/26,c,937,-0.016507342125372592
FINAL 2022/23-2025/26,c,938,-0.016380143887641696
FINAL 2022/23-2025/26,c,939,-0.023016512021944147
FINAL 2022/23-2025/26,c,940,-0.011379724289699217
FINAL 2022/23-2025/26,c,941,0.004405179065578516
FINAL 2022/23-2025/26,c,942,-0.019500490163520495
FINAL 2022/23-2025/26,c,943,-0.012772779456167505
FINAL 2022/23-2025/26,c,944,-0.00917727823218165
FINAL 2022/23-2025/26,c,945,-0.013764552341509247
FINAL 2022/23-2025/26,c,946,-0.018160785838402027
FINAL 2022/23-2025/26,c,947,-0.0282790078423175
FINAL 2022/23-2025/26,c,948,0.004641857738735499
FINAL 2022/23-2025/26,c,949,-0.01971546465359154
FINAL 2022/23-2025/26,c,950,-0.01640499004573621
FINAL 2022/23-2025/26,c,951,-0.0045672506123993935
FINAL 2022/23-2025/26,c,952,-0.0025685343468182242
FINAL 2022/23-2025/26,c,953,0.0019914263226952916
FINAL 2022/23-2025/26,c,954,-0.011871580353923005
FINAL 2022/23-2025/26,c,955,-0.016656989213122017
FINAL 2022/23-2025/26,c,956,-0.012175576664106444
FINAL 2022/23-2025/26,c,957,-0.009807794503698078
FINAL 2022/23-2025/26,c,958,-0.012347480538613752
FINAL 2022/23-2025/26,c,959,-0.012130313075346781
FINAL 2022/23-2025/26,c,960,-0.012114834099976993
FINAL 2022/23-2025/26,c,961,0.0022983512430979243
FINAL 2022/23-2025/26,c,962,0.003936532753695213
FINAL 2022/23-2025/26,c,963,-0.004617519624014848
FINAL 2022/23-2025/26,c,964,-0.004993689758467812
FINAL 2022/23-2025/26,c,965,-0.014690587680271639
FINAL 2022/23-2025/26,c,966,0.006055386231017036
FINAL 2022/23-2025/26,c,967,-0.019116266305435985
FINAL 2022/23-2025/26,c,968,-0.0023519818158190473
FINAL 2022/23-2025/26,c,969,-0.016234221319746223
FINAL 2022/23-2025/26,c,970,-0.0037809277440076783
FINAL 2022/23-2025/26,c,971,-0.011482914844119303
FINAL 2022/23-2025/26,c,972,-0.014150996937585378
FINAL 2022/23-2025/26,c,973,-0.020852414558951496
FINAL 2022/23-2025/26,c,974,-0.015752746625624828
FINAL 2022/23-2025/26,c,975,-0.0055515596999189095
FINAL 2022/23-2025/26,c,976,-0.00895138247761625
FINAL 2022/23-2025/26,c,977,-0.008947782981083691
FINAL 2022/23-2025/26,c,978,-0.011154467388915606
FINAL 2022/23-2025/26,c,979,-0.019468079975857977
FINAL 2022/23-2025/26,c,980,-0.011460778370989123
FINAL 2022/23-2025/26,c,981,-0.0038497564088671513
FINAL 2022/23-2025/26,c,982,-0.014502315294626734
FINAL 2022/23-2025/26,c,983,0.012616199759337698
FINAL 2022/23-2025/26,c,984,-0.015865713937694984
FINAL 2022/23-2025/26,c,985,-0.002729483864238956
FINAL 2022/23-2025/26,c,986,-0.018614306031179167
FINAL 2022/23-2025/26,c,987,-0.013406081359550315
FINAL 2022/23-2025/26,c,988,-0.018378667067072307
FINAL 2022/23-2025/26,c,989,-0.023911873169294908
FINAL 2022/23-2025/26,c,990,-0.0025669977733498075
FINAL 2022/23-2025/26,c,991,-0.000621737679767604
FINAL 2022/23-2025/26,c,992,-0.00766710052323551
FINAL 2022/23-2025/26,c,993,-0.020810910507925287
FINAL 2022/23-2025/26,c,994,-0.010008700917711916
FINAL 2022/23-2025/26,c,995,-0.003445175212903072
FINAL 2022/23-2025/26,c,996,-0.0032454446024041544
FINAL 2022/23-2025/26,c,997,-0.006488488992025775
FINAL 2022/23-2025/26,c,998,-0.011214371255536898
FINAL 2022/23-2025/26,c,999,-0.006035936581955406
paper 7 (no 2020/21),b,0,-0.027749079177368595
paper 7 (no 2020/21),b,1,-0.023792070276511
paper 7 (no 2020/21),b,2,-0.023979545440258293
paper 7 (no 2020/21),b,3,-0.03885815343452349
paper 7 (no 2020/21),b,4,-0.01241487795044185
paper 7 (no 2020/21),b,5,-0.025664049182896886
paper 7 (no 2020/21),b,6,-0.028649261776178082
paper 7 (no 2020/21),b,7,-0.021566832091178517
paper 7 (no 2020/21),b,8,-0.027269448991625856
paper 7 (no 2020/21),b,9,-0.023932013365696853
paper 7 (no 2020/21),b,10,-0.017066171037633946
paper 7 (no 2020/21),b,11,-0.021307098247638392
paper 7 (no 2020/21),b,12,-0.028791088779189157
paper 7 (no 2020/21),b,13,-0.01927456094376482
paper 7 (no 2020/21),b,14,-0.015161909438729262
paper 7 (no 2020/21),b,15,-0.033287762900771296
paper 7 (no 2020/21),b,16,-0.02574499695536787
paper 7 (no 2020/21),b,17,-0.030404881657023847
paper 7 (no 2020/21),b,18,-0.02224545612542651
paper 7 (no 2020/21),b,19,-0.01853616017524174
paper 7 (no 2020/21),b,20,-0.017961196133068198
paper 7 (no 2020/21),b,21,-0.03169808202433739
paper 7 (no 2020/21),b,22,-0.03608845366087486
paper 7 (no 2020/21),b,23,-0.023443780085076138
paper 7 (no 2020/21),b,24,-0.022146745301099068
paper 7 (no 2020/21),b,25,-0.016905622529937776
paper 7 (no 2020/21),b,26,-0.009601099133552036
paper 7 (no 2020/21),b,27,-0.029103277598535794
paper 7 (no 2020/21),b,28,-0.03436221377540062
paper 7 (no 2020/21),b,29,-0.02241727525920683
paper 7 (no 2020/21),b,30,-0.022563857991912892
paper 7 (no 2020/21),b,31,-0.012037941249608134
paper 7 (no 2020/21),b,32,-0.021123061835887864
paper 7 (no 2020/21),b,33,-0.027754746931200353
paper 7 (no 2020/21),b,34,-0.019363508465062
paper 7 (no 2020/21),b,35,-0.022670924298386224
paper 7 (no 2020/21),b,36,-0.016354640038089688
paper 7 (no 2020/21),b,37,-0.03445903222792539
paper 7 (no 2020/21),b,38,-0.012458362382130673
paper 7 (no 2020/21),b,39,-0.03449296296692447
paper 7 (no 2020/21),b,40,-0.023543235070774292
paper 7 (no 2020/21),b,41,-0.02059943671971842
paper 7 (no 2020/21),b,42,-0.028896482013017144
paper 7 (no 2020/21),b,43,-0.0194227221977902
paper 7 (no 2020/21),b,44,-0.029158523243162093
paper 7 (no 2020/21),b,45,-0.009056454566539031
paper 7 (no 2020/21),b,46,-0.028582706707329326
paper 7 (no 2020/21),b,47,-0.01653935026138135
paper 7 (no 2020/21),b,48,-0.024938353963121263
paper 7 (no 2020/21),b,49,-0.021345853183783944
paper 7 (no 2020/21),b,50,-0.02339974512287352
paper 7 (no 2020/21),b,51,-0.021687430975518347
paper 7 (no 2020/21),b,52,-0.03129413443992282
paper 7 (no 2020/21),b,53,-0.020266864000084654
paper 7 (no 2020/21),b,54,-0.03197889008137891
paper 7 (no 2020/21),b,55,-0.027283092781540428
paper 7 (no 2020/21),b,56,-0.014364208217080076
paper 7 (no 2020/21),b,57,-0.017535388095432067
paper 7 (no 2020/21),b,58,-0.01594763588925251
paper 7 (no 2020/21),b,59,-0.01632566919838481
paper 7 (no 2020/21),b,60,-0.014892021804487246
paper 7 (no 2020/21),b,61,-0.020972318069245037
paper 7 (no 2020/21),b,62,-0.01638724828172761
paper 7 (no 2020/21),b,63,-0.03311066122465231
paper 7 (no 2020/21),b,64,-0.023612495101907084
paper 7 (no 2020/21),b,65,-0.030144806937798294
paper 7 (no 2020/21),b,66,-0.020301420747370826
paper 7 (no 2020/21),b,67,-0.03121407915566709
paper 7 (no 2020/21),b,68,-0.009045571639448113
paper 7 (no 2020/21),b,69,-0.03213129615657656
paper 7 (no 2020/21),b,70,-0.032960444355341734
paper 7 (no 2020/21),b,71,-0.02007812303647972
paper 7 (no 2020/21),b,72,-0.021457716282598092
paper 7 (no 2020/21),b,73,-0.014735824056901922
paper 7 (no 2020/21),b,74,-0.025360452183579137
paper 7 (no 2020/21),b,75,-0.031515335523143645
paper 7 (no 2020/21),b,76,-0.02298077873845826
paper 7 (no 2020/21),b,77,-0.03669038712511654
paper 7 (no 2020/21),b,78,-0.024739236228919013
paper 7 (no 2020/21),b,79,-0.02230216018904283
paper 7 (no 2020/21),b,80,-0.03371047577973708
paper 7 (no 2020/21),b,81,-0.026154585544164284
paper 7 (no 2020/21),b,82,-0.02914595715873561
paper 7 (no 2020/21),b,83,-0.01786710740195478
paper 7 (no 2020/21),b,84,-0.014579859065780635
paper 7 (no 2020/21),b,85,-0.012199835645079309
paper 7 (no 2020/21),b,86,-0.024520320059174167
paper 7 (no 2020/21),b,87,-0.030892609420710836
paper 7 (no 2020/21),b,88,-0.023022298453072656
paper 7 (no 2020/21),b,89,-0.016379808895338972
paper 7 (no 2020/21),b,90,-0.01671448299168839
paper 7 (no 2020/21),b,91,-0.015930248382462688
paper 7 (no 2020/21),b,92,-0.030851036607762523
paper 7 (no 2020/21),b,93,-0.02045373190759655
paper 7 (no 2020/21),b,94,-0.028915764475214302
paper 7 (no 2020/21),b,95,-0.03370180075722059
paper 7 (no 2020/21),b,96,-0.01900598206190076
paper 7 (no 2020/21),b,97,-0.025234869695774167
paper 7 (no 2020/21),b,98,-0.019742003696640757
paper 7 (no 2020/21),b,99,-0.03425283089234006
paper 7 (no 2020/21),b,100,-0.021443730249803894
paper 7 (no 2020/21),b,101,-0.023065769158320516
paper 7 (no 2020/21),b,102,-0.041339268319765816
paper 7 (no 2020/21),b,103,-0.04010809768794861
paper 7 (no 2020/21),b,104,-0.028492739780261338
paper 7 (no 2020/21),b,105,-0.02003404407461596
paper 7 (no 2020/21),b,106,-0.027741447794152163
paper 7 (no 2020/21),b,107,-0.019559610395413214
paper 7 (no 2020/21),b,108,-0.019965375483007856
paper 7 (no 2020/21),b,109,-0.022204513663010225
paper 7 (no 2020/21),b,110,-0.02444065293632619
paper 7 (no 2020/21),b,111,-0.009368626494534817
paper 7 (no 2020/21),b,112,-0.03224059061851685
paper 7 (no 2020/21),b,113,-0.01879209258251553
paper 7 (no 2020/21),b,114,-0.037760792694990504
paper 7 (no 2020/21),b,115,-0.027220538059472735
paper 7 (no 2020/21),b,116,-0.023448232727784634
paper 7 (no 2020/21),b,117,-0.02304903747052981
paper 7 (no 2020/21),b,118,-0.01669008804299279
paper 7 (no 2020/21),b,119,-0.041729144252999964
paper 7 (no 2020/21),b,120,-0.02977981428243326
paper 7 (no 2020/21),b,121,-0.02095179333914859
paper 7 (no 2020/21),b,122,-0.033459216127215495
paper 7 (no 2020/21),b,123,-0.034875443397957506
paper 7 (no 2020/21),b,124,-0.02627199623119436
paper 7 (no 2020/21),b,125,-0.034371153004441976
paper 7 (no 2020/21),b,126,-0.033825683840868315
paper 7 (no 2020/21),b,127,-0.01631564048793035
paper 7 (no 2020/21),b,128,-0.020314212285079396
paper 7 (no 2020/21),b,129,-0.031020926588356527
paper 7 (no 2020/21),b,130,-0.020291683234968532
paper 7 (no 2020/21),b,131,-0.029294815837235852
paper 7 (no 2020/21),b,132,-0.034891689668610934
paper 7 (no 2020/21),b,133,-0.029906067960197295
paper 7 (no 2020/21),b,134,-0.030515119966892993
paper 7 (no 2020/21),b,135,-0.016732528501264568
paper 7 (no 2020/21),b,136,-0.02313414191804581
paper 7 (no 2020/21),b,137,-0.011976147028119293
paper 7 (no 2020/21),b,138,-0.008266017050963477
paper 7 (no 2020/21),b,139,-0.02444334959604342
paper 7 (no 2020/21),b,140,-0.027283078864862406
paper 7 (no 2020/21),b,141,-0.017620969610124406
paper 7 (no 2020/21),b,142,-0.022820286692760407
paper 7 (no 2020/21),b,143,-0.021347514681843455
paper 7 (no 2020/21),b,144,-0.02526147617342262
paper 7 (no 2020/21),b,145,-0.02428476416882719
paper 7 (no 2020/21),b,146,-0.015686965880215495
paper 7 (no 2020/21),b,147,-0.019986405990407713
paper 7 (no 2020/21),b,148,-0.014333614568761602
paper 7 (no 2020/21),b,149,-0.02846738514126619
paper 7 (no 2020/21),b,150,-0.0141879482402462
paper 7 (no 2020/21),b,151,-0.01935990880380576
paper 7 (no 2020/21),b,152,-0.03227189806183954
paper 7 (no 2020/21),b,153,-0.024890694913815535
paper 7 (no 2020/21),b,154,-0.012757859162982383
paper 7 (no 2020/21),b,155,-0.03611311248551763
paper 7 (no 2020/21),b,156,-0.01935475996536931
paper 7 (no 2020/21),b,157,-0.023423641406074558
paper 7 (no 2020/21),b,158,-0.02657054658142747
paper 7 (no 2020/21),b,159,-0.028423341089586912
paper 7 (no 2020/21),b,160,-0.027834822996630613
paper 7 (no 2020/21),b,161,-0.025685438602520455
paper 7 (no 2020/21),b,162,-0.009564826648850227
paper 7 (no 2020/21),b,163,-0.03574053083670012
paper 7 (no 2020/21),b,164,-0.033934800223402714
paper 7 (no 2020/21),b,165,-0.025941878640892806
paper 7 (no 2020/21),b,166,-0.02251472521089236
paper 7 (no 2020/21),b,167,-0.017205094161373436
paper 7 (no 2020/21),b,168,-0.019080016804988324
paper 7 (no 2020/21),b,169,-0.01439232635995713
paper 7 (no 2020/21),b,170,-0.028705694887495525
paper 7 (no 2020/21),b,171,-0.02922633195998045
paper 7 (no 2020/21),b,172,-0.01673662788451712
paper 7 (no 2020/21),b,173,-0.0352141241425777
paper 7 (no 2020/21),b,174,-0.01741999345201016
paper 7 (no 2020/21),b,175,-0.03149242921784731
paper 7 (no 2020/21),b,176,-0.02241222917766164
paper 7 (no 2020/21),b,177,-0.018293795024840808
paper 7 (no 2020/21),b,178,-0.02628808711075958
paper 7 (no 2020/21),b,179,-0.019534289992926283
paper 7 (no 2020/21),b,180,-0.011528085721107806
paper 7 (no 2020/21),b,181,-0.030589858492430323
paper 7 (no 2020/21),b,182,-0.026846915562152043
paper 7 (no 2020/21),b,183,-0.027367772873870367
paper 7 (no 2020/21),b,184,-0.03011022883593867
paper 7 (no 2020/21),b,185,-0.009997521177212514
paper 7 (no 2020/21),b,186,-0.03118132384067003
paper 7 (no 2020/21),b,187,-0.03408679906026483
paper 7 (no 2020/21),b,188,-0.02476539957285409
paper 7 (no 2020/21),b,189,-0.03746392847365983
paper 7 (no 2020/21),b,190,-0.014988161893498737
paper 7 (no 2020/21),b,191,-0.019850998058608404
paper 7 (no 2020/21),b,192,-0.017363515525687937
paper 7 (no 2020/21),b,193,-0.015259275477464805
paper 7 (no 2020/21),b,194,-0.021929230573935227
paper 7 (no 2020/21),b,195,-0.01975519485308926
paper 7 (no 2020/21),b,196,-0.025622298740192805
paper 7 (no 2020/21),b,197,-0.021000777143831997
paper 7 (no 2020/21),b,198,-0.021247516281725616
paper 7 (no 2020/21),b,199,-0.027272389960001336
paper 7 (no 2020/21),b,200,-0.01952992713454737
paper 7 (no 2020/21),b,201,-0.03090366109399586
paper 7 (no 2020/21),b,202,-0.0053213974917040215
paper 7 (no 2020/21),b,203,-0.028074013851801805
paper 7 (no 2020/21),b,204,-0.013928590791323942
paper 7 (no 2020/21),b,205,-0.02295818937749933
paper 7 (no 2020/21),b,206,-0.012003802993754767
paper 7 (no 2020/21),b,207,-0.025858681119241833
paper 7 (no 2020/21),b,208,-0.028574697252521583
paper 7 (no 2020/21),b,209,-0.021667143763639717
paper 7 (no 2020/21),b,210,-0.031131020202801087
paper 7 (no 2020/21),b,211,-0.030611479366691792
paper 7 (no 2020/21),b,212,-0.02135551018932681
paper 7 (no 2020/21),b,213,-0.027675223558588886
paper 7 (no 2020/21),b,214,-0.039558392548764074
paper 7 (no 2020/21),b,215,-0.02617046343544732
paper 7 (no 2020/21),b,216,-0.025571588078744927
paper 7 (no 2020/21),b,217,-0.03743428619348805
paper 7 (no 2020/21),b,218,-0.018271826067262572
paper 7 (no 2020/21),b,219,-0.020346221593717642
paper 7 (no 2020/21),b,220,-0.013220664040468915
paper 7 (no 2020/21),b,221,-0.014040484975823612
paper 7 (no 2020/21),b,222,-0.02179585994323035
paper 7 (no 2020/21),b,223,-0.028077086274878222
paper 7 (no 2020/21),b,224,-0.015502513587018645
paper 7 (no 2020/21),b,225,-0.027400799595073355
paper 7 (no 2020/21),b,226,-0.02324299641591118
paper 7 (no 2020/21),b,227,-0.0184564758754897
paper 7 (no 2020/21),b,228,-0.029961636821922363
paper 7 (no 2020/21),b,229,-0.021742954603251964
paper 7 (no 2020/21),b,230,-0.022869742191028507
paper 7 (no 2020/21),b,231,-0.027134257640866046
paper 7 (no 2020/21),b,232,-0.02851180180880699
paper 7 (no 2020/21),b,233,-0.01379387594409348
paper 7 (no 2020/21),b,234,-0.02409547172006448
paper 7 (no 2020/21),b,235,-0.030039210315576367
paper 7 (no 2020/21),b,236,-0.02557132852133817
paper 7 (no 2020/21),b,237,-0.028006845304854228
paper 7 (no 2020/21),b,238,-0.020213928052805606
paper 7 (no 2020/21),b,239,-0.029762593898499536
paper 7 (no 2020/21),b,240,-0.02835991092402468
paper 7 (no 2020/21),b,241,-0.018723072206000377
paper 7 (no 2020/21),b,242,-0.01621982187400897
paper 7 (no 2020/21),b,243,-0.01664019055887106
paper 7 (no 2020/21),b,244,-0.021677590199006478
paper 7 (no 2020/21),b,245,-0.01017905736367462
paper 7 (no 2020/21),b,246,-0.017000501700392558
paper 7 (no 2020/21),b,247,-0.02838176584883689
paper 7 (no 2020/21),b,248,-0.027483792476689785
paper 7 (no 2020/21),b,249,-0.019761922314627298
paper 7 (no 2020/21),b,250,-0.02271381564937485
paper 7 (no 2020/21),b,251,-0.01558090576683325
paper 7 (no 2020/21),b,252,-0.02877029270960553
paper 7 (no 2020/21),b,253,-0.01666397473396737
paper 7 (no 2020/21),b,254,-0.025874830140016097
paper 7 (no 2020/21),b,255,-0.03196966505412327
paper 7 (no 2020/21),b,256,-0.015031558749902576
paper 7 (no 2020/21),b,257,-0.03573806141670122
paper 7 (no 2020/21),b,258,-0.02612786370144357
paper 7 (no 2020/21),b,259,-0.021418279809408917
paper 7 (no 2020/21),b,260,-0.01117699875483411
paper 7 (no 2020/21),b,261,-0.029092706809317578
paper 7 (no 2020/21),b,262,-0.021888457989282663
paper 7 (no 2020/21),b,263,-0.018807436743228254
paper 7 (no 2020/21),b,264,-0.016619773514985947
paper 7 (no 2020/21),b,265,-0.02069038480986197
paper 7 (no 2020/21),b,266,-0.028619560117676607
paper 7 (no 2020/21),b,267,-0.020931553538382924
paper 7 (no 2020/21),b,268,-0.03401532827696325
paper 7 (no 2020/21),b,269,-0.024146335391756348
paper 7 (no 2020/21),b,270,-0.032783626187740056
paper 7 (no 2020/21),b,271,-0.026297184418657252
paper 7 (no 2020/21),b,272,-0.03198151875847226
paper 7 (no 2020/21),b,273,-0.015039970649711583
paper 7 (no 2020/21),b,274,-0.02711249552010324
paper 7 (no 2020/21),b,275,-0.015964609102611806
paper 7 (no 2020/21),b,276,-0.02677017497719175
paper 7 (no 2020/21),b,277,-0.024887311865279794
paper 7 (no 2020/21),b,278,-0.023296406903719816
paper 7 (no 2020/21),b,279,-0.01230020964463988
paper 7 (no 2020/21),b,280,-0.029666198280364056
paper 7 (no 2020/21),b,281,-0.021745713137640506
paper 7 (no 2020/21),b,282,-0.024637422816936837
paper 7 (no 2020/21),b,283,-0.022880636212634194
paper 7 (no 2020/21),b,284,-0.02288469490196607
paper 7 (no 2020/21),b,285,-0.03230461020646683
paper 7 (no 2020/21),b,286,-0.03437919775811053
paper 7 (no 2020/21),b,287,-0.02498495216414806
paper 7 (no 2020/21),b,288,-0.03200259867892063
paper 7 (no 2020/21),b,289,-0.022412707607277628
paper 7 (no 2020/21),b,290,-0.02180621184816164
paper 7 (no 2020/21),b,291,-0.015803689365671506
paper 7 (no 2020/21),b,292,-0.03175073216206049
paper 7 (no 2020/21),b,293,-0.02119586244275668
paper 7 (no 2020/21),b,294,-0.025495626253682138
paper 7 (no 2020/21),b,295,-0.027185031827943358
paper 7 (no 2020/21),b,296,-0.018763019930683293
paper 7 (no 2020/21),b,297,-0.008584986940294047
paper 7 (no 2020/21),b,298,-0.024706158891077683
paper 7 (no 2020/21),b,299,-0.022816855556852745
paper 7 (no 2020/21),b,300,-0.02701516592909682
paper 7 (no 2020/21),b,301,-0.018681928221302664
paper 7 (no 2020/21),b,302,-0.03717609096958155
paper 7 (no 2020/21),b,303,-0.02527964936916295
paper 7 (no 2020/21),b,304,-0.023774444747632923
paper 7 (no 2020/21),b,305,-0.03621469844016192
paper 7 (no 2020/21),b,306,-0.00651420674655161
paper 7 (no 2020/21),b,307,-0.01826933119880815
paper 7 (no 2020/21),b,308,-0.029921651702709814
paper 7 (no 2020/21),b,309,-0.019010231477633987
paper 7 (no 2020/21),b,310,-0.027788942721012243
paper 7 (no 2020/21),b,311,-0.02499305656337214
paper 7 (no 2020/21),b,312,-0.018091618738835056
paper 7 (no 2020/21),b,313,-0.020762954447495943
paper 7 (no 2020/21),b,314,-0.021678324186675556
paper 7 (no 2020/21),b,315,-0.025341479950779754
paper 7 (no 2020/21),b,316,-0.02436927443577612
paper 7 (no 2020/21),b,317,-0.029618049632205896
paper 7 (no 2020/21),b,318,-0.021124430005701723
paper 7 (no 2020/21),b,319,-0.022944644083946843
paper 7 (no 2020/21),b,320,-0.017991801364088726
paper 7 (no 2020/21),b,321,-0.025326235087904127
paper 7 (no 2020/21),b,322,-0.02338496144321787
paper 7 (no 2020/21),b,323,-0.025071768952519176
paper 7 (no 2020/21),b,324,-0.02146900232738971
paper 7 (no 2020/21),b,325,-0.013250488560819635
paper 7 (no 2020/21),b,326,-0.038964331359254555
paper 7 (no 2020/21),b,327,-0.022899202314935328
paper 7 (no 2020/21),b,328,-0.012827244210296606
paper 7 (no 2020/21),b,329,-0.026474021664816594
paper 7 (no 2020/21),b,330,-0.02544935408636403
paper 7 (no 2020/21),b,331,-0.025095377648466255
paper 7 (no 2020/21),b,332,-0.01971763911588721
paper 7 (no 2020/21),b,333,-0.03681434734017518
paper 7 (no 2020/21),b,334,-0.015929310405991864
paper 7 (no 2020/21),b,335,-0.022522372964530118
paper 7 (no 2020/21),b,336,-0.02857071120612676
paper 7 (no 2020/21),b,337,-0.036306141040440394
paper 7 (no 2020/21),b,338,-0.011691231852266493
paper 7 (no 2020/21),b,339,-0.017563606086660046
paper 7 (no 2020/21),b,340,-0.03380246318753625
paper 7 (no 2020/21),b,341,-0.03159052782940725
paper 7 (no 2020/21),b,342,-0.019203481005194208
paper 7 (no 2020/21),b,343,-0.02773853838302245
paper 7 (no 2020/21),b,344,-0.023164975238743543
paper 7 (no 2020/21),b,345,-0.010303966448008909
paper 7 (no 2020/21),b,346,-0.023696359880499472
paper 7 (no 2020/21),b,347,-0.022389721364356643
paper 7 (no 2020/21),b,348,-0.019432774415898444
paper 7 (no 2020/21),b,349,-0.03951935674725701
paper 7 (no 2020/21),b,350,-0.026409020930987577
paper 7 (no 2020/21),b,351,-0.02798602319901795
paper 7 (no 2020/21),b,352,-0.017979837636743046
paper 7 (no 2020/21),b,353,-0.026846125709264475
paper 7 (no 2020/21),b,354,-0.022782278523254314
paper 7 (no 2020/21),b,355,-0.0070595053130717835
paper 7 (no 2020/21),b,356,-0.014145378164665852
paper 7 (no 2020/21),b,357,-0.03465557989964957
paper 7 (no 2020/21),b,358,-0.02897650602473035
paper 7 (no 2020/21),b,359,-0.024186226147916483
paper 7 (no 2020/21),b,360,-0.030133879594679912
paper 7 (no 2020/21),b,361,-0.027740704348806523
paper 7 (no 2020/21),b,362,-0.012232112457829607
paper 7 (no 2020/21),b,363,-0.031550630556429426
paper 7 (no 2020/21),b,364,-0.020052542571059078
paper 7 (no 2020/21),b,365,-0.01864892958756288
paper 7 (no 2020/21),b,366,-0.02784186564577242
paper 7 (no 2020/21),b,367,-0.01771707323245776
paper 7 (no 2020/21),b,368,-0.035522247570414826
paper 7 (no 2020/21),b,369,-0.03163119619695516
paper 7 (no 2020/21),b,370,-0.022715277538567877
paper 7 (no 2020/21),b,371,-0.0224403029069832
paper 7 (no 2020/21),b,372,-0.02160437669765529
paper 7 (no 2020/21),b,373,-0.021591957846049205
paper 7 (no 2020/21),b,374,-0.0030703023560934087
paper 7 (no 2020/21),b,375,-0.02007254358891771
paper 7 (no 2020/21),b,376,-0.043432030977828856
paper 7 (no 2020/21),b,377,-0.024411240631504356
paper 7 (no 2020/21),b,378,-0.022267196963377704
paper 7 (no 2020/21),b,379,-0.01850610715002631
paper 7 (no 2020/21),b,380,-0.017521443535060195
paper 7 (no 2020/21),b,381,-0.027625114970120313
paper 7 (no 2020/21),b,382,-0.007962309789183258
paper 7 (no 2020/21),b,383,-0.023092018874846146
paper 7 (no 2020/21),b,384,-0.025161107890141227
paper 7 (no 2020/21),b,385,-0.03011023455555447
paper 7 (no 2020/21),b,386,-0.025405461376397077
paper 7 (no 2020/21),b,387,-0.026766713924156083
paper 7 (no 2020/21),b,388,-0.012446586478382083
paper 7 (no 2020/21),b,389,-0.015864896443564817
paper 7 (no 2020/21),b,390,-0.029444406559853177
paper 7 (no 2020/21),b,391,-0.03341427269376718
paper 7 (no 2020/21),b,392,-0.023752337543917992
paper 7 (no 2020/21),b,393,-0.020338530430721428
paper 7 (no 2020/21),b,394,-0.021956015560418006
paper 7 (no 2020/21),b,395,-0.02911881565156938
paper 7 (no 2020/21),b,396,-0.025312333952732666
paper 7 (no 2020/21),b,397,-0.026410281299283956
paper 7 (no 2020/21),b,398,-0.026656082959668183
paper 7 (no 2020/21),b,399,-0.02103930208008215
paper 7 (no 2020/21),b,400,-0.026808635454265605
paper 7 (no 2020/21),b,401,-0.015156211936196618
paper 7 (no 2020/21),b,402,-0.021011587449286627
paper 7 (no 2020/21),b,403,-0.038116398176446104
paper 7 (no 2020/21),b,404,-0.01785595162209
paper 7 (no 2020/21),b,405,-0.02901707006404099
paper 7 (no 2020/21),b,406,-0.02098960173289671
paper 7 (no 2020/21),b,407,-0.016269716939050268
paper 7 (no 2020/21),b,408,-0.009451345811190816
paper 7 (no 2020/21),b,409,-0.020842015783939016
paper 7 (no 2020/21),b,410,-0.029470179373162094
paper 7 (no 2020/21),b,411,-0.019686635244307013
paper 7 (no 2020/21),b,412,-0.015149601800042559
paper 7 (no 2020/21),b,413,-0.0353512557452764
paper 7 (no 2020/21),b,414,-0.028665403390930204
paper 7 (no 2020/21),b,415,-0.015787467771494597
paper 7 (no 2020/21),b,416,-0.02125812131742372
paper 7 (no 2020/21),b,417,-0.021190335874063118
paper 7 (no 2020/21),b,418,-0.025896976353219407
paper 7 (no 2020/21),b,419,-0.01582772816148191
paper 7 (no 2020/21),b,420,-0.01964960876807073
paper 7 (no 2020/21),b,421,-0.019355410272149556
paper 7 (no 2020/21),b,422,-0.01609037938212429
paper 7 (no 2020/21),b,423,-0.03479988701268319
paper 7 (no 2020/21),b,424,-0.026305877087072885
paper 7 (no 2020/21),b,425,-0.02750357603138269
paper 7 (no 2020/21),b,426,-0.02282149292864026
paper 7 (no 2020/21),b,427,-0.021983093088148005
paper 7 (no 2020/21),b,428,-0.02272973420036096
paper 7 (no 2020/21),b,429,-0.020629973456755712
paper 7 (no 2020/21),b,430,-0.03547826432740799
paper 7 (no 2020/21),b,431,-0.019648526368532735
paper 7 (no 2020/21),b,432,-0.019765085867300212
paper 7 (no 2020/21),b,433,-0.027356074248846278
paper 7 (no 2020/21),b,434,-0.023952967179735454
paper 7 (no 2020/21),b,435,-0.026480622377001863
paper 7 (no 2020/21),b,436,-0.027857699558564104
paper 7 (no 2020/21),b,437,-0.020602152049994722
paper 7 (no 2020/21),b,438,-0.030130468112756697
paper 7 (no 2020/21),b,439,-0.005602307897143825
paper 7 (no 2020/21),b,440,-0.032633303005261884
paper 7 (no 2020/21),b,441,-0.02397924837657911
paper 7 (no 2020/21),b,442,-0.03638696857543455
paper 7 (no 2020/21),b,443,-0.02068191035057365
paper 7 (no 2020/21),b,444,-0.029880051707936957
paper 7 (no 2020/21),b,445,-0.015931658394814214
paper 7 (no 2020/21),b,446,-0.02347463876068208
paper 7 (no 2020/21),b,447,-0.025477514517258274
paper 7 (no 2020/21),b,448,-0.008404848829747926
paper 7 (no 2020/21),b,449,-0.03453129985077845
paper 7 (no 2020/21),b,450,-0.014483363235442519
paper 7 (no 2020/21),b,451,-0.018379648332703842
paper 7 (no 2020/21),b,452,-0.021374476712988782
paper 7 (no 2020/21),b,453,-0.02069392703015152
paper 7 (no 2020/21),b,454,-0.016701057189641717
paper 7 (no 2020/21),b,455,-0.01951100155195292
paper 7 (no 2020/21),b,456,-0.026226537748948703
paper 7 (no 2020/21),b,457,-0.017010399379119467
paper 7 (no 2020/21),b,458,-0.03295680749866364
paper 7 (no 2020/21),b,459,-0.029226139357046148
paper 7 (no 2020/21),b,460,-0.021844223110765403
paper 7 (no 2020/21),b,461,-0.012978913513990891
paper 7 (no 2020/21),b,462,-0.0316349737725243
paper 7 (no 2020/21),b,463,-0.02507947411756821
paper 7 (no 2020/21),b,464,-0.019555890661244406
paper 7 (no 2020/21),b,465,-0.031050119812894454
paper 7 (no 2020/21),b,466,-0.030799452659417127
paper 7 (no 2020/21),b,467,-0.03239075339140114
paper 7 (no 2020/21),b,468,-0.01885979257432649
paper 7 (no 2020/21),b,469,-0.026887038362601888
paper 7 (no 2020/21),b,470,-0.023682070080048828
paper 7 (no 2020/21),b,471,-0.019345096021527765
paper 7 (no 2020/21),b,472,-0.022813062218450024
paper 7 (no 2020/21),b,473,-0.023053452465818466
paper 7 (no 2020/21),b,474,-0.02231225575428903
paper 7 (no 2020/21),b,475,-0.02282722905706449
paper 7 (no 2020/21),b,476,-0.03361493101325001
paper 7 (no 2020/21),b,477,-0.03111632877542
paper 7 (no 2020/21),b,478,-0.029731026785904953
paper 7 (no 2020/21),b,479,-0.03388565780289077
paper 7 (no 2020/21),b,480,-0.012346586581450991
paper 7 (no 2020/21),b,481,-0.017483184784321974
paper 7 (no 2020/21),b,482,-0.021172986958325635
paper 7 (no 2020/21),b,483,-0.0229359610504871
paper 7 (no 2020/21),b,484,-0.017349850723536536
paper 7 (no 2020/21),b,485,-0.013950549858514771
paper 7 (no 2020/21),b,486,-0.0265101967281799
paper 7 (no 2020/21),b,487,-0.02845113003656144
paper 7 (no 2020/21),b,488,-0.02406169109775695
paper 7 (no 2020/21),b,489,-0.021789765850880407
paper 7 (no 2020/21),b,490,-0.011433547775295625
paper 7 (no 2020/21),b,491,-0.034061089950524676
paper 7 (no 2020/21),b,492,-0.02872883255092523
paper 7 (no 2020/21),b,493,-0.010040529265657207
paper 7 (no 2020/21),b,494,-0.03233353851024804
paper 7 (no 2020/21),b,495,-0.03139047834615851
paper 7 (no 2020/21),b,496,-0.022410474821594202
paper 7 (no 2020/21),b,497,-0.021829620798042876
paper 7 (no 2020/21),b,498,-0.019348810767813324
paper 7 (no 2020/21),b,499,-0.01890880559111225
paper 7 (no 2020/21),b,500,-0.01484086704538024
paper 7 (no 2020/21),b,501,-0.017341885314187976
paper 7 (no 2020/21),b,502,-0.030030950631739384
paper 7 (no 2020/21),b,503,-0.043979879895008775
paper 7 (no 2020/21),b,504,-0.024995062231953462
paper 7 (no 2020/21),b,505,-0.01395112462811033
paper 7 (no 2020/21),b,506,-0.03417995653795308
paper 7 (no 2020/21),b,507,-0.025757882953347137
paper 7 (no 2020/21),b,508,-0.014845434184410172
paper 7 (no 2020/21),b,509,-0.026501916996442994
paper 7 (no 2020/21),b,510,-0.03132038026993804
paper 7 (no 2020/21),b,511,-0.019953281917943665
paper 7 (no 2020/21),b,512,-0.01310366519089691
paper 7 (no 2020/21),b,513,-0.025399792862567324
paper 7 (no 2020/21),b,514,-0.027055440184707086
paper 7 (no 2020/21),b,515,-0.017984620129792298
paper 7 (no 2020/21),b,516,-0.016289613380587268
paper 7 (no 2020/21),b,517,-0.029817605586289795
paper 7 (no 2020/21),b,518,-0.024824053211484357
paper 7 (no 2020/21),b,519,-0.03770199231324309
paper 7 (no 2020/21),b,520,-0.0313535256780037
paper 7 (no 2020/21),b,521,-0.022587260840584565
paper 7 (no 2020/21),b,522,-0.022110869256155158
paper 7 (no 2020/21),b,523,-0.029235043049865295
paper 7 (no 2020/21),b,524,-0.03886975849479327
paper 7 (no 2020/21),b,525,-0.03253988990337984
paper 7 (no 2020/21),b,526,-0.022412208919283645
paper 7 (no 2020/21),b,527,-0.02103038093984036
paper 7 (no 2020/21),b,528,-0.020670194874725198
paper 7 (no 2020/21),b,529,-0.01760545609544144
paper 7 (no 2020/21),b,530,-0.02007655120323971
paper 7 (no 2020/21),b,531,-0.01867531857883171
paper 7 (no 2020/21),b,532,-0.01265594397474697
paper 7 (no 2020/21),b,533,-0.025535621206784202
paper 7 (no 2020/21),b,534,-0.01830841841561348
paper 7 (no 2020/21),b,535,-0.019664775872123442
paper 7 (no 2020/21),b,536,-0.027741140096345308
paper 7 (no 2020/21),b,537,-0.021817680620411346
paper 7 (no 2020/21),b,538,-0.010658223696261002
paper 7 (no 2020/21),b,539,-0.018130976685208182
paper 7 (no 2020/21),b,540,-0.028511655921841253
paper 7 (no 2020/21),b,541,-0.0148862672590299
paper 7 (no 2020/21),b,542,-0.017222338924993856
paper 7 (no 2020/21),b,543,-0.015680172267466756
paper 7 (no 2020/21),b,544,-0.005821964140384784
paper 7 (no 2020/21),b,545,-0.013893165734595914
paper 7 (no 2020/21),b,546,-0.024013684101109545
paper 7 (no 2020/21),b,547,-0.0298845627130536
paper 7 (no 2020/21),b,548,-0.026178330957292124
paper 7 (no 2020/21),b,549,-0.017491443001144337
paper 7 (no 2020/21),b,550,-0.015436203506031802
paper 7 (no 2020/21),b,551,-0.020688479429915065
paper 7 (no 2020/21),b,552,-0.024926719291300324
paper 7 (no 2020/21),b,553,-0.02234648253726356
paper 7 (no 2020/21),b,554,-0.025129712157683608
paper 7 (no 2020/21),b,555,-0.023183171153580432
paper 7 (no 2020/21),b,556,-0.02446973652890108
paper 7 (no 2020/21),b,557,-0.02538049048730396
paper 7 (no 2020/21),b,558,-0.021810269479154227
paper 7 (no 2020/21),b,559,-0.014438258434252147
paper 7 (no 2020/21),b,560,-0.027634601256039493
paper 7 (no 2020/21),b,561,-0.012294295903192596
paper 7 (no 2020/21),b,562,-0.01887017374345218
paper 7 (no 2020/21),b,563,-0.033885140619658805
paper 7 (no 2020/21),b,564,-0.026846006268917172
paper 7 (no 2020/21),b,565,-0.020573389317338184
paper 7 (no 2020/21),b,566,-0.024955762531098283
paper 7 (no 2020/21),b,567,-0.009839368013745707
paper 7 (no 2020/21),b,568,-0.015714697820113085
paper 7 (no 2020/21),b,569,-0.03339508536328454
paper 7 (no 2020/21),b,570,-0.02106468654948128
paper 7 (no 2020/21),b,571,-0.0221725845868342
paper 7 (no 2020/21),b,572,-0.019532611172274887
paper 7 (no 2020/21),b,573,-0.02085814994338562
paper 7 (no 2020/21),b,574,-0.040150221827307736
paper 7 (no 2020/21),b,575,-0.028923287309873993
paper 7 (no 2020/21),b,576,-0.02692877390211782
paper 7 (no 2020/21),b,577,-0.022944169628368382
paper 7 (no 2020/21),b,578,-0.032966987677385505
paper 7 (no 2020/21),b,579,-0.021472856152837005
paper 7 (no 2020/21),b,580,-0.003014022239764368
paper 7 (no 2020/21),b,581,-0.019289635531797803
paper 7 (no 2020/21),b,582,-0.030351287554283908
paper 7 (no 2020/21),b,583,-0.017706680851955536
paper 7 (no 2020/21),b,584,-0.011013888247494403
paper 7 (no 2020/21),b,585,-0.016839309464446697
paper 7 (no 2020/21),b,586,-0.015069147610394113
paper 7 (no 2020/21),b,587,-0.024654568162270785
paper 7 (no 2020/21),b,588,-0.025817892476211617
paper 7 (no 2020/21),b,589,-0.02496430802505861
paper 7 (no 2020/21),b,590,-0.024238840029146353
paper 7 (no 2020/21),b,591,-0.023302914164047662
paper 7 (no 2020/21),b,592,-0.03719777558905181
paper 7 (no 2020/21),b,593,-0.01687699292028391
paper 7 (no 2020/21),b,594,-0.021566204553015698
paper 7 (no 2020/21),b,595,-0.026759021064703997
paper 7 (no 2020/21),b,596,-0.022836310243776997
paper 7 (no 2020/21),b,597,-0.024259857085725176
paper 7 (no 2020/21),b,598,-0.023178365075683223
paper 7 (no 2020/21),b,599,-0.0159317859807293
paper 7 (no 2020/21),b,600,-0.01993698650566601
paper 7 (no 2020/21),b,601,-0.020920838358282186
paper 7 (no 2020/21),b,602,-0.03202864586873312
paper 7 (no 2020/21),b,603,-0.019047151324097983
paper 7 (no 2020/21),b,604,-0.029873073289142044
paper 7 (no 2020/21),b,605,-0.030410948408909982
paper 7 (no 2020/21),b,606,-0.033653307753557196
paper 7 (no 2020/21),b,607,-0.026618449787006327
paper 7 (no 2020/21),b,608,-0.03991675872932063
paper 7 (no 2020/21),b,609,-0.018483954156601392
paper 7 (no 2020/21),b,610,-0.014817118323639253
paper 7 (no 2020/21),b,611,-0.03319725767901639
paper 7 (no 2020/21),b,612,-0.009483448347578414
paper 7 (no 2020/21),b,613,-0.0296013592978593
paper 7 (no 2020/21),b,614,-0.0315454342119751
paper 7 (no 2020/21),b,615,-0.029359789326407114
paper 7 (no 2020/21),b,616,-0.00827066747383675
paper 7 (no 2020/21),b,617,-0.010466159391429648
paper 7 (no 2020/21),b,618,-0.009288268974300394
paper 7 (no 2020/21),b,619,-0.030082215547311667
paper 7 (no 2020/21),b,620,-0.01668469756218512
paper 7 (no 2020/21),b,621,-0.032438352154731044
paper 7 (no 2020/21),b,622,-0.024372294058780265
paper 7 (no 2020/21),b,623,-0.026310693659788595
paper 7 (no 2020/21),b,624,-0.024542349233859097
paper 7 (no 2020/21),b,625,-0.01698057066860793
paper 7 (no 2020/21),b,626,-0.022882746518351017
paper 7 (no 2020/21),b,627,-0.032012075240965984
paper 7 (no 2020/21),b,628,-0.019148680977883237
paper 7 (no 2020/21),b,629,-0.02844393462053827
paper 7 (no 2020/21),b,630,-0.02756082498295629
paper 7 (no 2020/21),b,631,-0.02698270076068115
paper 7 (no 2020/21),b,632,-0.01940979566977992
paper 7 (no 2020/21),b,633,-0.04369008451462162
paper 7 (no 2020/21),b,634,-0.015389138589284056
paper 7 (no 2020/21),b,635,-0.01764583362742076
paper 7 (no 2020/21),b,636,-0.02728509616180308
paper 7 (no 2020/21),b,637,-0.017511161968139975
paper 7 (no 2020/21),b,638,-0.0389692339571433
paper 7 (no 2020/21),b,639,-0.022377549062374012
paper 7 (no 2020/21),b,640,-0.014228204992683685
paper 7 (no 2020/21),b,641,-0.024568913468391185
paper 7 (no 2020/21),b,642,-0.023767807663744665
paper 7 (no 2020/21),b,643,-0.0243215691592858
paper 7 (no 2020/21),b,644,-0.017896935022998404
paper 7 (no 2020/21),b,645,-0.03022445590817285
paper 7 (no 2020/21),b,646,-0.021257395006303255
paper 7 (no 2020/21),b,647,-0.030150576787143064
paper 7 (no 2020/21),b,648,-0.02520119007361451
paper 7 (no 2020/21),b,649,-0.03024824276816967
paper 7 (no 2020/21),b,650,-0.01709201420363557
paper 7 (no 2020/21),b,651,-0.023870121833800058
paper 7 (no 2020/21),b,652,-0.01791022925202917
paper 7 (no 2020/21),b,653,-0.018982942300921728
paper 7 (no 2020/21),b,654,-0.025748799505026218
paper 7 (no 2020/21),b,655,-0.007006755169772913
paper 7 (no 2020/21),b,656,-0.030829876771829252
paper 7 (no 2020/21),b,657,-0.02354800378787874
paper 7 (no 2020/21),b,658,-0.006468615385165416
paper 7 (no 2020/21),b,659,-0.031514413427837756
paper 7 (no 2020/21),b,660,-0.026957374544228918
paper 7 (no 2020/21),b,661,-0.007998628787261552
paper 7 (no 2020/21),b,662,-0.019364898937496114
paper 7 (no 2020/21),b,663,-0.021393034338399442
paper 7 (no 2020/21),b,664,-0.03218720847575701
paper 7 (no 2020/21),b,665,-0.03458843852219361
paper 7 (no 2020/21),b,666,-0.02582251931241407
paper 7 (no 2020/21),b,667,-0.003036615409711358
paper 7 (no 2020/21),b,668,-0.034260938617666076
paper 7 (no 2020/21),b,669,-0.023866034696508637
paper 7 (no 2020/21),b,670,-0.021263820563542545
paper 7 (no 2020/21),b,671,-0.021271905585812764
paper 7 (no 2020/21),b,672,-0.02860248128404569
paper 7 (no 2020/21),b,673,-0.018142294322763756
paper 7 (no 2020/21),b,674,-0.023017400515682074
paper 7 (no 2020/21),b,675,-0.031184248272328005
paper 7 (no 2020/21),b,676,-0.011278247164861782
paper 7 (no 2020/21),b,677,-0.01506192629047344
paper 7 (no 2020/21),b,678,-0.014764546454418463
paper 7 (no 2020/21),b,679,-0.019109950144943443
paper 7 (no 2020/21),b,680,-0.019832726087083086
paper 7 (no 2020/21),b,681,-0.021536594285810742
paper 7 (no 2020/21),b,682,-0.016171963395870542
paper 7 (no 2020/21),b,683,-0.015779603738099113
paper 7 (no 2020/21),b,684,-0.028677421741073184
paper 7 (no 2020/21),b,685,-0.013312137581094396
paper 7 (no 2020/21),b,686,-0.015607417491086507
paper 7 (no 2020/21),b,687,-0.031054717948371488
paper 7 (no 2020/21),b,688,-0.032456270979634064
paper 7 (no 2020/21),b,689,-0.018462331747705438
paper 7 (no 2020/21),b,690,-0.03471956778371204
paper 7 (no 2020/21),b,691,-0.027418743258970653
paper 7 (no 2020/21),b,692,-0.013241097240550122
paper 7 (no 2020/21),b,693,-0.017327686948761228
paper 7 (no 2020/21),b,694,-0.022448036448228143
paper 7 (no 2020/21),b,695,-0.023606721611787077
paper 7 (no 2020/21),b,696,-0.02265220812242939
paper 7 (no 2020/21),b,697,-0.021101276541116112
paper 7 (no 2020/21),b,698,-0.023243386874688892
paper 7 (no 2020/21),b,699,-0.02437840292751247
paper 7 (no 2020/21),b,700,-0.020665441053740657
paper 7 (no 2020/21),b,701,-0.019124330596419256
paper 7 (no 2020/21),b,702,-0.03460512279700374
paper 7 (no 2020/21),b,703,-0.021524518954884345
paper 7 (no 2020/21),b,704,-0.03242814756069953
paper 7 (no 2020/21),b,705,-0.02799682266016853
paper 7 (no 2020/21),b,706,-0.026707502185305848
paper 7 (no 2020/21),b,707,-0.03424076886826473
paper 7 (no 2020/21),b,708,-0.016949647601299835
paper 7 (no 2020/21),b,709,-0.019024240022915334
paper 7 (no 2020/21),b,710,-0.025230454442630508
paper 7 (no 2020/21),b,711,-0.01143515107027785
paper 7 (no 2020/21),b,712,-0.02646625531762701
paper 7 (no 2020/21),b,713,-0.03840287970558963
paper 7 (no 2020/21),b,714,-0.02548334260290478
paper 7 (no 2020/21),b,715,-0.02001398517063826
paper 7 (no 2020/21),b,716,-0.013742937450070943
paper 7 (no 2020/21),b,717,-0.024579185419306603
paper 7 (no 2020/21),b,718,-0.023218200893121693
paper 7 (no 2020/21),b,719,-0.030924699275105383
paper 7 (no 2020/21),b,720,-0.029277627256849792
paper 7 (no 2020/21),b,721,-0.0280100896607468
paper 7 (no 2020/21),b,722,-0.024311844923040945
paper 7 (no 2020/21),b,723,-0.020548217226536696
paper 7 (no 2020/21),b,724,-0.03842923008246401
paper 7 (no 2020/21),b,725,-0.02737430178816158
paper 7 (no 2020/21),b,726,-0.029470201849467005
paper 7 (no 2020/21),b,727,-0.006939419912788609
paper 7 (no 2020/21),b,728,-0.03171811458004063
paper 7 (no 2020/21),b,729,-0.014216008747532347
paper 7 (no 2020/21),b,730,-0.018762571918295827
paper 7 (no 2020/21),b,731,-0.020299682134323014
paper 7 (no 2020/21),b,732,-0.02443813015981288
paper 7 (no 2020/21),b,733,-0.028305167902885446
paper 7 (no 2020/21),b,734,-0.03177731789637206
paper 7 (no 2020/21),b,735,-0.02399008946616981
paper 7 (no 2020/21),b,736,-0.01788945153888003
paper 7 (no 2020/21),b,737,-0.03062416553517113
paper 7 (no 2020/21),b,738,-0.03957414491885943
paper 7 (no 2020/21),b,739,-0.023748467667911177
paper 7 (no 2020/21),b,740,-0.027587206241014676
paper 7 (no 2020/21),b,741,-0.018462200774088104
paper 7 (no 2020/21),b,742,-0.018530836346812334
paper 7 (no 2020/21),b,743,-0.026909903080045518
paper 7 (no 2020/21),b,744,-0.007748459228760537
paper 7 (no 2020/21),b,745,-0.03034448365549306
paper 7 (no 2020/21),b,746,-0.026014000163856854
paper 7 (no 2020/21),b,747,-0.012091420908456255
paper 7 (no 2020/21),b,748,-0.014889711632944535
paper 7 (no 2020/21),b,749,-0.011859960617488329
paper 7 (no 2020/21),b,750,-0.01880678349629275
paper 7 (no 2020/21),b,751,-0.021167754223581022
paper 7 (no 2020/21),b,752,-0.02713484861225148
paper 7 (no 2020/21),b,753,-0.02360648696470808
paper 7 (no 2020/21),b,754,-0.037936647677305535
paper 7 (no 2020/21),b,755,-0.015984501804556607
paper 7 (no 2020/21),b,756,-0.024311728379136744
paper 7 (no 2020/21),b,757,-0.02381454014197747
paper 7 (no 2020/21),b,758,-0.02112048316960203
paper 7 (no 2020/21),b,759,-0.026125576704476215
paper 7 (no 2020/21),b,760,-0.02336478087287877
paper 7 (no 2020/21),b,761,-0.024275783842061856
paper 7 (no 2020/21),b,762,-0.017708026314870073
paper 7 (no 2020/21),b,763,-0.02356446715336646
paper 7 (no 2020/21),b,764,-0.03659165799672311
paper 7 (no 2020/21),b,765,-0.020376329720985964
paper 7 (no 2020/21),b,766,-0.022937231839381685
paper 7 (no 2020/21),b,767,-0.024526605610186727
paper 7 (no 2020/21),b,768,-0.01682648661004038
paper 7 (no 2020/21),b,769,-0.03230794831216123
paper 7 (no 2020/21),b,770,-0.0300758294236828
paper 7 (no 2020/21),b,771,-0.009058961285924826
paper 7 (no 2020/21),b,772,-0.010214854298163002
paper 7 (no 2020/21),b,773,-0.023132169759853934
paper 7 (no 2020/21),b,774,-0.016203963013175598
paper 7 (no 2020/21),b,775,-0.027315699100632647
paper 7 (no 2020/21),b,776,-0.025413284624950534
paper 7 (no 2020/21),b,777,-0.02678248525321232
paper 7 (no 2020/21),b,778,-0.02985894138174413
paper 7 (no 2020/21),b,779,-0.03190991669101496
paper 7 (no 2020/21),b,780,-0.015673397545623524
paper 7 (no 2020/21),b,781,-0.02120195790362534
paper 7 (no 2020/21),b,782,-0.01663142277102237
paper 7 (no 2020/21),b,783,-0.015843796244851452
paper 7 (no 2020/21),b,784,-0.013208846689591998
paper 7 (no 2020/21),b,785,-0.017782566339960323
paper 7 (no 2020/21),b,786,-0.019813189975808145
paper 7 (no 2020/21),b,787,-0.03524802044649227
paper 7 (no 2020/21),b,788,-0.023105056720456058
paper 7 (no 2020/21),b,789,-0.028808795408246185
paper 7 (no 2020/21),b,790,-0.021357534838796644
paper 7 (no 2020/21),b,791,-0.014006313065374948
paper 7 (no 2020/21),b,792,-0.03386975371579079
paper 7 (no 2020/21),b,793,-0.022951866867228624
paper 7 (no 2020/21),b,794,-0.025734670395133337
paper 7 (no 2020/21),b,795,-0.024265756957869714
paper 7 (no 2020/21),b,796,-0.014254173908918786
paper 7 (no 2020/21),b,797,-0.0206077913847863
paper 7 (no 2020/21),b,798,-0.020843858965097363
paper 7 (no 2020/21),b,799,-0.025904412131376633
paper 7 (no 2020/21),b,800,-0.023749068275831575
paper 7 (no 2020/21),b,801,-0.013493865957356932
paper 7 (no 2020/21),b,802,-0.005871267053147944
paper 7 (no 2020/21),b,803,-0.029167918372369518
paper 7 (no 2020/21),b,804,-0.018178967295700354
paper 7 (no 2020/21),b,805,-0.022949730556757482
paper 7 (no 2020/21),b,806,-0.036487223395114926
paper 7 (no 2020/21),b,807,-0.010316076963643476
paper 7 (no 2020/21),b,808,-0.025751361346872177
paper 7 (no 2020/21),b,809,-0.03187604970782346
paper 7 (no 2020/21),b,810,-0.01596216738641075
paper 7 (no 2020/21),b,811,-0.016700782043791558
paper 7 (no 2020/21),b,812,-0.009643484876487184
paper 7 (no 2020/21),b,813,-0.014684179894345473
paper 7 (no 2020/21),b,814,-0.021618907155896486
paper 7 (no 2020/21),b,815,-0.02257805077816957
paper 7 (no 2020/21),b,816,-0.025889411027096954
paper 7 (no 2020/21),b,817,-0.022058928735795465
paper 7 (no 2020/21),b,818,-0.016910138325595563
paper 7 (no 2020/21),b,819,-0.03146174806386319
paper 7 (no 2020/21),b,820,-0.02139441101637211
paper 7 (no 2020/21),b,821,-0.0315947023429019
paper 7 (no 2020/21),b,822,-0.02040346847973161
paper 7 (no 2020/21),b,823,-0.01605366331018332
paper 7 (no 2020/21),b,824,-0.019199197396577272
paper 7 (no 2020/21),b,825,-0.029595868035874516
paper 7 (no 2020/21),b,826,-0.03636426350749757
paper 7 (no 2020/21),b,827,-0.03519540875752036
paper 7 (no 2020/21),b,828,-0.02244274726707609
paper 7 (no 2020/21),b,829,-0.02074994157413723
paper 7 (no 2020/21),b,830,-0.03799464841139068
paper 7 (no 2020/21),b,831,-0.025274976865987144
paper 7 (no 2020/21),b,832,-0.013228412454117124
paper 7 (no 2020/21),b,833,-0.03046334457491771
paper 7 (no 2020/21),b,834,-0.018830867907663418
paper 7 (no 2020/21),b,835,-0.029871838366859676
paper 7 (no 2020/21),b,836,-0.02600228422023692
paper 7 (no 2020/21),b,837,-0.017588378237043616
paper 7 (no 2020/21),b,838,-0.02234988771351619
paper 7 (no 2020/21),b,839,-0.039831324218085905
paper 7 (no 2020/21),b,840,-0.03437041895349131
paper 7 (no 2020/21),b,841,-0.02165503657715462
paper 7 (no 2020/21),b,842,-0.02279297224214019
paper 7 (no 2020/21),b,843,-0.03915875775933711
paper 7 (no 2020/21),b,844,-0.032109394330649375
paper 7 (no 2020/21),b,845,-0.030907434611951903
paper 7 (no 2020/21),b,846,-0.028302049726784594
paper 7 (no 2020/21),b,847,-0.025144805057718073
paper 7 (no 2020/21),b,848,-0.03646184615310656
paper 7 (no 2020/21),b,849,-0.025194573481059235
paper 7 (no 2020/21),b,850,-0.01628012593700532
paper 7 (no 2020/21),b,851,-0.025030745384227275
paper 7 (no 2020/21),b,852,-0.034775421108467555
paper 7 (no 2020/21),b,853,-0.011220476443060203
paper 7 (no 2020/21),b,854,-0.027273894090292645
paper 7 (no 2020/21),b,855,-0.024064937873389043
paper 7 (no 2020/21),b,856,-0.029640294416567514
paper 7 (no 2020/21),b,857,-0.030538945528842114
paper 7 (no 2020/21),b,858,-0.015334884553843133
paper 7 (no 2020/21),b,859,-0.012499846303743114
paper 7 (no 2020/21),b,860,-0.02724714639444288
paper 7 (no 2020/21),b,861,-0.018691694854597145
paper 7 (no 2020/21),b,862,-0.02119794564403388
paper 7 (no 2020/21),b,863,-0.029320631660481607
paper 7 (no 2020/21),b,864,-0.01673011265022867
paper 7 (no 2020/21),b,865,-0.01665467103939139
paper 7 (no 2020/21),b,866,-0.030866458303729073
paper 7 (no 2020/21),b,867,-0.021347395738535977
paper 7 (no 2020/21),b,868,-0.009157768529582735
paper 7 (no 2020/21),b,869,-0.02074308327903655
paper 7 (no 2020/21),b,870,-0.005503329413137082
paper 7 (no 2020/21),b,871,-0.013065393935617137
paper 7 (no 2020/21),b,872,-0.0363947532934749
paper 7 (no 2020/21),b,873,-0.006647611621262791
paper 7 (no 2020/21),b,874,-0.021528719364670518
paper 7 (no 2020/21),b,875,-0.018403512411685474
paper 7 (no 2020/21),b,876,-0.025187983335796454
paper 7 (no 2020/21),b,877,-0.027399849544803657
paper 7 (no 2020/21),b,878,-0.010623165210914809
paper 7 (no 2020/21),b,879,-0.020413178164411752
paper 7 (no 2020/21),b,880,-0.012084351159835166
paper 7 (no 2020/21),b,881,-0.022484596856676732
paper 7 (no 2020/21),b,882,-0.035878853861881076
paper 7 (no 2020/21),b,883,-0.02844807230969203
paper 7 (no 2020/21),b,884,-0.028552320101384848
paper 7 (no 2020/21),b,885,-0.02051969130617243
paper 7 (no 2020/21),b,886,-0.025792747148302157
paper 7 (no 2020/21),b,887,-0.01271399203198059
paper 7 (no 2020/21),b,888,-0.019602519907221456
paper 7 (no 2020/21),b,889,-0.027527138771842777
paper 7 (no 2020/21),b,890,-0.023400514566039303
paper 7 (no 2020/21),b,891,-0.026014308351865422
paper 7 (no 2020/21),b,892,-0.020788717199866344
paper 7 (no 2020/21),b,893,-0.024096200606258934
paper 7 (no 2020/21),b,894,-0.029643778304480926
paper 7 (no 2020/21),b,895,-0.023236990453049968
paper 7 (no 2020/21),b,896,-0.027788380200807823
paper 7 (no 2020/21),b,897,-0.029699550247006712
paper 7 (no 2020/21),b,898,-0.02580200432365392
paper 7 (no 2020/21),b,899,-0.026865864522130457
paper 7 (no 2020/21),b,900,-0.035263328152732
paper 7 (no 2020/21),b,901,-0.012007043872163427
paper 7 (no 2020/21),b,902,-0.023540554219309576
paper 7 (no 2020/21),b,903,-0.024125095410896455
paper 7 (no 2020/21),b,904,-0.028897222976592397
paper 7 (no 2020/21),b,905,-0.025236126977092238
paper 7 (no 2020/21),b,906,-0.029127441879725754
paper 7 (no 2020/21),b,907,-0.011540872443842595
paper 7 (no 2020/21),b,908,-0.01807487039509397
paper 7 (no 2020/21),b,909,-0.021629969917044262
paper 7 (no 2020/21),b,910,-0.02323927175629511
paper 7 (no 2020/21),b,911,-0.022840445552761705
paper 7 (no 2020/21),b,912,-0.031348210047195756
paper 7 (no 2020/21),b,913,-0.028712411645061407
paper 7 (no 2020/21),b,914,-0.01881638842627099
paper 7 (no 2020/21),b,915,-0.0191870490722087
paper 7 (no 2020/21),b,916,-0.026504195604790372
paper 7 (no 2020/21),b,917,-0.026692583214232794
paper 7 (no 2020/21),b,918,-0.02317012542469354
paper 7 (no 2020/21),b,919,-0.026617459101794718
paper 7 (no 2020/21),b,920,-0.02066021980215489
paper 7 (no 2020/21),b,921,-0.0269392067761228
paper 7 (no 2020/21),b,922,-0.011693733791391193
paper 7 (no 2020/21),b,923,-0.03068876750043434
paper 7 (no 2020/21),b,924,-0.0216661164962065
paper 7 (no 2020/21),b,925,-0.03861267515984589
paper 7 (no 2020/21),b,926,-0.03218851236239052
paper 7 (no 2020/21),b,927,-0.04171474741003639
paper 7 (no 2020/21),b,928,-0.030121065405186213
paper 7 (no 2020/21),b,929,-0.011595688453608196
paper 7 (no 2020/21),b,930,-0.02664916087520995
paper 7 (no 2020/21),b,931,-0.020406800948903816
paper 7 (no 2020/21),b,932,-0.01097567371576091
paper 7 (no 2020/21),b,933,-0.033697441845280375
paper 7 (no 2020/21),b,934,-0.02532606931887977
paper 7 (no 2020/21),b,935,-0.02620096743795542
paper 7 (no 2020/21),b,936,-0.02312496173988903
paper 7 (no 2020/21),b,937,-0.01554880456128565
paper 7 (no 2020/21),b,938,-0.021699804917483766
paper 7 (no 2020/21),b,939,-0.026479080155565944
paper 7 (no 2020/21),b,940,-0.020952436251429278
paper 7 (no 2020/21),b,941,-0.02613326083844833
paper 7 (no 2020/21),b,942,-0.031111968926649598
paper 7 (no 2020/21),b,943,-0.026179636820872425
paper 7 (no 2020/21),b,944,-0.02267997489348588
paper 7 (no 2020/21),b,945,-0.022670051889730272
paper 7 (no 2020/21),b,946,-0.016023303631259773
paper 7 (no 2020/21),b,947,-0.02534822942333608
paper 7 (no 2020/21),b,948,-0.026034366891102348
paper 7 (no 2020/21),b,949,-0.02769406881883516
paper 7 (no 2020/21),b,950,-0.04652667599376948
paper 7 (no 2020/21),b,951,-0.019582176757129845
paper 7 (no 2020/21),b,952,-0.03476581664806445
paper 7 (no 2020/21),b,953,-0.026575290695065337
paper 7 (no 2020/21),b,954,-0.016148294279189155
paper 7 (no 2020/21),b,955,-0.019985505760768123
paper 7 (no 2020/21),b,956,-0.006292654113500263
paper 7 (no 2020/21),b,957,-0.029432231720814085
paper 7 (no 2020/21),b,958,-0.027948883160851992
paper 7 (no 2020/21),b,959,-0.015255489454851487
paper 7 (no 2020/21),b,960,-0.016692149473720885
paper 7 (no 2020/21),b,961,-0.028783420088868732
paper 7 (no 2020/21),b,962,-0.02103642916246173
paper 7 (no 2020/21),b,963,-0.03273631976953095
paper 7 (no 2020/21),b,964,-0.03154949131167542
paper 7 (no 2020/21),b,965,-0.03183362805156152
paper 7 (no 2020/21),b,966,-0.03261570531894612
paper 7 (no 2020/21),b,967,-0.023743067714479857
paper 7 (no 2020/21),b,968,-0.030850962893288585
paper 7 (no 2020/21),b,969,-0.027469542100590442
paper 7 (no 2020/21),b,970,-0.03278868653255759
paper 7 (no 2020/21),b,971,-0.028998448541511075
paper 7 (no 2020/21),b,972,-0.0230296881944958
paper 7 (no 2020/21),b,973,-0.01166610385598744
paper 7 (no 2020/21),b,974,-0.007521559902483009
paper 7 (no 2020/21),b,975,-0.03052094748053613
paper 7 (no 2020/21),b,976,-0.016712348266016072
paper 7 (no 2020/21),b,977,-0.01277270756531149
paper 7 (no 2020/21),b,978,-0.024005924421230902
paper 7 (no 2020/21),b,979,-0.027861401669092206
paper 7 (no 2020/21),b,980,-0.021234193615217736
paper 7 (no 2020/21),b,981,-0.0209980420003429
paper 7 (no 2020/21),b,982,-0.026189209224065393
paper 7 (no 2020/21),b,983,-0.021632786052271348
paper 7 (no 2020/21),b,984,-0.01699609091997712
paper 7 (no 2020/21),b,985,-0.019727669737405105
paper 7 (no 2020/21),b,986,-0.030736148625319575
paper 7 (no 2020/21),b,987,-0.03158223805053201
paper 7 (no 2020/21),b,988,-0.0334998890176423
paper 7 (no 2020/21),b,989,-0.016988394154837057
paper 7 (no 2020/21),b,990,-0.02212777368259618
paper 7 (no 2020/21),b,991,-0.017841093774072357
paper 7 (no 2020/21),b,992,-0.017175765951704995
paper 7 (no 2020/21),b,993,-0.027883588781751744
paper 7 (no 2020/21),b,994,-0.026840095562396745
paper 7 (no 2020/21),b,995,-0.031150219655108988
paper 7 (no 2020/21),b,996,-0.0235971720047623
paper 7 (no 2020/21),b,997,-0.030359209057440432
paper 7 (no 2020/21),b,998,-0.021522828029084208
paper 7 (no 2020/21),b,999,-0.021512858874076002
paper 7 (no 2020/21),c,0,-0.010435573319617964
paper 7 (no 2020/21),c,1,-0.006444789103338035
paper 7 (no 2020/21),c,2,-0.013977482631247547
paper 7 (no 2020/21),c,3,-0.028150825874477266
paper 7 (no 2020/21),c,4,-0.008069411041032325
paper 7 (no 2020/21),c,5,-0.015020210014983344
paper 7 (no 2020/21),c,6,-0.018080636063731156
paper 7 (no 2020/21),c,7,-0.010455522303234353
paper 7 (no 2020/21),c,8,-0.020146089241840585
paper 7 (no 2020/21),c,9,-0.008845624766762766
paper 7 (no 2020/21),c,10,-0.011201273492360614
paper 7 (no 2020/21),c,11,-0.0031901597966640972
paper 7 (no 2020/21),c,12,-0.01404533639074371
paper 7 (no 2020/21),c,13,-0.011802775989450712
paper 7 (no 2020/21),c,14,-0.01597655144807254
paper 7 (no 2020/21),c,15,-0.011095314803056172
paper 7 (no 2020/21),c,16,-0.013994317059019658
paper 7 (no 2020/21),c,17,-0.0026699837962569327
paper 7 (no 2020/21),c,18,-0.006147959995508568
paper 7 (no 2020/21),c,19,-0.018814610526307844
paper 7 (no 2020/21),c,20,-0.011620759785715836
paper 7 (no 2020/21),c,21,-0.014236827435084823
paper 7 (no 2020/21),c,22,-0.022108772127313166
paper 7 (no 2020/21),c,23,-0.023255352872575075
paper 7 (no 2020/21),c,24,0.005228933664588703
paper 7 (no 2020/21),c,25,-0.0038326295290975892
paper 7 (no 2020/21),c,26,0.0031978678869440356
paper 7 (no 2020/21),c,27,-0.019573034712870974
paper 7 (no 2020/21),c,28,-0.003406844657429734
paper 7 (no 2020/21),c,29,-0.01921963382517396
paper 7 (no 2020/21),c,30,-0.01901214527818302
paper 7 (no 2020/21),c,31,-0.00751083414464206
paper 7 (no 2020/21),c,32,-0.00939255524974265
paper 7 (no 2020/21),c,33,-0.008718404193059488
paper 7 (no 2020/21),c,34,-0.013003067765921583
paper 7 (no 2020/21),c,35,-0.023883563589367527
paper 7 (no 2020/21),c,36,-0.019406670095017627
paper 7 (no 2020/21),c,37,-0.014865360624087453
paper 7 (no 2020/21),c,38,-0.025953784169386374
paper 7 (no 2020/21),c,39,-0.015288829971722335
paper 7 (no 2020/21),c,40,-0.012956277737374374
paper 7 (no 2020/21),c,41,-0.010290735724163698
paper 7 (no 2020/21),c,42,-0.024387766107493172
paper 7 (no 2020/21),c,43,-0.012175891251239728
paper 7 (no 2020/21),c,44,-0.007351463570004381
paper 7 (no 2020/21),c,45,-0.006465137673650891
paper 7 (no 2020/21),c,46,-0.021085113029552092
paper 7 (no 2020/21),c,47,-0.00965471479873017
paper 7 (no 2020/21),c,48,-0.02786561750735967
paper 7 (no 2020/21),c,49,-0.00585214185990531
paper 7 (no 2020/21),c,50,-0.013433914837175055
paper 7 (no 2020/21),c,51,-0.017231008117081056
paper 7 (no 2020/21),c,52,-0.009387056664296551
paper 7 (no 2020/21),c,53,-0.02024015510140633
paper 7 (no 2020/21),c,54,-0.013550519988814522
paper 7 (no 2020/21),c,55,-0.01589281238967036
paper 7 (no 2020/21),c,56,-0.01561811576880669
paper 7 (no 2020/21),c,57,-0.021623955367334198
paper 7 (no 2020/21),c,58,-0.010876495809892929
paper 7 (no 2020/21),c,59,-0.012991909415702906
paper 7 (no 2020/21),c,60,-0.01466124022025127
paper 7 (no 2020/21),c,61,-0.016270458705343813
paper 7 (no 2020/21),c,62,-0.007202473613016848
paper 7 (no 2020/21),c,63,-0.014059245464108019
paper 7 (no 2020/21),c,64,-0.013784409823580254
paper 7 (no 2020/21),c,65,-0.023506916987566184
paper 7 (no 2020/21),c,66,-0.0063583785296289635
paper 7 (no 2020/21),c,67,-0.010235960330595059
paper 7 (no 2020/21),c,68,-0.006418322764960363
paper 7 (no 2020/21),c,69,-0.014960153565440656
paper 7 (no 2020/21),c,70,-0.012770587851739474
paper 7 (no 2020/21),c,71,-0.029902321041316723
paper 7 (no 2020/21),c,72,-0.019727357762415937
paper 7 (no 2020/21),c,73,-0.019207000179758855
paper 7 (no 2020/21),c,74,-0.027557735937866916
paper 7 (no 2020/21),c,75,-0.014931394793170925
paper 7 (no 2020/21),c,76,-0.010451656033299707
paper 7 (no 2020/21),c,77,-0.012573111104106086
paper 7 (no 2020/21),c,78,-0.010164418755097524
paper 7 (no 2020/21),c,79,-0.0036143926895002825
paper 7 (no 2020/21),c,80,-0.019529370942562112
paper 7 (no 2020/21),c,81,-0.002318630978144765
paper 7 (no 2020/21),c,82,-0.027135880989425307
paper 7 (no 2020/21),c,83,-0.004049956688428052
paper 7 (no 2020/21),c,84,-0.012957267802021872
paper 7 (no 2020/21),c,85,-0.011364766772874142
paper 7 (no 2020/21),c,86,-0.0002426116259493863
paper 7 (no 2020/21),c,87,-0.01190761008868825
paper 7 (no 2020/21),c,88,-0.015360581112520647
paper 7 (no 2020/21),c,89,-0.01764290648476615
paper 7 (no 2020/21),c,90,-0.00945164753688144
paper 7 (no 2020/21),c,91,-0.007641677726197761
paper 7 (no 2020/21),c,92,-0.0137959487817788
paper 7 (no 2020/21),c,93,-0.013343967846211221
paper 7 (no 2020/21),c,94,-0.010744256967159976
paper 7 (no 2020/21),c,95,-0.030620484019906444
paper 7 (no 2020/21),c,96,0.002636254168093365
paper 7 (no 2020/21),c,97,-0.014318967935190755
paper 7 (no 2020/21),c,98,-0.00849202180754344
paper 7 (no 2020/21),c,99,-0.012829664139104396
paper 7 (no 2020/21),c,100,-0.015218347505987925
paper 7 (no 2020/21),c,101,-0.010583356359297462
paper 7 (no 2020/21),c,102,-0.006054791495008321
paper 7 (no 2020/21),c,103,-0.01159959538888727
paper 7 (no 2020/21),c,104,-0.008893225461337159
paper 7 (no 2020/21),c,105,-0.021048144444005705
paper 7 (no 2020/21),c,106,-0.02525095425533105
paper 7 (no 2020/21),c,107,-0.023946141239828113
paper 7 (no 2020/21),c,108,-0.007440413154891207
paper 7 (no 2020/21),c,109,-0.020957328986408553
paper 7 (no 2020/21),c,110,-0.010040418344590457
paper 7 (no 2020/21),c,111,-0.02083409159974472
paper 7 (no 2020/21),c,112,-0.01743383150288981
paper 7 (no 2020/21),c,113,-0.021873757381285205
paper 7 (no 2020/21),c,114,-0.023894390531503742
paper 7 (no 2020/21),c,115,-0.013171549773898032
paper 7 (no 2020/21),c,116,-0.008015641364578066
paper 7 (no 2020/21),c,117,-0.017519679882696204
paper 7 (no 2020/21),c,118,-0.01745223867354776
paper 7 (no 2020/21),c,119,-0.0249762996043755
paper 7 (no 2020/21),c,120,-0.01721881925135889
paper 7 (no 2020/21),c,121,-0.011984004132287352
paper 7 (no 2020/21),c,122,-0.02001559325896625
paper 7 (no 2020/21),c,123,-0.007803525939294509
paper 7 (no 2020/21),c,124,-0.009464808175380169
paper 7 (no 2020/21),c,125,-0.027355651662699418
paper 7 (no 2020/21),c,126,-0.00891352883853189
paper 7 (no 2020/21),c,127,-0.019853921977585426
paper 7 (no 2020/21),c,128,-0.0053841426413671935
paper 7 (no 2020/21),c,129,-0.0016855681540352864
paper 7 (no 2020/21),c,130,-0.01682736305600521
paper 7 (no 2020/21),c,131,-0.011386493017272943
paper 7 (no 2020/21),c,132,-0.003104277076354042
paper 7 (no 2020/21),c,133,-0.0028140881897486467
paper 7 (no 2020/21),c,134,-0.010371180100970746
paper 7 (no 2020/21),c,135,-0.0075922760401011
paper 7 (no 2020/21),c,136,-0.011353422916402811
paper 7 (no 2020/21),c,137,-0.007434862104194976
paper 7 (no 2020/21),c,138,-0.019461750163461085
paper 7 (no 2020/21),c,139,-0.013113140688474051
paper 7 (no 2020/21),c,140,-0.013048870127984632
paper 7 (no 2020/21),c,141,-0.016927964580129906
paper 7 (no 2020/21),c,142,-0.021131887101283574
paper 7 (no 2020/21),c,143,-0.024015242916224224
paper 7 (no 2020/21),c,144,-0.011732252592757331
paper 7 (no 2020/21),c,145,-0.01735665485534182
paper 7 (no 2020/21),c,146,-0.012830985709677632
paper 7 (no 2020/21),c,147,-0.019609972082652326
paper 7 (no 2020/21),c,148,-0.028187580681874696
paper 7 (no 2020/21),c,149,-0.014972686439436979
paper 7 (no 2020/21),c,150,-0.00583376015022613
paper 7 (no 2020/21),c,151,-0.018801051296984832
paper 7 (no 2020/21),c,152,-0.016382409614212282
paper 7 (no 2020/21),c,153,-0.014399358983674813
paper 7 (no 2020/21),c,154,-0.012129417112243055
paper 7 (no 2020/21),c,155,-0.01368400732257238
paper 7 (no 2020/21),c,156,-0.016899838852724315
paper 7 (no 2020/21),c,157,-0.02501578472418329
paper 7 (no 2020/21),c,158,-0.023101364061519344
paper 7 (no 2020/21),c,159,-0.009309460633716626
paper 7 (no 2020/21),c,160,-0.01652929112220892
paper 7 (no 2020/21),c,161,-0.02037774883031574
paper 7 (no 2020/21),c,162,-0.006301762119099157
paper 7 (no 2020/21),c,163,-0.00988760071679532
paper 7 (no 2020/21),c,164,-0.012705990825324564
paper 7 (no 2020/21),c,165,-0.02048395668826507
paper 7 (no 2020/21),c,166,-0.019167348248208607
paper 7 (no 2020/21),c,167,-0.013227977052858057
paper 7 (no 2020/21),c,168,-0.011465396810963797
paper 7 (no 2020/21),c,169,-0.019291748517644154
paper 7 (no 2020/21),c,170,-0.015472979916142066
paper 7 (no 2020/21),c,171,-0.00876239444556835
paper 7 (no 2020/21),c,172,-0.011659297582420864
paper 7 (no 2020/21),c,173,0.0010117135247919296
paper 7 (no 2020/21),c,174,-0.015232249520717799
paper 7 (no 2020/21),c,175,-0.013577755302644968
paper 7 (no 2020/21),c,176,-0.020375951065162677
paper 7 (no 2020/21),c,177,-0.014250023522135677
paper 7 (no 2020/21),c,178,-0.003558710315202599
paper 7 (no 2020/21),c,179,-0.015250027808744366
paper 7 (no 2020/21),c,180,-0.015938624588717185
paper 7 (no 2020/21),c,181,-0.021097503666596566
paper 7 (no 2020/21),c,182,-0.03254006173947764
paper 7 (no 2020/21),c,183,-0.008703203062542565
paper 7 (no 2020/21),c,184,-0.017768156464219552
paper 7 (no 2020/21),c,185,-0.013720406244587256
paper 7 (no 2020/21),c,186,-0.014298504536457618
paper 7 (no 2020/21),c,187,-0.023593180316536323
paper 7 (no 2020/21),c,188,-0.017542656976650722
paper 7 (no 2020/21),c,189,-0.013967534917695007
paper 7 (no 2020/21),c,190,-0.01719571631658295
paper 7 (no 2020/21),c,191,-0.031476976858817826
paper 7 (no 2020/21),c,192,-0.013224120633571743
paper 7 (no 2020/21),c,193,-0.009550233992486655
paper 7 (no 2020/21),c,194,-0.016975104587331317
paper 7 (no 2020/21),c,195,-0.019614156176877593
paper 7 (no 2020/21),c,196,-0.010936512246045044
paper 7 (no 2020/21),c,197,-0.022263579681984565
paper 7 (no 2020/21),c,198,-0.012533742952519222
paper 7 (no 2020/21),c,199,-0.01301105224689393
paper 7 (no 2020/21),c,200,-0.01479888765658195
paper 7 (no 2020/21),c,201,-0.015131516612476687
paper 7 (no 2020/21),c,202,-0.019082813144172196
paper 7 (no 2020/21),c,203,-0.01884386442803289
paper 7 (no 2020/21),c,204,-0.016858929950088412
paper 7 (no 2020/21),c,205,-0.021390534424937265
paper 7 (no 2020/21),c,206,-0.015734696484029257
paper 7 (no 2020/21),c,207,-0.019504191253608427
paper 7 (no 2020/21),c,208,-0.008012167177116655
paper 7 (no 2020/21),c,209,-0.012779136042913
paper 7 (no 2020/21),c,210,-0.017812462195917717
paper 7 (no 2020/21),c,211,-0.016126828918543567
paper 7 (no 2020/21),c,212,-0.004194177668688164
paper 7 (no 2020/21),c,213,-0.007679279624503984
paper 7 (no 2020/21),c,214,-0.01374806270828124
paper 7 (no 2020/21),c,215,-0.023794963864343547
paper 7 (no 2020/21),c,216,-0.015077629710452213
paper 7 (no 2020/21),c,217,-0.02055743297694259
paper 7 (no 2020/21),c,218,-0.015205645207709822
paper 7 (no 2020/21),c,219,-0.015406318217128179
paper 7 (no 2020/21),c,220,-0.011100308334655917
paper 7 (no 2020/21),c,221,-0.02264630454091364
paper 7 (no 2020/21),c,222,-0.019361404502791467
paper 7 (no 2020/21),c,223,-0.014733315552604508
paper 7 (no 2020/21),c,224,-0.01948420259134222
paper 7 (no 2020/21),c,225,-0.014076994254291982
paper 7 (no 2020/21),c,226,-0.016865861922745175
paper 7 (no 2020/21),c,227,-0.011657807279080385
paper 7 (no 2020/21),c,228,-0.010589556087680141
paper 7 (no 2020/21),c,229,-0.019448239969367415
paper 7 (no 2020/21),c,230,-0.017171197564714878
paper 7 (no 2020/21),c,231,-0.015511469983050915
paper 7 (no 2020/21),c,232,-0.024018683491739884
paper 7 (no 2020/21),c,233,-0.016287053147592486
paper 7 (no 2020/21),c,234,-0.011845035171963822
paper 7 (no 2020/21),c,235,-0.025431980433824584
paper 7 (no 2020/21),c,236,-0.0031263593607391473
paper 7 (no 2020/21),c,237,-0.01548231787199119
paper 7 (no 2020/21),c,238,-0.0029255643578408605
paper 7 (no 2020/21),c,239,-0.013737369283934805
paper 7 (no 2020/21),c,240,-0.013408654666896822
paper 7 (no 2020/21),c,241,-0.010584449916494355
paper 7 (no 2020/21),c,242,-0.01249903888292819
paper 7 (no 2020/21),c,243,-0.013932370940620015
paper 7 (no 2020/21),c,244,-0.009582945374785198
paper 7 (no 2020/21),c,245,-0.023327675624538524
paper 7 (no 2020/21),c,246,-0.0023733639319947807
paper 7 (no 2020/21),c,247,-0.020339569728721994
paper 7 (no 2020/21),c,248,-0.014622704282421187
paper 7 (no 2020/21),c,249,-0.022936193116716033
paper 7 (no 2020/21),c,250,-0.011884748173635173
paper 7 (no 2020/21),c,251,-0.0021448527231510885
paper 7 (no 2020/21),c,252,-0.012314865824852118
paper 7 (no 2020/21),c,253,-0.02012201672329673
paper 7 (no 2020/21),c,254,-0.01694704119680104
paper 7 (no 2020/21),c,255,-0.01239785959153127
paper 7 (no 2020/21),c,256,-0.020113763717945463
paper 7 (no 2020/21),c,257,-0.009345815423532279
paper 7 (no 2020/21),c,258,-0.011405165928896246
paper 7 (no 2020/21),c,259,-0.011625202104920171
paper 7 (no 2020/21),c,260,-0.015657574040410592
paper 7 (no 2020/21),c,261,-0.002140505820361371
paper 7 (no 2020/21),c,262,-0.007590598938417824
paper 7 (no 2020/21),c,263,-0.0071044583437414165
paper 7 (no 2020/21),c,264,0.0019297805769926085
paper 7 (no 2020/21),c,265,-0.00799864656273851
paper 7 (no 2020/21),c,266,-0.0006199130094395947
paper 7 (no 2020/21),c,267,-0.016183696503922172
paper 7 (no 2020/21),c,268,-0.010815015011943721
paper 7 (no 2020/21),c,269,-0.01931132331066817
paper 7 (no 2020/21),c,270,-0.015622213939531403
paper 7 (no 2020/21),c,271,-0.008093927276153517
paper 7 (no 2020/21),c,272,-0.010627528537387798
paper 7 (no 2020/21),c,273,-0.012411642323630083
paper 7 (no 2020/21),c,274,-0.009338433595137863
paper 7 (no 2020/21),c,275,-0.00931129403715299
paper 7 (no 2020/21),c,276,-0.003687956259892638
paper 7 (no 2020/21),c,277,-0.008123178233270066
paper 7 (no 2020/21),c,278,-0.02476251239413214
paper 7 (no 2020/21),c,279,-0.01451673954916717
paper 7 (no 2020/21),c,280,0.0018555909622919814
paper 7 (no 2020/21),c,281,-0.021565376232942607
paper 7 (no 2020/21),c,282,-0.018809945773148172
paper 7 (no 2020/21),c,283,-0.006359281169584875
paper 7 (no 2020/21),c,284,-0.011820047488123413
paper 7 (no 2020/21),c,285,-0.01984172490385286
paper 7 (no 2020/21),c,286,-0.012949942429164828
paper 7 (no 2020/21),c,287,-0.023603595083487982
paper 7 (no 2020/21),c,288,-0.01187268892219891
paper 7 (no 2020/21),c,289,-0.01793037281982955
paper 7 (no 2020/21),c,290,-0.003649102104435203
paper 7 (no 2020/21),c,291,-0.020424592583378972
paper 7 (no 2020/21),c,292,-0.011147046227318616
paper 7 (no 2020/21),c,293,-0.005522617104784414
paper 7 (no 2020/21),c,294,-0.011238508535645791
paper 7 (no 2020/21),c,295,-0.00881645809491725
paper 7 (no 2020/21),c,296,-0.013794538527292973
paper 7 (no 2020/21),c,297,-0.019222443155693585
paper 7 (no 2020/21),c,298,-0.025271162820693693
paper 7 (no 2020/21),c,299,-0.0060576089773077876
paper 7 (no 2020/21),c,300,-0.010516834736260484
paper 7 (no 2020/21),c,301,-0.01674003133292404
paper 7 (no 2020/21),c,302,0.0016628658347679019
paper 7 (no 2020/21),c,303,-0.0132901672304865
paper 7 (no 2020/21),c,304,-0.014171023018225967
paper 7 (no 2020/21),c,305,-0.008658417538631412
paper 7 (no 2020/21),c,306,-0.02827448855130258
paper 7 (no 2020/21),c,307,-0.01646453980631697
paper 7 (no 2020/21),c,308,-0.022511175367266566
paper 7 (no 2020/21),c,309,-0.004145246759099615
paper 7 (no 2020/21),c,310,-0.01393682449261489
paper 7 (no 2020/21),c,311,-0.023903120606446317
paper 7 (no 2020/21),c,312,-0.009460833149895608
paper 7 (no 2020/21),c,313,-0.00719360397884734
paper 7 (no 2020/21),c,314,-0.014677752126170809
paper 7 (no 2020/21),c,315,-0.03552082671374377
paper 7 (no 2020/21),c,316,-0.016035155964846032
paper 7 (no 2020/21),c,317,-0.0008944120055647195
paper 7 (no 2020/21),c,318,-0.02540032473753629
paper 7 (no 2020/21),c,319,-0.02067666230070641
paper 7 (no 2020/21),c,320,-0.012057078819962241
paper 7 (no 2020/21),c,321,-0.01216348996023385
paper 7 (no 2020/21),c,322,-0.02029022992673456
paper 7 (no 2020/21),c,323,-0.02045097513159747
paper 7 (no 2020/21),c,324,-0.02001038342899957
paper 7 (no 2020/21),c,325,-0.015648970398731817
paper 7 (no 2020/21),c,326,-0.007583409954796404
paper 7 (no 2020/21),c,327,-0.010040095434127495
paper 7 (no 2020/21),c,328,-0.024647250085741076
paper 7 (no 2020/21),c,329,-0.01805187610924751
paper 7 (no 2020/21),c,330,-0.00983477150699916
paper 7 (no 2020/21),c,331,-0.016859187836295263
paper 7 (no 2020/21),c,332,-0.0062207470748121135
paper 7 (no 2020/21),c,333,-0.01515261835873882
paper 7 (no 2020/21),c,334,-0.012341751701044954
paper 7 (no 2020/21),c,335,-0.00812873963788141
paper 7 (no 2020/21),c,336,-0.018156392798589646
paper 7 (no 2020/21),c,337,-0.014709619003037081
paper 7 (no 2020/21),c,338,-0.025676856851267797
paper 7 (no 2020/21),c,339,-0.008254962358344886
paper 7 (no 2020/21),c,340,-0.018102264710231093
paper 7 (no 2020/21),c,341,-0.009526720763403017
paper 7 (no 2020/21),c,342,-0.013759990693917873
paper 7 (no 2020/21),c,343,-0.020763622534758136
paper 7 (no 2020/21),c,344,-0.013031106814252071
paper 7 (no 2020/21),c,345,-0.017752613509667975
paper 7 (no 2020/21),c,346,-0.02306795674890014
paper 7 (no 2020/21),c,347,-0.010817561917339279
paper 7 (no 2020/21),c,348,-0.017193654750193174
paper 7 (no 2020/21),c,349,-0.012583872915074382
paper 7 (no 2020/21),c,350,-0.0140921987277469
paper 7 (no 2020/21),c,351,-0.017218789101251956
paper 7 (no 2020/21),c,352,-0.012277359726645305
paper 7 (no 2020/21),c,353,-0.011615746043103625
paper 7 (no 2020/21),c,354,-0.013305573705242388
paper 7 (no 2020/21),c,355,-0.0183745917754376
paper 7 (no 2020/21),c,356,-0.013901653745880592
paper 7 (no 2020/21),c,357,-0.018579896552831075
paper 7 (no 2020/21),c,358,-0.00645224107460057
paper 7 (no 2020/21),c,359,-0.00977712114758808
paper 7 (no 2020/21),c,360,-0.02153619649146419
paper 7 (no 2020/21),c,361,-0.019082258331136897
paper 7 (no 2020/21),c,362,-0.009781080504185446
paper 7 (no 2020/21),c,363,-0.004808520381221023
paper 7 (no 2020/21),c,364,-0.008859207954907746
paper 7 (no 2020/21),c,365,-0.00961493316127978
paper 7 (no 2020/21),c,366,-0.017108829769683125
paper 7 (no 2020/21),c,367,-0.019192466674554355
paper 7 (no 2020/21),c,368,-0.022952266784722553
paper 7 (no 2020/21),c,369,-0.004254146039751652
paper 7 (no 2020/21),c,370,-0.009499260415306986
paper 7 (no 2020/21),c,371,-0.013573015285721472
paper 7 (no 2020/21),c,372,-0.024739656802981052
paper 7 (no 2020/21),c,373,0.0047694010244047815
paper 7 (no 2020/21),c,374,-0.022901724722767983
paper 7 (no 2020/21),c,375,-0.004444122933662177
paper 7 (no 2020/21),c,376,-0.020476878421627494
paper 7 (no 2020/21),c,377,-0.012638432879365866
paper 7 (no 2020/21),c,378,-0.021739095858801162
paper 7 (no 2020/21),c,379,-0.02178364734799909
paper 7 (no 2020/21),c,380,-8.701048856920093e-05
paper 7 (no 2020/21),c,381,-0.008338546792175702
paper 7 (no 2020/21),c,382,-0.019842605404221534
paper 7 (no 2020/21),c,383,-0.01720314857854407
paper 7 (no 2020/21),c,384,-0.019143757516423613
paper 7 (no 2020/21),c,385,-0.015031904455983257
paper 7 (no 2020/21),c,386,-0.005099644092648897
paper 7 (no 2020/21),c,387,-0.018621110863874434
paper 7 (no 2020/21),c,388,-0.005957263883890857
paper 7 (no 2020/21),c,389,-0.012848278023002473
paper 7 (no 2020/21),c,390,-0.013350539797977078
paper 7 (no 2020/21),c,391,-0.022440199052465942
paper 7 (no 2020/21),c,392,-0.006671201082370558
paper 7 (no 2020/21),c,393,-0.0202301770814778
paper 7 (no 2020/21),c,394,-0.01445259395075033
paper 7 (no 2020/21),c,395,-0.018971673320339746
paper 7 (no 2020/21),c,396,-0.003997956683165016
paper 7 (no 2020/21),c,397,-0.02241149637534926
paper 7 (no 2020/21),c,398,-0.01605888084249698
paper 7 (no 2020/21),c,399,-0.010609899375907748
paper 7 (no 2020/21),c,400,-0.011333457149037211
paper 7 (no 2020/21),c,401,-0.005226460270300624
paper 7 (no 2020/21),c,402,-0.005202401374391874
paper 7 (no 2020/21),c,403,-0.03302509054711251
paper 7 (no 2020/21),c,404,-0.007382550010502185
paper 7 (no 2020/21),c,405,-0.008297054374251739
paper 7 (no 2020/21),c,406,-0.02961052642648325
paper 7 (no 2020/21),c,407,-0.017783238518272793
paper 7 (no 2020/21),c,408,-0.011421055613722683
paper 7 (no 2020/21),c,409,-0.006713321464482145
paper 7 (no 2020/21),c,410,-0.010843113972191027
paper 7 (no 2020/21),c,411,-0.014259644807374077
paper 7 (no 2020/21),c,412,-0.01747090369987299
paper 7 (no 2020/21),c,413,-0.025421066324911652
paper 7 (no 2020/21),c,414,-0.014016021984821745
paper 7 (no 2020/21),c,415,-0.010242854394112095
paper 7 (no 2020/21),c,416,-0.006809193688382221
paper 7 (no 2020/21),c,417,-0.01631011668378597
paper 7 (no 2020/21),c,418,-0.014450827377260063
paper 7 (no 2020/21),c,419,-0.012699219979342619
paper 7 (no 2020/21),c,420,-0.013531136826162221
paper 7 (no 2020/21),c,421,-0.0231273558395584
paper 7 (no 2020/21),c,422,-0.0123641396874496
paper 7 (no 2020/21),c,423,-0.019300147618319125
paper 7 (no 2020/21),c,424,-0.01817403751367944
paper 7 (no 2020/21),c,425,-0.021639889762314624
paper 7 (no 2020/21),c,426,-0.015502979230555733
paper 7 (no 2020/21),c,427,-0.016403552330758686
paper 7 (no 2020/21),c,428,-0.006930208235413093
paper 7 (no 2020/21),c,429,-0.021675798782528653
paper 7 (no 2020/21),c,430,-0.01603077916583458
paper 7 (no 2020/21),c,431,-0.02392040323498619
paper 7 (no 2020/21),c,432,-0.011763943139036746
paper 7 (no 2020/21),c,433,-0.01716242731877015
paper 7 (no 2020/21),c,434,-0.017120994385918176
paper 7 (no 2020/21),c,435,-0.019380981192159915
paper 7 (no 2020/21),c,436,-0.018719059287421173
paper 7 (no 2020/21),c,437,-0.009722909671416426
paper 7 (no 2020/21),c,438,-0.0018500639898583549
paper 7 (no 2020/21),c,439,-0.025263376177916214
paper 7 (no 2020/21),c,440,-0.020651142613937752
paper 7 (no 2020/21),c,441,-0.017244375145629997
paper 7 (no 2020/21),c,442,-0.01626536731102211
paper 7 (no 2020/21),c,443,-0.010059854498675816
paper 7 (no 2020/21),c,444,-0.019058461275200216
paper 7 (no 2020/21),c,445,-0.0023633677722854317
paper 7 (no 2020/21),c,446,-0.008166832454382102
paper 7 (no 2020/21),c,447,-0.012554291286601297
paper 7 (no 2020/21),c,448,-0.015181639733906415
paper 7 (no 2020/21),c,449,-0.011526732291869193
paper 7 (no 2020/21),c,450,-0.008215588769061116
paper 7 (no 2020/21),c,451,-0.004793074764811646
paper 7 (no 2020/21),c,452,-0.01929864933107095
paper 7 (no 2020/21),c,453,-0.013952774585658368
paper 7 (no 2020/21),c,454,-0.009378054230503781
paper 7 (no 2020/21),c,455,-0.015979745081714094
paper 7 (no 2020/21),c,456,-0.007381436343328548
paper 7 (no 2020/21),c,457,-0.009151326546901036
paper 7 (no 2020/21),c,458,-0.009617235144154879
paper 7 (no 2020/21),c,459,-0.016147013763905472
paper 7 (no 2020/21),c,460,-0.021742346591876592
paper 7 (no 2020/21),c,461,-0.003606250307180283
paper 7 (no 2020/21),c,462,-0.007657487665046684
paper 7 (no 2020/21),c,463,-0.022945668899746183
paper 7 (no 2020/21),c,464,-0.024490844624400862
paper 7 (no 2020/21),c,465,-0.005932431467865238
paper 7 (no 2020/21),c,466,-0.02216216937922497
paper 7 (no 2020/21),c,467,-0.0025873761518304134
paper 7 (no 2020/21),c,468,-0.01487000837927013
paper 7 (no 2020/21),c,469,-0.014607624914466006
paper 7 (no 2020/21),c,470,-0.010456768591915497
paper 7 (no 2020/21),c,471,-0.005732492308933711
paper 7 (no 2020/21),c,472,-0.03444319015150488
paper 7 (no 2020/21),c,473,-0.009101745115376196
paper 7 (no 2020/21),c,474,-0.00601850827743608
paper 7 (no 2020/21),c,475,-0.020699663242570915
paper 7 (no 2020/21),c,476,-0.010002737990465757
paper 7 (no 2020/21),c,477,-0.01430215369633906
paper 7 (no 2020/21),c,478,-0.008465193840389934
paper 7 (no 2020/21),c,479,-0.013369075389634662
paper 7 (no 2020/21),c,480,-0.005641863411142279
paper 7 (no 2020/21),c,481,-0.01320602477917423
paper 7 (no 2020/21),c,482,-0.017366450277657253
paper 7 (no 2020/21),c,483,-0.020262900481547826
paper 7 (no 2020/21),c,484,-0.015518189270138934
paper 7 (no 2020/21),c,485,-0.011456163467905602
paper 7 (no 2020/21),c,486,-0.016555915948395308
paper 7 (no 2020/21),c,487,-0.02089989555328163
paper 7 (no 2020/21),c,488,-0.014787585982792254
paper 7 (no 2020/21),c,489,-0.007194133663434445
paper 7 (no 2020/21),c,490,-0.00899293694325619
paper 7 (no 2020/21),c,491,-0.003119047568351966
paper 7 (no 2020/21),c,492,-0.01857933439632419
paper 7 (no 2020/21),c,493,-0.01860236922126958
paper 7 (no 2020/21),c,494,-0.016516829734501415
paper 7 (no 2020/21),c,495,-0.020217957964332046
paper 7 (no 2020/21),c,496,-0.01773248978006363
paper 7 (no 2020/21),c,497,-0.009666044760629952
paper 7 (no 2020/21),c,498,-0.009098747100163116
paper 7 (no 2020/21),c,499,-0.0027977359858913035
paper 7 (no 2020/21),c,500,-0.027600814593179587
paper 7 (no 2020/21),c,501,-0.015876580920399785
paper 7 (no 2020/21),c,502,-0.010544293062615829
paper 7 (no 2020/21),c,503,-0.016203595639877805
paper 7 (no 2020/21),c,504,-0.01722282268458818
paper 7 (no 2020/21),c,505,-0.009185267140835694
paper 7 (no 2020/21),c,506,-0.02235924881496671
paper 7 (no 2020/21),c,507,-0.01926231666212256
paper 7 (no 2020/21),c,508,-0.013190562139839764
paper 7 (no 2020/21),c,509,-0.022490419948910354
paper 7 (no 2020/21),c,510,-0.026122408068852444
paper 7 (no 2020/21),c,511,-0.023976712646022896
paper 7 (no 2020/21),c,512,-0.03261909630361737
paper 7 (no 2020/21),c,513,-0.02231795336742579
paper 7 (no 2020/21),c,514,-0.023095508145118113
paper 7 (no 2020/21),c,515,-0.0068977392196789555
paper 7 (no 2020/21),c,516,-0.0025910927688553246
paper 7 (no 2020/21),c,517,-0.022055055008229234
paper 7 (no 2020/21),c,518,-0.017776547049400807
paper 7 (no 2020/21),c,519,-0.009207600877185775
paper 7 (no 2020/21),c,520,-0.0239722622695305
paper 7 (no 2020/21),c,521,-0.017688302423603308
paper 7 (no 2020/21),c,522,-0.020432426020209723
paper 7 (no 2020/21),c,523,-0.018784735561766706
paper 7 (no 2020/21),c,524,-0.018316214277766744
paper 7 (no 2020/21),c,525,-0.015261216189762379
paper 7 (no 2020/21),c,526,-0.011451446108361879
paper 7 (no 2020/21),c,527,-0.01920809197710057
paper 7 (no 2020/21),c,528,-0.009681519556371972
paper 7 (no 2020/21),c,529,-0.015276913089665525
paper 7 (no 2020/21),c,530,-0.011544314832209652
paper 7 (no 2020/21),c,531,-0.0161492620913465
paper 7 (no 2020/21),c,532,0.0008522363265305866
paper 7 (no 2020/21),c,533,-0.023160706261614854
paper 7 (no 2020/21),c,534,-0.015562203507481052
paper 7 (no 2020/21),c,535,-0.024407795090034164
paper 7 (no 2020/21),c,536,-0.021802255234655194
paper 7 (no 2020/21),c,537,-0.024994747146803557
paper 7 (no 2020/21),c,538,-0.00997340112806536
paper 7 (no 2020/21),c,539,-0.02240912737531553
paper 7 (no 2020/21),c,540,-0.018135028348151762
paper 7 (no 2020/21),c,541,-0.003691197156536736
paper 7 (no 2020/21),c,542,-0.011757670344772653
paper 7 (no 2020/21),c,543,-0.009814469623362056
paper 7 (no 2020/21),c,544,0.00036989404297069553
paper 7 (no 2020/21),c,545,-0.02348081930579709
paper 7 (no 2020/21),c,546,-0.001086029801895965
paper 7 (no 2020/21),c,547,-0.020461260416867418
paper 7 (no 2020/21),c,548,-0.011982987601027905
paper 7 (no 2020/21),c,549,-0.0203765380287095
paper 7 (no 2020/21),c,550,-0.019217739591107414
paper 7 (no 2020/21),c,551,-0.018421091654323277
paper 7 (no 2020/21),c,552,-0.0031104025686970486
paper 7 (no 2020/21),c,553,-0.012240032450151652
paper 7 (no 2020/21),c,554,-0.010469417991237105
paper 7 (no 2020/21),c,555,-0.013713551459858937
paper 7 (no 2020/21),c,556,-0.004653354060685691
paper 7 (no 2020/21),c,557,-0.009620425279677736
paper 7 (no 2020/21),c,558,-0.005135357311723862
paper 7 (no 2020/21),c,559,-0.02340377921955921
paper 7 (no 2020/21),c,560,-0.012694954909127195
paper 7 (no 2020/21),c,561,-0.02026443220719177
paper 7 (no 2020/21),c,562,-0.008388934391161628
paper 7 (no 2020/21),c,563,-0.01043246684837202
paper 7 (no 2020/21),c,564,-0.021103593002504126
paper 7 (no 2020/21),c,565,-0.005222484827599204
paper 7 (no 2020/21),c,566,-0.017128986906312142
paper 7 (no 2020/21),c,567,-0.004873722638723892
paper 7 (no 2020/21),c,568,-0.00758336900876987
paper 7 (no 2020/21),c,569,-0.023580701804878236
paper 7 (no 2020/21),c,570,-0.023951353308422487
paper 7 (no 2020/21),c,571,-0.005465306142832816
paper 7 (no 2020/21),c,572,-0.014230120158187226
paper 7 (no 2020/21),c,573,-0.013735747993048667
paper 7 (no 2020/21),c,574,-0.011067543325868862
paper 7 (no 2020/21),c,575,-0.016898613085639634
paper 7 (no 2020/21),c,576,-0.021541118655681
paper 7 (no 2020/21),c,577,-0.013945728940267202
paper 7 (no 2020/21),c,578,-0.024334689412925242
paper 7 (no 2020/21),c,579,-0.007705987007371041
paper 7 (no 2020/21),c,580,-0.015050453877366143
paper 7 (no 2020/21),c,581,-0.015950032240951165
paper 7 (no 2020/21),c,582,-0.014214113502860339
paper 7 (no 2020/21),c,583,-0.004742627170680812
paper 7 (no 2020/21),c,584,-0.022070599256824086
paper 7 (no 2020/21),c,585,-0.006265022903676825
paper 7 (no 2020/21),c,586,-0.011958722321091552
paper 7 (no 2020/21),c,587,-0.03017628266543352
paper 7 (no 2020/21),c,588,-0.016368360315114253
paper 7 (no 2020/21),c,589,-0.011579964358803476
paper 7 (no 2020/21),c,590,-0.009326831448296321
paper 7 (no 2020/21),c,591,-0.023758729094519156
paper 7 (no 2020/21),c,592,-0.01314646015876434
paper 7 (no 2020/21),c,593,-0.012217429413136962
paper 7 (no 2020/21),c,594,-0.022370661765460306
paper 7 (no 2020/21),c,595,-0.007603786923109873
paper 7 (no 2020/21),c,596,-0.013681844384223096
paper 7 (no 2020/21),c,597,0.0025660891970409397
paper 7 (no 2020/21),c,598,-0.012669590154786758
paper 7 (no 2020/21),c,599,-0.015005792345995349
paper 7 (no 2020/21),c,600,-0.015705366469734996
paper 7 (no 2020/21),c,601,-0.012776437242847521
paper 7 (no 2020/21),c,602,-0.01805441067043117
paper 7 (no 2020/21),c,603,-0.017694880991921208
paper 7 (no 2020/21),c,604,-0.01454845105379325
paper 7 (no 2020/21),c,605,-0.014485138252314924
paper 7 (no 2020/21),c,606,-0.011068655650899824
paper 7 (no 2020/21),c,607,-0.017765552110384025
paper 7 (no 2020/21),c,608,-0.020660512564795203
paper 7 (no 2020/21),c,609,-0.014069350568394676
paper 7 (no 2020/21),c,610,-0.018513421708224377
paper 7 (no 2020/21),c,611,-0.015738806915218742
paper 7 (no 2020/21),c,612,-0.007879977671910027
paper 7 (no 2020/21),c,613,-0.016148513737396203
paper 7 (no 2020/21),c,614,-0.014627474479116618
paper 7 (no 2020/21),c,615,-0.018202071194406894
paper 7 (no 2020/21),c,616,-0.01961158089352565
paper 7 (no 2020/21),c,617,-0.031027506753292706
paper 7 (no 2020/21),c,618,-0.021346761748745297
paper 7 (no 2020/21),c,619,-0.01831030447437105
paper 7 (no 2020/21),c,620,-0.02321475322527298
paper 7 (no 2020/21),c,621,-0.016044458476190033
paper 7 (no 2020/21),c,622,-0.01896093388899385
paper 7 (no 2020/21),c,623,-0.007571966314239172
paper 7 (no 2020/21),c,624,-0.012527476934690009
paper 7 (no 2020/21),c,625,-0.018276424737268593
paper 7 (no 2020/21),c,626,-0.005383993124069755
paper 7 (no 2020/21),c,627,-0.016267415829782115
paper 7 (no 2020/21),c,628,-0.00926870112508179
paper 7 (no 2020/21),c,629,-0.02204208174111158
paper 7 (no 2020/21),c,630,-0.012381902042653546
paper 7 (no 2020/21),c,631,-0.012379586485236025
paper 7 (no 2020/21),c,632,-0.020306810768085035
paper 7 (no 2020/21),c,633,-0.004368529727996418
paper 7 (no 2020/21),c,634,-0.020814903085335276
paper 7 (no 2020/21),c,635,-0.008630603275361387
paper 7 (no 2020/21),c,636,-0.024583003248995455
paper 7 (no 2020/21),c,637,-0.006502790456016731
paper 7 (no 2020/21),c,638,-0.012661782461312642
paper 7 (no 2020/21),c,639,-0.004532291212336876
paper 7 (no 2020/21),c,640,-0.01917624733253474
paper 7 (no 2020/21),c,641,-0.011125248326646037
paper 7 (no 2020/21),c,642,-0.01731904449822482
paper 7 (no 2020/21),c,643,-0.015642827736907474
paper 7 (no 2020/21),c,644,-0.012797219711056724
paper 7 (no 2020/21),c,645,-0.013714144681530066
paper 7 (no 2020/21),c,646,-0.017998802981749235
paper 7 (no 2020/21),c,647,-0.014469275170082209
paper 7 (no 2020/21),c,648,-0.004698026615921852
paper 7 (no 2020/21),c,649,-0.018141749383480836
paper 7 (no 2020/21),c,650,-0.0016521268052635818
paper 7 (no 2020/21),c,651,-0.027127127143793922
paper 7 (no 2020/21),c,652,-0.01582831724557299
paper 7 (no 2020/21),c,653,-0.019265106830813682
paper 7 (no 2020/21),c,654,-0.01753525773244739
paper 7 (no 2020/21),c,655,-0.00509465485840487
paper 7 (no 2020/21),c,656,-0.01391038099443371
paper 7 (no 2020/21),c,657,-0.010368129275290568
paper 7 (no 2020/21),c,658,-0.016532530740468808
paper 7 (no 2020/21),c,659,-0.008698653682121232
paper 7 (no 2020/21),c,660,0.0070295948573776725
paper 7 (no 2020/21),c,661,-0.010297420418405919
paper 7 (no 2020/21),c,662,-0.0019123546545745575
paper 7 (no 2020/21),c,663,-0.01991471475066338
paper 7 (no 2020/21),c,664,-0.009024535761123803
paper 7 (no 2020/21),c,665,-0.013361165724972682
paper 7 (no 2020/21),c,666,-0.010276067394444727
paper 7 (no 2020/21),c,667,-0.02597014002434357
paper 7 (no 2020/21),c,668,-0.015473327229748684
paper 7 (no 2020/21),c,669,-0.01834642059924022
paper 7 (no 2020/21),c,670,-0.01668576836243922
paper 7 (no 2020/21),c,671,-0.01738108968630699
paper 7 (no 2020/21),c,672,-0.013042096697197022
paper 7 (no 2020/21),c,673,-0.003897621080613616
paper 7 (no 2020/21),c,674,-0.01932301950467173
paper 7 (no 2020/21),c,675,-0.02133835500362629
paper 7 (no 2020/21),c,676,-0.010567244440960369
paper 7 (no 2020/21),c,677,-0.018403273208284325
paper 7 (no 2020/21),c,678,-0.02110761346352543
paper 7 (no 2020/21),c,679,-0.005891371397236262
paper 7 (no 2020/21),c,680,-0.011889766932655936
paper 7 (no 2020/21),c,681,-0.012260318979247642
paper 7 (no 2020/21),c,682,-0.018274235470188742
paper 7 (no 2020/21),c,683,-0.015987484112502864
paper 7 (no 2020/21),c,684,-0.013848468759155073
paper 7 (no 2020/21),c,685,-0.01486480380401748
paper 7 (no 2020/21),c,686,-0.008702007050618802
paper 7 (no 2020/21),c,687,-0.0154098490229499
paper 7 (no 2020/21),c,688,-0.021048305851631734
paper 7 (no 2020/21),c,689,-0.006066783464362846
paper 7 (no 2020/21),c,690,-0.008892462260236215
paper 7 (no 2020/21),c,691,-0.02480064836249439
paper 7 (no 2020/21),c,692,-0.02980737737193184
paper 7 (no 2020/21),c,693,-0.010109197379243675
paper 7 (no 2020/21),c,694,-0.024004813376652105
paper 7 (no 2020/21),c,695,-0.0043488368495629565
paper 7 (no 2020/21),c,696,-0.01618601508394959
paper 7 (no 2020/21),c,697,-0.013120721272847028
paper 7 (no 2020/21),c,698,-0.023015206467877483
paper 7 (no 2020/21),c,699,-0.024086502056426738
paper 7 (no 2020/21),c,700,-0.012657454258954051
paper 7 (no 2020/21),c,701,-0.0068579814385768476
paper 7 (no 2020/21),c,702,-0.014964020978094534
paper 7 (no 2020/21),c,703,-0.01591954236674145
paper 7 (no 2020/21),c,704,-0.015880175798844126
paper 7 (no 2020/21),c,705,-0.01699500852343777
paper 7 (no 2020/21),c,706,-0.013553671035855053
paper 7 (no 2020/21),c,707,-0.022188297410044907
paper 7 (no 2020/21),c,708,-0.01744891704048287
paper 7 (no 2020/21),c,709,-0.01914734259778311
paper 7 (no 2020/21),c,710,-0.019184196875998163
paper 7 (no 2020/21),c,711,-0.020506820374496013
paper 7 (no 2020/21),c,712,-0.004355459731084841
paper 7 (no 2020/21),c,713,-0.032181592660295834
paper 7 (no 2020/21),c,714,-0.016961558243016834
paper 7 (no 2020/21),c,715,-0.013046177202699873
paper 7 (no 2020/21),c,716,-0.014388162224130484
paper 7 (no 2020/21),c,717,-0.012760291576105164
paper 7 (no 2020/21),c,718,-0.03518975527338618
paper 7 (no 2020/21),c,719,-0.01620065072502082
paper 7 (no 2020/21),c,720,-0.01394469302824578
paper 7 (no 2020/21),c,721,0.0016667536998664946
paper 7 (no 2020/21),c,722,-0.010827264002345786
paper 7 (no 2020/21),c,723,-0.02846322939404472
paper 7 (no 2020/21),c,724,-0.02601857953104668
paper 7 (no 2020/21),c,725,-0.010468961378995431
paper 7 (no 2020/21),c,726,-0.022841094698201177
paper 7 (no 2020/21),c,727,-0.0012587297308749162
paper 7 (no 2020/21),c,728,-0.01508490537714855
paper 7 (no 2020/21),c,729,-0.014113348885855059
paper 7 (no 2020/21),c,730,-0.01876061862032695
paper 7 (no 2020/21),c,731,-0.02222146185304285
paper 7 (no 2020/21),c,732,-0.006733848988772526
paper 7 (no 2020/21),c,733,-0.008840548409183685
paper 7 (no 2020/21),c,734,-0.003981225537792318
paper 7 (no 2020/21),c,735,-0.007055409948304501
paper 7 (no 2020/21),c,736,-0.01508133349400129
paper 7 (no 2020/21),c,737,-0.0026090034095242066
paper 7 (no 2020/21),c,738,-0.014195641079839658
paper 7 (no 2020/21),c,739,-0.004324771524308135
paper 7 (no 2020/21),c,740,-0.013644881631964936
paper 7 (no 2020/21),c,741,-0.0033818184242329127
paper 7 (no 2020/21),c,742,-0.023940031346582735
paper 7 (no 2020/21),c,743,-0.013223612084202915
paper 7 (no 2020/21),c,744,-0.02330540967805951
paper 7 (no 2020/21),c,745,-0.019943282423546885
paper 7 (no 2020/21),c,746,-0.018638827758478548
paper 7 (no 2020/21),c,747,-0.024406910994326216
paper 7 (no 2020/21),c,748,-0.014772100329058154
paper 7 (no 2020/21),c,749,-0.02689343534001567
paper 7 (no 2020/21),c,750,-0.01042374130820102
paper 7 (no 2020/21),c,751,-0.0028607001909643458
paper 7 (no 2020/21),c,752,-0.005389052527036357
paper 7 (no 2020/21),c,753,-0.026816355439281035
paper 7 (no 2020/21),c,754,-0.023265945785267944
paper 7 (no 2020/21),c,755,-0.00582994589864297
paper 7 (no 2020/21),c,756,-0.011409012781725198
paper 7 (no 2020/21),c,757,-0.024138152152503096
paper 7 (no 2020/21),c,758,-0.012878804365247425
paper 7 (no 2020/21),c,759,-0.016451539155295732
paper 7 (no 2020/21),c,760,-0.018895154408596612
paper 7 (no 2020/21),c,761,-0.030732272957085294
paper 7 (no 2020/21),c,762,-0.015815066720436192
paper 7 (no 2020/21),c,763,-0.014057967353813738
paper 7 (no 2020/21),c,764,-0.014784602343285713
paper 7 (no 2020/21),c,765,-0.016266841931132325
paper 7 (no 2020/21),c,766,-0.02042165956823592
paper 7 (no 2020/21),c,767,-0.019716667166734293
paper 7 (no 2020/21),c,768,-0.015023019524501854
paper 7 (no 2020/21),c,769,-0.014106179629983596
paper 7 (no 2020/21),c,770,-0.012819306343633319
paper 7 (no 2020/21),c,771,-0.013132044496772056
paper 7 (no 2020/21),c,772,-0.017652428204029232
paper 7 (no 2020/21),c,773,-0.014691300726414074
paper 7 (no 2020/21),c,774,-0.021330341347838167
paper 7 (no 2020/21),c,775,-0.015252371104758439
paper 7 (no 2020/21),c,776,-0.017533709229997307
paper 7 (no 2020/21),c,777,-0.015217800612137653
paper 7 (no 2020/21),c,778,-0.01513178163758201
paper 7 (no 2020/21),c,779,-0.021516030032195495
paper 7 (no 2020/21),c,780,-0.019294646321923486
paper 7 (no 2020/21),c,781,0.00011203218640701415
paper 7 (no 2020/21),c,782,-0.017090204581526283
paper 7 (no 2020/21),c,783,-0.01979073119080338
paper 7 (no 2020/21),c,784,-0.014860556762633226
paper 7 (no 2020/21),c,785,-0.01651660303551307
paper 7 (no 2020/21),c,786,-0.014020138060479408
paper 7 (no 2020/21),c,787,-0.0011906230575467677
paper 7 (no 2020/21),c,788,-0.016427340405756143
paper 7 (no 2020/21),c,789,-0.010192565535251708
paper 7 (no 2020/21),c,790,-0.00937095777080654
paper 7 (no 2020/21),c,791,-0.014351696920115543
paper 7 (no 2020/21),c,792,-0.031026131123756406
paper 7 (no 2020/21),c,793,0.005182150186763804
paper 7 (no 2020/21),c,794,-0.01945917496970754
paper 7 (no 2020/21),c,795,-0.015872858032932643
paper 7 (no 2020/21),c,796,-0.010919732923001
paper 7 (no 2020/21),c,797,-0.013932150514993802
paper 7 (no 2020/21),c,798,-0.01966007548596728
paper 7 (no 2020/21),c,799,-0.02427823958970588
paper 7 (no 2020/21),c,800,-0.018522013204172738
paper 7 (no 2020/21),c,801,-0.021460219317605216
paper 7 (no 2020/21),c,802,-0.02246065752377354
paper 7 (no 2020/21),c,803,-0.011944831110329974
paper 7 (no 2020/21),c,804,-0.029010053427673363
paper 7 (no 2020/21),c,805,-0.004913382251806486
paper 7 (no 2020/21),c,806,-0.020561005128992692
paper 7 (no 2020/21),c,807,-0.024091518748085697
paper 7 (no 2020/21),c,808,-0.023495824486376826
paper 7 (no 2020/21),c,809,-0.018133808956889586
paper 7 (no 2020/21),c,810,-0.02359321184042837
paper 7 (no 2020/21),c,811,-0.01901292336693817
paper 7 (no 2020/21),c,812,-0.02061926684784479
paper 7 (no 2020/21),c,813,-0.009504605728417529
paper 7 (no 2020/21),c,814,-0.007766440316664218
paper 7 (no 2020/21),c,815,-0.008650939570650697
paper 7 (no 2020/21),c,816,-0.01991931006680113
paper 7 (no 2020/21),c,817,-0.021816662061545842
paper 7 (no 2020/21),c,818,-0.01135491511139295
paper 7 (no 2020/21),c,819,-0.010290857893878957
paper 7 (no 2020/21),c,820,-0.027612038930950468
paper 7 (no 2020/21),c,821,-0.022148736810041474
paper 7 (no 2020/21),c,822,-0.015931887850046705
paper 7 (no 2020/21),c,823,-0.01845976761554407
paper 7 (no 2020/21),c,824,-0.015449393303929571
paper 7 (no 2020/21),c,825,-0.01798213320107418
paper 7 (no 2020/21),c,826,-0.01880696227844502
paper 7 (no 2020/21),c,827,-0.014610920279507611
paper 7 (no 2020/21),c,828,-0.010035905566683984
paper 7 (no 2020/21),c,829,-0.01891045482130142
paper 7 (no 2020/21),c,830,-0.005449552424464939
paper 7 (no 2020/21),c,831,-0.017222516985076194
paper 7 (no 2020/21),c,832,-0.023526103761870587
paper 7 (no 2020/21),c,833,-0.01635267911630724
paper 7 (no 2020/21),c,834,-0.024762767708329008
paper 7 (no 2020/21),c,835,-0.0195418846539797
paper 7 (no 2020/21),c,836,-0.0064750017475205986
paper 7 (no 2020/21),c,837,-0.021405525141423656
paper 7 (no 2020/21),c,838,-0.018972683694109982
paper 7 (no 2020/21),c,839,-0.016654111908351567
paper 7 (no 2020/21),c,840,-0.0002534724443227013
paper 7 (no 2020/21),c,841,-0.014787553239842766
paper 7 (no 2020/21),c,842,-0.01879548076085064
paper 7 (no 2020/21),c,843,-0.02493059589724589
paper 7 (no 2020/21),c,844,-0.018545101802544817
paper 7 (no 2020/21),c,845,-0.02193383961887101
paper 7 (no 2020/21),c,846,-0.013933557876340196
paper 7 (no 2020/21),c,847,-0.02227202281960606
paper 7 (no 2020/21),c,848,-0.01490709232330643
paper 7 (no 2020/21),c,849,-0.011608078829258473
paper 7 (no 2020/21),c,850,-0.012093059265226715
paper 7 (no 2020/21),c,851,-0.001836613129501223
paper 7 (no 2020/21),c,852,-0.012246712945338528
paper 7 (no 2020/21),c,853,-0.014458819772244322
paper 7 (no 2020/21),c,854,-0.01662573881396875
paper 7 (no 2020/21),c,855,-0.01576589712538143
paper 7 (no 2020/21),c,856,-0.01009678688215546
paper 7 (no 2020/21),c,857,-0.019453973402280646
paper 7 (no 2020/21),c,858,-0.014420251683545542
paper 7 (no 2020/21),c,859,-0.02168654076965984
paper 7 (no 2020/21),c,860,-0.02283907614779664
paper 7 (no 2020/21),c,861,-0.011856527317160491
paper 7 (no 2020/21),c,862,-0.013064890103234222
paper 7 (no 2020/21),c,863,-0.014985880773204277
paper 7 (no 2020/21),c,864,-0.018981903400232245
paper 7 (no 2020/21),c,865,-0.015767102236185812
paper 7 (no 2020/21),c,866,-0.014033580938771313
paper 7 (no 2020/21),c,867,-0.028133628004845004
paper 7 (no 2020/21),c,868,-0.003338811840736325
paper 7 (no 2020/21),c,869,-0.015356904404346089
paper 7 (no 2020/21),c,870,-0.021946875336454032
paper 7 (no 2020/21),c,871,-0.01587115081523502
paper 7 (no 2020/21),c,872,-0.01649827915619269
paper 7 (no 2020/21),c,873,-0.022695864687156807
paper 7 (no 2020/21),c,874,-0.01717085149897425
paper 7 (no 2020/21),c,875,-0.021011438318121
paper 7 (no 2020/21),c,876,8.593811558053367e-05
paper 7 (no 2020/21),c,877,-0.021965233826301774
paper 7 (no 2020/21),c,878,-0.02007926531523007
paper 7 (no 2020/21),c,879,-0.01508442226297468
paper 7 (no 2020/21),c,880,-0.023527371736022706
paper 7 (no 2020/21),c,881,-0.01829180425807844
paper 7 (no 2020/21),c,882,-0.012979353039029478
paper 7 (no 2020/21),c,883,-0.006551609991806368
paper 7 (no 2020/21),c,884,-0.015694902282682572
paper 7 (no 2020/21),c,885,-0.03330961623566387
paper 7 (no 2020/21),c,886,-0.013361423119433023
paper 7 (no 2020/21),c,887,-0.01380425172695555
paper 7 (no 2020/21),c,888,-0.015450351653512039
paper 7 (no 2020/21),c,889,-0.014856226529329108
paper 7 (no 2020/21),c,890,-0.01460454170444601
paper 7 (no 2020/21),c,891,-0.00984439617777626
paper 7 (no 2020/21),c,892,-0.011978083091726913
paper 7 (no 2020/21),c,893,-0.01299408434126684
paper 7 (no 2020/21),c,894,-0.013038947572251935
paper 7 (no 2020/21),c,895,-0.020081490286668172
paper 7 (no 2020/21),c,896,-0.009700011613454402
paper 7 (no 2020/21),c,897,-0.015486047423299128
paper 7 (no 2020/21),c,898,0.0027946152470939324
paper 7 (no 2020/21),c,899,-0.005857541473283687
paper 7 (no 2020/21),c,900,-0.012052128538300809
paper 7 (no 2020/21),c,901,-0.011059454023056602
paper 7 (no 2020/21),c,902,-0.019686346196591317
paper 7 (no 2020/21),c,903,-0.014449971518673926
paper 7 (no 2020/21),c,904,-0.02713447097793434
paper 7 (no 2020/21),c,905,-0.012062292242301717
paper 7 (no 2020/21),c,906,-0.014766024804166902
paper 7 (no 2020/21),c,907,-0.021646418734684834
paper 7 (no 2020/21),c,908,-0.0258191201193864
paper 7 (no 2020/21),c,909,-0.0014938873707626699
paper 7 (no 2020/21),c,910,-0.01659574964051869
paper 7 (no 2020/21),c,911,-0.021280144125254023
paper 7 (no 2020/21),c,912,-0.009825918000409953
paper 7 (no 2020/21),c,913,-0.018063554259484076
paper 7 (no 2020/21),c,914,-0.010677774136673635
paper 7 (no 2020/21),c,915,-0.01291932331821257
paper 7 (no 2020/21),c,916,0.0077186216638206705
paper 7 (no 2020/21),c,917,-0.018142878127087494
paper 7 (no 2020/21),c,918,-0.008237746500812774
paper 7 (no 2020/21),c,919,-0.024072551779925518
paper 7 (no 2020/21),c,920,-0.01086458821431352
paper 7 (no 2020/21),c,921,-0.012908448553584854
paper 7 (no 2020/21),c,922,-0.017415809201780284
paper 7 (no 2020/21),c,923,-0.014858627203972796
paper 7 (no 2020/21),c,924,0.0033834514662474773
paper 7 (no 2020/21),c,925,-0.0059479549204232065
paper 7 (no 2020/21),c,926,-0.015684056315823657
paper 7 (no 2020/21),c,927,-0.012668747646224388
paper 7 (no 2020/21),c,928,-0.017420566509929965
paper 7 (no 2020/21),c,929,0.005837475898233829
paper 7 (no 2020/21),c,930,-0.01603896231902204
paper 7 (no 2020/21),c,931,-0.01655634837444709
paper 7 (no 2020/21),c,932,-0.028056711099098727
paper 7 (no 2020/21),c,933,-0.01534086415688677
paper 7 (no 2020/21),c,934,-0.017347948733252037
paper 7 (no 2020/21),c,935,-0.019099886337470697
paper 7 (no 2020/21),c,936,-0.024232367943584365
paper 7 (no 2020/21),c,937,-0.021338480536898914
paper 7 (no 2020/21),c,938,-0.0062451890855146075
paper 7 (no 2020/21),c,939,-0.016172282499410773
paper 7 (no 2020/21),c,940,-0.013008112069415984
paper 7 (no 2020/21),c,941,-0.015529388969173972
paper 7 (no 2020/21),c,942,-0.023542707358446203
paper 7 (no 2020/21),c,943,-0.020072965869083227
paper 7 (no 2020/21),c,944,-0.013148417048452307
paper 7 (no 2020/21),c,945,-0.00831249036016421
paper 7 (no 2020/21),c,946,-0.015970575625213233
paper 7 (no 2020/21),c,947,-0.024214355478040045
paper 7 (no 2020/21),c,948,-0.017355491208274437
paper 7 (no 2020/21),c,949,-0.005677103691969682
paper 7 (no 2020/21),c,950,-0.02791927112242635
paper 7 (no 2020/21),c,951,-0.026551698921887905
paper 7 (no 2020/21),c,952,-0.02097429147525693
paper 7 (no 2020/21),c,953,-0.012698126671942426
paper 7 (no 2020/21),c,954,-0.014949617343798105
paper 7 (no 2020/21),c,955,-0.02240892918957464
paper 7 (no 2020/21),c,956,-0.01069083098078487
paper 7 (no 2020/21),c,957,-0.00509252159291773
paper 7 (no 2020/21),c,958,-0.015846749954053954
paper 7 (no 2020/21),c,959,-0.0132153411872695
paper 7 (no 2020/21),c,960,-0.013432733565490348
paper 7 (no 2020/21),c,961,-0.024125687588444265
paper 7 (no 2020/21),c,962,-0.008456232552385999
paper 7 (no 2020/21),c,963,-0.023265821129752742
paper 7 (no 2020/21),c,964,-0.007074901373978882
paper 7 (no 2020/21),c,965,-0.017364193384130373
paper 7 (no 2020/21),c,966,-0.007959882292762517
paper 7 (no 2020/21),c,967,-0.0041648092686426144
paper 7 (no 2020/21),c,968,-0.006420023734284359
paper 7 (no 2020/21),c,969,-0.002818102062347881
paper 7 (no 2020/21),c,970,-0.018496405894349328
paper 7 (no 2020/21),c,971,-0.02223870297526939
paper 7 (no 2020/21),c,972,-4.206653551699219e-05
paper 7 (no 2020/21),c,973,-0.007798830396986915
paper 7 (no 2020/21),c,974,-0.011043860086799837
paper 7 (no 2020/21),c,975,-0.018310030711851468
paper 7 (no 2020/21),c,976,-0.014798605954347604
paper 7 (no 2020/21),c,977,-0.012790548464031952
paper 7 (no 2020/21),c,978,-0.017303704930678336
paper 7 (no 2020/21),c,979,-0.02233236068370991
paper 7 (no 2020/21),c,980,-0.01887139670430804
paper 7 (no 2020/21),c,981,-0.0031148116994264216
paper 7 (no 2020/21),c,982,-0.015944819250892313
paper 7 (no 2020/21),c,983,-0.011444766547996948
paper 7 (no 2020/21),c,984,-0.022586890859722673
paper 7 (no 2020/21),c,985,-0.016572649271320992
paper 7 (no 2020/21),c,986,-0.02331145499892165
paper 7 (no 2020/21),c,987,-0.007937438060001818
paper 7 (no 2020/21),c,988,-0.02676490404488017
paper 7 (no 2020/21),c,989,-0.02317933452536638
paper 7 (no 2020/21),c,990,0.0033797716494094756
paper 7 (no 2020/21),c,991,-0.01396603178516019
paper 7 (no 2020/21),c,992,-0.02743835964107838
paper 7 (no 2020/21),c,993,-0.01098486815959324
paper 7 (no 2020/21),c,994,-0.01199500209933598
paper 7 (no 2020/21),c,995,-0.029598364008504317
paper 7 (no 2020/21),c,996,-0.013545924866131893
paper 7 (no 2020/21),c,997,-0.013804164970274601
paper 7 (no 2020/21),c,998,-0.007050186112317655
paper 7 (no 2020/21),c,999,-0.014986954020089913
all seasons in the file,b,0,-0.021515316629606006
all seasons in the file,b,1,-0.028187467855213016
all seasons in the file,b,2,-0.023340856099866573
all seasons in the file,b,3,-0.02296748229942637
all seasons in the file,b,4,-0.023216406589031426
all seasons in the file,b,5,-0.029655115550669124
all seasons in the file,b,6,-0.018354115592498988
all seasons in the file,b,7,-0.022229764277211482
all seasons in the file,b,8,-0.0263577006128001
all seasons in the file,b,9,-0.017969118007632595
all seasons in the file,b,10,-0.018852353450661826
all seasons in the file,b,11,-0.026038173083724237
all seasons in the file,b,12,-0.030037822143953223
all seasons in the file,b,13,-0.02558327680309471
all seasons in the file,b,14,-0.028174954050541053
all seasons in the file,b,15,-0.02614437207172917
all seasons in the file,b,16,-0.022762129339977146
all seasons in the file,b,17,-0.03257481921605387
all seasons in the file,b,18,-0.009015694746482152
all seasons in the file,b,19,-0.02504034205125303
all seasons in the file,b,20,-0.015310371879265205
all seasons in the file,b,21,-0.01603316991508142
all seasons in the file,b,22,-0.017136411296765006
all seasons in the file,b,23,-0.029107027811513704
all seasons in the file,b,24,-0.03095505129950383
all seasons in the file,b,25,-0.02970656561427633
all seasons in the file,b,26,-0.013988671406237805
all seasons in the file,b,27,-0.021839597436952383
all seasons in the file,b,28,-0.0200454302479409
all seasons in the file,b,29,-0.01091179910683733
all seasons in the file,b,30,-0.02112709330090525
all seasons in the file,b,31,-0.020760560376384064
all seasons in the file,b,32,-0.03524630167891031
all seasons in the file,b,33,-0.018329037020982562
all seasons in the file,b,34,-0.017811752185463717
all seasons in the file,b,35,-0.03804310785454604
all seasons in the file,b,36,-0.020345272844273576
all seasons in the file,b,37,-0.020262614255681956
all seasons in the file,b,38,-0.028769808109077484
all seasons in the file,b,39,-0.02299397431136422
all seasons in the file,b,40,-0.019578373174738428
all seasons in the file,b,41,-0.02170681663603722
all seasons in the file,b,42,-0.019365383273493235
all seasons in the file,b,43,-0.025045124913088655
all seasons in the file,b,44,-0.020330143352668067
all seasons in the file,b,45,-0.024318679890431998
all seasons in the file,b,46,-0.03603339212864213
all seasons in the file,b,47,-0.027365205034801148
all seasons in the file,b,48,-0.02517392347197331
all seasons in the file,b,49,-0.027667043152620713
all seasons in the file,b,50,-0.018384606589086007
all seasons in the file,b,51,-0.017629416357103744
all seasons in the file,b,52,-0.027263004815810465
all seasons in the file,b,53,-0.02340489636536712
all seasons in the file,b,54,-0.04384370862369766
all seasons in the file,b,55,-0.022849033215242114
all seasons in the file,b,56,-0.024770826771828968
all seasons in the file,b,57,-0.017787336090425394
all seasons in the file,b,58,-0.02239196889083625
all seasons in the file,b,59,-0.016100615155547914
all seasons in the file,b,60,-0.02479592608088966
all seasons in the file,b,61,-0.02372978759247024
all seasons in the file,b,62,-0.021632044647070837
all seasons in the file,b,63,-0.027836098231585622
all seasons in the file,b,64,-0.03243502027299683
all seasons in the file,b,65,-0.01652887015881129
all seasons in the file,b,66,-0.03441421760786291
all seasons in the file,b,67,-0.04091930972723888
all seasons in the file,b,68,-0.022920718161500493
all seasons in the file,b,69,-0.02088114523189414
all seasons in the file,b,70,-0.031743111143855474
all seasons in the file,b,71,-0.01951104744294058
all seasons in the file,b,72,-0.031855897113249085
all seasons in the file,b,73,-0.02367078837609085
all seasons in the file,b,74,-0.01683348223780475
all seasons in the file,b,75,-0.028777903120176127
all seasons in the file,b,76,-0.011937036635444325
all seasons in the file,b,77,-0.024185533094814755
all seasons in the file,b,78,-0.01797352803631155
all seasons in the file,b,79,-0.024103600451206096
all seasons in the file,b,80,-0.01019065289234674
all seasons in the file,b,81,-0.023490082743430837
all seasons in the file,b,82,-0.025825412891410673
all seasons in the file,b,83,-0.0312870053898963
all seasons in the file,b,84,-0.016023025439049855
all seasons in the file,b,85,-0.02658053676155312
all seasons in the file,b,86,-0.023976469353232145
all seasons in the file,b,87,-0.011581992393114084
all seasons in the file,b,88,-0.03526453588543378
all seasons in the file,b,89,-0.022776260155798447
all seasons in the file,b,90,-0.03129189149676349
all seasons in the file,b,91,-0.02288487295739552
all seasons in the file,b,92,-0.023285893692871217
all seasons in the file,b,93,-0.02342771852448049
all seasons in the file,b,94,-0.030564221621710914
all seasons in the file,b,95,-0.018005186861565693
all seasons in the file,b,96,-0.020133405395923672
all seasons in the file,b,97,-0.03685582441750762
all seasons in the file,b,98,-0.009183374296333223
all seasons in the file,b,99,-0.018465845176745287
all seasons in the file,b,100,-0.0099461617917485
all seasons in the file,b,101,-0.014339076698368081
all seasons in the file,b,102,-0.025531196109173884
all seasons in the file,b,103,-0.029338478862933545
all seasons in the file,b,104,-0.02446487792341555
all seasons in the file,b,105,-0.022837553798304065
all seasons in the file,b,106,-0.02210281852258082
all seasons in the file,b,107,-0.020073754305507684
all seasons in the file,b,108,-0.02402749319131802
all seasons in the file,b,109,-0.03594213481295372
all seasons in the file,b,110,-0.028746480224454956
all seasons in the file,b,111,-0.015624177431196188
all seasons in the file,b,112,-0.022012570033858342
all seasons in the file,b,113,-0.011446467925771534
all seasons in the file,b,114,-0.02895995347961358
all seasons in the file,b,115,-0.02361281976781575
all seasons in the file,b,116,-0.03214185527885437
all seasons in the file,b,117,-0.02464013047891845
all seasons in the file,b,118,-0.022742747093028072
all seasons in the file,b,119,-0.01971937789675656
all seasons in the file,b,120,-0.01564099232025705
all seasons in the file,b,121,-0.01687629623409791
all seasons in the file,b,122,-0.02483309319405947
all seasons in the file,b,123,-0.027676887790300864
all seasons in the file,b,124,-0.014478402454007146
all seasons in the file,b,125,-0.013016964359463364
all seasons in the file,b,126,-0.018411990613073033
all seasons in the file,b,127,-0.006438883386322897
all seasons in the file,b,128,-0.009695209926163809
all seasons in the file,b,129,-0.03053191971097305
all seasons in the file,b,130,-0.01766264029600567
all seasons in the file,b,131,-0.022704856071430534
all seasons in the file,b,132,-0.015713341621289706
all seasons in the file,b,133,-0.02867842628872058
all seasons in the file,b,134,-0.01566570270279228
all seasons in the file,b,135,-0.015103319350477814
all seasons in the file,b,136,-0.011124453542961245
all seasons in the file,b,137,-0.018022971691436275
all seasons in the file,b,138,-0.029479054176847912
all seasons in the file,b,139,-0.017760221242556152
all seasons in the file,b,140,-0.03126055156170463
all seasons in the file,b,141,-0.02745926016944407
all seasons in the file,b,142,-0.024171671819085146
all seasons in the file,b,143,-0.018794436041936466
all seasons in the file,b,144,-0.019021316252382816
all seasons in the file,b,145,-0.024137371346536644
all seasons in the file,b,146,-0.024716349203302117
all seasons in the file,b,147,-0.02486993022223861
all seasons in the file,b,148,-0.025801488313249177
all seasons in the file,b,149,-0.01990722974603058
all seasons in the file,b,150,-0.019485473916644465
all seasons in the file,b,151,-0.024146557876551483
all seasons in the file,b,152,-0.032346291084980085
all seasons in the file,b,153,-0.017004210366066717
all seasons in the file,b,154,-0.02382140568263788
all seasons in the file,b,155,-0.03283220293672416
all seasons in the file,b,156,-0.022846734713540404
all seasons in the file,b,157,-0.019437626520063693
all seasons in the file,b,158,-0.03346199855410385
all seasons in the file,b,159,-0.02639066538891565
all seasons in the file,b,160,-0.025701484871412397
all seasons in the file,b,161,-0.024075994011883838
all seasons in the file,b,162,-0.02249118884929291
all seasons in the file,b,163,-0.027350109648154687
all seasons in the file,b,164,-0.01498455469616609
all seasons in the file,b,165,-0.024827341236790146
all seasons in the file,b,166,-0.02201962213842083
all seasons in the file,b,167,-0.025643167441167146
all seasons in the file,b,168,-0.01797042769616798
all seasons in the file,b,169,-0.025417538051461356
all seasons in the file,b,170,-0.02965149950508001
all seasons in the file,b,171,-0.028374680741996613
all seasons in the file,b,172,-0.014379108864350138
all seasons in the file,b,173,-0.02120256830460797
all seasons in the file,b,174,-0.027958142248626975
all seasons in the file,b,175,-0.006894393128011399
all seasons in the file,b,176,-0.018853955624389053
all seasons in the file,b,177,-0.009086918044805744
all seasons in the file,b,178,-0.021106350725928973
all seasons in the file,b,179,-0.03144295720122328
all seasons in the file,b,180,-0.01603764956168306
all seasons in the file,b,181,-0.02181801671872864
all seasons in the file,b,182,-0.011441691120105317
all seasons in the file,b,183,-0.003750575001019509
all seasons in the file,b,184,-0.020143268677798233
all seasons in the file,b,185,-0.029064875988296872
all seasons in the file,b,186,-0.027337927765495443
all seasons in the file,b,187,-0.018681164563352098
all seasons in the file,b,188,-0.0306857328832366
all seasons in the file,b,189,-0.02106434511142042
all seasons in the file,b,190,-0.01479043443961252
all seasons in the file,b,191,-0.032512160397457524
all seasons in the file,b,192,-0.03323736432268588
all seasons in the file,b,193,-0.025370717802047006
all seasons in the file,b,194,-0.015366283710419424
all seasons in the file,b,195,-0.02328598889441245
all seasons in the file,b,196,-0.015522096888745202
all seasons in the file,b,197,-0.016124546806544147
all seasons in the file,b,198,-0.011444889824103244
all seasons in the file,b,199,-0.022669639175888205
all seasons in the file,b,200,-0.013229865366599619
all seasons in the file,b,201,-0.01403282120421631
all seasons in the file,b,202,-0.02437463388202709
all seasons in the file,b,203,-0.017232441677432396
all seasons in the file,b,204,-0.019261389656017074
all seasons in the file,b,205,-0.034754905763291336
all seasons in the file,b,206,-0.022707910263686678
all seasons in the file,b,207,-0.029668964933057363
all seasons in the file,b,208,-0.03465573846501821
all seasons in the file,b,209,-0.018018589599070274
all seasons in the file,b,210,-0.03442085609276655
all seasons in the file,b,211,-0.03330172244460139
all seasons in the file,b,212,-0.033632730470394015
all seasons in the file,b,213,-0.025733847140466094
all seasons in the file,b,214,-0.02838360928348383
all seasons in the file,b,215,-0.022793094744693442
all seasons in the file,b,216,-0.01979028218571382
all seasons in the file,b,217,-0.019999336602684457
all seasons in the file,b,218,-0.02150420420330855
all seasons in the file,b,219,-0.017192290239242562
all seasons in the file,b,220,-0.025594389102733112
all seasons in the file,b,221,-0.03548070305220107
all seasons in the file,b,222,-0.015372595698688672
all seasons in the file,b,223,-0.027091032735533482
all seasons in the file,b,224,-0.01995082199358819
all seasons in the file,b,225,-0.0279363189160676
all seasons in the file,b,226,-0.018436401023710677
all seasons in the file,b,227,-0.01682615367028055
all seasons in the file,b,228,-0.018308301592381875
all seasons in the file,b,229,-0.03404883014430437
all seasons in the file,b,230,-0.013723358128605074
all seasons in the file,b,231,-0.016718264982425256
all seasons in the file,b,232,-0.022192426820463563
all seasons in the file,b,233,-0.02643201598947393
all seasons in the file,b,234,-0.02765176224747879
all seasons in the file,b,235,-0.022744203388855844
all seasons in the file,b,236,-0.01428871427801276
all seasons in the file,b,237,-0.018419139505374202
all seasons in the file,b,238,-0.026288203902454066
all seasons in the file,b,239,-0.02287813393660242
all seasons in the file,b,240,-0.025336099537642813
all seasons in the file,b,241,-0.03381923867189089
all seasons in the file,b,242,-0.015178214613990897
all seasons in the file,b,243,-0.0311786017597819
all seasons in the file,b,244,-0.02999977287888381
all seasons in the file,b,245,-0.018623780032449418
all seasons in the file,b,246,-0.026058280415417554
all seasons in the file,b,247,-0.018672119938121477
all seasons in the file,b,248,-0.024316645077772165
all seasons in the file,b,249,-0.024260926510323633
all seasons in the file,b,250,-0.025241367198954853
all seasons in the file,b,251,-0.01990329478225398
all seasons in the file,b,252,-0.025025896319365665
all seasons in the file,b,253,-0.026708322919038536
all seasons in the file,b,254,-0.018888484100110778
all seasons in the file,b,255,-0.030355944301459627
all seasons in the file,b,256,-0.014656083837355987
all seasons in the file,b,257,-0.03404269102579817
all seasons in the file,b,258,-0.03152969475974358
all seasons in the file,b,259,-0.017470907218655407
all seasons in the file,b,260,-0.015598284038474335
all seasons in the file,b,261,-0.01759141444065616
all seasons in the file,b,262,-0.01944496545325035
all seasons in the file,b,263,-0.014373452065463534
all seasons in the file,b,264,-0.021987229521944172
all seasons in the file,b,265,-0.018128120188136886
all seasons in the file,b,266,-0.016620776204917767
all seasons in the file,b,267,-0.03278100510752138
all seasons in the file,b,268,-0.014588948563128826
all seasons in the file,b,269,-0.032716789124760386
all seasons in the file,b,270,-0.03473500605907482
all seasons in the file,b,271,-0.026077641178630703
all seasons in the file,b,272,-0.02449237604498339
all seasons in the file,b,273,-0.02902235539392237
all seasons in the file,b,274,-0.015852248872748238
all seasons in the file,b,275,-0.017661092323082866
all seasons in the file,b,276,-0.01975634354442035
all seasons in the file,b,277,-0.0157432441465319
all seasons in the file,b,278,-0.024622996915869617
all seasons in the file,b,279,-0.019068884263443782
all seasons in the file,b,280,-0.026262832380857255
all seasons in the file,b,281,-0.030612363517059878
all seasons in the file,b,282,-0.017592860369128955
all seasons in the file,b,283,-0.015134968533938201
all seasons in the file,b,284,-0.019131470646505506
all seasons in the file,b,285,-0.03454857024499958
all seasons in the file,b,286,-0.02341589600299537
all seasons in the file,b,287,-0.03378553702351127
all seasons in the file,b,288,-0.023139999156435994
all seasons in the file,b,289,-0.023448601079947673
all seasons in the file,b,290,-0.029938687347662585
all seasons in the file,b,291,-0.023678543615425818
all seasons in the file,b,292,-0.021088831739092095
all seasons in the file,b,293,-0.018948554331707477
all seasons in the file,b,294,-0.019669940321218663
all seasons in the file,b,295,-0.02249908195821268
all seasons in the file,b,296,-0.020970738098109957
all seasons in the file,b,297,-0.029990031689615736
all seasons in the file,b,298,-0.022187855855382223
all seasons in the file,b,299,-0.026398218420232475
all seasons in the file,b,300,-0.018589641670030833
all seasons in the file,b,301,-0.030774218186579962
all seasons in the file,b,302,-0.0075203801710028734
all seasons in the file,b,303,-0.021787696071520403
all seasons in the file,b,304,-0.03313707550573379
all seasons in the file,b,305,-0.034894459829188845
all seasons in the file,b,306,-0.029945824054884787
all seasons in the file,b,307,-0.027953359411996146
all seasons in the file,b,308,-0.029024970899445234
all seasons in the file,b,309,-0.026173170980613704
all seasons in the file,b,310,-0.017074457409768495
all seasons in the file,b,311,-0.027933701392352246
all seasons in the file,b,312,-0.022050751368901212
all seasons in the file,b,313,-0.024964886887466186
all seasons in the file,b,314,-0.01734643559663157
all seasons in the file,b,315,-0.038240336419789925
all seasons in the file,b,316,-0.012176096288620953
all seasons in the file,b,317,-0.023606423915467523
all seasons in the file,b,318,-0.010729944713417549
all seasons in the file,b,319,-0.014560529860120797
all seasons in the file,b,320,-0.023591859647047436
all seasons in the file,b,321,-0.03409638729484697
all seasons in the file,b,322,-0.029547432241630932
all seasons in the file,b,323,-0.007926275923018165
all seasons in the file,b,324,-0.02320598862607701
all seasons in the file,b,325,-0.025262389427252202
all seasons in the file,b,326,-0.03234120872380593
all seasons in the file,b,327,-0.015099795825094025
all seasons in the file,b,328,-0.014593113306149015
all seasons in the file,b,329,-0.02515321732870191
all seasons in the file,b,330,-0.025298030691818095
all seasons in the file,b,331,-0.016745516261498023
all seasons in the file,b,332,-0.02026813476745106
all seasons in the file,b,333,-0.019868290217942636
all seasons in the file,b,334,-0.021418726988283204
all seasons in the file,b,335,-0.03013405363624538
all seasons in the file,b,336,-0.02072076223769373
all seasons in the file,b,337,-0.02387249603699721
all seasons in the file,b,338,-0.024392840019412297
all seasons in the file,b,339,-0.01595404950522076
all seasons in the file,b,340,-0.03199086210369839
all seasons in the file,b,341,-0.02431868545501214
all seasons in the file,b,342,-0.024338419445833696
all seasons in the file,b,343,-0.02023364868129652
all seasons in the file,b,344,-0.01824697706538002
all seasons in the file,b,345,-0.02577869060496435
all seasons in the file,b,346,-0.01452833495059753
all seasons in the file,b,347,-0.00825702775664692
all seasons in the file,b,348,-0.02334773456520441
all seasons in the file,b,349,-0.031511763347182475
all seasons in the file,b,350,-0.016049614026367738
all seasons in the file,b,351,-0.019810234865416356
all seasons in the file,b,352,-0.022756580642197103
all seasons in the file,b,353,-0.016387604427500355
all seasons in the file,b,354,-0.03978216455239206
all seasons in the file,b,355,-0.021661162628039514
all seasons in the file,b,356,-0.00759287564462343
all seasons in the file,b,357,-0.01355678936074758
all seasons in the file,b,358,-0.023038933267065246
all seasons in the file,b,359,-0.02404383110920825
all seasons in the file,b,360,-0.025184834941127575
all seasons in the file,b,361,-0.01833532672679907
all seasons in the file,b,362,-0.014478171108852873
all seasons in the file,b,363,-0.015442813825776027
all seasons in the file,b,364,-0.02628992062058343
all seasons in the file,b,365,-0.024092065663057508
all seasons in the file,b,366,-0.0019620565002332222
all seasons in the file,b,367,-0.0350975065532762
all seasons in the file,b,368,-0.015955650186268207
all seasons in the file,b,369,-0.018759544406246935
all seasons in the file,b,370,-0.018018070882676165
all seasons in the file,b,371,-0.029385226366950876
all seasons in the file,b,372,-0.01435767815386206
all seasons in the file,b,373,-0.030809315592858252
all seasons in the file,b,374,-0.014746926665625422
all seasons in the file,b,375,-0.021359611180781467
all seasons in the file,b,376,-0.027150877124661476
all seasons in the file,b,377,-0.03620801801469378
all seasons in the file,b,378,-0.03431663112206991
all seasons in the file,b,379,-0.019959126157221743
all seasons in the file,b,380,-0.016448382523853937
all seasons in the file,b,381,-0.027271008167793327
all seasons in the file,b,382,-0.02476528441127494
all seasons in the file,b,383,-0.008525998982516252
all seasons in the file,b,384,-0.025236223228070283
all seasons in the file,b,385,-0.029876647172569205
all seasons in the file,b,386,-0.01882429178142939
all seasons in the file,b,387,-0.02101695127244772
all seasons in the file,b,388,-0.03160053602210487
all seasons in the file,b,389,-0.02320251963987968
all seasons in the file,b,390,-0.015231314295303292
all seasons in the file,b,391,-0.01668437303920215
all seasons in the file,b,392,-0.028065766620885717
all seasons in the file,b,393,-0.0282705608986729
all seasons in the file,b,394,-0.022921474032445755
all seasons in the file,b,395,-0.020014190134805578
all seasons in the file,b,396,-0.03147912745883051
all seasons in the file,b,397,-0.0238449879238558
all seasons in the file,b,398,-0.01282559174302109
all seasons in the file,b,399,-0.015431366940066995
all seasons in the file,b,400,-0.025596486044870227
all seasons in the file,b,401,-0.02263694150075294
all seasons in the file,b,402,-0.013133167944115905
all seasons in the file,b,403,-0.02057509794140287
all seasons in the file,b,404,-0.03030219968927251
all seasons in the file,b,405,-0.037747297168941804
all seasons in the file,b,406,-0.026321677633675825
all seasons in the file,b,407,-0.017792469588889283
all seasons in the file,b,408,-0.03660362589694668
all seasons in the file,b,409,-0.028416674808434857
all seasons in the file,b,410,-0.013932313405244263
all seasons in the file,b,411,-0.013725129422137196
all seasons in the file,b,412,-0.02812027855251913
all seasons in the file,b,413,-0.022799827616485913
all seasons in the file,b,414,-0.021873991424303237
all seasons in the file,b,415,-0.0325619557044046
all seasons in the file,b,416,-0.027198873809772484
all seasons in the file,b,417,-0.010104488282288935
all seasons in the file,b,418,-0.022394062129915616
all seasons in the file,b,419,-0.02951024136801697
all seasons in the file,b,420,-0.023862898708635626
all seasons in the file,b,421,-0.02468732195445119
all seasons in the file,b,422,-0.02386542011305963
all seasons in the file,b,423,-0.028762428750762126
all seasons in the file,b,424,-0.0367538659223722
all seasons in the file,b,425,-0.02993516435388612
all seasons in the file,b,426,-0.02458467907016096
all seasons in the file,b,427,-0.025242001288148547
all seasons in the file,b,428,-0.03997095948404969
all seasons in the file,b,429,-0.012866620480162586
all seasons in the file,b,430,-0.02456430402821476
all seasons in the file,b,431,-0.030481210987354124
all seasons in the file,b,432,-0.017095402445130317
all seasons in the file,b,433,-0.03321041264983085
all seasons in the file,b,434,-0.01721642795446284
all seasons in the file,b,435,-0.02890143168426021
all seasons in the file,b,436,-0.038996192203263974
all seasons in the file,b,437,-0.021531623976566626
all seasons in the file,b,438,-0.03159556022631923
all seasons in the file,b,439,-0.017738204422430164
all seasons in the file,b,440,-0.022708378505136365
all seasons in the file,b,441,-0.00931943466405477
all seasons in the file,b,442,-0.023543626301790042
all seasons in the file,b,443,-0.0304159100641267
all seasons in the file,b,444,-0.01450011074862207
all seasons in the file,b,445,-0.016424049024268077
all seasons in the file,b,446,-0.02168838381624462
all seasons in the file,b,447,-0.02349367731087447
all seasons in the file,b,448,-0.022337045077445786
all seasons in the file,b,449,-0.03539460856189123
all seasons in the file,b,450,-0.027787188286951384
all seasons in the file,b,451,-0.014212495035740548
all seasons in the file,b,452,-0.008888994505606946
all seasons in the file,b,453,-0.02427198559343791
all seasons in the file,b,454,-0.023191543967606768
all seasons in the file,b,455,-0.030496902587087222
all seasons in the file,b,456,-0.031359747574055026
all seasons in the file,b,457,-0.03368696435970241
all seasons in the file,b,458,-0.026005760680444186
all seasons in the file,b,459,-0.025327534177960957
all seasons in the file,b,460,-0.026164602980327478
all seasons in the file,b,461,-0.03069577892963499
all seasons in the file,b,462,-0.021686668416022657
all seasons in the file,b,463,-0.0035023420332323685
all seasons in the file,b,464,-0.0318623856300818
all seasons in the file,b,465,-0.024994490659602166
all seasons in the file,b,466,-0.02402124682301897
all seasons in the file,b,467,-0.01715983951455749
all seasons in the file,b,468,-0.02301544177957966
all seasons in the file,b,469,-0.013298511930636987
all seasons in the file,b,470,-0.024619415760588372
all seasons in the file,b,471,-0.031540057805884786
all seasons in the file,b,472,-0.011847483733758012
all seasons in the file,b,473,-0.02200813302272435
all seasons in the file,b,474,-0.025582293782798762
all seasons in the file,b,475,-0.02702106714706988
all seasons in the file,b,476,-0.02966207646187711
all seasons in the file,b,477,-0.03608670365082997
all seasons in the file,b,478,-0.020445359414810658
all seasons in the file,b,479,-0.021386523022839676
all seasons in the file,b,480,-0.027906752288439977
all seasons in the file,b,481,-0.02038080802535532
all seasons in the file,b,482,-0.021211154383384397
all seasons in the file,b,483,-0.024495741032381384
all seasons in the file,b,484,-0.019922173577114264
all seasons in the file,b,485,-0.01944386607195516
all seasons in the file,b,486,-0.01896218361957569
all seasons in the file,b,487,-0.016130323812957703
all seasons in the file,b,488,-0.025928659520127375
all seasons in the file,b,489,-0.020771795468672697
all seasons in the file,b,490,-0.02996325708460275
all seasons in the file,b,491,-0.0246357757375357
all seasons in the file,b,492,-0.0175706873662427
all seasons in the file,b,493,-0.02700717744824347
all seasons in the file,b,494,-0.020941494861112336
all seasons in the file,b,495,-0.010400426290733015
all seasons in the file,b,496,-0.02781396056274604
all seasons in the file,b,497,-0.021667093780561433
all seasons in the file,b,498,-0.010267261534585605
all seasons in the file,b,499,-0.027385273291542726
all seasons in the file,b,500,-0.023371201472243947
all seasons in the file,b,501,-0.011208173058187327
all seasons in the file,b,502,-0.01819117444854311
all seasons in the file,b,503,-0.022108495893071907
all seasons in the file,b,504,-0.025012517362573698
all seasons in the file,b,505,-0.016338186568258292
all seasons in the file,b,506,-0.023304361936654767
all seasons in the file,b,507,-0.029090832404394085
all seasons in the file,b,508,-0.021954797692856708
all seasons in the file,b,509,-0.026170911874973578
all seasons in the file,b,510,-0.03175383649429443
all seasons in the file,b,511,-0.02152575861177166
all seasons in the file,b,512,-0.01696752349250298
all seasons in the file,b,513,-0.01507040534299075
all seasons in the file,b,514,-0.036140324076126586
all seasons in the file,b,515,-0.010260685551569278
all seasons in the file,b,516,-0.012318737073603443
all seasons in the file,b,517,-0.030881926640978524
all seasons in the file,b,518,-0.031066460644726644
all seasons in the file,b,519,-0.024302123234059513
all seasons in the file,b,520,-0.015589405496623214
all seasons in the file,b,521,-0.017426384372372147
all seasons in the file,b,522,-0.02209059553580702
all seasons in the file,b,523,-0.018981363996461116
all seasons in the file,b,524,-0.019348536130393536
all seasons in the file,b,525,-0.026150265982704226
all seasons in the file,b,526,-0.02009939548739722
all seasons in the file,b,527,-0.034311592688529464
all seasons in the file,b,528,-0.03636614654939988
all seasons in the file,b,529,-0.0248008178666114
all seasons in the file,b,530,-0.01895880944065033
all seasons in the file,b,531,-0.017103750095138058
all seasons in the file,b,532,-0.022110533873180148
all seasons in the file,b,533,-0.02095475275603209
all seasons in the file,b,534,-0.02282788699669652
all seasons in the file,b,535,-0.020154200748709925
all seasons in the file,b,536,-0.023582226755916442
all seasons in the file,b,537,-0.031598852324321414
all seasons in the file,b,538,-0.016696656223138266
all seasons in the file,b,539,-0.020870896882578954
all seasons in the file,b,540,-0.015304536644463417
all seasons in the file,b,541,-0.03123076579092772
all seasons in the file,b,542,-0.017478642778321153
all seasons in the file,b,543,-0.03336268047099333
all seasons in the file,b,544,-0.019923642163345377
all seasons in the file,b,545,-0.016121051482932285
all seasons in the file,b,546,-0.020732367866390267
all seasons in the file,b,547,-0.017635594791308246
all seasons in the file,b,548,-0.028696386722841173
all seasons in the file,b,549,-0.027105338253388966
all seasons in the file,b,550,-0.017124425565539815
all seasons in the file,b,551,-0.023895898118943784
all seasons in the file,b,552,-0.024258147161640833
all seasons in the file,b,553,-0.030382390702299835
all seasons in the file,b,554,-0.022461146511622673
all seasons in the file,b,555,-0.019410170875152497
all seasons in the file,b,556,-0.021655393906157422
all seasons in the file,b,557,-0.014984170565509203
all seasons in the file,b,558,-0.028465907126521185
all seasons in the file,b,559,-0.02943892356539149
all seasons in the file,b,560,-0.011311042105518102
all seasons in the file,b,561,-0.020843276035567945
all seasons in the file,b,562,-0.023544464116911593
all seasons in the file,b,563,-0.030114886149502154
all seasons in the file,b,564,-0.014939494883701866
all seasons in the file,b,565,-0.037569728126673155
all seasons in the file,b,566,-0.019711431631940956
all seasons in the file,b,567,-0.027882977827362723
all seasons in the file,b,568,-0.017329744329885925
all seasons in the file,b,569,-0.028390911423586462
all seasons in the file,b,570,-0.02303224907245788
all seasons in the file,b,571,-0.018937889975586507
all seasons in the file,b,572,-0.01392502188872213
all seasons in the file,b,573,-0.02446353082377921
all seasons in the file,b,574,-0.024758505274522887
all seasons in the file,b,575,-0.008315104803832019
all seasons in the file,b,576,-0.026460687533809153
all seasons in the file,b,577,-0.01816976434900037
all seasons in the file,b,578,-0.03463125727560172
all seasons in the file,b,579,-0.021350768374404683
all seasons in the file,b,580,-0.027675359439632775
all seasons in the file,b,581,-0.022051742489215487
all seasons in the file,b,582,-0.028244482897379804
all seasons in the file,b,583,-0.021836197204572017
all seasons in the file,b,584,-0.011041655987913708
all seasons in the file,b,585,-0.036552167237902736
all seasons in the file,b,586,-0.028403900486401325
all seasons in the file,b,587,-0.03710885242226396
all seasons in the file,b,588,-0.013381135520070218
all seasons in the file,b,589,-0.030463959911045935
all seasons in the file,b,590,-0.036938133832959005
all seasons in the file,b,591,-0.026873595530320017
all seasons in the file,b,592,-0.02083067634902764
all seasons in the file,b,593,-0.031776354353136964
all seasons in the file,b,594,-0.020252538118091013
all seasons in the file,b,595,-0.014402018587878821
all seasons in the file,b,596,-0.02351238238217064
all seasons in the file,b,597,-0.019958429828154337
all seasons in the file,b,598,-0.020987000302349165
all seasons in the file,b,599,-0.022499737101761702
all seasons in the file,b,600,-0.022266562228330726
all seasons in the file,b,601,-0.033099336396425295
all seasons in the file,b,602,-0.011867776858175572
all seasons in the file,b,603,-0.019345288602289297
all seasons in the file,b,604,-0.02658124322911997
all seasons in the file,b,605,-0.02191056131320684
all seasons in the file,b,606,-0.02428161503350782
all seasons in the file,b,607,-0.038134778299548894
all seasons in the file,b,608,-0.0203832509040764
all seasons in the file,b,609,-0.034080872191094194
all seasons in the file,b,610,-0.036822354621606754
all seasons in the file,b,611,-0.023731625311128542
all seasons in the file,b,612,-0.028307399518011596
all seasons in the file,b,613,-0.012589184503873054
all seasons in the file,b,614,-0.029171907012841274
all seasons in the file,b,615,-0.024489416448676467
all seasons in the file,b,616,-0.01134689154174316
all seasons in the file,b,617,-0.011452128412247332
all seasons in the file,b,618,-0.02815385706921327
all seasons in the file,b,619,-0.01875354129693754
all seasons in the file,b,620,-0.01860727103324107
all seasons in the file,b,621,-0.02063853808859241
all seasons in the file,b,622,-0.01590823378906684
all seasons in the file,b,623,-0.030814766435393284
all seasons in the file,b,624,-0.019454210190821553
all seasons in the file,b,625,-0.023243174037474938
all seasons in the file,b,626,-0.01610186846536988
all seasons in the file,b,627,-0.02815493154801862
all seasons in the file,b,628,-0.018563859487049608
all seasons in the file,b,629,-0.02619229316132695
all seasons in the file,b,630,-0.03180711462274788
all seasons in the file,b,631,-0.021636318127898187
all seasons in the file,b,632,-0.021308038655544995
all seasons in the file,b,633,-0.024200206910276613
all seasons in the file,b,634,-0.009584755159710016
all seasons in the file,b,635,-0.027257460957303782
all seasons in the file,b,636,-0.030949603227611026
all seasons in the file,b,637,-0.01876671313380443
all seasons in the file,b,638,-0.02463348349663641
all seasons in the file,b,639,-0.018115287929009766
all seasons in the file,b,640,-0.024520103653536587
all seasons in the file,b,641,-0.020602636421703832
all seasons in the file,b,642,-0.020850199053819147
all seasons in the file,b,643,-0.015196905975964962
all seasons in the file,b,644,-0.023115578024421726
all seasons in the file,b,645,-0.025138394883872137
all seasons in the file,b,646,-0.017401340194897905
all seasons in the file,b,647,-0.017659108792549134
all seasons in the file,b,648,-0.018383505303349104
all seasons in the file,b,649,-0.025880728804128922
all seasons in the file,b,650,-0.033053237084922374
all seasons in the file,b,651,-0.030517888283412342
all seasons in the file,b,652,-0.015531174360880461
all seasons in the file,b,653,-0.022983586086692785
all seasons in the file,b,654,-0.021948555976535986
all seasons in the file,b,655,-0.022257783345624983
all seasons in the file,b,656,-0.026195982268535315
all seasons in the file,b,657,-0.02782571271766128
all seasons in the file,b,658,-0.029521834642846415
all seasons in the file,b,659,-0.03360836485497452
all seasons in the file,b,660,-0.021869452095543727
all seasons in the file,b,661,-0.02195046081324344
all seasons in the file,b,662,-0.020654076145492112
all seasons in the file,b,663,-0.016421705979891045
all seasons in the file,b,664,-0.018030683862405368
all seasons in the file,b,665,-0.018989772636865666
all seasons in the file,b,666,-0.007195427490844255
all seasons in the file,b,667,-0.030954860243675702
all seasons in the file,b,668,-0.02177340151989327
all seasons in the file,b,669,-0.02381988505077694
all seasons in the file,b,670,-0.028430342090533224
all seasons in the file,b,671,-0.028270418491955517
all seasons in the file,b,672,-0.02228173953188198
all seasons in the file,b,673,-0.01756644408958504
all seasons in the file,b,674,-0.025323270628561823
all seasons in the file,b,675,-0.016826491181315503
all seasons in the file,b,676,-0.027016352646431388
all seasons in the file,b,677,-0.024294034019497854
all seasons in the file,b,678,-0.04024339151386678
all seasons in the file,b,679,-0.03213791786265857
all seasons in the file,b,680,-0.01039150119666754
all seasons in the file,b,681,-0.004749593360322768
all seasons in the file,b,682,-0.024833961844246442
all seasons in the file,b,683,-0.02171454289388292
all seasons in the file,b,684,-0.02644832555062638
all seasons in the file,b,685,-0.024160735498117997
all seasons in the file,b,686,-0.01836082487448086
all seasons in the file,b,687,-0.028868553599110825
all seasons in the file,b,688,-0.015362495439140943
all seasons in the file,b,689,-0.015256702924355141
all seasons in the file,b,690,-0.02573798613557416
all seasons in the file,b,691,-0.03314701453227656
all seasons in the file,b,692,-0.01675162714702358
all seasons in the file,b,693,-0.02974557458228155
all seasons in the file,b,694,0.0008572249997766401
all seasons in the file,b,695,-0.018934203189523654
all seasons in the file,b,696,-0.012320525305057953
all seasons in the file,b,697,-0.02552825549882485
all seasons in the file,b,698,-0.022063247064742948
all seasons in the file,b,699,-0.014622665202252713
all seasons in the file,b,700,-0.02493639335528477
all seasons in the file,b,701,-0.009840580437267092
all seasons in the file,b,702,-0.029201495689713756
all seasons in the file,b,703,-0.019960000882388685
all seasons in the file,b,704,-0.016424208623798696
all seasons in the file,b,705,-0.019658347242500453
all seasons in the file,b,706,-0.01179020317012471
all seasons in the file,b,707,-0.019998379814394302
all seasons in the file,b,708,-0.026245388169913085
all seasons in the file,b,709,-0.016474895774877915
all seasons in the file,b,710,-0.028756023766694047
all seasons in the file,b,711,-0.022618145796847497
all seasons in the file,b,712,-0.02521549855162629
all seasons in the file,b,713,-0.024461710283286045
all seasons in the file,b,714,-0.023005113680959186
all seasons in the file,b,715,-0.022054493109631715
all seasons in the file,b,716,-0.033297397362935
all seasons in the file,b,717,-0.00820536019963334
all seasons in the file,b,718,-0.01648614017391043
all seasons in the file,b,719,-0.018825685818429604
all seasons in the file,b,720,-0.02344642681434836
all seasons in the file,b,721,-0.020834711239646406
all seasons in the file,b,722,-0.015724167537249818
all seasons in the file,b,723,-0.012129778912126759
all seasons in the file,b,724,-0.03654131995126478
all seasons in the file,b,725,-0.02041696801330269
all seasons in the file,b,726,-0.008990247937255157
all seasons in the file,b,727,-0.007935114453364445
all seasons in the file,b,728,-0.011788621021971101
all seasons in the file,b,729,-0.03239360286412708
all seasons in the file,b,730,-0.01689838915236663
all seasons in the file,b,731,-0.02689658946052137
all seasons in the file,b,732,-0.022717275724062434
all seasons in the file,b,733,-0.030055226192541362
all seasons in the file,b,734,-0.008840703741277047
all seasons in the file,b,735,-0.024157303958653967
all seasons in the file,b,736,-0.02205371787585138
all seasons in the file,b,737,-0.01921863127261136
all seasons in the file,b,738,-0.03334954988509932
all seasons in the file,b,739,-0.029461030191152624
all seasons in the file,b,740,-0.030127084681033797
all seasons in the file,b,741,-0.022583669912807813
all seasons in the file,b,742,-0.031243909754286363
all seasons in the file,b,743,-0.024932388668597448
all seasons in the file,b,744,-0.02589931921833582
all seasons in the file,b,745,-0.030029506888471315
all seasons in the file,b,746,-0.023285653186234233
all seasons in the file,b,747,-0.02217370349296947
all seasons in the file,b,748,-0.022594797114824105
all seasons in the file,b,749,-0.02931323514984343
all seasons in the file,b,750,-0.017978776021677842
all seasons in the file,b,751,-0.01999640260789492
all seasons in the file,b,752,-0.02412059186280522
all seasons in the file,b,753,-0.011462400387950098
all seasons in the file,b,754,-0.030735048460447556
all seasons in the file,b,755,-0.014638111718212516
all seasons in the file,b,756,-0.02784355349503847
all seasons in the file,b,757,-0.016135009594742865
all seasons in the file,b,758,-0.03375632018693897
all seasons in the file,b,759,-0.0313515841291709
all seasons in the file,b,760,-0.022243606540814136
all seasons in the file,b,761,-0.022459406040473827
all seasons in the file,b,762,-0.023733855892216982
all seasons in the file,b,763,-0.020612072269453417
all seasons in the file,b,764,-0.029792921076525765
all seasons in the file,b,765,-0.015133156418687533
all seasons in the file,b,766,-0.021418004797828356
all seasons in the file,b,767,-0.013241743662006051
all seasons in the file,b,768,-0.023561743222203464
all seasons in the file,b,769,-0.021888905464146194
all seasons in the file,b,770,-0.01252997508656363
all seasons in the file,b,771,-0.02029962375771432
all seasons in the file,b,772,-0.020418047389729264
all seasons in the file,b,773,-0.020162435699106165
all seasons in the file,b,774,-0.032974912730941136
all seasons in the file,b,775,-0.02049778898048723
all seasons in the file,b,776,-0.015595472425762147
all seasons in the file,b,777,-0.02809894843054184
all seasons in the file,b,778,-0.026614295953613844
all seasons in the file,b,779,-0.0345127446892731
all seasons in the file,b,780,-0.026446877670833
all seasons in the file,b,781,-0.023175142876260848
all seasons in the file,b,782,-0.03463210040938118
all seasons in the file,b,783,-0.0201895786931725
all seasons in the file,b,784,-0.02303838555965366
all seasons in the file,b,785,-0.03181351688265722
all seasons in the file,b,786,-0.016892582318088788
all seasons in the file,b,787,-0.015253698402408852
all seasons in the file,b,788,-0.009632452031402184
all seasons in the file,b,789,-0.016879513060682107
all seasons in the file,b,790,-0.024825940059496066
all seasons in the file,b,791,-0.02731461816219005
all seasons in the file,b,792,-0.014335726898185809
all seasons in the file,b,793,-0.023037621634764596
all seasons in the file,b,794,-0.01657723002702148
all seasons in the file,b,795,-0.018425518080545104
all seasons in the file,b,796,-0.03054519498850384
all seasons in the file,b,797,-0.012760009987224015
all seasons in the file,b,798,-0.013788691637387624
all seasons in the file,b,799,-0.029668315916138457
all seasons in the file,b,800,-0.027674471061852876
all seasons in the file,b,801,-0.03695764945620875
all seasons in the file,b,802,-0.02498459114354252
all seasons in the file,b,803,-0.011857254865121413
all seasons in the file,b,804,-0.024648342100785176
all seasons in the file,b,805,-0.02612508593777693
all seasons in the file,b,806,-0.007862338779468729
all seasons in the file,b,807,-0.01951678467174979
all seasons in the file,b,808,-0.031300017825485985
all seasons in the file,b,809,-0.0250426705777674
all seasons in the file,b,810,-0.017653710297885813
all seasons in the file,b,811,-0.021444477575836687
all seasons in the file,b,812,-0.03476299777709432
all seasons in the file,b,813,-0.02083755875427208
all seasons in the file,b,814,-0.03838929603709571
all seasons in the file,b,815,-0.009298417832578516
all seasons in the file,b,816,-0.031075207507068985
all seasons in the file,b,817,-0.017627777694012074
all seasons in the file,b,818,-0.03415543992242344
all seasons in the file,b,819,-0.024090863572080692
all seasons in the file,b,820,-0.010920366685038744
all seasons in the file,b,821,-0.018760481625333555
all seasons in the file,b,822,-0.0251391866347006
all seasons in the file,b,823,-0.02422828287012054
all seasons in the file,b,824,-0.02306911331782043
all seasons in the file,b,825,-0.028754748032309978
all seasons in the file,b,826,-0.01476906806292167
all seasons in the file,b,827,-0.006654307229007365
all seasons in the file,b,828,-0.01334813384388206
all seasons in the file,b,829,-0.02507558814643908
all seasons in the file,b,830,-0.004799356571780348
all seasons in the file,b,831,-0.027158116529405085
all seasons in the file,b,832,-0.01542636394205997
all seasons in the file,b,833,-0.025786747555910542
all seasons in the file,b,834,-0.02120909854126654
all seasons in the file,b,835,-0.02650709911007708
all seasons in the file,b,836,-0.02588374257331558
all seasons in the file,b,837,-0.02881484651179763
all seasons in the file,b,838,-0.02377175326631864
all seasons in the file,b,839,-0.016430455254151044
all seasons in the file,b,840,-0.03199924567241717
all seasons in the file,b,841,-0.021688163634236354
all seasons in the file,b,842,-0.025779249614241707
all seasons in the file,b,843,-0.02228169022159198
all seasons in the file,b,844,-0.020034296635015835
all seasons in the file,b,845,-0.022013109389711166
all seasons in the file,b,846,-0.015308148905798041
all seasons in the file,b,847,-0.02871886176112263
all seasons in the file,b,848,-0.017816825982423987
all seasons in the file,b,849,-0.022468794000515067
all seasons in the file,b,850,-0.008812738657944373
all seasons in the file,b,851,-0.00969943530853502
all seasons in the file,b,852,-0.01918320634298286
all seasons in the file,b,853,-0.02168092228735794
all seasons in the file,b,854,-0.01898224617642648
all seasons in the file,b,855,-0.020786311094102276
all seasons in the file,b,856,-0.01717411048830611
all seasons in the file,b,857,-0.021704679579385447
all seasons in the file,b,858,-0.03186886946375256
all seasons in the file,b,859,-0.023725448211650957
all seasons in the file,b,860,-0.03896180867944434
all seasons in the file,b,861,-0.028633511000053777
all seasons in the file,b,862,-0.03364072691694056
all seasons in the file,b,863,-0.036959475518483186
all seasons in the file,b,864,-0.027558565099003944
all seasons in the file,b,865,-0.0209244498753222
all seasons in the file,b,866,-0.016500637329326828
all seasons in the file,b,867,-0.02140948557910797
all seasons in the file,b,868,-0.01470069473925591
all seasons in the file,b,869,-0.026237856541255718
all seasons in the file,b,870,-0.01143969856007352
all seasons in the file,b,871,-0.030480212405969195
all seasons in the file,b,872,-0.025494326451322415
all seasons in the file,b,873,-0.028158283590831112
all seasons in the file,b,874,-0.013839035130056727
all seasons in the file,b,875,-0.021520085399472408
all seasons in the file,b,876,-0.01612187960560737
all seasons in the file,b,877,-0.011591456721294727
all seasons in the file,b,878,-0.02039031591264404
all seasons in the file,b,879,-0.02745763420811921
all seasons in the file,b,880,-0.0331557933972928
all seasons in the file,b,881,-0.012371459990617242
all seasons in the file,b,882,-0.02501713071763719
all seasons in the file,b,883,-0.019047094902656818
all seasons in the file,b,884,-0.016364923974977987
all seasons in the file,b,885,-0.021372787952212858
all seasons in the file,b,886,-0.021725833622545678
all seasons in the file,b,887,-0.014617672404270705
all seasons in the file,b,888,-0.020660523718645303
all seasons in the file,b,889,-0.0188189548704542
all seasons in the file,b,890,-0.0170388432706509
all seasons in the file,b,891,-0.015620881967137467
all seasons in the file,b,892,-0.020412187336492558
all seasons in the file,b,893,-0.027267043117598488
all seasons in the file,b,894,-0.024480245537806002
all seasons in the file,b,895,-0.028538472353576632
all seasons in the file,b,896,-0.025751141168326025
all seasons in the file,b,897,-0.019014769419960675
all seasons in the file,b,898,-0.02924013505214057
all seasons in the file,b,899,-0.01973850953102648
all seasons in the file,b,900,-0.01830332494922949
all seasons in the file,b,901,-0.020339800838700503
all seasons in the file,b,902,-0.01783120200699482
all seasons in the file,b,903,-0.011265725693608092
all seasons in the file,b,904,-0.024214975579866394
all seasons in the file,b,905,-0.019446259434167796
all seasons in the file,b,906,-0.024806715940311093
all seasons in the file,b,907,-0.026166240512886102
all seasons in the file,b,908,-0.02901352591923739
all seasons in the file,b,909,-0.017311914682651943
all seasons in the file,b,910,-0.022719244557198173
all seasons in the file,b,911,-0.020897518093425917
all seasons in the file,b,912,-0.024927245116799467
all seasons in the file,b,913,-0.01347849641357573
all seasons in the file,b,914,-0.019355151137021374
all seasons in the file,b,915,-0.019086200307190333
all seasons in the file,b,916,-0.014773901211236127
all seasons in the file,b,917,-0.03028253677436539
all seasons in the file,b,918,-0.01932155714223751
all seasons in the file,b,919,-0.028580560150936896
all seasons in the file,b,920,-0.025252264373026998
all seasons in the file,b,921,-0.016157371525577568
all seasons in the file,b,922,-0.02626235158470312
all seasons in the file,b,923,-0.028211356351653238
all seasons in the file,b,924,-0.026016487443922653
all seasons in the file,b,925,-0.025614602880699597
all seasons in the file,b,926,-0.031151456041125188
all seasons in the file,b,927,-0.02359460722298841
all seasons in the file,b,928,-0.023552396192112142
all seasons in the file,b,929,-0.02988019371406147
all seasons in the file,b,930,-0.01757274110767885
all seasons in the file,b,931,-0.02808764859069341
all seasons in the file,b,932,-0.034937892589583554
all seasons in the file,b,933,-0.018259819276787662
all seasons in the file,b,934,-0.013977281213320482
all seasons in the file,b,935,-0.019030097117793014
all seasons in the file,b,936,-0.0256631508675295
all seasons in the file,b,937,-0.030012056561148533
all seasons in the file,b,938,-0.013720870251489502
all seasons in the file,b,939,-0.03172169129834774
all seasons in the file,b,940,-0.019744827960536608
all seasons in the file,b,941,-0.02993688115946725
all seasons in the file,b,942,-0.02306009272603135
all seasons in the file,b,943,-0.02888733479173785
all seasons in the file,b,944,-0.020673463268789452
all seasons in the file,b,945,-0.020262995405355422
all seasons in the file,b,946,-0.01994815600787675
all seasons in the file,b,947,-0.031053627569864944
all seasons in the file,b,948,-0.03001034584982272
all seasons in the file,b,949,-0.020090204483259218
all seasons in the file,b,950,-0.01868544685942735
all seasons in the file,b,951,-0.02304815397624219
all seasons in the file,b,952,-0.02736163437717347
all seasons in the file,b,953,-0.023031724728103598
all seasons in the file,b,954,-0.01615546486229718
all seasons in the file,b,955,-0.024458813561224854
all seasons in the file,b,956,-0.03286858356940129
all seasons in the file,b,957,-0.01340732444783617
all seasons in the file,b,958,-0.012390990161798218
all seasons in the file,b,959,-0.02226740637899732
all seasons in the file,b,960,-0.022826841273630678
all seasons in the file,b,961,-0.0281451940805805
all seasons in the file,b,962,-0.022080748434022978
all seasons in the file,b,963,-0.00576637784392541
all seasons in the file,b,964,-0.026737342009521114
all seasons in the file,b,965,-0.02950690274196873
all seasons in the file,b,966,-0.02884059260736806
all seasons in the file,b,967,-0.021467573684678148
all seasons in the file,b,968,-0.026106630009061528
all seasons in the file,b,969,-0.016313425695667124
all seasons in the file,b,970,-0.017054795739256917
all seasons in the file,b,971,-0.017115493921263002
all seasons in the file,b,972,-0.025134906064533533
all seasons in the file,b,973,-0.03207152999619806
all seasons in the file,b,974,-0.03067955378030144
all seasons in the file,b,975,-0.007774641476955711
all seasons in the file,b,976,-0.024809313501649333
all seasons in the file,b,977,-0.02287480850414564
all seasons in the file,b,978,-0.019561731486471303
all seasons in the file,b,979,-0.02513307172621647
all seasons in the file,b,980,-0.023211178956561933
all seasons in the file,b,981,-0.029531522843232107
all seasons in the file,b,982,-0.012686926572476213
all seasons in the file,b,983,-0.023726895788017108
all seasons in the file,b,984,-0.010088632054302734
all seasons in the file,b,985,-0.008524749420550665
all seasons in the file,b,986,-0.018067132277378085
all seasons in the file,b,987,-0.03401707954428587
all seasons in the file,b,988,-0.027580358256228323
all seasons in the file,b,989,-0.026001429796320308
all seasons in the file,b,990,-0.018013417229360448
all seasons in the file,b,991,-0.01208765667989667
all seasons in the file,b,992,-0.021515779359696608
all seasons in the file,b,993,-0.031277806178148654
all seasons in the file,b,994,-0.023853962552389706
all seasons in the file,b,995,-0.0038589694356083995
all seasons in the file,b,996,-0.015566151201447921
all seasons in the file,b,997,-0.029029103293646046
all seasons in the file,b,998,-0.024543836843656658
all seasons in the file,b,999,-0.017425874320381445
all seasons in the file,c,0,-0.023946624526258564
all seasons in the file,c,1,-0.0020232202612854395
all seasons in the file,c,2,-0.010659749209838238
all seasons in the file,c,3,-0.013108257189422793
all seasons in the file,c,4,-0.023750160460107233
all seasons in the file,c,5,-0.0011294228490489958
all seasons in the file,c,6,-0.026770995658393915
all seasons in the file,c,7,-0.021371355899758644
all seasons in the file,c,8,-0.021784970321732218
all seasons in the file,c,9,-0.021098156994965415
all seasons in the file,c,10,-0.015163801056720189
all seasons in the file,c,11,-0.015419300196406825
all seasons in the file,c,12,-0.009550630920591604
all seasons in the file,c,13,-0.016665813761424595
all seasons in the file,c,14,-0.024662018062629132
all seasons in the file,c,15,-0.010002263323843592
all seasons in the file,c,16,-0.005187647742840992
all seasons in the file,c,17,-0.03226352811003784
all seasons in the file,c,18,-0.013671308865847262
all seasons in the file,c,19,-0.007298952009663339
all seasons in the file,c,20,-0.010458540276016583
all seasons in the file,c,21,-0.007854588956783787
all seasons in the file,c,22,-0.010293275520426522
all seasons in the file,c,23,-0.015920303951797523
all seasons in the file,c,24,-0.014695687206375048
all seasons in the file,c,25,-0.007148370490515161
all seasons in the file,c,26,-0.0038131767554112767
all seasons in the file,c,27,-0.012079044484227516
all seasons in the file,c,28,-0.021551313738937823
all seasons in the file,c,29,-0.009949906344305912
all seasons in the file,c,30,-0.014719508625051458
all seasons in the file,c,31,-0.008983826617314747
all seasons in the file,c,32,-0.009776197146855535
all seasons in the file,c,33,-0.02134617209584504
all seasons in the file,c,34,-0.01131448545372572
all seasons in the file,c,35,-0.012701058907234029
all seasons in the file,c,36,-0.017132283403536574
all seasons in the file,c,37,-0.011991153643423555
all seasons in the file,c,38,-0.024869805655676612
all seasons in the file,c,39,-0.015498979506433332
all seasons in the file,c,40,-0.00852776397811558
all seasons in the file,c,41,-0.006425006321634367
all seasons in the file,c,42,-0.021041454291882086
all seasons in the file,c,43,-0.009370007986607429
all seasons in the file,c,44,-0.021202538863821466
all seasons in the file,c,45,0.0007520984398143122
all seasons in the file,c,46,-0.007702658464360945
all seasons in the file,c,47,-0.021916824212842925
all seasons in the file,c,48,-0.013924558475447952
all seasons in the file,c,49,-0.00991006916147761
all seasons in the file,c,50,-0.01422942814639734
all seasons in the file,c,51,-0.005511478974120403
all seasons in the file,c,52,-0.021123508048914177
all seasons in the file,c,53,-0.016096172775280103
all seasons in the file,c,54,-0.0036952765857219787
all seasons in the file,c,55,-0.011713156179179457
all seasons in the file,c,56,-0.015386398370971818
all seasons in the file,c,57,-0.016690521085493678
all seasons in the file,c,58,-0.011019218838817072
all seasons in the file,c,59,-0.008417226805084478
all seasons in the file,c,60,-0.013216704049376488
all seasons in the file,c,61,-0.011896086730047663
all seasons in the file,c,62,-0.010396377993355917
all seasons in the file,c,63,-0.012531957904819452
all seasons in the file,c,64,-0.011293199438312442
all seasons in the file,c,65,-0.015636584112619634
all seasons in the file,c,66,-0.02394371955442657
all seasons in the file,c,67,-0.007087535582957977
all seasons in the file,c,68,-0.008837789656856332
all seasons in the file,c,69,-0.02549138903249283
all seasons in the file,c,70,-0.009987317208452754
all seasons in the file,c,71,-0.008228947215638507
all seasons in the file,c,72,-0.01948828965645015
all seasons in the file,c,73,-0.002632983770812427
all seasons in the file,c,74,-0.011896948342618027
all seasons in the file,c,75,-0.007127524779452006
all seasons in the file,c,76,-0.0181595976930547
all seasons in the file,c,77,-0.02903480176505429
all seasons in the file,c,78,-0.009809525101277174
all seasons in the file,c,79,-0.0293026545248116
all seasons in the file,c,80,-0.018856513238103653
all seasons in the file,c,81,-0.013630916752441699
all seasons in the file,c,82,9.529825494577343e-05
all seasons in the file,c,83,0.012750285581383164
all seasons in the file,c,84,-0.010156636249614624
all seasons in the file,c,85,-0.0060501323706062884
all seasons in the file,c,86,-0.013021634239326065
all seasons in the file,c,87,-0.006032144702227293
all seasons in the file,c,88,-0.017852348163633236
all seasons in the file,c,89,-0.018585084223572794
all seasons in the file,c,90,-0.023710954209838982
all seasons in the file,c,91,-0.015132262522096658
all seasons in the file,c,92,-0.021347778915232596
all seasons in the file,c,93,-0.006428971175398599
all seasons in the file,c,94,-0.005411649493067137
all seasons in the file,c,95,-0.007675410317586808
all seasons in the file,c,96,-0.016184161700544028
all seasons in the file,c,97,-0.012552943410366725
all seasons in the file,c,98,-0.017836840549190488
all seasons in the file,c,99,-0.002666506955207891
all seasons in the file,c,100,-0.019401034515893194
all seasons in the file,c,101,-0.01382934729655241
all seasons in the file,c,102,-0.010501225737819597
all seasons in the file,c,103,-0.020372263674687967
all seasons in the file,c,104,-0.0046599223293660435
all seasons in the file,c,105,-0.01405289803611453
all seasons in the file,c,106,-0.021173670053412544
all seasons in the file,c,107,-0.02972454597853305
all seasons in the file,c,108,-0.009916876575401294
all seasons in the file,c,109,-0.00519729123539708
all seasons in the file,c,110,-0.017402112628505658
all seasons in the file,c,111,-0.011986917390537002
all seasons in the file,c,112,-0.022268749313589534
all seasons in the file,c,113,0.001901403482829465
all seasons in the file,c,114,-0.010214874782372905
all seasons in the file,c,115,-0.01751609695765098
all seasons in the file,c,116,-0.00527962123865473
all seasons in the file,c,117,-0.001063549600797378
all seasons in the file,c,118,-0.021021579843138218
all seasons in the file,c,119,-0.009115022327140636
all seasons in the file,c,120,0.00037407898664788646
all seasons in the file,c,121,-0.019168445430949664
all seasons in the file,c,122,-0.011719144318778529
all seasons in the file,c,123,-0.016698638192417542
all seasons in the file,c,124,-0.017062521923407604
all seasons in the file,c,125,-0.018853366588473277
all seasons in the file,c,126,0.0005558400489934032
all seasons in the file,c,127,-0.012501929137529181
all seasons in the file,c,128,-0.005327785963508757
all seasons in the file,c,129,-0.01071681879892562
all seasons in the file,c,130,-0.025750447114130316
all seasons in the file,c,131,-0.020349936885087204
all seasons in the file,c,132,-0.025836303671137387
all seasons in the file,c,133,-0.0021999368188546017
all seasons in the file,c,134,-0.0185182742342013
all seasons in the file,c,135,-0.016955705948213804
all seasons in the file,c,136,-0.021225658179415314
all seasons in the file,c,137,-0.02195734844793274
all seasons in the file,c,138,-0.021587135253738975
all seasons in the file,c,139,-0.011376968247556088
all seasons in the file,c,140,-0.0060850221257039965
all seasons in the file,c,141,-0.019035086748224066
all seasons in the file,c,142,-0.0100914276937254
all seasons in the file,c,143,-0.016008173299804977
all seasons in the file,c,144,-0.015453168001364793
all seasons in the file,c,145,-0.01644940867199488
all seasons in the file,c,146,-0.01623079808197007
all seasons in the file,c,147,-0.0038623541770108167
all seasons in the file,c,148,-0.002373090669532141
all seasons in the file,c,149,-0.024861475781904202
all seasons in the file,c,150,-0.018745492667871906
all seasons in the file,c,151,-0.018092838148132347
all seasons in the file,c,152,-0.014650504628650366
all seasons in the file,c,153,-0.013860955997427836
all seasons in the file,c,154,-0.006833238709833092
all seasons in the file,c,155,-0.0062811115924420215
all seasons in the file,c,156,-0.00661682528854508
all seasons in the file,c,157,-0.010052446890450019
all seasons in the file,c,158,-0.01971399415363045
all seasons in the file,c,159,-0.016930504636325873
all seasons in the file,c,160,-0.003256349552347087
all seasons in the file,c,161,-0.015613785305010185
all seasons in the file,c,162,-0.01293403979555696
all seasons in the file,c,163,-0.014931746995276041
all seasons in the file,c,164,-0.020037631841296744
all seasons in the file,c,165,-0.0283036839249467
all seasons in the file,c,166,-0.011208185060895264
all seasons in the file,c,167,-0.007277358911724511
all seasons in the file,c,168,-0.013296237008613258
all seasons in the file,c,169,-0.009052274010063123
all seasons in the file,c,170,-0.008543141416543353
all seasons in the file,c,171,-0.019740868968105594
all seasons in the file,c,172,-0.018354938665610325
all seasons in the file,c,173,-0.007275688112790576
all seasons in the file,c,174,-0.00832620288198651
all seasons in the file,c,175,-0.00766208141051813
all seasons in the file,c,176,-0.014606403380564036
all seasons in the file,c,177,-0.009485289001991675
all seasons in the file,c,178,-0.014929418949549612
all seasons in the file,c,179,-0.014221577535757066
all seasons in the file,c,180,-0.007539510940227775
all seasons in the file,c,181,-0.006689447226961832
all seasons in the file,c,182,-0.01936706862532521
all seasons in the file,c,183,-0.0133571895072958
all seasons in the file,c,184,-0.020700229236686775
all seasons in the file,c,185,-0.018179019383159627
all seasons in the file,c,186,-0.02378997122821435
all seasons in the file,c,187,-0.017388876884984587
all seasons in the file,c,188,-0.01648937692828329
all seasons in the file,c,189,-0.008209535099893842
all seasons in the file,c,190,-0.011128073990583753
all seasons in the file,c,191,-0.0176822612381492
all seasons in the file,c,192,-0.005410623925996935
all seasons in the file,c,193,-0.020609264105699222
all seasons in the file,c,194,-0.003068125844049658
all seasons in the file,c,195,-0.007290563227358878
all seasons in the file,c,196,0.0038435558044575806
all seasons in the file,c,197,0.0015666809036284212
all seasons in the file,c,198,-0.010409459825065245
all seasons in the file,c,199,-0.007366134754662679
all seasons in the file,c,200,-0.026014867149295746
all seasons in the file,c,201,0.0023842188561940918
all seasons in the file,c,202,-0.01525791987550685
all seasons in the file,c,203,-0.016871726009388945
all seasons in the file,c,204,-0.019678807299789037
all seasons in the file,c,205,-0.020781052344165503
all seasons in the file,c,206,-0.011799221786763283
all seasons in the file,c,207,-0.003716598147598657
all seasons in the file,c,208,-0.019554591274101193
all seasons in the file,c,209,-0.01830479431977329
all seasons in the file,c,210,-0.011409267954399073
all seasons in the file,c,211,-0.00531579193471108
all seasons in the file,c,212,-0.01501365504484142
all seasons in the file,c,213,-0.007228790743367198
all seasons in the file,c,214,-0.015434067625366834
all seasons in the file,c,215,-0.01834488781720827
all seasons in the file,c,216,-0.02106086243765217
all seasons in the file,c,217,-0.025057162948624957
all seasons in the file,c,218,-0.004540683973987566
all seasons in the file,c,219,-0.008112782241915695
all seasons in the file,c,220,-0.0029488606543409575
all seasons in the file,c,221,-0.014800788635290375
all seasons in the file,c,222,-0.006981869503635201
all seasons in the file,c,223,-0.023768664035379014
all seasons in the file,c,224,-0.022395240352766896
all seasons in the file,c,225,-0.013020202447961423
all seasons in the file,c,226,-0.016650145207458562
all seasons in the file,c,227,-0.026430657905189416
all seasons in the file,c,228,-0.017402671937552537
all seasons in the file,c,229,-0.013736221232446787
all seasons in the file,c,230,-0.01808812348442944
all seasons in the file,c,231,-0.01023936676019318
all seasons in the file,c,232,-0.003411091887245426
all seasons in the file,c,233,-0.012187985129289291
all seasons in the file,c,234,-0.007589042954882053
all seasons in the file,c,235,-0.009503670201824882
all seasons in the file,c,236,-0.026768880820298394
all seasons in the file,c,237,-0.004591926032918884
all seasons in the file,c,238,-0.019888584859745907
all seasons in the file,c,239,-0.01560811494538343
all seasons in the file,c,240,-0.0157244093277639
all seasons in the file,c,241,-0.011151962161558601
all seasons in the file,c,242,-0.009072617526327492
all seasons in the file,c,243,-0.008774494674012367
all seasons in the file,c,244,-0.01592720384555666
all seasons in the file,c,245,-0.01208746615082255
all seasons in the file,c,246,-0.010604888970304151
all seasons in the file,c,247,-0.01018481647437193
all seasons in the file,c,248,-0.02348450867393216
all seasons in the file,c,249,-0.016054148222543932
all seasons in the file,c,250,-0.014226163315998124
all seasons in the file,c,251,-0.009092675975986578
all seasons in the file,c,252,-0.007994335317323515
all seasons in the file,c,253,-0.008320714271063246
all seasons in the file,c,254,-0.008943189574747648
all seasons in the file,c,255,-0.0003908599737872222
all seasons in the file,c,256,-0.007013611618706625
all seasons in the file,c,257,-0.009265552566309863
all seasons in the file,c,258,-0.019898332815331383
all seasons in the file,c,259,-0.011198310357378291
all seasons in the file,c,260,-0.012496140445564467
all seasons in the file,c,261,-0.01986234964813818
all seasons in the file,c,262,-0.021234209530403114
all seasons in the file,c,263,-0.0179755060461165
all seasons in the file,c,264,-0.0029717918186800314
all seasons in the file,c,265,-0.013343831299437342
all seasons in the file,c,266,-0.0017664372702671464
all seasons in the file,c,267,-0.019263288717712674
all seasons in the file,c,268,-0.012365128355049956
all seasons in the file,c,269,0.002009038037032628
all seasons in the file,c,270,-0.010998416392748553
all seasons in the file,c,271,-0.013888836513796335
all seasons in the file,c,272,-0.014742993782562755
all seasons in the file,c,273,-0.007282011833721524
all seasons in the file,c,274,-0.02468426643612621
all seasons in the file,c,275,-0.013980364045424982
all seasons in the file,c,276,-0.011034089837654186
all seasons in the file,c,277,-0.01834638418341812
all seasons in the file,c,278,-0.008765649512778516
all seasons in the file,c,279,-0.02185050523512412
all seasons in the file,c,280,-0.01611872765556004
all seasons in the file,c,281,0.001369172490583036
all seasons in the file,c,282,-0.013997493167487898
all seasons in the file,c,283,-0.0075110468367164205
all seasons in the file,c,284,-0.01605273123057907
all seasons in the file,c,285,-0.018112240904472443
all seasons in the file,c,286,-0.020372427476779323
all seasons in the file,c,287,0.0022580493197057504
all seasons in the file,c,288,-0.008399842592745035
all seasons in the file,c,289,-0.026045219200538067
all seasons in the file,c,290,-0.014951467855245669
all seasons in the file,c,291,-0.014824168631155394
all seasons in the file,c,292,-0.015134014437470525
all seasons in the file,c,293,-0.01973821809124508
all seasons in the file,c,294,-0.01706460790164142
all seasons in the file,c,295,-0.007866454474115298
all seasons in the file,c,296,-0.008081527275264573
all seasons in the file,c,297,-0.015296970010915177
all seasons in the file,c,298,-0.005625737155992435
all seasons in the file,c,299,-0.010107802035168263
all seasons in the file,c,300,-0.018220460991166726
all seasons in the file,c,301,-0.02151942200099907
all seasons in the file,c,302,-0.014208323770504301
all seasons in the file,c,303,-0.006236603075158055
all seasons in the file,c,304,-0.0032769786018632917
all seasons in the file,c,305,-0.009598477859504545
all seasons in the file,c,306,-0.0045668474504509445
all seasons in the file,c,307,-0.0020365382397226975
all seasons in the file,c,308,-0.014371001878506175
all seasons in the file,c,309,-0.00866061574443961
all seasons in the file,c,310,-0.0056674090617098195
all seasons in the file,c,311,-0.01514794701935574
all seasons in the file,c,312,-0.002905916153285092
all seasons in the file,c,313,-0.013385802097828515
all seasons in the file,c,314,-0.0186560205861519
all seasons in the file,c,315,-0.01996829845510461
all seasons in the file,c,316,-0.017782889642759328
all seasons in the file,c,317,-0.009493159870917367
all seasons in the file,c,318,-0.004292982321237353
all seasons in the file,c,319,-0.033009937615417526
all seasons in the file,c,320,-0.015588303701754522
all seasons in the file,c,321,-0.017971205472377162
all seasons in the file,c,322,-0.02336227392733249
all seasons in the file,c,323,-0.011831288365815935
all seasons in the file,c,324,-0.004306220059899748
all seasons in the file,c,325,-0.018853885419329114
all seasons in the file,c,326,-0.02175650564620375
all seasons in the file,c,327,-0.022657620853945425
all seasons in the file,c,328,-0.018206811756374217
all seasons in the file,c,329,-0.007468545688369684
all seasons in the file,c,330,-0.014183868559236914
all seasons in the file,c,331,-0.011862558520811188
all seasons in the file,c,332,-0.021552149182577487
all seasons in the file,c,333,-0.014636987327452581
all seasons in the file,c,334,-0.020893976760387945
all seasons in the file,c,335,-0.017110729309378202
all seasons in the file,c,336,-0.013744590373365166
all seasons in the file,c,337,0.002689674304665336
all seasons in the file,c,338,-0.01279420492960355
all seasons in the file,c,339,-0.022254599107085604
all seasons in the file,c,340,-0.015610657060332545
all seasons in the file,c,341,-0.00898673010160519
all seasons in the file,c,342,-0.015874298444431553
all seasons in the file,c,343,-0.00811670341918275
all seasons in the file,c,344,-0.005374843932589708
all seasons in the file,c,345,-0.021706417352359737
all seasons in the file,c,346,-0.016849739096071237
all seasons in the file,c,347,-0.007838154061641872
all seasons in the file,c,348,-0.004673689515080829
all seasons in the file,c,349,-0.02775378480922526
all seasons in the file,c,350,-0.011373007610702628
all seasons in the file,c,351,-0.01736603264970159
all seasons in the file,c,352,-0.007559189249359031
all seasons in the file,c,353,-0.017549691417523786
all seasons in the file,c,354,-0.012763229098586522
all seasons in the file,c,355,-0.01971160509512339
all seasons in the file,c,356,-0.009839459342033861
all seasons in the file,c,357,-0.0077294358578347145
all seasons in the file,c,358,-0.005474844676658182
all seasons in the file,c,359,-0.019579017012464874
all seasons in the file,c,360,-0.009651158364336141
all seasons in the file,c,361,-0.005193191462876849
all seasons in the file,c,362,-0.005974502886722842
all seasons in the file,c,363,-0.02432102881565195
all seasons in the file,c,364,-0.008664678690315867
all seasons in the file,c,365,-0.010446714085608058
all seasons in the file,c,366,-0.01695810743683336
all seasons in the file,c,367,-0.007313565416509932
all seasons in the file,c,368,-0.024186009696848955
all seasons in the file,c,369,-0.007894137113287425
all seasons in the file,c,370,-0.006141310940539239
all seasons in the file,c,371,-0.01593151199654591
all seasons in the file,c,372,-0.02541412058028618
all seasons in the file,c,373,-0.007172217810752501
all seasons in the file,c,374,-0.01787914458763957
all seasons in the file,c,375,-0.014216177260507497
all seasons in the file,c,376,-0.005778766315851866
all seasons in the file,c,377,-0.012013938083040354
all seasons in the file,c,378,-0.014972170121420242
all seasons in the file,c,379,-0.01232934581668772
all seasons in the file,c,380,-0.018801072452616634
all seasons in the file,c,381,-0.016755766191953844
all seasons in the file,c,382,-0.00925397400793727
all seasons in the file,c,383,-0.012332877145326694
all seasons in the file,c,384,-0.0046237855768853624
all seasons in the file,c,385,-0.009750313582657237
all seasons in the file,c,386,-0.015584370254532569
all seasons in the file,c,387,-0.010003151684951552
all seasons in the file,c,388,-0.023792031217663146
all seasons in the file,c,389,-0.010014260798875586
all seasons in the file,c,390,-0.0075370427215660524
all seasons in the file,c,391,-0.016584266401960892
all seasons in the file,c,392,-0.01718097432665826
all seasons in the file,c,393,0.002129879927355846
all seasons in the file,c,394,-0.013016801105352924
all seasons in the file,c,395,0.004051060198275115
all seasons in the file,c,396,-0.017329770671541442
all seasons in the file,c,397,-0.001119586334391008
all seasons in the file,c,398,-0.018672623566765686
all seasons in the file,c,399,-0.0143040036792175
all seasons in the file,c,400,-0.024384668715733932
all seasons in the file,c,401,-0.011758280630825383
all seasons in the file,c,402,-0.009014891226955066
all seasons in the file,c,403,-0.011784813132118446
all seasons in the file,c,404,-0.006063715112559445
all seasons in the file,c,405,-0.023778050137846448
all seasons in the file,c,406,-0.0025137430832066947
all seasons in the file,c,407,-0.018582074134764856
all seasons in the file,c,408,-0.011706394731468386
all seasons in the file,c,409,-0.02294771399447259
all seasons in the file,c,410,-0.02524715171760011
all seasons in the file,c,411,-0.012540317699585298
all seasons in the file,c,412,-0.019254937062620565
all seasons in the file,c,413,-0.017226462895230638
all seasons in the file,c,414,-0.02013283609445021
all seasons in the file,c,415,-0.015088227596221852
all seasons in the file,c,416,-0.021024427602060372
all seasons in the file,c,417,-0.02233919132022439
all seasons in the file,c,418,-0.010250629082728481
all seasons in the file,c,419,-0.008370913279995573
all seasons in the file,c,420,-0.016506619745372163
all seasons in the file,c,421,-0.014558246583328773
all seasons in the file,c,422,-0.013036745597279296
all seasons in the file,c,423,-0.009864101496199673
all seasons in the file,c,424,3.2120659901484216e-05
all seasons in the file,c,425,-0.009892411085445469
all seasons in the file,c,426,-0.020468517443074645
all seasons in the file,c,427,-0.016076119461589867
all seasons in the file,c,428,-0.00724184069813992
all seasons in the file,c,429,-0.017676325780454347
all seasons in the file,c,430,-0.0023982679423548113
all seasons in the file,c,431,-0.011340585990820272
all seasons in the file,c,432,-0.009463103985187737
all seasons in the file,c,433,-0.007624124703039108
all seasons in the file,c,434,-0.005431491629713795
all seasons in the file,c,435,-0.013088314932182437
all seasons in the file,c,436,-0.016497205682176462
all seasons in the file,c,437,-0.011606512905015728
all seasons in the file,c,438,-0.010629607970543124
all seasons in the file,c,439,-0.015358819767167445
all seasons in the file,c,440,-0.007786218187538843
all seasons in the file,c,441,-0.004909764843425745
all seasons in the file,c,442,-0.02074694730960827
all seasons in the file,c,443,-0.016488769749285002
all seasons in the file,c,444,-0.01802770744600095
all seasons in the file,c,445,-0.013552486827888885
all seasons in the file,c,446,-0.004270553199174475
all seasons in the file,c,447,-0.0114708869642332
all seasons in the file,c,448,-0.011449873203349023
all seasons in the file,c,449,-0.02073231160478199
all seasons in the file,c,450,-0.015708759717020983
all seasons in the file,c,451,-0.002534662690612824
all seasons in the file,c,452,-0.013536691785133415
all seasons in the file,c,453,-0.018629855161245452
all seasons in the file,c,454,-0.006704098556998557
all seasons in the file,c,455,-0.014732663134424652
all seasons in the file,c,456,-0.0032654943371318943
all seasons in the file,c,457,-0.014245017870888678
all seasons in the file,c,458,-0.01324316830896264
all seasons in the file,c,459,-0.01488263003155636
all seasons in the file,c,460,-0.018799890386905247
all seasons in the file,c,461,-0.016115928468269952
all seasons in the file,c,462,-0.016355635491112658
all seasons in the file,c,463,-0.004096731805107643
all seasons in the file,c,464,-0.01421057057928131
all seasons in the file,c,465,-0.017304264415723372
all seasons in the file,c,466,-0.007573544112769729
all seasons in the file,c,467,-0.02268388150469107
all seasons in the file,c,468,-0.02138722497717283
all seasons in the file,c,469,-0.02508361582088795
all seasons in the file,c,470,-0.0030085053086102466
all seasons in the file,c,471,-0.015467766943779212
all seasons in the file,c,472,-0.02345450889750888
all seasons in the file,c,473,-0.017503980140108413
all seasons in the file,c,474,-0.014860987363173782
all seasons in the file,c,475,-0.004741848159935877
all seasons in the file,c,476,-0.005530775061492979
all seasons in the file,c,477,-0.012072012342015149
all seasons in the file,c,478,-0.018387284110591602
all seasons in the file,c,479,-0.016695442336308083
all seasons in the file,c,480,-0.03535877265037822
all seasons in the file,c,481,-0.019119516286567315
all seasons in the file,c,482,-0.01660732521416156
all seasons in the file,c,483,-0.01705835891364384
all seasons in the file,c,484,-0.015650502156889477
all seasons in the file,c,485,-0.02289037784257911
all seasons in the file,c,486,-0.008011986222881054
all seasons in the file,c,487,-0.011376815091741545
all seasons in the file,c,488,-0.01809259611255768
all seasons in the file,c,489,-0.006965984909119623
all seasons in the file,c,490,-0.02228504658639904
all seasons in the file,c,491,-0.01135080387677443
all seasons in the file,c,492,-0.014333595767692463
all seasons in the file,c,493,-0.006300221928005709
all seasons in the file,c,494,-0.004746202631486188
all seasons in the file,c,495,-0.023659500540501643
all seasons in the file,c,496,-0.0043982779222219125
all seasons in the file,c,497,-0.005991628432715083
all seasons in the file,c,498,-0.012716303075074759
all seasons in the file,c,499,-0.0051566873773535166
all seasons in the file,c,500,-0.01487933224225395
all seasons in the file,c,501,-0.00923180001626143
all seasons in the file,c,502,-0.01201833725081799
all seasons in the file,c,503,-0.010067242639363639
all seasons in the file,c,504,-0.01582718490605351
all seasons in the file,c,505,-0.021807391821845084
all seasons in the file,c,506,-0.00608744121339684
all seasons in the file,c,507,-0.010572345851464323
all seasons in the file,c,508,-0.0050588226928134404
all seasons in the file,c,509,-0.003605748031659063
all seasons in the file,c,510,-0.016050123166606273
all seasons in the file,c,511,-0.009397637476030785
all seasons in the file,c,512,-0.0034978126485103473
all seasons in the file,c,513,-0.013986414455633296
all seasons in the file,c,514,-0.0032767485675099482
all seasons in the file,c,515,-0.01105867768166055
all seasons in the file,c,516,-0.004482852431901823
all seasons in the file,c,517,-0.013886920442649654
all seasons in the file,c,518,-0.018813837594003322
all seasons in the file,c,519,-0.024546638615532225
all seasons in the file,c,520,-0.01392558675350852
all seasons in the file,c,521,-0.00722184589758691
all seasons in the file,c,522,-0.01285818018422178
all seasons in the file,c,523,-0.01369307784865855
all seasons in the file,c,524,-0.00386409461044996
all seasons in the file,c,525,-0.013482945182315732
all seasons in the file,c,526,-0.01603674935612767
all seasons in the file,c,527,-0.01157499835177523
all seasons in the file,c,528,-0.002748303037666568
all seasons in the file,c,529,-0.010950846773684901
all seasons in the file,c,530,-0.019755874825918857
all seasons in the file,c,531,-0.023422806356070563
all seasons in the file,c,532,-0.009447784539971728
all seasons in the file,c,533,-0.005583313880652845
all seasons in the file,c,534,-0.007082704413862158
all seasons in the file,c,535,-0.018692865252879377
all seasons in the file,c,536,-0.01731006969206149
all seasons in the file,c,537,0.0032302855137027048
all seasons in the file,c,538,-0.017244774861728845
all seasons in the file,c,539,-0.007328390539660067
all seasons in the file,c,540,-0.01964133993541662
all seasons in the file,c,541,-0.01817651259857529
all seasons in the file,c,542,-0.019426638675675893
all seasons in the file,c,543,-0.020086127388194625
all seasons in the file,c,544,-0.011294453470273707
all seasons in the file,c,545,-0.023523726869976506
all seasons in the file,c,546,-0.013528079025128134
all seasons in the file,c,547,-0.004935282506451394
all seasons in the file,c,548,-0.01437382865692273
all seasons in the file,c,549,-0.023987599198658314
all seasons in the file,c,550,-0.01956181143475445
all seasons in the file,c,551,-0.018234688370540666
all seasons in the file,c,552,-0.019909070893000126
all seasons in the file,c,553,-0.019713837609825625
all seasons in the file,c,554,-0.01560603106672945
all seasons in the file,c,555,-0.004708754811442905
all seasons in the file,c,556,-0.001941015820836188
all seasons in the file,c,557,-0.024327015707659244
all seasons in the file,c,558,-0.010128754089339047
all seasons in the file,c,559,-0.016550308720349422
all seasons in the file,c,560,-0.021406212657701346
all seasons in the file,c,561,-0.011062518504195295
all seasons in the file,c,562,-0.0136327051825698
all seasons in the file,c,563,-0.024702409001852027
all seasons in the file,c,564,-0.018748280280087123
all seasons in the file,c,565,-0.015565547035487109
all seasons in the file,c,566,-0.019688016590078305
all seasons in the file,c,567,-0.014372436847167878
all seasons in the file,c,568,-0.020924891998533243
all seasons in the file,c,569,-0.0033380137456584975
all seasons in the file,c,570,-0.011253740217323595
all seasons in the file,c,571,-0.010287518780468081
all seasons in the file,c,572,-0.012616434972102492
all seasons in the file,c,573,-0.015900034034475822
all seasons in the file,c,574,-0.004556783710845207
all seasons in the file,c,575,-0.006786663035499319
all seasons in the file,c,576,-0.023256119701904988
all seasons in the file,c,577,-0.009967851241229788
all seasons in the file,c,578,-0.016336825588919218
all seasons in the file,c,579,-0.01827349715354621
all seasons in the file,c,580,-0.01952915943673561
all seasons in the file,c,581,-0.008667496084851222
all seasons in the file,c,582,-0.01371868608987021
all seasons in the file,c,583,-0.006462501848395122
all seasons in the file,c,584,-0.016050716185521216
all seasons in the file,c,585,-0.01088417873535093
all seasons in the file,c,586,-0.020029627465037766
all seasons in the file,c,587,-0.012345614024801797
all seasons in the file,c,588,-0.012733296786812506
all seasons in the file,c,589,-0.013185387701433801
all seasons in the file,c,590,-0.007571776693325559
all seasons in the file,c,591,-0.00583622056715313
all seasons in the file,c,592,-0.005978836355805141
all seasons in the file,c,593,-0.01585434169344694
all seasons in the file,c,594,-0.016622366354821515
all seasons in the file,c,595,-0.027993178012069672
all seasons in the file,c,596,-0.020883038021401422
all seasons in the file,c,597,-0.013230380088156404
all seasons in the file,c,598,-0.006569397438965591
all seasons in the file,c,599,-0.013269163364724997
all seasons in the file,c,600,-0.0070195327509669225
all seasons in the file,c,601,-0.003008019071991025
all seasons in the file,c,602,-0.005630543367087121
all seasons in the file,c,603,-0.005058049030420264
all seasons in the file,c,604,-0.015769420283912636
all seasons in the file,c,605,-0.013741436574734776
all seasons in the file,c,606,-0.0051864916363966816
all seasons in the file,c,607,-0.020323959908773823
all seasons in the file,c,608,-0.006307134605279943
all seasons in the file,c,609,-0.018981195038295994
all seasons in the file,c,610,-0.0078106517949826405
all seasons in the file,c,611,-0.017335876727219045
all seasons in the file,c,612,-0.015366011773387183
all seasons in the file,c,613,-0.008502104357797103
all seasons in the file,c,614,-0.01444824104734642
all seasons in the file,c,615,0.005147236957970714
all seasons in the file,c,616,-0.019271658329472995
all seasons in the file,c,617,-0.013591111728164903
all seasons in the file,c,618,-0.02755789512996947
all seasons in the file,c,619,-0.018383331603618727
all seasons in the file,c,620,-0.018374118313552627
all seasons in the file,c,621,-0.015515560568272819
all seasons in the file,c,622,-0.004515850367962024
all seasons in the file,c,623,-0.009208058912722104
all seasons in the file,c,624,-0.02451279650303953
all seasons in the file,c,625,-0.010161154159196436
all seasons in the file,c,626,-0.007475217460484261
all seasons in the file,c,627,-0.015930377322556165
all seasons in the file,c,628,-0.010071754366541109
all seasons in the file,c,629,-0.013032941272489025
all seasons in the file,c,630,-0.007949604842946422
all seasons in the file,c,631,-0.0038368133470625676
all seasons in the file,c,632,-0.02184462424851839
all seasons in the file,c,633,-0.006579610125283013
all seasons in the file,c,634,-0.007747660875062328
all seasons in the file,c,635,-0.013002966381255594
all seasons in the file,c,636,-0.007878830201706356
all seasons in the file,c,637,-0.011610289877675577
all seasons in the file,c,638,-0.008783590837591462
all seasons in the file,c,639,-0.001163601850185672
all seasons in the file,c,640,-0.009118320511263298
all seasons in the file,c,641,-0.015725351748678847
all seasons in the file,c,642,-0.02231236458123465
all seasons in the file,c,643,-0.009865147741093476
all seasons in the file,c,644,-0.006410942109146507
all seasons in the file,c,645,-0.015018736403863607
all seasons in the file,c,646,-0.01181161587715359
all seasons in the file,c,647,-0.008281930705749818
all seasons in the file,c,648,-0.010645946357532517
all seasons in the file,c,649,-0.005096177172175536
all seasons in the file,c,650,-0.018497210423366484
all seasons in the file,c,651,-0.018840183653346457
all seasons in the file,c,652,-0.01786856225058
all seasons in the file,c,653,-0.021449015735688203
all seasons in the file,c,654,-0.008279495125725105
all seasons in the file,c,655,-0.016103974968334364
all seasons in the file,c,656,-0.011872029930394169
all seasons in the file,c,657,0.0018809711284378285
all seasons in the file,c,658,-0.0008957659783482182
all seasons in the file,c,659,-0.01815039707934929
all seasons in the file,c,660,-0.01686009794131181
all seasons in the file,c,661,-0.007578958724976255
all seasons in the file,c,662,-0.0026311664316034508
all seasons in the file,c,663,-0.0180674717531146
all seasons in the file,c,664,-0.004184928555944933
all seasons in the file,c,665,-0.01767091253293597
all seasons in the file,c,666,-0.009387870779844095
all seasons in the file,c,667,-0.012700178758394957
all seasons in the file,c,668,-0.009587242412113384
all seasons in the file,c,669,-0.007881222896120893
all seasons in the file,c,670,-0.013698996896900805
all seasons in the file,c,671,-0.008412524019703292
all seasons in the file,c,672,-0.010295469708762123
all seasons in the file,c,673,-0.010533127622347479
all seasons in the file,c,674,-0.008478047923436035
all seasons in the file,c,675,-0.011671576749957285
all seasons in the file,c,676,-0.015276452475966387
all seasons in the file,c,677,-0.020988008906149408
all seasons in the file,c,678,-0.01762208035464452
all seasons in the file,c,679,-0.030483778042368632
all seasons in the file,c,680,-0.007530817374379002
all seasons in the file,c,681,-0.01706550459469486
all seasons in the file,c,682,-0.02315510058489994
all seasons in the file,c,683,-0.006274112321334646
all seasons in the file,c,684,-0.012716034544703422
all seasons in the file,c,685,-0.013421396103778288
all seasons in the file,c,686,-0.010579656985012719
all seasons in the file,c,687,-0.012302524291621729
all seasons in the file,c,688,-0.014297135180280848
all seasons in the file,c,689,-0.01446481897345217
all seasons in the file,c,690,-0.012473865029190345
all seasons in the file,c,691,-0.03211662228774864
all seasons in the file,c,692,-0.009026633565020429
all seasons in the file,c,693,-0.014196312587364455
all seasons in the file,c,694,-0.016461722272081643
all seasons in the file,c,695,-0.018361457838969465
all seasons in the file,c,696,-0.00946409888146256
all seasons in the file,c,697,-0.015175056944015587
all seasons in the file,c,698,-0.01918275610011974
all seasons in the file,c,699,-0.0077983733636755904
all seasons in the file,c,700,-0.015676622754400623
all seasons in the file,c,701,-0.009127085011004095
all seasons in the file,c,702,-0.013050496269393669
all seasons in the file,c,703,-0.009023739168226047
all seasons in the file,c,704,-0.009758402975938808
all seasons in the file,c,705,-0.02127988361535832
all seasons in the file,c,706,-0.014511979504655517
all seasons in the file,c,707,-0.01869347333825486
all seasons in the file,c,708,-0.012885575202957371
all seasons in the file,c,709,-0.019206483579786573
all seasons in the file,c,710,-0.016178867062205445
all seasons in the file,c,711,-0.009124076360803531
all seasons in the file,c,712,-0.009898577044720918
all seasons in the file,c,713,-0.01515052876596653
all seasons in the file,c,714,-0.01637344828709454
all seasons in the file,c,715,-0.00594103697701173
all seasons in the file,c,716,-0.01550440463174925
all seasons in the file,c,717,-0.007484745065903656
all seasons in the file,c,718,-0.011784254101230511
all seasons in the file,c,719,-0.008390994053479926
all seasons in the file,c,720,-0.019937790298665648
all seasons in the file,c,721,-0.01629945331057338
all seasons in the file,c,722,-0.011667155620696801
all seasons in the file,c,723,-0.01926405361970978
all seasons in the file,c,724,-0.018192162462200012
all seasons in the file,c,725,-0.016219185460416244
all seasons in the file,c,726,-0.02306321498685058
all seasons in the file,c,727,-0.015457287486686186
all seasons in the file,c,728,-0.008803879503157211
all seasons in the file,c,729,-0.011599326348901765
all seasons in the file,c,730,-0.023582959378292204
all seasons in the file,c,731,-0.01764227068606785
all seasons in the file,c,732,-0.003362339668123125
all seasons in the file,c,733,-0.011785213585174155
all seasons in the file,c,734,0.0006625071204428915
all seasons in the file,c,735,-0.01826739087304141
all seasons in the file,c,736,-0.01366715645452176
all seasons in the file,c,737,-0.015595152216760912
all seasons in the file,c,738,-0.014810737715685824
all seasons in the file,c,739,-0.007738777874982197
all seasons in the file,c,740,-0.018964506774070404
all seasons in the file,c,741,-0.012060529720210492
all seasons in the file,c,742,-0.009369043349200315
all seasons in the file,c,743,-0.013873849719551665
all seasons in the file,c,744,-0.00041960960767777186
all seasons in the file,c,745,-0.01520835640162623
all seasons in the file,c,746,-0.0022284813685930415
all seasons in the file,c,747,-0.018451679858534034
all seasons in the file,c,748,-0.012610743482225637
all seasons in the file,c,749,-0.008026465824353964
all seasons in the file,c,750,-0.015401199081705523
all seasons in the file,c,751,-0.014998786299473398
all seasons in the file,c,752,-0.01020648509329699
all seasons in the file,c,753,-0.01877363062480946
all seasons in the file,c,754,-0.013877514435356408
all seasons in the file,c,755,-0.010493334458166243
all seasons in the file,c,756,-0.004390737831072626
all seasons in the file,c,757,-0.026618858234977925
all seasons in the file,c,758,-0.0091412977053532
all seasons in the file,c,759,-0.014128279160906691
all seasons in the file,c,760,-0.023599668215497964
all seasons in the file,c,761,-0.003360787498260606
all seasons in the file,c,762,-0.014763777038278681
all seasons in the file,c,763,-0.015327161396669162
all seasons in the file,c,764,0.0021764452132486574
all seasons in the file,c,765,-0.022797042451540815
all seasons in the file,c,766,-0.02002039062261223
all seasons in the file,c,767,-0.018244955702171564
all seasons in the file,c,768,-0.0112416961461218
all seasons in the file,c,769,-0.012012553493564053
all seasons in the file,c,770,-0.008474983652789567
all seasons in the file,c,771,-0.012795313038937687
all seasons in the file,c,772,-0.0192163587004334
all seasons in the file,c,773,-0.010520922111747606
all seasons in the file,c,774,-0.008668299977292987
all seasons in the file,c,775,-0.02132348848016974
all seasons in the file,c,776,-0.02165610664326495
all seasons in the file,c,777,-0.01810873523647203
all seasons in the file,c,778,-0.010136243380473552
all seasons in the file,c,779,-0.009668321233785502
all seasons in the file,c,780,-0.013630685525913032
all seasons in the file,c,781,-0.008642875365879472
all seasons in the file,c,782,-0.010156545125280672
all seasons in the file,c,783,-0.011347003197863671
all seasons in the file,c,784,-0.012763015305852284
all seasons in the file,c,785,-0.01448108996811028
all seasons in the file,c,786,-0.003874245873359064
all seasons in the file,c,787,-0.011536109289248767
all seasons in the file,c,788,-0.0008620732688882681
all seasons in the file,c,789,-0.00539141805098798
all seasons in the file,c,790,-0.013921785881956996
all seasons in the file,c,791,-0.012100119001326355
all seasons in the file,c,792,-0.013422846471460338
all seasons in the file,c,793,-0.017978388503901408
all seasons in the file,c,794,-0.006052623512874819
all seasons in the file,c,795,-0.01702106657454204
all seasons in the file,c,796,-0.009567625556114968
all seasons in the file,c,797,-0.007746991069964687
all seasons in the file,c,798,-0.01821340064689577
all seasons in the file,c,799,-0.017491700511014546
all seasons in the file,c,800,-0.011668016034962982
all seasons in the file,c,801,-0.01628416212734383
all seasons in the file,c,802,-0.012078094719689816
all seasons in the file,c,803,-0.02506501074770031
all seasons in the file,c,804,-0.015746769803373598
all seasons in the file,c,805,-0.017853651922952494
all seasons in the file,c,806,-0.0071243483298338295
all seasons in the file,c,807,-0.013610220113447702
all seasons in the file,c,808,-0.011342279180940228
all seasons in the file,c,809,-0.0117356114646013
all seasons in the file,c,810,-0.022234659145737128
all seasons in the file,c,811,-0.017164688544400133
all seasons in the file,c,812,-0.009603911894285663
all seasons in the file,c,813,-0.010085669883831017
all seasons in the file,c,814,-0.02015457257886461
all seasons in the file,c,815,-0.021405240902295744
all seasons in the file,c,816,-0.019091734822990286
all seasons in the file,c,817,-0.007917376719248607
all seasons in the file,c,818,-0.02143249778216232
all seasons in the file,c,819,-0.01959335966035701
all seasons in the file,c,820,-0.01464722549416791
all seasons in the file,c,821,-0.019657256975070467
all seasons in the file,c,822,-0.008714693534265251
all seasons in the file,c,823,-0.01162006061965231
all seasons in the file,c,824,-0.018184603384347485
all seasons in the file,c,825,-0.018443044014165993
all seasons in the file,c,826,-0.007415837721394664
all seasons in the file,c,827,-0.03437649518912505
all seasons in the file,c,828,-0.008766941270618285
all seasons in the file,c,829,-0.01255760073835139
all seasons in the file,c,830,0.0008571998341195264
all seasons in the file,c,831,-0.023855538637332144
all seasons in the file,c,832,-0.0189097013899258
all seasons in the file,c,833,-0.02264741965091337
all seasons in the file,c,834,-0.0014858173579166967
all seasons in the file,c,835,-0.010839954547802106
all seasons in the file,c,836,-0.008320820195485275
all seasons in the file,c,837,-0.00982910163843992
all seasons in the file,c,838,-0.007798957133847397
all seasons in the file,c,839,-0.019490204719824485
all seasons in the file,c,840,-0.020956390954280382
all seasons in the file,c,841,-0.007074759561907347
all seasons in the file,c,842,-0.016797195895060096
all seasons in the file,c,843,-0.008397497887860384
all seasons in the file,c,844,-0.010696523953051248
all seasons in the file,c,845,-0.018215122262845863
all seasons in the file,c,846,-0.0198357735359954
all seasons in the file,c,847,-0.01059499860619088
all seasons in the file,c,848,-0.020637753891632513
all seasons in the file,c,849,-0.018690468937236616
all seasons in the file,c,850,-0.012275769314438474
all seasons in the file,c,851,-0.011160623915099928
all seasons in the file,c,852,-0.01666476804696629
all seasons in the file,c,853,-0.014040729970026396
all seasons in the file,c,854,-0.01585065693362683
all seasons in the file,c,855,-0.011751641279744936
all seasons in the file,c,856,-0.013971626382805278
all seasons in the file,c,857,-0.020873214213878298
all seasons in the file,c,858,-0.012654194875260007
all seasons in the file,c,859,-0.015346313217242613
all seasons in the file,c,860,-0.01827852430325501
all seasons in the file,c,861,-0.013118193819747204
all seasons in the file,c,862,-0.006377028183853549
all seasons in the file,c,863,-0.01680936083634808
all seasons in the file,c,864,-0.024740050191630357
all seasons in the file,c,865,-0.006901719052090518
all seasons in the file,c,866,-0.003423043793408291
all seasons in the file,c,867,-0.008532272019273441
all seasons in the file,c,868,-0.013880102122932902
all seasons in the file,c,869,-0.007084605163726162
all seasons in the file,c,870,-0.007312713548083598
all seasons in the file,c,871,-0.009114943114403067
all seasons in the file,c,872,-0.006825674453520696
all seasons in the file,c,873,-0.011081450254204699
all seasons in the file,c,874,-0.015449030592419708
all seasons in the file,c,875,-0.02038680798597428
all seasons in the file,c,876,0.00028165439299923656
all seasons in the file,c,877,-0.0019011461675272276
all seasons in the file,c,878,-0.011866058270805377
all seasons in the file,c,879,-0.007737456805337366
all seasons in the file,c,880,-0.025372487979300695
all seasons in the file,c,881,-0.020323177260874625
all seasons in the file,c,882,-0.013066940253778468
all seasons in the file,c,883,-0.010337805433336074
all seasons in the file,c,884,-0.029059408954063757
all seasons in the file,c,885,-0.016456601253869725
all seasons in the file,c,886,-0.019735053658543722
all seasons in the file,c,887,-0.016965706994755796
all seasons in the file,c,888,-0.004100008326511801
all seasons in the file,c,889,-0.0069646048156633954
all seasons in the file,c,890,-0.019095873432630438
all seasons in the file,c,891,-0.01229813441446683
all seasons in the file,c,892,-0.026465673802006116
all seasons in the file,c,893,-0.020408617998904297
all seasons in the file,c,894,-0.008808635706866057
all seasons in the file,c,895,-0.010541235001869851
all seasons in the file,c,896,-0.01680133868841656
all seasons in the file,c,897,-0.018622823145645416
all seasons in the file,c,898,-0.018613305705522554
all seasons in the file,c,899,-0.013036737760362854
all seasons in the file,c,900,-0.014986105640963133
all seasons in the file,c,901,-0.01989673832735567
all seasons in the file,c,902,-0.02033224651458328
all seasons in the file,c,903,-0.01322828340756204
all seasons in the file,c,904,-0.015904784637200582
all seasons in the file,c,905,0.004601090845541965
all seasons in the file,c,906,-0.006349866137735527
all seasons in the file,c,907,-0.02577387636584557
all seasons in the file,c,908,-0.011647374651336851
all seasons in the file,c,909,-0.010133549305362755
all seasons in the file,c,910,-0.019202374565635852
all seasons in the file,c,911,-0.007715470293687002
all seasons in the file,c,912,-0.007173529896642088
all seasons in the file,c,913,-0.013752040763235402
all seasons in the file,c,914,-0.013626404606650828
all seasons in the file,c,915,-0.010204520945630555
all seasons in the file,c,916,-0.005457622284182801
all seasons in the file,c,917,-0.015405692192335415
all seasons in the file,c,918,-0.004973273627720975
all seasons in the file,c,919,-0.016827323899841096
all seasons in the file,c,920,-0.0179026874257399
all seasons in the file,c,921,-0.010826175896811183
all seasons in the file,c,922,-0.018903197828784708
all seasons in the file,c,923,-0.016176425841449252
all seasons in the file,c,924,-0.01017233261265937
all seasons in the file,c,925,-0.016385787629293484
all seasons in the file,c,926,-0.011177675762061884
all seasons in the file,c,927,-0.014631782473609342
all seasons in the file,c,928,-0.00921166391437531
all seasons in the file,c,929,-0.015466391580551766
all seasons in the file,c,930,-0.00333374523507647
all seasons in the file,c,931,-0.019933777518461298
all seasons in the file,c,932,-0.020953258413188812
all seasons in the file,c,933,-0.007272131511400214
all seasons in the file,c,934,-0.012023690265715408
all seasons in the file,c,935,-0.010326646510646336
all seasons in the file,c,936,-0.013620840748499782
all seasons in the file,c,937,-0.00998562770733075
all seasons in the file,c,938,-0.006295527947680452
all seasons in the file,c,939,-0.005947158261033276
all seasons in the file,c,940,-0.010328577808622032
all seasons in the file,c,941,-0.019107874558651945
all seasons in the file,c,942,-0.006919016656968121
all seasons in the file,c,943,-0.012984272198175842
all seasons in the file,c,944,-0.01140365178558064
all seasons in the file,c,945,-0.004819635199024241
all seasons in the file,c,946,-0.015956349527613753
all seasons in the file,c,947,-0.015789030098841014
all seasons in the file,c,948,-0.01743024519935501
all seasons in the file,c,949,-0.0037811836167915957
all seasons in the file,c,950,-0.017878902802043066
all seasons in the file,c,951,-0.0004989941876879806
all seasons in the file,c,952,-0.014138591026657078
all seasons in the file,c,953,-0.012534357063425596
all seasons in the file,c,954,-0.007810443827603047
all seasons in the file,c,955,-0.0074303412001780105
all seasons in the file,c,956,-0.022736431891235184
all seasons in the file,c,957,-0.015202050634175082
all seasons in the file,c,958,-0.018840025580942846
all seasons in the file,c,959,-0.014567664096784505
all seasons in the file,c,960,-0.014424803881575007
all seasons in the file,c,961,-0.008199891049567849
all seasons in the file,c,962,-0.01856796100894876
all seasons in the file,c,963,-0.015418610439268933
all seasons in the file,c,964,-0.010178519411123684
all seasons in the file,c,965,-0.016678455043323544
all seasons in the file,c,966,-0.017225484841731524
all seasons in the file,c,967,-0.008571245734755876
all seasons in the file,c,968,-0.012898096059408077
all seasons in the file,c,969,-0.008175421327720454
all seasons in the file,c,970,-0.018038971115044655
all seasons in the file,c,971,-0.017971101231972125
all seasons in the file,c,972,-0.017377666301276296
all seasons in the file,c,973,-0.02570547883353835
all seasons in the file,c,974,-0.01933458146967376
all seasons in the file,c,975,-0.010368876005651003
all seasons in the file,c,976,-0.02401676005778154
all seasons in the file,c,977,-0.023058639446586413
all seasons in the file,c,978,-0.017411206488236144
all seasons in the file,c,979,-0.0200081584321807
all seasons in the file,c,980,-0.0015128472030762254
all seasons in the file,c,981,-0.024629981472519238
all seasons in the file,c,982,-0.02469494925103623
all seasons in the file,c,983,-0.013502662533871166
all seasons in the file,c,984,-0.011248846282738926
all seasons in the file,c,985,-0.0027672982859050614
all seasons in the file,c,986,-0.017724053252128266
all seasons in the file,c,987,-0.021986765251260195
all seasons in the file,c,988,-0.015556210572547679
all seasons in the file,c,989,-0.011740740344575496
all seasons in the file,c,990,-0.008305176073388668
all seasons in the file,c,991,-0.028078276547902792
all seasons in the file,c,992,-0.025451242107679822
all seasons in the file,c,993,-0.007450848604068168
all seasons in the file,c,994,-0.009269844626857341
all seasons in the file,c,995,-0.007347065398396404
all seasons in the file,c,996,-0.024995055472099015
all seasons in the file,c,997,-0.011465931745544652
all seasons in the file,c,998,-0.012109411969511326
all seasons in the file,c,999,-0.013014447749716485
