team_id,season_id,player_id,player,dob,nationality_id,start,end,jersey,captain
3,7931,1806,Wahbi Khazri,1991-02-08,1439,,,10,
3,7931,1201,Adam Matthews,1992-01-13,515,,,21,
3,7931,2683,Jason Steele,1990-08-18,462,,,1,
3,7931,411,Jack Rodwell,1991-03-11,462,,,8,
3,7931,4701,Ashley Fletcher,1995-10-02,462,,,9,
3,7931,1818,Lamine Koné,1989-02-01,23,,,23,
3,7931,1799,Duncan Watmore,1994-03-08,462,,,14,
3,7931,2463,Lee Camp,1984-08-22,491,,,12,
3,7931,4620,Jake Clarke-Salter,1997-09-22,462,,,35,
3,7931,4519,Tom Beadling,1996-01-16,98,,,31,
3,7931,581009,Luke Molyneux,1998-03-29,462,,,52,
3,7931,5271,Elliot Embleton,1999-04-02,462,,,40,
3,7931,1494231,Denver Hume,1998-08-11,462,,,41,
3,7931,12433161,Bali Mumba,2001-10-08,462,,,37,
3,7931,4763,Maksymilian Stryjek,1996-07-18,2,,,32,
3,7931,1001,Paddy McNair,1995-04-27,491,,,4,
3,7931,1254,Brendan Galloway,1996-03-17,2325,,,15,
3,7931,2268,Kazenga LuaLua,1990-12-10,1320,,,11,
3,7931,5249,Josh Maja,1998-12-27,716,,,20,
3,7931,24189,Robbin Ruiter,1987-03-25,38,,,25,
3,7931,1476,Callum McManaman,1991-04-25,462,,,13,
3,7931,1143,Billy Jones,1987-03-24,462,,,2,
3,7931,1824,Joel Asoro,1999-04-27,47,,,29,
3,7931,1118,Lewis Grabban,1988-01-12,462,,,11,
3,7931,5261,Ethan Robson,1996-10-25,462,,,28,
3,7931,1776,Donald Love,1994-12-02,1161,,,22,
3,7931,1256,Bryan Oviedo,1990-02-18,1739,,,3,
3,7931,1297,Tyias Browning,1994-05-27,462,,,18,
3,7931,4821,Didier Ndong,1994-06-17,3662,,,17,
3,7931,599,John O'Shea,1981-04-30,455,,,16,
3,7931,4828,Ovie Ejaria,1997-11-18,462,,,53,
3,7931,4591,George Honeyman,1994-09-08,462,,,26,
3,7931,175,Lee Cattermole,1988-03-21,462,,,6,
3,7931,400,Marc Wilson,1987-08-17,455,,,36,
3,7931,1778,Lynden Gooch,1995-12-24,3483,,,27,
3,7931,905,Aiden McGeady,1986-04-04,455,,,19,
3,7931,677,James Vaughan,1988-07-14,462,,,9,
3,7931,1329,Jonathan Williams,1993-10-09,515,,,7,
3,7931,1431,Darron Gibson,1987-10-25,455,,,24,
7,7931,262274,Jack Harrison,1996-11-20,462,,,23,
7,7931,1717,Marten de Roon ,1991-03-29,38,,,14,
7,7931,5410,Connor Roberts,1995-09-23,515,,,23,
7,7931,1709,Dimitris Konstantopoulos,1978-11-29,125,,,1,
7,7931,725,Martin Cranie,1986-09-26,462,,,14,
7,7931,1716,Adam Forshaw,1991-10-08,462,,,34,
7,7931,625,Fábio,1990-07-09,5,,,2,
7,7931,4701,Ashley Fletcher,1995-10-02,462,,,18,
7,7931,919,Jonathan Howson,1988-05-21,462,,,16,
7,7931,1175,Patrick Bamford,1993-09-05,462,,,11,
7,7931,2598,Grant Leadbitter,1986-01-07,462,,,7,
7,7931,1449,Darren Randolph,1987-05-12,455,,,25,
7,7931,5317,Dael Fry,1997-08-30,462,,,20,
7,7931,1722,George Friend,1987-10-19,462,,,3,
7,7931,1012,M. Bešić,1992-09-10,507,,,27,
7,7931,652,Yuki Takahashi,1990-11-07,32,,,4,
7,7931,1151,Ryan Shotton,1988-10-30,462,,,5,
7,7931,1728,Adam Clayton,1989-01-14,462,,,8,
7,7931,3250,Britt Assombalonga,1992-12-06,1320,,,9,
7,7931,4241,Adama Traoré,1996-01-25,32,,,37,
7,7931,1723,Ben Gibson ,1993-01-15,462,,,6,
7,7931,4219,Lewis Baker,1995-04-25,462,,,30,
7,7931,190,Stewart Downing,1984-07-22,462,,,19,
7,7931,2306,Cyrus Christie,1992-09-30,455,,,22,
7,7931,537493,Marcus Tavernier,1999-03-22,462,,,62,
7,7931,9744,Marvin Johnson,1990-12-01,462,,,21,
7,7931,1025,Rudy Gestede,1988-10-10,7830,,,39,
7,7931,83488,Martin Braithwaite,1991-06-05,320,,,10,
11,7931,95132,Yohan Mollo,1989-07-18,17,,,22,
11,7931,2945,Denis Odoi,1988-05-27,468,,,4,
11,7931,2957,Michael Madl,1988-03-21,143,,,15,
11,7931,2306,Cyrus Christie,1992-09-30,455,,,22,
11,7931,1494712,Matt O'Riley,2000-11-21,462,,,33,
11,7931,8333,Luca de la Torre,1998-05-23,3483,,,36,
11,7931,1494715,Steven Sessegnon,2000-05-18,462,,,43,
11,7931,17218,Magnus Norman,1997-01-19,462,,,46,
11,7931,2999,Cauley Woodrow,1994-12-02,462,,,14,
11,7931,6351,Marek Rodák,1996-12-13,401,,,42,
11,7931,160452,Rafa Soares,1995-05-09,20,,,5,
11,7931,6853,Neeskens Kebano,1992-03-10,1320,,,7,
11,7931,1387,Matt Targett,1995-09-18,462,,,21,
11,7931,2960,Tomas Kalas,1993-05-15,245,,,26,
11,7931,4371,Kazım Nas,1992-10-10,462,,,2,
11,7931,1105,Sone Aluko,1989-02-19,716,,,24,
11,7931,2823,David Button,1989-02-27,462,,,27,
11,7931,2996,Tayo Edun,1998-05-14,462,,,37,
11,7931,6610,Ryan Sessegnon,2000-05-18,462,,,3,
11,7931,186847,Marcelo Djaló,1993-10-08,1707,,,23,
11,7931,61694,Ibrahima Cisse,1994-02-28,1703,,,44,
11,7931,90053,Mattias Käit,1998-06-29,2405,,,40,
11,7931,63093,Aboubakar Kamara,1995-03-07,2493,,,47,
11,7931,4379,Sheyi Ojo,1997-06-19,462,,,19,
11,7931,7007,Stefan Johansen,1991-01-08,1578,,,8,
11,7931,3268,Marcus Bettinelli,1992-05-24,462,,,1,
11,7931,2321,Oliver Norwood ,1991-04-12,491,,,16,
11,7931,1840,K. McDonald,1988-11-04,1161,,,6,
11,7931,2285,Tom Cairney  ,1991-01-20,1161,,,10,
11,7931,5417,Pedro Rostoll,1990-04-23,20,,,9,
11,7931,2454,Tim Ream,1987-10-05,3483,,,13,
11,7931,2970,Floyd Ayité,1988-12-15,3039,,,11,
11,7931,4225,Lucas Piazón,1994-01-20,5,,,20,
11,7931,1366,Aleksandar Mitrović,1994-09-16,296,,,32,
11,7931,6009,Jordan Graham,1995-03-05,462,,,17,
12,7931,7974,Cheick Keita,1996-04-16,26,,,33,
12,7931,577,David Adam Stockdale,1985-09-20,462,,,13,
12,7931,6310,Nicolai Brock-Madsen,1993-01-09,320,,,44,
12,7931,20506,Wes Harding,1996-10-20,1640,,,45,
12,7931,7316,Josh Dacres-Cogley,1996-03-12,462,,,25,
12,7931,13482,Liam Walsh,1997-09-15,462,,,24,
12,7931,1502,Jason Lowe,1991-09-02,462,,,21,
12,7931,7570,Corey O'Keeffe,1998-06-05,455,,,30,
12,7931,6140,Connal Trueman,1996-03-26,462,,,39,
12,7931,15061999,Beryly Lubala,1998-01-08,1320,,,49,
12,7931,3015,Robert Tesche,1987-05-27,11,,,7,
12,7931,14685080,Odin Bailey,1999-12-08,462,,,48,
12,7931,11322489,Steve Seddon,1997-12-25,462,,,46,
12,7931,1151,Ryan Shotton,1988-10-30,462,,,5,
12,7931,752,Tomasz Kuszczak,1982-03-20,2,,,29,
12,7931,11152,Isaac Vassell,1993-09-09,462,,,11,
12,7931,1494443,Cohen Bramall,1996-04-02,462,,,15,
12,7931,1726,Emilio Nsue,1989-09-30,211975,,,2,
12,7931,2817,Jota Peleteiro,1991-06-16,32,,,27,
12,7931,521,Craig Gardner,1986-11-25,462,,,8,
12,7931,808,C. Jenkinson,1992-02-08,462,,,22,
12,7931,6505,M. Roberts,1990-07-26,462,,,4,
12,7931,2743,Michael Morrison,1988-03-03,462,,,28,
12,7931,112,Paul Robinson,1978-12-17,462,,,40,
12,7931,4637,Jérémie Boga,1997-01-03,23,,,20,
12,7931,3029,Stephen Gleeson,1988-08-03,455,,,50,
12,7931,1784,David Cotterill,1987-12-04,515,,,23,
12,7931,6321,Maxime Colin,1991-11-15,17,,,5,
12,7931,2419,David Davis,1991-02-20,462,,,26,
12,7931,2931,Jacques Maghoma,1987-10-23,1320,,,19,
12,7931,2824,Harlee Dean,1991-07-26,462,,,12,
12,7931,1447,Lukas Jutkiewicz,1989-03-28,462,,,10,
12,7931,4246,Sam Gallagher,1995-09-15,462,,,18,
12,7931,96491,Cheikh N'Doye ,1986-03-29,200,,,17,
12,7931,3383,Maikel Kieftenbeld,1990-06-26,38,,,6,
12,7931,3596,Ché Adams,1996-07-13,1161,,,14,
12,7931,3025,Jonathan Grounds,1988-02-02,462,,,3,
12,7931,3030,Clayton Donaldson,1984-02-07,1640,,,9,
15,7931,1008,Sam Johnstone,1993-03-25,462,,,1,
15,7931,178,Gabriel Agbonlahor,1986-10-13,462,,,11,
15,7931,8270,Callum O'Hare,1998-05-01,462,,,36,
15,7931,957,J. Steer,1992-09-23,462,,,13,
15,7931,6513,James Bree,1997-12-11,462,,,16,
15,7931,4391,Axel Tuanzebe,1997-11-14,1320,,,28,
15,7931,949,Ritchie De Laet,1988-11-28,556,,,2,
15,7931,1050,Tommy Elphick,1987-09-07,462,,,24,
15,7931,871,Leandro Bacuna,1991-08-21,7437,,,7,
15,7931,1494566,Jake Doyle-Hayes,1998-12-30,455,,,32,
15,7931,7566,Matija Šarkić,1997-07-23,998,,,33,
15,7931,437,Glenn Whelan,1984-01-13,455,,,6,
15,7931,1473,Henri Lansbury,1990-10-12,462,,,8,
15,7931,4599,Andre Green,1998-07-26,462,,,19,
15,7931,1023,James Chester,1989-01-23,515,,,5,
15,7931,817,Neil Taylor,1989-02-07,515,,,3,
15,7931,3169,Jonathan Kodjia,1989-10-22,23,,,22,
15,7931,870,Robert Snodgrass,1987-09-07,1161,,,7,
15,7931,1727,Albert Adomah,1987-12-13,468,,,37,
15,7931,1708,Joshua Onomah,1997-04-27,462,,,18,
15,7931,3371,C. Hourihane,1991-02-02,455,,,14,
15,7931,3325,Scott Hogan,1992-04-13,455,,,9,
15,7931,4537,Rushian Hepburn-Murphy,1998-08-28,462,,,29,
15,7931,7997,Birkir Bjarnason,1988-05-27,1796,,,20,
15,7931,88,John Terry,1980-12-07,462,,,26,
15,7931,628,Ahmed Eissa El Mohamady Abdel Fattah,1987-09-09,886,,,27,
15,7931,1116,Jack Grealish,1995-09-10,462,,,10,
15,7931,1118,Lewis Grabban,1988-01-12,462,,,45,
15,7931,1126,Mile Jedinak,1984-08-03,98,,,15,
15,7931,212,Christopher Samba,1984-03-28,1560,,,4,
15,7931,1103,Alan Hutton,1984-11-30,1161,,,21,
15,7931,4579,Keinan Davis,1998-02-13,462,,,39,
15,7931,467,Mark Bunn,1984-11-16,462,,,31,
16,7931,4244,Josh Cullen  ,1996-04-07,455,,,16,
16,7931,9706,Jake Turner,1999-02-25,462,,,39,
16,7931,4543,Jan Kirchhoff,1990-10-01,11,,,27,
16,7931,14955,Jeff King,1995-12-19,462,,,34,
16,7931,581224,Harry Charsley,1996-11-01,455,,,20,
16,7931,18460,Connor Hall,1998-02-18,462,,,35,
16,7931,529,Karl Henry,1982-11-26,462,,,24,
16,7931,978,Jon Flanagan,1993-01-01,462,,,14,
16,7931,2951,Adam Armstrong,1997-02-10,462,,,20,
16,7931,2408,Jem Karacan,1989-02-21,404,,,8,
16,7931,1186,Will Buckley,1989-11-21,462,,,11,
16,7931,3951,Stephen Darby,1988-10-06,462,,,23,
16,7931,1239,Sammy Ameobi,1992-05-01,462,,,10,
16,7931,6365,Derik Osede,1993-02-21,32,,,17,
16,7931,1073,Adam Le Fondre,1986-12-02,462,,,9,
16,7931,7982,Filipe Morais,1985-11-21,20,,,22,
16,7931,3479,Mark Howard,1986-09-21,462,,,33,
16,7931,2802,Ben Alnwick,1987-01-01,462,,,13,
16,7931,1326,Aaron Wilbraham,1979-10-21,462,,,18,
16,7931,211,David Wheater,1987-02-14,462,,,31,
16,7931,234,Andrew Taylor,1986-08-01,462,,,3,
16,7931,5635,Josh Vela,1993-12-14,462,,,6,
16,7931,2731,Craig Noone,1987-11-17,462,,,12,
16,7931,581067,Antonee Robinson,1997-08-08,3483,,,15,
16,7931,2740,Dorian Dervite,1988-07-25,17,,,4,
16,7931,2621,Mark Little,1988-08-20,462,,,2,
16,7931,2610,Gary Madine,1990-08-24,462,,,14,
16,7931,1939,Mark Beevers,1989-11-21,462,,,5,
16,7931,6206,Zach Clough,1995-03-08,462,,,40,
16,7931,1291,Reece Burke,1996-09-02,462,,,32,
16,7931,1060,Darren Pratley,1985-04-22,462,,,21,
16,7931,3165,Tyler Walker,1996-10-17,462,,,19,
21,7931,9808,David Brooks,1997-07-08,515,,,36,
21,7931,3262,John Lundstram,1994-02-18,462,,,7,
21,7931,620,Ched Evans  ,1988-12-28,515,,,32,
21,7931,20372,Jake Eastwood,1996-10-03,462,,,31,
21,7931,14946,Ben Heneghan,1993-09-19,462,,,23,
21,7931,455410,Regan Slater,1999-09-11,462,,,34,
21,7931,5725,Caolan Lavery,1992-10-22,491,,,22,
21,7931,5953,Jack O'Connell,1994-03-29,462,,,5,
21,7931,8406,James Hanson,1987-11-09,462,,,17,
21,7931,1712,Cameron Carter-Vickers ,1997-12-31,3483,,,16,
21,7931,1586,Leon Clarke,1985-02-10,462,,,9,
21,7931,2618,Paul Coutts,1988-07-22,1161,,,15,
21,7931,9471,Ricky Holmes,1987-06-19,462,,,26,
21,7931,5935,Lee Evans,1994-07-24,515,,,20,
21,7931,5173,Ryan Leonard,1992-05-24,462,,,14,
21,7931,4220,Enda Stevens,1990-07-09,455,,,3,
21,7931,12019,Nathan Thomas,1994-09-27,462,,,8,
21,7931,506,Chris Basham,1988-07-20,462,,,6,
21,7931,2660,Danny Lafferty,1989-05-18,491,,,24,
21,7931,1384,Patrick McCarthy,1986-02-05,462,,,10,
21,7931,2926,James Wilson,1995-12-01,462,,,12,
21,7931,3571,Kieron Freeman,1992-03-21,515,,,18,
21,7931,3121,Mark Duffy,1985-10-07,462,,,21,
21,7931,3030,Clayton Donaldson,1984-02-07,1640,,,11,
21,7931,5858,John Fleck,1991-08-24,1161,,,4,
21,7931,4234,Pavel Kucera,1993-10-27,462,,,27,
21,7931,7358,Jake Wright,1986-03-11,462,,,13,
21,7931,2891,Simon Moore,1990-05-19,462,,,1,
21,7931,2614,John Brayford,1987-12-29,462,,,30,
21,7931,3604,George Baldock,1993-03-09,462,,,2,
21,7931,500,Richard Stearman,1987-08-19,462,,,19,
21,7931,4395,Samir Carruthers,1993-04-04,455,,,44,
22,7931,1571,Sam Clucas,1990-09-25,462,,,11,
22,7931,1069,Allan McGregor,1982-01-31,1161,,,1,
22,7931,6203,Brian Lenihan,1994-06-08,455,,,30,
22,7931,4531,James Weir,1995-08-04,462,,,17,
22,7931,340504,Will Mannion,1998-05-05,462,,,13,
22,7931,1598,Greg Olley,1996-02-02,462,,,26,
22,7931,3509969,Tyler Hamilton,,462,,,32,
22,7931,1589,Josh Clackstone,1996-09-18,462,,,27,
22,7931,1226,Txiki Acaz,1985-03-05,1161,,,12,
22,7931,9368,Callum Burton,1996-08-15,462,,,36,
22,7931,4323,Will Keane,1993-01-11,462,,,19,
22,7931,608284,Daniel Batty,1997-12-10,462,,,18,
22,7931,2217,Nouha Dicko,1992-05-14,26,,,9,
22,7931,1594,Greg Luer,1994-12-06,462,,,23,
22,7931,4655,Fikayo Tomori,1997-12-19,462,,,29,
22,7931,1628,Stephen Kingsley,1994-07-23,1161,,,28,
22,7931,6605,Jackson Irvine,1993-03-07,98,,,4,
22,7931,12450,Max Clark,1996-01-19,462,,,24,
22,7931,1956,Ola Aina,1996-10-08,716,,,34,
22,7931,3384,Michael Hector,1992-07-19,1640,,,5,
22,7931,4807,Markus Henriksen,1992-07-25,1578,,,22,
22,7931,1592,Jarrod Bowen ,1996-12-20,462,,,20,
22,7931,6602,A. MacDonald,1992-10-15,462,,,50,
22,7931,5359,Kamil Grosicki ,1988-06-08,2,,,7,
22,7931,766,David Meyler,1989-05-29,455,,,8,
22,7931,2836,Jon Toral,1995-02-05,32,,,11,
22,7931,60772,Ondrej Mazuch,1989-03-15,245,,,3,
22,7931,1895,Kevin Stewart,1993-09-07,1640,,,35,
22,7931,313,Fraizer Campbell,1987-09-13,462,,,25,
22,7931,259,Michael Dawson,1983-11-18,462,,,21,
22,7931,1567,Adama Diomandé,1990-02-14,1578,,,14,
22,7931,5311,Evandro,1986-08-23,5,,,15,
22,7931,5403,Harry Wilson,1997-03-22,515,,,49,
22,7931,597,Sebastian Larsson,1985-06-06,47,,,16,
22,7931,1568,Abel Hernández,1990-08-08,158,,,10,
23,7931,1024,S. Quinn,1986-04-01,455,,,21,
23,7931,8011,Adrian Dumitru Popa,1988-07-24,155,,,25,
23,7931,37,Paul McShane,1986-01-06,455,,,5,
23,7931,6549,Anssi Jaakkola,1987-03-13,1233,,,31,
23,7931,6644,Joseph Mendes,1991-03-30,1707,,,9,
23,7931,838,Vito Mannone,1988-03-02,251,,,1,
23,7931,581206,Omar Richards,1998-02-15,462,,,50,
23,7931,580970,Andy Rinomhota,1997-04-21,2325,,,42,
23,7931,816,Tyler Blackett,1994-04-02,462,,,24,
23,7931,8322,George Legg,1996-04-30,462,,,43,
23,7931,580971,Danny Namaso,2000-08-28,593,,,56,
23,7931,1105,Sone Aluko,1989-02-19,716,,,14,
23,7931,2452,Jordan Obita,1993-12-08,462,,,11,
23,7931,1494301,Tom Holmes,2000-03-12,462,,,57,
23,7931,11353212,Helmer Andersson,2001-09-08,47,,,37,
23,7931,509,Dave Edwards,1986-02-03,515,,,16,
23,7931,2992,John Swift,1995-06-23,462,,,10,
23,7931,1050,Tommy Elphick,1987-09-07,462,,,3,
23,7931,22843,A. Andrésson,1998-01-27,1796,,,37,
23,7931,7037,Joshua Barrett,1998-06-21,455,,,39,
23,7931,1509,Chris Martin,1988-11-04,1161,,,27,
23,7931,1077,Garath McCleary,1987-05-15,1640,,,12,
23,7931,332126,Sam Smith,1998-03-08,462,,,55,
23,7931,920,Liam Moore,1993-01-31,1640,,,6,
23,7931,4183,Tiago Ilori,1993-02-26,20,,,20,
23,7931,1614,Modou Barrow,1992-10-13,2507,,,17,
23,7931,1031,Yann Kermorgant,1981-11-08,17,,,18,
23,7931,26747,Pelle Clement,1996-05-19,38,,,22,
23,7931,6544,Joey van den Berg,1986-02-13,38,,,4,
23,7931,871,Leandro Bacuna,1991-08-21,7437,,,19,
23,7931,4207,George Evans,1994-12-13,462,,,8,
23,7931,6548,Liam Kelly,1995-11-22,455,,,38,
23,7931,1088,Chris Gunter,1989-07-21,515,,,2,
23,7931,6560,J. Böðvarsson,1992-05-25,1796,,,23,
23,7931,6543,Roy Beerens,1987-12-22,38,,,7,
24,7931,1509,Chris Martin,1988-11-04,1161,,,9,
24,7931,6075,J. Mitchell,1994-11-24,462,,,35,
24,7931,2326,Craig Forsyth,1989-02-24,1161,,,3,
24,7931,105,Scott Carson,1985-09-03,462,,,1,
24,7931,2642,M. Bennett,1996-07-15,462,,,20,
24,7931,1287,Ikechi Anya,1988-01-03,1161,,,8,
24,7931,3027,Kelle Roos,1992-05-31,38,,,21,
24,7931,608,Cameron Jerome,1986-08-14,462,,,32,
24,7931,2308,Richard Keogh,1986-08-11,455,,,6,
24,7931,2481,Marcus Olsson,1988-05-17,47,,,29,
24,7931,15494,Luke Thomas,1999-02-19,462,,,45,
24,7931,581158,Jayden Bogle,2000-07-27,462,,,47,
24,7931,1040,Jacob Butterfield,1990-06-10,462,,,18,
24,7931,2337,Johnny Russell,1990-04-08,1161,,,7,
24,7931,4401,Tom Lawrence,1994-01-13,515,,,10,
24,7931,3396,Sam Winnall,1991-01-19,462,,,17,
24,7931,5847,Jamie Hanson,1995-11-10,462,,,26,
24,7931,839,Andre Wisdom,1993-05-09,462,,,14,
24,7931,1091,Alex Pearce,1988-11-09,455,,,16,
24,7931,1348,George Thorne,1993-01-04,462,,,34,
24,7931,1148,Matej Vydra,1992-05-01,245,,,23,
24,7931,365,David Nugent,1985-05-02,462,,,28,
24,7931,925,Bradley Johnson,1987-04-28,462,,,15,
24,7931,339,Andreas Weimann,1991-08-05,143,,,19,
24,7931,1337,Joe Ledley,1987-01-23,515,,,36,
24,7931,193,Curtis Davies,1985-03-15,462,,,33,
24,7931,3267,Kasey Palmer,1996-11-09,1640,,,7,
24,7931,33,Tom Huddlestone,1986-12-28,462,,,44,
24,7931,576,Chris Baird,1982-02-25,491,,,12,
24,7931,2333,Craig Bryson,1986-11-06,1161,,,4,
29,7931,12112,Will Norris,1993-08-12,462,,,31,
29,7931,2217,Nouha Dicko,1992-05-14,26,,,9,
29,7931,5936,Jack Price,1992-12-19,462,,,19,
29,7931,890,John Ruddy,1986-10-24,462,,,21,
29,7931,6201,Kortney Hause,1995-07-16,462,,,30,
29,7931,186965,Rafa Mir,1997-06-18,32,,,9,
29,7931,7583,Harry Burgoyne,1996-12-28,462,,,13,
29,7931,84448,Oskar Buur,1998-03-31,320,,,38,
29,7931,6482,Sylvain Deslandes ,1997-04-25,17,,,32,
29,7931,7237,Michał Żyro,1992-09-20,2,,,14,
29,7931,7055,Ivan Cavaleiro,1993-10-18,911,,,7,
29,7931,509,Dave Edwards,1986-02-03,515,,,4,
29,7931,7522,Connor Ronan,1998-03-06,455,,,20,
29,7931,4014,Danny Batth,1990-09-21,462,,,6,
29,7931,158907,Roderick Miranda,1991-03-30,20,,,25,
29,7931,537514,Rúben Vinagre,1999-04-09,20,,,29,
29,7931,159699,Rúben Neves,1997-03-13,20,,,8,
29,7931,6563,Hélder Costa,1994-01-12,911,,,17,
29,7931,95348,Willy Boly,1991-02-03,17,,,15,
29,7931,3884,Matt Doherty,1992-01-16,455,,,2,
29,7931,6009,Jordan Graham,1995-03-05,462,,,11,
29,7931,1832,Benik Afobe,1993-02-12,1320,,,19,
29,7931,7144,Romain Saïss,1990-03-26,1424,,,27,
29,7931,898,Ryan Bennett,1990-03-06,462,,,5,
29,7931,6339,Bright Enobakhare,1998-02-08,716,,,26,
29,7931,159917,Diogo Jota,1996-12-04,20,,,18,
29,7931,4437,Alfred N'Diaye,1990-03-06,200,,,4,
29,7931,3043,Conor Coady,1993-02-25,462,,,16,
29,7931,7926,Morgan Gibbs-White,2000-01-27,462,,,24,
29,7931,160116,Léo Bonatini,1994-03-28,5,,,33,
29,7931,155323,B. Douglas,1989-09-04,1161,,,3,
29,7931,2256,Ben Marshall,1991-03-29,462,,,12,
33,7931,7958,Ben Godfrey,1998-01-15,462,,,22,
33,7931,608,Cameron Jerome,1986-08-14,462,,,10,
33,7931,37457,Christoph Zimmermann,1993-01-12,11,,,6,
33,7931,3372,Marley Watkins,1990-10-17,515,,,12,
33,7931,34378,Marcel Franke,1993-04-05,11,,,28,
33,7931,3133,Michael McGovern,1984-07-12,491,,,33,
33,7931,31174,Marco Stiepermann,1991-02-09,11,,,18,
33,7931,912,Steven Naismith,1986-09-14,1161,,,7,
33,7931,14830,Sean Raggett,1994-01-25,462,,,20,
33,7931,537362,Adam Phillips,1998-01-15,462,,,35,
33,7931,581086,Todd Cantwell ,1998-02-27,462,,,36,
33,7931,1494666,Jamal Lewis ,1998-01-25,491,,,26,
33,7931,3119,Timm Klose,1988-05-09,62,,,15,
33,7931,25747,Tom Trybull,1993-03-09,11,,,19,
33,7931,2872,Josh Murphy,1995-02-24,462,,,11,
33,7931,878,Wesley Hoolahan,1982-05-20,455,,,14,
33,7931,37556,Dennis Srbeny,1994-05-05,11,,,32,
33,7931,31030,Moritz Leitner,1992-12-08,11,,,10,
33,7931,4425,Nélson Oliveira,1991-08-08,20,,,9,
33,7931,34706,Onel Hernández,1993-02-01,63604,,,25,
33,7931,2829,Alex Pritchard,1993-05-03,462,,,21,
33,7931,3073,Ivo Pinto ,1990-01-07,20,,,2,
33,7931,1409,Harrison Reed,1995-01-27,462,,,4,
33,7931,336067,Angus Gunn ,1996-01-22,1161,,,1,
33,7931,340344,Marcus Edwards,1998-12-03,462,,,21,
33,7931,976,Alexander Tettey,1986-04-04,1578,,,27,
33,7931,6838,James Maddison,1996-11-23,462,,,23,
33,7931,904,Russell Martin,1986-01-04,1161,,,5,
33,7931,807,Grant Hanley,1991-11-20,1161,,,31,
33,7931,3147,James Husband,1994-01-03,462,,,3,
33,7931,32172,Mario Vrančić,1989-05-23,507,,,8,
33,7931,3138,Y. Wildschut,1991-11-01,2088,,,17,
47,7931,6971,Ariel Borysiuk,1991-07-29,2,,,16,
47,7931,139,Nedum Onuoha,1986-11-12,462,,,5,
47,7931,2313,Alex Smithies,1990-03-05,462,,,1,
47,7931,487,Alex Baptiste,1986-01-31,462,,,20,
47,7931,4507,Darnell Furlong,1995-10-31,462,,,2,
47,7931,6582,Matt Ingram,1993-12-18,462,,,13,
47,7931,7206,Niko Hämäläinen,1997-03-05,1233,,,32,
47,7931,15623,Chay Tilt,1997-09-18,462,,,41,
47,7931,3134,Grant Hall,1991-10-29,462,,,4,
47,7931,6640,Osman Kakay,1997-08-25,5724,,,29,
47,7931,4653,Michael Petrasso,1995-07-09,1004,,,25,
47,7931,4409,Sean Goss,1995-10-01,462,,,19,
47,7931,1452331,Charlie Owens,1997-12-07,491,,,35,
47,7931,65516,Ilias Chair,1997-10-30,1424,,,33,
47,7931,6620,Yeni N'Gbakoto,1992-01-23,1320,,,23,
47,7931,540091,Aramide Oteh,1998-09-10,462,,,38,
47,7931,149574,Paul Smyth,1997-09-10,491,,,37,
47,7931,6241,Joe Lumley,1995-02-15,462,,,26,
47,7931,2902,Jordan Cousins,1994-03-06,1640,,,8,
47,7931,11663,D. Wheeler,1990-10-04,462,,,36,
47,7931,1022,Jack Robinson,1993-09-01,462,,,18,
47,7931,3146,Luke Freeman,1992-03-22,462,,,7,
47,7931,735,James Perch,1985-09-28,462,,,24,
47,7931,7643,Eberechi Eze,1998-06-29,462,,,30,
47,7931,2944,Matt Smith,1989-06-07,462,,,17,
47,7931,1056,Steven Caulker,1991-12-29,5724,,,15,
47,7931,7104,Paweł Wszołek,1992-04-30,2,,,22,
47,7931,2475,Massimo Luongo,1992-09-25,98,,,21,
47,7931,7640,Ryan Manning ,1996-06-14,455,,,14,
47,7931,6509,Josh Scowen,1993-03-28,462,,,11,
47,7931,2813,Jake Bidwell,1993-03-21,462,,,3,
47,7931,1009,Jamie Mackie,1985-09-28,1161,,,12,
47,7931,3517,Conor Washington,1992-05-18,491,,,9,
47,7931,7026,Idrissa Sylla,1990-12-03,1703,,,40,
47,7931,6580,Bright Osayi-Samuel,1997-12-31,716,,,34,
47,7931,2316,Joel Lynch,1987-10-03,515,,,6,
47,7931,2268,Kazenga LuaLua,1990-12-10,1320,,,35,
54,7931,11471,Matty Pearson,1993-08-03,462,,,24,
54,7931,6514,Nick Townsend,1994-11-01,137919,,,13,
54,7931,3285,Alex Mowatt,1995-02-13,462,,,27,
54,7931,5699,Adam Davies,1992-07-17,515,,,1,
54,7931,6507,Andy Yiadom,1991-12-02,468,,,17,
54,7931,848,Adam Hammill,1988-01-25,462,,,7,
54,7931,10967315,Matty Wolfe,2000-06-12,462,,,39,
54,7931,9428,Jack Walton,1998-04-23,462,,,30,
54,7931,6289,Dani Pinillos,1992-10-22,32,,,23,
54,7931,7278,Jacob Brown,1998-04-10,1161,,,35,
54,7931,9162,Victor Adeboyejo,1998-01-12,716,,,29,
54,7931,9195,Dylan Mottley-Henry,1997-08-02,462,,,31,
54,7931,15665,Ethan Pinnock,1993-05-29,1640,,,16,
54,7931,5681,Kieffer Moore,1992-08-08,515,,,19,
54,7931,4746,Oli McBurnie,1996-06-04,1161,,,15,
54,7931,4140,Zeki Fryers,1992-09-09,462,,,3,
54,7931,2096,Matthew Mills,1986-07-14,462,,,5,
54,7931,8420,Brad Potts,1994-07-03,462,,,20,
54,7931,10601,Harvey Barnes,1997-12-09,462,,,15,
54,7931,3404,René Rosero,1991-08-10,462,,,23,
54,7931,6602,A. MacDonald,1992-10-15,462,,,5,
54,7931,172945,Stevie Mallan,1996-03-25,1161,,,14,
54,7931,173032,Liam Lindsay,1995-10-12,1161,,,6,
54,7931,99019,Mamadou Thiam,1995-03-20,200,,,26,
54,7931,8042,Ryan Hedges,1995-07-08,515,,,34,
54,7931,12233,Cameron McGeehan,1995-04-06,491,,,8,
54,7931,6398,Adam Jackson,1994-05-18,462,,,18,
54,7931,3400,George Moncur,1993-08-18,462,,,10,
54,7931,7231,Jared Bird,1997-08-21,462,,,37,
54,7931,537584,Iké Ugbo,1998-09-21,1004,,,19,
54,7931,1222,Gary Gardner,1992-06-29,462,,,22,
54,7931,1357,Lloyd Isgrove,1993-01-12,515,,,11,
54,7931,3398,Tom Bradshaw,1992-07-27,515,,,9,
54,7931,4187,Jason McCarthy,1995-11-07,462,,,2,
54,7931,96294,Dimitri Cavaré,1995-02-05,3779,,,12,
54,7931,6115,Connor Mahoney,1997-02-12,462,,,21,
54,7931,31490,Christoph Knasmüllner,1992-04-30,143,,,33,
54,7931,5433,Joe Williams,1996-12-08,462,,,4,
56,7931,1378,George Boyd,1985-10-02,1161,,,21,
56,7931,2949,Liam Palmer ,1991-09-19,1161,,,16,
56,7931,847,Craig Harrison,1984-10-23,455,,,1,
56,7931,2886,Sam Hutchinson,1989-08-03,462,,,23,
56,7931,2919,Joe Wildsmith,1995-12-28,462,,,28,
56,7931,25101,Joost van Aken,1994-05-13,38,,,4,
56,7931,10647698,Frederik Fisker,1998-02-07,320,,,35,
56,7931,2526,J. Kean,1991-02-04,462,,,34,
56,7931,13239100,Fraser Preston,1998-10-01,1161,,,37,
56,7931,12037268,Connor Kirby,1998-09-10,462,,,31,
56,7931,19825,Jordan Thorniley,1996-11-24,462,,,39,
56,7931,159599,Frederico Venâncio,1993-02-04,20,,,46,
56,7931,3396,Sam Winnall,1991-01-19,462,,,11,
56,7931,5791,Cameron Dawson,1995-07-07,462,,,25,
56,7931,2192,Glenn Loovens,1983-09-22,38,,,12,
56,7931,1040,Jacob Butterfield,1990-06-10,462,,,8,
56,7931,2816061,Ash Baker,1996-10-30,515,,,24,
56,7931,2912,Kieran Lee,1988-06-22,462,,,5,
56,7931,1306,Daniel Pudil,1985-09-27,245,,,36,
56,7931,2227,Fernando Forestieri,1990-01-15,251,,,45,
56,7931,2318,Jack Hunt ,1990-12-06,462,,,2,
56,7931,6175,Jack Stobbs,1997-02-27,462,,,44,
56,7931,473,Steven Fletcher,1987-03-26,1161,,,9,
56,7931,2905,Morgan Fox,1993-09-21,515,,,6,
56,7931,1122,Gary Hooper,1988-01-26,462,,,14,
56,7931,1736,J. Rhodes,1990-02-05,1161,,,7,
56,7931,24200,Joey Pelupessy,1993-05-15,38,,,32,
56,7931,2349,Tom Lees,1990-11-28,462,,,15,
56,7931,10849,Sean Clare,1996-09-18,462,,,38,
56,7931,2887,Atdhe Nuhiu,1989-07-29,122,,,17,
56,7931,340,Barry Bannan,1989-12-01,1161,,,10,
56,7931,2222,Almen Abdi,1986-10-21,62,,,41,
56,7931,2663,Adam Reach,1993-02-03,462,,,20,
56,7931,666,David Jones,1984-11-04,462,,,3,
56,7931,41,Ross Wallace,1985-05-23,1161,,,33,
56,7931,2917,Marco Matias,1989-05-10,20,,,19,
56,7931,2889,Lucas João,1993-09-04,911,,,18,
63,7931,3203,Dimitar Evtimov,1993-09-07,224,,,26,
63,7931,2470,Chris Cohen,1987-03-05,462,,,8,
63,7931,772,Apostolos Vellios,1992-01-08,125,,,39,
63,7931,1053,Armand Traore,1989-10-08,200,,,6,
63,7931,6206,Zach Clough,1995-03-08,462,,,16,
63,7931,499,Michael Mancienne,1988-01-08,908860,,,4,
63,7931,1263,Stephen Henderson,1988-05-02,455,,,30,
63,7931,522,Ben Watson,1985-07-09,462,,,32,
63,7931,1781,Jamie Ward,1986-05-12,491,,,19,
63,7931,1381,Danny Fox,1986-05-29,1161,,,13,
63,7931,186453,Juan Rafael Fuentes,1990-01-05,32,,,29,
63,7931,2284,Jack Hobbs,1988-08-18,462,,,25,
63,7931,159997,Tobias Figueiredo,1994-02-02,20,,,3,
63,7931,57,Daryl Murphy,1983-03-15,455,,,9,
63,7931,4197,Ashkan Dejagah,1986-07-05,488,,,21,
63,7931,784,Jack Colback,1989-10-24,462,,,18,
63,7931,5667,Mustapha Carayol,1988-09-04,2507,,,18,
63,7931,682,Adlène Guédioura,1985-11-12,614,,,5,
63,7931,3165,Tyler Walker,1996-10-17,462,,,34,
63,7931,1640,Tendayi Darikwa ,1991-12-13,2325,,,27,
63,7931,3230,Ben Osborn,1994-08-05,462,,,11,
63,7931,7835,Ben Brereton Díaz,1999-04-18,80,,,17,
63,7931,108589,Andreas Bouchalakis,1993-04-05,125,,,31,
63,7931,6590,Jordan Smith,1994-12-08,462,,,43,
63,7931,172862,Jason Cummings,1995-08-01,98,,,35,
63,7931,2096,Matthew Mills,1986-07-14,462,,,5,
63,7931,4892,Kieran Dowell,1997-10-10,462,,,20,
63,7931,7176,Joe Worrall,1997-01-10,462,,,42,
63,7931,399,Eric Lichaj,1988-11-17,3483,,,2,
63,7931,1235,Liam Bridcutt,1989-05-08,1161,,,7,
63,7931,6524,Matty Cash,1997-08-07,2,,,14,
63,7931,32181,Stefanos Kapino,1994-03-18,125,,,33,
63,7931,3041,Joe Lolley,1992-08-25,462,,,23,
63,7931,1215,Costel Pantilimon,1987-02-01,155,,,1,
63,7931,2619,Lee Tomlin,1989-01-12,462,,,15,
63,7931,172699,Barrie McKay,1994-12-30,1161,,,10,
63,7931,541,David Vaughan,1983-02-18,515,,,24,
64,7931,8404,James Meredith,1988-04-05,98,,,3,
64,7931,6038,Tom King,1995-03-09,515,,,13,
64,7931,5971,Jake Cooper,1995-02-03,462,,,35,
64,7931,3205,B. Webster,1987-03-31,462,,,17,
64,7931,408,Tim Cahill,1979-12-06,98,,,7,
64,7931,10224,Christian Mbulu,1996-08-06,462,,,25,
64,7931,8187,David Worrall,1990-06-12,462,,,7,
64,7931,4551,Jordan Archer,1993-04-12,1161,,,1,
64,7931,6039,Fred Onyedinma,1996-11-24,716,,,10,
64,7931,7292,Ben Thompson,1995-10-03,462,,,8,
64,7931,1457,Jason Shackell,1983-09-27,462,,,24,
64,7931,2256,Ben Marshall,1991-03-29,462,,,44,
64,7931,2431,Tony Craig,1985-04-20,462,,,5,
64,7931,3166,Shaun Williams,1986-10-19,455,,,6,
64,7931,9593,Tom Elliott,1990-11-09,462,,,19,
64,7931,5127,Connor McLaughlin,1991-07-26,491,,,2,
64,7931,3247,Shaun Hutchinson,1990-11-23,462,,,4,
64,7931,2625,Ryan Tunnicliffe,1992-12-30,462,,,18,
64,7931,6182,Jed Wallace,1994-03-26,462,,,14,
64,7931,5531,Aiden O'Brien,1993-10-04,455,,,22,
64,7931,9818,Kris Twardek,1997-03-08,1004,,,21,
64,7931,3544,David Martin,1986-01-22,462,,,16,
64,7931,3463,Harry Toffolo,1995-08-19,462,,,36,
64,7931,869,Steve Morison,1983-08-29,515,,,20,
64,7931,6028,George Saville,1993-06-01,491,,,23,
64,7931,3170,L. Gregory,1988-08-26,462,,,9,
64,7931,2821,Shane Ferguson,1991-07-12,491,,,11,
64,7931,9483,Mahlon Romeo,1995-09-19,137919,,,12,
69,7931,899,Jazz Richards,1991-04-12,515,,,6,
69,7931,3017,Kenneth Zohore ,1994-01-31,320,,,10,
69,7931,4285,Matty Kennedy ,1994-11-01,1161,,,23,
69,7931,3016,Frederic Gounongbe,1988-05-01,7830,,,26,
69,7931,35028,Rolf Feltscher,1990-10-06,275,,,29,
69,7931,5887,Kadeem Harris,1993-06-08,462,,,11,
69,7931,7983,Omar Bogle,1993-07-26,462,,,30,
69,7931,4627,Rhys Healey,1994-12-06,462,,,37,
69,7931,1107,Matthew Connolly,1987-09-24,462,,,16,
69,7931,3519,Nathaniel Méndez-Laing,1992-04-15,53128,,,19,
69,7931,2311,Sol Bamba,1985-01-13,23,,,14,
69,7931,261,Junior Hoilett,1990-06-05,1004,,,33,
69,7931,2333,Craig Bryson,1986-11-06,1161,,,21,
69,7931,3078,Liam Feeney,1987-01-21,462,,,12,
69,7931,913,Alberto Suárez,1988-06-06,455,,,13,
69,7931,3022,Joe Ralls,1993-10-12,462,,,8,
69,7931,527,Greg Halford,1984-12-08,462,,,15,
69,7931,1918,Marko Grujić,1996-04-13,296,,,24,
69,7931,3057,Sean Morrison,1991-01-08,462,,,4,
69,7931,2610,Gary Madine,1990-08-24,462,,,44,
69,7931,3037,Bruno Ecuele Manga,1988-07-16,3662,,,5,
69,7931,1051,Brian Murphy,1983-05-07,455,,,28,
69,7931,923,Neil Etheridge,1990-02-07,50809,,,25,
69,7931,320,Daniel Ward,1990-12-09,462,,,9,
69,7931,2619,Lee Tomlin,1989-01-12,462,,,7,
69,7931,64860,Loïc Damour,1991-01-08,17,,,20,
69,7931,172757,Callum Paterson,1994-10-13,1161,,,18,
69,7931,2515,Joe Bennett,1990-03-28,462,,,3,
69,7931,3138,Y. Wildschut,1991-11-01,2088,,,35,
69,7931,1781,Jamie Ward,1986-05-12,491,,,29,
69,7931,1236,Aron Gunnarsson,1989-04-22,1796,,,17,
69,7931,2303,Lee Peltier,1986-12-11,462,,,2,
69,7931,1053,Armand Traore,1989-10-08,200,,,32,
71,7931,3158,Luke Ayling,1991-08-25,462,,,2,
71,7931,143,Robert Green,1980-01-18,462,,,1,
71,7931,1235,Liam Bridcutt,1989-05-08,1161,,,26,
71,7931,11658022,Romario Vieira,1998-07-19,1707,,,40,
71,7931,29478,Pascal Struijk,1999-08-11,556,,,50,
71,7931,15061570,Callum Nicell Galbraith,1999-10-30,455,,,42,
71,7931,15395111,Hugo Diaz,1997-02-09,32,,,44,
71,7931,121710,Paudie O'Connor,1997-07-14,455,,,37,
71,7931,4969680,Ryan Edmondson,2001-05-20,462,,,53,
71,7931,10310764,Tom Pearce,1998-04-12,462,,,46,
71,7931,3216,Gaetano Berardi,1988-08-21,62,,,28,
71,7931,2511221,Conor Shaughnessy,1996-06-30,455,,,35,
71,7931,6656,Bailey Peacock-Farrell,1996-10-29,491,,,30,
71,7931,914,Chris Wood,1991-12-07,2817,,,9,
71,7931,4399,Cameron Borthwick-Jackson,1997-02-02,462,,,3,
71,7931,25063,Mateusz Klich,1990-06-13,2,,,43,
71,7931,61148,Laurens De Bock,1992-11-07,556,,,12,
71,7931,190896,Paweł Cibicki,1994-01-09,47,,,22,
71,7931,1267,Pablo Hernández,1985-04-11,32,,,19,
71,7931,4292,Matthew Pennington,1994-10-06,462,,,5,
71,7931,25679,Jay-Roy Grot,1998-03-13,38,,,11,
71,7931,7564,Tyler Denton,1995-09-06,462,,,33,
71,7931,31251,Pierre-Michel Lasogga,1991-12-15,11,,,9,
71,7931,1791,Andy Lonergan,1983-10-19,462,,,1,
71,7931,6970,Pontus Jansson,1991-02-13,47,,,18,
71,7931,186637,Samu Saiz,1991-01-22,32,,,21,
71,7931,1280,Vurnon Anita,1989-04-04,38,,,8,
71,7931,6574,Hadi Sacko,1994-03-24,26,,,24,
71,7931,1716,Adam Forshaw,1991-10-08,462,,,4,
71,7931,1036,Eunan O'Kane,1990-07-10,455,,,14,
71,7931,3344,Liam Cooper,1991-08-30,1161,,,6,
71,7931,31507,Felix Wiedwald,1990-03-15,11,,,13,
71,7931,6581,Ronaldo Vieira,1998-07-19,462,,,25,
71,7931,2818,Stuart Dallas,1991-04-19,491,,,15,
71,7931,197870,Ezgjan Alioski,1992-02-12,57142,,,10,
71,7931,3354,Kalvin Phillips ,1995-12-02,462,,,23,
71,7931,133599,Caleb Ekuban,1994-03-23,468,,,45,
71,7931,4561,Kemar Roofe,1993-01-06,1640,,,7,
99,7931,122003,Kevin O'Connor,1995-05-07,455,,,25,
99,7931,1666,Tommy Spurr,1987-09-30,462,,,17,
99,7931,5974,Stevie May,1992-11-03,1161,,,21,
99,7931,7139,Mathew Hudson,1998-07-29,462,,,28,
99,7931,6557,Chris Maxwell,1990-07-30,515,,,22,
99,7931,4252,Marnick Vermijl,1992-01-13,556,,,2,
99,7931,12394527,Adam O'Reilly,2001-05-11,455,,,35,
99,7931,488067,Connor Simpson,2000-01-24,462,,,27,
99,7931,3013,Ben Pringle,1989-07-25,462,,,18,
99,7931,963,Declan Rudd,1991-01-16,462,,,1,
99,7931,7940,Andy Boyle,1991-03-07,455,,,6,
99,7931,2538511,Josh Earl,1998-10-24,462,,,32,
99,7931,3495,Jordan Hugill,1992-06-04,462,,,9,
99,7931,2334,Calum Woods,1987-02-05,462,,,15,
99,7931,3530,Callum Robinson,1995-02-02,455,,,37,
99,7931,3762,G. Cunningham,1991-01-31,455,,,3,
99,7931,7885,Daryl Horgan ,1992-08-10,455,,,7,
99,7931,3467,Tom Clarke,1987-12-21,462,,,5,
99,7931,6591,Darnell Fisher,1994-04-04,462,,,14,
99,7931,3455,Daniel Johnson,1992-10-08,1640,,,11,
99,7931,3851,L. Moult,1992-05-14,462,,,21,
99,7931,3287,Paul Huntington,1987-09-17,462,,,23,
99,7931,6285,Ben Davies,1995-08-11,462,,,20,
99,7931,10634,Stephy Alvaro Mavididi,1998-05-31,462,,,27,
99,7931,537991,Josh Harrop,1995-12-15,462,,,10,
99,7931,3449,Alan Browne,1995-04-15,455,,,8,
99,7931,12404,Sean Maguire ,1994-05-01,455,,,24,
99,7931,3471,John Welsh,1984-01-10,462,,,19,
99,7931,5598,Tom Barkhuizen,1993-07-04,462,,,29,
99,7931,6634,Ben Pearson,1995-01-04,462,,,4,
99,7931,7838,Billy Bodin,1992-03-24,515,,,39,
99,7931,250,Paul Gallagher,1984-09-08,1161,,,12,
116,7931,3502637,Ben Folami,1999-06-08,98,,,34,
116,7931,2854,Bartosz Białkowski,1987-07-06,2,,,33,
116,7931,2609,Dean Gerken,1985-05-22,462,,,1,
116,7931,7606,Danny Rowe,1992-03-09,462,,,17,
116,7931,2816063,Luke Woolfenden,1998-10-21,462,,,39,
116,7931,6455,Adam McDonnell,1997-05-14,455,,,37,
116,7931,2847,Kévin Bru,1988-12-12,360931,,,28,
116,7931,7878,Ben Morris,1999-07-06,462,,,35,
116,7931,786227,Barry Cotter,1998-12-04,455,,,37,
116,7931,5745,Michael Crowe,1995-11-13,515,,,24,
116,7931,538553,Aaron Drinan,1998-05-06,455,,,26,
116,7931,7879,Patrick Webber,1999-05-14,462,,,38,
116,7931,3502638,Chris Smith,1998-02-21,462,,,40,
116,7931,19079,Shane McLoughlin,1997-03-01,455,,,42,
116,7931,2816,Tom Adeyemi,1991-10-24,462,,,15,
116,7931,3368,Grant Ward,1994-12-05,462,,,18,
116,7931,6604,Andre Dozzell,1999-05-02,462,,,23,
116,7931,2848,Teddy Bishop ,1996-07-15,462,,,7,
116,7931,4559,Bersant Celina,1996-09-09,122,,,11,
116,7931,4795,Callum Connolly,1997-09-23,462,,,16,
116,7931,1712,Cameron Carter-Vickers ,1997-12-31,3483,,,27,
116,7931,2488,Luke Hyam,1991-10-24,462,,,19,
116,7931,7954,Tristan Nydam,1999-11-06,462,,,22,
116,7931,6504,Adam Webster,1995-01-04,462,,,6,
116,7931,5667,Mustapha Carayol,1988-09-04,2507,,,32,
116,7931,2571,Cole Skuse,1986-03-29,462,,,8,
116,7931,2465,Luke Chambers,1985-09-28,462,,,4,
116,7931,629,Martyn Waghorn,1990-01-23,462,,,9,
116,7931,2457,Joe Garner,1988-04-12,462,,,14,
116,7931,158,Freddie Sears,1989-11-27,462,,,20,
116,7931,6199,Dominic Iorfa,1995-06-24,462,,,2,
116,7931,6218,Jonas Knudsen,1992-09-16,320,,,3,
116,7931,3029,Stephen Gleeson,1988-08-03,455,,,25,
116,7931,2569,Jordan Spence,1990-05-24,462,,,12,
116,7931,2191,David McGoldrick,1987-11-29,455,,,10,
116,7931,6329,Myles Kenlock,1996-11-26,462,,,30,
116,7931,2069,Tommy Smith,1990-03-31,2817,,,5,
116,7931,5913,Emyr Huws,1993-09-30,515,,,44,
116,7931,518749,Flynn Downes,1999-01-20,462,,,21,
122,7931,7330,Ivan Lucic,1995-03-23,143,,,29,
122,7931,270,Gary O'Neil,1983-05-18,462,,,28,
122,7931,3155,Aden Flint,1989-07-11,462,,,4,
122,7931,2017,Luke Steele,1984-09-24,462,,,15,
122,7931,7134,Gustav Engvall,1996-04-29,47,,,16,
122,7931,14319,Tyreeq Bakinson,1998-10-10,462,,,30,
122,7931,7250,Zak Vyner,1997-05-14,462,,,26,
122,7931,3387,Ryan Kent,1996-11-11,462,,,40,
122,7931,2178591,Jake Andrews,1997-10-14,462,,,35,
122,7931,3177,Max O'Leary,1996-10-10,462,,,24,
122,7931,10990678,Antoine Semenyo,2000-01-07,468,,,42,
122,7931,338959,Joseph Wollacott,1996-09-08,468,,,38,
122,7931,3157,Hörður Magnússon,1993-02-11,1796,,,23,
122,7931,191003,Niclas Eliasson,1995-12-07,47,,,19,
122,7931,3160,Joe Bryan,1993-09-17,462,,,3,
122,7931,868,Nathan Baker,1991-04-23,462,,,6,
122,7931,2612,Frank Fielding,1988-04-04,462,,,1,
122,7931,96657,Famara Diédhiou,1992-12-15,200,,,9,
122,7931,1680,Jonathan Leko,1999-04-24,462,,,45,
122,7931,3143,Josh Brownhill,1995-12-19,462,,,8,
122,7931,13482,Liam Walsh,1997-09-15,462,,,12,
122,7931,7802,Milan Djuric,1990-05-22,507,,,22,
122,7931,3167,Jamie Paterson,1991-12-20,462,,,20,
122,7931,3145,Callum O'Dowda,1995-04-23,455,,,11,
122,7931,7655,Lloyd Kelly,1998-10-06,462,,,25,
122,7931,3140,Bobby De Cordova-Reid,1993-02-02,1640,,,14,
122,7931,3469,Bailey Wright,1992-07-28,98,,,5,
122,7931,2999,Cauley Woodrow,1994-12-02,462,,,18,
122,7931,7998,M. Taylor,1990-03-30,462,,,10,
122,7931,4421,Korey Smith,1991-01-31,462,,,7,
122,7931,455482,Freddy Hinds,1999-01-28,462,,,33,
122,7931,128981,Eros Pisano,1987-03-31,251,,,2,
122,7931,3142,Marlon Pack ,1991-03-25,462,,,21,
122,7931,7804,Jens Hegeler,1988-01-22,11,,,31,
122,7931,96663,Loïs Diony,1992-12-20,17,,,39,
150,7931,374,Stephen Bywater,1981-06-07,462,,,1,
150,7931,3183,Luke Murphy,1989-10-21,462,,,7,
150,7931,1766,Shaun Barker,1982-09-19,462,,,25,
150,7931,6003,Tom Naylor,1991-06-28,462,,,15,
150,7931,7508,Harry Campbell,1995-11-16,462,,,24,
150,7931,1762,Luke Varney,1982-09-28,462,,,16,
150,7931,6521,Damien McCrory,1990-02-23,455,,,14,
150,7931,6651,Ben Fox,1998-02-01,462,,,22,
150,7931,15412894,Reece Hutchinson,2000-04-14,462,,,28,
150,7931,1230,Ben Turner,1988-08-21,462,,,6,
150,7931,80744,Tomas Egert,1994-08-01,245,,,29,
150,7931,2121,Sean Scannell,1990-09-17,455,,,9,
150,7931,2797,Connor Ripley,1993-02-13,462,,,13,
150,7931,3428,John Mousinho,1986-04-30,462,,,4,
150,7931,2231,Joe Mason,1991-05-13,455,,,20,
150,7931,249,Stephen Warnock,1981-12-12,462,,,3,
150,7931,6529,Matt Palmer ,1995-02-27,462,,,19,
150,7931,8109,Matthew Lund,1990-11-21,491,,,8,
150,7931,6254,Kyle McFadzean,1987-02-20,462,,,5,
150,7931,7138,Joe Sbarra,1999-12-21,462,,,26,
150,7931,2614,John Brayford,1987-12-29,462,,,2,
150,7931,6743,William Miller,1996-06-08,462,,,18,
150,7931,6515,Lucas Akins,1989-02-25,26833,,,10,
150,7931,1445,Marvin Sordell,1991-02-17,462,,,17,
150,7931,2236,Lloyd Dyer,1982-09-13,462,,,11,
150,7931,3085,Hope Akpan,1991-08-14,716,,,21,
150,7931,3563,Tom Flanagan,1991-10-21,491,,,12,
150,7931,27,Darren Bent,1984-02-06,462,,,9,
150,7931,36455,Liam Boyce,1991-04-08,491,,,27,
150,7931,4288,Martin Samuelsen,1997-04-17,1578,,,20,
150,7931,537311,Jacob Davenport,1998-12-28,462,,,19,
150,7931,8840,Jamie Allen,1995-01-29,462,,,4,
150,7931,2353,Jake Buxton,1985-03-04,462,,,23,
150,7931,6605,Jackson Irvine,1993-03-07,98,,,36,
236,7931,1308,Josh McEachran,1993-03-01,462,,,10,
236,7931,1478,Luke Daniels,1988-01-05,462,,,28,
236,7931,2824,Harlee Dean,1991-07-26,462,,,6,
236,7931,7181,Ilias Chatzitheodoridis,1997-11-05,125,,,31,
236,7931,83927,Emiliano Marcondes,1995-03-09,320,,,17,
236,7931,176079,Theo Archibald,1998-03-05,1161,,,25,
236,7931,122090,Chiedozie Ogbene,1997-05-01,455,,,24,
236,7931,488050,Zain Westbrooke,1996-10-28,462,,,35,
236,7931,84594,Mads Bech Sørensen,1999-01-07,320,,,34,
236,7931,3365,Tom Field,1997-03-14,462,,,30,
236,7931,7993,Rico Henry,1997-07-08,462,,,3,
236,7931,3306,R. Sawyers,1991-11-02,160047,,,19,
236,7931,12145,Ollie Watkins,1995-12-30,462,,,11,
236,7931,3305,John Egan,1992-10-20,455,,,14,
236,7931,62855,Henrik Dalsgaard,1989-07-27,320,,,22,
236,7931,6224,Yoann Barbet,1993-05-10,17,,,29,
236,7931,5007,Sergi Canós ,1997-02-02,32,,,47,
236,7931,7991,Florian Jozefzoon,1991-02-09,2088,,,7,
236,7931,339083,Chris Mepham,1997-11-05,515,,,33,
236,7931,7996,Justin Shaibu,1997-10-28,320,,,27,
236,7931,2814,Alan Judge,1988-11-11,455,,,18,
236,7931,6223,Ulrich Van Gobbel,1988-07-11,320,,,5,
236,7931,2924,Nico Yennaris,1993-05-24,5618,,,8,
236,7931,3317,Ryan Woods,1993-12-13,462,,,15,
236,7931,6216,Lasse Vibe,1987-02-22,320,,,21,
236,7931,2833,Lewis MacLeod,1994-06-16,1161,,,4,
236,7931,95776,Neal Maupay,1996-08-14,17,,,9,
236,7931,3301,Daniel Bentley,1993-07-13,462,,,1,
236,7931,3318,Josh Clarke,1995-07-05,462,,,20,
236,7931,24310,Islom Ismoilov,1991-03-11,146,,,12,
236,7931,2817,Jota Peleteiro,1991-06-16,32,,,23,
236,7931,6321,Maxime Colin,1991-11-15,17,,,2,
1,6397,237,Pablo Zabaleta,1985-01-16,44,,,5,
1,6397,4244,Josh Cullen  ,1996-04-07,455,,,33,
1,6397,1251,Adrián,1987-01-03,32,,,13,
1,6397,1166,José Fonte,1983-12-22,20,,,4,
1,6397,9628,Josh Pask,1997-11-01,462,,,39,
1,6397,337588,Grady Diangana,1998-04-19,462,,,45,
1,6397,191107,Sead Haksabanovic,1999-05-04,998,,,23,
1,6397,10692,Toni Martínez,1997-06-30,32,,,29,
1,6397,1420,Reece Oxford,1998-12-16,462,,,35,
1,6397,4595,Marcus Browne,1997-12-18,462,,,43,
1,6397,1291,Reece Burke,1996-09-02,462,,,32,
1,6397,581129,Nathan Trott,1998-11-21,462,,,34,
1,6397,581199,Ben Johnson,2000-01-24,462,,,53,
1,6397,129015,Moses Makasi,1995-09-22,462,,,46,
1,6397,5246,Domingos Quina,1999-11-18,20,,,36,
1,6397,596,Patrice Evra,1981-05-15,17,,,27,
1,6397,1922,Michail Antonio,1990-03-28,1640,,,30,
1,6397,538,James Collins,1983-08-23,515,,,19,
1,6397,5273,Declan Rice,1999-01-14,462,,,41,
1,6397,736,Javier Hernández Balcázar,1988-06-01,458,,,17,
1,6397,1139,Marko Arnautovic,1989-04-19,143,,,7,
1,6397,275,Joe Hart,1987-04-19,462,,,25,
1,6397,3495,Jordan Hugill,1992-06-04,462,,,12,
1,6397,1309,André Ayew,1989-12-17,468,,,20,
1,6397,156,Mark Noble,1987-05-08,462,,,16,
1,6397,1416,Raphael Duarte,1988-05-23,251,,,21,
1,6397,1243,Cheikhou Kouyaté,1989-12-21,200,,,8,
1,6397,1422,Diafra Sakho,1989-12-24,200,,,15,
1,6397,1261,Aaron Cresswell,1989-12-15,462,,,3,
1,6397,1517,Pedro Obiang,1992-03-27,211975,,,14,
1,6397,4947,Edimilson Fernandes,1996-04-15,62,,,31,
1,6397,1452,Manuel Lanzini,1993-02-15,44,,,10,
1,6397,1928,Sam Byram,1993-09-16,462,,,22,
1,6397,1941,Arthur Masuaku,1993-11-07,1320,,,26,
1,6397,383,Winston Reid,1988-07-03,2817,,,2,
1,6397,130198,João Mário,1993-01-19,20,,,18,
1,6397,746,Andy Carroll,1989-01-06,462,,,9,
6,6397,1019,Kevin Wimmer,1992-11-15,143,,,27,
6,6397,4659,Kyle Walker-Peters,1997-04-13,462,,,37,
6,6397,4913,Georges-Kevin N'Koudou,1995-02-13,593,,,14,
6,6397,1690,Vincent Janssen,1994-06-15,38,,,9,
6,6397,852,Mousa Dembélé,1987-07-16,556,,,19,
6,6397,977,Michel Vorm,1983-10-20,38,,,13,
6,6397,916,Eric Dier,1994-01-15,462,,,15,
6,6397,540106,Tashan Oakley-Boothe,2000-02-14,462,,,46,
6,6397,335705,Juan Foyth,1998-01-12,44,,,21,
6,6397,1014,Hugo Lloris,1986-12-26,17,,,1,
6,6397,95998,Lucas Moura ,1992-08-13,5,,,27,
6,6397,540459,Kazaiah Sterling,1998-11-09,462,,,54,
6,6397,1712,Cameron Carter-Vickers ,1997-12-31,3483,,,38,
6,6397,1271,Danny Rose,1990-07-02,462,,,3,
6,6397,340346,Alfie Whiteman,1998-10-02,462,,,41,
6,6397,1411,Paulo Gazzaniga,1992-01-02,44,,,22,
6,6397,992,Christian Eriksen,1992-02-14,320,,,23,
6,6397,922,Dele Alli,1996-04-11,462,,,20,
6,6397,915,Jan Vertonghen,1987-04-24,556,,,5,
6,6397,1632,Fernando Llorente,1985-02-26,32,,,18,
6,6397,95094,Serge Aurier,1992-12-24,23,,,24,
6,6397,26294,Davinson Sánchez,1996-06-12,353,,,6,
6,6397,1711,Harry Winks,1996-02-02,462,,,29,
6,6397,1380,Moussa Sissoko,1989-08-16,17,,,17,
6,6397,989,Ben Davies,1993-04-24,515,,,33,
6,6397,1016,Kieran Trippier,1990-09-19,462,,,2,
6,6397,941,Erik Lamela,1992-03-04,44,,,11,
6,6397,4313,Heung-min Son ,1992-07-08,712,,,7,
6,6397,988,Toby Alderweireld,1989-03-02,556,,,4,
6,6397,1172,Victor Wanyama,1991-06-25,1179,,,12,
6,6397,997,Harry Kane ,1993-07-28,462,,,10,
8,6397,1461,Roberto Firmino,1991-10-02,5,,,9,
8,6397,1389,Sadio Mané,1992-04-10,200,,,19,
8,6397,1472,Divock Origi,1995-04-18,556,,,27,
8,6397,978,Jon Flanagan,1993-01-01,462,,,38,
8,6397,633,Simon Mignolet,1988-03-06,556,,,22,
8,6397,197,James Milner,1986-01-04,462,,,7,
8,6397,5193,Ben Woodburn,1999-10-15,515,,,58,
8,6397,1918,Marko Grujić,1996-04-13,296,,,16,
8,6397,339015,Conor Masterson,1998-09-08,455,,,63,
8,6397,4545513,Curtis Jones,2001-01-30,462,,,48,
8,6397,4545523,Rafael Camacho,2000-05-22,20,,,64,
8,6397,1743,Virgil van Dijk ,1991-07-08,38,,,4,
8,6397,1149,Adam Lallana,1988-05-10,462,,,20,
8,6397,3282,Danny Ward,1993-06-22,515,,,52,
8,6397,323,Jordan Henderson ,1990-06-17,462,,,14,
8,6397,1920,Joël Matip,1991-08-08,593,,,32,
8,6397,1365,Georginio Wijnaldum,1990-11-11,38,,,5,
8,6397,1388,Emre Can  ,1994-01-12,11,,,23,
8,6397,4125,Mohamed Salah,1992-06-15,886,,,11,
8,6397,622,Daniel Sturridge,1989-09-01,462,,,15,
8,6397,4817,Loris Karius,1993-06-22,11,,,1,
8,6397,1168,Dejan Lovren,1989-07-05,266,,,6,
8,6397,1450,Danny Ings,1992-07-23,462,,,28,
8,6397,850,Alex Oxlade-Chamberlain,1993-08-15,462,,,21,
8,6397,1078,Andrew Robertson,1994-03-11,1161,,,26,
8,6397,1917,Trent Alexander-Arnold,1998-10-07,462,,,66,
8,6397,1906,Ragnar Klavan,1985-10-30,2405,,,17,
8,6397,4203,Dominic Solanke,1997-09-14,462,,,29,
8,6397,1471,Alberto Moreno,1992-07-05,32,,,18,
8,6397,1202,Nathaniel Clyne,1991-04-05,462,,,2,
8,6397,810,Philippe Coutinho,1992-06-12,5,,,10,
8,6397,1453,Joe Gomez ,1997-05-23,462,,,12,
9,6397,26603,Oleksandr Zinchenko,1996-12-15,86,,,35,
9,6397,96183,Benjamin Mendy,1994-07-17,17,,,22,
9,6397,166,Fabian Delph,1989-11-21,462,,,18,
9,6397,336133,Phil Foden,2000-05-28,462,,,47,
9,6397,4792,Claudio Bravo,1983-04-13,80,,,1,
9,6397,296,Yaya Touré,1983-05-13,23,,,42,
9,6397,340342,Brahim Díaz,1999-08-03,1424,,,55,
9,6397,186299,Aymeric Laporte,1994-05-27,32,,,14,
9,6397,5241,Tosin Adarabioyo,1997-09-24,462,,,24,
9,6397,537217,Lukas Nmecha,1998-12-14,11,,,43,
9,6397,911,Kyle Walker,1990-05-28,462,,,2,
9,6397,1480,Eliaquim Mangala,1991-02-13,17,,,15,
9,6397,1371,Kevin De Bruyne,1991-06-28,556,,,17,
9,6397,159142,Ederson,1993-08-17,5,,,31,
9,6397,236,Vincent Kompany,1986-04-10,556,,,4,
9,6397,982,John Stones,1994-05-28,462,,,5,
9,6397,1822,Nicolás Otamendi,1988-02-12,44,,,30,
9,6397,802,Raheem Sterling,1994-12-08,462,,,7,
9,6397,1408,Fernandinho,1985-05-04,5,,,25,
9,6397,4783,Leroy Sané,1996-01-11,11,,,19,
9,6397,159208,Danilo,1991-07-15,5,,,3,
9,6397,5329,Gabriel Jesus,1997-04-03,5,,,33,
9,6397,4842,İlkay Gündoğan,1990-10-24,11,,,8,
9,6397,294,David Silva,1986-01-08,32,,,21,
9,6397,1359,Sergio Agüero,1988-06-02,44,,,10,
9,6397,96353,Bernardo Silva,1994-08-10,20,,,20,
10,6397,5255,Rekeem Harper,2000-03-08,462,,,34,
10,6397,822,James McClean,1989-04-22,455,,,14,
10,6397,1682,Kane Wilson ,2000-03-11,462,,,49,
10,6397,1680,Jonathan Leko,1999-04-24,462,,,45,
10,6397,1162,Claudio Yacob,1987-07-18,44,,,5,
10,6397,113,Boaz Myhill,1982-11-09,515,,,13,
10,6397,6286,Oliver Burke ,1997-04-07,1161,,,17,
10,6397,129,James Morrison,1986-05-25,1161,,,7,
10,6397,581186,Rayhaan Tulloch,2001-01-20,462,,,55,
10,6397,1144,Gareth McAuley,1979-12-05,491,,,23,
10,6397,1494242,Kyle Jameson,1998-09-11,462,,,56,
10,6397,4633,Alex Palmer,1996-08-10,462,,,40,
10,6397,3188072,Nathan Ferguson,2000-10-06,462,,,64,
10,6397,293708,Ali Gabr,1989-01-01,886,,,16,
10,6397,581115,Max Melbourne,1998-10-24,462,,,53,
10,6397,732,Kieran Gibbs,1989-09-26,462,,,3,
10,6397,1651,Salomón Rondón,1989-09-16,275,,,9,
10,6397,69,Chris Brunt,1984-12-14,491,,,11,
10,6397,612,Jonny Evans,1988-01-03,491,,,6,
10,6397,991,Nacer Chadli,1989-08-02,556,,,22,
10,6397,1076,Hal Robson-Kanu,1989-05-21,515,,,4,
10,6397,1152,Jay Rodríguez,1989-07-29,462,,,19,
10,6397,450,Ben Foster,1983-04-03,462,,,1,
10,6397,1183,Craig Dawson,1990-05-06,462,,,25,
10,6397,291,Gareth Barry,1981-02-23,462,,,18,
10,6397,95433,Grzegorz Krychowiak,1990-01-29,2,,,20,
10,6397,129064,Ahmed Hegazy,1991-01-25,886,,,26,
10,6397,1685,Sam Field,1998-05-08,462,,,28,
10,6397,795,Matt Phillips,1991-03-13,1161,,,10,
10,6397,1281,Allan Nyom,1988-05-10,593,,,2,
10,6397,1083,Jake Livermore,1989-11-14,462,,,8,
10,6397,622,Daniel Sturridge,1989-09-01,462,,,15,
13,6397,764,Séamus Coleman,1988-10-11,455,,,23,
13,6397,935,Stefan Oesen,1987-10-05,556,,,11,
13,6397,581071,Beni Baningime,1998-09-09,1320,,,54,
13,6397,390,Leighton Baines,1984-12-11,462,,,3,
13,6397,1826,Jordan Pickford,1994-03-07,462,,,1,
13,6397,32,Phil Jagielka,1982-08-17,462,,,6,
13,6397,186474,Sandro Ramírez,1995-07-09,32,,,9,
13,6397,1012,M. Bešić,1992-09-10,507,,,21,
13,6397,73906,Nikola Vlašić,1997-10-04,266,,,27,
13,6397,1072,Maarten Stekelenburg,1982-09-22,38,,,22,
13,6397,45863,Cenk Tosun,1991-06-07,404,,,14,
13,6397,53,Theo Walcott,1989-03-16,462,,,11,
13,6397,244,Aaron Lennon,1987-04-16,462,,,12,
13,6397,1011,Joel Robles,1990-06-17,32,,,33,
13,6397,4159,Luke Garbutt ,1993-05-21,462,,,36,
13,6397,1480,Eliaquim Mangala,1991-02-13,17,,,13,
13,6397,856,Ashley Williams,1984-08-23,515,,,5,
13,6397,814,Gylfi Sigurdsson,1989-09-08,1796,,,18,
13,6397,1706,Tom Davies,1998-06-30,462,,,26,
13,6397,5013,Jonjoe Kenny,1997-03-15,462,,,43,
13,6397,1123,Yannick Bolasie,1989-05-24,1320,,,7,
13,6397,5141,Dominic Calvert-Lewin,1997-03-16,462,,,9,
13,6397,4607,Oumar Niasse,1990-04-18,200,,,19,
13,6397,579,Wayne Mark Rooney,1985-10-24,462,,,10,
13,6397,526,James McCarthy,1990-11-12,455,,,16,
13,6397,881,Michael Keane,1993-01-11,462,,,4,
13,6397,1370,Cuco Martina,1989-09-25,7437,,,15,
13,6397,1692,Mason Holgate,1996-10-22,462,,,30,
13,6397,1030,Idrissa Gueye,1989-09-26,200,,,17,
13,6397,1691,Ramiro Funes Mori,1991-03-05,44,,,25,
13,6397,24594,Davy Klaassen ,1993-02-21,38,,,20,
13,6397,967,Morgan Schneiderlin,1989-11-08,17,,,2,
13,6397,5321,Ademola Lookman,1997-10-20,716,,,31,
14,6397,1849,Eric Bailly,1994-04-12,23,,,3,
14,6397,824,Ander Herrera,1989-08-14,32,,,21,
14,6397,433,Phil Jones,1992-02-21,462,,,4,
14,6397,1829,Anthony Martial,1995-12-05,17,,,11,
14,6397,420,Marouane Fellaini,1987-11-22,556,,,27,
14,6397,1835,Henrikh Mkhitaryan,1989-01-21,919,,,22,
14,6397,645,Michael Carrick,1981-07-28,462,,,16,
14,6397,1830,Zlatan Ibrahimović,1981-10-03,47,,,10,
14,6397,4391,Axel Tuanzebe,1997-11-14,1320,,,38,
14,6397,5451,Joel Pereira,1996-06-28,20,,,40,
14,6397,945,Sergio Romero,1987-02-22,44,,,20,
14,6397,955,Luke Shaw,1995-07-12,462,,,23,
14,6397,1876,Marcos Rojo,1990-03-20,44,,,5,
14,6397,970,Daley Blind,1990-03-09,38,,,17,
14,6397,933,Matteo Darmian,1989-12-02,251,,,36,
14,6397,995,Romelu Lukaku,1993-05-13,556,,,9,
14,6397,820,Jesse Lingard,1992-12-15,462,,,14,
14,6397,846,Juan Mata,1988-04-28,32,,,8,
14,6397,1992,Paul Pogba,1993-03-15,17,,,6,
14,6397,747,Chris Smalling,1989-11-22,462,,,12,
14,6397,165,Ashley Young,1985-07-09,462,,,18,
14,6397,160206,Victor Lindelöf,1994-07-17,47,,,2,
14,6397,1878,Marcus Rashford,1997-10-31,462,,,19,
14,6397,1300,Alexis Sánchez,1988-12-19,80,,,7,
14,6397,1335,Nemanja Matić,1988-08-01,296,,,31,
14,6397,832,David de Gea ,1990-11-07,32,,,1,
14,6397,455376,Scott McTominay ,1996-12-08,1161,,,39,
14,6397,208,Antonio Valencia,1985-08-04,459,,,25,
18,6397,968,Ross Barkley,1993-12-05,462,,,8,
18,6397,798,Olivier Giroud,1986-09-30,17,,,18,
18,6397,12542,Ethan Ampadu ,2000-09-14,515,,,44,
18,6397,1128,Marcos Alonso,1990-12-28,32,,,3,
18,6397,1440,Willy Caballero,1981-09-28,44,,,1,
18,6397,186892,Charly Musonda Jr,1996-10-15,556,,,17,
18,6397,4265,Kenedy,1996-02-08,5,,,16,
18,6397,1314,Thibaut Courtois,1992-05-11,556,,,13,
18,6397,4655,Fikayo Tomori,1997-12-19,462,,,31,
18,6397,537176,Kyle Scott,1997-12-22,3483,,,36,
18,6397,129794,Emerson,1994-08-03,251,,,33,
18,6397,4637,Jérémie Boga,1997-01-03,23,,,38,
18,6397,5465,Eduardo,1982-09-19,20,,,37,
18,6397,537665,Dujon Sterling,1999-10-24,462,,,66,
18,6397,2875858,Callum Hudson-Odoi,2000-11-07,462,,,70,
18,6397,1317,Willian,1988-08-09,5,,,22,
18,6397,1193,N'Golo Kanté,1991-03-29,17,,,7,
18,6397,496,Victor Moses,1990-12-12,716,,,15,
18,6397,1333,David Luiz,1987-04-22,5,,,30,
18,6397,96196,Tiemoué Bakayoko,1994-08-17,17,,,14,
18,6397,1921,Michy Batshuayi,1993-10-02,556,,,23,
18,6397,4460,Andreas Christensen,1996-04-10,320,,,27,
18,6397,1923,Pedro,1987-07-28,32,,,11,
18,6397,129660,Álvaro Morata,1992-10-23,32,,,9,
18,6397,1330,César Azpilicueta,1989-08-28,32,,,28,
18,6397,921,Danny Drinkwater,1990-03-05,462,,,6,
18,6397,31837,Antonio Rüdiger,1993-03-03,11,,,2,
18,6397,537117,Trevoh Chalobah,1999-07-05,462,,,50,
18,6397,334,Gary Cahill,1985-12-19,462,,,24,
18,6397,129440,Davide Zappacosta,1992-06-11,251,,,21,
18,6397,510,Cesc Fàbregas,1987-05-04,32,,,4,
18,6397,1331,Eden Hazard,1991-01-07,556,,,10,
19,6397,31739,Pierre-Emerick Aubameyang,1989-06-18,3662,,,14,
19,6397,1899,Héctor Bellerín,1995-03-19,32,,,24,
19,6397,1891,Mohamed Elneny,1992-07-11,886,,,35,
19,6397,1300,Alexis Sánchez,1988-12-19,80,,,7,
19,6397,1315,Mathieu Debuchy,1985-07-28,17,,,2,
19,6397,850,Alex Oxlade-Chamberlain,1993-08-15,462,,,15,
19,6397,109417,Konstantinos Mavropanos,1997-12-11,125,,,27,
19,6397,806,Per Mertesacker,1984-09-29,11,,,4,
19,6397,1887,Granit Xhaka ,1992-09-27,62,,,29,
19,6397,1901,Rob Holding,1995-09-20,462,,,16,
19,6397,835,Francis Coquelin,1991-05-13,17,,,34,
19,6397,53,Theo Walcott,1989-03-16,462,,,14,
19,6397,627,Danny Welbeck,1990-11-26,462,,,23,
19,6397,4344,Ainsley Maitland-Niles,1997-08-29,462,,,30,
19,6397,1881,Alex Iwobi,1996-05-03,716,,,17,
19,6397,1443,David Ospina,1988-08-31,353,,,13,
19,6397,537759,Reiss Nelson,1999-12-10,462,,,24,
19,6397,4307,Matt Macey ,1994-09-09,462,,,54,
19,6397,539967,J. Osei-Tutu,1998-10-02,462,,,63,
19,6397,716,Laurent Koscielny,1985-09-10,17,,,6,
19,6397,717,J. Wilshere,1992-01-01,462,,,10,
19,6397,798,Olivier Giroud,1986-09-30,17,,,12,
19,6397,84,Petr Čech,1982-05-20,245,,,33,
19,6397,1177,Calum Chambers ,1995-01-20,462,,,21,
19,6397,1494447,Joe Willock,1999-08-20,462,,,69,
19,6397,95334,Alexandre Lacazette,1991-05-28,17,,,9,
19,6397,3817,Shkodran Mustafi,1992-04-17,11,,,20,
19,6397,31661,Sead Kolasinac,1993-06-20,507,,,31,
19,6397,1303,Nacho Monreal,1986-02-26,32,,,18,
19,6397,539961,Eddie Nketiah,1999-05-30,462,,,14,
19,6397,569,Aaron James Ramsey,1990-12-26,515,,,8,
19,6397,1430,Mesut Özil,1988-10-15,11,,,11,
19,6397,1835,Henrikh Mkhitaryan,1989-01-21,919,,,7,
20,6397,1436,Robert Elliot,1986-04-30,455,,,1,
20,6397,1366,Aleksandar Mitrović,1994-09-16,296,,,45,
20,6397,4545,Henri Saivet,1990-10-26,200,,,24,
20,6397,3008,Jesús Gámez,1985-04-10,32,,,27,
20,6397,1376,Massadio Haïdara,1992-12-02,26,,,25,
20,6397,4357,Freddie Woodman,1997-03-04,462,,,41,
20,6397,3071,Jacob Murphy,1995-02-24,462,,,7,
20,6397,4317,DeAndre Yedlin,1993-07-09,3483,,,22,
20,6397,819,Jonjo Shelvey,1992-02-27,462,,,8,
20,6397,1061,Matt Ritchie,1989-09-10,1161,,,11,
20,6397,1394,Rolando Aarons,1995-11-16,1640,,,16,
20,6397,32710,Mikel Merino,1996-06-22,32,,,23,
20,6397,1179,Dwight Gayle,1989-10-17,462,,,9,
20,6397,4833,Islam Slimani,1988-06-18,614,,,13,
20,6397,4265,Kenedy,1996-02-08,5,,,15,
20,6397,1015,Christian Atsu,1992-01-10,468,,,30,
20,6397,96002,Florian Lejeune,1991-05-20,17,,,20,
20,6397,1468,Joselu,1990-03-27,32,,,21,
20,6397,493,Mohamed Diamé,1987-06-14,200,,,10,
20,6397,1352,Javier Manquillo,1994-05-05,32,,,19,
20,6397,1414,Paul Dummett,1991-09-26,515,,,3,
20,6397,360,Ciaran Clark,1989-09-26,455,,,2,
20,6397,1396,Ayoze Pérez,1993-07-29,32,,,17,
20,6397,1397,Karl Darlow,1990-10-08,515,,,26,
20,6397,1377,Chancel Mbemba,1994-08-08,1320,,,18,
20,6397,2985,Jamaal Lascelles,1993-11-11,462,,,6,
20,6397,2954,Isaac Hayden,1995-03-22,462,,,14,
20,6397,80889,Martin Dúbravka,1989-01-15,401,,,12,
25,6397,522,Ben Watson,1985-07-09,462,,,23,
25,6397,422,Adrian Mariappa,1986-10-03,1640,,,6,
25,6397,1279,Sebastian Prödl,1987-06-21,143,,,5,
25,6397,4821,Didier Ndong,1994-06-17,3662,,,12,
25,6397,4766,Isaac Success,1996-01-07,716,,,10,
25,6397,5803,Marvin Zeegelaar,1990-08-12,38,,,22,
25,6397,1770,Jerome Sinclair,1996-09-20,462,,,17,
25,6397,11705412,Joy Mukena,1999-07-03,462,,,48,
25,6397,5288,Carl Stewart,1997-05-02,462,,,40,
25,6397,1215,Costel Pantilimon,1987-02-01,155,,,30,
25,6397,4904,Daniel Bachmann ,1994-07-09,143,,,35,
25,6397,62871,Dodi Lukébakio,1997-09-24,556,,,20,
25,6397,5289,Michael Folivi,1998-02-25,462,,,39,
25,6397,740,Stefano Okaka,1989-08-09,251,,,33,
25,6397,185579,Kiko Femenía,1991-02-02,32,,,21,
25,6397,1272,Tom Cleverley,1989-08-12,462,,,8,
25,6397,1276,Étienne Capoue,1988-07-11,17,,,29,
25,6397,1758,Miguel Britos,1985-07-17,158,,,3,
25,6397,1625,Andre Gray,1991-06-26,1640,,,18,
25,6397,1250,Troy Deeney,1988-06-29,462,,,9,
25,6397,95304,Molla Wagué,1991-02-21,26,,,13,
25,6397,537,Craig Cathcart,1989-02-06,491,,,15,
25,6397,2144,Abdoulaye Doucouré,1993-01-01,26,,,16,
25,6397,254,Heurelho Gomes,1981-02-15,5,,,1,
25,6397,1057,Gerard Deulofeu,1994-03-13,32,,,7,
25,6397,4764,Brian Gartland,1991-01-07,44,,,37,
25,6397,107696,Orestis Karnezis,1985-07-11,125,,,30,
25,6397,1374,Daryl Janmaat,1989-07-22,38,,,2,
25,6397,4765,Christian Kabasele,1991-02-24,556,,,27,
25,6397,219633,Richarlison,1997-05-10,5,,,11,
25,6397,159120,André Carrillo,1991-06-14,338,,,28,
25,6397,1253,José Holebas,1984-06-27,125,,,25,
25,6397,2332,Will Hughes,1995-04-17,462,,,19,
25,6397,1761,Nordin Amrabat ,1987-03-31,1424,,,7,
25,6397,73,Younès Kaboul,1986-01-04,17,,,4,
25,6397,2225,Nathaniel Chalobah,1994-12-12,462,,,14,
26,6397,815,Geoff Cameron,1985-07-11,3483,,,20,
26,6397,1462,Jack Butland,1993-03-10,462,,,1,
26,6397,1137,Bojan Krkic,1990-08-28,32,,,27,
26,6397,4813,Bruno Martins Indi,1992-02-08,38,,,15,
26,6397,1947,Lee Grant,1983-01-27,462,,,33,
26,6397,1596,Josh Tymon,1999-05-22,462,,,12,
26,6397,5353,Tom Edwards,1999-01-22,462,,,42,
26,6397,5921,Konstantinos Stafylidis,1993-12-02,125,,,21,
26,6397,293,Glen Johnson,1984-08-23,462,,,8,
26,6397,118,Stephen Ireland,1986-08-22,455,,,7,
26,6397,173121,Harry James Souttar,1998-10-22,98,,,36,
26,6397,170681,Moritz Bauer,1992-01-25,143,,,2,
26,6397,581241,Tyrese Campbell,1999-12-28,462,,,40,
26,6397,1740,Jakob Haugaard,1992-05-01,320,,,29,
26,6397,4744,Julien Ngoy,1997-11-02,556,,,28,
26,6397,1494201,Lasse Sørensen,1999-10-21,320,,,55,
26,6397,410,Mame Diouf,1987-12-16,200,,,18,
26,6397,604,Darren Fletcher,1984-02-01,1161,,,24,
26,6397,429,Ryan Shawcross,1987-10-04,462,,,17,
26,6397,1714,Xherdan Shaqiri  ,1991-10-10,62,,,22,
26,6397,239,Peter Crouch,1981-01-30,462,,,25,
26,6397,96602,Jesé,1993-02-26,32,,,11,
26,6397,2031,Ramadan Sobhi,1997-01-23,886,,,32,
26,6397,1178,Daniel Schütz,1993-08-04,821,,,9,
26,6397,30979,Eric-Maxim Choupo-Moting ,1989-03-23,593,,,10,
26,6397,151083,Badou Ndiaye,1990-10-27,200,,,27,
26,6397,830,Joe Allen,1990-03-14,515,,,4,
26,6397,812,Erik Pieters,1988-08-07,38,,,3,
26,6397,1316,Kurt Zouma,1994-10-27,17,,,6,
26,6397,539,Charlie Adam,1985-12-10,1161,,,16,
26,6397,1455,Ibrahim Afellay,1986-04-02,38,,,14,
26,6397,1019,Kevin Wimmer,1992-11-15,143,,,5,
27,6397,244,Aaron Lennon,1987-04-16,462,,,25,
27,6397,823,Jonathan Walters,1983-09-20,455,,,19,
27,6397,1454,Tom Heaton,1986-04-15,462,,,1,
27,6397,896,Matthew Lowton,1989-06-09,462,,,2,
27,6397,3300,Charlie Taylor,1993-09-18,462,,,3,
27,6397,2361,Jeff Hendrick,1992-01-31,455,,,13,
27,6397,1460,Ben Mee,1989-09-21,462,,,6,
27,6397,2763,Nick Pope,1992-04-19,462,,,29,
27,6397,1636,Fredrik Ulvestad,1992-06-17,1578,,,20,
27,6397,1322,Anders Lindegaard,1984-04-13,320,,,22,
27,6397,4598726,Dwight McNeil,1999-11-22,1640,,,31,
27,6397,2399,A. Legzdiņš,1986-11-28,462,,,30,
27,6397,75,Dean Marney,1984-01-31,462,,,8,
27,6397,3063,Nahki Wells,1990-06-01,15326,,,21,
27,6397,4666,Aiden O'Neill ,1998-07-04,98,,,41,
27,6397,361,Phil Bardsley,1985-06-28,1161,,,26,
27,6397,1611,Johann Berg Guðmunds­son,1990-10-27,1796,,,7,
27,6397,1156,Jack Cork,1989-06-25,462,,,4,
27,6397,4665,Steven Defour,1988-04-15,556,,,16,
27,6397,1466,Kevin Long,1990-08-18,455,,,28,
27,6397,1101,Toni Astorgano,1992-01-14,455,,,12,
27,6397,505,Sam Vokes,1989-10-21,515,,,9,
27,6397,862,Ashley Westwood,1990-04-01,462,,,18,
27,6397,1639,James Tarkowski,1992-11-19,462,,,5,
27,6397,525,Stephen Ward,1985-08-20,455,,,23,
27,6397,1442,Scott Arfield,1988-11-01,1004,,,37,
27,6397,914,Chris Wood,1991-12-07,2817,,,11,
27,6397,1448,Ashley Barnes,1989-10-30,462,,,10,
27,6397,4913,Georges-Kevin N'Koudou,1995-02-13,593,,,7,
30,6397,5410,Connor Roberts,1995-09-23,515,,,52,
30,6397,1309,André Ayew,1989-12-17,468,,,19,
30,6397,956,Andy King,1988-10-29,515,,,24,
30,6397,186678,Roque Mesa,1989-06-07,32,,,51,
30,6397,1649,Jay Fulton,1994-04-01,1161,,,4,
30,6397,733,Lukasz Fabianski ,1985-04-18,2,,,1,
30,6397,1353,Kristoffer Nordfeldt ,1989-06-23,47,,,13,
30,6397,860,Àngel Rangel,1982-10-28,32,,,22,
30,6397,1194,Kyle Naughton,1988-11-17,462,,,26,
30,6397,680,Wayne Routledge,1985-01-07,462,,,15,
30,6397,897,Kyle Bartley,1991-05-22,462,,,27,
30,6397,828,Wilfried Bony,1988-12-10,23,,,2,
30,6397,1571,Sam Clucas,1990-09-25,462,,,17,
30,6397,32387,Renato Sanches,1997-08-18,20,,,35,
30,6397,24014,Erwin Mulder,1989-03-03,38,,,25,
30,6397,339112,Joe Rodon,1997-10-22,515,,,61,
30,6397,1035,Leon Britton,1982-09-16,462,,,7,
30,6397,4943,Alfie Mawson,1994-01-19,462,,,6,
30,6397,1021,Tom Carroll,1992-05-28,462,,,14,
30,6397,813,Sung-yueng Ki,1989-01-24,712,,,4,
30,6397,3139,Tammy Abraham,1997-10-02,462,,,10,
30,6397,1497,Leroy Fer,1990-01-05,38,,,8,
30,6397,5346,Luciano Narsingh,1990-09-13,38,,,11,
30,6397,4746,Oli McBurnie,1996-06-04,1161,,,62,
30,6397,1310,Federico Fernández,1989-02-21,44,,,33,
30,6397,1038,Jordan Ayew,1991-09-11,468,,,18,
30,6397,1646,Mike van der Hoorn,1992-10-15,38,,,5,
30,6397,818,Nathan Dyer,1987-11-29,462,,,12,
30,6397,428,Martin Olsson,1988-05-17,47,,,16,
42,6397,944,Wes Morgan,1984-01-21,1640,,,5,
42,6397,32613,Aleksandar Dragovic,1991-03-06,143,,,16,
42,6397,1190,Yohan Benalouane,1987-03-28,1439,,,29,
42,6397,1191,Juanjo González,1986-04-07,143,,,28,
42,6397,910,Leonardo Ulloa,1986-07-26,44,,,23,
42,6397,124871,Adrien Silva,1989-03-15,20,,,14,
42,6397,15422,Sam Hughes  ,1997-04-15,462,,,45,
42,6397,9222,George Thomas,1997-03-24,515,,,30,
42,6397,1585,Ahmed Musa ,1992-10-14,716,,,13,
42,6397,97600,Fousseni Diabaté,1995-10-18,26,,,33,
42,6397,540015,Layton Ndukwu,1998-09-07,462,,,37,
42,6397,10601,Harvey Barnes,1997-12-09,462,,,32,
42,6397,1574,Eldin Jakupović,1984-10-02,62,,,17,
42,6397,169,Kasper Schmeichel,1986-11-05,320,,,1,
42,6397,1601,Ben Chilwell,1996-12-21,462,,,3,
42,6397,185870,Vicente Iborra de la Fuente,1988-01-16,32,,,21,
42,6397,1573,Daniel Amartey,1994-12-21,468,,,18,
42,6397,1488,Kelechi Iheanacho,1996-10-03,716,,,8,
42,6397,5319,Wilfred Ndidi,1996-12-16,716,,,25,
42,6397,1212,Shinji Okazaki,1986-04-16,479,,,20,
42,6397,971,Riyad Mahrez,1991-02-21,614,,,26,
42,6397,1572,Demarai Gray,1996-06-28,1640,,,7,
42,6397,4833,Islam Slimani,1988-06-18,614,,,19,
42,6397,2884,Harry Maguire,1993-03-05,462,,,15,
42,6397,999,Ben Hamer,1987-11-20,462,,,12,
42,6397,174,Marc Albrighton,1989-11-18,462,,,11,
42,6397,956,Andy King,1988-10-29,515,,,10,
42,6397,1182,Jamie Vardy,1987-01-11,462,,,9,
42,6397,1027,Danny Simpson,1987-01-04,462,,,2,
42,6397,2237,Matty James,1991-07-22,462,,,22,
42,6397,6518,Hamza Dewan Choudhury,1997-10-01,462,,,38,
51,6397,1325,Julián Speroni,1979-05-18,44,,,1,
51,6397,927,Jeffrey Schlupp,1992-12-23,468,,,15,
51,6397,1677,Freddie Ladapo,1993-02-01,462,,,19,
51,6397,155499,Jaroslaw Jach,1994-02-17,2,,,33,
51,6397,2846848,Jason Lokilo,1998-09-17,1320,,,28,
51,6397,4592175,Levi Lumeka,1998-09-05,462,,,32,
51,6397,4577,Sullay Kaikai,1995-08-26,5724,,,25,
51,6397,1953,Ruben Loftus-Cheek,1996-01-23,462,,,8,
51,6397,519,Wayne Hennessey,1987-01-24,515,,,13,
51,6397,621,Scott Dann,1987-02-14,462,,,6,
51,6397,853,Christian Benteke,1990-12-03,556,,,17,
51,6397,790,Jason Puncheon,1986-06-18,462,,,42,
51,6397,25399,Jaïro Riedewald,1996-09-09,38,,,44,
51,6397,728,Diego Cavalieri,1982-12-01,5,,,16,
51,6397,4240,Bakary Sako,1988-04-26,26,,,26,
51,6397,1667955,Nya Kirby,2000-01-31,462,,,36,
51,6397,1111,Pape Souaré,1990-06-06,200,,,23,
51,6397,5252,Aaron Wan-Bissaka,1997-11-26,1320,,,29,
51,6397,692,Joel Ward,1989-10-29,462,,,2,
51,6397,9216,Dion Henry,1997-09-12,462,,,30,
51,6397,4601,Timothy Fosu-Mensah,1998-01-02,38,,,24,
51,6397,1059,Jordon Mutch,1991-12-02,462,,,22,
51,6397,190937,Erdal Rakip,1996-02-13,47,,,31,
51,6397,1110,Damien Delaney,1981-07-20,455,,,27,
51,6397,1673,Keshi Anderson,1995-04-06,462,,,31,
51,6397,4598729,James Daly,2000-01-12,462,,,37,
51,6397,729,Martin Kelly,1990-04-27,462,,,34,
51,6397,498,James McArthur,1987-10-07,1161,,,18,
51,6397,5371,Luka Milivojevic,1991-04-07,296,,,4,
51,6397,712,Patrick van Aanholt,1990-08-29,38,,,3,
51,6397,1108,Wilfried Zaha,1992-11-10,23,,,11,
51,6397,336,James Tomkins,1989-03-29,462,,,5,
51,6397,1386,Mamadou Sakho,1990-02-13,17,,,12,
51,6397,1115,Yohan Cabaye,1986-01-14,17,,,7,
51,6397,1249,Andros Townsend,1991-07-16,462,,,10,
51,6397,316,Chung-yong Lee,1988-07-02,712,,,14,
51,6397,25514,Alexander Sørloth,1995-12-05,1578,,,9,
52,6397,1033,Marc Pugh,1987-04-02,462,,,7,
52,6397,1048,Artur Boruc,1980-02-20,2,,,1,
52,6397,1834,Lewis Cook,1997-02-03,462,,,4,
52,6397,1832,Benik Afobe,1993-02-12,1320,,,9,
52,6397,1052,Simon Francis,1985-02-16,462,,,2,
52,6397,681,Asmir Begović,1987-06-20,507,,,27,
52,6397,6115,Connor Mahoney,1997-02-12,462,,,23,
52,6397,1864,Brad Smith,1994-04-09,98,,,14,
52,6397,9438,Aaron Ramsdale,1998-05-14,462,,,12,
52,6397,3274,Emerson Hyndman,1996-04-09,3483,,,22,
52,6397,338951,Jack Simpson,1996-12-18,462,,,42,
52,6397,10948332,Kyle Taylor,1999-08-28,462,,,58,
52,6397,4454,Matt Butcher,1997-05-14,462,,,36,
52,6397,1842,Harry Arter,1989-12-28,455,,,8,
52,6397,1029,Joshua King,1992-01-15,1578,,,17,
52,6397,31,Jermain Defoe,1982-10-07,462,,,18,
52,6397,2712,Ryan Fraser,1994-02-24,1161,,,24,
52,6397,1028,Steve Cook,1991-04-19,462,,,3,
52,6397,867,Andrew Surman,1986-08-20,462,,,6,
52,6397,1095,Adam Smith ,1991-04-29,462,,,15,
52,6397,836,Jordon Ibe,1995-12-08,462,,,33,
52,6397,1065,Callum Wilson,1992-02-27,462,,,13,
52,6397,568,Dan Gosling,1990-02-01,462,,,4,
52,6397,1869,Nathan Aké,1995-02-18,38,,,5,
52,6397,513,Junior Stanislas,1989-11-26,462,,,19,
52,6397,1054,Charlie Daniels,1986-09-07,462,,,11,
52,6397,4901,Lys Mousset,1996-02-08,17,,,31,
52,6397,1094,Tyrone Mings,1993-03-13,462,,,26,
65,6397,5206,Josh Sims,1997-03-28,462,,,39,
65,6397,1350,Ryan Bertrand,1989-08-05,462,,,21,
65,6397,1131,Alex Simon McCarthy,1989-12-03,462,,,13,
65,6397,501,Stuart Taylor,1980-11-28,462,,,28,
65,6397,96515,Guido Carrillo,1991-05-25,44,,,9,
65,6397,1745,Jérémy Pied,1989-02-23,17,,,26,
65,6397,581055,Michael Obafemi,2000-07-06,455,,,61,
65,6397,155138,Jan Bednarek,1996-04-12,2,,,35,
65,6397,483,Steven Davis,1985-01-01,491,,,8,
65,6397,4145,Sam McQueen,1995-02-06,462,,,38,
65,6397,1155,James Ward-Prowse,1994-11-01,462,,,16,
65,6397,979,Nathan Redmond,1994-03-06,462,,,22,
65,6397,1068,Charlie Austin,1989-07-05,462,,,10,
65,6397,1505,Oriol Romeu,1991-09-24,32,,,14,
65,6397,722,Shane Long,1987-01-22,455,,,7,
65,6397,1351,Dusan Tadic,1988-11-20,296,,,11,
65,6397,1743,Virgil van Dijk ,1991-07-08,38,,,17,
65,6397,1393,Jack Stephens ,1994-01-27,462,,,5,
65,6397,1744,Pierre-Emile Højbjerg,1995-08-05,320,,,23,
65,6397,25088,Wesley Hoedt,1994-03-06,38,,,6,
65,6397,1373,Maya Yoshida ,1988-08-24,479,,,3,
65,6397,5071,Sofiane Boufal,1993-09-17,1424,,,19,
65,6397,1241,Fraser Forster,1988-03-17,462,,,44,
65,6397,1362,Cédric Soares,1991-08-31,20,,,2,
65,6397,5361,Manolo Gabbiadini,1991-11-26,251,,,20,
65,6397,96017,Mario Lemina ,1993-09-01,3662,,,18,
65,6397,1387,Matt Targett,1995-09-18,462,,,33,
78,6397,2423,Solly March,1994-07-20,462,,,7,
78,6397,6272,Uwe Hünemeier,1986-01-09,11,,,4,
78,6397,2961,Jamie Murphy,1989-08-28,1161,,,15,
78,6397,32472,Markus Suttner,1987-04-16,143,,,29,
78,6397,62317,Mathew Ryan,1992-04-08,98,,,1,
78,6397,170,Steve Sidwell,1982-12-14,462,,,14,
78,6397,2958,Niki Mäenpää,1985-01-23,1233,,,12,
78,6397,2940,Jiri Skalak,1992-03-12,245,,,8,
78,6397,581003,Jayson Molumby,1999-08-06,455,,,49,
78,6397,2941,Sam Baldock,1989-03-15,462,,,9,
78,6397,757,Tim Krul,1988-04-03,38,,,26,
78,6397,24803,Jürgen Locadia,1993-11-07,7437,,,25,
78,6397,2925,Tomer Hemed,1987-05-02,802,,,10,
78,6397,2461,Lewis Dunk ,1991-11-21,462,,,5,
78,6397,2936,Gaëtan Bong,1988-04-25,593,,,3,
78,6397,4461,Isaiah Brown,1997-01-07,462,,,37,
78,6397,2922,Bruno Saltor,1980-10-01,32,,,2,
78,6397,1415,Shane Duffy,1992-01-01,455,,,22,
78,6397,2927,Connor Goldson ,1992-12-18,462,,,18,
78,6397,31504,Pascal Groß,1991-06-15,11,,,13,
78,6397,1129,Glenn Murray,1983-09-25,462,,,17,
78,6397,128832,Ezequiel Schelotto,1989-05-23,251,,,21,
78,6397,23988,Davy Pröpper,1991-09-02,38,,,24,
78,6397,62408,José Izquierdo,1992-07-07,353,,,19,
78,6397,2723,Dale Stephens,1989-06-12,462,,,6,
78,6397,926,Anthony Knockaert,1991-11-20,17,,,11,
78,6397,910,Leonardo Ulloa,1986-07-26,44,,,16,
78,6397,618,Liam Rosenior,1984-07-09,462,,,23,
78,6397,2923,Beram Kayal,1988-05-02,802,,,7,
251,6397,32408,Jonas Lössl,1989-02-01,320,,,1,
251,6397,24613,Zanka,1990-04-23,320,,,25,
251,6397,3291,Christopher Schindler,1990-04-29,11,,,26,
251,6397,3336,Michael Hefele,1990-09-01,11,,,44,
251,6397,3342,Joel Coleman,1995-09-26,462,,,13,
251,6397,5701,Danny Williams,1989-03-08,3483,,,19,
251,6397,3041,Joe Lolley,1992-08-25,462,,,18,
251,6397,36457,Abdelhamid Sabiri,1996-11-28,1424,,,11,
251,6397,3339,Jon Gorenc Stankovic,1996-01-14,1638,,,27,
251,6397,725,Martin Cranie,1986-09-26,462,,,14,
251,6397,143,Robert Green,1980-01-18,462,,,28,
251,6397,3298,Aaron Mooy,1990-09-15,98,,,10,
251,6397,2230,Jonathan Hogg,1988-12-06,462,,,6,
251,6397,3101,Tommy Smith,1992-04-14,462,,,2,
251,6397,2948,Scott Malone,1991-03-25,462,,,3,
251,6397,32518,Florent Hadergjonaj,1994-07-31,122,,,33,
251,6397,6087,Philip Billing,1996-06-11,320,,,8,
251,6397,3289,Chris Löwe,1989-04-16,11,,,15,
251,6397,18,Dean Whitehead,1982-01-21,462,,,4,
251,6397,8031,Collin Quaner,1991-06-18,11,,,23,
251,6397,3264,Elias Kachunga,1992-04-22,1320,,,9,
251,6397,3294,Rajiv van La Parra,1991-06-04,38,,,17,
251,6397,62250,Laurent Depoitre,1988-12-07,556,,,20,
251,6397,1045,Tom Ince,1992-01-30,462,,,22,
251,6397,24508,Terence Kongolo,1994-02-14,38,,,5,
251,6397,2829,Alex Pritchard,1993-05-03,462,,,21,
251,6397,96201,Steve Mounié,1994-09-29,7830,,,24,
251,6397,3267,Kasey Palmer,1996-11-09,1640,,,45,
2,13017,1481493,Daniel Butterworth,1999-09-14,462,,,34,
2,13017,3405,Dominic Samuel,1994-04-01,462,,,9,
2,13017,6470,Ryan Nyambe,1997-12-04,5790,,,2,
2,13017,2536,Richard Smallwood,1990-12-29,462,,,6,
2,13017,173118,Joe Nuttall,1997-01-27,462,,,24,
2,13017,8556,Paul Michael Downing,1991-10-26,462,,,25,
2,13017,3162,Paul Caddis,1988-04-19,1161,,,16,
2,13017,8372,Andy Fisher,1998-02-12,462,,,33,
2,13017,2823546,John Buckley,1999-10-13,462,,,39,
2,13017,537311,Jacob Davenport,1998-12-28,462,,,18,
2,13017,9258,Harry Chapman,1997-11-05,462,,,11,
2,13017,9710,Sam Hart,1996-09-10,462,,,30,
2,13017,455347,Joe Grayson,1999-03-26,462,,,35,
2,13017,4613,Joe Rothwell,1995-01-11,462,,,8,
2,13017,3130,David Raya,1995-09-15,32,,,1,
2,13017,455346,Tyler Magloire,1998-12-21,462,,,38,
2,13017,7835,Ben Brereton Díaz,1999-04-18,80,,,19,
2,13017,872,Elliott Bennett,1988-12-18,462,,,31,
2,13017,3179,Derrick Williams,1993-01-17,455,,,3,
2,13017,6049,Amari'i Bell,1994-05-05,1640,,,17,
2,13017,1409,Harrison Reed,1995-01-27,462,,,4,
2,13017,1039,Danny Graham,1985-08-12,462,,,10,
2,13017,7636,Lewis Travis ,1997-10-16,462,,,27,
2,13017,3267,Kasey Palmer,1996-11-09,1640,,,45,
2,13017,411,Jack Rodwell,1991-03-11,462,,,5,
2,13017,2299,Josef Dvornik,1990-07-30,491,,,29,
2,13017,2722,Jayson Leutwiler,1989-04-25,1004,,,13,
2,13017,2951,Adam Armstrong,1997-02-10,462,,,7,
2,13017,7027,Charlie Mulgrew,1986-03-06,1161,,,14,
2,13017,3111,Darragh Lenihan,1994-03-16,455,,,26,
2,13017,8485,Bradley Dack,1993-12-31,462,,,23,
2,13017,2325,Craig Conway,1985-05-02,1161,,,32,
7,13017,3294,Rajiv van La Parra,1991-06-04,38,,,29,
7,13017,2598,Grant Leadbitter,1986-01-07,462,,,7,
7,13017,1709,Dimitris Konstantopoulos,1978-11-29,125,,,1,
7,13017,9744,Marvin Johnson,1990-12-01,462,,,21,
7,13017,1449,Darren Randolph,1987-05-12,455,,,23,
7,13017,3188067,Nathan Wood,2002-05-31,462,,,25,
7,13017,9258,Harry Chapman,1997-11-05,462,,,27,
7,13017,4145,Sam McQueen,1995-02-06,462,,,14,
7,13017,4893656,Stephen Walker,2000-10-11,462,,,46,
7,13017,7026573,Djed Spence,2000-08-09,462,,,42,
7,13017,1791,Andy Lonergan,1983-10-19,462,,,31,
7,13017,190,Stewart Downing,1984-07-22,462,,,19,
7,13017,4701,Ashley Fletcher,1995-10-02,462,,,18,
7,13017,3250,Britt Assombalonga,1992-12-06,1320,,,9,
7,13017,652,Yuki Takahashi,1990-11-07,32,,,4,
7,13017,6028,George Saville,1993-06-01,491,,,22,
7,13017,3155,Aden Flint,1989-07-11,462,,,24,
7,13017,1722,George Friend,1987-10-19,462,,,3,
7,13017,919,Jonathan Howson,1988-05-21,462,,,16,
7,13017,3495,Jordan Hugill,1992-06-04,462,,,11,
7,13017,537493,Marcus Tavernier,1999-03-22,462,,,28,
7,13017,2823507,Lewis Wing ,1995-06-23,462,,,26,
7,13017,83488,Martin Braithwaite,1991-06-05,320,,,10,
7,13017,1001,Paddy McNair,1995-04-27,491,,,17,
7,13017,61,John Mikel Obi,1987-04-22,716,,,2,
7,13017,1151,Ryan Shotton,1988-10-30,462,,,5,
7,13017,5317,Dael Fry,1997-08-30,462,,,20,
7,13017,1012,M. Bešić,1992-09-10,507,,,37,
7,13017,4014,Danny Batth,1990-09-21,462,,,6,
7,13017,1728,Adam Clayton,1989-01-14,462,,,8,
7,13017,1025,Rudy Gestede,1988-10-10,7830,,,39,
10,13017,878,Wesley Hoolahan,1982-05-20,455,,,22,
10,13017,129,James Morrison,1986-05-25,1161,,,7,
10,13017,1281,Allan Nyom,1988-05-10,593,,,2,
10,13017,113,Boaz Myhill,1982-11-09,515,,,13,
10,13017,291,Gareth Barry,1981-02-23,462,,,18,
10,13017,6286,Oliver Burke ,1997-04-07,1161,,,17,
10,13017,1680,Jonathan Leko,1999-04-24,462,,,20,
10,13017,581186,Rayhaan Tulloch,2001-01-20,462,,,31,
10,13017,2233,Jonathan Bond,1993-05-19,462,,,23,
10,13017,795,Matt Phillips,1991-03-13,1161,,,10,
10,13017,1083,Jake Livermore,1989-11-14,462,,,8,
10,13017,5241,Tosin Adarabioyo,1997-09-24,462,,,24,
10,13017,340214,Kyle Edwards,1998-02-17,462,,,21,
10,13017,10601,Harvey Barnes,1997-12-09,462,,,15,
10,13017,4240,Bakary Sako,1988-04-26,26,,,6,
10,13017,1008,Sam Johnstone,1993-03-25,462,,,1,
10,13017,897,Kyle Bartley,1991-05-22,462,,,5,
10,13017,1685,Sam Field,1998-05-08,462,,,28,
10,13017,3071,Jacob Murphy,1995-02-24,462,,,70,
10,13017,5801,Conor Townsend,1993-03-04,462,,,14,
10,13017,69,Chris Brunt,1984-12-14,491,,,11,
10,13017,129064,Ahmed Hegazy,1991-01-25,886,,,26,
10,13017,5255,Rekeem Harper,2000-03-08,462,,,34,
10,13017,826,Jefferson Montero,1989-09-01,459,,,15,
10,13017,7007,Stefan Johansen,1991-01-08,1578,,,6,
10,13017,732,Kieran Gibbs,1989-09-26,462,,,3,
10,13017,124,Tyrone Mears,1983-02-18,1640,,,12,
10,13017,1076,Hal Robson-Kanu,1989-05-21,515,,,4,
10,13017,1152,Jay Rodríguez,1989-07-29,462,,,19,
10,13017,1183,Craig Dawson,1990-05-06,462,,,25,
10,13017,1179,Dwight Gayle,1989-10-17,462,,,16,
10,13017,1692,Mason Holgate,1996-10-22,462,,,68,
12,13017,7316,Josh Dacres-Cogley,1996-03-12,462,,,25,
12,13017,96491,Cheikh N'Doye ,1986-03-29,200,,,17,
12,13017,15061999,Beryly Lubala,1998-01-08,1320,,,30,
12,13017,21054219,Jake Weaver,1997-05-08,462,,,40,
12,13017,7983,Omar Bogle,1993-07-26,462,,,14,
12,13017,22201,Dan Scarr,1994-12-24,462,,,24,
12,13017,11322490,Charlie Lakin,1999-05-08,462,,,31,
12,13017,3049,Solomon-Otabor Viv,1996-01-02,716,,,22,
12,13017,20506,Wes Harding,1996-10-20,1640,,,45,
12,13017,3596,Ché Adams,1996-07-13,1161,,,9,
12,13017,1222,Gary Gardner,1992-06-29,462,,,20,
12,13017,191086,Kerim Mrabti,1994-05-20,47,,,18,
12,13017,2824,Harlee Dean,1991-07-26,462,,,12,
12,13017,3383,Maikel Kieftenbeld,1990-06-26,38,,,6,
12,13017,6140,Connal Trueman,1996-03-26,462,,,27,
12,13017,521,Craig Gardner,1986-11-25,462,,,8,
12,13017,2743,Michael Morrison,1988-03-03,462,,,28,
12,13017,11152,Isaac Vassell,1993-09-09,462,,,11,
12,13017,1447,Lukas Jutkiewicz,1989-03-28,462,,,10,
12,13017,6321,Maxime Colin,1991-11-15,17,,,5,
12,13017,2817,Jota Peleteiro,1991-06-16,32,,,23,
12,13017,2931,Jacques Maghoma,1987-10-23,1320,,,19,
12,13017,6115,Connor Mahoney,1997-02-12,462,,,7,
12,13017,6505,M. Roberts,1990-07-26,462,,,4,
12,13017,2463,Lee Camp,1984-08-22,491,,,1,
12,13017,35145,Kristian Pedersen,1994-08-04,320,,,3,
12,13017,2419,David Davis,1991-02-20,462,,,26,
15,13017,1727,Albert Adomah,1987-12-13,468,,,37,
15,13017,4579,Keinan Davis,1998-02-13,462,,,17,
15,13017,11705406,Jacob Ramsey,2001-05-28,462,,,41,
15,13017,6513,James Bree,1997-12-11,462,,,16,
15,13017,160050,André Moreira,1995-12-02,20,,,23,
15,13017,1222,Gary Gardner,1992-06-29,462,,,25,
15,13017,467,Mark Bunn,1984-11-16,462,,,31,
15,13017,4537,Rushian Hepburn-Murphy,1998-08-28,462,,,29,
15,13017,3325,Scott Hogan,1992-04-13,455,,,9,
15,13017,8270,Callum O'Hare,1998-05-01,462,,,38,
15,13017,3502647,Dominic Revan,2000-09-19,462,,,39,
15,13017,1494566,Jake Doyle-Hayes,1998-12-30,455,,,34,
15,13017,7566,Matija Šarkić,1997-07-23,998,,,33,
15,13017,3027,Kelle Roos,1992-05-31,38,,,21,
15,13017,105,Scott Carson,1985-09-03,462,,,1,
15,13017,4655,Fikayo Tomori,1997-12-19,462,,,5,
15,13017,7991,Florian Jozefzoon,1991-02-09,2088,,,11,
15,13017,4391,Axel Tuanzebe,1997-11-14,1320,,,4,
15,13017,4207,George Evans,1994-12-13,462,,,17,
15,13017,2642,M. Bennett,1996-07-15,462,,,20,
15,13017,629,Martyn Waghorn,1990-01-23,462,,,9,
15,13017,5833,Jack Marriott,1994-09-09,462,,,14,
15,13017,628,Ahmed Eissa El Mohamady Abdel Fattah,1987-09-09,886,,,27,
15,13017,1094,Tyrone Mings,1993-03-13,462,,,40,
15,13017,957,J. Steer,1992-09-23,462,,,12,
15,13017,6201,Kortney Hause,1995-07-16,462,,,30,
15,13017,3371,C. Hourihane,1991-02-02,455,,,14,
15,13017,1021,Tom Carroll,1992-05-28,462,,,11,
15,13017,455455,C. MacDonald,1997-12-18,1161,,,39,
15,13017,62931,Lovre Kalinić,1990-04-03,266,,,28,
15,13017,33,Tom Huddlestone,1986-12-28,462,,,44,
15,13017,437,Glenn Whelan,1984-01-13,455,,,6,
15,13017,1473,Henri Lansbury,1990-10-12,462,,,8,
15,13017,7997,Birkir Bjarnason,1988-05-27,1796,,,20,
15,13017,817,Neil Taylor,1989-02-07,515,,,3,
15,13017,3169,Jonathan Kodjia,1989-10-22,23,,,26,
15,13017,1126,Mile Jedinak,1984-08-03,98,,,15,
15,13017,1116,Jack Grealish,1995-09-10,462,,,10,
15,13017,172611,John McGinn ,1994-10-18,1161,,,7,
15,13017,3139,Tammy Abraham,1997-10-02,462,,,18,
15,13017,4599,Andre Green,1998-07-26,462,,,19,
15,13017,2308,Richard Keogh,1986-08-11,455,,,6,
15,13017,1050,Tommy Elphick,1987-09-07,462,,,24,
15,13017,25354,Anwar El Ghazi,1995-05-03,38,,,22,
15,13017,32471,Ørjan Nyland,1990-09-10,1578,,,1,
15,13017,1103,Alan Hutton,1984-11-30,1161,,,21,
15,13017,1023,James Chester,1989-01-23,515,,,5,
15,13017,1123,Yannick Bolasie,1989-05-24,1320,,,11,
15,13017,925,Bradley Johnson,1987-04-28,462,,,15,
16,13017,3183,Luke Murphy,1989-10-21,462,,,15,
16,13017,3857324,Joe Pritchard,1996-09-10,462,,,34,
16,13017,400,Marc Wilson,1987-08-17,455,,,18,
16,13017,2236,Lloyd Dyer,1982-09-13,462,,,22,
16,13017,28552312,Luca Connell ,2001-04-20,455,,,48,
16,13017,5433,Joe Williams,1996-12-08,462,,,21,
16,13017,2802,Ben Alnwick,1987-01-01,462,,,1,
16,13017,2621,Mark Little,1988-08-20,462,,,2,
16,13017,1073,Adam Le Fondre,1986-12-02,462,,,9,
16,13017,6920,Ben Williams,1982-08-27,462,,,27,
16,13017,339702,Jack Earing,1999-01-21,462,,,38,
16,13017,18460,Connor Hall,1998-02-18,462,,,35,
16,13017,34898459,Ronan Darcy,2000-11-04,462,,,49,
16,13017,537070,Chiori Johnson,1997-10-05,462,,,42,
16,13017,9706,Jake Turner,1999-02-25,462,,,39,
16,13017,9278,Remi Matthews,1994-02-10,462,,,20,
16,13017,1186,Will Buckley,1989-11-21,462,,,11,
16,13017,2284,Jack Hobbs,1988-08-18,462,,,14,
16,13017,234,Andrew Taylor,1986-08-01,462,,,3,
16,13017,1939,Mark Beevers,1989-11-21,462,,,5,
16,13017,2731,Craig Noone,1987-11-17,462,,,12,
16,13017,1239,Sammy Ameobi,1992-05-01,462,,,10,
16,13017,28944211,Joe Muscatt,1997-12-15,2756,,,41,
16,13017,4827,Josh Magennis,1990-08-15,491,,,28,
16,13017,2823146,Harry Brockbank,1998-09-26,462,,,36,
16,13017,3030,Clayton Donaldson,1984-02-07,1640,,,8,
16,13017,211,David Wheater,1987-02-14,462,,,31,
16,13017,270,Gary O'Neil,1983-05-18,462,,,19,
16,13017,9112,Erhun Oztumer,1991-05-29,462,,,7,
16,13017,32148,Paweł Olkowski,1990-02-13,2,,,16,
16,13017,12205,Christian Doidge,1992-08-25,515,,,9,
16,13017,1502,Jason Lowe,1991-09-02,462,,,4,
16,13017,5635,Josh Vela,1993-12-14,462,,,6,
16,13017,3138,Y. Wildschut,1991-11-01,2088,,,30,
16,13017,4795,Callum Connolly,1997-09-23,462,,,17,
16,13017,3025,Jonathan Grounds,1988-02-02,462,,,29,
17,13017,581067,Antonee Robinson,1997-08-08,3483,,,3,
17,13017,1431,Darron Gibson,1987-10-25,455,,,4,
17,13017,3175,Max Power,1993-07-27,462,,,6,
17,13017,2644,Michael Jacobs,1991-11-04,462,,,17,
17,13017,2965,Christian Walton,1995-11-09,462,,,1,
17,13017,1041,Alex Bruce,1984-09-28,491,,,14,
17,13017,172604,Jamie Walker,1993-06-25,1161,,,7,
17,13017,2735,Shaun MacDonald,1988-06-17,515,,,16,
17,13017,21762788,Joe Gelhardt,2002-05-04,462,,,38,
17,13017,6955033,Adam Long,2000-11-14,462,,,35,
17,13017,7392788,Jensen Weir,2002-01-31,462,,,39,
17,13017,1525093,Chris Merrie,1998-11-02,462,,,31,
17,13017,9806,Alex Perry,1998-03-04,462,,,42,
17,13017,34898461,Charlie Jolley,2001-01-13,462,,,29,
17,13017,581071,Beni Baningime,1998-09-09,1320,,,14,
17,13017,7769,Owen Evans,1996-11-28,515,,,40,
17,13017,9523,Leonardo Lopes,1998-11-30,20,,,19,
17,13017,4795,Callum Connolly,1997-09-23,462,,,26,
17,13017,1381,Danny Fox,1986-05-29,1161,,,6,
17,13017,3480,Nathan Byrne,1992-06-05,462,,,2,
17,13017,3466,Jamie Jones,1989-02-18,462,,,23,
17,13017,11799,Josh Windass,1994-01-09,462,,,10,
17,13017,2391,Gavin Massey,1992-10-14,462,,,11,
17,13017,3148,Will Grigg,1991-07-03,491,,,9,
17,13017,581220,Reece James ,1999-12-08,462,,,12,
17,13017,3189,Sam Morsy,1991-09-10,886,,,5,
17,13017,1476,Callum McManaman,1991-04-25,462,,,15,
17,13017,5935,Lee Evans,1994-07-24,515,,,36,
17,13017,9501,Chey Dunkley,1992-02-13,462,,,22,
17,13017,4121,Nick Powell,1994-03-23,462,,,25,
17,13017,2457,Joe Garner,1988-04-12,462,,,41,
17,13017,1583,Gary Roberts,1984-03-18,462,,,18,
17,13017,20216,Cédric Kipré,1996-12-09,23,,,21,
17,13017,2815,Dan Burn ,1992-05-09,462,,,33,
17,13017,677,James Vaughan,1988-07-14,462,,,8,
17,13017,11752,Kal Naismith ,1992-02-18,1161,,,20,
17,13017,714,Jonas Olsson,1983-03-10,47,,,30,
17,13017,1586,Leon Clarke,1985-02-10,462,,,28,
17,13017,913,Alberto Suárez,1988-06-06,455,,,13,
21,13017,725,Martin Cranie,1986-09-26,462,,,28,
21,13017,3517,Conor Washington,1992-05-18,491,,,39,
21,13017,21054041,Tyler Smith,1998-12-04,462,,,27,
21,13017,1586,Leon Clarke,1985-02-10,462,,,9,
21,13017,5935,Lee Evans,1994-07-24,515,,,8,
21,13017,5193,Ben Woodburn,1999-10-15,515,,,11,
21,13017,5173,Ryan Leonard,1992-05-24,462,,,14,
21,13017,7714340,Rhys Norrington-Davies,1999-04-22,515,,,34,
21,13017,9726,Kean Bryan,1996-11-01,462,,,20,
21,13017,5725,Caolan Lavery,1992-10-22,491,,,30,
21,13017,3325,Scott Hogan,1992-04-13,455,,,11,
21,13017,2891,Simon Moore,1990-05-19,462,,,25,
21,13017,2618,Paul Coutts,1988-07-22,1161,,,15,
21,13017,2610,Gary Madine,1990-08-24,462,,,14,
21,13017,500,Richard Stearman,1987-08-19,462,,,19,
21,13017,3571,Kieron Freeman,1992-03-21,515,,,18,
21,13017,3305,John Egan,1992-10-20,455,,,12,
21,13017,5858,John Fleck,1991-08-24,1161,,,4,
21,13017,5953,Jack O'Connell,1994-03-29,462,,,5,
21,13017,2191,David McGoldrick,1987-11-29,455,,,17,
21,13017,4892,Kieran Dowell,1997-10-10,462,,,8,
21,13017,1384,Patrick McCarthy,1986-02-05,462,,,10,
21,13017,506,Chris Basham,1988-07-20,462,,,6,
21,13017,4220,Enda Stevens,1990-07-09,455,,,3,
21,13017,12647,Dean Henderson ,1997-03-12,462,,,1,
21,13017,3121,Mark Duffy,1985-10-07,462,,,21,
21,13017,9744,Marvin Johnson,1990-12-01,462,,,22,
21,13017,3262,John Lundstram,1994-02-18,462,,,7,
21,13017,2321,Oliver Norwood ,1991-04-12,491,,,16,
21,13017,3604,George Baldock,1993-03-09,462,,,2,
21,13017,2660,Danny Lafferty,1989-05-18,491,,,24,
22,13017,3509963,Brandon Fleming,1999-12-03,462,,,21,
22,13017,1895,Kevin Stewart,1993-09-07,1640,,,6,
22,13017,6602,A. MacDonald,1992-10-15,462,,,15,
22,13017,5311,Evandro,1986-08-23,5,,,7,
22,13017,2836,Jon Toral,1995-02-05,32,,,10,
22,13017,21762791,Max Sheaf,2000-03-10,462,,,28,
22,13017,3509965,Lewis Ritson,1998-11-01,462,,,33,
22,13017,60772,Ondrej Mazuch,1989-03-15,245,,,3,
22,13017,8417286,Adam Curry,1997-05-21,462,,,26,
22,13017,1226,Txiki Acaz,1985-03-05,1161,,,1,
22,13017,528,Liam Ridgewell,1984-07-21,462,,,36,
22,13017,2217,Nouha Dicko,1992-05-14,26,,,9,
22,13017,6605,Jackson Irvine,1993-03-07,98,,,16,
22,13017,1592,Jarrod Bowen ,1996-12-20,462,,,20,
22,13017,1050,Tommy Elphick,1987-09-07,462,,,35,
22,13017,313,Fraizer Campbell,1987-09-13,462,,,25,
22,13017,25683,Jordy de Wijs,1995-01-08,38,,,4,
22,13017,5706,Todd Kane,1993-09-17,462,,,17,
22,13017,1509,Chris Martin,1988-11-04,1161,,,29,
22,13017,4323,Will Keane,1993-01-11,462,,,19,
22,13017,608284,Daniel Batty,1997-12-10,462,,,18,
22,13017,1628,Stephen Kingsley,1994-07-23,1161,,,23,
22,13017,4807,Markus Henriksen,1992-07-25,1578,,,22,
22,13017,5359,Kamil Grosicki ,1988-06-08,2,,,14,
22,13017,3509964,Robbie McKenzie,1998-09-25,462,,,27,
22,13017,1033,Marc Pugh,1987-04-02,462,,,8,
22,13017,3507,George Long,1993-11-05,462,,,12,
22,13017,399,Eric Lichaj,1988-11-17,3483,,,2,
22,13017,1291,Reece Burke,1996-09-02,462,,,5,
22,13017,132674,Manuel David Milinkovic,1994-05-20,296,,,11,
23,13017,816,Tyler Blackett,1994-04-02,462,,,24,
23,13017,766,David Meyler,1989-05-29,455,,,8,
23,13017,580977,Ryan East,1998-08-07,462,,,42,
23,13017,581141,Tom McIntyre,1998-11-06,1161,,,46,
23,13017,6551,Yakou Méïté,1996-02-11,23,,,21,
23,13017,599,John O'Shea,1981-04-30,455,,,4,
23,13017,871,Leandro Bacuna,1991-08-21,7437,,,7,
23,13017,37,Paul McShane,1986-01-06,455,,,5,
23,13017,26747,Pelle Clement,1996-05-19,38,,,22,
23,13017,6560,J. Böðvarsson,1992-05-25,1796,,,23,
23,13017,4183,Tiago Ilori,1993-02-26,20,,,20,
23,13017,580970,Andy Rinomhota,1997-04-21,2325,,,35,
23,13017,581142,Gabriel Osho,1998-08-14,462,,,47,
23,13017,8322,George Legg,1996-04-30,462,,,40,
23,13017,1494301,Tom Holmes,2000-03-12,462,,,44,
23,13017,509,Dave Edwards,1986-02-03,515,,,16,
23,13017,1343,Emiliano Martínez,1992-09-02,44,,,26,
23,13017,4619,Matt Miazga,1995-07-19,3483,,,19,
23,13017,580974,Teddy Howe,1998-10-09,462,,,49,
23,13017,838,Vito Mannone,1988-03-02,251,,,1,
23,13017,581206,Omar Richards,1998-02-15,462,,,27,
23,13017,3592,Marc McNulty,1992-09-14,1161,,,29,
23,13017,1088,Chris Gunter,1989-07-21,515,,,2,
23,13017,1614,Modou Barrow,1992-10-13,2507,,,17,
23,13017,920,Liam Moore,1993-01-31,1640,,,6,
23,13017,6548,Liam Kelly,1995-11-22,455,,,38,
23,13017,2992,John Swift,1995-06-23,462,,,10,
23,13017,6507,Andy Yiadom,1991-12-02,468,,,3,
23,13017,4219,Lewis Baker,1995-04-25,462,,,16,
23,13017,8481,Sam Walker,1991-10-02,462,,,28,
23,13017,1105,Sone Aluko,1989-02-19,716,,,14,
23,13017,4828,Ovie Ejaria,1997-11-18,462,,,18,
23,13017,24799984,Michael Olise,2001-12-12,17,,,48,
23,13017,170468,Saeed Ezatolahi,1996-10-01,488,,,32,
23,13017,5206,Josh Sims,1997-03-28,462,,,19,
23,13017,1077,Garath McCleary,1987-05-15,1640,,,12,
23,13017,6549,Anssi Jaakkola,1987-03-13,1233,,,31,
23,13017,4425,Nélson Oliveira,1991-08-08,20,,,22,
23,13017,2754,Callum Harriott,1994-03-04,1985,,,15,
23,13017,580971,Danny Namaso,2000-08-28,593,,,43,
23,13017,2941,Sam Baldock,1989-03-15,462,,,9,
23,13017,7037,Joshua Barrett,1998-06-21,455,,,39,
23,13017,8011,Adrian Dumitru Popa,1988-07-24,155,,,25,
24,13017,1091,Alex Pearce,1988-11-09,455,,,16,
24,13017,15494,Luke Thomas,1999-02-19,462,,,38,
24,13017,455455,C. MacDonald,1997-12-18,1161,,,39,
24,13017,13633384,Tyree Benjamin Wilson,,462,,,49,
24,13017,956,Andy King,1988-10-29,515,,,24,
24,13017,6075,J. Mitchell,1994-11-24,462,,,35,
24,13017,13633381,Lee Buchanan ,2001-03-07,462,,,48,
24,13017,19829,Henrich Ravas,1997-08-16,401,,,47,
24,13017,4592196,Jason Knight ,2001-02-13,455,,,50,
24,13017,581240,Jayden Mitchell-Lawson,1999-09-17,462,,,43,
24,13017,365,David Nugent,1985-05-02,462,,,28,
24,13017,839,Andre Wisdom,1993-05-09,462,,,2,
24,13017,5829,Duane Holmes,1994-11-06,3483,,,23,
24,13017,193,Curtis Davies,1985-03-15,462,,,33,
24,13017,105,Scott Carson,1985-09-03,462,,,1,
24,13017,4207,George Evans,1994-12-13,462,,,17,
24,13017,4599,Andre Green,1998-07-26,462,,,19,
24,13017,86,Ashley Cole,1980-12-20,462,,,26,
24,13017,3139,Tammy Abraham,1997-10-02,462,,,18,
24,13017,925,Bradley Johnson,1987-04-28,462,,,15,
24,13017,581158,Jayden Bogle,2000-07-27,462,,,37,
24,13017,628,Ahmed Eissa El Mohamady Abdel Fattah,1987-09-09,886,,,27,
24,13017,537121,Mason Mount ,1999-01-10,462,,,8,
24,13017,2642,M. Bennett,1996-07-15,462,,,20,
24,13017,4655,Fikayo Tomori,1997-12-19,462,,,5,
24,13017,62931,Lovre Kalinić,1990-04-03,266,,,28,
24,13017,1094,Tyrone Mings,1993-03-13,462,,,40,
24,13017,2308,Richard Keogh,1986-08-11,455,,,6,
24,13017,3027,Kelle Roos,1992-05-31,38,,,21,
24,13017,817,Neil Taylor,1989-02-07,515,,,3,
24,13017,957,J. Steer,1992-09-23,462,,,12,
24,13017,25354,Anwar El Ghazi,1995-05-03,38,,,22,
24,13017,6201,Kortney Hause,1995-07-16,462,,,30,
24,13017,33,Tom Huddlestone,1986-12-28,462,,,44,
24,13017,629,Martyn Waghorn,1990-01-23,462,,,9,
24,13017,5403,Harry Wilson,1997-03-22,515,,,7,
24,13017,7991,Florian Jozefzoon,1991-02-09,2088,,,11,
24,13017,4401,Tom Lawrence,1994-01-13,515,,,10,
24,13017,2948,Scott Malone,1991-03-25,462,,,46,
24,13017,5833,Jack Marriott,1994-09-09,462,,,14,
24,13017,1126,Mile Jedinak,1984-08-03,98,,,15,
24,13017,3371,C. Hourihane,1991-02-02,455,,,14,
24,13017,2333,Craig Bryson,1986-11-06,1161,,,4,
24,13017,1494372,Max Bird ,2000-09-18,462,,,41,
24,13017,2326,Craig Forsyth,1989-02-24,1161,,,3,
24,13017,4391,Axel Tuanzebe,1997-11-14,1320,,,4,
24,13017,437,Glenn Whelan,1984-01-13,455,,,6,
24,13017,3169,Jonathan Kodjia,1989-10-22,23,,,26,
24,13017,3248,Max Lowe,1997-05-11,462,,,25,
24,13017,1337,Joe Ledley,1987-01-23,515,,,36,
26,13017,1085,Adam Federici,1985-01-31,98,,,32,
26,13017,170681,Moritz Bauer,1992-01-25,143,,,2,
26,13017,581241,Tyrese Campbell,1999-12-28,462,,,26,
26,13017,830,Joe Allen,1990-03-14,515,,,4,
26,13017,539,Charlie Adam,1985-12-10,1161,,,16,
26,13017,151083,Badou Ndiaye,1990-10-27,200,,,6,
26,13017,410,Mame Diouf,1987-12-16,200,,,18,
26,13017,1494201,Lasse Sørensen,1999-10-21,320,,,33,
26,13017,1596,Josh Tymon,1999-05-22,462,,,12,
26,13017,505,Sam Vokes,1989-10-21,515,,,10,
26,13017,11705403,Nathan Collins ,2001-04-30,455,,,37,
26,13017,4014,Danny Batth,1990-09-21,462,,,14,
26,13017,581212,Daniel Jarvis,1998-04-03,462,,,44,
26,13017,1740,Jakob Haugaard,1992-05-01,320,,,29,
26,13017,173121,Harry James Souttar,1998-10-22,98,,,36,
26,13017,5353,Tom Edwards,1999-01-22,462,,,30,
26,13017,1832,Benik Afobe,1993-02-12,1320,,,9,
26,13017,1571,Sam Clucas,1990-09-25,462,,,22,
26,13017,4813,Bruno Martins Indi,1992-02-08,38,,,15,
26,13017,1137,Bojan Krkic,1990-08-28,32,,,27,
26,13017,160568,Peter Etebo ,1995-11-09,716,,,8,
26,13017,1462,Jack Butland,1993-03-10,462,,,1,
26,13017,856,Ashley Williams,1984-08-23,515,,,5,
26,13017,3317,Ryan Woods,1993-12-13,462,,,38,
26,13017,1370,Cuco Martina,1989-09-25,7437,,,23,
26,13017,5163,Thibaud Verlinden,1999-07-09,556,,,31,
26,13017,822,James McClean,1989-04-22,455,,,11,
26,13017,239,Peter Crouch,1981-01-30,462,,,25,
26,13017,1045,Tom Ince,1992-01-30,462,,,7,
26,13017,812,Erik Pieters,1988-08-07,38,,,3,
26,13017,1178,Daniel Schütz,1993-08-04,821,,,19,
26,13017,604,Darren Fletcher,1984-02-01,1161,,,24,
26,13017,429,Ryan Shawcross,1987-10-04,462,,,17,
30,13017,172699,Barrie McKay,1994-12-30,1161,,,19,
30,13017,1824,Joel Asoro,1999-04-27,47,,,16,
30,13017,1310,Federico Fernández,1989-02-21,44,,,6,
30,13017,863,Jordi Amat,1992-03-21,88407,,,24,
30,13017,9569,Cian Harries,1997-04-01,515,,,50,
30,13017,455687,Steven Benda,1998-10-01,11,,,13,
30,13017,828,Wilfried Bony,1988-12-10,23,,,2,
30,13017,6416,George Byers,1996-05-29,1161,,,28,
30,13017,5346,Luciano Narsingh,1990-09-13,38,,,11,
30,13017,1233,Declan John,1995-06-30,515,,,24,
30,13017,4746,Oli McBurnie,1996-06-04,1161,,,9,
30,13017,1497,Leroy Fer,1990-01-05,38,,,8,
30,13017,818,Nathan Dyer,1987-11-29,462,,,12,
30,13017,1194,Kyle Naughton,1988-11-17,462,,,26,
30,13017,4559,Bersant Celina,1996-09-09,122,,,10,
30,13017,4441,Matt Grimes ,1995-07-15,462,,,21,
30,13017,9058,Courtney Baker-Richardson,1995-12-05,462,,,46,
30,13017,5410,Connor Roberts,1995-09-23,515,,,23,
30,13017,24014,Erwin Mulder,1989-03-03,38,,,25,
30,13017,339112,Joe Rodon,1997-10-22,515,,,22,
30,13017,5149,Daniel James,1997-11-10,515,,,20,
30,13017,1353,Kristoffer Nordfeldt ,1989-06-23,47,,,1,
30,13017,1649,Jay Fulton,1994-04-01,1161,,,27,
30,13017,1712,Cameron Carter-Vickers ,1997-12-31,3483,,,17,
30,13017,680,Wayne Routledge,1985-01-07,462,,,15,
30,13017,428,Martin Olsson,1988-05-17,47,,,3,
30,13017,1646,Mike van der Hoorn,1992-10-15,38,,,5,
30,13017,826,Jefferson Montero,1989-09-01,459,,,7,
30,13017,1021,Tom Carroll,1992-05-28,462,,,14,
30,13017,537388,Yan Dhanda,1998-12-14,462,,,30,
33,13017,1494666,Jamal Lewis ,1998-01-25,491,,,12,
33,13017,757,Tim Krul,1988-04-03,38,,,1,
33,13017,3147,James Husband,1994-01-03,462,,,3,
33,13017,3073,Ivo Pinto ,1990-01-07,20,,,2,
33,13017,3133,Michael McGovern,1984-07-12,491,,,33,
33,13017,32395,Felix Passlack,1998-05-29,11,,,24,
33,13017,4969710,Alfred Edward Payne,1999-10-07,462,,,40,
33,13017,581214,Timi Odusina,1999-10-28,462,,,41,
33,13017,581092,Aston Oxborough,1998-05-09,462,,,38,
33,13017,172385,Kenny McLean ,1992-01-08,1161,,,23,
33,13017,31174,Marco Stiepermann,1991-02-09,11,,,18,
33,13017,976,Alexander Tettey,1986-04-04,1578,,,27,
33,13017,1494663,Max Aarons,2000-01-04,462,,,37,
33,13017,2256,Ben Marshall,1991-03-29,462,,,7,
33,13017,32172,Mario Vrančić,1989-05-23,507,,,8,
33,13017,31433,Teemu Pukki,1990-03-29,1233,,,22,
33,13017,34706,Onel Hernández,1993-02-01,63604,,,25,
33,13017,3119,Timm Klose,1988-05-09,62,,,15,
33,13017,807,Grant Hanley,1991-11-20,1161,,,31,
33,13017,31030,Moritz Leitner,1992-12-08,11,,,10,
33,13017,37457,Christoph Zimmermann,1993-01-12,11,,,6,
33,13017,7958,Ben Godfrey,1998-01-15,462,,,4,
33,13017,186660,Emiliano Buendía,1996-12-25,44,,,17,
33,13017,1736,J. Rhodes,1990-02-05,1161,,,11,
33,13017,581086,Todd Cantwell ,1998-02-27,462,,,36,
33,13017,25747,Tom Trybull,1993-03-09,11,,,19,
33,13017,3459,Louis Thompson,1994-12-19,515,,,34,
33,13017,37556,Dennis Srbeny,1994-05-05,11,,,32,
47,13017,540091,Aramide Oteh,1998-09-10,462,,,18,
47,13017,2475,Massimo Luongo,1992-09-25,98,,,21,
47,13017,6570,Olamide Shodipo,1997-07-05,455,,,27,
47,13017,3517,Conor Washington,1992-05-18,491,,,9,
47,13017,6640,Osman Kakay,1997-08-25,5724,,,24,
47,13017,6582,Matt Ingram,1993-12-18,462,,,1,
47,13017,2813,Jake Bidwell,1993-03-21,462,,,3,
47,13017,487,Alex Baptiste,1986-01-31,462,,,15,
47,13017,6241,Joe Lumley,1995-02-15,462,,,13,
47,13017,7026,Idrissa Sylla,1990-12-03,1703,,,40,
47,13017,149574,Paul Smyth,1997-09-10,491,,,38,
47,13017,815,Geoff Cameron,1985-07-11,3483,,,5,
47,13017,3134,Grant Hall,1991-10-29,462,,,4,
47,13017,34455763,Nathan Carlyle,2000-12-19,455,,,48,
47,13017,21164,Lewis Walker,1999-04-14,462,,,34,
47,13017,34898460,Amrit Bansal-McNulty,2000-03-16,462,,,47,
47,13017,15623,Chay Tilt,1997-09-18,462,,,35,
47,13017,20708612,Giles Phillips,1997-06-22,462,,,29,
47,13017,4507,Darnell Furlong,1995-10-31,462,,,2,
47,13017,2902,Jordan Cousins,1994-03-06,1640,,,8,
47,13017,65516,Ilias Chair,1997-10-30,1424,,,19,
47,13017,2925,Tomer Hemed,1987-05-02,802,,,16,
47,13017,7643,Eberechi Eze,1998-06-29,462,,,10,
47,13017,3146,Luke Freeman,1992-03-22,462,,,7,
47,13017,2944,Matt Smith,1989-06-07,462,,,17,
47,13017,3063,Nahki Wells,1990-06-01,15326,,,32,
47,13017,7640,Ryan Manning ,1996-06-14,455,,,14,
47,13017,7104,Paweł Wszołek,1992-04-30,2,,,23,
47,13017,6580,Bright Osayi-Samuel,1997-12-31,716,,,20,
47,13017,34097,Toni Leistner,1990-08-19,11,,,37,
47,13017,2316,Joel Lynch,1987-10-03,515,,,33,
47,13017,6509,Josh Scowen,1993-03-28,462,,,11,
47,13017,860,Àngel Rangel,1982-10-28,32,,,22,
47,13017,16120428,Chay Tilt,1997-09-18,462,,,35,
56,13017,2887,Atdhe Nuhiu,1989-07-29,122,,,17,
56,13017,847,Craig Harrison,1984-10-23,455,,,1,
56,13017,25101,Joost van Aken,1994-05-13,38,,,4,
56,13017,2949,Liam Palmer ,1991-09-19,1161,,,2,
56,13017,20716661,Alex Hunt,2000-05-29,462,,,29,
56,13017,2816061,Ash Baker,1996-10-30,515,,,24,
56,13017,1306,Daniel Pudil,1985-09-27,245,,,36,
56,13017,12037268,Connor Kirby,1998-09-10,462,,,31,
56,13017,1378,George Boyd,1985-10-02,1161,,,21,
56,13017,13239100,Fraser Preston,1998-10-01,1161,,,37,
56,13017,2919,Joe Wildsmith,1995-12-28,462,,,28,
56,13017,20716660,Jack Lee,1998-12-09,462,,,41,
56,13017,23707294,Liam Shaw,2001-03-12,462,,,43,
56,13017,1394,Rolando Aarons,1995-11-16,1640,,,39,
56,13017,2912,Kieran Lee,1988-06-22,462,,,5,
56,13017,666,David Jones,1984-11-04,462,,,3,
56,13017,23660713,Isaac Rice,2000-09-30,462,,,33,
56,13017,2886,Sam Hutchinson,1989-08-03,462,,,23,
56,13017,24200,Joey Pelupessy,1993-05-15,38,,,8,
56,13017,7069,Achraf Lazaar,1992-01-22,1424,,,38,
56,13017,6199,Dominic Iorfa,1995-06-24,462,,,27,
56,13017,2349,Tom Lees,1990-11-28,462,,,15,
56,13017,1708,Joshua Onomah,1997-04-27,462,,,7,
56,13017,2227,Fernando Forestieri,1990-01-15,251,,,45,
56,13017,340,Barry Bannan,1989-12-01,1161,,,10,
56,13017,3384,Michael Hector,1992-07-19,1640,,,34,
56,13017,473,Steven Fletcher,1987-03-26,1161,,,9,
56,13017,2663,Adam Reach,1993-02-03,462,,,20,
56,13017,1122,Gary Hooper,1988-01-26,462,,,14,
56,13017,2917,Marco Matias,1989-05-10,20,,,19,
56,13017,5791,Cameron Dawson,1995-07-07,462,,,25,
56,13017,2905,Morgan Fox,1993-09-21,515,,,6,
56,13017,2889,Lucas João,1993-09-04,911,,,18,
56,13017,3396,Sam Winnall,1991-01-19,462,,,11,
56,13017,10817,Matt Penney,1998-02-11,462,,,42,
56,13017,19825,Jordan Thorniley,1996-11-24,462,,,12,
63,13017,10831,Ryan Yates ,1997-11-21,462,,,22,
63,13017,16827159,Arvin Appiah,2001-01-05,462,,,43,
63,13017,1640,Tendayi Darikwa ,1991-12-13,2325,,,27,
63,13017,784,Jack Colback,1989-10-24,462,,,6,
63,13017,1928,Sam Byram,1993-09-16,462,,,25,
63,13017,1162,Claudio Yacob,1987-07-18,44,,,24,
63,13017,682,Adlène Guédioura,1985-11-12,614,,,5,
63,13017,259,Michael Dawson,1983-11-18,462,,,20,
63,13017,6590,Jordan Smith,1994-12-08,462,,,12,
63,13017,1235,Liam Bridcutt,1989-05-08,1161,,,26,
63,13017,107191,Panagiotis Tachtsidis,1991-02-15,125,,,34,
63,13017,160116,Léo Bonatini,1994-03-28,5,,,33,
63,13017,522,Ben Watson,1985-07-09,462,,,8,
63,13017,1215,Costel Pantilimon,1987-02-01,155,,,1,
63,13017,1381,Danny Fox,1986-05-29,1161,,,4,
63,13017,97387,Gil Dias,1996-09-28,20,,,31,
63,13017,159997,Tobias Figueiredo,1994-02-02,20,,,3,
63,13017,1022,Jack Robinson,1993-09-01,462,,,18,
63,13017,6524,Matty Cash,1997-08-07,2,,,14,
63,13017,3230,Ben Osborn,1994-08-05,462,,,11,
63,13017,73550,El Arbi Hillel Soudani,1987-11-25,614,,,2,
63,13017,161308,João Carvalho,1997-03-09,20,,,10,
63,13017,3041,Joe Lolley,1992-08-25,462,,,23,
63,13017,1118,Lewis Grabban,1988-01-12,462,,,7,
63,13017,57,Daryl Murphy,1983-03-15,455,,,9,
63,13017,109126,Karim Ansarifard,1990-04-03,488,,,37,
63,13017,95304,Molla Wagué,1991-02-21,26,,,13,
63,13017,6495,Saidy Janko,1995-10-22,2507,,,21,
63,13017,2017,Luke Steele,1984-09-24,462,,,15,
63,13017,158447,Pelé,1991-09-29,1707,,,28,
63,13017,32470,Alexander Milošević,1992-01-30,47,,,17,
63,13017,162177,Diogo Gonçalves,1997-02-06,20,,,19,
63,13017,1190,Yohan Benalouane,1987-03-28,1439,,,29,
63,13017,3336,Michael Hefele,1990-09-01,11,,,44,
64,13017,2821,Shane Ferguson,1991-07-12,491,,,11,
64,13017,2538510,Lewis White,1999-05-03,462,,,37,
64,13017,2940,Jiri Skalak,1992-03-12,245,,,26,
64,13017,3544,David Martin,1986-01-22,462,,,16,
64,13017,5127,Connor McLaughlin,1991-07-26,491,,,2,
64,13017,1091,Alex Pearce,1988-11-09,455,,,15,
64,13017,6039,Fred Onyedinma,1996-11-24,716,,,10,
64,13017,883,Ben Amos,1990-04-10,462,,,13,
64,13017,2408,Jem Karacan,1989-02-21,404,,,21,
64,13017,523934,James Brown,1998-01-12,2756,,,27,
64,13017,34492317,Billy Mitchell,2001-04-07,462,,,42,
64,13017,20708618,Jesse Debrah,2001-05-01,462,,,35,
64,13017,29696558,George Alexander,2000-10-14,462,,,50,
64,13017,2538509,Danny McNamara,1998-12-27,462,,,32,
64,13017,4551,Jordan Archer,1993-04-12,1161,,,1,
64,13017,3398,Tom Bradshaw,1992-07-27,515,,,14,
64,13017,5531,Aiden O'Brien,1993-10-04,455,,,22,
64,13017,3247,Shaun Hutchinson,1990-11-23,462,,,4,
64,13017,3166,Shaun Williams,1986-10-19,455,,,6,
64,13017,2256,Ben Marshall,1991-03-29,462,,,44,
64,13017,5971,Jake Cooper,1995-02-03,462,,,5,
64,13017,8404,James Meredith,1988-04-05,98,,,3,
64,13017,6028,George Saville,1993-06-01,491,,,23,
64,13017,9593,Tom Elliott,1990-11-09,462,,,19,
64,13017,6182,Jed Wallace,1994-03-26,462,,,7,
64,13017,7292,Ben Thompson,1995-10-03,462,,,8,
64,13017,869,Steve Morison,1983-08-29,515,,,20,
64,13017,2625,Ryan Tunnicliffe,1992-12-30,462,,,18,
64,13017,3096,Murray Wallace,1993-01-10,1161,,,25,
64,13017,3170,L. Gregory,1988-08-26,462,,,9,
64,13017,9483,Mahlon Romeo,1995-09-19,137919,,,12,
64,13017,3205,B. Webster,1987-03-31,462,,,17,
64,13017,5173,Ryan Leonard,1992-05-24,462,,,28,
71,13017,4234,Pavel Kucera,1993-10-27,462,,,27,
71,13017,4219,Lewis Baker,1995-04-25,462,,,34,
71,13017,20694519,Jamie Shackleton ,1999-10-08,462,,,46,
71,13017,4969680,Ryan Edmondson,2001-05-20,462,,,39,
71,13017,2511221,Conor Shaughnessy,1996-06-30,455,,,35,
71,13017,1716,Adam Forshaw,1991-10-08,462,,,4,
71,13017,537591,Oriol Rey,1998-02-25,32,,,49,
71,13017,157854,Kamil Miazek,1996-08-15,2,,,51,
71,13017,185653,Kiko Casilla,1986-10-02,32,,,33,
71,13017,4461,Isaiah Brown,1997-01-07,462,,,37,
71,13017,29478,Pascal Struijk,1999-08-11,556,,,50,
71,13017,9939186,Mateusz Bogusz,2001-08-22,2,,,58,
71,13017,3861342,Jordan Stevens,2000-03-25,462,,,48,
71,13017,27824276,Robbie Gotts,1999-11-09,462,,,53,
71,13017,6970,Pontus Jansson,1991-02-13,47,,,18,
71,13017,25063,Mateusz Klich,1990-06-13,2,,,43,
71,13017,21762795,William Huffer,1998-10-30,462,,,13,
71,13017,186637,Samu Saiz,1991-01-22,32,,,14,
71,13017,3354,Kalvin Phillips ,1995-12-02,462,,,23,
71,13017,3158,Luke Ayling,1991-08-25,462,,,2,
71,13017,2818,Stuart Dallas,1991-04-19,491,,,15,
71,13017,4527,Tyler Roberts,1999-01-12,515,,,11,
71,13017,197870,Ezgjan Alioski,1992-02-12,57142,,,10,
71,13017,10310764,Tom Pearce,1998-04-12,462,,,20,
71,13017,3344,Liam Cooper,1991-08-30,1161,,,6,
71,13017,4561,Kemar Roofe,1993-01-06,1640,,,7,
71,13017,155323,B. Douglas,1989-09-04,1161,,,3,
71,13017,10310765,Jack Clarke,2000-11-23,462,,,47,
71,13017,25567988,Leif Davis,1999-12-31,462,,,40,
71,13017,1267,Pablo Hernández,1985-04-11,32,,,19,
71,13017,6656,Bailey Peacock-Farrell,1996-10-29,491,,,1,
71,13017,92052,Aapo Halme,1998-05-22,1233,,,52,
71,13017,262274,Jack Harrison,1996-11-20,462,,,22,
71,13017,1175,Patrick Bamford,1993-09-05,462,,,9,
71,13017,3216,Gaetano Berardi,1988-08-21,62,,,28,
99,13017,8420,Brad Potts,1994-07-03,462,,,44,
99,13017,6591,Darnell Fisher,1994-04-04,462,,,2,
99,13017,12394527,Adam O'Reilly,2001-05-11,455,,,32,
99,13017,6634,Ben Pearson,1995-01-04,462,,,4,
99,13017,2538511,Josh Earl,1998-10-24,462,,,3,
99,13017,1269,Graham Burke,1993-09-21,455,,,19,
99,13017,963,Declan Rudd,1991-01-16,462,,,1,
99,13017,2334,Calum Woods,1987-02-05,462,,,15,
99,13017,7885,Daryl Horgan ,1992-08-10,455,,,17,
99,13017,4281,Ryan Ledson ,1997-08-19,462,,,18,
99,13017,6557,Chris Maxwell,1990-07-30,515,,,22,
99,13017,3455,Daniel Johnson,1992-10-08,1640,,,11,
99,13017,19290039,Jack Baxter,2000-10-27,462,,,30,
99,13017,5745,Michael Crowe,1995-11-13,515,,,13,
99,13017,488067,Connor Simpson,2000-01-24,462,,,27,
99,13017,2797,Connor Ripley,1993-02-13,462,,,25,
99,13017,12543,Jordan Storey,1997-09-02,462,,,14,
99,13017,12404,Sean Maguire ,1994-05-01,455,,,24,
99,13017,5727,Jayden Stockley,1993-09-15,462,,,20,
99,13017,537991,Josh Harrop,1995-12-15,462,,,10,
99,13017,9522,Andrew Hughes,1992-06-05,515,,,16,
99,13017,250,Paul Gallagher,1984-09-08,1161,,,12,
99,13017,9599,Josh Ginnelly,1997-03-24,462,,,17,
99,13017,27441520,Ethan Walker,2002-07-28,462,,,33,
99,13017,3449,Alan Browne,1995-04-15,455,,,8,
99,13017,6285,Ben Davies,1995-08-11,462,,,6,
99,13017,8842,Joe Rafferty,1993-10-06,455,,,15,
99,13017,3851,L. Moult,1992-05-14,462,,,9,
99,13017,537217,Lukas Nmecha,1998-12-14,11,,,45,
99,13017,3287,Paul Huntington,1987-09-17,462,,,23,
99,13017,3530,Callum Robinson,1995-02-02,455,,,7,
99,13017,5598,Tom Barkhuizen,1993-07-04,462,,,29,
99,13017,3467,Tom Clarke,1987-12-21,462,,,5,
99,13017,4335,Brandon Barker,1996-10-04,462,,,21,
116,13017,32386285,Idris El Mizouni,2000-09-26,1439,,,42,
116,13017,7954,Tristan Nydam,1999-11-06,462,,,16,
116,13017,8748,Gwion Edwards,1993-03-01,515,,,7,
116,13017,2848,Teddy Bishop ,1996-07-15,462,,,15,
116,13017,2338,Simon Dawkins,1987-12-01,1640,,,49,
116,13017,4403,Janoi Donacien,1993-11-03,12095,,,2,
116,13017,11502,Jordan Roberts,1994-01-05,462,,,19,
116,13017,2816063,Luke Woolfenden,1998-10-21,462,,,32,
116,13017,2854,Bartosz Białkowski,1987-07-06,2,,,33,
116,13017,7878,Ben Morris,1999-07-06,462,,,35,
116,13017,3368,Grant Ward,1994-12-05,462,,,18,
116,13017,823,Jonathan Walters,1983-09-20,455,,,39,
116,13017,7606,Danny Rowe,1992-03-09,462,,,17,
116,13017,5913,Emyr Huws,1993-09-30,515,,,44,
116,13017,3320,Callum Elder,1995-01-27,98,,,25,
116,13017,7387315,Harry Wright,1998-11-03,462,,,29,
116,13017,6513,James Bree,1997-12-11,462,,,41,
116,13017,34898462,Kai Brown,2001-04-16,462,,,48,
116,13017,32796802,Corrie Ndaba,1999-12-25,455,,,47,
116,13017,4323,Will Keane,1993-01-11,462,,,14,
116,13017,6215,Josh Emmanuel,1997-08-18,462,,,27,
116,13017,6329,Myles Kenlock,1996-11-26,462,,,30,
116,13017,2465,Luke Chambers,1985-09-28,462,,,4,
116,13017,518749,Flynn Downes,1999-01-20,462,,,21,
116,13017,4292,Matthew Pennington,1994-10-06,462,,,5,
116,13017,8031,Collin Quaner,1991-06-18,11,,,45,
116,13017,9500,Jon Nolan,1992-04-22,462,,,11,
116,13017,12483,Kayden Jackson,1994-02-22,462,,,9,
116,13017,3855,Toto Nsiala,1992-03-25,1320,,,22,
116,13017,538,James Collins,1983-08-23,515,,,39,
116,13017,23717755,Jack Lankester,2000-01-19,462,,,36,
116,13017,2569,Jordan Spence,1990-05-24,462,,,12,
116,13017,2609,Dean Gerken,1985-05-22,462,,,1,
116,13017,8028,Ellis Harrison,1994-01-29,515,,,10,
116,13017,2571,Cole Skuse,1986-03-29,462,,,8,
116,13017,6218,Jonas Knudsen,1992-09-16,320,,,3,
116,13017,6009,Jordan Graham,1995-03-05,462,,,14,
116,13017,6604,Andre Dozzell,1999-05-02,462,,,23,
116,13017,537117,Trevoh Chalobah,1999-07-05,462,,,6,
116,13017,158,Freddie Sears,1989-11-27,462,,,20,
116,13017,2996,Tayo Edun,1998-05-14,462,,,25,
116,13017,2814,Alan Judge,1988-11-11,455,,,31,
122,13017,868,Nathan Baker,1991-04-23,462,,,6,
122,13017,3160,Joe Bryan,1993-09-17,462,,,3,
122,13017,4421,Korey Smith,1991-01-31,462,,,7,
122,13017,3167,Jamie Paterson,1991-12-20,462,,,20,
122,13017,2958,Niki Mäenpää,1985-01-23,1233,,,33,
122,13017,2960,Tomas Kalas,1993-05-15,245,,,22,
122,13017,15722,Joe Morrell,1997-01-03,515,,,28,
122,13017,338959,Joseph Wollacott,1996-09-08,468,,,30,
122,13017,36507,Stefan Marinović,1991-10-07,2817,,,34,
122,13017,6943,Taylor Moore,1997-05-12,462,,,23,
122,13017,7804,Jens Hegeler,1988-01-22,11,,,13,
122,13017,6504,Adam Webster,1995-01-04,462,,,4,
122,13017,2612,Frank Fielding,1988-04-04,462,,,1,
122,13017,10990678,Antoine Semenyo,2000-01-07,468,,,18,
122,13017,3142,Marlon Pack ,1991-03-25,462,,,21,
122,13017,3372,Marley Watkins,1990-10-17,515,,,15,
122,13017,13482,Liam Walsh,1997-09-15,462,,,12,
122,13017,10496,Jay Dasilva,1998-04-22,462,,,3,
122,13017,2318,Jack Hunt ,1990-12-06,462,,,32,
122,13017,128981,Eros Pisano,1987-03-31,251,,,2,
122,13017,3143,Josh Brownhill,1995-12-19,462,,,8,
122,13017,3145,Callum O'Dowda,1995-04-23,455,,,11,
122,13017,7655,Lloyd Kelly,1998-10-06,462,,,17,
122,13017,3267,Kasey Palmer,1996-11-09,1640,,,45,
122,13017,3177,Max O'Leary,1996-10-10,462,,,24,
122,13017,7998,M. Taylor,1990-03-30,462,,,10,
122,13017,96657,Famara Diédhiou,1992-12-15,200,,,9,
122,13017,191003,Niclas Eliasson,1995-12-07,47,,,19,
122,13017,3469,Bailey Wright,1992-07-28,98,,,5,
122,13017,339,Andreas Weimann,1991-08-05,143,,,14,
122,13017,2206679,Mo Eisa,1994-07-12,56518,,,40,
122,13017,8872,Hakeeb Adelakun,1996-06-11,462,,,16,
138,13017,2232,Lewis Price,1984-07-19,515,,,12,
138,13017,3058,Matt Crooks,1994-01-20,462,,,17,
138,13017,6377,Jerry Yates,1996-11-10,462,,,21,
138,13017,23661265,Tyrone Lewthwaite,2000-12-18,491,,,34,
138,13017,4533,Manny Onariase,1996-10-21,462,,,29,
138,13017,28536161,Jake Cooper,2001-01-02,462,,,35,
138,13017,3169763,Akeem Hinds,1998-11-26,462,,,31,
138,13017,3169765,Joshua Kayode,2000-05-04,455,,,32,
138,13017,7044,Laurence Bilboe,1998-02-21,462,,,30,
138,13017,7640,Ryan Manning ,1996-06-14,455,,,17,
138,13017,3549,Darren Potter,1984-12-21,455,,,16,
138,13017,9207,Michael Ihiekwe,1992-11-20,462,,,20,
138,13017,6351,Marek Rodák,1996-12-13,401,,,1,
138,13017,1143,Billy Jones,1987-03-24,462,,,28,
138,13017,2620,David Ball,1989-12-14,462,,,10,
138,13017,2781,Joe Newell,1993-03-15,462,,,22,
138,13017,8839,K. Vassell,1993-02-07,491,,,19,
138,13017,5377,Jamie Proctor,1992-03-25,462,,,9,
138,13017,2651,Joe Mattock,1990-05-15,462,,,3,
138,13017,9306,Clark Robertson,1993-09-05,1161,,,15,
138,13017,3066,Semi Ajayi,1993-11-09,716,,,5,
138,13017,2496,Ryan Williams,1993-10-28,98,,,23,
138,13017,6565,Jon Taylor,1992-07-20,462,,,11,
138,13017,6559,Will Vaulks ,1993-09-13,515,,,4,
138,13017,1872650,Ben Wiles,1999-04-17,462,,,25,
138,13017,1949,Richard Wood,1985-07-05,462,,,6,
138,13017,7250,Zak Vyner,1997-05-14,462,,,2,
138,13017,2928,Richie Towell,1991-07-17,455,,,13,
138,13017,2355,A. Forde,1993-11-16,455,,,7,
138,13017,2770,Michael Smith,1991-10-17,462,,,24,
138,13017,14830,Sean Raggett,1994-01-25,462,,,26,
138,13017,6529,Matt Palmer ,1995-02-27,462,,,8,
236,13017,581113,Marcus Forss,1999-06-18,1233,,,33,
236,13017,3301,Daniel Bentley,1993-07-13,462,,,1,
236,13017,3318,Josh Clarke,1995-07-05,462,,,20,
236,13017,1478,Luke Daniels,1988-01-05,462,,,28,
236,13017,432256,Jaakko Oksanen,2000-11-07,1233,,,36,
236,13017,84594,Mads Bech Sørensen,1999-01-07,320,,,34,
236,13017,7965,Reece Cole,1998-02-17,462,,,32,
236,13017,10899,Canice Carroll,1999-01-26,455,,,35,
236,13017,537066,Nikolaj Kirk,1998-03-19,320,,,37,
236,13017,7306,Ellery Balcombe,1999-10-15,462,,,25,
236,13017,28571312,Jan Zamburek,2001-02-13,245,,,39,
236,13017,176079,Theo Archibald,1998-03-05,1161,,,40,
236,13017,3365,Tom Field,1997-03-14,462,,,30,
236,13017,523963,Luka Racic,1999-05-08,320,,,32,
236,13017,3317,Ryan Woods,1993-12-13,462,,,15,
236,13017,122090,Chiedozie Ogbene,1997-05-01,455,,,24,
236,13017,7124,Ezri Konsa,1997-10-23,462,,,26,
236,13017,2814,Alan Judge,1988-11-11,455,,,18,
236,13017,2828,Moses Odubajo,1993-07-28,462,,,2,
236,13017,96426,Saïd Benrahma,1995-08-10,614,,,21,
236,13017,5007,Sergi Canós ,1997-02-02,32,,,7,
236,13017,527450,Patrik Gunnarsson,2000-11-15,1796,,,13,
236,13017,6224,Yoann Barbet,1993-05-10,17,,,29,
236,13017,95776,Neal Maupay,1996-08-14,17,,,9,
236,13017,2924,Nico Yennaris,1993-05-24,5618,,,8,
236,13017,339093,Josh Dasilva,1998-10-23,462,,,14,
236,13017,2833,Lewis MacLeod,1994-06-16,1161,,,4,
236,13017,62855,Henrik Dalsgaard,1989-07-27,320,,,22,
236,13017,12145,Ollie Watkins,1995-12-30,462,,,11,
236,13017,62546,J. Jeanvier,1992-03-31,1703,,,23,
236,13017,1308,Josh McEachran,1993-03-01,462,,,10,
236,13017,3306,R. Sawyers,1991-11-02,160047,,,19,
236,13017,339083,Chris Mepham,1997-11-05,515,,,6,
236,13017,24310,Islom Ismoilov,1991-03-11,146,,,12,
236,13017,83927,Emiliano Marcondes,1995-03-09,320,,,17,
236,13017,7993,Rico Henry,1997-07-08,462,,,3,
1,12962,717,J. Wilshere,1992-01-01,462,,,19,
1,12962,870,Robert Snodgrass,1987-09-07,1161,,,11,
1,12962,581199,Ben Johnson,2000-01-24,462,,,53,
1,12962,1941,Arthur Masuaku,1993-11-07,1320,,,26,
1,12962,204697,Andriy Yarmolenko,1989-10-23,86,,,20,
1,12962,237,Pablo Zabaleta,1985-01-16,44,,,5,
1,12962,337588,Grady Diangana,1998-04-19,462,,,45,
1,12962,1261,Aaron Cresswell,1989-12-15,462,,,3,
1,12962,1043,Carlos Sánchez,1986-02-06,353,,,15,
1,12962,4801,Lucas Pérez,1988-09-10,32,,,27,
1,12962,581197,Conor Coventry,2000-03-25,455,,,54,
1,12962,581125,Joe Powell,1998-10-30,462,,,50,
1,12962,160336,Xande Silva,1997-03-16,20,,,32,
1,12962,746,Andy Carroll,1989-01-06,462,,,9,
1,12962,1251,Adrián,1987-01-03,32,,,13,
1,12962,1517,Pedro Obiang,1992-03-27,211975,,,14,
1,12962,1416,Raphael Duarte,1988-05-23,251,,,21,
1,12962,129017,Nathan Holland,1998-06-19,462,,,37,
1,12962,5273,Declan Rice,1999-01-14,462,,,41,
1,12962,1922,Michail Antonio,1990-03-28,1640,,,30,
1,12962,733,Lukasz Fabianski ,1985-04-18,2,,,1,
1,12962,1452,Manuel Lanzini,1993-02-15,44,,,10,
1,12962,219591,Fabián Balbuena,1991-08-23,1190,,,4,
1,12962,4371,Kazım Nas,1992-10-10,462,,,24,
1,12962,96799,Issa Diop,1997-01-09,1424,,,23,
1,12962,1139,Marko Arnautovic,1989-04-19,143,,,7,
1,12962,736,Javier Hernández Balcázar,1988-06-01,458,,,17,
1,12962,45,Samir Nasri,1987-06-26,17,,,18,
1,12962,156,Mark Noble,1987-05-08,462,,,16,
1,12962,129454,Felipe Anderson,1993-04-15,5,,,8,
6,12962,10680,Luke Amos ,1997-02-23,462,,,40,
6,12962,1632,Fernando Llorente,1985-02-26,32,,,18,
6,12962,1411,Paulo Gazzaniga,1992-01-02,44,,,22,
6,12962,1271,Danny Rose,1990-07-02,462,,,3,
6,12962,4913,Georges-Kevin N'Koudou,1995-02-13,593,,,14,
6,12962,941,Erik Lamela,1992-03-04,44,,,11,
6,12962,1172,Victor Wanyama,1991-06-25,1179,,,12,
6,12962,1690,Vincent Janssen,1994-06-15,38,,,9,
6,12962,1016,Kieran Trippier,1990-09-19,462,,,2,
6,12962,540459,Kazaiah Sterling,1998-11-09,462,,,50,
6,12962,977,Michel Vorm,1983-10-20,38,,,13,
6,12962,1014,Hugo Lloris,1986-12-26,17,,,1,
6,12962,95094,Serge Aurier,1992-12-24,23,,,24,
6,12962,340346,Alfie Whiteman,1998-10-02,462,,,41,
6,12962,540103,Timothy Eyoma,2000-01-29,462,,,53,
6,12962,540085,George Marsh,1998-11-05,462,,,47,
6,12962,916,Eric Dier,1994-01-15,462,,,15,
6,12962,922,Dele Alli,1996-04-11,462,,,20,
6,12962,95998,Lucas Moura ,1992-08-13,5,,,27,
6,12962,4659,Kyle Walker-Peters,1997-04-13,462,,,16,
6,12962,915,Jan Vertonghen,1987-04-24,556,,,5,
6,12962,852,Mousa Dembélé,1987-07-16,556,,,19,
6,12962,1711,Harry Winks,1996-02-02,462,,,8,
6,12962,335705,Juan Foyth,1998-01-12,44,,,21,
6,12962,26294,Davinson Sánchez,1996-06-12,353,,,6,
6,12962,4313,Heung-min Son ,1992-07-08,712,,,7,
6,12962,989,Ben Davies,1993-04-24,515,,,33,
6,12962,1380,Moussa Sissoko,1989-08-16,17,,,17,
6,12962,992,Christian Eriksen,1992-02-14,320,,,23,
6,12962,540579,Oliver Skipp,2000-09-16,462,,,52,
6,12962,988,Toby Alderweireld,1989-03-02,556,,,4,
6,12962,997,Harry Kane ,1993-07-28,462,,,10,
8,12962,4817,Loris Karius,1993-06-22,11,,,1,
8,12962,850,Alex Oxlade-Chamberlain,1993-08-15,462,,,21,
8,12962,633,Simon Mignolet,1988-03-06,556,,,22,
8,12962,1471,Alberto Moreno,1992-07-05,32,,,18,
8,12962,4545523,Rafael Camacho,2000-05-22,20,,,64,
8,12962,4545513,Curtis Jones,2001-01-30,462,,,48,
8,12962,1453,Joe Gomez ,1997-05-23,462,,,12,
8,12962,323,Jordan Henderson ,1990-06-17,462,,,14,
8,12962,1078,Andrew Robertson,1994-03-11,1161,,,26,
8,12962,96099,Fabinho,1993-10-23,5,,,3,
8,12962,129820,Alisson,1992-10-02,5,,,13,
8,12962,1461,Roberto Firmino,1991-10-02,5,,,9,
8,12962,1168,Dejan Lovren,1989-07-05,266,,,6,
8,12962,1365,Georginio Wijnaldum,1990-11-11,38,,,5,
8,12962,622,Daniel Sturridge,1989-09-01,462,,,15,
8,12962,1917,Trent Alexander-Arnold,1998-10-07,462,,,66,
8,12962,1743,Virgil van Dijk ,1991-07-08,38,,,4,
8,12962,1202,Nathaniel Clyne,1991-04-05,462,,,2,
8,12962,1389,Sadio Mané,1992-04-10,200,,,10,
8,12962,1149,Adam Lallana,1988-05-10,462,,,20,
8,12962,1472,Divock Origi,1995-04-18,556,,,27,
8,12962,1714,Xherdan Shaqiri  ,1991-10-10,62,,,23,
8,12962,1920,Joël Matip,1991-08-08,593,,,32,
8,12962,197,James Milner,1986-01-04,462,,,7,
8,12962,32640,Naby Keïta,1995-02-10,1703,,,8,
8,12962,4125,Mohamed Salah,1992-06-15,886,,,11,
9,12962,336133,Phil Foden,2000-05-28,462,,,47,
9,12962,96353,Bernardo Silva,1994-08-10,20,,,20,
9,12962,96183,Benjamin Mendy,1994-07-17,17,,,22,
9,12962,159142,Ederson,1993-08-17,5,,,31,
9,12962,538038,Arijanet Murić,1998-11-07,122,,,49,
9,12962,4792,Claudio Bravo,1983-04-13,80,,,1,
9,12962,1822,Nicolás Otamendi,1988-02-12,44,,,30,
9,12962,25739,Philippe Sandler,1997-02-10,38,,,34,
9,12962,186299,Aymeric Laporte,1994-05-27,32,,,14,
9,12962,166,Fabian Delph,1989-11-21,462,,,18,
9,12962,911,Kyle Walker,1990-05-28,462,,,2,
9,12962,236,Vincent Kompany,1986-04-10,556,,,4,
9,12962,982,John Stones,1994-05-28,462,,,5,
9,12962,26603,Oleksandr Zinchenko,1996-12-15,86,,,35,
9,12962,1408,Fernandinho,1985-05-04,5,,,25,
9,12962,971,Riyad Mahrez,1991-02-21,614,,,26,
9,12962,1371,Kevin De Bruyne,1991-06-28,556,,,17,
9,12962,4783,Leroy Sané,1996-01-11,11,,,19,
9,12962,1359,Sergio Agüero,1988-06-02,44,,,10,
9,12962,159208,Danilo,1991-07-15,5,,,3,
9,12962,294,David Silva,1986-01-08,32,,,21,
9,12962,4842,İlkay Gündoğan,1990-10-24,11,,,8,
9,12962,802,Raheem Sterling,1994-12-08,462,,,7,
9,12962,5329,Gabriel Jesus,1997-04-03,5,,,33,
11,12962,2945,Denis Odoi,1988-05-27,468,,,4,
11,12962,186187,Sergio Rico,1993-09-01,32,,,25,
11,12962,1840,K. McDonald,1988-11-04,1161,,,6,
11,12962,96804,Frank Anguissa,1995-11-16,593,,,29,
11,12962,6853,Neeskens Kebano,1992-03-10,1320,,,7,
11,12962,3160,Joe Bryan,1993-09-17,462,,,23,
11,12962,3268,Marcus Bettinelli,1992-05-24,462,,,1,
11,12962,4943,Alfie Mawson,1994-01-19,462,,,26,
11,12962,1494715,Steven Sessegnon,2000-05-18,462,,,43,
11,12962,2970,Floyd Ayité,1988-12-15,3039,,,11,
11,12962,2454,Tim Ream,1987-10-05,3483,,,13,
11,12962,96516,Maxime Le Marchand,1989-10-11,17,,,20,
11,12962,185866,Fabri,1987-12-31,32,,,31,
11,12962,8333,Luca de la Torre,1998-05-23,3483,,,36,
11,12962,23269836,Harvey Elliott,2003-04-04,462,,,56,
11,12962,61694,Ibrahima Cisse,1994-02-28,1703,,,44,
11,12962,2285,Tom Cairney  ,1991-01-20,1161,,,10,
11,12962,1372,Andre Schürrle,1990-11-06,11,,,14,
11,12962,489,Ryan Babel,1986-12-19,38,,,12,
11,12962,4101,Lazar Markovic,1994-03-02,296,,,30,
11,12962,186488,Luciano Vietto,1993-12-05,44,,,19,
11,12962,6610,Ryan Sessegnon,2000-05-18,462,,,3,
11,12962,63093,Aboubakar Kamara,1995-03-07,2493,,,47,
11,12962,2306,Cyrus Christie,1992-09-30,455,,,22,
11,12962,1177,Calum Chambers ,1995-01-20,462,,,5,
11,12962,1931,Håvard Nordtveit,1990-06-21,1578,,,16,
11,12962,96518,Jean Michaël Seri,1991-07-19,23,,,24,
11,12962,1366,Aleksandar Mitrović,1994-09-16,296,,,9,
11,12962,7007,Stefan Johansen,1991-01-08,1578,,,8,
11,12962,4601,Timothy Fosu-Mensah,1998-01-02,38,,,21,
13,12962,1692,Mason Holgate,1996-10-22,462,,,2,
13,12962,5013,Jonjoe Kenny,1997-03-15,462,,,43,
13,12962,4892,Kieran Dowell,1997-10-10,462,,,28,
13,12962,1297,Tyias Browning,1994-05-27,462,,,35,
13,12962,526,James McCarthy,1990-11-12,455,,,16,
13,12962,1826,Jordan Pickford,1994-03-07,462,,,1,
13,12962,186474,Sandro Ramírez,1995-07-09,32,,,9,
13,12962,4607,Oumar Niasse,1990-04-18,200,,,19,
13,12962,1072,Maarten Stekelenburg,1982-09-22,38,,,22,
13,12962,1706,Tom Davies,1998-06-30,462,,,26,
13,12962,764,Séamus Coleman,1988-10-11,455,,,23,
13,12962,967,Morgan Schneiderlin,1989-11-08,17,,,18,
13,12962,390,Leighton Baines,1984-12-11,462,,,3,
13,12962,95368,Lucas Digne,1993-07-20,17,,,12,
13,12962,1316,Kurt Zouma,1994-10-27,17,,,5,
13,12962,1030,Idrissa Gueye,1989-09-26,200,,,17,
13,12962,220040,Yerry Mina ,1994-09-23,353,,,13,
13,12962,814,Gylfi Sigurdsson,1989-09-08,1796,,,10,
13,12962,205595,Bernard,1992-09-08,5,,,20,
13,12962,219633,Richarlison,1997-05-10,5,,,30,
13,12962,53,Theo Walcott,1989-03-16,462,,,11,
13,12962,881,Michael Keane,1993-01-11,462,,,4,
13,12962,45863,Cenk Tosun,1991-06-07,404,,,14,
13,12962,32,Phil Jagielka,1982-08-17,462,,,6,
13,12962,159372,André Gomes,1993-07-30,20,,,8,
13,12962,5321,Ademola Lookman,1997-10-20,716,,,31,
13,12962,5141,Dominic Calvert-Lewin,1997-03-16,462,,,29,
14,12962,933,Matteo Darmian,1989-12-02,251,,,36,
14,12962,820,Jesse Lingard,1992-12-15,462,,,14,
14,12962,608285,Angel Gomes,2000-08-31,462,,,47,
14,12962,20333643,Mason Greenwood,2001-10-01,462,,,54,
14,12962,1992,Paul Pogba,1993-03-15,17,,,6,
14,12962,164061,Diogo Dalot,1999-03-18,20,,,20,
14,12962,1335,Nemanja Matić,1988-08-01,296,,,31,
14,12962,945,Sergio Romero,1987-02-22,44,,,22,
14,12962,4536524,James Garner,2001-03-13,462,,,37,
14,12962,1494236,Tahith Chong,1999-12-04,7437,,,44,
14,12962,1947,Lee Grant,1983-01-27,462,,,13,
14,12962,824,Ander Herrera,1989-08-14,32,,,21,
14,12962,1829,Anthony Martial,1995-12-05,17,,,11,
14,12962,747,Chris Smalling,1989-11-22,462,,,12,
14,12962,165,Ashley Young,1985-07-09,462,,,18,
14,12962,846,Juan Mata,1988-04-28,32,,,8,
14,12962,455376,Scott McTominay ,1996-12-08,1161,,,39,
14,12962,420,Marouane Fellaini,1987-11-22,556,,,27,
14,12962,1878,Marcus Rashford,1997-10-31,462,,,10,
14,12962,160206,Victor Lindelöf,1994-07-17,47,,,2,
14,12962,995,Romelu Lukaku,1993-05-13,556,,,9,
14,12962,1876,Marcos Rojo,1990-03-20,44,,,16,
14,12962,955,Luke Shaw,1995-07-12,462,,,23,
14,12962,1004,Andreas Pereira,1996-01-01,5,,,15,
14,12962,832,David de Gea ,1990-11-07,32,,,1,
14,12962,205411,Fred,1993-03-05,5,,,17,
14,12962,1849,Eric Bailly,1994-04-12,23,,,3,
14,12962,433,Phil Jones,1992-02-21,462,,,4,
14,12962,208,Antonio Valencia,1985-08-04,459,,,25,
14,12962,1300,Alexis Sánchez,1988-12-19,80,,,7,
18,12962,4460,Andreas Christensen,1996-04-10,320,,,27,
18,12962,921,Danny Drinkwater,1990-03-05,462,,,6,
18,12962,1440,Willy Caballero,1981-09-28,44,,,13,
18,12962,968,Ross Barkley,1993-12-05,462,,,8,
18,12962,510,Cesc Fàbregas,1987-05-04,32,,,4,
18,12962,12542,Ethan Ampadu ,2000-09-14,515,,,44,
18,12962,129501,Gonzalo Higuaín,1987-12-10,44,,,9,
18,12962,1953,Ruben Loftus-Cheek,1996-01-23,462,,,12,
18,12962,4536500,Marc Guéhi,2000-07-13,462,,,53,
18,12962,334,Gary Cahill,1985-12-19,462,,,24,
18,12962,129511,Jorginho,1991-12-20,251,,,5,
18,12962,31837,Antonio Rüdiger,1993-03-03,11,,,2,
18,12962,2875858,Callum Hudson-Odoi,2000-11-07,462,,,20,
18,12962,496,Victor Moses,1990-12-12,716,,,15,
18,12962,1331,Eden Hazard,1991-01-07,556,,,10,
18,12962,129794,Emerson,1994-08-03,251,,,33,
18,12962,1317,Willian,1988-08-09,5,,,22,
18,12962,129660,Álvaro Morata,1992-10-23,32,,,29,
18,12962,73147,Mateo Kovacic,1994-05-06,266,,,17,
18,12962,1193,N'Golo Kanté,1991-03-29,17,,,7,
18,12962,1923,Pedro,1987-07-28,32,,,11,
18,12962,1330,César Azpilicueta,1989-08-28,32,,,28,
18,12962,1128,Marcos Alonso,1990-12-28,32,,,3,
18,12962,129440,Davide Zappacosta,1992-06-11,251,,,21,
18,12962,186606,Kepa Arrizabalaga,1994-10-03,32,,,1,
18,12962,798,Olivier Giroud,1986-09-30,17,,,18,
18,12962,1333,David Luiz,1987-04-22,5,,,30,
19,12962,1494444,Zech Medley,2000-07-09,462,,,47,
19,12962,1887,Granit Xhaka ,1992-09-27,62,,,34,
19,12962,1494447,Joe Willock,1999-08-20,462,,,59,
19,12962,1343,Emiliano Martínez,1992-09-02,44,,,26,
19,12962,1494446,Emile Smith Rowe,2000-07-28,462,,,55,
19,12962,84,Petr Čech,1982-05-20,245,,,1,
19,12962,627,Danny Welbeck,1990-11-26,462,,,23,
19,12962,539961,Eddie Nketiah,1999-05-30,462,,,49,
19,12962,716,Laurent Koscielny,1985-09-10,17,,,6,
19,12962,4439,Denis Suárez,1994-01-06,32,,,22,
19,12962,109417,Konstantinos Mavropanos,1997-12-11,125,,,27,
19,12962,569,Aaron James Ramsey,1990-12-26,515,,,8,
19,12962,4344,Ainsley Maitland-Niles,1997-08-29,462,,,15,
19,12962,94469,Stephan Lichtsteiner,1984-01-16,62,,,12,
19,12962,130022,Lucas Torreira,1996-02-11,158,,,11,
19,12962,31049,Sokratis,1988-06-09,125,,,5,
19,12962,31661,Sead Kolasinac,1993-06-20,507,,,31,
19,12962,16827155,Bukayo Saka,2001-09-05,462,,,87,
19,12962,1835,Henrikh Mkhitaryan,1989-01-21,919,,,7,
19,12962,1430,Mesut Özil,1988-10-15,11,,,10,
19,12962,1303,Nacho Monreal,1986-02-26,32,,,18,
19,12962,95334,Alexandre Lacazette,1991-05-28,17,,,9,
19,12962,1899,Héctor Bellerín,1995-03-19,32,,,2,
19,12962,3817,Shkodran Mustafi,1992-04-17,11,,,20,
19,12962,97087,Mattéo Guendouzi,1999-04-14,17,,,29,
19,12962,1891,Mohamed Elneny,1992-07-11,886,,,4,
19,12962,1881,Alex Iwobi,1996-05-03,716,,,17,
19,12962,808,C. Jenkinson,1992-02-08,462,,,25,
19,12962,31342,Bernd Leno,1992-03-04,11,,,19,
19,12962,31739,Pierre-Emerick Aubameyang,1989-06-18,3662,,,14,
19,12962,1901,Rob Holding,1995-09-20,462,,,16,
20,12962,1397,Karl Darlow,1990-10-08,515,,,26,
20,12962,1396,Ayoze Pérez,1993-07-29,32,,,17,
20,12962,173737,Sean Longstaff,1997-10-30,462,,,36,
20,12962,813,Sung-yueng Ki,1989-01-24,712,,,4,
20,12962,3005,Jamie Sterry,1995-11-21,462,,,25,
20,12962,15470,Callum Roberts,1997-04-14,462,,,37,
20,12962,129900,Antonio Barreca,1995-03-18,251,,,23,
20,12962,3071,Jacob Murphy,1995-02-24,462,,,7,
20,12962,819,Jonjo Shelvey,1992-02-27,462,,,8,
20,12962,19996845,Kell Watts,1999-11-03,462,,,53,
20,12962,22536393,Lewis Cass,2000-02-27,462,,,49,
20,12962,4357,Freddie Woodman,1997-03-04,462,,,41,
20,12962,4317,DeAndre Yedlin,1993-07-09,3483,,,22,
20,12962,1414,Paul Dummett,1991-09-26,515,,,3,
20,12962,257663,Miguel Almirón ,1994-02-10,1190,,,24,
20,12962,493,Mohamed Diamé,1987-06-14,200,,,10,
20,12962,360,Ciaran Clark,1989-09-26,455,,,2,
20,12962,2985,Jamaal Lascelles,1993-11-11,462,,,6,
20,12962,1352,Javier Manquillo,1994-05-05,32,,,19,
20,12962,1651,Salomón Rondón,1989-09-16,275,,,9,
20,12962,32372,Fabian Schär,1991-12-20,62,,,5,
20,12962,1061,Matt Ritchie,1989-09-10,1161,,,11,
20,12962,1015,Christian Atsu,1992-01-10,468,,,30,
20,12962,32391,Yoshinori Muto,1992-07-15,479,,,13,
20,12962,80889,Martin Dúbravka,1989-01-15,401,,,12,
20,12962,4265,Kenedy,1996-02-08,5,,,15,
20,12962,1468,Joselu,1990-03-27,32,,,21,
20,12962,96002,Florian Lejeune,1991-05-20,17,,,20,
20,12962,1310,Federico Fernández,1989-02-21,44,,,18,
20,12962,2954,Isaac Hayden,1995-03-22,462,,,14,
25,12962,1279,Sebastian Prödl,1987-06-21,143,,,5,
25,12962,1758,Miguel Britos,1985-07-17,158,,,3,
25,12962,13477,Ben Wilmot,1999-11-04,462,,,24,
25,12962,187225,Marc Navarro,1995-07-02,32,,,23,
25,12962,1057,Gerard Deulofeu,1994-03-13,32,,,7,
25,12962,1272,Tom Cleverley,1989-08-12,462,,,8,
25,12962,1374,Daryl Janmaat,1989-07-22,38,,,2,
25,12962,1276,Étienne Capoue,1988-07-11,17,,,29,
25,12962,129799,Adalberto Peñaranda,1997-05-31,275,,,17,
25,12962,422,Adrian Mariappa,1986-10-03,1640,,,6,
25,12962,129704,Adam Masina,1994-01-02,1424,,,11,
25,12962,740,Stefano Okaka,1989-08-09,251,,,33,
25,12962,254,Heurelho Gomes,1981-02-15,5,,,1,
25,12962,537,Craig Cathcart,1989-02-06,491,,,15,
25,12962,4765,Christian Kabasele,1991-02-24,556,,,27,
25,12962,2144,Abdoulaye Doucouré,1993-01-01,26,,,16,
25,12962,2225,Nathaniel Chalobah,1994-12-12,462,,,14,
25,12962,1625,Andre Gray,1991-06-26,1640,,,18,
25,12962,5246,Domingos Quina,1999-11-18,20,,,20,
25,12962,4764,Brian Gartland,1991-01-07,44,,,37,
25,12962,185579,Kiko Femenía,1991-02-02,32,,,21,
25,12962,191301,Ken Sema,1993-09-30,47,,,12,
25,12962,1253,José Holebas,1984-06-27,125,,,25,
25,12962,1250,Troy Deeney,1988-06-29,462,,,9,
25,12962,450,Ben Foster,1983-04-03,462,,,26,
25,12962,2332,Will Hughes,1995-04-17,462,,,19,
25,12962,4766,Isaac Success,1996-01-07,716,,,10,
27,12962,1723,Ben Gibson ,1993-01-15,462,,,14,
27,12962,1460,Ben Mee,1989-09-21,462,,,6,
27,12962,1156,Jack Cork,1989-06-25,462,,,4,
27,12962,239,Peter Crouch,1981-01-30,462,,,15,
27,12962,1466,Kevin Long,1990-08-18,455,,,28,
27,12962,4598715,Ali Koiki,1999-08-22,462,,,42,
27,12962,4969703,Josh Benson,1999-12-05,462,,,46,
27,12962,1454,Tom Heaton,1986-04-15,462,,,1,
27,12962,275,Joe Hart,1987-04-19,462,,,20,
27,12962,823,Jonathan Walters,1983-09-20,455,,,19,
27,12962,525,Stephen Ward,1985-08-20,455,,,23,
27,12962,6306101,Anthony Driscoll-Glennon,1999-11-26,462,,,45,
27,12962,3300,Charlie Taylor,1993-09-18,462,,,3,
27,12962,4598726,Dwight McNeil,1999-11-22,1640,,,31,
27,12962,862,Ashley Westwood,1990-04-01,462,,,18,
27,12962,1148,Matej Vydra,1992-05-01,245,,,27,
27,12962,2361,Jeff Hendrick,1992-01-31,455,,,13,
27,12962,505,Sam Vokes,1989-10-21,515,,,9,
27,12962,1639,James Tarkowski,1992-11-19,462,,,5,
27,12962,1611,Johann Berg Guðmunds­son,1990-10-27,1796,,,7,
27,12962,896,Matthew Lowton,1989-06-09,462,,,2,
27,12962,914,Chris Wood,1991-12-07,2817,,,11,
27,12962,1448,Ashley Barnes,1989-10-30,462,,,10,
27,12962,361,Phil Bardsley,1985-06-28,1161,,,26,
27,12962,1101,Toni Astorgano,1992-01-14,455,,,12,
27,12962,244,Aaron Lennon,1987-04-16,462,,,25,
27,12962,4665,Steven Defour,1988-04-15,556,,,16,
29,12962,6201,Kortney Hause,1995-07-16,462,,,30,
29,12962,898,Ryan Bennett,1990-03-06,462,,,5,
29,12962,6339,Bright Enobakhare,1998-02-08,716,,,14,
29,12962,580992,Cameron John,1999-08-24,462,,,47,
29,12962,890,John Ruddy,1986-10-24,462,,,21,
29,12962,7926,Morgan Gibbs-White,2000-01-27,462,,,17,
29,12962,14338473,Ryan Giles,2000-01-26,462,,,23,
29,12962,537514,Rúben Vinagre,1999-04-09,20,,,29,
29,12962,498161,Maximilian Kilman,1997-05-23,462,,,49,
29,12962,12112,Will Norris,1993-08-12,462,,,31,
29,12962,3884,Matt Doherty,1992-01-16,455,,,2,
29,12962,158453,Rui Patrício,1988-02-15,20,,,11,
29,12962,95348,Willy Boly,1991-02-03,17,,,15,
29,12962,62423,Leander Dendoncker,1995-04-15,556,,,32,
29,12962,160116,Léo Bonatini,1994-03-28,5,,,33,
29,12962,4241,Adama Traoré,1996-01-25,32,,,37,
29,12962,7055,Ivan Cavaleiro,1993-10-18,911,,,7,
29,12962,3043,Conor Coady,1993-02-25,462,,,16,
29,12962,186426,Jonny Otto,1994-03-03,32,,,19,
29,12962,7144,Romain Saïss,1990-03-26,1424,,,27,
29,12962,160217,Raúl Jiménez,1991-05-05,458,,,9,
29,12962,159699,Rúben Neves,1997-03-13,20,,,8,
29,12962,96102,João Moutinho,1986-09-08,20,,,28,
29,12962,6563,Hélder Costa,1994-01-12,911,,,10,
29,12962,159917,Diogo Jota,1996-12-04,20,,,18,
42,12962,1191,Juanjo González,1986-04-07,143,,,28,
42,12962,32574,Çağlar Söyüncü,1996-05-23,404,,,4,
42,12962,1601,Ben Chilwell,1996-12-21,462,,,3,
42,12962,169,Kasper Schmeichel,1986-11-05,320,,,1,
42,12962,97600,Fousseni Diabaté,1995-10-18,26,,,27,
42,12962,581060,Josh Knight,1997-09-07,462,,,34,
42,12962,6518,Hamza Dewan Choudhury,1997-10-01,462,,,38,
42,12962,4679,Nampalys Mendy,1992-06-23,200,,,24,
42,12962,1027,Danny Simpson,1987-01-04,462,,,2,
42,12962,10601,Harvey Barnes,1997-12-09,462,,,19,
42,12962,1572,Demarai Gray,1996-06-28,1640,,,7,
42,12962,3282,Danny Ward,1993-06-22,515,,,12,
42,12962,96838,Ricardo Pereira,1993-10-06,20,,,14,
42,12962,124871,Adrien Silva,1989-03-15,20,,,23,
42,12962,5319,Wilfred Ndidi,1996-12-16,716,,,25,
42,12962,174,Marc Albrighton,1989-11-18,462,,,11,
42,12962,612,Jonny Evans,1988-01-03,491,,,6,
42,12962,1182,Jamie Vardy,1987-01-11,462,,,9,
42,12962,2884,Harry Maguire,1993-03-05,462,,,15,
42,12962,6838,James Maddison,1996-11-23,462,,,10,
42,12962,944,Wes Morgan,1984-01-21,1640,,,5,
42,12962,1212,Shinji Okazaki,1986-04-16,479,,,20,
42,12962,62342,Youri Tielemans,1997-05-07,556,,,21,
42,12962,1488,Kelechi Iheanacho,1996-10-03,716,,,8,
42,12962,1573,Daniel Amartey,1994-12-21,468,,,18,
42,12962,95860,Rachid Ghezza,1992-05-09,614,,,31,
42,12962,185870,Vicente Iborra de la Fuente,1988-01-16,32,,,21,
51,12962,4240,Bakary Sako,1988-04-26,26,,,26,
51,12962,1243,Cheikhou Kouyaté,1989-12-21,200,,,8,
51,12962,519,Wayne Hennessey,1987-01-24,515,,,13,
51,12962,336,James Tomkins,1989-03-29,462,,,5,
51,12962,729,Martin Kelly,1990-04-27,462,,,34,
51,12962,31840,Max Meyer,1995-09-18,11,,,7,
51,12962,4577,Sullay Kaikai,1995-08-26,5724,,,25,
51,12962,332155,Joe Tupper,1997-11-15,462,,,41,
51,12962,1111,Pape Souaré,1990-06-06,200,,,27,
51,12962,25399,Jaïro Riedewald,1996-09-09,38,,,44,
51,12962,4598717,Sam Woods,1998-09-11,462,,,35,
51,12962,4598716,Nikola Tavares,1999-01-17,266,,,32,
51,12962,4649,Luke Dreher,1998-11-27,462,,,28,
51,12962,1921,Michy Batshuayi,1993-10-02,556,,,23,
51,12962,790,Jason Puncheon,1986-06-18,462,,,42,
51,12962,1249,Andros Townsend,1991-07-16,462,,,10,
51,12962,1325,Julián Speroni,1979-05-18,44,,,1,
51,12962,25514,Alexander Sørloth,1995-12-05,1578,,,9,
51,12962,841,Connor Wickham,1993-03-31,462,,,21,
51,12962,927,Jeffrey Schlupp,1992-12-23,468,,,15,
51,12962,185723,Vicente Guaita,1987-01-10,32,,,31,
51,12962,5371,Luka Milivojevic,1991-04-07,296,,,4,
51,12962,692,Joel Ward,1989-10-29,462,,,2,
51,12962,712,Patrick van Aanholt,1990-08-29,38,,,3,
51,12962,1386,Mamadou Sakho,1990-02-13,17,,,12,
51,12962,1038,Jordan Ayew,1991-09-11,468,,,14,
51,12962,5252,Aaron Wan-Bissaka,1997-11-26,1320,,,29,
51,12962,621,Scott Dann,1987-02-14,462,,,6,
51,12962,498,James McArthur,1987-10-07,1161,,,18,
51,12962,853,Christian Benteke,1990-12-03,556,,,17,
51,12962,1108,Wilfried Zaha,1992-11-10,23,,,11,
52,12962,1052,Simon Francis,1985-02-16,462,,,2,
52,12962,3274,Emerson Hyndman,1996-04-09,3483,,,22,
52,12962,1834,Lewis Cook,1997-02-03,462,,,16,
52,12962,513,Junior Stanislas,1989-11-26,462,,,19,
52,12962,1033,Marc Pugh,1987-04-02,462,,,7,
52,12962,10948332,Kyle Taylor,1999-08-28,462,,,28,
52,12962,332147,Sam Surridge,1998-07-28,462,,,44,
52,12962,1094,Tyrone Mings,1993-03-13,462,,,26,
52,12962,681,Asmir Begović,1987-06-20,507,,,27,
52,12962,338951,Jack Simpson,1996-12-18,462,,,25,
52,12962,4454,Matt Butcher,1997-05-14,462,,,36,
52,12962,22169319,Mark Travers,1999-05-18,455,,,42,
52,12962,22169320,Nnamdi Ofoborh,1999-11-07,716,,,59,
52,12962,1202,Nathaniel Clyne,1991-04-05,462,,,23,
52,12962,31,Jermain Defoe,1982-10-07,462,,,18,
52,12962,1054,Charlie Daniels,1986-09-07,462,,,11,
52,12962,4901,Lys Mousset,1996-02-08,17,,,9,
52,12962,186766,Jefferson Lerma,1994-10-25,353,,,8,
52,12962,1029,Joshua King,1992-01-15,1578,,,17,
52,12962,1048,Artur Boruc,1980-02-20,2,,,1,
52,12962,2712,Ryan Fraser,1994-02-24,1161,,,24,
52,12962,339083,Chris Mepham,1997-11-05,515,,,33,
52,12962,1095,Adam Smith ,1991-04-29,462,,,15,
52,12962,836,Jordon Ibe,1995-12-08,462,,,10,
52,12962,1869,Nathan Aké,1995-02-18,38,,,5,
52,12962,1065,Callum Wilson,1992-02-27,462,,,13,
52,12962,1028,Steve Cook,1991-04-19,462,,,3,
52,12962,9808,David Brooks,1997-07-08,515,,,20,
52,12962,867,Andrew Surman,1986-08-20,462,,,6,
52,12962,186954,Diego Rico,1993-02-23,32,,,21,
52,12962,568,Dan Gosling,1990-02-01,462,,,4,
52,12962,4203,Dominic Solanke,1997-09-14,462,,,29,
65,12962,1373,Maya Yoshida ,1988-08-24,479,,,3,
65,12962,21413000,Kayne Ramsay,2000-10-10,462,,,66,
65,12962,150759,Mohamed Elyounoussi,1994-08-04,1578,,,11,
65,12962,1241,Fraser Forster,1988-03-17,462,,,44,
65,12962,336067,Angus Gunn ,1996-01-22,1161,,,28,
65,12962,483,Steven Davis,1985-01-01,491,,,8,
65,12962,581045,Alfie Jones,1997-10-07,1004,,,32,
65,12962,25088,Wesley Hoedt,1994-03-06,38,,,6,
65,12962,31129,Jannik Vestergaard,1992-08-03,320,,,4,
65,12962,1450,Danny Ings,1992-07-23,462,,,9,
65,12962,1350,Ryan Bertrand,1989-08-05,462,,,21,
65,12962,5361,Manolo Gabbiadini,1991-11-26,251,,,20,
65,12962,4246,Sam Gallagher,1995-09-15,462,,,15,
65,12962,581047,Callum Slattery,1999-02-08,462,,,55,
65,12962,1131,Alex Simon McCarthy,1989-12-03,462,,,1,
65,12962,581043,Yan Valery,1999-02-22,1439,,,43,
65,12962,722,Shane Long,1987-01-22,455,,,7,
65,12962,172357,Stuart Armstrong,1992-03-30,1161,,,17,
65,12962,1068,Charlie Austin,1989-07-05,462,,,10,
65,12962,979,Nathan Redmond,1994-03-06,462,,,22,
65,12962,155138,Jan Bednarek,1996-04-12,2,,,35,
65,12962,1362,Cédric Soares,1991-08-31,20,,,2,
65,12962,1387,Matt Targett,1995-09-18,462,,,33,
65,12962,1744,Pierre-Emile Højbjerg,1995-08-05,320,,,23,
65,12962,581041,Tyreke Johnson,1998-11-03,462,,,51,
65,12962,581055,Michael Obafemi,2000-07-06,455,,,61,
65,12962,1155,James Ward-Prowse,1994-11-01,462,,,16,
65,12962,96017,Mario Lemina ,1993-09-01,3662,,,18,
65,12962,1505,Oriol Romeu,1991-09-24,32,,,14,
65,12962,1393,Jack Stephens ,1994-01-27,462,,,5,
65,12962,5206,Josh Sims,1997-03-28,462,,,39,
69,12962,2303,Lee Peltier,1986-12-11,462,,,2,
69,12962,3022,Joe Ralls,1993-10-12,462,,,8,
69,12962,3762,G. Cunningham,1991-01-31,455,,,18,
69,12962,2872,Josh Murphy,1995-02-24,462,,,11,
69,12962,1051,Brian Murphy,1983-05-07,455,,,28,
69,12962,64860,Loïc Damour,1991-01-08,17,,,20,
69,12962,1107,Matthew Connolly,1987-09-24,462,,,16,
69,12962,4627,Rhys Healey,1994-12-06,462,,,32,
69,12962,871,Leandro Bacuna,1991-08-21,7437,,,15,
69,12962,2610,Gary Madine,1990-08-24,462,,,24,
69,12962,2313,Alex Smithies,1990-03-05,462,,,12,
69,12962,3017,Kenneth Zohore ,1994-01-31,320,,,10,
69,12962,1236,Aron Gunnarsson,1989-04-22,1796,,,17,
69,12962,4607,Oumar Niasse,1990-04-18,200,,,29,
69,12962,5887,Kadeem Harris,1993-06-08,462,,,23,
69,12962,899,Jazz Richards,1991-04-12,515,,,6,
69,12962,3037,Bruno Ecuele Manga,1988-07-16,3662,,,5,
69,12962,172757,Callum Paterson,1994-10-13,1161,,,13,
69,12962,320,Daniel Ward,1990-12-09,462,,,9,
69,12962,3140,Bobby De Cordova-Reid,1993-02-02,1640,,,14,
69,12962,2311,Sol Bamba,1985-01-13,23,,,22,
69,12962,923,Neil Etheridge,1990-02-07,50809,,,1,
69,12962,186484,Víctor Camarasa,1994-05-28,32,,,21,
69,12962,261,Junior Hoilett,1990-06-05,1004,,,33,
69,12962,1842,Harry Arter,1989-12-28,455,,,7,
69,12962,2515,Joe Bennett,1990-03-28,462,,,3,
69,12962,3057,Sean Morrison,1991-01-08,462,,,4,
69,12962,3519,Nathaniel Méndez-Laing,1992-04-15,53128,,,19,
78,12962,2922,Bruno Saltor,1980-10-01,32,,,2,
78,12962,2823,David Button,1989-02-27,462,,,27,
78,12962,926,Anthony Knockaert,1991-11-20,17,,,11,
78,12962,2423,Solly March,1994-07-20,462,,,20,
78,12962,129839,Martín Montoya,1991-04-14,32,,,22,
78,12962,25147,Alireza Jahanbakhsh,1993-08-11,488,,,16,
78,12962,3259,Ben White,1997-10-08,462,,,28,
78,12962,32472,Markus Suttner,1987-04-16,143,,,29,
78,12962,194167,Viktor Gyökeres,1998-06-04,47,,,42,
78,12962,2683,Jason Steele,1990-08-18,462,,,23,
78,12962,1494380,Max Sanders,1999-01-04,462,,,41,
78,12962,2815,Dan Burn ,1992-05-09,462,,,33,
78,12962,2936,Gaëtan Bong,1988-04-25,593,,,3,
78,12962,581003,Jayson Molumby,1999-08-06,455,,,49,
78,12962,186805,Florin Andone,1993-04-11,155,,,10,
78,12962,62408,José Izquierdo,1992-07-07,353,,,19,
78,12962,23988,Davy Pröpper,1991-09-02,38,,,24,
78,12962,2461,Lewis Dunk ,1991-11-21,462,,,5,
78,12962,24803,Jürgen Locadia,1993-11-07,7437,,,9,
78,12962,31504,Pascal Groß,1991-06-15,11,,,13,
78,12962,32666,Bernardo,1995-05-14,5,,,30,
78,12962,31483,Leon Balogun,1988-06-28,716,,,14,
78,12962,2923,Beram Kayal,1988-05-02,802,,,7,
78,12962,1415,Shane Duffy,1992-01-01,455,,,4,
78,12962,1129,Glenn Murray,1983-09-25,462,,,17,
78,12962,62317,Mathew Ryan,1992-04-08,98,,,1,
78,12962,96870,Yves Bissouma ,1996-08-30,26,,,8,
78,12962,2723,Dale Stephens,1989-06-12,462,,,6,
251,12962,24508,Terence Kongolo,1994-02-14,38,,,5,
251,12962,3339,Jon Gorenc Stankovic,1996-01-14,1638,,,27,
251,12962,3289,Chris Löwe,1989-04-16,11,,,15,
251,12962,24613,Zanka,1990-04-23,320,,,25,
251,12962,32013821,Aaron Rowe,2000-09-07,462,,,44,
251,12962,2031,Ramadan Sobhi,1997-01-23,886,,,14,
251,12962,36457,Abdelhamid Sabiri,1996-11-28,1424,,,29,
251,12962,5701,Danny Williams,1989-03-08,3483,,,19,
251,12962,3264,Elias Kachunga,1992-04-22,1320,,,9,
251,12962,22682,Ryan Schofield,1999-12-11,462,,,31,
251,12962,8031,Collin Quaner,1991-06-18,11,,,23,
251,12962,537207,Demeaco Duhaney,1998-10-13,462,,,38,
251,12962,3342,Joel Coleman,1995-09-26,462,,,13,
251,12962,16827156,Matty Daly,2001-03-10,462,,,41,
251,12962,32408,Jonas Lössl,1989-02-01,320,,,1,
251,12962,790,Jason Puncheon,1986-06-18,462,,,42,
251,12962,2829,Alex Pritchard,1993-05-03,462,,,21,
251,12962,25515,Juninho Bacuna,1997-08-07,7437,,,7,
251,12962,3298,Aaron Mooy,1990-09-15,98,,,10,
251,12962,31746,Erik Durm,1992-05-12,11,,,37,
251,12962,2230,Jonathan Hogg,1988-12-06,462,,,6,
251,12962,999,Ben Hamer,1987-11-20,462,,,12,
251,12962,3101,Tommy Smith,1992-04-14,462,,,2,
251,12962,63050,Isaac Mbenza,1996-03-08,556,,,18,
251,12962,32518,Florent Hadergjonaj,1994-07-31,122,,,33,
251,12962,96201,Steve Mounié,1994-09-29,7830,,,24,
251,12962,3291,Christopher Schindler,1990-04-29,11,,,26,
251,12962,6087,Philip Billing,1996-06-11,320,,,8,
251,12962,62250,Laurent Depoitre,1988-12-07,556,,,20,
251,12962,3294,Rajiv van La Parra,1991-06-04,38,,,17,
251,12962,6073,Karlan Grant,1997-09-18,462,,,16,
251,12962,96775,Adama Diakhaby,1996-07-05,17,,,11,
2,16211,2722,Jayson Leutwiler,1989-04-25,1004,,,13,
2,16211,18898,Matty Platt,1997-10-03,462,,,36,
2,16211,2536,Richard Smallwood,1990-12-29,462,,,6,
2,16211,4592212,Jack Vale,2001-03-03,515,,,44,
2,16211,24830076,Jordan Eastham,2001-09-08,462,,,45,
2,16211,455346,Tyler Magloire,1998-12-21,462,,,38,
2,16211,9258,Harry Chapman,1997-11-05,462,,,11,
2,16211,5241,Tosin Adarabioyo,1997-09-24,462,,,24,
2,16211,6470,Ryan Nyambe,1997-12-04,5790,,,2,
2,16211,7636,Lewis Travis ,1997-10-16,462,,,27,
2,16211,3405,Dominic Samuel,1994-04-01,462,,,12,
2,16211,6049,Amari'i Bell,1994-05-05,1640,,,17,
2,16211,872,Elliott Bennett,1988-12-18,462,,,31,
2,16211,925,Bradley Johnson,1987-04-28,462,,,4,
2,16211,581160,Joe Rankin-Costello,1999-07-26,462,,,37,
2,16211,2823545,Hayden Carter,1999-12-17,462,,,41,
2,16211,7835,Ben Brereton Díaz,1999-04-18,80,,,20,
2,16211,7027,Charlie Mulgrew,1986-03-06,1161,,,14,
2,16211,537311,Jacob Davenport,1998-12-28,462,,,18,
2,16211,4246,Sam Gallagher,1995-09-15,462,,,9,
2,16211,1039,Danny Graham,1985-08-12,462,,,10,
2,16211,2951,Adam Armstrong,1997-02-10,462,,,7,
2,16211,3111,Darragh Lenihan,1994-03-16,455,,,26,
2,16211,1246,Lewis Holtby,1990-09-18,11,,,22,
2,16211,190,Stewart Downing,1984-07-22,462,,,19,
2,16211,3179,Derrick Williams,1993-01-17,455,,,3,
2,16211,2823546,John Buckley,1999-10-13,462,,,39,
2,16211,2299,Josef Dvornik,1990-07-30,491,,,29,
2,16211,8485,Bradley Dack,1993-12-31,462,,,23,
2,16211,2965,Christian Walton,1995-11-09,462,,,1,
2,16211,4613,Joe Rothwell,1995-01-11,462,,,8,
2,16211,3762,G. Cunningham,1991-01-31,455,,,5,
4,16211,10780,Anfernee Dijksteel,1996-10-27,2088,,,2,
4,16211,2421,J. Forster-Caskey,1994-04-25,462,,,8,
4,16211,883,Ben Amos,1990-04-10,462,,,13,
4,16211,21762790,Brendan Wiredu,1999-11-07,462,,,40,
4,16211,2923,Beram Kayal,1988-05-02,802,,,21,
4,16211,28552304,Nathan Harness,2000-01-19,462,,,31,
4,16211,2816058,Ashley Maynard-Brewer,1999-06-25,98,,,30,
4,16211,1337,Joe Ledley,1987-01-23,515,,,16,
4,16211,538019,Matthew Smith,1999-11-22,515,,,21,
4,16211,37367943,James Vennings,2000-11-20,462,,,46,
4,16211,905,Aiden McGeady,1986-04-04,455,,,14,
4,16211,4599,Andre Green,1998-07-26,462,,,18,
4,16211,9536,Tom Lockyer,1994-12-03,515,,,5,
4,16211,1329,Jonathan Williams,1993-10-09,515,,,7,
4,16211,455359,George Lapslie,1997-09-05,462,,,32,
4,16211,1060,Darren Pratley,1985-04-22,462,,,15,
4,16211,1494245,Conor Gallagher,2000-02-06,462,,,11,
4,16211,2745,Chris Solly,1991-01-20,462,,,20,
4,16211,21053529,Albie Morgan,2000-02-02,462,,,19,
4,16211,2366,Jason Pearce,1987-12-06,462,,,6,
4,16211,1685,Sam Field,1998-05-08,462,,,28,
4,16211,6271,Naby Sarr,1993-08-13,200,,,23,
4,16211,8457,C. Aneke,1993-07-03,462,,,10,
4,16211,2925,Tomer Hemed,1987-05-02,802,,,26,
4,16211,1201,Adam Matthews,1992-01-13,515,,,2,
4,16211,8191,Lyle Taylor,1990-03-29,14837,,,9,
4,16211,1680,Jonathan Leko,1999-04-24,462,,,14,
4,16211,5986,Dillon Phillips,1995-06-11,462,,,1,
4,16211,8050,Ben Purrington,1996-05-20,462,,,3,
4,16211,9112,Erhun Oztumer,1991-05-29,462,,,29,
4,16211,21762789,Alfie Doughty,1999-12-21,462,,,45,
4,16211,8886,Macauley Bonne,1995-10-26,2325,,,17,
4,16211,21762786,Ben Dempsey,1999-11-25,462,,,33,
4,16211,37345884,Josh Davison,1999-09-16,462,,,44,
4,16211,5811,Deji Oshilaja,1993-03-02,462,,,4,
4,16211,2419,David Davis,1991-02-20,462,,,27,
4,16211,4244,Josh Cullen  ,1996-04-07,455,,,24,
7,16211,4595,Marcus Browne,1997-12-18,462,,,10,
7,16211,3188067,Nathan Wood,2002-05-31,462,,,25,
7,16211,1722,George Friend,1987-10-19,462,,,3,
7,16211,4592179,Connor Malley,2000-03-20,462,,,34,
7,16211,3122,Tomas Mejías,1989-01-30,32,,,1,
7,16211,539573,Paddy Reading,1999-05-29,1161,,,31,
7,16211,25188269,Hayden Hackney ,2002-06-26,462,,,44,
7,16211,1494175,Tyrone O'Neill,1999-10-12,462,,,35,
7,16211,538595,Ben Liddle,1998-09-21,462,,,37,
7,16211,3250,Britt Assombalonga,1992-12-06,1320,,,9,
7,16211,10780,Anfernee Dijksteel,1996-10-27,2088,,,2,
7,16211,6028,George Saville,1993-06-01,491,,,22,
7,16211,537434,Aynsley Pears ,1998-04-23,462,,,42,
7,16211,4893656,Stephen Walker,2000-10-11,462,,,36,
7,16211,1728,Adam Clayton,1989-01-14,462,,,8,
7,16211,1001,Paddy McNair,1995-04-27,491,,,17,
7,16211,1151,Ryan Shotton,1988-10-30,462,,,5,
7,16211,99228,Harold Moukoudi,1997-11-27,593,,,18,
7,16211,53273,Dejan Stojanovic,1993-07-19,143,,,30,
7,16211,1252,Ravel Morrison,1993-02-02,1640,,,15,
7,16211,537217,Lukas Nmecha,1998-12-14,11,,,20,
7,16211,4277,Patrick Roberts,1997-02-05,462,,,19,
7,16211,1025,Rudy Gestede,1988-10-10,7830,,,14,
7,16211,537493,Marcus Tavernier,1999-03-22,462,,,7,
7,16211,4701,Ashley Fletcher,1995-10-02,462,,,11,
7,16211,13999,Marc Bola,1997-12-09,462,,,27,
7,16211,7026573,Djed Spence,2000-08-09,462,,,29,
7,16211,652,Yuki Takahashi,1990-11-07,32,,,4,
7,16211,5317,Dael Fry,1997-08-30,462,,,6,
7,16211,919,Jonathan Howson,1988-05-21,462,,,16,
7,16211,2823507,Lewis Wing ,1995-06-23,462,,,26,
7,16211,9744,Marvin Johnson,1990-12-01,462,,,21,
7,16211,537423,Hayden Coulson,1998-06-17,462,,,33,
7,16211,1449,Darren Randolph,1987-05-12,455,,,23,
10,16211,3017,Kenneth Zohore ,1994-01-31,320,,,9,
10,16211,1680,Jonathan Leko,1999-04-24,462,,,20,
10,16211,581186,Rayhaan Tulloch,2001-01-20,462,,,31,
10,16211,2303,Lee Peltier,1986-12-11,462,,,22,
10,16211,2233,Jonathan Bond,1993-05-19,462,,,23,
10,16211,1008,Sam Johnstone,1993-03-25,462,,,1,
10,16211,3188072,Nathan Ferguson,2000-10-06,462,,,36,
10,16211,337588,Grady Diangana,1998-04-19,462,,,29,
10,16211,897,Kyle Bartley,1991-05-22,462,,,5,
10,16211,3530,Callum Robinson,1995-02-02,455,,,47,
10,16211,3306,R. Sawyers,1991-11-02,160047,,,19,
10,16211,340214,Kyle Edwards,1998-02-17,462,,,21,
10,16211,795,Matt Phillips,1991-03-13,1161,,,10,
10,16211,160194,Matheus Pereira,1996-05-05,5,,,12,
10,16211,69,Chris Brunt,1984-12-14,491,,,11,
10,16211,73871,Filip Krovinovic,1995-08-29,266,,,7,
10,16211,1068,Charlie Austin,1989-07-05,462,,,15,
10,16211,4507,Darnell Furlong,1995-10-31,462,,,2,
10,16211,5359,Kamil Grosicki ,1988-06-08,2,,,13,
10,16211,3066,Semi Ajayi,1993-11-09,716,,,6,
10,16211,6286,Oliver Burke ,1997-04-07,1161,,,17,
10,16211,5255,Rekeem Harper,2000-03-08,462,,,16,
10,16211,5801,Conor Townsend,1993-03-04,462,,,14,
10,16211,1076,Hal Robson-Kanu,1989-05-21,515,,,4,
10,16211,732,Kieran Gibbs,1989-09-26,462,,,3,
10,16211,1083,Jake Livermore,1989-11-14,462,,,8,
10,16211,129064,Ahmed Hegazy,1991-01-25,886,,,26,
10,16211,581094,Dara O'Shea ,1999-03-04,455,,,27,
10,16211,291,Gareth Barry,1981-02-23,462,,,18,
11,16211,2970,Floyd Ayité,1988-12-15,3039,,,11,
11,16211,5417,Pedro Rostoll,1990-04-23,20,,,17,
11,16211,1494706,Jayden Harris,1999-09-04,462,,,46,
11,16211,581182,Martell Taylor-Crossdale,1999-12-26,462,,,39,
11,16211,24508,Terence Kongolo,1994-02-14,38,,,15,
11,16211,1494715,Steven Sessegnon,2000-05-18,462,,,43,
11,16211,3268,Marcus Bettinelli,1992-05-24,462,,,1,
11,16211,8333,Luca de la Torre,1998-05-23,3483,,,36,
11,16211,28912780,Sylvester Jasper,2001-09-13,224,,,58,
11,16211,37259158,Jay Stansfield,2002-11-24,462,,,61,
11,16211,17218,Magnus Norman,1997-01-19,462,,,32,
11,16211,63093,Aboubakar Kamara,1995-03-07,2493,,,47,
11,16211,926,Anthony Knockaert,1991-11-20,17,,,24,
11,16211,1409,Harrison Reed,1995-01-27,462,,,21,
11,16211,3140,Bobby De Cordova-Reid,1993-02-02,1640,,,14,
11,16211,2454,Tim Ream,1987-10-05,3483,,,13,
11,16211,1840,K. McDonald,1988-11-04,1161,,,6,
11,16211,3160,Joe Bryan,1993-09-17,462,,,23,
11,16211,96516,Maxime Le Marchand,1989-10-11,17,,,20,
11,16211,6853,Neeskens Kebano,1992-03-10,1320,,,7,
11,16211,2945,Denis Odoi,1988-05-27,468,,,4,
11,16211,7055,Ivan Cavaleiro,1993-10-18,911,,,19,
11,16211,2285,Tom Cairney  ,1991-01-20,1161,,,10,
11,16211,1708,Joshua Onomah,1997-04-27,462,,,25,
11,16211,2306,Cyrus Christie,1992-09-30,455,,,22,
11,16211,6351,Marek Rodák,1996-12-13,401,,,12,
11,16211,3384,Michael Hector,1992-07-19,1640,,,3,
11,16211,4943,Alfie Mawson,1994-01-19,462,,,5,
11,16211,1842,Harry Arter,1989-12-28,455,,,18,
11,16211,7007,Stefan Johansen,1991-01-08,1578,,,8,
11,16211,1366,Aleksandar Mitrović,1994-09-16,296,,,9,
11,16211,1494712,Matt O'Riley,2000-11-21,462,,,33,
12,16211,826,Jefferson Montero,1989-09-01,459,,,15,
12,16211,521,Craig Gardner,1986-11-25,462,,,8,
12,16211,11152,Isaac Vassell,1993-09-09,462,,,11,
12,16211,188849,Agus Medina,1994-09-08,32,,,21,
12,16211,577,David Adam Stockdale,1985-09-20,462,,,13,
12,16211,37392934,Jack Concannon,2000-01-26,462,,,48,
12,16211,7974,Cheick Keita,1996-04-16,26,,,33,
12,16211,22859290,Miguel Fernández,,32,,,28,
12,16211,25930791,Ryan Stirk,2000-09-25,515,,,47,
12,16211,6140,Connal Trueman,1996-03-26,462,,,27,
12,16211,11322489,Steve Seddon,1997-12-25,462,,,42,
12,16211,32796120,G. Bajrami,1999-09-24,2454,,,43,
12,16211,37259099,Ryan Burke,2000-11-23,455,,,45,
12,16211,4620,Jake Clarke-Salter,1997-09-22,462,,,14,
12,16211,3383,Maikel Kieftenbeld,1990-06-26,38,,,6,
12,16211,6972189,Caolan Boyd-Munce,2000-01-26,491,,,44,
12,16211,74124,Ivan Šunjić,1996-10-09,507,,,34,
12,16211,28913045,J. Reid,2001-04-22,462,,,49,
12,16211,37391404,Nico Gordon,2002-04-28,14837,,,50,
12,16211,35145,Kristian Pedersen,1994-08-04,320,,,3,
12,16211,6505,M. Roberts,1990-07-26,462,,,4,
12,16211,9290,Dan Crowley,1997-08-03,462,,,7,
12,16211,3325,Scott Hogan,1992-04-13,455,,,40,
12,16211,2824,Harlee Dean,1991-07-26,462,,,12,
12,16211,2463,Lee Camp,1984-08-22,491,,,1,
12,16211,1222,Gary Gardner,1992-06-29,462,,,20,
12,16211,37255840,Jude Bellingham,2003-06-29,462,,,22,
12,16211,1447,Lukas Jutkiewicz,1989-03-28,462,,,10,
12,16211,6321,Maxime Colin,1991-11-15,17,,,5,
12,16211,20506,Wes Harding,1996-10-20,1640,,,2,
12,16211,96664,Jérémie Bela,1993-04-08,911,,,11,
12,16211,186119,Álvaro Giménez,1991-05-19,32,,,24,
12,16211,14685080,Odin Bailey,1999-12-08,462,,,37,
12,16211,2419,David Davis,1991-02-20,462,,,26,
12,16211,191086,Kerim Mrabti,1994-05-20,47,,,18,
12,16211,187063,Fran Villalba,1998-05-11,32,,,17,
12,16211,1308,Josh McEachran,1993-03-01,462,,,16,
12,16211,2931,Jacques Maghoma,1987-10-23,1320,,,19,
17,16211,537665,Dujon Sterling,1999-10-24,462,,,15,
17,16211,6339,Bright Enobakhare,1998-02-08,716,,,25,
17,16211,1381,Danny Fox,1986-05-29,1161,,,6,
17,16211,518751,Callum Lang,1998-09-08,462,,,24,
17,16211,1494177,Dániel Gyollai,1997-04-07,674,,,29,
17,16211,9731,Emeka Obi,2001-06-06,462,,,34,
17,16211,7027,Charlie Mulgrew,1986-03-06,1161,,,16,
17,16211,1525093,Chris Merrie,1998-11-02,462,,,31,
17,16211,3466,Jamie Jones,1989-02-18,462,,,23,
17,16211,133994,Jan Mlakar,1998-10-23,1638,,,27,
17,16211,5935,Lee Evans,1994-07-24,515,,,8,
17,16211,896242,Alexandru Dobre,1998-08-30,155,,,25,
17,16211,913,Alberto Suárez,1988-06-06,455,,,7,
17,16211,31483,Leon Balogun,1988-06-28,716,,,37,
17,16211,581067,Antonee Robinson,1997-08-08,3483,,,3,
17,16211,2457,Joe Garner,1988-04-12,462,,,14,
17,16211,20216,Cédric Kipré,1996-12-09,23,,,21,
17,16211,5433,Joe Williams,1996-12-08,462,,,20,
17,16211,11799,Josh Windass,1994-01-09,462,,,10,
17,16211,5681,Kieffer Moore,1992-08-08,515,,,19,
17,16211,2833,Lewis MacLeod,1994-06-16,1161,,,4,
17,16211,11752,Kal Naismith ,1992-02-18,1161,,,33,
17,16211,2644,Michael Jacobs,1991-11-04,462,,,17,
17,16211,9501,Chey Dunkley,1992-02-13,462,,,22,
17,16211,21762788,Joe Gelhardt,2002-05-04,462,,,38,
17,16211,11541,Jamal Lowe,1994-07-21,1640,,,9,
17,16211,4892,Kieran Dowell,1997-10-10,462,,,30,
17,16211,10310764,Tom Pearce,1998-04-12,462,,,12,
17,16211,2391,Gavin Massey,1992-10-14,462,,,11,
17,16211,1583,Gary Roberts,1984-03-18,462,,,18,
17,16211,1226,Txiki Acaz,1985-03-05,1161,,,1,
17,16211,3480,Nathan Byrne,1992-06-05,462,,,2,
17,16211,3189,Sam Morsy,1991-09-10,886,,,5,
22,16211,6582,Matt Ingram,1993-12-18,462,,,13,
22,16211,2217,Nouha Dicko,1992-05-14,26,,,14,
22,16211,5359,Kamil Grosicki ,1988-06-08,2,,,11,
22,16211,4292,Matthew Pennington,1994-10-06,462,,,25,
22,16211,3509963,Brandon Fleming,1999-12-03,462,,,21,
22,16211,12394157,Elliot Bonds,2000-03-23,1985,,,38,
22,16211,37391237,Andy Smith,2001-09-11,462,,,45,
22,16211,8985,Marcus Maddison,1993-09-26,462,,,11,
22,16211,37402212,Callum Jones ,2001-04-05,515,,,46,
22,16211,7392787,James Berry,2000-12-10,462,,,40,
22,16211,378719,James Scott,2000-08-30,1161,,,44,
22,16211,7593,Mallik Wilks,1998-12-15,462,,,43,
22,16211,7688261,Sean McLoughlin,1996-11-13,455,,,17,
22,16211,6605,Jackson Irvine,1993-03-07,98,,,36,
22,16211,3509964,Robbie McKenzie,1998-09-25,462,,,16,
22,16211,28552845,Keane Lewis-Potter,2001-02-22,462,,,31,
22,16211,518750,Josh Bowler,1999-03-05,462,,,19,
22,16211,1895,Kevin Stewart,1993-09-07,1640,,,6,
22,16211,399,Eric Lichaj,1988-11-17,3483,,,2,
22,16211,1592,Jarrod Bowen ,1996-12-20,462,,,20,
22,16211,3320,Callum Elder,1995-01-27,98,,,26,
22,16211,4288,Martin Samuelsen,1997-04-17,1578,,,42,
22,16211,114026,Norbert Sándor Balogh,1996-02-21,674,,,24,
22,16211,3507,George Long,1993-11-05,462,,,1,
22,16211,9521,Ryan Tafazolli,1991-09-28,462,,,3,
22,16211,1628,Stephen Kingsley,1994-07-23,1161,,,23,
22,16211,6602,A. MacDonald,1992-10-15,462,,,15,
22,16211,25683,Jordy de Wijs,1995-01-08,38,,,4,
22,16211,539554,Herbie Kane ,1998-11-23,462,,,41,
22,16211,2836,Jon Toral,1995-02-05,32,,,10,
22,16211,608284,Daniel Batty,1997-12-10,462,,,8,
22,16211,4591,George Honeyman,1994-09-08,462,,,18,
22,16211,1291,Reece Burke,1996-09-02,462,,,5,
22,16211,4827,Josh Magennis,1990-08-15,491,,,27,
22,16211,9523,Leonardo Lopes,1998-11-30,20,,,37,
22,16211,5750,Tom Eaves,1992-01-14,462,,,9,
23,16211,539969,João Virgínia,1999-10-10,20,,,20,
23,16211,1614,Modou Barrow,1992-10-13,2507,,,7,
23,16211,8481,Sam Walker,1991-10-02,462,,,1,
23,16211,580971,Danny Namaso,2000-08-28,593,,,15,
23,16211,7037,Joshua Barrett,1998-06-21,455,,,39,
23,16211,580974,Teddy Howe,1998-10-09,462,,,22,
23,16211,1105,Sone Aluko,1989-02-19,716,,,23,
23,16211,61827,Ayub Timbe Masika,1992-09-10,1179,,,25,
23,16211,219550,Felipe Araruna,1996-03-12,5,,,20,
23,16211,6293,Andrija Novakovich,1996-09-21,3483,,,23,
23,16211,581206,Omar Richards,1998-02-15,462,,,27,
23,16211,129508,Rafael Cabral,1990-05-20,5,,,33,
23,16211,581142,Gabriel Osho,1998-08-14,462,,,34,
23,16211,4619,Matt Miazga,1995-07-19,3483,,,5,
23,16211,2992,John Swift,1995-06-23,462,,,10,
23,16211,1088,Chris Gunter,1989-07-21,515,,,2,
23,16211,129862,Lucas Boyé,1996-02-28,44,,,18,
23,16211,816,Tyler Blackett,1994-04-02,462,,,24,
23,16211,2941,Sam Baldock,1989-03-15,462,,,9,
23,16211,581141,Tom McIntyre,1998-11-06,1161,,,16,
23,16211,6551,Yakou Méïté,1996-02-11,23,,,19,
23,16211,24799984,Michael Olise,2001-12-12,17,,,21,
23,16211,1077,Garath McCleary,1987-05-15,1640,,,12,
23,16211,2452,Jordan Obita,1993-12-08,462,,,11,
23,16211,4828,Ovie Ejaria,1997-11-18,462,,,14,
23,16211,920,Liam Moore,1993-01-31,1640,,,6,
23,16211,2743,Michael Morrison,1988-03-03,462,,,4,
23,16211,6507,Andy Yiadom,1991-12-02,468,,,17,
23,16211,580970,Andy Rinomhota,1997-04-21,2325,,,8,
23,16211,158447,Pelé,1991-09-29,1707,,,29,
23,16211,2889,Lucas João,1993-09-04,911,,,31,
23,16211,539,Charlie Adam,1985-12-10,1161,,,26,
23,16211,130192,G. Pușcaș,1996-04-08,155,,,47,
24,16211,8047,Krystian Bielik,1998-01-04,2,,,5,
24,16211,5829,Duane Holmes,1994-11-06,3483,,,23,
24,16211,25169139,Jordan Brown,2001-06-21,462,,,51,
24,16211,19829,Henrich Ravas,1997-08-16,401,,,47,
24,16211,7991,Florian Jozefzoon,1991-02-09,2088,,,11,
24,16211,6075,J. Mitchell,1994-11-24,462,,,35,
24,16211,4401,Tom Lawrence,1994-01-13,515,,,10,
24,16211,629,Martyn Waghorn,1990-01-23,462,,,9,
24,16211,3248,Max Lowe,1997-05-11,462,,,25,
24,16211,3027,Kelle Roos,1992-05-31,38,,,21,
24,16211,2873,Matt Clarke,1996-09-22,462,,,16,
24,16211,193,Curtis Davies,1985-03-15,462,,,33,
24,16211,4892,Kieran Dowell,1997-10-10,462,,,8,
24,16211,33,Tom Huddlestone,1986-12-28,462,,,44,
24,16211,2642,M. Bennett,1996-07-15,462,,,20,
24,16211,4207,George Evans,1994-12-13,462,,,17,
24,16211,2948,Scott Malone,1991-03-25,462,,,46,
24,16211,13633383,Louie Sibley,2001-09-13,462,,,40,
24,16211,4592196,Jason Knight ,2001-02-13,455,,,38,
24,16211,2326,Craig Forsyth,1989-02-24,1161,,,3,
24,16211,581130,Jahmal Hector-Ingram,1998-11-11,462,,,52,
24,16211,13633381,Lee Buchanan ,2001-03-07,462,,,48,
24,16211,1509,Chris Martin,1988-11-04,1161,,,19,
24,16211,999,Ben Hamer,1987-11-20,462,,,12,
24,16211,839,Andre Wisdom,1993-05-09,462,,,2,
24,16211,3167,Jamie Paterson,1991-12-20,462,,,7,
24,16211,2308,Richard Keogh,1986-08-11,455,,,6,
24,16211,5833,Jack Marriott,1994-09-09,462,,,14,
24,16211,579,Wayne Mark Rooney,1985-10-24,462,,,32,
24,16211,1494372,Max Bird ,2000-09-18,462,,,41,
24,16211,12433168,Morgan Whittaker,2001-01-07,462,,,49,
24,16211,581158,Jayden Bogle,2000-07-27,462,,,37,
24,16211,172575,Graeme Shinnie ,1991-08-04,1161,,,4,
26,16211,5353,Tom Edwards,1999-01-22,462,,,2,
26,16211,1462,Jack Butland,1993-03-10,462,,,1,
26,16211,5699,Adam Davies,1992-07-17,515,,,16,
26,16211,1712,Cameron Carter-Vickers ,1997-12-31,3483,,,12,
26,16211,4744,Julien Ngoy,1997-11-02,556,,,28,
26,16211,1596,Josh Tymon,1999-05-22,462,,,35,
26,16211,1494201,Lasse Sørensen,1999-10-21,320,,,33,
26,16211,37336534,Blondy Nna Noukeu,2001-05-31,593,,,40,
26,16211,1832,Benik Afobe,1993-02-12,1320,,,10,
26,16211,525,Stephen Ward,1985-08-20,455,,,3,
26,16211,174158,Jordan Thompson,1997-01-03,491,,,34,
26,16211,1571,Sam Clucas,1990-09-25,462,,,22,
26,16211,2902,Jordan Cousins,1994-03-06,1640,,,24,
26,16211,5163,Thibaud Verlinden,1999-07-09,556,,,23,
26,16211,3317,Ryan Woods,1993-12-13,462,,,38,
26,16211,173032,Liam Lindsay,1995-10-12,1161,,,5,
26,16211,830,Joe Allen,1990-03-14,515,,,4,
26,16211,1085,Adam Federici,1985-01-31,98,,,32,
26,16211,1045,Tom Ince,1992-01-30,462,,,7,
26,16211,11705403,Nathan Collins ,2001-04-30,455,,,37,
26,16211,505,Sam Vokes,1989-10-21,515,,,9,
26,16211,581241,Tyrese Campbell,1999-12-28,462,,,26,
26,16211,4014,Danny Batth,1990-09-21,462,,,6,
26,16211,1023,James Chester,1989-01-23,515,,,12,
26,16211,4813,Bruno Martins Indi,1992-02-08,38,,,15,
26,16211,14328975,Will Forrester,2001-06-29,462,,,49,
26,16211,540106,Tashan Oakley-Boothe,2000-02-14,462,,,20,
26,16211,822,James McClean,1989-04-22,455,,,11,
26,16211,4121,Nick Powell,1994-03-23,462,,,25,
26,16211,3325,Scott Hogan,1992-04-13,455,,,20,
26,16211,160568,Peter Etebo ,1995-11-09,716,,,8,
26,16211,28575638,Adam Porter,,462,,,48,
26,16211,410,Mame Diouf,1987-12-16,200,,,18,
26,16211,3121,Mark Duffy,1985-10-07,462,,,31,
26,16211,151083,Badou Ndiaye,1990-10-27,200,,,27,
26,16211,3101,Tommy Smith,1992-04-14,462,,,14,
26,16211,3170,L. Gregory,1988-08-26,462,,,19,
26,16211,429,Ryan Shawcross,1987-10-04,462,,,17,
30,16211,9084,Kristoffer Peterson ,1994-11-28,47,,,11,
30,16211,1353,Kristoffer Nordfeldt ,1989-06-23,47,,,1,
30,16211,9058,Courtney Baker-Richardson,1995-12-05,462,,,17,
30,16211,580960,Jordon Garrick,1998-07-15,462,,,41,
30,16211,24014,Erwin Mulder,1989-03-03,38,,,25,
30,16211,1021,Tom Carroll,1992-05-28,462,,,14,
30,16211,581235,Brandon Cooper,2000-01-14,515,,,36,
30,16211,24081640,Tivonge Rushesha,2002-07-24,2325,,,30,
30,16211,22169303,Joshua Gould,1997-03-27,462,,,46,
30,16211,9939394,Cameron Evans,2001-02-23,515,,,38,
30,16211,1233,Declan John,1995-06-30,515,,,3,
30,16211,172699,Barrie McKay,1994-12-30,1161,,,7,
30,16211,3857328,Liam Cullen,1999-04-23,515,,,32,
30,16211,7687676,Ben Cabango ,2000-05-30,515,,,44,
30,16211,455354,Rhian Brewster ,2000-04-01,462,,,19,
30,16211,332147,Sam Surridge,1998-07-28,462,,,19,
30,16211,4441,Matt Grimes ,1995-07-15,462,,,8,
30,16211,4357,Freddie Woodman,1997-03-04,462,,,27,
30,16211,1494245,Conor Gallagher,2000-02-06,462,,,33,
30,16211,5410,Connor Roberts,1995-09-23,515,,,23,
30,16211,4536500,Marc Guéhi,2000-07-13,462,,,2,
30,16211,680,Wayne Routledge,1985-01-07,462,,,15,
30,16211,13477,Ben Wilmot,1999-11-04,462,,,20,
30,16211,339112,Joe Rodon,1997-10-22,515,,,4,
30,16211,1646,Mike van der Hoorn,1992-10-15,38,,,5,
30,16211,1649,Jay Fulton,1994-04-01,1161,,,6,
30,16211,1309,André Ayew,1989-12-17,468,,,22,
30,16211,4881,Borja Bastón,1992-08-25,32,,,9,
30,16211,4559,Bersant Celina,1996-09-09,122,,,10,
30,16211,537388,Yan Dhanda,1998-12-14,462,,,21,
30,16211,1194,Kyle Naughton,1988-11-17,462,,,26,
30,16211,2813,Jake Bidwell,1993-03-21,462,,,24,
30,16211,6416,George Byers,1996-05-29,1161,,,28,
30,16211,96594,Aldo Kalulu,1996-01-21,17,,,18,
30,16211,818,Nathan Dyer,1987-11-29,462,,,12,
47,16211,133994,Jan Mlakar,1998-10-23,1638,,,16,
47,16211,6570,Olamide Shodipo,1997-07-05,455,,,17,
47,16211,1452331,Charlie Owens,1997-12-07,491,,,30,
47,16211,6509,Josh Scowen,1993-03-28,462,,,11,
47,16211,339015,Conor Masterson,1998-09-08,455,,,23,
47,16211,30468577,Ody Alfa,1999-03-09,716,,,38,
47,16211,10332,Dillon Barnes,1994-04-08,1640,,,33,
47,16211,10310765,Jack Clarke,2000-11-23,462,,,47,
47,16211,22169324,Faysal Bettache,2000-07-07,462,,,26,
47,16211,37391021,Joseph Gubbins,2001-08-03,462,,,40,
47,16211,538019,Matthew Smith,1999-11-22,515,,,6,
47,16211,3134,Grant Hall,1991-10-29,462,,,4,
47,16211,6640,Osman Kakay,1997-08-25,5724,,,24,
47,16211,7643,Eberechi Eze,1998-06-29,462,,,10,
47,16211,3495,Jordan Hugill,1992-06-04,462,,,9,
47,16211,3063,Nahki Wells,1990-06-01,15326,,,21,
47,16211,171764,Lee Wallace,1987-08-01,1161,,,3,
47,16211,6224,Yoann Barbet,1993-05-10,17,,,29,
47,16211,860,Àngel Rangel,1982-10-28,32,,,22,
47,16211,5706,Todd Kane,1993-09-17,462,,,2,
47,16211,6241,Joe Lumley,1995-02-15,462,,,1,
47,16211,65516,Ilias Chair,1997-10-30,1424,,,19,
47,16211,4299,Dominic Ball,1995-08-02,462,,,12,
47,16211,85720,Marco Ramkilde,1998-05-09,320,,,27,
47,16211,10680,Luke Amos ,1997-02-23,462,,,8,
47,16211,6580,Bright Osayi-Samuel,1997-12-31,716,,,20,
47,16211,174066,Liam Kelly,1996-01-23,1161,,,32,
47,16211,1033,Marc Pugh,1987-04-02,462,,,7,
47,16211,815,Geoff Cameron,1985-07-11,3483,,,5,
47,16211,7640,Ryan Manning ,1996-06-14,455,,,14,
47,16211,540091,Aramide Oteh,1998-09-10,462,,,18,
47,16211,34097,Toni Leistner,1990-08-19,11,,,37,
54,16211,12233,Cameron McGeehan,1995-04-06,491,,,8,
54,16211,96294,Dimitri Cavaré,1995-02-05,3779,,,12,
54,16211,9788,George Miller,1998-08-11,462,,,25,
54,16211,537116,Brad Collins,1997-02-18,462,,,40,
54,16211,9195,Dylan Mottley-Henry,1997-08-02,462,,,32,
54,16211,37380572,Aiden Marsh,2003-05-05,462,,,37,
54,16211,52831,Patrick Schmidt,1998-07-22,143,,,19,
54,16211,9428,Jack Walton,1998-04-23,462,,,13,
54,16211,12544,Jordan Green,1995-02-22,462,,,15,
54,16211,99019,Mamadou Thiam,1995-03-20,200,,,26,
54,16211,436041,Bambo Diaby,1997-12-17,32,,,5,
54,16211,15494,Luke Thomas,1999-02-19,462,,,16,
54,16211,6289,Dani Pinillos,1992-10-22,32,,,23,
54,16211,2999,Cauley Woodrow,1994-12-02,462,,,9,
54,16211,10767,Toby Sibbick,1999-05-23,462,,,21,
54,16211,26041,Kenny Dougall,1993-05-07,98,,,4,
54,16211,896182,Jordan Williams,1999-10-22,462,,,2,
54,16211,10967315,Matty Wolfe,2000-06-12,462,,,33,
54,16211,51805,Michael Sollbauer ,1990-05-15,143,,,18,
54,16211,14685546,Elliot Simões,1999-12-20,911,,,28,
54,16211,24417,Marcel Ritzmaier,1993-04-22,143,,,17,
54,16211,27824284,Romal Palmer,1998-09-30,462,,,41,
54,16211,28552843,Clarke Oduor,1999-06-25,1179,,,22,
54,16211,31420,Samuel Sahin-Radlinger,1992-11-07,143,,,1,
54,16211,7593,Mallik Wilks,1998-12-15,462,,,36,
54,16211,10351,Callum Styles,2000-03-27,674,,,20,
54,16211,85277,Mads Andersen,1997-12-27,320,,,6,
54,16211,12216,Conor Mark Chaplin,1997-02-16,462,,,11,
54,16211,2823148,Ben Williams,1999-03-31,515,,,3,
54,16211,3285,Alex Mowatt,1995-02-13,462,,,27,
54,16211,92052,Aapo Halme,1998-05-22,1233,,,24,
54,16211,33130,Mike-Steven Bähre,1995-08-10,11,,,10,
54,16211,2178913,Kilian Ludewig,2000-03-05,11,,,14,
54,16211,7278,Jacob Brown,1998-04-10,1161,,,7,
56,16211,847,Craig Harrison,1984-10-23,455,,,1,
56,16211,173220,David Bates,1996-10-05,1161,,,26,
56,16211,2629,Paul Jones,1986-06-28,462,,,36,
56,16211,19825,Jordan Thorniley,1996-11-24,462,,,12,
56,16211,37391775,Ben Hughes,2000-03-10,462,,,35,
56,16211,2919,Joe Wildsmith,1995-12-28,462,,,28,
56,16211,25922143,Preslav Borukov,2000-04-23,224,,,24,
56,16211,37391778,Liam Waldock,2000-09-25,462,,,41,
56,16211,37264182,Ciaran Brennan,2000-05-05,455,,,33,
56,16211,23707294,Liam Shaw,2001-03-12,462,,,46,
56,16211,32786780,Conor Grant,2001-07-23,455,,,40,
56,16211,11799,Josh Windass,1994-01-09,462,,,47,
56,16211,841,Connor Wickham,1993-03-31,462,,,19,
56,16211,2889,Lucas João,1993-09-04,911,,,18,
56,16211,6199,Dominic Iorfa,1995-06-24,462,,,27,
56,16211,1736,J. Rhodes,1990-02-05,1161,,,6,
56,16211,2886,Sam Hutchinson,1989-08-03,462,,,23,
56,16211,2905,Morgan Fox,1993-09-21,515,,,3,
56,16211,2949,Liam Palmer ,1991-09-19,1161,,,2,
56,16211,2912,Kieran Lee,1988-06-22,462,,,5,
56,16211,24200,Joey Pelupessy,1993-05-15,38,,,8,
56,16211,3071,Jacob Murphy,1995-02-24,462,,,14,
56,16211,2663,Adam Reach,1993-02-03,462,,,20,
56,16211,2349,Tom Lees,1990-11-28,462,,,15,
56,16211,2828,Moses Odubajo,1993-07-28,462,,,22,
56,16211,5887,Kadeem Harris,1993-06-08,462,,,7,
56,16211,473,Steven Fletcher,1987-03-26,1161,,,9,
56,16211,340,Barry Bannan,1989-12-01,1161,,,10,
56,16211,2227,Fernando Forestieri,1990-01-15,251,,,45,
56,16211,2475,Massimo Luongo,1992-09-25,98,,,21,
56,16211,5791,Cameron Dawson,1995-07-07,462,,,25,
56,16211,9308228,Osaze Urhoghide,2000-07-04,462,,,44,
56,16211,25663,Alessio Da Cruz,1997-01-18,772,,,38,
56,16211,34042,Julian Börner,1991-01-21,11,,,13,
56,16211,2887,Atdhe Nuhiu,1989-07-29,122,,,17,
56,16211,20716661,Alex Hunt,2000-05-29,462,,,29,
56,16211,3396,Sam Winnall,1991-01-19,462,,,11,
63,16211,25930790,Brennan Johnson,2001-05-23,515,,,40,
63,16211,6590,Jordan Smith,1994-12-08,462,,,12,
63,16211,1022,Jack Robinson,1993-09-01,462,,,18,
63,16211,37255845,Jayden Richardson,2000-09-04,462,,,45,
63,16211,538038,Arijanet Murić,1998-11-07,122,,,49,
63,16211,96030,Brice Samba,1994-04-25,17,,,30,
63,16211,189037,Chema Rodríguez,1992-03-03,32,,,36,
63,16211,3652,Stepan Kolar,1992-01-15,2228,,,13,
63,16211,161308,João Carvalho,1997-03-09,20,,,10,
63,16211,2936,Gaëtan Bong,1988-04-25,593,,,6,
63,16211,1190,Yohan Benalouane,1987-03-28,1439,,,29,
63,16211,1640,Tendayi Darikwa ,1991-12-13,2325,,,27,
63,16211,37391019,George Shelvey,2001-04-22,462,,,43,
63,16211,808,C. Jenkinson,1992-02-08,462,,,16,
63,16211,99039,Nuno da Costa,1991-02-10,772,,,9,
63,16211,95097,Samba Sow,1989-04-29,26,,,21,
63,16211,162210,Yuri Ribeiro,1997-01-24,20,,,2,
63,16211,371504,Alfa Semedo,1997-08-30,1707,,,17,
63,16211,6524,Matty Cash,1997-08-07,2,,,11,
63,16211,1727,Albert Adomah,1987-12-13,468,,,37,
63,16211,522,Ben Watson,1985-07-09,462,,,8,
63,16211,1239,Sammy Ameobi,1992-05-01,462,,,19,
63,16211,259,Michael Dawson,1983-11-18,462,,,20,
63,16211,32786894,Alex Mighten,2002-04-11,462,,,48,
63,16211,7176,Joe Worrall,1997-01-10,462,,,4,
63,16211,159435,Tiago Silva,1993-06-02,20,,,28,
63,16211,96775,Adama Diakhaby,1996-07-05,17,,,14,
63,16211,3165,Tyler Walker,1996-10-17,462,,,34,
63,16211,159997,Tobias Figueiredo,1994-02-02,20,,,3,
63,16211,3041,Joe Lolley,1992-08-25,462,,,23,
63,16211,10831,Ryan Yates ,1997-11-21,462,,,22,
63,16211,1118,Lewis Grabban,1988-01-12,462,,,7,
63,16211,186965,Rafa Mir,1997-06-18,32,,,14,
64,16211,2612,Frank Fielding,1988-04-04,462,,,1,
64,16211,2017,Luke Steele,1984-09-24,462,,,14,
64,16211,2538508,Ryan Sandford,1999-02-21,462,,,31,
64,16211,37391763,Junior Tiensia,2000-12-25,462,,,27,
64,16211,22145897,Tyler Burey,2001-06-18,462,,,32,
64,16211,523934,James Brown,1998-01-12,2756,,,17,
64,16211,2854,Bartosz Białkowski,1987-07-06,2,,,33,
64,16211,4187,Jason McCarthy,1995-11-07,462,,,2,
64,16211,2642,M. Bennett,1996-07-15,462,,,20,
64,16211,34492317,Billy Mitchell,2001-04-07,462,,,42,
64,16211,3096,Murray Wallace,1993-01-10,1161,,,3,
64,16211,7292,Ben Thompson,1995-10-03,462,,,8,
64,16211,6560,J. Böðvarsson,1992-05-25,1796,,,23,
64,16211,6182,Jed Wallace,1994-03-26,462,,,7,
64,16211,581003,Jayson Molumby,1999-08-06,455,,,16,
64,16211,3166,Shaun Williams,1986-10-19,455,,,6,
64,16211,3247,Shaun Hutchinson,1990-11-23,462,,,4,
64,16211,2821,Shane Ferguson,1991-07-12,491,,,11,
64,16211,5531,Aiden O'Brien,1993-10-04,455,,,22,
64,16211,2944,Matt Smith,1989-06-07,462,,,10,
64,16211,5971,Jake Cooper,1995-02-03,462,,,5,
64,16211,3398,Tom Bradshaw,1992-07-27,515,,,9,
64,16211,3317,Ryan Woods,1993-12-13,462,,,19,
64,16211,1091,Alex Pearce,1988-11-09,455,,,15,
64,16211,9483,Mahlon Romeo,1995-09-19,137919,,,12,
64,16211,2940,Jiri Skalak,1992-03-12,245,,,26,
64,16211,5173,Ryan Leonard,1992-05-24,462,,,18,
64,16211,37391202,Hayden Muller,2002-02-07,462,,,45,
64,16211,6115,Connor Mahoney,1997-02-12,462,,,21,
69,16211,923,Neil Etheridge,1990-02-07,50809,,,1,
69,16211,3140,Bobby De Cordova-Reid,1993-02-02,1640,,,14,
69,16211,22536,Ciaron Brown,1998-01-14,462,,,30,
69,16211,2816056,Cameron Coxe,1998-12-18,515,,,32,
69,16211,37392837,Ntazana Mayembe,,2568,,,42,
69,16211,1864,Brad Smith,1994-04-09,98,,,24,
69,16211,1727,Albert Adomah,1987-12-13,468,,,14,
69,16211,2311,Sol Bamba,1985-01-13,23,,,22,
69,16211,2610,Gary Madine,1990-08-24,462,,,24,
69,16211,2515,Joe Bennett,1990-03-28,462,,,3,
69,16211,6559,Will Vaulks ,1993-09-13,515,,,6,
69,16211,172757,Callum Paterson,1994-10-13,1161,,,13,
69,16211,3155,Aden Flint,1989-07-11,462,,,5,
69,16211,7983,Omar Bogle,1993-07-26,462,,,27,
69,16211,261,Junior Hoilett,1990-06-05,1004,,,33,
69,16211,149266,Gavin Whyte,1996-01-31,491,,,20,
69,16211,11152,Isaac Vassell,1993-09-09,462,,,10,
69,16211,2313,Alex Smithies,1990-03-05,462,,,12,
69,16211,320,Daniel Ward,1990-12-09,462,,,23,
69,16211,3142,Marlon Pack ,1991-03-25,462,,,15,
69,16211,2872,Josh Murphy,1995-02-24,462,,,11,
69,16211,3519,Nathaniel Méndez-Laing,1992-04-15,53128,,,19,
69,16211,871,Leandro Bacuna,1991-08-21,7437,,,7,
69,16211,3022,Joe Ralls,1993-10-12,462,,,8,
69,16211,899,Jazz Richards,1991-04-12,515,,,21,
69,16211,35801,Robert Glatzel ,1994-01-08,11,,,9,
69,16211,2619,Lee Tomlin,1989-01-12,462,,,17,
69,16211,3057,Sean Morrison,1991-01-08,462,,,4,
69,16211,2303,Lee Peltier,1986-12-11,462,,,2,
69,16211,2652,Joe Day,1990-08-13,462,,,25,
69,16211,1494341,Dion Sanderson,1999-12-15,462,,,2,
69,16211,7909,Curtis Nelson,1993-05-21,462,,,16,
71,16211,155323,B. Douglas,1989-09-04,1161,,,3,
71,16211,25567988,Leif Davis,1999-12-31,462,,,40,
71,16211,27824276,Robbie Gotts,1999-11-09,462,,,36,
71,16211,25931162,A. McCalmont,2000-03-25,491,,,38,
71,16211,37374545,Oliver Casey,2000-12-19,462,,,49,
71,16211,37262103,Bryce Hosannah,1999-04-08,462,,,33,
71,16211,22146095,Elia Caprile,2001-08-25,251,,,25,
71,16211,1716,Adam Forshaw,1991-10-08,462,,,4,
71,16211,157854,Kamil Miazek,1996-08-15,2,,,30,
71,16211,9939186,Mateusz Bogusz,2001-08-22,2,,,44,
71,16211,10310765,Jack Clarke,2000-11-23,462,,,47,
71,16211,432881,Illan Meslier,2000-03-02,17,,,1,
71,16211,29478,Pascal Struijk,1999-08-11,556,,,34,
71,16211,1175,Patrick Bamford,1993-09-05,462,,,9,
71,16211,262274,Jack Harrison,1996-11-20,462,,,22,
71,16211,3861342,Jordan Stevens,2000-03-25,462,,,48,
71,16211,3354,Kalvin Phillips ,1995-12-02,462,,,23,
71,16211,20694519,Jamie Shackleton ,1999-10-08,462,,,46,
71,16211,3216,Gaetano Berardi,1988-08-21,62,,,28,
71,16211,2823510,Ian Poveda,2000-02-09,462,,,7,
71,16211,3158,Luke Ayling,1991-08-25,462,,,2,
71,16211,4527,Tyler Roberts,1999-01-12,515,,,11,
71,16211,3344,Liam Cooper,1991-08-30,1161,,,6,
71,16211,25063,Mateusz Klich,1990-06-13,2,,,43,
71,16211,6563,Hélder Costa,1994-01-12,911,,,17,
71,16211,96474,Jean-Kévin Augustin,1997-06-16,17,,,29,
71,16211,185653,Kiko Casilla,1986-10-02,32,,,13,
71,16211,539961,Eddie Nketiah,1999-05-30,462,,,14,
71,16211,197870,Ezgjan Alioski,1992-02-12,57142,,,10,
71,16211,1267,Pablo Hernández,1985-04-11,32,,,19,
71,16211,2818,Stuart Dallas,1991-04-19,491,,,15,
71,16211,3259,Ben White,1997-10-08,462,,,5,
99,16211,3851,L. Moult,1992-05-14,462,,,9,
99,16211,2797,Connor Ripley,1993-02-13,462,,,25,
99,16211,2206671,Tom Bayliss,1999-04-06,462,,,7,
99,16211,7139,Mathew Hudson,1998-07-29,462,,,28,
99,16211,37255849,Jack Armer,2001-04-16,1161,,,34,
99,16211,9599,Josh Ginnelly,1997-03-24,462,,,17,
99,16211,365,David Nugent,1985-05-02,462,,,35,
99,16211,12543,Jordan Storey,1997-09-02,462,,,14,
99,16211,6591,Darnell Fisher,1994-04-04,462,,,2,
99,16211,4281,Ryan Ledson ,1997-08-19,462,,,18,
99,16211,537991,Josh Harrop,1995-12-15,462,,,10,
99,16211,180,Scott Sinclair,1989-03-25,462,,,31,
99,16211,250,Paul Gallagher,1984-09-08,1161,,,12,
99,16211,6285,Ben Davies,1995-08-11,462,,,6,
99,16211,7838,Billy Bodin,1992-03-24,515,,,39,
99,16211,4599,Andre Green,1998-07-26,462,,,19,
99,16211,963,Declan Rudd,1991-01-16,462,,,1,
99,16211,3467,Tom Clarke,1987-12-21,462,,,5,
99,16211,6634,Ben Pearson,1995-01-04,462,,,4,
99,16211,9522,Andrew Hughes,1992-06-05,515,,,16,
99,16211,8420,Brad Potts,1994-07-03,462,,,44,
99,16211,3455,Daniel Johnson,1992-10-08,1640,,,11,
99,16211,5598,Tom Barkhuizen,1993-07-04,462,,,29,
99,16211,6231,Patrick Bauer,1992-10-28,11,,,21,
99,16211,8842,Joe Rafferty,1993-10-06,455,,,15,
99,16211,3449,Alan Browne,1995-04-15,455,,,8,
99,16211,12404,Sean Maguire ,1994-05-01,455,,,24,
99,16211,3287,Paul Huntington,1987-09-17,462,,,23,
99,16211,5727,Jayden Stockley,1993-09-15,462,,,20,
115,16211,1660,Alan Sheehan,1986-09-14,455,,,44,
115,16211,4617,Lloyd Jones,1995-10-07,462,,,28,
115,16211,402,Marek Štech,1990-01-28,245,,,1,
115,16211,20716535,Peter Kioso,1999-08-15,1320,,,30,
115,16211,1254,Brendan Galloway,1996-03-17,2325,,,23,
115,16211,1040,Jacob Butterfield,1990-06-10,462,,,29,
115,16211,540564,Luke Bolton,1999-10-07,462,,,22,
115,16211,4229,Daniel Potts,1994-04-13,462,,,3,
115,16211,2268,Kazenga LuaLua,1990-12-10,1320,,,25,
115,16211,12129,Pelly Ruddock Mpanzu,1994-03-22,462,,,17,
115,16211,3141,Donervon Daniels,1993-11-24,14837,,,33,
115,16211,2827,Andrew Shinnie,1989-07-17,1161,,,11,
115,16211,2625,Ryan Tunnicliffe,1992-12-30,462,,,4,
115,16211,5489,Sonny Bradley,1991-09-13,462,,,5,
115,16211,3193,Glen Rea,1994-09-03,455,,,16,
115,16211,1476,Callum McManaman,1991-04-25,462,,,7,
115,16211,8662,D. Hylton,1989-02-25,462,,,9,
115,16211,5785,Harry Cornick,1995-04-09,462,,,14,
115,16211,3987,James Shea,1991-06-16,462,,,36,
115,16211,8749,Luke Berry,1992-07-12,462,,,8,
115,16211,1712,Cameron Carter-Vickers ,1997-12-31,3483,,,18,
115,16211,74156,Simon Sluga,1993-03-17,266,,,12,
115,16211,11471,Matty Pearson,1993-08-03,462,,,6,
115,16211,6513,James Bree,1997-12-11,462,,,26,
115,16211,4107,Elliot Lee,1994-12-16,462,,,10,
115,16211,3400,George Moncur,1993-08-18,462,,,20,
115,16211,725,Martin Cranie,1986-09-26,462,,,2,
115,16211,9366,James Collins ,1990-12-01,455,,,19,
115,16211,4461,Isaiah Brown,1997-01-07,462,,,24,
122,16211,3142,Marlon Pack ,1991-03-25,462,,,21,
122,16211,10496,Jay Dasilva,1998-04-22,462,,,3,
122,16211,8740,Sammie Szmodics,1995-09-24,462,,,17,
122,16211,338959,Joseph Wollacott,1996-09-08,468,,,38,
122,16211,2958,Niki Mäenpää,1985-01-23,1233,,,33,
122,16211,3372,Marley Watkins,1990-10-17,515,,,15,
122,16211,455482,Freddy Hinds,1999-01-28,462,,,24,
122,16211,7998,M. Taylor,1990-03-30,462,,,10,
122,16211,1304,Rene Gilmartin,1987-05-31,455,,,13,
122,16211,4807,Markus Henriksen,1992-07-25,1578,,,8,
122,16211,10990678,Antoine Semenyo,2000-01-07,468,,,18,
122,16211,3301,Daniel Bentley,1993-07-13,462,,,1,
122,16211,3143,Josh Brownhill,1995-12-19,462,,,8,
122,16211,3145,Callum O'Dowda,1995-04-23,455,,,11,
122,16211,3063,Nahki Wells,1990-06-01,15326,,,21,
122,16211,3267,Kasey Palmer,1996-11-09,1640,,,45,
122,16211,2635,Tommy Rowe,1988-09-24,462,,,25,
122,16211,3167,Jamie Paterson,1991-12-20,462,,,20,
122,16211,3469,Bailey Wright,1992-07-28,98,,,5,
122,16211,96657,Famara Diédhiou,1992-12-15,200,,,9,
122,16211,7250,Zak Vyner,1997-05-14,462,,,26,
122,16211,6943,Taylor Moore,1997-05-12,462,,,23,
122,16211,191003,Niclas Eliasson,1995-12-07,47,,,19,
122,16211,74008,Filip Benkovic,1997-07-13,266,,,31,
122,16211,339,Andreas Weimann,1991-08-05,143,,,14,
122,16211,856,Ashley Williams,1984-08-23,515,,,29,
122,16211,4421,Korey Smith,1991-01-31,462,,,7,
122,16211,2318,Jack Hunt ,1990-12-06,462,,,2,
122,16211,868,Nathan Baker,1991-04-23,462,,,6,
122,16211,1832,Benik Afobe,1993-02-12,1320,,,40,
122,16211,129907,Pedro Pereira,1998-01-22,20,,,32,
122,16211,9606076,Han-Noah Massengo,2001-07-07,17,,,42,
122,16211,5612,Rodri,1990-06-06,32,,,31,
122,16211,2960,Tomas Kalas,1993-05-15,245,,,22,
122,16211,114226,Ádám Nagy,1995-06-17,674,,,4,
236,16211,581113,Marcus Forss,1999-06-18,1233,,,15,
236,16211,432256,Jaakko Oksanen,2000-11-07,1233,,,34,
236,16211,1478,Luke Daniels,1988-01-05,462,,,28,
236,16211,4997513,Fredrik Hammar ,2001-02-26,47,,,33,
236,16211,16496779,Dominic Thompson,2000-07-26,462,,,2,
236,16211,2510218,Dru Yearwood,2000-02-17,462,,,4,
236,16211,62610,Nikolaos Karelis,1992-02-24,125,,,9,
236,16211,37357412,G. Mogensen,2001-04-19,320,,,36,
236,16211,3318,Josh Clarke,1995-07-05,462,,,20,
236,16211,84594,Mads Bech Sørensen,1999-01-07,320,,,29,
236,16211,183491,Joel Valencia,1994-11-16,459,,,16,
236,16211,83927,Emiliano Marcondes,1995-03-09,320,,,17,
236,16211,6022,Tariqe Fosu-Henry,1995-11-05,468,,,24,
236,16211,84426,Mathias Jensen,1996-01-01,320,,,8,
236,16211,5007,Sergi Canós ,1997-02-02,32,,,7,
236,16211,62546,J. Jeanvier,1992-03-31,1703,,,23,
236,16211,15665,Ethan Pinnock,1993-05-29,1640,,,5,
236,16211,24310,Islom Ismoilov,1991-03-11,146,,,12,
236,16211,31609,Christian Nørgaard,1994-03-10,320,,,6,
236,16211,62855,Henrik Dalsgaard,1989-07-27,320,,,22,
236,16211,3130,David Raya,1995-09-15,32,,,1,
236,16211,523963,Luka Racic,1999-05-08,320,,,32,
236,16211,3877087,Halil Dervişoğlu,1999-12-08,404,,,21,
236,16211,456067,Mads Roerslev ,1999-06-24,320,,,35,
236,16211,12145,Ollie Watkins,1995-12-30,462,,,11,
236,16211,7993,Rico Henry,1997-07-08,462,,,3,
236,16211,28571312,Jan Zamburek,2001-02-13,245,,,31,
236,16211,96426,Saïd Benrahma,1995-08-10,614,,,10,
236,16211,6970,Pontus Jansson,1991-02-13,47,,,18,
236,16211,529689,Bryan Mbeumo,1999-08-07,593,,,19,
236,16211,339093,Josh Dasilva,1998-10-23,462,,,14,
236,16211,2510251,Shandon Baptiste ,1998-04-08,26833,,,26,
251,16211,3298,Aaron Mooy,1990-09-15,98,,,10,
251,16211,3011,Reece Brown,1996-03-03,462,,,20,
251,16211,63050,Isaac Mbenza,1996-03-08,556,,,18,
251,16211,40658,Herbert Bockhorn,1995-01-31,11,,,14,
251,16211,3294,Rajiv van La Parra,1991-06-04,38,,,17,
251,16211,37350690,Kian Harratt,2002-06-21,462,,,37,
251,16211,3342,Joel Coleman,1995-09-26,462,,,13,
251,16211,37357274,Scott High,2001-02-15,1161,,,43,
251,16211,20692499,Jacob Chapman,2000-10-22,98,,,42,
251,16211,32796827,Ben Jackson,2001-02-22,462,,,47,
251,16211,37402202,Micah Obiero,2001-02-22,462,,,36,
251,16211,37374546,Josh Austerfield ,2001-11-02,462,,,46,
251,16211,22682,Ryan Schofield,1999-12-11,462,,,31,
251,16211,13990,Rekeil Pyke,1997-09-01,462,,,25,
251,16211,540289,Jaden Brown,1999-01-24,462,,,28,
251,16211,24508,Terence Kongolo,1994-02-14,38,,,5,
251,16211,16827156,Matty Daly,2001-03-10,462,,,41,
251,16211,32013821,Aaron Rowe,2000-09-07,462,,,44,
251,16211,3463,Harry Toffolo,1995-08-19,462,,,3,
251,16211,96775,Adama Diakhaby,1996-07-05,17,,,11,
251,16211,1494446,Emile Smith Rowe,2000-07-28,462,,,32,
251,16211,32518,Florent Hadergjonaj,1994-07-31,122,,,33,
251,16211,3264,Elias Kachunga,1992-04-22,1320,,,9,
251,16211,313,Fraizer Campbell,1987-09-13,462,,,22,
251,16211,10310312,Lewis O'Brien,1998-10-14,462,,,39,
251,16211,6073,Karlan Grant,1997-09-18,462,,,16,
251,16211,2829,Alex Pritchard,1993-05-03,462,,,21,
251,16211,1050,Tommy Elphick,1987-09-07,462,,,4,
251,16211,96201,Steve Mounié,1994-09-29,7830,,,24,
251,16211,1494392,Kamil Grabara,1999-01-08,2,,,1,
251,16211,338938,Chris Willock,1998-01-31,462,,,10,
251,16211,8031,Collin Quaner,1991-06-18,11,,,23,
251,16211,12474,Josh Koroma,1998-11-09,462,,,19,
251,16211,956,Andy King,1988-10-29,515,,,29,
251,16211,32408,Jonas Lössl,1989-02-01,320,,,49,
251,16211,2230,Jonathan Hogg,1988-12-06,462,,,6,
251,16211,25515,Juninho Bacuna,1997-08-07,7437,,,7,
251,16211,37255850,Rarmani Edmonds-Green,1999-01-14,462,,,35,
251,16211,1027,Danny Simpson,1987-01-04,462,,,17,
251,16211,500,Richard Stearman,1987-08-19,462,,,12,
251,16211,537207,Demeaco Duhaney,1998-10-13,462,,,38,
251,16211,537117,Trevoh Chalobah,1999-07-05,462,,,8,
251,16211,3339,Jon Gorenc Stankovic,1996-01-14,1638,,,27,
251,16211,3291,Christopher Schindler,1990-04-29,11,,,26,
1,16036,129017,Nathan Holland,1998-06-19,462,,,37,
1,16036,108842,Roberto Jiménez,1986-02-10,32,,,13,
1,16036,736,Javier Hernández Balcázar,1988-06-01,458,,,9,
1,16036,1452,Manuel Lanzini,1993-02-15,44,,,10,
1,16036,1043,Carlos Sánchez,1986-02-06,353,,,15,
1,16036,33792,Albian Ajeti,1997-02-26,62,,,27,
1,16036,156,Mark Noble,1987-05-08,462,,,16,
1,16036,383,Winston Reid,1988-07-03,2817,,,2,
1,16036,1449,Darren Randolph,1987-05-12,455,,,35,
1,16036,19625221,Gonçalo Cardoso,2000-10-21,20,,,20,
1,16036,1494211,Bernardo Rosa,2000-09-20,5,,,44,
1,16036,581199,Ben Johnson,2000-01-24,462,,,53,
1,16036,581197,Conor Coventry,2000-03-25,455,,,54,
1,16036,160336,Xande Silva,1997-03-16,20,,,32,
1,16036,581124,Alfie Lewis,1999-09-28,462,,,39,
1,16036,15076349,Joseph Anang,2000-06-08,468,,,49,
1,16036,1592,Jarrod Bowen ,1996-12-20,462,,,17,
1,16036,186815,Pablo Fornals,1996-02-22,32,,,18,
1,16036,870,Robert Snodgrass,1987-09-07,1161,,,11,
1,16036,4371,Kazım Nas,1992-10-10,462,,,24,
1,16036,3544,David Martin,1986-01-22,462,,,25,
1,16036,1941,Arthur Masuaku,1993-11-07,1320,,,26,
1,16036,1261,Aaron Cresswell,1989-12-15,462,,,3,
1,16036,237,Pablo Zabaleta,1985-01-16,44,,,5,
1,16036,80655,Tomáš Souček ,1995-02-27,245,,,28,
1,16036,5273,Declan Rice,1999-01-14,462,,,41,
1,16036,733,Lukasz Fabianski ,1985-04-18,2,,,1,
1,16036,1416,Raphael Duarte,1988-05-23,251,,,21,
1,16036,5666544,Jeremy Ngakia,2000-09-07,462,,,52,
1,16036,129454,Felipe Anderson,1993-04-15,5,,,8,
1,16036,717,J. Wilshere,1992-01-01,462,,,19,
1,16036,204697,Andriy Yarmolenko,1989-10-23,86,,,7,
1,16036,1922,Michail Antonio,1990-03-28,1640,,,30,
1,16036,219591,Fabián Balbuena,1991-08-23,1190,,,4,
1,16036,96799,Issa Diop,1997-01-09,1424,,,23,
1,16036,25499,Sébastien Haller,1994-06-22,23,,,22,
6,16036,4913,Georges-Kevin N'Koudou,1995-02-13,593,,,14,
6,16036,540579,Oliver Skipp,2000-09-16,462,,,29,
6,16036,977,Michel Vorm,1983-10-20,38,,,13,
6,16036,23277907,Troy Parrott,2002-02-04,455,,,52,
6,16036,335705,Juan Foyth,1998-01-12,44,,,21,
6,16036,540476,Brandon Austin,1999-01-08,462,,,49,
6,16036,23697537,Dennis Cirkin,2002-04-06,462,,,77,
6,16036,340346,Alfie Whiteman,1998-10-02,462,,,41,
6,16036,25776,Steven Bergwijn,1997-10-08,38,,,23,
6,16036,1271,Danny Rose,1990-07-02,462,,,3,
6,16036,992,Christian Eriksen,1992-02-14,320,,,23,
6,16036,540290,Japhet Tanganga,1999-03-31,462,,,39,
6,16036,1380,Moussa Sissoko,1989-08-16,17,,,17,
6,16036,1172,Victor Wanyama,1991-06-25,1179,,,12,
6,16036,988,Toby Alderweireld,1989-03-02,556,,,4,
6,16036,1711,Harry Winks,1996-02-02,462,,,8,
6,16036,6610,Ryan Sessegnon,2000-05-18,462,,,19,
6,16036,99148,Tanguy Ndombélé,1996-12-28,17,,,28,
6,16036,1411,Paulo Gazzaniga,1992-01-02,44,,,22,
6,16036,916,Eric Dier,1994-01-15,462,,,15,
6,16036,997,Harry Kane ,1993-07-28,462,,,10,
6,16036,989,Ben Davies,1993-04-24,515,,,33,
6,16036,95998,Lucas Moura ,1992-08-13,5,,,27,
6,16036,922,Dele Alli,1996-04-11,462,,,20,
6,16036,97664,Giovani Lo Celso,1996-04-09,44,,,18,
6,16036,4313,Heung-min Son ,1992-07-08,712,,,7,
6,16036,26294,Davinson Sánchez,1996-06-12,353,,,6,
6,16036,23277906,Harvey White,2001-09-19,462,,,53,
6,16036,164132,Gedson Fernandes,1999-01-09,20,,,30,
6,16036,941,Erik Lamela,1992-03-04,44,,,11,
6,16036,915,Jan Vertonghen,1987-04-24,556,,,5,
6,16036,4659,Kyle Walker-Peters,1997-04-13,462,,,16,
6,16036,95094,Serge Aurier,1992-12-24,23,,,24,
6,16036,1014,Hugo Lloris,1986-12-26,17,,,1,
8,16036,1389,Sadio Mané,1992-04-10,200,,,10,
8,16036,1791,Andy Lonergan,1983-10-19,462,,,22,
8,16036,896225,Caoimhín Kelleher,1998-11-23,455,,,62,
8,16036,1149,Adam Lallana,1988-05-10,462,,,20,
8,16036,23269836,Harvey Elliott,2003-04-04,462,,,67,
8,16036,1494396,Nat Phillips,1997-03-21,462,,,47,
8,16036,23269652,Ki-Jana Hoever,2002-01-18,38,,,51,
8,16036,455354,Rhian Brewster ,2000-04-01,462,,,24,
8,16036,1168,Dejan Lovren,1989-07-05,266,,,6,
8,16036,850,Alex Oxlade-Chamberlain,1993-08-15,462,,,15,
8,16036,52671,Takumi Minamino,1995-01-16,479,,,18,
8,16036,323,Jordan Henderson ,1990-06-17,462,,,14,
8,16036,96099,Fabinho,1993-10-23,5,,,3,
8,16036,1917,Trent Alexander-Arnold,1998-10-07,462,,,66,
8,16036,1453,Joe Gomez ,1997-05-23,462,,,12,
8,16036,1251,Adrián,1987-01-03,32,,,13,
8,16036,129820,Alisson,1992-10-02,5,,,1,
8,16036,1743,Virgil van Dijk ,1991-07-08,38,,,4,
8,16036,32640,Naby Keïta,1995-02-10,1703,,,8,
8,16036,1461,Roberto Firmino,1991-10-02,5,,,9,
8,16036,197,James Milner,1986-01-04,462,,,7,
8,16036,4125,Mohamed Salah,1992-06-15,886,,,11,
8,16036,11720838,Neco Williams,2001-04-13,515,,,76,
8,16036,1078,Andrew Robertson,1994-03-11,1161,,,26,
8,16036,1920,Joël Matip,1991-08-08,593,,,32,
8,16036,4545513,Curtis Jones,2001-01-30,462,,,48,
8,16036,1365,Georginio Wijnaldum,1990-11-11,38,,,5,
8,16036,1714,Xherdan Shaqiri  ,1991-10-10,62,,,23,
8,16036,1472,Divock Origi,1995-04-18,556,,,27,
9,16036,4792,Claudio Bravo,1983-04-13,80,,,1,
9,16036,4337,Angeliño,1997-01-04,32,,,12,
9,16036,105,Scott Carson,1985-09-03,462,,,33,
9,16036,4545389,Eric García,2001-01-09,32,,,50,
9,16036,4783,Leroy Sané,1996-01-11,11,,,19,
9,16036,28912747,Cole Palmer,2002-05-06,462,,,80,
9,16036,23278675,Taylor Harwood-Bellis,2002-01-30,462,,,78,
9,16036,982,John Stones,1994-05-28,462,,,5,
9,16036,9605714,Tommy Doyle,2001-10-17,462,,,69,
9,16036,4842,İlkay Gündoğan,1990-10-24,11,,,8,
9,16036,1359,Sergio Agüero,1988-06-02,44,,,10,
9,16036,1371,Kevin De Bruyne,1991-06-28,556,,,17,
9,16036,159142,Ederson,1993-08-17,5,,,31,
9,16036,96353,Bernardo Silva,1994-08-10,20,,,20,
9,16036,294,David Silva,1986-01-08,32,,,21,
9,16036,160956,João Cancelo,1994-05-27,20,,,27,
9,16036,26603,Oleksandr Zinchenko,1996-12-15,86,,,11,
9,16036,911,Kyle Walker,1990-05-28,462,,,2,
9,16036,5329,Gabriel Jesus,1997-04-03,5,,,9,
9,16036,1822,Nicolás Otamendi,1988-02-12,44,,,30,
9,16036,186299,Aymeric Laporte,1994-05-27,32,,,14,
9,16036,802,Raheem Sterling,1994-12-08,462,,,7,
9,16036,96183,Benjamin Mendy,1994-07-17,17,,,22,
9,16036,971,Riyad Mahrez,1991-02-21,614,,,26,
9,16036,336133,Phil Foden,2000-05-28,462,,,47,
9,16036,1408,Fernandinho,1985-05-04,5,,,25,
9,16036,186910,Rodri ,1996-06-22,32,,,16,
13,16036,1826,Jordan Pickford,1994-03-07,462,,,1,
13,16036,32421,Jean-Philippe Gbamin,1995-09-25,23,,,25,
13,16036,32408,Jonas Lössl,1989-02-01,320,,,49,
13,16036,1072,Maarten Stekelenburg,1982-09-22,38,,,22,
13,16036,4607,Oumar Niasse,1990-04-18,200,,,29,
13,16036,9611543,Anthony Gordon,2001-02-24,462,,,42,
13,16036,581071,Beni Baningime,1998-09-09,1320,,,34,
13,16036,1370,Cuco Martina,1989-09-25,7437,,,30,
13,16036,2823410,Lewis Gibson,2000-07-19,462,,,37,
13,16036,15076357,Ellis Simms,2001-01-05,462,,,50,
13,16036,539969,João Virgínia,1999-10-10,20,,,31,
13,16036,32404895,Jarrad Branthwaite,2002-06-27,462,,,32,
13,16036,390,Leighton Baines,1984-12-11,462,,,3,
13,16036,133769,Moise Kean,2000-02-28,251,,,27,
13,16036,881,Michael Keane,1993-01-11,462,,,5,
13,16036,1881,Alex Iwobi,1996-05-03,716,,,17,
13,16036,95699,Djibril Sidibé,1992-07-29,17,,,19,
13,16036,1692,Mason Holgate,1996-10-22,462,,,2,
13,16036,5141,Dominic Calvert-Lewin,1997-03-16,462,,,9,
13,16036,220040,Yerry Mina ,1994-09-23,353,,,13,
13,16036,219633,Richarlison,1997-05-10,5,,,7,
13,16036,95368,Lucas Digne,1993-07-20,17,,,12,
13,16036,764,Séamus Coleman,1988-10-11,455,,,23,
13,16036,53,Theo Walcott,1989-03-16,462,,,11,
13,16036,159372,André Gomes,1993-07-30,20,,,21,
13,16036,1706,Tom Davies,1998-06-30,462,,,26,
13,16036,814,Gylfi Sigurdsson,1989-09-08,1796,,,10,
13,16036,967,Morgan Schneiderlin,1989-11-08,17,,,18,
13,16036,166,Fabian Delph,1989-11-21,462,,,8,
13,16036,45863,Cenk Tosun,1991-06-07,404,,,14,
13,16036,205595,Bernard,1992-09-08,5,,,20,
14,16036,945,Sergio Romero,1987-02-22,44,,,22,
14,16036,1494236,Tahith Chong,1999-12-04,7437,,,44,
14,16036,4536524,James Garner,2001-03-13,462,,,37,
14,16036,608285,Angel Gomes,2000-08-31,462,,,28,
14,16036,1947,Lee Grant,1983-01-27,462,,,13,
14,16036,433,Phil Jones,1992-02-21,462,,,4,
14,16036,4601,Timothy Fosu-Mensah,1998-01-02,38,,,24,
14,16036,1248,Odion Ighalo,1989-06-16,716,,,25,
14,16036,165,Ashley Young,1985-07-09,462,,,18,
14,16036,832,David de Gea ,1990-11-07,32,,,1,
14,16036,1992,Paul Pogba,1993-03-15,17,,,6,
14,16036,160206,Victor Lindelöf,1994-07-17,47,,,2,
14,16036,1004,Andreas Pereira,1996-01-01,5,,,15,
14,16036,846,Juan Mata,1988-04-28,32,,,8,
14,16036,4536527,Brandon Williams,2000-09-03,462,,,53,
14,16036,205411,Fred,1993-03-05,5,,,17,
14,16036,455376,Scott McTominay ,1996-12-08,1161,,,39,
14,16036,129602,Bruno Fernandes ,1994-09-08,20,,,18,
14,16036,5252,Aaron Wan-Bissaka,1997-11-26,1320,,,29,
14,16036,1849,Eric Bailly,1994-04-12,23,,,3,
14,16036,955,Luke Shaw,1995-07-12,462,,,23,
14,16036,164061,Diogo Dalot,1999-03-18,20,,,20,
14,16036,820,Jesse Lingard,1992-12-15,462,,,14,
14,16036,20333643,Mason Greenwood,2001-10-01,462,,,26,
14,16036,2884,Harry Maguire,1993-03-05,462,,,5,
14,16036,1878,Marcus Rashford,1997-10-31,462,,,10,
14,16036,5149,Daniel James,1997-11-10,515,,,21,
14,16036,4391,Axel Tuanzebe,1997-11-14,1320,,,38,
14,16036,1829,Anthony Martial,1995-12-05,17,,,9,
14,16036,1876,Marcos Rojo,1990-03-20,44,,,16,
14,16036,1335,Nemanja Matić,1988-08-01,296,,,31,
15,16036,957,J. Steer,1992-09-23,462,,,12,
15,16036,172611,John McGinn ,1994-10-18,1161,,,7,
15,16036,3169,Jonathan Kodjia,1989-10-22,23,,,26,
15,16036,4579,Keinan Davis,1998-02-13,462,,,39,
15,16036,32471,Ørjan Nyland,1990-09-10,1578,,,25,
15,16036,1023,James Chester,1989-01-23,515,,,5,
15,16036,4881,Borja Bastón,1992-08-25,32,,,19,
15,16036,62931,Lovre Kalinić,1990-04-03,266,,,28,
15,16036,28912779,Kaine Kesler-Hayden,2002-10-23,462,,,59,
15,16036,6201,Kortney Hause,1995-07-16,462,,,30,
15,16036,5640883,Indiana Vassilev,2001-02-16,3483,,,36,
15,16036,1454,Tom Heaton,1986-04-15,462,,,1,
15,16036,921,Danny Drinkwater,1990-03-05,462,,,4,
15,16036,817,Neil Taylor,1989-02-07,515,,,3,
15,16036,25126,Marvelous Nakamba,1994-01-19,2325,,,11,
15,16036,96575,Frédéric Guilbert,1994-12-24,17,,,24,
15,16036,1473,Henri Lansbury,1990-10-12,462,,,8,
15,16036,62122,Björn Engels,1994-09-15,556,,,22,
15,16036,62600,Ally Samatta,1992-12-23,35210,,,20,
15,16036,1116,Jack Grealish,1995-09-10,462,,,10,
15,16036,1094,Tyrone Mings,1993-03-13,462,,,40,
15,16036,25354,Anwar El Ghazi,1995-05-03,38,,,21,
15,16036,62865,Wesley Moraes,1996-11-24,5,,,9,
15,16036,38,Pepe Reina,1982-08-31,32,,,29,
15,16036,7124,Ezri Konsa,1997-10-23,462,,,15,
15,16036,225000,Douglas Luiz,1998-05-09,5,,,6,
15,16036,1387,Matt Targett,1995-09-18,462,,,18,
15,16036,2817,Jota Peleteiro,1991-06-16,32,,,23,
15,16036,62879,Mahmoud Trezeguet,1994-10-01,886,,,17,
15,16036,628,Ahmed Eissa El Mohamady Abdel Fattah,1987-09-09,886,,,27,
15,16036,3371,C. Hourihane,1991-02-02,455,,,14,
18,16036,186606,Kepa Arrizabalaga,1994-10-03,32,,,1,
18,16036,1128,Marcos Alonso,1990-12-28,32,,,3,
18,16036,6599973,Billy Gilmour,2001-06-11,1161,,,47,
18,16036,4265,Kenedy,1996-02-08,5,,,16,
18,16036,4536500,Marc Guéhi,2000-07-13,462,,,44,
18,16036,28912783,Lewis Bate,2002-10-28,462,,,64,
18,16036,9308200,Tariq Lamptey,2000-09-30,468,,,48,
18,16036,6599974,Tino Anjorin,2001-11-23,462,,,55,
18,16036,23697427,Armando Broja,2001-09-10,2454,,,57,
18,16036,1330,César Azpilicueta,1989-08-28,32,,,28,
18,16036,1317,Willian,1988-08-09,5,,,10,
18,16036,1921,Michy Batshuayi,1993-10-02,556,,,23,
18,16036,2875858,Callum Hudson-Odoi,2000-11-07,462,,,20,
18,16036,1953,Ruben Loftus-Cheek,1996-01-23,462,,,12,
18,16036,4460,Andreas Christensen,1996-04-10,320,,,4,
18,16036,129794,Emerson,1994-08-03,251,,,33,
18,16036,537121,Mason Mount ,1999-01-10,462,,,19,
18,16036,1193,N'Golo Kanté,1991-03-29,17,,,7,
18,16036,73147,Mateo Kovacic,1994-05-06,266,,,17,
18,16036,32438,Christian Pulisic,1998-09-18,3483,,,22,
18,16036,3139,Tammy Abraham,1997-10-02,462,,,9,
18,16036,4655,Fikayo Tomori,1997-12-19,462,,,29,
18,16036,1440,Willy Caballero,1981-09-28,44,,,13,
18,16036,581220,Reece James ,1999-12-08,462,,,24,
18,16036,129511,Jorginho,1991-12-20,251,,,5,
18,16036,968,Ross Barkley,1993-12-05,462,,,8,
18,16036,1923,Pedro,1987-07-28,32,,,11,
18,16036,31837,Antonio Rüdiger,1993-03-03,11,,,2,
18,16036,1316,Kurt Zouma,1994-10-27,17,,,15,
18,16036,798,Olivier Giroud,1986-09-30,17,,,18,
19,16036,1303,Nacho Monreal,1986-02-26,32,,,18,
19,16036,95334,Alexandre Lacazette,1991-05-28,17,,,9,
19,16036,1343,Emiliano Martínez,1992-09-02,44,,,26,
19,16036,31661,Sead Kolasinac,1993-06-20,507,,,31,
19,16036,3817,Shkodran Mustafi,1992-04-17,11,,,20,
19,16036,1901,Rob Holding,1995-09-20,462,,,16,
19,16036,7026565,Tyreece John-Jules,2001-02-14,462,,,45,
19,16036,1494444,Zech Medley,2000-07-09,462,,,49,
19,16036,186159,Pablo Marí,1993-08-31,32,,,22,
19,16036,109417,Konstantinos Mavropanos,1997-12-11,125,,,27,
19,16036,4307,Matt Macey ,1994-09-09,462,,,33,
19,16036,13633389,Matthew Smith,2000-10-05,462,,,57,
19,16036,1835,Henrikh Mkhitaryan,1989-01-21,919,,,7,
19,16036,31739,Pierre-Emerick Aubameyang,1989-06-18,3662,,,14,
19,16036,31049,Sokratis,1988-06-09,125,,,5,
19,16036,16827155,Bukayo Saka,2001-09-05,462,,,77,
19,16036,537759,Reiss Nelson,1999-12-10,462,,,24,
19,16036,96656,Nicolas Pépé,1995-05-29,23,,,19,
19,16036,186734,Dani Ceballos,1996-08-07,32,,,8,
19,16036,1494446,Emile Smith Rowe,2000-07-28,462,,,32,
19,16036,31342,Bernd Leno,1992-03-04,11,,,1,
19,16036,1899,Héctor Bellerín,1995-03-19,32,,,2,
19,16036,1430,Mesut Özil,1988-10-15,11,,,10,
19,16036,1362,Cédric Soares,1991-08-31,20,,,17,
19,16036,130022,Lucas Torreira,1996-02-11,158,,,11,
19,16036,1333,David Luiz,1987-04-22,5,,,23,
19,16036,97087,Mattéo Guendouzi,1999-04-14,17,,,29,
19,16036,1177,Calum Chambers ,1995-01-20,462,,,21,
19,16036,1494447,Joe Willock,1999-08-20,462,,,28,
19,16036,10959356,Gabriel Martinelli,2001-06-18,5,,,35,
19,16036,1887,Granit Xhaka ,1992-09-27,62,,,34,
19,16036,4344,Ainsley Maitland-Niles,1997-08-29,462,,,15,
19,16036,539961,Eddie Nketiah,1999-05-30,462,,,30,
19,16036,172960,Kieran Tierney,1997-06-05,1161,,,3,
20,16036,360,Ciaran Clark,1989-09-26,455,,,2,
20,16036,1397,Karl Darlow,1990-10-08,515,,,26,
20,16036,173737,Sean Longstaff,1997-10-30,462,,,36,
20,16036,1436,Robert Elliot,1986-04-30,455,,,21,
20,16036,22536389,Tom Allan,1999-09-23,462,,,50,
20,16036,19996845,Kell Watts,1999-11-03,462,,,49,
20,16036,28575684,Jack Young,2000-10-21,462,,,60,
20,16036,4585,Liam Gibson,1997-04-25,462,,,33,
20,16036,813,Sung-yueng Ki,1989-01-24,712,,,4,
20,16036,80889,Martin Dúbravka,1989-01-15,401,,,1,
20,16036,257663,Miguel Almirón ,1994-02-10,1190,,,24,
20,16036,32508,Allan Saint-Maximin,1997-03-12,17,,,10,
20,16036,32391,Yoshinori Muto,1992-07-15,479,,,13,
20,16036,2985,Jamaal Lascelles,1993-11-11,462,,,6,
20,16036,1271,Danny Rose,1990-07-02,462,,,28,
20,16036,1310,Federico Fernández,1989-02-21,44,,,18,
20,16036,33645,Joelinton,1996-08-14,5,,,9,
20,16036,4317,DeAndre Yedlin,1993-07-09,3483,,,22,
20,16036,52296,Valentino Lazaro,1996-03-24,143,,,23,
20,16036,129966,Emil Krafth,1994-08-02,47,,,17,
20,16036,1414,Paul Dummett,1991-09-26,515,,,3,
20,16036,1015,Christian Atsu,1992-01-10,468,,,30,
20,16036,1179,Dwight Gayle,1989-10-17,462,,,12,
20,16036,1352,Javier Manquillo,1994-05-05,32,,,19,
20,16036,96002,Florian Lejeune,1991-05-20,17,,,20,
20,16036,819,Jonjo Shelvey,1992-02-27,462,,,8,
20,16036,746,Andy Carroll,1989-01-06,462,,,7,
20,16036,2954,Isaac Hayden,1995-03-22,462,,,14,
20,16036,32372,Fabian Schär,1991-12-20,62,,,5,
20,16036,22536394,Matty Longstaff,2000-03-21,462,,,43,
20,16036,937,Nabil Bentaleb,1994-11-24,614,,,42,
20,16036,1061,Matt Ritchie,1989-09-10,1161,,,11,
20,16036,24391,Jetro Willems,1994-03-30,38,,,15,
21,16036,500,Richard Stearman,1987-08-19,462,,,19,
21,16036,3571,Kieron Freeman,1992-03-21,515,,,18,
21,16036,26085,Michael Verrips,1996-12-03,38,,,21,
21,16036,1586,Leon Clarke,1985-02-10,462,,,24,
21,16036,411,Jack Rodwell,1991-03-11,462,,,26,
21,16036,109354,Panagiotis Retsos,1998-08-09,125,,,29,
21,16036,20372,Jake Eastwood,1996-10-03,462,,,13,
21,16036,1252,Ravel Morrison,1993-02-02,1640,,,14,
21,16036,3230,Ben Osborn,1994-08-05,462,,,23,
21,16036,3262,John Lundstram,1994-02-18,462,,,7,
21,16036,1384,Patrick McCarthy,1986-02-05,462,,,10,
21,16036,32,Phil Jagielka,1982-08-17,462,,,15,
21,16036,24927,Richairo Zivkovic,1996-09-05,7437,,,30,
21,16036,506,Chris Basham,1988-07-20,462,,,6,
21,16036,1022,Jack Robinson,1993-09-01,462,,,19,
21,16036,12647,Dean Henderson ,1997-03-12,462,,,1,
21,16036,2321,Oliver Norwood ,1991-04-12,491,,,16,
21,16036,1012,M. Bešić,1992-09-10,507,,,27,
21,16036,64193,Sander Berge,1998-02-14,1578,,,32,
21,16036,2891,Simon Moore,1990-05-19,462,,,25,
21,16036,5953,Jack O'Connell,1994-03-29,462,,,5,
21,16036,3305,John Egan,1992-10-20,455,,,12,
21,16036,4901,Lys Mousset,1996-02-08,17,,,22,
21,16036,4746,Oli McBurnie,1996-06-04,1161,,,9,
21,16036,3146,Luke Freeman,1992-03-22,462,,,8,
21,16036,4220,Enda Stevens,1990-07-09,455,,,3,
21,16036,2191,David McGoldrick,1987-11-29,455,,,17,
21,16036,3604,George Baldock,1993-03-09,462,,,2,
21,16036,3530,Callum Robinson,1995-02-02,455,,,11,
21,16036,5858,John Fleck,1991-08-24,1161,,,4,
25,16036,254,Heurelho Gomes,1981-02-15,5,,,1,
25,16036,1374,Daryl Janmaat,1989-07-22,38,,,2,
25,16036,4765,Christian Kabasele,1991-02-24,556,,,27,
25,16036,627,Danny Welbeck,1990-11-26,462,,,10,
25,16036,1279,Sebastian Prödl,1987-06-21,143,,,5,
25,16036,2823509,Tom Dele-Bashiru,1999-09-17,716,,,24,
25,16036,28931574,João Pedro,2001-09-26,5,,,17,
25,16036,129799,Adalberto Peñaranda,1997-05-31,275,,,13,
25,16036,5246,Domingos Quina,1999-11-18,20,,,20,
25,16036,191301,Ken Sema,1993-09-30,47,,,12,
25,16036,4766,Isaac Success,1996-01-07,716,,,22,
25,16036,2144,Abdoulaye Doucouré,1993-01-01,26,,,16,
25,16036,1276,Étienne Capoue,1988-07-11,17,,,29,
25,16036,422,Adrian Mariappa,1986-10-03,1640,,,6,
25,16036,129704,Adam Masina,1994-01-02,1424,,,11,
25,16036,2225,Nathaniel Chalobah,1994-12-12,462,,,14,
25,16036,537,Craig Cathcart,1989-02-06,491,,,15,
25,16036,1183,Craig Dawson,1990-05-06,462,,,4,
25,16036,333416,Ignacio Pussetto,1995-12-21,44,,,33,
25,16036,1625,Andre Gray,1991-06-26,1640,,,18,
25,16036,1253,José Holebas,1984-06-27,125,,,25,
25,16036,185579,Kiko Femenía,1991-02-02,32,,,21,
25,16036,2332,Will Hughes,1995-04-17,462,,,19,
25,16036,1250,Troy Deeney,1988-06-29,462,,,9,
25,16036,4764,Brian Gartland,1991-01-07,44,,,37,
25,16036,1057,Gerard Deulofeu,1994-03-13,32,,,7,
25,16036,450,Ben Foster,1983-04-03,462,,,26,
25,16036,95680,Dimitri Foulquier ,1993-03-23,3779,,,36,
25,16036,1272,Tom Cleverley,1989-08-12,462,,,8,
25,16036,96722,Ismaïla Sarr,1998-02-25,200,,,23,
27,16036,275,Joe Hart,1987-04-19,462,,,20,
27,16036,1466,Kevin Long,1990-08-18,455,,,28,
27,16036,244,Aaron Lennon,1987-04-16,462,,,25,
27,16036,1148,Matej Vydra,1992-05-01,245,,,27,
27,16036,37374537,Mace Lewin Goodridge,1999-09-13,462,,,44,
27,16036,4598715,Ali Koiki,1999-08-22,462,,,42,
27,16036,37518832,Bobby Thomas,2001-01-30,462,,,37,
27,16036,6656,Bailey Peacock-Farrell,1996-10-29,491,,,15,
27,16036,6306101,Anthony Driscoll-Glennon,1999-11-26,462,,,45,
27,16036,539622,Jimmy Dunne  ,1997-10-19,455,,,34,
27,16036,1846775,Joel Mumbongo,1999-01-09,47,,,47,
27,16036,16136250,Lukas Jensen ,1999-03-18,320,,,40,
27,16036,4969703,Josh Benson,1999-12-05,462,,,41,
27,16036,3300,Charlie Taylor,1993-09-18,462,,,3,
27,16036,1723,Ben Gibson ,1993-01-15,462,,,14,
27,16036,921,Danny Drinkwater,1990-03-05,462,,,8,
27,16036,914,Chris Wood,1991-12-07,2817,,,9,
27,16036,1101,Toni Astorgano,1992-01-14,455,,,12,
27,16036,862,Ashley Westwood,1990-04-01,462,,,18,
27,16036,2361,Jeff Hendrick,1992-01-31,455,,,13,
27,16036,1639,James Tarkowski,1992-11-19,462,,,5,
27,16036,2763,Nick Pope,1992-04-19,462,,,1,
27,16036,896,Matthew Lowton,1989-06-09,462,,,2,
27,16036,3143,Josh Brownhill,1995-12-19,462,,,8,
27,16036,1460,Ben Mee,1989-09-21,462,,,6,
27,16036,4598726,Dwight McNeil,1999-11-22,1640,,,11,
27,16036,28912859,Max Thompson,2002-02-09,462,,,33,
27,16036,361,Phil Bardsley,1985-06-28,1161,,,26,
27,16036,1611,Johann Berg Guðmunds­son,1990-10-27,1796,,,7,
27,16036,1156,Jack Cork,1989-06-25,462,,,4,
27,16036,1448,Ashley Barnes,1989-10-30,462,,,10,
27,16036,1152,Jay Rodríguez,1989-07-29,462,,,19,
27,16036,812,Erik Pieters,1988-08-07,38,,,23,
29,16036,3043,Conor Coady,1993-02-25,462,,,16,
29,16036,32536,Jesús Vallejo,1997-01-05,32,,,4,
29,16036,581093,Ben Ashley-Seal,1998-11-21,462,,,56,
29,16036,21414144,Taylor Perry,2001-07-15,462,,,26,
29,16036,14350643,Owen Otasowie,2001-01-06,3483,,,54,
29,16036,23739135,Luke Cundle,2002-04-26,462,,,68,
29,16036,84448,Oskar Buur,1998-03-31,320,,,59,
29,16036,14338473,Ryan Giles,2000-01-26,462,,,33,
29,16036,29336847,Leonardo Campana ,2000-07-24,459,,,30,
29,16036,890,John Ruddy,1986-10-24,462,,,21,
29,16036,898,Ryan Bennett,1990-03-06,462,,,5,
29,16036,133805,Patrick Cutrone,1998-01-03,251,,,10,
29,16036,160834,Daniel Podence,1995-10-21,20,,,10,
29,16036,159917,Diogo Jota,1996-12-04,20,,,18,
29,16036,186426,Jonny Otto,1994-03-03,32,,,19,
29,16036,159699,Rúben Neves,1997-03-13,20,,,8,
29,16036,62423,Leander Dendoncker,1995-04-15,556,,,32,
29,16036,4241,Adama Traoré,1996-01-25,32,,,37,
29,16036,163516,Bruno Jordão,1998-10-12,20,,,6,
29,16036,537514,Rúben Vinagre,1999-04-09,20,,,29,
29,16036,158453,Rui Patrício,1988-02-15,20,,,11,
29,16036,498161,Maximilian Kilman,1997-05-23,462,,,49,
29,16036,96102,João Moutinho,1986-09-08,20,,,28,
29,16036,95348,Willy Boly,1991-02-03,17,,,15,
29,16036,496775,Pedro Neto,2000-03-09,20,,,7,
29,16036,160217,Raúl Jiménez,1991-05-05,458,,,9,
29,16036,7926,Morgan Gibbs-White,2000-01-27,462,,,17,
29,16036,7144,Romain Saïss,1990-03-26,1424,,,27,
29,16036,3884,Matt Doherty,1992-01-16,455,,,2,
33,16036,757,Tim Krul,1988-04-03,38,,,1,
33,16036,1928,Sam Byram,1993-09-16,462,,,3,
33,16036,30554,R. Fährmann,1988-09-27,11,,,21,
33,16036,1494666,Jamal Lewis ,1998-01-25,491,,,12,
33,16036,3119,Timm Klose,1988-05-09,62,,,15,
33,16036,12562,Akin Famewo,1998-11-09,462,,,43,
33,16036,378669,Archie Mair,2001-02-10,1161,,,60,
33,16036,31280,Lukas Rupp,1991-01-08,11,,,7,
33,16036,13155981,Jordan Thomas,2001-01-02,462,,,41,
33,16036,2206678,Daniel Adshead,2001-09-02,462,,,46,
33,16036,32653,Philip Heise,1991-06-20,11,,,16,
33,16036,3133,Michael McGovern,1984-07-12,491,,,33,
33,16036,28912722,Josh Martin,2001-09-09,462,,,56,
33,16036,95711,Ibrahim Amadou,1993-04-06,17,,,24,
33,16036,37556,Dennis Srbeny,1994-05-05,11,,,32,
33,16036,807,Grant Hanley,1991-11-20,1161,,,5,
33,16036,31030,Moritz Leitner,1992-12-08,11,,,10,
33,16036,4277,Patrick Roberts,1997-02-05,462,,,7,
33,16036,25747,Tom Trybull,1993-03-09,11,,,19,
33,16036,37457,Christoph Zimmermann,1993-01-12,11,,,6,
33,16036,34706,Onel Hernández,1993-02-01,63604,,,11,
33,16036,33793,Ondrej Duda,1994-12-05,401,,,25,
33,16036,172385,Kenny McLean ,1992-01-08,1161,,,23,
33,16036,31174,Marco Stiepermann,1991-02-09,11,,,18,
33,16036,976,Alexander Tettey,1986-04-04,1578,,,27,
33,16036,32172,Mario Vrančić,1989-05-23,507,,,8,
33,16036,581086,Todd Cantwell ,1998-02-27,462,,,14,
33,16036,3533830,Adam Idah,2001-02-11,455,,,35,
33,16036,7958,Ben Godfrey,1998-01-15,462,,,4,
33,16036,31771,Josip Drmić,1992-08-08,62,,,20,
33,16036,186660,Emiliano Buendía,1996-12-25,44,,,17,
33,16036,1494663,Max Aarons,2000-01-04,462,,,2,
33,16036,31433,Teemu Pukki,1990-03-29,1233,,,22,
42,16036,944,Wes Morgan,1984-01-21,1640,,,5,
42,16036,3282,Danny Ward,1993-06-22,515,,,12,
42,16036,5319,Wilfred Ndidi,1996-12-16,716,,,25,
42,16036,2237,Matty James,1991-07-22,462,,,22,
42,16036,74008,Filip Benkovic,1997-07-13,266,,,16,
42,16036,7577,George Hirst,1999-02-15,1161,,,45,
42,16036,10309700,Luke Jonathan Thomas,2001-06-10,462,,,56,
42,16036,540007,Darnell Johnson,1998-09-03,462,,,39,
42,16036,898,Ryan Bennett,1990-03-06,462,,,29,
42,16036,12514,James Justin,1998-02-23,462,,,2,
42,16036,1601,Ben Chilwell,1996-12-21,462,,,3,
42,16036,174,Marc Albrighton,1989-11-18,462,,,11,
42,16036,62342,Youri Tielemans,1997-05-07,556,,,8,
42,16036,96838,Ricardo Pereira,1993-10-06,20,,,21,
42,16036,1191,Juanjo González,1986-04-07,143,,,28,
42,16036,6838,James Maddison,1996-11-23,462,,,10,
42,16036,32574,Çağlar Söyüncü,1996-05-23,404,,,4,
42,16036,6518,Hamza Dewan Choudhury,1997-10-01,462,,,20,
42,16036,1396,Ayoze Pérez,1993-07-29,32,,,17,
42,16036,169,Kasper Schmeichel,1986-11-05,320,,,1,
42,16036,1572,Demarai Gray,1996-06-28,1640,,,7,
42,16036,1182,Jamie Vardy,1987-01-11,462,,,9,
42,16036,1488,Kelechi Iheanacho,1996-10-03,716,,,14,
42,16036,4679,Nampalys Mendy,1992-06-23,200,,,24,
42,16036,612,Jonny Evans,1988-01-03,491,,,6,
42,16036,61654,Dennis Praet,1994-05-14,556,,,26,
42,16036,10601,Harvey Barnes,1997-12-09,462,,,15,
51,16036,621,Scott Dann,1987-02-14,462,,,6,
51,16036,841,Connor Wickham,1993-03-31,462,,,21,
51,16036,186484,Víctor Camarasa,1994-05-28,32,,,23,
51,16036,1263,Stephen Henderson,1988-05-02,455,,,19,
51,16036,1667955,Nya Kirby,2000-01-31,462,,,37,
51,16036,4598716,Nikola Tavares,1999-01-17,266,,,36,
51,16036,4598729,James Daly,2000-01-12,462,,,41,
51,16036,4598717,Sam Woods,1998-09-11,462,,,35,
51,16036,4598727,Giovanni McGregor,1999-01-09,462,,,38,
51,16036,37391503,John-Kymani Gordon,2003-02-13,462,,,41,
51,16036,519,Wayne Hennessey,1987-01-24,515,,,13,
51,16036,712,Patrick van Aanholt,1990-08-29,38,,,3,
51,16036,1249,Andros Townsend,1991-07-16,462,,,10,
51,16036,334,Gary Cahill,1985-12-19,462,,,24,
51,16036,1386,Mamadou Sakho,1990-02-13,17,,,12,
51,16036,45863,Cenk Tosun,1991-06-07,404,,,20,
51,16036,927,Jeffrey Schlupp,1992-12-23,468,,,15,
51,16036,37391491,Pierrick Keutcha,2001-12-10,462,,,40,
51,16036,4598710,Tyrick Mitchell,1999-09-01,462,,,39,
51,16036,526,James McCarthy,1990-11-12,455,,,22,
51,16036,25399,Jaïro Riedewald,1996-09-09,38,,,44,
51,16036,185723,Vicente Guaita,1987-01-10,32,,,31,
51,16036,853,Christian Benteke,1990-12-03,556,,,17,
51,16036,37383817,Brandon Pierrick,2001-12-10,462,,,40,
51,16036,1108,Wilfried Zaha,1992-11-10,23,,,11,
51,16036,692,Joel Ward,1989-10-29,462,,,2,
51,16036,5371,Luka Milivojevic,1991-04-07,296,,,4,
51,16036,1038,Jordan Ayew,1991-09-11,468,,,9,
51,16036,1243,Cheikhou Kouyaté,1989-12-21,200,,,8,
51,16036,498,James McArthur,1987-10-07,1161,,,18,
51,16036,729,Martin Kelly,1990-04-27,462,,,34,
51,16036,31840,Max Meyer,1995-09-18,11,,,7,
51,16036,336,James Tomkins,1989-03-29,462,,,5,
52,16036,1054,Charlie Daniels,1986-09-07,462,,,11,
52,16036,836,Jordon Ibe,1995-12-08,462,,,10,
52,16036,1048,Artur Boruc,1980-02-20,2,,,1,
52,16036,9438,Aaron Ramsdale,1998-05-14,462,,,12,
52,16036,5917,Jack Stacey,1996-04-06,462,,,17,
52,16036,37259101,Gavin Kilkenny,2000-02-01,455,,,53,
52,16036,37371069,Christian Saydee,2002-05-10,462,,,65,
52,16036,22169319,Mark Travers,1999-05-18,455,,,42,
52,16036,513,Junior Stanislas,1989-11-26,462,,,19,
52,16036,896242,Alexandru Dobre,1998-08-30,155,,,54,
52,16036,339083,Chris Mepham,1997-11-05,515,,,33,
52,16036,1052,Simon Francis,1985-02-16,462,,,2,
52,16036,1028,Steve Cook,1991-04-19,462,,,3,
52,16036,186954,Diego Rico,1993-02-23,32,,,21,
52,16036,568,Dan Gosling,1990-02-01,462,,,4,
52,16036,338951,Jack Simpson,1996-12-18,462,,,25,
52,16036,4203,Dominic Solanke,1997-09-14,462,,,9,
52,16036,6087,Philip Billing,1996-06-11,320,,,29,
52,16036,1869,Nathan Aké,1995-02-18,38,,,5,
52,16036,1029,Joshua King,1992-01-15,1578,,,7,
52,16036,1065,Callum Wilson,1992-02-27,462,,,13,
52,16036,186766,Jefferson Lerma,1994-10-25,353,,,8,
52,16036,332147,Sam Surridge,1998-07-28,462,,,44,
52,16036,26491,Arnaut Danjuma,1997-01-31,38,,,14,
52,16036,1834,Lewis Cook,1997-02-03,462,,,16,
52,16036,867,Andrew Surman,1986-08-20,462,,,6,
52,16036,7655,Lloyd Kelly,1998-10-06,462,,,26,
52,16036,9808,David Brooks,1997-07-08,515,,,20,
52,16036,1095,Adam Smith ,1991-04-29,462,,,15,
52,16036,5403,Harry Wilson,1997-03-22,515,,,22,
52,16036,2712,Ryan Fraser,1994-02-24,1161,,,24,
65,16036,5071,Sofiane Boufal,1993-09-17,1424,,,19,
65,16036,978883,Moussa Djenepo,1998-06-15,26,,,12,
65,16036,336067,Angus Gunn ,1996-01-22,1161,,,28,
65,16036,33079,Kevin Danso,1998-09-19,143,,,38,
65,16036,1241,Fraser Forster,1988-03-17,462,,,44,
65,16036,5299,Harry Lewis,1997-12-20,462,,,41,
65,16036,581122,Dan Nlundulu,1999-02-05,462,,,40,
65,16036,581040,Jake Vokins,2000-03-17,462,,,29,
65,16036,1494225,Nathan Tella,1999-07-05,716,,,52,
65,16036,455498,Will Ferry,2000-12-07,455,,,47,
65,16036,23638505,Alexandre Jankewitz,2001-12-25,62,,,64,
65,16036,537120,Jacob Maddox,1998-11-03,462,,,36,
65,16036,4659,Kyle Walker-Peters,1997-04-13,462,,,24,
65,16036,1450,Danny Ings,1992-07-23,462,,,9,
65,16036,979,Nathan Redmond,1994-03-06,462,,,22,
65,16036,1744,Pierre-Emile Højbjerg,1995-08-05,320,,,23,
65,16036,31129,Jannik Vestergaard,1992-08-03,320,,,4,
65,16036,722,Shane Long,1987-01-22,455,,,7,
65,16036,1373,Maya Yoshida ,1988-08-24,479,,,3,
65,16036,1131,Alex Simon McCarthy,1989-12-03,462,,,1,
65,16036,1393,Jack Stephens ,1994-01-27,462,,,5,
65,16036,155138,Jan Bednarek,1996-04-12,2,,,35,
65,16036,581052,Will Smallbone ,2000-02-21,455,,,27,
65,16036,581043,Yan Valery,1999-02-22,1439,,,43,
65,16036,1362,Cédric Soares,1991-08-31,20,,,2,
65,16036,1350,Ryan Bertrand,1989-08-05,462,,,21,
65,16036,581055,Michael Obafemi,2000-07-06,455,,,20,
65,16036,172357,Stuart Armstrong,1992-03-30,1161,,,17,
65,16036,1155,James Ward-Prowse,1994-11-01,462,,,16,
65,16036,3596,Ché Adams,1996-07-13,1161,,,10,
65,16036,1505,Oriol Romeu,1991-09-24,32,,,14,
78,16036,24803,Jürgen Locadia,1993-11-07,7437,,,9,
78,16036,61780,Leandro Trossard,1994-12-04,556,,,11,
78,16036,2823,David Button,1989-02-27,462,,,27,
78,16036,31483,Leon Balogun,1988-06-28,716,,,14,
78,16036,2936,Gaëtan Bong,1988-04-25,593,,,3,
78,16036,1494374,Alex Cochrane,2000-04-21,462,,,50,
78,16036,165632,Tudor Băluță,1999-03-27,155,,,28,
78,16036,2815,Dan Burn ,1992-05-09,462,,,33,
78,16036,2461,Lewis Dunk ,1991-11-21,462,,,5,
78,16036,2723,Dale Stephens,1989-06-12,462,,,6,
78,16036,129839,Martín Montoya,1991-04-14,32,,,22,
78,16036,216612,Alexis Mac Allister,1998-12-24,44,,,10,
78,16036,62317,Mathew Ryan,1992-04-08,98,,,1,
78,16036,128832,Ezequiel Schelotto,1989-05-23,251,,,21,
78,16036,186805,Florin Andone,1993-04-11,155,,,10,
78,16036,23988,Davy Pröpper,1991-09-02,38,,,24,
78,16036,31504,Pascal Groß,1991-06-15,11,,,13,
78,16036,1129,Glenn Murray,1983-09-25,462,,,17,
78,16036,96870,Yves Bissouma ,1996-08-30,26,,,8,
78,16036,95776,Neal Maupay,1996-08-14,17,,,7,
78,16036,3298,Aaron Mooy,1990-09-15,98,,,18,
78,16036,1415,Shane Duffy,1992-01-01,455,,,4,
78,16036,14069,Steven Alzate ,1998-09-08,353,,,46,
78,16036,2423,Solly March,1994-07-20,462,,,20,
78,16036,6504,Adam Webster,1995-01-04,462,,,15,
78,16036,1494381,Aaron Connolly,2000-01-28,455,,,44,
78,16036,9308200,Tariq Lamptey,2000-09-30,468,,,2,
78,16036,32666,Bernardo,1995-05-14,5,,,30,
78,16036,25147,Alireza Jahanbakhsh,1993-08-11,488,,,16,
2,17428,2823545,Hayden Carter,1999-12-17,462,,,25,
2,17428,28575645,Luke Brennan,2001-10-19,462,,,37,
2,17428,24830076,Jordan Eastham,2001-09-08,462,,,45,
2,17428,455347,Joe Grayson,1999-03-26,462,,,36,
2,17428,1481493,Daniel Butterworth,1999-09-14,462,,,32,
2,17428,149461,Brad Lyons ,1997-05-26,491,,,34,
2,17428,32404895,Jarrad Branthwaite,2002-06-27,462,,,30,
2,17428,28575649,Dan Pike,2002-01-09,462,,,40,
2,17428,455346,Tyler Magloire,1998-12-21,462,,,38,
2,17428,37260658,Connor McBride,2001-03-20,1161,,,43,
2,17428,71097,Antonis Stergiakis,1999-03-16,125,,,41,
2,17428,8372,Andy Fisher,1998-02-12,462,,,33,
2,17428,537434,Aynsley Pears ,1998-04-23,462,,,13,
2,17428,6613,Scott Wharton ,1997-10-03,462,,,28,
2,17428,8485,Bradley Dack,1993-12-31,462,,,23,
2,17428,23278675,Taylor Harwood-Bellis,2002-01-30,462,,,22,
2,17428,9258,Harry Chapman,1997-11-05,462,,,11,
2,17428,6049,Amari'i Bell,1994-05-05,1640,,,17,
2,17428,4246,Sam Gallagher,1995-09-15,462,,,9,
2,17428,872,Elliott Bennett,1988-12-18,462,,,31,
2,17428,23269836,Harvey Elliott,2003-04-04,462,,,16,
2,17428,7636,Lewis Travis ,1997-10-16,462,,,27,
2,17428,190,Stewart Downing,1984-07-22,462,,,6,
2,17428,6470,Ryan Nyambe,1997-12-04,5790,,,2,
2,17428,2299,Josef Dvornik,1990-07-30,491,,,29,
2,17428,4613,Joe Rothwell,1995-01-11,462,,,8,
2,17428,3111,Darragh Lenihan,1994-03-16,455,,,26,
2,17428,2823546,John Buckley,1999-10-13,462,,,21,
2,17428,652,Yuki Takahashi,1990-11-07,32,,,5,
2,17428,155323,B. Douglas,1989-09-04,1161,,,15,
2,17428,925,Bradley Johnson,1987-04-28,462,,,4,
2,17428,537311,Jacob Davenport,1998-12-28,462,,,18,
2,17428,1246,Lewis Holtby,1990-09-18,11,,,10,
2,17428,37391524,Tyrhys Dolan,2001-12-28,462,,,39,
2,17428,7835,Ben Brereton Díaz,1999-04-18,80,,,20,
2,17428,581160,Joe Rankin-Costello,1999-07-26,462,,,24,
2,17428,25747,Tom Trybull,1993-03-09,11,,,19,
2,17428,3179,Derrick Williams,1993-01-17,455,,,3,
2,17428,61107,Thomas Kaminski,1992-10-23,556,,,1,
2,17428,2951,Adam Armstrong,1997-02-10,462,,,7,
7,17428,37336543,Isaiah Jones,1999-06-26,462,,,37,
7,17428,9744,Marvin Johnson,1990-12-01,462,,,3,
7,17428,4595,Marcus Browne,1997-12-18,462,,,12,
7,17428,537434,Aynsley Pears ,1998-04-23,462,,,42,
7,17428,1913,Chuba Akpom,1995-10-09,462,,,10,
7,17428,53273,Dejan Stojanovic,1993-07-19,143,,,32,
7,17428,4277,Patrick Roberts,1997-02-05,462,,,19,
7,17428,25188269,Hayden Hackney ,2002-06-26,462,,,34,
7,17428,4551,Jordan Archer,1993-04-12,1161,,,13,
7,17428,1494172,Sol Brynn,2000-10-30,462,,,31,
7,17428,24100320,Jack Robinson,2001-06-21,462,,,47,
7,17428,4592179,Connor Malley,2000-03-20,462,,,46,
7,17428,10995441,William Kokolo,2000-06-09,17,,,40,
7,17428,28932254,Josh Coburn,2002-12-06,462,,,45,
7,17428,3188067,Nathan Wood,2002-05-31,462,,,15,
7,17428,34390952,Sam Folarin,2000-09-23,462,,,24,
7,17428,6853,Neeskens Kebano,1992-03-10,1320,,,21,
7,17428,13999,Marc Bola,1997-12-09,462,,,27,
7,17428,3134,Grant Hall,1991-10-29,462,,,4,
7,17428,7026573,Djed Spence,2000-08-09,462,,,29,
7,17428,537423,Hayden Coulson,1998-06-17,462,,,33,
7,17428,1799,Duncan Watmore,1994-03-08,462,,,18,
7,17428,3268,Marcus Bettinelli,1992-05-24,462,,,1,
7,17428,5317,Dael Fry,1997-08-30,462,,,6,
7,17428,10780,Anfernee Dijksteel,1996-10-27,2088,,,2,
7,17428,3189,Sam Morsy,1991-09-10,886,,,5,
7,17428,2823507,Lewis Wing ,1995-06-23,462,,,8,
7,17428,537493,Marcus Tavernier,1999-03-22,462,,,7,
7,17428,3250,Britt Assombalonga,1992-12-06,1320,,,9,
7,17428,4701,Ashley Fletcher,1995-10-02,462,,,11,
7,17428,6591,Darnell Fisher,1994-04-04,462,,,20,
7,17428,1001,Paddy McNair,1995-04-27,491,,,17,
7,17428,919,Jonathan Howson,1988-05-21,462,,,16,
7,17428,6028,George Saville,1993-06-01,491,,,22,
7,17428,1123,Yannick Bolasie,1989-05-24,1320,,,14,
7,17428,3519,Nathaniel Méndez-Laing,1992-04-15,53128,,,19,
12,17428,1722,George Friend,1987-10-19,462,,,5,
12,17428,37259119,Zach Jeacock,2001-05-08,462,,,38,
12,17428,188849,Agus Medina,1994-09-08,32,,,21,
12,17428,11322489,Steve Seddon,1997-12-25,462,,,42,
12,17428,2419,David Davis,1991-02-20,462,,,26,
12,17428,6389,Sam Cosgrove,1996-12-02,462,,,16,
12,17428,37391416,Amari Miller,2002-11-04,462,,,41,
12,17428,22169296,Keyendrah Simmonds,2001-05-31,462,,,54,
12,17428,25930791,Ryan Stirk,2000-09-25,515,,,47,
12,17428,37391324,Adan George,2002-07-30,462,,,40,
12,17428,7316,Josh Dacres-Cogley,1996-03-12,462,,,25,
12,17428,185498,Mikel San José,1989-05-30,32,,,19,
12,17428,581043,Yan Valery,1999-02-22,1439,,,6,
12,17428,749527,Riley McGree,1998-11-02,98,,,18,
12,17428,35145,Kristian Pedersen,1994-08-04,320,,,3,
12,17428,1447,Lukas Jutkiewicz,1989-03-28,462,,,10,
12,17428,1680,Jonathan Leko,1999-04-24,462,,,14,
12,17428,9290,Dan Crowley,1997-08-03,462,,,7,
12,17428,37391404,Nico Gordon,2002-04-28,14837,,,50,
12,17428,6140,Connal Trueman,1996-03-26,462,,,27,
12,17428,5255,Rekeem Harper,2000-03-08,462,,,24,
12,17428,1222,Gary Gardner,1992-06-29,462,,,20,
12,17428,186923,Andrés Prieto,1993-10-17,32,,,1,
12,17428,3383,Maikel Kieftenbeld,1990-06-26,38,,,6,
12,17428,923,Neil Etheridge,1990-02-07,50809,,,30,
12,17428,37391407,Tate Campbell,2002-06-27,462,,,53,
12,17428,187216,Iván Sánchez,1992-09-23,32,,,17,
12,17428,6505,M. Roberts,1990-07-26,462,,,4,
12,17428,3325,Scott Hogan,1992-04-13,455,,,9,
12,17428,4620,Jake Clarke-Salter,1997-09-22,462,,,15,
12,17428,6972189,Caolan Boyd-Munce,2000-01-26,491,,,44,
12,17428,32493,Alen Halilovic,1996-06-18,266,,,35,
12,17428,2836,Jon Toral,1995-02-05,32,,,23,
12,17428,6321,Maxime Colin,1991-11-15,17,,,2,
12,17428,74124,Ivan Šunjić,1996-10-09,507,,,34,
12,17428,2824,Harlee Dean,1991-07-26,462,,,12,
12,17428,96664,Jérémie Bela,1993-04-08,911,,,11,
12,17428,1728,Adam Clayton,1989-01-14,462,,,8,
23,17428,219550,Felipe Araruna,1996-03-12,5,,,20,
23,17428,129508,Rafael Cabral,1990-05-20,5,,,33,
23,17428,2823410,Lewis Gibson,2000-07-19,462,,,15,
23,17428,28575725,Ethan Bristow,2001-11-27,462,,,38,
23,17428,26715260,Femi Azeez,2001-06-05,462,,,45,
23,17428,6538,T. Watson,1997-03-04,462,,,43,
23,17428,31238168,Jeriel Dorsett,2002-05-04,14837,,,48,
23,17428,28912841,Nahum Melvin-Lambert,2002-10-21,462,,,37,
23,17428,580977,Ryan East,1998-08-07,462,,,44,
23,17428,37546974,Mamadi Camará,2003-12-31,1707,,,50,
23,17428,27067442,Coniah Boyce-Clarke,2003-03-01,1640,,,31,
23,17428,8481,Sam Walker,1991-10-02,462,,,1,
23,17428,580975,Luke Southwood,1997-12-06,462,,,22,
23,17428,1494301,Tom Holmes,2000-03-12,462,,,29,
23,17428,2743,Michael Morrison,1988-03-03,462,,,4,
23,17428,580970,Andy Rinomhota,1997-04-21,2325,,,8,
23,17428,1105,Sone Aluko,1989-02-19,716,,,24,
23,17428,2941,Sam Baldock,1989-03-15,462,,,9,
23,17428,130192,G. Pușcaș,1996-04-08,155,,,47,
23,17428,920,Liam Moore,1993-01-31,1640,,,6,
23,17428,7346232,Jayden Onen,2001-02-17,4125,,,46,
23,17428,23269677,Tomás Esteves,2002-04-03,20,,,2,
23,17428,24799984,Michael Olise,2001-12-12,17,,,7,
23,17428,6551,Yakou Méïté,1996-02-11,23,,,11,
23,17428,4828,Ovie Ejaria,1997-11-18,462,,,14,
23,17428,7987,Josh Laurent,1995-05-06,462,,,28,
23,17428,581141,Tom McIntyre,1998-11-06,1161,,,5,
23,17428,28912846,Dejan Tetek,2002-09-24,296,,,34,
23,17428,371504,Alfa Semedo,1997-08-30,1707,,,30,
23,17428,2889,Lucas João,1993-09-04,911,,,18,
23,17428,6507,Andy Yiadom,1991-12-02,468,,,17,
23,17428,581206,Omar Richards,1998-02-15,462,,,3,
23,17428,2992,John Swift,1995-06-23,462,,,10,
24,17428,24430,Mike te Wierik,1992-06-08,38,,,6,
24,17428,12433168,Morgan Whittaker,2001-01-07,462,,,18,
24,17428,581130,Jahmal Hector-Ingram,1998-11-11,462,,,49,
24,17428,1494542,Emmanuel Okokon Idem,1998-12-06,462,,,30,
24,17428,27441554,Kornell McDonald,,462,,,37,
24,17428,581071,Beni Baningime,1998-09-09,1320,,,34,
24,17428,13633384,Tyree Benjamin Wilson,,462,,,36,
24,17428,27441555,Connor Dixon,2000-09-20,462,,,28,
24,17428,21802857,Josh Shonibare,,462,,,45,
24,17428,28912974,Eiran Cashin,2001-11-09,455,,,22,
24,17428,581210,Joseph Bateman,1998-12-06,462,,,31,
24,17428,581240,Jayden Mitchell-Lawson,1999-09-17,462,,,42,
24,17428,28912972,Bradley Foster,2001-10-05,462,,,44,
24,17428,3027,Kelle Roos,1992-05-31,38,,,21,
24,17428,836,Jordon Ibe,1995-12-08,462,,,11,
24,17428,25169139,Jordan Brown,2001-06-21,462,,,46,
24,17428,2873,Matt Clarke,1996-09-22,462,,,16,
24,17428,193,Curtis Davies,1985-03-15,462,,,33,
24,17428,3170,L. Gregory,1988-08-26,462,,,19,
24,17428,1226,Txiki Acaz,1985-03-05,1161,,,1,
24,17428,1494372,Max Bird ,2000-09-18,462,,,8,
24,17428,172575,Graeme Shinnie ,1991-08-04,1161,,,4,
24,17428,28912983,Festy Ebosele,2002-08-02,455,,,29,
24,17428,2326,Craig Forsyth,1989-02-24,1161,,,3,
24,17428,9472,George Edmundson,1997-08-15,462,,,6,
24,17428,4277,Patrick Roberts,1997-02-05,462,,,23,
24,17428,4401,Tom Lawrence,1994-01-13,515,,,10,
24,17428,4592196,Jason Knight ,2001-02-13,455,,,38,
24,17428,13633381,Lee Buchanan ,2001-03-07,462,,,26,
24,17428,581159,Cameron Cresswell,1999-09-12,462,,,35,
24,17428,13633383,Louie Sibley,2001-09-13,462,,,17,
24,17428,839,Andre Wisdom,1993-05-09,462,,,2,
24,17428,8047,Krystian Bielik,1998-01-04,2,,,5,
24,17428,2472,Colin Kazim-Richards,1986-08-26,404,,,13,
24,17428,5829,Duane Holmes,1994-11-06,3483,,,25,
24,17428,579,Wayne Mark Rooney,1985-10-24,462,,,32,
24,17428,5833,Jack Marriott,1994-09-09,462,,,14,
24,17428,24469185,Teden Mengi,2002-04-30,462,,,15,
24,17428,13633382,J. Stretton,2001-09-06,1161,,,39,
24,17428,4207,George Evans,1994-12-13,462,,,22,
24,17428,28913030,Louie Watson,2001-06-07,462,,,40,
24,17428,155891,Kamil Jóźwiak,1998-04-22,2,,,7,
24,17428,3480,Nathan Byrne,1992-06-05,462,,,12,
24,17428,37373580,Kaide Gordon,2004-10-05,462,,,41,
24,17428,629,Martyn Waghorn,1990-01-23,462,,,9,
25,17428,333416,Ignacio Pussetto,1995-12-21,44,,,33,
25,17428,1183,Craig Dawson,1990-05-06,462,,,4,
25,17428,4536524,James Garner,2001-03-13,462,,,16,
25,17428,1770,Jerome Sinclair,1996-09-20,462,,,34,
25,17428,14328896,Kane Crichlow,2000-08-21,15326,,,49,
25,17428,13355,Sam Dalby,1999-12-07,462,,,40,
25,17428,581053,Adam Parkes,1999-11-30,462,,,35,
25,17428,21802851,Mason Barrett,1999-09-24,462,,,41,
25,17428,26670085,Maurizio Pochettino,2001-03-30,44,,,38,
25,17428,1043,Carlos Sánchez,1986-02-06,353,,,28,
25,17428,9950216,Toby Stevenson,1999-11-22,462,,,47,
25,17428,2823509,Tom Dele-Bashiru,1999-09-17,716,,,24,
25,17428,5246,Domingos Quina,1999-11-18,20,,,20,
25,17428,1129,Glenn Murray,1983-09-25,462,,,17,
25,17428,568,Dan Gosling,1990-02-01,462,,,16,
25,17428,84538,Philip Zinckernagel,1994-12-16,320,,,7,
25,17428,1276,Étienne Capoue,1988-07-11,17,,,29,
25,17428,450,Ben Foster,1983-04-03,462,,,1,
25,17428,28931574,João Pedro,2001-09-26,5,,,10,
25,17428,2225,Nathaniel Chalobah,1994-12-12,462,,,14,
25,17428,1625,Andre Gray,1991-06-26,1640,,,18,
25,17428,467937,Francisco Sierralta,1997-05-06,80,,,31,
25,17428,2332,Will Hughes,1995-04-17,462,,,19,
25,17428,129704,Adam Masina,1994-01-02,1424,,,11,
25,17428,7069,Achraf Lazaar,1992-01-22,1424,,,17,
25,17428,1272,Tom Cleverley,1989-08-12,462,,,8,
25,17428,4904,Daniel Bachmann ,1994-07-09,143,,,26,
25,17428,191301,Ken Sema,1993-09-30,47,,,12,
25,17428,25160,William Troost-Ekong,1993-09-01,716,,,5,
25,17428,1436,Robert Elliot,1986-04-30,455,,,33,
25,17428,4598725,Joseph Hungbo,2000-01-15,462,,,44,
25,17428,13477,Ben Wilmot,1999-11-04,462,,,6,
25,17428,187225,Marc Navarro,1995-07-02,32,,,32,
25,17428,185579,Kiko Femenía,1991-02-02,32,,,21,
25,17428,5666544,Jeremy Ngakia,2000-09-07,462,,,3,
25,17428,1250,Troy Deeney,1988-06-29,462,,,9,
25,17428,37293368,Daniel Phillips,2001-01-18,462,,,52,
25,17428,96722,Ismaïla Sarr,1998-02-25,200,,,23,
25,17428,537,Craig Cathcart,1989-02-06,491,,,15,
25,17428,25434,Stipe Perica,1995-07-07,266,,,25,
25,17428,4766,Isaac Success,1996-01-07,716,,,22,
25,17428,4765,Christian Kabasele,1991-02-24,556,,,27,
26,17428,3170,L. Gregory,1988-08-26,462,,,19,
26,17428,581241,Tyrese Campbell,1999-12-28,462,,,26,
26,17428,37298071,Connor Taylor,2001-10-25,462,,,50,
26,17428,2905,Morgan Fox,1993-09-21,515,,,3,
26,17428,1462,Jack Butland,1993-03-10,462,,,1,
26,17428,4813,Bruno Martins Indi,1992-02-08,38,,,15,
26,17428,11705403,Nathan Collins ,2001-04-30,455,,,37,
26,17428,37336534,Blondy Nna Noukeu,2001-05-31,593,,,40,
26,17428,10999,Josef Bursik,2000-07-12,462,,,32,
26,17428,173032,Liam Lindsay,1995-10-12,1161,,,5,
26,17428,429,Ryan Shawcross,1987-10-04,462,,,17,
26,17428,1791,Andy Lonergan,1983-10-19,462,,,28,
26,17428,5163,Thibaud Verlinden,1999-07-09,556,,,23,
26,17428,28575638,Adam Porter,,462,,,38,
26,17428,9939391,Eddy Jones,2001-10-25,515,,,51,
26,17428,28912717,Tom Sparrow,2002-12-06,515,,,41,
26,17428,24081646,Dan Malone,2002-05-09,515,,,48,
26,17428,28912723,Lewis Macari,2002-02-08,462,,,52,
26,17428,28575631,Kieran Coates,,462,,,43,
26,17428,2902,Jordan Cousins,1994-03-06,1640,,,24,
26,17428,7714340,Rhys Norrington-Davies,1999-04-22,515,,,46,
26,17428,822,James McClean,1989-04-22,455,,,11,
26,17428,10310765,Jack Clarke,2000-11-23,462,,,47,
26,17428,540106,Tashan Oakley-Boothe,2000-02-14,462,,,20,
26,17428,5699,Adam Davies,1992-07-17,515,,,16,
26,17428,173121,Harry James Souttar,1998-10-22,98,,,36,
26,17428,4014,Danny Batth,1990-09-21,462,,,6,
26,17428,61,John Mikel Obi,1987-04-22,716,,,13,
26,17428,174158,Jordan Thompson,1997-01-03,491,,,34,
26,17428,3101,Tommy Smith,1992-04-14,462,,,14,
26,17428,473,Steven Fletcher,1987-03-26,1161,,,21,
26,17428,7278,Jacob Brown,1998-04-10,1161,,,18,
26,17428,14328975,Will Forrester,2001-06-29,462,,,39,
26,17428,1596,Josh Tymon,1999-05-22,462,,,35,
26,17428,505,Sam Vokes,1989-10-21,515,,,9,
26,17428,336067,Angus Gunn ,1996-01-22,1161,,,1,
26,17428,830,Joe Allen,1990-03-14,515,,,4,
26,17428,1023,James Chester,1989-01-23,515,,,12,
26,17428,1571,Sam Clucas,1990-09-25,462,,,22,
26,17428,2875852,Rabbi Matondo,2000-09-09,515,,,49,
26,17428,23739033,Christian Norton,2001-05-21,515,,,44,
26,17428,4121,Nick Powell,1994-03-23,462,,,25,
26,17428,1045,Tom Ince,1992-01-30,462,,,7,
30,17428,455687,Steven Benda,1998-10-01,11,,,13,
30,17428,680,Wayne Routledge,1985-01-07,462,,,15,
30,17428,9084,Kristoffer Peterson ,1994-11-28,47,,,17,
30,17428,537388,Yan Dhanda,1998-12-14,462,,,21,
30,17428,37259225,Lewis Webb,2001-09-12,515,,,42,
30,17428,24081640,Tivonge Rushesha,2002-07-24,2325,,,30,
30,17428,538042,Joel Latibeaudiere,2000-01-06,1640,,,22,
30,17428,23269839,Daniel Williams,2001-04-19,515,,,37,
30,17428,22169301,Oliver Cooper,1999-12-14,515,,,31,
30,17428,6416,George Byers,1996-05-29,1161,,,28,
30,17428,581235,Brandon Cooper,2000-01-14,515,,,36,
30,17428,253517,Paul Arriola,1995-02-05,3483,,,19,
30,17428,999,Ben Hamer,1987-11-20,462,,,18,
30,17428,3571,Kieron Freeman,1992-03-21,515,,,34,
30,17428,9939394,Cameron Evans,2001-02-23,515,,,38,
30,17428,339112,Joe Rodon,1997-10-22,515,,,4,
30,17428,7926,Morgan Gibbs-White,2000-01-27,462,,,11,
30,17428,11541,Jamal Lowe,1994-07-21,1640,,,9,
30,17428,2813,Jake Bidwell,1993-03-21,462,,,24,
30,17428,4357,Freddie Woodman,1997-03-04,462,,,1,
30,17428,194167,Viktor Gyökeres,1998-06-04,47,,,14,
30,17428,1649,Jay Fulton,1994-04-01,1161,,,6,
30,17428,898,Ryan Bennett,1990-03-06,462,,,2,
30,17428,1309,André Ayew,1989-12-17,468,,,10,
30,17428,262263,Jordan Morris,1994-10-26,3483,,,11,
30,17428,7640,Ryan Manning ,1996-06-14,455,,,3,
30,17428,3371,C. Hourihane,1991-02-02,455,,,14,
30,17428,4421,Korey Smith,1991-01-31,462,,,7,
30,17428,4536500,Marc Guéhi,2000-07-13,462,,,5,
30,17428,4441,Matt Grimes ,1995-07-15,462,,,8,
30,17428,1194,Kyle Naughton,1988-11-17,462,,,26,
30,17428,7687676,Ben Cabango ,2000-05-30,515,,,44,
30,17428,3857328,Liam Cullen,1999-04-23,515,,,20,
30,17428,580960,Jordon Garrick,1998-07-15,462,,,41,
30,17428,12433168,Morgan Whittaker,2001-01-07,462,,,17,
30,17428,3267,Kasey Palmer,1996-11-09,1640,,,45,
30,17428,5410,Connor Roberts,1995-09-23,515,,,23,
33,17428,7958,Ben Godfrey,1998-01-15,462,,,4,
33,17428,24817488,Thomas Dickson-Peters,2002-09-16,1161,,,57,
33,17428,21427972,Jon McCracken,2000-05-24,1161,,,52,
33,17428,32471,Ørjan Nyland,1990-09-10,1578,,,12,
33,17428,14004454,Daniel Barden,2001-01-02,515,,,50,
33,17428,3133,Michael McGovern,1984-07-12,491,,,33,
33,17428,3495,Jordan Hugill,1992-06-04,462,,,9,
33,17428,976,Alexander Tettey,1986-04-04,1578,,,27,
33,17428,540579,Oliver Skipp,2000-09-16,462,,,20,
33,17428,807,Grant Hanley,1991-11-20,1161,,,5,
33,17428,34706,Onel Hernández,1993-02-01,63604,,,25,
33,17428,31433,Teemu Pukki,1990-03-29,1233,,,22,
33,17428,186660,Emiliano Buendía,1996-12-25,44,,,17,
33,17428,757,Tim Krul,1988-04-03,38,,,1,
33,17428,4892,Kieran Dowell,1997-10-10,462,,,10,
33,17428,32172,Mario Vrančić,1989-05-23,507,,,8,
33,17428,45565,Przemyslaw Placheta,1998-03-23,2,,,11,
33,17428,37457,Christoph Zimmermann,1993-01-12,11,,,6,
33,17428,172385,Kenny McLean ,1992-01-08,1161,,,23,
33,17428,1494663,Max Aarons,2000-01-04,462,,,2,
33,17428,31280,Lukas Rupp,1991-01-08,11,,,7,
33,17428,24830085,Andrew Omobamidele,2002-06-23,455,,,44,
33,17428,12433161,Bali Mumba,2001-10-08,462,,,26,
33,17428,1723,Ben Gibson ,1993-01-15,462,,,34,
33,17428,84680,Jacob Lungi Sørensen,1998-03-03,320,,,19,
33,17428,28913060,Tyrese Omotoye,2002-09-23,556,,,53,
33,17428,24817504,Reece McAlear,2002-02-12,1161,,,42,
33,17428,78282,Dimitrios Giannoulis,1995-10-17,125,,,30,
33,17428,3533830,Adam Idah,2001-02-11,455,,,35,
33,17428,31174,Marco Stiepermann,1991-02-09,11,,,18,
33,17428,581086,Todd Cantwell ,1998-02-27,462,,,14,
33,17428,28912722,Josh Martin,2001-09-09,462,,,24,
33,17428,188931,Xavi Quintillà,1996-08-23,32,,,16,
47,17428,174066,Liam Kelly,1996-01-23,1161,,,32,
47,17428,30468577,Ody Alfa,1999-03-09,716,,,34,
47,17428,37547563,Dillon De Silva,2002-04-18,38404,,,39,
47,17428,9611541,Stephen Duke-McKenna,2000-08-17,1985,,,41,
47,17428,37254511,Joe Walsh,2002-04-01,462,,,35,
47,17428,540091,Aramide Oteh,1998-09-10,462,,,18,
47,17428,22169324,Faysal Bettache,2000-07-07,462,,,26,
47,17428,1068,Charlie Austin,1989-07-05,462,,,45,
47,17428,7007,Stefan Johansen,1991-01-08,1578,,,14,
47,17428,339015,Conor Masterson,1998-09-08,455,,,23,
47,17428,36853,Seny Dieng,1994-11-23,200,,,13,
47,17428,10680,Luke Amos ,1997-02-23,462,,,8,
47,17428,8886,Macauley Bonne,1995-10-26,2325,,,7,
47,17428,1021,Tom Carroll,1992-05-28,462,,,22,
47,17428,1685,Sam Field,1998-05-08,462,,,15,
47,17428,815,Geoff Cameron,1985-07-11,3483,,,20,
47,17428,6580,Bright Osayi-Samuel,1997-12-31,716,,,11,
47,17428,6241,Joe Lumley,1995-02-15,462,,,1,
47,17428,1727,Albert Adomah,1987-12-13,468,,,37,
47,17428,7206,Niko Hämäläinen,1997-03-05,1233,,,25,
47,17428,338938,Chris Willock,1998-01-31,462,,,21,
47,17428,25922177,Charlie Kelman,2001-11-02,462,,,29,
47,17428,6224,Yoann Barbet,1993-05-10,17,,,6,
47,17428,171764,Lee Wallace,1987-08-01,1161,,,3,
47,17428,6640,Osman Kakay,1997-08-25,5724,,,24,
47,17428,65516,Ilias Chair,1997-10-30,1424,,,10,
47,17428,9222,George Thomas,1997-03-24,515,,,19,
47,17428,149574,Paul Smyth,1997-09-10,491,,,38,
47,17428,25683,Jordy de Wijs,1995-01-08,38,,,5,
47,17428,5706,Todd Kane,1993-09-17,462,,,2,
47,17428,8085,Rob Dickie,1996-03-03,462,,,4,
47,17428,174296,Lyndon Dykes,1995-10-07,1161,,,9,
47,17428,4299,Dominic Ball,1995-08-02,462,,,12,
52,17428,1834,Lewis Cook,1997-02-03,462,,,16,
52,17428,37392849,Jaidon Anthony,1999-12-01,1640,,,32,
52,17428,25591503,Jordan Zemura,1999-11-14,2325,,,33,
52,17428,37325112,Will Dennis,2000-07-10,462,,,40,
52,17428,37259101,Gavin Kilkenny,2000-02-01,455,,,26,
52,17428,37549900,Ajani Burchall,,15326,,,36,
52,17428,6634,Ben Pearson,1995-01-04,462,,,22,
52,17428,37371069,Christian Saydee,2002-05-10,462,,,38,
52,17428,22169320,Nnamdi Ofoborh,1999-11-07,716,,,24,
52,17428,1029,Joshua King,1992-01-15,1578,,,27,
52,17428,681,Asmir Begović,1987-06-20,507,,,1,
52,17428,4203,Dominic Solanke,1997-09-14,462,,,9,
52,17428,717,J. Wilshere,1992-01-01,462,,,11,
52,17428,22169319,Mark Travers,1999-05-18,455,,,23,
52,17428,338951,Jack Simpson,1996-12-18,462,,,25,
52,17428,1712,Cameron Carter-Vickers ,1997-12-31,3483,,,18,
52,17428,6087,Philip Billing,1996-06-11,320,,,29,
52,17428,4536517,Rodrigo Riquelme,2000-04-02,32,,,20,
52,17428,37452984,João Marcelo de Jesus Alves,,5,,,38,
52,17428,722,Shane Long,1987-01-22,455,,,12,
52,17428,1028,Steve Cook,1991-04-19,462,,,3,
52,17428,186766,Jefferson Lerma,1994-10-25,353,,,8,
52,17428,26491,Arnaut Danjuma,1997-01-31,38,,,10,
52,17428,5917,Jack Stacey,1996-04-06,462,,,17,
52,17428,1095,Adam Smith ,1991-04-29,462,,,15,
52,17428,339083,Chris Mepham,1997-11-05,515,,,6,
52,17428,513,Junior Stanislas,1989-11-26,462,,,19,
52,17428,7655,Lloyd Kelly,1998-10-06,462,,,5,
52,17428,332147,Sam Surridge,1998-07-28,462,,,14,
52,17428,9808,David Brooks,1997-07-08,515,,,7,
52,17428,568,Dan Gosling,1990-02-01,462,,,4,
52,17428,186954,Diego Rico,1993-02-23,32,,,21,
54,17428,2178913,Kilian Ludewig,2000-03-05,11,,,14,
54,17428,9428,Jack Walton,1998-04-23,462,,,1,
54,17428,52831,Patrick Schmidt,1998-07-22,143,,,19,
54,17428,537192,Isaac Christie-Davies,1997-10-18,515,,,18,
54,17428,455488,Jasper Moon,2000-11-24,462,,,34,
54,17428,9796,Corey Addai,1997-10-10,1640,,,48,
54,17428,23311195,Ali Omar,1999-09-14,462,,,44,
54,17428,6006194,Cameron Thompson,2000-02-21,462,,,46,
54,17428,24417,Marcel Ritzmaier,1993-04-22,143,,,17,
54,17428,24081626,Henry Kendrick,2000-12-03,462,,,31,
54,17428,37407455,Daryl Enyinnaya Dike,2000-06-03,3483,,,10,
54,17428,10767,Toby Sibbick,1999-05-23,462,,,20,
54,17428,14685546,Elliot Simões,1999-12-20,911,,,23,
54,17428,8018,Callum Brittain,1998-03-12,462,,,7,
54,17428,6618,Carlton Morris,1995-12-16,462,,,14,
54,17428,51805,Michael Sollbauer ,1990-05-15,143,,,26,
54,17428,85277,Mads Andersen,1997-12-27,320,,,6,
54,17428,155234,Michal Helik,1995-09-09,2,,,30,
54,17428,27824284,Romal Palmer,1998-09-30,462,,,21,
54,17428,2999,Cauley Woodrow,1994-12-02,462,,,9,
54,17428,537116,Brad Collins,1997-02-18,462,,,40,
54,17428,12216,Conor Mark Chaplin,1997-02-16,462,,,11,
54,17428,53700,Dominik Frieser,1993-09-09,143,,,28,
54,17428,539554,Herbie Kane ,1998-11-23,462,,,8,
54,17428,92052,Aapo Halme,1998-05-22,1233,,,24,
54,17428,10351,Callum Styles,2000-03-27,674,,,4,
54,17428,9788,George Miller,1998-08-11,462,,,25,
54,17428,3285,Alex Mowatt,1995-02-13,462,,,27,
54,17428,15494,Luke Thomas,1999-02-19,462,,,16,
54,17428,28552843,Clarke Oduor,1999-06-25,1179,,,22,
54,17428,9162,Victor Adeboyejo,1998-01-12,716,,,29,
54,17428,10310763,Liam Kitching,1999-09-25,462,,,5,
54,17428,2237,Matty James,1991-07-22,462,,,32,
54,17428,896182,Jordan Williams,1999-10-22,462,,,2,
56,17428,2949,Liam Palmer ,1991-09-19,1161,,,2,
56,17428,25101,Joost van Aken,1994-05-13,38,,,4,
56,17428,172757,Callum Paterson,1994-10-13,1161,,,5,
56,17428,5887,Kadeem Harris,1993-06-08,462,,,7,
56,17428,24200,Joey Pelupessy,1993-05-15,38,,,8,
56,17428,2663,Adam Reach,1993-02-03,462,,,11,
56,17428,340,Barry Bannan,1989-12-01,1161,,,10,
56,17428,2349,Tom Lees,1990-11-28,462,,,15,
56,17428,10817,Matt Penney,1998-02-11,462,,,14,
56,17428,23278674,Fisayo Dele-Bashiru ,2001-02-06,716,,,17,
56,17428,2828,Moses Odubajo,1993-07-28,462,,,22,
56,17428,1736,J. Rhodes,1990-02-05,1161,,,20,
56,17428,5791,Cameron Dawson,1995-07-07,462,,,25,
56,17428,3155,Aden Flint,1989-07-11,462,,,6,
56,17428,37391778,Liam Waldock,2000-09-25,462,,,42,
56,17428,37391377,Luke Jackson,2002-03-18,462,,,44,
56,17428,37264182,Ciaran Brennan,2000-05-05,455,,,34,
56,17428,37391771,Ryan Galvin,2001-01-31,462,,,37,
56,17428,23707294,Liam Shaw,2001-03-12,462,,,26,
56,17428,20716661,Alex Hunt,2000-05-29,462,,,29,
56,17428,2475,Massimo Luongo,1992-09-25,98,,,21,
56,17428,5833,Jack Marriott,1994-09-09,462,,,9,
56,17428,6199,Dominic Iorfa,1995-06-24,462,,,27,
56,17428,2919,Joe Wildsmith,1995-12-28,462,,,28,
56,17428,34042,Julian Börner,1991-01-21,11,,,13,
56,17428,9501,Chey Dunkley,1992-02-13,462,,,23,
56,17428,11799,Josh Windass,1994-01-09,462,,,18,
56,17428,4599,Andre Green,1998-07-26,462,,,16,
56,17428,2886,Sam Hutchinson,1989-08-03,462,,,6,
56,17428,847,Craig Harrison,1984-10-23,455,,,1,
56,17428,9308228,Osaze Urhoghide,2000-07-04,462,,,19,
56,17428,3264,Elias Kachunga,1992-04-22,1320,,,45,
56,17428,4461,Isaiah Brown,1997-01-07,462,,,24,
63,17428,99039,Nuno da Costa,1991-02-10,772,,,9,
63,17428,259,Michael Dawson,1983-11-18,462,,,20,
63,17428,25930790,Brennan Johnson,2001-05-23,515,,,40,
63,17428,77816,Nikolas Ioannou,1995-11-10,116,,,44,
63,17428,95416,Abdoulaye Diallo,1992-03-30,200,,,39,
63,17428,1640,Tendayi Darikwa ,1991-12-13,2325,,,27,
63,17428,173564,Fouad Bachirou,1990-04-15,364678,,,14,
63,17428,95097,Samba Sow,1989-04-29,26,,,21,
63,17428,523933,Jordan Gabriel,1998-09-25,462,,,46,
63,17428,6590,Jordan Smith,1994-12-08,462,,,12,
63,17428,808,C. Jenkinson,1992-02-08,462,,,16,
63,17428,96714,Cafú,1993-02-26,20,,,18,
63,17428,1118,Lewis Grabban,1988-01-12,462,,,7,
63,17428,73871,Filip Krovinovic,1995-08-29,266,,,27,
63,17428,32786894,Alex Mighten,2002-04-11,462,,,17,
63,17428,2306,Cyrus Christie,1992-09-30,455,,,2,
63,17428,4536583,Loïc Mbe Soh,2001-06-13,17,,,6,
63,17428,2936,Gaëtan Bong,1988-04-25,593,,,13,
63,17428,96030,Brice Samba,1994-04-25,17,,,30,
63,17428,159997,Tobias Figueiredo,1994-02-02,20,,,3,
63,17428,4536524,James Garner,2001-03-13,462,,,37,
63,17428,1129,Glenn Murray,1983-09-25,462,,,25,
63,17428,10831,Ryan Yates ,1997-11-21,462,,,22,
63,17428,173047,Scott McKenna,1996-11-12,1161,,,26,
63,17428,926,Anthony Knockaert,1991-11-20,17,,,28,
63,17428,784,Jack Colback,1989-10-24,462,,,8,
63,17428,162210,Yuri Ribeiro,1997-01-24,20,,,5,
63,17428,3146,Luke Freeman,1992-03-22,462,,,15,
63,17428,816,Tyler Blackett,1994-04-02,462,,,24,
63,17428,3041,Joe Lolley,1992-08-25,462,,,23,
63,17428,186715,Miguel Ángel Guerrero,1990-07-12,32,,,19,
63,17428,1239,Sammy Ameobi,1992-05-01,462,,,11,
63,17428,1842,Harry Arter,1989-12-28,455,,,31,
63,17428,37547554,Will Swan,2000-10-26,462,,,48,
63,17428,8191,Lyle Taylor,1990-03-29,14837,,,33,
63,17428,7176,Joe Worrall,1997-01-10,462,,,4,
64,17428,3096,Murray Wallace,1993-01-10,1161,,,3,
64,17428,3166,Shaun Williams,1986-10-19,455,,,6,
64,17428,2612,Frank Fielding,1988-04-04,462,,,1,
64,17428,2854,Bartosz Białkowski,1987-07-06,2,,,33,
64,17428,37391761,Joe Wright,2001-04-10,462,,,41,
64,17428,523934,James Brown,1998-01-12,2756,,,17,
64,17428,37391763,Junior Tiensia,2000-12-25,462,,,27,
64,17428,29696558,George Alexander,2000-10-14,462,,,29,
64,17428,37391202,Hayden Muller,2002-02-07,462,,,35,
64,17428,22145897,Tyler Burey,2001-06-18,462,,,32,
64,17428,4207,George Evans,1994-12-13,462,,,28,
64,17428,2538509,Danny McNamara,1998-12-27,462,,,23,
64,17428,2821,Shane Ferguson,1991-07-12,491,,,11,
64,17428,3317,Ryan Woods,1993-12-13,462,,,19,
64,17428,23277907,Troy Parrott,2002-02-04,455,,,25,
64,17428,6560,J. Böðvarsson,1992-05-25,1796,,,22,
64,17428,3383,Maikel Kieftenbeld,1990-06-26,38,,,16,
64,17428,6182,Jed Wallace,1994-03-26,462,,,7,
64,17428,9483,Mahlon Romeo,1995-09-19,137919,,,12,
64,17428,2944,Matt Smith,1989-06-07,462,,,10,
64,17428,3398,Tom Bradshaw,1992-07-27,515,,,9,
64,17428,1091,Alex Pearce,1988-11-09,455,,,15,
64,17428,3247,Shaun Hutchinson,1990-11-23,462,,,4,
64,17428,2642,M. Bennett,1996-07-15,462,,,20,
64,17428,6115,Connor Mahoney,1997-02-12,462,,,21,
64,17428,2948,Scott Malone,1991-03-25,462,,,14,
64,17428,5971,Jake Cooper,1995-02-03,462,,,5,
64,17428,7292,Ben Thompson,1995-10-03,462,,,8,
64,17428,34492317,Billy Mitchell,2001-04-07,462,,,24,
64,17428,3017,Kenneth Zohore ,1994-01-31,320,,,13,
64,17428,5173,Ryan Leonard,1992-05-24,462,,,18,
64,17428,2940,Jiri Skalak,1992-03-12,245,,,26,
69,17428,5986,Dillon Phillips,1995-06-11,462,,,1,
69,17428,74008,Filip Benkovic,1997-07-13,266,,,13,
69,17428,2652,Joe Day,1990-08-13,462,,,25,
69,17428,28575639,Chanka Zimba,2001-12-29,462,,,37,
69,17428,9939399,Keenan Patten,2001-04-07,515,,,36,
69,17428,37391469,Kieron Evans,2001-12-19,515,,,35,
69,17428,22536,Ciaron Brown,1998-01-14,462,,,30,
69,17428,9939404,Isaak Davies,2001-09-25,515,,,39,
69,17428,9939397,Sam Bowen,2001-01-14,515,,,41,
69,17428,24081649,Rubin Colwill,2002-04-27,515,,,40,
69,17428,172757,Callum Paterson,1994-10-13,1161,,,13,
69,17428,25930787,George Ratcliffe,2000-09-12,515,,,31,
69,17428,20692353,Max Watters,1999-03-23,462,,,19,
69,17428,149266,Gavin Whyte,1996-01-31,491,,,20,
69,17428,3142,Marlon Pack ,1991-03-25,462,,,21,
69,17428,2313,Alex Smithies,1990-03-05,462,,,12,
69,17428,2872,Josh Murphy,1995-02-24,462,,,11,
69,17428,1329,Jonathan Williams,1993-10-09,515,,,15,
69,17428,3022,Joe Ralls,1993-10-12,462,,,8,
69,17428,6559,Will Vaulks ,1993-09-13,515,,,6,
69,17428,871,Leandro Bacuna,1991-08-21,7437,,,7,
69,17428,7909,Curtis Nelson,1993-05-21,462,,,16,
69,17428,8057,Mark Harris,1998-12-29,515,,,29,
69,17428,9203,Perry Ng,1996-06-24,462,,,38,
69,17428,4379,Sheyi Ojo,1997-06-19,462,,,27,
69,17428,5403,Harry Wilson,1997-03-22,515,,,23,
69,17428,37391470,Joel Bagan,2001-09-03,462,,,32,
69,17428,539624,Tom Sang,1999-06-29,462,,,28,
69,17428,2515,Joe Bennett,1990-03-28,462,,,3,
69,17428,2619,Lee Tomlin,1989-01-12,462,,,17,
69,17428,3155,Aden Flint,1989-07-11,462,,,5,
69,17428,3057,Sean Morrison,1991-01-08,462,,,4,
69,17428,35801,Robert Glatzel ,1994-01-08,11,,,9,
69,17428,3762,G. Cunningham,1991-01-31,455,,,18,
69,17428,539967,J. Osei-Tutu,1998-10-02,462,,,2,
69,17428,5681,Kieffer Moore,1992-08-08,515,,,10,
69,17428,2311,Sol Bamba,1985-01-13,23,,,22,
69,17428,261,Junior Hoilett,1990-06-05,1004,,,33,
99,17428,6285,Ben Davies,1995-08-11,462,,,6,
99,17428,2797,Connor Ripley,1993-02-13,462,,,25,
99,17428,7139,Mathew Hudson,1998-07-29,462,,,28,
99,17428,37391527,Jacob Holland-Wilkinson,2002-10-30,462,,,27,
99,17428,12394527,Adam O'Reilly,2001-05-11,455,,,32,
99,17428,19290039,Jack Baxter,2000-10-27,462,,,30,
99,17428,37391528,Joe Rodwell-Grant,2002-10-18,462,,,38,
99,17428,3851,L. Moult,1992-05-14,462,,,9,
99,17428,37391543,Lewis Leigh,2003-12-05,462,,,40,
99,17428,37342594,Lewis Coulton,2003-03-03,1161,,,34,
99,17428,7838,Billy Bodin,1992-03-24,515,,,39,
99,17428,6634,Ben Pearson,1995-01-04,462,,,4,
99,17428,4281,Ryan Ledson ,1997-08-19,462,,,18,
99,17428,11658171,Sepp van den Berg,2001-12-20,38,,,2,
99,17428,12543,Jordan Storey,1997-09-02,462,,,14,
99,17428,250,Paul Gallagher,1984-09-08,1161,,,12,
99,17428,3287,Paul Huntington,1987-09-17,462,,,23,
99,17428,581156,Emil Riis,1998-06-24,320,,,19,
99,17428,9522,Andrew Hughes,1992-06-05,515,,,16,
99,17428,620,Ched Evans  ,1988-12-28,515,,,26,
99,17428,5598,Tom Barkhuizen,1993-07-04,462,,,29,
99,17428,180,Scott Sinclair,1989-03-25,462,,,31,
99,17428,8420,Brad Potts,1994-07-03,462,,,44,
99,17428,963,Declan Rudd,1991-01-16,462,,,1,
99,17428,9686,Ben Whiteman,1996-06-17,462,,,17,
99,17428,3455,Daniel Johnson,1992-10-08,1640,,,11,
99,17428,173032,Liam Lindsay,1995-10-12,1161,,,6,
99,17428,581003,Jayson Molumby,1999-08-06,455,,,21,
99,17428,581238,Daniel Iversen,1997-07-19,320,,,22,
99,17428,2538511,Josh Earl,1998-10-24,462,,,3,
99,17428,3449,Alan Browne,1995-04-15,455,,,8,
99,17428,5727,Jayden Stockley,1993-09-15,462,,,20,
99,17428,8842,Joe Rafferty,1993-10-06,455,,,15,
99,17428,3762,G. Cunningham,1991-01-31,455,,,37,
99,17428,537991,Josh Harrop,1995-12-15,462,,,10,
99,17428,2206671,Tom Bayliss,1999-04-06,462,,,7,
99,17428,6231,Patrick Bauer,1992-10-28,11,,,5,
99,17428,9611543,Anthony Gordon,2001-02-24,462,,,42,
99,17428,6591,Darnell Fisher,1994-04-04,462,,,2,
99,17428,12404,Sean Maguire ,1994-05-01,455,,,24,
115,17428,3987,James Shea,1991-06-16,462,,,1,
115,17428,7714340,Rhys Norrington-Davies,1999-04-22,515,,,24,
115,17428,20716535,Peter Kioso,1999-08-15,1320,,,20,
115,17428,2827,Andrew Shinnie,1989-07-17,1161,,,11,
115,17428,581170,H. Isted,1997-03-05,462,,,21,
115,17428,5431,Dion Pereira,1999-03-25,137919,,,30,
115,17428,37391372,Sam Beckwith,2001-12-11,462,,,33,
115,17428,1045,Tom Ince,1992-01-30,462,,,39,
115,17428,1254,Brendan Galloway,1996-03-17,2325,,,23,
115,17428,15722,Joe Morrell,1997-01-03,515,,,28,
115,17428,74156,Simon Sluga,1993-03-17,266,,,12,
115,17428,4107,Elliot Lee,1994-12-16,462,,,10,
115,17428,6513,James Bree,1997-12-11,462,,,26,
115,17428,1494694,Elijah Adebayo,1998-01-07,462,,,29,
115,17428,3193,Glen Rea,1994-09-03,455,,,16,
115,17428,3400,George Moncur,1993-08-18,462,,,14,
115,17428,12129,Pelly Ruddock Mpanzu,1994-03-22,462,,,17,
115,17428,341125,Sam Nombe,1998-10-22,462,,,27,
115,17428,11471,Matty Pearson,1993-08-03,462,,,6,
115,17428,725,Martin Cranie,1986-09-26,462,,,2,
115,17428,9366,James Collins ,1990-12-01,455,,,19,
115,17428,2268,Kazenga LuaLua,1990-12-10,1320,,,25,
115,17428,4229,Daniel Potts,1994-04-13,462,,,3,
115,17428,5785,Harry Cornick,1995-04-09,462,,,7,
115,17428,5489,Sonny Bradley,1991-09-13,462,,,5,
115,17428,8662,D. Hylton,1989-02-25,462,,,9,
115,17428,2625,Ryan Tunnicliffe,1992-12-30,462,,,4,
115,17428,8749,Luke Berry,1992-07-12,462,,,8,
115,17428,5557,Jordan Clark ,1993-09-22,462,,,18,
115,17428,9536,Tom Lockyer,1994-12-03,515,,,15,
115,17428,540613,Kiernan Dewsbury-Hall,1998-09-06,462,,,22,
115,17428,11752,Kal Naismith ,1992-02-18,1161,,,24,
117,17428,9628,Josh Pask,1997-11-01,462,,,16,
117,17428,5243,Matty Godden,1991-07-29,462,,,24,
117,17428,455490,Thomas Billson,2000-10-18,462,,,31,
117,17428,3261,Ben Wilson,1992-08-09,462,,,13,
117,17428,5285,Brandon Mason,1997-09-30,462,,,3,
117,17428,32750,Marcel Hilßner,1995-01-30,11,,,17,
117,17428,37286728,Blaine Rowe,,462,,,46,
117,17428,23739095,Jack Burroughs,2001-03-21,1161,,,32,
117,17428,22536434,Fábio Tavares,2001-01-22,20,,,30,
117,17428,95930,Wesley Jobello,1994-01-23,5120,,,10,
117,17428,2463,Lee Camp,1984-08-22,491,,,22,
117,17428,488063,Jordon Thompson,1999-04-08,462,,,27,
117,17428,173042,Michael Rose,1995-10-11,1161,,,4,
117,17428,15599,Maxime Biamou,1990-11-13,17,,,9,
117,17428,10717,Fankaty Dabo,1995-10-11,462,,,23,
117,17428,8823,Amadou Bakayoko,1996-01-01,5724,,,20,
117,17428,340204,Ben Sheaf,1998-02-05,462,,,14,
117,17428,194167,Viktor Gyökeres,1998-06-04,47,,,12,
117,17428,25604,Gervane Kastaneer,1996-06-09,7437,,,33,
117,17428,8270,Callum O'Hare,1998-05-01,462,,,11,
117,17428,8840,Jamie Allen,1995-01-29,462,,,8,
117,17428,2237,Matty James,1991-07-22,462,,,25,
117,17428,14338473,Ryan Giles,2000-01-26,462,,,18,
117,17428,3165,Tyler Walker,1996-10-17,462,,,19,
117,17428,13489,Dominic Hyam,1995-12-20,1161,,,15,
117,17428,488056,Jordan Shipley,1997-09-26,462,,,26,
117,17428,97636,Julien Dacosta,1996-05-29,17,,,29,
117,17428,6254,Kyle McFadzean,1987-02-20,462,,,5,
117,17428,37255788,Will Bapaga,2002-11-03,462,,,41,
117,17428,23223363,Josh Eccles,2000-04-06,462,,,28,
117,17428,524309,Leo Østigård,1999-11-28,1578,,,2,
117,17428,6065,Liam Kelly,1990-02-10,1161,,,6,
117,17428,26813,Gustavo Hamer,1997-06-24,38,,,38,
117,17428,23223360,Sam McCallum,2000-09-02,462,,,21,
117,17428,8878,Marko Marosi,1993-10-23,401,,,1,
122,17428,191003,Niclas Eliasson,1995-12-07,47,,,19,
122,17428,338959,Joseph Wollacott,1996-09-08,468,,,13,
122,17428,37391533,Ryley Towler,2002-05-06,462,,,34,
122,17428,7026538,Opi Edwards,1999-04-30,462,,,27,
122,17428,5433,Joe Williams,1996-12-08,462,,,20,
122,17428,37550443,Alex Scott,2003-08-21,462,,,36,
122,17428,3372,Marley Watkins,1990-10-17,515,,,15,
122,17428,13482,Liam Walsh,1997-09-15,462,,,8,
122,17428,21762798,Saikou Janneh,2000-01-11,2507,,,46,
122,17428,25188299,Harvey Wiles-Richards,2002-05-27,462,,,41,
122,17428,8872,Hakeeb Adelakun,1996-06-11,462,,,31,
122,17428,7026537,James Morton,1999-04-22,462,,,32,
122,17428,1027,Danny Simpson,1987-01-04,462,,,29,
122,17428,37305554,Owura Edwards,2001-04-10,462,,,35,
122,17428,10496,Jay Dasilva,1998-04-22,462,,,3,
122,17428,3167,Jamie Paterson,1991-12-20,462,,,10,
122,17428,6943,Taylor Moore,1997-05-12,462,,,23,
122,17428,69,Chris Brunt,1984-12-14,491,,,29,
122,17428,114226,Ádám Nagy,1995-06-17,674,,,4,
122,17428,3301,Daniel Bentley,1993-07-13,462,,,1,
122,17428,4943,Alfie Mawson,1994-01-19,462,,,5,
122,17428,96657,Famara Diédhiou,1992-12-15,200,,,9,
122,17428,14319,Tyreeq Bakinson,1998-10-10,462,,,30,
122,17428,9606076,Han-Noah Massengo,2001-07-07,17,,,42,
122,17428,2960,Tomas Kalas,1993-05-15,245,,,22,
122,17428,3177,Max O'Leary,1996-10-10,462,,,12,
122,17428,7250,Zak Vyner,1997-05-14,462,,,26,
122,17428,10990678,Antoine Semenyo,2000-01-07,468,,,18,
122,17428,2635,Tommy Rowe,1988-09-24,462,,,25,
122,17428,422,Adrian Mariappa,1986-10-03,1640,,,19,
122,17428,1494715,Steven Sessegnon,2000-05-18,462,,,43,
122,17428,3063,Nahki Wells,1990-06-01,15326,,,21,
122,17428,1509,Chris Martin,1988-11-04,1161,,,7,
122,17428,2318,Jack Hunt ,1990-12-06,462,,,2,
122,17428,3267,Kasey Palmer,1996-11-09,1640,,,45,
122,17428,1473,Henri Lansbury,1990-10-12,462,,,17,
122,17428,37391017,Zac Smith,2000-09-15,462,,,24,
122,17428,28575675,Sam Bellis,2002-12-30,462,,,33,
122,17428,28552315,Sam Pearson,2001-10-26,515,,,28,
122,17428,37391535,Tommy Conway,2002-08-06,1161,,,37,
122,17428,339,Andreas Weimann,1991-08-05,143,,,14,
122,17428,868,Nathan Baker,1991-04-23,462,,,6,
122,17428,37391534,Sam Bell,2002-05-23,462,,,33,
122,17428,3145,Callum O'Dowda,1995-04-23,455,,,11,
122,17428,37371101,Louis Britton,2001-03-17,462,,,40,
138,17428,122090,Chiedozie Ogbene,1997-05-01,455,,,11,
138,17428,1143,Billy Jones,1987-03-24,462,,,2,
138,17428,2735,Shaun MacDonald,1988-06-17,515,,,4,
138,17428,8839,K. Vassell,1993-02-07,491,,,7,
138,17428,5012,Josh Vickers,1995-12-01,462,,,31,
138,17428,2587,Adam Thompson,1992-09-28,491,,,5,
138,17428,15729,Curtis Tilt,1991-08-04,1640,,,23,
138,17428,28536161,Jake Cooper,2001-01-02,462,,,33,
138,17428,37546265,Jake Hull,2001-10-22,462,,,35,
138,17428,37382899,Jacob Gratton,,462,,,34,
138,17428,122105,Trevor Clarke,1998-03-26,455,,,18,
138,17428,1872650,Ben Wiles,1999-04-17,462,,,8,
138,17428,9431,Kieran Sadlier,1994-09-14,455,,,17,
138,17428,2823507,Lewis Wing ,1995-06-23,462,,,5,
138,17428,14338473,Ryan Giles,2000-01-26,462,,,30,
138,17428,3058,Matt Crooks,1994-01-20,462,,,25,
138,17428,1949,Richard Wood,1985-07-05,462,,,6,
138,17428,20506,Wes Harding,1996-10-20,1640,,,19,
138,17428,7991,Florian Jozefzoon,1991-02-09,2088,,,28,
138,17428,4583,Dan Barlaser,1997-01-18,462,,,26,
138,17428,7577,George Hirst,1999-02-15,1161,,,9,
138,17428,11676704,Mickel Miller,1995-12-02,462,,,14,
138,17428,192847,Viktor Johansson,1998-09-14,47,,,1,
138,17428,2770,Michael Smith,1991-10-17,462,,,24,
138,17428,173508,Jamie Lindsay,1995-10-11,1161,,,16,
138,17428,1494224,Matthew Olosunde,1998-03-07,3483,,,22,
138,17428,9207,Michael Ihiekwe,1992-11-20,462,,,20,
138,17428,4234,Pavel Kucera,1993-10-27,462,,,27,
138,17428,9306,Clark Robertson,1993-09-05,1161,,,15,
138,17428,6602,A. MacDonald,1992-10-15,462,,,21,
138,17428,1677,Freddie Ladapo,1993-02-01,462,,,10,
138,17428,2651,Joe Mattock,1990-05-15,462,,,3,
183,17428,2725,Ryan Allsop,1992-06-17,462,,,1,
183,17428,20708612,Giles Phillips,1997-06-22,462,,,16,
183,17428,5666432,Curtis Anderson,2000-09-27,462,,,32,
183,17428,540030,Cameron Yates,1999-02-14,1161,,,13,
183,17428,2875869,A. Burley,1999-09-10,462,,,34,
183,17428,37546277,Malachi Linton,2000-12-22,462,,,36,
183,17428,12555,Nick Freeman,1995-11-07,462,,,22,
183,17428,5067,Josh Parker,1990-12-01,137919,,,27,
183,17428,4369,Dominic Gape,1994-09-09,462,,,4,
183,17428,9024,Scott Kashket,1996-02-25,462,,,11,
183,17428,7251,Joe Jacobson,1986-11-17,515,,,3,
183,17428,7200,Dennis Adeniran,1999-01-02,462,,,24,
183,17428,28575734,Anis Mehmeti,2001-01-09,2454,,,33,
183,17428,537465,Alex Pattison,1997-09-06,462,,,8,
183,17428,11663,D. Wheeler,1990-10-04,462,,,7,
183,17428,13527,A. Samuel,1995-09-20,515,,,25,
183,17428,6039,Fred Onyedinma,1996-11-24,716,,,23,
183,17428,6720,Adebayo Akinfenwa,1982-05-10,462,,,20,
183,17428,7885,Daryl Horgan ,1992-08-10,455,,,17,
183,17428,6299,Jack Grimmer ,1994-01-25,1161,,,2,
183,17428,9266,Uche Ikpeazu,1995-02-28,4125,,,9,
183,17428,581060,Josh Knight,1997-09-07,462,,,12,
183,17428,4187,Jason McCarthy,1995-11-07,462,,,26,
183,17428,539982,Admiral Muskwe,1998-08-21,2325,,,15,
183,17428,9521,Ryan Tafazolli,1991-09-28,462,,,6,
183,17428,3540,Darius Charles,1987-12-10,462,,,21,
183,17428,7464,Matt Bloomfield,1984-02-08,462,,,10,
183,17428,8393,Curtis Thompson,1993-09-02,462,,,18,
183,17428,1077,Garath McCleary,1987-05-15,1640,,,19,
183,17428,2452,Jordan Obita,1993-12-08,462,,,27,
183,17428,22169320,Nnamdi Ofoborh,1999-11-07,716,,,28,
183,17428,8308,Anthony Stewart,1992-09-18,462,,,5,
183,17428,577,David Adam Stockdale,1985-09-20,462,,,31,
236,17428,28912806,Max Haygarth,2002-01-21,462,,,38,
236,17428,2510251,Shandon Baptiste ,1998-04-08,26833,,,26,
236,17428,7306,Ellery Balcombe,1999-10-15,462,,,25,
236,17428,96426,Saïd Benrahma,1995-08-10,614,,,10,
236,17428,21427973,Aaron Pressley,2001-11-07,1161,,,34,
236,17428,4997513,Fredrik Hammar ,2001-02-26,47,,,33,
236,17428,3877087,Halil Dervişoğlu,1999-12-08,404,,,21,
236,17428,37416924,Lewis Gordon,2001-02-12,1161,,,39,
236,17428,37536520,Fin Stevens,2003-04-10,515,,,36,
236,17428,31609,Christian Nørgaard,1994-03-10,320,,,6,
236,17428,3130,David Raya,1995-09-15,32,,,1,
236,17428,9274,Charlie Goode,1995-08-03,462,,,4,
236,17428,15665,Ethan Pinnock,1993-05-29,1640,,,5,
236,17428,84594,Mads Bech Sørensen,1999-01-07,320,,,29,
236,17428,1478,Luke Daniels,1988-01-05,462,,,28,
236,17428,7993,Rico Henry,1997-07-08,462,,,3,
236,17428,6022,Tariqe Fosu-Henry,1995-11-05,468,,,24,
236,17428,36633,Vitaly Janelt,1998-05-10,11,,,27,
236,17428,5007,Sergi Canós ,1997-02-02,32,,,7,
236,17428,62855,Henrik Dalsgaard,1989-07-27,320,,,22,
236,17428,456067,Mads Roerslev ,1999-06-24,320,,,30,
236,17428,28913061,Alex Gilbert,2001-12-28,462,,,37,
236,17428,16496779,Dominic Thompson,2000-07-26,462,,,2,
236,17428,6970,Pontus Jansson,1991-02-13,47,,,18,
236,17428,12790114,Mads Bidstrup ,2001-02-25,320,,,41,
236,17428,383,Winston Reid,1988-07-03,2817,,,23,
236,17428,191286,Saman Ghoddos,1993-09-06,488,,,20,
236,17428,28571312,Jan Zamburek,2001-02-13,245,,,31,
236,17428,84426,Mathias Jensen,1996-01-01,320,,,8,
236,17428,529689,Bryan Mbeumo,1999-08-07,593,,,19,
236,17428,581113,Marcus Forss,1999-06-18,1233,,,15,
236,17428,339093,Josh Dasilva,1998-10-23,462,,,14,
236,17428,4341,Ivan Toney,1996-03-16,462,,,17,
236,17428,83927,Emiliano Marcondes,1995-03-09,320,,,9,
251,17428,37391713,Brahima Diarra,2003-07-05,26,,,40,
251,17428,20692499,Jacob Chapman,2000-10-22,98,,,32,
251,17428,32796827,Ben Jackson,2001-02-22,462,,,30,
251,17428,37350690,Kian Harratt,2002-06-21,462,,,24,
251,17428,2722,Jayson Leutwiler,1989-04-25,1004,,,13,
251,17428,37374546,Josh Austerfield ,2001-11-02,462,,,33,
251,17428,1050,Tommy Elphick,1987-09-07,462,,,4,
251,17428,37391709,Mustapha Olagunju,2002-01-01,462,,,37,
251,17428,5829,Duane Holmes,1994-11-06,3483,,,9,
251,17428,5451,Joel Pereira,1996-06-28,20,,,44,
251,17428,2308,Richard Keogh,1986-08-11,455,,,15,
251,17428,18226,Sorba Thomas,1999-01-25,515,,,20,
251,17428,32013821,Aaron Rowe,2000-09-07,462,,,29,
251,17428,23279212,Kieran Phillips,2000-02-18,462,,,36,
251,17428,30865988,Romoney Crichlow,1999-06-03,462,,,27,
251,17428,22682,Ryan Schofield,1999-12-11,462,,,31,
251,17428,3291,Christopher Schindler,1990-04-29,11,,,26,
251,17428,37255850,Rarmani Edmonds-Green,1999-01-14,462,,,35,
251,17428,96775,Adama Diakhaby,1996-07-05,17,,,11,
251,17428,10310312,Lewis O'Brien,1998-10-14,462,,,8,
251,17428,936,Yaya Sanogo,1993-01-27,17,,,55,
251,17428,37357274,Scott High,2001-02-15,1161,,,49,
251,17428,500,Richard Stearman,1987-08-19,462,,,12,
251,17428,1394,Rolando Aarons,1995-11-16,1640,,,16,
251,17428,320,Daniel Ward,1990-12-09,462,,,25,
251,17428,37331626,Patrick Jones,2003-06-09,515,,,41,
251,17428,2829,Alex Pritchard,1993-05-03,462,,,10,
251,17428,999,Ben Hamer,1987-11-20,462,,,1,
251,17428,63050,Isaac Mbenza,1996-03-08,556,,,18,
251,17428,188769,Alex Vallejo,1992-01-16,32,,,5,
251,17428,537207,Demeaco Duhaney,1998-10-13,462,,,17,
251,17428,313,Fraizer Campbell,1987-09-13,462,,,22,
251,17428,540289,Jaden Brown,1999-01-24,462,,,28,
251,17428,26944,Carel Eiting,1998-02-11,38,,,14,
251,17428,12474,Josh Koroma,1998-11-09,462,,,19,
251,17428,6271,Naby Sarr,1993-08-13,200,,,23,
251,17428,16827156,Matty Daly,2001-03-10,462,,,34,
251,17428,3463,Harry Toffolo,1995-08-19,462,,,3,
251,17428,2230,Jonathan Hogg,1988-12-06,462,,,6,
251,17428,448297,Pipa,1998-01-26,32,,,2,
251,17428,25515,Juninho Bacuna,1997-08-07,7437,,,7,
1,17420,1316,Kurt Zouma,1994-10-27,17,,,4,
1,17420,95393,Alphonse Areola,1993-02-27,17,,,23,
1,17420,516291,Nayef Aguerd,1996-03-30,1424,,,27,
1,17420,220052,Lucas Paquetá,1997-08-27,5,,,10,
1,17420,129794,Emerson,1994-08-03,251,,,33,
1,17420,96642,Maxwel Cornet ,1996-09-27,23,,,22,
1,17420,3544,David Martin,1986-01-22,462,,,25,
1,17420,31238121,Mipo Odubeko ,2002-10-21,462,,,45,
1,17420,24436859,Frederik Alves,1999-11-08,320,,,14,
1,17420,581129,Nathan Trott,1998-11-21,462,,,34,
1,17420,581197,Conor Coventry,2000-03-25,455,,,54,
1,17420,219591,Fabián Balbuena,1991-08-23,1190,,,4,
1,17420,733,Lukasz Fabianski ,1985-04-18,2,,,1,
1,17420,204697,Andriy Yarmolenko,1989-10-23,86,,,7,
1,17420,129454,Felipe Anderson,1993-04-15,5,,,8,
1,17420,1261,Aaron Cresswell,1989-12-15,462,,,3,
1,17420,80304,Vladimír Coufal,1992-08-22,245,,,5,
1,17420,870,Robert Snodgrass,1987-09-07,1161,,,11,
1,17420,156,Mark Noble,1987-05-08,462,,,16,
1,17420,1449,Darren Randolph,1987-05-12,455,,,35,
1,17420,96799,Issa Diop,1997-01-09,1424,,,23,
1,17420,25499,Sébastien Haller,1994-06-22,23,,,22,
1,17420,581199,Ben Johnson,2000-01-24,462,,,31,
1,17420,1592,Jarrod Bowen ,1996-12-20,462,,,20,
1,17420,1416,Raphael Duarte,1988-05-23,251,,,21,
1,17420,37337720,Jamal Baptiste,2003-11-11,462,,,75,
1,17420,80655,Tomáš Souček ,1995-02-27,245,,,28,
1,17420,1452,Manuel Lanzini,1993-02-15,44,,,10,
1,17420,1941,Arthur Masuaku,1993-11-07,1320,,,26,
1,17420,1922,Michail Antonio,1990-03-28,1640,,,30,
1,17420,96426,Saïd Benrahma,1995-08-10,614,,,9,
1,17420,1183,Craig Dawson,1990-05-06,462,,,15,
1,17420,4371,Kazım Nas,1992-10-10,462,,,24,
1,17420,5273,Declan Rice,1999-01-14,462,,,41,
1,17420,820,Jesse Lingard,1992-12-15,462,,,11,
1,17420,186815,Pablo Fornals,1996-02-22,32,,,18,
6,17420,221615,Emerson Royal,1999-01-14,5,,,12,
6,17420,333731,Cristian Romero,1998-04-27,44,,,17,
6,17420,540579,Oliver Skipp,2000-09-16,462,,,4,
6,17420,219633,Richarlison,1997-05-10,5,,,9,
6,17420,333797,Rodrigo Bentancur,1997-06-25,158,,,30,
6,17420,540476,Brandon Austin,1999-01-08,462,,,40,
6,17420,340346,Alfie Whiteman,1998-10-02,462,,,41,
6,17420,37342694,Pape Matar Sarr,2002-09-14,200,,,29,
6,17420,96870,Yves Bissouma ,1996-08-30,26,,,8,
6,17420,1241,Fraser Forster,1988-03-17,462,,,20,
6,17420,7026573,Djed Spence,2000-08-09,462,,,24,
6,17420,14338024,Dejan Kulusevski,2000-04-25,47,,,21,
6,17420,275,Joe Hart,1987-04-19,462,,,12,
6,17420,164132,Gedson Fernandes,1999-01-09,20,,,30,
6,17420,37391514,Alfie Devine,2004-08-01,462,,,54,
6,17420,31626619,Nile John,2003-03-06,462,,,57,
6,17420,1014,Hugo Lloris,1986-12-26,17,,,1,
6,17420,339112,Joe Rodon,1997-10-22,515,,,14,
6,17420,37259210,Dane Scarlett,2004-03-24,462,,,53,
6,17420,3884,Matt Doherty,1992-01-16,455,,,2,
6,17420,99148,Tanguy Ndombélé,1996-12-28,17,,,28,
6,17420,997,Harry Kane ,1993-07-28,462,,,10,
6,17420,380886,Sergio Reguilón,1996-12-16,32,,,3,
6,17420,941,Erik Lamela,1992-03-04,44,,,11,
6,17420,1380,Moussa Sissoko,1989-08-16,17,,,17,
6,17420,95998,Lucas Moura ,1992-08-13,5,,,27,
6,17420,1744,Pierre-Emile Højbjerg,1995-08-05,320,,,5,
6,17420,26294,Davinson Sánchez,1996-06-12,353,,,6,
6,17420,916,Eric Dier,1994-01-15,462,,,15,
6,17420,25776,Steven Bergwijn,1997-10-08,38,,,23,
6,17420,989,Ben Davies,1993-04-24,515,,,33,
6,17420,988,Toby Alderweireld,1989-03-02,556,,,4,
6,17420,95094,Serge Aurier,1992-12-24,23,,,24,
6,17420,1711,Harry Winks,1996-02-02,462,,,8,
6,17420,251,Gareth Bale,1989-07-16,515,,,9,
6,17420,4313,Heung-min Son ,1992-07-08,712,,,7,
6,17420,922,Dele Alli,1996-04-11,462,,,20,
6,17420,463153,Carlos Vinícius,1995-03-25,5,,,45,
6,17420,97664,Giovani Lo Celso,1996-04-09,44,,,18,
6,17420,540290,Japhet Tanganga,1999-03-31,462,,,25,
8,17420,1251,Adrián,1987-01-03,32,,,13,
8,17420,100556,Ibrahima Konaté,1999-05-25,17,,,5,
8,17420,23269836,Harvey Elliott,2003-04-04,462,,,19,
8,17420,241036,Luis Díaz,1997-01-13,353,,,7,
8,17420,37565677,Stefan Bajcetic ,2004-10-22,32,,,43,
8,17420,21412957,Fábio Carvalho ,2002-08-30,20,,,28,
8,17420,6013424,Darwin Núñez,1999-06-24,158,,,9,
8,17420,1453,Joe Gomez ,1997-05-23,462,,,2,
8,17420,896225,Caoimhín Kelleher,1998-11-23,455,,,62,
8,17420,52671,Takumi Minamino,1995-01-16,479,,,18,
8,17420,11720838,Neco Williams,2001-04-13,515,,,76,
8,17420,23269654,Leighton Clarkson,2001-10-19,462,,,65,
8,17420,23269643,Jake Cain,2001-09-02,462,,,64,
8,17420,5640817,Ozan Kabak,2000-03-25,404,,,19,
8,17420,6285,Ben Davies,1995-08-11,462,,,28,
8,17420,13590982,Jakub Ojrzynski,2003-02-19,2,,,75,
8,17420,149746,Liam Hughes,2001-08-19,491,,,98,
8,17420,37259161,Billy Koumetio,2002-11-14,17,,,89,
8,17420,5193,Ben Woodburn,1999-10-15,515,,,58,
8,17420,32640,Naby Keïta,1995-02-10,1703,,,8,
8,17420,84627,Konstantinos Tsimikas,1996-05-12,125,,,21,
8,17420,1472,Divock Origi,1995-04-18,556,,,27,
8,17420,1920,Joël Matip,1991-08-08,593,,,32,
8,17420,1365,Georginio Wijnaldum,1990-11-11,38,,,5,
8,17420,1714,Xherdan Shaqiri  ,1991-10-10,62,,,23,
8,17420,1078,Andrew Robertson,1994-03-11,1161,,,26,
8,17420,4545525,Rhys Williams,2001-02-03,462,,,46,
8,17420,159917,Diogo Jota,1996-12-04,20,,,20,
8,17420,197,James Milner,1986-01-04,462,,,7,
8,17420,4545513,Curtis Jones,2001-01-30,462,,,17,
8,17420,4125,Mohamed Salah,1992-06-15,886,,,11,
8,17420,1389,Sadio Mané,1992-04-10,200,,,10,
8,17420,1743,Virgil van Dijk ,1991-07-08,38,,,4,
8,17420,1461,Roberto Firmino,1991-10-02,5,,,9,
8,17420,31857,Thiago Alcântara,1991-04-11,32,,,6,
8,17420,1917,Trent Alexander-Arnold,1998-10-07,462,,,66,
8,17420,129820,Alisson,1992-10-02,5,,,1,
8,17420,1494396,Nat Phillips,1997-03-21,462,,,47,
8,17420,323,Jordan Henderson ,1990-06-17,462,,,14,
8,17420,850,Alex Oxlade-Chamberlain,1993-08-15,462,,,15,
8,17420,96099,Fabinho,1993-10-23,5,,,3,
9,17420,198062,Manuel Akanji,1995-07-19,62,,,25,
9,17420,1116,Jack Grealish,1995-09-10,462,,,10,
9,17420,37459073,Rico Lewis,2004-11-21,462,,,82,
9,17420,154421,Erling Haaland,2000-07-21,1578,,,9,
9,17420,34594,Stefan Ortega,1992-11-06,11,,,18,
9,17420,21394947,Julián Alvarez,2000-01-31,44,,,19,
9,17420,105,Scott Carson,1985-09-03,462,,,33,
9,17420,23278675,Taylor Harwood-Bellis,2002-01-30,462,,,78,
9,17420,159142,Ederson,1993-08-17,5,,,31,
9,17420,1822,Nicolás Otamendi,1988-02-12,44,,,30,
9,17420,28912747,Cole Palmer,2002-05-06,462,,,80,
9,17420,9605714,Tommy Doyle,2001-10-17,462,,,69,
9,17420,16837816,Adrián Bernabé,2001-05-26,32,,,82,
9,17420,1359,Sergio Agüero,1988-06-02,44,,,10,
9,17420,28575686,James Trafford,2002-10-10,462,,,85,
9,17420,32796076,Luke Mbete,2003-09-18,462,,,79,
9,17420,6306127,Felix Nmecha,2000-10-10,11,,,61,
9,17420,537353,Claudio Gomes,2000-07-23,17,,,81,
9,17420,1869,Nathan Aké,1995-02-18,38,,,6,
9,17420,47285,Zack Steffen ,1995-04-02,3483,,,13,
9,17420,28912976,Liam Delap,2003-02-08,462,,,48,
9,17420,4545389,Eric García,2001-01-09,32,,,50,
9,17420,26603,Oleksandr Zinchenko,1996-12-15,86,,,11,
9,17420,448389,Ferran Torres,2000-02-29,32,,,21,
9,17420,1371,Kevin De Bruyne,1991-06-28,556,,,17,
9,17420,186910,Rodri ,1996-06-22,32,,,16,
9,17420,4842,İlkay Gündoğan,1990-10-24,11,,,8,
9,17420,96183,Benjamin Mendy,1994-07-17,17,,,22,
9,17420,162536,Rúben Dias,1997-05-14,20,,,3,
9,17420,1408,Fernandinho,1985-05-04,5,,,25,
9,17420,971,Riyad Mahrez,1991-02-21,614,,,26,
9,17420,5329,Gabriel Jesus,1997-04-03,5,,,9,
9,17420,186299,Aymeric Laporte,1994-05-27,32,,,14,
9,17420,911,Kyle Walker,1990-05-28,462,,,2,
9,17420,96353,Bernardo Silva,1994-08-10,20,,,20,
9,17420,160956,João Cancelo,1994-05-27,20,,,7,
9,17420,336133,Phil Foden,2000-05-28,462,,,47,
9,17420,802,Raheem Sterling,1994-12-08,462,,,7,
9,17420,982,John Stones,1994-05-28,462,,,5,
9,17420,3354,Kalvin Phillips ,1995-12-02,462,,,4,
10,17420,4633,Alex Palmer,1996-08-10,462,,,24,
10,17420,37407455,Daryl Enyinnaya Dike,2000-06-03,3483,,,12,
10,17420,2992,John Swift,1995-06-23,462,,,19,
10,17420,6182,Jed Wallace,1994-03-26,462,,,7,
10,17420,581003,Jayson Molumby,1999-08-06,455,,,8,
10,17420,20216,Cédric Kipré,1996-12-09,23,,,24,
10,17420,784407,Cheikh Sidya Diaby,2000-03-07,17,,,58,
10,17420,2303,Lee Peltier,1986-12-11,462,,,22,
10,17420,1068,Charlie Austin,1989-07-05,462,,,15,
10,17420,5359,Kamil Grosicki ,1988-06-08,2,,,13,
10,17420,129064,Ahmed Hegazy,1991-01-25,886,,,26,
10,17420,340214,Kyle Edwards,1998-02-17,462,,,21,
10,17420,1791,Andy Lonergan,1983-10-19,462,,,31,
10,17420,33991728,Caleb Taylor,2003-01-14,462,,,49,
10,17420,25217725,Taylor Gardner-Hickman,2001-12-30,462,,,45,
10,17420,37259239,Tim Iroegbunam,2003-06-30,462,,,61,
10,17420,28913062,Toby King,,462,,,51,
10,17420,690,Branislav Ivanović,1984-02-22,296,,,20,
10,17420,5255,Rekeem Harper,2000-03-08,462,,,16,
10,17420,1685,Sam Field,1998-05-08,462,,,28,
10,17420,337588,Grady Diangana,1998-04-19,462,,,11,
10,17420,4507,Darnell Furlong,1995-10-31,462,,,2,
10,17420,73871,Filip Krovinovic,1995-08-29,266,,,17,
10,17420,581094,Dara O'Shea ,1999-03-04,455,,,27,
10,17420,795,Matt Phillips,1991-03-13,1161,,,10,
10,17420,4344,Ainsley Maitland-Niles,1997-08-29,462,,,30,
10,17420,5801,Conor Townsend,1993-03-04,462,,,14,
10,17420,1008,Sam Johnstone,1993-03-25,462,,,1,
10,17420,6073,Karlan Grant,1997-09-18,462,,,29,
10,17420,2823,David Button,1989-02-27,462,,,25,
10,17420,201060,Okay Yokuşlu  ,1994-03-09,404,,,35,
10,17420,3306,R. Sawyers,1991-11-02,160047,,,19,
10,17420,870,Robert Snodgrass,1987-09-07,1161,,,23,
10,17420,732,Kieran Gibbs,1989-09-26,462,,,3,
10,17420,897,Kyle Bartley,1991-05-22,462,,,5,
10,17420,3530,Callum Robinson,1995-02-02,455,,,7,
10,17420,62258,Mbaye Diagne,1991-10-28,200,,,17,
10,17420,1076,Hal Robson-Kanu,1989-05-21,515,,,4,
10,17420,3066,Semi Ajayi,1993-11-09,716,,,6,
10,17420,1083,Jake Livermore,1989-11-14,462,,,8,
10,17420,1494245,Conor Gallagher,2000-02-06,462,,,18,
10,17420,160194,Matheus Pereira,1996-05-05,5,,,12,
11,17420,1317,Willian,1988-08-09,5,,,20,
11,17420,5403,Harry Wilson,1997-03-22,515,,,8,
11,17420,463153,Carlos Vinícius,1995-03-25,5,,,30,
11,17420,1004,Andreas Pereira,1996-01-01,5,,,18,
11,17420,96799,Issa Diop,1997-01-09,1424,,,31,
11,17420,4343,Kevin Mbabu,1995-04-19,62,,,27,
11,17420,31342,Bernd Leno,1992-03-04,11,,,1,
11,17420,7340703,Tyrese Francois,2000-07-16,98,,,35,
11,17420,926,Anthony Knockaert,1991-11-20,17,,,11,
11,17420,2306,Cyrus Christie,1992-09-30,455,,,22,
11,17420,7007,Stefan Johansen,1991-01-08,1578,,,8,
11,17420,24508,Terence Kongolo,1994-02-14,38,,,30,
11,17420,185866,Fabri,1987-12-31,32,,,31,
11,17420,28912780,Sylvester Jasper,2001-09-13,224,,,58,
11,17420,96516,Maxime Le Marchand,1989-10-11,17,,,20,
11,17420,25400,Kenny Tete,1995-10-09,6783,,,2,
11,17420,2945,Denis Odoi,1988-05-27,468,,,4,
11,17420,6853,Neeskens Kebano,1992-03-10,1320,,,7,
11,17420,2454,Tim Ream,1987-10-05,3483,,,13,
11,17420,6351,Marek Rodák,1996-12-13,401,,,12,
11,17420,7055,Ivan Cavaleiro,1993-10-18,911,,,17,
11,17420,96017,Mario Lemina ,1993-09-01,3662,,,18,
11,17420,3140,Bobby De Cordova-Reid,1993-02-02,1640,,,14,
11,17420,3160,Joe Bryan,1993-09-17,462,,,23,
11,17420,581067,Antonee Robinson,1997-08-08,3483,,,33,
11,17420,1956,Ola Aina,1996-10-08,716,,,34,
11,17420,1953,Ruben Loftus-Cheek,1996-01-23,462,,,15,
11,17420,96804,Frank Anguissa,1995-11-16,593,,,29,
11,17420,5321,Ademola Lookman,1997-10-20,716,,,19,
11,17420,1366,Aleksandar Mitrović,1994-09-16,296,,,9,
11,17420,5241,Tosin Adarabioyo,1997-09-24,462,,,16,
11,17420,21412957,Fábio Carvalho ,2002-08-30,20,,,48,
11,17420,3384,Michael Hector,1992-07-19,1640,,,3,
11,17420,2285,Tom Cairney  ,1991-01-20,1161,,,10,
11,17420,95393,Alphonse Areola,1993-02-27,17,,,1,
11,17420,63093,Aboubakar Kamara,1995-03-07,2493,,,47,
11,17420,1409,Harrison Reed,1995-01-27,462,,,21,
11,17420,25284,Joachim Andersen,1996-05-31,320,,,5,
11,17420,1708,Joshua Onomah,1997-04-27,462,,,25,
11,17420,5249,Josh Maja,1998-12-27,716,,,27,
13,17420,537271,Vitaliy Mykolenko,1999-05-29,86,,,19,
13,17420,37260638,Nathan Patterson,2001-10-16,1161,,,2,
13,17420,95776,Neal Maupay,1996-08-14,17,,,13,
13,17420,4536524,James Garner,2001-03-13,462,,,37,
13,17420,1639,James Tarkowski,1992-11-19,462,,,6,
13,17420,4598726,Dwight McNeil,1999-11-22,1640,,,7,
13,17420,1030,Idrissa Gueye,1989-09-26,200,,,27,
13,17420,1692,Mason Holgate,1996-10-22,462,,,4,
13,17420,219633,Richarlison,1997-05-10,5,,,7,
13,17420,96091,James Rodríguez,1991-07-12,353,,,19,
13,17420,37344240,Isaac Price,2003-09-26,491,,,60,
13,17420,581062,Nathan Broadhead,1998-04-05,515,,,34,
13,17420,53,Theo Walcott,1989-03-16,462,,,11,
13,17420,133769,Moise Kean,2000-02-28,251,,,27,
13,17420,32408,Jonas Lössl,1989-02-01,320,,,49,
13,17420,32404895,Jarrad Branthwaite,2002-06-27,462,,,32,
13,17420,15076357,Ellis Simms,2001-01-05,462,,,50,
13,17420,32796058,Tyler Onyango,2003-03-04,462,,,62,
13,17420,1029,Joshua King,1992-01-15,1578,,,11,
13,17420,23279211,Kyle John,2001-02-13,462,,,48,
13,17420,9939395,Ryan Astley,2001-10-04,515,,,38,
13,17420,37259199,Reece Welch,2003-09-19,462,,,64,
13,17420,5013,Jonjoe Kenny,1997-03-15,462,,,2,
13,17420,1826,Jordan Pickford,1994-03-07,462,,,1,
13,17420,32421,Jean-Philippe Gbamin,1995-09-25,23,,,25,
13,17420,9611543,Anthony Gordon,2001-02-24,462,,,24,
13,17420,2144,Abdoulaye Doucouré,1993-01-01,26,,,16,
13,17420,5141,Dominic Calvert-Lewin,1997-03-16,462,,,9,
13,17420,7958,Ben Godfrey,1998-01-15,462,,,22,
13,17420,129245,Allan,1991-01-08,5,,,6,
13,17420,1706,Tom Davies,1998-06-30,462,,,26,
13,17420,205595,Bernard,1992-09-08,5,,,20,
13,17420,95368,Lucas Digne,1993-07-20,17,,,12,
13,17420,881,Michael Keane,1993-01-11,462,,,5,
13,17420,814,Gylfi Sigurdsson,1989-09-08,1796,,,10,
13,17420,84540,Robin Olsen,1990-01-08,47,,,33,
13,17420,159372,André Gomes,1993-07-30,20,,,21,
13,17420,220040,Yerry Mina ,1994-09-23,353,,,13,
13,17420,1881,Alex Iwobi,1996-05-03,716,,,17,
13,17420,166,Fabian Delph,1989-11-21,462,,,8,
13,17420,10275430,Niels Nkounkou,2000-11-01,17,,,18,
13,17420,764,Séamus Coleman,1988-10-11,455,,,23,
13,17420,45863,Cenk Tosun,1991-06-07,404,,,14,
13,17420,539969,João Virgínia,1999-10-10,20,,,31,
13,17420,28575660,Harry Tyrer,2001-12-06,462,,,53,
14,17420,164061,Diogo Dalot,1999-03-18,20,,,20,
14,17420,159700,Casemiro,1992-02-23,5,,,18,
14,17420,538034,Jadon Sancho,2000-03-25,462,,,25,
14,17420,1454,Tom Heaton,1986-04-15,462,,,22,
14,17420,992,Christian Eriksen,1992-02-14,320,,,14,
14,17420,4391,Axel Tuanzebe,1997-11-14,1320,,,38,
14,17420,2158417,Tyrell Malacia,1999-08-17,7437,,,12,
14,17420,2206665,Lisandro Martínez,1998-01-18,44,,,6,
14,17420,37316549,Alejandro Garnacho,2004-07-01,44,,,17,
14,17420,12393293,Antony,2000-02-24,5,,,21,
14,17420,820,Jesse Lingard,1992-12-15,462,,,14,
14,17420,4601,Timothy Fosu-Mensah,1998-01-02,38,,,24,
14,17420,1248,Odion Ighalo,1989-06-16,716,,,25,
14,17420,1947,Lee Grant,1983-01-27,462,,,13,
14,17420,10907,Nathan Bishop,1999-10-15,462,,,30,
14,17420,37316858,Hannibal,2003-01-21,1439,,,46,
14,17420,27422645,Will Fish,2003-02-17,462,,,48,
14,17420,1335,Nemanja Matić,1988-08-01,296,,,31,
14,17420,1849,Eric Bailly,1994-04-12,23,,,3,
14,17420,832,David de Gea ,1990-11-07,32,,,1,
14,17420,28912805,Anthony Elanga,2002-04-27,47,,,56,
14,17420,4536527,Brandon Williams,2000-09-03,462,,,33,
14,17420,12647,Dean Henderson ,1997-03-12,462,,,26,
14,17420,130177,Alex Telles ,1992-12-15,5,,,27,
14,17420,26031,Donny van de Beek,1997-04-18,38,,,34,
14,17420,5252,Aaron Wan-Bissaka,1997-11-26,1320,,,29,
14,17420,2884,Harry Maguire,1993-03-05,462,,,5,
14,17420,96088,Edinson Cavani  ,1987-02-14,158,,,7,
14,17420,1878,Marcus Rashford,1997-10-31,462,,,10,
14,17420,846,Juan Mata,1988-04-28,32,,,8,
14,17420,1992,Paul Pogba,1993-03-15,17,,,6,
14,17420,955,Luke Shaw,1995-07-12,462,,,23,
14,17420,129602,Bruno Fernandes ,1994-09-08,20,,,8,
14,17420,455376,Scott McTominay ,1996-12-08,1161,,,39,
14,17420,5149,Daniel James,1997-11-10,515,,,21,
14,17420,1829,Anthony Martial,1995-12-05,17,,,9,
14,17420,20333643,Mason Greenwood,2001-10-01,462,,,11,
14,17420,205411,Fred,1993-03-05,5,,,17,
14,17420,37317015,Amad Diallo ,2002-07-11,23,,,16,
14,17420,160206,Victor Lindelöf,1994-07-17,47,,,2,
14,17420,27422646,Shola Shoretire,2004-02-02,462,,,74,
14,17420,20673398,Facundo Pellistri,2001-12-20,158,,,28,
15,17420,33716,Leon Bailey ,1997-08-09,1640,,,31,
15,17420,186660,Emiliano Buendía,1996-12-25,44,,,10,
15,17420,95368,Lucas Digne,1993-07-20,17,,,12,
15,17420,84540,Robin Olsen,1990-01-08,47,,,25,
15,17420,96689,Diego Carlos,1993-03-15,5,,,3,
15,17420,28912777,Cameron Archer,2001-12-09,462,,,35,
15,17420,97626,Boubacar Kamara,1999-11-23,17,,,44,
15,17420,33186827,Jaden Philogene,2002-02-08,462,,,52,
15,17420,96575,Frédéric Guilbert,1994-12-24,17,,,24,
15,17420,817,Neil Taylor,1989-02-07,515,,,3,
15,17420,957,J. Steer,1992-09-23,462,,,12,
15,17420,1454,Tom Heaton,1986-04-15,462,,,1,
15,17420,62122,Björn Engels,1994-09-15,556,,,22,
15,17420,96090,Morgan Sanson,1994-08-18,17,,,25,
15,17420,37259159,Kaine Hayden,,462,,,62,
15,17420,28912779,Kaine Kesler-Hayden,2002-10-23,462,,,62,
15,17420,628,Ahmed Eissa El Mohamady Abdel Fattah,1987-09-09,886,,,27,
15,17420,6524,Matty Cash,1997-08-07,2,,,2,
15,17420,1343,Emiliano Martínez,1992-09-02,44,,,26,
15,17420,25126,Marvelous Nakamba,1994-01-19,2325,,,19,
15,17420,3371,C. Hourihane,1991-02-02,455,,,14,
15,17420,11705406,Jacob Ramsey,2001-05-28,462,,,41,
15,17420,6201,Kortney Hause,1995-07-16,462,,,30,
15,17420,31626713,Carney Chukwuemeka,2003-10-20,143,,,60,
15,17420,1094,Tyrone Mings,1993-03-13,462,,,5,
15,17420,62879,Mahmoud Trezeguet,1994-10-01,886,,,17,
15,17420,1387,Matt Targett,1995-09-18,462,,,18,
15,17420,25354,Anwar El Ghazi,1995-05-03,38,,,21,
15,17420,225000,Douglas Luiz,1998-05-09,5,,,6,
15,17420,172611,John McGinn ,1994-10-18,1161,,,7,
15,17420,7124,Ezri Konsa,1997-10-23,462,,,4,
15,17420,1116,Jack Grealish,1995-09-10,462,,,10,
15,17420,968,Ross Barkley,1993-12-05,462,,,20,
15,17420,4579,Keinan Davis,1998-02-13,462,,,39,
15,17420,62865,Wesley Moraes,1996-11-24,5,,,9,
15,17420,62423,Leander Dendoncker,1995-04-15,556,,,32,
15,17420,12145,Ollie Watkins,1995-12-30,462,,,11,
15,17420,4254,Bertrand Traoré,1995-09-06,607,,,15,
18,17420,537117,Trevoh Chalobah,1999-07-05,462,,,14,
18,17420,802,Raheem Sterling,1994-12-08,462,,,7,
18,17420,1494245,Conor Gallagher,2000-02-06,462,,,23,
18,17420,3268,Marcus Bettinelli,1992-05-24,462,,,13,
18,17420,23697427,Armando Broja,2001-09-10,2454,,,19,
18,17420,448448,Marc Cucurella,1998-07-22,32,,,3,
18,17420,1440,Willy Caballero,1981-09-28,44,,,13,
18,17420,129794,Emerson,1994-08-03,251,,,33,
18,17420,14726287,Karlo Ziger,2001-05-11,266,,,40,
18,17420,6599974,Tino Anjorin,2001-11-23,462,,,,
18,17420,24799911,Tino Livramento ,2002-11-12,462,,,57,
18,17420,4655,Fikayo Tomori,1997-12-19,462,,,14,
18,17420,186606,Kepa Arrizabalaga,1994-10-03,32,,,1,
18,17420,1316,Kurt Zouma,1994-10-27,17,,,15,
18,17420,968,Ross Barkley,1993-12-05,462,,,8,
18,17420,1953,Ruben Loftus-Cheek,1996-01-23,462,,,12,
18,17420,798,Olivier Giroud,1986-09-30,17,,,18,
18,17420,31823,Timo Werner,1996-03-06,11,,,11,
18,17420,95792,Thiago Silva,1984-09-22,5,,,6,
18,17420,1601,Ben Chilwell,1996-12-21,462,,,21,
18,17420,537121,Mason Mount ,1999-01-10,462,,,19,
18,17420,1193,N'Golo Kanté,1991-03-29,17,,,7,
18,17420,2875858,Callum Hudson-Odoi,2000-11-07,462,,,20,
18,17420,581220,Reece James ,1999-12-08,462,,,24,
18,17420,1330,César Azpilicueta,1989-08-28,32,,,28,
18,17420,24288,Hakim Ziyech,1993-03-19,1424,,,22,
18,17420,99137,Edouard Mendy,1992-03-01,200,,,16,
18,17420,4460,Andreas Christensen,1996-04-10,320,,,4,
18,17420,73147,Mateo Kovacic,1994-05-06,266,,,17,
18,17420,31837,Antonio Rüdiger,1993-03-03,11,,,2,
18,17420,1128,Marcos Alonso,1990-12-28,32,,,3,
18,17420,32612,Kai Havertz,1999-06-11,11,,,29,
18,17420,6599973,Billy Gilmour,2001-06-11,1161,,,23,
18,17420,11311795,Wesley Fofana,2000-12-17,17,,,29,
18,17420,31626713,Carney Chukwuemeka,2003-10-20,143,,,17,
18,17420,32438,Christian Pulisic,1998-09-18,3483,,,10,
18,17420,129511,Jorginho,1991-12-20,251,,,5,
18,17420,3139,Tammy Abraham,1997-10-02,462,,,9,
19,17420,3259,Ben White,1997-10-08,462,,,4,
19,17420,310288,Takehiro Tomiyasu,1998-11-05,479,,,18,
19,17420,9438,Aaron Ramsdale,1998-05-14,462,,,1,
19,17420,537759,Reiss Nelson,1999-12-10,462,,,24,
19,17420,17544737,William Saliba ,2001-03-24,17,,,2,
19,17420,5270497,Fábio Vieira,2000-05-30,20,,,21,
19,17420,5329,Gabriel Jesus,1997-04-03,5,,,9,
19,17420,26603,Oleksandr Zinchenko,1996-12-15,86,,,17,
19,17420,95334,Alexandre Lacazette,1991-05-28,17,,,9,
19,17420,4344,Ainsley Maitland-Niles,1997-08-29,462,,,15,
19,17420,1494447,Joe Willock,1999-08-20,462,,,28,
19,17420,62317,Mathew Ryan,1992-04-08,98,,,33,
19,17420,4307,Matt Macey ,1994-09-09,462,,,33,
19,17420,31342,Bernd Leno,1992-03-04,11,,,1,
19,17420,31661,Sead Kolasinac,1993-06-20,507,,,31,
19,17420,84224,Rúnar Alex Rúnarsson,1995-02-18,1796,,,13,
19,17420,3817,Shkodran Mustafi,1992-04-17,11,,,20,
19,17420,1891,Mohamed Elneny,1992-07-11,886,,,25,
19,17420,1899,Héctor Bellerín,1995-03-19,32,,,2,
19,17420,1333,David Luiz,1987-04-22,5,,,23,
19,17420,16827155,Bukayo Saka,2001-09-05,462,,,7,
19,17420,1362,Cédric Soares,1991-08-31,20,,,17,
19,17420,1317,Willian,1988-08-09,5,,,12,
19,17420,186734,Dani Ceballos,1996-08-07,32,,,8,
19,17420,1901,Rob Holding,1995-09-20,462,,,16,
19,17420,1494446,Emile Smith Rowe,2000-07-28,462,,,32,
19,17420,96656,Nicolas Pépé,1995-05-29,23,,,19,
19,17420,10959356,Gabriel Martinelli,2001-06-18,5,,,11,
19,17420,1887,Granit Xhaka ,1992-09-27,62,,,34,
19,17420,1177,Calum Chambers ,1995-01-20,462,,,21,
19,17420,186159,Pablo Marí,1993-08-31,32,,,22,
19,17420,539961,Eddie Nketiah,1999-05-30,462,,,14,
19,17420,28912729,Miguel Azeez,2002-09-20,462,,,66,
19,17420,172960,Kieran Tierney,1997-06-05,1161,,,3,
19,17420,31739,Pierre-Emerick Aubameyang,1989-06-18,3662,,,14,
19,17420,186370,Thomas Partey,1993-06-13,468,,,18,
19,17420,97811,Gabriel,1997-12-19,5,,,6,
19,17420,26823,Martin Ødegaard ,1998-12-17,1578,,,11,
20,17420,1016,Kieran Trippier,1990-09-19,462,,,2,
20,17420,459145,Bruno Guimarães,1997-11-16,5,,,39,
20,17420,2815,Dan Burn ,1992-05-09,462,,,33,
20,17420,34053,Alexander Isak,1999-09-21,47,,,14,
20,17420,2763,Nick Pope,1992-04-19,462,,,22,
20,17420,5270468,Sven Botman,2000-01-12,38,,,4,
20,17420,1387,Matt Targett,1995-09-18,462,,,13,
20,17420,1352,Javier Manquillo,1994-05-05,32,,,19,
20,17420,332047,Elliot Anderson,2002-11-06,462,,,57,
20,17420,7855,Mark Gillespie,1992-03-27,462,,,29,
20,17420,4317,DeAndre Yedlin,1993-07-09,3483,,,22,
20,17420,173737,Sean Longstaff,1997-10-30,462,,,36,
20,17420,22536395,Dan Langley,2000-12-28,462,,,41,
20,17420,2985,Jamaal Lascelles,1993-11-11,462,,,6,
20,17420,1397,Karl Darlow,1990-10-08,515,,,26,
20,17420,3071,Jacob Murphy,1995-02-24,462,,,23,
20,17420,1065,Callum Wilson,1992-02-27,462,,,13,
20,17420,819,Jonjo Shelvey,1992-02-27,462,,,8,
20,17420,33645,Joelinton,1996-08-14,5,,,9,
20,17420,2361,Jeff Hendrick,1992-01-31,455,,,16,
20,17420,80889,Martin Dúbravka,1989-01-15,401,,,1,
20,17420,1061,Matt Ritchie,1989-09-10,1161,,,11,
20,17420,22536394,Matty Longstaff,2000-03-21,462,,,4,
20,17420,746,Andy Carroll,1989-01-06,462,,,7,
20,17420,1494447,Joe Willock,1999-08-20,462,,,28,
20,17420,129966,Emil Krafth,1994-08-02,47,,,17,
20,17420,1179,Dwight Gayle,1989-10-17,462,,,12,
20,17420,1494666,Jamal Lewis ,1998-01-25,491,,,15,
20,17420,2712,Ryan Fraser,1994-02-24,1161,,,21,
20,17420,2954,Isaac Hayden,1995-03-22,462,,,14,
20,17420,32372,Fabian Schär,1991-12-20,62,,,5,
20,17420,1414,Paul Dummett,1991-09-26,515,,,3,
20,17420,1310,Federico Fernández,1989-02-21,44,,,18,
20,17420,32508,Allan Saint-Maximin,1997-03-12,17,,,10,
20,17420,360,Ciaran Clark,1989-09-26,455,,,2,
20,17420,257663,Miguel Almirón ,1994-02-10,1190,,,24,
21,17420,30468674,Ismaila Coulibaly,2000-12-25,26,,,,
21,17420,7118,Anel Ahmedhodzic ,1999-03-26,507,,,15,
21,17420,9438,Aaron Ramsdale,1998-05-14,462,,,1,
21,17420,3478,Wes Foderingham ,1991-01-14,462,,,18,
21,17420,12542,Ethan Ampadu ,2000-09-14,515,,,22,
21,17420,26085,Michael Verrips,1996-12-03,38,,,21,
21,17420,37391642,Antwoine Hackford,2004-03-20,462,,,32,
21,17420,4901,Lys Mousset,1996-02-08,17,,,11,
21,17420,37391628,Zak Brunt,2001-11-17,462,,,31,
21,17420,37391626,Kyron Gordon,2002-05-24,462,,,33,
21,17420,37391630,Frankie Maguire ,2003-07-29,462,,,35,
21,17420,37559767,William Osula,2003-08-04,320,,,41,
21,17420,26715430,Femi Seriki,2002-04-28,462,,,40,
21,17420,37391625,Harry Boyes,2001-11-02,462,,,36,
21,17420,23661272,Iliman Ndiaye,2000-03-06,200,,,34,
21,17420,5953,Jack O'Connell,1994-03-29,462,,,5,
21,17420,3604,George Baldock,1993-03-09,462,,,2,
21,17420,32,Phil Jagielka,1982-08-17,462,,,15,
21,17420,3305,John Egan,1992-10-20,455,,,12,
21,17420,3262,John Lundstram,1994-02-18,462,,,7,
21,17420,2321,Oliver Norwood ,1991-04-12,491,,,16,
21,17420,9726,Kean Bryan,1996-11-01,462,,,29,
21,17420,506,Chris Basham,1988-07-20,462,,,6,
21,17420,6286,Oliver Burke ,1997-04-07,1161,,,14,
21,17420,37391641,Daniel Jebbison,2003-08-13,1004,,,38,
21,17420,4220,Enda Stevens,1990-07-09,455,,,3,
21,17420,3248,Max Lowe,1997-05-11,462,,,13,
21,17420,3230,Ben Osborn,1994-08-05,462,,,23,
21,17420,5858,John Fleck,1991-08-24,1161,,,4,
21,17420,2191,David McGoldrick,1987-11-29,455,,,17,
21,17420,581158,Jayden Bogle,2000-07-27,462,,,20,
21,17420,64193,Sander Berge,1998-02-14,1578,,,8,
21,17420,1022,Jack Robinson,1993-09-01,462,,,19,
21,17420,5699,Adam Davies,1992-07-17,515,,,17,
21,17420,7714340,Rhys Norrington-Davies,1999-04-22,515,,,33,
21,17420,4746,Oli McBurnie,1996-06-04,1161,,,9,
21,17420,455354,Rhian Brewster ,2000-04-01,462,,,24,
21,17420,1384,Patrick McCarthy,1986-02-05,462,,,10,
27,17420,5410,Connor Roberts,1995-09-23,515,,,14,
27,17420,3861826,Jordan Beyer ,2000-05-19,11,,,36,
27,17420,4244,Josh Cullen  ,1996-04-07,455,,,24,
27,17420,30883147,Luke McNally ,1999-09-20,455,,,34,
27,17420,37259845,Anass Zaroury,2000-11-07,1424,,,19,
27,17420,62279,Manuel Benson ,1997-03-28,556,,,10,
27,17420,37374537,Mace Lewin Goodridge,1999-09-13,462,,,44,
27,17420,6306101,Anthony Driscoll-Glennon,1999-11-26,462,,,45,
27,17420,37518832,Bobby Thomas,2001-01-30,462,,,37,
27,17420,28912859,Max Thompson,2002-02-09,462,,,33,
27,17420,12112,Will Norris,1993-08-12,462,,,25,
27,17420,22144837,Anthony Mancini,2001-04-06,17,,,35,
27,17420,1494243,Richard Nartey,1998-09-06,462,,,31,
27,17420,812,Erik Pieters,1988-08-07,38,,,23,
27,17420,2763,Nick Pope,1992-04-19,462,,,1,
27,17420,3300,Charlie Taylor,1993-09-18,462,,,3,
27,17420,539622,Jimmy Dunne  ,1997-10-19,455,,,34,
27,17420,361,Phil Bardsley,1985-06-28,1161,,,26,
27,17420,6656,Bailey Peacock-Farrell,1996-10-29,491,,,15,
27,17420,3143,Josh Brownhill,1995-12-19,462,,,8,
27,17420,1448,Ashley Barnes,1989-10-30,462,,,10,
27,17420,1156,Jack Cork,1989-06-25,462,,,4,
27,17420,1101,Toni Astorgano,1992-01-14,455,,,12,
27,17420,2723,Dale Stephens,1989-06-12,462,,,16,
27,17420,1148,Matej Vydra,1992-05-01,245,,,27,
27,17420,1466,Kevin Long,1990-08-18,455,,,28,
27,17420,1152,Jay Rodríguez,1989-07-29,462,,,19,
27,17420,914,Chris Wood,1991-12-07,2817,,,9,
27,17420,862,Ashley Westwood,1990-04-01,462,,,18,
27,17420,1460,Ben Mee,1989-09-21,462,,,6,
27,17420,1639,James Tarkowski,1992-11-19,462,,,5,
27,17420,1611,Johann Berg Guðmunds­son,1990-10-27,1796,,,7,
27,17420,4598726,Dwight McNeil,1999-11-22,1640,,,11,
27,17420,896,Matthew Lowton,1989-06-09,462,,,2,
27,17420,1846775,Joel Mumbongo,1999-01-09,47,,,46,
27,17420,37296112,Lewis Richardson,2003-02-07,462,,,38,
27,17420,9302767,Vitinho,1999-07-23,5,,,22,
27,17420,9674,Scott Twine,1999-07-14,462,,,11,
27,17420,28575687,CJ Egan-Riley,2003-01-02,462,,,6,
27,17420,4969703,Josh Benson,1999-12-05,462,,,41,
29,17420,159483,José Sá,1993-01-17,20,,,1,
29,17420,97692,Gonçalo Guedes,1996-11-29,20,,,,
29,17420,37404802,Francisco Jorge Tavares Oliveira,2000-02-05,20,,,36,
29,17420,1548028,Sasa Kalajdzic,1997-07-07,143,,,18,
29,17420,37400484,Yerson Mosquera,2001-05-02,353,,,14,
29,17420,29303604,Toti ,1999-01-16,20,,,24,
29,17420,52868,Hee-chan Hwang,1996-01-26,712,,,11,
29,17420,158453,Rui Patrício,1988-02-15,20,,,11,
29,17420,537514,Rúben Vinagre,1999-04-09,20,,,29,
29,17420,23269652,Ki-Jana Hoever,2002-01-18,38,,,2,
29,17420,133805,Patrick Cutrone,1998-01-03,251,,,23,
29,17420,33186843,Christian Marques,2003-01-15,20,,,75,
29,17420,37400403,Nigel Cello Lonwijk,2002-10-27,38,,,57,
29,17420,12844021,A. Søndergaard,2001-01-17,320,,,62,
29,17420,21414144,Taylor Perry,2001-07-15,462,,,26,
29,17420,23739134,Lewis Richards,2001-10-15,462,,,42,
29,17420,539683,Meritan Shabani,1999-03-15,11,,,38,
29,17420,159917,Diogo Jota,1996-12-04,20,,,18,
29,17420,160217,Raúl Jiménez,1991-05-05,458,,,9,
29,17420,4545430,Vitinha,2000-02-13,20,,,20,
29,17420,890,John Ruddy,1986-10-24,462,,,21,
29,17420,14350643,Owen Otasowie,2001-01-06,3483,,,54,
29,17420,160110,Nélson Semedo,1993-11-16,20,,,22,
29,17420,96850,Marçal,1989-02-19,5,,,5,
29,17420,95348,Willy Boly,1991-02-03,17,,,15,
29,17420,7926,Morgan Gibbs-White,2000-01-27,462,,,18,
29,17420,498161,Maximilian Kilman,1997-05-23,462,,,49,
29,17420,159699,Rúben Neves,1997-03-13,20,,,8,
29,17420,62423,Leander Dendoncker,1995-04-15,556,,,32,
29,17420,3043,Conor Coady,1993-02-25,462,,,16,
29,17420,7144,Romain Saïss,1990-03-26,1424,,,27,
29,17420,496775,Pedro Neto,2000-03-09,20,,,7,
29,17420,160834,Daniel Podence,1995-10-21,20,,,10,
29,17420,84448,Oskar Buur,1998-03-31,320,,,59,
29,17420,186680,Willian José,1991-11-23,5,,,12,
29,17420,23716002,Theo Corbeanu,2002-05-17,1004,,,60,
29,17420,37286738,Hugo Bueno,2002-09-18,32,,,64,
29,17420,23739135,Luke Cundle,2002-04-26,462,,,39,
29,17420,4241,Adama Traoré,1996-01-25,32,,,37,
29,17420,13590962,Rayan Aït-Nouri,2001-06-06,614,,,3,
29,17420,23269679,Fábio Silva,2002-07-19,20,,,17,
29,17420,186426,Jonny Otto,1994-03-03,32,,,19,
29,17420,96102,João Moutinho,1986-09-08,20,,,28,
42,17420,432912,Boubakary Soumaré,1999-02-27,17,,,24,
42,17420,31129,Jannik Vestergaard,1992-08-03,320,,,23,
42,17420,55485,Patson Daka,1998-10-09,2568,,,20,
42,17420,96838,Ricardo Pereira,1993-10-06,20,,,21,
42,17420,1191,Juanjo González,1986-04-07,143,,,28,
42,17420,944,Wes Morgan,1984-01-21,1640,,,5,
42,17420,32574,Çağlar Söyüncü,1996-05-23,404,,,4,
42,17420,4833,Islam Slimani,1988-06-18,614,,,13,
42,17420,14018804,Shane Flynn,2001-10-14,455,,,53,
42,17420,530924,Thanawat Suengchitthawon,2000-01-08,49477,,,64,
42,17420,33991811,Tawanda Maswanhise,2002-11-20,2325,,,65,
42,17420,1572,Demarai Gray,1996-06-28,1640,,,7,
42,17420,6518,Hamza Dewan Choudhury,1997-10-01,462,,,17,
42,17420,1182,Jamie Vardy,1987-01-11,462,,,9,
42,17420,12514,James Justin,1998-02-23,462,,,2,
42,17420,62342,Youri Tielemans,1997-05-07,556,,,8,
42,17420,1488,Kelechi Iheanacho,1996-10-03,716,,,14,
42,17420,6838,James Maddison,1996-11-23,462,,,10,
42,17420,1396,Ayoze Pérez,1993-07-29,32,,,17,
42,17420,1573,Daniel Amartey,1994-12-21,468,,,18,
42,17420,10309700,Luke Jonathan Thomas,2001-06-10,462,,,33,
42,17420,61654,Dennis Praet,1994-05-14,556,,,26,
42,17420,169,Kasper Schmeichel,1986-11-05,320,,,1,
42,17420,174,Marc Albrighton,1989-11-18,462,,,11,
42,17420,5319,Wilfred Ndidi,1996-12-16,716,,,25,
42,17420,10601,Harvey Barnes,1997-12-09,462,,,15,
42,17420,25548855,Sidnei Tavares,2001-09-29,20,,,50,
42,17420,12433172,Vontae Daley-Campbell,2001-04-02,462,,,46,
42,17420,581238,Daniel Iversen,1997-07-19,320,,,31,
42,17420,26955,Wout Felix Lina Faes,1998-04-03,556,,,3,
42,17420,3282,Danny Ward,1993-06-22,515,,,1,
42,17420,202002,Cengiz Ünder,1997-07-14,404,,,19,
42,17420,11311795,Wesley Fofana,2000-12-17,17,,,3,
42,17420,4679,Nampalys Mendy,1992-06-23,200,,,24,
42,17420,612,Jonny Evans,1988-01-03,491,,,6,
42,17420,62337,Timothy Castagne,1995-12-05,556,,,27,
42,17420,539997,Khanya Leshabela,1999-09-18,146,,,38,
51,17420,25284,Joachim Andersen,1996-05-31,320,,,16,
51,17420,4536500,Marc Guéhi,2000-07-13,462,,,6,
51,17420,96792,Odsonne Édouard,1998-01-16,17,,,22,
51,17420,5640926,Cheick Doucouré,2000-01-08,26,,,28,
51,17420,1202,Nathaniel Clyne,1991-04-05,462,,,17,
51,17420,4189,Ryan Inniss,1995-06-05,462,,,45,
51,17420,31840,Max Meyer,1995-09-18,11,,,7,
51,17420,519,Wayne Hennessey,1987-01-24,515,,,13,
51,17420,1386,Mamadou Sakho,1990-02-13,17,,,12,
51,17420,4598717,Sam Woods,1998-09-11,462,,,35,
51,17420,1263,Stephen Henderson,1988-05-02,455,,,19,
51,17420,1494208,Reece Hannam,2000-09-11,462,,,38,
51,17420,841,Connor Wickham,1993-03-31,462,,,21,
51,17420,729,Martin Kelly,1990-04-27,462,,,34,
51,17420,336,James Tomkins,1989-03-29,462,,,5,
51,17420,526,James McCarthy,1990-11-12,455,,,22,
51,17420,1243,Cheikhou Kouyaté,1989-12-21,200,,,8,
51,17420,185723,Vicente Guaita,1987-01-10,32,,,31,
51,17420,5371,Luka Milivojevic,1991-04-07,296,,,4,
51,17420,1108,Wilfried Zaha,1992-11-10,23,,,11,
51,17420,1462,Jack Butland,1993-03-10,462,,,1,
51,17420,692,Joel Ward,1989-10-29,462,,,2,
51,17420,96950,Jean-Philippe Mateta ,1997-06-28,17,,,14,
51,17420,1038,Jordan Ayew,1991-09-11,468,,,9,
51,17420,927,Jeffrey Schlupp,1992-12-23,468,,,15,
51,17420,853,Christian Benteke,1990-12-03,556,,,20,
51,17420,1921,Michy Batshuayi,1993-10-02,556,,,23,
51,17420,334,Gary Cahill,1985-12-19,462,,,24,
51,17420,4598710,Tyrick Mitchell,1999-09-01,462,,,27,
51,17420,1249,Andros Townsend,1991-07-16,462,,,10,
51,17420,498,James McArthur,1987-10-07,1161,,,18,
51,17420,34455847,Jesurun Rak-Sakyi,2002-10-05,468,,,39,
51,17420,2332,Will Hughes,1995-04-17,462,,,19,
51,17420,1008,Sam Johnstone,1993-03-25,462,,,1,
51,17420,18218609,Chris Richards,2000-03-28,3483,,,26,
51,17420,7643,Eberechi Eze,1998-06-29,462,,,25,
51,17420,25399,Jaïro Riedewald,1996-09-09,38,,,44,
51,17420,621,Scott Dann,1987-02-14,462,,,6,
51,17420,712,Patrick van Aanholt,1990-08-29,38,,,3,
65,17420,2951,Adam Armstrong,1997-02-10,462,,,9,
65,17420,9826,Joe Aribo,1996-07-21,716,,,7,
65,17420,37316841,Samuel Edozie,2003-01-28,462,,,23,
65,17420,37537876,Juan Larios,2004-01-12,32,,,28,
65,17420,16845996,Gavin Bazunu ,2002-02-20,455,,,31,
65,17420,27066567,Armel Bella-Kotchap,2001-12-11,11,,,37,
65,17420,37289022,Sékou Mara,2002-07-30,17,,,18,
65,17420,1241,Fraser Forster,1988-03-17,462,,,44,
65,17420,28575692,Caleb Watts,2002-01-16,98,,,65,
65,17420,455498,Will Ferry,2000-12-07,455,,,47,
65,17420,23638505,Alexandre Jankewitz,2001-12-25,62,,,64,
65,17420,21413000,Kayne Ramsay,2000-10-10,462,,,31,
65,17420,581122,Dan Nlundulu,1999-02-05,462,,,40,
65,17420,37298058,Kegs Chauke,2003-01-08,462,,,72,
65,17420,5299,Harry Lewis,1997-12-20,462,,,41,
65,17420,37536910,Ryan Finnigan,2003-09-23,462,,,52,
65,17420,537558,Ibrahima Diallo,1999-03-08,17,,,27,
65,17420,581040,Jake Vokins,2000-03-17,462,,,29,
65,17420,23739034,Allan Tchaptchet,2001-12-21,17,,,62,
65,17420,1393,Jack Stephens ,1994-01-27,462,,,5,
65,17420,1505,Oriol Romeu,1991-09-24,32,,,6,
65,17420,581055,Michael Obafemi,2000-07-06,455,,,14,
65,17420,1155,James Ward-Prowse,1994-11-01,462,,,8,
65,17420,1350,Ryan Bertrand,1989-08-05,462,,,3,
65,17420,31129,Jannik Vestergaard,1992-08-03,320,,,4,
65,17420,581043,Yan Valery,1999-02-22,1439,,,18,
65,17420,4659,Kyle Walker-Peters,1997-04-13,462,,,2,
65,17420,1494225,Nathan Tella,1999-07-05,716,,,23,
65,17420,1131,Alex Simon McCarthy,1989-12-03,462,,,1,
65,17420,1450,Danny Ings,1992-07-23,462,,,9,
65,17420,3596,Ché Adams,1996-07-13,1161,,,10,
65,17420,978883,Moussa Djenepo,1998-06-15,26,,,12,
65,17420,172357,Stuart Armstrong,1992-03-30,1161,,,17,
65,17420,53,Theo Walcott,1989-03-16,462,,,32,
65,17420,11347016,Mohammed Salisu ,1999-04-17,468,,,22,
65,17420,52671,Takumi Minamino,1995-01-16,479,,,19,
65,17420,722,Shane Long,1987-01-22,455,,,7,
65,17420,979,Nathan Redmond,1994-03-06,462,,,11,
65,17420,581052,Will Smallbone ,2000-02-21,455,,,20,
65,17420,155138,Jan Bednarek,1996-04-12,2,,,35,
71,17420,21762788,Joe Gelhardt,2002-05-04,462,,,30,
71,17420,449187,Junior Firpo,1996-08-22,32,,,3,
71,17420,37316986,Wilfried Gnonto,2003-11-05,23,,,29,
71,17420,4552689,Brenden Aaronson,2000-10-22,3483,,,11,
71,17420,9939186,Mateusz Bogusz,2001-08-22,2,,,44,
71,17420,37391787,Niall Huggins,2000-12-18,515,,,52,
71,17420,21412958,Cody Drameh,2001-12-08,462,,,37,
71,17420,37374545,Oliver Casey,2000-12-19,462,,,49,
71,17420,22146095,Elia Caprile,2001-08-25,251,,,25,
71,17420,37391231,Jack Jenkins,2001-11-26,462,,,47,
71,17420,37391226,Charlie Cresswell,2002-08-17,462,,,35,
71,17420,9939203,Crysencio Summerville,2001-10-30,38,,,38,
71,17420,28912710,Sam Greenwood,2002-01-26,462,,,42,
71,17420,432881,Illan Meslier,2000-03-02,17,,,1,
71,17420,185653,Kiko Casilla,1986-10-02,32,,,13,
71,17420,25567988,Leif Davis,1999-12-31,462,,,24,
71,17420,3216,Gaetano Berardi,1988-08-21,62,,,28,
71,17420,29478,Pascal Struijk,1999-08-11,556,,,21,
71,17420,1175,Patrick Bamford,1993-09-05,462,,,9,
71,17420,35364,Robin Koch ,1996-07-17,11,,,5,
71,17420,2818,Stuart Dallas,1991-04-19,491,,,15,
71,17420,3344,Liam Cooper,1991-08-30,1161,,,6,
71,17420,2823510,Ian Poveda,2000-02-09,462,,,7,
71,17420,4527,Tyler Roberts,1999-01-12,515,,,11,
71,17420,25063,Mateusz Klich,1990-06-13,2,,,43,
71,17420,3354,Kalvin Phillips ,1995-12-02,462,,,23,
71,17420,6563,Hélder Costa,1994-01-12,911,,,17,
71,17420,186595,Diego Llorente,1993-08-16,32,,,14,
71,17420,3158,Luke Ayling,1991-08-25,462,,,2,
71,17420,1267,Pablo Hernández,1985-04-11,32,,,19,
71,17420,262274,Jack Harrison,1996-11-20,462,,,22,
71,17420,197870,Ezgjan Alioski,1992-02-12,57142,,,10,
71,17420,160258,Raphinha,1996-12-14,5,,,18,
71,17420,793,Rodrigo,1991-03-06,32,,,20,
71,17420,20694519,Jamie Shackleton ,1999-10-08,462,,,46,
78,17420,6599973,Billy Gilmour,2001-06-11,1161,,,11,
78,17420,37253456,Evan Ferguson,2004-10-19,455,,,28,
78,17420,35280539,Jeremy Sarmiento,2002-06-16,459,,,16,
78,17420,41077,Deniz Undav ,1996-07-19,11,,,21,
78,17420,29419594,Julio Enciso,2004-01-23,1190,,,10,
78,17420,581004,Tom McGill,2000-03-25,1004,,,61,
78,17420,581003,Jayson Molumby,1999-08-06,455,,,49,
78,17420,21437417,Reda Khadra,2001-07-04,11,,,67,
78,17420,2965,Christian Walton,1995-11-09,462,,,31,
78,17420,288858,Percy Tau,1994-05-13,146,,,22,
78,17420,28562717,Teddy Jenks,2002-03-12,462,,,47,
78,17420,1494380,Max Sanders,1999-01-04,462,,,41,
78,17420,37261500,Moisés Caicedo ,2001-11-02,459,,,25,
78,17420,5283785,Michal Karbownik,2001-03-13,2,,,6,
78,17420,186805,Florin Andone,1993-04-11,155,,,21,
78,17420,2723,Dale Stephens,1989-06-12,462,,,6,
78,17420,62317,Mathew Ryan,1992-04-08,98,,,1,
78,17420,62408,José Izquierdo,1992-07-07,353,,,19,
78,17420,32666,Bernardo,1995-05-14,5,,,30,
78,17420,216612,Alexis Mac Allister,1998-12-24,44,,,10,
78,17420,581000,Robert Sánchez,1997-11-18,32,,,26,
78,17420,31504,Pascal Groß,1991-06-15,11,,,13,
78,17420,627,Danny Welbeck,1990-11-26,462,,,18,
78,17420,2683,Jason Steele,1990-08-18,462,,,23,
78,17420,199544,Andi Zeqiri,1999-06-22,62,,,29,
78,17420,3259,Ben White,1997-10-08,462,,,3,
78,17420,1149,Adam Lallana,1988-05-10,462,,,14,
78,17420,96870,Yves Bissouma ,1996-08-30,26,,,8,
78,17420,23988,Davy Pröpper,1991-09-02,38,,,24,
78,17420,2815,Dan Burn ,1992-05-09,462,,,33,
78,17420,25147,Alireza Jahanbakhsh,1993-08-11,488,,,16,
78,17420,6504,Adam Webster,1995-01-04,462,,,4,
78,17420,187969,Pervis Estupiñán,1998-01-21,459,,,30,
78,17420,7392788,Jensen Weir,2002-01-31,462,,,54,
78,17420,24818803,Jan Paul van Hecke,2000-06-08,38,,,29,
78,17420,21437534,Kaoru Mitoma,1997-05-20,479,,,22,
78,17420,14069,Steven Alzate ,1998-09-08,353,,,17,
78,17420,61780,Leandro Trossard,1994-12-04,556,,,11,
78,17420,24655,Joël Veltman,1992-01-15,38,,,34,
78,17420,95776,Neal Maupay,1996-08-14,17,,,9,
78,17420,2461,Lewis Dunk ,1991-11-21,462,,,5,
78,17420,9308200,Tariq Lamptey,2000-09-30,468,,,2,
78,17420,2423,Solly March,1994-07-20,462,,,20,
78,17420,1444078,Jakub Moder ,1999-04-07,2,,,15,
78,17420,1494381,Aaron Connolly,2000-01-28,455,,,7,
2,18432,455346,Tyler Magloire,1998-12-21,462,,,36,
2,18432,23697536,Dilan Markanday,2001-08-20,462,,,18,
2,18432,30082164,Lenni Rae Cirino,2003-01-25,462,,,33,
2,18432,4592212,Jack Vale,2001-03-03,515,,,37,
2,18432,71097,Antonis Stergiakis,1999-03-16,125,,,41,
2,18432,123690,James Brown,1998-06-04,455,,,15,
2,18432,581160,Joe Rankin-Costello,1999-07-26,462,,,11,
2,18432,24830076,Jordan Eastham,2001-09-08,462,,,45,
2,18432,537311,Jacob Davenport,1998-12-28,462,,,6,
2,18432,925,Bradley Johnson,1987-04-28,462,,,4,
2,18432,6470,Ryan Nyambe,1997-12-04,5790,,,2,
2,18432,23269654,Leighton Clarkson,2001-10-19,462,,,19,
2,18432,28575641,Jake Garrett,2003-03-10,462,,,35,
2,18432,37260658,Connor McBride,2001-03-20,1161,,,32,
2,18432,28575649,Dan Pike,2002-01-09,462,,,34,
2,18432,8042,Ryan Hedges,1995-07-08,515,,,19,
2,18432,537434,Aynsley Pears ,1998-04-23,462,,,13,
2,18432,287894,Ronwen Williams,1992-01-21,146,,,28,
2,18432,1481493,Daniel Butterworth,1999-09-14,462,,,14,
2,18432,4613,Joe Rothwell,1995-01-11,462,,,8,
2,18432,14119,Harry Pickering,1998-12-29,462,,,3,
2,18432,21437417,Reda Khadra,2001-07-04,11,,,7,
2,18432,4246,Sam Gallagher,1995-09-15,462,,,9,
2,18432,37391524,Tyrhys Dolan,2001-12-28,462,,,10,
2,18432,24818803,Jan Paul van Hecke,2000-06-08,38,,,25,
2,18432,2823510,Ian Poveda,2000-02-09,462,,,30,
2,18432,61107,Thomas Kaminski,1992-10-23,556,,,1,
2,18432,2996,Tayo Edun,1998-05-14,462,,,20,
2,18432,8485,Bradley Dack,1993-12-31,462,,,23,
2,18432,27592,Deyovaisio Zeefuik,1998-03-11,38,,,42,
2,18432,6613,Scott Wharton ,1997-10-03,462,,,16,
2,18432,2823545,Hayden Carter,1999-12-17,462,,,24,
2,18432,9258,Harry Chapman,1997-11-05,462,,,17,
2,18432,7835,Ben Brereton Díaz,1999-04-18,80,,,22,
2,18432,7636,Lewis Travis ,1997-10-16,462,,,27,
2,18432,2823546,John Buckley,1999-10-13,462,,,21,
2,18432,14338473,Ryan Giles,2000-01-26,462,,,28,
2,18432,652,Yuki Takahashi,1990-11-07,32,,,5,
2,18432,3111,Darragh Lenihan,1994-03-16,455,,,26,
7,18432,6972189,Caolan Boyd-Munce,2000-01-26,491,,,50,
7,18432,1913,Chuba Akpom,1995-10-09,462,,,19,
7,18432,6241,Joe Lumley,1995-02-15,462,,,1,
7,18432,4893656,Stephen Walker,2000-10-11,462,,,,
7,18432,537423,Hayden Coulson,1998-06-17,462,,,,
7,18432,6591,Darnell Fisher,1994-04-04,462,,,20,
7,18432,1239,Sammy Ameobi,1992-05-01,462,,,21,
7,18432,14302,Toyosi Olusanya,1997-10-14,462,,,13,
7,18432,97610,James Léa Siliki,1996-06-12,593,,,23,
7,18432,3188067,Nathan Wood,2002-05-31,462,,,15,
7,18432,182905,Andraz Sporar  ,1994-02-27,1638,,,11,
7,18432,9266,Uche Ikpeazu,1995-02-28,4125,,,9,
7,18432,28932254,Josh Coburn,2002-12-06,462,,,37,
7,18432,3189,Sam Morsy,1991-09-10,886,,,5,
7,18432,37568743,Jeremy Sivi,2002-07-18,462,,,34,
7,18432,53273,Dejan Stojanovic,1993-07-19,143,,,32,
7,18432,10995441,William Kokolo,2000-06-09,17,,,30,
7,18432,4592179,Connor Malley,2000-03-20,462,,,24,
7,18432,28912791,Joseph Gibson,2001-09-06,462,,,42,
7,18432,2303,Lee Peltier,1986-12-11,462,,,14,
7,18432,13999,Marc Bola,1997-12-09,462,,,27,
7,18432,817,Neil Taylor,1989-02-07,515,,,3,
7,18432,34706,Onel Hernández,1993-02-01,63604,,,8,
7,18432,7026573,Djed Spence,2000-08-09,462,,,29,
7,18432,1478,Luke Daniels,1988-01-05,462,,,28,
7,18432,1799,Duncan Watmore,1994-03-08,462,,,18,
7,18432,3134,Grant Hall,1991-10-29,462,,,4,
7,18432,1494381,Aaron Connolly,2000-01-28,455,,,26,
7,18432,10780,Anfernee Dijksteel,1996-10-27,2088,,,2,
7,18432,919,Jonathan Howson,1988-05-21,462,,,16,
7,18432,2311,Sol Bamba,1985-01-13,23,,,22,
7,18432,749527,Riley McGree,1998-11-02,98,,,48,
7,18432,3526193,Martín Payero,1998-09-11,44,,,10,
7,18432,5317,Dael Fry,1997-08-30,462,,,6,
7,18432,1001,Paddy McNair,1995-04-27,491,,,17,
7,18432,37336543,Isaiah Jones,1999-06-26,462,,,35,
7,18432,3058,Matt Crooks,1994-01-20,462,,,25,
7,18432,4969702,Folarin Balogun,2001-07-03,3483,,,47,
7,18432,537493,Marcus Tavernier,1999-03-22,462,,,7,
10,18432,37407455,Daryl Enyinnaya Dike,2000-06-03,3483,,,12,
10,18432,3017,Kenneth Zohore,1994-01-31,320,,,9,
10,18432,37367953,Mo Faal,2003-02-11,2507,,,40,
10,18432,37286743,Zac Ashworth,2002-09-06,515,,,35,
10,18432,581094,Dara O'Shea ,1999-03-04,455,,,4,
10,18432,3066,Semi Ajayi,1993-11-09,716,,,6,
10,18432,33991728,Caleb Taylor,2003-01-14,462,,,33,
10,18432,3306,R. Sawyers,1991-11-02,160047,,,,
10,18432,9726,Kean Bryan,1996-11-01,462,,,22,
10,18432,1008,Sam Johnstone,1993-03-25,462,,,1,
10,18432,581003,Jayson Molumby,1999-08-06,455,,,14,
10,18432,4633,Alex Palmer,1996-08-10,462,,,36,
10,18432,37298119,Ethan Ingram,2003-04-16,462,,,34,
10,18432,28913058,Tom Fellows,2003-07-25,462,,,41,
10,18432,37436322,Reyes Cleary,2004-04-13,462,,,43,
10,18432,870,Robert Snodgrass,1987-09-07,1161,,,23,
10,18432,3495,Jordan Hugill,1992-06-04,462,,,17,
10,18432,581186,Rayhaan Tulloch,2001-01-20,462,,,28,
10,18432,37562801,Quévin Castro,2001-08-16,20,,,32,
10,18432,337588,Grady Diangana,1998-04-19,462,,,11,
10,18432,20216,Cédric Kipré,1996-12-09,23,,,21,
10,18432,25217725,Taylor Gardner-Hickman,2001-12-30,462,,,29,
10,18432,3285,Alex Mowatt,1995-02-13,462,,,27,
10,18432,795,Matt Phillips,1991-03-13,1161,,,10,
10,18432,6073,Karlan Grant,1997-09-18,462,,,18,
10,18432,2873,Matt Clarke,1996-09-22,462,,,16,
10,18432,746,Andy Carroll,1989-01-06,462,,,15,
10,18432,4507,Darnell Furlong,1995-10-31,462,,,2,
10,18432,897,Kyle Bartley,1991-05-22,462,,,5,
10,18432,3530,Callum Robinson,1995-02-02,455,,,7,
10,18432,2663,Adam Reach,1993-02-03,462,,,20,
10,18432,5801,Conor Townsend,1993-03-04,462,,,3,
10,18432,2823,David Button,1989-02-27,462,,,25,
10,18432,1083,Jake Livermore,1989-11-14,462,,,8,
11,18432,63093,Aboubakar Kamara,1995-03-07,2493,,,47,
11,18432,1411,Paulo Gazzaniga,1992-01-02,44,,,21,
11,18432,1494715,Steven Sessegnon,2000-05-18,462,,,,
11,18432,2306,Cyrus Christie,1992-09-30,455,,,,
11,18432,7340703,Tyrese Francois,2000-07-16,98,,,35,
11,18432,926,Anthony Knockaert,1991-11-20,17,,,11,
11,18432,24508,Terence Kongolo,1994-02-14,38,,,5,
11,18432,37259158,Jay Stansfield,2002-11-24,462,,,65,
11,18432,185866,Fabri,1987-12-31,32,,,31,
11,18432,34872857,Damian Las,2002-04-11,3483,,,47,
11,18432,3384,Michael Hector,1992-07-19,1640,,,3,
11,18432,37402350,Rodrigo Muniz,2001-05-04,5,,,19,
11,18432,6351,Marek Rodák,1996-12-13,401,,,1,
11,18432,25400,Kenny Tete,1995-10-09,6783,,,2,
11,18432,5241,Tosin Adarabioyo,1997-09-24,462,,,16,
11,18432,2945,Denis Odoi,1988-05-27,468,,,4,
11,18432,4943,Alfie Mawson,1994-01-19,462,,,26,
11,18432,3160,Joe Bryan,1993-09-17,462,,,23,
11,18432,96804,Frank Anguissa,1995-11-16,593,,,29,
11,18432,5246,Domingos Quina,1999-11-18,20,,,20,
11,18432,5403,Harry Wilson,1997-03-22,515,,,8,
11,18432,2225,Nathaniel Chalobah,1994-12-12,462,,,12,
11,18432,2454,Tim Ream,1987-10-05,3483,,,13,
11,18432,2285,Tom Cairney  ,1991-01-20,1161,,,10,
11,18432,1366,Aleksandar Mitrović,1994-09-16,296,,,9,
11,18432,1409,Harrison Reed,1995-01-27,462,,,6,
11,18432,3140,Bobby De Cordova-Reid,1993-02-02,1640,,,14,
11,18432,581067,Antonee Robinson,1997-08-08,3483,,,33,
11,18432,6853,Neeskens Kebano,1992-03-10,1320,,,7,
11,18432,21412957,Fábio Carvalho ,2002-08-30,20,,,28,
11,18432,11720838,Neco Williams,2001-04-13,515,,,20,
11,18432,1708,Joshua Onomah,1997-04-27,462,,,25,
11,18432,7055,Ivan Cavaleiro,1993-10-18,911,,,17,
11,18432,96518,Jean Michaël Seri,1991-07-19,23,,,24,
12,18432,1494236,Tahith Chong,1999-12-04,7437,,,7,
12,18432,2875812,Renedi Masampu,1999-09-17,462,,,45,
12,18432,37391415,Alfie Chang,2002-09-04,462,,,42,
12,18432,6140,Connal Trueman,1996-03-26,462,,,27,
12,18432,37391404,Nico Gordon,2002-04-28,14837,,,50,
12,18432,3317,Ryan Woods,1993-12-13,462,,,6,
12,18432,6321,Maxime Colin,1991-11-15,17,,,2,
12,18432,34706,Onel Hernández,1993-02-01,63604,,,25,
12,18432,37581777,Jobe Bellingham,2005-09-23,462,,,39,
12,18432,14685080,Odin Bailey,1999-12-08,462,,,,
12,18432,6389,Sam Cosgrove,1996-12-02,462,,,,
12,18432,1222,Gary Gardner,1992-06-29,462,,,20,
12,18432,7566,Matija Šarkić,1997-07-23,998,,,13,
12,18432,37391403,Marcel Oakley,2002-10-30,462,,,52,
12,18432,37259119,Zach Jeacock,2001-05-08,462,,,38,
12,18432,24469185,Teden Mengi,2002-04-30,462,,,18,
12,18432,2823511,Taylor Richards,2000-12-04,462,,,8,
12,18432,37391409,Remi Walker,2002-10-24,462,,,41,
12,18432,37391407,Tate Campbell,2002-06-27,462,,,53,
12,18432,37581786,Brandon Khela,2005-01-19,462,,,46,
12,18432,1722,George Friend,1987-10-19,462,,,5,
12,18432,923,Neil Etheridge,1990-02-07,50809,,,1,
12,18432,6009,Jordan Graham,1995-03-05,462,,,24,
12,18432,2824,Harlee Dean,1991-07-26,462,,,12,
12,18432,6505,M. Roberts,1990-07-26,462,,,4,
12,18432,96664,Jérémie Bela,1993-04-08,911,,,11,
12,18432,1447,Lukas Jutkiewicz,1989-03-28,462,,,10,
12,18432,37559770,George Hall,2004-07-15,462,,,35,
12,18432,1494341,Dion Sanderson,1999-12-15,462,,,21,
12,18432,187216,Iván Sánchez,1992-09-23,32,,,17,
12,18432,25515,Juninho Bacuna,1997-08-07,7437,,,21,
12,18432,37552922,Mitchell Roberts,2000-09-16,462,,,43,
12,18432,8191,Lyle Taylor,1990-03-29,14837,,,33,
12,18432,1250,Troy Deeney,1988-06-29,462,,,36,
12,18432,1680,Jonathan Leko,1999-04-24,462,,,14,
12,18432,35145,Kristian Pedersen,1994-08-04,320,,,3,
12,18432,8457,C. Aneke,1993-07-03,462,,,15,
12,18432,37559772,Jordan James,2004-07-02,515,,,19,
12,18432,749527,Riley McGree,1998-11-02,98,,,18,
12,18432,3325,Scott Hogan,1992-04-13,455,,,9,
12,18432,74124,Ivan Šunjić,1996-10-09,507,,,34,
12,18432,2875857,Juan Familia-Castillo,2000-01-13,38,,,23,
21,18432,26715430,Femi Seriki,2002-04-28,462,,,40,
21,18432,37612665,Oliver Arblaster,,462,,,42,
21,18432,28912813,Kacper Łopata,2001-08-27,2,,,35,
21,18432,37293784,Joe Starbuck,2002-08-03,462,,,39,
21,18432,37559767,William Osula,2003-08-04,320,,,32,
21,18432,3146,Luke Freeman,1992-03-22,462,,,15,
21,18432,6286,Oliver Burke ,1997-04-07,1161,,,14,
21,18432,3248,Max Lowe,1997-05-11,462,,,,
21,18432,5953,Jack O'Connell,1994-03-29,462,,,5,
21,18432,20372,Jake Eastwood,1996-10-03,462,,,31,
21,18432,5699,Adam Davies,1992-07-17,515,,,1,
21,18432,3371,C. Hourihane,1991-02-02,455,,,24,
21,18432,3604,George Baldock,1993-03-09,462,,,2,
21,18432,9438,Aaron Ramsdale,1998-05-14,462,,,1,
21,18432,26085,Michael Verrips,1996-12-03,38,,,21,
21,18432,682,Adlène Guédioura,1985-11-12,614,,,25,
21,18432,84540,Robin Olsen,1990-01-08,47,,,1,
21,18432,9274,Charlie Goode,1995-08-03,462,,,26,
21,18432,37391627,Nicksoen Gomis ,2002-03-15,17,,,43,
21,18432,455410,Regan Slater,1999-09-11,462,,,28,
21,18432,37559762,Oliver Arblaster,2004-01-08,462,,,42,
21,18432,3478,Wes Foderingham ,1991-01-14,462,,,18,
21,18432,581158,Jayden Bogle,2000-07-27,462,,,20,
21,18432,4901,Lys Mousset,1996-02-08,17,,,11,
21,18432,506,Chris Basham,1988-07-20,462,,,6,
21,18432,4746,Oli McBurnie,1996-06-04,1161,,,9,
21,18432,455354,Rhian Brewster ,2000-04-01,462,,,7,
21,18432,64193,Sander Berge,1998-02-14,1578,,,8,
21,18432,5858,John Fleck,1991-08-24,1161,,,4,
21,18432,23661272,Iliman Ndiaye,2000-03-06,200,,,29,
21,18432,6285,Ben Davies,1995-08-11,462,,,22,
21,18432,4220,Enda Stevens,1990-07-09,455,,,3,
21,18432,37391626,Kyron Gordon,2002-05-24,462,,,34,
21,18432,1384,Patrick McCarthy,1986-02-05,462,,,10,
21,18432,3305,John Egan,1992-10-20,455,,,12,
21,18432,2321,Oliver Norwood ,1991-04-12,491,,,16,
21,18432,7926,Morgan Gibbs-White,2000-01-27,462,,,27,
21,18432,1022,Jack Robinson,1993-09-01,462,,,19,
21,18432,37391641,Daniel Jebbison,2003-08-13,1004,,,38,
21,18432,7714340,Rhys Norrington-Davies,1999-04-22,515,,,33,
21,18432,2191,David McGoldrick,1987-11-29,455,,,17,
21,18432,75066,Filip Uremovic,1997-02-11,266,,,25,
21,18432,3230,Ben Osborn,1994-08-05,462,,,23,
22,18432,37253411,Festus Arthur,2000-02-27,11,,,25,
22,18432,24081638,David Robson,2002-01-22,515,,,37,
22,18432,18523,Nathan Baxter,1998-11-08,462,,,13,
22,18432,6572,Lewie Coyle ,1995-10-15,462,,,2,
22,18432,6582,Matt Ingram,1993-12-18,462,,,1,
22,18432,37391253,Harvey Cartwright,2002-05-09,462,,,32,
22,18432,33,Tom Huddlestone,1986-12-28,462,,,23,
22,18432,378719,James Scott,2000-08-30,1161,,,15,
22,18432,37391224,Will Jarvis,2002-12-17,462,,,36,
22,18432,37391240,Josh Hinds,2003-03-29,462,,,39,
22,18432,37606903,Jevon Mills,2003-09-27,462,,,41,
22,18432,37402212,Callum Jones ,2001-04-05,515,,,28,
22,18432,172920,Greg Docherty ,1996-09-10,1161,,,8,
22,18432,3320,Callum Elder,1995-01-27,98,,,3,
22,18432,37255841,Jacob Greaves,2000-09-12,462,,,4,
22,18432,21054041,Tyler Smith,1998-12-04,462,,,22,
22,18432,5750,Tom Eaves,1992-01-14,462,,,9,
22,18432,3509963,Brandon Fleming,1999-12-03,462,,,21,
22,18432,2536,Richard Smallwood,1990-12-29,462,,,6,
22,18432,7688261,Sean McLoughlin,1996-11-13,455,,,17,
22,18432,23278711,Di'Shon Bernard,2000-10-14,1640,,,24,
22,18432,209702,Liam Thomas,1991-11-06,515,,,1,
22,18432,3400,George Moncur,1993-08-18,462,,,18,
22,18432,6215,Josh Emmanuel,1997-08-18,462,,,12,
22,18432,9087,Andy Cannon,1996-03-14,462,,,14,
22,18432,10967318,Randell Williams,1996-12-30,462,,,19,
22,18432,4827,Josh Magennis,1990-08-15,491,,,27,
22,18432,28552845,Keane Lewis-Potter,2001-02-22,462,,,11,
22,18432,538019,Matthew Smith,1999-11-22,515,,,20,
22,18432,7593,Mallik Wilks,1998-12-15,462,,,7,
22,18432,3502645,Ryan Longman,2000-11-06,462,,,16,
22,18432,581045,Alfie Jones,1997-10-07,1004,,,5,
22,18432,5641079,Allahyar Sayyadmanesh,2001-06-29,488,,,20,
22,18432,4591,George Honeyman,1994-09-08,462,,,10,
22,18432,581113,Marcus Forss,1999-06-18,1233,,,44,
22,18432,455410,Regan Slater,1999-09-11,462,,,27,
22,18432,13482,Liam Walsh,1997-09-15,462,,,45,
23,18432,37554474,Louie Holzman,2003-11-16,462,,,51,
23,18432,28912833,Nelson Abbey,2003-08-28,462,,,43,
23,18432,37316846,James Holden,2001-09-04,462,,,40,
23,18432,22897102,Karl Hein,2002-04-13,2405,,,26,
23,18432,37601250,Rashawn Scott,,462,,,52,
23,18432,27067442,Coniah Boyce-Clarke,2003-03-01,1640,,,31,
23,18432,219550,Felipe Araruna,1996-03-12,5,,,20,
23,18432,30082746,Kelvin Abrefa,2003-12-09,468,,,49,
23,18432,6551,Yakou Méïté,1996-02-11,23,,,11,
23,18432,37537521,Kelvin Ehibhatiomhan,2003-04-23,462,,,35,
23,18432,3592,Marc McNulty,1992-09-14,1161,,,,
23,18432,28575725,Ethan Bristow,2001-11-27,462,,,41,
23,18432,31238168,Jeriel Dorsett,2002-05-04,14837,,,34,
23,18432,1494301,Tom Holmes,2000-03-12,462,,,3,
23,18432,32493,Alen Halilovic,1996-06-18,266,,,7,
23,18432,28912840,Kian Leavy,2002-03-21,462,,,37,
23,18432,37298076,Michael Stickland,2003-11-09,462,,,38,
23,18432,28912835,Lynford Sackey,,462,,,42,
23,18432,28912842,Claudio Osorio,2002-09-26,462,,,36,
23,18432,28912837,Imari Samuels,2003-02-05,462,,,44,
23,18432,28912831,Harvey Collins,2002-11-05,462,,,50,
23,18432,6099,Terell Thomas,1995-10-18,462,,,12,
23,18432,6507,Andy Yiadom,1991-12-02,468,,,17,
23,18432,4828,Ovie Ejaria,1997-11-18,462,,,14,
23,18432,2889,Lucas João,1993-09-04,911,,,18,
23,18432,580975,Luke Southwood,1997-12-06,462,,,22,
23,18432,2823509,Tom Dele-Bashiru,1999-09-17,716,,,19,
23,18432,7987,Josh Laurent,1995-05-06,462,,,28,
23,18432,129508,Rafael Cabral ,1990-05-20,5,,,33,
23,18432,37546974,Mamadi Camará,2003-12-31,1707,,,32,
23,18432,580970,Andy Rinomhota,1997-04-21,2325,,,8,
23,18432,621,Scott Dann,1987-02-14,462,,,24,
23,18432,746,Andy Carroll,1989-01-06,462,,,9,
23,18432,37448821,Tyrell Ashcroft,2004-07-07,462,,,48,
23,18432,4335,Brandon Barker,1996-10-04,462,,,33,
23,18432,32471,Ørjan Nyland,1990-09-10,1578,,,1,
23,18432,581141,Tom McIntyre,1998-11-06,1161,,,5,
23,18432,2743,Michael Morrison,1988-03-03,462,,,4,
23,18432,37286735,Jahmari Clarke,2003-10-02,1640,,,39,
23,18432,28912846,Dejan Tetek,2002-09-24,296,,,16,
23,18432,130192,G. Pușcaș,1996-04-08,155,,,47,
23,18432,26715260,Femi Azeez,2001-06-05,462,,,30,
23,18432,261,Junior Hoilett,1990-06-05,1004,,,23,
23,18432,2992,John Swift,1995-06-23,462,,,10,
23,18432,921,Danny Drinkwater,1990-03-05,462,,,15,
23,18432,1045,Tom Ince,1992-01-30,462,,,9,
23,18432,4267,Abdul Rahman Baba,1994-07-02,468,,,21,
23,18432,920,Liam Moore,1993-01-31,1640,,,6,
24,18432,37259230,Max Bardell,2002-11-14,462,,,22,
24,18432,37583510,Omari Kellyman,2005-09-15,462,,,46,
24,18432,32012876,Osazee Aghatise,2002-11-12,462,,,44,
24,18432,28912974,Eiran Cashin,2001-11-09,455,,,41,
24,18432,37286741,Bartosz Cybulski,2002-10-15,2,,,49,
24,18432,2472,Colin Kazim-Richards,1986-08-26,404,,,13,
24,18432,13633382,J. Stretton,2001-09-06,1161,,,34,
24,18432,3861790,Isaac Hutchinson,2000-04-10,462,,,40,
24,18432,37365878,D. Williams,2003-09-13,462,,,43,
24,18432,25169139,Jordan Brown,2001-06-21,462,,,32,
24,18432,27441554,Kornell McDonald,,462,,,37,
24,18432,37337178,Alfie Roberts,2004-06-20,462,,,50,
24,18432,1226,Txiki Acaz,1985-03-05,1161,,,1,
24,18432,3480,Nathan Byrne,1992-06-05,462,,,2,
24,18432,172575,Graeme Shinnie ,1991-08-04,1161,,,4,
24,18432,155891,Kamil Jóźwiak,1998-04-22,2,,,7,
24,18432,4401,Tom Lawrence,1994-01-13,515,,,10,
24,18432,500,Richard Stearman,1987-08-19,462,,,16,
24,18432,3027,Kelle Roos,1992-05-31,38,,,21,
24,18432,13633383,Louie Sibley,2001-09-13,462,,,17,
24,18432,13633381,Lee Buchanan ,2001-03-07,462,,,26,
24,18432,2725,Ryan Allsop,1992-06-17,462,,,31,
24,18432,28913030,Louie Watson,2001-06-07,462,,,35,
24,18432,193,Curtis Davies,1985-03-15,462,,,33,
24,18432,28912983,Festy Ebosele,2002-08-02,455,,,36,
24,18432,28912981,Liam Thompson,2002-04-29,462,,,42,
24,18432,37259172,Luke Plange,2002-11-04,462,,,48,
24,18432,37570975,Darren Robinson,2004-12-29,491,,,47,
24,18432,37589561,Carlos Richards,2005-08-30,3374,,,46,
24,18432,2941,Sam Baldock,1989-03-15,462,,,9,
24,18432,37298063,Malcolm Ebiowei,2003-09-04,462,,,32,
24,18432,32,Phil Jagielka,1982-08-17,462,,,6,
24,18432,1494372,Max Bird ,2000-09-18,462,,,8,
24,18432,1252,Ravel Morrison,1993-02-02,1640,,,11,
24,18432,4592196,Jason Knight ,2001-02-13,455,,,38,
24,18432,2326,Craig Forsyth,1989-02-24,1161,,,3,
24,18432,8047,Krystian Bielik,1998-01-04,2,,,5,
26,18432,21762789,Alfie Doughty,1999-12-21,462,,,11,
26,18432,28912717,Tom Sparrow,2002-12-06,515,,,39,
26,18432,37536802,Emre Tezgel,2005-09-19,462,,,37,
26,18432,540106,Tashan Oakley-Boothe,2000-02-14,462,,,20,
26,18432,2612,Frank Fielding,1988-04-04,462,,,29,
26,18432,14328975,Will Forrester,2001-06-29,462,,,26,
26,18432,2835,Jack Bonham,1993-09-14,455,,,13,
26,18432,28575672,D'Margio Cameron Wright-Phillips,2001-09-24,462,,,32,
26,18432,2905,Morgan Fox,1993-09-21,515,,,3,
26,18432,1045,Tom Ince,1992-01-30,462,,,23,
26,18432,160568,Peter Etebo ,1995-11-09,716,,,,
26,18432,1832,Benik Afobe,1993-02-12,1320,,,,
26,18432,37336534,Blondy Nna Noukeu,2001-05-31,593,,,40,
26,18432,537207,Demeaco Duhaney,1998-10-13,462,,,21,
26,18432,3306,R. Sawyers,1991-11-02,160047,,,28,
26,18432,332147,Sam Surridge,1998-07-28,462,,,22,
26,18432,37539430,Abdallah Sima,2001-06-17,200,,,27,
26,18432,473,Steven Fletcher,1987-03-26,1161,,,9,
26,18432,4891,Onismor Bhasera,1986-01-07,2325,,,28,
26,18432,3101,Tommy Smith,1992-04-14,462,,,2,
26,18432,4014,Danny Batth,1990-09-21,462,,,6,
26,18432,1596,Josh Tymon,1999-05-22,462,,,14,
26,18432,174158,Jordan Thompson,1997-01-03,491,,,15,
26,18432,173121,Harry James Souttar,1998-10-22,98,,,36,
26,18432,1023,James Chester,1989-01-23,515,,,5,
26,18432,581241,Tyrese Campbell,1999-12-28,462,,,10,
26,18432,5699,Adam Davies,1992-07-17,515,,,1,
26,18432,920,Liam Moore,1993-01-31,1640,,,6,
26,18432,5249,Josh Maja,1998-12-27,716,,,33,
26,18432,830,Joe Allen,1990-03-14,515,,,4,
26,18432,4121,Nick Powell,1994-03-23,462,,,25,
26,18432,23278675,Taylor Harwood-Bellis,2002-01-30,462,,,24,
26,18432,10999,Josef Bursik,2000-07-12,462,,,12,
26,18432,1571,Sam Clucas,1990-09-25,462,,,7,
26,18432,32,Phil Jagielka,1982-08-17,462,,,19,
26,18432,7278,Jacob Brown,1998-04-10,1161,,,18,
26,18432,32172,Mario Vrančić,1989-05-23,507,,,8,
26,18432,4219,Lewis Baker,1995-04-25,462,,,42,
26,18432,33186827,Jaden Philogene,2002-02-08,462,,,47,
26,18432,524309,Leo Østigård,1999-11-28,1578,,,19,
26,18432,13477,Ben Wilmot,1999-11-04,462,,,16,
28,18432,10368,Charlie Kirk,1997-12-24,462,,,27,
28,18432,28912751,Cameron Antwi,2001-10-07,462,,,25,
28,18432,3368,Grant Ward,1994-12-05,462,,,18,
28,18432,5261,Ethan Robson,1996-10-25,462,,,15,
28,18432,1494403,Matty Virtue,1997-05-02,462,,,17,
28,18432,37550408,Luke Mariette,,515,,,37,
28,18432,37609519,Jake Daniels,2005-01-08,462,,,43,
28,18432,37609514,Jack Moore,2003-11-19,462,,,41,
28,18432,37609517,Joseph Strawn,2003-09-25,462,,,40,
28,18432,37547261,Rob Apter,2003-04-23,1161,,,36,
28,18432,15061999,Beryly Lubala,1998-01-08,1320,,,,
28,18432,6377,Jerry Yates,1996-11-10,462,,,9,
28,18432,118373,Daníel Leó Grétarsson ,1995-10-02,1796,,,23,
28,18432,1895,Kevin Stewart,1993-09-07,1640,,,6,
28,18432,6422,Stuart Moore,1994-09-08,462,,,13,
28,18432,2308,Richard Keogh,1986-08-11,455,,,26,
28,18432,523933,Jordan Gabriel,1998-09-25,462,,,4,
28,18432,888,Reece James,1993-11-07,462,,,5,
28,18432,13965,Owen Dale,1998-11-01,462,,,7,
28,18432,12506,CJ Hamilton,1995-03-23,462,,,22,
28,18432,9238,Jake Beesley,1996-12-02,462,,,28,
28,18432,537279,Daniel Grimshaw,1998-01-16,462,,,32,
28,18432,37374545,Oliver Casey,2000-12-19,462,,,20,
28,18432,37259133,Sonny Carey,2001-01-20,462,,,16,
28,18432,19825,Jordan Thorniley,1996-11-24,462,,,34,
28,18432,9325,Ryan Wintle,1997-06-13,462,,,8,
28,18432,1673,Keshi Anderson,1995-04-06,462,,,10,
28,18432,537665,Dujon Sterling,1999-10-24,462,,,35,
28,18432,518750,Josh Bowler,1999-03-05,462,,,11,
28,18432,3147,James Husband,1994-01-03,462,,,3,
28,18432,331385,Marvin Ekpiteta,1995-08-26,462,,,21,
28,18432,7026565,Tyreece John-Jules,2001-02-14,462,,,28,
28,18432,4159,Luke Garbutt ,1993-05-21,462,,,29,
28,18432,26041,Kenny Dougall,1993-05-07,98,,,12,
28,18432,150702,Shayne Lavery ,1998-12-08,491,,,19,
28,18432,4795,Callum Connolly,1997-09-23,462,,,2,
28,18432,2610,Gary Madine,1990-08-24,462,,,14,
28,18432,546780,Demetri Mitchell,1997-01-11,1640,,,15,
28,18432,6557,Chris Maxwell,1990-07-30,515,,,1,
30,18432,8372,Andy Fisher,1998-02-12,462,,,33,
30,18432,3533809,Nathanael Ogbeta,2001-04-28,462,,,15,
30,18432,37576422,Josh Gould,1998-08-09,462,,,27,
30,18432,23269839,Daniel Williams,2001-04-19,515,,,37,
30,18432,37373575,Joel Cotterill,2004-10-10,515,,,48,
30,18432,580960,Jordon Garrick,1998-07-15,462,,,41,
30,18432,581055,Michael Obafemi,2000-07-06,455,,,9,
30,18432,37583461,Azeem Abdulai,2002-12-09,1161,,,47,
30,18432,3857328,Liam Cullen,1999-04-23,515,,,20,
30,18432,22169301,Oliver Cooper,1999-12-14,515,,,31,
30,18432,37391520,Lincoln McFayden,2002-02-11,462,,,35,
30,18432,4916241,Nicolas Hansen,2001-07-10,320,,,42,
30,18432,37259225,Lewis Webb,2001-09-12,515,,,25,
30,18432,28912737,Finley Burns,2003-06-17,462,,,30,
30,18432,518749,Flynn Downes,1999-01-20,462,,,4,
30,18432,12433168,Morgan Whittaker,2001-01-07,462,,,11,
30,18432,4421,Korey Smith,1991-01-31,462,,,7,
30,18432,29382,Joël Piroe,1999-08-02,38,,,17,
30,18432,999,Ben Hamer,1987-11-20,462,,,18,
30,18432,3167,Jamie Paterson,1991-12-20,462,,,12,
30,18432,4441,Matt Grimes ,1995-07-15,462,,,8,
30,18432,2813,Jake Bidwell,1993-03-21,462,,,24,
30,18432,1194,Kyle Naughton,1988-11-17,462,,,26,
30,18432,4536522,Ethan Laird ,2001-08-05,462,,,27,
30,18432,581235,Brandon Cooper,2000-01-14,515,,,16,
30,18432,898,Ryan Bennett,1990-03-06,462,,,2,
30,18432,11541,Jamal Lowe,1994-07-21,1640,,,10,
30,18432,53473,Hannes Wolf,1999-04-16,143,,,13,
30,18432,2306,Cyrus Christie,1992-09-30,455,,,23,
30,18432,13482,Liam Walsh,1997-09-15,462,,,28,
30,18432,455687,Steven Benda,1998-10-01,11,,,1,
30,18432,4545525,Rhys Williams,2001-02-03,462,,,46,
30,18432,37332637,Kyle Joseph,2001-09-10,1161,,,14,
30,18432,7640,Ryan Manning ,1996-06-14,455,,,3,
30,18432,538042,Joel Latibeaudiere,2000-01-06,1640,,,22,
30,18432,7687676,Ben Cabango ,2000-05-30,515,,,5,
30,18432,129858,Olivier Ntcham,1996-02-09,17,,,10,
30,18432,1649,Jay Fulton,1994-04-01,1161,,,6,
30,18432,37346912,Cameron Congreve,2004-01-24,515,,,45,
30,18432,537388,Yan Dhanda,1998-12-14,462,,,21,
47,18432,2361,Jeff Hendrick,1992-01-31,455,,,27,
47,18432,10332,Dillon Barnes,1994-04-08,1640,,,33,
47,18432,9611541,Stephen Duke-McKenna,2000-08-17,1985,,,34,
47,18432,22169324,Faysal Bettache,2000-07-07,462,,,26,
47,18432,847,Craig Harrison,1984-10-23,455,,,29,
47,18432,23223360,Sam McCallum,2000-09-02,462,,,16,
47,18432,25187735,Harry Halwax ,2002-03-20,455,,,44,
47,18432,339015,Conor Masterson,1998-09-08,455,,,,
47,18432,36853,Seny Dieng,1994-11-23,200,,,1,
47,18432,6570,Olamide Shodipo,1997-07-05,455,,,,
47,18432,8886,Macauley Bonne,1995-10-26,2325,,,,
47,18432,4551,Jordan Archer,1993-04-12,1161,,,13,
47,18432,1452331,Charlie Owens,1997-12-07,491,,,24,
47,18432,37254511,Joe Walsh,2002-04-01,462,,,32,
47,18432,25683,Jordy de Wijs,1995-01-08,38,,,5,
47,18432,9222,George Thomas,1997-03-24,515,,,14,
47,18432,171764,Lee Wallace,1987-08-01,1161,,,3,
47,18432,1068,Charlie Austin,1989-07-05,462,,,11,
47,18432,10680,Luke Amos ,1997-02-23,462,,,8,
47,18432,6224,Yoann Barbet,1993-05-10,17,,,6,
47,18432,7007,Stefan Johansen,1991-01-08,1578,,,7,
47,18432,65516,Ilias Chair,1997-10-30,1424,,,10,
47,18432,539622,Jimmy Dunne  ,1997-10-19,455,,,20,
47,18432,6604,Andre Dozzell,1999-05-02,462,,,17,
47,18432,1625,Andre Gray,1991-06-26,1640,,,19,
47,18432,338938,Chris Willock,1998-01-31,462,,,21,
47,18432,1727,Albert Adomah,1987-12-13,468,,,37,
47,18432,2828,Moses Odubajo,1993-07-28,462,,,22,
47,18432,25922177,Charlie Kelman,2001-11-02,462,,,18,
47,18432,4299,Dominic Ball,1995-08-02,462,,,12,
47,18432,174296,Lyndon Dykes,1995-10-07,1161,,,9,
47,18432,6640,Osman Kakay,1997-08-25,5724,,,2,
47,18432,1494341,Dion Sanderson,1999-12-15,462,,,28,
47,18432,1685,Sam Field,1998-05-08,462,,,15,
47,18432,8085,Rob Dickie,1996-03-03,462,,,4,
47,18432,1226,Txiki Acaz,1985-03-05,1161,,,25,
52,18432,4357,Freddie Woodman,1997-03-04,462,,,1,
52,18432,1494396,Nat Phillips,1997-03-21,462,,,2,
52,18432,5681,Kieffer Moore,1992-08-08,515,,,21,
52,18432,1525103,Siriki Dembélé,1996-09-07,1161,,,37,
52,18432,581086,Todd Cantwell ,1998-02-27,462,,,14,
52,18432,4536522,Ethan Laird ,2001-08-05,462,,,3,
52,18432,22169325,James Hill,2002-01-10,462,,,23,
52,18432,513,Junior Stanislas,1989-11-26,462,,,19,
52,18432,37325112,Will Dennis,2000-07-10,462,,,40,
52,18432,37371069,Christian Saydee,2002-05-10,462,,,38,
52,18432,10948332,Kyle Taylor,1999-08-28,462,,,28,
52,18432,26680561,Ryan Glover,2000-11-09,462,,,36,
52,18432,37392847,Nathan Moriah-Welsh,2002-03-18,1985,,,39,
52,18432,32471,Ørjan Nyland,1990-09-10,1578,,,1,
52,18432,28932738,Brennan Camp,2000-10-12,1161,,,44,
52,18432,7655,Lloyd Kelly,1998-10-06,462,,,5,
52,18432,1101,Toni Astorgano,1992-01-14,455,,,12,
52,18432,339083,Chris Mepham,1997-11-05,515,,,6,
52,18432,172752,Ryan Christie,1995-02-22,1161,,,10,
52,18432,6634,Ben Pearson,1995-01-04,462,,,22,
52,18432,11541,Jamal Lowe,1994-07-21,1640,,,18,
52,18432,6087,Philip Billing,1996-06-11,320,,,29,
52,18432,22169319,Mark Travers,1999-05-18,455,,,42,
52,18432,25567988,Leif Davis,1999-12-31,462,,,20,
52,18432,25591503,Jordan Zemura,1999-11-14,2325,,,33,
52,18432,5917,Jack Stacey,1996-04-06,462,,,17,
52,18432,334,Gary Cahill,1985-12-19,462,,,24,
52,18432,37259101,Gavin Kilkenny,2000-02-01,455,,,26,
52,18432,1028,Steve Cook,1991-04-19,462,,,3,
52,18432,9808,David Brooks,1997-07-08,515,,,7,
52,18432,37452984,João Marcelo de Jesus Alves,,5,,,38,
52,18432,1095,Adam Smith ,1991-04-29,462,,,15,
52,18432,37392844,Zeno Ibsen Rossi,2000-10-28,462,,,35,
52,18432,4203,Dominic Solanke,1997-09-14,462,,,9,
52,18432,186766,Jefferson Lerma,1994-10-25,353,,,8,
52,18432,4592198,Morgan Rogers,2002-07-26,462,,,27,
52,18432,37392849,Jaidon Anthony,1999-12-01,1640,,,32,
52,18432,83927,Emiliano Marcondes,1995-03-09,320,,,11,
52,18432,1834,Lewis Cook,1997-02-03,462,,,4,
54,18432,5246,Domingos Quina,1999-11-18,20,,,28,
54,18432,22536422,Jordan Helliwell,2001-09-23,462,,,38,
54,18432,37549253,Kieren Flavell,2003-09-21,462,,,51,
54,18432,37391305,Amir Arielly,2003-03-03,802,,,39,
54,18432,537192,Isaac Christie-Davies,1997-10-18,515,,,18,
54,18432,9428,Jack Walton,1998-04-23,462,,,1,
54,18432,2999,Cauley Woodrow,1994-12-02,462,,,9,
54,18432,37259174,Jason Sraha,2002-11-19,462,,,32,
54,18432,539554,Herbie Kane ,1998-11-23,462,,,,
54,18432,15494,Luke Thomas,1999-02-19,462,,,,
54,18432,173158,Jack Aitchison,2000-03-05,1161,,,,
54,18432,9788,George Miller,1998-08-11,462,,,25,
54,18432,92052,Aapo Halme,1998-05-22,1233,,,24,
54,18432,896182,Jordan Williams,1999-10-22,462,,,2,
54,18432,11714501,Daniel Jinadu,2002-06-21,716,,,13,
54,18432,6006194,Cameron Thompson,2000-02-21,462,,,46,
54,18432,4408,Obbi Oulare,1996-01-08,556,,,58,
54,18432,8231,Matthew Wolfenden,1987-07-23,462,,,33,
54,18432,10351,Callum Styles,2000-03-27,674,,,4,
54,18432,62437,Aaron Leya Iseka,1997-11-15,556,,,11,
54,18432,8018,Callum Brittain,1998-03-12,462,,,7,
54,18432,102122,Amine Bassi,1997-11-27,1424,,,27,
54,18432,537116,Brad Collins,1997-02-18,462,,,40,
54,18432,28552843,Clarke Oduor,1999-06-25,1179,,,22,
54,18432,537353,Claudio Gomes,2000-07-23,17,,,17,
54,18432,23738796,Rémy Vita,2001-04-01,1646,,,26,
54,18432,155234,Michal Helik,1995-09-09,2,,,30,
54,18432,27824284,Romal Palmer,1998-09-30,462,,,21,
54,18432,8934,Devante Cole,1995-05-10,462,,,44,
54,18432,4969703,Josh Benson,1999-12-05,462,,,10,
54,18432,455488,Jasper Moon,2000-11-24,462,,,15,
54,18432,9162,Victor Adeboyejo,1998-01-12,716,,,29,
54,18432,10767,Toby Sibbick,1999-05-23,462,,,20,
54,18432,2823148,Ben Williams,1999-03-31,515,,,3,
54,18432,53700,Dominik Frieser,1993-09-09,143,,,28,
54,18432,25591511,David Bremang,,462,,,34,
54,18432,37380572,Aiden Marsh,2003-05-05,462,,,37,
54,18432,10310763,Liam Kitching,1999-09-25,462,,,5,
54,18432,16103105,Will Hondermarck,2000-11-21,17,,,23,
54,18432,85277,Mads Andersen,1997-12-27,320,,,6,
54,18432,6618,Carlton Morris,1995-12-16,462,,,14,
54,18432,10967315,Matty Wolfe,2000-06-12,462,,,33,
63,18432,1494244,Jonathan Panzo,2000-10-25,462,,,24,
63,18432,14338029,Ateef Konaté,2001-04-04,17,,,42,
63,18432,160568,Peter Etebo ,1995-11-09,716,,,27,
63,18432,24816767,Dale Taylor,2003-12-12,491,,,36,
63,18432,1842,Harry Arter,1989-12-28,455,,,,
63,18432,4536583,Loïc Mbe Soh,2001-06-13,17,,,6,
63,18432,5640945,Braian Ojeda,2000-06-27,1190,,,21,
63,18432,6590,Jordan Smith,1994-12-08,462,,,12,
63,18432,161308,João Carvalho,1997-03-09,20,,,10,
63,18432,37391020,Tyrese Fornah,1999-09-11,5724,,,38,
63,18432,539967,J. Osei-Tutu,1998-10-02,462,,,24,
63,18432,37391688,Fin Back,2002-09-25,462,,,44,
63,18432,37547548,Riley Harbottle,2000-09-26,462,,,46,
63,18432,37255845,Jayden Richardson,2000-09-04,462,,,45,
63,18432,37391683,Oliver Hammond,2002-11-13,515,,,41,
63,18432,47280,Mohamed Dräger,1996-06-25,1439,,,25,
63,18432,62944,Ethan Horvath,1995-06-09,3483,,,1,
63,18432,159997,Tobias Figueiredo,1994-02-02,20,,,3,
63,18432,262290,Richie Laryea,1995-01-07,1004,,,14,
63,18432,7176,Joe Worrall,1997-01-10,462,,,4,
63,18432,332147,Sam Surridge,1998-07-28,462,,,16,
63,18432,160336,Xande Silva,1997-03-16,20,,,19,
63,18432,32786894,Alex Mighten,2002-04-11,462,,,17,
63,18432,96714,Cafú,1993-02-26,20,,,18,
63,18432,3041,Joe Lolley,1992-08-25,462,,,23,
63,18432,3248,Max Lowe,1997-05-11,462,,,15,
63,18432,1118,Lewis Grabban,1988-01-12,462,,,7,
63,18432,2936,Gaëtan Bong,1988-04-25,593,,,13,
63,18432,523933,Jordan Gabriel,1998-09-25,462,,,27,
63,18432,96030,Brice Samba,1994-04-25,17,,,30,
63,18432,10831,Ryan Yates ,1997-11-21,462,,,22,
63,18432,4579,Keinan Davis,1998-02-13,462,,,9,
63,18432,4536524,James Garner,2001-03-13,462,,,37,
63,18432,8191,Lyle Taylor,1990-03-29,14837,,,33,
63,18432,784,Jack Colback,1989-10-24,462,,,8,
63,18432,84538,Philip Zinckernagel,1994-12-16,320,,,11,
63,18432,7026573,Djed Spence,2000-08-09,462,,,2,
63,18432,25930790,Brennan Johnson,2001-05-23,515,,,20,
63,18432,173047,Scott McKenna,1996-11-12,1161,,,26,
63,18432,1028,Steve Cook,1991-04-19,462,,,27,
64,18432,37391223,Tyreece Briscoe,,462,,,39,
64,18432,3507,George Long,1993-11-05,462,,,1,
64,18432,5173,Ryan Leonard,1992-05-24,462,,,18,
64,18432,9483,Mahlon Romeo,1995-09-19,137919,,,12,
64,18432,1832,Benik Afobe,1993-02-12,1320,,,23,
64,18432,6286,Oliver Burke ,1997-04-07,1161,,,10,
64,18432,37391203,Alex Mitchell,2001-10-07,462,,,34,
64,18432,6560,J. Böðvarsson,1992-05-25,1796,,,22,
64,18432,37391202,Hayden Muller,2002-02-07,462,,,35,
64,18432,37391210,Nana Boateng,2002-09-17,462,,,38,
64,18432,37391764,Besart Topalloj,2001-05-16,122,,,40,
64,18432,37610433,Zak Lovelace,2006-01-23,462,,,49,
64,18432,3146,Luke Freeman,1992-03-22,462,,,16,
64,18432,3383,Maikel Kieftenbeld,1990-06-26,38,,,6,
64,18432,3247,Shaun Hutchinson,1990-11-23,462,,,4,
64,18432,6182,Jed Wallace,1994-03-26,462,,,7,
64,18432,2948,Scott Malone,1991-03-25,462,,,11,
64,18432,1091,Alex Pearce,1988-11-09,455,,,15,
64,18432,2944,Matt Smith,1989-06-07,462,,,10,
64,18432,4379,Sheyi Ojo,1997-06-19,462,,,14,
64,18432,4207,George Evans,1994-12-13,462,,,28,
64,18432,34492317,Billy Mitchell,2001-04-07,462,,,24,
64,18432,2854,Bartosz Białkowski,1987-07-06,2,,,33,
64,18432,7292,Ben Thompson,1995-10-03,462,,,8,
64,18432,22145897,Tyler Burey,2001-06-18,462,,,32,
64,18432,3398,Tom Bradshaw,1992-07-27,515,,,9,
64,18432,6115,Connor Mahoney,1997-02-12,462,,,21,
64,18432,2642,M. Bennett,1996-07-15,462,,,20,
64,18432,2538509,Danny McNamara,1998-12-27,462,,,2,
64,18432,5971,Jake Cooper,1995-02-03,462,,,5,
64,18432,3096,Murray Wallace,1993-01-10,1161,,,3,
64,18432,6028,George Saville,1993-06-01,491,,,17,
64,18432,12433171,Dan Ballard,1999-09-22,491,,,26,
69,18432,28575639,Chanka Zimba,2001-12-29,462,,,35,
69,18432,37392916,Rohan Luthra,2002-05-06,462,,,43,
69,18432,27422647,Ollie Denham,2002-05-04,515,,,42,
69,18432,24081650,Eli King ,2002-12-23,515,,,32,
69,18432,21412958,Cody Drameh,2001-12-08,462,,,17,
69,18432,37618356,Jai Semenyo,2003-07-13,468,,,34,
69,18432,9366,James Collins ,1990-12-01,455,,,19,
69,18432,2872,Josh Murphy,1995-02-24,462,,,11,
69,18432,149266,Gavin Whyte,1996-01-31,491,,,,
69,18432,11152,Isaac Vassell,1993-09-09,462,,,14,
69,18432,6559,Will Vaulks ,1993-09-13,515,,,6,
69,18432,3372,Marley Watkins,1990-10-17,515,,,24,
69,18432,9939399,Keenan Patten,2001-04-07,515,,,33,
69,18432,21762789,Alfie Doughty,1999-12-21,462,,,18,
69,18432,3038,Neil Harris,1977-07-12,462,,,29,
69,18432,5986,Dillon Phillips,1995-06-11,462,,,1,
69,18432,28912711,Mark McGuinness,2001-01-05,455,,,2,
69,18432,9325,Ryan Wintle,1997-06-13,462,,,15,
69,18432,24081649,Rubin Colwill,2002-04-27,515,,,27,
69,18432,8057,Mark Harris,1998-12-29,515,,,29,
69,18432,5681,Kieffer Moore,1992-08-08,515,,,10,
69,18432,3057,Sean Morrison,1991-01-08,462,,,4,
69,18432,871,Leandro Bacuna,1991-08-21,7437,,,7,
69,18432,3142,Marlon Pack ,1991-03-25,462,,,21,
69,18432,2313,Alex Smithies,1990-03-05,462,,,25,
69,18432,14338473,Ryan Giles,2000-01-26,462,,,26,
69,18432,9939397,Sam Bowen,2001-01-14,515,,,37,
69,18432,22536,Ciaron Brown,1998-01-14,462,,,30,
69,18432,37391470,Joel Bagan,2001-09-03,462,,,3,
69,18432,37391469,Kieron Evans,2001-12-19,515,,,36,
69,18432,9266,Uche Ikpeazu,1995-02-28,4125,,,10,
69,18432,9203,Perry Ng,1996-06-24,462,,,38,
69,18432,3495,Jordan Hugill,1992-06-04,462,,,9,
69,18432,7909,Curtis Nelson,1993-05-21,462,,,16,
69,18432,3155,Aden Flint,1989-07-11,462,,,5,
69,18432,9605714,Tommy Doyle,2001-10-17,462,,,22,
69,18432,20692353,Max Watters,1999-03-23,462,,,23,
69,18432,3022,Joe Ralls,1993-10-12,462,,,8,
69,18432,9939404,Isaak Davies,2001-09-25,515,,,39,
69,18432,539624,Tom Sang,1999-06-29,462,,,28,
99,18432,436041,Bambo Diaby,1997-12-17,32,,,41,
99,18432,1494224,Matthew Olosunde,1998-03-07,3483,,,22,
99,18432,8032,Jamie Thomas,1997-01-10,515,,,40,
99,18432,7139,Mathew Hudson,1998-07-29,462,,,28,
99,18432,3287,Paul Huntington,1987-09-17,462,,,23,
99,18432,37552847,Mikey O'Neill,2004-06-08,462,,,39,
99,18432,2797,Connor Ripley,1993-02-13,462,,,25,
99,18432,2206671,Tom Bayliss,1999-04-06,462,,,7,
99,18432,19290039,Jack Baxter,2000-10-27,462,,,,
99,18432,537991,Josh Harrop,1995-12-15,462,,,10,
99,18432,27441520,Ethan Walker,2002-07-28,462,,,33,
99,18432,4461,Isaiah Brown,1997-01-07,462,,,20,
99,18432,28912777,Cameron Archer,2001-12-09,462,,,21,
99,18432,963,Declan Rudd,1991-01-16,462,,,1,
99,18432,37391528,Joe Rodwell-Grant,2002-10-18,462,,,38,
99,18432,841,Connor Wickham,1993-03-31,462,,,21,
99,18432,8842,Joe Rafferty,1993-10-06,455,,,15,
99,18432,3455,Daniel Johnson,1992-10-08,1640,,,11,
99,18432,3449,Alan Browne,1995-04-15,455,,,8,
99,18432,3762,G. Cunningham,1991-01-31,455,,,3,
99,18432,6231,Patrick Bauer,1992-10-28,11,,,5,
99,18432,173032,Liam Lindsay,1995-10-12,1161,,,6,
99,18432,11658171,Sepp van den Berg,2001-12-20,38,,,2,
99,18432,378921,Ali McCann,1999-12-04,1161,,,13,
99,18432,12404,Sean Maguire ,1994-05-01,455,,,24,
99,18432,180,Scott Sinclair,1989-03-25,462,,,31,
99,18432,9522,Andrew Hughes,1992-06-05,515,,,16,
99,18432,581156,Emil Riis,1998-06-24,320,,,19,
99,18432,4281,Ryan Ledson ,1997-08-19,462,,,18,
99,18432,2538511,Josh Earl,1998-10-24,462,,,32,
99,18432,8420,Brad Potts,1994-07-03,462,,,44,
99,18432,2872,Josh Murphy,1995-02-24,462,,,45,
99,18432,5598,Tom Barkhuizen,1993-07-04,462,,,29,
99,18432,581238,Daniel Iversen,1997-07-19,320,,,12,
99,18432,12543,Jordan Storey,1997-09-02,462,,,14,
99,18432,9686,Ben Whiteman,1996-06-17,462,,,4,
99,18432,620,Ched Evans  ,1988-12-28,515,,,9,
115,18432,37391359,Aidan Francis Clarke,2004-07-02,462,,,40,
115,18432,581170,H. Isted,1997-03-05,462,,,21,
115,18432,21762818,Carlos Gomes,1998-11-14,1707,,,14,
115,18432,9536,Tom Lockyer,1994-12-03,515,,,15,
115,18432,1494694,Elijah Adebayo,1998-01-07,462,,,11,
115,18432,26706556,Elliot Thorpe,2000-11-09,515,,,28,
115,18432,37391367,Jameson Horlick,,462,,,31,
115,18432,6582,Matt Ingram,1993-12-18,462,,,27,
115,18432,5431,Dion Pereira,1999-03-25,137919,,,19,
115,18432,3987,James Shea,1991-06-16,462,,,1,
115,18432,8749,Luke Berry,1992-07-12,462,,,8,
115,18432,12129,Pelly Ruddock Mpanzu,1994-03-22,462,,,17,
115,18432,74156,Simon Sluga,1993-03-17,266,,,12,
115,18432,957,J. Steer,1992-09-23,462,,,25,
115,18432,4229,Daniel Potts,1994-04-13,462,,,3,
115,18432,3193,Glen Rea,1994-09-03,455,,,6,
115,18432,6513,James Bree,1997-12-11,462,,,2,
115,18432,11752,Kal Naismith ,1992-02-18,1161,,,4,
115,18432,6039,Fred Onyedinma,1996-11-24,716,,,24,
115,18432,539982,Admiral Muskwe,1998-08-21,2325,,,26,
115,18432,581142,Gabriel Osho,1998-08-14,462,,,32,
115,18432,20716535,Peter Kioso,1999-08-15,1320,,,20,
115,18432,870,Robert Snodgrass,1987-09-07,1161,,,12,
115,18432,1473,Henri Lansbury,1990-10-12,462,,,23,
115,18432,5785,Harry Cornick,1995-04-09,462,,,7,
115,18432,4107,Elliot Lee,1994-12-16,462,,,10,
115,18432,1291,Reece Burke,1996-09-02,462,,,16,
115,18432,5557,Jordan Clark ,1993-09-22,462,,,18,
115,18432,5489,Sonny Bradley,1991-09-13,462,,,5,
115,18432,173056,Allan Campbell,1998-07-04,1161,,,22,
115,18432,8662,D. Hylton,1989-02-25,462,,,9,
115,18432,608,Cameron Jerome,1986-08-14,462,,,35,
115,18432,6049,Amari'i Bell,1994-05-05,1640,,,29,
115,18432,4633,Alex Palmer,1996-08-10,462,,,41,
117,18432,2813,Jake Bidwell,1993-03-21,462,,,27,
117,18432,37255788,Will Bapaga,2002-11-03,462,,,41,
117,18432,2891,Simon Moore,1990-05-19,462,,,1,
117,18432,37559831,Ryan Howley,2003-11-23,515,,,36,
117,18432,488056,Jordan Shipley,1997-09-26,462,,,26,
117,18432,6065,Liam Kelly,1990-02-10,1161,,,6,
117,18432,3861789,Danny Cashman,2001-01-08,462,,,,
117,18432,9628,Josh Pask,1997-11-01,462,,,16,
117,18432,10717,Fankaty Dabo,1995-10-11,462,,,23,
117,18432,37260704,Josh Reid,2002-05-03,1161,,,22,
117,18432,173042,Michael Rose,1995-10-11,1161,,,4,
117,18432,340204,Ben Sheaf,1998-02-05,462,,,14,
117,18432,37334170,Ricardo Dinanga,2001-12-06,455,,,34,
117,18432,9939389,Cian Tyler,2002-03-22,515,,,44,
117,18432,97636,Julien Dacosta,1996-05-29,17,,,29,
117,18432,9568,Jodi Jones,1997-10-22,2756,,,7,
117,18432,6254,Kyle McFadzean,1987-02-20,462,,,5,
117,18432,8840,Jamie Allen,1995-01-29,462,,,8,
117,18432,629,Martyn Waghorn,1990-01-23,462,,,9,
117,18432,13489,Dominic Hyam,1995-12-20,1161,,,15,
117,18432,22536434,Fábio Tavares,2001-01-22,20,,,30,
117,18432,194167,Viktor Gyökeres,1998-06-04,47,,,17,
117,18432,5706,Todd Kane,1993-09-17,462,,,20,
117,18432,26813,Gustavo Hamer,1997-06-24,38,,,38,
117,18432,23223363,Josh Eccles,2000-04-06,462,,,28,
117,18432,3165,Tyler Walker,1996-10-17,462,,,19,
117,18432,5243,Matty Godden,1991-07-29,462,,,24,
117,18432,8270,Callum O'Hare,1998-05-01,462,,,10,
117,18432,4620,Jake Clarke-Salter,1997-09-22,462,,,3,
117,18432,23311159,Ian Maatsen,2002-03-10,38,,,18,
117,18432,3261,Ben Wilson,1992-08-09,462,,,13,
122,18432,3177,Max O'Leary,1996-10-10,462,,,12,
122,18432,956,Andy King,1988-10-29,515,,,10,
122,18432,37391535,Tommy Conway,2002-08-06,1161,,,37,
122,18432,12426,Robbie Cundy,1997-05-30,462,,,24,
122,18432,37391534,Sam Bell,2002-05-23,462,,,33,
122,18432,6943,Taylor Moore,1997-05-12,462,,,,
122,18432,25188299,Harvey Wiles-Richards,2002-05-27,462,,,13,
122,18432,25217729,Duncan Idehen,,462,,,31,
122,18432,21762798,Saikou Janneh,2000-01-11,2507,,,46,
122,18432,37391533,Ryley Towler,2002-05-06,462,,,34,
122,18432,37391532,Josh Owers,2002-03-16,462,,,39,
122,18432,28575675,Sam Bellis,2002-12-30,462,,,33,
122,18432,3119,Timm Klose,1988-05-09,62,,,25,
122,18432,3301,Daniel Bentley,1993-07-13,462,,,1,
122,18432,1509,Chris Martin,1988-11-04,1161,,,9,
122,18432,339,Andreas Weimann,1991-08-05,143,,,14,
122,18432,3145,Callum O'Dowda,1995-04-23,455,,,11,
122,18432,7250,Zak Vyner,1997-05-14,462,,,26,
122,18432,3063,Nahki Wells,1990-06-01,15326,,,21,
122,18432,3267,Kasey Palmer,1996-11-09,1640,,,45,
122,18432,14319,Tyreeq Bakinson,1998-10-10,462,,,15,
122,18432,5433,Joe Williams,1996-12-08,462,,,8,
122,18432,9606076,Han-Noah Massengo,2001-07-07,17,,,42,
122,18432,1027,Danny Simpson,1987-01-04,462,,,2,
122,18432,37550443,Alex Scott,2003-08-21,462,,,36,
122,18432,6608242,Cameron Pring ,1998-01-22,462,,,16,
122,18432,2960,Tomas Kalas,1993-05-15,245,,,22,
122,18432,868,Nathan Baker,1991-04-23,462,,,17,
122,18432,2237,Matty James,1991-07-22,462,,,6,
122,18432,37391549,Ayman Benarous,2003-07-27,462,,,38,
122,18432,3502650,Rob Atkinson,1998-07-13,462,,,5,
122,18432,10496,Jay Dasilva,1998-04-22,462,,,3,
122,18432,1494237,George Tanner,1999-11-16,462,,,19,
122,18432,10990678,Antoine Semenyo,2000-01-07,468,,,18,
251,18432,26944,Carel Eiting,1998-02-11,38,,,48,
251,18432,37391708,Giosue Bellagambi,2001-11-08,4125,,,41,
251,18432,20692499,Jacob Chapman,2000-10-22,98,,,13,
251,18432,37391717,Michael Roxburgh,2003-03-09,462,,,44,
251,18432,37255850,Rarmani Edmonds-Green,1999-01-14,462,,,,
251,18432,3011,Reece Brown,1996-03-03,462,,,12,
251,18432,30865988,Romoney Crichlow,1999-06-03,462,,,,
251,18432,16827156,Matty Daly,2001-03-10,462,,,,
251,18432,23279212,Kieran Phillips,2000-02-18,462,,,,
251,18432,37341871,Nicholas Bilokapic,2002-09-08,98,,,42,
251,18432,188769,Alex Vallejo,1992-01-16,32,,,5,
251,18432,22682,Ryan Schofield,1999-12-11,462,,,31,
251,18432,32013821,Aaron Rowe,2000-09-07,462,,,29,
251,18432,14359087,Danny Grant,1999-12-23,455,,,28,
251,18432,4234,Pavel Kucera,1993-10-27,462,,,18,
251,18432,5829,Duane Holmes,1994-11-06,3483,,,19,
251,18432,6599974,Tino Anjorin,2001-11-23,462,,,7,
251,18432,32796827,Ben Jackson,2001-02-22,462,,,30,
251,18432,8454,Ollie Turton ,1992-12-06,462,,,20,
251,18432,11471,Matty Pearson,1993-08-03,462,,,4,
251,18432,1736,J. Rhodes,1990-02-05,1161,,,9,
251,18432,18226,Sorba Thomas,1999-01-25,515,,,16,
251,18432,3463,Harry Toffolo,1995-08-19,462,,,3,
251,18432,21412318,Jon Russell,2000-10-09,1640,,,37,
251,18432,37357274,Scott High,2001-02-15,1161,,,15,
251,18432,2349,Tom Lees,1990-11-28,462,,,32,
251,18432,31238121,Mipo Odubeko ,2002-10-21,462,,,7,
251,18432,2812,Lee Nicholls,1992-10-05,462,,,21,
251,18432,313,Fraizer Campbell,1987-09-13,462,,,22,
251,18432,1394,Rolando Aarons,1995-11-16,1640,,,11,
251,18432,2230,Jonathan Hogg,1988-12-06,462,,,6,
251,18432,6271,Naby Sarr,1993-08-13,200,,,23,
251,18432,37259180,Levi Colwill,2003-02-26,462,,,26,
251,18432,320,Daniel Ward,1990-12-09,462,,,25,
251,18432,141099,Danel Sinani,1997-04-05,3126,,,24,
251,18432,10310312,Lewis O'Brien,1998-10-14,462,,,8,
251,18432,12474,Josh Koroma,1998-11-09,462,,,10,
251,18432,5510,Josh Ruffels,1993-10-23,462,,,14,
251,18432,448297,Pipa,1998-01-26,32,,,2,
254,18432,37577459,Emmanuel Fernandez,2001-11-20,462,,,32,
254,18432,37253417,Kyle Barker,2000-12-16,462,,,27,
254,18432,12433161,Bali Mumba,2001-10-08,462,,,24,
254,18432,37357595,Joe Taylor,2002-11-18,515,,,40,
254,18432,1939,Mark Beevers,1989-11-21,462,,,5,
254,18432,8881,Frankie Kent ,1995-11-21,462,,,6,
254,18432,37304039,Ricky-Jade Jones,2002-11-08,462,,,17,
254,18432,8497895,Joel Randall,1999-10-29,462,,,26,
254,18432,37404038,W. Blackmore,2001-10-01,462,,,28,
254,18432,37564610,William Lakin,,462,,,44,
254,18432,37601040,Andrew Oluwabori,2001-09-30,716,,,37,
254,18432,37564616,Gergő Bodnár,2005-04-18,674,,,45,
254,18432,9682,Ryan Broom,1996-09-04,515,,,,
254,18432,20794,Serhat Tasdemir,2000-07-21,2453,,,,
254,18432,17951,Idris Kanu,1999-12-05,5724,,,19,
254,18432,11664,Christy Pym,1995-04-24,462,,,1,
254,18432,28913006,Kai Corbett,2002-10-08,462,,,22,
254,18432,11691,Dan Butler,1994-08-26,462,,,3,
254,18432,540482,Ethan Hamilton,1998-10-18,1161,,,22,
254,18432,455687,Steven Benda,1998-10-01,11,,,25,
254,18432,3011,Reece Brown,1996-03-03,462,,,10,
254,18432,24822,Ruben Ligeon,1992-05-24,38,,,9,
254,18432,11426,Oliver Norburn,1992-10-26,26833,,,18,
254,18432,13042,Jack Taylor,1998-06-23,455,,,8,
254,18432,581197,Conor Coventry,2000-03-25,455,,,20,
254,18432,537423,Hayden Coulson,1998-06-17,462,,,43,
254,18432,1494390,Callum Morton,2000-01-19,462,,,20,
254,18432,99111,Jeando Fuchs,1997-10-11,593,,,42,
254,18432,3861827,Harrison Burrows,2002-01-12,462,,,16,
254,18432,4224,David Cornell,1991-03-28,515,,,13,
254,18432,518864,Joe Tomlinson,2000-06-09,462,,,21,
254,18432,1525103,Siriki Dembélé,1996-09-07,1161,,,10,
254,18432,331382,Joe Ward,1995-08-22,462,,,23,
254,18432,8740,Sammie Szmodics,1995-09-24,462,,,7,
254,18432,3211,Jorge Grant,1994-12-19,462,,,11,
254,18432,581060,Josh Knight,1997-09-07,462,,,12,
254,18432,3457,Nathan Thompson,1990-11-09,462,,,4,
254,18432,5833,Jack Marriott,1994-09-09,462,,,14,
254,18432,37285030,Kwame Poku,2001-08-11,462,,,15,
254,18432,5262,Jonson Clarke-Harris,1994-07-21,1640,,,9,
254,18432,37350031,Ronnie Edwards,2003-03-28,462,,,2,
1,18378,82032,Alex Král,1998-05-19,245,,,33,
1,18378,95393,Alphonse Areola,1993-02-27,17,,,13,
1,18378,4371,Kazım Nas,1992-10-10,462,,,24,
1,18378,2875848,Aji Alese,2001-01-17,462,,,42,
1,18378,30852045,Armstrong Oko-Flex,2002-03-02,462,,,40,
1,18378,1449,Darren Randolph,1987-05-12,455,,,35,
1,18378,581197,Conor Coventry,2000-03-25,455,,,54,
1,18378,37337720,Jamal Baptiste,2003-11-11,462,,,75,
1,18378,31626620,Harrison Ashby,2001-11-14,1161,,,50,
1,18378,12433159,Dan Chesters,2002-04-04,462,,,51,
1,18378,37346914,Sonny Perkins,2004-02-10,462,,,64,
1,18378,27453989,Pierre Ekwah,2002-01-15,17,,,46,
1,18378,1416,Angelo Ogbonna,1988-05-23,251,,,21,
1,18378,1922,Michail Antonio,1990-03-28,1640,,,9,
1,18378,96426,Saïd Benrahma,1995-08-10,614,,,22,
1,18378,204697,Andriy Yarmolenko,1989-10-23,86,,,7,
1,18378,1261,Aaron Cresswell,1989-12-15,462,,,3,
1,18378,1452,Manuel Lanzini,1993-02-15,44,,,10,
1,18378,1592,Jarrod Bowen ,1996-12-20,462,,,20,
1,18378,80304,Vladimír Coufal,1992-08-22,245,,,5,
1,18378,1941,Arthur Masuaku,1993-11-07,1320,,,26,
1,18378,80655,Tomáš Souček ,1995-02-27,245,,,28,
1,18378,5273,Declan Rice,1999-01-14,462,,,41,
1,18378,581199,Ben Johnson,2000-01-24,462,,,31,
1,18378,733,Lukasz Fabianski ,1985-04-18,2,,,1,
1,18378,186815,Pablo Fornals,1996-02-22,32,,,8,
1,18378,96799,Issa Diop,1997-01-09,1424,,,23,
1,18378,73906,Nikola Vlašić,1997-10-04,266,,,11,
1,18378,1183,Craig Dawson,1990-05-06,462,,,15,
1,18378,156,Mark Noble,1987-05-08,462,,,16,
1,18378,1316,Kurt Zouma,1994-10-27,17,,,4,
6,18378,333797,Rodrigo Bentancur,1997-06-25,158,,,30,
6,18378,23277906,Harvey White,2001-09-19,462,,,42,
6,18378,6588,Pierluigi Gollini,1995-03-18,251,,,22,
6,18378,1014,Hugo Lloris,1986-12-26,17,,,1,
6,18378,31238170,Matthew Craig,2003-04-16,1161,,,51,
6,18378,37391514,Alfie Devine,2004-08-01,462,,,45,
6,18378,540476,Brandon Austin,1999-01-08,462,,,40,
6,18378,99148,Tanguy Ndombélé,1996-12-28,17,,,28,
6,18378,1380,Moussa Sissoko,1989-08-16,17,,,17,
6,18378,922,Dele Alli,1996-04-11,462,,,20,
6,18378,23697536,Dilan Markanday,2001-08-20,462,,,54,
6,18378,4969701,Tobi Omole,1999-12-17,462,,,49,
6,18378,8403175,Jamie Bowden,2001-07-09,462,,,54,
6,18378,9308199,Marcel Lavinier,2000-12-16,462,,,57,
6,18378,339112,Joe Rodon,1997-10-22,515,,,14,
6,18378,37259210,Dane Scarlett,2004-03-24,462,,,44,
6,18378,4545529,Bryan Gil,2001-02-11,32,,,11,
6,18378,4313,Heung-min Son ,1992-07-08,712,,,7,
6,18378,26294,Davinson Sánchez,1996-06-12,353,,,6,
6,18378,25776,Steven Bergwijn,1997-10-08,38,,,23,
6,18378,1711,Harry Winks,1996-02-02,462,,,8,
6,18378,3884,Matt Doherty,1992-01-16,455,,,2,
6,18378,1744,Pierre-Emile Højbjerg,1995-08-05,320,,,5,
6,18378,95998,Lucas Moura ,1992-08-13,5,,,27,
6,18378,380886,Sergio Reguilón,1996-12-16,32,,,3,
6,18378,916,Eric Dier,1994-01-15,462,,,15,
6,18378,997,Harry Kane ,1993-07-28,462,,,10,
6,18378,989,Ben Davies,1993-04-24,515,,,33,
6,18378,540290,Japhet Tanganga,1999-03-31,462,,,25,
6,18378,6610,Ryan Sessegnon,2000-05-18,462,,,19,
6,18378,14338024,Dejan Kulusevski,2000-04-25,47,,,21,
6,18378,221615,Emerson Royal,1999-01-14,5,,,12,
6,18378,540579,Oliver Skipp,2000-09-16,462,,,29,
6,18378,333731,Cristian Romero ,1998-04-27,44,,,4,
6,18378,97664,Giovani Lo Celso,1996-04-09,44,,,18,
8,18378,896225,Caoimhín Kelleher,1998-11-23,455,,,62,
8,18378,23269836,Harvey Elliott,2003-04-04,462,,,67,
8,18378,11720838,Neco Williams,2001-04-13,515,,,76,
8,18378,1494396,Nat Phillips,1997-03-21,462,,,47,
8,18378,5193,Ben Woodburn,1999-10-15,515,,,58,
8,18378,11658171,Sepp van den Berg,2001-12-20,38,,,72,
8,18378,4545525,Rhys Williams,2001-02-03,462,,,46,
8,18378,1743,Virgil van Dijk ,1991-07-08,38,,,4,
8,18378,1251,Adrián,1987-01-03,32,,,13,
8,18378,24081647,Owen Beck ,2002-08-09,515,,,63,
8,18378,37373580,Kaide Gordon,2004-10-05,462,,,49,
8,18378,37259163,Jarell Quansah,2003-01-29,462,,,78,
8,18378,37341803,Marcelo Pitaluga,2002-12-20,5,,,97,
8,18378,37316835,Conor Bradley ,2003-07-09,491,,,84,
8,18378,37316836,Tyler Morton,2002-10-31,462,,,80,
8,18378,241036,Luis Díaz,1997-01-13,353,,,7,
8,18378,1917,Trent Alexander-Arnold,1998-10-07,462,,,66,
8,18378,52671,Takumi Minamino,1995-01-16,479,,,18,
8,18378,1389,Sadio Mané,1992-04-10,200,,,10,
8,18378,129820,Alisson,1992-10-02,5,,,1,
8,18378,850,Alex Oxlade-Chamberlain,1993-08-15,462,,,15,
8,18378,96099,Fabinho,1993-10-23,5,,,3,
8,18378,323,Jordan Henderson ,1990-06-17,462,,,14,
8,18378,100556,Ibrahima Konaté,1999-05-25,17,,,5,
8,18378,197,James Milner,1986-01-04,462,,,7,
8,18378,4125,Mohamed Salah,1992-06-15,886,,,11,
8,18378,31857,Thiago Alcântara,1991-04-11,32,,,6,
8,18378,1472,Divock Origi,1995-04-18,556,,,27,
8,18378,1461,Roberto Firmino,1991-10-02,5,,,9,
8,18378,1920,Joël Matip,1991-08-08,593,,,32,
8,18378,84627,Konstantinos Tsimikas,1996-05-12,125,,,21,
8,18378,1078,Andrew Robertson,1994-03-11,1161,,,26,
8,18378,159917,Diogo Jota,1996-12-04,20,,,20,
8,18378,4545513,Curtis Jones,2001-01-30,462,,,17,
8,18378,1453,Joe Gomez ,1997-05-23,462,,,12,
8,18378,32640,Naby Keïta,1995-02-10,1703,,,8,
9,18378,47285,Zack Steffen ,1995-04-02,3483,,,13,
9,18378,37536874,Roméo Lavia,2004-01-06,556,,,90,
9,18378,28575687,CJ Egan-Riley,2003-01-02,462,,,56,
9,18378,28575676,James McAtee,2002-10-18,462,,,87,
9,18378,32796076,Luke Mbete,2003-09-18,462,,,79,
9,18378,105,Scott Carson,1985-09-03,462,,,33,
9,18378,1408,Fernandinho,1985-05-04,5,,,25,
9,18378,5329,Gabriel Jesus,1997-04-03,5,,,9,
9,18378,96183,Benjamin Mendy,1994-07-17,17,,,22,
9,18378,37562173,Kayky ,2003-06-11,5,,,37,
9,18378,37316841,Samuel Edozie,2003-01-28,462,,,53,
9,18378,9605714,Tommy Doyle,2001-10-17,462,,,69,
9,18378,24838234,Josh Wilson-Esbrand,2002-12-26,462,,,97,
9,18378,28912734,Cieran Slicker,2002-09-15,1161,,,84,
9,18378,28912976,Liam Delap,2003-02-08,462,,,48,
9,18378,160956,João Cancelo,1994-05-27,20,,,7,
9,18378,28912747,Cole Palmer,2002-05-06,462,,,80,
9,18378,4842,İlkay Gündoğan,1990-10-24,11,,,8,
9,18378,162536,Rúben Dias,1997-05-14,20,,,3,
9,18378,448389,Ferran Torres,2000-02-29,32,,,21,
9,18378,96353,Bernardo Silva,1994-08-10,20,,,20,
9,18378,1116,Jack Grealish,1995-09-10,462,,,10,
9,18378,186299,Aymeric Laporte,1994-05-27,32,,,14,
9,18378,186910,Rodri ,1996-06-22,32,,,16,
9,18378,802,Raheem Sterling,1994-12-08,462,,,7,
9,18378,336133,Phil Foden,2000-05-28,462,,,47,
9,18378,159142,Ederson,1993-08-17,5,,,31,
9,18378,26603,Oleksandr Zinchenko,1996-12-15,86,,,11,
9,18378,982,John Stones,1994-05-28,462,,,5,
9,18378,971,Riyad Mahrez,1991-02-21,614,,,26,
9,18378,1869,Nathan Aké,1995-02-18,38,,,6,
9,18378,911,Kyle Walker,1990-05-28,462,,,2,
9,18378,1371,Kevin De Bruyne,1991-06-28,556,,,17,
13,18378,37344240,Isaac Price,2003-09-26,491,,,60,
13,18378,1791,Andy Lonergan,1983-10-19,462,,,31,
13,18378,37259199,Reece Welch,2003-09-19,462,,,64,
13,18378,45863,Cenk Tosun,1991-06-07,404,,,20,
13,18378,28912855,Lewis Dobbin,2003-01-03,462,,,61,
13,18378,25354,Anwar El Ghazi,1995-05-03,38,,,34,
13,18378,133769,Moise Kean,2000-02-28,251,,,27,
13,18378,32421,Jean-Philippe Gbamin,1995-09-25,23,,,25,
13,18378,37260638,Nathan Patterson,2001-10-16,1161,,,3,
13,18378,15076357,Ellis Simms,2001-01-05,462,,,50,
13,18378,10275430,Niels Nkounkou,2000-11-01,17,,,18,
13,18378,37356242,Charlie Whitaker,2003-09-16,462,,,57,
13,18378,581062,Nathan Broadhead,1998-04-05,515,,,34,
13,18378,32796058,Tyler Onyango,2003-03-04,462,,,62,
13,18378,681,Asmir Begović,1987-06-20,507,,,15,
13,18378,95368,Lucas Digne,1993-07-20,17,,,12,
13,18378,28575660,Harry Tyrer,2001-12-06,462,,,53,
13,18378,1249,Andros Townsend,1991-07-16,462,,,14,
13,18378,1881,Alex Iwobi,1996-05-03,716,,,17,
13,18378,7958,Ben Godfrey,1998-01-15,462,,,22,
13,18378,5141,Dominic Calvert-Lewin,1997-03-16,462,,,9,
13,18378,764,Séamus Coleman,1988-10-11,455,,,23,
13,18378,32404895,Jarrad Branthwaite,2002-06-27,462,,,32,
13,18378,129245,Allan ,1991-01-08,5,,,6,
13,18378,9611543,Anthony Gordon,2001-02-24,462,,,24,
13,18378,1651,Salomón Rondón,1989-09-16,275,,,33,
13,18378,922,Dele Alli,1996-04-11,462,,,36,
13,18378,166,Fabian Delph,1989-11-21,462,,,8,
13,18378,1572,Demarai Gray,1996-06-28,1640,,,11,
13,18378,2144,Abdoulaye Doucouré,1993-01-01,26,,,16,
13,18378,881,Michael Keane,1993-01-11,462,,,5,
13,18378,537271,Vitaliy Mykolenko,1999-05-29,86,,,19,
13,18378,1826,Jordan Pickford,1994-03-07,462,,,1,
13,18378,5013,Jonjoe Kenny,1997-03-15,462,,,2,
13,18378,219633,Richarlison,1997-05-10,5,,,7,
13,18378,1706,Tom Davies,1998-06-30,462,,,26,
13,18378,26031,Donny van de Beek,1997-04-18,38,,,30,
13,18378,1692,Mason Holgate,1996-10-22,462,,,4,
13,18378,220040,Yerry Mina ,1994-09-23,353,,,13,
13,18378,159372,André Gomes,1993-07-30,20,,,21,
14,18378,37316549,Alejandro Garnacho,2004-07-01,44,,,75,
14,18378,12647,Dean Henderson ,1997-03-12,462,,,26,
14,18378,27422646,Shola Shoretire,2004-02-02,462,,,47,
14,18378,1454,Tom Heaton,1986-04-15,462,,,22,
14,18378,37537864,Álvaro Carreras,2003-03-23,32,,,74,
14,18378,37326110,Charlie Savage,2003-05-02,515,,,72,
14,18378,4536527,Brandon Williams,2000-09-03,462,,,33,
14,18378,580,Cristiano Ronaldo,1985-02-05,20,,,7,
14,18378,26031,Donny van de Beek,1997-04-18,38,,,34,
14,18378,1004,Andreas Pereira,1996-01-01,5,,,15,
14,18378,832,David de Gea ,1990-11-07,32,,,1,
14,18378,5149,Daniel James,1997-11-10,515,,,21,
14,18378,846,Juan Mata,1988-04-28,32,,,8,
14,18378,37316858,Hannibal,2003-01-21,1439,,,46,
14,18378,37317015,Amad Diallo ,2002-07-11,23,,,16,
14,18378,1992,Paul Pogba,1993-03-15,17,,,6,
14,18378,433,Phil Jones,1992-02-21,462,,,4,
14,18378,129602,Bruno Fernandes ,1994-09-08,20,,,18,
14,18378,955,Luke Shaw,1995-07-12,462,,,23,
14,18378,455376,Scott McTominay ,1996-12-08,1161,,,39,
14,18378,130177,Alex Telles ,1992-12-15,5,,,27,
14,18378,1829,Anthony Martial,1995-12-05,17,,,9,
14,18378,820,Jesse Lingard,1992-12-15,462,,,14,
14,18378,1335,Nemanja Matić,1988-08-01,296,,,31,
14,18378,205411,Fred,1993-03-05,5,,,17,
14,18378,164061,Diogo Dalot,1999-03-18,20,,,20,
14,18378,96088,Edinson Cavani  ,1987-02-14,158,,,21,
14,18378,538034,Jadon Sancho,2000-03-25,462,,,25,
14,18378,2884,Harry Maguire,1993-03-05,462,,,5,
14,18378,95807,Raphaël Varane,1993-04-25,17,,,19,
14,18378,1878,Marcus Rashford,1997-10-31,462,,,10,
14,18378,1849,Eric Bailly,1994-04-12,23,,,3,
14,18378,160206,Victor Lindelöf,1994-07-17,47,,,2,
14,18378,28912805,Anthony Elanga,2002-04-27,47,,,36,
14,18378,5252,Aaron Wan-Bissaka,1997-11-26,1320,,,29,
14,18378,20333643,Mason Greenwood,2001-10-01,462,,,11,
15,18378,1177,Calum Chambers ,1995-01-20,462,,,16,
15,18378,37564717,Josh Feeney,2005-05-06,462,,,59,
15,18378,37282898,Ben Chrisene,2004-01-12,462,,,45,
15,18378,529045,Viljami Sinisalo,2001-10-11,1233,,,38,
15,18378,957,J. Steer,1992-09-23,462,,,12,
15,18378,3371,C. Hourihane,1991-02-02,455,,,14,
15,18378,37259239,Tim Iroegbunam,2003-06-30,462,,,47,
15,18378,4391,Axel Tuanzebe,1997-11-14,1320,,,16,
15,18378,28912768,Aaron Ramsey,2003-01-21,462,,,40,
15,18378,96575,Frédéric Guilbert,1994-12-24,17,,,24,
15,18378,37539349,Lamare Bogarde,2004-01-05,38,,,36,
15,18378,37547541,Tommi O'Reilly,2003-12-15,462,,,58,
15,18378,28912779,Kaine Kesler-Hayden,2002-10-23,462,,,29,
15,18378,28575720,Filip Marschall,2003-04-24,462,,,44,
15,18378,84540,Robin Olsen,1990-01-08,47,,,25,
15,18378,28912777,Cameron Archer,2001-12-09,462,,,35,
15,18378,37259159,Kaine Hayden,,462,,,29,
15,18378,62865,Wesley Moraes,1996-11-24,5,,,9,
15,18378,4579,Keinan Davis,1998-02-13,462,,,39,
15,18378,25354,Anwar El Ghazi,1995-05-03,38,,,21,
15,18378,33186827,Jaden Philogene,2002-02-08,462,,,16,
15,18378,33716,Leon Bailey ,1997-08-09,1640,,,31,
15,18378,12145,Ollie Watkins,1995-12-30,462,,,11,
15,18378,1094,Tyrone Mings,1993-03-13,462,,,5,
15,18378,95368,Lucas Digne,1993-07-20,17,,,27,
15,18378,6201,Kortney Hause,1995-07-16,462,,,30,
15,18378,186660,Emiliano Buendía,1996-12-25,44,,,10,
15,18378,4254,Bertrand Traoré,1995-09-06,607,,,15,
15,18378,11705406,Jacob Ramsey,2001-05-28,462,,,41,
15,18378,96090,Morgan Sanson,1994-08-18,17,,,8,
15,18378,810,Philippe Coutinho,1992-06-12,5,,,23,
15,18378,6524,Matty Cash,1997-08-07,2,,,2,
15,18378,31626713,Carney Chukwuemeka,2003-10-20,143,,,33,
15,18378,1343,Emiliano Martínez,1992-09-02,44,,,1,
15,18378,1450,Danny Ings,1992-07-23,462,,,20,
15,18378,25126,Marvelous Nakamba,1994-01-19,2325,,,19,
15,18378,1387,Matt Targett,1995-09-18,462,,,3,
15,18378,165,Ashley Young,1985-07-09,462,,,18,
15,18378,225000,Douglas Luiz,1998-05-09,5,,,6,
15,18378,7124,Ezri Konsa,1997-10-23,462,,,4,
15,18378,172611,John McGinn ,1994-10-18,1161,,,7,
15,18378,62879,Mahmoud Trezeguet,1994-10-01,886,,,17,
18,18378,37326106,Harvey Vale,2003-09-11,462,,,68,
18,18378,186606,Kepa Arrizabalaga,1994-10-03,32,,,1,
18,18378,4265,Kenedy,1996-02-08,5,,,23,
18,18378,129794,Emerson,1994-08-03,251,,,33,
18,18378,3139,Tammy Abraham,1997-10-02,462,,,9,
18,18378,37459072,Lewis Hall,2004-09-08,462,,,75,
18,18378,1316,Kurt Zouma,1994-10-27,17,,,15,
18,18378,3268,Marcus Bettinelli,1992-05-24,462,,,13,
18,18378,99137,Edouard Mendy,1992-03-01,200,,,16,
18,18378,186412,Saúl Ñíguez ,1994-11-21,32,,,17,
18,18378,32612,Kai Havertz,1999-06-11,11,,,29,
18,18378,129511,Jorginho,1991-12-20,251,,,5,
18,18378,24288,Hakim Ziyech,1993-03-19,1424,,,22,
18,18378,31823,Timo Werner,1996-03-06,11,,,11,
18,18378,1330,César Azpilicueta,1989-08-28,32,,,28,
18,18378,1193,N'Golo Kanté,1991-03-29,17,,,7,
18,18378,537121,Mason Mount ,1999-01-10,462,,,19,
18,18378,581220,Reece James ,1999-12-08,462,,,24,
18,18378,95792,Thiago Silva,1984-09-22,5,,,6,
18,18378,73147,Mateo Kovacic,1994-05-06,266,,,8,
18,18378,1128,Marcos Alonso,1990-12-28,32,,,3,
18,18378,995,Romelu Lukaku,1993-05-13,556,,,9,
18,18378,31837,Antonio Rüdiger,1993-03-03,11,,,2,
18,18378,2875858,Callum Hudson-Odoi,2000-11-07,462,,,20,
18,18378,1953,Ruben Loftus-Cheek,1996-01-23,462,,,12,
18,18378,4460,Andreas Christensen,1996-04-10,320,,,4,
18,18378,96765,Malang Sarr,1999-01-23,17,,,31,
18,18378,968,Ross Barkley,1993-12-05,462,,,18,
18,18378,537117,Trevoh Chalobah,1999-07-05,462,,,14,
18,18378,32438,Christian Pulisic,1998-09-18,3483,,,10,
18,18378,1601,Ben Chilwell,1996-12-21,462,,,21,
19,18378,28912729,Miguel Azeez,2002-09-20,462,,,38,
19,18378,37536911,Omari Hutchinson,2003-10-30,1640,,,82,
19,18378,7026564,Zak Swanson ,2000-09-28,462,,,69,
19,18378,538907,Albert Sambi Lokonga,1999-10-22,556,,,23,
19,18378,37430352,Salah Oulad,2003-08-20,38,,,65,
19,18378,37259173,Alex Kirk,2002-10-27,462,,,54,
19,18378,28575730,Charlie Patiño,2003-10-17,462,,,87,
19,18378,537759,Reiss Nelson,1999-12-10,462,,,24,
19,18378,22897102,Karl Hein,2002-04-13,2405,,,49,
19,18378,1899,Héctor Bellerín,1995-03-19,32,,,2,
19,18378,21428649,Arthur Okonkwo,2001-09-09,462,,,33,
19,18378,31661,Sead Kolasinac,1993-06-20,507,,,31,
19,18378,28575712,Mazeed Ogungbo,2002-10-20,462,,,61,
19,18378,28912714,Ryan Alebiosu,2001-12-17,716,,,37,
19,18378,28912753,Mika Biereth,2003-02-08,320,,,58,
19,18378,37298059,Zach Awe,2004-01-09,462,,,75,
19,18378,37326087,Marcelo Flores,2003-10-01,1004,,,78,
19,18378,4344,Ainsley Maitland-Niles,1997-08-29,462,,,15,
19,18378,186159,Pablo Marí,1993-08-31,32,,,22,
19,18378,1177,Calum Chambers ,1995-01-20,462,,,21,
19,18378,4969702,Folarin Balogun,2001-07-03,3483,,,26,
19,18378,16827155,Bukayo Saka,2001-09-05,462,,,7,
19,18378,1494446,Emile Smith Rowe,2000-07-28,462,,,10,
19,18378,1362,Cédric Soares,1991-08-31,20,,,17,
19,18378,96656,Nicolas Pépé,1995-05-29,23,,,19,
19,18378,539961,Eddie Nketiah,1999-05-30,462,,,30,
19,18378,1891,Mohamed Elneny,1992-07-11,886,,,25,
19,18378,95334,Alexandre Lacazette,1991-05-28,17,,,9,
19,18378,9308193,Nuno Tavares,2000-01-26,20,,,20,
19,18378,26823,Martin Ødegaard ,1998-12-17,1578,,,8,
19,18378,31342,Bernd Leno,1992-03-04,11,,,1,
19,18378,31739,Pierre-Emerick Aubameyang,1989-06-18,3662,,,14,
19,18378,9438,Aaron Ramsdale,1998-05-14,462,,,32,
19,18378,172960,Kieran Tierney,1997-06-05,1161,,,3,
19,18378,3259,Ben White,1997-10-08,462,,,4,
19,18378,186370,Thomas Partey,1993-06-13,468,,,5,
19,18378,1901,Rob Holding,1995-09-20,462,,,16,
19,18378,10959356,Gabriel Martinelli,2001-06-18,5,,,35,
19,18378,1887,Granit Xhaka ,1992-09-27,62,,,34,
19,18378,97811,Gabriel,1997-12-19,5,,,6,
19,18378,310288,Takehiro Tomiyasu,1998-11-05,479,,,18,
20,18378,1310,Federico Fernández,1989-02-21,44,,,18,
20,18378,2361,Jeff Hendrick,1992-01-31,455,,,16,
20,18378,4357,Freddie Woodman,1997-03-04,462,,,27,
20,18378,332047,Elliot Anderson,2002-11-06,462,,,32,
20,18378,28912996,Lucas De Bolle,2002-10-22,1161,,,50,
20,18378,360,Ciaran Clark,1989-09-26,455,,,2,
20,18378,1397,Karl Darlow,1990-10-08,515,,,26,
20,18378,459145,Bruno Guimarães,1997-11-16,5,,,39,
20,18378,1494666,Jamal Piaras Lewis,1998-01-25,491,,,12,
20,18378,2954,Isaac Hayden,1995-03-22,462,,,14,
20,18378,914,Chris Wood,1991-12-07,2817,,,20,
20,18378,1065,Callum Wilson,1992-02-27,462,,,9,
20,18378,7855,Mark Gillespie,1992-03-27,462,,,29,
20,18378,28913014,Joe White,2002-10-01,462,,,56,
20,18378,2815,Dan Burn ,1992-05-09,462,,,33,
20,18378,1061,Matt Ritchie,1989-09-10,1161,,,11,
20,18378,257663,Miguel Almirón ,1994-02-10,1190,,,24,
20,18378,33645,Joelinton,1996-08-14,5,,,7,
20,18378,3071,Jacob Murphy,1995-02-24,462,,,23,
20,18378,32372,Fabian Schär,1991-12-20,62,,,5,
20,18378,2985,Jamaal Lascelles,1993-11-11,462,,,6,
20,18378,1387,Matt Targett,1995-09-18,462,,,13,
20,18378,819,Jonjo Shelvey,1992-02-27,462,,,8,
20,18378,80889,Martin Dúbravka,1989-01-15,401,,,1,
20,18378,1494447,Joe Willock,1999-08-20,462,,,28,
20,18378,129966,Emil Krafth,1994-08-02,47,,,17,
20,18378,2712,Ryan Fraser,1994-02-24,1161,,,21,
20,18378,1414,Paul Dummett,1991-09-26,515,,,3,
20,18378,1352,Javier Manquillo,1994-05-05,32,,,19,
20,18378,173737,Sean Longstaff,1997-10-30,462,,,36,
20,18378,1179,Dwight Gayle,1989-10-17,462,,,34,
20,18378,32508,Allan Saint-Maximin,1997-03-12,17,,,10,
20,18378,1016,Kieran Trippier,1990-09-19,462,,,15,
25,18378,94939,Nicolas N'Koulou,1990-03-27,593,,,13,
25,18378,568,Dan Gosling,1990-02-01,462,,,16,
25,18378,450,Ben Foster,1983-04-03,462,,,1,
25,18378,5666544,Jeremy Ngakia,2000-09-07,462,,,2,
25,18378,96722,Ismaïla Sarr,1998-02-25,200,,,23,
25,18378,37440607,Tiago Çukur,2002-11-30,404,,,49,
25,18378,37609363,J. Grieves,2004-12-05,462,,,51,
25,18378,37324014,Kwadwo Baah,2003-01-27,11,,,34,
25,18378,1436,Robert Elliot,1986-04-30,455,,,35,
25,18378,2823509,Tom Dele-Bashiru,1999-09-17,716,,,24,
25,18378,23739107,Mattie Pollock,2001-09-28,462,,,15,
25,18378,28575708,James Morris,2001-11-23,462,,,42,
25,18378,37566650,Adrian Blake,2005-07-15,462,,,50,
25,18378,4701,Ashley Fletcher,1995-10-02,462,,,17,
25,18378,1250,Troy Deeney,1988-06-29,462,,,9,
25,18378,37609281,Vincent Angelini,2003-09-12,1161,,,41,
25,18378,37391182,Kamil Conteh,2002-12-26,5724,,,45,
25,18378,37550839,Shaq Forde,2004-05-05,462,,,47,
25,18378,9964067,Edo Kayembe,1998-06-03,1320,,,39,
25,18378,1271,Danny Rose,1990-07-02,462,,,3,
25,18378,201172,Ozan Tufan,1995-03-23,404,,,18,
25,18378,129704,Adam Masina,1994-01-02,1424,,,11,
25,18378,191301,Ken Sema,1993-09-30,47,,,12,
25,18378,240195,Cucho Hernández,1999-04-20,353,,,29,
25,18378,62927,Samuel Kalu,1997-08-26,716,,,28,
25,18378,467937,Francisco Sierralta,1997-05-06,80,,,31,
25,18378,3876535,Imrân Louza,1999-05-01,1424,,,6,
25,18378,1029,Joshua King,1992-01-15,1578,,,7,
25,18378,25160,William Troost-Ekong,1993-09-01,716,,,5,
25,18378,185579,Kiko Femenía,1991-02-02,32,,,21,
25,18378,1380,Moussa Sissoko,1989-08-16,17,,,19,
25,18378,160568,Peter Etebo ,1995-11-09,716,,,4,
25,18378,205944,Emmanuel Dennis,1997-11-15,716,,,25,
25,18378,4765,Christian Kabasele,1991-02-24,556,,,27,
25,18378,129790,Samir Caetano,1994-12-05,5,,,22,
25,18378,4904,Daniel Bachmann ,1994-07-09,143,,,26,
25,18378,1272,Tom Cleverley,1989-08-12,462,,,8,
25,18378,537,Craig Cathcart,1989-02-06,491,,,15,
25,18378,97608,Hassane Kamara,1994-03-05,2507,,,14,
25,18378,79268,Juraj Kucka,1987-02-26,401,,,33,
25,18378,28931574,João Pedro,2001-09-26,5,,,10,
27,18378,13009,Kyle Storer,1987-04-30,462,,,27,
27,18378,22515272,Dara Costelloe,2002-12-11,455,,,44,
27,18378,361,Phil Bardsley,1985-06-28,1161,,,26,
27,18378,37518832,Bobby Thomas,2001-01-30,462,,,37,
27,18378,37365873,Owen Dodgson,2003-03-19,462,,,39,
27,18378,22144837,Anthony Mancini,2001-04-06,17,,,35,
27,18378,37391612,Joe McGlynn,2002-09-26,1161,,,49,
27,18378,37296112,Lewis Richardson,2003-02-07,462,,,38,
27,18378,37391622,Sam Waller,2003-09-09,462,,,50,
27,18378,12112,Will Norris,1993-08-12,462,,,25,
27,18378,519,Wayne Hennessey,1987-01-24,515,,,13,
27,18378,2763,Nick Pope,1992-04-19,462,,,1,
27,18378,25317,Wout Weghorst,1992-08-07,38,,,13,
27,18378,1466,Kevin Long,1990-08-18,455,,,28,
27,18378,1448,Ashley Barnes,1989-10-30,462,,,10,
27,18378,3143,Josh Brownhill,1995-12-19,462,,,8,
27,18378,11705403,Nathan Collins ,2001-04-30,455,,,22,
27,18378,96642,Maxwel Cornet ,1996-09-27,23,,,20,
27,18378,244,Aaron Lennon,1987-04-16,462,,,17,
27,18378,914,Chris Wood,1991-12-07,2817,,,9,
27,18378,1156,Jack Cork,1989-06-25,462,,,4,
27,18378,1460,Ben Mee,1989-09-21,462,,,6,
27,18378,896,Matthew Lowton,1989-06-09,462,,,2,
27,18378,4598726,Dwight McNeil,1999-11-22,1640,,,11,
27,18378,812,Erik Pieters,1988-08-07,38,,,23,
27,18378,3300,Charlie Taylor,1993-09-18,462,,,3,
27,18378,1148,Matej Vydra,1992-05-01,245,,,27,
27,18378,1611,Johann Berg Guðmunds­son,1990-10-27,1796,,,7,
27,18378,1152,Jay Rodríguez,1989-07-29,462,,,19,
27,18378,5410,Connor Roberts,1995-09-23,515,,,14,
27,18378,2723,Dale Stephens,1989-06-12,462,,,16,
27,18378,1639,James Tarkowski,1992-11-19,462,,,5,
27,18378,862,Ashley Westwood,1990-04-01,462,,,18,
29,18378,23739135,Luke Cundle,2002-04-26,462,,,39,
29,18378,29303604,Toti ,1999-01-16,20,,,24,
29,18378,890,John Ruddy,1986-10-24,462,,,21,
29,18378,159483,José Sá,1993-01-17,20,,,1,
29,18378,23269652,Ki-Jana Hoever,2002-01-18,38,,,35,
29,18378,37400484,Yerson Mosquera,2001-05-02,353,,,14,
29,18378,26715427,Louie Moulden,2002-01-06,462,,,13,
29,18378,24081648,Chem Campbell,2002-12-30,515,,,77,
29,18378,33186843,Christian Marques,2003-01-15,20,,,75,
29,18378,163516,Bruno Jordão,1998-10-12,20,,,6,
29,18378,37544382,James Storer,2004-10-04,462,,,48,
29,18378,14338473,Ryan Giles,2000-01-26,462,,,33,
29,18378,1494341,Dion Sanderson,1999-12-15,462,,,34,
29,18378,95348,Willy Boly,1991-02-03,17,,,15,
29,18378,7144,Romain Saïss,1990-03-26,1424,,,27,
29,18378,163190,Francisco Trincão,1999-12-29,20,,,11,
29,18378,7926,Morgan Gibbs-White,2000-01-27,462,,,18,
29,18378,36084757,Boubacar Traoré,2001-08-20,26,,,6,
29,18378,37286738,Hugo Bueno,2002-09-18,32,,,64,
29,18378,4241,Adama Traoré,1996-01-25,32,,,37,
29,18378,160834,Daniel Podence,1995-10-21,20,,,10,
29,18378,96102,João Moutinho,1986-09-08,20,,,28,
29,18378,13590962,Rayan Aït-Nouri,2001-06-06,614,,,3,
29,18378,498161,Maximilian Kilman,1997-05-23,462,,,23,
29,18378,160110,Nélson Semedo,1993-11-16,20,,,22,
29,18378,23269679,Fábio Silva,2002-07-19,20,,,17,
29,18378,52868,Hee-chan Hwang,1996-01-26,712,,,26,
29,18378,159699,Rúben Neves,1997-03-13,20,,,8,
29,18378,62423,Leander Dendoncker,1995-04-15,556,,,32,
29,18378,186426,Jonny Otto,1994-03-03,32,,,19,
29,18378,3043,Conor Coady,1993-02-25,462,,,16,
29,18378,96850,Marçal,1989-02-19,5,,,5,
29,18378,160217,Raúl Jiménez,1991-05-05,458,,,9,
29,18378,496775,Pedro Neto,2000-03-09,20,,,7,
29,18378,37404802,Francisco Jorge Tavares Oliveira,2000-02-05,20,,,20,
33,18378,37357498,Liam Gibbs,2002-12-16,462,,,42,
33,18378,28575738,Tony Springett,2002-09-22,462,,,45,
33,18378,37259219,Jonathan Tomkinson,2002-04-11,3483,,,40,
33,18378,12433161,Bali Mumba,2001-10-08,462,,,26,
33,18378,3133,Michael McGovern,1984-07-12,491,,,33,
33,18378,21427972,Jon McCracken,2000-05-24,1161,,,58,
33,18378,24817488,Thomas Dickson-Peters,2002-09-16,1161,,,43,
33,18378,24830085,Andrew Omobamidele,2002-06-23,455,,,44,
33,18378,37259217,Abu Kamara,2003-07-21,462,,,41,
33,18378,14004454,Daniel Barden,2001-01-02,515,,,37,
33,18378,34706,Onel Hernández,1993-02-01,63604,,,25,
33,18378,31280,Lukas Rupp,1991-01-08,11,,,7,
33,18378,336067,Angus Gunn ,1996-01-22,1161,,,28,
33,18378,5640884,Josh Sargent,2000-02-20,3483,,,24,
33,18378,84680,Jacob Lungi Sørensen,1998-03-03,320,,,19,
33,18378,581086,Todd Cantwell ,1998-02-27,462,,,14,
33,18378,5640817,Ozan Kabak,2000-03-25,404,,,15,
33,18378,4536527,Brandon Williams,2000-09-03,462,,,21,
33,18378,45565,Przemyslaw Placheta,1998-03-23,2,,,11,
33,18378,34455209,Jonathan Rowe,2003-04-30,462,,,46,
33,18378,1494663,Max Aarons,2000-01-04,462,,,2,
33,18378,172385,Kenny McLean ,1992-01-08,1161,,,23,
33,18378,31433,Teemu Pukki,1990-03-29,1233,,,22,
33,18378,37457,Christoph Zimmermann,1993-01-12,11,,,6,
33,18378,78282,Dimitrios Giannoulis,1995-10-17,125,,,30,
33,18378,757,Tim Krul,1988-04-03,38,,,1,
33,18378,4892,Kieran Dowell,1997-10-10,462,,,10,
33,18378,25589,Milot Rashica,1996-06-28,122,,,17,
33,18378,96826,Pierre Lees-Melou,1993-05-25,17,,,20,
33,18378,807,Grant Hanley,1991-11-20,1161,,,5,
33,18378,1723,Ben Gibson ,1993-01-15,462,,,4,
33,18378,6599973,Billy Gilmour,2001-06-11,1161,,,8,
33,18378,151562,M. Normann,1996-05-28,1578,,,16,
33,18378,24817182,Christos Tzolis,2002-01-30,125,,,18,
33,18378,3533830,Adam Idah,2001-02-11,455,,,35,
33,18378,1928,Sam Byram,1993-09-16,462,,,3,
42,18378,612,Jonny Evans,1988-01-03,491,,,6,
42,18378,10601,Harvey Barnes,1997-12-09,462,,,7,
42,18378,1573,Daniel Amartey,1994-12-21,468,,,18,
42,18378,11311795,Wesley Fofana,2000-12-17,17,,,3,
42,18378,320,Daniel Ward,1990-12-09,462,,,12,
42,18378,11705405,Lewis Brunt,2000-11-06,462,,,62,
42,18378,1574,Eldin Jakupović,1984-10-02,62,,,35,
42,18378,12433172,Vontae Daley-Campbell,2001-04-02,462,,,38,
42,18378,61654,Dennis Praet,1994-05-14,556,,,26,
42,18378,1350,Ryan Bertrand,1989-08-05,462,,,5,
42,18378,37342596,Ben Nelson ,2004-03-18,462,,,45,
42,18378,62337,Timothy Castagne,1995-12-05,556,,,27,
42,18378,3282,Danny Ward,1993-06-22,515,,,12,
42,18378,28575743,Kasey McAteer ,2001-11-22,462,,,49,
42,18378,432912,Boubakary Soumaré,1999-02-27,17,,,42,
42,18378,169,Kasper Schmeichel,1986-11-05,320,,,1,
42,18378,174,Marc Albrighton,1989-11-18,462,,,11,
42,18378,4679,Nampalys Mendy,1992-06-23,200,,,24,
42,18378,540613,Kiernan Dewsbury-Hall,1998-09-06,462,,,22,
42,18378,32574,Çağlar Söyüncü,1996-05-23,404,,,4,
42,18378,55485,Patson Daka,1998-10-09,2568,,,29,
42,18378,6838,James Maddison,1996-11-23,462,,,10,
42,18378,6518,Hamza Dewan Choudhury,1997-10-01,462,,,20,
42,18378,31129,Jannik Vestergaard,1992-08-03,320,,,23,
42,18378,1488,Kelechi Iheanacho,1996-10-03,716,,,14,
42,18378,62342,Youri Tielemans,1997-05-07,556,,,8,
42,18378,5321,Ademola Lookman,1997-10-20,716,,,37,
42,18378,5319,Wilfred Ndidi,1996-12-16,716,,,25,
42,18378,1396,Ayoze Pérez,1993-07-29,32,,,17,
42,18378,96838,Ricardo Pereira,1993-10-06,20,,,21,
42,18378,10309700,Luke Jonathan Thomas,2001-06-10,462,,,33,
42,18378,12514,James Justin,1998-02-23,462,,,2,
42,18378,1182,Jamie Vardy,1987-01-11,462,,,9,
51,18378,9278,Remi Matthews,1994-02-10,462,,,19,
51,18378,96792,Odsonne Édouard,1998-01-16,17,,,22,
51,18378,37391497,Rob Street,2001-09-26,462,,,46,
51,18378,21763134,Scott Banks,2001-09-26,1161,,,40,
51,18378,37354790,Tayo Adaramola,2003-11-14,455,,,45,
51,18378,3188072,Nathan Ferguson,2000-10-06,462,,,36,
51,18378,1494208,Reece Hannam,2000-09-11,462,,,43,
51,18378,729,Martin Kelly,1990-04-27,462,,,34,
51,18378,25399,Jaïro Riedewald,1996-09-09,38,,,44,
51,18378,34455847,Jesurun Rak-Sakyi,2002-10-05,468,,,49,
51,18378,853,Christian Benteke,1990-12-03,556,,,20,
51,18378,692,Joel Ward,1989-10-29,462,,,2,
51,18378,1202,Nathaniel Clyne,1991-04-05,462,,,17,
51,18378,2332,Will Hughes,1995-04-17,462,,,12,
51,18378,4536500,Marc Guéhi,2000-07-13,462,,,6,
51,18378,7643,Eberechi Eze,1998-06-29,462,,,10,
51,18378,1038,Jordan Ayew,1991-09-11,468,,,9,
51,18378,1494245,Conor Gallagher,2000-02-06,462,,,23,
51,18378,24799984,Michael Olise,2001-12-12,17,,,7,
51,18378,1243,Cheikhou Kouyaté,1989-12-21,200,,,8,
51,18378,4598710,Tyrick Mitchell,1999-09-01,462,,,3,
51,18378,927,Jeffrey Schlupp,1992-12-23,468,,,15,
51,18378,1108,Wilfried Zaha,1992-11-10,23,,,11,
51,18378,1462,Jack Butland,1993-03-10,462,,,1,
51,18378,25284,Joachim Andersen,1996-05-31,320,,,16,
51,18378,185723,Vicente Guaita,1987-01-10,32,,,13,
51,18378,5371,Luka Milivojevic,1991-04-07,296,,,4,
51,18378,336,James Tomkins,1989-03-29,462,,,5,
51,18378,96950,Jean-Philippe Mateta ,1997-06-28,17,,,14,
51,18378,498,James McArthur,1987-10-07,1161,,,18,
65,18378,1440,Willy Caballero,1981-09-28,44,,,13,
65,18378,581052,Will Smallbone ,2000-02-21,455,,,20,
65,18378,37561126,Tyler Dibling,2006-02-17,462,,,45,
65,18378,37436347,Thierry Small,2004-08-01,462,,,16,
65,18378,24799914,Dynel Simeu,2002-03-13,462,,,38,
65,18378,37298058,Kegs Chauke,2003-01-08,462,,,48,
65,18378,5299,Harry Lewis,1997-12-20,462,,,41,
65,18378,1393,Jack Stephens ,1994-01-27,462,,,5,
65,18378,722,Shane Long,1987-01-22,455,,,7,
65,18378,1131,Alex Simon McCarthy,1989-12-03,462,,,1,
65,18378,53,Theo Walcott,1989-03-16,462,,,32,
65,18378,979,Nathan Redmond,1994-03-06,462,,,11,
65,18378,537558,Ibrahima Diallo,1999-03-08,17,,,27,
65,18378,11347016,Mohammed Salisu ,1999-04-17,468,,,22,
65,18378,155138,Jan Bednarek,1996-04-12,2,,,35,
65,18378,150759,Mohamed Elyounoussi,1994-08-04,1578,,,24,
65,18378,1494225,Nathan Tella,1999-07-05,716,,,23,
65,18378,219534,Lyanco,1997-02-01,5,,,4,
65,18378,1505,Oriol Romeu,1991-09-24,32,,,6,
65,18378,1155,James Ward-Prowse,1994-11-01,462,,,8,
65,18378,978883,Moussa Djenepo,1998-06-15,26,,,19,
65,18378,2951,Adam Armstrong,1997-02-10,462,,,9,
65,18378,4659,Kyle Walker-Peters,1997-04-13,462,,,2,
65,18378,23697427,Armando Broja,2001-09-10,2454,,,18,
65,18378,1241,Fraser Forster,1988-03-17,462,,,44,
65,18378,3596,Ché Adams,1996-07-13,1161,,,10,
65,18378,581043,Yan Valery,1999-02-22,1439,,,43,
65,18378,24799911,Tino Livramento ,2002-11-12,462,,,21,
65,18378,337432,Romain Perraud,1997-09-22,17,,,15,
65,18378,172357,Stuart Armstrong,1992-03-30,1161,,,17,
71,18378,455794,Kristoffer Klaesson,2000-11-27,1578,,,13,
71,18378,28912783,Lewis Bate,2002-10-28,462,,,26,
71,18378,37391230,N. Kenneh,2003-01-10,719,,,54,
71,18378,37581741,Archie Gray,2006-03-12,462,,,63,
71,18378,21412958,Cody Drameh,2001-12-08,462,,,37,
71,18378,25063,Mateusz Klich,1990-06-13,2,,,43,
71,18378,793,Rodrigo,1991-03-06,32,,,19,
71,18378,5149,Daniel James,1997-11-10,515,,,20,
71,18378,2818,Stuart Dallas,1991-04-19,491,,,15,
71,18378,20694519,Jamie Shackleton ,1999-10-08,462,,,46,
71,18378,37336214,Leo Hjelde,2003-08-26,1578,,,33,
71,18378,28176046,Stuart McKinstry,2002-09-18,1161,,,39,
71,18378,22536416,Liam McCarron,2001-03-07,1161,,,45,
71,18378,6563,Hélder Costa,1994-01-12,911,,,17,
71,18378,37391231,Jack Jenkins,2001-11-26,462,,,47,
71,18378,37395398,Kris Moore,2003-11-13,462,,,52,
71,18378,1175,Patrick Bamford,1993-09-05,462,,,9,
71,18378,1716,Adam Forshaw,1991-10-08,462,,,4,
71,18378,3354,Kalvin Phillips ,1995-12-02,462,,,23,
71,18378,9939203,Crysencio Summerville,2001-10-30,38,,,38,
71,18378,432881,Illan Meslier,2000-03-02,17,,,1,
71,18378,21762788,Joe Gelhardt,2002-05-04,462,,,30,
71,18378,28912710,Sam Greenwood,2002-01-26,462,,,42,
71,18378,449187,Junior Firpo,1996-08-22,32,,,3,
71,18378,37391226,Charlie Cresswell,2002-08-17,462,,,35,
71,18378,4527,Tyler Roberts,1999-01-12,515,,,11,
71,18378,35364,Robin Koch ,1996-07-17,11,,,5,
71,18378,186595,Diego Llorente,1993-08-16,32,,,14,
71,18378,29478,Pascal Struijk,1999-08-11,556,,,21,
71,18378,262274,Jack Harrison,1996-11-20,462,,,22,
71,18378,3158,Luke Ayling,1991-08-25,462,,,2,
71,18378,160258,Raphinha,1996-12-14,5,,,10,
71,18378,3344,Liam Cooper,1991-08-30,1161,,,6,
78,18378,37259188,Odeluga Offiah,2002-10-26,462,,,,
78,18378,28575695,Marc Leonard ,2001-12-19,1161,,,42,
78,18378,581004,Tom McGill,2000-03-25,1004,,,38,
78,18378,14069,Steven Alzate ,1998-09-08,353,,,17,
78,18378,37539430,Abdallah Sima,2001-06-17,200,,,,
78,18378,2823511,Taylor Richards,2000-12-04,462,,,30,
78,18378,5283785,Michal Karbownik,2001-03-13,2,,,6,
78,18378,186805,Florin Andone,1993-04-11,155,,,21,
78,18378,29470,Kjell Scherpen,2000-01-23,38,,,16,
78,18378,21802858,Haydon Roberts,2002-05-10,462,,,28,
78,18378,199544,Andi Zeqiri,1999-06-22,62,,,19,
78,18378,24655,Joël Veltman,1992-01-15,38,,,34,
78,18378,24803,Jürgen Locadia,1993-11-07,7437,,,27,
78,18378,35280539,Jeremy Sarmiento,2002-06-16,459,,,60,
78,18378,37253456,Evan Ferguson,2004-10-19,455,,,28,
78,18378,2683,Jason Steele,1990-08-18,462,,,23,
78,18378,37261500,Moisés Caicedo ,2001-11-02,459,,,25,
78,18378,28912814,Ed Turns,2002-10-18,515,,,55,
78,18378,24818803,Jan Paul van Hecke,2000-06-08,38,,,29,
78,18378,581000,Robert Sánchez,1997-11-18,32,,,1,
78,18378,2423,Solly March,1994-07-20,462,,,20,
78,18378,6504,Adam Webster,1995-01-04,462,,,4,
78,18378,2815,Dan Burn ,1992-05-09,462,,,33,
78,18378,61780,Leandro Trossard,1994-12-04,556,,,11,
78,18378,2461,Lewis Dunk ,1991-11-21,462,,,5,
78,18378,95776,Neal Maupay,1996-08-14,17,,,9,
78,18378,216612,Alexis Mac Allister,1998-12-24,44,,,10,
78,18378,448448,Marc Cucurella,1998-07-22,32,,,3,
78,18378,1444078,Jakub Moder ,1999-04-07,2,,,15,
78,18378,1854914,Enock Mwepu,1998-01-01,2568,,,12,
78,18378,9308200,Tariq Lamptey,2000-09-30,468,,,2,
78,18378,1149,Adam Lallana,1988-05-10,462,,,14,
78,18378,31504,Pascal Groß,1991-06-15,11,,,13,
78,18378,96870,Yves Bissouma ,1996-08-30,26,,,8,
78,18378,1415,Shane Duffy,1992-01-01,455,,,24,
78,18378,627,Danny Welbeck,1990-11-26,462,,,18,
78,18378,1494381,Aaron Connolly,2000-01-28,455,,,7,
236,18378,6022,Tariqe Fosu-Henry,1995-11-05,468,,,24,
236,18378,3130,David Raya,1995-09-15,32,,,1,
236,18378,37536520,Fin Stevens,2003-04-10,515,,,36,
236,18378,32408,Jonas Lössl,1989-02-01,320,,,49,
236,18378,37316172,Nathan Young-Coombes,2003-01-15,462,,,43,
236,18378,62546,J. Jeanvier,1992-03-31,1703,,,23,
236,18378,527450,Patrik Gunnarsson,2000-11-15,1796,,,13,
236,18378,28912806,Max Haygarth,2002-01-21,462,,,37,
236,18378,3877087,Halil Dervişoğlu,1999-12-08,404,,,21,
236,18378,8403173,Paris Maghoma,2001-05-08,462,,,33,
236,18378,84426,Mathias Jensen,1996-01-01,320,,,8,
236,18378,12790114,Mads Bidstrup ,2001-02-25,320,,,28,
236,18378,16496779,Dominic Thompson,2000-07-26,462,,,2,
236,18378,37391634,Matthew Cox,2003-05-02,462,,,41,
236,18378,31238191,Myles Peart-Harris,2002-09-18,462,,,25,
236,18378,537108,Frank Onyeka,1998-01-01,716,,,15,
236,18378,15665,Ethan Pinnock,1993-05-29,1640,,,5,
236,18378,187068,Álvaro Ferllo,1998-04-13,32,,,40,
236,18378,4341,Ivan Toney,1996-03-16,462,,,17,
236,18378,9274,Charlie Goode,1995-08-03,462,,,4,
236,18378,456067,Mads Roerslev ,1999-06-24,320,,,30,
236,18378,581113,Marcus Forss,1999-06-18,1233,,,9,
236,18378,2510251,Shandon Baptiste ,1998-04-08,26833,,,26,
236,18378,36633,Vitaly Janelt,1998-05-10,11,,,27,
236,18378,31609,Christian Nørgaard,1994-03-10,320,,,6,
236,18378,191286,Saman Ghoddos,1993-09-06,488,,,14,
236,18378,84594,Mads Bech Sørensen,1999-01-07,320,,,29,
236,18378,96928,Yoane Wissa,1996-09-03,1320,,,11,
236,18378,529689,Bryan Mbeumo,1999-08-07,593,,,19,
236,18378,6970,Pontus Jansson,1991-02-13,47,,,18,
236,18378,5007,Sergi Canós ,1997-02-02,32,,,7,
236,18378,7993,Rico Henry,1997-07-08,462,,,3,
236,18378,24613,Zanka,1990-04-23,320,,,22,
236,18378,992,Christian Eriksen,1992-02-14,320,,,21,
236,18378,151418,Kristoffer Ajer,1998-04-17,1578,,,20,
236,18378,339093,Josh Dasilva,1998-10-23,462,,,10,
2,19793,11675727,Sam Barnes,2001-03-10,462,,,26,
2,19793,537434,Aynsley Pears ,1998-04-23,462,,,13,
2,19793,37568128,Aarón Quirós,2001-10-31,44,,,26,
2,19793,21412317,Clinton Mola,2001-03-15,462,,,15,
2,19793,23697536,Dilan Markanday,2001-08-20,462,,,18,
2,19793,37316836,Tyler Morton,2002-10-31,462,,,6,
2,19793,13489,Dominic Hyam,1995-12-20,1161,,,5,
2,19793,34455259,Harry Leonard,2003-09-12,462,,,38,
2,19793,37350704,Adam Wharton,2004-02-06,462,,,36,
2,19793,37582649,Ashley Phillips,2005-06-26,462,,,33,
2,19793,8018,Callum Brittain,1998-03-12,462,,,2,
2,19793,37554912,Ashley Famiwuya,2005-06-26,462,,,33,
2,19793,1481493,Daniel Butterworth,1999-09-14,462,,,,
2,19793,123690,James Brown,1998-06-04,455,,,,
2,19793,4592212,Jack Vale,2001-03-03,515,,,29,
2,19793,3533827,Joe Hilton,1999-10-11,462,,,34,
2,19793,2996,Tayo Edun,1998-05-14,462,,,7,
2,19793,28575641,Jake Garrett,2003-03-10,462,,,30,
2,19793,4246,Sam Gallagher,1995-09-15,462,,,9,
2,19793,61107,Thomas Kaminski,1992-10-23,556,,,1,
2,19793,37391524,Tyrhys Dolan,2001-12-28,462,,,10,
2,19793,8485,Bradley Dack,1993-12-31,462,,,23,
2,19793,2823545,Hayden Carter,1999-12-17,462,,,17,
2,19793,2823546,John Buckley,1999-10-13,462,,,21,
2,19793,8740,Sammie Szmodics,1995-09-24,462,,,8,
2,19793,7577,George Hirst,1999-02-15,1161,,,14,
2,19793,6613,Scott Wharton ,1997-10-03,462,,,16,
2,19793,8042,Ryan Hedges,1995-07-08,515,,,19,
2,19793,7835,Ben Brereton Díaz,1999-04-18,80,,,22,
2,19793,7636,Lewis Travis ,1997-10-16,462,,,27,
2,19793,581160,Joe Rankin-Costello,1999-07-26,462,,,11,
2,19793,652,Yuki Takahashi,1990-11-07,32,,,4,
2,19793,18226,Sorba Thomas,1999-01-25,515,,,14,
2,19793,14119,Harry Pickering,1998-12-29,462,,,3,
3,19793,37583548,Tommy Watson,2006-04-08,462,,,49,
3,19793,37539334,Zak Johnson,2004-07-30,462,,,41,
3,19793,10310765,Jack Clarke,2000-11-23,462,,,20,
3,19793,24816771,Trai Hume,2002-03-18,491,,,32,
3,19793,12193,Alex Bass,1998-04-01,462,,,12,
3,19793,1494239,Jack Diamond,2000-01-12,462,,,23,
3,19793,37316848,Ellis Taylor,2003-04-14,462,,,18,
3,19793,32819182,Isaac Lihadji,2002-04-10,17,,,22,
3,19793,28575640,Joe Anderson,2001-02-06,462,,,45,
3,19793,37598297,Chris Rigg,2007-06-18,462,,,31,
3,19793,37391787,Niall Huggins,2000-12-18,515,,,2,
3,19793,2299,Josef Dvornik,1990-07-30,491,,,4,
3,19793,4969692,Anthony Patterson,2000-05-10,462,,,1,
3,19793,27453989,Pierre Ekwah,2002-01-15,17,,,39,
3,19793,37578963,Jewison Bennette,2004-06-15,1739,,,19,
3,19793,37342615,Abdoullah Ba,2003-07-31,17,,,17,
3,19793,12433171,Dan Ballard,1999-09-22,491,,,5,
3,19793,2829,Alex Pritchard,1993-05-03,462,,,21,
3,19793,175530,Ross Stewart,1996-07-11,1161,,,14,
3,19793,37337035,Edouard Michut,2003-03-04,17,,,25,
3,19793,12392836,Leon Dajaku,2001-04-12,11,,,7,
3,19793,1778,Lynden Gooch,1995-12-24,3483,,,11,
3,19793,7839,Carl Winchester,1993-04-12,491,,,,
3,19793,5271,Elliot Embleton,1999-04-02,462,,,8,
3,19793,15076357,Ellis Simms,2001-01-05,462,,,9,
3,19793,4277,Patrick Roberts,1997-02-05,462,,,10,
3,19793,2875848,Aji Alese,2001-01-17,462,,,42,
3,19793,5999,Luke O'Nien,1994-11-21,462,,,13,
3,19793,4014,Danny Batth,1990-09-21,462,,,6,
3,19793,3469,Bailey Wright,1992-07-28,98,,,26,
3,19793,37322757,Jay Matete,2001-02-11,462,,,27,
3,19793,37317015,Amad Diallo ,2002-07-11,23,,,16,
3,19793,23680764,Dan Neil,2001-12-13,462,,,24,
3,19793,21762788,Joe Gelhardt,2002-05-04,462,,,28,
3,19793,23697537,Dennis Cirkin,2002-04-06,462,,,3,
7,19793,37259167,Pharrell Willis,2003-02-23,462,,,44,
7,19793,28912768,Aaron Ramsey,2003-01-21,462,,,11,
7,19793,37598393,Bryant Bilongo,2001-09-15,462,,,32,
7,19793,37298049,Jack Stott,2003-12-06,462,,,46,
7,19793,28912797,Cain Sykes,2002-08-14,462,,,47,
7,19793,6591,Darnell Fisher,1994-04-04,462,,,22,
7,19793,3058,Matt Crooks,1994-01-20,462,,,25,
7,19793,3134,Grant Hall,1991-10-29,462,,,,
7,19793,2873,Matt Clarke,1996-09-22,462,,,5,
7,19793,13999,Marc Bola,1997-12-09,462,,,27,
7,19793,8637,Liam Roberts,1994-11-21,462,,,23,
7,19793,2475,Massimo Luongo,1992-09-25,98,,,24,
7,19793,6972189,Caolan Boyd-Munce,2000-01-26,491,,,20,
7,19793,14338473,Ryan Giles,2000-01-26,462,,,3,
7,19793,3285,Alex Mowatt,1995-02-13,462,,,4,
7,19793,37402350,Rodrigo Muniz,2001-05-04,5,,,9,
7,19793,5317,Dael Fry,1997-08-30,462,,,6,
7,19793,1478,Luke Daniels,1988-01-05,462,,,28,
7,19793,537423,Hayden Coulson,1998-06-17,462,,,,
7,19793,4893656,Stephen Walker,2000-10-11,462,,,,
7,19793,1799,Duncan Watmore,1994-03-08,462,,,18,
7,19793,37266072,Matthew Hoppe,2001-03-13,3483,,,13,
7,19793,28932254,Josh Coburn,2002-12-06,462,,,19,
7,19793,3101,Tommy Smith,1992-04-14,462,,,14,
7,19793,1913,Chuba Akpom,1995-10-09,462,,,29,
7,19793,6241,Joe Lumley,1995-02-15,462,,,,
7,19793,4583,Dan Barlaser,1997-01-18,462,,,7,
7,19793,37561148,Sonny Finch,2005-08-05,462,,,31,
7,19793,919,Jonathan Howson,1988-05-21,462,,,16,
7,19793,28912777,Cameron Archer,2001-12-09,462,,,10,
7,19793,37336543,Isaiah Jones,1999-06-26,462,,,2,
7,19793,3111,Darragh Lenihan,1994-03-16,455,,,26,
7,19793,749527,Riley McGree,1998-11-02,98,,,8,
7,19793,1001,Paddy McNair,1995-04-27,491,,,17,
7,19793,25188269,Hayden Hackney ,2002-06-26,462,,,30,
7,19793,47285,Zack Steffen ,1995-04-02,3483,,,1,
7,19793,581113,Marcus Forss,1999-06-18,1233,,,21,
7,19793,10780,Anfernee Dijksteel,1996-10-27,2088,,,15,
10,19793,28913058,Tom Fellows,2003-07-25,462,,,31,
10,19793,3530,Callum Robinson,1995-02-02,455,,,7,
10,19793,33991727,Jovan Malcolm,2002-12-10,462,,,32,
10,19793,37316880,Rico Richards,2003-09-27,462,,,37,
10,19793,37436322,Reyes Cleary,2004-04-13,462,,,28,
10,19793,37298116,Jamie Andrews,2002-09-19,462,,,39,
10,19793,174,Marc Albrighton,1989-11-18,462,,,22,
10,19793,3285,Alex Mowatt,1995-02-13,462,,,27,
10,19793,3066,Semi Ajayi,1993-11-09,716,,,6,
10,19793,37298119,Ethan Ingram,2003-04-16,462,,,34,
10,19793,37367953,Mo Faal,2003-02-11,2507,,,40,
10,19793,729,Martin Kelly,1990-04-27,462,,,16,
10,19793,37286743,Zac Ashworth,2002-09-06,515,,,26,
10,19793,2823,David Button,1989-02-27,462,,,1,
10,19793,2225,Nathaniel Chalobah,1994-12-12,462,,,25,
10,19793,22528535,Josh Griffiths,2001-09-05,462,,,33,
10,19793,37407455,Daryl Enyinnaya Dike,2000-06-03,3483,,,12,
10,19793,3017,Kenneth Zohore,1994-01-31,320,,,9,
10,19793,6073,Karlan Grant,1997-09-18,462,,,18,
10,19793,20216,Cédric Kipré,1996-12-09,23,,,,
10,19793,172630,Tom Rogić,1992-12-16,98,,,7,
10,19793,795,Matt Phillips,1991-03-13,1161,,,10,
10,19793,9726,Kean Bryan,1996-11-01,462,,,23,
10,19793,812,Erik Pieters,1988-08-07,38,,,15,
10,19793,897,Kyle Bartley,1991-05-22,462,,,5,
10,19793,201060,Okay Yokuşlu  ,1994-03-09,404,,,35,
10,19793,6182,Jed Wallace,1994-03-26,462,,,17,
10,19793,9543,Brandon Thomas-Asante,1998-12-29,468,,,21,
10,19793,581003,Jayson Molumby,1999-08-06,455,,,14,
10,19793,5801,Conor Townsend,1993-03-04,462,,,3,
10,19793,25217725,Taylor Gardner-Hickman,2001-12-30,462,,,29,
10,19793,581094,Dara O'Shea ,1999-03-04,455,,,4,
10,19793,337588,Grady Diangana,1998-04-19,462,,,11,
10,19793,4507,Darnell Furlong,1995-10-31,462,,,2,
10,19793,2992,John Swift,1995-06-23,462,,,19,
10,19793,4633,Alex Palmer,1996-08-10,462,,,24,
10,19793,2663,Adam Reach,1993-02-03,462,,,20,
10,19793,1083,Jake Livermore,1989-11-14,462,,,8,
12,19793,37581777,Jobe Bellingham,2005-09-23,462,,,27,
12,19793,25930791,Ryan Stirk,2000-09-25,515,,,47,
12,19793,37259119,Zach Jeacock,2001-05-08,462,,,38,
12,19793,37675650,Trevan Sanusi,2007-04-25,462,,,50,
12,19793,6505,M. Roberts,1990-07-26,462,,,4,
12,19793,45565,Przemyslaw Placheta,1998-03-23,2,,,17,
12,19793,262280,Auston Trusty,1998-08-12,3483,,,5,
12,19793,8047,Krystian Bielik,1998-01-04,2,,,31,
12,19793,923,Neil Etheridge,1990-02-07,50809,,,1,
12,19793,1722,George Friend,1987-10-19,462,,,3,
12,19793,6009,Jordan Graham,1995-03-05,462,,,11,
12,19793,6389,Sam Cosgrove,1996-12-02,462,,,16,
12,19793,37559772,Jordan James,2004-07-02,515,,,19,
12,19793,37391407,Tate Campbell,2002-06-27,462,,,30,
12,19793,3317,Ryan Woods,1993-12-13,462,,,6,
12,19793,890,John Ruddy,1986-10-24,462,,,21,
12,19793,37391415,Alfie Chang,2002-09-04,462,,,42,
12,19793,1222,Gary Gardner,1992-06-29,462,,,20,
12,19793,37391404,Nico Gordon,2002-04-28,14837,,,25,
12,19793,1250,Troy Deeney,1988-06-29,462,,,8,
12,19793,1494341,Dion Sanderson,1999-12-15,462,,,28,
12,19793,1494236,Tahith Chong,1999-12-04,7437,,,18,
12,19793,37559770,George Hall,2004-07-15,462,,,35,
12,19793,1680,Jonathan Leko,1999-04-24,462,,,14,
12,19793,1447,Lukas Jutkiewicz,1989-03-28,462,,,10,
12,19793,37316858,Hannibal,2003-01-21,1439,,,6,
12,19793,6321,Maxime Colin,1991-11-15,17,,,2,
12,19793,25515,Juninho Bacuna,1997-08-07,7437,,,7,
12,19793,3325,Scott Hogan,1992-04-13,455,,,9,
12,19793,21437417,Reda Khadra,2001-07-04,11,,,17,
12,19793,1466,Kevin Long,1990-08-18,455,,,26,
12,19793,2824,Harlee Dean,1991-07-26,462,,,12,
12,19793,4969690,Emmanuel Longelo,2000-12-27,462,,,23,
12,19793,37391408,Josh Williams,2002-11-24,462,,,48,
17,19793,173154,Jason Kerr,1997-02-06,1161,,,15,
17,19793,6642495,Abdi Sharif,2001-01-01,462,,,48,
17,19793,37391572,Sam Tickle,2002-03-31,462,,,40,
17,19793,37545845,Harry McHugh,2002-10-14,462,,,42,
17,19793,37559778,Tom Watson,2004-08-27,462,,,51,
17,19793,37648744,Youssef Chentouf,2004-02-10,462,,,45,
17,19793,37559787,Chris Sze,2003-12-09,462,,,43,
17,19793,37392975,Baba Adeeko,2003-04-03,462,,,44,
17,19793,6470,Ryan Nyambe,1997-12-04,5790,,,2,
17,19793,37391576,Thelo Aasgaard,2002-05-02,1578,,,30,
17,19793,518751,Callum Lang,1998-09-08,462,,,19,
17,19793,4323,Will Keane,1993-01-11,462,,,10,
17,19793,21414391,Omar Rekik,2001-12-20,1439,,,24,
17,19793,581062,Nathan Broadhead,1998-04-05,515,,,20,
17,19793,10815,Charlie Wyke,1992-12-06,462,,,9,
17,19793,15729,Curtis Tilt,1991-08-04,1640,,,16,
17,19793,28912729,Miguel Azeez,2002-09-20,462,,,20,
17,19793,37392977,Charlie Hughes,2003-10-16,462,,,32,
17,19793,729,Martin Kelly,1990-04-27,462,,,34,
17,19793,1494214,Anthony Scully,1999-04-19,455,,,14,
17,19793,1056,Steven Caulker,1991-12-29,5724,,,29,
17,19793,10310764,Tom Pearce,1998-04-12,462,,,3,
17,19793,3175,Max Power,1993-07-27,462,,,8,
17,19793,2902,Jordan Cousins,1994-03-06,1640,,,6,
17,19793,3466,Jamie Jones,1989-02-18,462,,,1,
17,19793,13073,Jordan Jones,1994-10-24,491,,,,
17,19793,37332636,Luke Robinson,2001-11-20,1161,,,,
17,19793,1640,Tendayi Darikwa ,1991-12-13,2325,,,27,
17,19793,6003,Tom Naylor,1991-06-28,462,,,4,
17,19793,822,James McClean,1989-04-22,455,,,11,
17,19793,7608,Stephen Humphrys,1997-09-15,462,,,39,
17,19793,37356515,Scott Smith,2001-02-07,515,,,36,
17,19793,11889,Jack Whatmough,1996-08-19,462,,,5,
17,19793,8748,Gwion Edwards,1993-03-01,515,,,7,
17,19793,37255850,Rarmani Edmonds-Green,1999-01-14,462,,,25,
17,19793,2515,Joe Bennett,1990-03-28,462,,,21,
17,19793,121792,Jamie McGrath,1996-09-30,455,,,17,
17,19793,883,Ben Amos,1990-04-10,462,,,12,
17,19793,172575,Graeme Shinnie ,1991-08-04,1161,,,18,
17,19793,524852,Christ Tiéhi,1998-06-16,23,,,22,
17,19793,4701,Ashley Fletcher,1995-10-02,462,,,23,
17,19793,4827,Josh Magennis,1990-08-15,491,,,28,
17,19793,141099,Danel Sinani,1997-04-05,3126,,,25,
21,19793,37391641,Daniel Jebbison,2003-08-13,1004,,,36,
21,19793,37610429,Sai Sachdev,2005-03-09,462,,,39,
21,19793,37391640,Andre Brooks,2003-08-20,462,,,35,
21,19793,37668291,Jili Buyabu,2003-08-09,462,,,38,
21,19793,3230,Ben Osborn,1994-08-05,462,,,23,
21,19793,5858,John Fleck,1991-08-24,1161,,,4,
21,19793,4746,Oli McBurnie,1996-06-04,1161,,,9,
21,19793,4220,Enda Stevens,1990-07-09,455,,,3,
21,19793,2321,Oliver Norwood ,1991-04-12,491,,,16,
21,19793,23661272,Iliman Ndiaye,2000-03-06,200,,,29,
21,19793,7714340,Rhys Norrington-Davies,1999-04-22,515,,,33,
21,19793,30468674,Ismaila Coulibaly,2000-12-25,26,,,17,
21,19793,16827154,Marcus Dewhurst,2001-03-20,462,,,21,
21,19793,37559762,Oliver Arblaster,2004-01-08,462,,,30,
21,19793,37391626,Kyron Gordon,2002-05-24,462,,,34,
21,19793,455354,Rhian Brewster ,2000-04-01,462,,,7,
21,19793,37559763,Louie Marsh,2004-07-02,462,,,41,
21,19793,360,Ciaran Clark,1989-09-26,455,,,26,
21,19793,1384,Patrick McCarthy,1986-02-05,462,,,10,
21,19793,37559767,William Osula,2003-08-04,320,,,32,
21,19793,3604,George Baldock,1993-03-09,462,,,2,
21,19793,5953,Jack O'Connell,1994-03-29,462,,,5,
21,19793,20372,Jake Eastwood,1996-10-03,462,,,,
21,19793,5699,Adam Davies,1992-07-17,515,,,1,
21,19793,7118,Anel Ahmedhodzic ,1999-03-26,507,,,15,
21,19793,3478,Wes Foderingham ,1991-01-14,462,,,18,
21,19793,37392952,J. Amissah,2001-08-02,468,,,37,
21,19793,506,Chris Basham,1988-07-20,462,,,6,
21,19793,21437417,Reda Khadra,2001-07-04,11,,,11,
21,19793,9605714,Tommy Doyle,2001-10-17,462,,,22,
21,19793,3305,John Egan,1992-10-20,455,,,12,
21,19793,64193,Sander Berge,1998-02-14,1578,,,8,
21,19793,1022,Jack Robinson,1993-09-01,462,,,19,
21,19793,581158,Jayden Bogle,2000-07-27,462,,,20,
21,19793,3248,Max Lowe,1997-05-11,462,,,13,
21,19793,28575676,James McAtee,2002-10-18,462,,,28,
22,19793,3509963,Brandon Fleming,1999-12-03,462,,,21,
22,19793,6572,Lewie Coyle ,1995-10-15,462,,,2,
22,19793,37606903,Jevon Mills,2003-09-27,462,,,41,
22,19793,237980,Óscar Estupiñán,1996-12-29,353,,,19,
22,19793,96518,Jean Michaël Seri,1991-07-19,23,,,24,
22,19793,37391242,Harry Wood,2002-08-02,462,,,46,
22,19793,24081638,David Robson,2002-01-22,515,,,37,
22,19793,1397,Karl Darlow,1990-10-08,515,,,12,
22,19793,33186828,Xavier Simons,2003-02-20,462,,,35,
22,19793,37391224,Will Jarvis,2002-12-17,462,,,36,
22,19793,62712,Benjamin Tetteh,1997-07-10,468,,,30,
22,19793,37255841,Jacob Greaves,2000-09-12,462,,,4,
22,19793,2306,Cyrus Christie,1992-09-30,455,,,33,
22,19793,172920,Greg Docherty ,1996-09-10,1161,,,8,
22,19793,108293,Dimitrios Pelkas,1993-10-26,125,,,20,
22,19793,201172,Ozan Tufan,1995-03-23,404,,,7,
22,19793,31238169,Thimothée Lo-Tutala,2003-02-13,17,,,32,
22,19793,3502645,Ryan Longman,2000-11-06,462,,,16,
22,19793,5641079,Allahyar Sayyadmanesh,2001-06-29,488,,,9,
22,19793,1494381,Aaron Connolly,2000-01-28,455,,,44,
22,19793,37608984,Alfie Taylor,2004-02-22,462,,,45,
22,19793,203269,Doğukan Sinik,1999-01-21,404,,,11,
22,19793,37255842,Matty Jacob,2001-06-03,462,,,29,
22,19793,7688261,Sean McLoughlin,1996-11-13,455,,,17,
22,19793,9087,Andy Cannon,1996-03-14,462,,,14,
22,19793,7593,Mallik Wilks,1998-12-15,462,,,20,
22,19793,10967318,Randell Williams,1996-12-30,462,,,23,
22,19793,581045,Alfie Jones,1997-10-07,1004,,,5,
22,19793,37391253,Harvey Cartwright,2002-05-09,462,,,,
22,19793,37255843,Billy Chadwick,2000-01-19,462,,,,
22,19793,37326106,Harvey Vale,2003-09-11,462,,,34,
22,19793,3317,Ryan Woods,1993-12-13,462,,,15,
22,19793,18523,Nathan Baxter,1998-11-08,462,,,13,
22,19793,159997,Tobias Figueiredo,1994-02-02,20,,,6,
22,19793,3320,Callum Elder,1995-01-27,98,,,3,
22,19793,37402212,Callum Jones ,2001-04-05,515,,,28,
22,19793,6582,Matt Ingram,1993-12-18,462,,,1,
22,19793,37560952,Harry Vaughan,2004-04-06,462,,,14,
22,19793,21054041,Tyler Smith,1998-12-04,462,,,22,
22,19793,37282897,Vaughn Covil,2003-07-26,462,,,49,
22,19793,37298063,Malcolm Ebiowei,2003-09-04,462,,,10,
22,19793,455410,Regan Slater,1999-09-11,462,,,27,
22,19793,65651,Adama Traoré,1995-06-28,26,,,18,
22,19793,9939183,Paweł Żuk,2001-01-29,2,,,35,
23,19793,37592061,Basil Tuma,2005-04-24,462,,,48,
23,19793,37601250,Rashawn Scott,,462,,,40,
23,19793,28912840,Kian Leavy,2002-03-21,462,,,37,
23,19793,31238171,Michael Craig,2003-04-16,1161,,,36,
23,19793,28912833,Nelson Abbey,2003-08-28,462,,,32,
23,19793,21064640,J. Andrésson,2001-08-25,1796,,,25,
23,19793,37532822,Amadou Mbengue,2002-01-05,200,,,27,
23,19793,27067442,Coniah Boyce-Clarke,2003-03-01,1640,,,31,
23,19793,37445077,Cesare Casadei ,2003-01-10,251,,,20,
23,19793,1494301,Tom Holmes,2000-03-12,462,,,3,
23,19793,2361,Jeff Hendrick,1992-01-31,455,,,8,
23,19793,37583633,Jack Senga,2004-01-27,556,,,46,
23,19793,37537521,Kelvin Ehibhatiomhan,2003-04-23,462,,,35,
23,19793,37648165,John Clarke,2004-04-24,491,,,33,
23,19793,37332372,Jack Senga,,556,,,46,
23,19793,162226,Mamadou Loum,1996-12-30,200,,,22,
23,19793,1045,Tom Ince,1992-01-30,462,,,10,
23,19793,920,Liam Moore,1993-01-31,1640,,,26,
23,19793,37554474,Louie Holzman,2003-11-16,462,,,34,
23,19793,2889,Lucas João,1993-09-04,911,,,9,
23,19793,6241,Joe Lumley,1995-02-15,462,,,1,
23,19793,4828,Ovie Ejaria,1997-11-18,462,,,14,
23,19793,37546974,Mamadi Camará,2003-12-31,1707,,,28,
23,19793,28912846,Dejan Tetek,2002-09-24,296,,,16,
23,19793,8663,D. Bouzanis,1990-10-02,98,,,21,
23,19793,37634846,Eman Lidan,2005-10-06,507,,,33,
23,19793,580975,Luke Southwood,1997-12-06,462,,,,
23,19793,4267,Abdul Rahman Baba,1994-07-02,468,,,12,
23,19793,6271,Naby Sarr,1993-08-13,200,,,24,
23,19793,37391020,Tyrese Fornah,1999-09-11,5724,,,19,
23,19793,6507,Andy Yiadom,1991-12-02,468,,,17,
23,19793,2886,Sam Hutchinson,1989-08-03,462,,,4,
23,19793,621,Scott Dann,1987-02-14,462,,,6,
23,19793,24436866,Nesta Guinness-Walker,1999-09-14,462,,,18,
23,19793,37286735,Jahmari Clarke,2003-10-02,1640,,,33,
23,19793,26715260,Femi Azeez,2001-06-05,462,,,15,
23,19793,6551,Yakou Méïté,1996-02-11,23,,,11,
23,19793,30082746,Kelvin Abrefa,2003-12-09,468,,,30,
23,19793,746,Andy Carroll,1989-01-06,462,,,2,
23,19793,581141,Tom McIntyre,1998-11-06,1161,,,5,
23,19793,261,Junior Hoilett,1990-06-05,1004,,,23,
23,19793,722,Shane Long,1987-01-22,455,,,7,
25,19793,37550839,Shaq Forde,2004-05-05,462,,,47,
25,19793,37675781,Michael Adu-Poku,2005-09-22,462,,,49,
25,19793,37609363,J. Grieves,2004-12-05,462,,,53,
25,19793,6518,Hamza Dewan Choudhury,1997-10-01,462,,,4,
25,19793,28575708,James Morris,2001-11-23,462,,,42,
25,19793,37391197,Ryan Andrews,2004-08-26,462,,,57,
25,19793,5666544,Jeremy Ngakia,2000-09-07,462,,,2,
25,19793,540585,Maduka Okoye,1999-08-28,716,,,35,
25,19793,5246,Domingos Quina,1999-11-18,20,,,20,
25,19793,191301,Ken Sema,1993-09-30,47,,,12,
25,19793,21413571,Myles Roberts,2001-12-09,462,,,62,
25,19793,14011916,Vakoun Bayo,1997-01-10,23,,,19,
25,19793,205944,Emmanuel Dennis,1997-11-15,716,,,25,
25,19793,6201,Kortney Hause,1995-07-16,462,,,30,
25,19793,37582178,Ismaël Koné ,2002-06-16,1004,,,11,
25,19793,25160,William Troost-Ekong,1993-09-01,716,,,5,
25,19793,37566650,Adrian Blake,2005-07-15,462,,,50,
25,19793,37328008,Henrique Araújo,2002-01-19,20,,,21,
25,19793,4598725,Joseph Hungbo,2000-01-15,462,,,36,
25,19793,23739107,Mattie Pollock,2001-09-28,462,,,32,
25,19793,37609360,Tobi Adeyemo,2005-03-14,462,,,54,
25,19793,23278609,João Ferreira,2001-03-22,20,,,13,
25,19793,467937,Francisco Sierralta,1997-05-06,80,,,31,
25,19793,537,Craig Cathcart,1989-02-06,491,,,15,
25,19793,129812,Rey Manaj,1997-02-24,2454,,,9,
25,19793,2823509,Tom Dele-Bashiru,1999-09-17,716,,,24,
25,19793,4701,Ashley Fletcher,1995-10-02,462,,,,
25,19793,28931574,João Pedro,2001-09-26,5,,,10,
25,19793,9964067,Edo Kayembe,1998-06-03,1320,,,39,
25,19793,185677,Mario Gaspar,1990-11-24,32,,,3,
25,19793,37562458,Matheus Martins,2003-07-16,5,,,37,
25,19793,4904,Daniel Bachmann ,1994-07-09,143,,,1,
25,19793,999,Ben Hamer,1987-11-20,462,,,26,
25,19793,1272,Tom Cleverley,1989-08-12,462,,,8,
25,19793,97608,Hassane Kamara,1994-03-05,2507,,,14,
25,19793,37549877,Yáser Asprilla,2003-11-19,353,,,18,
25,19793,62927,Samuel Kalu,1997-08-26,716,,,28,
25,19793,9939183,Paweł Żuk,2001-01-29,2,,,50,
25,19793,871,Leandro Bacuna,1991-08-21,7437,,,25,
25,19793,4579,Keinan Davis,1998-02-13,462,,,7,
25,19793,3250,Britt Assombalonga,1992-12-06,1320,,,34,
25,19793,4765,Christian Kabasele,1991-02-24,556,,,27,
25,19793,96722,Ismaïla Sarr,1998-02-25,200,,,23,
25,19793,176702,Ryan Porteous,1999-03-25,1161,,,22,
25,19793,3876535,Imrân Louza,1999-05-01,1424,,,6,
25,19793,25088,Wesley Hoedt,1994-03-06,38,,,44,
25,19793,568,Dan Gosling,1990-02-01,462,,,16,
26,19793,28912717,Tom Sparrow,2002-12-06,515,,,39,
26,19793,7566,Matija Šarkić,1997-07-23,998,,,1,
26,19793,37391527,Jacob Holland-Wilkinson,2002-10-30,462,,,49,
26,19793,37536801,David Okagbue,2004-02-04,455,,,41,
26,19793,37536802,Emre Tezgel,2005-09-19,462,,,37,
26,19793,37582656,Matthew Baker,2003-02-06,515,,,44,
26,19793,37337216,Luke Badley-Morgan,2003-10-22,1640,,,43,
26,19793,6634,Ben Pearson,1995-01-04,462,,,22,
26,19793,581241,Tyrese Campbell,1999-12-28,462,,,10,
26,19793,13477,Ben Wilmot,1999-11-04,462,,,16,
26,19793,23269652,Ki-Jana Hoever,2002-01-18,38,,,17,
26,19793,581052,Will Smallbone ,2000-02-21,455,,,18,
26,19793,28912976,Liam Delap,2003-02-08,462,,,17,
26,19793,37259101,Gavin Kilkenny,2000-02-01,455,,,22,
26,19793,37614468,Nathan Lowe,2005-09-18,462,,,45,
26,19793,1571,Sam Clucas,1990-09-25,462,,,7,
26,19793,4121,Nick Powell,1994-03-23,462,,,25,
26,19793,37336534,Blondy Nna Noukeu,2001-05-31,593,,,40,
26,19793,4559,Bersant Celina,1996-09-09,122,,,23,
26,19793,37298071,Connor Taylor,2001-10-25,462,,,32,
26,19793,37600949,Ben Kershaw,2003-10-23,462,,,46,
26,19793,173121,Harry James Souttar,1998-10-22,98,,,5,
26,19793,2835,Jack Bonham,1993-09-14,455,,,13,
26,19793,174158,Jordan Thompson,1997-01-03,491,,,15,
26,19793,28912723,Lewis Macari,2002-02-08,462,,,52,
26,19793,7026563,Harry Clarke,2001-03-02,462,,,2,
26,19793,5353,Tom Edwards,1999-01-22,462,,,,
26,19793,2612,Frank Fielding,1988-04-04,462,,,34,
26,19793,6022,Tariqe Fosu-Henry,1995-11-05,468,,,24,
26,19793,22536416,Liam McCarron,2001-03-07,1161,,,,
26,19793,37538569,Gabriel Adebambo,2002-02-27,455,,,48,
26,19793,37436344,Kahrel Reddin,2004-01-13,462,,,47,
26,19793,7278,Jacob Brown,1998-04-10,1161,,,9,
26,19793,2905,Morgan Fox,1993-09-21,515,,,3,
26,19793,1179,Dwight Gayle,1989-10-17,462,,,11,
26,19793,537665,Dujon Sterling,1999-10-24,462,,,20,
26,19793,3155,Aden Flint,1989-07-11,462,,,4,
26,19793,32,Phil Jagielka,1982-08-17,462,,,6,
26,19793,10999,Josef Bursik,2000-07-12,462,,,1,
26,19793,4219,Lewis Baker,1995-04-25,462,,,8,
26,19793,28575672,D'Margio Cameron Wright-Phillips,2001-09-24,462,,,29,
26,19793,1596,Josh Tymon,1999-05-22,462,,,14,
26,19793,7987,Josh Laurent,1995-05-06,462,,,28,
26,19793,4391,Axel Tuanzebe,1997-11-14,1320,,,5,
27,19793,537362,Adam Phillips,1998-01-15,462,,,32,
27,19793,23278675,Taylor Harwood-Bellis,2002-01-30,462,,,5,
27,19793,1156,Jack Cork,1989-06-25,462,,,4,
27,19793,1466,Kevin Long,1990-08-18,455,,,28,
27,19793,23311159,Ian Maatsen,2002-03-10,38,,,29,
27,19793,3877087,Halil Dervişoğlu,1999-12-08,404,,,30,
27,19793,1448,Ashley Barnes,1989-10-30,462,,,10,
27,19793,37317389,Denis Franchi,2002-10-22,251,,,20,
27,19793,3861826,Jordan Beyer ,2000-05-19,11,,,36,
27,19793,62821,Samuel Bastien,1996-09-26,556,,,26,
27,19793,6656,Bailey Peacock-Farrell,1996-10-29,491,,,15,
27,19793,1152,Jay Rodríguez,1989-07-29,462,,,9,
27,19793,28575687,CJ Egan-Riley,2003-01-02,462,,,6,
27,19793,37365873,Owen Dodgson,2003-03-19,462,,,39,
27,19793,22515272,Dara Costelloe,2002-12-11,455,,,44,
27,19793,538038,Arijanet Murić,1998-11-07,122,,,49,
27,19793,3300,Charlie Taylor,1993-09-18,462,,,3,
27,19793,37551414,Charlie Casper,2005-04-04,462,,,40,
27,19793,30883147,Luke McNally ,1999-09-20,455,,,21,
27,19793,37518832,Bobby Thomas,2001-01-30,462,,,,
27,19793,12112,Will Norris,1993-08-12,462,,,,
27,19793,459480,Hjalmar Ekdal,1998-10-21,47,,,18,
27,19793,9674,Scott Twine,1999-07-14,462,,,11,
27,19793,5410,Connor Roberts,1995-09-23,515,,,14,
27,19793,581055,Michael Obafemi,2000-07-06,455,,,45,
27,19793,1611,Johann Berg Guðmunds­son,1990-10-27,1796,,,7,
27,19793,4244,Josh Cullen  ,1996-04-07,455,,,24,
27,19793,37259845,Anass Zaroury,2000-11-07,1424,,,19,
27,19793,9302767,Vitinho,1999-07-23,5,,,22,
27,19793,896,Matthew Lowton,1989-06-09,462,,,2,
27,19793,4243070,Lyle Foster,2000-09-03,146,,,12,
27,19793,785996,Darko Churlinov,2000-07-11,57142,,,27,
27,19793,62279,Manuel Benson ,1997-03-28,556,,,17,
27,19793,24817168,Ameen Al-Dakhil,2002-03-06,556,,,28,
27,19793,3143,Josh Brownhill,1995-12-19,462,,,8,
27,19793,1494225,Nathan Tella,1999-07-05,716,,,23,
28,19793,4545525,Rhys Williams,2001-02-03,462,,,15,
28,19793,37609521,Tayt-Lemar Trusty,2003-11-23,116,,,42,
28,19793,3368,Grant Ward,1994-12-05,462,,,27,
28,19793,37547261,Rob Apter,2003-04-23,1161,,,36,
28,19793,37551223,Alex Lankshear,2002-09-08,462,,,39,
28,19793,6557,Chris Maxwell,1990-07-30,515,,,1,
28,19793,2610,Gary Madine,1990-08-24,462,,,14,
28,19793,23311145,Lewis Fiorini,2002-05-17,1161,,,8,
28,19793,1494403,Matty Virtue,1997-05-02,462,,,17,
28,19793,4159,Luke Garbutt ,1993-05-21,462,,,29,
28,19793,1235,Liam Bridcutt,1989-05-08,1161,,,35,
28,19793,37609514,Jack Moore,2003-11-19,462,,,41,
28,19793,2823510,Ian Poveda,2000-02-09,462,,,26,
28,19793,37407463,Bradley Holmes,,462,,,38,
28,19793,150702,Shayne Lavery ,1998-12-08,491,,,19,
28,19793,523933,Jordan Gabriel,1998-09-25,462,,,4,
28,19793,537279,Daniel Grimshaw,1998-01-16,462,,,32,
28,19793,9274,Charlie Goode,1995-08-03,462,,,27,
28,19793,23716002,Theo Corbeanu,2002-05-17,1004,,,25,
28,19793,888,Reece James,1993-11-07,462,,,,
28,19793,4536462,Doug Tharme,1999-08-17,515,,,,
28,19793,37374545,Oliver Casey,2000-12-19,462,,,,
28,19793,1895,Kevin Stewart,1993-09-07,1640,,,6,
28,19793,25747,Tom Trybull,1993-03-09,11,,,46,
28,19793,9238,Jake Beesley,1996-12-02,462,,,18,
28,19793,6422,Stuart Moore,1994-09-08,462,,,13,
28,19793,12506,CJ Hamilton,1995-03-23,462,,,22,
28,19793,26041,Kenny Dougall,1993-05-07,98,,,12,
28,19793,19825,Jordan Thorniley,1996-11-24,462,,,34,
28,19793,7688264,Andy Lyons,2000-08-02,455,,,24,
28,19793,15061999,Beryly Lubala,1998-01-08,1320,,,30,
28,19793,1673,Keshi Anderson,1995-04-06,462,,,10,
28,19793,16496779,Dominic Thompson,2000-07-26,462,,,23,
28,19793,3147,James Husband,1994-01-03,462,,,3,
28,19793,4592198,Morgan Rogers,2002-07-26,462,,,25,
28,19793,37259133,Sonny Carey,2001-01-20,462,,,16,
28,19793,7909,Curtis Nelson,1993-05-21,462,,,31,
28,19793,1481492,Callum Wright,2000-05-02,462,,,24,
28,19793,518750,Josh Bowler,1999-03-05,462,,,11,
28,19793,28575730,Charlie Patiño,2003-10-17,462,,,28,
28,19793,6377,Jerry Yates,1996-11-10,462,,,9,
28,19793,331385,Marvin Ekpiteta,1995-08-26,462,,,21,
28,19793,4795,Callum Connolly,1997-09-23,462,,,2,
30,19793,24081653,Josh Thomas,2002-09-24,515,,,44,
30,19793,37536520,Fin Stevens,2003-04-10,515,,,24,
30,19793,37342600,Liam Smith,2003-10-28,1161,,,38,
30,19793,7687676,Ben Cabango ,2000-05-30,515,,,5,
30,19793,455687,Steven Benda,1998-10-01,11,,,13,
30,19793,339122,Harry Darling,1999-08-08,462,,,6,
30,19793,3857328,Liam Cullen,1999-04-23,515,,,20,
30,19793,37373575,Joel Cotterill,2004-10-10,515,,,48,
30,19793,37259225,Lewis Webb,2001-09-12,515,,,25,
30,19793,37332637,Kyle Joseph,2001-09-10,1161,,,,
30,19793,3533809,Nathanael Ogbeta,2001-04-28,462,,,,
30,19793,581055,Michael Obafemi,2000-07-06,455,,,9,
30,19793,581235,Brandon Cooper,2000-01-14,515,,,,
30,19793,12433168,Morgan Whittaker,2001-01-07,462,,,19,
30,19793,30852045,Armstrong Oko-Flex,2002-03-02,462,,,21,
30,19793,12844021,A. Søndergaard,2001-01-17,320,,,27,
30,19793,13482,Liam Walsh,1997-09-15,462,,,28,
30,19793,1649,Jay Fulton,1994-04-01,1161,,,4,
30,19793,4441,Matt Grimes ,1995-07-15,462,,,8,
30,19793,8372,Andy Fisher,1998-02-12,462,,,1,
30,19793,830,Joe Allen,1990-03-14,515,,,7,
30,19793,129858,Olivier Ntcham,1996-02-09,17,,,10,
30,19793,3167,Jamie Paterson,1991-12-20,462,,,12,
30,19793,3188067,Nathan Wood,2002-05-31,462,,,23,
30,19793,1194,Kyle Naughton,1988-11-17,462,,,26,
30,19793,538042,Joel Latibeaudiere,2000-01-06,1640,,,22,
30,19793,29382,Joël Piroe,1999-08-02,38,,,17,
30,19793,22169301,Oliver Cooper,1999-12-14,515,,,31,
30,19793,7640,Ryan Manning ,1996-06-14,455,,,3,
30,19793,23739135,Luke Cundle,2002-04-26,462,,,18,
30,19793,37254502,Matthew Sorinola,2001-02-19,462,,,29,
30,19793,37346912,Cameron Congreve,2004-01-24,515,,,45,
33,19793,28575738,Tony Springett,2002-09-22,462,,,42,
33,19793,2954,Isaac Hayden,1995-03-22,462,,,8,
33,19793,37436346,Brad Hills ,2004-03-10,462,,,44,
33,19793,37259217,Abu Kamara,2003-07-21,462,,,47,
33,19793,807,Grant Hanley,1991-11-20,1161,,,5,
33,19793,1928,Sam Byram,1993-09-16,462,,,3,
33,19793,34455209,Jonathan Rowe,2003-04-30,462,,,27,
33,19793,581086,Todd Cantwell ,1998-02-27,462,,,14,
33,19793,37259219,Jonathan Tomkinson,2002-04-11,3483,,,45,
33,19793,31433,Teemu Pukki,1990-03-29,1233,,,22,
33,19793,24817182,Christos Tzolis,2002-01-30,125,,,18,
33,19793,3495,Jordan Hugill,1992-06-04,462,,,9,
33,19793,28912722,Josh Martin,2001-09-09,462,,,,
33,19793,12433161,Bali Mumba,2001-10-08,462,,,,
33,19793,14004454,Daniel Barden,2001-01-02,515,,,,
33,19793,757,Tim Krul,1988-04-03,38,,,1,
33,19793,78282,Dimitrios Giannoulis,1995-10-17,125,,,30,
33,19793,8417851,Gabriel Sara,1999-06-26,5,,,17,
33,19793,24830085,Andrew Omobamidele,2002-06-23,455,,,4,
33,19793,37405012,Marcelino Núñez,2000-03-01,80,,,26,
33,19793,3133,Michael McGovern,1984-07-12,491,,,33,
33,19793,28912768,Aaron Ramsey,2003-01-21,462,,,20,
33,19793,45565,Przemyslaw Placheta,1998-03-23,2,,,,
33,19793,37567314,Marquinhos ,2003-04-07,5,,,13,
33,19793,25589,Milot Rashica,1996-06-28,122,,,7,
33,19793,336067,Angus Gunn ,1996-01-22,1161,,,28,
33,19793,141099,Danel Sinani,1997-04-05,3126,,,21,
33,19793,1723,Ben Gibson ,1993-01-15,462,,,6,
33,19793,3533830,Adam Idah,2001-02-11,455,,,11,
33,19793,4892,Kieran Dowell,1997-10-10,462,,,10,
33,19793,5640884,Josh Sargent,2000-02-20,3483,,,24,
33,19793,37357498,Liam Gibbs,2002-12-16,462,,,46,
33,19793,34706,Onel Hernández,1993-02-01,63604,,,25,
33,19793,23223360,Sam McCallum,2000-09-02,462,,,15,
33,19793,172385,Kenny McLean ,1992-01-08,1161,,,23,
33,19793,1494663,Max Aarons,2000-01-04,462,,,2,
33,19793,84680,Jacob Lungi Sørensen,1998-03-03,320,,,19,
47,19793,1727,Albert Adomah,1987-12-13,468,,,37,
47,19793,7007,Stefan Johansen,1991-01-08,1578,,,6,
47,19793,11541,Jamal Lowe,1994-07-21,1640,,,18,
47,19793,37391737,Alexander Aoraha,2003-01-17,107,,,48,
47,19793,37371096,Aaron Drewe,2001-02-08,462,,,29,
47,19793,2823511,Taylor Richards,2000-12-04,462,,,20,
47,19793,37391021,Joseph Gubbins,2001-08-03,462,,,28,
47,19793,6306103,Elijah Dixon-Bonner,2001-01-01,462,,,19,
47,19793,8085,Rob Dickie,1996-03-03,462,,,4,
47,19793,339015,Conor Masterson,1998-09-08,455,,,23,
47,19793,31483,Leon Balogun,1988-06-28,716,,,26,
47,19793,174296,Lyndon Dykes,1995-10-07,1161,,,9,
47,19793,8886,Macauley Bonne,1995-10-26,2325,,,18,
47,19793,4551,Jordan Archer,1993-04-12,1161,,,13,
47,19793,6570,Olamide Shodipo,1997-07-05,455,,,25,
47,19793,7206,Niko Hämäläinen,1997-03-05,1233,,,16,
47,19793,10680,Luke Amos ,1997-02-23,462,,,8,
47,19793,1452331,Charlie Owens,1997-12-07,491,,,,
47,19793,30468577,Ody Alfa,1999-03-09,716,,,,
47,19793,25922177,Charlie Kelman,2001-11-02,462,,,,
47,19793,4620,Jake Clarke-Salter,1997-09-22,462,,,5,
47,19793,4536522,Ethan Laird ,2001-08-05,462,,,27,
47,19793,6604,Andre Dozzell,1999-05-02,462,,,17,
47,19793,6640,Osman Kakay,1997-08-25,5724,,,2,
47,19793,37259239,Tim Iroegbunam,2003-06-30,462,,,47,
47,19793,37354878,Sinclair Armstrong,2003-06-22,455,,,30,
47,19793,1685,Sam Field,1998-05-08,462,,,15,
47,19793,28256,Kenneth Paal,1997-06-24,2088,,,22,
47,19793,37254511,Joe Walsh,2002-04-01,462,,,32,
47,19793,65516,Ilias Chair,1997-10-30,1424,,,10,
47,19793,338938,Chris Willock,1998-01-31,462,,,7,
47,19793,9222,George Thomas,1997-03-24,515,,,14,
47,19793,539622,Jimmy Dunne  ,1997-10-19,455,,,3,
47,19793,1509,Chris Martin,1988-11-04,1161,,,14,
47,19793,36853,Seny Dieng,1994-11-23,200,,,1,
47,19793,4527,Tyler Roberts,1999-01-12,515,,,11,
64,19793,37391764,Besart Topalloj,2001-05-16,122,,,40,
64,19793,2538509,Danny McNamara,1998-12-27,462,,,2,
64,19793,34492317,Billy Mitchell,2001-04-07,462,,,8,
64,19793,2948,Scott Malone,1991-03-25,462,,,11,
64,19793,20694519,Jamie Shackleton ,1999-10-08,462,,,16,
64,19793,34912,Andreas Voglsammer,1992-01-09,11,,,21,
64,19793,37391202,Hayden Muller,2002-02-07,462,,,35,
64,19793,3247,Shaun Hutchinson,1990-11-23,462,,,4,
64,19793,1832,Benik Afobe,1993-02-12,1320,,,7,
64,19793,5173,Ryan Leonard,1992-05-24,462,,,18,
64,19793,4207,George Evans,1994-12-13,462,,,6,
64,19793,3096,Murray Wallace,1993-01-10,1161,,,3,
64,19793,37610432,Romain Esse,2005-05-13,462,,,50,
64,19793,4591,George Honeyman,1994-09-08,462,,,39,
64,19793,6140,Connal Trueman,1996-03-26,462,,,27,
64,19793,2854,Bartosz Białkowski,1987-07-06,2,,,33,
64,19793,22145897,Tyler Burey,2001-06-18,462,,,14,
64,19793,3507,George Long,1993-11-05,462,,,1,
64,19793,2642,M. Bennett,1996-07-15,462,,,20,
64,19793,2538508,Ryan Sandford,1999-02-21,462,,,,
64,19793,37685206,Sebastian Drozd,2003-04-28,462,,,45,
64,19793,6286,Oliver Burke ,1997-04-07,1161,,,7,
64,19793,5971,Jake Cooper,1995-02-03,462,,,5,
64,19793,537316,Zian Flemming,1998-08-01,38,,,10,
64,19793,1799,Duncan Watmore,1994-03-08,462,,,19,
64,19793,37437784,Aidomo Emakhu,2003-10-26,455,,,22,
64,19793,20708615,Tanto Olaofe,1999-11-21,462,,,25,
64,19793,6028,George Saville,1993-06-01,491,,,23,
64,19793,3398,Tom Bradshaw,1992-07-27,515,,,9,
64,19793,10351,Callum Styles,2000-03-27,674,,,17,
64,19793,37391226,Charlie Cresswell,2002-08-17,462,,,15,
69,19793,9483,Mahlon Romeo,1995-09-19,137919,,,2,
69,19793,580970,Andy Rinomhota,1997-04-21,2325,,,35,
69,19793,37293781,Ollie Tanner,2002-05-13,462,,,14,
69,19793,23739094,Kion Etete,2001-11-28,462,,,9,
69,19793,24081649,Rubin Colwill,2002-04-27,515,,,27,
69,19793,20692353,Max Watters,1999-03-23,462,,,36,
69,19793,3022,Joe Ralls,1993-10-12,462,,,8,
69,19793,74174,Jamilu Collins,1994-08-05,716,,,17,
69,19793,12433172,Vontae Daley-Campbell,2001-04-02,462,,,22,
69,19793,4195,Jak Alnwick,1993-06-17,462,,,21,
69,19793,24081650,Eli King ,2002-12-23,515,,,24,
69,19793,2725,Ryan Allsop,1992-06-17,462,,,1,
69,19793,10275430,Niels Nkounkou,2000-11-01,17,,,37,
69,19793,539624,Tom Sang,1999-06-29,462,,,12,
69,19793,27422647,Ollie Denham,2002-05-04,515,,,15,
69,19793,9939404,Isaak Davies,2001-09-25,515,,,39,
69,19793,338951,Jack Simpson,1996-12-18,462,,,26,
69,19793,149266,Gavin Whyte,1996-01-31,491,,,20,
69,19793,37392916,Rohan Luthra,2002-05-06,462,,,28,
69,19793,37588988,Morgan Wigley,2004-09-10,515,,,,
69,19793,15128,Ebou Adams,1996-01-15,2507,,,18,
69,19793,37676900,Lewys Benjamin,2006-09-13,515,,,44,
69,19793,9325,Ryan Wintle,1997-06-13,462,,,6,
69,19793,3145,Callum O'Dowda,1995-04-23,455,,,11,
69,19793,841,Connor Wickham,1993-03-31,462,,,31,
69,19793,37618356,Jai Semenyo,2003-07-13,468,,,33,
69,19793,8057,Mark Harris,1998-12-29,515,,,29,
69,19793,7909,Curtis Nelson,1993-05-21,462,,,16,
69,19793,37391470,Joel Bagan,2001-09-03,462,,,3,
69,19793,190438,Sory Kaba,1995-07-28,1703,,,48,
69,19793,37612654,Joel Colwill,2004-10-27,515,,,34,
69,19793,3306,R. Sawyers,1991-11-02,160047,,,19,
69,19793,20216,Cédric Kipré,1996-12-09,23,,,23,
69,19793,4379,Sheyi Ojo,1997-06-19,462,,,10,
69,19793,9203,Perry Ng,1996-06-24,462,,,38,
69,19793,33186827,Jaden Philogene,2002-02-08,462,,,25,
69,19793,3530,Callum Robinson,1995-02-02,455,,,47,
69,19793,28912711,Mark McGuinness,2001-01-05,455,,,5,
99,19793,37391543,Lewis Leigh,2003-12-05,462,,,32,
99,19793,37537864,Álvaro Carreras,2003-03-23,32,,,2,
99,19793,37552838,Noah Mawene,2005-02-01,462,,,35,
99,19793,37675754,Kaedyn Kamara,2005-11-29,462,,,37,
99,19793,6231,Patrick Bauer,1992-10-28,11,,,5,
99,19793,37539139,Filipe Sissé,2001-06-22,20,,,29,
99,19793,1708,Joshua Onomah,1997-04-27,462,,,17,
99,19793,37552847,Mikey O'Neill,2004-06-08,462,,,39,
99,19793,37552849,Jacob Slater,2004-10-05,462,,,31,
99,19793,3449,Alan Browne,1995-04-15,455,,,8,
99,19793,4224,David Cornell,1991-03-28,515,,,25,
99,19793,37609432,Finlay Cross-Adair,2005-01-11,462,,,29,
99,19793,4357,Freddie Woodman,1997-03-04,462,,,1,
99,19793,3762,G. Cunningham,1991-01-31,455,,,3,
99,19793,5193,Ben Woodburn,1999-10-15,515,,,20,
99,19793,1101,Toni Astorgano,1992-01-14,455,,,11,
99,19793,12404,Sean Maguire ,1994-05-01,455,,,24,
99,19793,1494224,Matthew Olosunde,1998-03-07,3483,,,22,
99,19793,581156,Emil Riis,1998-06-24,320,,,19,
99,19793,37604621,James Pradic,2005-02-07,515,,,,
99,19793,33991824,Tom Cannon,2002-12-28,462,,,28,
99,19793,3455,Daniel Johnson,1992-10-08,1640,,,10,
99,19793,620,Ched Evans  ,1988-12-28,515,,,9,
99,19793,436041,Bambo Diaby,1997-12-17,32,,,23,
99,19793,12543,Jordan Storey,1997-09-02,462,,,14,
99,19793,173032,Liam Lindsay,1995-10-12,1161,,,6,
99,19793,8420,Brad Potts,1994-07-03,462,,,44,
99,19793,378921,Ali McCann,1999-12-04,1161,,,13,
99,19793,9522,Andrew Hughes,1992-06-05,515,,,16,
99,19793,23277907,Troy Parrott,2002-02-04,455,,,15,
99,19793,9686,Ben Whiteman,1996-06-17,462,,,4,
99,19793,28912976,Liam Delap,2003-02-08,462,,,7,
99,19793,4281,Ryan Ledson ,1997-08-19,462,,,18,
115,19793,1494557,Josh Williams,1999-10-12,515,,,38,
115,19793,24799985,Conor Lawless,2001-09-13,462,,,44,
115,19793,9428,Jack Walton,1998-04-23,462,,,24,
115,19793,37609179,Zack Nelson,2005-04-21,462,,,43,
115,19793,37391374,Casey Pettit,2002-10-15,462,,,42,
115,19793,37676740,Joe Johnson,2006-02-21,462,,,48,
115,19793,26706556,Elliot Thorpe,2000-11-09,515,,,28,
115,19793,9536,Tom Lockyer,1994-12-03,515,,,4,
115,19793,1291,Reece Burke,1996-09-02,462,,,16,
115,19793,581142,Gabriel Osho,1998-08-14,462,,,32,
115,19793,5557,Jordan Clark ,1993-09-22,462,,,18,
115,19793,4229,Daniel Potts,1994-04-13,462,,,3,
115,19793,173056,Allan Campbell,1998-07-04,1161,,,22,
115,19793,37357595,Joe Taylor,2002-11-18,515,,,25,
115,19793,6513,James Bree,1997-12-11,462,,,2,
115,19793,5785,Harry Cornick,1995-04-09,462,,,7,
115,19793,539982,Admiral Muskwe,1998-08-21,2325,,,15,
115,19793,4307,Matt Macey ,1994-09-09,462,,,33,
115,19793,8749,Luke Berry,1992-07-12,462,,,8,
115,19793,3146,Luke Freeman,1992-03-22,462,,,30,
115,19793,5489,Sonny Bradley,1991-09-13,462,,,5,
115,19793,21762818,Carlos Gomes,1998-11-14,1707,,,,
115,19793,3193,Glen Rea,1994-09-03,455,,,,
115,19793,6039,Fred Onyedinma,1996-11-24,716,,,23,
115,19793,62944,Ethan Horvath,1995-06-09,3483,,,34,
115,19793,21412958,Cody Drameh,2001-12-08,462,,,2,
115,19793,6049,Amari'i Bell,1994-05-05,1640,,,29,
115,19793,2999,Cauley Woodrow,1994-12-02,462,,,10,
115,19793,581170,H. Isted,1997-03-05,462,,,21,
115,19793,488060,John McAtee,1999-07-23,462,,,,
115,19793,1473,Henri Lansbury,1990-10-12,462,,,12,
115,19793,5431,Dion Pereira,1999-03-25,137919,,,19,
115,19793,37264438,Aribim Pepple,2002-12-25,1004,,,27,
115,19793,28913030,Louie Watson,2001-06-07,462,,,20,
115,19793,3987,James Shea,1991-06-16,462,,,1,
115,19793,608,Cameron Jerome,1986-08-14,462,,,35,
115,19793,21762789,Alfie Doughty,1999-12-21,462,,,45,
115,19793,1494694,Elijah Adebayo,1998-01-07,462,,,11,
115,19793,6618,Carlton Morris,1995-12-16,462,,,9,
115,19793,25126,Marvelous Nakamba,1994-01-19,2325,,,13,
115,19793,12129,Pelly Ruddock Mpanzu,1994-03-22,462,,,17,
117,19793,6254,Kyle McFadzean,1987-02-20,462,,,5,
117,19793,2813,Jake Bidwell,1993-03-21,462,,,27,
117,19793,13489,Dominic Hyam,1995-12-20,1161,,,15,
117,19793,37550129,Harrison Nee,2003-01-16,462,,,47,
117,19793,9939389,Cian Tyler,2002-03-22,515,,,44,
117,19793,12404,Sean Maguire ,1994-05-01,455,,,18,
117,19793,8270,Callum O'Hare,1998-05-01,462,,,10,
117,19793,3267,Kasey Palmer,1996-11-09,1640,,,45,
117,19793,23739095,Jack Burroughs,2001-03-21,1161,,,32,
117,19793,24838234,Josh Wilson-Esbrand,2002-12-26,462,,,11,
117,19793,37537875,Callum Doyle,2003-10-03,462,,,3,
117,19793,37459070,Brooke Norton-Cuffy,2004-01-12,462,,,7,
117,19793,1494244,Jonathan Panzo,2000-10-25,462,,,2,
117,19793,2891,Simon Moore,1990-05-19,462,,,1,
117,19793,37260704,Josh Reid,2002-05-03,1161,,,22,
117,19793,30883147,Luke McNally ,1999-09-20,455,,,16,
117,19793,6065,Liam Kelly,1990-02-10,1161,,,6,
117,19793,3165,Tyler Walker,1996-10-17,462,,,19,
117,19793,194167,Viktor Gyökeres,1998-06-04,47,,,17,
117,19793,37559831,Ryan Howley,2003-11-23,515,,,36,
117,19793,173042,Michael Rose,1995-10-11,1161,,,4,
117,19793,26813,Gustavo Hamer,1997-06-24,38,,,38,
117,19793,22536434,Fábio Tavares,2001-01-22,20,,,30,
117,19793,5706,Todd Kane,1993-09-17,462,,,20,
117,19793,10717,Fankaty Dabo,1995-10-11,462,,,23,
117,19793,23223363,Josh Eccles,2000-04-06,462,,,28,
117,19793,340204,Ben Sheaf,1998-02-05,462,,,14,
117,19793,8840,Jamie Allen,1995-01-29,462,,,8,
117,19793,5243,Matty Godden,1991-07-29,462,,,24,
117,19793,3261,Ben Wilson,1992-08-09,462,,,13,
117,19793,629,Martyn Waghorn,1990-01-23,462,,,9,
122,19793,37550440,Callum Wood,2003-02-28,515,,,39,
122,19793,3119,Timm Klose,1988-05-09,62,,,25,
122,19793,339,Andreas Weimann,1991-08-05,143,,,14,
122,19793,37356513,Joe Low,2002-02-20,515,,,32,
122,19793,37550441,Dylan Kadji,2003-09-01,462,,,27,
122,19793,37550452,Harry Leeson,,515,,,40,
122,19793,1509,Chris Martin,1988-11-04,1161,,,9,
122,19793,37391544,Marlee Francois,2002-12-29,98,,,36,
122,19793,37550442,Omar Taylor-Clarke,2003-10-15,515,,,35,
122,19793,5785,Harry Cornick,1995-04-09,462,,,9,
122,19793,1682,Kane Wilson ,2000-03-11,462,,,2,
122,19793,37391535,Tommy Conway,2002-08-06,1161,,,15,
122,19793,125952,Nikita Haikin,1995-07-11,227,,,23,
122,19793,25217729,Duncan Idehen,,462,,,24,
122,19793,37550443,Alex Scott,2003-08-21,462,,,7,
122,19793,3502650,Rob Atkinson,1998-07-13,462,,,5,
122,19793,11752,Kal Naismith ,1992-02-18,1161,,,4,
122,19793,956,Andy King,1988-10-29,515,,,10,
122,19793,25188299,Harvey Wiles-Richards,2002-05-27,462,,,13,
122,19793,6943,Taylor Moore,1997-05-12,462,,,,
122,19793,3177,Max O'Leary,1996-10-10,462,,,12,
122,19793,28575734,Anis Mehmeti,2001-01-09,2454,,,11,
122,19793,37391549,Ayman Benarous,2003-07-27,462,,,18,
122,19793,5433,Joe Williams,1996-12-08,462,,,8,
122,19793,10990678,Antoine Semenyo,2000-01-07,468,,,11,
122,19793,6608242,Cameron Pring ,1998-01-22,462,,,16,
122,19793,3301,Daniel Bentley,1993-07-13,462,,,1,
122,19793,10496,Jay Dasilva,1998-04-22,462,,,3,
122,19793,2237,Matty James,1991-07-22,462,,,6,
122,19793,149231,Mark Sykes,1997-08-04,491,,,17,
122,19793,3063,Nahki Wells,1990-06-01,15326,,,21,
122,19793,37391534,Sam Bell,2002-05-23,462,,,20,
122,19793,7250,Zak Vyner,1997-05-14,462,,,26,
122,19793,2960,Tomas Kalas,1993-05-15,245,,,22,
122,19793,1494237,George Tanner,1999-11-16,462,,,19,
122,19793,9606076,Han-Noah Massengo,2001-07-07,17,,,30,
138,19793,37609705,Hamish Douglas,2005-06-04,462,,,35,
138,19793,37675804,Joel Holvey,2004-11-20,462,,,36,
138,19793,37551298,Curtis Durose,2003-10-25,462,,,34,
138,19793,3469,Bailey Wright,1992-07-28,98,,,28,
138,19793,581197,Conor Coventry,2000-03-25,455,,,4,
138,19793,2821,Shane Ferguson,1991-07-12,491,,,17,
138,19793,192847,Viktor Johansson,1998-09-14,47,,,1,
138,19793,121788,Georgie Kelly,1996-11-12,491,,,12,
138,19793,173767,Jamie McCart,1997-06-20,1161,,,5,
138,19793,37459070,Brooke Norton-Cuffy,2004-01-12,462,,,10,
138,19793,816,Tyler Blackett,1994-04-02,462,,,42,
138,19793,12515,Hakeem Odoffin,1998-04-13,462,,,22,
138,19793,37336214,Leo Hjelde,2003-08-26,1578,,,29,
138,19793,5012,Josh Vickers,1995-12-01,462,,,31,
138,19793,20716535,Peter Kioso,1999-08-15,1320,,,30,
138,19793,1872650,Ben Wiles,1999-04-17,462,,,8,
138,19793,24818319,Robbie Hemfrey,2002-02-21,1161,,,26,
138,19793,539962,Tolaji Bola,1999-01-04,462,,,15,
138,19793,3057,Sean Morrison,1991-01-08,462,,,23,
138,19793,3169765,Joshua Kayode,2000-05-04,455,,,,
138,19793,5750,Tom Eaves,1992-01-14,462,,,9,
138,19793,37551301,Mackenzie Warne,2003-12-05,462,,,,
138,19793,37344243,Ciaran McGuckin,2003-12-30,491,,,,
138,19793,5246,Domingos Quina,1999-11-18,20,,,40,
138,19793,37546265,Jake Hull,2001-10-22,462,,,25,
138,19793,3134,Grant Hall,1991-10-29,462,,,20,
138,19793,4445,Cameron Humphreys,1998-08-22,462,,,24,
138,19793,6022,Tariqe Fosu-Henry,1995-11-05,468,,,7,
138,19793,173508,Jamie Lindsay,1995-10-11,1161,,,16,
138,19793,9798,Oliver Rathbone,1996-10-10,462,,,18,
138,19793,37357274,Scott High,2001-02-15,1161,,,7,
138,19793,20506,Wes Harding,1996-10-20,1640,,,2,
138,19793,4583,Dan Barlaser,1997-01-18,462,,,4,
138,19793,1494443,Cohen Bramall,1996-04-02,462,,,3,
138,19793,1949,Richard Wood,1985-07-05,462,,,6,
138,19793,122090,Chiedozie Ogbene,1997-05-01,455,,,11,
138,19793,3517,Conor Washington,1992-05-18,491,,,14,
138,19793,3495,Jordan Hugill,1992-06-04,462,,,10,
138,19793,2303,Lee Peltier,1986-12-11,462,,,21,
251,19793,32796827,Ben Jackson,2001-02-22,462,,,30,
251,19793,6590,Jordan Smith,1994-12-08,462,,,40,
251,19793,37391711,Loick Ayina,2003-04-20,17,,,47,
251,19793,37436364,Brodie Spencer,2004-05-06,491,,,34,
251,19793,4598725,Joseph Hungbo,2000-01-15,462,,,16,
251,19793,11471,Matty Pearson,1993-08-03,462,,,4,
251,19793,37612645,Charles Ondo,2003-10-22,211975,,,45,
251,19793,21412318,Jon Russell,2000-10-09,1640,,,5,
251,19793,6115,Connor Mahoney,1997-02-12,462,,,11,
251,19793,37551291,Étienne Camara,2003-03-30,17,,,24,
251,19793,926,Anthony Knockaert,1991-11-20,17,,,50,
251,19793,2812,Lee Nicholls,1992-10-05,462,,,21,
251,19793,35357,Florian Kamberi,1995-03-08,2454,,,44,
251,19793,20692499,Jacob Chapman,2000-10-22,98,,,13,
251,19793,1394,Rolando Aarons,1995-11-16,1640,,,29,
251,19793,79806,Tomas Vaclik,1989-03-29,245,,,1,
251,19793,37331626,Patrick Jones,2003-06-09,515,,,26,
251,19793,22682,Ryan Schofield,1999-12-11,462,,,31,
251,19793,5829,Duane Holmes,1994-11-06,3483,,,19,
251,19793,23279212,Kieran Phillips,2000-02-18,462,,,,
251,19793,37350690,Kian Harratt,2002-06-21,462,,,36,
251,19793,2230,Jonathan Hogg,1988-12-06,462,,,6,
251,19793,30865988,Romoney Crichlow,1999-06-03,462,,,,
251,19793,14359087,Danny Grant,1999-12-23,455,,,,
251,19793,6599974,Tino Anjorin,2001-11-23,462,,,8,
251,19793,8454,Ollie Turton ,1992-12-06,462,,,2,
251,19793,32013821,Aaron Rowe,2000-09-07,462,,,20,
251,19793,37341871,Nicholas Bilokapic,2002-09-08,98,,,41,
251,19793,6452,Will Boyle,1995-09-01,462,,,12,
251,19793,629,Martyn Waghorn,1990-01-23,462,,,49,
251,19793,896,Matthew Lowton,1989-06-09,462,,,38,
251,19793,28912779,Kaine Kesler-Hayden,2002-10-23,462,,,16,
251,19793,32796076,Luke Mbete,2003-09-18,462,,,3,
251,19793,8069,David Kasumu,1999-10-05,462,,,18,
251,19793,32404898,Jack Rudoni,2001-06-14,462,,,22,
251,19793,155234,Michal Helik,1995-09-09,2,,,39,
251,19793,16827156,Matty Daly,2001-03-10,462,,,,
251,19793,12474,Josh Koroma,1998-11-09,462,,,10,
251,19793,37304037,Tyreece Simpson,2002-02-07,462,,,27,
251,19793,37255850,Rarmani Edmonds-Green,1999-01-14,462,,,23,
251,19793,18226,Sorba Thomas,1999-01-25,515,,,7,
251,19793,2349,Tom Lees,1990-11-28,462,,,32,
251,19793,37391713,Brahima Diarra,2003-07-05,26,,,35,
251,19793,37357274,Scott High,2001-02-15,1161,,,15,
251,19793,1736,J. Rhodes,1990-02-05,1161,,,9,
251,19793,5510,Josh Ruffels,1993-10-23,462,,,14,
251,19793,320,Daniel Ward,1990-12-09,462,,,25,
251,19793,310003,Yuta Nakayama,1997-02-16,479,,,33,
1,19734,30852045,Armstrong Oko-Flex,2002-03-02,462,,,40,
1,19734,31626620,Harrison Ashby,2001-11-14,1161,,,50,
1,19734,37544304,Kaelan Casey,2004-10-28,462,,,70,
1,19734,95393,Alphonse Areola,1993-02-27,17,,,13,
1,19734,1416,Angelo Ogbonna,1988-05-23,251,,,21,
1,19734,37365883,Divin Mubama,2004-10-25,462,,,72,
1,19734,73906,Nikola Vlašić,1997-10-04,266,,,11,
1,19734,1449,Darren Randolph,1987-05-12,455,,,35,
1,19734,1183,Craig Dawson,1990-05-06,462,,,15,
1,19734,581197,Conor Coventry,2000-03-25,455,,,32,
1,19734,23697794,Krisztián Hegyi,2002-09-24,674,,,47,
1,19734,15076349,Joseph Anang,2000-06-08,468,,,49,
1,19734,30178,Gianluca Scamacca,1999-01-01,251,,,7,
1,19734,581199,Ben Johnson,2000-01-24,462,,,2,
1,19734,1922,Michail Antonio,1990-03-28,1640,,,9,
1,19734,1450,Danny Ings,1992-07-23,462,,,18,
1,19734,96642,Maxwel Cornet ,1996-09-27,23,,,14,
1,19734,186815,Pablo Fornals,1996-02-22,32,,,8,
1,19734,518749,Flynn Downes,1999-01-20,462,,,12,
1,19734,96426,Saïd Benrahma,1995-08-10,614,,,22,
1,19734,1452,Manuel Lanzini,1993-02-15,44,,,10,
1,19734,129794,Emerson,1994-08-03,251,,,33,
1,19734,220052,Lucas Paquetá,1997-08-27,5,,,11,
1,19734,80655,Tomáš Souček ,1995-02-27,245,,,28,
1,19734,1592,Jarrod Bowen ,1996-12-20,462,,,20,
1,19734,80304,Vladimír Coufal,1992-08-22,245,,,5,
1,19734,1316,Kurt Zouma,1994-10-27,17,,,4,
1,19734,32738,Thilo Kehrer,1996-09-21,11,,,24,
1,19734,5273,Declan Rice,1999-01-14,462,,,41,
1,19734,516291,Nayef Aguerd,1996-03-30,1424,,,27,
1,19734,733,Lukasz Fabianski ,1985-04-18,2,,,1,
1,19734,1261,Aaron Cresswell,1989-12-15,462,,,3,
6,19734,96870,Yves Bissouma ,1996-08-30,26,,,38,
6,19734,1241,Fraser Forster,1988-03-17,462,,,20,
6,19734,37342694,Pape Matar Sarr,2002-09-14,200,,,29,
6,19734,31238170,Matthew Craig,2003-04-16,1161,,,51,
6,19734,540476,Brandon Austin,1999-01-08,462,,,40,
6,19734,37316864,Yago Santiago,2003-04-15,32,,,58,
6,19734,4545529,Bryan Gil,2001-02-11,32,,,11,
6,19734,23277906,Harvey White,2001-09-19,462,,,42,
6,19734,37391514,Alfie Devine,2004-08-01,462,,,45,
6,19734,37259208,Romaine Mundle,2003-04-24,462,,,55,
6,19734,96741,Clément Lenglet,1995-06-17,17,,,34,
6,19734,333731,Cristian Romero ,1998-04-27,44,,,17,
6,19734,1014,Hugo Lloris,1986-12-26,17,,,1,
6,19734,7026573,Djed Spence,2000-08-09,462,,,24,
6,19734,37586707,George Abbott,2005-08-17,462,,,77,
6,19734,540290,Japhet Tanganga,1999-03-31,462,,,25,
6,19734,6610,Ryan Sessegnon,2000-05-18,462,,,19,
6,19734,26491,Arnaut Danjuma,1997-01-31,38,,,16,
6,19734,340346,Alfie Whiteman,1998-10-02,462,,,41,
6,19734,95998,Lucas Moura ,1992-08-13,5,,,27,
6,19734,989,Ben Davies,1993-04-24,515,,,33,
6,19734,26294,Davinson Sánchez,1996-06-12,353,,,6,
6,19734,14338024,Dejan Kulusevski,2000-04-25,47,,,21,
6,19734,3884,Matt Doherty,1992-01-16,455,,,2,
6,19734,333797,Rodrigo Bentancur,1997-06-25,158,,,30,
6,19734,997,Harry Kane ,1993-07-28,462,,,10,
6,19734,4313,Heung-min Son ,1992-07-08,712,,,7,
6,19734,1744,Pierre-Emile Højbjerg,1995-08-05,320,,,5,
6,19734,219633,Richarlison,1997-05-10,5,,,9,
6,19734,540579,Oliver Skipp,2000-09-16,462,,,4,
6,19734,31002,Ivan Perisic,1989-02-02,266,,,14,
6,19734,221615,Emerson Royal,1999-01-14,5,,,12,
6,19734,916,Eric Dier,1994-01-15,462,,,15,
6,19734,8456257,Pedro Porro,1999-09-13,32,,,23,
8,19734,96099,Fabinho,1993-10-23,5,,,3,
8,19734,4545513,Curtis Jones,2001-01-30,462,,,17,
8,19734,197,James Milner,1986-01-04,462,,,7,
8,19734,37298102,Bobby Clark,2005-02-07,462,,,42,
8,19734,37316834,Harvey Davies,2003-09-03,462,,,95,
8,19734,37602125,Ben Gannon-Doak,2005-11-11,1161,,,50,
8,19734,84627,Konstantinos Tsimikas,1996-05-12,125,,,21,
8,19734,129820,Alisson,1992-10-02,5,,,1,
8,19734,4125,Mohamed Salah,1992-06-15,886,,,11,
8,19734,11658171,Sepp van den Berg,2001-12-20,38,,,72,
8,19734,37389552,Luke Chambers,2004-06-24,462,,,88,
8,19734,219920,Arthur Melo,1996-08-12,5,,,29,
8,19734,1251,Adrián,1987-01-03,32,,,13,
8,19734,1078,Andrew Robertson,1994-03-11,1161,,,26,
8,19734,32640,Naby Keïta,1995-02-10,1703,,,8,
8,19734,37565677,Stefan Bajcetic ,2004-10-22,32,,,43,
8,19734,37260590,Calvin Ramsay,2003-07-31,1161,,,22,
8,19734,4545525,Rhys Williams,2001-02-03,462,,,46,
8,19734,1494396,Nat Phillips,1997-03-21,462,,,47,
8,19734,896225,Caoimhín Kelleher,1998-11-23,455,,,62,
8,19734,30062,Cody Gakpo,1999-05-07,38,,,18,
8,19734,1453,Joe Gomez ,1997-05-23,462,,,2,
8,19734,1743,Virgil van Dijk ,1991-07-08,38,,,4,
8,19734,159917,Diogo Jota,1996-12-04,20,,,20,
8,19734,31857,Thiago Alcântara,1991-04-11,32,,,6,
8,19734,1920,Joël Matip,1991-08-08,593,,,32,
8,19734,6013424,Darwin Núñez,1999-06-24,158,,,27,
8,19734,23269836,Harvey Elliott,2003-04-04,462,,,19,
8,19734,1917,Trent Alexander-Arnold,1998-10-07,462,,,66,
8,19734,100556,Ibrahima Konaté,1999-05-25,17,,,5,
8,19734,21412957,Fábio Carvalho ,2002-08-30,20,,,28,
8,19734,850,Alex Oxlade-Chamberlain,1993-08-15,462,,,15,
8,19734,1461,Roberto Firmino,1991-10-02,5,,,9,
8,19734,241036,Luis Díaz,1997-01-13,353,,,23,
8,19734,323,Jordan Henderson ,1990-06-17,462,,,14,
9,19734,37442672,Shea Charles,2003-11-05,462,,,62,
9,19734,34594,Stefan Ortega,1992-11-06,11,,,18,
9,19734,159142,Ederson,1993-08-17,5,,,31,
9,19734,24838234,Josh Wilson-Esbrand,2002-12-26,462,,,97,
9,19734,32796076,Luke Mbete,2003-09-18,462,,,79,
9,19734,28912976,Liam Delap,2003-02-08,462,,,48,
9,19734,23311146,Ben Knight,2002-06-14,462,,,96,
9,19734,537353,Claudio Gomes,2000-07-23,17,,,81,
9,19734,982,John Stones,1994-05-28,462,,,5,
9,19734,37562487,Nico O'Reilly,2005-03-21,462,,,75,
9,19734,28912759,Alex Robertson,2003-04-17,98,,,93,
9,19734,105,Scott Carson,1985-09-03,462,,,33,
9,19734,37545384,Máximo Perrone,2003-01-07,44,,,32,
9,19734,96183,Benjamin Mendy,1994-07-17,17,,,22,
9,19734,1116,Jack Grealish,1995-09-10,462,,,10,
9,19734,47285,Zack Steffen ,1995-04-02,3483,,,,
9,19734,198062,Manuel Akanji,1995-07-19,62,,,25,
9,19734,4536537,Sergio Gómez,2000-09-04,32,,,21,
9,19734,186299,Aymeric Laporte,1994-05-27,32,,,14,
9,19734,971,Riyad Mahrez,1991-02-21,614,,,26,
9,19734,3354,Kalvin Phillips ,1995-12-02,462,,,4,
9,19734,28912747,Cole Palmer,2002-05-06,462,,,80,
9,19734,37459073,Rico Lewis,2004-11-21,462,,,82,
9,19734,21394947,Julián Alvarez,2000-01-31,44,,,19,
9,19734,4842,İlkay Gündoğan,1990-10-24,11,,,8,
9,19734,162536,Rúben Dias,1997-05-14,20,,,3,
9,19734,1869,Nathan Aké,1995-02-18,38,,,6,
9,19734,154421,Erling Haaland,2000-07-21,1578,,,9,
9,19734,160956,João Cancelo,1994-05-27,20,,,7,
9,19734,911,Kyle Walker,1990-05-28,462,,,2,
9,19734,1371,Kevin De Bruyne,1991-06-28,556,,,17,
9,19734,336133,Phil Foden,2000-05-28,462,,,47,
9,19734,186910,Rodri ,1996-06-22,32,,,16,
9,19734,96353,Bernardo Silva,1994-08-10,20,,,20,
11,19734,37529823,Kristian Sekularac,2003-12-07,62,,,45,
11,19734,518596,Terry Ablade,2001-10-12,1233,,,37,
11,19734,31238187,Stefan Parkes,2004-03-28,462,,,39,
11,19734,31342,Bernd Leno,1992-03-04,11,,,17,
11,19734,130248,Saša Lukić,1996-08-13,296,,,28,
11,19734,6853,Neeskens Kebano,1992-03-10,1320,,,7,
11,19734,2225,Nathaniel Chalobah,1994-12-12,462,,,12,
11,19734,2285,Tom Cairney  ,1991-01-20,1161,,,10,
11,19734,37622796,Martial Godo,2003-03-14,462,,,47,
11,19734,37537754,Matt Dibley-Dias,2003-10-29,2817,,,49,
11,19734,37581721,Charlie Robinson,2004-09-19,462,,,42,
11,19734,7026572,George Wickens,2001-11-08,462,,,40,
11,19734,4343,Kevin Mbabu,1995-04-19,62,,,27,
11,19734,37537755,Luke Harris,2005-03-04,515,,,38,
11,19734,1708,Joshua Onomah,1997-04-27,462,,,25,
11,19734,95746,Layvin Kurzawa,1992-09-04,17,,,3,
11,19734,37259158,Jay Stansfield,2002-11-24,462,,,65,
11,19734,7340703,Tyrese Francois,2000-07-16,98,,,35,
11,19734,37402350,Rodrigo Muniz,2001-05-04,5,,,19,
11,19734,125482,Manor Solomon,1999-07-24,802,,,11,
11,19734,463153,Carlos Vinícius,1995-03-25,5,,,30,
11,19734,25400,Kenny Tete,1995-10-09,6783,,,2,
11,19734,6351,Marek Rodák,1996-12-13,401,,,1,
11,19734,1494715,Steven Sessegnon,2000-05-18,462,,,,
11,19734,926,Anthony Knockaert,1991-11-20,17,,,,
11,19734,1415,Shane Duffy,1992-01-01,455,,,5,
11,19734,1004,Andreas Pereira,1996-01-01,5,,,18,
11,19734,1362,Cédric Soares,1991-08-31,20,,,12,
11,19734,1409,Harrison Reed,1995-01-27,462,,,6,
11,19734,96799,Issa Diop,1997-01-09,1424,,,31,
11,19734,2454,Tim Ream,1987-10-05,3483,,,13,
11,19734,3140,Bobby De Cordova-Reid,1993-02-02,1640,,,14,
11,19734,5149,Daniel James,1997-11-10,515,,,21,
11,19734,581067,Antonee Robinson,1997-08-08,3483,,,33,
11,19734,1317,Willian,1988-08-09,5,,,20,
11,19734,1366,Aleksandar Mitrović,1994-09-16,296,,,9,
11,19734,5241,Tosin Adarabioyo,1997-09-24,462,,,4,
11,19734,5403,Harry Wilson,1997-03-22,515,,,8,
11,19734,160072,João Palhinha,1995-07-09,20,,,26,
13,19734,37536533,Stanley Mills,2003-10-25,462,,,56,
13,19734,29313203,Lewis Warrington,2002-10-10,462,,,51,
13,19734,37259201,Sean McAllister,2002-09-15,462,,,46,
13,19734,37260638,Nathan Patterson,2001-10-16,1161,,,3,
13,19734,23279211,Kyle John,2001-02-13,462,,,48,
13,19734,1826,Jordan Pickford,1994-03-07,462,,,1,
13,19734,159372,André Gomes,1993-07-30,20,,,21,
13,19734,1791,Andy Lonergan,1983-10-19,462,,,31,
13,19734,32421,Jean-Philippe Gbamin,1995-09-25,23,,,25,
13,19734,537514,Rúben Vinagre,1999-04-09,20,,,29,
13,19734,1651,Salomón Rondón,1989-09-16,275,,,33,
13,19734,33991824,Tom Cannon,2002-12-28,462,,,47,
13,19734,1249,Andros Townsend,1991-07-16,462,,,14,
13,19734,37259199,Reece Welch,2003-09-19,462,,,64,
13,19734,129245,Allan ,1991-01-08,5,,,6,
13,19734,922,Dele Alli,1996-04-11,462,,,20,
13,19734,5141,Dominic Calvert-Lewin,1997-03-16,462,,,9,
13,19734,37344240,Isaac Price,2003-09-26,491,,,60,
13,19734,37581743,Ishé Samuels-Smith,2006-06-05,462,,,59,
13,19734,1574,Eldin Jakupović,1984-10-02,62,,,35,
13,19734,7958,Ben Godfrey,1998-01-15,462,,,22,
13,19734,681,Asmir Begović,1987-06-20,507,,,15,
13,19734,881,Michael Keane,1993-01-11,462,,,5,
13,19734,537271,Vitaliy Mykolenko,1999-05-29,86,,,19,
13,19734,1881,Alex Iwobi,1996-05-03,716,,,17,
13,19734,1030,Idrissa Gueye,1989-09-26,200,,,27,
13,19734,15076357,Ellis Simms,2001-01-05,462,,,50,
13,19734,1692,Mason Holgate,1996-10-22,462,,,4,
13,19734,2144,Abdoulaye Doucouré,1993-01-01,26,,,16,
13,19734,1572,Demarai Gray,1996-06-28,1640,,,11,
13,19734,3043,Conor Coady,1993-02-25,462,,,30,
13,19734,22878573,Amadou Onana ,2001-08-16,556,,,8,
13,19734,1706,Tom Davies,1998-06-30,462,,,26,
13,19734,4598726,Dwight McNeil,1999-11-22,1640,,,7,
13,19734,95776,Neal Maupay,1996-08-14,17,,,20,
13,19734,4536524,James Garner,2001-03-13,462,,,37,
13,19734,1639,James Tarkowski,1992-11-19,462,,,2,
13,19734,220040,Yerry Mina ,1994-09-23,353,,,13,
13,19734,764,Séamus Coleman,1988-10-11,455,,,23,
13,19734,9611543,Anthony Gordon,2001-02-24,462,,,10,
14,19734,37316549,Alejandro Garnacho,2004-07-01,44,,,49,
14,19734,27422646,Shola Shoretire,2004-02-02,462,,,47,
14,19734,37540234,Kobbie Mainoo,2005-04-19,462,,,73,
14,19734,37544312,Marc Jurado,2004-04-13,32,,,63,
14,19734,160206,Victor Lindelöf,1994-07-17,47,,,2,
14,19734,433,Phil Jones,1992-02-21,462,,,4,
14,19734,95807,Raphaël Varane,1993-04-25,17,,,19,
14,19734,1454,Tom Heaton,1986-04-15,462,,,22,
14,19734,20673398,Facundo Pellistri,2001-12-20,158,,,28,
14,19734,37365874,Zidane Iqbal,2003-04-27,107,,,55,
14,19734,12759176,Matej Kovar,2000-05-17,245,,,40,
14,19734,10907,Nathan Bishop,1999-10-15,462,,,30,
14,19734,37537862,Rhys Bennett,2003-10-30,462,,,66,
14,19734,4536527,Brandon Williams,2000-09-03,462,,,33,
14,19734,4536524,James Garner,2001-03-13,462,,,37,
14,19734,80889,Martin Dúbravka,1989-01-15,401,,,31,
14,19734,1462,Jack Butland,1993-03-10,462,,,31,
14,19734,20333643,Mason Greenwood,2001-10-01,462,,,11,
14,19734,26031,Donny van de Beek,1997-04-18,38,,,34,
14,19734,12647,Dean Henderson ,1997-03-12,462,,,,
14,19734,37317015,Amad Diallo ,2002-07-11,23,,,,
14,19734,4391,Axel Tuanzebe,1997-11-14,1320,,,,
14,19734,37316858,Hannibal,2003-01-21,1439,,,,
14,19734,37537864,Álvaro Carreras,2003-03-23,32,,,,
14,19734,164061,Diogo Dalot,1999-03-18,20,,,20,
14,19734,25317,Wout Weghorst,1992-08-07,38,,,27,
14,19734,32582,Marcel Sabitzer,1994-03-17,143,,,15,
14,19734,832,David de Gea ,1990-11-07,32,,,1,
14,19734,28912805,Anthony Elanga,2002-04-27,47,,,36,
14,19734,2158417,Tyrell Malacia,1999-08-17,7437,,,12,
14,19734,1829,Anthony Martial,1995-12-05,17,,,9,
14,19734,1878,Marcus Rashford,1997-10-31,462,,,10,
14,19734,24469185,Teden Mengi,2002-04-30,462,,,43,
14,19734,538034,Jadon Sancho,2000-03-25,462,,,25,
14,19734,992,Christian Eriksen,1992-02-14,320,,,14,
14,19734,205411,Fred,1993-03-05,5,,,17,
14,19734,5252,Aaron Wan-Bissaka,1997-11-26,1320,,,29,
14,19734,455376,Scott McTominay ,1996-12-08,1161,,,39,
14,19734,129602,Bruno Fernandes ,1994-09-08,20,,,8,
14,19734,2206665,Lisandro Martínez,1998-01-18,44,,,6,
14,19734,12393293,Antony,2000-02-24,5,,,21,
14,19734,159700,Casemiro,1992-02-23,5,,,18,
14,19734,955,Luke Shaw,1995-07-12,462,,,23,
14,19734,580,Cristiano Ronaldo,1985-02-05,20,,,7,
14,19734,2884,Harry Maguire,1993-03-05,462,,,5,
15,19734,33587292,Sebastian Revan ,2003-07-14,462,,,56,
15,19734,4254,Bertrand Traoré,1995-09-06,607,,,9,
15,19734,37282898,Ben Chrisene,2004-01-12,462,,,,
15,19734,28575720,Filip Marschall,2003-04-24,462,,,42,
15,19734,1177,Calum Chambers ,1995-01-20,462,,,16,
15,19734,84462,Ludwig Augustinsson,1994-04-21,47,,,17,
15,19734,37259239,Tim Iroegbunam,2003-06-30,462,,,47,
15,19734,7124,Ezri Konsa,1997-10-23,462,,,4,
15,19734,37316839,James Wright,2004-12-02,462,,,64,
15,19734,529045,Viljami Sinisalo,2001-10-11,1233,,,38,
15,19734,25126,Marvelous Nakamba,1994-01-19,2325,,,19,
15,19734,37547541,Tommi O'Reilly,2003-12-15,462,,,58,
15,19734,186585,Álex Moreno,1993-06-08,32,,,15,
15,19734,37567882,Kadan Young,2006-01-19,462,,,72,
15,19734,37564236,Travis Patterson,2005-10-06,462,,,66,
15,19734,96090,Morgan Sanson,1994-08-18,17,,,8,
15,19734,84540,Robin Olsen,1990-01-08,47,,,25,
15,19734,155138,Jan Bednarek,1996-04-12,2,,,20,
15,19734,28912777,Cameron Archer,2001-12-09,462,,,35,
15,19734,96689,Diego Carlos,1993-03-15,5,,,3,
15,19734,33716,Leon Bailey ,1997-08-09,1640,,,31,
15,19734,37539349,Lamare Bogarde,2004-01-05,38,,,52,
15,19734,30071882,Jhon Durán,2003-12-13,353,,,22,
15,19734,957,J. Steer,1992-09-23,462,,,12,
15,19734,37536795,Sil Swinkels,2004-01-06,38,,,50,
15,19734,37425229,Oliwier Zych,2004-06-28,2,,,48,
15,19734,810,Philippe Coutinho,1992-06-12,5,,,23,
15,19734,9939183,Paweł Żuk,2001-01-29,2,,,42,
15,19734,1450,Danny Ings,1992-07-23,462,,,9,
15,19734,62423,Leander Dendoncker,1995-04-15,556,,,32,
15,19734,6524,Matty Cash,1997-08-07,2,,,2,
15,19734,186660,Emiliano Buendía,1996-12-25,44,,,10,
15,19734,12145,Ollie Watkins,1995-12-30,462,,,11,
15,19734,165,Ashley Young,1985-07-09,462,,,18,
15,19734,1343,Emiliano Martínez,1992-09-02,44,,,1,
15,19734,95368,Lucas Digne,1993-07-20,17,,,27,
15,19734,11705406,Jacob Ramsey,2001-05-28,462,,,41,
15,19734,1094,Tyrone Mings,1993-03-13,462,,,5,
15,19734,97626,Boubacar Kamara,1999-11-23,17,,,44,
15,19734,172611,John McGinn ,1994-10-18,1161,,,7,
15,19734,225000,Douglas Luiz,1998-05-09,5,,,6,
18,19734,37536793,Alfie Gilchrist,2003-11-28,462,,,58,
18,19734,37555964,David Datro Fofana,2002-12-22,23,,,27,
18,19734,37459072,Lewis Hall,2004-09-08,462,,,67,
18,19734,3268,Marcus Bettinelli,1992-05-24,462,,,13,
18,19734,31626713,Carney Chukwuemeka,2003-10-20,143,,,30,
18,19734,95792,Thiago Silva,1984-09-22,5,,,6,
18,19734,37259181,Bashir Humphreys,2003-03-15,462,,,42,
18,19734,37536911,Omari Hutchinson,2003-10-30,1640,,,56,
18,19734,99137,Edouard Mendy,1992-03-01,200,,,16,
18,19734,186606,Kepa Arrizabalaga,1994-10-03,32,,,1,
18,19734,37326106,Harvey Vale,2003-09-11,462,,,39,
18,19734,12542,Ethan Ampadu ,2000-09-14,515,,,44,
18,19734,198051,Denis Zakaria ,1996-11-20,62,,,20,
18,19734,28912772,Ethan Wady,2002-01-23,3483,,,80,
18,19734,6599973,Billy Gilmour,2001-06-11,1161,,,35,
18,19734,2875858,Callum Hudson-Odoi,2000-11-07,462,,,20,
18,19734,35659570,Gabriel Slonina,2004-05-15,3483,,,36,
18,19734,4267,Abdul Rahman Baba,1994-07-02,468,,,,
18,19734,11311795,Wesley Fofana,2000-12-17,17,,,33,
18,19734,129511,Jorginho,1991-12-20,251,,,5,
18,19734,1330,César Azpilicueta,1989-08-28,32,,,28,
18,19734,25217662,Noni Madueke,2002-03-10,462,,,31,
18,19734,29709995,Enzo Fernández,2001-01-17,44,,,5,
18,19734,802,Raheem Sterling,1994-12-08,462,,,17,
18,19734,32612,Kai Havertz,1999-06-11,11,,,29,
18,19734,1601,Ben Chilwell,1996-12-21,462,,,21,
18,19734,61806,Kalidou Koulibaly,1991-06-20,200,,,26,
18,19734,9938919,Mykhaylo Mudryk,2001-01-05,86,,,15,
18,19734,4545394,Benoît Badiashile,2001-03-26,17,,,4,
18,19734,581220,Reece James ,1999-12-08,462,,,24,
18,19734,31739,Pierre-Emerick Aubameyang,1989-06-18,3662,,,9,
18,19734,537121,Mason Mount ,1999-01-10,462,,,19,
18,19734,23697427,Armando Broja,2001-09-10,2454,,,18,
18,19734,24288,Hakim Ziyech,1993-03-19,1424,,,22,
18,19734,1193,N'Golo Kanté,1991-03-29,17,,,7,
18,19734,448448,Marc Cucurella,1998-07-22,32,,,32,
18,19734,73147,Mateo Kovacic,1994-05-06,266,,,8,
18,19734,1494245,Conor Gallagher,2000-02-06,462,,,23,
18,19734,1953,Ruben Loftus-Cheek,1996-01-23,462,,,12,
18,19734,537117,Trevoh Chalobah,1999-07-05,462,,,14,
18,19734,32438,Christian Pulisic,1998-09-18,3483,,,10,
18,19734,163152,João Félix,1999-11-10,20,,,11,
19,19734,37436324,Mauro Bandeira,2003-11-18,20,,,41,
19,19734,13633389,Matthew Smith,2000-10-05,462,,,72,
19,19734,537759,Reiss Nelson,1999-12-10,462,,,24,
19,19734,28912715,Nathan Butler-Oyedeji,2003-01-04,462,,,43,
19,19734,37536817,Lino Sousa,2005-01-19,462,,,96,
19,19734,96656,Nicolas Pépé,1995-05-29,23,,,19,
19,19734,37565028,Amario Cozier-Duberry,2005-05-29,462,,,85,
19,19734,22897102,Karl Hein,2002-04-13,2405,,,31,
19,19734,5329,Gabriel Jesus,1997-04-03,5,,,9,
19,19734,37565025,Reuell Walters,2004-12-16,462,,,97,
19,19734,17544737,William Saliba ,2001-03-24,17,,,12,
19,19734,37568808,Ethan Nwaneri,2007-03-21,462,,,83,
19,19734,262551,Matt Turner,1994-06-24,3483,,,30,
19,19734,37567314,Marquinhos ,2003-04-07,5,,,27,
19,19734,538907,Albert Sambi Lokonga,1999-10-22,556,,,23,
19,19734,1891,Mohamed Elneny,1992-07-11,886,,,25,
19,19734,1494446,Emile Smith Rowe,2000-07-28,462,,,10,
19,19734,1362,Cédric Soares,1991-08-31,20,,,17,
19,19734,4344,Ainsley Maitland-Niles,1997-08-29,462,,,,
19,19734,262280,Auston Trusty,1998-08-12,3483,,,,
19,19734,8403613,Jakub Kiwior,2000-02-15,2,,,15,
19,19734,129511,Jorginho,1991-12-20,251,,,20,
19,19734,26603,Oleksandr Zinchenko,1996-12-15,86,,,35,
19,19734,9939183,Paweł Żuk,2001-01-29,2,,,43,
19,19734,1887,Granit Xhaka ,1992-09-27,62,,,34,
19,19734,16827155,Bukayo Saka,2001-09-05,462,,,7,
19,19734,1901,Rob Holding,1995-09-20,462,,,16,
19,19734,310288,Takehiro Tomiyasu,1998-11-05,479,,,18,
19,19734,3259,Ben White,1997-10-08,462,,,4,
19,19734,186370,Thomas Partey,1993-06-13,468,,,5,
19,19734,61780,Leandro Trossard,1994-12-04,556,,,19,
19,19734,539961,Eddie Nketiah,1999-05-30,462,,,14,
19,19734,172960,Kieran Tierney,1997-06-05,1161,,,3,
19,19734,9438,Aaron Ramsdale,1998-05-14,462,,,1,
19,19734,97811,Gabriel,1997-12-19,5,,,6,
19,19734,10959356,Gabriel Martinelli,2001-06-18,5,,,11,
19,19734,26823,Martin Ødegaard ,1998-12-17,1578,,,8,
19,19734,5270497,Fábio Vieira,2000-05-30,20,,,21,
20,19734,9611543,Anthony Gordon,2001-02-24,462,,,8,
20,19734,332047,Elliot Anderson,2002-11-06,462,,,32,
20,19734,2985,Jamaal Lascelles,1993-11-11,462,,,6,
20,19734,80889,Martin Dúbravka,1989-01-15,401,,,1,
20,19734,819,Jonjo Shelvey,1992-02-27,462,,,8,
20,19734,1352,Javier Manquillo,1994-05-05,32,,,19,
20,19734,1414,Paul Dummett,1991-09-26,515,,,3,
20,19734,31626620,Harrison Ashby,2001-11-14,1161,,,30,
20,19734,7855,Mark Gillespie,1992-03-27,462,,,29,
20,19734,4817,Loris Karius,1993-06-22,11,,,18,
20,19734,22536394,Matty Longstaff,2000-03-21,462,,,,
20,19734,129966,Emil Krafth,1994-08-02,47,,,17,
20,19734,1397,Karl Darlow,1990-10-08,515,,,26,
20,19734,1061,Matt Ritchie,1989-09-10,1161,,,11,
20,19734,37581796,Lewis Miley,2006-05-01,462,,,81,
20,19734,2361,Jeff Hendrick,1992-01-31,455,,,,
20,19734,2954,Isaac Hayden,1995-03-22,462,,,,
20,19734,19996845,Kell Watts,1999-11-03,462,,,,
20,19734,2712,Ryan Fraser,1994-02-24,1161,,,21,
20,19734,2763,Nick Pope,1992-04-19,462,,,22,
20,19734,3071,Jacob Murphy,1995-02-24,462,,,23,
20,19734,1387,Matt Targett,1995-09-18,462,,,13,
20,19734,360,Ciaran Clark,1989-09-26,455,,,,
20,19734,34053,Alexander Isak,1999-09-21,47,,,14,
20,19734,1494666,Jamal Piaras Lewis,1998-01-25,491,,,12,
20,19734,257663,Miguel Almirón ,1994-02-10,1190,,,24,
20,19734,2815,Dan Burn ,1992-05-09,462,,,33,
20,19734,1065,Callum Wilson,1992-02-27,462,,,9,
20,19734,173737,Sean Longstaff,1997-10-30,462,,,36,
20,19734,5270468,Sven Botman,2000-01-12,38,,,4,
20,19734,32508,Allan Saint-Maximin,1997-03-12,17,,,10,
20,19734,32372,Fabian Schär,1991-12-20,62,,,5,
20,19734,1494447,Joe Willock,1999-08-20,462,,,28,
20,19734,1016,Kieran Trippier,1990-09-19,462,,,2,
20,19734,459145,Bruno Guimarães,1997-11-16,5,,,39,
20,19734,33645,Joelinton,1996-08-14,5,,,7,
20,19734,914,Chris Wood,1991-12-07,2817,,,20,
29,19734,52868,Hee-chan Hwang,1996-01-26,712,,,11,
29,19734,160217,Raúl Jiménez,1991-05-05,458,,,9,
29,19734,23739135,Luke Cundle,2002-04-26,462,,,39,
29,19734,26715427,Louie Moulden,2002-01-06,462,,,13,
29,19734,3301,Daniel Bentley,1993-07-13,462,,,25,
29,19734,160834,Daniel Podence,1995-10-21,20,,,10,
29,19734,3043,Conor Coady,1993-02-25,462,,,16,
29,19734,95348,Willy Boly,1991-02-03,17,,,15,
29,19734,7566,Matija Šarkić,1997-07-23,998,,,13,
29,19734,96102,João Moutinho,1986-09-08,20,,,28,
29,19734,24081648,Chem Campbell,2002-12-30,515,,,77,
29,19734,1183,Craig Dawson,1990-05-06,462,,,15,
29,19734,28912742,Joe Hodge,2002-09-14,455,,,59,
29,19734,11705403,Nathan Collins ,2001-04-30,455,,,4,
29,19734,23739134,Lewis Richards,2001-10-15,462,,,42,
29,19734,34455257,Harvey Griffiths,2003-09-22,462,,,66,
29,19734,1548028,Sasa Kalajdzic,1997-07-07,143,,,18,
29,19734,37400484,Yerson Mosquera,2001-05-02,353,,,14,
29,19734,7522,Connor Ronan,1998-03-06,455,,,25,
29,19734,37560477,Nathan Fraser,2005-02-22,462,,,63,
29,19734,62423,Leander Dendoncker,1995-04-15,556,,,32,
29,19734,37316869,Dexter Lembikisa,2003-11-04,1640,,,81,
29,19734,7926,Morgan Gibbs-White,2000-01-27,462,,,18,
29,19734,36084757,Boubacar Traoré,2001-08-20,26,,,6,
29,19734,37404802,Francisco Jorge Tavares Oliveira,2000-02-05,20,,,20,
29,19734,159483,José Sá,1993-01-17,20,,,1,
29,19734,496775,Pedro Neto,2000-03-09,20,,,7,
29,19734,1846739,Matheus Cunha,1999-05-27,5,,,12,
29,19734,21781428,Matheus Nunes,1998-08-27,20,,,27,
29,19734,1339,Diego Costa,1988-10-07,32,,,29,
29,19734,4241,Adama Traoré,1996-01-25,32,,,37,
29,19734,159699,Rúben Neves,1997-03-13,20,,,8,
29,19734,186426,Jonny Otto,1994-03-03,32,,,19,
29,19734,37402348,João Gomes,2001-02-12,5,,,35,
29,19734,37286738,Hugo Bueno,2002-09-18,32,,,64,
29,19734,96017,Mario Lemina,1993-09-01,3662,,,5,
29,19734,160110,Nélson Semedo,1993-11-16,20,,,22,
29,19734,1745,Jérémy Pied,1989-02-23,17,,,35,
29,19734,13590962,Rayan Aït-Nouri,2001-06-06,614,,,3,
29,19734,186025,Pablo Sarabia,1992-05-11,32,,,21,
29,19734,97692,Gonçalo Guedes,1996-11-29,20,,,17,
29,19734,498161,Maximilian Kilman,1997-05-23,462,,,23,
29,19734,29303604,Toti ,1999-01-16,20,,,24,
42,19734,10309700,Luke Jonathan Thomas,2001-06-10,462,,,33,
42,19734,1573,Daniel Amartey,1994-12-21,468,,,18,
42,19734,581238,Daniel Iversen,1997-07-19,320,,,31,
42,19734,173121,Harry James Souttar,1998-10-22,98,,,15,
42,19734,28575743,Kasey McAteer ,2001-11-22,462,,,47,
42,19734,96838,Ricardo Pereira,1993-10-06,20,,,21,
42,19734,31129,Jannik Vestergaard,1992-08-03,320,,,23,
42,19734,37536798,Joe Wormleighton,2003-10-16,462,,,60,
42,19734,32574,Çağlar Söyüncü,1996-05-23,404,,,4,
42,19734,174,Marc Albrighton,1989-11-18,462,,,11,
42,19734,11705405,Lewis Brunt,2000-11-06,462,,,34,
42,19734,32796825,Victor Kristiansen,2002-12-16,320,,,16,
42,19734,37545771,Samuel Charles Braybrooke,2004-03-12,462,,,44,
42,19734,11311795,Wesley Fofana,2000-12-17,17,,,3,
42,19734,1396,Ayoze Pérez,1993-07-29,32,,,17,
42,19734,3282,Danny Ward,1993-06-22,515,,,1,
42,19734,2313,Alex Smithies,1990-03-05,462,,,12,
42,19734,1350,Ryan Bertrand,1989-08-05,462,,,5,
42,19734,33991810,Wanya Marçal,2002-10-19,20,,,40,
42,19734,7577,George Hirst,1999-02-15,1161,,,,
42,19734,6518,Hamza Dewan Choudhury,1997-10-01,462,,,,
42,19734,61654,Dennis Praet,1994-05-14,556,,,26,
42,19734,29313293,Tetê,2000-02-15,5,,,37,
42,19734,1182,Jamie Vardy,1987-01-11,462,,,9,
42,19734,62337,Timothy Castagne,1995-12-05,556,,,27,
42,19734,10601,Harvey Barnes,1997-12-09,462,,,7,
42,19734,1488,Kelechi Iheanacho,1996-10-03,716,,,14,
42,19734,62342,Youri Tielemans,1997-05-07,556,,,8,
42,19734,26955,Wout Felix Lina Faes,1998-04-03,556,,,3,
42,19734,4679,Nampalys Mendy,1992-06-23,200,,,24,
42,19734,432912,Boubakary Soumaré,1999-02-27,17,,,42,
42,19734,12514,James Justin,1998-02-23,462,,,2,
42,19734,5319,Wilfred Ndidi,1996-12-16,716,,,25,
42,19734,612,Jonny Evans,1988-01-03,491,,,6,
42,19734,55485,Patson Daka,1998-10-09,2568,,,20,
42,19734,6838,James Maddison,1996-11-23,462,,,10,
42,19734,540613,Kiernan Dewsbury-Hall,1998-09-06,462,,,22,
51,19734,37554902,Kaden Rodney,2004-10-07,462,,,78,
51,19734,37537859,Owen Goodman,2003-11-27,1004,,,63,
51,19734,37391503,John-Kymani Gordon,2003-02-13,462,,,45,
51,19734,18218609,Chris Richards,2000-03-28,3483,,,26,
51,19734,37316940,Naouirou Ahamada,2002-03-29,17,,,29,
51,19734,498,James McArthur,1987-10-07,1161,,,18,
51,19734,3188072,Nathan Ferguson,2000-10-06,462,,,36,
51,19734,185723,Vicente Guaita,1987-01-10,32,,,13,
51,19734,25399,Jaïro Riedewald,1996-09-09,38,,,44,
51,19734,1008,Sam Johnstone,1993-03-25,462,,,21,
51,19734,37537855,Jack Wells-Morrison,,462,,,47,
51,19734,456883,Kofi Balmer,2000-09-19,491,,,43,
51,19734,1462,Jack Butland,1993-03-10,462,,,1,
51,19734,4598710,Tyrick Mitchell,1999-09-01,462,,,3,
51,19734,37561117,David Ozoh,2005-05-06,462,,,77,
51,19734,2332,Will Hughes,1995-04-17,462,,,19,
51,19734,37259172,Luke Plange,2002-11-04,462,,,48,
51,19734,37529807,Killian Phillips,2002-03-30,455,,,55,
51,19734,37354790,Tayo Adaramola,2003-11-14,455,,,38,
51,19734,1202,Nathaniel Clyne,1991-04-05,462,,,17,
51,19734,37391506,Joe Whitworth,2004-02-29,462,,,41,
51,19734,9278,Remi Matthews,1994-02-10,462,,,,
51,19734,336,James Tomkins,1989-03-29,462,,,5,
51,19734,1108,Wilfried Zaha,1992-11-10,23,,,11,
51,19734,25284,Joachim Andersen,1996-05-31,320,,,16,
51,19734,5640926,Cheick Doucouré,2000-01-08,26,,,28,
51,19734,692,Joel Ward,1989-10-29,462,,,2,
51,19734,1038,Jordan Ayew,1991-09-11,468,,,9,
51,19734,24799984,Michael Olise,2001-12-12,17,,,7,
51,19734,5371,Luka Milivojevic,1991-04-07,296,,,4,
51,19734,4536500,Marc Guéhi,2000-07-13,462,,,6,
51,19734,96950,Jean-Philippe Mateta ,1997-06-28,17,,,14,
51,19734,96792,Odsonne Édouard,1998-01-16,17,,,22,
51,19734,7643,Eberechi Eze,1998-06-29,462,,,10,
51,19734,927,Jeffrey Schlupp,1992-12-23,468,,,15,
51,19734,37298063,Malcolm Ebiowei,2003-09-04,462,,,23,
51,19734,538907,Albert Sambi Lokonga,1999-10-22,556,,,8,
52,19734,1393,Jack Stephens ,1994-01-27,462,,,3,
52,19734,9808,David Brooks,1997-07-08,515,,,7,
52,19734,333989,Marcos Senesi,1997-05-10,44,,,25,
52,19734,456276,Matías Viña,1997-11-09,158,,,18,
52,19734,2511082,Hamed Traoré ,2000-02-16,23,,,22,
52,19734,4613,Joe Rothwell,1995-01-11,462,,,14,
52,19734,37371069,Christian Saydee,2002-05-10,462,,,38,
52,19734,6634,Ben Pearson,1995-01-04,462,,,22,
52,19734,339083,Chris Mepham,1997-11-05,515,,,6,
52,19734,37549901,Owen Bevan,2003-10-26,515,,,35,
52,19734,11541,Jamal Lowe,1994-07-21,1640,,,18,
52,19734,37608777,Daniel Adu-Adjei,2005-06-21,462,,,51,
52,19734,37592022,Dominic Sadi,2003-09-02,462,,,49,
52,19734,83927,Emiliano Marcondes,1995-03-09,320,,,11,
52,19734,37391326,Cameron Plain,2001-09-24,462,,,45,
52,19734,37391330,Euan Pollock,2002-10-03,462,,,41,
52,19734,37549913,Michael Dacosta Gonzalez,2005-03-05,32,,,50,
52,19734,37325112,Will Dennis,2000-07-10,462,,,40,
52,19734,22169325,James Hill,2002-01-10,462,,,23,
52,19734,128798,Neto,1989-07-19,5,,,13,
52,19734,25591503,Jordan Zemura,1999-11-14,2325,,,33,
52,19734,1449,Darren Randolph,1987-05-12,455,,,12,
52,19734,513,Junior Stanislas,1989-11-26,462,,,19,
52,19734,24065255,Ilya Zabarnyi,2002-09-01,86,,,27,
52,19734,28932248,Ben Greenwood,2002-03-26,462,,,43,
52,19734,37608765,Max Kinsey,2005-02-02,462,,,53,
52,19734,37259101,Gavin Kilkenny,2000-02-01,455,,,,
52,19734,537493,Marcus Tavernier,1999-03-22,462,,,16,
52,19734,4371,Ryan Fredericks,1992-10-10,462,,,2,
52,19734,22169319,Mark Travers,1999-05-18,455,,,1,
52,19734,7655,Lloyd Kelly,1998-10-06,462,,,5,
52,19734,1525103,Siriki Dembélé,1996-09-07,1161,,,20,
52,19734,5917,Jack Stacey,1996-04-06,462,,,17,
52,19734,4203,Dominic Solanke,1997-09-14,462,,,9,
52,19734,37392849,Jaidon Anthony,1999-12-01,1640,,,32,
52,19734,1834,Lewis Cook,1997-02-03,462,,,4,
52,19734,172752,Ryan Christie,1995-02-22,1161,,,10,
52,19734,6087,Philip Billing,1996-06-11,320,,,29,
52,19734,186766,Jefferson Lerma,1994-10-25,353,,,8,
52,19734,5681,Kieffer Moore,1992-08-08,515,,,21,
52,19734,37543248,Dango Ouattara,2002-02-11,607,,,11,
52,19734,10990678,Antoine Semenyo,2000-01-07,468,,,24,
52,19734,1095,Adam Smith ,1991-04-29,462,,,15,
63,19734,24816767,Dale Taylor,2003-12-12,491,,,36,
63,19734,37391683,Oliver Hammond,2002-11-13,515,,,41,
63,19734,95094,Serge Aurier,1992-12-24,23,,,24,
63,19734,581206,Omar Richards,1998-02-15,462,,,27,
63,19734,186029,Keylor Navas,1986-12-15,1739,,,12,
63,19734,95348,Willy Boly,1991-02-03,17,,,30,
63,19734,7926,Morgan Gibbs-White,2000-01-27,462,,,10,
63,19734,6306131,Giulian Biancone,2000-03-31,17,,,2,
63,19734,6590,Jordan Smith,1994-12-08,462,,,12,
63,19734,1842,Harry Arter,1989-12-28,455,,,,
63,19734,37391019,George Shelvey,2001-04-22,462,,,43,
63,19734,10279739,Loïc Badé,2000-04-11,17,,,28,
63,19734,12647,Dean Henderson ,1997-03-12,462,,,1,
63,19734,10831,Ryan Yates ,1997-11-21,462,,,22,
63,19734,1028,Steve Cook,1991-04-19,462,,,3,
63,19734,219172,Gustavo Scarpa,1994-01-05,5,,,31,
63,19734,819,Jonjo Shelvey,1992-02-27,462,,,6,
63,19734,4536583,Loïc Mbe Soh,2001-06-13,17,,,6,
63,19734,221450,Renan Lodi,1998-04-08,5,,,32,
63,19734,1309,André Ayew,1989-12-17,468,,,34,
63,19734,8191,Lyle Taylor,1990-03-29,14837,,,33,
63,19734,14338066,Adnan Kanuric,2000-08-08,507,,,,
63,19734,332147,Sam Surridge,1998-07-28,462,,,16,
63,19734,453022,Talal Al Shorooqi,1996-05-01,190321,,,36,
63,19734,32786894,Alex Mighten,2002-04-11,462,,,17,
63,19734,518750,Josh Bowler,1999-03-05,462,,,,
63,19734,1494244,Jonathan Panzo,2000-10-25,462,,,,
63,19734,96714,Cafú,1993-02-26,20,,,18,
63,19734,1243,Cheikhou Kouyaté,1989-12-21,200,,,21,
63,19734,7176,Joe Worrall,1997-01-10,462,,,4,
63,19734,523939,Orel Mangala,1998-03-18,556,,,5,
63,19734,11720838,Neco Williams,2001-04-13,515,,,7,
63,19734,205944,Emmanuel Dennis,1997-11-15,716,,,25,
63,19734,25930790,Brennan Johnson,2001-05-23,515,,,20,
63,19734,26506,Taiwo Awoniyi,1997-08-12,716,,,9,
63,19734,37533413,Danilo,2001-04-29,5,,,28,
63,19734,914,Chris Wood,1991-12-07,2817,,,39,
63,19734,519,Wayne Hennessey,1987-01-24,515,,,13,
63,19734,3463,Harry Toffolo,1995-08-19,462,,,15,
63,19734,173047,Scott McKenna,1996-11-12,1161,,,26,
63,19734,98874,Moussa Niakhaté,1996-03-08,200,,,19,
63,19734,820,Jesse Lingard,1992-12-15,462,,,11,
63,19734,130145,Remo Freuler,1992-04-15,62,,,23,
63,19734,160121,D Godoy,1989-05-16,5,,,38,
63,19734,784,Jack Colback,1989-10-24,462,,,8,
63,19734,10310312,Lewis O'Brien,1998-10-14,462,,,14,
65,19734,37560892,Dom Ballard,2005-04-01,462,,,53,
65,19734,37592030,Samuel Amo-Ameyaw,2006-07-18,462,,,75,
65,19734,581043,Yan Valery,1999-02-22,1439,,,43,
65,19734,84143,Paul Onuachu,1994-05-28,716,,,12,
65,19734,37536910,Ryan Finnigan,2003-09-23,462,,,50,
65,19734,37350712,Lewis Payne,2004-05-30,462,,,61,
65,19734,11347016,Mohammed Salisu ,1999-04-17,468,,,22,
65,19734,1440,Willy Caballero,1981-09-28,44,,,13,
65,19734,1393,Jack Stephens ,1994-01-27,462,,,5,
65,19734,16845996,Gavin Bazunu ,2002-02-20,455,,,31,
65,19734,37410255,Carlos Alcaraz,2002-11-30,44,,,26,
65,19734,1505,Oriol Romeu,1991-09-24,32,,,6,
65,19734,979,Nathan Redmond,1994-03-06,462,,,11,
65,19734,72977,Mislav Orsic,1992-12-29,266,,,11,
65,19734,337432,Romain Perraud,1997-09-22,17,,,15,
65,19734,37589606,Jimmy-Jay Morgan,2006-01-21,462,,,46,
65,19734,24799911,Tino Livramento ,2002-11-12,462,,,21,
65,19734,155138,Jan Bednarek,1996-04-12,2,,,35,
65,19734,1131,Alex Simon McCarthy,1989-12-03,462,,,1,
65,19734,37537876,Juan Larios,2004-01-12,32,,,28,
65,19734,37558443,Kamari Doyle,2005-08-01,462,,,65,
65,19734,6513,James Bree,1997-12-11,462,,,14,
65,19734,581052,Will Smallbone ,2000-02-21,455,,,,
65,19734,581122,Dan Nlundulu,1999-02-05,462,,,,
65,19734,1494225,Nathan Tella,1999-07-05,716,,,,
65,19734,27066567,Armel Bella-Kotchap,2001-12-11,11,,,37,
65,19734,9826,Joe Aribo,1996-07-21,716,,,7,
65,19734,4344,Ainsley Maitland-Niles,1997-08-29,462,,,3,
65,19734,537558,Ibrahima Diallo,1999-03-08,17,,,27,
65,19734,3596,Ché Adams,1996-07-13,1161,,,10,
65,19734,52573,Duje Caleta-Car,1996-09-17,266,,,6,
65,19734,2951,Adam Armstrong,1997-02-10,462,,,9,
65,19734,37289022,Sékou Mara,2002-07-30,17,,,18,
65,19734,172357,Stuart Armstrong,1992-03-30,1161,,,17,
65,19734,53,Theo Walcott,1989-03-16,462,,,32,
65,19734,150759,Mohamed Elyounoussi,1994-08-04,1578,,,24,
65,19734,4659,Kyle Walker-Peters,1997-04-13,462,,,2,
65,19734,1155,James Ward-Prowse,1994-11-01,462,,,8,
65,19734,978883,Moussa Djenepo,1998-06-15,26,,,19,
65,19734,37438667,Kamaldeen Sulemana ,2002-02-15,468,,,20,
65,19734,219534,Lyanco,1997-02-01,5,,,4,
65,19734,37536874,Roméo Lavia,2004-01-06,556,,,45,
65,19734,37316841,Samuel Edozie,2003-01-28,462,,,23,
71,19734,21412958,Cody Drameh,2001-12-08,462,,,37,
71,19734,2818,Stuart Dallas,1991-04-19,491,,,15,
71,19734,1011,Joel Robles,1990-06-17,32,,,22,
71,19734,455794,Kristoffer Klaesson,2000-11-27,1578,,,13,
71,19734,5149,Daniel James,1997-11-10,515,,,20,
71,19734,32796077,Darko Gyabi ,2004-02-18,462,,,18,
71,19734,29478,Pascal Struijk,1999-08-11,556,,,21,
71,19734,186595,Diego Llorente,1993-08-16,32,,,14,
71,19734,37581741,Archie Gray,2006-03-12,462,,,63,
71,19734,21762788,Joe Gelhardt,2002-05-04,462,,,30,
71,19734,25063,Mateusz Klich,1990-06-13,2,,,43,
71,19734,37336214,Leo Hjelde,2003-08-26,1578,,,33,
71,19734,21782390,Georginio Rutter,2002-04-20,17,,,24,
71,19734,37346914,Sonny Perkins,2004-02-10,462,,,16,
71,19734,4527,Tyler Roberts,1999-01-12,515,,,,
71,19734,20694519,Jamie Shackleton ,1999-10-08,462,,,,
71,19734,37391226,Charlie Cresswell,2002-08-17,462,,,,
71,19734,2823510,Ian Poveda,2000-02-09,462,,,,
71,19734,1716,Adam Forshaw,1991-10-08,462,,,4,
71,19734,37568967,Mateo Joseph ,2003-10-19,462,,,49,
71,19734,608189,Weston McKennie ,1998-08-28,3483,,,28,
71,19734,37536407,Jeremiah Chilokoa-Mullen,2004-06-17,1161,,,62,
71,19734,449187,Junior Firpo,1996-08-22,32,,,3,
71,19734,9939203,Crysencio Summerville,2001-10-30,38,,,10,
71,19734,37551480,Diogo Monteiro,2005-01-28,20,,,34,
71,19734,84528,Rasmus Nissen Kristensen ,1997-07-11,320,,,25,
71,19734,186922,Marc Roca,1996-11-26,32,,,8,
71,19734,262274,Jack Harrison,1996-11-20,462,,,11,
71,19734,432881,Illan Meslier,2000-03-02,17,,,1,
71,19734,793,Rodrigo,1991-03-06,32,,,19,
71,19734,52850,Maximilian Wöber,1998-02-04,143,,,39,
71,19734,3158,Luke Ayling,1991-08-25,462,,,2,
71,19734,35364,Robin Koch ,1996-07-17,11,,,5,
71,19734,28912710,Sam Greenwood,2002-01-26,462,,,42,
71,19734,37316986,Wilfried Gnonto,2003-11-05,23,,,29,
71,19734,3344,Liam Cooper,1991-08-30,1161,,,6,
71,19734,262324,Tyler Adams,1999-02-14,3483,,,12,
71,19734,4552689,Brenden Aaronson,2000-10-22,3483,,,7,
71,19734,239578,Luis Sinisterra ,1999-06-17,353,,,23,
71,19734,1175,Patrick Bamford,1993-09-05,462,,,9,
78,19734,6504,Adam Webster,1995-01-04,462,,,4,
78,19734,37561625,Jack Hinshelwood,2005-04-11,462,,,71,
78,19734,6599973,Billy Gilmour,2001-06-11,1161,,,27,
78,19734,2683,Jason Steele,1990-08-18,462,,,23,
78,19734,31504,Pascal Groß,1991-06-15,11,,,13,
78,19734,37526157,Yasin Ayari,2003-10-06,47,,,26,
78,19734,627,Danny Welbeck,1990-11-26,462,,,18,
78,19734,95776,Neal Maupay,1996-08-14,17,,,9,
78,19734,28912814,Ed Turns,2002-10-18,515,,,43,
78,19734,28912837,Imari Samuels,2003-02-05,462,,,66,
78,19734,33577319,James Furlong,2002-06-07,455,,,47,
78,19734,1444078,Jakub Moder ,1999-04-07,2,,,15,
78,19734,14069,Steven Alzate ,1998-09-08,353,,,17,
78,19734,581004,Tom McGill,2000-03-25,1004,,,38,
78,19734,1854914,Enock Mwepu,1998-01-01,2568,,,8,
78,19734,37259188,Odeluga Offiah,2002-10-26,462,,,42,
78,19734,9308200,Tariq Lamptey,2000-09-30,468,,,2,
78,19734,37341884,Cameron Peupion ,2002-09-23,98,,,51,
78,19734,2823511,Taylor Richards,2000-12-04,462,,,,
78,19734,37287498,Andrew Moran,2003-10-15,455,,,49,
78,19734,35280539,Jeremy Sarmiento,2002-06-16,459,,,19,
78,19734,1149,Adam Lallana,1988-05-10,462,,,14,
78,19734,1494381,Aaron Connolly,2000-01-28,455,,,,
78,19734,21802858,Haydon Roberts,2002-05-10,462,,,,
78,19734,24818803,Jan Paul van Hecke,2000-06-08,38,,,29,
78,19734,41077,Deniz Undav ,1996-07-19,11,,,21,
78,19734,21437534,Kaoru Mitoma,1997-05-20,479,,,22,
78,19734,37259180,Levi Colwill,2003-02-26,462,,,6,
78,19734,216612,Alexis Mac Allister,1998-12-24,44,,,10,
78,19734,2461,Lewis Dunk ,1991-11-21,462,,,5,
78,19734,187969,Pervis Estupiñán,1998-01-21,459,,,30,
78,19734,24655,Joël Veltman,1992-01-15,38,,,34,
78,19734,37253456,Evan Ferguson,2004-10-19,455,,,28,
78,19734,37261500,Moisés Caicedo ,2001-11-02,459,,,25,
78,19734,29419594,Julio Enciso,2004-01-23,1190,,,20,
78,19734,581000,Robert Sánchez,1997-11-18,32,,,1,
78,19734,37568149,Facundo Buonanotte,2004-12-23,44,,,40,
78,19734,2423,Solly March,1994-07-20,462,,,7,
78,19734,61780,Leandro Trossard,1994-12-04,556,,,11,
236,19734,5007,Sergi Canós ,1997-02-02,32,,,7,
236,19734,37308208,Tristan Crama,2001-11-08,17,,,32,
236,19734,3877087,Halil Dervişoğlu,1999-12-08,404,,,21,
236,19734,37653269,Ryan Trevitt,2003-03-12,462,,,35,
236,19734,37389551,Michael Olakigbe,2004-04-25,462,,,38,
236,19734,84594,Mads Bech Sørensen,1999-01-07,320,,,29,
236,19734,37509395,Yegor Yarmolyuk ,2004-03-01,86,,,36,
236,19734,37391634,Matthew Cox,2003-05-02,462,,,34,
236,19734,129394,Thomas Strakosha,1995-03-19,2454,,,22,
236,19734,9274,Charlie Goode,1995-08-03,462,,,4,
236,19734,31609,Christian Nørgaard,1994-03-10,320,,,6,
236,19734,27440826,Aaron Hickey,2002-06-10,1161,,,2,
236,19734,28552845,Keane Lewis-Potter,2001-02-22,462,,,23,
236,19734,6022,Tariqe Fosu-Henry,1995-11-05,468,,,,
236,19734,7306,Ellery Balcombe,1999-10-15,462,,,,
236,19734,2510251,Shandon Baptiste ,1998-04-08,26833,,,26,
236,19734,37536520,Fin Stevens,2003-04-10,515,,,33,
236,19734,339093,Josh Dasilva,1998-10-23,462,,,10,
236,19734,191286,Saman Ghoddos,1993-09-06,488,,,14,
236,19734,151418,Kristoffer Ajer,1998-04-17,1578,,,20,
236,19734,84426,Mathias Jensen,1996-01-01,320,,,8,
236,19734,3130,David Raya,1995-09-15,32,,,1,
236,19734,96928,Yoane Wissa,1996-09-03,1320,,,11,
236,19734,8449373,Mikkel Damsgaard,2000-07-03,320,,,24,
236,19734,36633,Vitaly Janelt,1998-05-10,11,,,27,
236,19734,6970,Pontus Jansson,1991-02-13,47,,,18,
236,19734,4341,Ivan Toney,1996-03-16,462,,,17,
236,19734,529689,Bryan Mbeumo,1999-08-07,593,,,19,
236,19734,27067062,Kevin Schade,2001-11-27,11,,,9,
236,19734,7993,Rico Henry,1997-07-08,462,,,3,
236,19734,15665,Ethan Pinnock,1993-05-29,1640,,,5,
236,19734,1460,Ben Mee,1989-09-21,462,,,16,
236,19734,537108,Frank Onyeka,1998-01-01,716,,,15,
236,19734,24613,Zanka,1990-04-23,320,,,13,
236,19734,456067,Mads Roerslev ,1999-06-24,320,,,30,
2,21689,37566992,James Edmondson,2005-11-01,462,,,36,
2,21689,15062037,Leopold Wahlstedt,1999-07-04,47,,,12,
2,21689,37720626,Igor Tyjon,2008-03-20,462,,,32,
2,21689,30082163,Zak Gilsenan,2003-05-08,462,,,22,
2,21689,37583511,Nicholas Michalski,2007-03-14,462,,,38,
2,21689,6254,Kyle McFadzean,1987-02-20,462,,,55,
2,21689,8740,Sammie Szmodics,1995-09-24,462,,,8,
2,21689,37656956,Tom Atcheson,2006-09-22,462,,,31,
2,21689,2823546,John Buckley,1999-10-13,462,,,21,
2,21689,37674153,Rory Finneran,2008-02-29,455,,,42,
2,21689,6613,Scott Wharton ,1997-10-03,462,,,16,
2,21689,37282898,Ben Chrisene,2004-01-12,462,,,45,
2,21689,7636,Lewis Travis ,1997-10-16,462,,,27,
2,21689,8018,Callum Brittain,1998-03-12,462,,,2,
2,21689,37540211,Kristi Montgomery,2004-05-31,1161,,,39,
2,21689,37555282,Leo Duru,2005-01-12,462,,,41,
2,21689,119181,Arnór Sigurdsson,1999-05-15,1796,,,7,
2,21689,1494345,Niall Ennis,1999-05-20,462,,,14,
2,21689,22169325,James Hill,2002-01-10,462,,,4,
2,21689,3533827,Joe Hilton,1999-10-11,462,,,34,
2,21689,4592212,Jack Vale,2001-03-03,515,,,,
2,21689,37561110,Jake Batty,2005-04-05,462,,,25,
2,21689,5858,John Fleck,1991-08-24,1161,,,23,
2,21689,37350705,Patrick Gamble,2003-10-05,462,,,15,
2,21689,34455259,Harry Leonard,2003-09-12,462,,,20,
2,21689,37350704,Adam Wharton,2004-02-06,462,,,23,
2,21689,37350706,Charlie Weston,2004-07-13,462,,,28,
2,21689,2823545,Hayden Carter,1999-12-17,462,,,17,
2,21689,37673369,Thomas Bloxham,2005-04-30,462,,,37,
2,21689,581160,Joe Rankin-Costello,1999-07-26,462,,,11,
2,21689,37391524,Tyrhys Dolan,2001-12-28,462,,,10,
2,21689,13489,Dominic Hyam,1995-12-20,1161,,,5,
2,21689,14119,Harry Pickering,1998-12-29,462,,,3,
2,21689,37590188,Connor O'Riordan,2003-10-19,455,,,4,
2,21689,37576531,Semir Telalovic,1999-12-23,11,,,33,
2,21689,37526157,Yasin Ayari,2003-10-06,47,,,44,
2,21689,28575641,Jake Garrett,2003-03-10,462,,,30,
2,21689,37259161,Billy Koumetio,2002-11-14,17,,,14,
2,21689,537434,Aynsley Pears ,1998-04-23,462,,,1,
2,21689,8042,Ryan Hedges,1995-07-08,515,,,19,
2,21689,4246,Sam Gallagher,1995-09-15,462,,,9,
2,21689,37287498,Andrew Moran,2003-10-15,455,,,24,
2,21689,6253,Sondre Tronstad,1995-08-26,1578,,,6,
2,21689,23697536,Dilan Markanday,2001-08-20,462,,,18,
3,21689,2299,Josef Dvornik,1990-07-30,491,,,4,
3,21689,37589618,Harrison Jones,2004-12-25,462,,,50,
3,21689,37259208,Romaine Mundle,2003-04-24,462,,,14,
3,21689,2875848,Aji Alese,2001-01-17,462,,,42,
3,21689,4969692,Anthony Patterson,2000-05-10,462,,,1,
3,21689,37336214,Leo Hjelde,2003-08-26,1578,,,33,
3,21689,37625185,Matty Young,2006-11-24,462,,,45,
3,21689,37539338,Caden Kelly,2003-11-20,462,,,48,
3,21689,37539361,Oliver Bainbridge,2005-06-13,462,,,51,
3,21689,1778,Lynden Gooch,1995-12-24,3483,,,11,
3,21689,12193,Alex Bass,1998-04-01,462,,,,
3,21689,28575640,Joe Anderson,2001-02-06,462,,,,
3,21689,1494239,Jack Diamond,2000-01-12,462,,,,
3,21689,37462018,Nectarios Triantis,2003-05-11,98,,,25,
3,21689,37646939,Ben Crompton,2003-12-17,462,,,44,
3,21689,37316848,Ellis Taylor,2003-04-14,462,,,18,
3,21689,5271,Elliot Embleton,1999-04-02,462,,,8,
3,21689,4014,Danny Batth,1990-09-21,462,,,6,
3,21689,37322757,Jay Matete,2001-02-11,462,,,27,
3,21689,37598297,Chris Rigg,2007-06-18,462,,,31,
3,21689,37598296,Tom Lavery,2005-12-19,462,,,49,
3,21689,10907,Nathan Bishop,1999-10-15,462,,,30,
3,21689,37391787,Niall Huggins,2000-12-18,515,,,2,
3,21689,37578963,Jewison Bennette,2004-06-15,1739,,,19,
3,21689,23269649,Adil Aouchiche,2002-07-15,614,,,22,
3,21689,23697537,Dennis Cirkin,2002-04-06,462,,,3,
3,21689,2829,Alex Pritchard,1993-05-03,462,,,21,
3,21689,5999,Luke O'Nien,1994-11-21,462,,,13,
3,21689,12433171,Dan Ballard,1999-09-22,491,,,5,
3,21689,10310765,Jack Clarke,2000-11-23,462,,,20,
3,21689,24816771,Trai Hume,2002-03-18,491,,,32,
3,21689,27453989,Pierre Ekwah,2002-01-15,17,,,39,
3,21689,8485,Bradley Dack,1993-12-31,462,,,46,
3,21689,37592732,Luís Semedo,2003-08-11,20,,,9,
3,21689,37546753,Jenson Seelt,2003-05-23,38,,,23,
3,21689,37583548,Tommy Watson,2006-04-08,462,,,40,
3,21689,23269647,Timothée Pembélé,2002-09-09,17,,,6,
3,21689,37342615,Abdoullah Ba,2003-07-31,17,,,17,
3,21689,10351,Callum Styles,2000-03-27,674,,,28,
3,21689,23680764,Dan Neil,2001-12-13,462,,,24,
3,21689,537305,Nazariy Rusyn,1998-10-25,86,,,15,
3,21689,4277,Patrick Roberts,1997-02-05,462,,,10,
3,21689,37581777,Jobe Bellingham,2005-09-23,462,,,7,
3,21689,37563931,Mason Burstow,2003-08-04,462,,,11,
3,21689,37610895,Eliezer Mayenda,2005-05-08,32,,,12,
7,21689,37676898,James Wilson,2007-02-01,462,,,56,
7,21689,37598393,Bryant Bilongo,2001-09-15,462,,,57,
7,21689,37606898,Law McCabe,2006-01-16,462,,,49,
7,21689,37259167,Pharrell Willis,2003-02-23,462,,,47,
7,21689,3101,Tommy Smith,1992-04-14,462,,,2,
7,21689,37610323,Charlie Lennon,2006-04-09,462,,,48,
7,21689,28543925,Sam Silvera,2000-10-25,98,,,18,
7,21689,37612624,Ajay Matthews,2006-06-11,462,,,53,
7,21689,37669518,Finlay Cartwright,2007-02-28,462,,,50,
7,21689,37609691,Shea Connor,2005-10-30,462,,,51,
7,21689,10310312,Lewis O'Brien,1998-10-14,462,,,28,
7,21689,10309700,Luke Jonathan Thomas,2001-06-10,462,,,33,
7,21689,37576604,Daniel Nkrumah,2003-11-05,462,,,38,
7,21689,37561148,Sonny Finch,2005-08-05,462,,,64,
7,21689,1913,Chuba Akpom,1995-10-09,462,,,29,
7,21689,37266072,Matthew Hoppe,2001-03-13,3483,,,13,
7,21689,28932254,Josh Coburn,2002-12-06,462,,,19,
7,21689,37259170,Calum Kavanagh,2003-09-05,455,,,48,
7,21689,8637,Liam Roberts,1994-11-21,462,,,,
7,21689,3466,Jamie Jones,1989-02-18,462,,,32,
7,21689,37583512,AJ Bridge,2005-03-21,462,,,52,
7,21689,4592198,Morgan Rogers,2002-07-26,462,,,10,
7,21689,3526193,Martín Payero,1998-09-11,44,,,20,
7,21689,37544409,Rav van den Berg,2004-07-07,38,,,3,
7,21689,28913061,Alex Gilbert,2001-12-28,462,,,14,
7,21689,37336543,Isaiah Jones,1999-06-26,462,,,11,
7,21689,4545378,Alex Bangura,1999-07-13,5724,,,24,
7,21689,537423,Hayden Coulson,1998-06-17,462,,,,
7,21689,36853,Seny Dieng,1994-11-23,200,,,1,
7,21689,2510362,Lukas Engel,1998-12-14,320,,,27,
7,21689,3158,Luke Ayling,1991-08-25,462,,,12,
7,21689,4583,Dan Barlaser,1997-01-18,462,,,4,
7,21689,3058,Matt Crooks,1994-01-20,462,,,25,
7,21689,5317,Dael Fry,1997-08-30,462,,,6,
7,21689,581113,Marcus Forss,1999-06-18,1233,,,21,
7,21689,752043,Tom Glover,1997-12-24,98,,,23,
7,21689,3111,Darragh Lenihan,1994-03-16,455,,,26,
7,21689,25188269,Hayden Hackney ,2002-06-26,462,,,7,
7,21689,28912710,Sam Greenwood,2002-01-26,462,,,29,
7,21689,129938,Emmanuel Latte Lath,1999-01-01,23,,,9,
7,21689,37566971,Luke Woolston ,2004-11-30,462,,,59,
7,21689,10780,Anfernee Dijksteel,1996-10-27,2088,,,15,
7,21689,1494388,Finn Azaz ,2000-09-07,462,,,20,
7,21689,1001,Paddy McNair,1995-04-27,491,,,17,
7,21689,2873,Matt Clarke,1996-09-22,462,,,5,
7,21689,749527,Riley McGree,1998-11-02,98,,,8,
7,21689,919,Jonathan Howson,1988-05-21,462,,,16,
10,21689,37596065,Harry Whitwell,2005-11-16,462,,,37,
10,21689,37436322,Reyes Cleary,2004-04-13,462,,,46,
10,21689,37553450,Layton Love,2004-09-28,462,,,41,
10,21689,37544314,Josh Shaw,2003-10-05,462,,,42,
10,21689,2225,Nathaniel Chalobah,1994-12-12,462,,,14,
10,21689,37581752,Akeel Higgins,2005-07-24,462,,,38,
10,21689,35280539,Jeremy Sarmiento,2002-06-16,459,,,17,
10,21689,37551415,Fenton Heard,,462,,,47,
10,21689,25217725,Taylor Gardner-Hickman,2001-12-30,462,,,29,
10,21689,37298119,Ethan Ingram,2003-04-16,462,,,,
10,21689,22528535,Josh Griffiths,2001-09-05,462,,,33,
10,21689,33991727,Jovan Malcolm,2002-12-10,462,,,32,
10,21689,37286743,Zac Ashworth,2002-09-06,515,,,,
10,21689,33991728,Caleb Taylor,2003-01-14,462,,,36,
10,21689,3188062,Ted Cann,2000-12-27,462,,,30,
10,21689,581003,Jayson Molumby,1999-08-06,455,,,8,
10,21689,37407455,Daryl Enyinnaya Dike,2000-06-03,3483,,,12,
10,21689,337588,Grady Diangana,1998-04-19,462,,,11,
10,21689,729,Martin Kelly,1990-04-27,462,,,16,
10,21689,812,Erik Pieters,1988-08-07,38,,,15,
10,21689,6073,Karlan Grant,1997-09-18,462,,,,
10,21689,5249,Josh Maja,1998-12-27,716,,,9,
10,21689,3066,Semi Ajayi,1993-11-09,716,,,6,
10,21689,37544276,Reece Hall,2003-09-25,462,,,43,
10,21689,448297,Pipa,1998-01-26,32,,,26,
10,21689,5801,Conor Townsend,1993-03-04,462,,,3,
10,21689,28913058,Tom Fellows,2003-07-25,462,,,31,
10,21689,4507,Darnell Furlong,1995-10-31,462,,,2,
10,21689,3285,Alex Mowatt,1995-02-13,462,,,27,
10,21689,4633,Alex Palmer,1996-08-10,462,,,24,
10,21689,37602888,Callum Marshall,2004-11-28,491,,,25,
10,21689,4223,Yann M'Vila,1990-06-29,17,,,22,
10,21689,339,Andreas Weimann,1991-08-05,143,,,17,
10,21689,6182,Jed Wallace,1994-03-26,462,,,7,
10,21689,2992,John Swift,1995-06-23,462,,,19,
10,21689,2663,Adam Reach,1993-02-03,462,,,20,
10,21689,795,Matt Phillips,1991-03-13,1161,,,10,
10,21689,201060,Okay Yokuşlu  ,1994-03-09,404,,,35,
10,21689,9543,Brandon Thomas-Asante,1998-12-29,468,,,21,
10,21689,897,Kyle Bartley,1991-05-22,462,,,5,
10,21689,20216,Cédric Kipré,1996-12-09,23,,,4,
10,21689,378560,Mikey Johnston ,1999-04-19,1161,,,23,
12,21689,37676667,Romelle Donovan,2006-11-30,462,,,49,
12,21689,37259158,Jay Stansfield,2002-11-24,462,,,28,
12,21689,6505,M. Roberts,1990-07-26,462,,,4,
12,21689,37583862,Bradley Mayo,2004-09-15,462,,,48,
12,21689,4527,Tyler Roberts,1999-01-12,515,,,8,
12,21689,2829,Alex Pritchard,1993-05-03,462,,,29,
12,21689,37581786,Brandon Khela,2005-01-19,462,,,27,
12,21689,4536522,Ethan Laird ,2001-08-05,462,,,2,
12,21689,37559770,George Hall,2004-07-15,462,,,35,
12,21689,6389,Sam Cosgrove,1996-12-02,462,,,16,
12,21689,37391408,Josh Williams,2002-11-24,462,,,18,
12,21689,37391415,Alfie Chang,2002-09-04,462,,,15,
12,21689,1222,Gary Gardner,1992-06-29,462,,,20,
12,21689,1447,Lukas Jutkiewicz,1989-03-28,462,,,10,
12,21689,310134,Koji Miyoshi,1997-03-26,479,,,11,
12,21689,37391403,Marcel Oakley,2002-10-30,462,,,24,
12,21689,1466,Kevin Long,1990-08-18,455,,,26,
12,21689,4187912,Emanuel Aiwu,2000-12-25,143,,,44,
12,21689,890,John Ruddy,1986-10-24,462,,,21,
12,21689,1494341,Dion Sanderson,1999-12-15,462,,,5,
12,21689,8047,Krystian Bielik,1998-01-04,2,,,6,
12,21689,37559772,Jordan James,2004-07-02,515,,,19,
12,21689,4969690,Emmanuel Longelo,2000-12-27,462,,,23,
12,21689,6286,Oliver Burke ,1997-04-07,1161,,,45,
12,21689,448422,Seung-ho Paik,1997-03-17,712,,,13,
12,21689,74124,Ivan Šunjić,1996-10-09,507,,,34,
12,21689,13633381,Lee Buchanan ,2001-03-07,462,,,3,
12,21689,1673,Keshi Anderson,1995-04-06,462,,,14,
12,21689,25515,Juninho Bacuna,1997-08-07,7437,,,7,
12,21689,923,Neil Etheridge,1990-02-07,50809,,,1,
12,21689,3325,Scott Hogan,1992-04-13,455,,,9,
12,21689,6604,Andre Dozzell,1999-05-02,462,,,16,
12,21689,21412958,Cody Drameh,2001-12-08,462,,,12,
12,21689,1525103,Siriki Dembélé,1996-09-07,1161,,,17,
22,21689,37316836,Tyler Morton,2002-10-31,462,,,15,
22,21689,37391251,Olly Green,2003-03-24,462,,,37,
22,21689,37675285,Rocco Coyle,2006-08-20,462,,,42,
22,21689,28912976,Liam Delap,2003-02-08,462,,,20,
22,21689,24081638,David Robson,2002-01-22,515,,,,
22,21689,1384,Patrick McCarthy,1986-02-05,462,,,12,
22,21689,9674,Scott Twine,1999-07-14,462,,,30,
22,21689,7688261,Sean McLoughlin,1996-11-13,455,,,6,
22,21689,37560952,Harry Vaughan,2004-04-06,462,,,14,
22,21689,2846848,Jason Lokilo,1998-09-17,1320,,,22,
22,21689,37667266,Stanley Ashbee,2006-11-28,455,,,43,
22,21689,33577319,James Furlong,2002-06-07,455,,,25,
22,21689,37391237,Andy Smith,2001-09-11,462,,,26,
22,21689,37391253,Harvey Cartwright,2002-05-09,462,,,,
22,21689,37402212,Callum Jones ,2001-04-05,515,,,,
22,21689,3317,Ryan Woods,1993-12-13,462,,,,
22,21689,37609687,Tyrell Sellars-Fleming,2005-05-31,462,,,41,
22,21689,33186828,Xavier Simons,2003-02-20,462,,,18,
22,21689,537514,Rúben Vinagre,1999-04-09,20,,,3,
22,21689,31238169,Thimothée Lo-Tutala,2003-02-13,17,,,,
22,21689,3502645,Ryan Longman,2000-11-06,462,,,16,
22,21689,3509963,Brandon Fleming,1999-12-03,462,,,21,
22,21689,203269,Doğukan Sinik,1999-01-21,404,,,11,
22,21689,5641079,Allahyar Sayyadmanesh,2001-06-29,488,,,9,
22,21689,37282897,Vaughn Covil,2003-07-26,462,,,31,
22,21689,237980,Óscar Estupiñán,1996-12-29,353,,,19,
22,21689,6582,Matt Ingram,1993-12-18,462,,,1,
22,21689,201172,Ozan Tufan,1995-03-23,404,,,7,
22,21689,21412957,Fábio Carvalho ,2002-08-30,20,,,45,
22,21689,172920,Greg Docherty ,1996-09-10,1161,,,8,
22,21689,2306,Cyrus Christie,1992-09-30,455,,,33,
22,21689,14338473,Ryan Giles,2000-01-26,462,,,3,
22,21689,37255841,Jacob Greaves,2000-09-12,462,,,4,
22,21689,202531,Abdülkadir Ömür,1999-06-25,404,,,50,
22,21689,96518,Jean Michaël Seri,1991-07-19,23,,,24,
22,21689,581045,Alfie Jones,1997-10-07,1004,,,5,
22,21689,1494381,Aaron Connolly,2000-01-28,455,,,44,
22,21689,37259845,Anass Zaroury,2000-11-07,1424,,,47,
22,21689,65651,Adama Traoré,1995-06-28,26,,,10,
22,21689,6572,Lewie Coyle ,1995-10-15,462,,,2,
22,21689,20355429,Ivor Pandur,2000-03-25,266,,,30,
22,21689,28912766,Noah Ohio ,2003-01-16,38,,,9,
22,21689,37255842,Matty Jacob,2001-06-03,462,,,29,
22,21689,455410,Regan Slater,1999-09-11,462,,,27,
22,21689,2725,Ryan Allsop,1992-06-17,462,,,17,
22,21689,33186827,Jaden Philogene,2002-02-08,462,,,23,
25,21689,37726311,Leo Ramirez-Espain,2006-10-02,462,,,57,
25,21689,37726312,Amin Nabizada,2007-06-21,462,,,61,
25,21689,4904,Daniel Bachmann ,1994-07-09,143,,,1,
25,21689,37609363,J. Grieves,2004-12-05,462,,,59,
25,21689,37550839,Shaq Forde,2004-05-05,462,,,47,
25,21689,21413571,Myles Roberts,2001-12-09,462,,,40,
25,21689,1494666,Jamal Piaras Lewis,1998-01-25,491,,,6,
25,21689,205944,Emmanuel Dennis,1997-11-15,716,,,25,
25,21689,37563201,Jorge Hurtado,2003-09-06,353,,,17,
25,21689,467937,Francisco Sierralta,1997-05-06,80,,,3,
25,21689,1083,Jake Livermore,1989-11-14,462,,,8,
25,21689,37675776,Albert Eames,2005-09-20,462,,,55,
25,21689,37324014,Kwadwo Baah,2003-01-27,11,,,34,
25,21689,37711753,James Collins,2004-12-31,462,,,53,
25,21689,4701,Ashley Fletcher,1995-10-02,462,,,,
25,21689,3876535,Imrân Louza,1999-05-01,1424,,,10,
25,21689,4627,Rhys Healey,1994-12-06,462,,,14,
25,21689,37607331,Aidan Coyne,2004-05-12,98,,,52,
25,21689,5666544,Jeremy Ngakia,2000-09-07,462,,,2,
25,21689,25088,Wesley Hoedt,1994-03-06,38,,,4,
25,21689,176702,Ryan Porteous,1999-03-25,1161,,,5,
25,21689,37549877,Yáser Asprilla,2003-11-19,353,,,18,
25,21689,37675782,Zavier Massiah-Edwards,2007-01-16,462,,,58,
25,21689,14011916,Vakoun Bayo,1997-01-10,23,,,19,
25,21689,37582178,Ismaël Koné ,2002-06-16,1004,,,11,
25,21689,37391197,Ryan Andrews,2004-08-26,462,,,45,
25,21689,106821,Giorgi Chakvetadze ,1999-08-29,119,,,16,
25,21689,28575708,James Morris,2001-11-23,462,,,42,
25,21689,37562458,Matheus Martins,2003-07-16,5,,,37,
25,21689,191301,Ken Sema,1993-09-30,47,,,12,
25,21689,999,Ben Hamer,1987-11-20,462,,,26,
25,21689,1045,Tom Ince,1992-01-30,462,,,7,
25,21689,9964067,Edo Kayembe,1998-06-03,1320,,,39,
25,21689,23739107,Mattie Pollock,2001-09-28,462,,,15,
25,21689,32002805,Mileta Rajović,1999-07-17,320,,,9,
25,21689,2823509,Tom Dele-Bashiru,1999-09-17,716,,,24,
26,21689,37606887,Sol Sidibé,2007-02-10,462,,,30,
26,21689,1596,Josh Tymon,1999-05-22,462,,,14,
26,21689,62458,Ryan Mmaee,1997-11-01,1424,,,19,
26,21689,37695666,Jaden Dixon,2007-05-07,462,,,41,
26,21689,1494345,Niall Ennis,1999-05-20,462,,,14,
26,21689,2612,Frank Fielding,1988-04-04,462,,,34,
26,21689,5270483,Wouter Burger,2001-02-16,38,,,6,
26,21689,37546051,Nikola Jojic,2003-09-15,296,,,21,
26,21689,7278,Jacob Brown,1998-04-10,1161,,,9,
26,21689,23661353,Million Manhoef,2002-01-03,38,,,42,
26,21689,6634,Ben Pearson,1995-01-04,462,,,4,
26,21689,7987,Josh Laurent,1995-05-06,462,,,28,
26,21689,1778,Lynden Gooch,1995-12-24,3483,,,2,
26,21689,1179,Dwight Gayle,1989-10-17,462,,,11,
26,21689,37536801,David Okagbue,2004-02-04,455,,,32,
26,21689,5353,Tom Edwards,1999-01-22,462,,,,
26,21689,37404802,Francisco Jorge Tavares Oliveira,2000-02-05,20,,,20,
26,21689,37336534,Blondy Nna Noukeu,2001-05-31,593,,,40,
26,21689,37316844,Tommy Simkin,2004-12-08,462,,,45,
26,21689,62865,Wesley Moraes,1996-11-24,5,,,18,
26,21689,22169319,Mark Travers,1999-05-18,455,,,1,
26,21689,37402291,Scott Morris,2001-02-24,2817,,,41,
26,21689,22536416,Liam McCarron,2001-03-07,1161,,,38,
26,21689,13477,Ben Wilmot,1999-11-04,462,,,16,
26,21689,173042,Michael Rose,1995-10-11,1161,,,5,
26,21689,537837,Mehdi Léris,1998-05-23,614,,,27,
26,21689,581241,Tyrese Campbell,1999-12-28,462,,,10,
26,21689,23269652,Ki-Jana Hoever,2002-01-18,38,,,17,
26,21689,164263,André Vidigal,1998-08-17,20,,,7,
26,21689,360,Ciaran Clark,1989-09-26,455,,,26,
26,21689,4220,Enda Stevens,1990-07-09,455,,,3,
26,21689,30883147,Luke McNally ,1999-09-20,455,,,23,
26,21689,191107,Sead Haksabanovic,1999-05-04,998,,,20,
26,21689,581238,Daniel Iversen,1997-07-19,320,,,1,
26,21689,3455,Daniel Johnson,1992-10-08,1640,,,12,
26,21689,37549971,Junior Tchamadeu ,2003-12-22,593,,,24,
26,21689,2835,Jack Bonham,1993-09-14,455,,,13,
26,21689,174158,Jordan Thompson,1997-01-03,491,,,15,
26,21689,37621326,Jun-ho Bae,2003-08-21,712,,,22,
26,21689,37614468,Nathan Lowe,2005-09-18,462,,,35,
26,21689,4219,Lewis Baker,1995-04-25,462,,,8,
26,21689,23739135,Luke Cundle,2002-04-26,462,,,25,
30,21689,7687676,Ben Cabango ,2000-05-30,515,,,5,
30,21689,3188067,Nathan Wood,2002-05-31,462,,,23,
30,21689,13482,Liam Walsh,1997-09-15,462,,,28,
30,21689,37675624,Aimar Govea,2006-06-08,459,,,37,
30,21689,37583461,Azeem Abdulai,2002-12-09,1161,,,47,
30,21689,37257611,Nathan Tjoe-A-On,2001-12-22,38,,,21,
30,21689,37675622,Sam Parker,2006-07-07,515,,,41,
30,21689,35145,Kristian Pedersen,1994-08-04,320,,,3,
30,21689,3533809,Nathanael Ogbeta,2001-04-28,462,,,15,
30,21689,37612641,Kyrell Wilson,2004-12-01,462,,,49,
30,21689,29382,Joël Piroe,1999-08-02,38,,,17,
30,21689,37540213,Charles Sagoe Jr,2004-07-24,462,,,24,
30,21689,581235,Brandon Cooper,2000-01-14,515,,,16,
30,21689,1123,Yannick Bolasie,1989-05-24,1320,,,17,
30,21689,15426965,Nathan Broome,2002-01-03,462,,,29,
30,21689,8372,Andy Fisher,1998-02-12,462,,,1,
30,21689,37438908,Mykola Kukharevych,2001-07-01,86,,,19,
30,21689,37560485,Filip Lissah,2004-12-08,462,,,50,
30,21689,37346912,Cameron Congreve,2004-01-24,515,,,45,
30,21689,11541,Jamal Lowe,1994-07-21,1640,,,10,
30,21689,28912807,Carl Rushworth,2001-07-02,462,,,22,
30,21689,6377,Jerry Yates,1996-11-10,462,,,9,
30,21689,3861723,Josh Key,1999-11-19,462,,,2,
30,21689,28575730,Charlie Patiño,2003-10-17,462,,,18,
30,21689,37259181,Bashir Humphreys,2003-03-15,462,,,33,
30,21689,22169301,Oliver Cooper,1999-12-14,515,,,31,
30,21689,3857328,Liam Cullen,1999-04-23,515,,,20,
30,21689,31626620,Harrison Ashby,2001-11-14,1161,,,30,
30,21689,1649,Jay Fulton,1994-04-01,1161,,,4,
30,21689,3167,Jamie Paterson,1991-12-20,462,,,12,
30,21689,339122,Harry Darling,1999-08-08,462,,,6,
30,21689,1596,Josh Tymon,1999-05-22,462,,,14,
30,21689,45565,Przemyslaw Placheta,1998-03-23,2,,,17,
30,21689,830,Joe Allen,1990-03-14,515,,,7,
30,21689,1194,Kyle Naughton,1988-11-17,462,,,26,
30,21689,9599,Josh Ginnelly,1997-03-24,462,,,11,
30,21689,4441,Matt Grimes ,1995-07-15,462,,,8,
30,21689,30466796,Ronald,2001-06-14,5,,,35,
33,21689,45565,Przemyslaw Placheta,1998-03-23,2,,,20,
33,21689,37602504,Caleb Ansen,2005-09-18,462,,,51,
33,21689,24830085,Andrew Omobamidele,2002-06-23,455,,,4,
33,21689,37337124,Guilherme Montóia,2003-09-14,20,,,49,
33,21689,21427972,Jon McCracken,2000-05-24,1161,,,,
33,21689,37565033,Finley Welch,2004-10-03,462,,,43,
33,21689,37342738,Vicente Reyes,2003-11-19,80,,,39,
33,21689,30851413,Jaden Warner,2002-10-28,462,,,50,
33,21689,37592026,Waylon Renecke,2006-05-12,146,,,48,
33,21689,320795,Ui-jo Hwang,1992-08-28,712,,,31,
33,21689,37259217,Abu Kamara,2003-07-21,462,,,,
33,21689,37259219,Jonathan Tomkinson,2002-04-11,3483,,,,
33,21689,1415,Shane Duffy,1992-01-01,455,,,24,
33,21689,84680,Jacob Lungi Sørensen,1998-03-03,320,,,19,
33,21689,757,Tim Krul,1988-04-03,38,,,1,
33,21689,28575738,Tony Springett,2002-09-22,462,,,,
33,21689,37553211,Kellen Fisher,2004-05-05,462,,,35,
33,21689,3533830,Adam Idah,2001-02-11,455,,,11,
33,21689,1716,Adam Forshaw,1991-10-08,462,,,29,
33,21689,27048385,Borja Sainz,2001-02-21,32,,,7,
33,21689,37538546,Pedro Lima,2003-03-27,5,,,47,
33,21689,4014,Danny Batth,1990-09-21,462,,,21,
33,21689,34455209,Jonathan Rowe,2003-04-30,462,,,27,
33,21689,37405012,Marcelino Núñez,2000-03-01,80,,,26,
33,21689,336067,Angus Gunn ,1996-01-22,1161,,,28,
33,21689,23223360,Sam McCallum,2000-09-02,462,,,15,
33,21689,1448,Ashley Barnes,1989-10-30,462,,,10,
33,21689,1723,Ben Gibson ,1993-01-15,462,,,6,
33,21689,34706,Onel Hernández,1993-02-01,63604,,,25,
33,21689,78282,Dimitrios Giannoulis,1995-10-17,125,,,30,
33,21689,19980285,Sydney van Hooijdonk,2000-02-06,38,,,14,
33,21689,198139,Christian Fassnacht,1993-11-11,62,,,16,
33,21689,37357498,Liam Gibbs,2002-12-16,462,,,8,
33,21689,14004454,Daniel Barden,2001-01-02,515,,,37,
33,21689,37545765,Ken Aboh,2004-11-09,462,,,44,
33,21689,3507,George Long,1993-11-05,462,,,12,
33,21689,5917,Jack Stacey,1996-04-06,462,,,3,
33,21689,5640884,Josh Sargent,2000-02-20,3483,,,9,
33,21689,172385,Kenny McLean ,1992-01-08,1161,,,23,
33,21689,8417851,Gabriel Sara,1999-06-26,5,,,17,
33,21689,807,Grant Hanley,1991-11-20,1161,,,5,
42,21689,3043,Conor Coady,1993-02-25,462,,,4,
42,21689,13633370,Jakub Stolarczyk,2000-12-19,2,,,41,
42,21689,5319,Wilfred Ndidi,1996-12-16,716,,,25,
42,21689,31129,Jannik Vestergaard,1992-08-03,320,,,23,
42,21689,10634,Stephy Alvaro Mavididi,1998-05-31,462,,,10,
42,21689,37298053,Arjan Singh,2002-10-20,462,,,47,
42,21689,96838,Ricardo Pereira,1993-10-06,20,,,21,
42,21689,1182,Jamie Vardy,1987-01-11,462,,,9,
42,21689,12514,James Justin,1998-02-23,462,,,2,
42,21689,33991811,Tawanda Maswanhise,2002-11-20,2325,,,39,
42,21689,10309700,Luke Jonathan Thomas,2001-06-10,462,,,33,
42,21689,1711,Harry Winks,1996-02-02,462,,,8,
42,21689,1488,Kelechi Iheanacho,1996-10-03,716,,,14,
42,21689,37445077,Cesare Casadei ,2003-01-10,251,,,7,
42,21689,62337,Timothy Castagne,1995-12-05,556,,,27,
42,21689,173121,Harry James Souttar,1998-10-22,98,,,15,
42,21689,581238,Daniel Iversen,1997-07-19,320,,,31,
42,21689,33991824,Tom Cannon,2002-12-28,462,,,28,
42,21689,6518,Hamza Dewan Choudhury,1997-10-01,462,,,17,
42,21689,37560897,Abdul Fatawu Issahaku,2004-03-08,468,,,18,
42,21689,5640825,Yunus Akgün,2000-07-07,404,,,29,
42,21689,28575743,Kasey McAteer ,2001-11-22,462,,,35,
42,21689,37561629,William Thomas Alves,2005-05-04,462,,,37,
42,21689,37537875,Callum Doyle,2003-10-03,462,,,5,
42,21689,61654,Dennis Praet,1994-05-14,556,,,26,
42,21689,37342596,Ben Nelson ,2004-03-18,462,,,45,
42,21689,174,Marc Albrighton,1989-11-18,462,,,11,
42,21689,3282,Danny Ward,1993-06-22,515,,,1,
42,21689,540613,Kiernan Dewsbury-Hall,1998-09-06,462,,,22,
42,21689,33991810,Wanya Marçal,2002-10-19,20,,,40,
42,21689,26955,Wout Felix Lina Faes,1998-04-03,556,,,3,
42,21689,23730717,Mads Hermansen,2000-07-11,320,,,30,
42,21689,55485,Patson Daka,1998-10-09,2568,,,20,
47,21689,6306103,Elijah Dixon-Bonner,2001-01-01,462,,,19,
47,21689,37391737,Alexander Aoraha,2003-01-17,107,,,36,
47,21689,37391021,Joseph Gubbins,2001-08-03,462,,,28,
47,21689,37391363,Steven Bala,2003-11-19,2454,,,39,
47,21689,37254511,Joe Walsh,2002-04-01,462,,,32,
47,21689,174296,Lyndon Dykes,1995-10-07,1161,,,9,
47,21689,9611541,Stephen Duke-McKenna,2000-08-17,1985,,,24,
47,21689,28912977,Rafferty Pedder,2002-04-06,462,,,34,
47,21689,37612716,Lorent Talla,2005-01-01,122,,,41,
47,21689,2823511,Taylor Richards,2000-12-04,462,,,18,
47,21689,37550624,Matteo Salamon,2004-02-18,462,,,40,
47,21689,37609357,Rayan Kolli,2005-02-10,614,,,38,
47,21689,1028,Steve Cook,1991-04-19,462,,,5,
47,21689,149574,Paul Smyth,1997-09-10,491,,,11,
47,21689,96417,Michael Frey,1994-07-19,62,,,12,
47,21689,6640,Osman Kakay,1997-08-25,5724,,,2,
47,21689,2905,Morgan Fox,1993-09-21,515,,,15,
47,21689,4551,Jordan Archer,1993-04-12,1161,,,13,
47,21689,24864,Lucas Andersen,1994-09-13,320,,,25,
47,21689,429918,Reggie Cannon,1998-06-11,3483,,,20,
47,21689,65516,Ilias Chair,1997-10-30,1424,,,10,
47,21689,784,Jack Colback,1989-10-24,462,,,4,
47,21689,1685,Sam Field,1998-05-08,462,,,8,
47,21689,539622,Jimmy Dunne  ,1997-10-19,455,,,3,
47,21689,2954,Isaac Hayden,1995-03-22,462,,,14,
47,21689,28912742,Joe Hodge,2002-09-14,455,,,16,
47,21689,338938,Chris Willock,1998-01-31,462,,,7,
47,21689,37371096,Aaron Drewe,2001-02-08,462,,,29,
47,21689,6604,Andre Dozzell,1999-05-02,462,,,17,
47,21689,681,Asmir Begović,1987-06-20,507,,,1,
47,21689,25922177,Charlie Kelman,2001-11-02,462,,,23,
47,21689,4620,Jake Clarke-Salter,1997-09-22,462,,,6,
47,21689,37354878,Sinclair Armstrong,2003-06-22,455,,,30,
47,21689,23269666,Ziyad Larkeche ,2002-09-19,17,,,21,
47,21689,28256,Kenneth Paal,1997-06-24,2088,,,22,
47,21689,1727,Albert Adomah,1987-12-13,468,,,37,
56,21689,436041,Bambo Diaby,1997-12-17,32,,,5,
56,21689,37612717,Guilherme Siqueira,2004-12-06,5,,,25,
56,21689,37609297,Joey Phuthi,2005-01-02,2325,,,34,
56,21689,888,Reece James,1993-11-07,462,,,33,
56,21689,23278711,Di'Shon Bernard,2000-10-14,1640,,,17,
56,21689,5791,Cameron Dawson,1995-07-07,462,,,1,
56,21689,2823546,John Buckley,1999-10-13,462,,,21,
56,21689,14319,Tyreeq Bakinson,1998-10-10,462,,,19,
56,21689,37562820,Rio Shipston,2004-11-07,462,,,31,
56,21689,3170,L. Gregory,1988-08-26,462,,,9,
56,21689,32404512,Anthony Musaba,2000-12-06,38,,,45,
56,21689,340,Barry Bannan,1989-12-01,1161,,,10,
56,21689,2949,Liam Palmer ,1991-09-19,1161,,,2,
56,21689,6199,Dominic Iorfa,1995-06-24,462,,,6,
56,21689,37562822,Bailey Cadamarteri,2005-05-09,462,,,42,
56,21689,6559,Will Vaulks ,1993-09-13,515,,,4,
56,21689,189325,Juan Antonio Delgado Baeza,1993-03-05,80,,,15,
56,21689,2361,Jeff Hendrick,1992-01-31,455,,,22,
56,21689,12562,Akin Famewo,1998-11-09,462,,,23,
56,21689,6416,George Byers,1996-05-29,1161,,,,
56,21689,4701,Ashley Fletcher,1995-10-02,462,,,27,
56,21689,239851,Devis Vásquez,1998-05-12,353,,,36,
56,21689,3181434,Pol Valentín,1997-02-21,32,,,14,
56,21689,37554913,Pierce Charles,2005-07-21,462,,,47,
56,21689,7593,Mallik Wilks,1998-12-15,462,,,7,
56,21689,2823510,Ian Poveda,2000-02-09,462,,,36,
56,21689,35145,Kristian Pedersen,1994-08-04,320,,,3,
56,21689,37391461,James Beadle,2004-07-16,462,,,26,
56,21689,2770,Michael Smith,1991-10-17,462,,,24,
56,21689,510460,Lamine Mohamed Diaby,1996-09-03,17,,,44,
56,21689,9207,Michael Ihiekwe,1992-11-20,462,,,20,
56,21689,37264182,Ciaran Brennan,2000-05-05,455,,,,
56,21689,11799,Josh Windass,1994-01-09,462,,,11,
56,21689,537584,Iké Ugbo,1998-09-21,1004,,,12,
56,21689,9744,Marvin Johnson,1990-12-01,462,,,18,
56,21689,172757,Callum Paterson,1994-10-13,1161,,,13,
56,21689,37337029,Djeidi Gassama,2003-09-10,17,,,41,
64,21689,4207,George Evans,1994-12-13,462,,,6,
64,21689,34912,Andreas Voglsammer,1992-01-09,11,,,21,
64,21689,37550277,Tom Leahy,2004-03-31,462,,,29,
64,21689,37391210,Nana Boateng,2002-09-17,462,,,38,
64,21689,37490743,George Walker,,462,,,44,
64,21689,37588991,Sashiel Adom-Malaki,2004-02-24,462,,,46,
64,21689,37391580,Kamarl Grant,2003-01-26,462,,,43,
64,21689,5173,Ryan Leonard,1992-05-24,462,,,18,
64,21689,173059,Kevin Nisbet,1997-03-08,1161,,,7,
64,21689,37391736,Sha'mar Lawson,,462,,,48,
64,21689,37437784,Aidomo Emakhu,2003-10-26,455,,,22,
64,21689,37391203,Alex Mitchell,2001-10-07,462,,,,
64,21689,2854,Bartosz Białkowski,1987-07-06,2,,,33,
64,21689,6140,Connal Trueman,1996-03-26,462,,,27,
64,21689,173056,Allan Campbell,1998-07-04,1161,,,14,
64,21689,37459070,Brooke Norton-Cuffy,2004-01-12,462,,,17,
64,21689,5971,Jake Cooper,1995-02-03,462,,,5,
64,21689,6028,George Saville,1993-06-01,491,,,23,
64,21689,1799,Duncan Watmore,1994-03-08,462,,,19,
64,21689,20506,Wes Harding,1996-10-20,1640,,,45,
64,21689,3398,Tom Bradshaw,1992-07-27,515,,,9,
64,21689,3502645,Ryan Longman,2000-11-06,462,,,11,
64,21689,3160,Joe Bryan,1993-09-17,462,,,15,
64,21689,2538509,Danny McNamara,1998-12-27,462,,,2,
64,21689,7566,Matija Šarkić,1997-07-23,998,,,20,
64,21689,34492317,Billy Mitchell,2001-04-07,462,,,8,
64,21689,581055,Michael Obafemi,2000-07-06,455,,,21,
64,21689,540290,Japhet Tanganga,1999-03-31,462,,,6,
64,21689,537316,Zian Flemming,1998-08-01,38,,,10,
64,21689,37653423,Adam Mayor,2005-04-10,462,,,12,
64,21689,3247,Shaun Hutchinson,1990-11-23,462,,,4,
64,21689,3096,Murray Wallace,1993-01-10,1161,,,3,
64,21689,4591,George Honeyman,1994-09-08,462,,,39,
64,21689,62683,Casper De Norre,1997-02-07,556,,,24,
64,21689,37610432,Romain Esse,2005-05-13,462,,,25,
65,21689,37618510,Nico Lawrence,,462,,,30,
65,21689,37614062,Jayden Meghoma,2006-06-28,462,,,29,
65,21689,172357,Stuart Armstrong,1992-03-30,1161,,,17,
65,21689,6513,James Bree,1997-12-11,462,,,14,
65,21689,2712,Ryan Fraser,1994-02-24,1161,,,26,
65,21689,37561126,Tyler Dibling,2006-02-17,462,,,33,
65,21689,37558443,Kamari Doyle,2005-08-01,462,,,32,
65,21689,3596,Ché Adams,1996-07-13,1161,,,10,
65,21689,518749,Flynn Downes,1999-01-20,462,,,4,
65,21689,23278675,Taylor Harwood-Bellis,2002-01-30,462,,,21,
65,21689,978883,Moussa Djenepo,1998-06-15,26,,,19,
65,21689,37536874,Roméo Lavia,2004-01-06,556,,,45,
65,21689,219534,Lyanco,1997-02-01,5,,,25,
65,21689,37560892,Dom Ballard,2005-04-01,462,,,34,
65,21689,337432,Romain Perraud,1997-09-22,17,,,15,
65,21689,37592030,Samuel Amo-Ameyaw,2006-07-18,462,,,27,
65,21689,37410255,Carlos Alcaraz,2002-11-30,44,,,22,
65,21689,37561127,Cameron Bragg,2004-10-28,462,,,40,
65,21689,37537876,Juan Larios,2004-01-12,32,,,28,
65,21689,27066567,Armel Bella-Kotchap,2001-12-11,11,,,37,
65,21689,1692,Mason Holgate,1996-10-22,462,,,6,
65,21689,6241,Joe Lumley,1995-02-15,462,,,13,
65,21689,1155,James Ward-Prowse,1994-11-01,462,,,8,
65,21689,4659,Kyle Walker-Peters,1997-04-13,462,,,2,
65,21689,1494225,Nathan Tella,1999-07-05,716,,,11,
65,21689,1393,Jack Stephens ,1994-01-27,462,,,5,
65,21689,2951,Adam Armstrong,1997-02-10,462,,,9,
65,21689,37289022,Sékou Mara,2002-07-30,17,,,18,
65,21689,175530,Ross Stewart,1996-07-11,1161,,,11,
65,21689,37438667,Kamaldeen Sulemana ,2002-02-15,468,,,20,
65,21689,16845996,Gavin Bazunu ,2002-02-20,455,,,31,
65,21689,37316841,Samuel Edozie,2003-01-28,462,,,23,
65,21689,155138,Jan Bednarek,1996-04-12,2,,,35,
65,21689,7640,Ryan Manning ,1996-06-14,455,,,3,
65,21689,9826,Joe Aribo,1996-07-21,716,,,7,
65,21689,1131,Alex Simon McCarthy,1989-12-03,462,,,1,
65,21689,37442672,Shea Charles,2003-11-05,462,,,24,
65,21689,581052,Will Smallbone ,2000-02-21,455,,,16,
65,21689,4613,Joe Rothwell,1995-01-11,462,,,19,
65,21689,9808,David Brooks,1997-07-08,515,,,36,
69,21689,173160,David Turnbull,1999-07-10,1161,,,15,
69,21689,6551,Yakou Méïté,1996-02-11,23,,,22,
69,21689,37612654,Joel Colwill,2004-10-27,515,,,34,
69,21689,37547569,Raheem Conte,2002-11-11,462,,,36,
69,21689,37667180,Dylan Lawlor,2006-01-01,515,,,37,
69,21689,37675233,Josh Beecher,2006-05-19,515,,,40,
69,21689,1494396,Nat Phillips,1997-03-21,462,,,12,
69,21689,62944,Ethan Horvath,1995-06-09,3483,,,1,
69,21689,23739094,Kion Etete,2001-11-28,462,,,9,
69,21689,3306,R. Sawyers,1991-11-02,160047,,,19,
69,21689,37667181,Luey Giles,2006-08-04,515,,,49,
69,21689,37550074,Cian Ashford,2004-09-24,515,,,45,
69,21689,96657,Famara Diédhiou,1992-12-15,200,,,20,
69,21689,37293781,Ollie Tanner,2002-05-13,462,,,32,
69,21689,37667189,Dakarai Mafico,2006-12-07,515,,,51,
69,21689,9483,Mahlon Romeo,1995-09-19,137919,,,2,
69,21689,28912751,Cameron Antwi,2001-10-07,462,,,48,
69,21689,37618356,Jai Semenyo,2003-07-13,468,,,43,
69,21689,37588988,Morgan Wigley,2004-09-10,515,,,46,
69,21689,37667188,Cody Twose,2006-06-27,515,,,50,
69,21689,37391247,Matthew Turner,2002-03-27,515,,,41,
69,21689,580970,Andy Rinomhota,1997-04-21,2325,,,35,
69,21689,37391469,Kieron Evans,2001-12-19,515,,,25,
69,21689,338951,Jack Simpson,1996-12-18,462,,,26,
69,21689,15128,Ebou Adams,1996-01-15,2507,,,18,
69,21689,1494244,Jonathan Panzo,2000-10-25,462,,,24,
69,21689,537584,Iké Ugbo,1998-09-21,1004,,,12,
69,21689,84224,Rúnar Alex Rúnarsson,1995-02-18,1796,,,13,
69,21689,37392916,Rohan Luthra,2002-05-06,462,,,,
69,21689,108704,Manolis Siopis,1994-05-14,125,,,23,
69,21689,9325,Ryan Wintle,1997-06-13,462,,,6,
69,21689,3145,Callum O'Dowda,1995-04-23,455,,,11,
69,21689,24081649,Rubin Colwill,2002-04-27,515,,,27,
69,21689,569,Aaron James Ramsey,1990-12-26,515,,,10,
69,21689,4195,Jak Alnwick,1993-06-17,462,,,21,
69,21689,9203,Perry Ng,1996-06-24,462,,,38,
69,21689,63184,Dimitrios Goutas,1994-04-04,125,,,4,
69,21689,74174,Jamilu Collins,1994-08-05,716,,,17,
69,21689,6073,Karlan Grant,1997-09-18,462,,,16,
69,21689,24838234,Josh Wilson-Esbrand,2002-12-26,462,,,30,
69,21689,28912711,Mark McGuinness,2001-01-05,455,,,5,
69,21689,33991822,Xavier Benjamin,,462,,,,
69,21689,3022,Joe Ralls,1993-10-12,462,,,8,
69,21689,518750,Josh Bowler,1999-03-05,462,,,14,
69,21689,3530,Callum Robinson,1995-02-02,455,,,47,
71,21689,37604648,Charlie Crew,2006-06-15,515,,,50,
71,21689,37581741,Archie Gray,2006-03-12,462,,,22,
71,21689,1397,Karl Darlow,1990-10-08,515,,,28,
71,21689,449187,Junior Firpo,1996-08-22,32,,,3,
71,21689,1175,Patrick Bamford,1993-09-05,462,,,9,
71,21689,5410,Connor Roberts,1995-09-23,515,,,33,
71,21689,37346914,Sonny Perkins,2004-02-10,462,,,16,
71,21689,2823510,Ian Poveda,2000-02-09,462,,,,
71,21689,3861741,Ilia Gruev,2000-05-06,224,,,44,
71,21689,12542,Ethan Ampadu ,2000-09-14,515,,,4,
71,21689,32796077,Darko Gyabi ,2004-02-18,462,,,18,
71,21689,37391226,Charlie Cresswell,2002-08-17,462,,,5,
71,21689,37336214,Leo Hjelde,2003-08-26,1578,,,33,
71,21689,37537519,Dani van den Heuvel,2003-05-28,38,,,40,
71,21689,455794,Kristoffer Klaesson,2000-11-27,1578,,,13,
71,21689,21412958,Cody Drameh,2001-12-08,462,,,37,
71,21689,29478,Pascal Struijk,1999-08-11,556,,,21,
71,21689,7026573,Djed Spence,2000-08-09,462,,,39,
71,21689,21762788,Joe Gelhardt,2002-05-04,462,,,30,
71,21689,21782390,Georginio Rutter,2002-04-20,17,,,24,
71,21689,239578,Luis Sinisterra ,1999-06-17,353,,,23,
71,21689,5149,Daniel James,1997-11-10,515,,,20,
71,21689,28912783,Lewis Bate,2002-10-28,462,,,26,
71,21689,37392849,Jaidon Anthony,1999-12-01,1640,,,12,
71,21689,3344,Liam Cooper,1991-08-30,1161,,,6,
71,21689,20694519,Jamie Shackleton ,1999-10-08,462,,,17,
71,21689,29382,Joël Piroe,1999-08-02,38,,,7,
71,21689,339112,Joe Rodon,1997-10-22,515,,,14,
71,21689,37316986,Wilfried Gnonto,2003-11-05,23,,,29,
71,21689,10504,Glen Kamara,1995-10-28,1233,,,8,
71,21689,432881,Illan Meslier,2000-03-02,17,,,1,
71,21689,1928,Sam Byram,1993-09-16,462,,,25,
71,21689,37568967,Mateo Joseph ,2003-10-19,462,,,49,
71,21689,28912710,Sam Greenwood,2002-01-26,462,,,,
71,21689,9939203,Crysencio Summerville,2001-10-30,38,,,10,
71,21689,3158,Luke Ayling,1991-08-25,462,,,2,
99,21689,37609441,Kian Taylor,2005-02-15,462,,,30,
99,21689,4323,Will Keane,1993-01-11,462,,,7,
99,21689,37676368,Theo Mawene,2007-07-12,462,,,31,
99,21689,3762,G. Cunningham,1991-01-31,455,,,3,
99,21689,4281,Ryan Ledson ,1997-08-19,462,,,18,
99,21689,37552839,Josh Seary,2004-09-10,462,,,36,
99,21689,5193,Ben Woodburn,1999-10-15,515,,,20,
99,21689,37260590,Calvin Ramsay,2003-07-31,1161,,,22,
99,21689,1101,Toni Astorgano,1992-01-14,455,,,11,
99,21689,37391543,Lewis Leigh,2003-12-05,462,,,,
99,21689,37609440,Kitt Nelson,2005-01-12,462,,,,
99,21689,37604621,James Pradic,2005-02-07,515,,,38,
99,21689,28952241,Layton Stewart,2002-09-03,462,,,17,
99,21689,37609432,Finlay Cross-Adair,2005-01-11,462,,,,
99,21689,3449,Alan Browne,1995-04-15,455,,,8,
99,21689,4545516,Liam Millar,1999-09-27,1004,,,23,
99,21689,9686,Ben Whiteman,1996-06-17,462,,,4,
99,21689,37552838,Noah Mawene,2005-02-01,462,,,35,
99,21689,37676362,Felipinho,2006-10-04,5,,,24,
99,21689,12543,Jordan Storey,1997-09-02,462,,,14,
99,21689,620,Ched Evans  ,1988-12-28,515,,,9,
99,21689,5283704,Milutin Osmajic,1999-07-25,998,,,28,
99,21689,9522,Andrew Hughes,1992-06-05,515,,,16,
99,21689,173032,Liam Lindsay,1995-10-12,1161,,,6,
99,21689,11889,Jack Whatmough,1996-08-19,462,,,26,
99,21689,4357,Freddie Woodman,1997-03-04,462,,,1,
99,21689,8420,Brad Potts,1994-07-03,462,,,44,
99,21689,4224,David Cornell,1991-03-28,515,,,21,
99,21689,37609438,Kian Best,2005-08-27,462,,,33,
99,21689,6231,Patrick Bauer,1992-10-28,11,,,5,
99,21689,378921,Ali McCann,1999-12-04,1161,,,13,
99,21689,19979663,Mads Frøkjaer-Jensen,1999-07-29,320,,,10,
99,21689,581156,Emil Riis,1998-06-24,320,,,19,
99,21689,5829,Duane Holmes,1994-11-06,3483,,,25,
110,21689,37391514,Alfie Devine,2004-08-01,462,,,16,
110,21689,37536817,Lino Sousa,2005-01-19,462,,,3,
110,21689,29313203,Lewis Warrington,2002-10-10,462,,,16,
110,21689,37582649,Ashley Phillips,2005-06-26,462,,,26,
110,21689,1481492,Callum Wright,2000-05-02,462,,,11,
110,21689,37590222,Will Jenkins-Davies,2004-10-22,515,,,44,
110,21689,84644,Mustapha Bundu,1997-02-28,5724,,,15,
110,21689,28912779,Kaine Kesler-Hayden,2002-10-23,462,,,29,
110,21689,4454,Matt Butcher,1997-05-14,462,,,7,
110,21689,37590225,Oscar Halls,2004-11-15,462,,,31,
110,21689,37609003,Jack Endacott,2004-10-11,462,,,,
110,21689,9368,Callum Burton,1996-08-15,462,,,25,
110,21689,28913055,Saxon Earley,2002-10-11,462,,,24,
110,21689,27453987,Tyreik Wright,2001-09-22,455,,,19,
110,21689,37590221,Zak Baker,2004-11-19,462,,,45,
110,21689,22201,Dan Scarr,1994-12-24,462,,,6,
110,21689,25591532,Adam Randell,2000-10-01,462,,,20,
110,21689,37599624,Caleb Roberts,2005-10-24,462,,,34,
110,21689,1494388,Finn Azaz ,2000-09-07,462,,,18,
110,21689,3533802,Michael Cooper,1999-10-08,462,,,1,
110,21689,37554912,Ashley Famiwuya,2005-06-26,462,,,26,
110,21689,174157,Ryan Hardie,1997-03-17,1161,,,9,
110,21689,12433161,Bali Mumba,2001-10-08,462,,,2,
110,21689,23739135,Luke Cundle,2002-04-26,462,,,28,
110,21689,173999,Conor Hazard,1998-03-05,491,,,21,
110,21689,1254,Brendan Galloway,1996-03-17,2325,,,22,
110,21689,11676704,Mickel Miller,1995-12-02,462,,,14,
110,21689,12433168,Morgan Whittaker,2001-01-07,462,,,10,
110,21689,9343,Jordan Houghton,1995-11-05,462,,,4,
110,21689,1716,Adam Forshaw,1991-10-08,462,,,27,
110,21689,10275906,Ben Waine,2001-06-11,2817,,,23,
110,21689,2823410,Lewis Gibson,2000-07-19,462,,,17,
110,21689,37590223,Freddie Issaka,2006-07-28,515,,,35,
110,21689,37254502,Matthew Sorinola,2001-02-19,462,,,29,
110,21689,3474,Joe Edwards ,1990-10-31,462,,,8,
110,21689,32796077,Darko Gyabi ,2004-02-18,462,,,18,
110,21689,12510,Macaulay Gillesphey,1995-11-24,462,,,3,
110,21689,189836,Julio Pleguezuelo,1997-01-26,32,,,5,
116,21689,37568668,Jesse Nwabueze,,462,,,,
116,21689,37568667,Gerrard Buabo,2005-05-24,462,,,51,
116,21689,8903,Greg Leigh,1994-09-30,1640,,,21,
116,21689,4403,Janoi Donacien,1993-11-03,12095,,,44,
116,21689,32796802,Corrie Ndaba,1999-12-25,455,,,,
116,21689,32386285,Idris El Mizouni,2000-09-26,1439,,,,
116,21689,30081418,Gassan Ahadme,2000-11-17,1424,,,,
116,21689,28912734,Cieran Slicker,2002-09-15,1161,,,13,
116,21689,22268,Panutche Camara,1997-02-28,1707,,,,
116,21689,37259210,Dane Scarlett,2004-03-24,462,,,24,
116,21689,5935,Lee Evans,1994-07-24,515,,,8,
116,21689,7577,George Hirst,1999-02-15,1161,,,27,
116,21689,2475,Massimo Luongo,1992-09-25,98,,,25,
116,21689,37536911,Omari Hutchinson,2003-10-30,1640,,,20,
116,21689,1677,Freddie Ladapo,1993-02-01,462,,,9,
116,21689,13042,Jack Taylor,1998-06-23,455,,,14,
116,21689,12216,Conor Mark Chaplin,1997-02-16,462,,,10,
116,21689,581062,Nathan Broadhead,1998-04-05,515,,,33,
116,21689,3189,Sam Morsy,1991-09-10,886,,,5,
116,21689,4299,Dominic Ball,1995-08-02,462,,,12,
116,21689,5681,Kieffer Moore,1992-08-08,515,,,24,
116,21689,7026563,Harry Clarke,2001-03-02,462,,,2,
116,21689,37550477,Cameron Humphreys,2003-10-30,462,,,30,
116,21689,37540691,Elkan Baggott,2002-10-23,88407,,,26,
116,21689,25567988,Leif Davis,1999-12-31,462,,,3,
116,21689,79752,Václav Hladký,1990-11-14,245,,,31,
116,21689,2965,Christian Walton,1995-11-09,462,,,1,
116,21689,9472,George Edmundson,1997-08-15,462,,,4,
116,21689,4536527,Brandon Williams,2000-09-03,462,,,18,
116,21689,1105,Sone Aluko,1989-02-19,716,,,23,
116,21689,4391,Axel Tuanzebe,1997-11-14,1320,,,40,
116,21689,6067,Wes Burns,1994-11-23,515,,,7,
116,21689,12483,Kayden Jackson,1994-02-22,462,,,19,
116,21689,6535,Marcus Harness,1996-02-24,455,,,11,
116,21689,2816063,Luke Woolfenden,1998-10-21,462,,,6,
116,21689,35280539,Jeremy Sarmiento,2002-06-16,459,,,21,
116,21689,7636,Lewis Travis ,1997-10-16,462,,,28,
116,21689,5922,Cameron Burgess ,1995-10-21,98,,,15,
116,21689,28575866,Ali Al-Hamadi,2002-03-01,107,,,16,
117,21689,37286734,Marco Rus,2003-01-23,155,,,43,
117,21689,37675370,Aidan Dausch,2006-06-01,462,,,59,
117,21689,37612748,Bradley Stretton,,462,,,46,
117,21689,37559831,Ryan Howley,2003-11-23,515,,,36,
117,21689,3261,Ben Wilson,1992-08-09,462,,,13,
117,21689,37547545,Justin Obikwu ,2004-05-06,462,,,49,
117,21689,37675368,Luke Bell,2003-10-26,462,,,48,
117,21689,33968623,Dermi Lusala,2003-01-16,462,,,41,
117,21689,23223363,Josh Eccles,2000-04-06,462,,,28,
117,21689,37609167,Evan Eghosa Aisowieren,2005-08-20,143,,,47,
117,21689,26813,Gustavo Hamer,1997-06-24,38,,,38,
117,21689,8270,Callum O'Hare,1998-05-01,462,,,10,
117,21689,13425,Ephron Mason-Clark,1999-08-25,462,,,,
117,21689,23739095,Jack Burroughs,2001-03-21,1161,,,,
117,21689,37609172,Kai Andrews,2006-08-06,515,,,54,
117,21689,6254,Kyle McFadzean,1987-02-20,462,,,5,
117,21689,5243,Matty Godden,1991-07-29,462,,,24,
117,21689,23277904,Luis Binks,2001-09-02,462,,,2,
117,21689,3267,Kasey Palmer,1996-11-09,1640,,,45,
117,21689,6065,Liam Kelly,1990-02-10,1161,,,6,
117,21689,2891,Simon Moore,1990-05-19,462,,,1,
117,21689,8840,Jamie Allen,1995-01-29,462,,,8,
117,21689,17177173,Milan van Ewijk,2000-09-08,38,,,27,
117,21689,2813,Jake Bidwell,1993-03-21,462,,,21,
117,21689,10310763,Liam Kitching,1999-09-25,462,,,15,
117,21689,340204,Ben Sheaf,1998-02-05,462,,,14,
117,21689,22536434,Fábio Tavares,2001-01-22,20,,,30,
117,21689,37526157,Yasin Ayari,2003-10-06,47,,,26,
117,21689,15076357,Ellis Simms,2001-01-05,462,,,9,
117,21689,537116,Brad Collins,1997-02-18,462,,,40,
117,21689,263186,Haji Wright ,1998-03-27,3483,,,11,
117,21689,30979492,Tatsuhiro Sakamoto,1996-10-22,479,,,7,
117,21689,10496,Jay Dasilva,1998-04-22,462,,,3,
117,21689,537721,Victor Torp,1999-07-30,320,,,29,
117,21689,538042,Joel Latibeaudiere,2000-01-06,1640,,,22,
117,21689,37518832,Bobby Thomas,2001-01-30,462,,,4,
122,21689,581034,Lewis Thomas,1997-09-20,515,,,32,
122,21689,37609158,Jamie Knight-Lebel,2004-12-24,1004,,,27,
122,21689,37675293,Jed Meerholz,2006-04-08,462,,,36,
122,21689,956,Andy King,1988-10-29,515,,,10,
122,21689,4592196,Jason Knight ,2001-02-13,455,,,12,
122,21689,149231,Mark Sykes,1997-08-04,491,,,17,
122,21689,17187782,Stefan Bajić,2001-12-23,17,,,23,
122,21689,37672387,Elijah Morrison,2006-03-18,462,,,42,
122,21689,5433,Joe Williams,1996-12-08,462,,,8,
122,21689,37559819,T. Backwell,2003-06-22,462,,,37,
122,21689,37675292,Joseph James,2006-06-27,462,,,34,
122,21689,25188299,Harvey Wiles-Richards,2002-05-27,462,,,13,
122,21689,174995,Ross McCrorie,1998-03-18,1161,,,2,
122,21689,21802858,Haydon Roberts,2002-05-10,462,,,24,
122,21689,37612708,Raphael Araoye,2004-11-21,11,,,28,
122,21689,1494372,Max Bird ,2000-09-18,462,,,,
122,21689,7250,Zak Vyner,1997-05-14,462,,,26,
122,21689,37550442,Omar Taylor-Clarke,2003-10-15,515,,,,
122,21689,37600173,Josh Stokes,2004-04-29,462,,,,
122,21689,11752,Kal Naismith ,1992-02-18,1161,,,4,
122,21689,37336898,Adedire Mebude,2004-05-28,1161,,,47,
122,21689,339,Andreas Weimann,1991-08-05,143,,,,
122,21689,25217729,Duncan Idehen,,462,,,35,
122,21689,3502650,Rob Atkinson,1998-07-13,462,,,5,
122,21689,37391549,Ayman Benarous,2003-07-27,462,,,18,
122,21689,25217725,Taylor Gardner-Hickman,2001-12-30,462,,,22,
122,21689,2237,Matty James,1991-07-22,462,,,6,
122,21689,37391535,Tommy Conway,2002-08-06,1161,,,15,
122,21689,37675294,Raekwon Nelson,2005-10-26,462,,,30,
122,21689,37675298,Ephraim Yeboah,2006-07-21,251,,,29,
122,21689,6608242,Cameron Pring ,1998-01-22,462,,,3,
122,21689,3063,Nahki Wells,1990-06-01,15326,,,21,
122,21689,8085,Rob Dickie,1996-03-03,462,,,16,
122,21689,37391534,Sam Bell,2002-05-23,462,,,20,
122,21689,1494237,George Tanner,1999-11-16,462,,,19,
122,21689,3177,Max O'Leary,1996-10-10,462,,,1,
122,21689,5785,Harry Cornick,1995-04-09,462,,,9,
122,21689,28575734,Anis Mehmeti,2001-01-09,2454,,,11,
122,21689,9674,Scott Twine,1999-07-14,462,,,7,
138,21689,37609785,Josh Ayres,2005-11-24,462,,,41,
138,21689,37609705,Hamish Douglas,2005-06-04,462,,,36,
138,21689,33587292,Sebastian Revan ,2003-07-14,462,,,28,
138,21689,192847,Viktor Johansson,1998-09-14,47,,,1,
138,21689,580970,Andy Rinomhota,1997-04-21,2325,,,12,
138,21689,3134,Grant Hall,1991-10-29,462,,,20,
138,21689,5986,Dillon Phillips,1995-06-11,462,,,26,
138,21689,16827159,Arvin Appiah,2001-01-05,462,,,30,
138,21689,37551308,Nathaniel Ford,2004-07-08,462,,,33,
138,21689,37316869,Dexter Lembikisa,2003-11-04,1640,,,2,
138,21689,3169765,Joshua Kayode,2000-05-04,455,,,19,
138,21689,37546265,Jake Hull,2001-10-22,462,,,,
138,21689,37675804,Joel Holvey,2004-11-20,462,,,,
138,21689,37551298,Curtis Durose,2003-10-25,462,,,,
138,21689,652,Yuki Takahashi,1990-11-07,32,,,4,
138,21689,173767,Jamie McCart,1997-06-20,1161,,,5,
138,21689,121788,Georgie Kelly,1996-11-12,491,,,12,
138,21689,539962,Tolaji Bola,1999-01-04,462,,,15,
138,21689,6039,Fred Onyedinma,1996-11-24,716,,,14,
138,21689,4599,Andre Green,1998-07-26,462,,,11,
138,21689,1494443,Cohen Bramall,1996-04-02,462,,,3,
138,21689,37344243,Ciaran McGuckin,2003-12-30,491,,,35,
138,21689,1872650,Ben Wiles,1999-04-17,462,,,8,
138,21689,816,Tyler Blackett,1994-04-02,462,,,6,
138,21689,524852,Christ Tiéhi,1998-06-16,23,,,27,
138,21689,3495,Jordan Hugill,1992-06-04,462,,,10,
138,21689,9798,Oliver Rathbone,1996-10-10,462,,,18,
138,21689,5750,Tom Eaves,1992-01-14,462,,,9,
138,21689,96714,Cafú,1993-02-26,20,,,7,
138,21689,2303,Lee Peltier,1986-12-11,462,,,21,
138,21689,37609701,Ben Hatton,,462,,,42,
138,21689,4445,Cameron Humphreys,1998-08-22,462,,,24,
138,21689,3057,Sean Morrison,1991-01-08,462,,,23,
138,21689,173508,Jamie Lindsay,1995-10-11,1161,,,16,
138,21689,1571,Sam Clucas,1990-09-25,462,,,8,
138,21689,2821,Shane Ferguson,1991-07-12,491,,,17,
138,21689,12515,Hakeem Odoffin,1998-04-13,462,,,22,
138,21689,10815,Charlie Wyke,1992-12-06,462,,,14,
138,21689,20716535,Peter Kioso,1999-08-15,1320,,,40,
138,21689,26715430,Femi Seriki,2002-04-28,462,,,38,
138,21689,341125,Sam Nombe,1998-10-22,462,,,29,
251,21689,37609523,Neo Eccleston,2003-10-11,462,,,45,
251,21689,4627,Rhys Healey,1994-12-06,462,,,44,
251,21689,37551292,Conor Falls,2004-01-02,462,,,43,
251,21689,37391710,Luke Daley,2002-12-30,462,,,38,
251,21689,37374546,Josh Austerfield ,2001-11-02,462,,,,
251,21689,310003,Yuta Nakayama,1997-02-16,479,,,33,
251,21689,37391708,Giosue Bellagambi,2001-11-08,4125,,,41,
251,21689,2349,Tom Lees,1990-11-28,462,,,32,
251,21689,1736,J. Rhodes,1990-02-05,1161,,,,
251,21689,5353,Tom Edwards,1999-01-22,462,,,16,
251,21689,37612645,Charles Ondo,2003-10-22,211975,,,,
251,21689,17859252,Radinio Balker,1998-09-03,38,,,24,
251,21689,2230,Jonathan Hogg,1988-12-06,462,,,6,
251,21689,37255850,Rarmani Edmonds-Green,1999-01-14,462,,,2,
251,21689,20692499,Jacob Chapman,2000-10-22,98,,,31,
251,21689,6115,Connor Mahoney,1997-02-12,462,,,,
251,21689,37391711,Loick Ayina,2003-04-20,17,,,37,
251,21689,37551294,Michael Stone,2004-05-29,462,,,42,
251,21689,32013821,Aaron Rowe,2000-09-07,462,,,,
251,21689,37350690,Kian Harratt,2002-06-21,462,,,22,
251,21689,5510,Josh Ruffels,1993-10-23,462,,,3,
251,21689,2812,Lee Nicholls,1992-10-05,462,,,1,
251,21689,37609526,Tom Iorpenda,2005-04-06,462,,,39,
251,21689,18226,Sorba Thomas,1999-01-25,515,,,14,
251,21689,6557,Chris Maxwell,1990-07-30,515,,,12,
251,21689,320,Daniel Ward,1990-12-09,462,,,25,
251,21689,11471,Matty Pearson,1993-08-03,462,,,4,
251,21689,37545764,Alex Matos,2004-10-03,462,,,21,
251,21689,37545907,Kyle Hudlin,2000-06-15,462,,,27,
251,21689,9279559,Delano Burgzorg,1998-11-07,38,,,7,
251,21689,2846690,Bojan Radulović,1999-12-29,296,,,9,
251,21689,155234,Michal Helik,1995-09-09,2,,,5,
251,21689,37391713,Brahima Diarra,2003-07-05,26,,,11,
251,21689,37331626,Patrick Jones,2003-06-09,515,,,26,
251,21689,37304037,Tyreece Simpson,2002-02-07,462,,,,
251,21689,12474,Josh Koroma,1998-11-09,462,,,10,
251,21689,37436364,Brodie Spencer,2004-05-06,491,,,17,
251,21689,1872650,Ben Wiles,1999-04-17,462,,,23,
251,21689,8454,Ollie Turton ,1992-12-06,462,,,20,
251,21689,32796827,Ben Jackson,2001-02-22,462,,,30,
251,21689,32404898,Jack Rudoni,2001-06-14,462,,,8,
251,21689,8069,David Kasumu,1999-10-05,462,,,18,
1,21646,37581714,Oliver Scarles,2005-12-12,462,,,57,
1,21646,581197,Conor Coventry,2000-03-25,455,,,32,
1,21646,37602888,Callum Marshall,2004-11-28,491,,,50,
1,21646,37544306,Lewis Orford,2006-02-18,462,,,61,
1,21646,37365883,Divin Mubama,2004-10-25,462,,,45,
1,21646,37259176,Levi Laing,2003-04-12,462,,,53,
1,21646,186815,Pablo Fornals,1996-02-22,32,,,8,
1,21646,37544304,Kaelan Casey,2004-10-28,462,,,42,
1,21646,96642,Maxwel Cornet ,1996-09-27,23,,,17,
1,21646,220052,Lucas Paquetá,1997-08-27,5,,,10,
1,21646,1261,Aaron Cresswell,1989-12-15,462,,,3,
1,21646,254052,Edson Álvarez ,1997-10-24,458,,,19,
1,21646,80655,Tomáš Souček ,1995-02-27,245,,,28,
1,21646,95393,Alphonse Areola,1993-02-27,17,,,23,
1,21646,129794,Emerson,1994-08-03,251,,,33,
1,21646,109417,Konstantinos Mavropanos,1997-12-11,125,,,15,
1,21646,3354,Kalvin Phillips ,1995-12-02,462,,,11,
1,21646,581199,Ben Johnson,2000-01-24,462,,,2,
1,21646,96426,Saïd Benrahma,1995-08-10,614,,,22,
1,21646,1316,Kurt Zouma,1994-10-27,17,,,4,
1,21646,32738,Thilo Kehrer,1996-09-21,11,,,24,
1,21646,15076349,Joseph Anang,2000-06-08,468,,,49,
1,21646,1155,James Ward-Prowse,1994-11-01,462,,,7,
1,21646,5640849,Mohammed Kudus,2000-08-02,468,,,14,
1,21646,516291,Nayef Aguerd,1996-03-30,1424,,,27,
1,21646,80304,Vladimír Coufal,1992-08-22,245,,,5,
1,21646,733,Lukasz Fabianski ,1985-04-18,2,,,1,
1,21646,1922,Michail Antonio,1990-03-28,1640,,,9,
1,21646,1592,Jarrod Bowen ,1996-12-20,462,,,20,
1,21646,1416,Angelo Ogbonna,1988-05-23,251,,,21,
1,21646,1450,Danny Ings,1992-07-23,462,,,18,
1,21646,37546780,George Earthy,2004-09-05,462,,,40,
6,21646,37316864,Yago Santiago,2003-04-15,32,,,58,
6,21646,125482,Manor Solomon,1999-07-24,802,,,27,
6,21646,37565269,Alfie Dorrington,2005-04-20,462,,,65,
6,21646,37609326,Tyrese Hall,2005-09-04,1640,,,73,
6,21646,380886,Sergio Reguilón,1996-12-16,32,,,3,
6,21646,37582649,Ashley Phillips,2005-06-26,462,,,35,
6,21646,37554912,Ashley Famiwuya,2005-06-26,462,,,35,
6,21646,1241,Fraser Forster,1988-03-17,462,,,20,
6,21646,340346,Alfie Whiteman,1998-10-02,462,,,41,
6,21646,26294,Davinson Sánchez,1996-06-12,353,,,6,
6,21646,37548602,Jamie Donley,2005-01-03,491,,,63,
6,21646,916,Eric Dier,1994-01-15,462,,,15,
6,21646,31002,Ivan Perisic,1989-02-02,266,,,14,
6,21646,540476,Brandon Austin,1999-01-08,462,,,40,
6,21646,96870,Yves Bissouma ,1996-08-30,26,,,8,
6,21646,221615,Emerson Royal,1999-01-14,5,,,12,
6,21646,37568165,Alejo Veliz,2003-09-19,44,,,36,
6,21646,32777506,Destiny Udogie,2002-11-28,251,,,38,
6,21646,37342694,Pape Matar Sarr,2002-09-14,200,,,29,
6,21646,540579,Oliver Skipp,2000-09-16,462,,,4,
6,21646,8456257,Pedro Porro,1999-09-13,32,,,23,
6,21646,133779,Guglielmo Vicario,1996-10-07,251,,,13,
6,21646,1744,Pierre-Emile Højbjerg,1995-08-05,320,,,5,
6,21646,219633,Richarlison,1997-05-10,5,,,9,
6,21646,6838,James Maddison,1996-11-23,462,,,10,
6,21646,333731,Cristian Romero ,1998-04-27,44,,,17,
6,21646,4313,Heung-min Son ,1992-07-08,712,,,7,
6,21646,97664,Giovani Lo Celso,1996-04-09,44,,,18,
6,21646,14338024,Dejan Kulusevski,2000-04-25,47,,,21,
6,21646,989,Ben Davies,1993-04-24,515,,,33,
6,21646,37296248,Micky van de Ven ,2001-04-19,38,,,37,
6,21646,37259210,Dane Scarlett,2004-03-24,462,,,44,
6,21646,37651099,Mikey Moore,2007-08-11,462,,,59,
6,21646,4545529,Bryan Gil,2001-02-11,32,,,11,
6,21646,31823,Timo Werner,1996-03-06,11,,,16,
6,21646,25930790,Brennan Johnson,2001-05-23,515,,,22,
6,21646,23715982,Radu Drăgușin,2002-02-03,155,,,6,
6,21646,333797,Rodrigo Bentancur,1997-06-25,158,,,30,
8,21646,37669492,Trey Nyoni,2007-06-30,462,,,98,
8,21646,37565676,Calum Scanlon,,462,,,48,
8,21646,37389552,Luke Chambers,2004-06-24,462,,,44,
8,21646,37682555,Amara Nallo,2006-11-18,462,,,65,
8,21646,37573827,Jayden Danns,2006-01-16,462,,,76,
8,21646,37543607,James McConnell,2004-09-13,462,,,53,
8,21646,37341803,Marcelo Pitaluga,2002-12-20,5,,,45,
8,21646,37657770,Lewis Koumas,2005-09-19,515,,,67,
8,21646,31857,Thiago Alcântara,1991-04-11,32,,,6,
8,21646,1494396,Nat Phillips,1997-03-21,462,,,47,
8,21646,37602125,Ben Gannon-Doak,2005-11-11,1161,,,50,
8,21646,37565677,Stefan Bajcetic ,2004-10-22,32,,,43,
8,21646,37373580,Kaide Gordon,2004-10-05,462,,,49,
8,21646,24081647,Owen Beck ,2002-08-09,515,,,63,
8,21646,37543609,Fabian Mrozek,2003-09-28,2,,,93,
8,21646,1251,Adrián,1987-01-03,32,,,13,
8,21646,1920,Joël Matip,1991-08-08,593,,,32,
8,21646,785998,Dominik Szoboszlai,2000-10-25,674,,,8,
8,21646,4545513,Curtis Jones,2001-01-30,462,,,17,
8,21646,241036,Luis Díaz,1997-01-13,353,,,7,
8,21646,37259163,Jarell Quansah,2003-01-29,462,,,78,
8,21646,896225,Caoimhín Kelleher,1998-11-23,455,,,62,
8,21646,129820,Alisson,1992-10-02,5,,,1,
8,21646,1453,Joe Gomez ,1997-05-23,462,,,2,
8,21646,37298102,Bobby Clark,2005-02-07,462,,,42,
8,21646,309344,Wataru Endo,1993-02-09,479,,,3,
8,21646,1743,Virgil van Dijk ,1991-07-08,38,,,4,
8,21646,6013424,Darwin Núñez,1999-06-24,158,,,9,
8,21646,1917,Trent Alexander-Arnold,1998-10-07,462,,,66,
8,21646,84627,Konstantinos Tsimikas,1996-05-12,125,,,21,
8,21646,100556,Ibrahima Konaté,1999-05-25,17,,,5,
8,21646,4125,Mohamed Salah,1992-06-15,886,,,11,
8,21646,30062,Cody Gakpo,1999-05-07,38,,,18,
8,21646,216612,Alexis Mac Allister,1998-12-24,44,,,10,
8,21646,37316835,Conor Bradley ,2003-07-09,491,,,84,
8,21646,5270462,Ryan Gravenberch,2002-05-16,38,,,38,
8,21646,23269836,Harvey Elliott,2003-04-04,462,,,19,
8,21646,159917,Diogo Jota,1996-12-04,20,,,20,
8,21646,1078,Andrew Robertson,1994-03-11,1161,,,26,
9,21646,105,Scott Carson,1985-09-03,462,,,33,
9,21646,37581761,Mahamadou Susoho ,2005-01-20,32,,,76,
9,21646,30467945,Micah Hamilton,2003-11-13,462,,,92,
9,21646,30446925,Issa Kaboré,2001-05-12,607,,,78,
9,21646,28912747,Cole Palmer,2002-05-06,462,,,80,
9,21646,186299,Aymeric Laporte,1994-05-27,32,,,14,
9,21646,28575676,James McAtee,2002-10-18,462,,,87,
9,21646,37545384,Máximo Perrone,2003-01-07,44,,,32,
9,21646,3354,Kalvin Phillips ,1995-12-02,462,,,4,
9,21646,24838234,Josh Wilson-Esbrand,2002-12-26,462,,,97,
9,21646,37612626,Jacob Wright,2005-09-21,462,,,56,
9,21646,1869,Nathan Aké,1995-02-18,38,,,6,
9,21646,186910,Rodri ,1996-06-22,32,,,16,
9,21646,198062,Manuel Akanji,1995-07-19,62,,,25,
9,21646,911,Kyle Walker,1990-05-28,462,,,2,
9,21646,159142,Ederson,1993-08-17,5,,,31,
9,21646,34594,Stefan Ortega,1992-11-06,11,,,18,
9,21646,982,John Stones,1994-05-28,462,,,5,
9,21646,162536,Rúben Dias,1997-05-14,20,,,3,
9,21646,73147,Mateo Kovacic,1994-05-06,266,,,8,
9,21646,21781428,Matheus Nunes,1998-08-27,20,,,27,
9,21646,1116,Jack Grealish,1995-09-10,462,,,10,
9,21646,1371,Kevin De Bruyne,1991-06-28,556,,,17,
9,21646,21394947,Julián Alvarez,2000-01-31,44,,,19,
9,21646,96353,Bernardo Silva,1994-08-10,20,,,20,
9,21646,24838191,Josko Gvardiol,2002-01-23,266,,,24,
9,21646,37459073,Rico Lewis,2004-11-21,462,,,82,
9,21646,336133,Phil Foden,2000-05-28,462,,,47,
9,21646,37286732,Oscar Bobb,2003-07-12,1578,,,52,
9,21646,4536537,Sergio Gómez,2000-09-04,32,,,21,
9,21646,154421,Erling Haaland,2000-07-21,1578,,,9,
9,21646,23697990,Jérémy Doku ,2002-05-27,556,,,11,
11,21646,37537754,Matt Dibley-Dias,2003-10-29,2817,,,49,
11,21646,1366,Aleksandar Mitrović,1994-09-16,296,,,9,
11,21646,37656924,Josh King,2007-01-03,462,,,62,
11,21646,6351,Marek Rodák,1996-12-13,401,,,1,
11,21646,37529823,Kristian Sekularac,2003-12-07,62,,,57,
11,21646,37581727,Luc De Fougerolles,2005-10-12,1004,,,44,
11,21646,37553443,Devan Tanton,2004-01-03,353,,,41,
11,21646,37259158,Jay Stansfield,2002-11-24,462,,,65,
11,21646,7340703,Tyrese Francois,2000-07-16,98,,,35,
11,21646,455687,Steven Benda,1998-10-01,11,,,23,
11,21646,4343,Kevin Mbabu,1995-04-19,62,,,27,
11,21646,37537755,Luke Harris,2005-03-04,515,,,38,
11,21646,2454,Tim Ream,1987-10-05,3483,,,13,
11,21646,581067,Antonee Robinson,1997-08-08,3483,,,33,
11,21646,540027,Calvin Bassey,1999-12-31,716,,,3,
11,21646,31342,Bernd Leno,1992-03-04,11,,,17,
11,21646,463153,Carlos Vinícius,1995-03-25,5,,,30,
11,21646,25400,Kenny Tete,1995-10-09,6783,,,2,
11,21646,97078,Fodé Ballo-Touré,1997-01-03,200,,,12,
11,21646,1409,Harrison Reed,1995-01-27,462,,,6,
11,21646,160217,Raúl Jiménez,1991-05-05,458,,,7,
11,21646,2285,Tom Cairney  ,1991-01-20,1161,,,10,
11,21646,3140,Bobby De Cordova-Reid,1993-02-02,1640,,,14,
11,21646,4241,Adama Traoré,1996-01-25,32,,,11,
11,21646,37402350,Rodrigo Muniz,2001-05-04,5,,,19,
11,21646,1317,Willian,1988-08-09,5,,,20,
11,21646,1881,Alex Iwobi,1996-05-03,716,,,22,
11,21646,23697427,Armando Broja,2001-09-10,2454,,,9,
11,21646,62337,Timothy Castagne,1995-12-05,556,,,21,
11,21646,130248,Saša Lukić,1996-08-13,296,,,28,
11,21646,1004,Andreas Pereira,1996-01-01,5,,,18,
11,21646,5241,Tosin Adarabioyo,1997-09-24,462,,,4,
11,21646,160072,João Palhinha,1995-07-09,20,,,26,
11,21646,5403,Harry Wilson,1997-03-22,515,,,8,
11,21646,96799,Issa Diop,1997-01-09,1424,,,31,
13,21646,5666433,Billy Crellin,2000-06-30,462,,,43,
13,21646,29313203,Lewis Warrington,2002-10-10,462,,,51,
13,21646,32796058,Tyler Onyango,2003-03-04,462,,,62,
13,21646,28575644,Mackenzie Hunt,2001-11-14,462,,,58,
13,21646,37553446,Jenson Metcalfe,2004-09-06,462,,,86,
13,21646,37436348,Elijah Campbell,2004-08-02,462,,,73,
13,21646,33991824,Tom Cannon,2002-12-28,462,,,47,
13,21646,1881,Alex Iwobi,1996-05-03,716,,,17,
13,21646,95776,Neal Maupay,1996-08-14,17,,,13,
13,21646,1791,Andy Lonergan,1983-10-19,462,,,31,
13,21646,539969,João Virgínia,1999-10-10,20,,,12,
13,21646,1692,Mason Holgate,1996-10-22,462,,,4,
13,21646,37260638,Nathan Patterson,2001-10-16,1161,,,2,
13,21646,32404895,Jarrad Branthwaite,2002-06-27,462,,,32,
13,21646,26491,Arnaut Danjuma,1997-01-31,38,,,10,
13,21646,1826,Jordan Pickford,1994-03-07,462,,,1,
13,21646,881,Michael Keane,1993-01-11,462,,,5,
13,21646,7958,Ben Godfrey,1998-01-15,462,,,22,
13,21646,537271,Vitaliy Mykolenko,1999-05-29,86,,,19,
13,21646,37587573,Youssef Chermiti,2004-05-24,20,,,28,
13,21646,2144,Abdoulaye Doucouré,1993-01-01,26,,,16,
13,21646,28912855,Lewis Dobbin,2003-01-03,462,,,61,
13,21646,165,Ashley Young,1985-07-09,462,,,18,
13,21646,1639,James Tarkowski,1992-11-19,462,,,6,
13,21646,1030,Idrissa Gueye,1989-09-26,200,,,27,
13,21646,764,Séamus Coleman,1988-10-11,455,,,23,
13,21646,4598726,Dwight McNeil,1999-11-22,1640,,,7,
13,21646,5141,Dominic Calvert-Lewin,1997-03-16,462,,,9,
13,21646,262274,Jack Harrison,1996-11-20,462,,,11,
13,21646,159372,André Gomes,1993-07-30,20,,,21,
13,21646,4536524,James Garner,2001-03-13,462,,,37,
13,21646,22878573,Amadou Onana ,2001-08-16,556,,,8,
13,21646,21773178,Beto,1998-01-31,20,,,14,
14,21646,37341761,Joe Hugill,2003-10-19,462,,,52,
14,21646,28912799,Dermot Mee,2002-11-20,491,,,45,
14,21646,37554466,Louis Jackson,2005-09-18,1161,,,78,
14,21646,37675777,Harry Amass,2007-03-16,462,,,70,
14,21646,37558976,Dan Gore,2004-09-26,462,,,44,
14,21646,37581770,Habeeb Ogunneye,2005-11-12,462,,,75,
14,21646,2206665,Lisandro Martínez,1998-01-18,44,,,6,
14,21646,1829,Anthony Martial,1995-12-05,17,,,9,
14,21646,31625938,Radek Vitek,2003-10-24,245,,,40,
14,21646,12647,Dean Henderson ,1997-03-12,462,,,26,
14,21646,538034,Jadon Sancho,2000-03-25,462,,,25,
14,21646,37537864,Álvaro Carreras,2003-03-23,32,,,42,
14,21646,2158417,Tyrell Malacia,1999-08-17,7437,,,12,
14,21646,26031,Donny van de Beek,1997-04-18,38,,,34,
14,21646,37537862,Rhys Bennett,2003-10-30,462,,,66,
14,21646,20673398,Facundo Pellistri,2001-12-20,158,,,28,
14,21646,438751,Altay Bayındır,1998-04-14,404,,,1,
14,21646,380886,Sergio Reguilón,1996-12-16,32,,,15,
14,21646,30851415,Toby Collyer,2004-01-03,462,,,65,
14,21646,1454,Tom Heaton,1986-04-15,462,,,22,
14,21646,160206,Victor Lindelöf,1994-07-17,47,,,2,
14,21646,159700,Casemiro,1992-02-23,5,,,18,
14,21646,129602,Bruno Fernandes ,1994-09-08,20,,,8,
14,21646,25489,Sofyan Amrabat,1996-08-21,1424,,,4,
14,21646,1878,Marcus Rashford,1997-10-31,462,,,10,
14,21646,95807,Raphaël Varane,1993-04-25,17,,,19,
14,21646,37325012,Rasmus Højlund,2003-02-04,320,,,11,
14,21646,992,Christian Eriksen,1992-02-14,320,,,14,
14,21646,26393,André Onana,1996-04-02,593,,,24,
14,21646,37316549,Alejandro Garnacho,2004-07-01,44,,,17,
14,21646,37317015,Amad Diallo ,2002-07-11,23,,,16,
14,21646,37540234,Kobbie Mainoo,2005-04-19,462,,,37,
14,21646,37316858,Hannibal,2003-01-21,1439,,,46,
14,21646,612,Jonny Evans,1988-01-03,491,,,35,
14,21646,12393293,Antony,2000-02-24,5,,,21,
14,21646,164061,Diogo Dalot,1999-03-18,20,,,20,
14,21646,455376,Scott McTominay ,1996-12-08,1161,,,39,
14,21646,5252,Aaron Wan-Bissaka,1997-11-26,1320,,,29,
14,21646,2884,Harry Maguire,1993-03-05,462,,,5,
14,21646,37286737,Omari Forson,2004-07-20,462,,,62,
14,21646,537121,Mason Mount ,1999-01-10,462,,,7,
14,21646,37544311,Willy Kambwala,2004-08-25,17,,,53,
14,21646,37625047,Ethan Wheatley,2006-01-20,462,,,84,
14,21646,955,Luke Shaw,1995-07-12,462,,,23,
15,21646,37649279,Sam Proctor,2006-12-21,462,,,78,
15,21646,1094,Tyrone Mings,1993-03-13,462,,,5,
15,21646,37736961,Lander Emery,2003-03-29,,,,55,
15,21646,37567882,Kadan Young,2006-01-19,462,,,72,
15,21646,28575720,Filip Marschall,2003-04-24,462,,,42,
15,21646,6201,Kortney Hause,1995-07-16,462,,,30,
15,21646,37316839,James Wright,2004-12-02,462,,,64,
15,21646,37425229,Oliwier Zych,2004-06-28,2,,,48,
15,21646,28912777,Cameron Archer,2001-12-09,462,,,35,
15,21646,62423,Leander Dendoncker,1995-04-15,556,,,32,
15,21646,37259239,Tim Iroegbunam,2003-06-30,462,,,47,
15,21646,33186827,Jaden Philogene,2002-02-08,462,,,33,
15,21646,186660,Emiliano Buendía,1996-12-25,44,,,10,
15,21646,4254,Bertrand Traoré,1995-09-06,607,,,9,
15,21646,24092472,Joe Gauci,2000-07-04,98,,,18,
15,21646,37547541,Tommi O'Reilly,2003-12-15,462,,,58,
15,21646,84540,Robin Olsen,1990-01-08,47,,,25,
15,21646,1343,Emiliano Martínez,1992-09-02,44,,,1,
15,21646,186585,Álex Moreno,1993-06-08,32,,,15,
15,21646,1177,Calum Chambers ,1995-01-20,462,,,16,
15,21646,30071882,Jhon Durán,2003-12-13,353,,,24,
15,21646,133127,Nicolò Zaniolo ,1999-07-02,251,,,22,
15,21646,96741,Clément Lenglet,1995-06-17,17,,,17,
15,21646,225000,Douglas Luiz,1998-05-09,5,,,6,
15,21646,11705406,Jacob Ramsey,2001-05-28,462,,,41,
15,21646,7124,Ezri Konsa,1997-10-23,462,,,4,
15,21646,432913,Moussa Diaby,1999-07-07,17,,,19,
15,21646,172611,John McGinn ,1994-10-18,1161,,,7,
15,21646,12145,Ollie Watkins,1995-12-30,462,,,11,
15,21646,96689,Diego Carlos,1993-03-15,5,,,3,
15,21646,37583510,Omari Kellyman,2005-09-15,462,,,71,
15,21646,97626,Boubacar Kamara,1999-11-23,17,,,44,
15,21646,28912779,Kaine Kesler-Hayden,2002-10-23,462,,,29,
15,21646,810,Philippe Coutinho,1992-06-12,5,,,23,
15,21646,37549955,Finley Munroe,2005-02-08,462,,,69,
15,21646,62342,Youri Tielemans,1997-05-07,556,,,8,
15,21646,33716,Leon Bailey ,1997-08-09,1640,,,31,
15,21646,380970,Pau Torres,1997-01-16,32,,,14,
15,21646,95368,Lucas Digne,1993-07-20,17,,,12,
15,21646,4592198,Morgan Rogers,2002-07-26,462,,,27,
15,21646,6524,Matty Cash,1997-08-07,2,,,2,
18,21646,37630500,Kiano Dyer,2006-11-21,462,,,78,
18,21646,37592037,Tyrique George,2006-02-04,462,,,67,
18,21646,37554470,Ted Curd,2006-02-14,462,,,40,
18,21646,37373590,Teddy Sharman-Lowe,2003-03-30,462,,,38,
18,21646,37316843,Josh Brooking,2002-09-01,462,,,44,
18,21646,37631362,Josh Acheampong,2006-05-05,462,,,63,
18,21646,37350709,Zak Sturge,2004-06-15,462,,,46,
18,21646,37536791,Jimi Tauriainen,2004-03-08,1233,,,49,
18,21646,37259181,Bashir Humphreys,2003-03-15,462,,,48,
18,21646,23697427,Armando Broja,2001-09-10,2454,,,,
18,21646,37373571,Eddie Beach,2003-10-09,515,,,50,
18,21646,37563931,Mason Burstow,2003-08-04,462,,,37,
18,21646,37592734,Diego Moreira,2004-08-06,556,,,43,
18,21646,37543251,Leo Castledine,2005-08-20,462,,,54,
18,21646,3268,Marcus Bettinelli,1992-05-24,462,,,13,
18,21646,537117,Trevoh Chalobah,1999-07-05,462,,,14,
18,21646,28912747,Cole Palmer,2002-05-06,462,,,20,
18,21646,11311795,Wesley Fofana,2000-12-17,17,,,29,
18,21646,37562129,Andrey Santos,2004-05-03,5,,,20,
18,21646,31626713,Carney Chukwuemeka,2003-10-20,143,,,17,
18,21646,581000,Robert Sánchez,1997-11-18,32,,,1,
18,21646,37691410,Deivid Washington,2005-06-05,5,,,36,
18,21646,24817084,Lucas Bergström,2002-09-05,1233,,,47,
18,21646,37555964,David Datro Fofana,2002-12-22,23,,,,
18,21646,37543252,Ronnie Stutter,2005-01-06,462,,,62,
18,21646,37545764,Alex Matos,2004-10-03,462,,,52,
18,21646,37317367,Malo Gusto,2003-05-19,17,,,27,
18,21646,37423141,Lesley Ugochukwu,2004-03-26,17,,,16,
18,21646,448448,Marc Cucurella,1998-07-22,32,,,3,
18,21646,37261500,Moisés Caicedo ,2001-11-02,459,,,25,
18,21646,95792,Thiago Silva,1984-09-22,5,,,6,
18,21646,29709995,Enzo Fernández,2001-01-17,44,,,8,
18,21646,96884,Christopher Nkunku,1997-11-14,17,,,18,
18,21646,37259180,Levi Colwill,2003-02-26,462,,,26,
18,21646,23311159,Ian Maatsen,2002-03-10,38,,,29,
18,21646,100385,Axel Disasi,1998-03-11,17,,,2,
18,21646,9938919,Mykhaylo Mudryk,2001-01-05,86,,,10,
18,21646,4545394,Benoît Badiashile,2001-03-26,17,,,5,
18,21646,25217662,Noni Madueke,2002-03-10,462,,,11,
18,21646,37536874,Roméo Lavia,2004-01-06,556,,,45,
18,21646,37445077,Cesare Casadei ,2003-01-10,251,,,31,
18,21646,1601,Ben Chilwell,1996-12-21,462,,,21,
18,21646,37540621,Nicolas Jackson,2001-06-20,200,,,15,
18,21646,1494245,Conor Gallagher,2000-02-06,462,,,23,
18,21646,37536793,Alfie Gilchrist,2003-11-28,462,,,42,
18,21646,581220,Reece James ,1999-12-08,462,,,24,
18,21646,802,Raheem Sterling,1994-12-08,462,,,7,
18,21646,37581743,Ishé Samuels-Smith,2006-06-05,462,,,53,
18,21646,37666048,Ollie Harrison,2007-08-07,462,,,79,
18,21646,538472,Djordje Petrovic,1999-10-08,296,,,28,
19,21646,37568815,Myles Lewis-Skelly,2006-09-26,462,,,59,
19,21646,37540212,James Sweet,2003-11-03,462,,,73,
19,21646,22897102,Karl Hein,2002-04-13,2405,,,31,
19,21646,37565025,Reuell Walters,2004-12-16,462,,,76,
19,21646,37565027,Bradley Ibrahim,2004-10-21,462,,,55,
19,21646,9438,Aaron Ramsdale,1998-05-14,462,,,1,
19,21646,1494446,Emile Smith Rowe,2000-07-28,462,,,10,
19,21646,37540213,Charles Sagoe Jr,2004-07-24,462,,,71,
19,21646,37568808,Ethan Nwaneri,2007-03-21,462,,,63,
19,21646,37436324,Mauro Bandeira,2003-11-18,20,,,40,
19,21646,1891,Mohamed Elneny,1992-07-11,886,,,25,
19,21646,186370,Thomas Partey,1993-06-13,468,,,5,
19,21646,5270466,Jurriën Timber ,2001-06-17,38,,,12,
19,21646,16827155,Bukayo Saka,2001-09-05,462,,,7,
19,21646,539961,Eddie Nketiah,1999-05-30,462,,,14,
19,21646,5270497,Fábio Vieira,2000-05-30,20,,,21,
19,21646,3259,Ben White,1997-10-08,462,,,4,
19,21646,3130,David Raya,1995-09-15,32,,,22,
19,21646,8403613,Jakub Kiwior,2000-02-15,2,,,15,
19,21646,17544737,William Saliba ,2001-03-24,17,,,2,
19,21646,537759,Reiss Nelson,1999-12-10,462,,,24,
19,21646,310288,Takehiro Tomiyasu,1998-11-05,479,,,18,
19,21646,26603,Oleksandr Zinchenko,1996-12-15,86,,,35,
19,21646,10959356,Gabriel Martinelli,2001-06-18,5,,,11,
19,21646,129511,Jorginho,1991-12-20,251,,,20,
19,21646,1362,Cédric Soares,1991-08-31,20,,,17,
19,21646,32612,Kai Havertz,1999-06-11,11,,,29,
19,21646,97811,Gabriel,1997-12-19,5,,,6,
19,21646,5273,Declan Rice,1999-01-14,462,,,41,
19,21646,61780,Leandro Trossard,1994-12-04,556,,,19,
19,21646,5329,Gabriel Jesus,1997-04-03,5,,,9,
19,21646,26823,Martin Ødegaard ,1998-12-17,1578,,,8,
20,21646,2763,Nick Pope,1992-04-19,462,,,22,
20,21646,1387,Matt Targett,1995-09-18,462,,,13,
20,21646,37573066,Alex Murphy,2004-06-25,455,,,54,
20,21646,37654338,Travis Hernes,2005-11-04,1578,,,90,
20,21646,25591494,Amadou Diallo,2003-02-15,462,,,49,
20,21646,37581775,Ben Parkinson,2005-03-10,462,,,63,
20,21646,37259223,Michael Ndiweni,,462,,,55,
20,21646,2712,Ryan Fraser,1994-02-24,1161,,,,
20,21646,1494666,Jamal Piaras Lewis,1998-01-25,491,,,12,
20,21646,2954,Isaac Hayden,1995-03-22,462,,,,
20,21646,1352,Javier Manquillo,1994-05-05,32,,,19,
20,21646,31626620,Harrison Ashby,2001-11-14,1161,,,30,
20,21646,7855,Mark Gillespie,1992-03-27,462,,,29,
20,21646,80889,Martin Dúbravka,1989-01-15,401,,,1,
20,21646,1016,Kieran Trippier,1990-09-19,462,,,2,
20,21646,2815,Dan Burn ,1992-05-09,462,,,33,
20,21646,1065,Callum Wilson,1992-02-27,462,,,9,
20,21646,332047,Elliot Anderson,2002-11-06,462,,,32,
20,21646,37581796,Lewis Miley,2006-05-01,462,,,67,
20,21646,37459072,Lewis Hall,2004-09-08,462,,,20,
20,21646,1494447,Joe Willock,1999-08-20,462,,,28,
20,21646,2985,Jamaal Lascelles,1993-11-11,462,,,6,
20,21646,32372,Fabian Schär,1991-12-20,62,,,5,
20,21646,9611543,Anthony Gordon,2001-02-24,462,,,10,
20,21646,1061,Matt Ritchie,1989-09-10,1161,,,11,
20,21646,33645,Joelinton,1996-08-14,5,,,7,
20,21646,10601,Harvey Barnes,1997-12-09,462,,,15,
20,21646,34053,Alexander Isak,1999-09-21,47,,,14,
20,21646,1414,Paul Dummett,1991-09-26,515,,,3,
20,21646,129966,Emil Krafth,1994-08-02,47,,,17,
20,21646,4817,Loris Karius,1993-06-22,11,,,18,
20,21646,459145,Bruno Guimarães,1997-11-16,5,,,39,
20,21646,173737,Sean Longstaff,1997-10-30,462,,,36,
20,21646,5270468,Sven Botman,2000-01-12,38,,,4,
20,21646,28913014,Joe White,2002-10-01,462,,,40,
20,21646,257663,Miguel Almirón ,1994-02-10,1190,,,24,
20,21646,24799911,Tino Livramento ,2002-11-12,462,,,21,
20,21646,2823228,Sandro Tonali,2000-05-08,251,,,8,
20,21646,3071,Jacob Murphy,1995-02-24,462,,,23,
21,21646,37610434,Owen Hampson,2004-11-17,462,,,44,
21,21646,37559763,Louie Marsh,2004-07-02,462,,,34,
21,21646,37392952,J. Amissah,2001-08-02,468,,,37,
21,21646,37668291,Jili Buyabu,2003-08-09,462,,,40,
21,21646,37642293,Ryan Oné,2006-06-26,1161,,,26,
21,21646,37391642,Antwoine Hackford,2004-03-20,462,,,39,
21,21646,5858,John Fleck,1991-08-24,1161,,,4,
21,21646,4746,Oli McBurnie,1996-06-04,1161,,,9,
21,21646,37567879,Sydie Peck,2004-09-13,462,,,42,
21,21646,26715430,Femi Seriki,2002-04-28,462,,,38,
21,21646,5699,Adam Davies,1992-07-17,515,,,1,
21,21646,30468674,Ismaila Coulibaly,2000-12-25,26,,,17,
21,21646,3305,John Egan,1992-10-20,455,,,12,
21,21646,37391641,Daniel Jebbison,2003-08-13,1004,,,36,
21,21646,37723799,Dovydas Sasnauskas,2007-02-16,2079,,,46,
21,21646,37437764,Sam Curtis,2005-12-01,455,,,29,
21,21646,28575676,James McAtee,2002-10-18,462,,,28,
21,21646,74092,Ivo Grbic,1996-01-18,266,,,13,
21,21646,7835,Ben Brereton Díaz,1999-04-18,80,,,11,
21,21646,262280,Auston Trusty,1998-08-12,3483,,,5,
21,21646,3248,Max Lowe,1997-05-11,462,,,3,
21,21646,3230,Ben Osborn,1994-08-05,462,,,23,
21,21646,455354,Rhian Brewster ,2000-04-01,462,,,7,
21,21646,37559762,Oliver Arblaster,2004-01-08,462,,,24,
21,21646,7714340,Rhys Norrington-Davies,1999-04-22,515,,,33,
21,21646,2321,Oliver Norwood ,1991-04-12,491,,,16,
21,21646,581158,Jayden Bogle,2000-07-27,462,,,20,
21,21646,32031212,Vinicius de Souza Costa,1999-06-17,5,,,21,
21,21646,3604,George Baldock,1993-03-09,462,,,2,
21,21646,3478,Wes Foderingham ,1991-01-14,462,,,18,
21,21646,7118,Anel Ahmedhodzic ,1999-03-26,507,,,15,
21,21646,506,Chris Basham,1988-07-20,462,,,6,
21,21646,1692,Mason Holgate,1996-10-22,462,,,30,
21,21646,26813,Gustavo Hamer,1997-06-24,38,,,8,
21,21646,37610435,Billy Blacker,2006-05-25,462,,,45,
21,21646,37559767,William Osula,2003-08-04,320,,,32,
21,21646,12759174,Yasser Larouci,2001-01-01,614,,,27,
21,21646,10309700,Luke Jonathan Thomas,2001-06-10,462,,,14,
21,21646,28912777,Cameron Archer,2001-12-09,462,,,10,
21,21646,37391640,Andre Brooks,2003-08-20,462,,,35,
21,21646,1022,Jack Robinson,1993-09-01,462,,,19,
21,21646,37553666,Bénie Traoré,2002-11-30,23,,,11,
21,21646,1706,Tom Davies,1998-06-30,462,,,22,
21,21646,37357411,Anis Ben Slimane,2001-03-16,1439,,,25,
27,21646,37259845,Anass Zaroury,2000-11-07,1424,,,19,
27,21646,9372,Lawrence Vigouroux,1993-11-19,80,,,29,
27,21646,28575687,CJ Egan-Riley,2003-01-02,462,,,6,
27,21646,30883147,Luke McNally ,1999-09-20,455,,,34,
27,21646,62279,Manuel Benson ,1997-03-28,556,,,10,
27,21646,5410,Connor Roberts,1995-09-23,515,,,14,
27,21646,979,Nathan Redmond,1994-03-06,462,,,15,
27,21646,37593240,Wilson Odobert ,2004-11-28,17,,,47,
27,21646,1156,Jack Cork,1989-06-25,462,,,4,
27,21646,37622998,Luca Koleosho,2004-09-15,251,,,30,
27,21646,28575686,James Trafford,2002-10-10,462,,,1,
27,21646,1611,Johann Berg Guðmunds­son,1990-10-27,1796,,,7,
27,21646,64193,Sander Berge,1998-02-14,1578,,,16,
27,21646,3300,Charlie Taylor,1993-09-18,462,,,3,
27,21646,538850,Mike Tresor,1999-05-28,556,,,31,
27,21646,9606076,Han-Noah Massengo,2001-07-07,17,,,42,
27,21646,459480,Hjalmar Ekdal,1998-10-21,47,,,18,
27,21646,64296,Hannes Delcroix,1999-02-28,2177,,,44,
27,21646,32792,Jacob Bruun Larsen,1998-09-19,320,,,34,
27,21646,581094,Dara O'Shea ,1999-03-04,455,,,2,
27,21646,4244,Josh Cullen  ,1996-04-07,455,,,24,
27,21646,37261110,Zeki Amdouni,2000-12-04,62,,,25,
27,21646,4243070,Lyle Foster,2000-09-03,146,,,17,
27,21646,35281182,Lorenz Assignon ,2000-06-22,17,,,20,
27,21646,581055,Michael Obafemi,2000-07-06,455,,,45,
27,21646,37555964,David Datro Fofana,2002-12-22,23,,,23,
27,21646,37351292,Maxime Estève,2002-05-26,17,,,33,
27,21646,3861826,Jordan Beyer ,2000-05-19,11,,,5,
27,21646,28912768,Aaron Ramsey,2003-01-21,462,,,21,
27,21646,24817168,Ameen Al-Dakhil,2002-03-06,556,,,28,
27,21646,9302767,Vitinho,1999-07-23,5,,,22,
27,21646,538038,Arijanet Murić,1998-11-07,122,,,49,
27,21646,1152,Jay Rodríguez,1989-07-29,462,,,9,
27,21646,3143,Josh Brownhill,1995-12-19,462,,,8,
29,21646,37595813,Noha Lemina,2005-06-17,17,,,14,
29,21646,1745,Jérémy Pied,1989-02-23,17,,,8,
29,21646,37448818,Ty Barnett,2005-08-03,462,,,45,
29,21646,37649397,Leon Chiwome,2006-01-10,2325,,,84,
29,21646,37536877,Temple Ojinnaka,2005-03-30,462,,,57,
29,21646,37684782,Wesley Okoduwa,2008-05-12,462,,,61,
29,21646,37400484,Yerson Mosquera,2001-05-02,353,,,14,
29,21646,498161,Maximilian Kilman,1997-05-23,462,,,23,
29,21646,28912742,Joe Hodge,2002-09-14,455,,,32,
29,21646,1548028,Sasa Kalajdzic,1997-07-07,143,,,18,
29,21646,37672028,Fletcher Holman,2004-10-12,462,,,37,
29,21646,24081644,Owen Hesketh,,515,,,79,
29,21646,21781428,Matheus Nunes,1998-08-27,20,,,27,
29,21646,37581763,Matthew Whittingham,2004-10-21,462,,,65,
29,21646,6038,Tom King,1995-03-09,515,,,40,
29,21646,37436321,Justin Hubner,2003-09-14,38,,,67,
29,21646,34455257,Harvey Griffiths,2003-09-22,462,,,42,
29,21646,99076,Jean-Ricner Bellegarde,1998-06-27,2177,,,27,
29,21646,496775,Pedro Neto,2000-03-09,20,,,7,
29,21646,160110,Nélson Semedo,1993-11-16,20,,,22,
29,21646,3301,Daniel Bentley,1993-07-13,462,,,25,
29,21646,36084757,Boubacar Traoré,2001-08-20,26,,,6,
29,21646,37357499,Tawanda Chirewa,2003-10-12,462,,,62,
29,21646,13590962,Rayan Aït-Nouri,2001-06-06,614,,,3,
29,21646,459653,Santiago Bueno,1998-11-09,158,,,4,
29,21646,37286738,Hugo Bueno,2002-09-18,32,,,17,
29,21646,9605714,Tommy Doyle,2001-10-17,462,,,20,
29,21646,3884,Matt Doherty,1992-01-16,455,,,2,
29,21646,37402348,João Gomes,2001-02-12,5,,,8,
29,21646,37560477,Nathan Fraser,2005-02-22,462,,,63,
29,21646,29303604,Toti ,1999-01-16,20,,,24,
29,21646,23269679,Fábio Silva,2002-07-19,20,,,29,
29,21646,96017,Mario Lemina,1993-09-01,3662,,,5,
29,21646,37655932,Enso González ,2005-01-20,1190,,,30,
29,21646,186025,Pablo Sarabia,1992-05-11,32,,,21,
29,21646,52868,Hee-chan Hwang,1996-01-26,712,,,11,
29,21646,159483,José Sá,1993-01-17,20,,,1,
29,21646,1183,Craig Dawson,1990-05-06,462,,,15,
29,21646,1846739,Matheus Cunha,1999-05-27,5,,,12,
29,21646,186426,Jonny Otto,1994-03-03,32,,,19,
51,21646,37391503,John-Kymani Gordon,2003-02-13,462,,,37,
51,21646,37561116,Ademola Ola-Adebomi,2003-09-03,462,,,53,
51,21646,37391506,Joe Whitworth,2004-02-29,462,,,41,
51,21646,37459074,Jadan Raymond,2003-10-15,515,,,60,
51,21646,37336930,Roshaun Mathurin,2004-01-23,462,,,61,
51,21646,37259172,Luke Plange,2002-11-04,462,,,48,
51,21646,37354790,Tayo Adaramola,2003-11-14,455,,,45,
51,21646,34455847,Jesurun Rak-Sakyi,2002-10-05,468,,,49,
51,21646,37298063,Malcolm Ebiowei,2003-09-04,462,,,23,
51,21646,37554902,Kaden Rodney,2004-10-07,462,,,51,
51,21646,1901,Rob Holding,1995-09-20,462,,,4,
51,21646,1038,Jordan Ayew,1991-09-11,468,,,9,
51,21646,692,Joel Ward,1989-10-29,462,,,2,
51,21646,4598710,Tyrick Mitchell,1999-09-01,462,,,3,
51,21646,927,Jeffrey Schlupp,1992-12-23,468,,,15,
51,21646,37316940,Naouirou Ahamada,2002-03-29,17,,,29,
51,21646,25399,Jaïro Riedewald,1996-09-09,38,,,44,
51,21646,1008,Sam Johnstone,1993-03-25,462,,,1,
51,21646,186766,Jefferson Lerma,1994-10-25,353,,,8,
51,21646,96792,Odsonne Édouard,1998-01-16,17,,,22,
51,21646,336,James Tomkins,1989-03-29,462,,,5,
51,21646,7643,Eberechi Eze,1998-06-29,462,,,10,
51,21646,1202,Nathaniel Clyne,1991-04-05,462,,,17,
51,21646,37561117,David Ozoh,2005-05-06,462,,,52,
51,21646,24799984,Michael Olise,2001-12-12,17,,,7,
51,21646,5640926,Cheick Doucouré,2000-01-08,26,,,28,
51,21646,9278,Remi Matthews,1994-02-10,462,,,31,
51,21646,18218609,Chris Richards,2000-03-28,3483,,,26,
51,21646,37567285,Matheus França,2004-04-01,5,,,11,
51,21646,96950,Jean-Philippe Mateta ,1997-06-28,17,,,14,
51,21646,2332,Will Hughes,1995-04-17,462,,,19,
51,21646,37350704,Adam Wharton,2004-02-06,462,,,20,
51,21646,524045,Daniel Muñoz,1996-05-26,353,,,12,
51,21646,4536500,Marc Guéhi,2000-07-13,462,,,6,
51,21646,12647,Dean Henderson ,1997-03-12,462,,,30,
51,21646,37599249,Franco Umeh,2005-01-26,455,,,55,
51,21646,25284,Joachim Andersen,1996-05-31,320,,,16,
52,21646,28932248,Ben Greenwood,2002-03-26,462,,,43,
52,21646,37619858,Callan McKenna,2006-12-22,1161,,,46,
52,21646,130199,Ionuț Radu ,1997-05-28,155,,,20,
52,21646,1449,Darren Randolph,1987-05-12,455,,,12,
52,21646,434243,Romain Faivre,1998-07-14,17,,,8,
52,21646,1494663,Max Aarons,2000-01-04,462,,,37,
52,21646,37608765,Max Kinsey,2005-02-02,462,,,48,
52,21646,37392849,Jaidon Anthony,1999-12-01,1640,,,32,
52,21646,37259101,Gavin Kilkenny,2000-02-01,455,,,26,
52,21646,83927,Emiliano Marcondes,1995-03-09,320,,,13,
52,21646,2511082,Hamed Traoré ,2000-02-16,23,,,22,
52,21646,5681,Kieffer Moore,1992-08-08,515,,,21,
52,21646,37549913,Michael Dacosta Gonzalez,2005-03-05,32,,,50,
52,21646,37592022,Dominic Sadi,2003-09-02,462,,,49,
52,21646,339083,Chris Mepham,1997-11-05,515,,,6,
52,21646,6087,Philip Billing,1996-06-11,320,,,29,
52,21646,128798,Neto,1989-07-19,5,,,1,
52,21646,37550443,Alex Scott,2003-08-21,462,,,14,
52,21646,10990678,Antoine Semenyo,2000-01-07,468,,,24,
52,21646,26803,Justin Kluivert,1999-05-05,38,,,19,
52,21646,7655,Lloyd Kelly,1998-10-06,462,,,5,
52,21646,37381778,Milos Kerkez,2003-11-07,674,,,3,
52,21646,1095,Adam Smith ,1991-04-29,462,,,15,
52,21646,172752,Ryan Christie,1995-02-22,1161,,,10,
52,21646,4203,Dominic Solanke,1997-09-14,462,,,9,
52,21646,26354,Enes Ünal,1997-05-10,404,,,26,
52,21646,262324,Tyler Adams,1999-02-14,3483,,,18,
52,21646,1834,Lewis Cook,1997-02-03,462,,,4,
52,21646,22169325,James Hill,2002-01-10,462,,,23,
52,21646,22169319,Mark Travers,1999-05-18,455,,,42,
52,21646,9808,David Brooks,1997-07-08,515,,,7,
52,21646,4613,Joe Rothwell,1995-01-11,462,,,8,
52,21646,333989,Marcos Senesi,1997-05-10,44,,,25,
52,21646,239578,Luis Sinisterra ,1999-06-17,353,,,17,
52,21646,537493,Marcus Tavernier,1999-03-22,462,,,16,
52,21646,37325112,Will Dennis,2000-07-10,462,,,40,
52,21646,24065255,Ilya Zabarnyi,2002-09-01,86,,,27,
52,21646,37543248,Dango Ouattara,2002-02-11,607,,,11,
63,21646,519,Wayne Hennessey,1987-01-24,515,,,13,
63,21646,34432365,Giovanni Reyna,2002-11-13,3483,,,20,
63,21646,37562129,Andrey Santos,2004-05-03,5,,,12,
63,21646,518750,Josh Bowler,1999-03-05,462,,,38,
63,21646,32786894,Alex Mighten,2002-04-11,462,,,,
63,21646,10310312,Lewis O'Brien,1998-10-14,462,,,32,
63,21646,205944,Emmanuel Dennis,1997-11-15,716,,,25,
63,21646,31892,Odysseas Vlachodimos,1994-04-26,125,,,23,
63,21646,130145,Remo Freuler,1992-04-15,62,,,23,
63,21646,25930790,Brennan Johnson,2001-05-23,515,,,20,
63,21646,37581536,Detlef Esapa Osong,2004-09-21,462,,,49,
63,21646,37344239,Jamie McDonnell,2004-02-16,491,,,52,
63,21646,25206251,Brandon Aguilera,2003-06-28,1739,,,41,
63,21646,37581535,Joe Gardner,2005-06-06,462,,,53,
63,21646,62944,Ethan Horvath,1995-06-09,3483,,,34,
63,21646,95094,Serge Aurier,1992-12-24,23,,,24,
63,21646,320795,Ui-jo Hwang,1992-08-28,712,,,35,
63,21646,37597738,Rodrigo Ribeiro,2005-04-28,20,,,37,
63,21646,96943,Ibrahim Sangaré,1997-12-02,23,,,6,
63,21646,95348,Willy Boly,1991-02-03,17,,,30,
63,21646,98874,Moussa Niakhaté,1996-03-08,200,,,19,
63,21646,335653,Nicolás Domínguez,1998-06-28,44,,,16,
63,21646,173047,Scott McKenna,1996-11-12,1161,,,26,
63,21646,26506,Taiwo Awoniyi,1997-08-12,716,,,9,
63,21646,1243,Cheikhou Kouyaté,1989-12-21,200,,,8,
63,21646,523939,Orel Mangala,1998-03-18,556,,,5,
63,21646,37533413,Danilo,2001-04-29,5,,,28,
63,21646,262551,Matt Turner,1994-06-24,3483,,,1,
63,21646,11720838,Neco Williams,2001-04-13,515,,,7,
63,21646,7176,Joe Worrall,1997-01-10,462,,,4,
63,21646,914,Chris Wood,1991-12-07,2817,,,11,
63,21646,7926,Morgan Gibbs-White,2000-01-27,462,,,10,
63,21646,9308193,Nuno Tavares,2000-01-26,20,,,3,
63,21646,10831,Ryan Yates ,1997-11-21,462,,,22,
63,21646,1956,Ola Aina,1996-10-08,716,,,43,
63,21646,1472,Divock Origi,1995-04-18,556,,,27,
63,21646,333781,Gonzalo Montiel,1997-01-01,44,,,29,
63,21646,3463,Harry Toffolo,1995-08-19,462,,,15,
63,21646,28912805,Anthony Elanga,2002-04-27,47,,,21,
63,21646,2875858,Callum Hudson-Odoi,2000-11-07,462,,,14,
63,21646,24830085,Andrew Omobamidele,2002-06-23,455,,,32,
63,21646,37627036,Murillo,2002-07-04,5,,,40,
63,21646,2975,Matz Sels,1992-02-26,556,,,26,
63,21646,160121,D Godoy,1989-05-16,5,,,18,
78,21646,1149,Adam Lallana,1988-05-10,462,,,14,
78,21646,37354793,Leigh Kavanagh,2003-12-27,455,,,52,
78,21646,37384295,Samy Chouchane,2003-09-05,1439,,,48,
78,21646,37561626,Joshua Duffus,2005-05-31,462,,,56,
78,21646,37536790,Ben Jackson,2003-09-03,462,,,50,
78,21646,37581762,Luca Barrington,,462,,,53,
78,21646,37526157,Yasin Ayari,2003-10-06,47,,,26,
78,21646,28912814,Ed Turns,2002-10-18,515,,,43,
78,21646,28912807,Carl Rushworth,2001-07-02,462,,,39,
78,21646,21437534,Kaoru Mitoma,1997-05-20,479,,,22,
78,21646,35280539,Jeremy Sarmiento,2002-06-16,459,,,16,
78,21646,37593255,Noel Bigo Atom,2005-01-05,11,,,65,
78,21646,14069,Steven Alzate ,1998-09-08,353,,,17,
78,21646,28912837,Imari Samuels,2003-02-05,462,,,43,
78,21646,37341884,Cameron Peupion ,2002-09-23,98,,,44,
78,21646,29313195,Benicio Boaitey,2004-01-09,462,,,47,
78,21646,627,Danny Welbeck,1990-11-26,462,,,18,
78,21646,32347,Mahmoud Dahoud,1996-01-01,11,,,8,
78,21646,6599973,Billy Gilmour,2001-06-11,1161,,,11,
78,21646,37402363,Benicio Baker,2004-01-09,462,,,47,
78,21646,2683,Jason Steele,1990-08-18,462,,,23,
78,21646,2423,Solly March,1994-07-20,462,,,7,
78,21646,197,James Milner,1986-01-04,462,,,6,
78,21646,6504,Adam Webster,1995-01-04,462,,,4,
78,21646,37257596,Bart Verbruggen,2002-08-18,38,,,1,
78,21646,31504,Pascal Groß,1991-06-15,11,,,13,
78,21646,29419594,Julio Enciso,2004-01-23,1190,,,10,
78,21646,54191,Igor Julio,1998-02-07,5,,,3,
78,21646,2461,Lewis Dunk ,1991-11-21,462,,,5,
78,21646,28931574,João Pedro,2001-09-26,5,,,9,
78,21646,1444078,Jakub Moder ,1999-04-07,2,,,15,
78,21646,37555816,Simon Adingra,2002-01-01,23,,,24,
78,21646,37253456,Evan Ferguson,2004-10-19,455,,,28,
78,21646,187969,Pervis Estupiñán,1998-01-21,459,,,30,
78,21646,9308200,Tariq Lamptey,2000-09-30,468,,,2,
78,21646,24818803,Jan Paul van Hecke,2000-06-08,38,,,29,
78,21646,24655,Joël Veltman,1992-01-15,38,,,34,
78,21646,23269740,Ansu Fati,2002-10-31,32,,,31,
78,21646,37577727,Valentín Barco,2004-07-23,44,,,19,
78,21646,37561625,Jack Hinshelwood,2005-04-11,462,,,41,
78,21646,37599242,Mark O'Mahony,2005-01-14,455,,,55,
78,21646,37568149,Facundo Buonanotte,2004-12-23,44,,,40,
78,21646,37588823,Carlos Baleba,2004-01-03,593,,,20,
78,21646,37259188,Odeluga Offiah,2002-10-26,462,,,42,
115,21646,23241281,Jayden Nelson,2002-09-26,1004,,,43,
115,21646,37391359,Aidan Francis Clarke,2004-07-02,462,,,40,
115,21646,37676745,Jayden Luker,2005-04-30,462,,,47,
115,21646,37734095,Dominic Martins,2005-10-13,,,,48,
115,21646,37719720,Christian Chigozie,2007-03-01,462,,,42,
115,21646,37586709,Axel Piesold,2005-03-31,462,,,44,
115,21646,757,Tim Krul,1988-04-03,38,,,23,
115,21646,4229,Daniel Potts,1994-04-13,462,,,3,
115,21646,14338473,Ryan Giles,2000-01-26,462,,,26,
115,21646,28913030,Louie Watson,2001-06-07,462,,,,
115,21646,1494301,Tom Holmes,2000-03-12,462,,,29,
115,21646,173056,Allan Campbell,1998-07-04,1161,,,22,
115,21646,488060,John McAtee,1999-07-23,462,,,21,
115,21646,37596062,Taylan Harris,2005-10-30,462,,,41,
115,21646,1494236,Tahith Chong,1999-12-04,7437,,,14,
115,21646,7278,Jacob Brown,1998-04-10,1161,,,19,
115,21646,24469185,Teden Mengi,2002-04-30,462,,,15,
115,21646,122090,Chiedozie Ogbene,1997-05-01,455,,,7,
115,21646,21762789,Alfie Doughty,1999-12-21,462,,,45,
115,21646,25126,Marvelous Nakamba,1994-01-19,2325,,,13,
115,21646,85277,Mads Andersen,1997-12-27,320,,,5,
115,21646,9536,Tom Lockyer,1994-12-03,515,,,4,
115,21646,6618,Carlton Morris,1995-12-16,462,,,9,
115,21646,12129,Pelly Ruddock Mpanzu,1994-03-22,462,,,17,
115,21646,8749,Luke Berry,1992-07-12,462,,,8,
115,21646,1291,Reece Burke,1996-09-02,462,,,16,
115,21646,30446925,Issa Kaboré,2001-05-12,607,,,12,
115,21646,1494694,Elijah Adebayo,1998-01-07,462,,,11,
115,21646,3876667,Daiki Hashioka,1999-05-17,479,,,27,
115,21646,6049,Amari'i Bell,1994-05-05,1640,,,29,
115,21646,37676740,Joe Johnson,2006-02-21,462,,,38,
115,21646,37609179,Zack Nelson,2005-04-21,462,,,43,
115,21646,3987,James Shea,1991-06-16,462,,,1,
115,21646,1249,Andros Townsend,1991-07-16,462,,,30,
115,21646,538907,Albert Sambi Lokonga,1999-10-22,556,,,28,
115,21646,968,Ross Barkley,1993-12-05,462,,,6,
115,21646,6039,Fred Onyedinma,1996-11-24,716,,,32,
115,21646,5557,Jordan Clark ,1993-09-22,462,,,18,
115,21646,61107,Thomas Kaminski,1992-10-23,556,,,24,
115,21646,2999,Cauley Woodrow,1994-12-02,462,,,10,
115,21646,581142,Gabriel Osho,1998-08-14,462,,,2,
236,21646,7306,Ellery Balcombe,1999-10-15,462,,,40,
236,21646,37326731,Ethan Brierley,2003-11-23,462,,,38,
236,21646,37627277,Ji-soo Kim,2004-12-24,712,,,36,
236,21646,37655005,Benjamin Arthur,2005-10-09,462,,,50,
236,21646,129394,Thomas Strakosha,1995-03-19,2454,,,21,
236,21646,37539850,Val Adedokun,2003-02-14,455,,,42,
236,21646,37609281,Vincent Angelini,2003-09-12,1161,,,41,
236,21646,37683527,Benjamin Fredrick ,2005-05-28,716,,,43,
236,21646,37391634,Matthew Cox,2003-05-02,462,,,13,
236,21646,531971,Hákon Valdimarsson,2001-10-13,1796,,,31,
236,21646,9274,Charlie Goode,1995-08-03,462,,,4,
236,21646,37389551,Michael Olakigbe,2004-04-25,462,,,37,
236,21646,37653269,Ryan Trevitt,2003-03-12,462,,,32,
236,21646,37709434,Yunus Konak,2006-01-10,404,,,52,
236,21646,36633,Vitaly Janelt,1998-05-10,11,,,27,
236,21646,8449373,Mikkel Damsgaard,2000-07-03,320,,,24,
236,21646,529689,Bryan Mbeumo,1999-08-07,593,,,19,
236,21646,28552845,Keane Lewis-Potter,2001-02-22,462,,,23,
236,21646,34737,Mark Flekken,1993-06-13,38,,,1,
236,21646,27067062,Kevin Schade,2001-11-27,11,,,9,
236,21646,84426,Mathias Jensen,1996-01-01,320,,,8,
236,21646,27440826,Aaron Hickey,2002-06-10,1161,,,2,
236,21646,456067,Mads Roerslev ,1999-06-24,320,,,30,
236,21646,1460,Ben Mee,1989-09-21,462,,,16,
236,21646,15665,Ethan Pinnock,1993-05-29,1640,,,5,
236,21646,537108,Frank Onyeka,1998-01-01,716,,,15,
236,21646,191286,Saman Ghoddos,1993-09-06,488,,,14,
236,21646,96928,Yoane Wissa,1996-09-03,1320,,,11,
236,21646,95776,Neal Maupay,1996-08-14,17,,,7,
236,21646,31609,Christian Nørgaard,1994-03-10,320,,,6,
236,21646,31238191,Myles Peart-Harris,2002-09-18,462,,,25,
236,21646,37509395,Yegor Yarmolyuk ,2004-03-01,86,,,33,
236,21646,24613,Zanka,1990-04-23,320,,,13,
236,21646,4341,Ivan Toney,1996-03-16,462,,,17,
236,21646,339093,Josh Dasilva,1998-10-23,462,,,10,
236,21646,380886,Sergio Reguilón,1996-12-16,32,,,12,
236,21646,2510251,Shandon Baptiste ,1998-04-08,26833,,,26,
236,21646,8403173,Paris Maghoma,2001-05-08,462,,,32,
236,21646,7993,Rico Henry,1997-07-08,462,,,3,
236,21646,11705403,Nathan Collins ,2001-04-30,455,,,22,
236,21646,151418,Kristoffer Ajer,1998-04-17,1578,,,20,
2,23672,4219,Lewis Baker,1995-04-25,462,,,42,
2,23672,37583511,Nicholas Michalski,2007-03-14,462,,,38,
2,23672,23697536,Dilan Markanday,2001-08-20,462,,,18,
2,23672,3533827,Joe Hilton,1999-10-11,462,,,13,
2,23672,37373581,George Pratt,2003-09-17,462,,,43,
2,23672,37674895,Frank Vare,2007-09-12,462,,,49,
2,23672,37674900,Isaac Dunn,2008-12-31,462,,,46,
2,23672,37586700,Harley O'Grady-Macken,2004-12-09,462,,,41,
2,23672,37656956,Tom Atcheson,2006-09-22,462,,,48,
2,23672,6613,Scott Wharton ,1997-10-03,462,,,16,
2,23672,4592212,Jack Vale,2001-03-03,515,,,29,
2,23672,1716,Adam Forshaw,1991-10-08,462,,,28,
2,23672,581086,Todd Cantwell ,1998-02-27,462,,,8,
2,23672,24830076,Jordan Eastham,2001-09-08,462,,,35,
2,23672,24081647,Owen Beck ,2002-08-09,515,,,24,
2,23672,37720626,Igor Tyjon,2008-03-20,462,,,32,
2,23672,37568803,Matty Litherland,2005-10-31,462,,,40,
2,23672,37566992,James Edmondson,2005-11-01,462,,,36,
2,23672,37555282,Leo Duru,2005-01-12,462,,,39,
2,23672,6254,Kyle McFadzean,1987-02-20,462,,,4,
2,23672,2823545,Hayden Carter,1999-12-17,462,,,17,
2,23672,162210,Yuri Ribeiro,1997-01-24,20,,,4,
2,23672,37565028,Amario Cozier-Duberry,2005-05-29,462,,,33,
2,23672,37391524,Tyrhys Dolan,2001-12-28,462,,,10,
2,23672,14726336,Makhtar Gueye,1997-12-04,200,,,9,
2,23672,1494341,Dion Sanderson,1999-12-15,462,,,31,
2,23672,2999,Cauley Woodrow,1994-12-02,462,,,45,
2,23672,8018,Callum Brittain,1998-03-12,462,,,2,
2,23672,37596064,Brandon Powell,2005-10-17,462,,,50,
2,23672,581160,Joe Rankin-Costello,1999-07-26,462,,,11,
2,23672,34455259,Harry Leonard,2003-09-12,462,,,20,
2,23672,6253,Sondre Tronstad,1995-08-26,1578,,,6,
2,23672,339,Andreas Weimann,1991-08-05,143,,,14,
2,23672,205944,Emmanuel Dennis,1997-11-15,716,,,42,
2,23672,4014,Danny Batth,1990-09-21,462,,,15,
2,23672,14119,Harry Pickering,1998-12-29,462,,,3,
2,23672,537434,Aynsley Pears ,1998-04-23,462,,,1,
2,23672,37540211,Kristi Montgomery,2004-05-31,1161,,,51,
2,23672,8042,Ryan Hedges,1995-07-08,515,,,19,
2,23672,13489,Dominic Hyam,1995-12-20,1161,,,5,
2,23672,119181,Arnór Sigurdsson,1999-05-15,1796,,,7,
2,23672,2823546,John Buckley,1999-10-13,462,,,21,
2,23672,21820095,Yuki Ohashi,1996-07-27,479,,,23,
2,23672,458637,Balázs Tóth,1997-09-04,674,,,12,
2,23672,7636,Lewis Travis ,1997-10-16,462,,,27,
2,23672,8740,Sammie Szmodics,1995-09-24,462,,,8,
2,23672,22136559,Augustus Kargbo ,1999-08-24,5724,,,47,
3,23672,37598296,Tom Lavery,2005-12-19,462,,,49,
3,23672,37539361,Oliver Bainbridge,2005-06-13,462,,,51,
3,23672,37589618,Harrison Jones,2004-12-25,462,,,50,
3,23672,10907,Nathan Bishop,1999-10-15,462,,,,
3,23672,37322757,Jay Matete,2001-02-11,462,,,,
3,23672,37342615,Abdoullah Ba,2003-07-31,17,,,17,
3,23672,37660283,Ahmed Abdullahi,2004-06-19,716,,,29,
3,23672,37673230,Timur Tuterov,2005-06-11,86,,,57,
3,23672,37646939,Ben Crompton,2003-12-17,462,,,44,
3,23672,27453989,Pierre Ekwah,2002-01-15,17,,,39,
3,23672,37336214,Leo Hjelde,2003-08-26,1578,,,33,
3,23672,2891,Simon Moore,1990-05-19,462,,,21,
3,23672,37546753,Jenson Seelt,2003-05-23,38,,,23,
3,23672,28575640,Joe Anderson,2001-02-06,462,,,45,
3,23672,37462018,Nectarios Triantis,2003-05-11,98,,,25,
3,23672,37581710,Ben Middlemas,2004-12-13,462,,,55,
3,23672,10275519,Milan Aleksić,1997-03-24,57142,,,30,
3,23672,7026744,Enzo Le Fée,2000-02-03,17,,,28,
3,23672,4969692,Anthony Patterson,2000-05-10,462,,,1,
3,23672,5666460,Wilson Isidor,2000-08-27,2177,,,18,
3,23672,37674154,Trey Samuel-Ogunsuyi,2006-12-26,556,,,47,
3,23672,2823510,Ian Poveda,2000-02-09,462,,,36,
3,23672,37598297,Chris Rigg,2007-06-18,462,,,11,
3,23672,339083,Chris Mepham,1997-11-05,515,,,26,
3,23672,12433171,Dan Ballard,1999-09-22,491,,,5,
3,23672,37391787,Niall Huggins,2000-12-18,515,,,2,
3,23672,537305,Nazariy Rusyn,1998-10-25,86,,,15,
3,23672,37539334,Zak Johnson,2004-07-30,462,,,41,
3,23672,37336534,Blondy Nna Noukeu,2001-05-31,593,,,16,
3,23672,3449,Alan Browne,1995-04-15,455,,,8,
3,23672,37259208,Romaine Mundle,2003-04-24,462,,,14,
3,23672,4277,Patrick Roberts,1997-02-05,462,,,10,
3,23672,37581777,Jobe Bellingham,2005-09-23,462,,,7,
3,23672,23697537,Dennis Cirkin,2002-04-06,462,,,3,
3,23672,5999,Luke O'Nien,1994-11-21,462,,,13,
3,23672,23680764,Dan Neil,2001-12-13,462,,,4,
3,23672,24816771,Trai Hume,2002-03-18,491,,,32,
3,23672,37705825,Milan Aleksic,2005-08-30,296,,,30,
3,23672,37610895,Eliezer Mayenda,2005-05-08,32,,,12,
3,23672,23269649,Adil Aouchiche,2002-07-15,614,,,22,
3,23672,1494381,Aaron Connolly,2000-01-28,455,,,24,
3,23672,37296692,Salis Abdul Samed,2000-03-26,468,,,20,
3,23672,2875848,Aji Alese,2001-01-17,462,,,42,
3,23672,37583548,Tommy Watson,2006-04-08,462,,,40,
3,23672,10310765,Jack Clarke,2000-11-23,462,,,20,
5,23672,13063,Tom Lowery,1997-12-31,462,,,26,
5,23672,37373580,Kaide Gordon,2004-10-05,462,,,14,
5,23672,1494443,Cohen Bramall,1996-04-02,462,,,18,
5,23672,1494214,Anthony Scully,1999-04-19,455,,,,
5,23672,37760171,Reuben Swann,2006-06-01,,,,,
5,23672,37591312,Toby Steward,2005-02-12,462,,,33,
5,23672,581141,Tom McIntyre,1998-11-06,1161,,,16,
5,23672,37909173,Michael Ani,2006-05-21,462,,,42,
5,23672,7026564,Zak Swanson ,2000-09-28,462,,,22,
5,23672,37632554,Hayden Matthews,2004-06-19,98,,,44,
5,23672,37546917,Paddy Lane,2001-02-18,462,,,32,
5,23672,3502650,Rob Atkinson,1998-07-13,462,,,35,
5,23672,6604,Andre Dozzell,1999-05-02,462,,,21,
5,23672,1061,Matt Ritchie,1989-09-10,1161,,,30,
5,23672,23269649,Adil Aouchiche,2002-07-15,614,,,17,
5,23672,37624455,Thomas Waddingham,2005-04-05,98,,,20,
5,23672,4551,Jordan Archer,1993-04-12,1161,,,31,
5,23672,37259157,Ibane Bowat,2002-09-15,1161,,,34,
5,23672,149266,Gavin Whyte,1996-01-31,491,,,11,
5,23672,37599242,Mark O'Mahony,2005-01-14,455,,,11,
5,23672,54301,Nicolas Schmid,1997-02-22,143,,,13,
5,23672,32470,Alexander Milošević,1992-01-30,47,,,37,
5,23672,9577,Ben Stevenson,1997-03-23,462,,,14,
5,23672,37259213,Freddie Potts,2003-09-12,462,,,8,
5,23672,37769808,Harry Clout,2006-08-30,,,,41,
5,23672,896182,Jordan Williams,1999-10-22,462,,,2,
5,23672,518751,Callum Lang,1998-09-08,462,,,49,
5,23672,3142,Marlon Pack ,1991-03-25,462,,,7,
5,23672,20508,Ben Killip,1995-11-24,462,,,36,
5,23672,37264177,Kusini Yengi,1999-01-15,98,,,10,
5,23672,37391533,Ryley Towler,2002-05-06,462,,,4,
5,23672,2872,Josh Murphy,1995-02-24,462,,,23,
5,23672,2511221,Conor Shaughnessy,1996-06-30,455,,,6,
5,23672,37336999,Abdoulaye Kamara,2004-11-06,1703,,,25,
5,23672,37605115,Jacob Farrell ,2002-11-19,98,,,19,
5,23672,174199,Owen Moxon,1998-01-17,462,,,17,
5,23672,37445053,Harvey Blair,2003-09-14,462,,,29,
5,23672,37260515,Terry Devlin,2003-11-06,491,,,24,
5,23672,2954,Isaac Hayden,1995-03-22,462,,,45,
5,23672,12112,Will Norris,1993-08-12,462,,,1,
5,23672,12332,Connor Ogilvie,1996-02-14,462,,,3,
5,23672,37371069,Christian Saydee,2002-05-10,462,,,15,
5,23672,7687965,Elias Sørensen,1999-09-18,320,,,18,
5,23672,8956,Colby Bishop,1996-11-04,462,,,9,
5,23672,28543925,Sam Silvera,2000-10-25,98,,,20,
5,23672,12241,Regan Poole,1998-06-18,515,,,5,
7,23672,37566971,Luke Woolston ,2004-11-30,462,,,38,
7,23672,4583,Dan Barlaser,1997-01-18,462,,,4,
7,23672,37632008,Josh Dede,2006-01-04,1161,,,46,
7,23672,37742089,Anton Palmer,2008-11-27,,,,51,
7,23672,37739974,Isaac Greenup,,,,,48,
7,23672,37609691,Shea Connor,2005-10-30,462,,,38,
7,23672,37606898,Law McCabe,2006-01-16,462,,,49,
7,23672,37610323,Charlie Lennon,2006-04-09,462,,,43,
7,23672,37747281,Bailey Palmer,2008-11-27,,,,47,
7,23672,37561148,Sonny Finch,2005-08-05,462,,,39,
7,23672,752043,Tom Glover,1997-12-24,98,,,23,
7,23672,4545378,Alex Bangura,1999-07-13,5724,,,24,
7,23672,3111,Darragh Lenihan,1994-03-16,455,,,26,
7,23672,37583514,George McCormick,2005-01-27,462,,,37,
7,23672,37712959,Harley Hunt,2007-08-03,462,,,41,
7,23672,37367954,Nathan Simpson,,462,,,44,
7,23672,37669518,Finlay Cartwright,2007-02-28,462,,,40,
7,23672,3158,Luke Ayling,1991-08-25,462,,,12,
7,23672,12433168,Morgan Whittaker,2001-01-07,462,,,11,
7,23672,14338473,Ryan Giles,2000-01-26,462,,,28,
7,23672,25548700,Aidan Morris,2001-11-16,3483,,,18,
7,23672,1488,Kelechi Iheanacho,1996-10-03,716,,,9,
7,23672,33186836,Samuel Iling-Junior,2003-10-04,462,,,29,
7,23672,533182,Neto Borges,1996-09-13,5,,,30,
7,23672,581113,Marcus Forss,1999-06-18,1233,,,21,
7,23672,25188269,Hayden Hackney ,2002-06-26,462,,,7,
7,23672,5317,Dael Fry,1997-08-30,462,,,6,
7,23672,10780,Anfernee Dijksteel,1996-10-27,2088,,,15,
7,23672,22169319,Mark Travers,1999-05-18,455,,,32,
7,23672,37544409,Rav van den Berg,2004-07-07,38,,,3,
7,23672,30467945,Micah Hamilton,2003-11-13,462,,,17,
7,23672,2510362,Lukas Engel,1998-12-14,320,,,27,
7,23672,749527,Riley McGree,1998-11-02,98,,,8,
7,23672,9279559,Delano Burgzorg,1998-11-07,38,,,10,
7,23672,129938,Emmanuel Latte Lath,1999-01-01,23,,,9,
7,23672,37602125,Ben Gannon-Doak,2005-11-11,1161,,,50,
7,23672,1494172,Sol Brynn,2000-10-30,462,,,31,
7,23672,28913061,Alex Gilbert,2001-12-28,462,,,14,
7,23672,1494388,Finn Azaz ,2000-09-07,462,,,20,
7,23672,37391535,Tommy Conway,2002-08-06,1161,,,22,
7,23672,36853,Seny Dieng,1994-11-23,200,,,1,
7,23672,919,Jonathan Howson,1988-05-21,462,,,16,
7,23672,37336543,Isaiah Jones,1999-06-26,462,,,11,
7,23672,9472,George Edmundson,1997-08-15,462,,,25,
7,23672,28932254,Josh Coburn,2002-12-06,462,,,19,
7,23672,2873,Matt Clarke,1996-09-22,462,,,5,
10,23672,37565524,Will Lankshear,2005-04-20,462,,,19,
10,23672,37656960,Ollie Bostock,2007-02-20,515,,,37,
10,23672,37612646,Michael Parker,2004-12-18,462,,,47,
10,23672,37626588,Jamal Mohammed,2006-03-02,462,,,46,
10,23672,3188062,Ted Cann,2000-12-27,462,,,30,
10,23672,37603749,Deago Nelson,2005-12-05,462,,,40,
10,23672,37550461,Tammer Bany,2003-10-19,320,,,26,
10,23672,33991728,Caleb Taylor,2003-01-14,462,,,15,
10,23672,37551415,Fenton Heard,,462,,,28,
10,23672,37544276,Reece Hall,2003-09-25,462,,,39,
10,23672,37367953,Mo Faal,2003-02-11,2507,,,32,
10,23672,37592044,Muhamed Nordy Diomande,2006-02-16,462,,,36,
10,23672,37344240,Isaac Price,2003-09-26,491,,,21,
10,23672,2919,Joe Wildsmith,1995-12-28,462,,,23,
10,23672,37407455,Daryl Enyinnaya Dike,2000-06-03,3483,,,12,
10,23672,581003,Jayson Molumby,1999-08-06,455,,,8,
10,23672,134026,Gianluca Frabotta,1999-06-24,251,,,24,
10,23672,538449,Torbjørn Heggem,1999-01-12,1578,,,14,
10,23672,897,Kyle Bartley,1991-05-22,462,,,5,
10,23672,4507,Darnell Furlong,1995-10-31,462,,,2,
10,23672,28913058,Tom Fellows,2003-07-25,462,,,31,
10,23672,4633,Alex Palmer,1996-08-10,462,,,1,
10,23672,337588,Grady Diangana,1998-04-19,462,,,11,
10,23672,2992,John Swift,1995-06-23,462,,,10,
10,23672,28912855,Lewis Dobbin,2003-01-03,462,,,19,
10,23672,3066,Semi Ajayi,1993-11-09,716,,,6,
10,23672,6182,Jed Wallace,1994-03-26,462,,,7,
10,23672,8934,Devante Cole,1995-05-10,462,,,44,
10,23672,378560,Mikey Johnston ,1999-04-19,1161,,,22,
10,23672,37596065,Harry Whitwell,2005-11-16,462,,,34,
10,23672,3285,Alex Mowatt,1995-02-13,462,,,27,
10,23672,1692,Mason Holgate,1996-10-22,462,,,3,
10,23672,10351,Callum Styles,2000-03-27,674,,,4,
10,23672,5249,Josh Maja,1998-12-27,716,,,9,
10,23672,20692335,Ousmane Diakité,2000-07-25,26,,,17,
10,23672,22528535,Josh Griffiths,2001-09-05,462,,,20,
10,23672,2951,Adam Armstrong,1997-02-10,462,,,32,
10,23672,6073,Karlan Grant ,1997-09-18,462,,,18,
10,23672,1001,Paddy McNair,1995-04-27,491,,,21,
10,23672,1068598,Uros Racic,1998-03-17,296,,,20,
21,23672,37610434,Owen Hampson,2004-11-17,462,,,44,
21,23672,37736136,Sam Colechin,2007-09-08,,,,53,
21,23672,37741821,Christian Nwachukwu,2005-12-27,716,,,,
21,23672,37610435,Billy Blacker,2006-05-25,462,,,41,
21,23672,262280,Auston Trusty,1998-08-12,3483,,,5,
21,23672,37337720,Jamal Baptiste,2003-11-11,462,,,26,
21,23672,37391625,Harry Boyes,2001-11-02,462,,,43,
21,23672,37612664,Luke Faxon,2005-02-15,462,,,31,
21,23672,74092,Ivo Grbic,1996-01-18,266,,,13,
21,23672,37610429,Sai Sachdev,2005-03-09,462,,,45,
21,23672,30468674,Ismaila Coulibaly,2000-12-25,26,,,29,
21,23672,6518,Hamza Choudhury,1997-10-01,462,,,24,
21,23672,26715430,Femi Seriki,2002-04-28,462,,,38,
21,23672,1901,Rob Holding,1995-09-20,462,,,5,
21,23672,5699,Adam Davies,1992-07-17,515,,,17,
21,23672,23223360,Sam McCallum,2000-09-02,462,,,3,
21,23672,32031212,Vinicius de Souza Costa,1999-06-17,5,,,21,
21,23672,1022,Jack Robinson,1993-09-01,462,,,19,
21,23672,37536793,Alfie Gilchrist,2003-11-28,462,,,2,
21,23672,455354,Rhian Brewster ,2000-04-01,462,,,7,
21,23672,1706,Tom Davies,1998-06-30,462,,,22,
21,23672,8270,Callum O'Hare,1998-05-01,462,,,10,
21,23672,37567879,Sydie Peck,2004-09-13,462,,,42,
21,23672,37559763,Louie Marsh,2004-07-02,462,,,34,
21,23672,3533802,Michael Cooper,1999-10-08,462,,,1,
21,23672,33991824,Tom Cannon,2002-12-28,462,,,28,
21,23672,20694519,Jamie Shackleton ,1999-10-08,462,,,16,
21,23672,37642293,Ryan Oné,2006-06-26,1161,,,39,
21,23672,37357411,Anis Ben Slimane,2001-03-16,1439,,,25,
21,23672,26813,Gustavo Hamer,1997-06-24,38,,,8,
21,23672,581241,Tyrese Campbell,1999-12-28,462,,,23,
21,23672,173121,Harry Souttar,1998-10-22,98,,,6,
21,23672,7835,Ben Brereton Díaz,1999-04-18,80,,,20,
21,23672,34455847,Jesurun Rak-Sakyi,2002-10-05,468,,,11,
21,23672,7714340,Rhys Norrington-Davies,1999-04-22,515,,,33,
21,23672,37414243,Jefferson Cáceres,2002-08-22,338,,,29,
21,23672,3861827,Harrison Burrows,2002-01-12,462,,,14,
21,23672,7026563,Harry Clarke,2001-03-02,462,,,18,
21,23672,5681,Kieffer Moore,1992-08-08,515,,,9,
21,23672,37391640,Andre Brooks,2003-08-20,462,,,35,
21,23672,7118,Anel Ahmedhodzic ,1999-03-26,507,,,15,
21,23672,37559762,Oliver Arblaster,2004-01-08,462,,,4,
22,23672,37675285,Rocco Coyle,2006-08-20,462,,,42,
22,23672,37391237,Andy Smith,2001-09-11,462,,,26,
22,23672,21412837,Eliot Matazo ,2002-02-15,556,,,36,
22,23672,96518,Jean Michaël Seri,1991-07-19,23,,,24,
22,23672,31238169,Thimothée Lo-Tutala,2003-02-13,17,,,32,
22,23672,219252,Lincoln,1998-11-07,5,,,16,
22,23672,37609795,Zane Myers,2005-08-11,462,,,46,
22,23672,33577319,James Furlong,2002-06-07,455,,,,
22,23672,37391253,Harvey Cartwright,2002-05-09,462,,,34,
22,23672,28912737,Finley Burns,2003-06-17,462,,,17,
22,23672,37676093,Nathan Tinsdale,2005-08-05,462,,,47,
22,23672,37609687,Tyrell Sellars-Fleming,2005-05-31,462,,,41,
22,23672,37667266,Stanley Ashbee,2006-11-28,455,,,43,
22,23672,3509963,Brandon Fleming,1999-12-03,462,,,21,
22,23672,1761,Nordin Amrabat ,1987-03-31,1424,,,37,
22,23672,433524,Anthony Racioppi,1998-12-31,62,,,31,
22,23672,203269,Doğukan Sinik,1999-01-21,404,,,11,
22,23672,14338473,Ryan Giles,2000-01-26,462,,,3,
22,23672,3305,John Egan,1992-10-20,455,,,15,
22,23672,37595365,Óscar Zambrano,2004-04-20,459,,,25,
22,23672,37391224,Will Jarvis,2002-12-17,462,,,36,
22,23672,23739121,Louie Barry,2003-06-21,462,,,22,
22,23672,62907,Chris Bedia,1996-03-05,23,,,9,
22,23672,37563931,Mason Burstow,2003-08-04,462,,,48,
22,23672,37332637,Kyle Joseph,2001-09-10,1161,,,28,
22,23672,37560952,Harry Vaughan,2004-04-06,462,,,14,
22,23672,37259217,Abu Kamara,2003-07-21,462,,,44,
22,23672,581045,Alfie Jones,1997-10-07,1004,,,5,
22,23672,455410,Regan Slater,1999-09-11,462,,,27,
22,23672,21412958,Cody Drameh,2001-12-08,462,,,23,
22,23672,37392977,Charlie Hughes,2003-10-16,462,,,4,
22,23672,21762788,Joe Gelhardt,2002-05-04,462,,,30,
22,23672,28912807,Carl Rushworth,2001-07-02,462,,,22,
22,23672,33186828,Xavier Simons,2003-02-20,462,,,18,
22,23672,35037,Marvin Mehlem,1997-09-11,11,,,8,
22,23672,129664,João Pedro,1992-03-09,251,,,12,
22,23672,20355429,Ivor Pandur,2000-03-25,266,,,1,
22,23672,237980,Óscar Estupiñán,1996-12-29,353,,,19,
22,23672,37578441,Gustavo Puerta,2003-07-23,353,,,20,
22,23672,3267,Kasey Palmer,1996-11-09,1640,,,45,
22,23672,14069,Steven Alzate ,1998-09-08,353,,,19,
22,23672,37255842,Matty Jacob,2001-06-03,462,,,29,
22,23672,3058,Matt Crooks,1994-01-20,462,,,24,
22,23672,3502645,Ryan Longman,2000-11-06,462,,,16,
22,23672,202531,Abdülkadir Ömür,1999-06-25,404,,,10,
22,23672,37555035,Mohamed Belloumi,2002-06-01,614,,,33,
22,23672,4545516,Liam Millar,1999-09-27,1004,,,7,
22,23672,7688261,Sean McLoughlin,1996-11-13,455,,,6,
22,23672,6572,Lewie Coyle ,1995-10-15,462,,,2,
24,23672,37658102,Freddie Turley,2006-07-03,455,,,40,
24,23672,37392916,Rohan Luthra,2002-05-06,462,,,13,
24,23672,37602507,Keilen Robinson,2005-10-02,462,,,36,
24,23672,37583509,Lennon Wheeldon,2006-02-16,462,,,48,
24,23672,37651103,Cruz Allen,2007-02-25,515,,,43,
24,23672,37566993,Daniel Cox,2006-01-30,515,,,47,
24,23672,37675649,Owen Eames,2006-11-01,462,,,37,
24,23672,812,Erik Pieters,1988-08-07,38,,,33,
24,23672,37769459,Charles Ebuka Agbawodikeizu,2007-11-14,,,,38,
24,23672,3517,Conor Washington,1992-05-18,491,,,14,
24,23672,37391608,Jake Rooney,2003-08-22,462,,,21,
24,23672,2361,Jeff Hendrick,1992-01-31,455,,,29,
24,23672,37680389,Harrison Armstrong,2007-01-19,462,,,28,
24,23672,6377,Jerry Yates,1996-11-10,462,,,10,
24,23672,2873,Matt Clarke,1996-09-22,462,,,25,
24,23672,4561,Kemar Roofe,1993-01-06,1640,,,9,
24,23672,9366,James Collins ,1990-12-01,455,,,9,
24,23672,3320,Callum Elder,1995-01-27,98,,,20,
24,23672,8264,Corey Blackett-Taylor ,1997-09-23,462,,,27,
24,23672,6535,Marcus Harness,1996-02-24,455,,,18,
24,23672,151454,Lars-Jørgen Salvesen,1996-02-19,1578,,,15,
24,23672,1494396,Nat Phillips,1997-03-21,462,,,12,
24,23672,15128,Ebou Adams,1996-01-15,2507,,,32,
24,23672,7909,Curtis Nelson,1993-05-21,462,,,35,
24,23672,331382,Joe Ward,1995-08-22,462,,,23,
24,23672,2326,Craig Forsyth,1989-02-24,1161,,,3,
24,23672,9939201,Kenzo Goudmijn,2001-12-18,38,,,17,
24,23672,5012,Josh Vickers,1995-12-01,462,,,31,
24,23672,37357499,Tawanda Chirewa,2003-10-12,462,,,28,
24,23672,3230,Ben Osborn,1994-08-05,462,,,8,
24,23672,12483,Kayden Jackson,1994-02-22,462,,,19,
24,23672,37546781,Dajaune Brown,2005-10-16,462,,,39,
24,23672,6470,Ryan Nyambe,1997-12-04,5790,,,24,
24,23672,28912981,Liam Thompson,2002-04-29,462,,,16,
24,23672,1682,Kane Wilson ,2000-03-11,462,,,2,
24,23672,37561117,David Ozoh,2005-05-06,462,,,4,
24,23672,3519,Nathaniel Méndez-Laing,1992-04-15,53128,,,11,
24,23672,18575194,Jacob Widell Zetterström,1998-07-11,47,,,1,
24,23672,5489,Sonny Bradley,1991-09-13,462,,,5,
24,23672,28912974,Eiran Cashin,2001-11-09,455,,,6,
24,23672,37521190,Sondre Langås,2001-02-02,1578,,,6,
24,23672,37391020,Tyrese Fornah,1999-09-11,5724,,,22,
24,23672,5598,Tom Barkhuizen,1993-07-04,462,,,7,
25,23672,37609423,Travis Akomeah,2006-01-06,462,,,59,
25,23672,37391194,Alfie Marriott,2004-03-26,462,,,41,
25,23672,21413571,Myles Roberts,2001-12-09,462,,,40,
25,23672,37675781,Michael Adu-Poku,2005-09-22,462,,,49,
25,23672,37908386,Jai-Dea Moulton,2008-01-29,,,,58,
25,23672,37675782,Zavier Massiah-Edwards,2007-01-16,462,,,47,
25,23672,37726311,Leo Ramirez-Espain,2006-10-02,462,,,52,
25,23672,37726312,Amin Nabizada,2007-06-21,462,,,53,
25,23672,37600930,Antonio Tikvic,2004-04-21,266,,,15,
25,23672,153446,Egil Selvik,1997-07-30,1578,,,33,
25,23672,1380,Moussa Sissoko,1989-08-16,17,,,17,
25,23672,37391197,Ryan Andrews,2004-08-26,462,,,45,
25,23672,37575719,James Abankwah,2004-01-16,455,,,25,
25,23672,467937,Francisco Sierralta,1997-05-06,80,,,3,
25,23672,191301,Ken Sema,1993-09-30,47,,,12,
25,23672,3876535,Imrân Louza,1999-05-01,1424,,,10,
25,23672,106821,Giorgi Chakvetadze ,1999-08-29,119,,,8,
25,23672,37693999,Mamadou Doumbia,2006-02-18,26,,,20,
25,23672,23739107,Mattie Pollock,2001-09-28,462,,,6,
25,23672,14011916,Vakoun Bayo,1997-01-10,23,,,19,
25,23672,28912983,Festy Ebosele,2002-08-02,455,,,36,
25,23672,32002805,Mileta Rajović,1999-07-17,320,,,9,
25,23672,37734393,Amar Sanghrajka,2006-10-23,,,,60,
25,23672,176702,Ryan Porteous,1999-03-25,1161,,,5,
25,23672,37525712,Caleb Wiley ,2004-12-22,3483,,,26,
25,23672,37324014,Kwadwo Baah,2003-01-27,11,,,34,
25,23672,1416,Angelo Ogbonna,1988-05-23,251,,,21,
25,23672,1045,Tom Ince,1992-01-30,462,,,7,
25,23672,37560186,Kévin Keben,2004-01-26,593,,,4,
25,23672,2233,Jonathan Bond,1993-05-19,462,,,23,
25,23672,37391641,Daniel Jebbison,2003-08-13,1004,,,18,
25,23672,5666544,Jeremy Ngakia,2000-09-07,462,,,2,
25,23672,2823509,Tom Dele-Bashiru,1999-09-17,716,,,24,
25,23672,12759174,Yasser Larouci,2001-01-01,614,,,37,
25,23672,37317436,Pierre Dwomoh,2004-06-21,556,,,14,
25,23672,4904,Daniel Bachmann ,1994-07-09,143,,,1,
25,23672,37580987,Rocco Vata,2005-04-18,1161,,,11,
25,23672,28575708,James Morris,2001-11-23,462,,,22,
25,23672,9964067,Edo Kayembe,1998-06-03,1320,,,39,
26,23672,37657031,Kieron Willox,2006-04-18,1161,,,53,
26,23672,37536800,Jack Griffiths,2005-07-31,462,,,54,
26,23672,2835,Jack Bonham,1993-09-14,455,,,13,
26,23672,37615270,Favour Fawunmi,2006-04-26,462,,,56,
26,23672,2612,Frank Fielding,1988-04-04,462,,,34,
26,23672,33991824,Tom Cannon,2002-12-28,462,,,9,
26,23672,37676098,Keke Jeffers,,462,,,48,
26,23672,37598288,William Smith,2005-11-30,462,,,46,
26,23672,37603724,Jake Griffin,2005-12-30,462,,,57,
26,23672,4219,Lewis Baker,1995-04-25,462,,,8,
26,23672,37597969,Darius Lipsiuc,2005-09-16,455,,,50,
26,23672,37554912,Ashley Famiwuya,2005-06-26,462,,,26,
26,23672,37623197,Chinonso Chibueze,2006-01-28,462,,,51,
26,23672,37709987,Freddie Anderson ,2006-10-23,462,,,43,
26,23672,7987,Josh Laurent,1995-05-06,462,,,28,
26,23672,164263,André Vidigal,1998-08-17,20,,,7,
26,23672,6634,Ben Pearson,1995-01-04,462,,,4,
26,23672,37614468,Nathan Lowe,2005-09-18,462,,,35,
26,23672,173042,Michael Rose,1995-10-11,1161,,,5,
26,23672,4246,Sam Gallagher,1995-09-15,462,,,20,
26,23672,37391183,Bosun Lawal,2003-05-30,716,,,18,
26,23672,37582649,Ashley Phillips,2005-06-26,462,,,26,
26,23672,174158,Jordan Thompson,1997-01-03,491,,,15,
26,23672,1778,Lynden Gooch,1995-12-24,3483,,,2,
26,23672,37287498,Andrew Moran,2003-10-15,455,,,24,
26,23672,3455,Daniel Johnson,1992-10-08,1640,,,12,
26,23672,37549971,Junior Tchamadeu ,2003-12-22,593,,,22,
26,23672,5270483,Wouter Burger,2001-02-16,38,,,6,
26,23672,192847,Viktor Johansson,1998-09-14,47,,,1,
26,23672,1723,Ben Gibson ,1993-01-15,462,,,23,
26,23672,5967748,Eric-Junior Bocat,1999-07-16,17,,,17,
26,23672,1494345,Niall Ennis,1999-05-20,462,,,14,
26,23672,37695666,Jaden Dixon,2007-05-07,462,,,41,
26,23672,62458,Ryan Mmaee,1997-11-01,1424,,,19,
26,23672,37606887,Sol Sidibé,2007-02-10,462,,,30,
26,23672,24838234,Josh Wilson-Esbrand,2002-12-26,462,,,33,
26,23672,37324879,Tatsuki Seko,1997-12-22,479,,,12,
26,23672,13477,Ben Wilmot,1999-11-04,462,,,16,
26,23672,37657770,Lewis Koumas,2005-09-19,515,,,11,
26,23672,28575866,Ali Al-Hamadi,2002-03-01,107,,,9,
26,23672,37621326,Jun-ho Bae,2003-08-21,712,,,10,
26,23672,37536802,Emre Tezgel,2005-09-19,462,,,37,
26,23672,23661353,Million Manhoef,2002-01-03,38,,,42,
26,23672,4220,Enda Stevens,1990-07-09,455,,,3,
27,23672,9674,Scott Twine,1999-07-14,462,,,11,
27,23672,819,Jonjo Shelvey,1992-02-27,462,,,26,
27,23672,37536804,William James Hugill,2004-06-27,462,,,43,
27,23672,28912768,Aaron Ramsey,2003-01-21,462,,,21,
27,23672,37365873,Owen Dodgson,2003-03-19,462,,,39,
27,23672,37614081,Tommy McDermott,2005-06-01,462,,,49,
27,23672,37676887,Vernon Masara,2007-04-18,462,,,51,
27,23672,37624125,Enock Agyei,2005-01-13,556,,,48,
27,23672,37593168,Jaydon Banel,2004-10-19,38,,,34,
27,23672,37564234,Joe Bauress,2006-03-01,462,,,41,
27,23672,459480,Hjalmar Ekdal,1998-10-21,47,,,18,
27,23672,37259845,Anass Zaroury,2000-11-07,1424,,,19,
27,23672,7346461,Etienne Green,2000-07-19,462,,,20,
27,23672,37612640,Charlie Veevers,2005-02-13,462,,,55,
27,23672,64296,Hannes Delcroix,1999-02-28,2177,,,44,
27,23672,3861826,Jordan Beyer ,2000-05-19,11,,,36,
27,23672,538850,Mike Tresor,1999-05-28,556,,,31,
27,23672,25317,Wout Weghorst,1992-08-07,38,,,29,
27,23672,79752,Václav Hladký,1990-11-14,245,,,32,
27,23672,1611,Johann Berg Guðmunds­son,1990-10-27,1796,,,7,
27,23672,3305,John Egan,1992-10-20,455,,,16,
27,23672,9939197,Shurandy Sambo,2001-08-19,7437,,,3,
27,23672,979,Nathan Redmond,1994-03-06,462,,,15,
27,23672,28575687,CJ Egan-Riley,2003-01-02,462,,,6,
27,23672,62279,Manuel Benson ,1997-03-28,556,,,10,
27,23672,37260000,Oliver Sonne,2000-11-10,338,,,2,
27,23672,5410,Connor Roberts,1995-09-23,515,,,14,
27,23672,35280539,Jeremy Sarmiento,2002-06-16,459,,,7,
27,23672,7987,Josh Laurent,1995-05-06,462,,,29,
27,23672,4243070,Lyle Foster,2000-09-03,146,,,17,
27,23672,3143,Josh Brownhill,1995-12-19,462,,,8,
27,23672,37351292,Maxime Estève,2002-05-26,17,,,5,
27,23672,37584176,Lucas Pires,2001-03-24,5,,,23,
27,23672,1448,Ashley Barnes,1989-10-30,462,,,35,
27,23672,37259181,Bashir Humphreys,2003-03-15,462,,,12,
27,23672,28575686,James Trafford,2002-10-10,462,,,1,
27,23672,9606076,Han-Noah Massengo,2001-07-07,17,,,42,
27,23672,1152,Jay Rodríguez,1989-07-29,462,,,9,
27,23672,37261110,Zeki Amdouni,2000-12-04,62,,,25,
27,23672,340344,Marcus Edwards,1998-12-03,462,,,22,
27,23672,4244,Josh Cullen  ,1996-04-07,455,,,24,
27,23672,37392849,Jaidon Anthony,1999-12-01,1640,,,11,
27,23672,9302767,Vitinho,1999-07-23,5,,,22,
27,23672,37316858,Hannibal,2003-01-21,1439,,,28,
27,23672,537316,Zian Flemming,1998-08-01,38,,,19,
27,23672,30883147,Luke McNally ,1999-09-20,455,,,34,
27,23672,37291444,Andréas Hountondji,2002-07-11,17,,,37,
27,23672,7176,Joe Worrall,1997-01-10,462,,,4,
27,23672,581094,Dara O'Shea ,1999-03-04,455,,,2,
27,23672,37593240,Wilson Odobert ,2004-11-28,17,,,47,
27,23672,37622998,Luca Koleosho,2004-09-15,251,,,30,
30,23672,37609804,Kit Margetson,2006-07-10,515,,,39,
30,23672,31238191,Myles Peart-Harris,2002-09-18,462,,,25,
30,23672,9599,Josh Ginnelly,1997-03-24,462,,,11,
30,23672,37596048,Arthur Parker,2006-05-03,462,,,46,
30,23672,37583461,Azeem Abdulai,2002-12-09,1161,,,47,
30,23672,15426965,Nathan Broome,2002-01-03,462,,,29,
30,23672,37373574,Ben Lloyd,2005-03-14,515,,,36,
30,23672,6525,Jon McLaughlin,1987-09-09,1161,,,33,
30,23672,37667193,Jacob Cook,2006-10-31,515,,,,
30,23672,6377,Jerry Yates,1996-11-10,462,,,,
30,23672,28912833,Nelson Abbey,2003-08-28,462,,,32,
30,23672,8372,Andy Fisher,1998-02-12,462,,,,
30,23672,37602226,Bobby Wales,2005-06-23,1161,,,,
30,23672,37560485,Filip Lissah,2004-12-08,462,,,50,
30,23672,35145,Kristian Pedersen,1994-08-04,320,,,3,
30,23672,37609802,Daniel Watts,2005-12-16,515,,,43,
30,23672,24081653,Josh Thomas,2002-09-24,515,,,44,
30,23672,37675624,Aimar Govea,2006-06-08,459,,,37,
30,23672,2306,Cyrus Christie,1992-09-30,455,,,23,
30,23672,4441,Matt Grimes ,1995-07-15,462,,,8,
30,23672,830,Joe Allen,1990-03-14,515,,,7,
30,23672,1596,Josh Tymon,1999-05-22,462,,,14,
30,23672,1649,Jay Fulton,1994-04-01,1161,,,4,
30,23672,339122,Harry Darling,1999-08-08,462,,,6,
30,23672,64296,Hannes Delcroix,1999-02-28,2177,,,28,
30,23672,3861723,Josh Key,1999-11-19,462,,,2,
30,23672,7687676,Ben Cabango ,2000-05-30,515,,,5,
30,23672,23697933,Zan Vipotnik,2002-03-18,1638,,,9,
30,23672,3857328,Liam Cullen,1999-04-23,515,,,20,
30,23672,37342723,Ji-sung Eom,2002-05-09,712,,,10,
30,23672,30466796,Ronald,2001-06-14,5,,,35,
30,23672,10310312,Lewis O'Brien,1998-10-14,462,,,8,
30,23672,37257611,Nathan Tjoe-A-On,2001-12-22,38,,,21,
30,23672,22169301,Oliver Cooper,1999-12-14,515,,,31,
30,23672,37554905,Azeem Abdullah,,462,,,47,
30,23672,37675622,Sam Parker,2006-07-07,515,,,41,
30,23672,35699452,Gonçalo Franco,2000-11-17,20,,,17,
30,23672,22536058,Florian Bianchini,2001-06-25,17,,,19,
30,23672,9372,Lawrence Vigouroux,1993-11-19,80,,,22,
30,23672,1194,Kyle Naughton,1988-11-17,462,,,26,
33,23672,37651086,Uriah Djedje,2006-03-16,462,,,43,
33,23672,37545765,Ken Aboh,2004-11-09,462,,,46,
33,23672,37373580,Kaide Gordon,2004-10-05,462,,,21,
33,23672,37316360,Matěj Jurásek ,2003-08-30,245,,,10,
33,23672,37583512,AJ Bridge,2005-03-21,462,,,49,
33,23672,1448,Ashley Barnes,1989-10-30,462,,,10,
33,23672,28575738,Tony Springett,2002-09-22,462,,,42,
33,23672,37782689,Dylan Jones,2005-01-03,,,,51,
33,23672,37342738,Vicente Reyes,2003-11-19,80,,,36,
33,23672,198139,Christian Fassnacht,1993-11-11,62,,,16,
33,23672,30851413,Jaden Warner,2002-10-28,462,,,50,
33,23672,28912855,Lewis Dobbin,2003-01-03,462,,,22,
33,23672,37711702,Errol Mundle-Smith,2006-03-19,462,,,50,
33,23672,378669,Archie Mair,2001-02-10,1161,,,37,
33,23672,37586696,Ruairi McConville,2005-05-01,491,,,15,
33,23672,37259217,Abu Kamara,2003-07-21,462,,,47,
33,23672,37651081,Elliot Myles,2007-01-20,515,,,44,
33,23672,37553211,Kellen Fisher,2004-05-05,462,,,35,
33,23672,37357411,Anis Ben Slimane,2001-03-16,1439,,,20,
33,23672,14004454,Daniel Barden,2001-01-02,515,,,38,
33,23672,37643592,Oscar Schwartau,2006-05-17,320,,,29,
33,23672,84680,Jacob Lungi Sørensen,1998-03-03,320,,,19,
33,23672,83927,Emiliano Marcondes,1995-03-09,320,,,11,
33,23672,3507,George Long,1993-11-05,462,,,12,
33,23672,37653013,Gabe Forsyth,2006-08-04,1161,,,41,
33,23672,37654114,Lucien Mahovo,2005-06-07,462,,,47,
33,23672,34706,Onel Hernández,1993-02-01,63604,,,25,
33,23672,807,Grant Hanley,1991-11-20,1161,,,5,
33,23672,27048385,Borja Sainz,2001-02-21,32,,,7,
33,23672,37537875,Callum Doyle,2003-10-03,462,,,6,
33,23672,3533830,Adam Idah,2001-02-11,455,,,11,
33,23672,37282898,Ben Chrisene,2004-01-12,462,,,14,
33,23672,37561750,Amankwah Forson ,2002-12-31,468,,,18,
33,23672,5640884,Josh Sargent,2000-02-20,3483,,,9,
33,23672,37405012,Marcelino Núñez,2000-03-01,80,,,26,
33,23672,172385,Kenny McLean ,1992-01-08,1161,,,23,
33,23672,1415,Shane Duffy,1992-01-01,455,,,4,
33,23672,336067,Angus Gunn ,1996-01-22,1161,,,1,
33,23672,5917,Jack Stacey,1996-04-06,462,,,3,
33,23672,37341957,Ante Crnac ,2003-12-17,266,,,17,
33,23672,37612626,Jacob Wright,2005-09-21,462,,,16,
33,23672,37436346,Brad Hills ,2004-03-10,462,,,40,
33,23672,37357498,Liam Gibbs,2002-12-16,462,,,8,
33,23672,24837496,José Córdoba,2001-06-03,65437,,,33,
47,23672,37697232,Daniel Bennie,2006-04-13,98,,,27,
47,23672,37691572,Esquerdinha,2006-02-28,5,,,38,
47,23672,459196,Zan Celar,1999-03-14,1638,,,18,
47,23672,37326106,Harvey Vale,2003-09-11,462,,,,
47,23672,37559825,Harrison Murphy,2004-01-21,462,,,34,
47,23672,37609803,Kieran Petrie,2004-12-16,462,,,35,
47,23672,37733489,Emmerson Sutton,2006-12-28,,,,36,
47,23672,37609357,Rayan Kolli,2005-02-10,614,,,26,
47,23672,24864,Lucas Andersen,1994-09-13,320,,,25,
47,23672,37391737,Alexander Aoraha,2003-01-17,107,,,33,
47,23672,23680753,Nathan Shepperd,2000-09-10,515,,,41,
47,23672,37612716,Lorent Talla,2005-01-01,122,,,30,
47,23672,65616,Paul Nardi,1994-05-18,17,,,1,
47,23672,1028,Steve Cook,1991-04-19,462,,,5,
47,23672,37700504,Minhyeok Yang,2006-04-16,712,,,47,
47,23672,37380683,Charlie Philpott,,462,,,28,
47,23672,2905,Morgan Fox,1993-09-21,515,,,15,
47,23672,28256,Kenneth Paal,1997-06-24,2088,,,22,
47,23672,37539566,Jonathan Varane,2001-09-09,17,,,40,
47,23672,4620,Jake Clarke-Salter,1997-09-22,462,,,6,
47,23672,37254511,Joe Walsh,2002-04-01,462,,,13,
47,23672,37544724,Alfie Lloyd,2003-04-30,462,,,28,
47,23672,174296,Lyndon Dykes,1995-10-07,1161,,,9,
47,23672,1685,Sam Field,1998-05-08,462,,,8,
47,23672,6306103,Elijah Dixon-Bonner,2001-01-01,462,,,19,
47,23672,37656696,Kieran Morgan,2006-03-17,462,,,21,
47,23672,784,Jack Colback,1989-10-24,462,,,4,
47,23672,37567132,Hevertton,2001-02-01,5,,,23,
47,23672,37350031,Ronnie Edwards,2003-03-28,462,,,17,
47,23672,539622,Jimmy Dunne  ,1997-10-19,455,,,3,
47,23672,31626620,Harrison Ashby,2001-11-14,1161,,,20,
47,23672,65516,Ilias Chair,1997-10-30,1424,,,10,
47,23672,537767,Nicolas Madsen,2000-03-17,320,,,24,
47,23672,24817483,Liam Morrison,2003-04-07,1161,,,16,
47,23672,15083970,Koki Saito,2001-08-10,479,,,14,
47,23672,149574,Paul Smyth,1997-09-10,491,,,11,
47,23672,35699874,Karamoko Dembélé,2003-02-22,462,,,7,
47,23672,96417,Michael Frey,1994-07-19,62,,,12,
56,23672,436041,Bambo Diaby,1997-12-17,32,,,15,
56,23672,37609296,Sean Fusire,2005-05-31,462,,,30,
56,23672,6199,Dominic Iorfa,1995-06-24,462,,,6,
56,23672,12562,Akin Famewo,1998-11-09,462,,,23,
56,23672,999,Ben Hamer,1987-11-20,462,,,26,
56,23672,2225,Jorge Cuesta,1994-12-12,462,,,4,
56,23672,310553,Ryo Hatsuse,1997-07-10,479,,,28,
56,23672,37391461,James Beadle,2004-07-16,462,,,1,
56,23672,37554913,Pierce Charles,2005-07-21,462,,,47,
56,23672,9939185,Olaf Kobacki,2001-07-10,2,,,19,
56,23672,37721238,Gabriel Otegbayo,2005-02-11,462,,,33,
56,23672,30467944,Charlie McNeill,2003-09-09,462,,,17,
56,23672,23278711,Di'Shon Bernard,2000-10-14,1640,,,5,
56,23672,2770,Michael Smith,1991-10-17,462,,,24,
56,23672,37337029,Djeidi Gassama,2003-09-10,17,,,41,
56,23672,537584,Iké Ugbo,1998-09-21,1004,,,12,
56,23672,9207,Michael Ihiekwe,1992-11-20,462,,,20,
56,23672,2949,Liam Palmer ,1991-09-19,1161,,,2,
56,23672,340,Barry Bannan,1989-12-01,1161,,,10,
56,23672,11799,Josh Windass,1994-01-09,462,,,11,
56,23672,37577572,Ibrahim Cissoko,2003-03-26,38,,,16,
56,23672,32404512,Anthony Musaba,2000-12-06,38,,,45,
56,23672,191210,Svante Ingelsson,1998-06-14,47,,,8,
56,23672,172757,Callum Paterson,1994-10-13,1161,,,13,
56,23672,3248,Max Lowe,1997-05-11,462,,,3,
56,23672,172357,Stuart Armstrong,1992-03-30,1161,,,40,
56,23672,581043,Yan Valery,1999-02-22,1439,,,27,
56,23672,3181434,Pol Valentín,1997-02-21,32,,,14,
56,23672,37442672,Shea Charles,2003-11-05,462,,,44,
56,23672,9744,Marvin Johnson,1990-12-01,462,,,18,
56,23672,11541,Jamal Lowe,1994-07-21,1640,,,9,
64,23672,37612624,Ajay Matthews,2006-06-11,462,,,54,
64,23672,37676886,Jakub Przewozny,2007-01-19,2,,,53,
64,23672,37402363,Benicio Baker,2004-01-09,462,,,55,
64,23672,37733315,Sheldon Kendall,2007-12-31,,,,51,
64,23672,37610433,Zak Lovelace,2006-01-23,462,,,57,
64,23672,37653423,Adam Mayor,2005-04-10,462,,,12,
64,23672,37610437,Ben Drake,2005-01-06,462,,,34,
64,23672,8637,Liam Roberts,1994-11-21,462,,,13,
64,23672,37550277,Tom Leahy,2004-03-31,462,,,29,
64,23672,37550275,Kyle Smith,2004-06-07,462,,,37,
64,23672,173059,Kevin Nisbet,1997-03-08,1161,,,7,
64,23672,37610426,Alfie Massey,2006-01-18,462,,,44,
64,23672,6140,Connal Trueman,1996-03-26,462,,,27,
64,23672,3247,Shaun Hutchinson,1990-11-23,462,,,4,
64,23672,3096,Murray Wallace,1993-01-10,1161,,,3,
64,23672,3398,Tom Bradshaw,1992-07-27,515,,,9,
64,23672,1494381,Aaron Connolly,2000-01-28,455,,,9,
64,23672,4591,George Honeyman,1994-09-08,462,,,39,
64,23672,3160,Joe Bryan,1993-09-17,462,,,15,
64,23672,34492317,Billy Mitchell,2001-04-07,462,,,8,
64,23672,28932254,Josh Coburn,2002-12-06,462,,,21,
64,23672,5971,Jake Cooper,1995-02-03,462,,,5,
64,23672,16136250,Lukas Jensen ,1999-03-18,320,,,1,
64,23672,37308208,Tristan Crama,2001-11-08,17,,,52,
64,23672,37911352,Ra'ees Bangura-Williams,2004-07-02,5724,,,31,
64,23672,9325,Ryan Wintle,1997-06-13,462,,,14,
64,23672,37546792,Camiel Neghli,2001-11-06,614,,,56,
64,23672,37610432,Romain Esse,2005-05-13,462,,,25,
64,23672,2510255,Macaulay Langstaff,1997-02-03,462,,,17,
64,23672,37588990,George Evans,2005-05-16,462,,,41,
64,23672,6028,George Saville,1993-06-01,491,,,23,
64,23672,62683,Casper De Norre,1997-02-07,556,,,24,
64,23672,37565676,Calum Scanlon,,462,,,33,
64,23672,2538509,Danny McNamara ,1998-12-27,462,,,2,
64,23672,37437784,Aidomo Emakhu,2003-10-26,455,,,22,
64,23672,1799,Duncan Watmore,1994-03-08,462,,,19,
64,23672,5173,Ryan Leonard,1992-05-24,462,,,18,
64,23672,540290,Japhet Tanganga,1999-03-31,462,,,6,
64,23672,37634711,Mihailo Ivanović,2004-11-29,296,,,26,
64,23672,20506,Wes Harding,1996-10-20,1640,,,45,
64,23672,37350709,Zak Sturge,2004-06-15,462,,,58,
64,23672,26715260,Femi Azeez,2001-06-05,462,,,11,
64,23672,23739135,Luke Cundle,2002-04-26,462,,,25,
64,23672,37599261,Daniel Kelly,2005-10-03,1161,,,16,
69,23672,37667189,Dakarai Mafico,2006-12-07,515,,,51,
69,23672,37588988,Morgan Wigley,2004-09-10,515,,,54,
69,23672,37391725,Tom Davies,2003-11-11,515,,,37,
69,23672,102012,Wilfried Kanga,1998-02-21,17,,,15,
69,23672,338938,Chris Willock,1998-01-31,462,,,16,
69,23672,37604633,Tanatswa Nyakuhwa,2005-09-17,515,,,53,
69,23672,37341965,Roko Simic,2003-09-10,266,,,31,
69,23672,37768712,Adeteye Gbadehan,2003-11-13,,,,43,
69,23672,23739094,Kion Etete,2001-11-28,462,,,9,
69,23672,23277905,Malachi Fagan-Walcott,2002-03-11,462,,,31,
69,23672,37371267,Luke Pearce,2004-06-08,462,,,56,
69,23672,37667181,Luey Giles,2006-08-04,515,,,49,
69,23672,37667188,Cody Twose,2006-06-27,515,,,52,
69,23672,37609361,Isaac Jefferies,2005-05-06,462,,,50,
69,23672,37605212,Troy Perrett,2006-10-28,515,,,55,
69,23672,37391247,Matthew Turner,2002-03-27,515,,,41,
69,23672,74174,Jamilu Collins,1994-08-05,716,,,17,
69,23672,6551,Yakou Méïté,1996-02-11,23,,,19,
69,23672,37391470,Joel Bagan,2001-09-03,462,,,23,
69,23672,4195,Jak Alnwick,1993-06-17,462,,,21,
69,23672,37675233,Josh Beecher,2006-05-19,515,,,,
69,23672,37561629,Will Alves,2005-05-04,462,,,29,
69,23672,3530,Callum Robinson,1995-02-02,455,,,47,
69,23672,24081649,Rubin Colwill,2002-04-27,515,,,27,
69,23672,37577454,Yousef Salech,2002-01-17,320,,,22,
69,23672,9939404,Isaak Davies,2001-09-25,515,,,39,
69,23672,25354,Anwar El Ghazi,1995-05-03,38,,,20,
69,23672,32490407,Sivert Mannsverk,2002-05-08,1578,,,15,
69,23672,580970,Andy Rinomhota,1997-04-21,2325,,,35,
69,23672,9203,Perry Ng,1996-06-24,462,,,38,
69,23672,37550074,Cian Ashford,2004-09-24,515,,,45,
69,23672,3022,Joe Ralls,1993-10-12,462,,,8,
69,23672,15524632,Jesper Daland,2000-01-06,1578,,,5,
69,23672,1177,Calum Chambers ,1995-01-20,462,,,12,
69,23672,63184,Dimitrios Goutas,1994-04-04,125,,,4,
69,23672,62944,Ethan Horvath,1995-06-09,3483,,,1,
69,23672,173160,David Turnbull,1999-07-10,1161,,,14,
69,23672,569,Aaron James Ramsey,1990-12-26,515,,,10,
69,23672,3145,Callum O'Dowda,1995-04-23,455,,,11,
69,23672,28912759,Alex Robertson,2003-04-17,98,,,18,
69,23672,37667248,Ronan Kpakio,2007-05-25,515,,,44,
69,23672,37293781,Ollie Tanner,2002-05-13,462,,,32,
69,23672,37565034,Michael Reindorf,2005-05-10,462,,,46,
69,23672,37667180,Dylan Lawlor,2006-01-01,515,,,48,
69,23672,27422645,Will Fish,2003-02-17,462,,,2,
69,23672,108704,Manolis Siopis,1994-05-14,125,,,3,
71,23672,37614463,Sam Chambers,2007-08-18,1161,,,42,
71,23672,21762788,Joe Gelhardt,2002-05-04,462,,,30,
71,23672,37522387,Isaac Schmidt,1999-12-07,62,,,33,
71,23672,5569,Alex Cairns,1993-01-04,462,,,21,
71,23672,37586713,James Debayo,2005-07-11,462,,,37,
71,23672,125482,Manor Solomon,1999-07-24,802,,,14,
71,23672,461027,Ao Tanaka,1998-09-10,479,,,22,
71,23672,52850,Maximilian Wöber,1998-02-04,143,,,39,
71,23672,29478,Pascal Struijk,1999-08-11,556,,,5,
71,23672,581158,Jayden Bogle,2000-07-27,462,,,2,
71,23672,21782390,Georginio Rutter,2002-04-20,17,,,24,
71,23672,1175,Patrick Bamford,1993-09-05,462,,,9,
71,23672,1928,Sam Byram,1993-09-16,462,,,25,
71,23672,12542,Ethan Ampadu ,2000-09-14,515,,,4,
71,23672,1397,Karl Darlow,1990-10-08,515,,,26,
71,23672,5149,Daniel James,1997-11-10,515,,,7,
71,23672,3861741,Ilia Gruev,2000-05-06,224,,,44,
71,23672,449187,Junior Firpo,1996-08-22,32,,,3,
71,23672,29382,Joël Piroe,1999-08-02,38,,,10,
71,23672,37604648,Charlie Crew,2006-06-15,515,,,50,
71,23672,4613,Joe Rothwell,1995-01-11,462,,,8,
71,23672,32101,Josuha Guilavogui,1990-09-19,17,,,23,
71,23672,37568967,Mateo Joseph ,2003-10-19,462,,,19,
71,23672,13981024,Largie Ramazani,2001-02-27,556,,,17,
71,23672,37316986,Wilfried Gnonto,2003-11-05,23,,,29,
71,23672,339112,Joe Rodon,1997-10-22,515,,,6,
71,23672,4552689,Brenden Aaronson,2000-10-22,3483,,,11,
71,23672,37723121,Harry Gray,2008-10-08,462,,,45,
71,23672,432881,Illan Meslier,2000-03-02,17,,,1,
99,23672,37675754,Kaedyn Kamara,2005-11-29,462,,,27,
99,23672,37676362,Felipinho,2006-10-04,5,,,24,
99,23672,37609441,Kian Taylor,2005-02-15,462,,,30,
99,23672,84615,Jeppe Okkels,1999-07-27,320,,,23,
99,23672,620,Ched Evans  ,1988-12-28,515,,,12,
99,23672,12543,Jordan Storey,1997-09-02,462,,,14,
99,23672,5283704,Milutin Osmajic,1999-07-25,998,,,28,
99,23672,37609438,Kian Best,2005-08-27,462,,,33,
99,23672,5829,Duane Holmes,1994-11-06,3483,,,25,
99,23672,6231,Patrick Bauer,1992-10-28,11,,,26,
99,23672,37675231,Li-Bau Stowell,2008-04-01,462,,,41,
99,23672,28952241,Layton Stewart,2002-09-03,462,,,17,
99,23672,37676368,Theo Mawene,2007-07-12,462,,,31,
99,23672,37609440,Kitt Nelson,2005-01-12,462,,,34,
99,23672,37552839,Josh Seary,2004-09-10,462,,,36,
99,23672,37609443,Kacper Pasiek,2005-10-08,2,,,32,
99,23672,37604621,James Pradic,2005-02-07,515,,,21,
99,23672,9522,Andrew Hughes,1992-06-05,515,,,16,
99,23672,518750,Josh Bowler,1999-03-05,462,,,40,
99,23672,37733140,Troy Tarry,2007-01-12,,,,38,
99,23672,37676367,Theo Carroll ,2007-06-21,462,,,39,
99,23672,8420,Brad Potts,1994-07-03,462,,,44,
99,23672,28912710,Sam Greenwood,2002-01-26,462,,,20,
99,23672,176702,Ryan Porteous,1999-03-25,1161,,,2,
99,23672,28912779,Kaine Kesler-Hayden,2002-10-23,462,,,29,
99,23672,19979663,Mads Frøkjaer-Jensen,1999-07-29,320,,,10,
99,23672,173032,Liam Lindsay,1995-10-12,1161,,,6,
99,23672,9686,Ben Whiteman,1996-06-17,462,,,4,
99,23672,37614062,Jayden Meghoma,2006-06-28,462,,,3,
99,23672,119637,Stefán Teitur Thórdarson ,1998-10-16,1796,,,22,
99,23672,37675750,Cole McGhee,2006-01-28,462,,,37,
99,23672,4281,Ryan Ledson ,1997-08-19,462,,,18,
99,23672,11889,Jack Whatmough,1996-08-19,462,,,5,
99,23672,378921,Ali McCann,1999-12-04,1161,,,8,
99,23672,4357,Freddie Woodman,1997-03-04,462,,,1,
99,23672,4224,David Cornell,1991-03-28,515,,,13,
99,23672,4323,Will Keane,1993-01-11,462,,,7,
99,23672,2823410,Lewis Gibson,2000-07-19,462,,,19,
99,23672,581156,Emil Riis,1998-06-24,320,,,9,
99,23672,1101,Toni Astorgano,1992-01-14,455,,,11,
110,23672,37590223,Freddie Issaka,2006-07-28,515,,,35,
110,23672,28913055,Saxon Earley,2002-10-11,462,,,24,
110,23672,3533802,Michael Cooper,1999-10-08,462,,,1,
110,23672,37577572,Ibrahim Cissoko,2003-03-26,38,,,7,
110,23672,8878,Marko Marosi,1993-10-23,401,,,25,
110,23672,10275906,Ben Waine,2001-06-11,2817,,,23,
110,23672,37590221,Zak Baker,2004-11-19,462,,,33,
110,23672,8688,Victor Pálsson,1991-04-30,1796,,,44,
110,23672,2823410,Lewis Gibson,2000-07-19,462,,,17,
110,23672,3533809,Nathanael Ogbeta,2001-04-28,462,,,3,
110,23672,37254502,Matthew Sorinola,2001-02-19,462,,,29,
110,23672,37391490,Malachi Boateng,2002-07-05,462,,,19,
110,23672,74109,Nikola Katic,1996-10-10,507,,,25,
110,23672,581055,Michael Obafemi,2000-07-06,455,,,14,
110,23672,37733253,Tegan Finn,2008-03-17,,,,39,
110,23672,537279,Daniel Grimshaw,1998-01-16,462,,,31,
110,23672,1444086,Michael Baidoo,1999-05-14,468,,,30,
110,23672,1625,Andre Gray,1991-06-26,1640,,,19,
110,23672,33587451,Kornél Szűcs,2001-09-24,674,,,6,
110,23672,31640133,Rami Al Hajj,2001-09-17,47,,,28,
110,23672,9343,Jordan Houghton,1995-11-05,462,,,4,
110,23672,12433161,Bali Mumba,2001-10-08,462,,,2,
110,23672,32796077,Darko Gyabi ,2004-02-18,462,,,18,
110,23672,37599624,Caleb Roberts,2005-10-24,462,,,34,
110,23672,173999,Conor Hazard,1998-03-05,491,,,21,
110,23672,174157,Ryan Hardie,1997-03-17,1161,,,9,
110,23672,189836,Julio Pleguezuelo,1997-01-26,32,,,5,
110,23672,37259951,Maksym Taloverov ,2000-06-28,86,,,40,
110,23672,1254,Brendan Galloway,1996-03-17,2325,,,22,
110,23672,1481492,Callum Wright,2000-05-02,462,,,11,
110,23672,36083966,Muhamed Tijani,2000-07-26,716,,,26,
110,23672,84644,Mustapha Bundu,1997-02-28,5724,,,15,
110,23672,12433168,Morgan Whittaker,2001-01-07,462,,,10,
110,23672,3474,Joe Edwards ,1990-10-31,462,,,8,
110,23672,1716,Adam Forshaw,1991-10-08,462,,,27,
110,23672,522606,Tymoteusz Puchacz,1999-01-23,2,,,17,
110,23672,37667174,Joseph Hatch,2006-09-07,515,,,38,
110,23672,25591532,Adam Randell,2000-10-01,462,,,20,
115,23672,37719720,Christian Chigozie,2007-03-01,462,,,40,
115,23672,37391359,Aidan Francis Clarke,2004-07-02,462,,,39,
115,23672,812,Erik Pieters,1988-08-07,38,,,21,
115,23672,37596062,Taylan Harris,2005-10-30,462,,,46,
115,23672,37719370,Benedict Benagr,2007-09-17,462,,,41,
115,23672,37391367,Jameson Horlick,,462,,,31,
115,23672,1494301,Tom Holmes,2000-03-12,462,,,29,
115,23672,757,Tim Krul,1988-04-03,38,,,23,
115,23672,9536,Tom Lockyer,1994-12-03,515,,,4,
115,23672,3987,James Shea,1991-06-16,462,,,1,
115,23672,37565025,Reuell Walters,2004-12-16,462,,,2,
115,23672,37357595,Joe Taylor,2002-11-18,515,,,25,
115,23672,3876667,Daiki Hashioka,1999-05-17,479,,,27,
115,23672,2999,Cauley Woodrow,1994-12-02,462,,,10,
115,23672,2510251,Shandon Baptiste ,1998-04-08,26833,,,26,
115,23672,7278,Jacob Brown,1998-04-10,1161,,,19,
115,23672,21762789,Alfie Doughty,1999-12-21,462,,,45,
115,23672,518750,Josh Bowler,1999-03-05,462,,,47,
115,23672,37689358,Christ Makosso,2004-05-09,17,,,28,
115,23672,37676740,Joe Johnson,2006-02-21,462,,,38,
115,23672,37692363,Lamine Fanne,2004-01-30,32,,,22,
115,23672,1494236,Tahith Chong,1999-12-04,7437,,,14,
115,23672,37515561,Lasse Nordås,2002-02-10,1578,,,44,
115,23672,6983809,Tom Krauß,2001-06-22,11,,,8,
115,23672,12129,Pelly Ruddock Mpanzu,1994-03-22,462,,,17,
115,23672,122090,Chiedozie Ogbene,1997-05-01,455,,,7,
115,23672,28912711,Mark McGuinness,2001-01-05,455,,,6,
115,23672,37719371,Joshua Phillips,2005-08-17,462,,,43,
115,23672,25126,Marvelous Nakamba,1994-01-19,2325,,,13,
115,23672,13482,Liam Walsh,1997-09-15,462,,,20,
115,23672,37372352,Millenic Alli,2000-02-06,455,,,21,
115,23672,61107,Thomas Kaminski,1992-10-23,556,,,24,
115,23672,85277,Mads Andersen,1997-12-27,320,,,5,
115,23672,11752,Kal Naismith ,1992-02-18,1161,,,12,
115,23672,6049,Amari'i Bell,1994-05-05,1640,,,3,
115,23672,37609179,Zack Nelson,2005-04-21,462,,,37,
115,23672,1249,Andros Townsend,1991-07-16,462,,,30,
115,23672,6618,Carlton Morris,1995-12-16,462,,,9,
115,23672,5557,Jordan Clark ,1993-09-22,462,,,18,
115,23672,37391576,Thelo Aasgaard,2002-05-02,1578,,,8,
115,23672,1291,Reece Burke,1996-09-02,462,,,16,
115,23672,1494694,Elijah Adebayo,1998-01-07,462,,,11,
115,23672,24469185,Teden Mengi,2002-04-30,462,,,15,
115,23672,37336543,Isaiah Jones,1999-06-26,462,,,25,
115,23672,496,Victor Moses,1990-12-12,716,,,7,
117,23672,37612738,Greg Sandiford,2005-05-07,462,,,53,
117,23672,23739095,Jack Burroughs,2001-03-21,1161,,,32,
117,23672,37609170,Daniel Rachel,2006-07-15,462,,,57,
117,23672,37609163,Callum Perry,2005-10-05,462,,,41,
117,23672,37609165,Isaac Moore,2006-04-15,462,,,39,
117,23672,37779871,Harvey Broad,2005-09-15,,,,51,
117,23672,37675368,Luke Bell,2003-10-26,462,,,48,
117,23672,22536434,Fábio Tavares,2001-01-22,20,,,30,
117,23672,37609172,Kai Andrews,2006-08-06,515,,,54,
117,23672,37675370,Aidan Dausch,2006-06-01,462,,,59,
117,23672,37316916,Raphael Borges Rodrigues,2003-09-11,98,,,17,
117,23672,32819174,Oliver Dovin ,2002-07-11,47,,,1,
117,23672,9939389,Cian Tyler,2002-03-22,515,,,44,
117,23672,23277904,Luis Binks,2001-09-02,462,,,2,
117,23672,4441,Matt Grimes ,1995-07-15,462,,,6,
117,23672,8840,Jamie Allen,1995-01-29,462,,,8,
117,23672,17177173,Milan van Ewijk,2000-09-08,38,,,27,
117,23672,15076357,Ellis Simms,2001-01-05,462,,,9,
117,23672,37584657,Norman Bassette,2004-11-09,556,,,37,
117,23672,37559831,Ryan Howley,2003-11-23,515,,,36,
117,23672,3167,Jamie Paterson,1991-12-20,462,,,12,
117,23672,3267,Kasey Palmer,1996-11-09,1640,,,45,
117,23672,2813,Jake Bidwell,1993-03-21,462,,,21,
117,23672,10310763,Liam Kitching,1999-09-25,462,,,15,
117,23672,340204,Ben Sheaf,1998-02-05,462,,,14,
117,23672,37518832,Bobby Thomas,2001-01-30,462,,,4,
117,23672,10496,Jay Dasilva,1998-04-22,462,,,3,
117,23672,537721,Victor Torp,1999-07-30,320,,,29,
117,23672,30979492,Tatsuhiro Sakamoto,1996-10-22,479,,,7,
117,23672,537116,Brad Collins,1997-02-18,462,,,40,
117,23672,13425,Ephron Mason-Clark,1999-08-25,462,,,10,
117,23672,32404898,Jack Rudoni,2001-06-14,462,,,5,
117,23672,3261,Ben Wilson,1992-08-09,462,,,13,
117,23672,9543,Brandon Thomas-Asante,1998-12-29,468,,,23,
117,23672,23223363,Josh Eccles,2000-04-06,462,,,28,
117,23672,538042,Joel Latibeaudiere,2000-01-06,1640,,,22,
117,23672,263186,Haji Wright,1998-03-27,3483,,,11,
122,23672,37600173,Josh Stokes,2004-04-29,462,,,26,
122,23672,581034,Lewis Thomas,1997-09-20,515,,,32,
122,23672,28912735,Lewis Thomas,2002-02-08,462,,,32,
122,23672,37391549,Ayman Benarous,2003-07-27,462,,,18,
122,23672,37675297,Billy Phillips,2006-07-10,462,,,39,
122,23672,37674264,Josh Campbell-Slowey,2005-11-11,462,,,33,
122,23672,25217725,Taylor Gardner-Hickman,2001-12-30,462,,,22,
122,23672,3502650,Rob Atkinson,1998-07-13,462,,,5,
122,23672,17187782,Stefan Bajić,2001-12-23,17,,,23,
122,23672,5433,Joe Williams,1996-12-08,462,,,8,
122,23672,11752,Kal Naismith ,1992-02-18,1161,,,4,
122,23672,1494372,Max Bird ,2000-09-18,462,,,6,
122,23672,174995,Ross McCrorie,1998-03-18,1161,,,2,
122,23672,4592196,Jason Knight ,2001-02-13,455,,,12,
122,23672,37767844,Leo Pecover,2008-04-09,,,,35,
122,23672,37354878,Sinclair Armstrong,2003-06-22,455,,,30,
122,23672,37391534,Sam Bell,2002-05-23,462,,,20,
122,23672,9674,Scott Twine,1999-07-14,462,,,10,
122,23672,5785,Harry Cornick,1995-04-09,462,,,27,
122,23672,3177,Max O'Leary,1996-10-10,462,,,1,
122,23672,3063,Nahki Wells,1990-06-01,15326,,,21,
122,23672,37546780,George Earthy,2004-09-05,462,,,40,
122,23672,28575734,Anis Mehmeti,2001-01-09,2454,,,11,
122,23672,37608862,Yu Hirakawa,2001-01-03,479,,,7,
122,23672,37672387,Elijah Morrison,2006-03-18,462,,,31,
122,23672,539958,Marcus McGuane,1999-02-02,462,,,29,
122,23672,6608242,Cameron Pring ,1998-01-22,462,,,3,
122,23672,30883147,Luke McNally ,1999-09-20,455,,,15,
122,23672,149231,Mark Sykes,1997-08-04,491,,,17,
122,23672,37544186,Fally Mayulu,2002-07-15,17,,,9,
122,23672,21802858,Haydon Roberts,2002-05-10,462,,,24,
122,23672,1494237,George Tanner,1999-11-16,462,,,19,
122,23672,8085,Rob Dickie,1996-03-03,462,,,16,
122,23672,7250,Zak Vyner,1997-05-14,462,,,14,
297,23672,37601753,James Golding,2004-08-10,462,,,35,
297,23672,37550346,Gatlin O'Donkor,2004-10-14,462,,,39,
297,23672,3398,Tom Bradshaw,1992-07-27,515,,,50,
297,23672,5709,Simon Eastwood,1989-06-26,462,,,13,
297,23672,37536788,Jacob Knightbridge,2004-01-25,462,,,33,
297,23672,37259169,Max Woltman,2003-08-20,462,,,27,
297,23672,45565,Przemyslaw Placheta,1998-03-23,2,,,7,
297,23672,6559,Will Vaulks ,1993-09-13,515,,,4,
297,23672,581215,Jamie Cumming,1999-09-04,462,,,1,
297,23672,22536,Ciaron Brown,1998-01-14,462,,,3,
297,23672,9504,Sam Long,1995-01-16,462,,,2,
297,23672,10630683,Ole Romeny,2000-06-20,38,,,11,
297,23672,8057,Mark Harris,1998-12-29,515,,,9,
297,23672,2515,Joe Bennett,1990-03-28,462,,,12,
297,23672,4405,Cameron Brannagan ,1996-05-09,462,,,8,
297,23672,37545764,Alex Matos,2004-10-03,462,,,18,
297,23672,540010,Elliott Moore,1997-03-16,462,,,5,
297,23672,32386285,Idris El Mizouni,2000-09-26,1439,,,15,
297,23672,6582,Matt Ingram,1993-12-18,462,,,21,
297,23672,37397191,Will Goodwin,2002-05-07,462,,,25,
297,23672,19825,Jordan Thorniley,1996-11-24,462,,,34,
297,23672,8903,Greg Leigh,1994-09-30,1640,,,22,
297,23672,37536533,Stanley Mills,2003-10-25,462,,,44,
297,23672,25647,Hidde ter Avest ,1997-05-20,38,,,24,
297,23672,155234,Michal Helik,1995-09-09,2,,,47,
297,23672,795,Matt Phillips,1991-03-13,1161,,,10,
297,23672,1308,Josh McEachran,1993-03-01,462,,,6,
297,23672,13965,Owen Dale,1998-11-01,462,,,17,
297,23672,13633383,Louie Sibley,2001-09-13,462,,,14,
297,23672,20716535,Peter Kioso,1999-08-15,1320,,,30,
297,23672,37259210,Dane Scarlett,2004-03-24,462,,,44,
297,23672,37585550,Marselino Ferdinan,2004-09-09,88407,,,28,
297,23672,37293787,Tyler Goodrham,2003-08-07,462,,,19,
297,23672,340214,Kyle Edwards,1998-02-17,462,,,29,
297,23672,3219366,Rúben Rodrigues,1996-08-02,20,,,20,
297,23672,37298063,Malcolm Ebiowei,2003-09-04,462,,,11,
297,23672,1525103,Siriki Dembélé,1996-09-07,1161,,,23,
297,23672,37342596,Ben Nelson ,2004-03-18,462,,,16,
1,23614,31532,Niclas Füllkrug,1993-02-09,11,,,11,
1,23614,37581714,Oliver Scarles,2005-12-12,462,,,57,
1,23614,109417,Konstantinos Mavropanos,1997-12-11,125,,,15,
1,23614,5252,Aaron Wan-Bissaka,1997-11-26,1320,,,29,
1,23614,37544306,Lewis Orford,2006-02-18,462,,,61,
1,23614,1592,Jarrod Bowen ,1996-12-20,462,,,20,
1,23614,37679255,Luís Guilherme,2006-02-09,5,,,17,
1,23614,37253456,Evan Ferguson,2004-10-19,455,,,34,
1,23614,1450,Danny Ings,1992-07-23,462,,,18,
1,23614,37544304,Kaelan Casey,2004-10-28,462,,,42,
1,23614,3478,Wes Foderingham,1991-01-14,462,,,21,
1,23614,37672209,Ezra Mayers,2007-01-16,462,,,63,
1,23614,186968,Carlos Soler,1997-01-02,32,,,4,
1,23614,529856,Jean-Clair Todibo,1999-12-30,17,,,25,
1,23614,733,Lukasz Fabianski ,1985-04-18,2,,,1,
1,23614,1261,Aaron Cresswell,1989-12-15,462,,,3,
1,23614,378629,Andrew Irving,2000-05-13,1161,,,39,
1,23614,5640849,Mohammed Kudus,2000-08-02,468,,,14,
1,23614,1155,James Ward-Prowse,1994-11-01,462,,,8,
1,23614,220052,Lucas Paquetá,1997-08-27,5,,,10,
1,23614,1922,Michail Antonio,1990-03-28,1640,,,9,
1,23614,254052,Edson Álvarez ,1997-10-24,458,,,19,
1,23614,498161,Maximilian Kilman,1997-05-23,462,,,26,
1,23614,9939203,Crysencio Summerville,2001-10-30,38,,,7,
1,23614,95393,Alphonse Areola,1993-02-27,17,,,23,
1,23614,80304,Vladimír Coufal,1992-08-22,245,,,5,
1,23614,254081,Guido Rodríguez,1994-04-12,44,,,24,
1,23614,80655,Tomáš Souček ,1995-02-27,245,,,28,
1,23614,129794,Emerson,1994-08-03,251,,,33,
6,23614,37391514,Alfie Devine,2004-08-01,462,,,45,
6,23614,37728388,Luca Williams-Barnett,2008-10-01,462,,,78,
6,23614,37624646,Damola Ajayi,2005-12-27,462,,,63,
6,23614,33079,Kevin Danso,1998-09-19,143,,,4,
6,23614,7026573,Djed Spence,2000-08-09,462,,,24,
6,23614,37531504,Mathys Tel,2005-04-27,17,,,11,
6,23614,37700504,Minhyeok Yang,2006-04-16,712,,,18,
6,23614,37565269,Alfie Dorrington,2005-04-20,462,,,48,
6,23614,37656695,Maeson King,2005-09-09,462,,,,
6,23614,4203,Dominic Solanke,1997-09-14,462,,,19,
6,23614,37651089,Callum Olusesi,2007-03-11,462,,,64,
6,23614,37728386,Malachi Hardy,2008-03-10,462,,,79,
6,23614,37565524,Will Lankshear,2005-04-20,462,,,42,
6,23614,37661394,Maeson King,2005-09-09,462,,,74,
6,23614,133779,Guglielmo Vicario,1996-10-07,251,,,1,
6,23614,37392970,Dante Cassanova,2004-06-21,1640,,,59,
6,23614,37259210,Dane Scarlett,2004-03-24,462,,,44,
6,23614,37607151,Lucas Bergvall,2006-02-02,47,,,15,
6,23614,340346,Alfie Whiteman,1998-10-02,462,,,41,
6,23614,4313,Heung-min Son ,1992-07-08,712,,,7,
6,23614,8456257,Pedro Porro,1999-09-13,32,,,23,
6,23614,37593240,Wilson Odobert ,2004-11-28,17,,,28,
6,23614,1241,Fraser Forster,1988-03-17,462,,,20,
6,23614,333731,Cristian Romero ,1998-04-27,44,,,17,
6,23614,380886,Sergio Reguilón,1996-12-16,32,,,3,
6,23614,37430162,Antonín Kinský,2003-03-13,245,,,31,
6,23614,37342694,Pape Matar Sarr,2002-09-14,200,,,29,
6,23614,989,Ben Davies,1993-04-24,515,,,33,
6,23614,37581741,Archie Gray,2006-03-12,462,,,14,
6,23614,540476,Brandon Austin,1999-01-08,462,,,40,
6,23614,96870,Yves Bissouma ,1996-08-30,26,,,8,
6,23614,14338024,Dejan Kulusevski,2000-04-25,47,,,21,
6,23614,32777506,Destiny Udogie,2002-11-28,251,,,13,
6,23614,6838,James Maddison,1996-11-23,462,,,10,
6,23614,25930790,Brennan Johnson,2001-05-23,515,,,22,
6,23614,219633,Richarlison,1997-05-10,5,,,9,
6,23614,31823,Timo Werner,1996-03-06,11,,,16,
6,23614,23715982,Radu Drăgușin,2002-02-03,155,,,6,
6,23614,333797,Rodrigo Bentancur,1997-06-25,158,,,30,
6,23614,37296248,Micky van de Ven ,2001-04-19,38,,,37,
6,23614,37651099,Mikey Moore,2007-08-11,462,,,47,
8,23614,37259163,Jarell Quansah ,2003-01-29,462,,,78,
8,23614,37669492,Trey Nyoni,2007-06-30,462,,,98,
8,23614,37316834,Harvey Davies,2003-09-03,462,,,95,
8,23614,37682555,Amara Nallo,2006-11-18,462,,,65,
8,23614,9606060,Vitezslav Jaros ,2001-07-23,245,,,56,
8,23614,37573827,Jayden Danns,2006-01-16,462,,,76,
8,23614,37543607,James McConnell,2004-09-13,462,,,53,
8,23614,1453,Joe Gomez ,1997-05-23,462,,,2,
8,23614,37316836,Tyler Morton,2002-10-31,462,,,80,
8,23614,37721333,Rio Ngumoha,2008-08-29,462,,,,
8,23614,159917,Diogo Jota,1996-12-04,20,,,20,
8,23614,23269836,Harvey Elliott,2003-04-04,462,,,19,
8,23614,4125,Mohamed Salah,1992-06-15,886,,,11,
8,23614,5270462,Ryan Gravenberch,2002-05-16,38,,,38,
8,23614,6013424,Darwin Núñez,1999-06-24,158,,,9,
8,23614,1743,Virgil van Dijk ,1991-07-08,38,,,4,
8,23614,216612,Alexis Mac Allister,1998-12-24,44,,,10,
8,23614,309344,Wataru Endo,1993-02-09,479,,,3,
8,23614,785998,Dominik Szoboszlai,2000-10-25,674,,,8,
8,23614,241036,Luis Díaz,1997-01-13,353,,,7,
8,23614,4545513,Curtis Jones,2001-01-30,462,,,17,
8,23614,84627,Konstantinos Tsimikas,1996-05-12,125,,,21,
8,23614,129820,Alisson,1992-10-02,5,,,1,
8,23614,1078,Andrew Robertson,1994-03-11,1161,,,26,
8,23614,896225,Caoimhín Kelleher,1998-11-23,455,,,62,
8,23614,37316835,Conor Bradley ,2003-07-09,491,,,84,
8,23614,1917,Trent Alexander-Arnold,1998-10-07,462,,,66,
8,23614,100556,Ibrahima Konaté,1999-05-25,17,,,5,
8,23614,30062,Cody Gakpo,1999-05-07,38,,,18,
8,23614,129836,Federico Chiesa,1997-10-25,251,,,14,
9,23614,1116,Jack Grealish,1995-09-10,462,,,10,
9,23614,37286732,Oscar Bobb,2003-07-12,1578,,,52,
9,23614,37365883,Divin Mubama,2004-10-25,462,,,67,
9,23614,30446925,Issa Kaboré,2001-05-12,607,,,78,
9,23614,105,Scott Carson,1985-09-03,462,,,33,
9,23614,37612626,Jacob Wright,2005-09-21,462,,,56,
9,23614,37639080,Claudio Echeverri,2006-01-02,44,,,30,
9,23614,37713480,Spike Brits,2007-06-24,462,,,80,
9,23614,37548599,Max Alleyne,2005-07-21,462,,,68,
9,23614,37679253,Jahmai Simpson-Pusey,2005-11-04,462,,,66,
9,23614,37689559,Vitor Reis,2006-01-12,5,,,22,
9,23614,1869,Nathan Aké,1995-02-18,38,,,6,
9,23614,24838234,Josh Wilson-Esbrand,2002-12-26,462,,,97,
9,23614,3268,Marcus Bettinelli,1992-05-24,462,,,13,
9,23614,13590962,Rayan Aït-Nouri,2001-06-06,614,,,21,
9,23614,3156873,Tijjani Reijnders,1998-07-29,38,,,4,
9,23614,21072805,Rayan Cherki,2003-08-17,17,,,29,
9,23614,3354,Kalvin Phillips ,1995-12-02,462,,,,
9,23614,73147,Mateo Kovacic,1994-05-06,266,,,8,
9,23614,23269737,Nico González,2002-01-03,32,,,14,
9,23614,294000,Omar Marmoush,1999-02-07,886,,,7,
9,23614,37527169,Savinho,2004-04-10,5,,,26,
9,23614,154421,Erling Haaland,2000-07-21,1578,,,9,
9,23614,23697990,Jérémy Doku ,2002-05-27,556,,,11,
9,23614,37623459,Abdukodir Khusanov,2004-02-29,2426,,,45,
9,23614,162536,Rúben Dias,1997-05-14,20,,,3,
9,23614,1371,Kevin De Bruyne,1991-06-28,556,,,17,
9,23614,96353,Bernardo Silva,1994-08-10,20,,,20,
9,23614,336133,Phil Foden,2000-05-28,462,,,47,
9,23614,28575676,James McAtee,2002-10-18,462,,,87,
9,23614,4842,İlkay Gündoğan,1990-10-24,11,,,19,
9,23614,21781428,Matheus Nunes,1998-08-27,20,,,27,
9,23614,24838191,Josko Gvardiol,2002-01-23,266,,,24,
9,23614,982,John Stones,1994-05-28,462,,,5,
9,23614,159142,Ederson,1993-08-17,5,,,31,
9,23614,37562487,Nico O'Reilly,2005-03-21,462,,,75,
9,23614,37459073,Rico Lewis,2004-11-21,462,,,82,
9,23614,186910,Rodri ,1996-06-22,32,,,16,
9,23614,198062,Manuel Akanji,1995-07-19,62,,,25,
9,23614,911,Kyle Walker,1990-05-28,462,,,2,
9,23614,34594,Stefan Ortega,1992-11-06,11,,,18,
11,23614,463153,Carlos Vinícius,1995-03-25,5,,,12,
11,23614,37654108,Sam Amissah,2007-03-07,462,,,35,
11,23614,37622796,Martial Godo,2003-03-14,462,,,47,
11,23614,1317,Willian,1988-08-09,5,,,22,
11,23614,37656924,Josh King,2007-01-03,462,,,24,
11,23614,37259158,Jay Stansfield,2002-11-24,462,,,28,
11,23614,455687,Steven Benda,1998-10-01,11,,,23,
11,23614,6610,Ryan Sessegnon,2000-05-18,462,,,30,
11,23614,581067,Antonee Robinson,1997-08-08,3483,,,33,
11,23614,1409,Harrison Reed,1995-01-27,462,,,6,
11,23614,1494446,Emile Smith Rowe,2000-07-28,462,,,32,
11,23614,1004,Andreas Pereira,1996-01-01,5,,,18,
11,23614,96799,Issa Diop,1997-01-09,1424,,,31,
11,23614,540027,Calvin Bassey,1999-12-31,716,,,3,
11,23614,160217,Raúl Jiménez,1991-05-05,458,,,7,
11,23614,25284,Joachim Andersen,1996-05-31,320,,,5,
11,23614,25400,Kenny Tete,1995-10-09,6783,,,2,
11,23614,5403,Harry Wilson,1997-03-22,515,,,8,
11,23614,784373,Jorge Cuenca,1999-11-17,32,,,15,
11,23614,62337,Timothy Castagne,1995-12-05,556,,,21,
11,23614,37402350,Rodrigo Muniz,2001-05-04,5,,,9,
11,23614,4241,Adama Traoré,1996-01-25,32,,,11,
11,23614,2285,Tom Cairney  ,1991-01-20,1161,,,10,
11,23614,130248,Saša Lukić,1996-08-13,296,,,20,
11,23614,31342,Bernd Leno,1992-03-04,11,,,1,
11,23614,537759,Reiss Nelson,1999-12-10,462,,,19,
11,23614,64193,Sander Berge,1998-02-14,1578,,,16,
11,23614,1881,Alex Iwobi,1996-05-03,716,,,17,
13,23614,37259199,Reece Welch,2003-09-19,462,,,64,
13,23614,37587573,Youssef Chermiti,2004-05-24,20,,,17,
13,23614,37624650,Callum Bates,2005-09-28,462,,,92,
13,23614,37596063,Coby Ebere,2005-09-17,462,,,84,
13,23614,37680389,Harrison Armstrong,2007-01-19,462,,,45,
13,23614,37581746,Martin Sherif,2006-06-10,38,,,67,
13,23614,37260638,Nathan Patterson,2001-10-16,1161,,,2,
13,23614,22146099,Jesper Lindstrøm,2000-02-29,320,,,29,
13,23614,1639,James Tarkowski,1992-11-19,462,,,6,
13,23614,32404895,Jarrad Branthwaite,2002-06-27,462,,,32,
13,23614,681,Steve Potts,1987-06-20,507,,,31,
13,23614,37551413,Isaac Heath,2004-10-28,462,,,83,
13,23614,764,Séamus Coleman,1988-10-11,455,,,23,
13,23614,37614480,Roman Dixon,2004-12-26,462,,,75,
13,23614,523939,Orel Mangala,1998-03-18,556,,,8,
13,23614,539969,João Virgínia,1999-10-10,20,,,12,
13,23614,1692,Mason Holgate,1996-10-22,462,,,4,
13,23614,95776,Neal Maupay,1996-08-14,17,,,21,
13,23614,37553446,Jenson Metcalfe,2004-09-06,462,,,44,
13,23614,37259239,Tim Iroegbunam,2003-06-30,462,,,42,
13,23614,5141,Dominic Calvert-Lewin,1997-03-16,462,,,9,
13,23614,1826,Jordan Pickford,1994-03-07,462,,,1,
13,23614,4536524,James Garner,2001-03-13,462,,,37,
13,23614,881,Michael Keane,1993-01-11,462,,,5,
13,23614,1030,Idrissa Gueye,1989-09-26,200,,,27,
13,23614,165,Ashley Young,1985-07-09,462,,,18,
13,23614,23661272,Iliman Ndiaye,2000-03-06,200,,,10,
13,23614,4598726,Dwight McNeil,1999-11-22,1640,,,7,
13,23614,37528754,Jake O'Brien,2001-05-15,455,,,15,
13,23614,37410255,Carlos Alcaraz,2002-11-30,44,,,24,
13,23614,2144,Abdoulaye Doucouré,1993-01-01,26,,,16,
13,23614,23697427,Armando Broja,2001-09-10,2454,,,22,
13,23614,262274,Jack Harrison,1996-11-20,462,,,11,
13,23614,21773178,Beto,1998-01-31,20,,,14,
13,23614,537271,Vitaliy Mykolenko,1999-05-29,86,,,19,
14,23614,37612634,Jayce Fitzgerald,2007-05-09,462,,,75,
14,23614,28912799,Dermot Mee,2002-11-20,491,,,45,
14,23614,37654112,Jack Fletcher,2007-03-19,462,,,57,
14,23614,160206,Victor Lindelöf,1994-07-17,47,,,2,
14,23614,37718822,Godwill Kukonki,2008-02-06,462,,,87,
14,23614,438751,Altay Bayındır,1998-04-14,404,,,1,
14,23614,37676786,Ayden Heaven,2006-09-22,462,,,26,
14,23614,37723663,Chido Obi,2007-11-29,320,,,56,
14,23614,37625047,Ethan Wheatley,2006-01-20,462,,,36,
14,23614,28912719,Hubert Graczyk,2003-02-28,2,,,48,
14,23614,37653176,Patrick Dorgu,2004-10-26,320,,,13,
14,23614,37602508,Jack Moorhouse,2005-11-29,462,,,64,
14,23614,37693993,Sekou Kone,2006-02-03,26,,,42,
14,23614,1454,Tom Heaton,1986-04-15,462,,,22,
14,23614,12393293,Antony,2000-02-24,5,,,21,
14,23614,612,Jonny Evans,1988-01-03,491,,,35,
14,23614,37648158,Elyh Harrison,2006-02-19,462,,,50,
14,23614,30851415,Toby Collyer,2004-01-03,462,,,43,
14,23614,37581768,Tyler Fredricson,2005-02-23,462,,,55,
14,23614,455376,Scott McTominay ,1996-12-08,1161,,,39,
14,23614,955,Luke Shaw,1995-07-12,462,,,23,
14,23614,2884,Harry Maguire,1993-03-05,462,,,5,
14,23614,37325012,Rasmus Højlund,2003-02-04,320,,,9,
14,23614,2206665,Lisandro Martínez,1998-01-18,44,,,6,
14,23614,2158417,Tyrell Malacia,1999-08-17,7437,,,12,
14,23614,893705,Manuel Ugarte ,2001-04-11,158,,,25,
14,23614,129602,Bruno Fernandes ,1994-09-08,20,,,8,
14,23614,37317015,Amad Diallo ,2002-07-11,23,,,16,
14,23614,28716,Noussair Mazraoui,1997-11-14,1424,,,3,
14,23614,26768,Matthijs de Ligt ,1999-08-12,38,,,4,
14,23614,37600357,Leny Yoro,2005-11-13,17,,,15,
14,23614,37675777,Harry Amass,2007-03-16,462,,,41,
14,23614,1878,Marcus Rashford,1997-10-31,462,,,10,
14,23614,992,Christian Eriksen,1992-02-14,320,,,14,
14,23614,37540234,Kobbie Mainoo,2005-04-19,462,,,37,
14,23614,37316549,Alejandro Garnacho,2004-07-01,44,,,17,
14,23614,26393,André Onana,1996-04-02,593,,,24,
14,23614,159700,Casemiro,1992-02-23,5,,,18,
14,23614,537121,Mason Mount ,1999-01-10,462,,,7,
14,23614,164061,Diogo Dalot,1999-03-18,20,,,20,
14,23614,9605680,Joshua Zirkzee,2001-05-22,38,,,11,
15,23614,37623462,Jamaldeen Jimoh-Aloba,2006-10-02,462,,,56,
15,23614,37656468,Andrés García,2003-02-07,32,,,16,
15,23614,37539349,Lamare Bogarde,2004-01-05,38,,,26,
15,23614,37536795,Sil Swinkels,2004-01-06,38,,,50,
15,23614,186668,Marco Asensio,1996-01-21,32,,,21,
15,23614,1878,Marcus Rashford,1997-10-31,462,,,9,
15,23614,37425229,Oliwier Zych,2004-06-28,2,,,48,
15,23614,1094,Tyrone Mings,1993-03-13,462,,,5,
15,23614,186660,Emiliano Buendía,1996-12-25,44,,,10,
15,23614,37651108,Ben Broggio,2007-01-29,462,,,79,
15,23614,968,Ross Barkley,1993-12-05,462,,,6,
15,23614,96689,Diego Carlos,1993-03-15,5,,,3,
15,23614,33186827,Jaden Philogene,2002-02-08,462,,,19,
15,23614,37567882,Kadan Young,2006-01-19,462,,,72,
15,23614,37600647,Kosta Nedeljkovic,2005-12-16,296,,,20,
15,23614,24092472,Joe Gauci,2000-07-04,98,,,18,
15,23614,6524,Matty Cash,1997-08-07,2,,,2,
15,23614,172611,John McGinn ,1994-10-18,1161,,,7,
15,23614,1343,Emiliano Martínez,1992-09-02,44,,,23,
15,23614,62342,Youri Tielemans,1997-05-07,556,,,8,
15,23614,97626,Boubacar Kamara,1999-11-23,17,,,44,
15,23614,84540,Robin Olsen,1990-01-08,47,,,25,
15,23614,100385,Axel Disasi,1998-03-11,17,,,3,
15,23614,380970,Pau Torres,1997-01-16,32,,,14,
15,23614,95368,Lucas Digne,1993-07-20,17,,,12,
15,23614,4592198,Morgan Rogers,2002-07-26,462,,,27,
15,23614,33716,Leon Bailey,1997-08-09,1640,,,31,
15,23614,30071882,Jhon Durán,2003-12-13,353,,,9,
15,23614,22878573,Amadou Onana ,2001-08-16,556,,,24,
15,23614,11705406,Jacob Ramsey,2001-05-28,462,,,41,
15,23614,537758,Donyell Malen,1999-01-19,38,,,17,
15,23614,12145,Ollie Watkins,1995-12-30,462,,,11,
15,23614,23311159,Ian Maatsen,2002-03-10,38,,,22,
15,23614,7124,Ezri Konsa,1997-10-23,462,,,4,
18,23614,37664041,Marc Guiu,2006-01-04,32,,,38,
18,23614,37669515,Genesis Antwi,2007-05-11,462,,,64,
18,23614,581220,Reece James ,1999-12-08,462,,,24,
18,23614,540613,Kiernan Dewsbury-Hall,1998-09-06,462,,,22,
18,23614,37536874,Roméo Lavia,2004-01-06,556,,,45,
18,23614,37700784,Aarón Anselmino,2005-04-29,44,,,30,
18,23614,100385,Axel Disasi,1998-03-11,17,,,,
18,23614,37581754,Sam Rak-Sakyi,2005-03-27,462,,,51,
18,23614,5241,Tosin Adarabioyo,1997-09-24,462,,,4,
18,23614,496775,Pedro Neto,2000-03-09,20,,,7,
18,23614,37555964,David Datro Fofana,2002-12-22,23,,,,
18,23614,37581743,Ishé Samuels-Smith,2006-06-05,462,,,62,
18,23614,37668618,Mathis Amougou,2006-01-18,17,,,39,
18,23614,37592037,Tyrique George,2006-02-04,462,,,32,
18,23614,37631362,Josh Acheampong,2006-05-05,462,,,34,
18,23614,9938919,Mykhaylo Mudryk,2001-01-05,86,,,10,
18,23614,3268,Marcus Bettinelli,1992-05-24,462,,,13,
18,23614,28931574,João Pedro,2001-09-26,5,,,,
18,23614,37562129,Andrey Santos,2004-05-03,5,,,17,
18,23614,35659570,Gabriel Slonina,2004-05-15,3483,,,44,
18,23614,4545394,Benoît Badiashile,2001-03-26,17,,,5,
18,23614,37564315,Dário Essugo,2005-03-14,20,,,14,
18,23614,28912976,Liam Delap,2003-02-08,462,,,9,
18,23614,37445077,Cesare Casadei ,2003-01-10,251,,,31,
18,23614,37540621,Nicolas Jackson,2001-06-20,200,,,15,
18,23614,23715941,Filip Jørgensen,2002-04-16,320,,,12,
18,23614,37714106,Shumaira Mheuka,2007-10-20,462,,,76,
18,23614,11311795,Wesley Fofana,2000-12-17,17,,,29,
18,23614,28912747,Cole Palmer,2002-05-06,462,,,20,
18,23614,538034,Jadon Sancho,2000-03-25,462,,,19,
18,23614,29709995,Enzo Fernández,2001-01-17,44,,,8,
18,23614,537117,Trevoh Chalobah,1999-07-05,462,,,23,
18,23614,163152,João Félix,1999-11-10,20,,,14,
18,23614,96884,Christopher Nkunku,1997-11-14,17,,,18,
18,23614,37317367,Malo Gusto,2003-05-19,17,,,27,
18,23614,25217662,Noni Madueke,2002-03-10,462,,,11,
18,23614,581000,Robert Sánchez,1997-11-18,32,,,1,
18,23614,448448,Marc Cucurella,1998-07-22,32,,,3,
18,23614,37593154,Renato Veiga,2003-07-29,20,,,40,
18,23614,37259180,Levi Colwill,2003-02-26,462,,,6,
18,23614,37261500,Moisés Caicedo ,2001-11-02,459,,,25,
19,23614,37676786,Ayden Heaven,2006-09-22,462,,,,
19,23614,37649361,Maldini Kacurri,2005-10-04,2454,,,47,
19,23614,37649368,Ismeal Kabia,2005-12-10,38,,,46,
19,23614,37693553,Jack Porter,2008-07-15,462,,,92,
19,23614,37536916,Jack Henry-Francis,2003-09-23,462,,,45,
19,23614,37568806,Jimi Gower,2004-10-01,462,,,44,
19,23614,539961,Eddie Nketiah,1999-05-30,462,,,14,
19,23614,26603,Oleksandr Zinchenko,1996-12-15,86,,,17,
19,23614,37430352,Salah Oulad,2003-08-20,38,,,56,
19,23614,537759,Reiss Nelson,1999-12-10,462,,,,
19,23614,37600439,Tommy Setford,2006-03-13,462,,,36,
19,23614,37649362,Josh Nichols,2006-07-26,462,,,51,
19,23614,5329,Gabriel Jesus,1997-04-03,5,,,9,
19,23614,26823,Martin Ødegaard ,1998-12-17,1578,,,8,
19,23614,37568815,Myles Lewis-Skelly,2006-09-26,462,,,49,
19,23614,310288,Takehiro Tomiyasu,1998-11-05,479,,,18,
19,23614,37608812,Brayden Clarke,2007-07-03,515,,,74,
19,23614,28912715,Nathan Butler-Oyedeji,2003-01-04,462,,,37,
19,23614,9438,Aaron Ramsdale,1998-05-14,462,,,1,
19,23614,128798,Neto,1989-07-19,5,,,32,
19,23614,129511,Jorginho,1991-12-20,251,,,20,
19,23614,23278684,Riccardo Calafiori,2002-05-19,251,,,33,
19,23614,5273,Declan Rice,1999-01-14,462,,,41,
19,23614,186370,Thomas Partey,1993-06-13,468,,,5,
19,23614,3130,David Raya,1995-09-15,32,,,22,
19,23614,5270466,Jurriën Timber ,2001-06-17,38,,,12,
19,23614,32710,Mikel Merino,1996-06-22,32,,,23,
19,23614,10959356,Gabriel Martinelli,2001-06-18,5,,,11,
19,23614,802,Raheem Sterling,1994-12-08,462,,,30,
19,23614,61780,Leandro Trossard,1994-12-04,556,,,19,
19,23614,97811,Gabriel,1997-12-19,5,,,6,
19,23614,17544737,William Saliba ,2001-03-24,17,,,2,
19,23614,32612,Kai Havertz,1999-06-11,11,,,29,
19,23614,16827155,Bukayo Saka,2001-09-05,462,,,7,
19,23614,37568808,Ethan Nwaneri,2007-03-21,462,,,53,
19,23614,3259,Ben White,1997-10-08,462,,,4,
19,23614,172960,Kieran Tierney,1997-06-05,1161,,,3,
19,23614,8403613,Jakub Kiwior,2000-02-15,2,,,15,
20,23614,2985,Jamaal Lascelles,1993-11-11,462,,,6,
20,23614,37559767,William Osula,2003-08-04,320,,,18,
20,23614,1016,Kieran Trippier,1990-09-19,462,,,2,
20,23614,37666648,Sean Neave,2007-05-27,462,,,78,
20,23614,37459072,Lewis Hall,2004-09-08,462,,,20,
20,23614,7855,Mark Gillespie,1992-03-27,462,,,29,
20,23614,1387,Matt Targett,1995-09-18,462,,,13,
20,23614,37573066,Alex Murphy,2004-06-25,455,,,37,
20,23614,31892,Odysseas Vlachodimos,1994-04-26,125,,,19,
20,23614,129966,Emil Krafth,1994-08-02,47,,,17,
20,23614,1065,Callum Wilson,1992-02-27,462,,,9,
20,23614,37581796,Lewis Miley,2006-05-01,462,,,67,
20,23614,890,John Ruddy,1986-10-24,462,,,26,
20,23614,80889,Martin Dúbravka,1989-01-15,401,,,1,
20,23614,31626620,Harrison Ashby,2001-11-14,1161,,,,
20,23614,37594985,Leo Shahar,2007-03-18,462,,,76,
20,23614,10601,Harvey Barnes,1997-12-09,462,,,11,
20,23614,24799911,Tino Livramento ,2002-11-12,462,,,21,
20,23614,257663,Miguel Almirón ,1994-02-10,1190,,,24,
20,23614,2815,Dan Burn ,1992-05-09,462,,,33,
20,23614,1494447,Joe Willock,1999-08-20,462,,,28,
20,23614,32372,Fabian Schär,1991-12-20,62,,,5,
20,23614,3071,Jacob Murphy,1995-02-24,462,,,23,
20,23614,7655,Lloyd Kelly,1998-10-06,462,,,25,
20,23614,2823228,Sandro Tonali,2000-05-08,251,,,8,
20,23614,33645,Joelinton,1996-08-14,5,,,7,
20,23614,2763,Nick Pope,1992-04-19,462,,,22,
20,23614,5270468,Sven Botman,2000-01-12,38,,,4,
20,23614,9611543,Anthony Gordon,2001-02-24,462,,,10,
20,23614,34053,Alexander Isak,1999-09-21,47,,,14,
20,23614,459145,Bruno Guimarães,1997-11-16,5,,,39,
20,23614,173737,Sean Longstaff,1997-10-30,462,,,36,
29,23614,37560802,Nasser Djiga,2002-11-15,607,,,34,
29,23614,37738333,Mateus Mané,2007-09-16,462,,,59,
29,23614,36084757,Boubacar Traoré,2001-08-20,26,,,6,
29,23614,37684782,Wesley Okoduwa,2008-05-12,462,,,61,
29,23614,37729609,Pedro Lima,2006-07-01,5,,,37,
29,23614,6038,Tom King,1995-03-09,515,,,40,
29,23614,459653,Santiago Bueno,1998-11-09,158,,,4,
29,23614,37357499,Tawanda Chirewa,2003-10-12,462,,,28,
29,23614,160834,Daniel Podence,1995-10-21,20,,,10,
29,23614,1183,Craig Dawson,1990-05-06,462,,,15,
29,23614,23739135,Luke Cundle,2002-04-26,462,,,34,
29,23614,37658191,Bastien Meupiyou,2006-03-19,17,,,33,
29,23614,37661374,Tom Edozie,2006-05-18,462,,,74,
29,23614,37540689,Alfie Pond,2004-02-17,462,,,46,
29,23614,1745,Jérémy Pied,1989-02-23,17,,,8,
29,23614,37410636,Carlos Forbs,2004-03-19,20,,,26,
29,23614,37560477,Nathan Fraser,2005-02-22,462,,,,
29,23614,37404802,Francisco Jorge Tavares Oliveira,2000-02-05,20,,,23,
29,23614,37655932,Enso González ,2005-01-20,1190,,,30,
29,23614,1008,Sam Johnstone,1993-03-25,462,,,31,
29,23614,159483,José Sá,1993-01-17,20,,,1,
29,23614,96017,Mario Lemina,1993-09-01,3662,,,5,
29,23614,37526007,André,2001-07-16,5,,,7,
29,23614,13590962,Rayan Aït-Nouri,2001-06-06,614,,,3,
29,23614,37402348,João Gomes,2001-02-12,5,,,8,
29,23614,37261923,Emmanuel Agbadou,1997-06-17,23,,,12,
29,23614,37354841,Rodrigo Gomes,2003-07-07,20,,,19,
29,23614,9605714,Tommy Doyle,2001-10-17,462,,,20,
29,23614,3884,Matt Doherty,1992-01-16,455,,,2,
29,23614,3301,Daniel Bentley,1993-07-13,462,,,25,
29,23614,160110,Nélson Semedo,1993-11-16,20,,,22,
29,23614,186025,Pablo Sarabia,1992-05-11,32,,,21,
29,23614,289398,Marshall Munetsi,1996-06-22,2325,,,5,
29,23614,1846739,Matheus Cunha,1999-05-27,5,,,10,
29,23614,29303604,Toti ,1999-01-16,20,,,24,
29,23614,37400484,Yerson Mosquera,2001-05-02,353,,,14,
29,23614,458682,Jørgen Strand Larsen,2000-02-06,1578,,,9,
29,23614,99076,Jean-Ricner Bellegarde,1998-06-27,2177,,,27,
29,23614,52868,Hee-chan Hwang,1996-01-26,712,,,11,
29,23614,97692,Gonçalo Guedes,1996-11-29,20,,,29,
42,23614,37561628,Tom Wilson-Brown,2004-10-05,462,,,57,
42,23614,37561629,Will Alves,2005-05-04,462,,,37,
42,23614,524847,Woyo Coulibaly,1999-05-26,17,,,25,
42,23614,540579,Oliver Skipp,2000-09-16,462,,,22,
42,23614,37545771,Sammy Braybrooke,2004-03-12,462,,,44,
42,23614,55485,Patson Daka,1998-10-09,2568,,,20,
42,23614,37561124,Henry Cartwright,2004-12-11,462,,,49,
42,23614,37740614,Jeremy Monga,2009-07-10,462,,,93,
42,23614,10309700,Luke Thomas,2001-06-10,462,,,33,
42,23614,37694372,Olabade Aluko,2006-11-30,462,,,77,
42,23614,96838,Ricardo Pereira,1993-10-06,20,,,21,
42,23614,37711703,Jake Evans,2008-08-21,462,,,91,
42,23614,432912,Boubakary Soumaré,1999-02-27,17,,,24,
42,23614,33991824,Tom Cannon,2002-12-28,462,,,28,
42,23614,37589611,Michael Golding,2006-05-23,462,,,34,
42,23614,3282,Danny Ward,1993-06-22,515,,,1,
42,23614,32796825,Victor Kristiansen,2002-12-16,320,,,16,
42,23614,96792,Odsonne Édouard,1998-01-16,17,,,29,
42,23614,173121,Harry Souttar,1998-10-22,98,,,15,
42,23614,581238,Daniel Iversen,1997-07-19,320,,,31,
42,23614,1711,Harry Winks,1996-02-02,462,,,8,
42,23614,37342596,Ben Nelson ,2004-03-18,462,,,26,
42,23614,37561120,Chris Popov,2004-10-26,515,,,,
42,23614,37568149,Facundo Buonanotte,2004-12-23,44,,,40,
42,23614,26955,Wout Faes,1998-04-03,556,,,3,
42,23614,3043,Conor Coady,1993-02-25,462,,,4,
42,23614,28176047,Caleb Okoli,2001-07-13,251,,,5,
42,23614,6518,Hamza Choudhury,1997-10-01,462,,,17,
42,23614,37560897,Abdul Fatawu,2004-03-08,468,,,7,
42,23614,23730717,Mads Hermansen,2000-07-11,320,,,30,
42,23614,3140,Bobby De Cordova-Reid,1993-02-02,1640,,,14,
42,23614,28575743,Kasey McAteer ,2001-11-22,462,,,35,
42,23614,37559109,Bilal El Khannouss,2004-05-10,1424,,,11,
42,23614,5319,Wilfred Ndidi,1996-12-16,716,,,6,
42,23614,10634,Stephy Mavididi,1998-05-31,462,,,10,
42,23614,1182,Jamie Vardy,1987-01-11,462,,,9,
42,23614,1038,Jordan Ayew,1991-09-11,468,,,18,
42,23614,13633370,Jakub Stolarczyk,2000-12-19,2,,,41,
42,23614,12514,James Justin,1998-02-23,462,,,2,
42,23614,31129,Jannik Vestergaard,1992-08-03,320,,,23,
51,23614,37554902,Kaden Rodney,2004-10-07,462,,,42,
51,23614,692,Joel Ward,1989-10-29,462,,,2,
51,23614,37626915,Zach Marsh,2005-10-06,462,,,63,
51,23614,37537937,Chadi Riad,2003-06-17,1424,,,34,
51,23614,1202,Nathaniel Clyne,1991-04-05,462,,,17,
51,23614,96792,Odsonne Édouard,1998-01-16,17,,,,
51,23614,1038,Jordan Ayew,1991-09-11,468,,,,
51,23614,4536500,Marc Guéhi,2000-07-13,462,,,6,
51,23614,1008,Sam Johnstone,1993-03-25,462,,,,
51,23614,262551,Matt Turner,1994-06-24,3483,,,30,
51,23614,37316940,Naouirou Ahamada,2002-03-29,17,,,29,
51,23614,37599249,Franco Umeh,2005-01-26,455,,,46,
51,23614,9278,Remi Matthews,1994-02-10,462,,,31,
51,23614,927,Jeffrey Schlupp,1992-12-23,468,,,15,
51,23614,1901,Rob Holding,1995-09-20,462,,,4,
51,23614,12647,Dean Henderson ,1997-03-12,462,,,1,
51,23614,537117,Trevoh Chalobah,1999-07-05,462,,,,
51,23614,524045,Daniel Muñoz,1996-05-26,353,,,12,
51,23614,7643,Eberechi Eze,1998-06-29,462,,,10,
51,23614,4598710,Tyrick Mitchell,1999-09-01,462,,,3,
51,23614,539961,Eddie Nketiah,1999-05-30,462,,,9,
51,23614,310131,Daichi Kamada,1996-08-05,479,,,18,
51,23614,18218609,Chris Richards,2000-03-28,3483,,,26,
51,23614,37610432,Romain Esse,2005-05-13,462,,,21,
51,23614,1601,Ben Chilwell,1996-12-21,462,,,25,
51,23614,186766,Jefferson Lerma,1994-10-25,353,,,8,
51,23614,37350704,Adam Wharton,2004-02-06,462,,,20,
51,23614,5666458,Maxence Lacroix,2000-04-06,17,,,5,
51,23614,25284,Joachim Andersen,1996-05-31,320,,,5,
51,23614,37651069,Caleb Kporha ,2006-07-15,462,,,58,
51,23614,37567285,Matheus França,2004-04-01,5,,,11,
51,23614,2332,Will Hughes,1995-04-17,462,,,19,
51,23614,96722,Ismaïla Sarr,1998-02-25,200,,,7,
51,23614,5640926,Cheick Doucouré,2000-01-08,26,,,28,
51,23614,37631792,Asher Agbinone,2005-09-28,462,,,64,
51,23614,96950,Jean-Philippe Mateta,1997-06-28,17,,,14,
51,23614,37541456,Justin Devenny,2003-10-11,491,,,55,
52,23614,37619858,Callan McKenna,2006-12-22,1161,,,46,
52,23614,37608776,Archie Harris,2004-12-27,462,,,50,
52,23614,1494663,Max Aarons,2000-01-04,462,,,37,
52,23614,23260605,Julián Araujo,2001-08-13,458,,,22,
52,23614,37616114,Remy Rees-Dottin,2006-03-06,462,,,51,
52,23614,37391641,Daniel Jebbison,2003-08-13,1004,,,21,
52,23614,37554469,Zain Silcott-Duberry,2005-07-09,462,,,43,
52,23614,37608777,Daniel Adu-Adjei,2005-06-21,462,,,44,
52,23614,37592022,Dominic Sadi,2003-09-02,462,,,49,
52,23614,1095,Adam Smith ,1991-04-29,462,,,15,
52,23614,37627749,Julio Soler,2005-02-16,44,,,20,
52,23614,37381778,Milos Kerkez,2003-11-07,674,,,3,
52,23614,37623493,Matai Akinmboni ,2006-10-17,3483,,,45,
52,23614,37608765,Max Kinsey,2005-02-02,462,,,48,
52,23614,2511082,Hamed Traoré ,2000-02-16,23,,,22,
52,23614,37325112,Will Dennis,2000-07-10,462,,,40,
52,23614,37392849,Jaidon Anthony,1999-12-01,1640,,,32,
52,23614,128798,Neto,1989-07-19,5,,,,
52,23614,22169319,Mark Travers,1999-05-18,455,,,42,
52,23614,186606,Kepa Arrizabalaga,1994-10-03,32,,,13,
52,23614,37549912,Ben Winterburn,2004-09-04,462,,,47,
52,23614,24065255,Ilya Zabarnyi,2002-09-01,86,,,27,
52,23614,333989,Marcos Senesi,1997-05-10,44,,,5,
52,23614,1834,Lewis Cook,1997-02-03,462,,,4,
52,23614,26803,Justin Kluivert,1999-05-05,38,,,19,
52,23614,37543248,Dango Ouattara,2002-02-11,607,,,11,
52,23614,537493,Marcus Tavernier,1999-03-22,462,,,16,
52,23614,26354,Enes Ünal,1997-05-10,404,,,26,
52,23614,262324,Tyler Adams,1999-02-14,3483,,,12,
52,23614,239578,Luis Sinisterra ,1999-06-17,353,,,17,
52,23614,37550443,Alex Scott,2003-08-21,462,,,8,
52,23614,6087,Philip Billing,1996-06-11,320,,,29,
52,23614,10990678,Antoine Semenyo,2000-01-07,468,,,24,
52,23614,37612542,Dean Huijsen,2005-04-14,32,,,2,
52,23614,22169325,James Hill,2002-01-10,462,,,23,
52,23614,172752,Ryan Christie,1995-02-22,1161,,,10,
52,23614,9808,David Brooks,1997-07-08,515,,,7,
52,23614,11298616,Evanilson,1999-10-06,5,,,9,
63,23614,37583502,Zach Abbott,2006-05-13,462,,,44,
63,23614,519,Wayne Hennessey,1987-01-24,515,,,13,
63,23614,37645422,Eric da Silva Moreira,2006-05-03,11,,,17,
63,23614,24830085,Andrew Omobamidele,2002-06-23,455,,,12,
63,23614,29311982,Carlos Miguel,1998-10-09,5,,,33,
63,23614,335653,Nicolás Domínguez,1998-06-28,44,,,16,
63,23614,7926,Morgan Gibbs-White,2000-01-27,462,,,10,
63,23614,36073933,Morato,2001-06-30,5,,,4,
63,23614,11720838,Neco Williams,2001-04-13,515,,,7,
63,23614,2975,Matz Sels,1992-02-26,556,,,26,
63,23614,37627036,Murillo,2002-07-04,5,,,5,
63,23614,37402303,Ramón Sosa,1999-08-31,1190,,,24,
63,23614,178032,Nikola Milenković,1997-10-12,296,,,31,
63,23614,1155,James Ward-Prowse,1994-11-01,462,,,18,
63,23614,1498548,Jota Silva,1999-08-01,20,,,20,
63,23614,10831,Ryan Yates ,1997-11-21,462,,,22,
63,23614,1956,Ola Aina,1996-10-08,716,,,34,
63,23614,37533413,Danilo,2001-04-29,5,,,28,
63,23614,332047,Elliot Anderson,2002-11-06,462,,,8,
63,23614,2875858,Callum Hudson-Odoi,2000-11-07,462,,,14,
63,23614,3463,Harry Toffolo,1995-08-19,462,,,15,
63,23614,26506,Taiwo Awoniyi,1997-08-12,716,,,9,
63,23614,914,Chris Wood,1991-12-07,2817,,,11,
63,23614,95348,Willy Boly,1991-02-03,17,,,30,
63,23614,28912805,Anthony Elanga,2002-04-27,47,,,21,
63,23614,186585,Álex Moreno,1993-06-08,32,,,19,
63,23614,96943,Ibrahim Sangaré,1997-12-02,23,,,6,
65,23614,37576740,Joe O'Brien-Whitmarsh,2005-05-11,455,,,60,
65,23614,37675207,Jayden Moore,2006-12-12,462,,,57,
65,23614,37668614,Joachim Kayi Sanda,2006-11-29,17,,,39,
65,23614,96642,Maxwel Cornet ,1996-09-27,23,,,22,
65,23614,518749,Flynn Downes,1999-01-20,462,,,4,
65,23614,37593153,Mateus Fernandes,2004-07-10,20,,,18,
65,23614,16845996,Gavin Bazunu ,2002-02-20,455,,,31,
65,23614,3300,Charlie Taylor,1993-09-18,462,,,21,
65,23614,37350031,Ronnie Edwards,2003-03-28,462,,,12,
65,23614,37537876,Juan Larios,2004-01-12,32,,,28,
65,23614,37622823,Romeo Akachukwu,2006-07-28,455,,,,
65,23614,37442672,Shea Charles,2003-11-05,462,,,,
65,23614,37316841,Samuel Edozie,2003-01-28,462,,,23,
65,23614,37592030,Samuel Amo-Ameyaw,2006-07-18,462,,,27,
65,23614,37410255,Carlos Alcaraz,2002-11-30,44,,,22,
65,23614,6241,Joe Lumley,1995-02-15,462,,,13,
65,23614,3188067,Nathan Wood,2002-05-31,462,,,15,
65,23614,6513,James Bree,1997-12-11,462,,,14,
65,23614,1149,Adam Lallana,1988-05-10,462,,,10,
65,23614,27066567,Armel Bella-Kotchap,2001-12-11,11,,,37,
65,23614,23278675,Taylor Harwood-Bellis,2002-01-30,462,,,6,
65,23614,28912777,Cameron Archer,2001-12-09,462,,,19,
65,23614,84143,Paul Onuachu,1994-05-28,716,,,32,
65,23614,7640,Ryan Manning ,1996-06-14,455,,,3,
65,23614,37423141,Lesley Ugochukwu,2004-03-26,17,,,26,
65,23614,37509380,Albert Grønbæk,2001-05-23,320,,,29,
65,23614,155138,Jan Bednarek,1996-04-12,2,,,35,
65,23614,581052,Will Smallbone ,2000-02-21,455,,,8,
65,23614,37438667,Kamaldeen Sulemana ,2002-02-15,468,,,20,
65,23614,9826,Joe Aribo,1996-07-21,716,,,7,
65,23614,5666480,Yukinari Sugawara,2000-06-28,479,,,16,
65,23614,1131,Alex McCarthy,1989-12-03,462,,,1,
65,23614,37561126,Tyler Dibling,2006-02-17,462,,,33,
65,23614,4659,Kyle Walker-Peters,1997-04-13,462,,,2,
65,23614,175530,Ross Stewart,1996-07-11,1161,,,11,
65,23614,2712,Ryan Fraser,1994-02-24,1161,,,24,
65,23614,1393,Jack Stephens ,1994-01-27,462,,,5,
65,23614,9438,Aaron Ramsdale,1998-05-14,462,,,30,
65,23614,37451258,Welington,2001-02-19,5,,,34,
65,23614,7835,Ben Brereton Díaz,1999-04-18,80,,,17,
65,23614,37617684,Jay Robinson,2007-03-15,462,,,46,
65,23614,2951,Adam Armstrong,1997-02-10,462,,,9,
78,23614,37688011,Freddie Simmonds,2008-03-09,462,,,71,
78,23614,581004,Tom McGill,2000-03-25,1004,,,37,
78,23614,37663883,Harry Howell,2008-04-20,462,,,72,
78,23614,24655,Joël Veltman,1992-01-15,38,,,34,
78,23614,37623129,Joe Knight,2005-09-21,462,,,57,
78,23614,37437759,Killian Cahill,2003-11-03,455,,,38,
78,23614,35280539,Jeremy Sarmiento,2002-06-16,459,,,16,
78,23614,37581778,Charlie Tasker,2006-02-24,462,,,60,
78,23614,1444078,Jakub Moder ,1999-04-07,2,,,15,
78,23614,37586696,Ruairi McConville,2005-05-01,491,,,44,
78,23614,37577727,Valentín Barco,2004-07-23,44,,,19,
78,23614,28912837,Imari Samuels,2003-02-05,462,,,47,
78,23614,28912974,Eiran Cashin,2001-11-09,455,,,16,
78,23614,28912807,Carl Rushworth,2001-07-02,462,,,39,
78,23614,2461,Lewis Dunk ,1991-11-21,462,,,5,
78,23614,37599242,Mark O'Mahony,2005-01-14,455,,,51,
78,23614,2683,Jason Steele,1990-08-18,462,,,23,
78,23614,6599973,Billy Gilmour,2001-06-11,1161,,,11,
78,23614,37257596,Bart Verbruggen,2002-08-18,38,,,1,
78,23614,9308200,Tariq Lamptey,2000-09-30,468,,,2,
78,23614,54191,Igor Julio,1998-02-07,5,,,3,
78,23614,37552849,Jacob Slater,2004-10-05,462,,,53,
78,23614,37655226,Yankuba Minteh ,2004-07-22,2507,,,17,
78,23614,6504,Adam Webster,1995-01-04,462,,,4,
78,23614,2423,Solly March,1994-07-20,462,,,7,
78,23614,24082563,Mats Wieffer,1999-11-16,38,,,27,
78,23614,21437534,Kaoru Mitoma,1997-05-20,479,,,22,
78,23614,37588823,Carlos Baleba,2004-01-03,593,,,20,
78,23614,24818803,Jan Paul van Hecke,2000-06-08,38,,,29,
78,23614,28931574,João Pedro,2001-09-26,5,,,9,
78,23614,37563876,Diego Gómez,2003-03-27,1190,,,25,
78,23614,29419594,Julio Enciso,2004-01-23,1190,,,10,
78,23614,37558991,Brajan Gruda,2004-05-31,11,,,8,
78,23614,37561625,Jack Hinshelwood,2005-04-11,462,,,41,
78,23614,25738,Ferdi Kadıoğlu,1999-10-07,404,,,24,
78,23614,37555816,Simon Adingra,2002-01-01,23,,,11,
78,23614,37526157,Yasin Ayari,2003-10-06,47,,,26,
78,23614,1494712,Matt O'Riley,2000-11-21,462,,,33,
78,23614,21782390,Georginio Rutter,2002-04-20,17,,,14,
78,23614,37253456,Evan Ferguson,2004-10-19,455,,,28,
78,23614,197,James Milner,1986-01-04,462,,,6,
78,23614,187969,Pervis Estupiñán,1998-01-21,459,,,30,
78,23614,627,Danny Welbeck,1990-11-26,462,,,18,
116,23614,2475,Massimo Luongo,1992-09-25,98,,,25,
116,23614,9472,George Edmundson,1997-08-15,462,,,4,
116,23614,581094,Dara O'Shea ,1999-03-04,455,,,26,
116,23614,2965,Christian Walton,1995-11-09,462,,,28,
116,23614,7958,Ben Godfrey,1998-01-15,462,,,44,
116,23614,7026563,Harry Clarke,2001-03-02,462,,,2,
116,23614,37660005,Tom Taylor,2006-02-21,462,,,49,
116,23614,3189,Sam Morsy,1991-09-10,886,,,5,
116,23614,29419594,Julio Enciso,2004-01-23,1190,,,9,
116,23614,5801,Conor Townsend,1993-03-04,462,,,22,
116,23614,28912734,Cieran Slicker,2002-09-15,1161,,,13,
116,23614,37581753,Somto Boniface,2006-03-11,462,,,48,
116,23614,6535,Marcus Harness,1996-02-24,455,,,11,
116,23614,8740,Sammie Szmodics,1995-09-24,462,,,23,
116,23614,37255841,Jacob Greaves,2000-09-12,462,,,24,
116,23614,37536911,Omari Hutchinson,2003-10-30,1640,,,20,
116,23614,2816063,Luke Woolfenden,1998-10-21,462,,,6,
116,23614,4633,Alex Palmer,1996-08-10,462,,,31,
116,23614,28912976,Liam Delap,2003-02-08,462,,,19,
116,23614,6067,Wes Burns,1994-11-23,515,,,7,
116,23614,538038,Arijanet Murić,1998-11-07,122,,,1,
116,23614,5922,Cameron Burgess ,1995-10-21,98,,,15,
116,23614,581062,Nathan Broadhead,1998-04-05,515,,,33,
116,23614,581199,Ben Johnson,2000-01-24,462,,,18,
116,23614,33186827,Jaden Philogene,2002-02-08,462,,,29,
116,23614,7577,George Hirst,1999-02-15,1161,,,27,
116,23614,122090,Chiedozie Ogbene,1997-05-01,455,,,21,
116,23614,13042,Jack Taylor,1998-06-23,455,,,14,
116,23614,25567988,Leif Davis,1999-12-31,462,,,3,
116,23614,3354,Kalvin Phillips ,1995-12-02,462,,,8,
116,23614,4391,Axel Tuanzebe,1997-11-14,1320,,,40,
116,23614,10310765,Jack Clarke,2000-11-23,462,,,47,
116,23614,12216,Conor Chaplin,1997-02-16,462,,,10,
116,23614,28575866,Ali Al-Hamadi,2002-03-01,107,,,16,
116,23614,194768,Jens Cajuste,1999-08-10,47,,,12,
236,23614,8403173,Paris Maghoma,2001-05-08,462,,,32,
236,23614,37683527,Benjamin Fredrick ,2005-05-28,716,,,44,
236,23614,37655005,Benjamin Arthur,2005-10-09,462,,,43,
236,23614,537108,Frank Onyeka,1998-01-01,716,,,15,
236,23614,37609794,Iwan Morgan,2006-01-29,515,,,40,
236,23614,37600942,Michael Kayode,2004-07-10,251,,,33,
236,23614,1460,Ben Mee,1989-09-21,462,,,16,
236,23614,31238191,Myles Peart-Harris,2002-09-18,462,,,25,
236,23614,37614062,Jayden Meghoma,2006-06-28,462,,,21,
236,23614,37653269,Ryan Trevitt,2003-03-12,462,,,28,
236,23614,27440826,Aaron Hickey,2002-06-10,1161,,,2,
236,23614,37627277,Ji-soo Kim,2004-12-24,712,,,36,
236,23614,151418,Kristoffer Ajer,1998-04-17,1578,,,20,
236,23614,37643341,Julian Eyestone,2006-04-21,3483,,,41,
236,23614,531971,Hákon Valdimarsson,2001-10-13,1796,,,12,
236,23614,7993,Rico Henry,1997-07-08,462,,,3,
236,23614,37614769,Tony Yogane,2005-09-24,462,,,42,
236,23614,37704861,Gustavo Nunes,2005-11-20,5,,,39,
236,23614,37391634,Matthew Cox,2003-05-02,462,,,,
236,23614,37407204,Igor Thiago,2001-06-26,5,,,9,
236,23614,37509395,Yegor Yarmolyuk ,2004-03-01,86,,,18,
236,23614,15665,Ethan Pinnock,1993-05-29,1640,,,5,
236,23614,11658171,Sepp van den Berg,2001-12-20,38,,,4,
236,23614,456067,Mads Roerslev ,1999-06-24,320,,,30,
236,23614,84426,Mathias Jensen,1996-01-01,320,,,8,
236,23614,31609,Christian Nørgaard,1994-03-10,320,,,6,
236,23614,27067062,Kevin Schade,2001-11-27,11,,,7,
236,23614,21412957,Fábio Carvalho ,2002-08-30,20,,,14,
236,23614,37709434,Yunus Konak,2006-01-10,404,,,26,
236,23614,36633,Vitaly Janelt,1998-05-10,11,,,27,
236,23614,11705403,Nathan Collins ,2001-04-30,455,,,22,
236,23614,34737,Mark Flekken,1993-06-13,38,,,1,
236,23614,28552845,Keane Lewis-Potter,2001-02-22,462,,,23,
236,23614,529689,Bryan Mbeumo,1999-08-07,593,,,19,
236,23614,8449373,Mikkel Damsgaard,2000-07-03,320,,,24,
236,23614,96928,Yoane Wissa,1996-09-03,1320,,,11,
2,25648,14726336,Makhtar Gueye,1997-12-04,200,,,9,
2,25648,37674895,Frank Vare,2007-09-12,462,,,53,
2,25648,37675205,Nathan Dlamini,2007-02-08,462,,,52,
2,25648,6253,Sondre Tronstad,1995-08-26,1578,,,6,
2,25648,37577745,Dion De Neve,2001-06-12,556,,,14,
2,25648,28912974,Eiran Cashin,2001-11-09,455,,,20,
2,25648,37373581,George Pratt,2003-09-17,462,,,43,
2,25648,37568803,Matty Litherland,2005-10-31,462,,,40,
2,25648,37402364,Felix Goddard,2004-03-09,462,,,37,
2,25648,37596064,Brandon Powell,2005-10-17,462,,,44,
2,25648,37674923,Aodhan Doherty,2006-05-03,491,,,47,
2,25648,37720626,Igor Tyjon,2008-03-20,462,,,32,
2,25648,537434,Aynsley Pears ,1998-04-23,462,,,1,
2,25648,28575641,Jake Garrett,2003-03-10,462,,,30,
2,25648,21036519,Lewis Miller ,2000-08-24,98,,,12,
2,25648,37674902,Valentin Joseph,2008-06-04,462,,,54,
2,25648,37590188,Connor O'Riordan,2003-10-19,455,,,26,
2,25648,9938963,Andri Gudjohnsen,2002-01-29,1796,,,11,
2,25648,2823545,Hayden Carter,1999-12-17,462,,,17,
2,25648,37564246,Axel Henriksson,2002-04-16,47,,,18,
2,25648,8042,Ryan Hedges,1995-07-08,515,,,19,
2,25648,37680386,Lorenze Mullarkey-Matthews,2006-10-26,462,,,41,
2,25648,22136559,Augustus Kargbo ,1999-08-24,5724,,,7,
2,25648,13489,Dominic Hyam,1995-12-20,1161,,,5,
2,25648,37583511,Nicholas Michalski,2007-03-14,462,,,35,
2,25648,7636,Lewis Travis ,1997-10-16,462,,,27,
2,25648,18683,Oladapo Afolayan,1997-09-11,462,,,21,
2,25648,25217725,Taylor Gardner-Hickman,2001-12-30,462,,,5,
2,25648,979,Nathan Redmond,1994-03-06,462,,,27,
2,25648,37422937,Ryoya Morishita,1997-04-11,479,,,25,
2,25648,37703964,Moussa Baradji,2000-11-20,17,,,24,
2,25648,14119,Harry Pickering,1998-12-29,462,,,3,
2,25648,37540211,Kristi Montgomery,2004-05-31,1161,,,31,
2,25648,14726291,Mathias Jørgensen,2000-09-20,320,,,29,
2,25648,37656956,Tom Atcheson,2006-09-22,462,,,38,
2,25648,6613,Scott Wharton ,1997-10-03,462,,,16,
2,25648,162210,Yuri Ribeiro,1997-01-24,20,,,4,
2,25648,581086,Todd Cantwell ,1998-02-27,462,,,10,
2,25648,25548855,Sidnei Tavares,2001-09-29,20,,,8,
2,25648,28912714,Ryan Alebiosu,2001-12-17,716,,,2,
2,25648,21820095,Yuki Ohashi,1996-07-27,479,,,23,
2,25648,458637,Balázs Tóth,1997-09-04,674,,,22,
2,25648,7688261,Sean McLoughlin,1996-11-13,455,,,15,
2,25648,1716,Adam Forshaw,1991-10-08,462,,,28,
4,25648,37668861,Kaheim Dixon,2004-10-04,1640,,,13,
4,25648,37614768,J. Laqeretabua,2005-09-26,866998,,,38,
4,25648,95732,Jérôme Roussillon,1993-01-06,3779,,,15,
4,25648,1291,Reece Burke,1996-09-02,462,,,32,
4,25648,37655436,Keenan Gough,2006-02-28,462,,,36,
4,25648,37391203,Alex Mitchell,2001-10-07,462,,,4,
4,25648,37547261,Rob Apter,2003-04-23,1161,,,30,
4,25648,34706,Onel Hernández,1993-02-01,63604,,,27,
4,25648,37723801,A. Mwamba,2006-09-15,462,,,35,
4,25648,2816058,Ashley Maynard-Brewer,1999-06-25,98,,,21,
4,25648,37657164,Tyreece Anthony Tupac Shakur Campbell,2003-09-14,462,,,7,
4,25648,3533751,Josh Edwards,2000-05-27,1161,,,16,
4,25648,37589029,Zach Mitchell,2005-01-09,462,,,20,
4,25648,37552532,Tiernan Brooks,2002-06-17,455,,,21,
4,25648,61107,Thomas Kaminski,1992-10-23,556,,,1,
4,25648,37559806,Miles Leaburn,2003-11-28,462,,,11,
4,25648,6513,James Bree,1997-12-11,462,,,28,
4,25648,20708615,Tanto Olaofe,1999-11-21,462,,,22,
4,25648,37562870,Collins Sichenje,2003-09-19,1179,,,28,
4,25648,37563937,Karoy Anderson,2004-10-01,462,,,18,
4,25648,8749,Luke Berry,1992-07-12,462,,,8,
4,25648,3043,Conor Coady,1993-02-25,462,,,15,
4,25648,28913023,Terry Taylor,2001-06-29,515,,,,
4,25648,12510,Macaulay Gillesphey,1995-11-24,462,,,3,
4,25648,37563930,Nathan Asiimwe,2004-12-29,4125,,,,
4,25648,340504,Will Mannion,1998-05-05,462,,,25,
4,25648,37608909,Daniel Kanu,2004-11-14,462,,,,
4,25648,25922177,Charlie Kelman,2001-11-02,462,,,23,
4,25648,37657054,Micah Mbick ,2006-11-08,462,,,,
4,25648,24817368,Jayden Fevrier,2003-04-14,462,,,77,
4,25648,581160,Joe Rankin-Costello,1999-07-26,462,,,26,
4,25648,7026563,Harry Clarke,2001-03-02,462,,,44,
4,25648,37259133,Sonny Carey,2001-01-20,462,,,14,
4,25648,581197,Conor Coventry,2000-03-25,455,,,6,
4,25648,37389552,Luke Chambers,2004-06-24,462,,,19,
4,25648,4617,Lloyd Jones,1995-10-07,462,,,5,
4,25648,5243,Matty Godden,1991-07-29,462,,,24,
4,25648,6049,Amari'i Bell,1994-05-05,1640,,,17,
4,25648,37719181,Ibrahim Fullah,2007-04-05,462,,,37,
4,25648,37391454,Tyreece Campbell,2003-09-14,462,,,7,
4,25648,172920,Greg Docherty ,1996-09-10,1161,,,10,
4,25648,1479381,Harvey Knibbs,1999-04-26,462,,,41,
4,25648,21413000,Kayne Ramsay,2000-10-10,462,,,2,
4,25648,174296,Lyndon Dykes,1995-10-07,1161,,,99,
5,25648,37912107,Tayo Singerr,2007-09-22,462,,,46,
5,25648,37605115,Jacob Farrell ,2002-11-19,98,,,19,
5,25648,37372352,Millenic Alli,2000-02-06,455,,,27,
5,25648,37760171,Reuben Swann,2006-06-01,,,,28,
5,25648,20508,Ben Killip,1995-11-24,462,,,30,
5,25648,15128,Ebou Adams,1996-01-15,2507,,,38,
5,25648,4551,Jordan Archer,1993-04-12,1161,,,31,
5,25648,2872,Josh Murphy,1995-02-24,462,,,23,
5,25648,37407448,Adrian Segečić,2004-06-01,266,,,10,
5,25648,37259157,Ibane Bowat,2002-09-15,1161,,,17,
5,25648,37769808,Harry Clout,2006-08-30,,,,41,
5,25648,37582865,Makenzie Kirk,2004-02-06,1161,,,25,
5,25648,33165991,Márk Kosznovszky ,2002-04-17,674,,,18,
5,25648,37599249,Franco Umeh,2005-01-26,455,,,15,
5,25648,37910373,Ashton Sizer,2008-08-27,,,,44,
5,25648,2875848,Aji Alese,2001-01-17,462,,,34,
5,25648,581060,Josh Knight,1997-09-07,462,,,4,
5,25648,37700504,Minhyeok Yang,2006-04-16,712,,,47,
5,25648,37624455,Thomas Waddingham,2005-04-05,98,,,20,
5,25648,37632554,Hayden Matthews,2004-06-19,98,,,14,
5,25648,896182,Jordan Williams,1999-10-22,462,,,2,
5,25648,54301,Nicolas Schmid,1997-02-22,143,,,1,
5,25648,7026564,Zak Swanson ,2000-09-28,462,,,22,
5,25648,518751,Callum Lang,1998-09-08,462,,,49,
5,25648,22536058,Florian Bianchini,2001-06-25,17,,,11,
5,25648,37445053,Harvey Blair,2003-09-14,462,,,29,
5,25648,7278,Jacob Brown,1998-04-10,1161,,,40,
5,25648,2992,John Swift,1995-06-23,462,,,8,
5,25648,6604,Andre Dozzell,1999-05-02,462,,,21,
5,25648,1673,Keshi Anderson,1995-04-06,462,,,37,
5,25648,10999,Josef Bursik,2000-07-12,462,,,26,
5,25648,2511221,Conor Shaughnessy,1996-06-30,455,,,6,
5,25648,12216,Conor Chaplin,1997-02-16,462,,,36,
5,25648,37261676,Gustavo Caballero,2001-09-21,1190,,,47,
5,25648,1483864,Luke Le Roux,2000-03-10,146,,,16,
5,25648,37715690,Madiodio Dia,2004-01-15,200,,,55,
5,25648,12241,Regan Poole,1998-06-18,515,,,5,
5,25648,8956,Colby Bishop,1996-11-04,462,,,9,
5,25648,12332,Connor Ogilvie,1996-02-14,462,,,3,
5,25648,3142,Marlon Pack ,1991-03-25,462,,,7,
5,25648,37260515,Terry Devlin,2003-11-06,491,,,24,
7,25648,1494172,Sol Brynn,2000-10-30,462,,,31,
7,25648,12433168,Morgan Whittaker,2001-01-07,462,,,11,
7,25648,37543251,Leo Castledine,2005-08-20,462,,,23,
7,25648,749527,Riley McGree,1998-11-02,98,,,8,
7,25648,37712959,Harley Hunt,2007-08-03,462,,,46,
7,25648,36853,Seny Dieng,1994-11-23,200,,,,
7,25648,8018,Callum Brittain,1998-03-12,462,,,2,
7,25648,37391535,Tommy Conway,2002-08-06,1161,,,9,
7,25648,37651107,Rio Patterson-Powell,2005-11-02,462,,,43,
7,25648,3111,Darragh Lenihan,1994-03-16,455,,,26,
7,25648,30467945,Micah Hamilton,2003-11-13,462,,,17,
7,25648,37669518,Finlay Cartwright,2007-02-28,462,,,36,
7,25648,6525,Jon McLaughlin,1987-09-09,1161,,,33,
7,25648,37589612,Archie Baptiste,2005-10-28,462,,,47,
7,25648,37718039,Abdoulaye Kanté,2005-07-09,23,,,42,
7,25648,37769803,Cruz Ibeh,2008-10-16,,,,44,
7,25648,4583,Dan Barlaser,1997-01-18,462,,,4,
7,25648,1494388,Finn Azaz ,2000-09-07,462,,,20,
7,25648,37577660,Sverre Nypan,2006-12-19,1578,,,19,
7,25648,25188269,Hayden Hackney ,2002-06-26,462,,,7,
7,25648,752043,Tom Glover,1997-12-24,98,,,23,
7,25648,37606898,Law McCabe,2006-01-16,462,,,28,
7,25648,581045,Alfie Jones,1997-10-07,1004,,,5,
7,25648,581113,Marcus Forss,1999-06-18,1233,,,21,
7,25648,37561148,Sonny Finch,2005-08-05,462,,,39,
7,25648,533182,Neto Borges,1996-09-13,5,,,30,
7,25648,28543925,Sam Silvera,2000-10-25,98,,,22,
7,25648,37583514,George McCormick,2005-01-27,462,,,40,
7,25648,9279559,Delano Burgzorg,1998-11-07,38,,,10,
7,25648,28913061,Alex Gilbert,2001-12-28,462,,,14,
7,25648,9939024,David Strelec,2001-04-04,401,,,13,
7,25648,35280539,Jeremy Sarmiento,2002-06-16,459,,,45,
7,25648,9472,George Edmundson,1997-08-15,462,,,25,
7,25648,1387,Matt Targett,1995-09-18,462,,,3,
7,25648,3449,Alan Browne,1995-04-15,455,,,16,
7,25648,2919,Joe Wildsmith,1995-12-28,462,,,32,
7,25648,30851975,Kaly Sène,2001-05-28,200,,,20,
7,25648,4545378,Alex Bangura,1999-07-13,5724,,,24,
7,25648,37549955,Finley Munroe,2005-02-08,462,,,15,
7,25648,23278580,Sontje Hansen,2002-05-18,7437,,,27,
7,25648,25548700,Aidan Morris,2001-11-16,3483,,,18,
7,25648,31092068,Adilson Malanda,2001-10-29,17,,,29,
7,25648,5317,Dael Fry,1997-08-30,462,,,6,
7,25648,3158,Luke Ayling,1991-08-25,462,,,12,
10,25648,37637435,Joe Wallis,2005-06-07,2817,,,45,
10,25648,378560,Mikey Johnston ,1999-04-19,1161,,,11,
10,25648,37606885,Kevin Mfuamba,2006-08-25,462,,,46,
10,25648,37709983,Noah Dupont,2007-10-18,2817,,,44,
10,25648,37656960,Ollie Bostock,2007-02-20,515,,,37,
10,25648,3285,Alex Mowatt,1995-02-13,462,,,27,
10,25648,37657028,Souleyman Mandey,2006-02-06,143,,,39,
10,25648,37592044,Muhamed Nordy Diomande,2006-02-16,462,,,36,
10,25648,33186836,Samuel Iling-Junior,2003-10-04,462,,,22,
10,25648,6073,Karlan Grant ,1997-09-18,462,,,10,
10,25648,17177615,George Campbell,2001-06-22,3483,,,6,
10,25648,37550461,Tammer Bany,2003-10-19,320,,,26,
10,25648,37544313,Alex Williams,2005-01-02,515,,,41,
10,25648,37651068,Hindolo Mustapha,2006-07-29,462,,,25,
10,25648,37596065,Harry Whitwell,2005-11-16,462,,,34,
10,25648,30851415,Toby Collyer,2004-01-03,462,,,13,
10,25648,2919,Joe Wildsmith,1995-12-28,462,,,23,
10,25648,33991728,Caleb Taylor,2003-01-14,462,,,15,
10,25648,28913058,Tom Fellows,2003-07-25,462,,,31,
10,25648,8047,Krystian Bielik,1998-01-04,2,,,5,
10,25648,6182,Jed Wallace,1994-03-26,462,,,7,
10,25648,37656962,Cole Deeming,2007-01-19,462,,,33,
10,25648,538449,Torbjørn Heggem,1999-01-12,1578,,,14,
10,25648,22528535,Josh Griffiths,2001-09-05,462,,,20,
10,25648,8934,Devante Cole,1995-05-10,462,,,44,
10,25648,4507,Darnell Furlong,1995-10-31,462,,,2,
10,25648,339083,Chris Mepham,1997-11-05,515,,,2,
10,25648,37536793,Alfie Gilchrist,2003-11-28,462,,,14,
10,25648,37407455,Daryl Enyinnaya Dike,2000-06-03,3483,,,12,
10,25648,581003,Jayson Molumby,1999-08-06,455,,,8,
10,25648,3177,Max O'Leary,1996-10-10,462,,,1,
10,25648,20692335,Ousmane Diakité,2000-07-25,26,,,17,
10,25648,5249,Josh Maja,1998-12-27,716,,,9,
10,25648,37416691,Danny Imray,2003-07-27,462,,,30,
10,25648,3300,Charlie Taylor,1993-09-18,462,,,29,
10,25648,10351,Callum Styles,2000-03-27,674,,,4,
10,25648,17176170,Aune Heggebø,2001-07-29,1578,,,19,
10,25648,1494396,Nat Phillips,1997-03-21,462,,,3,
10,25648,37623462,Jamaldeen Jimoh-Aloba,2006-10-02,462,,,18,
10,25648,37685801,Eseosa Sule,2006-04-01,1161,,,49,
10,25648,37344240,Isaac Price,2003-09-26,491,,,21,
12,25648,37603732,Menzi Mazwi,2006-04-18,462,,,40,
12,25648,13633381,Lee Buchanan ,2001-03-07,462,,,3,
12,25648,37777306,Daniel Isichei,2006-05-20,,,,42,
12,25648,172985,Scott Wright,1997-08-08,1161,,,11,
12,25648,1494374,Alex Cochrane,2000-04-21,462,,,20,
12,25648,119175,Willum Thór Willumsson,1998-10-23,1796,,,18,
12,25648,37732234,Billy Burrell,2007-01-20,,,,45,
12,25648,28912974,Eiran Cashin,2001-11-09,455,,,41,
12,25648,37583862,Bradley Mayo,2004-09-15,462,,,48,
12,25648,25217725,Taylor Gardner-Hickman,2001-12-30,462,,,19,
12,25648,119027,Alfons Sampsted,1998-04-06,1796,,,23,
12,25648,418410,Kai Wagner,1997-02-15,11,,,31,
12,25648,37732238,Briar Bateman,2006-09-05,,,,39,
12,25648,174296,Lyndon Dykes,1995-10-07,1161,,,17,
12,25648,8047,Krystian Bielik,1998-01-04,2,,,6,
12,25648,460810,Kyogo Furuhashi,1995-01-20,479,,,9,
12,25648,9605714,Tommy Doyle,2001-10-17,462,,,7,
12,25648,28575695,Marc Leonard ,2001-12-19,1161,,,12,
12,25648,37657770,Lewis Koumas,2005-09-19,515,,,30,
12,25648,1673,Keshi Anderson,1995-04-06,462,,,14,
12,25648,2725,Ryan Allsop,1992-06-17,462,,,21,
12,25648,3502642,Christoph Klarer ,2000-06-14,143,,,4,
12,25648,37259158,Jay Stansfield,2002-11-24,462,,,28,
12,25648,33591,Phil Neumann,1997-07-08,11,,,5,
12,25648,1572,Demarai Gray,1996-06-28,1640,,,10,
12,25648,6580,Bright Osayi-Samuel,1997-12-31,716,,,26,
12,25648,1022,Jack Robinson,1993-09-01,462,,,6,
12,25648,448422,Seung-ho Paik,1997-03-17,712,,,8,
12,25648,1494244,Jonathan Panzo,2000-10-25,462,,,37,
12,25648,319375,Tomoki Iwata,1997-04-07,479,,,24,
12,25648,37549513,Ibrahim Osman,2004-11-29,468,,,17,
12,25648,4536522,Ethan Laird ,2001-08-05,462,,,2,
12,25648,4277,Patrick Roberts,1997-02-05,462,,,16,
12,25648,37563866,Jhon Solís,2004-10-03,353,,,14,
12,25648,4977687,Carlos Vicente,1999-04-23,32,,,23,
12,25648,37391461,James Beadle,2004-07-16,462,,,25,
12,25648,37603723,August Priske,2004-03-23,320,,,29,
12,25648,31757,Marvin Ducksch,1994-03-07,11,,,33,
12,25648,12790053,Kanya Fujimoto,1999-07-01,479,,,27,
21,25648,37545764,Alex Matos,2004-10-03,462,,,28,
21,25648,37612740,Harry McGlinchey,2007-12-10,462,,,43,
21,25648,25399,Jaïro Riedewald,1996-09-09,38,,,44,
21,25648,37723799,Dovydas Sasnauskas,2007-02-16,2079,,,37,
21,25648,1460,Ben Mee,1989-09-21,462,,,15,
21,25648,7714340,Rhys Norrington-Davies,1999-04-22,515,,,33,
21,25648,37642293,Ryan Oné,2006-06-26,1161,,,26,
21,25648,37607215,Nils Zätterström,2005-03-29,47,,,21,
21,25648,581241,Tyrese Campbell,1999-12-28,462,,,23,
21,25648,37612664,Luke Faxon,2005-02-15,462,,,31,
21,25648,37610434,Owen Hampson,2004-11-17,462,,,35,
21,25648,20694519,Jamie Shackleton ,1999-10-08,462,,,16,
21,25648,37736940,Ehije Ukaki,2004-10-02,716,,,20,
21,25648,37559763,Louie Marsh,2004-07-02,462,,,34,
21,25648,37741821,Christian Nwachukwu,2005-12-27,716,,,40,
21,25648,37437764,Sam Curtis,2005-12-01,455,,,29,
21,25648,37666733,Mihail Polendakov,2007-06-05,224,,,32,
21,25648,3354,Kalvin Phillips ,1995-12-02,462,,,27,
21,25648,23223360,Sam McCallum,2000-09-02,462,,,3,
21,25648,3533802,Michael Cooper,1999-10-08,462,,,1,
21,25648,1450,Danny Ings,1992-07-23,462,,,9,
21,25648,1022,Jack Robinson,1993-09-01,462,,,19,
21,25648,23739121,Louie Barry,2003-06-21,462,,,27,
21,25648,7958,Ben Godfrey,1998-01-15,462,,,5,
21,25648,1494236,Tahith Chong,1999-12-04,7437,,,24,
21,25648,37705618,Djibril Soumaré,2003-01-07,200,,,18,
21,25648,23269652,Ki-Jana Hoever,2002-01-18,38,,,12,
21,25648,28912711,Mark McGuinness,2001-01-05,455,,,25,
21,25648,1175,Patrick Bamford,1993-09-05,462,,,45,
21,25648,26715430,Femi Seriki,2002-04-28,462,,,38,
21,25648,37567879,Sydie Peck,2004-09-13,462,,,42,
21,25648,37391640,Andre Brooks,2003-08-20,462,,,11,
21,25648,37336214,Leo Hjelde,2003-08-26,1578,,,5,
21,25648,5699,Adam Davies,1992-07-17,515,,,17,
21,25648,26813,Gustavo Hamer,1997-06-24,38,,,8,
21,25648,37708644,Tyler Bindon,2005-01-27,2817,,,6,
21,25648,1706,Tom Davies,1998-06-30,462,,,22,
21,25648,122090,Chiedozie Ogbene,1997-05-01,455,,,19,
21,25648,8270,Callum O'Hare,1998-05-01,462,,,10,
21,25648,540290,Japhet Tanganga,1999-03-31,462,,,2,
21,25648,37559762,Oliver Arblaster,2004-01-08,462,,,4,
21,25648,33991824,Tom Cannon,2002-12-28,462,,,7,
21,25648,3861827,Harrison Burrows,2002-01-12,462,,,14,
21,25648,4613,Joe Rothwell,1995-01-11,462,,,48,
22,25648,14338473,Ryan Giles,2000-01-26,462,,,3,
22,25648,37608862,Yu Hirakawa,2001-01-03,479,,,13,
22,25648,21762788,Joe Gelhardt,2002-05-04,462,,,21,
22,25648,37375216,Enis Destan,2002-06-15,404,,,39,
22,25648,5986,Dillon Phillips,1995-06-11,462,,,12,
22,25648,20355429,Ivor Pandur,2000-03-25,266,,,1,
22,25648,455410,Regan Slater,1999-09-11,462,,,27,
22,25648,1001,Paddy McNair,1995-04-27,491,,,37,
22,25648,37743326,Hugh Parker,2006-04-18,,,,52,
22,25648,37730359,Calvin Okike,2007-10-10,716,,,48,
22,25648,37667266,Stanley Ashbee,2006-11-28,455,,,43,
22,25648,37907157,Aidon Shehu,2006-10-11,,,,57,
22,25648,37581766,Joel Ndala,2006-05-31,462,,,19,
22,25648,32796077,Darko Gyabi ,2004-02-18,462,,,24,
22,25648,21412837,Eliot Matazo ,2002-02-15,556,,,8,
22,25648,37586713,James Debayo,2005-07-11,462,,,31,
22,25648,37255842,Matty Jacob,2001-06-03,462,,,16,
22,25648,4536527,Brandon Williams,2000-09-03,462,,,30,
22,25648,85228,David Akintola,1996-01-13,716,,,11,
22,25648,37678826,Archie Howard,2006-12-02,462,,,55,
22,25648,12562,Akin Famewo,1998-11-09,462,,,23,
22,25648,33577319,James Furlong,2002-06-07,455,,,29,
22,25648,37560952,Harry Vaughan,2004-04-06,462,,,14,
22,25648,37259217,Abu Kamara,2003-07-21,462,,,17,
22,25648,3267,Kasey Palmer,1996-11-09,1640,,,45,
22,25648,37612660,Pharrell Brown,2005-08-31,462,,,40,
22,25648,37751592,Cathal McCarthy,2006-08-31,,,,58,
22,25648,37676093,Nathan Tinsdale,2005-08-05,462,,,47,
22,25648,3262,John Lundstram,1994-02-18,462,,,5,
22,25648,37555035,Mohamed Belloumi,2002-06-01,614,,,10,
22,25648,3058,Matt Crooks,1994-01-20,462,,,25,
22,25648,4746,Oli McBurnie,1996-06-04,1161,,,9,
22,25648,37392977,Charlie Hughes,2003-10-16,462,,,4,
22,25648,21412958,Cody Drameh,2001-12-08,462,,,18,
22,25648,3305,John Egan,1992-10-20,455,,,15,
22,25648,37332637,Kyle Joseph,2001-09-10,1161,,,22,
22,25648,37657770,Lewis Koumas,2005-09-19,515,,,36,
22,25648,67948,Amir Hadziahmetovic,1997-03-08,507,,,20,
22,25648,3066,Semi Ajayi,1993-11-09,716,,,6,
22,25648,4892,Kieran Dowell,1997-10-10,462,,,26,
22,25648,30851415,Toby Collyer,2004-01-03,462,,,33,
22,25648,4545516,Liam Millar,1999-09-27,1004,,,7,
22,25648,6572,Lewie Coyle ,1995-10-15,462,,,2,
24,25648,37675648,Isaac Gordon,2007-01-03,462,,,44,
24,25648,37602506,Harley Price,2006-09-18,462,,,99,
24,25648,37521190,Sondre Langås,2001-02-02,1578,,,6,
24,25648,8740,Sammie Szmodics,1995-09-24,462,,,19,
24,25648,7909,Curtis Nelson,1993-05-21,462,,,35,
24,25648,4014,Danny Batth,1990-09-21,462,,,4,
24,25648,3230,Ben Osborn,1994-08-05,462,,,8,
24,25648,9939201,Kenzo Goudmijn,2001-12-18,38,,,17,
24,25648,37736087,Rio Canoville,2008-03-19,,,,53,
24,25648,37546781,Dajaune Brown,2005-10-16,462,,,39,
24,25648,37583509,Lennon Wheeldon,2006-02-16,462,,,48,
24,25648,37675649,Owen Eames,2006-11-01,462,,,37,
24,25648,6470,Ryan Nyambe,1997-12-04,5790,,,24,
24,25648,37391608,Jake Rooney,2003-08-22,462,,,21,
24,25648,5012,Josh Vickers,1995-12-01,462,,,31,
24,25648,3320,Callum Elder,1995-01-27,98,,,20,
24,25648,455354,Rhian Brewster ,2000-04-01,462,,,10,
24,25648,18575194,Jacob Widell Zetterström,1998-07-11,47,,,1,
24,25648,2326,Craig Forsyth,1989-02-24,1161,,,3,
24,25648,12483,Kayden Jackson,1994-02-22,462,,,19,
24,25648,8264,Corey Blackett-Taylor ,1997-09-23,462,,,11,
24,25648,15128,Ebou Adams,1996-01-15,2507,,,32,
24,25648,339,Andreas Weimann,1991-08-05,143,,,14,
24,25648,331382,Joe Ward,1995-08-22,462,,,23,
24,25648,37298102,Bobby Clark,2005-02-07,462,,,42,
24,25648,1109,Patrick Agyemang ,2000-11-07,3483,,,7,
24,25648,17867671,Derry Murkin ,1999-07-27,462,,,2,
24,25648,7835,Ben Brereton Díaz,1999-04-18,80,,,25,
24,25648,1494341,Dion Sanderson,1999-12-15,462,,,28,
24,25648,37336803,Oscar Fraulo,2003-12-06,320,,,29,
24,25648,6618,Carlton Morris,1995-12-16,462,,,9,
24,25648,37651103,Cruz Allen,2007-02-25,515,,,54,
24,25648,37593168,Jaydon Banel,2004-10-19,38,,,34,
24,25648,37561117,David Ozoh,2005-05-06,462,,,18,
24,25648,28912981,Liam Thompson,2002-04-29,462,,,16,
24,25648,3153,Richard O'Donnell,1988-09-12,462,,,12,
24,25648,7636,Lewis Travis ,1997-10-16,462,,,27,
24,25648,2873,Matt Clarke,1996-09-22,462,,,5,
24,25648,37528877,Max Johnston,2003-12-26,1161,,,22,
24,25648,37625188,Jack Thompson,2006-12-14,462,,,52,
24,25648,151454,Lars-Jørgen Salvesen,1996-02-19,1578,,,15,
25,25648,2823509,Tom Dele-Bashiru,1999-09-17,716,,,24,
25,25648,37548599,Max Alleyne,2005-07-21,462,,,3,
25,25648,36074593,Formose Mendy,2001-01-02,200,,,27,
25,25648,5666544,Jeremy Ngakia,2000-09-07,462,,,2,
25,25648,37672471,Othmane Maamma,2005-10-06,1424,,,42,
25,25648,9964067,Edo Kayembe,1998-06-03,1320,,,39,
25,25648,37675776,Albert Eames,2005-09-20,462,,,56,
25,25648,37573971,Saba Goglichidze,2004-06-25,119,,,3,
25,25648,37591584,Luca Kjerrumgaard,2003-02-09,320,,,9,
25,25648,1045,Tom Ince,1992-01-30,462,,,7,
25,25648,37734393,Amar Sanghrajka,2006-10-23,,,,60,
25,25648,37391197,Ryan Andrews,2004-08-26,462,,,45,
25,25648,37580987,Rocco Vata,2005-04-18,1161,,,11,
25,25648,37525712,Caleb Wiley ,2004-12-22,3483,,,26,
25,25648,37391194,Alfie Marriott,2004-03-26,462,,,41,
25,25648,28575708,James Morris,2001-11-23,462,,,22,
25,25648,37317436,Pierre Dwomoh,2004-06-21,556,,,14,
25,25648,37674146,Joshua Mullins,2005-11-16,462,,,50,
25,25648,37575719,James Abankwah,2004-01-16,455,,,25,
25,25648,37652995,Stephen Mfuni,2008-02-12,462,,,21,
25,25648,13999,Marc Bola,1997-12-09,462,,,16,
25,25648,37734395,Jonathan Lawson,2005-10-16,,,,64,
25,25648,37675773,Gabriel Ortelli,2006-06-19,462,,,,
25,25648,32796084,Hector Kyprianou,2001-05-27,116,,,5,
25,25648,1380,Moussa Sissoko,1989-08-16,17,,,17,
25,25648,37324014,Kwadwo Baah,2003-01-27,11,,,34,
25,25648,37609363,J. Grieves,2004-12-05,462,,,43,
25,25648,37546379,Edoardo Bove,2002-05-16,251,,,15,
25,25648,3876535,Imrân Louza,1999-05-01,1424,,,10,
25,25648,106821,Giorgi Chakvetadze ,1999-08-29,119,,,8,
25,25648,27453989,Pierre Ekwah,2002-01-15,17,,,17,
25,25648,529553,Jérémy Petris,1998-01-28,17,,,29,
25,25648,37693999,Mamadou Doumbia,2006-02-18,26,,,20,
25,25648,23739107,Mattie Pollock,2001-09-28,462,,,6,
25,25648,37560186,Kévin Keben,2004-01-26,593,,,4,
25,25648,153446,Egil Selvik,1997-07-30,1578,,,1,
25,25648,37632002,Vivaldo Semedo,2005-01-28,20,,,18,
25,25648,18523,Nathan Baxter,1998-11-08,462,,,12,
25,25648,37726312,Amin Nabizada,2007-06-21,462,,,53,
25,25648,37594798,Nestory Irankunda,2006-02-09,98,,,66,
25,25648,4679,Nampalys Mendy,1992-06-23,200,,,23,
26,25648,37365883,Divin Mubama,2004-10-25,462,,,9,
26,25648,37554912,Ashley Famiwuya,2005-06-26,462,,,26,
26,25648,37733608,Jerome Osei,,,,,60,
26,25648,37612630,Ato Ampah,2006-04-22,462,,,,
26,25648,37695666,Jaden Dixon,2007-05-07,462,,,41,
26,25648,37259951,Maksym Taloverov ,2000-06-28,86,,,40,
26,25648,37617685,Ruben Curly,2005-09-05,462,,,55,
26,25648,192847,Viktor Johansson,1998-09-14,47,,,1,
26,25648,37583545,Josh Bickerton,2005-09-25,462,,,53,
26,25648,37734069,Pijus Otegbayo,2007-08-22,,,,54,
26,25648,37623197,Chinonso Chibueze,2006-01-28,462,,,58,
26,25648,37603724,Jake Griffin,2005-12-30,462,,,47,
26,25648,37598288,William Smith,2005-11-30,462,,,46,
26,25648,2835,Jack Bonham,1993-09-14,455,,,13,
26,25648,2612,Frank Fielding,1988-04-04,462,,,34,
26,25648,13477,Ben Wilmot,1999-11-04,462,,,16,
26,25648,37689682,Gabriel Kelly,2006-12-07,455,,,59,
26,25648,37549971,Junior Tchamadeu ,2003-12-22,593,,,22,
26,25648,182277,Róbert Boženík,1999-11-18,401,,,11,
26,25648,37548602,Jamie Donley,2005-01-03,491,,,14,
26,25648,4219,Lewis Baker,1995-04-25,462,,,8,
26,25648,37649378,Jaden Mears,2006-05-01,462,,,57,
26,25648,37582649,Ashley Phillips,2005-06-26,462,,,26,
26,25648,37615270,Favour Fawunmi,2006-04-26,462,,,56,
26,25648,37391183,Bosun Lawal,2003-05-30,716,,,18,
26,25648,37651097,Syd Agina,2007-08-31,462,,,50,
26,25648,37536802,Emre Tezgel,2005-09-19,462,,,,
26,25648,18226,Sorba Thomas,1999-01-25,515,,,7,
26,25648,37614468,Nathan Lowe,2005-09-18,462,,,,
26,25648,23661353,Million Manhoef,2002-01-03,38,,,42,
26,25648,37568560,Lamine Cissé,2003-02-15,17,,,29,
26,25648,37546619,Tomas Rigo,2002-07-03,401,,,19,
26,25648,34455847,Jesurun Rak-Sakyi,2002-10-05,468,,,21,
26,25648,37316844,Tommy Simkin,2004-12-08,462,,,25,
26,25648,6634,Ben Pearson,1995-01-04,462,,,4,
26,25648,272,Steven Nzonzi,1988-12-15,17,,,15,
26,25648,37621326,Jun-ho Bae,2003-08-21,712,,,10,
26,25648,37625391,Milan Smit,2003-02-13,38,,,49,
26,25648,5967748,Eric-Junior Bocat,1999-07-16,17,,,17,
26,25648,37324879,Tatsuki Seko,1997-12-22,479,,,12,
26,25648,4246,Sam Gallagher,1995-09-15,462,,,20,
26,25648,16845996,Gavin Bazunu ,2002-02-20,455,,,31,
26,25648,1261,Aaron Cresswell,1989-12-15,462,,,3,
26,25648,1723,Ben Gibson ,1993-01-15,462,,,23,
30,25648,37609802,Daniel Watts,2005-12-16,515,,,42,
30,25648,37732207,Thomas Woodward,2006-12-09,,,,44,
30,25648,36074367,Leo Walta,2003-06-24,1233,,,21,
30,25648,37544304,Kaelan Casey,2004-10-28,462,,,26,
30,25648,62279,Manuel Benson ,1997-03-28,556,,,21,
30,25648,22169301,Oliver Cooper,1999-12-14,515,,,31,
30,25648,8859,Ricardo Santos,1995-06-18,20,,,23,
30,25648,13549,Paul Farman,1989-11-02,462,,,29,
30,25648,5283846,Ethan Galbraith,2001-05-11,491,,,30,
30,25648,3861723,Josh Key,1999-11-19,462,,,2,
30,25648,37346912,Cameron Congreve,2004-01-24,515,,,45,
30,25648,37452983,Zeidane Inoussa,2002-05-13,47,,,27,
30,25648,37602226,Bobby Wales,2005-06-23,1161,,,24,
30,25648,3533830,Adam Idah,2001-02-11,455,,,33,
30,25648,37704861,Gustavo Nunes,2005-11-20,5,,,18,
30,25648,37592742,Melker Widell,2002-04-19,47,,,7,
30,25648,37341836,Marko Stamenić,2002-02-19,2817,,,6,
30,25648,5922,Cameron Burgess ,1995-10-21,98,,,15,
30,25648,37682332,Malick Yalcouyé,2005-11-18,26,,,8,
30,25648,7687676,Ben Cabango ,2000-05-30,515,,,5,
30,25648,1649,Jay Fulton,1994-04-01,1161,,,4,
30,25648,9372,Lawrence Vigouroux,1993-11-19,80,,,22,
30,25648,37342723,Ji-sung Eom,2002-05-09,712,,,10,
30,25648,37675622,Sam Parker,2006-07-07,515,,,41,
30,25648,23697933,Zan Vipotnik,2002-03-18,1638,,,9,
30,25648,3857328,Liam Cullen,1999-04-23,515,,,20,
30,25648,1596,Josh Tymon,1999-05-22,462,,,14,
30,25648,35699452,Gonçalo Franco,2000-11-17,20,,,17,
30,25648,692,Joel Ward,1989-10-29,462,,,25,
30,25648,30466796,Ronald,2001-06-14,5,,,35,
30,25648,37581743,Ishé Samuels-Smith,2006-06-05,462,,,16,
30,25648,8372,Andy Fisher,1998-02-12,462,,,1,
33,25648,37341957,Ante Crnac ,2003-12-17,266,,,17,
33,25648,37625846,Ali Ahmed,2000-10-10,1004,,,21,
33,25648,37561750,Amankwah Forson ,2002-12-31,468,,,18,
33,25648,37711702,Errol Mundle-Smith,2006-03-19,462,,,46,
33,25648,37586696,Ruairi McConville,2005-05-01,491,,,15,
33,25648,37316360,Matěj Jurásek ,2003-08-30,245,,,10,
33,25648,37675777,Harry Amass,2007-03-16,462,,,2,
33,25648,37709384,Theodore Adelusi,2007-05-09,462,,,48,
33,25648,28575738,Tony Springett,2002-09-22,462,,,42,
33,25648,37342738,Vicente Reyes,2003-11-19,80,,,34,
33,25648,1415,Shane Duffy,1992-01-01,455,,,4,
33,25648,37669525,Zach Baumann,2007-01-02,462,,,52,
33,25648,26715427,Louie Moulden,2002-01-06,462,,,31,
33,25648,37653013,Gabe Forsyth,2006-08-04,1161,,,41,
33,25648,927,Jeffrey Schlupp,1992-12-23,468,,,27,
33,25648,14004454,Daniel Barden,2001-01-02,515,,,39,
33,25648,37552837,Jovon Makama,2004-02-02,462,,,24,
33,25648,37654114,Lucien Mahovo,2005-06-07,462,,,47,
33,25648,83927,Emiliano Marcondes,1995-03-09,320,,,11,
33,25648,37677550,Papa Amadou Diallo,2004-06-25,200,,,19,
33,25648,37405012,Marcelino Núñez,2000-03-01,80,,,26,
33,25648,5640884,Josh Sargent,2000-02-20,3483,,,9,
33,25648,33577252,Mirko Topić ,2001-02-05,296,,,22,
33,25648,37282898,Ben Chrisene,2004-01-12,462,,,14,
33,25648,461818,Jakov Medic,1998-09-07,266,,,5,
33,25648,537279,Daniel Grimshaw,1998-01-16,462,,,32,
33,25648,37522719,Mathias Kvistgaarden,2002-04-15,320,,,30,
33,25648,1685,Sam Field,1998-05-08,462,,,26,
33,25648,5917,Jack Stacey,1996-04-06,462,,,3,
33,25648,37643592,Oscar Schwartau,2006-05-17,320,,,29,
33,25648,24837496,José Córdoba,2001-06-03,65437,,,33,
33,25648,37359803,Mohamed Touré,2004-03-26,98,,,37,
33,25648,37357498,Liam Gibbs,2002-12-16,462,,,8,
33,25648,37553211,Kellen Fisher,2004-05-05,462,,,35,
33,25648,8403173,Paris Maghoma,2001-05-08,462,,,25,
33,25648,33576939,Pelle Mattsson,2001-08-04,320,,,7,
33,25648,37357411,Anis Ben Slimane,2001-03-16,1439,,,20,
33,25648,172385,Kenny McLean ,1992-01-08,1161,,,23,
33,25648,7386788,Vladan Kovacevic,1998-04-11,507,,,1,
33,25648,37612626,Jacob Wright,2005-09-21,462,,,16,
33,25648,339122,Harry Darling,1999-08-08,462,,,6,
42,25648,33991810,Wanya Marçal,2002-10-19,20,,,27,
42,25648,681,Steve Potts,1987-06-20,507,,,31,
42,25648,37536794,Silko Thomas,2004-06-25,462,,,39,
42,25648,6518,Hamza Choudhury,1997-10-01,462,,,17,
42,25648,96838,Ricardo Pereira,1993-10-06,20,,,21,
42,25648,37687077,Kevon Gray,,462,,,62,
42,25648,37714108,Louis Page,2008-07-10,462,,,25,
42,25648,37559772,Jordan James,2004-07-02,515,,,6,
42,25648,173121,Harry Souttar,1998-10-22,98,,,15,
42,25648,37711703,Jake Evans,2008-08-21,462,,,65,
42,25648,37536799,Brandon Cover,2003-09-25,1640,,,55,
42,25648,37589611,Michael Golding,2006-05-23,462,,,34,
42,25648,12514,James Justin,1998-02-23,462,,,2,
42,25648,37543216,Harry French,2005-09-28,462,,,51,
42,25648,37561629,Will Alves,2005-05-04,462,,,37,
42,25648,37559109,Bilal El Khannouss,2004-05-10,1424,,,11,
42,25648,28912768,Aaron Ramsey,2003-01-21,462,,,30,
42,25648,28575743,Kasey McAteer ,2001-11-22,462,,,35,
42,25648,32796825,Victor Kristiansen,2002-12-16,320,,,16,
42,25648,3526194,Julián Carranza,2000-05-22,44,,,18,
42,25648,8043762,Fran Vieites,1999-05-07,32,,,13,
42,25648,37694372,Olabade Aluko,2006-11-30,462,,,56,
42,25648,26955,Wout Faes,1998-04-03,556,,,3,
42,25648,432912,Boubakary Soumaré,1999-02-27,17,,,24,
42,25648,540579,Oliver Skipp,2000-09-16,462,,,22,
42,25648,1038,Jordan Ayew,1991-09-11,468,,,9,
42,25648,1711,Harry Winks,1996-02-02,462,,,8,
42,25648,28176047,Caleb Okoli,2001-07-13,251,,,5,
42,25648,37560897,Abdul Fatawu,2004-03-08,468,,,7,
42,25648,31129,Jannik Vestergaard,1992-08-03,320,,,23,
42,25648,10309700,Luke Thomas,2001-06-10,462,,,33,
42,25648,37342596,Ben Nelson ,2004-03-18,462,,,4,
42,25648,10634,Stephy Mavididi,1998-05-31,462,,,10,
42,25648,37651092,Divine Mukasa,2007-08-22,462,,,29,
42,25648,37686715,Dujuan Richards,2005-11-10,1640,,,12,
42,25648,37740614,Jeremy Monga,2009-07-10,462,,,28,
42,25648,55485,Patson Daka,1998-10-09,2568,,,20,
42,25648,13633370,Jakub Stolarczyk,2000-12-19,2,,,1,
42,25648,2985,Jamaal Lascelles,1993-11-11,462,,,24,
42,25648,9826,Joe Aribo,1996-07-21,716,,,18,
42,25648,3140,Bobby De Cordova-Reid,1993-02-02,1640,,,14,
47,25648,37664972,Jaylan Pearman,2006-04-18,98,,,25,
47,25648,37550624,Matteo Salamon,2004-02-18,462,,,32,
47,25648,37622486,Kealey Adamson,2003-02-17,98,,,2,
47,25648,37744597,Tylon Smith,2005-05-09,,,,30,
47,25648,23739105,Rumarn Burrell,2000-12-16,462,,,16,
47,25648,37657353,Isak Alemayehu,2006-10-11,47,,,48,
47,25648,37764117,Timothy Akindileni,2007-09-24,,,,19,
47,25648,37547545,Justin Obikwu ,2004-05-06,462,,,46,
47,25648,23269666,Ziyad Larkeche ,2002-09-19,17,,,38,
47,25648,1028,Steve Cook,1991-04-19,462,,,5,
47,25648,96417,Michael Frey,1994-07-19,62,,,12,
47,25648,65616,Paul Nardi,1994-05-18,17,,,1,
47,25648,37675785,Noah McCann,2005-09-01,462,,,41,
47,25648,459196,Zan Celar,1999-03-14,1638,,,9,
47,25648,35699874,Karamoko Dembélé,2003-02-22,462,,,7,
47,25648,37733489,Emmerson Sutton,2006-12-28,,,,36,
47,25648,65516,Ilias Chair,1997-10-30,1424,,,10,
47,25648,24817483,Liam Morrison,2003-04-07,1161,,,4,
47,25648,1685,Sam Field,1998-05-08,462,,,8,
47,25648,537767,Nicolas Madsen,2000-03-17,320,,,24,
47,25648,37691572,Esquerdinha,2006-02-28,5,,,28,
47,25648,37326106,Harvey Vale,2003-09-11,462,,,20,
47,25648,37285030,Kwame Poku,2001-08-11,462,,,17,
47,25648,37532822,Amadou Mbengue,2002-01-05,200,,,27,
47,25648,539622,Jimmy Dunne  ,1997-10-19,455,,,3,
47,25648,37735348,Richard Kone,2003-07-15,23,,,22,
47,25648,4620,Jake Clarke-Salter,1997-09-22,462,,,6,
47,25648,37697232,Daniel Bennie,2006-04-13,98,,,23,
47,25648,37936865,Leon Scarlett,2009-08-16,,,,52,
47,25648,37559823,Murphy Cooper,2001-12-27,462,,,,
47,25648,37544724,Alfie Lloyd,2003-04-30,462,,,,
47,25648,999,Ben Hamer,1987-11-20,462,,,29,
47,25648,37609357,Rayan Kolli,2005-02-10,614,,,26,
47,25648,149574,Paul Smyth,1997-09-10,491,,,11,
47,25648,15083970,Koki Saito,2001-08-10,479,,,14,
47,25648,37656696,Kieran Morgan,2006-03-17,462,,,21,
47,25648,7714340,Rhys Norrington-Davies,1999-04-22,515,,,18,
47,25648,2954,Isaac Hayden,1995-03-22,462,,,15,
47,25648,37254511,Joe Walsh,2002-04-01,462,,,13,
47,25648,37350031,Ronnie Edwards,2003-03-28,462,,,37,
47,25648,37539566,Jonathan Varane,2001-09-09,17,,,40,
56,25648,37675268,Reece Johnson,2006-01-31,462,,,27,
56,25648,37732785,Joe Emery,2006-12-27,,,,32,
56,25648,37612717,Guilherme Siqueira,2004-12-06,5,,,23,
56,25648,37562820,Rio Shipston,2004-11-07,462,,,20,
56,25648,37675271,Bruno Fernandes,2006-01-09,462,,,36,
56,25648,537584,Iké Ugbo,1998-09-21,1004,,,11,
56,25648,3344,Liam Cooper,1991-08-30,1161,,,16,
56,25648,18279,George Brown,1998-02-02,462,,,29,
56,25648,37609295,Mackenzie Maltby,2004-12-04,462,,,44,
56,25648,979,Nathan Redmond,1994-03-06,462,,,15,
56,25648,340,Barry Bannan,1989-12-01,1161,,,10,
56,25648,37913777,Yisa Alao,2008-11-17,716,,,33,
56,25648,37675266,Jack Phillips,2005-10-15,462,,,35,
56,25648,37554469,Zain Silcott-Duberry,2005-07-09,462,,,43,
56,25648,37675777,Harry Amass,2007-03-16,462,,,12,
56,25648,37769094,Favour Onukwuli,2005-04-09,,,,41,
56,25648,62944,Ethan Horvath,1995-06-09,3483,,,24,
56,25648,37675768,Ernie Weaver,2006-10-05,462,,,30,
56,25648,6241,Joe Lumley,1995-02-15,462,,,13,
56,25648,23278711,Di'Shon Bernard,2000-10-14,1640,,,5,
56,25648,37789599,William Grainger,2008-11-20,,,,31,
56,25648,25126,Marvelous Nakamba,1994-01-19,2325,,,18,
56,25648,37559823,Murphy Cooper,2001-12-27,462,,,13,
56,25648,37562822,Bailey Cadamarteri,2005-05-09,462,,,18,
56,25648,37675750,Cole McGhee,2006-01-28,462,,,28,
56,25648,36853,Seny Dieng,1994-11-23,200,,,33,
56,25648,581043,Yan Valery,1999-02-22,1439,,,7,
56,25648,37656854,Logan Stretch,2006-11-04,515,,,25,
56,25648,37609296,Sean Fusire,2005-05-31,462,,,4,
56,25648,6199,Dominic Iorfa,1995-06-24,462,,,6,
56,25648,37609291,Jarvis Thornton,2006-01-10,462,,,37,
56,25648,3248,Max Lowe,1997-05-11,462,,,3,
56,25648,2949,Liam Palmer ,1991-09-19,1161,,,2,
56,25648,11541,Jamal Lowe,1994-07-21,1640,,,9,
56,25648,37721238,Gabriel Otegbayo,2005-02-11,462,,,22,
56,25648,37581766,Joel Ndala,2006-05-31,462,,,21,
56,25648,30467944,Charlie McNeill,2003-09-09,462,,,17,
56,25648,9939185,Olaf Kobacki,2001-07-10,2,,,19,
56,25648,37606891,Jaden Heskey,2005-12-17,462,,,24,
56,25648,37675272,Devlan Moses,,462,,,40,
56,25648,2225,Jorge Cuesta,1994-12-12,462,,,14,
56,25648,6377,Jerry Yates,1996-11-10,462,,,12,
56,25648,191210,Svante Ingelsson,1998-06-14,47,,,8,
56,25648,37554913,Pierce Charles,2005-07-21,462,,,1,
56,25648,37354790,Tayo Adaramola,2003-11-14,455,,,45,
64,25648,37588990,George Evans,2005-05-16,462,,,41,
64,25648,38004573,Rafiq Lamptey,2006-08-24,,,,30,
64,25648,37599261,Daniel Kelly,2005-10-03,1161,,,16,
64,25648,23739135,Luke Cundle,2002-04-26,462,,,25,
64,25648,5173,Ryan Leonard,1992-05-24,462,,,18,
64,25648,37675744,Jack Howland,2006-02-16,462,,,47,
64,25648,37610433,Zak Lovelace,2006-01-23,462,,,29,
64,25648,37612624,Ajay Matthews,2006-06-11,462,,,28,
64,25648,16136250,Lukas Jensen ,1999-03-18,320,,,1,
64,25648,37402363,Benicio Baker,2004-01-09,462,,,26,
64,25648,11695,Max Crocombe,1993-08-12,2817,,,15,
64,25648,173059,Kevin Nisbet,1997-03-08,1161,,,7,
64,25648,3342,Joel Coleman,1995-09-26,462,,,43,
64,25648,20506,Wes Harding,1996-10-20,1640,,,45,
64,25648,581052,Will Smallbone ,2000-02-21,455,,,39,
64,25648,37391580,Kamarl Grant,2003-01-26,462,,,27,
64,25648,37653423,Adam Mayor,2005-04-10,462,,,12,
64,25648,2538509,Danny McNamara ,1998-12-27,462,,,2,
64,25648,37437784,Aidomo Emakhu,2003-10-26,455,,,22,
64,25648,2475,Massimo Luongo,1992-09-25,98,,,21,
64,25648,34492317,Billy Mitchell,2001-04-07,462,,,8,
64,25648,21762789,Alfie Doughty,1999-12-21,462,,,14,
64,25648,455687,Steven Benda,1998-10-01,11,,,13,
64,25648,37911352,Ra'ees Bangura-Williams,2004-07-02,5724,,,31,
64,25648,540290,Japhet Tanganga,1999-03-31,462,,,6,
64,25648,37579793,Derek Mazou-Sacko,2004-10-06,17,,,49,
64,25648,37634711,Mihailo Ivanović,2004-11-29,296,,,9,
64,25648,37308208,Tristan Crama,2001-11-08,17,,,4,
64,25648,33991728,Caleb Taylor,2003-01-14,462,,,6,
64,25648,26715260,Femi Azeez,2001-06-05,462,,,11,
64,25648,23697429,Thierno Ballo,2002-01-02,143,,,7,
64,25648,28932254,Josh Coburn,2002-12-06,462,,,19,
64,25648,2510255,Macaulay Langstaff,1997-02-03,462,,,17,
64,25648,37583548,Tommy Watson,2006-04-08,462,,,22,
64,25648,62683,Casper De Norre,1997-02-07,556,,,24,
64,25648,3160,Joe Bryan,1993-09-17,462,,,23,
64,25648,4969692,Anthony Patterson,2000-05-10,462,,,13,
64,25648,37546792,Camiel Neghli,2001-11-06,614,,,10,
64,25648,340,Barry Bannan,1989-12-01,1161,,,67,
64,25648,5971,Jake Cooper,1995-02-03,462,,,5,
64,25648,37350709,Zak Sturge,2004-06-15,462,,,3,
65,25648,37600108,Elias Jelert,2003-06-12,320,,,38,
65,25648,2951,Adam Armstrong,1997-02-10,462,,,9,
65,25648,37649376,Nicholas Oyekunle,2007-01-09,462,,,49,
65,25648,7835,Ben Brereton Díaz,1999-04-18,80,,,22,
65,25648,37561126,Tyler Dibling,2006-02-17,462,,,33,
65,25648,28913058,Tom Fellows,2003-07-25,462,,,18,
65,25648,2712,Ryan Fraser,1994-02-24,1161,,,26,
65,25648,23278675,Taylor Harwood-Bellis,2002-01-30,462,,,6,
65,25648,262216,Cyle Larin,1995-04-17,1004,,,9,
65,25648,175530,Ross Stewart,1996-07-11,1161,,,11,
65,25648,6513,James Bree,1997-12-11,462,,,14,
65,25648,37540851,Léo Scienza,1998-09-13,5,,,13,
65,25648,3188067,Nathan Wood,2002-05-31,462,,,15,
65,25648,37616360,Kuryu Matsuki,2003-04-30,479,,,27,
65,25648,7640,Ryan Manning ,1996-06-14,455,,,3,
65,25648,1494388,Finn Azaz ,2000-09-07,462,,,10,
65,25648,37539823,Caspar Jander,2003-03-23,11,,,20,
65,25648,37442672,Shea Charles,2003-11-05,462,,,24,
65,25648,37451258,Welington,2001-02-19,5,,,34,
65,25648,37316841,Samuel Edozie,2003-01-28,462,,,23,
65,25648,37350031,Ronnie Edwards,2003-03-28,462,,,12,
65,25648,9826,Joe Aribo,1996-07-21,716,,,7,
65,25648,37617684,Jay Robinson,2007-03-15,462,,,46,
65,25648,37668614,Joachim Kayi Sanda,2006-11-29,17,,,39,
65,25648,37592316,Damion Downs,2004-07-06,11,,,42,
65,25648,37682557,Barnaby Williams,2006-11-12,462,,,53,
65,25648,1505,Oriol Romeu,1991-09-24,32,,,28,
65,25648,3466,Jamie Jones,1989-02-18,462,,,32,
65,25648,37588370,Joshua Quarshie,2004-07-26,11,,,17,
65,25648,37561127,Cameron Bragg,2004-10-28,462,,,48,
65,25648,3300,Charlie Taylor,1993-09-18,462,,,21,
65,25648,1131,Alex McCarthy,1989-12-03,462,,,1,
65,25648,5666480,Yukinari Sugawara,2000-06-28,479,,,16,
65,25648,16845996,Gavin Bazunu ,2002-02-20,455,,,31,
65,25648,456067,Mads Roerslev ,1999-06-24,320,,,2,
65,25648,37593153,Mateus Fernandes,2004-07-10,20,,,18,
65,25648,3507,George Long,1993-11-05,462,,,25,
65,25648,518749,Flynn Downes,1999-01-20,462,,,4,
65,25648,1525219,Daniel Peretz,2000-07-10,802,,,41,
65,25648,1393,Jack Stephens ,1994-01-27,462,,,5,
65,25648,28912777,Cameron Archer,2001-12-09,462,,,19,
99,25648,1101,Toni Astorgano,1992-01-14,455,,,11,
99,25648,37733208,Ed Nolan,,,,,36,
99,25648,37680389,Harrison Armstrong,2007-01-19,462,,,5,
99,25648,37676367,Theo Carroll ,2007-06-21,462,,,20,
99,25648,37609443,Kacper Pasiek,2005-10-08,2,,,,
99,25648,38202108,George Gryba,,462,,,30,
99,25648,37552838,Noah Mawene,2005-02-01,462,,,35,
99,25648,37679633,Max Wilson,2007-01-30,462,,,38,
99,25648,84615,Jeppe Okkels,1999-07-27,320,,,23,
99,25648,37606984,Milos Lukovic,2005-11-18,296,,,22,
99,25648,4323,Will Keane,1993-01-11,462,,,7,
99,25648,119637,Stefán Teitur Thórdarson ,1998-10-16,1796,,,22,
99,25648,174158,Jordan Thompson,1997-01-03,491,,,15,
99,25648,37604621,James Pradic,2005-02-07,515,,,,
99,25648,1494666,Jamal Piaras Lewis,1998-01-25,491,,,18,
99,25648,518751,Callum Lang,1998-09-08,462,,,10,
99,25648,4224,David Cornell,1991-03-28,515,,,13,
99,25648,2770,Michael Smith,1991-10-17,462,,,24,
99,25648,378921,Ali McCann,1999-12-04,1161,,,8,
99,25648,19979663,Mads Frøkjaer-Jensen,1999-07-29,320,,,10,
99,25648,9428,Jack Walton,1998-04-23,462,,,12,
99,25648,8420,Brad Potts,1994-07-03,462,,,44,
99,25648,37287498,Andrew Moran,2003-10-15,455,,,23,
99,25648,37436347,Thierry Small,2004-08-01,462,,,26,
99,25648,12543,Jordan Storey,1997-09-02,462,,,14,
99,25648,2823410,Lewis Gibson,2000-07-19,462,,,19,
99,25648,37391514,Alfie Devine,2004-08-01,462,,,21,
99,25648,37259188,Odeluga Offiah,2002-10-26,462,,,42,
99,25648,37675754,Kaedyn Kamara,2005-11-29,462,,,,
99,25648,5283704,Milutin Osmajic,1999-07-25,998,,,28,
99,25648,37391641,Daniel Jebbison,2003-08-13,1004,,,9,
99,25648,9522,Andrew Hughes,1992-06-05,515,,,16,
99,25648,28912855,Lewis Dobbin,2003-01-03,462,,,17,
99,25648,147556,Andrija Vukcevic,1996-10-11,998,,,3,
99,25648,3181434,Pol Valentín,1997-02-21,32,,,2,
99,25648,9686,Ben Whiteman,1996-06-17,462,,,4,
99,25648,581238,Daniel Iversen,1997-07-19,320,,,1,
99,25648,173032,Liam Lindsay,1995-10-12,1161,,,6,
99,25648,37609440,Kitt Nelson,2005-01-12,462,,,34,
116,25648,165,Ashley Young,1985-07-09,462,,,15,
116,25648,37581753,Somto Boniface,2006-03-11,462,,,48,
116,25648,6067,Wes Burns,1994-11-23,515,,,7,
116,25648,20216,Cédric Kipré,1996-12-09,23,,,4,
116,25648,37550477,Cameron Humphreys,2003-10-30,462,,,30,
116,25648,194768,Jens Cajuste,1999-08-10,47,,,12,
116,25648,2816063,Luke Woolfenden,1998-10-21,462,,,6,
116,25648,8740,Sammie Szmodics,1995-09-24,462,,,23,
116,25648,4633,Alex Palmer,1996-08-10,462,,,1,
116,25648,37708756,Leon Ayinde,2004-09-05,462,,,36,
116,25648,37540691,Elkan Baggott,2002-10-23,88407,,,25,
116,25648,5801,Conor Townsend,1993-03-04,462,,,22,
116,25648,37601923,Sindre Walle Egeli,2006-06-21,1578,,,8,
116,25648,2823,David Button,1989-02-27,462,,,27,
116,25648,25567988,Leif Davis,1999-12-31,462,,,3,
116,25648,37332149,Iván Azón,2002-12-24,32,,,31,
116,25648,581062,Nathan Broadhead,1998-04-05,515,,,33,
116,25648,12216,Conor Chaplin,1997-02-16,462,,,10,
116,25648,37567009,Finley Barbrook,2004-12-04,462,,,35,
116,25648,28575866,Ali Al-Hamadi,2002-03-01,107,,,16,
116,25648,581094,Dara O'Shea ,1999-03-04,455,,,26,
116,25648,122090,Chiedozie Ogbene,1997-05-01,455,,,21,
116,25648,37255841,Jacob Greaves,2000-09-12,462,,,24,
116,25648,28575743,Kasey McAteer ,2001-11-22,462,,,20,
116,25648,581199,Ben Johnson,2000-01-24,462,,,18,
116,25648,7577,George Hirst,1999-02-15,1161,,,9,
116,25648,37405012,Marcelino Núñez,2000-03-01,80,,,32,
116,25648,2965,Christian Walton,1995-11-09,462,,,28,
116,25648,10310765,Jack Clarke,2000-11-23,462,,,47,
116,25648,23680764,Dan Neil,2001-12-13,462,,,6,
116,25648,13042,Jack Taylor,1998-06-23,455,,,14,
116,25648,33186827,Jaden Philogene,2002-02-08,462,,,11,
116,25648,28575734,Anis Mehmeti,2001-01-09,2454,,,33,
116,25648,1913,Chuba Akpom,1995-10-09,462,,,29,
116,25648,29495,Azor Matusiwa,1998-04-28,38,,,5,
116,25648,4507,Darnell Furlong,1995-10-31,462,,,19,
116,25648,28912734,Cieran Slicker,2002-09-15,1161,,,,
117,25648,3261,Ben Wilson,1992-08-09,462,,,13,
117,25648,28912779,Kaine Kesler-Hayden,2002-10-23,462,,,20,
117,25648,37547195,Miguel Ángel Brau ,2001-12-27,32,,,33,
117,25648,2816063,Luke Woolfenden,1998-10-21,462,,,26,
117,25648,37609172,Kai Andrews,2006-08-06,515,,,54,
117,25648,37700504,Minhyeok Yang,2006-04-16,712,,,18,
117,25648,37609163,Callum Perry,2005-10-05,462,,,41,
117,25648,37547545,Justin Obikwu ,2004-05-06,462,,,36,
117,25648,37518832,Bobby Thomas,2001-01-30,462,,,4,
117,25648,37622067,Oscar Varney,2006-10-01,462,,,51,
117,25648,37736735,George Shepherd,2008-12-09,,,,50,
117,25648,32819174,Oliver Dovin ,2002-07-11,47,,,1,
117,25648,340204,Ben Sheaf,1998-02-05,462,,,14,
117,25648,9543,Brandon Thomas-Asante,1998-12-29,468,,,23,
117,25648,8840,Jamie Allen,1995-01-29,462,,,8,
117,25648,37316916,Raphael Borges Rodrigues,2003-09-11,98,,,17,
117,25648,23223363,Josh Eccles,2000-04-06,462,,,28,
117,25648,37593264,Jahnoah Markelo,2003-01-04,38,,,24,
117,25648,538042,Joel Latibeaudiere,2000-01-06,1640,,,22,
117,25648,17177173,Milan van Ewijk,2000-09-08,38,,,27,
117,25648,32404898,Jack Rudoni,2001-06-14,462,,,5,
117,25648,2813,Jake Bidwell,1993-03-21,462,,,21,
117,25648,10496,Jay Dasilva,1998-04-22,462,,,3,
117,25648,37610432,Romain Esse,2005-05-13,462,,,14,
117,25648,263186,Haji Wright,1998-03-27,3483,,,11,
117,25648,15076357,Ellis Simms,2001-01-05,462,,,9,
117,25648,537721,Victor Torp,1999-07-30,320,,,29,
117,25648,537116,Brad Collins,1997-02-18,462,,,,
117,25648,4441,Matt Grimes ,1995-07-15,462,,,6,
117,25648,10310763,Liam Kitching,1999-09-25,462,,,15,
117,25648,13425,Ephron Mason-Clark,1999-08-25,462,,,10,
117,25648,28912807,Carl Rushworth,2001-07-02,462,,,19,
117,25648,30979492,Tatsuhiro Sakamoto,1996-10-22,479,,,7,
117,25648,537108,Frank Onyeka,1998-01-01,716,,,16,
122,25648,5433,Joe Williams,1996-12-08,462,,,8,
122,25648,28575734,Anis Mehmeti,2001-01-09,2454,,,11,
122,25648,7250,Zak Vyner,1997-05-14,462,,,14,
122,25648,37609158,Jamie Knight-Lebel,2004-12-24,1004,,,22,
122,25648,38206463,Louie Derrick,2008-04-14,462,,,35,
122,25648,37767844,Leo Pecover,2008-04-09,,,,29,
122,25648,37600173,Josh Stokes,2004-04-29,462,,,26,
122,25648,37910137,Daniel Ezendu,2009-01-07,,,,42,
122,25648,37909206,Marley Thelwell,2007-12-02,,,,46,
122,25648,37734240,Luke Skinner,2007-11-16,,,,43,
122,25648,21802858,Haydon Roberts,2002-05-10,462,,,24,
122,25648,37675293,Jed Meerholz,2006-04-08,462,,,34,
122,25648,37544186,Fally Mayulu,2002-07-15,17,,,9,
122,25648,37652288,Seb Naylor,2005-09-10,462,,,24,
122,25648,28912735,Lewis Thomas,2002-02-08,462,,,32,
122,25648,5785,Harry Cornick,1995-04-09,462,,,27,
122,25648,3177,Max O'Leary,1996-10-10,462,,,1,
122,25648,37609164,Olly Thomas,2005-07-28,462,,,36,
122,25648,37675298,Ephraim Yeboah,2006-07-21,251,,,25,
122,25648,30883147,Luke McNally ,1999-09-20,455,,,15,
122,25648,6241,Joe Lumley,1995-02-15,462,,,13,
122,25648,37575257,Adam Murphy,2005-04-08,455,,,28,
122,25648,37672387,Elijah Morrison,2006-03-18,462,,,31,
122,25648,37674264,Josh Campbell-Slowey,2005-11-11,462,,,33,
122,25648,37608862,Yu Hirakawa,2001-01-03,479,,,7,
122,25648,8085,Rob Dickie,1996-03-03,462,,,16,
122,25648,3502650,Rob Atkinson,1998-07-13,462,,,5,
122,25648,1494237,George Tanner,1999-11-16,462,,,19,
122,25648,581034,Lewis Thomas,1997-09-20,515,,,32,
122,25648,37578194,Ranel Young,2005-12-26,462,,,48,
122,25648,37391534,Sam Bell,2002-05-23,462,,,20,
122,25648,174995,Ross McCrorie,1998-03-18,1161,,,2,
122,25648,37546780,George Earthy,2004-09-05,462,,,44,
122,25648,581156,Emil Riis,1998-06-24,320,,,18,
122,25648,9674,Scott Twine,1999-07-14,462,,,10,
122,25648,31625938,Radek Vitek,2003-10-24,245,,,23,
122,25648,4592196,Jason Knight ,2001-02-13,455,,,12,
122,25648,25591532,Adam Randell,2000-10-01,462,,,4,
122,25648,3189,Sam Morsy,1991-09-10,886,,,40,
122,25648,4545347,Tomi Horvat,1999-03-24,1638,,,14,
122,25648,37354878,Sinclair Armstrong,2003-06-22,455,,,30,
122,25648,23715943,Noah Eile,2002-07-19,47,,,38,
122,25648,6608242,Cameron Pring ,1998-01-22,462,,,3,
122,25648,1494372,Max Bird ,2000-09-18,462,,,6,
122,25648,9279559,Delano Burgzorg,1998-11-07,38,,,11,
122,25648,149231,Mark Sykes,1997-08-04,491,,,17,
122,25648,533182,Neto Borges,1996-09-13,5,,,21,
283,25648,4107,Elliot Lee,1994-12-16,462,,,38,
283,25648,37724049,Harry Ashfield,2006-03-23,462,,,45,
283,25648,5681,Kieffer Moore,1992-08-08,515,,,19,
283,25648,3502645,Ryan Longman,2000-11-06,462,,,47,
283,25648,340204,Ben Sheaf,1998-02-05,462,,,18,
283,25648,2237,Matty James,1991-07-22,462,,,37,
283,25648,10450,Ryan Barnett,1999-09-23,462,,,29,
283,25648,27066699,Jacob Mendy,1996-12-27,2507,,,17,
283,25648,37306825,Max Cleworth,2002-08-09,515,,,4,
283,25648,581062,Nathan Broadhead,1998-04-05,515,,,33,
283,25648,21428649,Arthur Okonkwo,2001-09-09,462,,,1,
283,25648,378812,Davis Keillor-Dunn,1997-11-02,462,,,7,
283,25648,37562822,Bailey Cadamarteri,2005-05-09,462,,,11,
283,25648,822,James McClean,1989-04-22,455,,,7,
283,25648,9658,Eoghan O'Connell,1995-08-13,455,,,5,
283,25648,4207,George Evans,1994-12-13,462,,,12,
283,25648,3043,Conor Coady,1993-02-25,462,,,6,
283,25648,9368,Callum Burton,1996-08-15,462,,,25,
283,25648,581046,Thomas O'Connor,1999-04-21,455,,,22,
283,25648,37695532,Reuben  Egan,2005-07-27,455,,,31,
283,25648,37644128,Aaron James,2005-06-30,462,,,34,
283,25648,37724058,Callum Edwards,2006-06-22,462,,,42,
283,25648,324712,Liberato Cacace,2000-09-27,2817,,,13,
283,25648,174157,Ryan Hardie,1997-03-17,1161,,,9,
283,25648,1152,Jay Rodríguez,1989-07-29,462,,,16,
283,25648,11705405,Lewis Brunt,2000-11-06,462,,,3,
283,25648,4611,George Dobson,1997-11-15,462,,,15,
283,25648,22201,Dan Scarr,1994-12-24,462,,,24,
283,25648,37537875,Callum Doyle,2003-10-03,462,,,2,
283,25648,7250,Zak Vyner,1997-05-14,462,,,26,
283,25648,30446925,Issa Kaboré,2001-05-12,607,,,12,
283,25648,9798,Oliver Rathbone,1996-10-10,462,,,20,
283,25648,3282,Danny Ward,1993-06-22,515,,,21,
283,25648,13489,Dominic Hyam,1995-12-20,1161,,,5,
283,25648,11799,Josh Windass,1994-01-09,462,,,10,
283,25648,37395420,George Thomason,2001-01-12,462,,,14,
283,25648,332126,Sam Smith,1998-03-08,462,,,28,
283,25648,10310312,Lewis O'Brien,1998-10-14,462,,,27,
297,25648,37537755,Luke Harris,2005-03-04,515,,,12,
297,25648,16838270,Filip Krastev,2001-10-15,224,,,50,
297,25648,37908379,Mo Missanga,2008-05-21,,,,47,
297,25648,37689358,Christ Makosso,2004-05-09,17,,,37,
297,25648,33587428,Brian De Keersmaecker,2000-05-06,556,,,14,
297,25648,37437784,Aidomo Emakhu,2003-10-26,455,,,10,
297,25648,13633383,Louie Sibley,2001-09-13,462,,,18,
297,25648,37562884,Joshua Johnson,2004-09-26,462,,,36,
297,25648,6285,Ben Davies,1995-08-11,462,,,29,
297,25648,37536788,Jacob Knightbridge,2004-01-25,462,,,31,
297,25648,5709,Simon Eastwood,1989-06-26,462,,,13,
297,25648,1525103,Siriki Dembélé,1996-09-07,1161,,,23,
297,25648,10630683,Ole Romeny,2000-06-20,38,,,11,
297,25648,37552452,Jack Currie,2001-12-16,462,,,26,
297,25648,25647,Hidde ter Avest ,1997-05-20,38,,,24,
297,25648,37293787,Tyler Goodrham,2003-08-07,462,,,19,
297,25648,37550346,Gatlin O'Donkor,2004-10-14,462,,,39,
297,25648,8903,Greg Leigh,1994-09-30,1640,,,22,
297,25648,540010,Elliott Moore,1997-03-16,462,,,5,
297,25648,3398,Tom Bradshaw,1992-07-27,515,,,20,
297,25648,795,Matt Phillips,1991-03-13,1161,,,10,
297,25648,45565,Przemyslaw Placheta,1998-03-23,2,,,7,
297,25648,4405,Cameron Brannagan ,1996-05-09,462,,,8,
297,25648,37709434,Yunus Konak,2006-01-10,404,,,5,
297,25648,6559,Will Vaulks ,1993-09-13,515,,,4,
297,25648,581215,Jamie Cumming,1999-09-04,462,,,1,
297,25648,37565524,Will Lankshear,2005-04-20,462,,,27,
297,25648,173081,Stuart Findlay,1995-09-14,1161,,,,
297,25648,37601753,James Golding,2004-08-10,462,,,,
297,25648,22536,Ciaron Brown,1998-01-14,462,,,3,
297,25648,9504,Sam Long,1995-01-16,462,,,2,
297,25648,155234,Michal Helik,1995-09-09,2,,,6,
297,25648,37436364,Brodie Spencer,2004-05-06,491,,,15,
297,25648,8057,Mark Harris,1998-12-29,515,,,9,
297,25648,37255821,Ruben Roosken,2000-03-02,38,,,12,
297,25648,24081691,Nik Prelec,2001-06-10,1638,,,16,
297,25648,37397191,Will Goodwin,2002-05-07,462,,,,
297,25648,37536533,Stanley Mills,2003-10-25,462,,,17,
297,25648,6582,Matt Ingram,1993-12-18,462,,,21,
297,25648,11322970,Jin-woo Jeon,1999-09-09,712,,,32,
297,25648,37548602,Jamie Donley,2005-01-03,491,,,33,
297,25648,37344239,Jamie McDonnell,2004-02-16,491,,,38,
297,25648,31238191,Myles Peart-Harris,2002-09-18,462,,,44,
297,25648,20716535,Peter Kioso,1999-08-15,1320,,,,
297,25648,13965,Owen Dale,1998-11-01,462,,,,
297,25648,37566951,Stephan Negru,2002-07-24,455,,,,
1,25583,516291,Nayef Aguerd,1996-03-30,1424,,,5,
1,25583,220052,Lucas Paquetá,1997-08-27,5,,,10,
1,25583,37546780,George Earthy,2004-09-05,462,,,40,
1,25583,733,Lukasz Fabianski ,1985-04-18,2,,,22,
1,25583,37732924,Airidas Golambeckis ,2007-11-04,,,,58,
1,25583,498161,Maximilian Kilman,1997-05-23,462,,,3,
1,25583,37594981,Finlay Herrick,2006-01-18,462,,,49,
1,25583,37593153,Mateus Fernandes,2004-07-10,20,,,18,
1,25583,37554917,Pablo,2004-01-02,20,,,19,
1,25583,37679255,Luís Guilherme,2006-02-09,5,,,17,
1,25583,31532,Niclas Füllkrug,1993-02-09,11,,,11,
1,25583,1065,Callum Wilson,1992-02-27,462,,,9,
1,25583,254052,Edson Álvarez ,1997-10-24,458,,,4,
1,25583,378629,Andrew Irving,2000-05-13,1161,,,39,
1,25583,37602888,Callum Marshall,2004-11-28,491,,,50,
1,25583,1155,James Ward-Prowse,1994-11-01,462,,,8,
1,25583,37581714,Oliver Scarles,2005-12-12,462,,,30,
1,25583,109417,Konstantinos Mavropanos,1997-12-11,125,,,15,
1,25583,254081,Guido Rodríguez,1994-04-12,44,,,24,
1,25583,37259213,Freddie Potts,2003-09-12,462,,,32,
1,25583,54191,Igor Julio,1998-02-07,5,,,5,
1,25583,37675130,Mohamadou Kanté,2005-09-20,17,,,55,
1,25583,37685630,El Hadji Malick Diouf,2004-12-28,200,,,12,
1,25583,23730717,Mads Hermansen,2000-07-11,320,,,1,
1,25583,1592,Jarrod Bowen ,1996-12-20,462,,,20,
1,25583,9939203,Crysencio Summerville,2001-10-30,38,,,7,
1,25583,37672209,Ezra Mayers,2007-01-16,462,,,63,
1,25583,4241,Adama Traoré,1996-01-25,32,,,17,
1,25583,37585962,Soungoutou Magassa,2003-10-08,17,,,27,
1,25583,95393,Alphonse Areola,1993-02-27,17,,,23,
1,25583,100385,Axel Disasi,1998-03-11,17,,,4,
1,25583,529856,Jean-Clair Todibo,1999-12-30,17,,,25,
1,25583,80655,Tomáš Souček ,1995-02-27,245,,,28,
1,25583,4659,Kyle Walker-Peters,1997-04-13,462,,,2,
1,25583,5252,Aaron Wan-Bissaka,1997-11-26,1320,,,29,
1,25583,524055,Taty Castellanos,1998-10-03,44,,,11,
1,25583,37625510,Keiber Lamadrid,2003-11-18,275,,,21,
3,25583,37546753,Jenson Seelt,2003-05-23,38,,,23,
3,25583,37625186,Jaydon Jones,2006-11-03,462,,,52,
3,25583,37673230,Timur Tuterov,2005-06-11,86,,,57,
3,25583,37625184,Jack Whittaker,2006-10-14,462,,,53,
3,25583,37651677,Jenson Jones,2006-06-26,462,,,51,
3,25583,12433171,Dan Ballard,1999-09-22,491,,,5,
3,25583,7330507,Brian Brobbey,2002-02-01,38,,,9,
3,25583,37342615,Abdoullah Ba,2003-07-31,17,,,46,
3,25583,37259208,Romaine Mundle,2003-04-24,462,,,14,
3,25583,7026744,Enzo Le Fée,2000-02-03,17,,,28,
3,25583,4277,Patrick Roberts,1997-02-05,462,,,10,
3,25583,1941,Arthur Masuaku,1993-11-07,1320,,,26,
3,25583,1887,Granit Xhaka ,1992-09-27,62,,,34,
3,25583,37630179,Noah Sadiki,2004-12-17,1320,,,27,
3,25583,37664041,Marc Guiu,2006-01-04,32,,,9,
3,25583,163108,Reinildo Mandava,1994-01-21,6783,,,17,
3,25583,37598297,Chris Rigg,2007-06-18,462,,,11,
3,25583,37325016,Melker Ellborg,2003-05-22,47,,,31,
3,25583,37336214,Leo Hjelde,2003-08-26,1578,,,33,
3,25583,23680764,Dan Neil,2001-12-13,462,,,4,
3,25583,4969692,Anthony Patterson,2000-05-10,462,,,1,
3,25583,37589618,Harrison Jones,2004-12-25,462,,,50,
3,25583,37660283,Ahmed Abdullahi,2004-06-19,716,,,29,
3,25583,24816771,Trai Hume,2002-03-18,491,,,32,
3,25583,37705825,Milan Aleksic,2005-08-30,296,,,30,
3,25583,37610895,Eliezer Mayenda,2005-05-08,32,,,12,
3,25583,5999,Luke O'Nien,1994-11-21,462,,,13,
3,25583,4598752,Lutsharel Geertruida,2000-07-18,38,,,6,
3,25583,5666460,Wilson Isidor,2000-08-27,2177,,,18,
3,25583,258137,Omar Alderete,1996-12-26,1190,,,15,
3,25583,4254,Bertrand Traoré,1995-09-06,607,,,25,
3,25583,2891,Simon Moore,1990-05-19,462,,,21,
3,25583,97669,Nordi Mukiele,1997-11-01,17,,,20,
3,25583,37567350,Nilson Angulo,2003-06-19,459,,,10,
3,25583,37581992,Habib Diarra,2004-01-03,200,,,19,
3,25583,37590634,Chemsdine Talbi,2005-05-09,1424,,,7,
3,25583,23697537,Dennis Cirkin,2002-04-06,462,,,3,
3,25583,37555816,Simon Adingra,2002-01-01,23,,,24,
3,25583,37781519,Jocelin Ta Bi,2005-02-09,23,,,37,
3,25583,37397144,Robin Roefs,2003-01-17,38,,,22,
6,25583,37651089,Callum Olusesi,2007-03-11,462,,,52,
6,25583,37597409,Kota Takai,2004-09-04,479,,,25,
6,25583,37696485,James Wilson,2007-03-06,1161,,,79,
6,25583,37582649,Ashley Phillips,2005-06-26,462,,,,
6,25583,160072,João Palhinha,1995-07-09,20,,,6,
6,25583,37259210,Dane Scarlett,2004-03-24,462,,,44,
6,25583,133779,Guglielmo Vicario,1996-10-07,251,,,1,
6,25583,14338024,Dejan Kulusevski,2000-04-25,47,,,21,
6,25583,37624645,James Rowswell,2006-07-13,462,,,76,
6,25583,37651091,Yusuf Akhamrich,2005-09-05,462,,,70,
6,25583,37728388,Luca Williams-Barnett,2008-10-01,462,,,68,
6,25583,37566469,Rio Kyerematen,2005-06-09,462,,,57,
6,25583,37728385,Jun'ai Byfield,2008-12-06,462,,,67,
6,25583,37531504,Mathys Tel,2005-04-27,17,,,11,
6,25583,8456257,Pedro Porro,1999-09-13,32,,,23,
6,25583,37342694,Pape Matar Sarr,2002-09-14,200,,,29,
6,25583,37430162,Antonín Kinský,2003-03-13,245,,,31,
6,25583,1494245,Conor Gallagher,2000-02-06,462,,,22,
6,25583,7026573,Djed Spence,2000-08-09,462,,,24,
6,25583,125482,Manor Solomon,1999-07-24,802,,,27,
6,25583,23715982,Radu Drăgușin,2002-02-03,155,,,3,
6,25583,25930790,Brennan Johnson,2001-05-23,515,,,22,
6,25583,37657587,Luka Vuskovic,2007-02-24,266,,,16,
6,25583,37593240,Wilson Odobert ,2004-11-28,17,,,28,
6,25583,37296248,Micky van de Ven ,2001-04-19,38,,,37,
6,25583,219633,Richarlison,1997-05-10,5,,,9,
6,25583,32777506,Destiny Udogie,2002-11-28,251,,,13,
6,25583,37317392,Xavi Simons ,2003-04-21,38,,,7,
6,25583,4203,Dominic Solanke,1997-09-14,462,,,19,
6,25583,96870,Yves Bissouma ,1996-08-30,26,,,8,
6,25583,989,Ben Davies,1993-04-24,515,,,33,
6,25583,540476,Brandon Austin,1999-01-08,462,,,40,
6,25583,5640849,Mohammed Kudus,2000-08-02,468,,,20,
6,25583,333731,Cristian Romero ,1998-04-27,44,,,17,
6,25583,432872,Randal Kolo Muani,1998-12-05,17,,,39,
6,25583,333797,Rodrigo Bentancur,1997-06-25,158,,,30,
6,25583,37581741,Archie Gray,2006-03-12,462,,,14,
6,25583,37607151,Lucas Bergvall,2006-02-02,47,,,15,
6,25583,6838,James Maddison,1996-11-23,462,,,10,
6,25583,33079,Kevin Danso,1998-09-19,143,,,4,
6,25583,37689556,Souza,2006-06-16,5,,,38,
8,25583,37581734,Wellity Lucky,2006-01-12,462,,,92,
8,25583,37260590,Calvin Ramsay,2003-07-31,1161,,,47,
8,25583,37600791,Ármin Pécsi,2005-02-24,674,,,41,
8,25583,37543607,James McConnell,2004-09-13,462,,,53,
8,25583,14685650,Giorgi Mamardashvili,2000-09-29,119,,,25,
8,25583,37721333,Rio Ngumoha,2008-08-29,462,,,73,
8,25583,37789432,Will Wright,2008-04-03,,,,79,
8,25583,37661364,Kieran Morrison,2006-11-09,462,,,68,
8,25583,38200514,Mor Talla Ndiaye,2008-01-06,200,,,75,
8,25583,34053,Alexander Isak,1999-09-21,47,,,9,
8,25583,23269836,Harvey Elliott,2003-04-04,462,,,19,
8,25583,37682555,Amara Nallo,2006-11-18,462,,,65,
8,25583,1453,Joe Gomez ,1997-05-23,462,,,2,
8,25583,37381778,Milos Kerkez,2003-11-07,674,,,6,
8,25583,37429246,Florian Wirtz,2003-05-03,11,,,7,
8,25583,5270462,Ryan Gravenberch,2002-05-16,38,,,38,
8,25583,37316835,Conor Bradley ,2003-07-09,491,,,12,
8,25583,309344,Wataru Endo,1993-02-09,479,,,3,
8,25583,37565677,Stefan Bajcetic ,2004-10-22,32,,,43,
8,25583,1078,Andrew Robertson,1994-03-11,1161,,,26,
8,25583,37316834,Harvey Davies,2003-09-03,462,,,95,
8,25583,216612,Alexis Mac Allister,1998-12-24,44,,,10,
8,25583,4545525,Rhys Williams,2001-02-03,462,,,46,
8,25583,4545513,Curtis Jones,2001-01-30,462,,,17,
8,25583,129836,Federico Chiesa,1997-10-25,251,,,14,
8,25583,1743,Virgil van Dijk ,1991-07-08,38,,,4,
8,25583,37669492,Trey Nyoni,2007-06-30,462,,,42,
8,25583,37288979,Hugo Ekitiké ,2002-06-20,17,,,22,
8,25583,8403182,Jeremie Frimpong,2000-12-10,38,,,30,
8,25583,37685025,Giovanni Leoni ,2006-12-21,251,,,15,
8,25583,785998,Dominik Szoboszlai,2000-10-25,674,,,8,
8,25583,129820,Alisson,1992-10-02,5,,,1,
8,25583,100556,Ibrahima Konaté,1999-05-25,17,,,5,
8,25583,4357,Freddie Woodman,1997-03-04,462,,,28,
8,25583,30062,Cody Gakpo,1999-05-07,38,,,18,
8,25583,4125,Mohamed Salah,1992-06-15,886,,,11,
9,25583,37651092,Divine Mukasa,2007-08-22,462,,,63,
9,25583,37652995,Stephen Mfuni,2008-02-12,462,,,91,
9,25583,37652289,Charlie Gray,2006-02-22,462,,,59,
9,25583,37656448,Reigan Heskey,2008-01-19,462,,,92,
9,25583,3354,Kalvin Phillips ,1995-12-02,462,,,44,
9,25583,154421,Erling Haaland,2000-07-21,1578,,,9,
9,25583,37623459,Abdukodir Khusanov,2004-02-29,2426,,,45,
9,25583,23697990,Jérémy Doku ,2002-05-27,556,,,11,
9,25583,129771,Gianluigi Donnarumma,1999-02-25,251,,,25,
9,25583,96353,Bernardo Silva,1994-08-10,20,,,20,
9,25583,37286732,Oscar Bobb,2003-07-12,1578,,,52,
9,25583,198062,Manuel Akanji,1995-07-19,62,,,25,
9,25583,37720620,Ryan McAidoo,2008-06-24,462,,,56,
9,25583,4536500,Marc Guéhi,2000-07-13,462,,,15,
9,25583,159142,Ederson,1993-08-17,5,,,31,
9,25583,4842,İlkay Gündoğan,1990-10-24,11,,,19,
9,25583,34594,Stefan Ortega,1992-11-06,11,,,18,
9,25583,1869,Nathan Aké,1995-02-18,38,,,6,
9,25583,37577660,Sverre Nypan,2006-12-19,1578,,,41,
9,25583,21781428,Matheus Nunes,1998-08-27,20,,,27,
9,25583,21072805,Rayan Cherki,2003-08-17,17,,,10,
9,25583,37548599,Max Alleyne,2005-07-21,462,,,68,
9,25583,3268,Marcus Bettinelli,1992-05-24,462,,,13,
9,25583,28575686,James Trafford,2002-10-10,462,,,1,
9,25583,3156873,Tijjani Reijnders,1998-07-29,38,,,4,
9,25583,23269737,Nico González,2002-01-03,32,,,14,
9,25583,162536,Rúben Dias,1997-05-14,20,,,3,
9,25583,73147,Mateo Kovacic,1994-05-06,266,,,8,
9,25583,37459073,Rico Lewis,2004-11-21,462,,,82,
9,25583,24838191,Josko Gvardiol,2002-01-23,266,,,24,
9,25583,982,John Stones,1994-05-28,462,,,5,
9,25583,37562487,Nico O'Reilly,2005-03-21,462,,,33,
9,25583,294000,Omar Marmoush,1999-02-07,886,,,7,
9,25583,13590962,Rayan Aït-Nouri,2001-06-06,614,,,21,
9,25583,186910,Rodri ,1996-06-22,32,,,16,
9,25583,336133,Phil Foden,2000-05-28,462,,,47,
9,25583,10990678,Antoine Semenyo,2000-01-07,468,,,42,
9,25583,37527169,Savinho,2004-04-10,5,,,26,
11,25583,37711705,Seth Ridgeon,2008-09-12,462,,,38,
11,25583,37654108,Sam Amissah,2007-03-07,462,,,35,
11,25583,37537755,Luke Harris,2005-03-04,515,,,,
11,25583,37430894,Kevin,2003-01-04,5,,,22,
11,25583,160217,Raúl Jiménez,1991-05-05,458,,,7,
11,25583,37442684,Alfie McNally,2004-12-22,462,,,40,
11,25583,37286732,Oscar Bobb,2003-07-12,1578,,,14,
11,25583,4241,Adama Traoré,1996-01-25,32,,,11,
11,25583,2285,Tom Cairney  ,1991-01-20,1161,,,10,
11,25583,1004,Andreas Pereira,1996-01-01,5,,,18,
11,25583,1409,Harrison Reed,1995-01-27,462,,,6,
11,25583,37714583,Jonah Kusi-Asare,2007-07-04,47,,,18,
11,25583,96799,Issa Diop,1997-01-09,1424,,,31,
11,25583,130248,Saša Lukić,1996-08-13,296,,,20,
11,25583,15434627,Samuel Chukwueze,1999-05-22,716,,,19,
11,25583,95093,Benjamin Lecomte,1991-04-26,17,,,23,
11,25583,6610,Ryan Sessegnon,2000-05-18,462,,,30,
11,25583,784373,Jorge Cuenca,1999-11-17,32,,,15,
11,25583,25284,Joachim Andersen,1996-05-31,320,,,5,
11,25583,25400,Kenny Tete,1995-10-09,6783,,,2,
11,25583,1881,Alex Iwobi,1996-05-03,716,,,17,
11,25583,62337,Timothy Castagne,1995-12-05,556,,,21,
11,25583,37656924,Josh King,2007-01-03,462,,,24,
11,25583,37402350,Rodrigo Muniz,2001-05-04,5,,,9,
11,25583,31342,Bernd Leno,1992-03-04,11,,,1,
11,25583,64193,Sander Berge,1998-02-14,1578,,,16,
11,25583,5403,Harry Wilson,1997-03-22,515,,,8,
11,25583,1494446,Emile Smith Rowe,2000-07-28,462,,,32,
11,25583,581067,Antonee Robinson,1997-08-08,3483,,,33,
11,25583,540027,Calvin Bassey,1999-12-31,716,,,3,
13,25583,37624650,Callum Bates,2005-09-28,462,,,92,
13,25583,37689514,Braiden Graham,2007-11-07,491,,,58,
13,25583,37650058,Adam Aznou,2006-06-02,1424,,,39,
13,25583,28575660,Harry Tyrer,2001-12-06,462,,,53,
13,25583,32796058,Tyler Onyango,2003-03-04,462,,,62,
13,25583,37260638,Nathan Patterson,2001-10-16,1161,,,2,
13,25583,4536524,James Garner,2001-03-13,462,,,37,
13,25583,881,Michael Keane,1993-01-11,462,,,5,
13,25583,37259199,Reece Welch,2003-09-19,462,,,64,
13,25583,37528754,Jake O'Brien,2001-05-15,455,,,15,
13,25583,1639,James Tarkowski,1992-11-19,462,,,6,
13,25583,537271,Vitaliy Mykolenko,1999-05-29,86,,,16,
13,25583,37436348,Elijah Campbell,2004-08-02,462,,,73,
13,25583,37587573,Youssef Chermiti,2004-05-24,20,,,17,
13,25583,37410255,Carlos Alcaraz,2002-11-30,44,,,24,
13,25583,32404895,Jarrad Branthwaite,2002-06-27,462,,,32,
13,25583,37592037,Tyrique George,2006-02-04,462,,,19,
13,25583,21773178,Beto,1998-01-31,20,,,9,
13,25583,22169319,Mark Travers,1999-05-18,455,,,12,
13,25583,37266009,Merlin Röhl,2002-07-05,11,,,34,
13,25583,37680389,Harrison Armstrong,2007-01-19,462,,,45,
13,25583,37590847,Thierno Barry,2002-10-21,17,,,11,
13,25583,1116,Jack Grealish,1995-09-10,462,,,18,
13,25583,1030,Idrissa Gueye,1989-09-26,200,,,27,
13,25583,540613,Kiernan Dewsbury-Hall,1998-09-06,462,,,22,
13,25583,1826,Jordan Pickford,1994-03-07,462,,,1,
13,25583,4598726,Dwight McNeil,1999-11-22,1640,,,7,
13,25583,37259239,Tim Iroegbunam,2003-06-30,462,,,42,
13,25583,6038,Tom King,1995-03-09,515,,,31,
13,25583,764,Séamus Coleman,1988-10-11,455,,,23,
13,25583,23661272,Iliman Ndiaye,2000-03-06,200,,,10,
13,25583,37561126,Tyler Dibling,2006-02-17,462,,,20,
14,25583,37723663,Chido Obi,2007-11-29,320,,,32,
14,25583,37676786,Ayden Heaven,2006-09-22,462,,,26,
14,25583,37602508,Jack Moorhouse,2005-11-29,462,,,48,
14,25583,37665754,Bendito Mantato,2008-01-25,462,,,70,
14,25583,37690399,Jim Thwaites,2007-12-20,462,,,77,
14,25583,37665753,Shea Lacey,2007-04-14,462,,,61,
14,25583,26393,André Onana,1996-04-02,593,,,24,
14,25583,37654112,Jack Fletcher,2007-03-19,462,,,38,
14,25583,37718822,Godwill Kukonki,2008-02-06,462,,,72,
14,25583,129602,Bruno Fernandes ,1994-09-08,20,,,8,
14,25583,1454,Tom Heaton,1986-04-15,462,,,22,
14,25583,37600357,Leny Yoro,2005-11-13,17,,,15,
14,25583,23269670,Senne Lammens,2002-07-07,556,,,31,
14,25583,37540234,Kobbie Mainoo,2005-04-19,462,,,37,
14,25583,955,Luke Shaw,1995-07-12,462,,,23,
14,25583,28716,Noussair Mazraoui,1997-11-14,1424,,,3,
14,25583,24818280,Benjamin Sesko,2003-05-31,1638,,,30,
14,25583,537121,Mason Mount ,1999-01-10,462,,,7,
14,25583,893705,Manuel Ugarte ,2001-04-11,158,,,25,
14,25583,37317015,Amad Diallo ,2002-07-11,23,,,16,
14,25583,529689,Bryan Mbeumo,1999-08-07,593,,,19,
14,25583,37581768,Tyler Fredricson,2005-02-23,462,,,33,
14,25583,2206665,Lisandro Martínez,1998-01-18,44,,,6,
14,25583,26768,Matthijs de Ligt ,1999-08-12,38,,,4,
14,25583,164061,Diogo Dalot,1999-03-18,20,,,2,
14,25583,2158417,Tyrell Malacia,1999-08-17,7437,,,12,
14,25583,37653176,Patrick Dorgu,2004-10-26,320,,,13,
14,25583,438751,Altay Bayındır,1998-04-14,404,,,1,
14,25583,2884,Harry Maguire,1993-03-05,462,,,5,
14,25583,9605680,Joshua Zirkzee,2001-05-22,38,,,11,
14,25583,159700,Casemiro,1992-02-23,5,,,18,
14,25583,37678829,Tyler Fletcher,2007-03-19,1161,,,39,
14,25583,37761073,Diego León,2007-04-03,,,,35,
14,25583,1846739,Matheus Cunha,1999-05-27,5,,,10,
15,25583,37623462,Jamaldeen Jimoh-Aloba,2006-10-02,462,,,20,
15,25583,37651108,Ben Broggio,2007-01-29,462,,,62,
15,25583,3139,Tammy Abraham,1997-10-02,462,,,18,
15,25583,21782219,Evann Guessand,2001-07-01,23,,,29,
15,25583,37769446,Leon Routh,2007-11-30,,,,56,
15,25583,37540217,Ronnie Hollingshead,2004-09-09,515,,,60,
15,25583,37692956,TJ Carroll,2007-03-22,462,,,71,
15,25583,28912855,Lewis Dobbin,2003-01-03,462,,,,
15,25583,37623466,Triston Rowe,2006-10-02,462,,,45,
15,25583,37564236,Travis Patterson,2005-10-06,462,,,55,
15,25583,37649279,Sam Proctor,2006-12-21,462,,,52,
15,25583,37629595,George Hemmings,2007-04-03,462,,,53,
15,25583,1094,Tyrone Mings,1993-03-13,462,,,5,
15,25583,172611,John McGinn ,1994-10-18,1161,,,7,
15,25583,37656468,Andrés García,2003-02-07,32,,,16,
15,25583,37316839,James Wright,2004-12-02,462,,,64,
15,25583,33186836,Samuel Iling-Junior,2003-10-04,462,,,19,
15,25583,37735423,Bradley Burrowes,2008-03-04,,,,83,
15,25583,23311159,Ian Maatsen,2002-03-10,38,,,22,
15,25583,22878573,Amadou Onana ,2001-08-16,556,,,24,
15,25583,186660,Emiliano Buendía,1996-12-25,44,,,10,
15,25583,225000,Douglas Luiz,1998-05-09,5,,,21,
15,25583,6524,Matty Cash,1997-08-07,2,,,2,
15,25583,62342,Youri Tielemans,1997-05-07,556,,,8,
15,25583,95368,Lucas Digne,1993-07-20,17,,,12,
15,25583,97626,Boubacar Kamara,1999-11-23,17,,,44,
15,25583,160206,Victor Lindelöf,1994-07-17,47,,,3,
15,25583,12145,Ollie Watkins,1995-12-30,462,,,11,
15,25583,1343,Emiliano Martínez,1992-09-02,44,,,23,
15,25583,380970,Pau Torres,1997-01-16,32,,,14,
15,25583,23269836,Harvey Elliott,2003-04-04,462,,,9,
15,25583,37747533,Alysson,2006-05-05,5,,,47,
15,25583,24238,Marco Bizot,1991-03-10,38,,,40,
15,25583,538034,Jadon Sancho,2000-03-25,462,,,19,
15,25583,37539349,Lamare Bogarde,2004-01-05,38,,,26,
15,25583,968,Ross Barkley,1993-12-05,462,,,6,
15,25583,33716,Leon Bailey,1997-08-09,1640,,,31,
15,25583,7124,Ezri Konsa,1997-10-23,462,,,4,
15,25583,4592198,Morgan Rogers,2002-07-26,462,,,27,
15,25583,537758,Donyell Malen,1999-01-19,38,,,17,
18,25583,37592037,Tyrique George,2006-02-04,462,,,32,
18,25583,4545394,Benoît Badiashile,2001-03-26,17,,,5,
18,25583,37316840,Jamie Gittens,2004-08-08,462,,,11,
18,25583,37782496,Mathis Eboué,2009-02-27,,,,72,
18,25583,35659570,Gabriel Slonina,2004-05-15,3483,,,44,
18,25583,5241,Tosin Adarabioyo,1997-09-24,462,,,4,
18,25583,37714106,Shumaira Mheuka,2007-10-20,462,,,62,
18,25583,37741563,Ryan Kavuma-McQueen,2009-01-01,,,,76,
18,25583,37544258,Max Merrick,2005-11-10,462,,,50,
18,25583,23715941,Filip Jørgensen,2002-04-16,320,,,12,
18,25583,581000,Robert Sánchez,1997-11-18,32,,,1,
18,25583,37721324,Landon Emenalo,2008-01-18,462,,,56,
18,25583,37564315,Dário Essugo,2005-03-14,20,,,14,
18,25583,37631362,Josh Acheampong,2006-05-05,462,,,34,
18,25583,28912747,Cole Palmer,2002-05-06,462,,,10,
18,25583,37536874,Roméo Lavia,2004-01-06,556,,,45,
18,25583,37568149,Facundo Buonanotte,2004-12-23,44,,,40,
18,25583,37373590,Teddy Sharman-Lowe,2003-03-30,462,,,28,
18,25583,37525712,Caleb Wiley ,2004-12-22,3483,,,,
18,25583,28912976,Liam Delap,2003-02-08,462,,,9,
18,25583,9938919,Mykhaylo Mudryk,2001-01-05,86,,,,
18,25583,37259180,Levi Colwill,2003-02-26,462,,,6,
18,25583,37261500,Moisés Caicedo ,2001-11-02,459,,,25,
18,25583,37701999,Estêvão,2007-04-24,5,,,41,
18,25583,37316549,Alejandro Garnacho,2004-07-01,44,,,49,
18,25583,37532344,Mamadou Sarr,2005-08-29,200,,,19,
18,25583,37562129,Andrey Santos,2004-05-03,5,,,17,
18,25583,448448,Marc Cucurella,1998-07-22,32,,,3,
18,25583,496775,Pedro Neto,2000-03-09,20,,,7,
18,25583,29709995,Enzo Fernández,2001-01-17,44,,,8,
18,25583,28931574,João Pedro,2001-09-26,5,,,20,
18,25583,537117,Trevoh Chalobah,1999-07-05,462,,,23,
18,25583,37600243,Jorrel Hato,2006-03-07,38,,,21,
18,25583,37317367,Malo Gusto,2003-05-19,17,,,27,
18,25583,581220,Reece James ,1999-12-08,462,,,24,
18,25583,37664041,Marc Guiu,2006-01-04,32,,,38,
18,25583,11311795,Wesley Fofana,2000-12-17,17,,,29,
18,25583,37695244,Jesse Derry,2007-06-30,462,,,55,
19,25583,37568808,Ethan Nwaneri,2007-03-21,462,,,22,
19,25583,37592228,Cristhian Mosquera,2004-06-27,32,,,3,
19,25583,7643,Eberechi Eze,1998-06-29,462,,,10,
19,25583,97811,Gabriel,1997-12-19,5,,,6,
19,25583,37769798,Marli Salmon,2009-08-29,,,,89,
19,25583,37568815,Myles Lewis-Skelly,2006-09-26,462,,,49,
19,25583,186606,Kepa Arrizabalaga,1994-10-03,32,,,13,
19,25583,37261496,Piero Hincapié,2002-01-09,459,,,5,
19,25583,31609,Christian Nørgaard,1994-03-10,320,,,16,
19,25583,10959356,Gabriel Martinelli,2001-06-18,5,,,11,
19,25583,25217662,Noni Madueke,2002-03-10,462,,,20,
19,25583,530762,Martín Zubimendi,1999-02-02,32,,,36,
19,25583,32710,Mikel Merino,1996-06-22,32,,,23,
19,25583,37739984,Andre Harriman-Annous,2007-12-28,,,,71,
19,25583,8403613,Jakub Kiwior,2000-02-15,2,,,15,
19,25583,37600439,Tommy Setford,2006-03-13,462,,,35,
19,25583,3130,David Raya,1995-09-15,32,,,1,
19,25583,32612,Kai Havertz,1999-06-11,11,,,29,
19,25583,3259,Ben White,1997-10-08,462,,,4,
19,25583,5270466,Jurriën Timber ,2001-06-17,38,,,12,
19,25583,23278684,Riccardo Calafiori,2002-05-19,251,,,33,
19,25583,16827155,Bukayo Saka,2001-09-05,462,,,7,
19,25583,194167,Viktor Gyökeres,1998-06-04,47,,,14,
19,25583,37720618,Max Dowman,2009-12-31,462,,,56,
19,25583,17544737,William Saliba ,2001-03-24,17,,,2,
19,25583,5329,Gabriel Jesus,1997-04-03,5,,,9,
19,25583,61780,Leandro Trossard,1994-12-04,556,,,19,
19,25583,26823,Martin Ødegaard ,1998-12-17,1578,,,8,
19,25583,5273,Declan Rice,1999-01-14,462,,,41,
20,25583,129966,Emil Krafth,1994-08-02,47,,,17,
20,25583,2985,Jamaal Lascelles,1993-11-11,462,,,6,
20,25583,37594985,Leo Shahar,2007-03-18,462,,,61,
20,25583,37748764,Sam Alabi,2009-07-09,,,,85,
20,25583,9438,Aaron Ramsdale,1998-05-14,462,,,32,
20,25583,33645,Joelinton,1996-08-14,5,,,7,
20,25583,7855,Mark Gillespie,1992-03-27,462,,,29,
20,25583,28913014,Joe White,2002-10-01,462,,,,
20,25583,1387,Matt Targett,1995-09-18,462,,,,
20,25583,31626620,Harrison Ashby,2001-11-14,1161,,,,
20,25583,3071,Jacob Murphy,1995-02-24,462,,,23,
20,25583,21762216,Malick Thiaw,2001-08-08,11,,,12,
20,25583,24799911,Tino Livramento ,2002-11-12,462,,,21,
20,25583,890,John Ruddy,1986-10-24,462,,,26,
20,25583,32777430,Nick Woltemade,2002-02-14,11,,,27,
20,25583,11705406,Jacob Ramsey,2001-05-28,462,,,41,
20,25583,37700510,Seung-soo Park,2007-03-17,712,,,64,
20,25583,459145,Bruno Guimarães,1997-11-16,5,,,39,
20,25583,2823228,Sandro Tonali,2000-05-08,251,,,8,
20,25583,10601,Harvey Barnes,1997-12-09,462,,,11,
20,25583,5270468,Sven Botman,2000-01-12,38,,,4,
20,25583,2763,Nick Pope,1992-04-19,462,,,1,
20,25583,1494447,Joe Willock,1999-08-20,462,,,28,
20,25583,96928,Yoane Wissa,1996-09-03,1320,,,9,
20,25583,37573066,Alex Murphy,2004-06-25,455,,,37,
20,25583,2815,Dan Burn ,1992-05-09,462,,,33,
20,25583,32372,Fabian Schär,1991-12-20,62,,,5,
20,25583,1016,Kieran Trippier,1990-09-19,462,,,2,
20,25583,37559767,William Osula,2003-08-04,320,,,18,
20,25583,9611543,Anthony Gordon,2001-02-24,462,,,10,
20,25583,37459072,Lewis Hall,2004-09-08,462,,,3,
20,25583,37581796,Lewis Miley,2006-05-01,462,,,67,
20,25583,37666648,Sean Neave,2007-05-27,462,,,62,
20,25583,28912805,Anthony Elanga,2002-04-27,47,,,20,
27,25583,28912768,Aaron Ramsey,2003-01-21,462,,,21,
27,25583,79752,Václav Hladký,1990-11-14,245,,,32,
27,25583,37624125,Enock Agyei,2005-01-13,556,,,48,
27,25583,37908643,George Brierley,2007-11-20,,,,41,
27,25583,37732248,Oliver Pimlott,2007-04-07,,,,54,
27,25583,37593168,Jaydon Banel,2004-10-19,38,,,34,
27,25583,581055,Michael Obafemi,2000-07-06,455,,,,
27,25583,5410,Connor Roberts,1995-09-23,515,,,14,
27,25583,37788182,Kian McMahon-Brown,2008-08-03,,,,52,
27,25583,37316858,Hannibal,2003-01-21,1439,,,28,
27,25583,163210,Florentino,1999-08-19,20,,,16,
27,25583,37259181,Bashir Humphreys,2003-03-15,462,,,12,
27,25583,80889,Martin Dúbravka,1989-01-15,401,,,1,
27,25583,37344112,Quilindschy Hartman,2001-11-14,38,,,3,
27,25583,37351292,Maxime Estève,2002-05-26,17,,,5,
27,25583,37261110,Zeki Amdouni,2000-12-04,62,,,25,
27,25583,32792,Jacob Bruun Larsen,1998-09-19,320,,,7,
27,25583,4243070,Lyle Foster,2000-09-03,146,,,9,
27,25583,4391,Axel Tuanzebe,1997-11-14,1320,,,6,
27,25583,7176,Joe Worrall,1997-01-10,462,,,4,
27,25583,37584176,Lucas Pires,2001-03-24,5,,,23,
27,25583,3861826,Jordan Beyer ,2000-05-19,11,,,36,
27,25583,459480,Hjalmar Ekdal,1998-10-21,47,,,18,
27,25583,7987,Josh Laurent,1995-05-06,462,,,29,
27,25583,23697427,Armando Broja,2001-09-10,2454,,,27,
27,25583,37337041,Loum Tchaouna,2003-09-08,17,,,17,
27,25583,37260000,Oliver Sonne,2000-11-10,338,,,22,
27,25583,1448,Ashley Barnes,1989-10-30,462,,,35,
27,25583,340344,Marcus Edwards,1998-12-03,462,,,10,
27,25583,37423141,Lesley Ugochukwu,2004-03-26,17,,,8,
27,25583,1155,James Ward-Prowse,1994-11-01,462,,,20,
27,25583,4244,Josh Cullen  ,1996-04-07,455,,,24,
27,25583,37392849,Jaidon Anthony,1999-12-01,1640,,,11,
27,25583,537316,Zian Flemming,1998-08-01,38,,,19,
27,25583,37582278,Max Weiß,2004-06-15,11,,,13,
27,25583,911,Kyle Walker,1990-05-28,462,,,2,
27,25583,538850,Mike Tresor,1999-05-28,556,,,31,
29,25583,37663391,Fer López,2004-05-24,32,,,28,
29,25583,37536877,Temple Ojinnaka,2005-03-30,462,,,57,
29,25583,23269652,Ki-Jana Hoever,2002-01-18,38,,,26,
29,25583,37560802,Nasser Djiga,2002-11-15,607,,,,
29,25583,37540689,Alfie Pond,2004-02-17,462,,,46,
29,25583,37669514,Saheed Olagunju,2007-01-07,462,,,59,
29,25583,37298115,Alfie Brooks,2003-10-15,462,,,40,
29,25583,37674887,Luke Rawlings,2008-04-04,462,,,62,
29,25583,37260431,Tolu Arokodare,2000-11-23,716,,,14,
29,25583,37729609,Pedro Lima,2006-07-01,5,,,17,
29,25583,289398,Marshall Munetsi,1996-06-22,2325,,,5,
29,25583,37707003,Josh Gracey,2007-12-14,491,,,70,
29,25583,9605714,Tommy Doyle,2001-10-17,462,,,,
29,25583,3301,Daniel Bentley,1993-07-13,462,,,25,
29,25583,37655932,Enso González ,2005-01-20,1190,,,30,
29,25583,52868,Hee-chan Hwang,1996-01-26,712,,,11,
29,25583,37560477,Nathan Fraser,2005-02-22,462,,,63,
29,25583,37648542,Ethan Sutherland,2006-04-25,1161,,,60,
29,25583,37402348,João Gomes,2001-02-12,5,,,8,
29,25583,37661374,Tom Edozie,2006-05-18,462,,,74,
29,25583,1548028,Sasa Kalajdzic,1997-07-07,143,,,18,
29,25583,33166012,David Møller Wolfe,2002-04-23,1578,,,6,
29,25583,37354841,Rodrigo Gomes,2003-07-07,20,,,21,
29,25583,159483,José Sá,1993-01-17,20,,,1,
29,25583,37357499,Tawanda Chirewa,2003-10-12,462,,,23,
29,25583,785373,Jhon Arias,1997-09-21,353,,,10,
29,25583,458682,Jørgen Strand Larsen,2000-02-06,1578,,,9,
29,25583,1008,Sam Johnstone,1993-03-25,462,,,31,
29,25583,37526007,André,2001-07-16,5,,,7,
29,25583,37400484,Yerson Mosquera,2001-05-02,353,,,15,
29,25583,29303604,Toti ,1999-01-16,20,,,24,
29,25583,37551836,Jackson Tchatchoua,2001-09-14,593,,,38,
29,25583,2951,Adam Armstrong,1997-02-10,462,,,9,
29,25583,99076,Jean-Ricner Bellegarde,1998-06-27,2177,,,27,
29,25583,37738333,Mateus Mané,2007-09-16,462,,,36,
29,25583,608285,Angel Gomes,2000-08-31,462,,,47,
29,25583,3884,Matt Doherty,1992-01-16,455,,,2,
29,25583,37915388,Jerome Abbey,2009-09-16,,,,50,
29,25583,459653,Santiago Bueno,1998-11-09,158,,,4,
29,25583,37261923,Emmanuel Agbadou,1997-06-17,23,,,12,
29,25583,37286738,Hugo Bueno,2002-09-18,32,,,3,
29,25583,80902,Ladislav Krejci,1999-04-20,245,,,37,
51,25583,7643,Eberechi Eze,1998-06-29,462,,,10,
51,25583,37416691,Danny Imray,2003-07-27,462,,,30,
51,25583,37721332,Ben Casey,2008-02-04,462,,,73,
51,25583,37692961,George King,2007-03-20,462,,,60,
51,25583,37651069,Caleb Kporha ,2006-07-15,462,,,58,
51,25583,97383,Walter Benítez,1993-01-19,44,,,44,
51,25583,18218609,Chris Richards,2000-03-28,3483,,,26,
51,25583,4536500,Marc Guéhi,2000-07-13,462,,,6,
51,25583,37769466,Dean Benamar,2008-05-31,,,,72,
51,25583,12647,Dean Henderson ,1997-03-12,462,,,1,
51,25583,37561117,David Ozoh,2005-05-06,462,,,,
51,25583,539961,Eddie Nketiah,1999-05-30,462,,,9,
51,25583,9278,Remi Matthews,1994-02-10,462,,,31,
51,25583,37626915,Zach Marsh,2005-10-06,462,,,63,
51,25583,37784696,Joél Drakes-Thomas,2009-06-09,,,,86,
51,25583,96950,Jean-Philippe Mateta,1997-06-28,17,,,14,
51,25583,34455847,Jesurun Rak-Sakyi,2002-10-05,468,,,49,
51,25583,96792,Odsonne Édouard,1998-01-16,17,,,22,
51,25583,24468970,Yéremy Pino,2002-10-20,32,,,10,
51,25583,458682,Jørgen Strand Larsen,2000-02-06,1578,,,22,
51,25583,37651070,Rio Cardines,2006-07-01,2228,,,59,
51,25583,2332,Will Hughes,1995-04-17,462,,,19,
51,25583,37554902,Kaden Rodney,2004-10-07,462,,,42,
51,25583,74160,Borna Sosa,1998-01-21,266,,,24,
51,25583,21782219,Evann Guessand,2001-07-01,23,,,29,
51,25583,25930790,Brennan Johnson,2001-05-23,515,,,11,
51,25583,5640926,Cheick Doucouré,2000-01-08,26,,,28,
51,25583,37541456,Justin Devenny,2003-10-11,491,,,55,
51,25583,96722,Ismaïla Sarr,1998-02-25,200,,,7,
51,25583,37537937,Chadi Riad,2003-06-17,1424,,,34,
51,25583,186766,Jefferson Lerma,1994-10-25,353,,,8,
51,25583,1202,Nathaniel Clyne,1991-04-05,462,,,17,
51,25583,37688184,Jaydee Canvot,2006-07-29,17,,,23,
51,25583,5666458,Maxence Lacroix,2000-04-06,17,,,5,
51,25583,4598710,Tyrick Mitchell,1999-09-01,462,,,3,
51,25583,310131,Daichi Kamada,1996-08-05,479,,,18,
51,25583,524045,Daniel Muñoz,1996-05-26,353,,,2,
51,25583,37678216,Christantus Uche ,2003-05-19,716,,,12,
51,25583,37350704,Adam Wharton,2004-02-06,462,,,20,
51,25583,37610432,Romain Esse,2005-05-13,462,,,21,
52,25583,37584705,Álex Jiménez,2005-05-08,32,,,20,
52,25583,6087,Philip Billing,1996-06-11,320,,,29,
52,25583,37904092,Malcom Dacosta González,2008-04-17,459,,,51,
52,25583,22536030,Bafodé Diakité,2001-01-06,17,,,18,
52,25583,10990678,Antoine Semenyo,2000-01-07,468,,,24,
52,25583,37616114,Remy Rees-Dottin,2006-03-06,462,,,50,
52,25583,1095,Adam Smith ,1991-04-29,462,,,15,
52,25583,37624325,Alex Tóth,2005-10-23,674,,,27,
52,25583,172752,Ryan Christie,1995-02-22,1161,,,10,
52,25583,1834,Lewis Cook,1997-02-03,462,,,4,
52,25583,37550443,Alex Scott,2003-08-21,462,,,8,
52,25583,11298616,Evanilson,1999-10-06,5,,,9,
52,25583,26354,Enes Ünal,1997-05-10,404,,,26,
52,25583,37592022,Dominic Sadi,2003-09-02,462,,,49,
52,25583,37732368,Charlie Stevens,2007-05-31,,,,53,
52,25583,37602125,Ben Gannon-Doak,2005-11-11,1161,,,11,
52,25583,2511082,Hamed Traoré ,2000-02-16,23,,,25,
52,25583,37549912,Ben Winterburn,2004-09-04,462,,,47,
52,25583,538472,Djordje Petrovic,1999-10-08,296,,,1,
52,25583,37623493,Matai Akinmboni ,2006-10-17,3483,,,45,
52,25583,23260605,Julián Araujo,2001-08-13,458,,,2,
52,25583,37325112,Will Dennis,2000-07-10,462,,,40,
52,25583,4237168,Christos Mandas,2001-09-17,125,,,29,
52,25583,14004542,Amine Adli,2000-05-10,17,,,21,
52,25583,37627749,Julio Soler,2005-02-16,44,,,6,
52,25583,1241,Fraser Forster,1988-03-17,462,,,17,
52,25583,434243,Romain Faivre,1998-07-14,17,,,21,
52,25583,537493,Marcus Tavernier,1999-03-22,462,,,16,
52,25583,9808,David Brooks,1997-07-08,515,,,7,
52,25583,22169325,James Hill,2002-01-10,462,,,23,
52,25583,37659710,Veljko Milosavljevic,2007-06-28,296,,,44,
52,25583,333989,Marcos Senesi,1997-05-10,44,,,5,
52,25583,28543553,Adrien Truffert,2001-11-20,17,,,3,
52,25583,262324,Tyler Adams,1999-02-14,3483,,,12,
52,25583,37632336,Junior Kroupi ,2006-06-23,17,,,22,
52,25583,37679567,Rayan,2006-08-03,5,,,37,
52,25583,26803,Justin Kluivert,1999-05-05,38,,,19,
63,25583,1498548,Jota Silva,1999-08-01,20,,,20,
63,25583,95348,Willy Boly,1991-02-03,17,,,30,
63,25583,29328429,Igor Jesus,2001-02-25,5,,,19,
63,25583,28575676,James McAtee,2002-10-18,462,,,24,
63,25583,37786422,Lamin Sillah,2006-06-06,,,,45,
63,25583,23269650,Arnaud Kalimuendo,2002-01-20,17,,,15,
63,25583,5270372,Dilane Bakwa,2002-08-26,17,,,29,
63,25583,37618315,Archie Whitehall,2006-05-21,462,,,51,
63,25583,37651094,Jimmy Sinclair,2006-08-11,462,,,61,
63,25583,26603,Oleksandr Zinchenko,1996-12-15,86,,,35,
63,25583,225000,Douglas Luiz,1998-05-09,5,,,12,
63,25583,23707367,Luca Netz,2003-05-15,11,,,25,
63,25583,37583502,Zach Abbott,2006-05-13,462,,,44,
63,25583,37645422,Eric da Silva Moreira,2006-05-03,11,,,17,
63,25583,335653,Nicolás Domínguez,1998-06-28,44,,,16,
63,25583,2875858,Callum Hudson-Odoi,2000-11-07,462,,,7,
63,25583,96943,Ibrahim Sangaré,1997-12-02,23,,,6,
63,25583,10831,Ryan Yates ,1997-11-21,462,,,22,
63,25583,11669604,Lorenzo Lucca,2000-09-10,251,,,20,
63,25583,11720838,Neco Williams,2001-04-13,515,,,3,
63,25583,36073933,Morato,2001-06-30,5,,,4,
63,25583,336067,Angus Gunn ,1996-01-22,1161,,,18,
63,25583,19978623,Dan Ndoye,2000-10-25,62,,,14,
63,25583,26506,Taiwo Awoniyi,1997-08-12,716,,,9,
63,25583,1956,Ola Aina,1996-10-08,716,,,34,
63,25583,2975,Matz Sels,1992-02-26,556,,,26,
63,25583,914,Chris Wood,1991-12-07,2817,,,11,
63,25583,34594,Stefan Ortega,1992-11-06,11,,,27,
63,25583,219900,John Victor,1996-02-13,5,,,13,
63,25583,37627036,Murillo,2002-07-04,5,,,5,
63,25583,178032,Nikola Milenković,1997-10-12,296,,,31,
63,25583,37536911,Omari Hutchinson,2003-10-30,1640,,,21,
63,25583,332047,Elliot Anderson,2002-11-06,462,,,8,
63,25583,7926,Morgan Gibbs-White,2000-01-27,462,,,10,
63,25583,37627298,Jair Cunha,2005-03-07,5,,,23,
63,25583,37376834,Nicolò Savona,2003-03-19,251,,,37,
71,25583,262274,Jack Harrison,1996-11-20,462,,,20,
71,25583,37769337,Jayden Lienou,2008-04-08,,,,65,
71,25583,5141,Dominic Calvert-Lewin,1997-03-16,462,,,9,
71,25583,432881,Illan Meslier,2000-03-02,17,,,16,
71,25583,12542,Ethan Ampadu ,2000-09-14,515,,,4,
71,25583,581158,Jayden Bogle,2000-07-27,462,,,2,
71,25583,37614463,Sam Chambers,2007-08-18,1161,,,42,
71,25583,1928,Sam Byram,1993-09-16,462,,,25,
71,25583,1397,Karl Darlow,1990-10-08,515,,,26,
71,25583,4536574,Sebastiaan Bornauw,1999-03-22,556,,,23,
71,25583,37723121,Harry Gray,2008-10-08,462,,,45,
71,25583,13981024,Largie Ramazani,2001-02-27,556,,,17,
71,25583,37316986,Wilfried Gnonto,2003-11-05,23,,,29,
71,25583,4536529,Noah Okafor,2000-05-24,62,,,19,
71,25583,37630805,Rhys Chadwick,2007-02-19,462,,,47,
71,25583,37657052,Alfie Cresswell,2007-07-15,462,,,51,
71,25583,5569,Alex Cairns,1993-01-04,462,,,21,
71,25583,460159,Lucas Perri,1997-12-10,251,,,1,
71,25583,29478,Pascal Struijk,1999-08-11,556,,,5,
71,25583,5149,Daniel James,1997-11-10,515,,,7,
71,25583,37568149,Facundo Buonanotte,2004-12-23,44,,,40,
71,25583,3861741,Ilia Gruev,2000-05-06,224,,,44,
71,25583,461027,Ao Tanaka,1998-09-10,479,,,22,
71,25583,339112,Joe Rodon,1997-10-22,515,,,6,
71,25583,29382,Joël Piroe,1999-08-02,38,,,10,
71,25583,537217,Lukas Nmecha,1998-12-14,11,,,14,
71,25583,37604648,Charlie Crew,2006-06-15,515,,,50,
71,25583,1548632,Jaka Bijol,1999-02-05,1638,,,15,
71,25583,2178735,Anton Stach,1998-11-15,11,,,18,
71,25583,4552689,Brenden Aaronson,2000-10-22,3483,,,11,
71,25583,173737,Sean Longstaff,1997-10-30,462,,,8,
71,25583,12514,James Justin,1998-02-23,462,,,24,
71,25583,193196,Gabriel Gudmundsson,1999-04-29,47,,,3,
78,25583,37590697,Diego Coppola,2003-12-28,251,,,42,
78,25583,37581778,Charlie Tasker,2006-02-24,462,,,51,
78,25583,37688011,Freddie Simmonds,2008-03-09,462,,,54,
78,25583,54191,Igor Julio,1998-02-07,5,,,3,
78,25583,28912974,Eiran Cashin,2001-11-09,455,,,,
78,25583,37391461,James Beadle,2004-07-16,462,,,,
78,25583,37549513,Ibrahim Osman,2004-11-29,468,,,,
78,25583,28912807,Carl Rushworth,2001-07-02,462,,,,
78,25583,37682332,Malick Yalcouyé,2005-11-18,26,,,,
78,25583,37583548,Tommy Watson,2006-04-08,462,,,14,
78,25583,37565028,Amario Cozier-Duberry,2005-05-29,462,,,,
78,25583,37601748,Stefanos Tzimas ,2006-01-06,125,,,9,
78,25583,1494712,Matt O'Riley,2000-11-21,462,,,33,
78,25583,2461,Lewis Dunk ,1991-11-21,462,,,5,
78,25583,37588823,Carlos Baleba,2004-01-03,593,,,17,
78,25583,37561625,Jack Hinshelwood,2005-04-11,462,,,13,
78,25583,31504,Pascal Groß,1991-06-15,11,,,30,
78,25583,6504,Adam Webster,1995-01-04,462,,,4,
78,25583,37257596,Bart Verbruggen,2002-08-18,38,,,1,
78,25583,197,James Milner,1986-01-04,462,,,20,
78,25583,37558991,Brajan Gruda,2004-05-31,11,,,8,
78,25583,37655226,Yankuba Minteh ,2004-07-22,2507,,,11,
78,25583,37663883,Harry Howell,2008-04-20,462,,,53,
78,25583,37623129,Joe Knight,2005-09-21,462,,,49,
78,25583,37612636,Nehemiah Oriola,2007-06-11,462,,,58,
78,25583,24082563,Mats Wieffer,1999-11-16,38,,,27,
78,25583,21782390,Georginio Rutter,2002-04-20,17,,,10,
78,25583,21437534,Kaoru Mitoma,1997-05-20,479,,,22,
78,25583,96513,Olivier Boscagli,1997-11-18,17,,,21,
78,25583,37664293,Charalampos Kostoulas,2007-05-30,125,,,19,
78,25583,581004,Tom McGill,2000-03-25,1004,,,38,
78,25583,24655,Joël Veltman,1992-01-15,38,,,34,
78,25583,2683,Jason Steele,1990-08-18,462,,,23,
78,25583,37526157,Yasin Ayari,2003-10-06,47,,,26,
78,25583,24818803,Jan Paul van Hecke,2000-06-08,38,,,6,
78,25583,23269659,Maxim De Cuyper,2000-12-22,556,,,29,
78,25583,2423,Solly March,1994-07-20,462,,,7,
78,25583,25738,Ferdi Kadıoğlu,1999-10-07,404,,,24,
78,25583,627,Danny Welbeck,1990-11-26,462,,,18,
78,25583,37563876,Diego Gómez,2003-03-27,1190,,,25,
236,25583,31238191,Myles Peart-Harris,2002-09-18,462,,,25,
236,25583,456067,Mads Roerslev ,1999-06-24,320,,,30,
236,25583,37509395,Yegor Yarmolyuk ,2004-03-01,86,,,18,
236,25583,37610431,Josh Stephenson,2007-09-04,462,,,50,
236,25583,27440826,Aaron Hickey,2002-06-10,1161,,,2,
236,25583,339093,Josh Dasilva,1998-10-23,462,,,10,
236,25583,37391634,Matthew Cox,2003-05-02,462,,,,
236,25583,37614062,Jayden Meghoma,2006-06-28,462,,,,
236,25583,537108,Frank Onyeka,1998-01-01,716,,,15,
236,25583,37653269,Ryan Trevitt,2003-03-12,462,,,,
236,25583,7306,Ellery Balcombe,1999-10-15,462,,,31,
236,25583,531971,Hákon Valdimarsson,2001-10-13,1796,,,12,
236,25583,37709434,Yunus Konak,2006-01-10,404,,,26,
236,25583,8449373,Mikkel Damsgaard,2000-07-03,320,,,24,
236,25583,37630854,Conor McManus,2004-06-16,455,,,51,
236,25583,37704861,Gustavo Nunes,2005-11-20,5,,,39,
236,25583,37655005,Benjamin Arthur,2005-10-09,462,,,43,
236,25583,537759,Reiss Nelson,1999-12-10,462,,,11,
236,25583,37581725,Riley Owen,2005-08-24,462,,,52,
236,25583,37732962,Ollie Shield,2006-09-25,462,,,49,
236,25583,11658171,Sepp van den Berg,2001-12-20,38,,,4,
236,25583,37909042,Luka Bentt,2007-10-01,,,,48,
236,25583,37643341,Julian Eyestone,2006-04-21,3483,,,41,
236,25583,37676667,Romelle Donovan,2006-11-30,462,,,45,
236,25583,37407204,Igor Thiago,2001-06-26,5,,,9,
236,25583,37600942,Michael Kayode,2004-07-10,251,,,33,
236,25583,37575228,Antoni Milambo,2005-04-03,38,,,17,
236,25583,15665,Ethan Pinnock,1993-05-29,1640,,,5,
236,25583,896225,Caoimhín Kelleher,1998-11-23,455,,,1,
236,25583,11705403,Nathan Collins ,2001-04-30,455,,,22,
236,25583,84426,Mathias Jensen,1996-01-01,320,,,8,
236,25583,36633,Vitaly Janelt,1998-05-10,11,,,27,
236,25583,151418,Kristoffer Ajer,1998-04-17,1578,,,20,
236,25583,37656906,Kaye Furo,2007-02-06,556,,,47,
236,25583,323,Jordan Henderson ,1990-06-17,462,,,6,
236,25583,21412957,Fábio Carvalho ,2002-08-30,20,,,14,
236,25583,7993,Rico Henry,1997-07-08,462,,,3,
236,25583,37543248,Dango Ouattara,2002-02-11,607,,,19,
236,25583,28552845,Keane Lewis-Potter,2001-02-22,462,,,23,
236,25583,27067062,Kevin Schade,2001-11-27,11,,,7,
1,27903,37672209,Ezra Mayers,2007-01-16,462,,,63,
1,27903,37546780,George Earthy,2004-09-05,462,,,40,
1,27903,254052,Edson Álvarez ,1997-10-24,458,,,,
1,27903,37594981,Finlay Herrick,2006-01-18,462,,,49,
1,27903,109417,Konstantinos Mavropanos,1997-12-11,125,,,15,
1,27903,36073933,Morato,2001-06-30,5,,,,
1,27903,37544304,Kaelan Casey,2004-10-28,462,,,42,
1,27903,96642,Maxwel Cornet ,1996-09-27,23,,,,
1,27903,37634585,Edvin Austbø,2005-05-01,1578,,,35,
1,27903,37592130,Adama Boiro,2002-06-22,200,,,,
1,27903,37625510,Keiber Lamadrid,2003-11-18,275,,,21,
1,27903,23730717,Mads Hermansen,2000-07-11,320,,,1,
1,27903,37658187,Josh Landers,2007-02-27,1161,,,48,
1,27903,37732924,Airidas Golambeckis ,2007-11-04,,,,58,
1,27903,37544306,Lewis Orford,2006-02-18,462,,,61,
1,27903,95393,Alphonse Areola,1993-02-27,17,,,23,
1,27903,37709291,Joshua Ajala,2006-11-13,462,,,66,
1,27903,37685630,El Hadji Malick Diouf,2004-12-28,200,,,12,
1,27903,1592,Jarrod Bowen ,1996-12-20,462,,,20,
1,27903,498161,Maximilian Kilman,1997-05-23,462,,,3,
1,27903,4659,Kyle Walker-Peters,1997-04-13,462,,,2,
1,27903,1155,James Ward-Prowse,1994-11-01,462,,,8,
1,27903,37554917,Pablo,2004-01-02,20,,,19,
1,27903,37581714,Oliver Scarles,2005-12-12,462,,,30,
1,27903,524055,Taty Castellanos,1998-10-03,44,,,11,
1,27903,29382,Joël Piroe,1999-08-02,38,,,9,
1,27903,24655,Joël Veltman,1992-01-15,38,,,34,
1,27903,37337212,Arne Engels,2003-09-08,556,,,7,
1,27903,37651092,Divine Mukasa,2007-08-22,462,,,14,
1,27903,125482,Manor Solomon,1999-07-24,802,,,10,
1,27903,37675130,Mohamadou Kanté,2005-09-20,17,,,17,
2,27903,37703964,Moussa Baradji,2000-11-20,17,,,,
2,27903,37402364,Felix Goddard,2004-03-09,462,,,37,
2,27903,37674901,Michael Decandia,2007-10-17,462,,,46,
2,27903,21820095,Yuki Ohashi,1996-07-27,479,,,23,
2,27903,14119,Harry Pickering,1998-12-29,462,,,3,
2,27903,14726291,Mathias Jørgensen,2000-09-20,320,,,29,
2,27903,37767518,Gady Beyuku,2005-11-23,,,,,
2,27903,2823545,Hayden Carter,1999-12-17,462,,,17,
2,27903,37656956,Tom Atcheson,2006-09-22,462,,,6,
2,27903,537434,Aynsley Pears ,1998-04-23,462,,,1,
2,27903,7688261,Sean McLoughlin,1996-11-13,455,,,15,
2,27903,28575641,Jake Garrett,2003-03-10,462,,,30,
2,27903,24817368,Jayden Fevrier,2003-04-14,462,,,11,
2,27903,28912714,Ryan Alebiosu,2001-12-17,716,,,2,
2,27903,37564246,Axel Henriksson,2002-04-16,47,,,18,
2,27903,37540211,Kristi Montgomery,2004-05-31,1161,,,31,
2,27903,25548855,Sidnei Tavares,2001-09-29,20,,,5,
2,27903,162210,Yuri Ribeiro,1997-01-24,20,,,4,
2,27903,1716,Adam Forshaw,1991-10-08,462,,,28,
2,27903,9938963,Andri Gudjohnsen,2002-01-29,1796,,,9,
2,27903,458637,Balázs Tóth,1997-09-04,674,,,22,
2,27903,37751427,Harvey Pates,2008-04-24,,,,39,
2,27903,18683,Oladapo Afolayan,1997-09-11,462,,,21,
2,27903,37566992,James Edmondson,2005-11-01,462,,,36,
2,27903,37674895,Frank Vare,2007-09-12,462,,,53,
2,27903,581086,Todd Cantwell ,1998-02-27,462,,,10,
2,27903,3189,Sam Morsy,1991-09-10,886,,,8,
2,27903,37659636,Lucas Houghton,,462,,,47,
2,27903,37422937,Ryoya Morishita,1997-04-11,479,,,25,
2,27903,37925338,Harry Lister,,,,,42,
4,27903,37729389,Junior Nkeng,2007-08-04,462,,,35,
4,27903,37657054,Micah Mbick ,2006-11-08,462,,,33,
4,27903,37723801,A. Mwamba,2006-09-15,462,,,32,
4,27903,37259161,Billy Koumetio,2002-11-14,17,,,12,
4,27903,6049,Amari'i Bell,1994-05-05,1640,,,17,
4,27903,2225,Jorge Cuesta,1994-12-12,462,,,15,
4,27903,340504,Will Mannion,1998-05-05,462,,,25,
4,27903,37259133,Sonny Carey,2001-01-20,462,,,14,
4,27903,1479381,Harvey Knibbs,1999-04-26,462,,,8,
4,27903,5243,Matty Godden,1991-07-29,462,,,24,
4,27903,37547261,Rob Apter,2003-04-23,1161,,,30,
4,27903,37562870,Collins Sichenje,2003-09-19,1179,,,28,
4,27903,9939028,Ivan Mesik,2001-06-01,401,,,18,
4,27903,37552532,Tiernan Brooks,2002-06-17,455,,,21,
4,27903,2538509,Danny McNamara ,1998-12-27,462,,,20,
4,27903,37604680,Timothy Ouma,2004-06-10,1179,,,16,
4,27903,37708644,Tyler Bindon,2005-01-27,2817,,,44,
4,27903,4617,Lloyd Jones,1995-10-07,462,,,5,
4,27903,540579,Oliver Skipp,2000-09-16,462,,,,
4,27903,37559806,Miles Leaburn,2003-11-28,462,,,11,
4,27903,37391454,Tyreece Campbell,2003-09-14,462,,,7,
4,27903,37372352,Millenic Alli,2000-02-06,455,,,19,
4,27903,37563930,Nathan Asiimwe,2004-12-29,4125,,,31,
4,27903,21428649,Arthur Okonkwo,2001-09-09,462,,,13,
4,27903,581160,Joe Rankin-Costello,1999-07-26,462,,,26,
4,27903,581197,Conor Coventry,2000-03-25,455,,,6,
4,27903,6073,Karlan Grant ,1997-09-18,462,,,9,
5,27903,37683626,Eoin Kenny,2005-12-30,455,,,,
5,27903,37912107,Tayo Singerr,2007-09-22,462,,,,
5,27903,37909180,Nathaniel Chioma,2007-10-30,462,,,,
5,27903,37909177,Chinedu Agu,2007-11-02,462,,,,
5,27903,37746059,Luke Brooke-Smith,2008-06-06,,,,28,
5,27903,19970205,Daniel Bielica,1999-04-30,2,,,31,
5,27903,14685080,Odin Bailey,1999-12-08,462,,,27,
5,27903,37909173,Michael Ani,2006-05-21,462,,,,
5,27903,37614062,Jayden Meghoma,2006-06-28,462,,,,
5,27903,19143,Tyrese Shade,2000-06-09,160047,,,,
5,27903,8956,Colby Bishop,1996-11-04,462,,,9,
5,27903,37715690,Madiodio Dia,2004-01-15,200,,,55,
5,27903,37407448,Adrian Segečić,2004-06-01,266,,,10,
5,27903,37568407,Marko Milovanović,2003-08-04,296,,,29,
5,27903,54301,Nicolas Schmid,1997-02-22,143,,,1,
5,27903,2992,John Swift,1995-06-23,462,,,8,
5,27903,23287280,Rocco Shein,2003-07-14,2405,,,19,
5,27903,1483864,Luke Le Roux,2000-03-10,146,,,16,
5,27903,12241,Regan Poole,1998-06-18,515,,,5,
5,27903,15128,Ebou Adams,1996-01-15,2507,,,38,
5,27903,7026564,Zak Swanson ,2000-09-28,462,,,22,
5,27903,2511221,Conor Shaughnessy,1996-06-30,455,,,6,
5,27903,581060,Josh Knight,1997-09-07,462,,,4,
5,27903,37308223,Iyad Mohamed,2001-03-05,364678,,,37,
5,27903,3142,Marlon Pack ,1991-03-25,462,,,7,
5,27903,2872,Josh Murphy,1995-02-24,462,,,23,
5,27903,37259217,Abu Kamara,2003-07-21,462,,,11,
5,27903,37260515,Terry Devlin,2003-11-06,491,,,24,
5,27903,37741563,Ryan Kavuma-McQueen,2009-01-01,,,,25,
5,27903,37655005,Benjamin Arthur,2005-10-09,462,,,2,
5,27903,37445053,Harvey Blair,2003-09-14,462,,,34,
7,27903,6525,Jon McLaughlin,1987-09-09,1161,,,,
7,27903,1928,Sam Byram,1993-09-16,462,,,3,
7,27903,37596443,Rokas Pukstas,2004-08-25,3483,,,21,
7,27903,37565028,Amario Cozier-Duberry,2005-05-29,462,,,,
7,27903,24817485,Connor Barron,2002-08-29,1161,,,,
7,27903,1494172,Sol Brynn,2000-10-30,462,,,31,
7,27903,37543251,Leo Castledine,2005-08-20,462,,,19,
7,27903,37582649,Ashley Phillips,2005-06-26,462,,,4,
7,27903,749527,Riley McGree,1998-11-02,98,,,8,
7,27903,581045,Alfie Jones,1997-10-07,1004,,,5,
7,27903,37669518,Finlay Cartwright,2007-02-28,462,,,46,
7,27903,9472,George Edmundson,1997-08-15,462,,,25,
7,27903,37625843,Max Arfsten,2001-04-19,3483,,,17,
7,27903,37718039,Abdoulaye Kanté,2005-07-09,23,,,42,
7,27903,37769803,Cruz Ibeh,2008-10-16,,,,44,
7,27903,37332637,Kyle Joseph,2001-09-10,1161,,,22,
7,27903,31625938,Radek Vitek,2003-10-24,245,,,1,
7,27903,37407279,Sebastian Berhalter,2001-05-10,3483,,,6,
7,27903,25548700,Aidan Morris,2001-11-16,3483,,,10,
7,27903,3158,Luke Ayling,1991-08-25,462,,,12,
7,27903,9939024,David Strelec,2001-04-04,401,,,13,
7,27903,31238191,Myles Peart-Harris,2002-09-18,462,,,14,
7,27903,12433168,Morgan Whittaker,2001-01-07,462,,,11,
7,27903,533182,Neto Borges,1996-09-13,5,,,30,
7,27903,37391535,Tommy Conway,2002-08-06,1161,,,9,
7,27903,8018,Callum Brittain,1998-03-12,462,,,2,
7,27903,37565524,Will Lankshear,2005-04-20,462,,,7,
7,27903,35280539,Jeremy Sarmiento,2002-06-16,459,,,16,
7,27903,31092068,Adilson Malanda,2001-10-29,17,,,29,
10,27903,30851415,Toby Collyer,2004-01-03,462,,,15,
10,27903,6582,Matt Ingram,1993-12-18,462,,,13,
10,27903,37342613,Brayann Pereira,2003-05-21,17,,,,
10,27903,8047,Krystian Bielik,1998-01-04,2,,,5,
10,27903,37590843,Nolan Galves,2003-07-23,17,,,25,
10,27903,37596065,Harry Whitwell,2005-11-16,462,,,29,
10,27903,17176170,Aune Heggebø,2001-07-29,1578,,,19,
10,27903,37544313,Alex Williams,2005-01-02,515,,,28,
10,27903,339083,Chris Mepham,1997-11-05,515,,,2,
10,27903,378560,Mikey Johnston ,1999-04-19,1161,,,10,
10,27903,37657252,Rabby Nzingoula,2005-11-25,17,,,20,
10,27903,37344240,Isaac Price,2003-09-26,491,,,21,
10,27903,455797,Felix Horn Myhre,1999-03-04,1578,,,7,
10,27903,37735519,Kareem Tunde,2005-08-19,32,,,26,
10,27903,37589606,Jimmy-Jay Morgan,2006-01-21,462,,,11,
10,27903,20692335,Ousmane Diakité,2000-07-25,26,,,17,
10,27903,37656960,Ollie Bostock,2007-02-20,515,,,37,
10,27903,37550461,Tammer Bany,2003-10-19,320,,,23,
10,27903,5801,Conor Townsend,1993-03-04,462,,,22,
10,27903,17177615,George Campbell,2001-06-22,3483,,,6,
10,27903,3177,Max O'Leary,1996-10-10,462,,,1,
10,27903,10351,Callum Styles,2000-03-27,674,,,4,
10,27903,581003,Jayson Molumby,1999-08-06,455,,,8,
10,27903,1494396,Nat Phillips,1997-03-21,462,,,3,
10,27903,37911049,Barney Stewart,2004-04-07,1161,,,9,
12,27903,25217725,Taylor Gardner-Hickman,2001-12-30,462,,,,
12,27903,37259158,Jay Stansfield,2002-11-24,462,,,28,
12,27903,448422,Seung-ho Paik,1997-03-17,712,,,8,
12,27903,37563866,Jhon Solís,2004-10-03,353,,,14,
12,27903,4277,Patrick Roberts,1997-02-05,462,,,16,
12,27903,1494374,Alex Cochrane,2000-04-21,462,,,20,
12,27903,4545516,Liam Millar,1999-09-27,1004,,,,
12,27903,33591,Phil Neumann,1997-07-08,11,,,5,
12,27903,1494372,Max Bird ,2000-09-18,462,,,18,
12,27903,5317,Dael Fry,1997-08-30,462,,,23,
12,27903,2725,Ryan Allsop,1992-06-17,462,,,21,
12,27903,24799962,Kristoffer Lund,2002-05-14,320,,,25,
12,27903,6580,Bright Osayi-Samuel,1997-12-31,716,,,26,
12,27903,4977687,Carlos Vicente,1999-04-23,32,,,7,
12,27903,4536522,Ethan Laird ,2001-08-05,462,,,2,
12,27903,12790053,Kanya Fujimoto,1999-07-01,479,,,27,
12,27903,3502642,Christoph Klarer ,2000-06-14,143,,,4,
12,27903,32387141,Luis Vázquez,2001-04-24,44,,,32,
12,27903,31757,Marvin Ducksch,1994-03-07,11,,,33,
12,27903,319375,Tomoki Iwata,1997-04-07,479,,,24,
12,27903,1572,Demarai Gray,1996-06-28,1640,,,10,
12,27903,172985,Scott Wright,1997-08-08,1161,,,11,
12,27903,37603723,August Priske,2004-03-23,320,,,9,
12,27903,37391461,James Beadle,2004-07-16,462,,,1,
16,27903,37590770,David Watson,2005-02-12,1161,,,12,
16,27903,3219366,Rúben Rodrigues,1996-08-02,20,,,20,
16,27903,33186828,Xavier Simons,2003-02-20,462,,,4,
16,27903,785924,Theo Bair,1999-08-27,1004,,,,
16,27903,38207038,Toby Ritchie,2008-03-15,462,,,54,
16,27903,37527764,Atsuki Ito,1998-08-11,479,,,,
16,27903,6285,Ben Davies,1995-08-11,462,,,6,
16,27903,2306,Cyrus Christie,1992-09-30,455,,,29,
16,27903,488060,John McAtee,1999-07-23,462,,,45,
16,27903,2835,Jack Bonham,1993-09-14,455,,,1,
16,27903,2483209,Ethan Erhahon,2001-05-09,1161,,,21,
16,27903,23717757,David Harrington,2000-07-01,455,,,23,
16,27903,1477764,Eoin Toal ,1999-02-15,491,,,18,
16,27903,174157,Ryan Hardie,1997-03-17,1161,,,39,
16,27903,37391216,Max Conway,2003-09-05,462,,,25,
16,27903,12562,Akin Famewo,1998-11-09,462,,,14,
16,27903,37350707,Luca Stephenson,2003-09-17,462,,,27,
16,27903,33186836,Samuel Iling-Junior,2003-10-04,462,,,16,
16,27903,16845996,Gavin Bazunu ,2002-02-20,455,,,31,
16,27903,383366,Gaizka Larrazabal,1997-12-17,32,,,22,
16,27903,23241281,Jayden Nelson,2002-09-26,1004,,,26,
16,27903,16845318,Thierry Gale,2002-05-01,33497,,,11,
16,27903,13355,Sam Dalby,1999-12-07,462,,,10,
16,27903,11705405,Lewis Brunt,2000-11-06,462,,,5,
16,27903,37590907,Kyliane Dong,2004-09-27,17,,,7,
16,27903,902,Josh Sheehan,1995-03-30,515,,,8,
16,27903,37579655,Chris Forino,2000-04-26,462,,,3,
21,27903,37607215,Nils Zätterström,2005-03-29,47,,,,
21,27903,37736940,Ehije Ukaki,2004-10-02,716,,,,
21,27903,581241,Tyrese Campbell,1999-12-28,462,,,23,
21,27903,6518,Hamza Choudhury,1997-10-01,462,,,8,
21,27903,1175,Patrick Bamford,1993-09-05,462,,,45,
21,27903,10310763,Liam Kitching,1999-09-25,462,,,,
21,27903,3884,Matt Doherty,1992-01-16,455,,,2,
21,27903,7835,Ben Brereton Díaz,1999-04-18,80,,,22,
21,27903,37567879,Sydie Peck,2004-09-13,462,,,42,
21,27903,3861827,Harrison Burrows,2002-01-12,462,,,14,
21,27903,20694519,Jamie Shackleton ,1999-10-08,462,,,16,
21,27903,26715430,Femi Seriki,2002-04-28,462,,,38,
21,27903,25399,Jaïro Riedewald,1996-09-09,38,,,44,
21,27903,5699,Adam Davies,1992-07-17,515,,,17,
21,27903,3533802,Michael Cooper,1999-10-08,462,,,1,
21,27903,37559762,Oliver Arblaster,2004-01-08,462,,,4,
21,27903,28912711,Mark McGuinness,2001-01-05,455,,,25,
21,27903,33991824,Tom Cannon,2002-12-28,462,,,9,
21,27903,1494236,Tahith Chong,1999-12-04,7437,,,19,
21,27903,8270,Callum O'Hare,1998-05-01,462,,,10,
21,27903,37642293,Ryan Oné,2006-06-26,1161,,,26,
21,27903,4613,Joe Rothwell,1995-01-11,462,,,7,
21,27903,37559763,Louie Marsh,2004-07-02,462,,,34,
21,27903,540290,Japhet Tanganga,1999-03-31,462,,,5,
21,27903,23223360,Sam McCallum,2000-09-02,462,,,3,
21,27903,7714340,Rhys Norrington-Davies,1999-04-22,515,,,30,
21,27903,37676667,Romelle Donovan,2006-11-30,462,,,11,
21,27903,37337720,Jamal Baptiste,2003-11-11,462,,,33,
21,27903,3354,Kalvin Phillips ,1995-12-02,462,,,27,
24,27903,9939201,Kenzo Goudmijn,2001-12-18,38,,,,
24,27903,3285,Alex Mowatt,1995-02-13,462,,,20,
24,27903,28912974,Eiran Cashin,2001-11-09,455,,,,
24,27903,8042,Ryan Hedges,1995-07-08,515,,,26,
24,27903,37580768,Henrik Meister,2003-11-13,320,,,19,
24,27903,37561117,David Ozoh,2005-05-06,462,,,,
24,27903,37622817,Mohammed Fuseini,2002-05-16,468,,,,
24,27903,18575194,Jacob Widell Zetterström,1998-07-11,47,,,1,
24,27903,8740,Sammie Szmodics,1995-09-24,462,,,11,
24,27903,37336803,Oscar Fraulo,2003-12-06,320,,,29,
24,27903,6618,Carlton Morris,1995-12-16,462,,,9,
24,27903,27440191,Filip Bilbija,2000-04-24,11,,,13,
24,27903,331382,Joe Ward,1995-08-22,462,,,23,
24,27903,455354,Rhian Brewster ,2000-04-01,462,,,10,
24,27903,8264,Corey Blackett-Taylor ,1997-09-23,462,,,33,
24,27903,1494341,Dion Sanderson,1999-12-15,462,,,28,
24,27903,5012,Josh Vickers,1995-12-01,462,,,31,
24,27903,2326,Craig Forsyth,1989-02-24,1161,,,3,
24,27903,6470,Ryan Nyambe,1997-12-04,5790,,,24,
24,27903,37298102,Bobby Clark,2005-02-07,462,,,8,
24,27903,37528877,Max Johnston,2003-12-26,1161,,,22,
24,27903,37675649,Owen Eames,2006-11-01,462,,,37,
24,27903,3300,Charlie Taylor,1993-09-18,462,,,18,
24,27903,7636,Lewis Travis ,1997-10-16,462,,,27,
24,27903,151454,Lars-Jørgen Salvesen,1996-02-19,1578,,,15,
24,27903,37521190,Sondre Langås,2001-02-02,1578,,,6,
25,27903,4904,Daniel Bachmann ,1994-07-09,143,,,26,
25,27903,8481,Sam Walker,1991-10-02,462,,,24,
25,27903,37560186,Kévin Keben,2004-01-26,593,,,4,
25,27903,37580987,Rocco Vata,2005-04-18,1161,,,11,
25,27903,10634,Stephy Mavididi,1998-05-31,462,,,,
25,27903,37336993,Soumaïla Coulibaly,2003-10-14,17,,,,
25,27903,29323,Myron Boadu,2001-01-14,38,,,,
25,27903,9964067,Edo Kayembe,1998-06-03,1320,,,39,
25,27903,37915521,Branimir Mlacic,2007-03-12,266,,,29,
25,27903,23739107,Mattie Pollock,2001-09-28,462,,,6,
25,27903,10309703,Omar Traoré,1998-02-04,11,,,23,
25,27903,37762532,Nikoloz Chikovani,2007-06-21,,,,19,
25,27903,37726311,Leo Ramirez-Espain,2006-10-02,462,,,52,
25,27903,3526193,Martín Payero,1998-09-11,44,,,22,
25,27903,37609363,J. Grieves,2004-12-05,462,,,,
25,27903,37588236,Iker Bravo,2005-01-13,32,,,17,
25,27903,37675781,Michael Adu-Poku,2005-09-22,462,,,48,
25,27903,37550435,James Clarridge,2004-05-08,462,,,53,
25,27903,25591503,Jordan Zemura,1999-11-14,2325,,,33,
25,27903,37675776,Albert Eames,2005-09-20,462,,,56,
25,27903,13999,Marc Bola,1997-12-09,462,,,16,
25,27903,37693999,Mamadou Doumbia,2006-02-18,26,,,20,
25,27903,32796084,Hector Kyprianou,2001-05-27,116,,,5,
25,27903,37672471,Othmane Maamma,2005-10-06,1424,,,7,
25,27903,37546379,Edoardo Bove,2002-05-16,251,,,8,
25,27903,37726312,Amin Nabizada,2007-06-21,462,,,21,
25,27903,130180,Federico Ravaglia ,1999-11-11,251,,,1,
25,27903,37591584,Luca Kjerrumgaard,2003-02-09,320,,,9,
26,27903,13477,Ben Wilmot,1999-11-04,462,,,16,
26,27903,22528535,Josh Griffiths,2001-09-05,462,,,24,
26,27903,6634,Ben Pearson,1995-01-04,462,,,4,
26,27903,37696190,Luca Bombino,2006-07-10,3483,,,21,
26,27903,581199,Ben Johnson,2000-01-24,462,,,2,
26,27903,37689682,Gabriel Kelly,2006-12-07,455,,,59,
26,27903,37448754,Jack McGlynn,2003-07-07,3483,,,,
26,27903,37541456,Justin Devenny,2003-10-11,491,,,,
26,27903,37546619,Tomas Rigo,2002-07-03,401,,,19,
26,27903,182277,Róbert Boženík,1999-11-18,401,,,9,
26,27903,37718816,Laurence Giani,2008-03-11,462,,,52,
26,27903,18226,Sorba Thomas,1999-01-25,515,,,7,
26,27903,1723,Ben Gibson ,1993-01-15,462,,,23,
26,27903,191210,Svante Ingelsson,1998-06-14,47,,,6,
26,27903,37259951,Maksym Taloverov ,2000-06-28,86,,,40,
26,27903,37705618,Djibril Soumaré,2003-01-07,200,,,27,
26,27903,37621326,Jun-ho Bae,2003-08-21,712,,,10,
26,27903,37714111,Tyler Martin,2007-12-25,462,,,58,
26,27903,192847,Viktor Johansson,1998-09-14,47,,,1,
26,27903,37580983,Luke Graham,2004-02-11,1161,,,5,
26,27903,37709987,Freddie Anderson ,2006-10-23,462,,,43,
26,27903,23661353,Million Manhoef,2002-01-03,38,,,42,
26,27903,5283846,Ethan Galbraith,2001-05-11,491,,,8,
26,27903,5967748,Eric-Junior Bocat,1999-07-16,17,,,17,
26,27903,7577,George Hirst,1999-02-15,1161,,,15,
26,27903,37391183,Bosun Lawal,2003-05-30,716,,,18,
26,27903,4246,Sam Gallagher,1995-09-15,462,,,20,
27,27903,1448,Ashley Barnes,1989-10-30,462,,,,
27,27903,37593168,Jaydon Banel,2004-10-19,38,,,,
27,27903,54191,Igor Julio,1998-02-07,5,,,,
27,27903,37291444,Andréas Hountondji,2002-07-11,17,,,17,
27,27903,883,Ben Amos,1990-04-10,462,,,13,
27,27903,37687946,Lluc Castell,2006-09-19,32,,,,
27,27903,10966261,Reo Hatate,1997-11-21,479,,,,
27,27903,434242,Grégoire Coudert,1999-04-03,17,,,37,
27,27903,538850,Mike Tresor,1999-05-28,556,,,31,
27,27903,9939197,Shurandy Sambo,2001-08-19,7437,,,20,
27,27903,23697427,Armando Broja,2001-09-10,2454,,,27,
27,27903,7176,Joe Worrall,1997-01-10,462,,,4,
27,27903,28912768,Aaron Ramsey,2003-01-21,462,,,21,
27,27903,13981024,Largie Ramazani,2001-02-27,556,,,19,
27,27903,37261110,Zeki Amdouni,2000-12-04,62,,,11,
27,27903,37548599,Max Alleyne,2005-07-21,462,,,3,
27,27903,37423033,Ugo Raghouber,2003-07-13,17,,,8,
27,27903,537316,Zian Flemming,1998-08-01,38,,,19,
27,27903,37582278,Max Weiß,2004-06-15,11,,,1,
27,27903,911,Kyle Walker,1990-05-28,462,,,2,
27,27903,37584176,Lucas Pires,2001-03-24,5,,,23,
27,27903,340344,Marcus Edwards,1998-12-03,462,,,10,
27,27903,37259181,Bashir Humphreys,2003-03-15,462,,,6,
27,27903,37260000,Oliver Sonne,2000-11-10,338,,,22,
27,27903,5410,Connor Roberts,1995-09-23,515,,,14,
27,27903,37316858,Hannibal,2003-01-21,1439,,,28,
27,27903,37725233,Dastan Satpaev,2008-08-12,2427,,,12,
27,27903,32792,Jacob Bruun Larsen,1998-09-19,320,,,7,
27,27903,7987,Josh Laurent,1995-05-06,462,,,29,
27,27903,7118,Anel Ahmedhodzic ,1999-03-26,507,,,15,
27,27903,459480,Hjalmar Ekdal,1998-10-21,47,,,18,
29,27903,36084757,Boubacar Traoré,2001-08-20,26,,,12,
29,27903,529664,Rafiki Saïd,2000-03-15,364678,,,,
29,27903,80902,Ladislav Krejci,1999-04-20,245,,,37,
29,27903,37666648,Sean Neave,2007-05-27,462,,,,
29,27903,37551836,Jackson Tchatchoua,2001-09-14,593,,,38,
29,27903,159483,José Sá,1993-01-17,20,,,1,
29,27903,1008,Sam Johnstone,1993-03-25,462,,,31,
29,27903,37559772,Jordan James,2004-07-02,515,,,8,
29,27903,890,John Ruddy,1986-10-24,462,,,,
29,27903,539969,João Virgínia,1999-10-10,20,,,13,
29,27903,37661374,Tom Edozie,2006-05-18,462,,,74,
29,27903,3301,Daniel Bentley,1993-07-13,462,,,25,
29,27903,37400484,Yerson Mosquera,2001-05-02,353,,,15,
29,27903,459653,Santiago Bueno,1998-11-09,158,,,4,
29,27903,1016,Kieran Trippier,1990-09-19,462,,,2,
29,27903,37526007,André,2001-07-16,5,,,7,
29,27903,37560802,Nasser Djiga,2002-11-15,607,,,34,
29,27903,9605714,Tommy Doyle,2001-10-17,462,,,20,
29,27903,37729609,Pedro Lima,2006-07-01,5,,,17,
29,27903,2951,Adam Armstrong,1997-02-10,462,,,10,
29,27903,33166012,David Møller Wolfe,2002-04-23,1578,,,6,
29,27903,289398,Marshall Munetsi,1996-06-22,2325,,,5,
29,27903,37354841,Rodrigo Gomes,2003-07-07,20,,,21,
29,27903,37286738,Hugo Bueno,2002-09-18,32,,,3,
29,27903,37357499,Tawanda Chirewa,2003-10-12,462,,,23,
29,27903,29303604,Toti ,1999-01-16,20,,,24,
29,27903,37663391,Fer López,2004-05-24,32,,,28,
29,27903,37738333,Mateus Mané,2007-09-16,462,,,36,
29,27903,160217,Raúl Jiménez,1991-05-05,458,,,9,
30,27903,37778220,Joseph Opoku,2005-08-08,,,,30,
30,27903,37546753,Jenson Seelt,2003-05-23,38,,,3,
30,27903,37609526,Tom Iorpenda,2005-04-06,462,,,16,
30,27903,1649,Jay Fulton,1994-04-01,1161,,,4,
30,27903,175530,Ross Stewart,1996-07-11,1161,,,31,
30,27903,7687676,Ben Cabango ,2000-05-30,515,,,5,
30,27903,37687959,Tiago Parente,2006-06-12,20,,,20,
30,27903,36074367,Leo Walta,2003-06-24,1233,,,21,
30,27903,37668912,Joseph Opoku,2004-08-23,468,,,30,
30,27903,8372,Andy Fisher,1998-02-12,462,,,1,
30,27903,23697933,Zan Vipotnik,2002-03-18,1638,,,9,
30,27903,37789592,Carter Heywood,2009-04-09,,,,50,
30,27903,37560485,Filip Lissah,2004-12-08,462,,,26,
30,27903,3861723,Josh Key,1999-11-19,462,,,2,
30,27903,1596,Josh Tymon,1999-05-22,462,,,14,
30,27903,37592742,Melker Widell,2002-04-19,47,,,7,
30,27903,540672,Stephen Welsh,2000-01-19,1161,,,23,
30,27903,371386,Stephen Eustaquio,1996-12-21,1004,,,46,
30,27903,3533830,Adam Idah,2001-02-11,455,,,33,
30,27903,37732207,Thomas Woodward,2006-12-09,,,,44,
30,27903,30466796,Ronald,2001-06-14,5,,,35,
30,27903,37341836,Marko Stamenić,2002-02-19,2817,,,6,
30,27903,5640904,Elijah Just,2000-05-01,2817,,,8,
30,27903,37652954,Moussa Yeo,2004-06-01,26,,,49,
30,27903,9372,Lawrence Vigouroux,1993-11-19,80,,,22,
30,27903,37342723,Ji-sung Eom,2002-05-09,712,,,10,
33,27903,37651081,Elliot Myles,2007-01-20,515,,,,
33,27903,33577252,Mirko Topić ,2001-02-05,296,,,,
33,27903,37625846,Ali Ahmed,2000-10-10,1004,,,,
33,27903,37552837,Jovon Makama,2004-02-02,462,,,,
33,27903,37747930,Bruno Alves,2005-08-04,5,,,28,
33,27903,172385,Kenny McLean ,1992-01-08,1161,,,23,
33,27903,24837496,José Córdoba,2001-06-03,65437,,,33,
33,27903,8403173,Paris Maghoma,2001-05-08,462,,,25,
33,27903,339122,Harry Darling,1999-08-08,462,,,6,
33,27903,37677550,Papa Amadou Diallo,2004-06-25,200,,,19,
33,27903,7386788,Vladan Kovacevic,1998-04-11,507,,,1,
33,27903,37282898,Ben Chrisene,2004-01-12,462,,,14,
33,27903,37612626,Jacob Wright,2005-09-21,462,,,16,
33,27903,537279,Daniel Grimshaw,1998-01-16,462,,,32,
33,27903,37586696,Ruairi McConville,2005-05-01,491,,,15,
33,27903,37357411,Anis Ben Slimane,2001-03-16,1439,,,20,
33,27903,37553211,Kellen Fisher,2004-05-05,462,,,35,
33,27903,37643592,Oscar Schwartau,2006-05-17,320,,,29,
33,27903,1685,Sam Field,1998-05-08,462,,,26,
33,27903,35271244,Darlin Yongwa,2000-09-22,593,,,13,
33,27903,5917,Jack Stacey,1996-04-06,462,,,3,
33,27903,37341957,Ante Crnac ,2003-12-17,266,,,17,
33,27903,37391640,Andre Brooks,2003-08-20,462,,,11,
33,27903,37522719,Mathias Kvistgaarden,2002-04-15,320,,,30,
33,27903,32404512,Anthony Musaba,2000-12-06,38,,,49,
33,27903,33576939,Pelle Mattsson,2001-08-04,320,,,7,
33,27903,37359803,Mohamed Touré,2004-03-26,98,,,21,
47,27903,37262034,Calum Ward,2000-10-17,462,,,13,
47,27903,37326106,Harvey Vale,2003-09-11,462,,,20,
47,27903,4620,Jake Clarke-Salter,1997-09-22,462,,,6,
47,27903,37735348,Richard Kone,2003-07-15,23,,,22,
47,27903,10504,Glen Kamara,1995-10-28,1233,,,18,
47,27903,37657353,Isak Alemayehu,2006-10-11,47,,,23,
47,27903,537313,Boy Kemper,1999-06-21,38,,,12,
47,27903,24817483,Liam Morrison,2003-04-07,1161,,,4,
47,27903,37554913,Pierce Charles,2005-07-21,462,,,1,
47,27903,15083970,Koki Saito,2001-08-10,479,,,14,
47,27903,37544724,Alfie Lloyd,2003-04-30,462,,,15,
47,27903,37547545,Justin Obikwu ,2004-05-06,462,,,25,
47,27903,37350031,Ronnie Edwards,2003-03-28,462,,,5,
47,27903,37539566,Jonathan Varane,2001-09-09,17,,,40,
47,27903,537767,Nicolas Madsen,2000-03-17,320,,,24,
47,27903,37622486,Kealey Adamson,2003-02-17,98,,,2,
47,27903,37550624,Matteo Salamon,2004-02-18,462,,,,
47,27903,149574,Paul Smyth,1997-09-10,491,,,11,
47,27903,65516,Ilias Chair,1997-10-30,1424,,,10,
47,27903,37532822,Amadou Mbengue,2002-01-05,200,,,27,
47,27903,23697537,Dennis Cirkin,2002-04-06,462,,,19,
47,27903,9308200,Tariq Lamptey,2000-09-30,468,,,48,
47,27903,23739105,Rumarn Burrell,2000-12-16,462,,,16,
47,27903,539622,Jimmy Dunne  ,1997-10-19,455,,,3,
47,27903,37285030,Kwame Poku,2001-08-11,462,,,17,
64,27903,3342,Joel Coleman,1995-09-26,462,,,43,
64,27903,2475,Massimo Luongo,1992-09-25,98,,,,
64,27903,37550766,Mathis Servais,2004-11-23,556,,,,
64,27903,28575720,Filip Marschall,2003-04-24,462,,,,
64,27903,37610432,Romain Esse,2005-05-13,462,,,,
64,27903,174296,Lyndon Dykes,1995-10-07,1161,,,13,
64,27903,4014,Danny Batth,1990-09-21,462,,,23,
64,27903,5173,Ryan Leonard,1992-05-24,462,,,18,
64,27903,37911352,Ra'ees Bangura-Williams,2004-07-02,5724,,,31,
64,27903,26715260,Femi Azeez,2001-06-05,462,,,11,
64,27903,16136250,Lukas Jensen ,1999-03-18,320,,,1,
64,27903,33991728,Caleb Taylor,2003-01-14,462,,,6,
64,27903,37579793,Derek Mazou-Sacko,2004-10-06,17,,,49,
64,27903,37599261,Daniel Kelly,2005-10-03,1161,,,16,
64,27903,5971,Jake Cooper,1995-02-03,462,,,5,
64,27903,37733316,Sacha Tsugita Vieira,,,,,51,
64,27903,539967,J. Osei-Tutu,1998-10-02,462,,,2,
64,27903,23739135,Luke Cundle,2002-04-26,462,,,25,
64,27903,37610433,Zak Lovelace,2006-01-23,462,,,29,
64,27903,37546792,Camiel Neghli,2001-11-06,614,,,10,
64,27903,37553446,Jenson Metcalfe,2004-09-06,462,,,14,
64,27903,37609422,Kyrell Lisbie,2003-12-01,462,,,22,
64,27903,37561914,Taïryk Arconte,2003-11-12,17,,,7,
64,27903,28932254,Josh Coburn,2002-12-06,462,,,19,
64,27903,62683,Casper De Norre,1997-02-07,556,,,24,
64,27903,149231,Mark Sykes,1997-08-04,491,,,17,
64,27903,37540691,Elkan Baggott,2002-10-23,88407,,,12,
64,27903,11695,Max Crocombe,1993-08-12,2817,,,15,
64,27903,37610426,Alfie Massey,2006-01-18,462,,,44,
64,27903,37350709,Zak Sturge,2004-06-15,462,,,3,
65,27903,9438,Aaron Ramsdale,1998-05-14,462,,,,
65,27903,3507,George Long,1993-11-05,462,,,25,
65,27903,37583502,Zach Abbott,2006-05-13,462,,,,
65,27903,37594987,Princewill Ehibhatiomhan,2005-10-20,462,,,40,
65,27903,3466,Jamie Jones,1989-02-18,462,,,,
65,27903,1155,James Ward-Prowse,1994-11-01,462,,,30,
65,27903,37622823,Romeo Akachukwu,2006-07-28,455,,,29,
65,27903,37451258,Welington,2001-02-19,5,,,34,
65,27903,37316841,Samuel Edozie,2003-01-28,462,,,23,
65,27903,37588370,Joshua Quarshie,2004-07-26,11,,,17,
65,27903,28912777,Cameron Archer,2001-12-09,462,,,19,
65,27903,1393,Jack Stephens ,1994-01-27,462,,,5,
65,27903,7835,Ben Brereton Díaz,1999-04-18,80,,,22,
65,27903,28912855,Lewis Dobbin,2003-01-03,462,,,11,
65,27903,1525219,Daniel Peretz,2000-07-10,802,,,1,
65,27903,23278675,Taylor Harwood-Bellis,2002-01-30,462,,,6,
65,27903,37365883,Divin Mubama,2004-10-25,462,,,28,
65,27903,37540851,Léo Scienza,1998-09-13,5,,,7,
65,27903,37561127,Cameron Bragg,2004-10-28,462,,,26,
65,27903,2178933,Keven Schlotterbeck,1997-04-28,11,,,13,
65,27903,37616360,Kuryu Matsuki,2003-04-30,479,,,27,
65,27903,262216,Cyle Larin,1995-04-17,1004,,,9,
65,27903,28913058,Tom Fellows,2003-07-25,462,,,18,
65,27903,7640,Ryan Manning ,1996-06-14,455,,,3,
65,27903,6513,James Bree,1997-12-11,462,,,14,
65,27903,518749,Flynn Downes,1999-01-20,462,,,4,
65,27903,3188067,Nathan Wood,2002-05-31,462,,,15,
65,27903,1494388,Finn Azaz ,2000-09-07,462,,,10,
69,27903,37391247,Matthew Turner,2002-03-27,515,,,41,
69,27903,3530,Callum Robinson,1995-02-02,455,,,47,
69,27903,37913248,Rob Tankiewicz,2009-06-12,,,,33,
69,27903,581129,Nathan Trott,1998-11-21,462,,,1,
69,27903,28575660,Harry Tyrer,2001-12-06,462,,,30,
69,27903,38220069,Noah Anyadike,2011-05-19,515,,,40,
69,27903,581142,Gabriel Osho,1998-08-14,462,,,4,
69,27903,37612654,Joel Colwill,2004-10-27,515,,,27,
69,27903,37565676,Calum Scanlon,,462,,,23,
69,27903,8047,Krystian Bielik,1998-01-04,2,,,5,
69,27903,9939404,Isaak Davies,2001-09-25,515,,,39,
69,27903,24081649,Rubin Colwill,2002-04-27,515,,,10,
69,27903,37293781,Ollie Tanner,2002-05-13,462,,,11,
69,27903,37391470,Joel Bagan,2001-09-03,462,,,3,
69,27903,173160,David Turnbull,1999-07-10,1161,,,14,
69,27903,37550074,Cian Ashford,2004-09-24,515,,,45,
69,27903,338938,Chris Willock,1998-01-31,462,,,16,
69,27903,37667248,Ronan Kpakio,2007-05-25,515,,,44,
69,27903,37328092,Jack Moylan,2001-09-01,455,,,8,
69,27903,37577454,Yousef Salech,2002-01-17,320,,,9,
69,27903,9203,Perry Ng,1996-06-24,462,,,38,
69,27903,28912759,Alex Robertson,2003-04-17,98,,,18,
99,27903,37679633,Max Wilson,2007-01-30,462,,,,
99,27903,37544599,Jusef Erabi,2003-06-08,47,,,9,
99,27903,37391514,Alfie Devine,2004-08-01,462,,,7,
99,27903,2812,Lee Nicholls,1992-10-05,462,,,21,
99,27903,37536533,Stanley Mills,2003-10-25,462,,,17,
99,27903,37564402,Johnny Kenny,2003-06-06,455,,,,
99,27903,37357498,Liam Gibbs,2002-12-16,462,,,,
99,27903,9522,Andrew Hughes,1992-06-05,515,,,16,
99,27903,22145386,Léo Leroy,2000-02-14,17,,,27,
99,27903,5283704,Milutin Osmajic,1999-07-25,998,,,28,
99,27903,37733208,Ed Nolan,,,,,32,
99,27903,174158,Jordan Thompson,1997-01-03,491,,,15,
99,27903,37259188,Odeluga Offiah,2002-10-26,462,,,24,
99,27903,37436347,Thierry Small,2004-08-01,462,,,11,
99,27903,2823410,Lewis Gibson,2000-07-19,462,,,19,
99,27903,581238,Daniel Iversen,1997-07-19,320,,,1,
99,27903,3181434,Pol Valentín,1997-02-21,32,,,2,
99,27903,38202108,George Gryba,,462,,,30,
99,27903,12543,Jordan Storey,1997-09-02,462,,,14,
99,27903,37287498,Andrew Moran,2003-10-15,455,,,23,
99,27903,378921,Ali McCann,1999-12-04,1161,,,8,
99,27903,518751,Callum Lang,1998-09-08,462,,,10,
99,27903,37525712,Caleb Wiley ,2004-12-22,3483,,,12,
99,27903,147556,Andrija Vukcevic,1996-10-11,998,,,3,
99,27903,9279559,Delano Burgzorg,1998-11-07,38,,,37,
99,27903,173032,Liam Lindsay,1995-10-12,1161,,,6,
99,27903,7026563,Harry Clarke,2001-03-02,462,,,4,
122,27903,6182,Jed Wallace,1994-03-26,462,,,17,
122,27903,28575697,Lorent Tolaj,2001-10-23,62,,,9,
122,27903,37363316,Gibson Yah,2003-09-27,38,,,27,
122,27903,537116,Brad Collins,1997-02-18,462,,,40,
122,27903,1494694,Elijah Adebayo,1998-01-07,462,,,45,
122,27903,33587428,Brian De Keersmaecker,2000-05-06,556,,,,
122,27903,28912735,Lewis Thomas,2002-02-08,462,,,,
122,27903,37608862,Yu Hirakawa,2001-01-03,479,,,7,
122,27903,3502650,Rob Atkinson,1998-07-13,462,,,5,
122,27903,25591532,Adam Randell,2000-10-01,462,,,4,
122,27903,37391534,Sam Bell,2002-05-23,462,,,11,
122,27903,581156,Emil Riis,1998-06-24,320,,,18,
122,27903,1494237,George Tanner,1999-11-16,462,,,19,
122,27903,28912710,Sam Greenwood,2002-01-26,462,,,20,
122,27903,23715943,Noah Eile,2002-07-19,47,,,38,
122,27903,5433,Joe Williams,1996-12-08,462,,,8,
122,27903,37609085,Lisav Naif Eissat ,2005-01-13,802,,,2,
122,27903,37560892,Dom Ballard,2005-04-01,462,,,23,
122,27903,9674,Scott Twine,1999-07-14,462,,,10,
122,27903,37391572,Sam Tickle,2002-03-31,462,,,1,
122,27903,4592196,Jason Knight ,2001-02-13,455,,,12,
122,27903,4545347,Tomi Horvat,1999-03-24,1638,,,14,
122,27903,6608242,Cameron Pring ,1998-01-22,462,,,3,
122,27903,8085,Rob Dickie,1996-03-03,462,,,16,
122,27903,37651070,Rio Cardines,2006-07-01,2228,,,21,
283,27903,3282,Danny Ward,1993-06-22,515,,,21,
283,27903,22201,Dan Scarr,1994-12-24,462,,,24,
283,27903,33587292,Sebastian Revan ,2003-07-14,462,,,,
283,27903,37909253,Joe Rees,2008-01-09,462,,,,
283,27903,8270,Callum O'Hare,1998-05-01,462,,,17,
283,27903,7176,Joe Worrall,1997-01-10,462,,,6,
283,27903,332126,Sam Smith,1998-03-08,462,,,28,
283,27903,37416691,Danny Imray,2003-07-27,462,,,30,
283,27903,581062,Nathan Broadhead,1998-04-05,515,,,33,
283,27903,4611,George Dobson,1997-11-15,462,,,15,
283,27903,9798,Oliver Rathbone,1996-10-10,462,,,20,
283,27903,378812,Davis Keillor-Dunn,1997-11-02,462,,,7,
283,27903,2237,Matty James,1991-07-22,462,,,37,
283,27903,10310312,Lewis O'Brien,1998-10-14,462,,,27,
283,27903,9686,Ben Whiteman,1996-06-17,462,,,8,
283,27903,37395420,George Thomason,2001-01-12,462,,,14,
283,27903,3502645,Ryan Longman,2000-11-06,462,,,47,
283,27903,5681,Kieffer Moore,1992-08-08,515,,,19,
283,27903,37591971,Jacques Ekomié,2003-08-19,3662,,,3,
283,27903,37306825,Max Cleworth,2002-08-09,515,,,4,
283,27903,13489,Dominic Hyam,1995-12-20,1161,,,5,
283,27903,7250,Zak Vyner,1997-05-14,462,,,26,
283,27903,37537875,Callum Doyle,2003-10-03,462,,,2,
283,27903,37562822,Bailey Cadamarteri,2005-05-09,462,,,11,
283,27903,11799,Josh Windass,1994-01-09,462,,,10,
283,27903,4969692,Anthony Patterson,2000-05-10,462,,,22,
283,27903,30446925,Issa Kaboré,2001-05-12,607,,,12,
305,27903,37731312,Charlie Parks,2007-04-19,462,,,,
305,27903,37644132,Mikkel Ladefoged,2003-06-09,320,,,11,
305,27903,37625047,Ethan Wheatley,2006-01-20,462,,,29,
305,27903,28575699,Daniel Oyegoke,2003-01-03,462,,,,
305,27903,122090,Chiedozie Ogbene,1997-05-01,455,,,,
305,27903,3861325,Tom Hamer,1999-10-01,462,,,22,
305,27903,2875883,Ben House,1999-07-05,1161,,,18,
305,27903,37593191,Andrei Coubiș,2003-09-29,155,,,4,
305,27903,2206671,Tom Bayliss,1999-04-06,462,,,8,
305,27903,1640,Tendayi Darikwa ,1991-12-13,2325,,,2,
305,27903,37667253,Mason Melia,2007-09-22,455,,,10,
305,27903,37552836,Freddie Draper,2004-07-28,462,,,34,
305,27903,37709434,Yunus Konak,2006-01-10,404,,,26,
305,27903,7026572,George Wickens,2001-11-08,462,,,1,
305,27903,37255787,Dom Jefferies,2002-05-22,515,,,16,
305,27903,37285035,Josh Honohan ,2001-03-28,455,,,23,
305,27903,37391497,Rob Street,2001-09-26,462,,,17,
305,27903,2663,Adam Reach,1993-02-03,462,,,3,
305,27903,24092472,Joe Gauci,2000-07-04,98,,,46,
305,27903,37566514,Ivan Varfolomeev,2004-03-24,86,,,24,
305,27903,6332,Conor McGrandles,1995-09-24,1161,,,14,
305,27903,20708615,Tanto Olaofe,1999-11-21,462,,,19,
305,27903,37391533,Ryley Towler,2002-05-06,462,,,6,
305,27903,1494679,Reeco Hackett,1998-01-09,462,,,7,
305,27903,37559801,Deji Elerewe,2003-09-14,462,,,25,
305,27903,3320,Callum Elder,1995-01-27,98,,,20,
3,28083,37781519,Jocelin Ta Bi,2005-02-09,23,,,37,
3,28083,37342615,Abdoullah Ba,2003-07-31,17,,,46,
3,28083,2891,Simon Moore,1990-05-19,462,,,21,
3,28083,37581992,Habib Diarra,2004-01-03,200,,,19,
3,28083,12433171,Dan Ballard,1999-09-22,491,,,5,
3,28083,7026744,Enzo Le Fée,2000-02-03,17,,,28,
3,28083,1887,Granit Xhaka ,1992-09-27,62,,,34,
3,28083,37259208,Romaine Mundle,2003-04-24,462,,,14,
3,28083,7330507,Brian Brobbey,2002-02-01,38,,,9,
3,28083,37567350,Nilson Angulo,2003-06-19,459,,,10,
3,28083,24816771,Trai Hume,2002-03-18,491,,,32,
3,28083,163108,Reinildo Mandava,1994-01-21,6783,,,17,
3,28083,5666460,Wilson Isidor,2000-08-27,2177,,,18,
3,28083,37734644,Dayann Méthalie,2006-02-15,5120,,,,
3,28083,37630179,Noah Sadiki,2004-12-17,1320,,,27,
3,28083,97669,Nordi Mukiele,1997-11-01,17,,,20,
3,28083,33079,Kevin Danso,1998-09-19,143,,,,
3,28083,37937839,Jules Ahoka,2006-05-08,,,,29,
3,28083,2875848,Aji Alese,2001-01-17,462,,,,
3,28083,3449,Alan Browne,1995-04-15,455,,,,
3,28083,37590635,Malick Fofana,2005-03-31,556,,,,
3,28083,37761771,Juan Riquelme Angulo Caiced,2008-01-12,,,,,
3,28083,37590634,Chemsdine Talbi,2005-05-09,1424,,,7,
3,28083,37397144,Robin Roefs,2003-01-17,38,,,22,
3,28083,37325016,Melker Ellborg,2003-05-22,47,,,31,
3,28083,5999,Luke O'Nien,1994-11-21,462,,,13,
3,28083,61517,Thomas Meunier,1991-09-12,556,,,12,
3,28083,258137,Omar Alderete,1996-12-26,1190,,,15,
3,28083,37598297,Chris Rigg,2007-06-18,462,,,11,
6,28083,540476,Brandon Austin,1999-01-08,462,,,40,
6,28083,37317392,Xavi Simons ,2003-04-21,38,,,7,
6,28083,14338024,Dejan Kulusevski,2000-04-25,47,,,21,
6,28083,33079,Kevin Danso,1998-09-19,143,,,4,
6,28083,37593240,Wilson Odobert ,2004-11-28,17,,,28,
6,28083,24818803,Jan Paul van Hecke,2000-06-08,38,,,6,
6,28083,80889,Martin Dúbravka,1989-01-15,401,,,39,
6,28083,5241,Tosin Adarabioyo,1997-09-24,462,,,,
6,28083,9938919,Mykhaylo Mudryk,2001-01-05,86,,,,
6,28083,37527169,Savinho,2004-04-10,5,,,,
6,28083,6838,James Maddison,1996-11-23,462,,,10,
6,28083,37607151,Lucas Bergvall,2006-02-02,47,,,15,
6,28083,37728388,Luca Williams-Barnett,2008-10-01,462,,,68,
6,28083,37593153,Mateus Fernandes,2004-07-10,20,,,18,
6,28083,989,Ben Davies,1993-04-24,515,,,33,
6,28083,4203,Dominic Solanke,1997-09-14,462,,,19,
6,28083,37581741,Archie Gray,2006-03-12,462,,,14,
6,28083,1078,Andrew Robertson,1994-03-11,1161,,,3,
6,28083,2823228,Sandro Tonali,2000-05-08,251,,,16,
6,28083,333797,Rodrigo Bentancur,1997-06-25,158,,,30,
6,28083,37651099,Mikey Moore,2007-08-11,462,,,47,
6,28083,219633,Richarlison,1997-05-10,5,,,9,
6,28083,37531504,Mathys Tel,2005-04-27,17,,,11,
6,28083,1494245,Conor Gallagher,2000-02-06,462,,,8,
6,28083,32777506,Destiny Udogie,2002-11-28,251,,,13,
6,28083,37430162,Antonín Kinský,2003-03-13,245,,,31,
6,28083,333989,Marcos Senesi,1997-05-10,44,,,5,
6,28083,37296248,Micky van de Ven ,2001-04-19,38,,,37,
6,28083,5640849,Mohammed Kudus,2000-08-02,468,,,20,
6,28083,294000,Omar Marmoush,1999-02-07,886,,,22,
6,28083,8456257,Pedro Porro,1999-09-13,32,,,23,
8,28083,14685650,Giorgi Mamardashvili,2000-09-29,119,,,25,
8,28083,37543607,James McConnell,2004-09-13,462,,,53,
8,28083,37316834,Harvey Davies,2003-09-03,462,,,95,
8,28083,37288979,Hugo Ekitiké ,2002-06-20,17,,,22,
8,28083,37685025,Giovanni Leoni ,2006-12-21,251,,,15,
8,28083,4357,Freddie Woodman,1997-03-04,462,,,28,
8,28083,309344,Wataru Endo,1993-02-09,479,,,3,
8,28083,1453,Joe Gomez ,1997-05-23,462,,,2,
8,28083,129836,Federico Chiesa,1997-10-25,251,,,14,
8,28083,37316835,Conor Bradley ,2003-07-09,491,,,12,
8,28083,37657770,Lewis Koumas,2005-09-19,515,,,67,
8,28083,469717,Ronald Araujo,1999-03-07,158,,,33,
8,28083,9606060,Vitezslav Jaros ,2001-07-23,245,,,,
8,28083,84627,Konstantinos Tsimikas,1996-05-12,125,,,21,
8,28083,37317369,Bradley Barcola,2002-09-02,17,,,,
8,28083,1743,Virgil van Dijk ,1991-07-08,38,,,4,
8,28083,34053,Alexander Isak,1999-09-21,47,,,9,
8,28083,30062,Cody Gakpo,1999-05-07,38,,,18,
8,28083,8403182,Jeremie Frimpong,2000-12-10,38,,,30,
8,28083,129820,Alisson,1992-10-02,5,,,1,
8,28083,37429246,Florian Wirtz,2003-05-03,11,,,7,
8,28083,37721333,Rio Ngumoha,2008-08-29,462,,,73,
8,28083,37595819,Víctor Muñoz,2003-07-13,32,,,23,
8,28083,5270462,Ryan Gravenberch,2002-05-16,38,,,38,
8,28083,37381778,Milos Kerkez,2003-11-07,674,,,6,
8,28083,785998,Dominik Szoboszlai,2000-10-25,674,,,8,
8,28083,37631909,Jérémy Jacquet,2005-07-13,17,,,5,
8,28083,216612,Alexis Mac Allister,1998-12-24,44,,,10,
8,28083,37669492,Trey Nyoni,2007-06-30,462,,,42,
9,28083,23269737,Nico González,2002-01-03,32,,,14,
9,28083,3268,Marcus Bettinelli,1992-05-24,462,,,13,
9,28083,294000,Omar Marmoush,1999-02-07,886,,,7,
9,28083,23697990,Jérémy Doku ,2002-05-27,556,,,11,
9,28083,21781428,Matheus Nunes,1998-08-27,20,,,27,
9,28083,1116,Jack Grealish,1995-09-10,462,,,18,
9,28083,23661272,Iliman Ndiaye,2000-03-06,200,,,,
9,28083,186418,Gerónimo Rulli,1992-05-20,44,,,28,
9,28083,24838234,Josh Wilson-Esbrand,2002-12-26,462,,,,
9,28083,37639080,Claudio Echeverri,2006-01-02,44,,,30,
9,28083,37702000,Allan,2004-04-19,5,,,,
9,28083,29709995,Enzo Fernández,2001-01-17,44,,,,
9,28083,37459073,Rico Lewis,2004-11-21,462,,,82,
9,28083,73147,Mateo Kovacic,1994-05-06,266,,,8,
9,28083,37717176,Ayyoub Bouaddi,2007-10-02,1424,,,32,
9,28083,21072805,Rayan Cherki,2003-08-17,17,,,10,
9,28083,13590962,Rayan Aït-Nouri,2001-06-06,614,,,21,
9,28083,10990678,Antoine Semenyo,2000-01-07,468,,,42,
9,28083,37562487,Nico O'Reilly,2005-03-21,462,,,33,
9,28083,162536,Rúben Dias,1997-05-14,20,,,3,
9,28083,336133,Phil Foden,2000-05-28,462,,,47,
9,28083,4536500,Marc Guéhi,2000-07-13,462,,,6,
9,28083,37720620,Ryan McAidoo,2008-06-24,462,,,56,
9,28083,37623459,Abdukodir Khusanov,2004-02-29,2426,,,45,
9,28083,154421,Erling Haaland,2000-07-21,1578,,,9,
9,28083,37728383,Kaden Braithwaite,2008-02-08,462,,,61,
9,28083,37689559,Vitor Reis,2006-01-12,5,,,22,
9,28083,129771,Gianluigi Donnarumma,1999-02-25,251,,,1,
9,28083,24838191,Josko Gvardiol,2002-01-23,266,,,24,
9,28083,332047,Elliot Anderson,2002-11-06,462,,,5,
11,28083,2285,Tom Cairney  ,1991-01-20,1161,,,10,
11,28083,37714583,Jonah Kusi-Asare,2007-07-04,47,,,18,
11,28083,25400,Kenny Tete,1995-10-09,6783,,,2,
11,28083,37593253,Gonzalo García,2004-03-24,32,,,7,
11,28083,6610,Ryan Sessegnon,2000-05-18,462,,,30,
11,28083,37656924,Josh King,2007-01-03,462,,,24,
11,28083,25284,Joachim Andersen,1996-05-31,320,,,5,
11,28083,37740887,Macauley Zepa,2008-07-07,,,,35,
11,28083,1881,Alex Iwobi,1996-05-03,716,,,17,
11,28083,37459029,Manuel Ángel,2004-03-15,32,,,,
11,28083,37581727,Luc De Fougerolles,2005-10-12,1004,,,44,
11,28083,37442672,Shea Charles,2003-11-05,462,,,19,
11,28083,581067,Antonee Robinson,1997-08-08,3483,,,33,
11,28083,95093,Benjamin Lecomte,1991-04-26,17,,,23,
11,28083,31342,Bernd Leno,1992-03-04,11,,,1,
11,28083,37628371,César Palacios,2004-11-11,32,,,8,
11,28083,37430894,Kevin,2003-01-04,5,,,11,
11,28083,540027,Calvin Bassey,1999-12-31,716,,,3,
11,28083,784373,Jorge Cuenca,1999-11-17,32,,,4,
11,28083,1409,Harrison Reed,1995-01-27,462,,,6,
11,28083,1494446,Emile Smith Rowe,2000-07-28,462,,,32,
11,28083,37286732,Oscar Bobb,2003-07-12,1578,,,14,
11,28083,37402350,Rodrigo Muniz,2001-05-04,5,,,9,
11,28083,62337,Timothy Castagne,1995-12-05,556,,,21,
11,28083,64193,Sander Berge,1998-02-14,1578,,,16,
11,28083,37259638,David Affengruber,2001-03-19,143,,,,
11,28083,37592738,Hugo Larsson ,2004-06-27,47,,,,
11,28083,37537757,Alex Borto,2003-11-06,3483,,,,
13,28083,6038,Tom King,1995-03-09,515,,,31,
13,28083,22169319,Mark Travers,1999-05-18,455,,,12,
13,28083,37561126,Tyler Dibling,2006-02-17,462,,,20,
13,28083,37259239,Tim Iroegbunam,2003-06-30,462,,,42,
13,28083,37528754,Jake O'Brien,2001-05-15,455,,,15,
13,28083,31609,Christian Nørgaard,1994-03-10,320,,,,
13,28083,4344,Ainsley Maitland-Niles,1997-08-29,462,,,,
13,28083,1116,Jack Grealish,1995-09-10,462,,,,
13,28083,37260638,Nathan Patterson,2001-10-16,1161,,,2,
13,28083,21773178,Beto,1998-01-31,20,,,9,
13,28083,537271,Vitaliy Mykolenko,1999-05-29,86,,,16,
13,28083,32404895,Jarrad Branthwaite,2002-06-27,462,,,4,
13,28083,37266009,Merlin Röhl,2002-07-05,11,,,34,
13,28083,25930790,Brennan Johnson,2001-05-23,515,,,22,
13,28083,881,Michael Keane,1993-01-11,462,,,5,
13,28083,37410255,Carlos Alcaraz,2002-11-30,44,,,24,
13,28083,25188269,Hayden Hackney ,2002-06-26,462,,,30,
13,28083,540613,Kiernan Dewsbury-Hall,1998-09-06,462,,,8,
13,28083,37590847,Thierno Barry,2002-10-21,17,,,11,
13,28083,37592037,Tyrique George,2006-02-04,462,,,19,
13,28083,37680389,Harrison Armstrong,2007-01-19,462,,,45,
13,28083,23661272,Iliman Ndiaye,2000-03-06,200,,,10,
13,28083,1639,James Tarkowski,1992-11-19,462,,,6,
13,28083,4536524,James Garner,2001-03-13,462,,,37,
13,28083,1826,Jordan Pickford,1994-03-07,462,,,1,
14,28083,537121,Mason Mount ,1999-01-10,462,,,7,
14,28083,893705,Manuel Ugarte ,2001-04-11,158,,,25,
14,28083,37317015,Amad Diallo ,2002-07-11,23,,,16,
14,28083,26768,Matthijs de Ligt ,1999-08-12,38,,,4,
14,28083,1454,Tom Heaton,1986-04-15,462,,,22,
14,28083,164061,Diogo Dalot,1999-03-18,20,,,2,
14,28083,529689,Bryan Mbeumo,1999-08-07,593,,,19,
14,28083,2206665,Lisandro Martínez,1998-01-18,44,,,6,
14,28083,9605680,Joshua Zirkzee,2001-05-22,38,,,11,
14,28083,37600357,Leny Yoro,2005-11-13,17,,,15,
14,28083,1878,Marcus Rashford,1997-10-31,462,,,9,
14,28083,37654112,Jack Fletcher,2007-03-19,462,,,,
14,28083,37678829,Tyler Fletcher,2007-03-19,1161,,,,
14,28083,37562129,Andrey Santos,2004-05-03,5,,,17,
14,28083,28912799,Dermot Mee,2002-11-20,491,,,,
14,28083,37675777,Harry Amass,2007-03-16,462,,,,
14,28083,37588823,Carlos Baleba,2004-01-03,593,,,,
14,28083,37653176,Patrick Dorgu,2004-10-26,320,,,13,
14,28083,62342,Youri Tielemans,1997-05-07,556,,,18,
14,28083,28716,Noussair Mazraoui,1997-11-14,1424,,,3,
14,28083,129602,Bruno Fernandes ,1994-09-08,20,,,8,
14,28083,37676786,Ayden Heaven,2006-09-22,462,,,26,
14,28083,37540234,Kobbie Mainoo,2005-04-19,462,,,37,
14,28083,24818280,Benjamin Sesko,2003-05-31,1638,,,30,
14,28083,2884,Harry Maguire,1993-03-05,462,,,5,
14,28083,1846739,Matheus Cunha,1999-05-27,5,,,10,
14,28083,23269670,Senne Lammens,2002-07-07,556,,,1,
14,28083,37665753,Shea Lacey,2007-04-14,462,,,31,
14,28083,955,Luke Shaw,1995-07-12,462,,,23,
14,28083,1397,Karl Darlow,1990-10-08,515,,,12,
15,28083,37621224,Luka Lynch,2007-01-11,462,,,74,
15,28083,37623466,Triston Rowe,2006-10-02,462,,,45,
15,28083,37735423,Bradley Burrowes,2008-03-04,,,,49,
15,28083,1094,Tyrone Mings,1993-03-13,462,,,5,
15,28083,37539349,Lamare Bogarde,2004-01-05,38,,,26,
15,28083,22878573,Amadou Onana ,2001-08-16,556,,,24,
15,28083,23278675,Taylor Harwood-Bellis,2002-01-30,462,,,,
15,28083,37726575,Ibrahim Mbaye,2008-01-24,200,,,,
15,28083,37764605,Modou Kéba Cissé,2005-08-04,200,,,,
15,28083,37921359,Brian Madjo ,2009-01-12,,,,,
15,28083,37681576,Johan Manzambi ,2005-10-14,62,,,,
15,28083,24837941,Matteo Ruggeri,2002-07-11,251,,,13,
15,28083,968,Ross Barkley,1993-12-05,462,,,6,
15,28083,5252,Aaron Wan-Bissaka,1997-11-26,1320,,,29,
15,28083,160206,Victor Lindelöf,1994-07-17,47,,,3,
15,28083,5666477,Zion Suzuki,2002-08-21,479,,,1,
15,28083,186660,Emiliano Buendía,1996-12-25,44,,,10,
15,28083,380970,Pau Torres,1997-01-16,32,,,14,
15,28083,6524,Matty Cash,1997-08-07,2,,,2,
15,28083,37316549,Alejandro Garnacho,2004-07-01,44,,,17,
15,28083,97626,Boubacar Kamara,1999-11-23,17,,,8,
15,28083,172611,John McGinn ,1994-10-18,1161,,,7,
15,28083,3139,Tammy Abraham,1997-10-02,462,,,18,
15,28083,23311159,Ian Maatsen,2002-03-10,38,,,22,
15,28083,37747533,Alysson,2006-05-05,5,,,47,
15,28083,37629595,George Hemmings,2007-04-03,462,,,53,
15,28083,37402348,João Gomes,2001-02-12,5,,,35,
15,28083,24238,Marco Bizot,1991-03-10,38,,,40,
15,28083,31824,Leon Goretzka,1995-02-06,11,,,,
15,28083,37540621,Nicolas Jackson,2001-06-20,200,,,11,
18,28083,37373590,Teddy Sharman-Lowe,2003-03-30,462,,,28,
18,28083,35659570,Gabriel Slonina,2004-05-15,3483,,,44,
18,28083,37682244,Kendry Páez,2007-05-04,459,,,,
18,28083,28912747,Cole Palmer,2002-05-06,462,,,10,
18,28083,1343,Emiliano Martínez,1992-09-02,44,,,26,
18,28083,11311795,Wesley Fofana,2000-12-17,17,,,3,
18,28083,496775,Pedro Neto,2000-03-09,20,,,7,
18,28083,28931574,João Pedro,2001-09-26,5,,,9,
18,28083,581220,Reece James ,1999-12-08,462,,,24,
18,28083,4592198,Morgan Rogers,2002-07-26,462,,,17,
18,28083,37261500,Moisés Caicedo ,2001-11-02,459,,,25,
18,28083,37590621,Mike Penders,2005-07-31,556,,,39,
18,28083,37700784,Aarón Anselmino,2005-04-29,44,,,,
18,28083,323,Jordan Henderson ,1990-06-17,462,,,,
18,28083,37577727,Valentín Barco,2004-07-23,44,,,4,
18,28083,37653289,Marco Palestra ,2005-03-03,251,,,,
18,28083,37656652,Geovany Quenda,2007-04-30,20,,,23,
18,28083,37400423,Emmanuel Emegha,2003-02-03,38,,,,
18,28083,627,Danny Welbeck,1990-11-26,462,,,18,
18,28083,37600243,Jorrel Hato,2006-03-07,38,,,21,
18,28083,21803152,Pep Chavarría,1998-04-10,32,,,29,
18,28083,37631362,Josh Acheampong,2006-05-05,462,,,34,
18,28083,37316840,Jamie Gittens,2004-08-08,462,,,11,
18,28083,37701999,Estêvão,2007-04-24,5,,,41,
18,28083,5666458,Maxence Lacroix,2000-04-06,17,,,5,
18,28083,581000,Robert Sánchez,1997-11-18,32,,,1,
18,28083,37259180,Levi Colwill,2003-02-26,462,,,6,
18,28083,37536874,Roméo Lavia,2004-01-06,556,,,45,
18,28083,29709995,Enzo Fernández,2001-01-17,44,,,8,
18,28083,37317367,Malo Gusto,2003-05-19,17,,,27,
19,28083,186606,Kepa Arrizabalaga,1994-10-03,32,,,13,
19,28083,37720618,Max Dowman,2009-12-31,462,,,56,
19,28083,5270466,Jurriën Timber ,2001-06-17,38,,,12,
19,28083,10959356,Gabriel Martinelli,2001-06-18,5,,,11,
19,28083,17544737,William Saliba ,2001-03-24,17,,,2,
19,28083,37592228,Cristhian Mosquera,2004-06-27,32,,,3,
19,28083,3130,David Raya,1995-09-15,32,,,1,
19,28083,37261496,Piero Hincapié,2002-01-09,459,,,5,
19,28083,25217662,Noni Madueke,2002-03-10,462,,,20,
19,28083,37568808,Ethan Nwaneri,2007-03-21,462,,,22,
19,28083,530762,Martín Zubimendi,1999-02-02,32,,,36,
19,28083,432881,Illan Meslier,2000-03-02,17,,,,
19,28083,7643,Eberechi Eze,1998-06-29,462,,,10,
19,28083,26823,Martin Ødegaard ,1998-12-17,1578,,,8,
19,28083,97811,Gabriel,1997-12-19,5,,,6,
19,28083,32612,Kai Havertz,1999-06-11,11,,,29,
19,28083,24817182,Christos Tzolis,2002-01-30,125,,,17,
19,28083,194167,Viktor Gyökeres,1998-06-04,47,,,14,
19,28083,16827155,Bukayo Saka,2001-09-05,462,,,7,
19,28083,3259,Ben White,1997-10-08,462,,,4,
19,28083,23278684,Riccardo Calafiori,2002-05-19,251,,,33,
19,28083,7124,Ezri Konsa,1997-10-23,462,,,15,
19,28083,459145,Bruno Guimarães,1997-11-16,5,,,39,
19,28083,32710,Mikel Merino,1996-06-22,32,,,23,
19,28083,5273,Declan Rice,1999-01-14,462,,,41,
19,28083,37568815,Myles Lewis-Skelly,2006-09-26,462,,,49,
20,28083,32372,Fabian Schär,1991-12-20,62,,,5,
20,28083,2763,Nick Pope,1992-04-19,462,,,1,
20,28083,2815,Dan Burn ,1992-05-09,462,,,33,
20,28083,33645,Joelinton,1996-08-14,5,,,7,
20,28083,24799911,Tino Livramento ,2002-11-12,462,,,21,
20,28083,7855,Mark Gillespie,1992-03-27,462,,,29,
20,28083,37594985,Leo Shahar,2007-03-18,462,,,51,
20,28083,37717075,Aladji Bamba,2006-07-14,17,,,8,
20,28083,37584641,Ewen Jaouen,2005-12-29,17,,,24,
20,28083,37652750,Matías Fernández-Pardo,2005-02-03,556,,,,
20,28083,21762216,Malick Thiaw,2001-08-08,11,,,12,
20,28083,24816824,Lukas Hornicek,2002-07-13,245,,,21,
20,28083,37559767,William Osula,2003-08-04,320,,,10,
20,28083,10601,Harvey Barnes,1997-12-09,462,,,11,
20,28083,1494447,Joe Willock,1999-08-20,462,,,28,
20,28083,37459072,Lewis Hall,2004-09-08,462,,,3,
20,28083,96928,Yoane Wissa,1996-09-03,1320,,,9,
20,28083,5270468,Sven Botman,2000-01-12,38,,,4,
20,28083,37722794,Sean Steur,2008-01-11,38,,,14,
20,28083,23269737,Nico González,2002-01-03,32,,,6,
20,28083,32777430,Nick Woltemade,2002-02-14,11,,,27,
20,28083,37658280,Bazoumana Touré,2006-03-02,23,,,17,
20,28083,22493645,Amar Dedic,2002-08-18,507,,,37,
20,28083,3071,Jacob Murphy,1995-02-24,462,,,23,
20,28083,37581796,Lewis Miley,2006-05-01,462,,,67,
20,28083,28912805,Anthony Elanga,2002-04-27,47,,,19,
20,28083,11705406,Jacob Ramsey,2001-05-28,462,,,41,
22,28083,4892,Kieran Dowell,1997-10-10,462,,,26,
22,28083,32796077,Darko Gyabi ,2004-02-18,462,,,24,
22,28083,85228,David Akintola,1996-01-13,716,,,11,
22,28083,37392977,Charlie Hughes,2003-10-16,462,,,4,
22,28083,21412837,Eliot Matazo ,2002-02-15,556,,,8,
22,28083,202531,Abdülkadir Ömür,1999-06-25,404,,,,
22,28083,1462,Jack Butland,1993-03-10,462,,,,
22,28083,37645082,Ilyas Ansah,2004-11-08,11,,,,
22,28083,1387,Matt Targett,1995-09-18,462,,,23,
22,28083,37595365,Óscar Zambrano,2004-04-20,459,,,,
22,28083,37459070,Brooke Norton-Cuffy,2004-01-12,462,,,,
22,28083,37664291,Christos Mouzakitis,2006-12-25,125,,,,
22,28083,37259239,Tim Iroegbunam,2003-06-30,462,,,,
22,28083,37713942,Robinio Vaz,2007-02-17,17,,,,
22,28083,18226,Sorba Thomas,1999-01-25,515,,,,
22,28083,21762788,Joe Gelhardt,2002-05-04,462,,,,
22,28083,37530812,Mohamed-Ali Cho,2004-01-19,17,,,50,
22,28083,37612555,Jens Hjertø-Dahl,2005-10-31,1578,,,14,
22,28083,1001,Paddy McNair,1995-04-27,491,,,17,
22,28083,21412958,Cody Drameh,2001-12-08,462,,,18,
22,28083,6572,Lewie Coyle ,1995-10-15,462,,,2,
22,28083,3066,Semi Ajayi,1993-11-09,716,,,6,
22,28083,37622162,Nobel Mendy,2004-09-03,17,,,32,
22,28083,3305,John Egan,1992-10-20,455,,,15,
22,28083,455410,Regan Slater,1999-09-11,462,,,27,
22,28083,37261082,Elliot Stroud,2002-06-22,47,,,21,
22,28083,4746,Oli McBurnie,1996-06-04,1161,,,9,
22,28083,3058,Matt Crooks,1994-01-20,462,,,25,
22,28083,5986,Dillon Phillips,1995-06-11,462,,,12,
22,28083,37664964,Lucas Herrington,2007-09-05,98,,,22,
22,28083,37555035,Mohamed Belloumi,2002-06-01,614,,,10,
22,28083,11022894,Hidemasa Morita,1995-05-10,479,,,5,
22,28083,27813909,Konstantinos Tzolakis,2002-11-08,125,,,19,
22,28083,14338473,Ryan Giles,2000-01-26,462,,,3,
22,28083,37342617,Lucas Gourna-Douath,2003-08-05,17,,,29,
22,28083,4545516,Liam Millar,1999-09-27,1004,,,7,
51,28083,5640926,Cheick Doucouré,2000-01-08,26,,,28,
51,28083,96722,Ismaïla Sarr,1998-02-25,200,,,7,
51,28083,34455847,Jesurun Rak-Sakyi,2002-10-05,468,,,49,
51,28083,74160,Borna Sosa,1998-01-21,266,,,24,
51,28083,9278,Remi Matthews,1994-02-10,462,,,31,
51,28083,186766,Jefferson Lerma,1994-10-25,353,,,8,
51,28083,37735899,Honest Ahanor,2008-02-23,716,,,,
51,28083,37567285,Matheus França,2004-04-01,5,,,,
51,28083,1601,Ben Chilwell,1996-12-21,462,,,,
51,28083,37563833,Darío Osorio,2004-01-24,80,,,,
51,28083,6306068,Quinten Timber,2001-06-17,38,,,,
51,28083,12647,Dean Henderson ,1997-03-12,462,,,1,
51,28083,21782219,Evann Guessand,2001-07-01,23,,,29,
51,28083,96950,Jean-Philippe Mateta,1997-06-28,17,,,14,
51,28083,2332,Will Hughes,1995-04-17,462,,,19,
51,28083,37537937,Chadi Riad,2003-06-17,1424,,,4,
51,28083,97383,Walter Benítez,1993-01-19,44,,,44,
51,28083,458682,Jørgen Strand Larsen,2000-02-06,1578,,,22,
51,28083,37688184,Jaydee Canvot,2006-07-29,17,,,6,
51,28083,524045,Daniel Muñoz,1996-05-26,353,,,2,
51,28083,4598726,Dwight McNeil,1999-11-22,1640,,,11,
51,28083,18218609,Chris Richards,2000-03-28,3483,,,26,
51,28083,539961,Eddie Nketiah,1999-05-30,462,,,9,
51,28083,37687021,Zavier Gozo,2007-03-22,3483,,,12,
51,28083,310131,Daichi Kamada,1996-08-05,479,,,18,
51,28083,537595,Óscar Mingueza,1999-05-13,32,,,30,
51,28083,24468970,Yéremy Pino,2002-10-20,32,,,10,
51,28083,4598710,Tyrick Mitchell,1999-09-01,462,,,3,
51,28083,100385,Axel Disasi,1998-03-11,17,,,5,
51,28083,37595860,Anan Khalaili,2004-09-03,802,,,25,
51,28083,37350704,Adam Wharton,2004-02-06,462,,,20,
51,28083,310288,Takehiro Tomiyasu,1998-11-05,479,,,17,
52,28083,37325112,Will Dennis,2000-07-10,462,,,40,
52,28083,37632336,Junior Kroupi ,2006-06-23,17,,,22,
52,28083,14004542,Amine Adli,2000-05-10,17,,,21,
52,28083,37659710,Veljko Milosavljevic,2007-06-28,296,,,44,
52,28083,22536030,Bafodé Diakité,2001-01-06,17,,,18,
52,28083,23260605,Julián Araujo,2001-08-13,458,,,,
52,28083,37549912,Ben Winterburn,2004-09-04,462,,,,
52,28083,37627749,Julio Soler,2005-02-16,44,,,6,
52,28083,1241,Fraser Forster,1988-03-17,462,,,17,
52,28083,37296353,Juanlu Sánchez,2003-08-15,32,,,24,
52,28083,1494663,Max Aarons,2000-01-04,462,,,,
52,28083,752045,Michele Di Gregorio,1997-07-27,251,,,20,
52,28083,37624325,Alex Tóth,2005-10-23,674,,,27,
52,28083,262324,Tyler Adams,1999-02-14,3483,,,12,
52,28083,538472,Djordje Petrovic,1999-10-08,296,,,1,
52,28083,37679567,Rayan,2006-08-03,5,,,37,
52,28083,37550443,Alex Scott,2003-08-21,462,,,8,
52,28083,28543553,Adrien Truffert,2001-11-20,17,,,3,
52,28083,1834,Lewis Cook,1997-02-03,462,,,4,
52,28083,37391641,Daniel Jebbison,2003-08-13,1004,,,29,
52,28083,1095,Adam Smith ,1991-04-29,462,,,15,
52,28083,26803,Justin Kluivert,1999-05-05,38,,,19,
52,28083,9808,David Brooks,1997-07-08,515,,,7,
52,28083,11298616,Evanilson,1999-10-06,5,,,9,
52,28083,22169325,James Hill,2002-01-10,462,,,5,
52,28083,172752,Ryan Christie,1995-02-22,1161,,,10,
52,28083,37602125,Ben Gannon-Doak,2005-11-11,1161,,,11,
52,28083,37601803,Álvaro Rodríguez,2004-07-14,158,,,30,
52,28083,37354828,António Silva,2003-10-30,20,,,14,
52,28083,537493,Marcus Tavernier,1999-03-22,462,,,16,
63,28083,37376834,Nicolò Savona,2003-03-19,251,,,37,
63,28083,37583502,Zach Abbott,2006-05-13,462,,,44,
63,28083,10831,Ryan Yates ,1997-11-21,462,,,22,
63,28083,37618570,Ousmane Diomande,2003-12-04,23,,,2,
63,28083,524045,Daniel Muñoz,1996-05-26,353,,,,
63,28083,23269650,Arnaud Kalimuendo,2002-01-20,17,,,15,
63,28083,96943,Ibrahim Sangaré,1997-12-02,23,,,6,
63,28083,914,Chris Wood,1991-12-07,2817,,,9,
63,28083,219900,John Victor,1996-02-13,5,,,12,
63,28083,178032,Nikola Milenković,1997-10-12,296,,,31,
63,28083,335653,Nicolás Domínguez,1998-06-28,44,,,8,
63,28083,37627298,Jair Cunha,2005-03-07,5,,,23,
63,28083,23707367,Luca Netz,2003-05-15,11,,,25,
63,28083,455687,Steven Benda,1998-10-01,11,,,,
63,28083,28912976,Liam Delap,2003-02-08,462,,,19,
63,28083,11720838,Neco Williams,2001-04-13,515,,,3,
63,28083,37627036,Murillo,2002-07-04,5,,,5,
63,28083,7926,Morgan Gibbs-White,2000-01-27,462,,,10,
63,28083,1956,Ola Aina,1996-10-08,716,,,34,
63,28083,29328429,Igor Jesus,2001-02-25,5,,,11,
63,28083,28575676,James McAtee,2002-10-18,462,,,24,
63,28083,2875858,Callum Hudson-Odoi,2000-11-07,462,,,7,
63,28083,19978623,Dan Ndoye,2000-10-25,62,,,14,
63,28083,52867,Xaver Schlager,1997-09-28,143,,,21,
63,28083,2975,Matz Sels,1992-02-26,556,,,26,
71,28083,32406,Michael Zetterer,1995-07-12,11,,,,
71,28083,460159,Lucas Perri,1997-12-10,251,,,23,
71,28083,193196,Gabriel Gudmundsson,1999-04-29,47,,,3,
71,28083,37529525,Tarik Muharemović,2003-02-28,507,,,5,
71,28083,3861741,Ilia Gruev,2000-05-06,224,,,44,
71,28083,5569,Alex Cairns,1993-01-04,462,,,21,
71,28083,37316986,Wilfried Gnonto,2003-11-05,23,,,29,
71,28083,581158,Jayden Bogle,2000-07-27,462,,,2,
71,28083,5141,Dominic Calvert-Lewin,1997-03-16,462,,,9,
71,28083,28575686,James Trafford,2002-10-10,462,,,1,
71,28083,12542,Ethan Ampadu ,2000-09-14,515,,,4,
71,28083,5149,Daniel James,1997-11-10,515,,,7,
71,28083,5403,Harry Wilson,1997-03-22,515,,,10,
71,28083,4552689,Brenden Aaronson,2000-10-22,3483,,,11,
71,28083,4536529,Noah Okafor,2000-05-24,62,,,19,
71,28083,461027,Ao Tanaka,1998-09-10,479,,,22,
71,28083,537217,Lukas Nmecha,1998-12-14,11,,,14,
71,28083,32525,Nico Elvedi,1996-09-30,62,,,30,
71,28083,12514,James Justin,1998-02-23,462,,,24,
71,28083,37568967,Mateo Joseph ,2003-10-19,462,,,,
71,28083,2206980,Melvin Bard,2000-11-06,17,,,,
71,28083,37612045,Jean-Mattéo Bahoya,2005-05-07,17,,,,
71,28083,37769337,Jayden Lienou,2008-04-08,,,,65,
71,28083,2178735,Anton Stach,1998-11-15,11,,,18,
71,28083,173737,Sean Longstaff,1997-10-30,462,,,8,
71,28083,339112,Joe Rodon,1997-10-22,515,,,6,
71,28083,37657052,Alfie Cresswell,2007-07-15,462,,,50,
71,28083,1548632,Jaka Bijol,1999-02-05,1638,,,15,
78,28083,37974187,Zadok Yohanna,2007-06-29,716,,,36,
78,28083,37253456,Evan Ferguson,2004-10-19,455,,,,
78,28083,37655226,Yankuba Minteh ,2004-07-22,2507,,,11,
78,28083,37565028,Amario Cozier-Duberry,2005-05-29,462,,,22,
78,28083,37601748,Stefanos Tzimas ,2006-01-06,125,,,9,
78,28083,1494712,Matt O'Riley,2000-11-21,462,,,33,
78,28083,581004,Tom McGill,2000-03-25,1004,,,38,
78,28083,21437534,Kaoru Mitoma,1997-05-20,479,,,22,
78,28083,37612636,Nehemiah Oriola,2007-06-11,462,,,49,
78,28083,23269659,Maxim De Cuyper,2000-12-22,556,,,29,
78,28083,37657587,Luka Vuskovic,2007-02-24,266,,,44,
78,28083,37549513,Ibrahim Osman,2004-11-29,468,,,15,
78,28083,37563876,Diego Gómez,2003-03-27,1190,,,25,
78,28083,37664293,Charalampos Kostoulas,2007-05-30,125,,,19,
78,28083,96513,Olivier Boscagli,1997-11-18,17,,,21,
78,28083,2683,Jason Steele,1990-08-18,462,,,23,
78,28083,24082563,Mats Wieffer,1999-11-16,38,,,27,
78,28083,31504,Pascal Groß,1991-06-15,11,,,13,
78,28083,37682332,Malick Yalcouyé,2005-11-18,26,,,35,
78,28083,29478,Pascal Struijk,1999-08-11,556,,,4,
78,28083,25738,Ferdi Kadıoğlu,1999-10-07,404,,,24,
78,28083,1491407,Michael Svoboda,1998-10-15,143,,,30,
78,28083,37530791,Jaouen Hadjam,2003-03-26,614,,,6,
78,28083,37569765,Promise David,2001-07-03,1004,,,12,
78,28083,37656783,Chema Andrés,2005-04-25,32,,,,
78,28083,37257596,Bart Verbruggen,2002-08-18,38,,,1,
78,28083,21782390,Georginio Rutter,2002-04-20,17,,,10,
78,28083,2461,Lewis Dunk ,1991-11-21,462,,,5,
78,28083,37561625,Jack Hinshelwood,2005-04-11,462,,,8,
78,28083,37526157,Yasin Ayari,2003-10-06,47,,,26,
78,28083,19606968,Costinha,2000-03-26,20,,,20,
78,28083,26715260,Femi Azeez,2001-06-05,462,,,,
116,28083,163210,Florentino,1999-08-19,20,,,,
116,28083,28575734,Anis Mehmeti,2001-01-09,2454,,,33,
116,28083,37550477,Cameron Humphreys,2003-10-30,462,,,30,
116,28083,2823,David Button,1989-02-27,462,,,27,
116,28083,29495,Azor Matusiwa,1998-04-28,38,,,5,
116,28083,4633,Alex Palmer,1996-08-10,462,,,1,
116,28083,33186827,Jaden Philogene,2002-02-08,462,,,11,
116,28083,13042,Jack Taylor,1998-06-23,455,,,14,
116,28083,2965,Christian Walton,1995-11-09,462,,,28,
116,28083,20216,Cédric Kipré,1996-12-09,23,,,4,
116,28083,96799,Issa Diop,1997-01-09,1424,,,6,
116,28083,29419594,Julio Enciso,2004-01-23,1190,,,10,
116,28083,25567988,Leif Davis,1999-12-31,462,,,3,
116,28083,130248,Saša Lukić,1996-08-13,296,,,23,
116,28083,335673,Exequiel Palacios,1998-10-05,44,,,25,
116,28083,37255841,Jacob Greaves,2000-09-12,462,,,24,
116,28083,37560897,Abdul Fatawu,2004-03-08,468,,,7,
116,28083,319282,Daizen Maeda,1997-10-20,479,,,38,
116,28083,581094,Dara O'Shea ,1999-03-04,455,,,26,
116,28083,1913,Chuba Akpom,1995-10-09,462,,,29,
116,28083,537316,Zian Flemming,1998-08-01,38,,,,
116,28083,37577447,Emersonn,2004-07-16,5,,,19,
116,28083,4507,Darnell Furlong,1995-10-31,462,,,2,
116,28083,28575743,Kasey McAteer ,2001-11-22,462,,,20,
116,28083,29470,Kjell Scherpen,2000-01-23,38,,,37,
116,28083,37622174,Abdoul Ouattara,2005-10-22,17,,,42,
116,28083,37405012,Marcelino Núñez,2000-03-01,80,,,32,
116,28083,10310765,Jack Clarke,2000-11-23,462,,,47,
116,28083,37601923,Sindre Walle Egeli,2006-06-21,1578,,,8,
117,28083,37652995,Stephen Mfuni,2008-02-12,462,,,,
117,28083,2813,Jake Bidwell,1993-03-21,462,,,21,
117,28083,263186,Haji Wright,1998-03-27,3483,,,11,
117,28083,2816063,Luke Woolfenden,1998-10-21,462,,,26,
117,28083,28912779,Kaine Kesler-Hayden,2002-10-23,462,,,20,
117,28083,3261,Ben Wilson,1992-08-09,462,,,13,
117,28083,37518832,Bobby Thomas,2001-01-30,462,,,4,
117,28083,10310763,Liam Kitching,1999-09-25,462,,,15,
117,28083,30979492,Tatsuhiro Sakamoto,1996-10-22,479,,,7,
117,28083,26813,Gustavo Hamer,1997-06-24,38,,,38,
117,28083,17177173,Milan van Ewijk,2000-09-08,38,,,27,
117,28083,15076357,Ellis Simms,2001-01-05,462,,,9,
117,28083,28912807,Carl Rushworth,2001-07-02,462,,,19,
117,28083,538042,Joel Latibeaudiere,2000-01-06,1640,,,22,
117,28083,37328095,Aurèle Amenda,2003-07-31,62,,,24,
117,28083,23223363,Josh Eccles,2000-04-06,462,,,28,
117,28083,3301,Daniel Bentley,1993-07-13,462,,,25,
117,28083,37699171,Sidiki Chérif,2006-12-15,17,,,,
117,28083,537721,Victor Torp,1999-07-30,320,,,29,
117,28083,32404898,Jack Rudoni,2001-06-14,462,,,5,
117,28083,537108,Frank Onyeka,1998-01-01,716,,,16,
117,28083,9543,Brandon Thomas-Asante,1998-12-29,468,,,23,
117,28083,4441,Matt Grimes ,1995-07-15,462,,,6,
117,28083,10496,Jay Dasilva,1998-04-22,462,,,3,
117,28083,37337041,Loum Tchaouna,2003-09-08,17,,,18,
117,28083,26506,Taiwo Awoniyi,1997-08-12,716,,,14,
117,28083,37762150,Caleb Yirenkyi,2006-01-15,468,,,8,
117,28083,13425,Ephron Mason-Clark,1999-08-25,462,,,10,
117,28083,15665,Ethan Pinnock,1993-05-29,1640,,,2,
236,28083,37600942,Michael Kayode,2004-07-10,251,,,33,
236,28083,37633890,Jannik Schuster,2006-05-16,143,,,44,
236,28083,11658171,Sepp van den Berg,2001-12-20,38,,,4,
236,28083,339093,Josh Dasilva,1998-10-23,462,,,10,
236,28083,37656906,Kaye Furo,2007-02-06,556,,,47,
236,28083,7306,Ellery Balcombe,1999-10-15,462,,,31,
236,28083,37575228,Antoni Milambo,2005-04-03,38,,,17,
236,28083,21412957,Fábio Carvalho ,2002-08-30,20,,,14,
236,28083,37543248,Dango Ouattara,2002-02-11,607,,,11,
236,28083,37536953,Mamadou Sangaré,2002-06-26,26,,,18,
236,28083,37704861,Gustavo Nunes,2005-11-20,5,,,,
236,28083,37683527,Benjamin Fredrick ,2005-05-28,716,,,,
236,28083,37627277,Ji-soo Kim,2004-12-24,712,,,,
236,28083,37685630,El Hadji Malick Diouf,2004-12-28,200,,,25,
236,28083,531971,Hákon Valdimarsson,2001-10-13,1796,,,12,
236,28083,15665,Ethan Pinnock,1993-05-29,1640,,,5,
236,28083,37509395,Yegor Yarmolyuk ,2004-03-01,86,,,6,
236,28083,28552845,Keane Lewis-Potter,2001-02-22,462,,,23,
236,28083,37392849,Jaidon Anthony,1999-12-01,1640,,,19,
236,28083,896225,Caoimhín Kelleher,1998-11-23,455,,,1,
236,28083,11705403,Nathan Collins ,2001-04-30,455,,,22,
236,28083,151418,Kristoffer Ajer,1998-04-17,1578,,,20,
236,28083,27440826,Aaron Hickey,2002-06-10,1161,,,2,
236,28083,37407204,Igor Thiago,2001-06-26,5,,,9,
236,28083,7993,Rico Henry,1997-07-08,462,,,3,
236,28083,27067062,Kevin Schade,2001-11-27,11,,,7,
236,28083,8449373,Mikkel Damsgaard,2000-07-03,320,,,24,
236,28083,1065,Callum Wilson,1992-02-27,462,,,13,
236,28083,84426,Mathias Jensen,1996-01-01,320,,,8,
236,28083,36633,Vitaly Janelt,1998-05-10,11,,,27,
