player_id,team_id,from,to,action,case_id
539997,42,2022-01-23,2022-01-26,NOT_RETAIN,"MANUAL: Q2-2762cdf5e9 Leicester City 2021/22, OTHER verdict: the loan at Shrewsbury ended and the player returned to Leicester on 2022-01-27 (Shrewsbury announcement), so not at the club for the 2022-01-23 fixture (Transfermarkt says 2022-01-23)"
539997,42,2022-01-27,2022-05-22,RETAIN,"MANUAL: Q2-2762cdf5e9 Leicester City 2021/22, OTHER verdict: back at Leicester from 2022-01-27 (at Leicester U23 2022-03-18) to the season's end"
37608777,52,2023-02-17,2023-04-15,NOT_RETAIN,"MANUAL: Q2-29e5c99d72 AFC Bournemouth 2022/23, OTHER verdict: on loan at Poole Town from 2023-02-17/18 to at least 2023-04-15 (last appearance there); the fixtures 2023-04-16..2023-05-19 are not evidenced and stay excluded"
37608777,52,2023-05-20,2023-05-28,RETAIN,"MANUAL: Q2-29e5c99d72 AFC Bournemouth 2022/23, OTHER verdict: back at AFC Bournemouth by 2023-05-20 (named that day)"
23697427,18,2020-08-21,2021-05-23,NOT_RETAIN,"MANUAL: Q2-c0607a9a24 Chelsea 2020/21, OTHER verdict: on loan at Vitesse from 2020-08-21 for the whole 2020/21 season, not at Chelsea for any of the 38 fixtures"
537117,18,2020-08-18,2021-05-23,NOT_RETAIN,"MANUAL: Q2-9ebc28b4aa Chelsea 2020/21, OTHER verdict: on loan at FC Lorient from 2020-08-18 for the whole 2020/21 season, not at Chelsea for any of the 38 fixtures"
23739134,29,2022-07-08,2023-01-02,NOT_RETAIN,"MANUAL: Q2-36d8081bee Wolverhampton Wanderers 2022/23, OTHER verdict: on loan at Harrogate from 2022-07-08 to early January 2023, not at Wolves"
23739134,29,2023-01-03,2023-05-28,RETAIN,"MANUAL: Q2-36d8081bee Wolverhampton Wanderers 2022/23, OTHER verdict: back at Wolves from 2023-01-03 to the season's end"
14010,25,2019-07-01,2020-01-22,EXCLUDE,"MANUAL: GF-1081 Watford 2019/20, TM verdict, partly settled: at the club is evidenced from 2020-01-23 (BBC report, club site); the disputed fixtures before 2020-01-23 are left out"
1012,13,2020-07-01,2021-02-04,EXCLUDE,"MANUAL: GF-1251 Everton 2020/21, TM verdict, partly settled: at the club is evidenced from 2021-02-05 (Premier League 25-man squad list); the disputed fixtures before 2021-02-05 are left out"
37365878,18,2021-07-01,2022-01-23,NOT_RETAIN,Q2-02e61e82b8 (OTHER verdict: evidenced dates)
2923,78,2019-07-01,2020-01-14,NOT_RETAIN,Q2-05c1a6825a (OTHER verdict: evidenced dates)
900555545,1,2021-08-15,2021-08-15,EXCLUDE,Q2-7541aee951
900555545,1,2021-08-23,2021-08-23,EXCLUDE,Q2-7541aee951
900555545,1,2021-08-28,2021-08-28,EXCLUDE,Q2-7541aee951
900555545,1,2021-09-11,2021-09-11,EXCLUDE,Q2-7541aee951
900555545,1,2021-09-19,2021-09-19,EXCLUDE,Q2-7541aee951
900555545,1,2021-09-25,2021-09-25,EXCLUDE,Q2-7541aee951
900555545,1,2021-10-03,2021-10-03,EXCLUDE,Q2-7541aee951
900555545,1,2021-10-17,2021-10-17,EXCLUDE,Q2-7541aee951
900555545,1,2021-10-24,2021-10-24,EXCLUDE,Q2-7541aee951
900555545,1,2021-10-31,2021-10-31,EXCLUDE,Q2-7541aee951
900555545,1,2021-11-07,2021-11-07,EXCLUDE,Q2-7541aee951
900555545,1,2021-11-20,2021-11-20,EXCLUDE,Q2-7541aee951
900555545,1,2021-11-28,2021-11-28,EXCLUDE,Q2-7541aee951
900555545,1,2021-12-01,2021-12-01,EXCLUDE,Q2-7541aee951
900555545,1,2021-12-04,2021-12-04,EXCLUDE,Q2-7541aee951
900555545,1,2021-12-12,2021-12-12,EXCLUDE,Q2-7541aee951
900555545,1,2021-12-15,2021-12-15,EXCLUDE,Q2-7541aee951
900555545,1,2021-12-26,2021-12-26,EXCLUDE,Q2-7541aee951
900555545,1,2021-12-28,2021-12-28,EXCLUDE,Q2-7541aee951
900555545,1,2022-01-01,2022-01-01,EXCLUDE,Q2-7541aee951
900555545,1,2022-01-12,2022-01-12,EXCLUDE,Q2-7541aee951
900555545,1,2022-01-16,2022-01-16,EXCLUDE,Q2-7541aee951
900555545,1,2022-01-22,2022-01-22,EXCLUDE,Q2-7541aee951
900555545,1,2022-02-08,2022-02-08,EXCLUDE,Q2-7541aee951
900555545,1,2022-02-13,2022-02-13,EXCLUDE,Q2-7541aee951
900555545,1,2022-02-19,2022-02-19,EXCLUDE,Q2-7541aee951
900555545,1,2022-02-27,2022-02-27,EXCLUDE,Q2-7541aee951
900555545,1,2022-03-05,2022-03-05,EXCLUDE,Q2-7541aee951
900555545,1,2022-03-13,2022-03-13,EXCLUDE,Q2-7541aee951
900555545,1,2022-03-20,2022-03-20,EXCLUDE,Q2-7541aee951
900555545,1,2022-04-03,2022-04-03,EXCLUDE,Q2-7541aee951
900555545,1,2022-04-10,2022-04-10,EXCLUDE,Q2-7541aee951
900555545,1,2022-04-17,2022-04-17,EXCLUDE,Q2-7541aee951
900555545,1,2022-04-24,2022-04-24,EXCLUDE,Q2-7541aee951
900555545,1,2022-05-01,2022-05-01,EXCLUDE,Q2-7541aee951
900555545,1,2022-05-08,2022-05-08,EXCLUDE,Q2-7541aee951
900555545,1,2022-05-15,2022-05-15,EXCLUDE,Q2-7541aee951
900555545,1,2022-05-22,2022-05-22,EXCLUDE,Q2-7541aee951
900693066,1,2021-08-15,2021-08-15,EXCLUDE,Q2-85fae8cfbf
900693066,1,2021-08-23,2021-08-23,EXCLUDE,Q2-85fae8cfbf
900693066,1,2021-08-28,2021-08-28,EXCLUDE,Q2-85fae8cfbf
900693066,1,2021-09-11,2021-09-11,EXCLUDE,Q2-85fae8cfbf
900693066,1,2021-09-19,2021-09-19,EXCLUDE,Q2-85fae8cfbf
900693066,1,2021-09-25,2021-09-25,EXCLUDE,Q2-85fae8cfbf
900693066,1,2021-10-03,2021-10-03,EXCLUDE,Q2-85fae8cfbf
900693066,1,2021-10-17,2021-10-17,EXCLUDE,Q2-85fae8cfbf
900693066,1,2021-10-24,2021-10-24,EXCLUDE,Q2-85fae8cfbf
900693066,1,2021-10-31,2021-10-31,EXCLUDE,Q2-85fae8cfbf
900693066,1,2021-11-07,2021-11-07,EXCLUDE,Q2-85fae8cfbf
900693066,1,2021-11-20,2021-11-20,EXCLUDE,Q2-85fae8cfbf
900693066,1,2021-11-28,2021-11-28,EXCLUDE,Q2-85fae8cfbf
900693066,1,2021-12-01,2021-12-01,EXCLUDE,Q2-85fae8cfbf
900693066,1,2021-12-04,2021-12-04,EXCLUDE,Q2-85fae8cfbf
900693066,1,2021-12-12,2021-12-12,EXCLUDE,Q2-85fae8cfbf
900693066,1,2021-12-15,2021-12-15,EXCLUDE,Q2-85fae8cfbf
900693066,1,2021-12-26,2021-12-26,EXCLUDE,Q2-85fae8cfbf
900693066,1,2021-12-28,2021-12-28,EXCLUDE,Q2-85fae8cfbf
900693066,1,2022-01-01,2022-01-01,EXCLUDE,Q2-85fae8cfbf
900693066,1,2022-01-12,2022-01-12,EXCLUDE,Q2-85fae8cfbf
900693066,1,2022-01-16,2022-01-16,EXCLUDE,Q2-85fae8cfbf
900693066,1,2022-01-22,2022-01-22,EXCLUDE,Q2-85fae8cfbf
900693066,1,2022-02-08,2022-02-08,EXCLUDE,Q2-85fae8cfbf
900693066,1,2022-02-13,2022-02-13,EXCLUDE,Q2-85fae8cfbf
900693066,1,2022-02-19,2022-02-19,EXCLUDE,Q2-85fae8cfbf
900693066,1,2022-02-27,2022-02-27,EXCLUDE,Q2-85fae8cfbf
900693066,1,2022-03-05,2022-03-05,EXCLUDE,Q2-85fae8cfbf
900693066,1,2022-03-13,2022-03-13,EXCLUDE,Q2-85fae8cfbf
900693066,1,2022-03-20,2022-03-20,EXCLUDE,Q2-85fae8cfbf
900693066,1,2022-04-03,2022-04-03,EXCLUDE,Q2-85fae8cfbf
900693066,1,2022-04-10,2022-04-10,EXCLUDE,Q2-85fae8cfbf
900693066,1,2022-04-17,2022-04-17,EXCLUDE,Q2-85fae8cfbf
900693066,1,2022-04-24,2022-04-24,EXCLUDE,Q2-85fae8cfbf
900693066,1,2022-05-01,2022-05-01,EXCLUDE,Q2-85fae8cfbf
900693066,1,2022-05-08,2022-05-08,EXCLUDE,Q2-85fae8cfbf
900693066,1,2022-05-15,2022-05-15,EXCLUDE,Q2-85fae8cfbf
900693066,1,2022-05-22,2022-05-22,EXCLUDE,Q2-85fae8cfbf
900655987,8,2021-08-14,2021-08-14,EXCLUDE,Q2-bd9e1a6820
900655987,8,2021-08-21,2021-08-21,EXCLUDE,Q2-bd9e1a6820
900655987,8,2021-08-28,2021-08-28,EXCLUDE,Q2-bd9e1a6820
900655987,8,2021-09-12,2021-09-12,EXCLUDE,Q2-bd9e1a6820
900655987,8,2021-09-18,2021-09-18,EXCLUDE,Q2-bd9e1a6820
900655987,8,2021-09-25,2021-09-25,EXCLUDE,Q2-bd9e1a6820
900655987,8,2021-10-03,2021-10-03,EXCLUDE,Q2-bd9e1a6820
900655987,8,2021-10-16,2021-10-16,EXCLUDE,Q2-bd9e1a6820
900655987,8,2021-10-24,2021-10-24,EXCLUDE,Q2-bd9e1a6820
900655987,8,2021-10-30,2021-10-30,EXCLUDE,Q2-bd9e1a6820
900655987,8,2021-11-07,2021-11-07,EXCLUDE,Q2-bd9e1a6820
900655987,8,2021-11-20,2021-11-20,EXCLUDE,Q2-bd9e1a6820
900655987,8,2021-11-27,2021-11-27,EXCLUDE,Q2-bd9e1a6820
900655987,8,2021-12-01,2021-12-01,EXCLUDE,Q2-bd9e1a6820
900655987,8,2021-12-04,2021-12-04,EXCLUDE,Q2-bd9e1a6820
900655987,8,2021-12-11,2021-12-11,EXCLUDE,Q2-bd9e1a6820
900655987,8,2021-12-16,2021-12-16,EXCLUDE,Q2-bd9e1a6820
900655987,8,2021-12-19,2021-12-19,EXCLUDE,Q2-bd9e1a6820
900655987,8,2021-12-28,2021-12-28,EXCLUDE,Q2-bd9e1a6820
900655987,8,2022-01-02,2022-01-02,EXCLUDE,Q2-bd9e1a6820
900655987,8,2022-01-16,2022-01-16,EXCLUDE,Q2-bd9e1a6820
900655987,8,2022-01-23,2022-01-23,EXCLUDE,Q2-bd9e1a6820
900655987,8,2022-02-10,2022-02-10,EXCLUDE,Q2-bd9e1a6820
900655987,8,2022-02-13,2022-02-13,EXCLUDE,Q2-bd9e1a6820
900655987,8,2022-02-19,2022-02-19,EXCLUDE,Q2-bd9e1a6820
900655987,8,2022-02-23,2022-02-23,EXCLUDE,Q2-bd9e1a6820
900655987,8,2022-03-05,2022-03-05,EXCLUDE,Q2-bd9e1a6820
900655987,8,2022-03-12,2022-03-12,EXCLUDE,Q2-bd9e1a6820
900655987,8,2022-03-16,2022-03-16,EXCLUDE,Q2-bd9e1a6820
900655987,8,2022-04-02,2022-04-02,EXCLUDE,Q2-bd9e1a6820
900655987,8,2022-04-10,2022-04-10,EXCLUDE,Q2-bd9e1a6820
900655987,8,2022-04-19,2022-04-19,EXCLUDE,Q2-bd9e1a6820
900655987,8,2022-04-24,2022-04-24,EXCLUDE,Q2-bd9e1a6820
900655987,8,2022-04-30,2022-04-30,EXCLUDE,Q2-bd9e1a6820
900655987,8,2022-05-07,2022-05-07,EXCLUDE,Q2-bd9e1a6820
900655987,8,2022-05-10,2022-05-10,EXCLUDE,Q2-bd9e1a6820
900655987,8,2022-05-17,2022-05-17,EXCLUDE,Q2-bd9e1a6820
900655987,8,2022-05-22,2022-05-22,EXCLUDE,Q2-bd9e1a6820
900670843,8,2021-08-14,2021-08-14,EXCLUDE,Q2-1664b8a915
900670843,8,2021-08-21,2021-08-21,EXCLUDE,Q2-1664b8a915
900670843,8,2021-08-28,2021-08-28,EXCLUDE,Q2-1664b8a915
900670843,8,2021-09-12,2021-09-12,EXCLUDE,Q2-1664b8a915
900670843,8,2021-09-18,2021-09-18,EXCLUDE,Q2-1664b8a915
900670843,8,2021-09-25,2021-09-25,EXCLUDE,Q2-1664b8a915
900670843,8,2021-10-03,2021-10-03,EXCLUDE,Q2-1664b8a915
900670843,8,2021-10-16,2021-10-16,EXCLUDE,Q2-1664b8a915
900670843,8,2021-10-24,2021-10-24,EXCLUDE,Q2-1664b8a915
900670843,8,2021-10-30,2021-10-30,EXCLUDE,Q2-1664b8a915
900670843,8,2021-11-07,2021-11-07,EXCLUDE,Q2-1664b8a915
900670843,8,2021-11-20,2021-11-20,EXCLUDE,Q2-1664b8a915
900670843,8,2021-11-27,2021-11-27,EXCLUDE,Q2-1664b8a915
900670843,8,2021-12-01,2021-12-01,EXCLUDE,Q2-1664b8a915
900670843,8,2021-12-04,2021-12-04,EXCLUDE,Q2-1664b8a915
900670843,8,2021-12-11,2021-12-11,EXCLUDE,Q2-1664b8a915
900670843,8,2021-12-16,2021-12-16,EXCLUDE,Q2-1664b8a915
900670843,8,2021-12-19,2021-12-19,EXCLUDE,Q2-1664b8a915
900670843,8,2021-12-28,2021-12-28,EXCLUDE,Q2-1664b8a915
900670843,8,2022-01-02,2022-01-02,EXCLUDE,Q2-1664b8a915
900670843,8,2022-01-16,2022-01-16,EXCLUDE,Q2-1664b8a915
900670843,8,2022-01-23,2022-01-23,EXCLUDE,Q2-1664b8a915
900670843,8,2022-02-10,2022-02-10,EXCLUDE,Q2-1664b8a915
900670843,8,2022-02-13,2022-02-13,EXCLUDE,Q2-1664b8a915
900670843,8,2022-02-19,2022-02-19,EXCLUDE,Q2-1664b8a915
900670843,8,2022-02-23,2022-02-23,EXCLUDE,Q2-1664b8a915
900670843,8,2022-03-05,2022-03-05,EXCLUDE,Q2-1664b8a915
900670843,8,2022-03-12,2022-03-12,EXCLUDE,Q2-1664b8a915
900670843,8,2022-03-16,2022-03-16,EXCLUDE,Q2-1664b8a915
900670843,8,2022-04-02,2022-04-02,EXCLUDE,Q2-1664b8a915
900670843,8,2022-04-10,2022-04-10,EXCLUDE,Q2-1664b8a915
900670843,8,2022-04-19,2022-04-19,EXCLUDE,Q2-1664b8a915
900670843,8,2022-04-24,2022-04-24,EXCLUDE,Q2-1664b8a915
900670843,8,2022-04-30,2022-04-30,EXCLUDE,Q2-1664b8a915
900670843,8,2022-05-07,2022-05-07,EXCLUDE,Q2-1664b8a915
900670843,8,2022-05-10,2022-05-10,EXCLUDE,Q2-1664b8a915
900670843,8,2022-05-17,2022-05-17,EXCLUDE,Q2-1664b8a915
900670843,8,2022-05-22,2022-05-22,EXCLUDE,Q2-1664b8a915
37445053,8,2021-08-14,2021-08-14,EXCLUDE,Q2-84e943f0b4
37445053,8,2021-08-21,2021-08-21,EXCLUDE,Q2-84e943f0b4
37445053,8,2021-08-28,2021-08-28,EXCLUDE,Q2-84e943f0b4
37445053,8,2021-09-12,2021-09-12,EXCLUDE,Q2-84e943f0b4
37445053,8,2021-09-18,2021-09-18,EXCLUDE,Q2-84e943f0b4
37445053,8,2021-09-25,2021-09-25,EXCLUDE,Q2-84e943f0b4
37445053,8,2021-10-03,2021-10-03,EXCLUDE,Q2-84e943f0b4
37445053,8,2021-10-16,2021-10-16,EXCLUDE,Q2-84e943f0b4
37445053,8,2021-10-24,2021-10-24,EXCLUDE,Q2-84e943f0b4
37445053,8,2021-10-30,2021-10-30,EXCLUDE,Q2-84e943f0b4
37445053,8,2021-11-07,2021-11-07,EXCLUDE,Q2-84e943f0b4
37445053,8,2021-11-20,2021-11-20,EXCLUDE,Q2-84e943f0b4
37445053,8,2021-11-27,2021-11-27,EXCLUDE,Q2-84e943f0b4
37445053,8,2021-12-01,2021-12-01,EXCLUDE,Q2-84e943f0b4
37445053,8,2021-12-04,2021-12-04,EXCLUDE,Q2-84e943f0b4
37445053,8,2021-12-11,2021-12-11,EXCLUDE,Q2-84e943f0b4
37445053,8,2021-12-16,2021-12-16,EXCLUDE,Q2-84e943f0b4
37445053,8,2021-12-19,2021-12-19,EXCLUDE,Q2-84e943f0b4
37445053,8,2021-12-28,2021-12-28,EXCLUDE,Q2-84e943f0b4
37445053,8,2022-01-02,2022-01-02,EXCLUDE,Q2-84e943f0b4
37445053,8,2022-01-16,2022-01-16,EXCLUDE,Q2-84e943f0b4
37445053,8,2022-01-23,2022-01-23,EXCLUDE,Q2-84e943f0b4
37445053,8,2022-02-10,2022-02-10,EXCLUDE,Q2-84e943f0b4
37445053,8,2022-02-13,2022-02-13,EXCLUDE,Q2-84e943f0b4
37445053,8,2022-02-19,2022-02-19,EXCLUDE,Q2-84e943f0b4
37445053,8,2022-02-23,2022-02-23,EXCLUDE,Q2-84e943f0b4
37445053,8,2022-03-05,2022-03-05,EXCLUDE,Q2-84e943f0b4
37445053,8,2022-03-12,2022-03-12,EXCLUDE,Q2-84e943f0b4
37445053,8,2022-03-16,2022-03-16,EXCLUDE,Q2-84e943f0b4
37445053,8,2022-04-02,2022-04-02,EXCLUDE,Q2-84e943f0b4
37445053,8,2022-04-10,2022-04-10,EXCLUDE,Q2-84e943f0b4
37445053,8,2022-04-19,2022-04-19,EXCLUDE,Q2-84e943f0b4
37445053,8,2022-04-24,2022-04-24,EXCLUDE,Q2-84e943f0b4
37445053,8,2022-04-30,2022-04-30,EXCLUDE,Q2-84e943f0b4
37445053,8,2022-05-07,2022-05-07,EXCLUDE,Q2-84e943f0b4
37445053,8,2022-05-10,2022-05-10,EXCLUDE,Q2-84e943f0b4
37445053,8,2022-05-17,2022-05-17,EXCLUDE,Q2-84e943f0b4
37445053,8,2022-05-22,2022-05-22,EXCLUDE,Q2-84e943f0b4
37286732,9,2021-08-15,2021-08-15,EXCLUDE,Q2-417488d7b9
37286732,9,2021-08-21,2021-08-21,EXCLUDE,Q2-417488d7b9
37286732,9,2021-08-28,2021-08-28,EXCLUDE,Q2-417488d7b9
37286732,9,2021-09-11,2021-09-11,EXCLUDE,Q2-417488d7b9
37286732,9,2021-09-18,2021-09-18,EXCLUDE,Q2-417488d7b9
37286732,9,2021-09-25,2021-09-25,EXCLUDE,Q2-417488d7b9
37286732,9,2021-10-03,2021-10-03,EXCLUDE,Q2-417488d7b9
37286732,9,2021-10-16,2021-10-16,EXCLUDE,Q2-417488d7b9
37286732,9,2021-10-23,2021-10-23,EXCLUDE,Q2-417488d7b9
37286732,9,2021-10-30,2021-10-30,EXCLUDE,Q2-417488d7b9
37286732,9,2021-11-06,2021-11-06,EXCLUDE,Q2-417488d7b9
37286732,9,2021-11-21,2021-11-21,EXCLUDE,Q2-417488d7b9
37286732,9,2021-11-28,2021-11-28,EXCLUDE,Q2-417488d7b9
37286732,9,2021-12-01,2021-12-01,EXCLUDE,Q2-417488d7b9
37286732,9,2021-12-04,2021-12-04,EXCLUDE,Q2-417488d7b9
37286732,9,2021-12-11,2021-12-11,EXCLUDE,Q2-417488d7b9
37286732,9,2021-12-14,2021-12-14,EXCLUDE,Q2-417488d7b9
37286732,9,2021-12-19,2021-12-19,EXCLUDE,Q2-417488d7b9
37286732,9,2021-12-26,2021-12-26,EXCLUDE,Q2-417488d7b9
37286732,9,2021-12-29,2021-12-29,EXCLUDE,Q2-417488d7b9
37286732,9,2022-01-01,2022-01-01,EXCLUDE,Q2-417488d7b9
37286732,9,2022-01-15,2022-01-15,EXCLUDE,Q2-417488d7b9
37286732,9,2022-01-22,2022-01-22,EXCLUDE,Q2-417488d7b9
37286732,9,2022-02-09,2022-02-09,EXCLUDE,Q2-417488d7b9
37286732,9,2022-02-12,2022-02-12,EXCLUDE,Q2-417488d7b9
37286732,9,2022-02-19,2022-02-19,EXCLUDE,Q2-417488d7b9
37286732,9,2022-02-26,2022-02-26,EXCLUDE,Q2-417488d7b9
37286732,9,2022-03-06,2022-03-06,EXCLUDE,Q2-417488d7b9
37286732,9,2022-03-14,2022-03-14,EXCLUDE,Q2-417488d7b9
37286732,9,2022-04-02,2022-04-02,EXCLUDE,Q2-417488d7b9
37286732,9,2022-04-10,2022-04-10,EXCLUDE,Q2-417488d7b9
37286732,9,2022-04-20,2022-04-20,EXCLUDE,Q2-417488d7b9
37286732,9,2022-04-23,2022-04-23,EXCLUDE,Q2-417488d7b9
37286732,9,2022-04-30,2022-04-30,EXCLUDE,Q2-417488d7b9
37286732,9,2022-05-08,2022-05-08,EXCLUDE,Q2-417488d7b9
37286732,9,2022-05-11,2022-05-11,EXCLUDE,Q2-417488d7b9
37286732,9,2022-05-15,2022-05-15,EXCLUDE,Q2-417488d7b9
37286732,9,2022-05-22,2022-05-22,EXCLUDE,Q2-417488d7b9
900682562,14,2021-08-14,2021-08-14,EXCLUDE,Q2-ad639fc51f
900682562,14,2021-08-22,2021-08-22,EXCLUDE,Q2-ad639fc51f
900682562,14,2021-08-29,2021-08-29,EXCLUDE,Q2-ad639fc51f
900682562,14,2021-09-11,2021-09-11,EXCLUDE,Q2-ad639fc51f
900682562,14,2021-09-19,2021-09-19,EXCLUDE,Q2-ad639fc51f
900682562,14,2021-09-25,2021-09-25,EXCLUDE,Q2-ad639fc51f
900682562,14,2021-10-02,2021-10-02,EXCLUDE,Q2-ad639fc51f
900682562,14,2021-10-16,2021-10-16,EXCLUDE,Q2-ad639fc51f
900682562,14,2021-10-24,2021-10-24,EXCLUDE,Q2-ad639fc51f
900682562,14,2021-10-30,2021-10-30,EXCLUDE,Q2-ad639fc51f
900682562,14,2021-11-06,2021-11-06,EXCLUDE,Q2-ad639fc51f
900682562,14,2021-11-20,2021-11-20,EXCLUDE,Q2-ad639fc51f
900682562,14,2021-11-28,2021-11-28,EXCLUDE,Q2-ad639fc51f
900682562,14,2021-12-02,2021-12-02,EXCLUDE,Q2-ad639fc51f
900682562,14,2021-12-05,2021-12-05,EXCLUDE,Q2-ad639fc51f
900682562,14,2021-12-11,2021-12-11,EXCLUDE,Q2-ad639fc51f
900682562,14,2021-12-27,2021-12-27,EXCLUDE,Q2-ad639fc51f
900682562,14,2021-12-30,2021-12-30,EXCLUDE,Q2-ad639fc51f
900682562,14,2022-01-03,2022-01-03,EXCLUDE,Q2-ad639fc51f
900682562,14,2022-01-15,2022-01-15,EXCLUDE,Q2-ad639fc51f
900682562,14,2022-01-19,2022-01-19,EXCLUDE,Q2-ad639fc51f
900682562,14,2022-01-22,2022-01-22,EXCLUDE,Q2-ad639fc51f
900682562,14,2022-02-08,2022-02-08,EXCLUDE,Q2-ad639fc51f
900682562,14,2022-02-12,2022-02-12,EXCLUDE,Q2-ad639fc51f
900682562,14,2022-02-15,2022-02-15,EXCLUDE,Q2-ad639fc51f
900682562,14,2022-02-20,2022-02-20,EXCLUDE,Q2-ad639fc51f
900682562,14,2022-02-26,2022-02-26,EXCLUDE,Q2-ad639fc51f
900682562,14,2022-03-06,2022-03-06,EXCLUDE,Q2-ad639fc51f
900682562,14,2022-03-12,2022-03-12,EXCLUDE,Q2-ad639fc51f
900682562,14,2022-04-02,2022-04-02,EXCLUDE,Q2-ad639fc51f
900682562,14,2022-04-09,2022-04-09,EXCLUDE,Q2-ad639fc51f
900682562,14,2022-04-16,2022-04-16,EXCLUDE,Q2-ad639fc51f
900682562,14,2022-04-19,2022-04-19,EXCLUDE,Q2-ad639fc51f
900682562,14,2022-04-23,2022-04-23,EXCLUDE,Q2-ad639fc51f
900682562,14,2022-04-28,2022-04-28,EXCLUDE,Q2-ad639fc51f
900682562,14,2022-05-02,2022-05-02,EXCLUDE,Q2-ad639fc51f
900682562,14,2022-05-07,2022-05-07,EXCLUDE,Q2-ad639fc51f
900682562,14,2022-05-22,2022-05-22,EXCLUDE,Q2-ad639fc51f
186892,18,2021-08-14,2021-08-14,EXCLUDE,Q2-a417596d0f
186892,18,2021-08-22,2021-08-22,EXCLUDE,Q2-a417596d0f
186892,18,2021-08-28,2021-08-28,EXCLUDE,Q2-a417596d0f
186892,18,2021-09-11,2021-09-11,EXCLUDE,Q2-a417596d0f
186892,18,2021-09-19,2021-09-19,EXCLUDE,Q2-a417596d0f
186892,18,2021-09-25,2021-09-25,EXCLUDE,Q2-a417596d0f
186892,18,2021-10-02,2021-10-02,EXCLUDE,Q2-a417596d0f
186892,18,2021-10-16,2021-10-16,EXCLUDE,Q2-a417596d0f
186892,18,2021-10-23,2021-10-23,EXCLUDE,Q2-a417596d0f
186892,18,2021-10-30,2021-10-30,EXCLUDE,Q2-a417596d0f
186892,18,2021-11-06,2021-11-06,EXCLUDE,Q2-a417596d0f
186892,18,2021-11-20,2021-11-20,EXCLUDE,Q2-a417596d0f
186892,18,2021-11-28,2021-11-28,EXCLUDE,Q2-a417596d0f
186892,18,2021-12-01,2021-12-01,EXCLUDE,Q2-a417596d0f
186892,18,2021-12-04,2021-12-04,EXCLUDE,Q2-a417596d0f
186892,18,2021-12-11,2021-12-11,EXCLUDE,Q2-a417596d0f
186892,18,2021-12-16,2021-12-16,EXCLUDE,Q2-a417596d0f
186892,18,2021-12-19,2021-12-19,EXCLUDE,Q2-a417596d0f
186892,18,2021-12-26,2021-12-26,EXCLUDE,Q2-a417596d0f
186892,18,2021-12-29,2021-12-29,EXCLUDE,Q2-a417596d0f
186892,18,2022-01-02,2022-01-02,EXCLUDE,Q2-a417596d0f
186892,18,2022-01-15,2022-01-15,EXCLUDE,Q2-a417596d0f
186892,18,2022-01-18,2022-01-18,EXCLUDE,Q2-a417596d0f
186892,18,2022-01-23,2022-01-23,EXCLUDE,Q2-a417596d0f
186892,18,2022-02-19,2022-02-19,EXCLUDE,Q2-a417596d0f
186892,18,2022-03-05,2022-03-05,EXCLUDE,Q2-a417596d0f
186892,18,2022-03-10,2022-03-10,EXCLUDE,Q2-a417596d0f
186892,18,2022-03-13,2022-03-13,EXCLUDE,Q2-a417596d0f
186892,18,2022-04-02,2022-04-02,EXCLUDE,Q2-a417596d0f
186892,18,2022-04-09,2022-04-09,EXCLUDE,Q2-a417596d0f
186892,18,2022-04-20,2022-04-20,EXCLUDE,Q2-a417596d0f
186892,18,2022-04-24,2022-04-24,EXCLUDE,Q2-a417596d0f
186892,18,2022-04-28,2022-04-28,EXCLUDE,Q2-a417596d0f
186892,18,2022-05-01,2022-05-01,EXCLUDE,Q2-a417596d0f
186892,18,2022-05-07,2022-05-07,EXCLUDE,Q2-a417596d0f
186892,18,2022-05-11,2022-05-11,EXCLUDE,Q2-a417596d0f
186892,18,2022-05-19,2022-05-19,EXCLUDE,Q2-a417596d0f
186892,18,2022-05-22,2022-05-22,EXCLUDE,Q2-a417596d0f
33186828,18,2021-08-14,2021-08-14,EXCLUDE,Q2-d33b1d55b1
33186828,18,2021-08-22,2021-08-22,EXCLUDE,Q2-d33b1d55b1
33186828,18,2021-08-28,2021-08-28,EXCLUDE,Q2-d33b1d55b1
33186828,18,2021-09-11,2021-09-11,EXCLUDE,Q2-d33b1d55b1
33186828,18,2021-09-19,2021-09-19,EXCLUDE,Q2-d33b1d55b1
33186828,18,2021-09-25,2021-09-25,EXCLUDE,Q2-d33b1d55b1
33186828,18,2021-10-02,2021-10-02,EXCLUDE,Q2-d33b1d55b1
33186828,18,2021-10-16,2021-10-16,EXCLUDE,Q2-d33b1d55b1
33186828,18,2021-10-23,2021-10-23,EXCLUDE,Q2-d33b1d55b1
33186828,18,2021-10-30,2021-10-30,EXCLUDE,Q2-d33b1d55b1
33186828,18,2021-11-06,2021-11-06,EXCLUDE,Q2-d33b1d55b1
33186828,18,2021-11-20,2021-11-20,EXCLUDE,Q2-d33b1d55b1
33186828,18,2021-11-28,2021-11-28,EXCLUDE,Q2-d33b1d55b1
33186828,18,2021-12-01,2021-12-01,EXCLUDE,Q2-d33b1d55b1
33186828,18,2021-12-04,2021-12-04,EXCLUDE,Q2-d33b1d55b1
33186828,18,2021-12-11,2021-12-11,EXCLUDE,Q2-d33b1d55b1
33186828,18,2021-12-16,2021-12-16,EXCLUDE,Q2-d33b1d55b1
33186828,18,2021-12-19,2021-12-19,EXCLUDE,Q2-d33b1d55b1
33186828,18,2021-12-26,2021-12-26,EXCLUDE,Q2-d33b1d55b1
33186828,18,2021-12-29,2021-12-29,EXCLUDE,Q2-d33b1d55b1
33186828,18,2022-01-02,2022-01-02,EXCLUDE,Q2-d33b1d55b1
33186828,18,2022-01-15,2022-01-15,EXCLUDE,Q2-d33b1d55b1
33186828,18,2022-01-18,2022-01-18,EXCLUDE,Q2-d33b1d55b1
33186828,18,2022-01-23,2022-01-23,EXCLUDE,Q2-d33b1d55b1
33186828,18,2022-02-19,2022-02-19,EXCLUDE,Q2-d33b1d55b1
33186828,18,2022-03-05,2022-03-05,EXCLUDE,Q2-d33b1d55b1
33186828,18,2022-03-10,2022-03-10,EXCLUDE,Q2-d33b1d55b1
33186828,18,2022-03-13,2022-03-13,EXCLUDE,Q2-d33b1d55b1
33186828,18,2022-04-02,2022-04-02,EXCLUDE,Q2-d33b1d55b1
33186828,18,2022-04-09,2022-04-09,EXCLUDE,Q2-d33b1d55b1
33186828,18,2022-04-20,2022-04-20,EXCLUDE,Q2-d33b1d55b1
33186828,18,2022-04-24,2022-04-24,EXCLUDE,Q2-d33b1d55b1
33186828,18,2022-04-28,2022-04-28,EXCLUDE,Q2-d33b1d55b1
33186828,18,2022-05-01,2022-05-01,EXCLUDE,Q2-d33b1d55b1
33186828,18,2022-05-07,2022-05-07,EXCLUDE,Q2-d33b1d55b1
33186828,18,2022-05-11,2022-05-11,EXCLUDE,Q2-d33b1d55b1
33186828,18,2022-05-19,2022-05-19,EXCLUDE,Q2-d33b1d55b1
33186828,18,2022-05-22,2022-05-22,EXCLUDE,Q2-d33b1d55b1
900670857,18,2021-08-14,2021-08-14,EXCLUDE,Q2-99d793a9e7
900670857,18,2021-08-22,2021-08-22,EXCLUDE,Q2-99d793a9e7
900670857,18,2021-08-28,2021-08-28,EXCLUDE,Q2-99d793a9e7
900670857,18,2021-09-11,2021-09-11,EXCLUDE,Q2-99d793a9e7
900670857,18,2021-09-19,2021-09-19,EXCLUDE,Q2-99d793a9e7
900670857,18,2021-09-25,2021-09-25,EXCLUDE,Q2-99d793a9e7
900670857,18,2021-10-02,2021-10-02,EXCLUDE,Q2-99d793a9e7
900670857,18,2021-10-16,2021-10-16,EXCLUDE,Q2-99d793a9e7
900670857,18,2021-10-23,2021-10-23,EXCLUDE,Q2-99d793a9e7
900670857,18,2021-10-30,2021-10-30,EXCLUDE,Q2-99d793a9e7
900670857,18,2021-11-06,2021-11-06,EXCLUDE,Q2-99d793a9e7
900670857,18,2021-11-20,2021-11-20,EXCLUDE,Q2-99d793a9e7
900670857,18,2021-11-28,2021-11-28,EXCLUDE,Q2-99d793a9e7
900670857,18,2021-12-01,2021-12-01,EXCLUDE,Q2-99d793a9e7
900670857,18,2021-12-04,2021-12-04,EXCLUDE,Q2-99d793a9e7
900670857,18,2021-12-11,2021-12-11,EXCLUDE,Q2-99d793a9e7
900670857,18,2021-12-16,2021-12-16,EXCLUDE,Q2-99d793a9e7
900670857,18,2021-12-19,2021-12-19,EXCLUDE,Q2-99d793a9e7
900670857,18,2021-12-26,2021-12-26,EXCLUDE,Q2-99d793a9e7
900670857,18,2021-12-29,2021-12-29,EXCLUDE,Q2-99d793a9e7
900670857,18,2022-01-02,2022-01-02,EXCLUDE,Q2-99d793a9e7
900670857,18,2022-01-15,2022-01-15,EXCLUDE,Q2-99d793a9e7
900670857,18,2022-01-18,2022-01-18,EXCLUDE,Q2-99d793a9e7
900670857,18,2022-01-23,2022-01-23,EXCLUDE,Q2-99d793a9e7
900670857,18,2022-02-19,2022-02-19,EXCLUDE,Q2-99d793a9e7
900670857,18,2022-03-05,2022-03-05,EXCLUDE,Q2-99d793a9e7
900670857,18,2022-03-10,2022-03-10,EXCLUDE,Q2-99d793a9e7
900670857,18,2022-03-13,2022-03-13,EXCLUDE,Q2-99d793a9e7
900670857,18,2022-04-02,2022-04-02,EXCLUDE,Q2-99d793a9e7
900670857,18,2022-04-09,2022-04-09,EXCLUDE,Q2-99d793a9e7
900670857,18,2022-04-20,2022-04-20,EXCLUDE,Q2-99d793a9e7
900670857,18,2022-04-24,2022-04-24,EXCLUDE,Q2-99d793a9e7
900670857,18,2022-04-28,2022-04-28,EXCLUDE,Q2-99d793a9e7
900670857,18,2022-05-01,2022-05-01,EXCLUDE,Q2-99d793a9e7
900670857,18,2022-05-07,2022-05-07,EXCLUDE,Q2-99d793a9e7
900670857,18,2022-05-11,2022-05-11,EXCLUDE,Q2-99d793a9e7
900670857,18,2022-05-19,2022-05-19,EXCLUDE,Q2-99d793a9e7
900670857,18,2022-05-22,2022-05-22,EXCLUDE,Q2-99d793a9e7
900697278,18,2021-08-14,2021-08-14,EXCLUDE,Q2-ec79fc22d9
900697278,18,2021-08-22,2021-08-22,EXCLUDE,Q2-ec79fc22d9
900697278,18,2021-08-28,2021-08-28,EXCLUDE,Q2-ec79fc22d9
900697278,18,2021-09-11,2021-09-11,EXCLUDE,Q2-ec79fc22d9
900697278,18,2021-09-19,2021-09-19,EXCLUDE,Q2-ec79fc22d9
900697278,18,2021-09-25,2021-09-25,EXCLUDE,Q2-ec79fc22d9
900697278,18,2021-10-02,2021-10-02,EXCLUDE,Q2-ec79fc22d9
900697278,18,2021-10-16,2021-10-16,EXCLUDE,Q2-ec79fc22d9
900697278,18,2021-10-23,2021-10-23,EXCLUDE,Q2-ec79fc22d9
900697278,18,2021-10-30,2021-10-30,EXCLUDE,Q2-ec79fc22d9
900697278,18,2021-11-06,2021-11-06,EXCLUDE,Q2-ec79fc22d9
900697278,18,2021-11-20,2021-11-20,EXCLUDE,Q2-ec79fc22d9
900697278,18,2021-11-28,2021-11-28,EXCLUDE,Q2-ec79fc22d9
900697278,18,2021-12-01,2021-12-01,EXCLUDE,Q2-ec79fc22d9
900697278,18,2021-12-04,2021-12-04,EXCLUDE,Q2-ec79fc22d9
900697278,18,2021-12-11,2021-12-11,EXCLUDE,Q2-ec79fc22d9
900697278,18,2021-12-16,2021-12-16,EXCLUDE,Q2-ec79fc22d9
900697278,18,2021-12-19,2021-12-19,EXCLUDE,Q2-ec79fc22d9
900697278,18,2021-12-26,2021-12-26,EXCLUDE,Q2-ec79fc22d9
900697278,18,2021-12-29,2021-12-29,EXCLUDE,Q2-ec79fc22d9
900697278,18,2022-01-02,2022-01-02,EXCLUDE,Q2-ec79fc22d9
900697278,18,2022-01-15,2022-01-15,EXCLUDE,Q2-ec79fc22d9
900697278,18,2022-01-18,2022-01-18,EXCLUDE,Q2-ec79fc22d9
900697278,18,2022-01-23,2022-01-23,EXCLUDE,Q2-ec79fc22d9
900697278,18,2022-02-19,2022-02-19,EXCLUDE,Q2-ec79fc22d9
900697278,18,2022-03-05,2022-03-05,EXCLUDE,Q2-ec79fc22d9
900697278,18,2022-03-10,2022-03-10,EXCLUDE,Q2-ec79fc22d9
900697278,18,2022-03-13,2022-03-13,EXCLUDE,Q2-ec79fc22d9
900697278,18,2022-04-02,2022-04-02,EXCLUDE,Q2-ec79fc22d9
900697278,18,2022-04-09,2022-04-09,EXCLUDE,Q2-ec79fc22d9
900697278,18,2022-04-20,2022-04-20,EXCLUDE,Q2-ec79fc22d9
900697278,18,2022-04-24,2022-04-24,EXCLUDE,Q2-ec79fc22d9
900697278,18,2022-04-28,2022-04-28,EXCLUDE,Q2-ec79fc22d9
900697278,18,2022-05-01,2022-05-01,EXCLUDE,Q2-ec79fc22d9
900697278,18,2022-05-07,2022-05-07,EXCLUDE,Q2-ec79fc22d9
900697278,18,2022-05-11,2022-05-11,EXCLUDE,Q2-ec79fc22d9
900697278,18,2022-05-19,2022-05-19,EXCLUDE,Q2-ec79fc22d9
900697278,18,2022-05-22,2022-05-22,EXCLUDE,Q2-ec79fc22d9
37373590,18,2021-08-14,2021-08-14,EXCLUDE,Q2-70496ac7b3
37373590,18,2021-08-22,2021-08-22,EXCLUDE,Q2-70496ac7b3
37373590,18,2021-08-28,2021-08-28,EXCLUDE,Q2-70496ac7b3
37373590,18,2021-09-11,2021-09-11,EXCLUDE,Q2-70496ac7b3
37373590,18,2021-09-19,2021-09-19,EXCLUDE,Q2-70496ac7b3
37373590,18,2021-09-25,2021-09-25,EXCLUDE,Q2-70496ac7b3
37373590,18,2021-10-02,2021-10-02,EXCLUDE,Q2-70496ac7b3
37373590,18,2021-10-16,2021-10-16,EXCLUDE,Q2-70496ac7b3
37373590,18,2021-10-23,2021-10-23,EXCLUDE,Q2-70496ac7b3
37373590,18,2021-10-30,2021-10-30,EXCLUDE,Q2-70496ac7b3
37373590,18,2021-11-06,2021-11-06,EXCLUDE,Q2-70496ac7b3
37373590,18,2021-11-20,2021-11-20,EXCLUDE,Q2-70496ac7b3
37373590,18,2021-11-28,2021-11-28,EXCLUDE,Q2-70496ac7b3
37373590,18,2021-12-01,2021-12-01,EXCLUDE,Q2-70496ac7b3
37373590,18,2021-12-04,2021-12-04,EXCLUDE,Q2-70496ac7b3
37373590,18,2021-12-11,2021-12-11,EXCLUDE,Q2-70496ac7b3
37373590,18,2021-12-16,2021-12-16,EXCLUDE,Q2-70496ac7b3
37373590,18,2021-12-19,2021-12-19,EXCLUDE,Q2-70496ac7b3
37373590,18,2021-12-26,2021-12-26,EXCLUDE,Q2-70496ac7b3
37373590,18,2021-12-29,2021-12-29,EXCLUDE,Q2-70496ac7b3
37373590,18,2022-01-02,2022-01-02,EXCLUDE,Q2-70496ac7b3
37373590,18,2022-01-15,2022-01-15,EXCLUDE,Q2-70496ac7b3
37373590,18,2022-01-18,2022-01-18,EXCLUDE,Q2-70496ac7b3
37373590,18,2022-01-23,2022-01-23,EXCLUDE,Q2-70496ac7b3
37373590,18,2022-02-19,2022-02-19,EXCLUDE,Q2-70496ac7b3
37373590,18,2022-03-05,2022-03-05,EXCLUDE,Q2-70496ac7b3
37373590,18,2022-03-10,2022-03-10,EXCLUDE,Q2-70496ac7b3
37373590,18,2022-03-13,2022-03-13,EXCLUDE,Q2-70496ac7b3
37373590,18,2022-04-02,2022-04-02,EXCLUDE,Q2-70496ac7b3
37373590,18,2022-04-09,2022-04-09,EXCLUDE,Q2-70496ac7b3
37373590,18,2022-04-20,2022-04-20,EXCLUDE,Q2-70496ac7b3
37373590,18,2022-04-24,2022-04-24,EXCLUDE,Q2-70496ac7b3
37373590,18,2022-04-28,2022-04-28,EXCLUDE,Q2-70496ac7b3
37373590,18,2022-05-01,2022-05-01,EXCLUDE,Q2-70496ac7b3
37373590,18,2022-05-07,2022-05-07,EXCLUDE,Q2-70496ac7b3
37373590,18,2022-05-11,2022-05-11,EXCLUDE,Q2-70496ac7b3
37373590,18,2022-05-19,2022-05-19,EXCLUDE,Q2-70496ac7b3
37373590,18,2022-05-22,2022-05-22,EXCLUDE,Q2-70496ac7b3
900596217,27,2021-08-14,2021-08-14,EXCLUDE,Q2-58ec3c533b
900596217,27,2021-08-21,2021-08-21,EXCLUDE,Q2-58ec3c533b
900596217,27,2021-08-29,2021-08-29,EXCLUDE,Q2-58ec3c533b
900596217,27,2021-09-13,2021-09-13,EXCLUDE,Q2-58ec3c533b
900596217,27,2021-09-18,2021-09-18,EXCLUDE,Q2-58ec3c533b
900596217,27,2021-09-25,2021-09-25,EXCLUDE,Q2-58ec3c533b
900596217,27,2021-10-02,2021-10-02,EXCLUDE,Q2-58ec3c533b
900596217,27,2021-10-16,2021-10-16,EXCLUDE,Q2-58ec3c533b
900596217,27,2021-10-23,2021-10-23,EXCLUDE,Q2-58ec3c533b
900596217,27,2021-10-30,2021-10-30,EXCLUDE,Q2-58ec3c533b
900596217,27,2021-11-06,2021-11-06,EXCLUDE,Q2-58ec3c533b
900596217,27,2021-11-20,2021-11-20,EXCLUDE,Q2-58ec3c533b
900596217,27,2021-12-01,2021-12-01,EXCLUDE,Q2-58ec3c533b
900596217,27,2021-12-04,2021-12-04,EXCLUDE,Q2-58ec3c533b
900596217,27,2021-12-12,2021-12-12,EXCLUDE,Q2-58ec3c533b
900596217,27,2021-12-30,2021-12-30,EXCLUDE,Q2-58ec3c533b
900596217,27,2022-01-02,2022-01-02,EXCLUDE,Q2-58ec3c533b
900596217,27,2022-01-23,2022-01-23,EXCLUDE,Q2-58ec3c533b
900596217,27,2022-02-05,2022-02-05,EXCLUDE,Q2-58ec3c533b
900596217,27,2022-02-08,2022-02-08,EXCLUDE,Q2-58ec3c533b
900596217,27,2022-02-13,2022-02-13,EXCLUDE,Q2-58ec3c533b
900596217,27,2022-02-19,2022-02-19,EXCLUDE,Q2-58ec3c533b
900596217,27,2022-02-23,2022-02-23,EXCLUDE,Q2-58ec3c533b
900596217,27,2022-02-26,2022-02-26,EXCLUDE,Q2-58ec3c533b
900596217,27,2022-03-01,2022-03-01,EXCLUDE,Q2-58ec3c533b
900596217,27,2022-03-05,2022-03-05,EXCLUDE,Q2-58ec3c533b
900596217,27,2022-03-12,2022-03-12,EXCLUDE,Q2-58ec3c533b
900596217,27,2022-04-02,2022-04-02,EXCLUDE,Q2-58ec3c533b
900596217,27,2022-04-06,2022-04-06,EXCLUDE,Q2-58ec3c533b
900596217,27,2022-04-10,2022-04-10,EXCLUDE,Q2-58ec3c533b
900596217,27,2022-04-17,2022-04-17,EXCLUDE,Q2-58ec3c533b
900596217,27,2022-04-21,2022-04-21,EXCLUDE,Q2-58ec3c533b
900596217,27,2022-04-24,2022-04-24,EXCLUDE,Q2-58ec3c533b
900596217,27,2022-04-30,2022-04-30,EXCLUDE,Q2-58ec3c533b
900596217,27,2022-05-07,2022-05-07,EXCLUDE,Q2-58ec3c533b
900596217,27,2022-05-15,2022-05-15,EXCLUDE,Q2-58ec3c533b
900596217,27,2022-05-19,2022-05-19,EXCLUDE,Q2-58ec3c533b
900596217,27,2022-05-22,2022-05-22,EXCLUDE,Q2-58ec3c533b
37316869,29,2021-08-14,2021-08-14,EXCLUDE,Q2-d0196fdae8
37316869,29,2021-08-22,2021-08-22,EXCLUDE,Q2-d0196fdae8
37316869,29,2021-08-29,2021-08-29,EXCLUDE,Q2-d0196fdae8
37316869,29,2021-09-11,2021-09-11,EXCLUDE,Q2-d0196fdae8
37316869,29,2021-09-18,2021-09-18,EXCLUDE,Q2-d0196fdae8
37316869,29,2021-09-26,2021-09-26,EXCLUDE,Q2-d0196fdae8
37316869,29,2021-10-02,2021-10-02,EXCLUDE,Q2-d0196fdae8
37316869,29,2021-10-16,2021-10-16,EXCLUDE,Q2-d0196fdae8
37316869,29,2021-10-23,2021-10-23,EXCLUDE,Q2-d0196fdae8
37316869,29,2021-11-01,2021-11-01,EXCLUDE,Q2-d0196fdae8
37316869,29,2021-11-06,2021-11-06,EXCLUDE,Q2-d0196fdae8
37316869,29,2021-11-20,2021-11-20,EXCLUDE,Q2-d0196fdae8
37316869,29,2021-11-27,2021-11-27,EXCLUDE,Q2-d0196fdae8
37316869,29,2021-12-01,2021-12-01,EXCLUDE,Q2-d0196fdae8
37316869,29,2021-12-04,2021-12-04,EXCLUDE,Q2-d0196fdae8
37316869,29,2021-12-11,2021-12-11,EXCLUDE,Q2-d0196fdae8
37316869,29,2021-12-15,2021-12-15,EXCLUDE,Q2-d0196fdae8
37316869,29,2021-12-19,2021-12-19,EXCLUDE,Q2-d0196fdae8
37316869,29,2022-01-03,2022-01-03,EXCLUDE,Q2-d0196fdae8
37316869,29,2022-01-15,2022-01-15,EXCLUDE,Q2-d0196fdae8
37316869,29,2022-01-22,2022-01-22,EXCLUDE,Q2-d0196fdae8
37316869,29,2022-02-10,2022-02-10,EXCLUDE,Q2-d0196fdae8
37316869,29,2022-02-13,2022-02-13,EXCLUDE,Q2-d0196fdae8
37316869,29,2022-02-20,2022-02-20,EXCLUDE,Q2-d0196fdae8
37316869,29,2022-02-24,2022-02-24,EXCLUDE,Q2-d0196fdae8
37316869,29,2022-02-27,2022-02-27,EXCLUDE,Q2-d0196fdae8
37316869,29,2022-03-05,2022-03-05,EXCLUDE,Q2-d0196fdae8
37316869,29,2022-03-10,2022-03-10,EXCLUDE,Q2-d0196fdae8
37316869,29,2022-03-13,2022-03-13,EXCLUDE,Q2-d0196fdae8
37316869,29,2022-03-18,2022-03-18,EXCLUDE,Q2-d0196fdae8
37316869,29,2022-04-02,2022-04-02,EXCLUDE,Q2-d0196fdae8
37316869,29,2022-04-08,2022-04-08,EXCLUDE,Q2-d0196fdae8
37316869,29,2022-04-24,2022-04-24,EXCLUDE,Q2-d0196fdae8
37316869,29,2022-04-30,2022-04-30,EXCLUDE,Q2-d0196fdae8
37316869,29,2022-05-07,2022-05-07,EXCLUDE,Q2-d0196fdae8
37316869,29,2022-05-11,2022-05-11,EXCLUDE,Q2-d0196fdae8
37316869,29,2022-05-15,2022-05-15,EXCLUDE,Q2-d0196fdae8
37316869,29,2022-05-22,2022-05-22,EXCLUDE,Q2-d0196fdae8
900583953,42,2021-08-14,2021-08-14,EXCLUDE,Q2-4b20c8eecc
900583953,42,2021-08-23,2021-08-23,EXCLUDE,Q2-4b20c8eecc
900583953,42,2021-08-28,2021-08-28,EXCLUDE,Q2-4b20c8eecc
900583953,42,2021-09-11,2021-09-11,EXCLUDE,Q2-4b20c8eecc
900583953,42,2021-09-19,2021-09-19,EXCLUDE,Q2-4b20c8eecc
900583953,42,2021-09-25,2021-09-25,EXCLUDE,Q2-4b20c8eecc
900583953,42,2021-10-03,2021-10-03,EXCLUDE,Q2-4b20c8eecc
900583953,42,2021-10-16,2021-10-16,EXCLUDE,Q2-4b20c8eecc
900583953,42,2021-10-24,2021-10-24,EXCLUDE,Q2-4b20c8eecc
900583953,42,2021-10-30,2021-10-30,EXCLUDE,Q2-4b20c8eecc
900583953,42,2021-11-07,2021-11-07,EXCLUDE,Q2-4b20c8eecc
900583953,42,2021-11-20,2021-11-20,EXCLUDE,Q2-4b20c8eecc
900583953,42,2021-11-28,2021-11-28,EXCLUDE,Q2-4b20c8eecc
900583953,42,2021-12-01,2021-12-01,EXCLUDE,Q2-4b20c8eecc
900583953,42,2021-12-05,2021-12-05,EXCLUDE,Q2-4b20c8eecc
900583953,42,2021-12-12,2021-12-12,EXCLUDE,Q2-4b20c8eecc
900583953,42,2021-12-26,2021-12-26,EXCLUDE,Q2-4b20c8eecc
900583953,42,2021-12-28,2021-12-28,EXCLUDE,Q2-4b20c8eecc
900583953,42,2022-01-19,2022-01-19,EXCLUDE,Q2-4b20c8eecc
900583953,42,2022-01-23,2022-01-23,EXCLUDE,Q2-4b20c8eecc
900583953,42,2022-02-10,2022-02-10,EXCLUDE,Q2-4b20c8eecc
900583953,42,2022-02-13,2022-02-13,EXCLUDE,Q2-4b20c8eecc
900583953,42,2022-02-20,2022-02-20,EXCLUDE,Q2-4b20c8eecc
900583953,42,2022-03-01,2022-03-01,EXCLUDE,Q2-4b20c8eecc
900583953,42,2022-03-05,2022-03-05,EXCLUDE,Q2-4b20c8eecc
900583953,42,2022-03-13,2022-03-13,EXCLUDE,Q2-4b20c8eecc
900583953,42,2022-03-20,2022-03-20,EXCLUDE,Q2-4b20c8eecc
900583953,42,2022-04-02,2022-04-02,EXCLUDE,Q2-4b20c8eecc
900583953,42,2022-04-10,2022-04-10,EXCLUDE,Q2-4b20c8eecc
900583953,42,2022-04-17,2022-04-17,EXCLUDE,Q2-4b20c8eecc
900583953,42,2022-04-20,2022-04-20,EXCLUDE,Q2-4b20c8eecc
900583953,42,2022-04-23,2022-04-23,EXCLUDE,Q2-4b20c8eecc
900583953,42,2022-05-01,2022-05-01,EXCLUDE,Q2-4b20c8eecc
900583953,42,2022-05-08,2022-05-08,EXCLUDE,Q2-4b20c8eecc
900583953,42,2022-05-11,2022-05-11,EXCLUDE,Q2-4b20c8eecc
900583953,42,2022-05-15,2022-05-15,EXCLUDE,Q2-4b20c8eecc
900583953,42,2022-05-19,2022-05-19,EXCLUDE,Q2-4b20c8eecc
900583953,42,2022-05-22,2022-05-22,EXCLUDE,Q2-4b20c8eecc
900627198,42,2021-08-14,2021-08-14,EXCLUDE,Q2-3b04551643
900627198,42,2021-08-23,2021-08-23,EXCLUDE,Q2-3b04551643
900627198,42,2021-08-28,2021-08-28,EXCLUDE,Q2-3b04551643
900627198,42,2021-09-11,2021-09-11,EXCLUDE,Q2-3b04551643
900627198,42,2021-09-19,2021-09-19,EXCLUDE,Q2-3b04551643
900627198,42,2021-09-25,2021-09-25,EXCLUDE,Q2-3b04551643
900627198,42,2021-10-03,2021-10-03,EXCLUDE,Q2-3b04551643
900627198,42,2021-10-16,2021-10-16,EXCLUDE,Q2-3b04551643
900627198,42,2021-10-24,2021-10-24,EXCLUDE,Q2-3b04551643
900627198,42,2021-10-30,2021-10-30,EXCLUDE,Q2-3b04551643
900627198,42,2021-11-07,2021-11-07,EXCLUDE,Q2-3b04551643
900627198,42,2021-11-20,2021-11-20,EXCLUDE,Q2-3b04551643
900627198,42,2021-11-28,2021-11-28,EXCLUDE,Q2-3b04551643
900627198,42,2021-12-01,2021-12-01,EXCLUDE,Q2-3b04551643
900627198,42,2021-12-05,2021-12-05,EXCLUDE,Q2-3b04551643
900627198,42,2021-12-12,2021-12-12,EXCLUDE,Q2-3b04551643
900627198,42,2021-12-26,2021-12-26,EXCLUDE,Q2-3b04551643
900627198,42,2021-12-28,2021-12-28,EXCLUDE,Q2-3b04551643
900627198,42,2022-01-19,2022-01-19,EXCLUDE,Q2-3b04551643
900627198,42,2022-01-23,2022-01-23,EXCLUDE,Q2-3b04551643
900627198,42,2022-02-10,2022-02-10,EXCLUDE,Q2-3b04551643
900627198,42,2022-02-13,2022-02-13,EXCLUDE,Q2-3b04551643
900627198,42,2022-02-20,2022-02-20,EXCLUDE,Q2-3b04551643
900627198,42,2022-03-01,2022-03-01,EXCLUDE,Q2-3b04551643
900627198,42,2022-03-05,2022-03-05,EXCLUDE,Q2-3b04551643
900627198,42,2022-03-13,2022-03-13,EXCLUDE,Q2-3b04551643
900627198,42,2022-03-20,2022-03-20,EXCLUDE,Q2-3b04551643
900627198,42,2022-04-02,2022-04-02,EXCLUDE,Q2-3b04551643
900627198,42,2022-04-10,2022-04-10,EXCLUDE,Q2-3b04551643
900627198,42,2022-04-17,2022-04-17,EXCLUDE,Q2-3b04551643
900627198,42,2022-04-20,2022-04-20,EXCLUDE,Q2-3b04551643
900627198,42,2022-04-23,2022-04-23,EXCLUDE,Q2-3b04551643
900627198,42,2022-05-01,2022-05-01,EXCLUDE,Q2-3b04551643
900627198,42,2022-05-08,2022-05-08,EXCLUDE,Q2-3b04551643
900627198,42,2022-05-11,2022-05-11,EXCLUDE,Q2-3b04551643
900627198,42,2022-05-15,2022-05-15,EXCLUDE,Q2-3b04551643
900627198,42,2022-05-19,2022-05-19,EXCLUDE,Q2-3b04551643
900627198,42,2022-05-22,2022-05-22,EXCLUDE,Q2-3b04551643
33991810,42,2021-08-14,2021-08-14,EXCLUDE,Q2-a7f2d39633
33991810,42,2021-08-23,2021-08-23,EXCLUDE,Q2-a7f2d39633
33991810,42,2021-08-28,2021-08-28,EXCLUDE,Q2-a7f2d39633
33991810,42,2021-09-11,2021-09-11,EXCLUDE,Q2-a7f2d39633
33991810,42,2021-09-19,2021-09-19,EXCLUDE,Q2-a7f2d39633
33991810,42,2021-09-25,2021-09-25,EXCLUDE,Q2-a7f2d39633
33991810,42,2021-10-03,2021-10-03,EXCLUDE,Q2-a7f2d39633
33991810,42,2021-10-16,2021-10-16,EXCLUDE,Q2-a7f2d39633
33991810,42,2021-10-24,2021-10-24,EXCLUDE,Q2-a7f2d39633
33991810,42,2021-10-30,2021-10-30,EXCLUDE,Q2-a7f2d39633
33991810,42,2021-11-07,2021-11-07,EXCLUDE,Q2-a7f2d39633
33991810,42,2021-11-20,2021-11-20,EXCLUDE,Q2-a7f2d39633
33991810,42,2021-11-28,2021-11-28,EXCLUDE,Q2-a7f2d39633
33991810,42,2021-12-01,2021-12-01,EXCLUDE,Q2-a7f2d39633
33991810,42,2021-12-05,2021-12-05,EXCLUDE,Q2-a7f2d39633
33991810,42,2021-12-12,2021-12-12,EXCLUDE,Q2-a7f2d39633
33991810,42,2021-12-26,2021-12-26,EXCLUDE,Q2-a7f2d39633
33991810,42,2021-12-28,2021-12-28,EXCLUDE,Q2-a7f2d39633
33991810,42,2022-01-19,2022-01-19,EXCLUDE,Q2-a7f2d39633
33991810,42,2022-01-23,2022-01-23,EXCLUDE,Q2-a7f2d39633
33991810,42,2022-02-10,2022-02-10,EXCLUDE,Q2-a7f2d39633
33991810,42,2022-02-13,2022-02-13,EXCLUDE,Q2-a7f2d39633
33991810,42,2022-02-20,2022-02-20,EXCLUDE,Q2-a7f2d39633
33991810,42,2022-03-01,2022-03-01,EXCLUDE,Q2-a7f2d39633
33991810,42,2022-03-05,2022-03-05,EXCLUDE,Q2-a7f2d39633
33991810,42,2022-03-13,2022-03-13,EXCLUDE,Q2-a7f2d39633
33991810,42,2022-03-20,2022-03-20,EXCLUDE,Q2-a7f2d39633
33991810,42,2022-04-02,2022-04-02,EXCLUDE,Q2-a7f2d39633
33991810,42,2022-04-10,2022-04-10,EXCLUDE,Q2-a7f2d39633
33991810,42,2022-04-17,2022-04-17,EXCLUDE,Q2-a7f2d39633
33991810,42,2022-04-20,2022-04-20,EXCLUDE,Q2-a7f2d39633
33991810,42,2022-04-23,2022-04-23,EXCLUDE,Q2-a7f2d39633
33991810,42,2022-05-01,2022-05-01,EXCLUDE,Q2-a7f2d39633
33991810,42,2022-05-08,2022-05-08,EXCLUDE,Q2-a7f2d39633
33991810,42,2022-05-11,2022-05-11,EXCLUDE,Q2-a7f2d39633
33991810,42,2022-05-15,2022-05-15,EXCLUDE,Q2-a7f2d39633
33991810,42,2022-05-19,2022-05-19,EXCLUDE,Q2-a7f2d39633
33991810,42,2022-05-22,2022-05-22,EXCLUDE,Q2-a7f2d39633
155499,51,2021-08-14,2021-08-14,EXCLUDE,Q2-3d22aa754e
155499,51,2021-08-21,2021-08-21,EXCLUDE,Q2-3d22aa754e
155499,51,2021-08-28,2021-08-28,EXCLUDE,Q2-3d22aa754e
155499,51,2021-09-11,2021-09-11,EXCLUDE,Q2-3d22aa754e
155499,51,2021-09-18,2021-09-18,EXCLUDE,Q2-3d22aa754e
155499,51,2021-09-27,2021-09-27,EXCLUDE,Q2-3d22aa754e
155499,51,2021-10-03,2021-10-03,EXCLUDE,Q2-3d22aa754e
155499,51,2021-10-18,2021-10-18,EXCLUDE,Q2-3d22aa754e
155499,51,2021-10-23,2021-10-23,EXCLUDE,Q2-3d22aa754e
155499,51,2021-10-30,2021-10-30,EXCLUDE,Q2-3d22aa754e
155499,51,2021-11-06,2021-11-06,EXCLUDE,Q2-3d22aa754e
155499,51,2021-11-20,2021-11-20,EXCLUDE,Q2-3d22aa754e
155499,51,2021-11-27,2021-11-27,EXCLUDE,Q2-3d22aa754e
155499,51,2021-11-30,2021-11-30,EXCLUDE,Q2-3d22aa754e
155499,51,2021-12-05,2021-12-05,EXCLUDE,Q2-3d22aa754e
155499,51,2021-12-12,2021-12-12,EXCLUDE,Q2-3d22aa754e
155499,51,2021-12-15,2021-12-15,EXCLUDE,Q2-3d22aa754e
155499,51,2021-12-26,2021-12-26,EXCLUDE,Q2-3d22aa754e
155499,51,2021-12-28,2021-12-28,EXCLUDE,Q2-3d22aa754e
155499,51,2022-01-01,2022-01-01,EXCLUDE,Q2-3d22aa754e
155499,51,2022-01-14,2022-01-14,EXCLUDE,Q2-3d22aa754e
155499,51,2022-01-23,2022-01-23,EXCLUDE,Q2-3d22aa754e
155499,51,2022-02-09,2022-02-09,EXCLUDE,Q2-3d22aa754e
155499,51,2022-02-12,2022-02-12,EXCLUDE,Q2-3d22aa754e
155499,51,2022-02-19,2022-02-19,EXCLUDE,Q2-3d22aa754e
155499,51,2022-02-23,2022-02-23,EXCLUDE,Q2-3d22aa754e
155499,51,2022-02-26,2022-02-26,EXCLUDE,Q2-3d22aa754e
155499,51,2022-03-05,2022-03-05,EXCLUDE,Q2-3d22aa754e
155499,51,2022-03-14,2022-03-14,EXCLUDE,Q2-3d22aa754e
155499,51,2022-04-04,2022-04-04,EXCLUDE,Q2-3d22aa754e
155499,51,2022-04-10,2022-04-10,EXCLUDE,Q2-3d22aa754e
155499,51,2022-04-20,2022-04-20,EXCLUDE,Q2-3d22aa754e
155499,51,2022-04-25,2022-04-25,EXCLUDE,Q2-3d22aa754e
155499,51,2022-04-30,2022-04-30,EXCLUDE,Q2-3d22aa754e
155499,51,2022-05-07,2022-05-07,EXCLUDE,Q2-3d22aa754e
155499,51,2022-05-15,2022-05-15,EXCLUDE,Q2-3d22aa754e
155499,51,2022-05-19,2022-05-19,EXCLUDE,Q2-3d22aa754e
155499,51,2022-05-22,2022-05-22,EXCLUDE,Q2-3d22aa754e
900814811,51,2021-08-14,2021-08-14,EXCLUDE,Q2-2493a3cc60
900814811,51,2021-08-21,2021-08-21,EXCLUDE,Q2-2493a3cc60
900814811,51,2021-08-28,2021-08-28,EXCLUDE,Q2-2493a3cc60
900814811,51,2021-09-11,2021-09-11,EXCLUDE,Q2-2493a3cc60
900814811,51,2021-09-18,2021-09-18,EXCLUDE,Q2-2493a3cc60
900814811,51,2021-09-27,2021-09-27,EXCLUDE,Q2-2493a3cc60
900814811,51,2021-10-03,2021-10-03,EXCLUDE,Q2-2493a3cc60
900814811,51,2021-10-18,2021-10-18,EXCLUDE,Q2-2493a3cc60
900814811,51,2021-10-23,2021-10-23,EXCLUDE,Q2-2493a3cc60
900814811,51,2021-10-30,2021-10-30,EXCLUDE,Q2-2493a3cc60
900814811,51,2021-11-06,2021-11-06,EXCLUDE,Q2-2493a3cc60
900814811,51,2021-11-20,2021-11-20,EXCLUDE,Q2-2493a3cc60
900814811,51,2021-11-27,2021-11-27,EXCLUDE,Q2-2493a3cc60
900814811,51,2021-11-30,2021-11-30,EXCLUDE,Q2-2493a3cc60
900814811,51,2021-12-05,2021-12-05,EXCLUDE,Q2-2493a3cc60
900814811,51,2021-12-12,2021-12-12,EXCLUDE,Q2-2493a3cc60
900814811,51,2021-12-15,2021-12-15,EXCLUDE,Q2-2493a3cc60
900814811,51,2021-12-26,2021-12-26,EXCLUDE,Q2-2493a3cc60
900814811,51,2021-12-28,2021-12-28,EXCLUDE,Q2-2493a3cc60
900814811,51,2022-01-01,2022-01-01,EXCLUDE,Q2-2493a3cc60
900814811,51,2022-01-14,2022-01-14,EXCLUDE,Q2-2493a3cc60
900814811,51,2022-01-23,2022-01-23,EXCLUDE,Q2-2493a3cc60
900814811,51,2022-02-09,2022-02-09,EXCLUDE,Q2-2493a3cc60
900814811,51,2022-02-12,2022-02-12,EXCLUDE,Q2-2493a3cc60
900814811,51,2022-02-19,2022-02-19,EXCLUDE,Q2-2493a3cc60
900814811,51,2022-02-23,2022-02-23,EXCLUDE,Q2-2493a3cc60
900814811,51,2022-02-26,2022-02-26,EXCLUDE,Q2-2493a3cc60
900814811,51,2022-03-05,2022-03-05,EXCLUDE,Q2-2493a3cc60
900814811,51,2022-03-14,2022-03-14,EXCLUDE,Q2-2493a3cc60
900814811,51,2022-04-04,2022-04-04,EXCLUDE,Q2-2493a3cc60
900814811,51,2022-04-10,2022-04-10,EXCLUDE,Q2-2493a3cc60
900814811,51,2022-04-20,2022-04-20,EXCLUDE,Q2-2493a3cc60
900814811,51,2022-04-25,2022-04-25,EXCLUDE,Q2-2493a3cc60
900814811,51,2022-04-30,2022-04-30,EXCLUDE,Q2-2493a3cc60
900814811,51,2022-05-07,2022-05-07,EXCLUDE,Q2-2493a3cc60
900814811,51,2022-05-15,2022-05-15,EXCLUDE,Q2-2493a3cc60
900814811,51,2022-05-19,2022-05-19,EXCLUDE,Q2-2493a3cc60
900814811,51,2022-05-22,2022-05-22,EXCLUDE,Q2-2493a3cc60
37548599,9,2021-08-15,2021-08-15,EXCLUDE,Q2-051894f8ea
37548599,9,2021-08-21,2021-08-21,EXCLUDE,Q2-051894f8ea
37548599,9,2021-08-28,2021-08-28,EXCLUDE,Q2-051894f8ea
37548599,9,2021-09-11,2021-09-11,EXCLUDE,Q2-051894f8ea
37548599,9,2021-09-18,2021-09-18,EXCLUDE,Q2-051894f8ea
37548599,9,2021-09-25,2021-09-25,EXCLUDE,Q2-051894f8ea
37548599,9,2021-10-03,2021-10-03,EXCLUDE,Q2-051894f8ea
37548599,9,2021-10-16,2021-10-16,EXCLUDE,Q2-051894f8ea
37548599,9,2021-10-23,2021-10-23,EXCLUDE,Q2-051894f8ea
37548599,9,2021-10-30,2021-10-30,EXCLUDE,Q2-051894f8ea
37548599,9,2021-11-06,2021-11-06,EXCLUDE,Q2-051894f8ea
37548599,9,2021-11-21,2021-11-21,EXCLUDE,Q2-051894f8ea
37548599,9,2021-11-28,2021-11-28,EXCLUDE,Q2-051894f8ea
37548599,9,2021-12-01,2021-12-01,EXCLUDE,Q2-051894f8ea
37548599,9,2021-12-04,2021-12-04,EXCLUDE,Q2-051894f8ea
37548599,9,2021-12-11,2021-12-11,EXCLUDE,Q2-051894f8ea
37548599,9,2021-12-14,2021-12-14,EXCLUDE,Q2-051894f8ea
37548599,9,2021-12-19,2021-12-19,EXCLUDE,Q2-051894f8ea
37548599,9,2021-12-26,2021-12-26,EXCLUDE,Q2-051894f8ea
37548599,9,2021-12-29,2021-12-29,EXCLUDE,Q2-051894f8ea
37548599,9,2022-01-01,2022-01-01,EXCLUDE,Q2-051894f8ea
37548599,9,2022-01-15,2022-01-15,EXCLUDE,Q2-051894f8ea
37548599,9,2022-01-22,2022-01-22,EXCLUDE,Q2-051894f8ea
37548599,9,2022-02-09,2022-02-09,EXCLUDE,Q2-051894f8ea
37548599,9,2022-02-12,2022-02-12,EXCLUDE,Q2-051894f8ea
37548599,9,2022-02-19,2022-02-19,EXCLUDE,Q2-051894f8ea
37548599,9,2022-02-26,2022-02-26,EXCLUDE,Q2-051894f8ea
37548599,9,2022-03-06,2022-03-06,EXCLUDE,Q2-051894f8ea
37548599,9,2022-03-14,2022-03-14,EXCLUDE,Q2-051894f8ea
37548599,9,2022-04-02,2022-04-02,EXCLUDE,Q2-051894f8ea
37548599,9,2022-04-10,2022-04-10,EXCLUDE,Q2-051894f8ea
37548599,9,2022-04-20,2022-04-20,EXCLUDE,Q2-051894f8ea
37548599,9,2022-04-23,2022-04-23,EXCLUDE,Q2-051894f8ea
37548599,9,2022-04-30,2022-04-30,EXCLUDE,Q2-051894f8ea
37548599,9,2022-05-08,2022-05-08,EXCLUDE,Q2-051894f8ea
37548599,9,2022-05-11,2022-05-11,EXCLUDE,Q2-051894f8ea
37548599,9,2022-05-15,2022-05-15,EXCLUDE,Q2-051894f8ea
37548599,9,2022-05-22,2022-05-22,EXCLUDE,Q2-051894f8ea
37623466,15,2021-08-14,2021-08-14,EXCLUDE,Q2-01373a7517
37623466,15,2021-08-21,2021-08-21,EXCLUDE,Q2-01373a7517
37623466,15,2021-08-28,2021-08-28,EXCLUDE,Q2-01373a7517
37623466,15,2021-09-11,2021-09-11,EXCLUDE,Q2-01373a7517
37623466,15,2021-09-18,2021-09-18,EXCLUDE,Q2-01373a7517
37623466,15,2021-09-25,2021-09-25,EXCLUDE,Q2-01373a7517
37623466,15,2021-10-03,2021-10-03,EXCLUDE,Q2-01373a7517
37623466,15,2021-10-16,2021-10-16,EXCLUDE,Q2-01373a7517
37623466,15,2021-10-22,2021-10-22,EXCLUDE,Q2-01373a7517
37623466,15,2021-10-31,2021-10-31,EXCLUDE,Q2-01373a7517
37623466,15,2021-11-05,2021-11-05,EXCLUDE,Q2-01373a7517
37623466,15,2021-11-20,2021-11-20,EXCLUDE,Q2-01373a7517
37623466,15,2021-11-27,2021-11-27,EXCLUDE,Q2-01373a7517
37623466,15,2021-12-01,2021-12-01,EXCLUDE,Q2-01373a7517
37623466,15,2021-12-05,2021-12-05,EXCLUDE,Q2-01373a7517
37623466,15,2021-12-11,2021-12-11,EXCLUDE,Q2-01373a7517
37623466,15,2021-12-14,2021-12-14,EXCLUDE,Q2-01373a7517
37623466,15,2021-12-26,2021-12-26,EXCLUDE,Q2-01373a7517
37623466,15,2022-01-02,2022-01-02,EXCLUDE,Q2-01373a7517
37623466,15,2022-01-15,2022-01-15,EXCLUDE,Q2-01373a7517
37623466,15,2022-01-22,2022-01-22,EXCLUDE,Q2-01373a7517
37623466,15,2022-02-09,2022-02-09,EXCLUDE,Q2-01373a7517
37623466,15,2022-02-13,2022-02-13,EXCLUDE,Q2-01373a7517
37623466,15,2022-02-19,2022-02-19,EXCLUDE,Q2-01373a7517
37623466,15,2022-02-26,2022-02-26,EXCLUDE,Q2-01373a7517
37623466,15,2022-03-05,2022-03-05,EXCLUDE,Q2-01373a7517
37623466,15,2022-03-10,2022-03-10,EXCLUDE,Q2-01373a7517
37623466,15,2022-03-13,2022-03-13,EXCLUDE,Q2-01373a7517
37623466,15,2022-03-19,2022-03-19,EXCLUDE,Q2-01373a7517
37623466,15,2022-04-02,2022-04-02,EXCLUDE,Q2-01373a7517
37623466,15,2022-04-09,2022-04-09,EXCLUDE,Q2-01373a7517
37623466,15,2022-04-23,2022-04-23,EXCLUDE,Q2-01373a7517
37623466,15,2022-04-30,2022-04-30,EXCLUDE,Q2-01373a7517
37623466,15,2022-05-07,2022-05-07,EXCLUDE,Q2-01373a7517
37623466,15,2022-05-10,2022-05-10,EXCLUDE,Q2-01373a7517
37623466,15,2022-05-15,2022-05-15,EXCLUDE,Q2-01373a7517
37623466,15,2022-05-19,2022-05-19,EXCLUDE,Q2-01373a7517
37623466,15,2022-05-22,2022-05-22,EXCLUDE,Q2-01373a7517
37735423,15,2021-08-14,2021-08-14,EXCLUDE,Q2-39a705e5eb
37735423,15,2021-08-21,2021-08-21,EXCLUDE,Q2-39a705e5eb
37735423,15,2021-08-28,2021-08-28,EXCLUDE,Q2-39a705e5eb
37735423,15,2021-09-11,2021-09-11,EXCLUDE,Q2-39a705e5eb
37735423,15,2021-09-18,2021-09-18,EXCLUDE,Q2-39a705e5eb
37735423,15,2021-09-25,2021-09-25,EXCLUDE,Q2-39a705e5eb
37735423,15,2021-10-03,2021-10-03,EXCLUDE,Q2-39a705e5eb
37735423,15,2021-10-16,2021-10-16,EXCLUDE,Q2-39a705e5eb
37735423,15,2021-10-22,2021-10-22,EXCLUDE,Q2-39a705e5eb
37735423,15,2021-10-31,2021-10-31,EXCLUDE,Q2-39a705e5eb
37735423,15,2021-11-05,2021-11-05,EXCLUDE,Q2-39a705e5eb
37735423,15,2021-11-20,2021-11-20,EXCLUDE,Q2-39a705e5eb
37735423,15,2021-11-27,2021-11-27,EXCLUDE,Q2-39a705e5eb
37735423,15,2021-12-01,2021-12-01,EXCLUDE,Q2-39a705e5eb
37735423,15,2021-12-05,2021-12-05,EXCLUDE,Q2-39a705e5eb
37735423,15,2021-12-11,2021-12-11,EXCLUDE,Q2-39a705e5eb
37735423,15,2021-12-14,2021-12-14,EXCLUDE,Q2-39a705e5eb
37735423,15,2021-12-26,2021-12-26,EXCLUDE,Q2-39a705e5eb
37735423,15,2022-01-02,2022-01-02,EXCLUDE,Q2-39a705e5eb
37735423,15,2022-01-15,2022-01-15,EXCLUDE,Q2-39a705e5eb
37735423,15,2022-01-22,2022-01-22,EXCLUDE,Q2-39a705e5eb
37735423,15,2022-02-09,2022-02-09,EXCLUDE,Q2-39a705e5eb
37735423,15,2022-02-13,2022-02-13,EXCLUDE,Q2-39a705e5eb
37735423,15,2022-02-19,2022-02-19,EXCLUDE,Q2-39a705e5eb
37735423,15,2022-02-26,2022-02-26,EXCLUDE,Q2-39a705e5eb
37735423,15,2022-03-05,2022-03-05,EXCLUDE,Q2-39a705e5eb
37735423,15,2022-03-10,2022-03-10,EXCLUDE,Q2-39a705e5eb
37735423,15,2022-03-13,2022-03-13,EXCLUDE,Q2-39a705e5eb
37735423,15,2022-03-19,2022-03-19,EXCLUDE,Q2-39a705e5eb
37735423,15,2022-04-02,2022-04-02,EXCLUDE,Q2-39a705e5eb
37735423,15,2022-04-09,2022-04-09,EXCLUDE,Q2-39a705e5eb
37735423,15,2022-04-23,2022-04-23,EXCLUDE,Q2-39a705e5eb
37735423,15,2022-04-30,2022-04-30,EXCLUDE,Q2-39a705e5eb
37735423,15,2022-05-07,2022-05-07,EXCLUDE,Q2-39a705e5eb
37735423,15,2022-05-10,2022-05-10,EXCLUDE,Q2-39a705e5eb
37735423,15,2022-05-15,2022-05-15,EXCLUDE,Q2-39a705e5eb
37735423,15,2022-05-19,2022-05-19,EXCLUDE,Q2-39a705e5eb
37735423,15,2022-05-22,2022-05-22,EXCLUDE,Q2-39a705e5eb
37630500,18,2021-08-14,2021-08-14,EXCLUDE,Q2-d3e8703727
37630500,18,2021-08-22,2021-08-22,EXCLUDE,Q2-d3e8703727
37630500,18,2021-08-28,2021-08-28,EXCLUDE,Q2-d3e8703727
37630500,18,2021-09-11,2021-09-11,EXCLUDE,Q2-d3e8703727
37630500,18,2021-09-19,2021-09-19,EXCLUDE,Q2-d3e8703727
37630500,18,2021-09-25,2021-09-25,EXCLUDE,Q2-d3e8703727
37630500,18,2021-10-02,2021-10-02,EXCLUDE,Q2-d3e8703727
37630500,18,2021-10-16,2021-10-16,EXCLUDE,Q2-d3e8703727
37630500,18,2021-10-23,2021-10-23,EXCLUDE,Q2-d3e8703727
37630500,18,2021-10-30,2021-10-30,EXCLUDE,Q2-d3e8703727
37630500,18,2021-11-06,2021-11-06,EXCLUDE,Q2-d3e8703727
37630500,18,2021-11-20,2021-11-20,EXCLUDE,Q2-d3e8703727
37630500,18,2021-11-28,2021-11-28,EXCLUDE,Q2-d3e8703727
37630500,18,2021-12-01,2021-12-01,EXCLUDE,Q2-d3e8703727
37630500,18,2021-12-04,2021-12-04,EXCLUDE,Q2-d3e8703727
37630500,18,2021-12-11,2021-12-11,EXCLUDE,Q2-d3e8703727
37630500,18,2021-12-16,2021-12-16,EXCLUDE,Q2-d3e8703727
37630500,18,2021-12-19,2021-12-19,EXCLUDE,Q2-d3e8703727
37630500,18,2021-12-26,2021-12-26,EXCLUDE,Q2-d3e8703727
37630500,18,2021-12-29,2021-12-29,EXCLUDE,Q2-d3e8703727
37630500,18,2022-01-02,2022-01-02,EXCLUDE,Q2-d3e8703727
37630500,18,2022-01-15,2022-01-15,EXCLUDE,Q2-d3e8703727
37630500,18,2022-01-18,2022-01-18,EXCLUDE,Q2-d3e8703727
37630500,18,2022-01-23,2022-01-23,EXCLUDE,Q2-d3e8703727
37630500,18,2022-02-19,2022-02-19,EXCLUDE,Q2-d3e8703727
37630500,18,2022-03-05,2022-03-05,EXCLUDE,Q2-d3e8703727
37630500,18,2022-03-10,2022-03-10,EXCLUDE,Q2-d3e8703727
37630500,18,2022-03-13,2022-03-13,EXCLUDE,Q2-d3e8703727
37630500,18,2022-04-02,2022-04-02,EXCLUDE,Q2-d3e8703727
37630500,18,2022-04-09,2022-04-09,EXCLUDE,Q2-d3e8703727
37630500,18,2022-04-20,2022-04-20,EXCLUDE,Q2-d3e8703727
37630500,18,2022-04-24,2022-04-24,EXCLUDE,Q2-d3e8703727
37630500,18,2022-04-28,2022-04-28,EXCLUDE,Q2-d3e8703727
37630500,18,2022-05-01,2022-05-01,EXCLUDE,Q2-d3e8703727
37630500,18,2022-05-07,2022-05-07,EXCLUDE,Q2-d3e8703727
37630500,18,2022-05-11,2022-05-11,EXCLUDE,Q2-d3e8703727
37630500,18,2022-05-19,2022-05-19,EXCLUDE,Q2-d3e8703727
37630500,18,2022-05-22,2022-05-22,EXCLUDE,Q2-d3e8703727
900596217,27,2021-08-14,2021-08-14,EXCLUDE,Q2-11ee5a04ce
900596217,27,2021-08-21,2021-08-21,EXCLUDE,Q2-11ee5a04ce
900596217,27,2021-08-29,2021-08-29,EXCLUDE,Q2-11ee5a04ce
900596217,27,2021-09-13,2021-09-13,EXCLUDE,Q2-11ee5a04ce
900596217,27,2021-09-18,2021-09-18,EXCLUDE,Q2-11ee5a04ce
900596217,27,2021-09-25,2021-09-25,EXCLUDE,Q2-11ee5a04ce
900596217,27,2021-10-02,2021-10-02,EXCLUDE,Q2-11ee5a04ce
900596217,27,2021-10-16,2021-10-16,EXCLUDE,Q2-11ee5a04ce
900596217,27,2021-10-23,2021-10-23,EXCLUDE,Q2-11ee5a04ce
900596217,27,2021-10-30,2021-10-30,EXCLUDE,Q2-11ee5a04ce
900596217,27,2021-11-06,2021-11-06,EXCLUDE,Q2-11ee5a04ce
900596217,27,2021-11-20,2021-11-20,EXCLUDE,Q2-11ee5a04ce
900596217,27,2021-12-01,2021-12-01,EXCLUDE,Q2-11ee5a04ce
900596217,27,2021-12-04,2021-12-04,EXCLUDE,Q2-11ee5a04ce
900596217,27,2021-12-12,2021-12-12,EXCLUDE,Q2-11ee5a04ce
900596217,27,2021-12-30,2021-12-30,EXCLUDE,Q2-11ee5a04ce
900596217,27,2022-01-02,2022-01-02,EXCLUDE,Q2-11ee5a04ce
900596217,27,2022-01-23,2022-01-23,EXCLUDE,Q2-11ee5a04ce
900596217,27,2022-02-05,2022-02-05,EXCLUDE,Q2-11ee5a04ce
900596217,27,2022-02-08,2022-02-08,EXCLUDE,Q2-11ee5a04ce
900596217,27,2022-02-13,2022-02-13,EXCLUDE,Q2-11ee5a04ce
900596217,27,2022-02-19,2022-02-19,EXCLUDE,Q2-11ee5a04ce
900596217,27,2022-02-23,2022-02-23,EXCLUDE,Q2-11ee5a04ce
900596217,27,2022-02-26,2022-02-26,EXCLUDE,Q2-11ee5a04ce
900596217,27,2022-03-01,2022-03-01,EXCLUDE,Q2-11ee5a04ce
900596217,27,2022-03-05,2022-03-05,EXCLUDE,Q2-11ee5a04ce
900596217,27,2022-03-12,2022-03-12,EXCLUDE,Q2-11ee5a04ce
900596217,27,2022-04-02,2022-04-02,EXCLUDE,Q2-11ee5a04ce
900596217,27,2022-04-06,2022-04-06,EXCLUDE,Q2-11ee5a04ce
900596217,27,2022-04-10,2022-04-10,EXCLUDE,Q2-11ee5a04ce
900596217,27,2022-04-17,2022-04-17,EXCLUDE,Q2-11ee5a04ce
900596217,27,2022-04-21,2022-04-21,EXCLUDE,Q2-11ee5a04ce
900596217,27,2022-04-24,2022-04-24,EXCLUDE,Q2-11ee5a04ce
900596217,27,2022-04-30,2022-04-30,EXCLUDE,Q2-11ee5a04ce
900596217,27,2022-05-07,2022-05-07,EXCLUDE,Q2-11ee5a04ce
900596217,27,2022-05-15,2022-05-15,EXCLUDE,Q2-11ee5a04ce
900596217,27,2022-05-19,2022-05-19,EXCLUDE,Q2-11ee5a04ce
900596217,27,2022-05-22,2022-05-22,EXCLUDE,Q2-11ee5a04ce
37561120,42,2021-08-14,2021-08-14,EXCLUDE,Q2-4469cb2bda
37561120,42,2021-08-23,2021-08-23,EXCLUDE,Q2-4469cb2bda
37561120,42,2021-08-28,2021-08-28,EXCLUDE,Q2-4469cb2bda
37561120,42,2021-09-11,2021-09-11,EXCLUDE,Q2-4469cb2bda
37561120,42,2021-09-19,2021-09-19,EXCLUDE,Q2-4469cb2bda
37561120,42,2021-09-25,2021-09-25,EXCLUDE,Q2-4469cb2bda
37561120,42,2021-10-03,2021-10-03,EXCLUDE,Q2-4469cb2bda
37561120,42,2021-10-16,2021-10-16,EXCLUDE,Q2-4469cb2bda
37561120,42,2021-10-24,2021-10-24,EXCLUDE,Q2-4469cb2bda
37561120,42,2021-10-30,2021-10-30,EXCLUDE,Q2-4469cb2bda
37561120,42,2021-11-07,2021-11-07,EXCLUDE,Q2-4469cb2bda
37561120,42,2021-11-20,2021-11-20,EXCLUDE,Q2-4469cb2bda
37561120,42,2021-11-28,2021-11-28,EXCLUDE,Q2-4469cb2bda
37561120,42,2021-12-01,2021-12-01,EXCLUDE,Q2-4469cb2bda
37561120,42,2021-12-05,2021-12-05,EXCLUDE,Q2-4469cb2bda
37561120,42,2021-12-12,2021-12-12,EXCLUDE,Q2-4469cb2bda
37561120,42,2021-12-26,2021-12-26,EXCLUDE,Q2-4469cb2bda
37561120,42,2021-12-28,2021-12-28,EXCLUDE,Q2-4469cb2bda
37561120,42,2022-01-19,2022-01-19,EXCLUDE,Q2-4469cb2bda
37561120,42,2022-01-23,2022-01-23,EXCLUDE,Q2-4469cb2bda
37561120,42,2022-02-10,2022-02-10,EXCLUDE,Q2-4469cb2bda
37561120,42,2022-02-13,2022-02-13,EXCLUDE,Q2-4469cb2bda
37561120,42,2022-02-20,2022-02-20,EXCLUDE,Q2-4469cb2bda
37561120,42,2022-03-01,2022-03-01,EXCLUDE,Q2-4469cb2bda
37561120,42,2022-03-05,2022-03-05,EXCLUDE,Q2-4469cb2bda
37561120,42,2022-03-13,2022-03-13,EXCLUDE,Q2-4469cb2bda
37561120,42,2022-03-20,2022-03-20,EXCLUDE,Q2-4469cb2bda
37561120,42,2022-04-02,2022-04-02,EXCLUDE,Q2-4469cb2bda
37561120,42,2022-04-10,2022-04-10,EXCLUDE,Q2-4469cb2bda
37561120,42,2022-04-17,2022-04-17,EXCLUDE,Q2-4469cb2bda
37561120,42,2022-04-20,2022-04-20,EXCLUDE,Q2-4469cb2bda
37561120,42,2022-04-23,2022-04-23,EXCLUDE,Q2-4469cb2bda
37561120,42,2022-05-01,2022-05-01,EXCLUDE,Q2-4469cb2bda
37561120,42,2022-05-08,2022-05-08,EXCLUDE,Q2-4469cb2bda
37561120,42,2022-05-11,2022-05-11,EXCLUDE,Q2-4469cb2bda
37561120,42,2022-05-15,2022-05-15,EXCLUDE,Q2-4469cb2bda
37561120,42,2022-05-19,2022-05-19,EXCLUDE,Q2-4469cb2bda
37561120,42,2022-05-22,2022-05-22,EXCLUDE,Q2-4469cb2bda
900879766,51,2021-08-14,2021-08-14,EXCLUDE,Q2-5b5359a2c8
900879766,51,2021-08-21,2021-08-21,EXCLUDE,Q2-5b5359a2c8
900879766,51,2021-08-28,2021-08-28,EXCLUDE,Q2-5b5359a2c8
900879766,51,2021-09-11,2021-09-11,EXCLUDE,Q2-5b5359a2c8
900879766,51,2021-09-18,2021-09-18,EXCLUDE,Q2-5b5359a2c8
900879766,51,2021-09-27,2021-09-27,EXCLUDE,Q2-5b5359a2c8
900879766,51,2021-10-03,2021-10-03,EXCLUDE,Q2-5b5359a2c8
900879766,51,2021-10-18,2021-10-18,EXCLUDE,Q2-5b5359a2c8
900879766,51,2021-10-23,2021-10-23,EXCLUDE,Q2-5b5359a2c8
900879766,51,2021-10-30,2021-10-30,EXCLUDE,Q2-5b5359a2c8
900879766,51,2021-11-06,2021-11-06,EXCLUDE,Q2-5b5359a2c8
900879766,51,2021-11-20,2021-11-20,EXCLUDE,Q2-5b5359a2c8
900879766,51,2021-11-27,2021-11-27,EXCLUDE,Q2-5b5359a2c8
900879766,51,2021-11-30,2021-11-30,EXCLUDE,Q2-5b5359a2c8
900879766,51,2021-12-05,2021-12-05,EXCLUDE,Q2-5b5359a2c8
900879766,51,2021-12-12,2021-12-12,EXCLUDE,Q2-5b5359a2c8
900879766,51,2021-12-15,2021-12-15,EXCLUDE,Q2-5b5359a2c8
900879766,51,2021-12-26,2021-12-26,EXCLUDE,Q2-5b5359a2c8
900879766,51,2021-12-28,2021-12-28,EXCLUDE,Q2-5b5359a2c8
900879766,51,2022-01-01,2022-01-01,EXCLUDE,Q2-5b5359a2c8
900879766,51,2022-01-14,2022-01-14,EXCLUDE,Q2-5b5359a2c8
900879766,51,2022-01-23,2022-01-23,EXCLUDE,Q2-5b5359a2c8
900879766,51,2022-02-09,2022-02-09,EXCLUDE,Q2-5b5359a2c8
900879766,51,2022-02-12,2022-02-12,EXCLUDE,Q2-5b5359a2c8
900879766,51,2022-02-19,2022-02-19,EXCLUDE,Q2-5b5359a2c8
900879766,51,2022-02-23,2022-02-23,EXCLUDE,Q2-5b5359a2c8
900879766,51,2022-02-26,2022-02-26,EXCLUDE,Q2-5b5359a2c8
900879766,51,2022-03-05,2022-03-05,EXCLUDE,Q2-5b5359a2c8
900879766,51,2022-03-14,2022-03-14,EXCLUDE,Q2-5b5359a2c8
900879766,51,2022-04-04,2022-04-04,EXCLUDE,Q2-5b5359a2c8
900879766,51,2022-04-10,2022-04-10,EXCLUDE,Q2-5b5359a2c8
900879766,51,2022-04-20,2022-04-20,EXCLUDE,Q2-5b5359a2c8
900879766,51,2022-04-25,2022-04-25,EXCLUDE,Q2-5b5359a2c8
900879766,51,2022-04-30,2022-04-30,EXCLUDE,Q2-5b5359a2c8
900879766,51,2022-05-07,2022-05-07,EXCLUDE,Q2-5b5359a2c8
900879766,51,2022-05-15,2022-05-15,EXCLUDE,Q2-5b5359a2c8
900879766,51,2022-05-19,2022-05-19,EXCLUDE,Q2-5b5359a2c8
900879766,51,2022-05-22,2022-05-22,EXCLUDE,Q2-5b5359a2c8
900906891,71,2021-08-14,2021-08-14,EXCLUDE,Q2-909916d29f
900906891,71,2021-08-21,2021-08-21,EXCLUDE,Q2-909916d29f
900906891,71,2021-08-29,2021-08-29,EXCLUDE,Q2-909916d29f
900906891,71,2021-09-12,2021-09-12,EXCLUDE,Q2-909916d29f
900906891,71,2021-09-17,2021-09-17,EXCLUDE,Q2-909916d29f
900906891,71,2021-09-25,2021-09-25,EXCLUDE,Q2-909916d29f
900906891,71,2021-10-02,2021-10-02,EXCLUDE,Q2-909916d29f
900906891,71,2021-10-16,2021-10-16,EXCLUDE,Q2-909916d29f
900906891,71,2021-10-23,2021-10-23,EXCLUDE,Q2-909916d29f
900906891,71,2021-10-31,2021-10-31,EXCLUDE,Q2-909916d29f
900906891,71,2021-11-07,2021-11-07,EXCLUDE,Q2-909916d29f
900906891,71,2021-11-21,2021-11-21,EXCLUDE,Q2-909916d29f
900906891,71,2021-11-27,2021-11-27,EXCLUDE,Q2-909916d29f
900906891,71,2021-11-30,2021-11-30,EXCLUDE,Q2-909916d29f
900906891,71,2021-12-05,2021-12-05,EXCLUDE,Q2-909916d29f
900906891,71,2021-12-11,2021-12-11,EXCLUDE,Q2-909916d29f
900906891,71,2021-12-14,2021-12-14,EXCLUDE,Q2-909916d29f
900906891,71,2021-12-18,2021-12-18,EXCLUDE,Q2-909916d29f
900906891,71,2022-01-02,2022-01-02,EXCLUDE,Q2-909916d29f
900906891,71,2022-01-16,2022-01-16,EXCLUDE,Q2-909916d29f
900906891,71,2022-01-22,2022-01-22,EXCLUDE,Q2-909916d29f
900906891,71,2022-02-09,2022-02-09,EXCLUDE,Q2-909916d29f
900906891,71,2022-02-12,2022-02-12,EXCLUDE,Q2-909916d29f
900906891,71,2022-02-20,2022-02-20,EXCLUDE,Q2-909916d29f
900906891,71,2022-02-23,2022-02-23,EXCLUDE,Q2-909916d29f
900906891,71,2022-02-26,2022-02-26,EXCLUDE,Q2-909916d29f
900906891,71,2022-03-05,2022-03-05,EXCLUDE,Q2-909916d29f
900906891,71,2022-03-10,2022-03-10,EXCLUDE,Q2-909916d29f
900906891,71,2022-03-13,2022-03-13,EXCLUDE,Q2-909916d29f
900906891,71,2022-03-18,2022-03-18,EXCLUDE,Q2-909916d29f
900906891,71,2022-04-02,2022-04-02,EXCLUDE,Q2-909916d29f
900906891,71,2022-04-09,2022-04-09,EXCLUDE,Q2-909916d29f
900906891,71,2022-04-25,2022-04-25,EXCLUDE,Q2-909916d29f
900906891,71,2022-04-30,2022-04-30,EXCLUDE,Q2-909916d29f
900906891,71,2022-05-08,2022-05-08,EXCLUDE,Q2-909916d29f
900906891,71,2022-05-11,2022-05-11,EXCLUDE,Q2-909916d29f
900906891,71,2022-05-15,2022-05-15,EXCLUDE,Q2-909916d29f
900906891,71,2022-05-22,2022-05-22,EXCLUDE,Q2-909916d29f
28912976,9,2019-08-10,2019-08-10,EXCLUDE,Q2-536e566c32
28912976,9,2019-08-17,2019-08-17,EXCLUDE,Q2-536e566c32
28912976,9,2019-08-25,2019-08-25,EXCLUDE,Q2-536e566c32
28912976,9,2019-08-31,2019-08-31,EXCLUDE,Q2-536e566c32
28912976,9,2019-09-14,2019-09-14,EXCLUDE,Q2-536e566c32
28912976,9,2019-09-21,2019-09-21,EXCLUDE,Q2-536e566c32
28912976,9,2019-09-28,2019-09-28,EXCLUDE,Q2-536e566c32
28912976,9,2019-10-06,2019-10-06,EXCLUDE,Q2-536e566c32
28912976,9,2019-10-19,2019-10-19,EXCLUDE,Q2-536e566c32
28912976,9,2019-10-26,2019-10-26,EXCLUDE,Q2-536e566c32
28912976,9,2019-11-02,2019-11-02,EXCLUDE,Q2-536e566c32
28912976,9,2019-11-10,2019-11-10,EXCLUDE,Q2-536e566c32
28912976,9,2019-11-23,2019-11-23,EXCLUDE,Q2-536e566c32
28912976,9,2019-11-30,2019-11-30,EXCLUDE,Q2-536e566c32
28912976,9,2019-12-03,2019-12-03,EXCLUDE,Q2-536e566c32
28912976,9,2019-12-07,2019-12-07,EXCLUDE,Q2-536e566c32
28912976,9,2019-12-15,2019-12-15,EXCLUDE,Q2-536e566c32
28912976,9,2019-12-21,2019-12-21,EXCLUDE,Q2-536e566c32
28912976,9,2019-12-27,2019-12-27,EXCLUDE,Q2-536e566c32
28912976,9,2019-12-29,2019-12-29,EXCLUDE,Q2-536e566c32
28912976,9,2020-01-01,2020-01-01,EXCLUDE,Q2-536e566c32
28912976,9,2020-01-12,2020-01-12,EXCLUDE,Q2-536e566c32
28912976,9,2020-01-18,2020-01-18,EXCLUDE,Q2-536e566c32
28912976,9,2020-01-21,2020-01-21,EXCLUDE,Q2-536e566c32
28912976,9,2020-02-02,2020-02-02,EXCLUDE,Q2-536e566c32
28912976,9,2020-02-19,2020-02-19,EXCLUDE,Q2-536e566c32
28912976,9,2020-02-22,2020-02-22,EXCLUDE,Q2-536e566c32
28912976,9,2020-03-08,2020-03-08,EXCLUDE,Q2-536e566c32
28912976,9,2020-06-17,2020-06-17,EXCLUDE,Q2-536e566c32
28912976,9,2020-06-22,2020-06-22,EXCLUDE,Q2-536e566c32
28912976,9,2020-06-25,2020-06-25,EXCLUDE,Q2-536e566c32
28912976,9,2020-07-02,2020-07-02,EXCLUDE,Q2-536e566c32
28912976,9,2020-07-05,2020-07-05,EXCLUDE,Q2-536e566c32
28912976,9,2020-07-08,2020-07-08,EXCLUDE,Q2-536e566c32
28912976,9,2020-07-11,2020-07-11,EXCLUDE,Q2-536e566c32
28912976,9,2020-07-15,2020-07-15,EXCLUDE,Q2-536e566c32
28912976,9,2020-07-21,2020-07-21,EXCLUDE,Q2-536e566c32
28912976,9,2020-07-26,2020-07-26,EXCLUDE,Q2-536e566c32
37316841,9,2019-08-10,2019-08-10,EXCLUDE,Q2-902209f06f
37316841,9,2019-08-17,2019-08-17,EXCLUDE,Q2-902209f06f
37316841,9,2019-08-25,2019-08-25,EXCLUDE,Q2-902209f06f
37316841,9,2019-08-31,2019-08-31,EXCLUDE,Q2-902209f06f
37316841,9,2019-09-14,2019-09-14,EXCLUDE,Q2-902209f06f
37316841,9,2019-09-21,2019-09-21,EXCLUDE,Q2-902209f06f
37316841,9,2019-09-28,2019-09-28,EXCLUDE,Q2-902209f06f
37316841,9,2019-10-06,2019-10-06,EXCLUDE,Q2-902209f06f
37316841,9,2019-10-19,2019-10-19,EXCLUDE,Q2-902209f06f
37316841,9,2019-10-26,2019-10-26,EXCLUDE,Q2-902209f06f
37316841,9,2019-11-02,2019-11-02,EXCLUDE,Q2-902209f06f
37316841,9,2019-11-10,2019-11-10,EXCLUDE,Q2-902209f06f
37316841,9,2019-11-23,2019-11-23,EXCLUDE,Q2-902209f06f
37316841,9,2019-11-30,2019-11-30,EXCLUDE,Q2-902209f06f
37316841,9,2019-12-03,2019-12-03,EXCLUDE,Q2-902209f06f
37316841,9,2019-12-07,2019-12-07,EXCLUDE,Q2-902209f06f
37316841,9,2019-12-15,2019-12-15,EXCLUDE,Q2-902209f06f
37316841,9,2019-12-21,2019-12-21,EXCLUDE,Q2-902209f06f
37316841,9,2019-12-27,2019-12-27,EXCLUDE,Q2-902209f06f
37316841,9,2019-12-29,2019-12-29,EXCLUDE,Q2-902209f06f
37316841,9,2020-01-01,2020-01-01,EXCLUDE,Q2-902209f06f
37316841,9,2020-01-12,2020-01-12,EXCLUDE,Q2-902209f06f
37316841,9,2020-01-18,2020-01-18,EXCLUDE,Q2-902209f06f
37316841,9,2020-01-21,2020-01-21,EXCLUDE,Q2-902209f06f
37316841,9,2020-02-02,2020-02-02,EXCLUDE,Q2-902209f06f
37316841,9,2020-02-19,2020-02-19,EXCLUDE,Q2-902209f06f
37316841,9,2020-02-22,2020-02-22,EXCLUDE,Q2-902209f06f
37316841,9,2020-03-08,2020-03-08,EXCLUDE,Q2-902209f06f
37316841,9,2020-06-17,2020-06-17,EXCLUDE,Q2-902209f06f
37316841,9,2020-06-22,2020-06-22,EXCLUDE,Q2-902209f06f
37316841,9,2020-06-25,2020-06-25,EXCLUDE,Q2-902209f06f
37316841,9,2020-07-02,2020-07-02,EXCLUDE,Q2-902209f06f
37316841,9,2020-07-05,2020-07-05,EXCLUDE,Q2-902209f06f
37316841,9,2020-07-08,2020-07-08,EXCLUDE,Q2-902209f06f
37316841,9,2020-07-11,2020-07-11,EXCLUDE,Q2-902209f06f
37316841,9,2020-07-15,2020-07-15,EXCLUDE,Q2-902209f06f
37316841,9,2020-07-21,2020-07-21,EXCLUDE,Q2-902209f06f
37316841,9,2020-07-26,2020-07-26,EXCLUDE,Q2-902209f06f
24838234,9,2019-08-10,2019-08-10,EXCLUDE,Q2-f5bbbf389f
24838234,9,2019-08-17,2019-08-17,EXCLUDE,Q2-f5bbbf389f
24838234,9,2019-08-25,2019-08-25,EXCLUDE,Q2-f5bbbf389f
24838234,9,2019-08-31,2019-08-31,EXCLUDE,Q2-f5bbbf389f
24838234,9,2019-09-14,2019-09-14,EXCLUDE,Q2-f5bbbf389f
24838234,9,2019-09-21,2019-09-21,EXCLUDE,Q2-f5bbbf389f
24838234,9,2019-09-28,2019-09-28,EXCLUDE,Q2-f5bbbf389f
24838234,9,2019-10-06,2019-10-06,EXCLUDE,Q2-f5bbbf389f
24838234,9,2019-10-19,2019-10-19,EXCLUDE,Q2-f5bbbf389f
24838234,9,2019-10-26,2019-10-26,EXCLUDE,Q2-f5bbbf389f
24838234,9,2019-11-02,2019-11-02,EXCLUDE,Q2-f5bbbf389f
24838234,9,2019-11-10,2019-11-10,EXCLUDE,Q2-f5bbbf389f
24838234,9,2019-11-23,2019-11-23,EXCLUDE,Q2-f5bbbf389f
24838234,9,2019-11-30,2019-11-30,EXCLUDE,Q2-f5bbbf389f
24838234,9,2019-12-03,2019-12-03,EXCLUDE,Q2-f5bbbf389f
24838234,9,2019-12-07,2019-12-07,EXCLUDE,Q2-f5bbbf389f
24838234,9,2019-12-15,2019-12-15,EXCLUDE,Q2-f5bbbf389f
24838234,9,2019-12-21,2019-12-21,EXCLUDE,Q2-f5bbbf389f
24838234,9,2019-12-27,2019-12-27,EXCLUDE,Q2-f5bbbf389f
24838234,9,2019-12-29,2019-12-29,EXCLUDE,Q2-f5bbbf389f
24838234,9,2020-01-01,2020-01-01,EXCLUDE,Q2-f5bbbf389f
24838234,9,2020-01-12,2020-01-12,EXCLUDE,Q2-f5bbbf389f
24838234,9,2020-01-18,2020-01-18,EXCLUDE,Q2-f5bbbf389f
24838234,9,2020-01-21,2020-01-21,EXCLUDE,Q2-f5bbbf389f
24838234,9,2020-02-02,2020-02-02,EXCLUDE,Q2-f5bbbf389f
24838234,9,2020-02-19,2020-02-19,EXCLUDE,Q2-f5bbbf389f
24838234,9,2020-02-22,2020-02-22,EXCLUDE,Q2-f5bbbf389f
24838234,9,2020-03-08,2020-03-08,EXCLUDE,Q2-f5bbbf389f
24838234,9,2020-06-17,2020-06-17,EXCLUDE,Q2-f5bbbf389f
24838234,9,2020-06-22,2020-06-22,EXCLUDE,Q2-f5bbbf389f
24838234,9,2020-06-25,2020-06-25,EXCLUDE,Q2-f5bbbf389f
24838234,9,2020-07-02,2020-07-02,EXCLUDE,Q2-f5bbbf389f
24838234,9,2020-07-05,2020-07-05,EXCLUDE,Q2-f5bbbf389f
24838234,9,2020-07-08,2020-07-08,EXCLUDE,Q2-f5bbbf389f
24838234,9,2020-07-11,2020-07-11,EXCLUDE,Q2-f5bbbf389f
24838234,9,2020-07-15,2020-07-15,EXCLUDE,Q2-f5bbbf389f
24838234,9,2020-07-21,2020-07-21,EXCLUDE,Q2-f5bbbf389f
24838234,9,2020-07-26,2020-07-26,EXCLUDE,Q2-f5bbbf389f
37286732,9,2019-08-10,2019-08-10,EXCLUDE,Q2-9a5bdada22
37286732,9,2019-08-17,2019-08-17,EXCLUDE,Q2-9a5bdada22
37286732,9,2019-08-25,2019-08-25,EXCLUDE,Q2-9a5bdada22
37286732,9,2019-08-31,2019-08-31,EXCLUDE,Q2-9a5bdada22
37286732,9,2019-09-14,2019-09-14,EXCLUDE,Q2-9a5bdada22
37286732,9,2019-09-21,2019-09-21,EXCLUDE,Q2-9a5bdada22
37286732,9,2019-09-28,2019-09-28,EXCLUDE,Q2-9a5bdada22
37286732,9,2019-10-06,2019-10-06,EXCLUDE,Q2-9a5bdada22
37286732,9,2019-10-19,2019-10-19,EXCLUDE,Q2-9a5bdada22
37286732,9,2019-10-26,2019-10-26,EXCLUDE,Q2-9a5bdada22
37286732,9,2019-11-02,2019-11-02,EXCLUDE,Q2-9a5bdada22
37286732,9,2019-11-10,2019-11-10,EXCLUDE,Q2-9a5bdada22
37286732,9,2019-11-23,2019-11-23,EXCLUDE,Q2-9a5bdada22
37286732,9,2019-11-30,2019-11-30,EXCLUDE,Q2-9a5bdada22
37286732,9,2019-12-03,2019-12-03,EXCLUDE,Q2-9a5bdada22
37286732,9,2019-12-07,2019-12-07,EXCLUDE,Q2-9a5bdada22
37286732,9,2019-12-15,2019-12-15,EXCLUDE,Q2-9a5bdada22
37286732,9,2019-12-21,2019-12-21,EXCLUDE,Q2-9a5bdada22
37286732,9,2019-12-27,2019-12-27,EXCLUDE,Q2-9a5bdada22
37286732,9,2019-12-29,2019-12-29,EXCLUDE,Q2-9a5bdada22
37286732,9,2020-01-01,2020-01-01,EXCLUDE,Q2-9a5bdada22
37286732,9,2020-01-12,2020-01-12,EXCLUDE,Q2-9a5bdada22
37286732,9,2020-01-18,2020-01-18,EXCLUDE,Q2-9a5bdada22
37286732,9,2020-01-21,2020-01-21,EXCLUDE,Q2-9a5bdada22
37286732,9,2020-02-02,2020-02-02,EXCLUDE,Q2-9a5bdada22
37286732,9,2020-02-19,2020-02-19,EXCLUDE,Q2-9a5bdada22
37286732,9,2020-02-22,2020-02-22,EXCLUDE,Q2-9a5bdada22
37286732,9,2020-03-08,2020-03-08,EXCLUDE,Q2-9a5bdada22
37286732,9,2020-06-17,2020-06-17,EXCLUDE,Q2-9a5bdada22
37286732,9,2020-06-22,2020-06-22,EXCLUDE,Q2-9a5bdada22
37286732,9,2020-06-25,2020-06-25,EXCLUDE,Q2-9a5bdada22
37286732,9,2020-07-02,2020-07-02,EXCLUDE,Q2-9a5bdada22
37286732,9,2020-07-05,2020-07-05,EXCLUDE,Q2-9a5bdada22
37286732,9,2020-07-08,2020-07-08,EXCLUDE,Q2-9a5bdada22
37286732,9,2020-07-11,2020-07-11,EXCLUDE,Q2-9a5bdada22
37286732,9,2020-07-15,2020-07-15,EXCLUDE,Q2-9a5bdada22
37286732,9,2020-07-21,2020-07-21,EXCLUDE,Q2-9a5bdada22
37286732,9,2020-07-26,2020-07-26,EXCLUDE,Q2-9a5bdada22
900605757,13,2019-08-10,2019-08-10,EXCLUDE,Q2-3455007336
900605757,13,2019-08-17,2019-08-17,EXCLUDE,Q2-3455007336
900605757,13,2019-08-23,2019-08-23,EXCLUDE,Q2-3455007336
900605757,13,2019-09-01,2019-09-01,EXCLUDE,Q2-3455007336
900605757,13,2019-09-15,2019-09-15,EXCLUDE,Q2-3455007336
900605757,13,2019-09-21,2019-09-21,EXCLUDE,Q2-3455007336
900605757,13,2019-09-28,2019-09-28,EXCLUDE,Q2-3455007336
900605757,13,2019-10-05,2019-10-05,EXCLUDE,Q2-3455007336
900605757,13,2019-10-19,2019-10-19,EXCLUDE,Q2-3455007336
900605757,13,2019-10-26,2019-10-26,EXCLUDE,Q2-3455007336
900605757,13,2019-11-03,2019-11-03,EXCLUDE,Q2-3455007336
900605757,13,2019-11-09,2019-11-09,EXCLUDE,Q2-3455007336
900605757,13,2019-11-23,2019-11-23,EXCLUDE,Q2-3455007336
900605757,13,2019-12-01,2019-12-01,EXCLUDE,Q2-3455007336
900605757,13,2019-12-04,2019-12-04,EXCLUDE,Q2-3455007336
900605757,13,2019-12-07,2019-12-07,EXCLUDE,Q2-3455007336
900605757,13,2019-12-15,2019-12-15,EXCLUDE,Q2-3455007336
900605757,13,2019-12-21,2019-12-21,EXCLUDE,Q2-3455007336
900605757,13,2019-12-26,2019-12-26,EXCLUDE,Q2-3455007336
900605757,13,2019-12-28,2019-12-28,EXCLUDE,Q2-3455007336
900605757,13,2020-01-01,2020-01-01,EXCLUDE,Q2-3455007336
900605757,13,2020-01-11,2020-01-11,EXCLUDE,Q2-3455007336
900605757,13,2020-01-18,2020-01-18,EXCLUDE,Q2-3455007336
900605757,13,2020-01-21,2020-01-21,EXCLUDE,Q2-3455007336
900605757,13,2020-02-01,2020-02-01,EXCLUDE,Q2-3455007336
900605757,13,2020-02-08,2020-02-08,EXCLUDE,Q2-3455007336
900605757,13,2020-02-23,2020-02-23,EXCLUDE,Q2-3455007336
900605757,13,2020-03-01,2020-03-01,EXCLUDE,Q2-3455007336
900605757,13,2020-03-08,2020-03-08,EXCLUDE,Q2-3455007336
900605757,13,2020-06-21,2020-06-21,EXCLUDE,Q2-3455007336
900605757,13,2020-06-24,2020-06-24,EXCLUDE,Q2-3455007336
900605757,13,2020-07-01,2020-07-01,EXCLUDE,Q2-3455007336
900605757,13,2020-07-06,2020-07-06,EXCLUDE,Q2-3455007336
900605757,13,2020-07-09,2020-07-09,EXCLUDE,Q2-3455007336
900605757,13,2020-07-12,2020-07-12,EXCLUDE,Q2-3455007336
900605757,13,2020-07-16,2020-07-16,EXCLUDE,Q2-3455007336
900605757,13,2020-07-20,2020-07-20,EXCLUDE,Q2-3455007336
900605757,13,2020-07-26,2020-07-26,EXCLUDE,Q2-3455007336
37316858,14,2019-08-11,2019-08-11,EXCLUDE,Q2-b11ae477b1
37316858,14,2019-08-19,2019-08-19,EXCLUDE,Q2-b11ae477b1
37316858,14,2019-08-24,2019-08-24,EXCLUDE,Q2-b11ae477b1
37316858,14,2019-08-31,2019-08-31,EXCLUDE,Q2-b11ae477b1
37316858,14,2019-09-14,2019-09-14,EXCLUDE,Q2-b11ae477b1
37316858,14,2019-09-22,2019-09-22,EXCLUDE,Q2-b11ae477b1
37316858,14,2019-09-30,2019-09-30,EXCLUDE,Q2-b11ae477b1
37316858,14,2019-10-06,2019-10-06,EXCLUDE,Q2-b11ae477b1
37316858,14,2019-10-20,2019-10-20,EXCLUDE,Q2-b11ae477b1
37316858,14,2019-10-27,2019-10-27,EXCLUDE,Q2-b11ae477b1
37316858,14,2019-11-02,2019-11-02,EXCLUDE,Q2-b11ae477b1
37316858,14,2019-11-10,2019-11-10,EXCLUDE,Q2-b11ae477b1
37316858,14,2019-11-24,2019-11-24,EXCLUDE,Q2-b11ae477b1
37316858,14,2019-12-01,2019-12-01,EXCLUDE,Q2-b11ae477b1
37316858,14,2019-12-04,2019-12-04,EXCLUDE,Q2-b11ae477b1
37316858,14,2019-12-07,2019-12-07,EXCLUDE,Q2-b11ae477b1
37316858,14,2019-12-15,2019-12-15,EXCLUDE,Q2-b11ae477b1
37316858,14,2019-12-22,2019-12-22,EXCLUDE,Q2-b11ae477b1
37316858,14,2019-12-26,2019-12-26,EXCLUDE,Q2-b11ae477b1
37316858,14,2019-12-28,2019-12-28,EXCLUDE,Q2-b11ae477b1
37316858,14,2020-01-01,2020-01-01,EXCLUDE,Q2-b11ae477b1
37316858,14,2020-01-11,2020-01-11,EXCLUDE,Q2-b11ae477b1
37316858,14,2020-01-19,2020-01-19,EXCLUDE,Q2-b11ae477b1
37316858,14,2020-01-22,2020-01-22,EXCLUDE,Q2-b11ae477b1
37316858,14,2020-02-01,2020-02-01,EXCLUDE,Q2-b11ae477b1
37316858,14,2020-02-17,2020-02-17,EXCLUDE,Q2-b11ae477b1
37316858,14,2020-02-23,2020-02-23,EXCLUDE,Q2-b11ae477b1
37316858,14,2020-03-01,2020-03-01,EXCLUDE,Q2-b11ae477b1
37316858,14,2020-03-08,2020-03-08,EXCLUDE,Q2-b11ae477b1
37316858,14,2020-06-19,2020-06-19,EXCLUDE,Q2-b11ae477b1
37316858,14,2020-06-24,2020-06-24,EXCLUDE,Q2-b11ae477b1
37316858,14,2020-06-30,2020-06-30,EXCLUDE,Q2-b11ae477b1
37316858,14,2020-07-04,2020-07-04,EXCLUDE,Q2-b11ae477b1
37316858,14,2020-07-09,2020-07-09,EXCLUDE,Q2-b11ae477b1
37316858,14,2020-07-13,2020-07-13,EXCLUDE,Q2-b11ae477b1
37316858,14,2020-07-16,2020-07-16,EXCLUDE,Q2-b11ae477b1
37316858,14,2020-07-22,2020-07-22,EXCLUDE,Q2-b11ae477b1
37316858,14,2020-07-26,2020-07-26,EXCLUDE,Q2-b11ae477b1
900682562,14,2019-08-11,2019-08-11,EXCLUDE,Q2-c1bec37f29
900682562,14,2019-08-19,2019-08-19,EXCLUDE,Q2-c1bec37f29
900682562,14,2019-08-24,2019-08-24,EXCLUDE,Q2-c1bec37f29
900682562,14,2019-08-31,2019-08-31,EXCLUDE,Q2-c1bec37f29
900682562,14,2019-09-14,2019-09-14,EXCLUDE,Q2-c1bec37f29
900682562,14,2019-09-22,2019-09-22,EXCLUDE,Q2-c1bec37f29
900682562,14,2019-09-30,2019-09-30,EXCLUDE,Q2-c1bec37f29
900682562,14,2019-10-06,2019-10-06,EXCLUDE,Q2-c1bec37f29
900682562,14,2019-10-20,2019-10-20,EXCLUDE,Q2-c1bec37f29
900682562,14,2019-10-27,2019-10-27,EXCLUDE,Q2-c1bec37f29
900682562,14,2019-11-02,2019-11-02,EXCLUDE,Q2-c1bec37f29
900682562,14,2019-11-10,2019-11-10,EXCLUDE,Q2-c1bec37f29
900682562,14,2019-11-24,2019-11-24,EXCLUDE,Q2-c1bec37f29
900682562,14,2019-12-01,2019-12-01,EXCLUDE,Q2-c1bec37f29
900682562,14,2019-12-04,2019-12-04,EXCLUDE,Q2-c1bec37f29
900682562,14,2019-12-07,2019-12-07,EXCLUDE,Q2-c1bec37f29
900682562,14,2019-12-15,2019-12-15,EXCLUDE,Q2-c1bec37f29
900682562,14,2019-12-22,2019-12-22,EXCLUDE,Q2-c1bec37f29
900682562,14,2019-12-26,2019-12-26,EXCLUDE,Q2-c1bec37f29
900682562,14,2019-12-28,2019-12-28,EXCLUDE,Q2-c1bec37f29
900682562,14,2020-01-01,2020-01-01,EXCLUDE,Q2-c1bec37f29
900682562,14,2020-01-11,2020-01-11,EXCLUDE,Q2-c1bec37f29
900682562,14,2020-01-19,2020-01-19,EXCLUDE,Q2-c1bec37f29
900682562,14,2020-01-22,2020-01-22,EXCLUDE,Q2-c1bec37f29
900682562,14,2020-02-01,2020-02-01,EXCLUDE,Q2-c1bec37f29
900682562,14,2020-02-17,2020-02-17,EXCLUDE,Q2-c1bec37f29
900682562,14,2020-02-23,2020-02-23,EXCLUDE,Q2-c1bec37f29
900682562,14,2020-03-01,2020-03-01,EXCLUDE,Q2-c1bec37f29
900682562,14,2020-03-08,2020-03-08,EXCLUDE,Q2-c1bec37f29
900682562,14,2020-06-19,2020-06-19,EXCLUDE,Q2-c1bec37f29
900682562,14,2020-06-24,2020-06-24,EXCLUDE,Q2-c1bec37f29
900682562,14,2020-06-30,2020-06-30,EXCLUDE,Q2-c1bec37f29
900682562,14,2020-07-04,2020-07-04,EXCLUDE,Q2-c1bec37f29
900682562,14,2020-07-09,2020-07-09,EXCLUDE,Q2-c1bec37f29
900682562,14,2020-07-13,2020-07-13,EXCLUDE,Q2-c1bec37f29
900682562,14,2020-07-16,2020-07-16,EXCLUDE,Q2-c1bec37f29
900682562,14,2020-07-22,2020-07-22,EXCLUDE,Q2-c1bec37f29
900682562,14,2020-07-26,2020-07-26,EXCLUDE,Q2-c1bec37f29
900698097,15,2019-08-10,2019-08-10,EXCLUDE,Q2-8011047561
900698097,15,2019-08-17,2019-08-17,EXCLUDE,Q2-8011047561
900698097,15,2019-08-23,2019-08-23,EXCLUDE,Q2-8011047561
900698097,15,2019-08-31,2019-08-31,EXCLUDE,Q2-8011047561
900698097,15,2019-09-16,2019-09-16,EXCLUDE,Q2-8011047561
900698097,15,2019-09-22,2019-09-22,EXCLUDE,Q2-8011047561
900698097,15,2019-09-28,2019-09-28,EXCLUDE,Q2-8011047561
900698097,15,2019-10-05,2019-10-05,EXCLUDE,Q2-8011047561
900698097,15,2019-10-19,2019-10-19,EXCLUDE,Q2-8011047561
900698097,15,2019-10-26,2019-10-26,EXCLUDE,Q2-8011047561
900698097,15,2019-11-02,2019-11-02,EXCLUDE,Q2-8011047561
900698097,15,2019-11-10,2019-11-10,EXCLUDE,Q2-8011047561
900698097,15,2019-11-25,2019-11-25,EXCLUDE,Q2-8011047561
900698097,15,2019-12-01,2019-12-01,EXCLUDE,Q2-8011047561
900698097,15,2019-12-04,2019-12-04,EXCLUDE,Q2-8011047561
900698097,15,2019-12-08,2019-12-08,EXCLUDE,Q2-8011047561
900698097,15,2019-12-14,2019-12-14,EXCLUDE,Q2-8011047561
900698097,15,2019-12-21,2019-12-21,EXCLUDE,Q2-8011047561
900698097,15,2019-12-26,2019-12-26,EXCLUDE,Q2-8011047561
900698097,15,2019-12-28,2019-12-28,EXCLUDE,Q2-8011047561
900698097,15,2020-01-01,2020-01-01,EXCLUDE,Q2-8011047561
900698097,15,2020-01-12,2020-01-12,EXCLUDE,Q2-8011047561
900698097,15,2020-01-18,2020-01-18,EXCLUDE,Q2-8011047561
900698097,15,2020-01-21,2020-01-21,EXCLUDE,Q2-8011047561
900698097,15,2020-02-01,2020-02-01,EXCLUDE,Q2-8011047561
900698097,15,2020-02-16,2020-02-16,EXCLUDE,Q2-8011047561
900698097,15,2020-02-22,2020-02-22,EXCLUDE,Q2-8011047561
900698097,15,2020-03-09,2020-03-09,EXCLUDE,Q2-8011047561
900698097,15,2020-06-17,2020-06-17,EXCLUDE,Q2-8011047561
900698097,15,2020-06-21,2020-06-21,EXCLUDE,Q2-8011047561
900698097,15,2020-06-24,2020-06-24,EXCLUDE,Q2-8011047561
900698097,15,2020-06-27,2020-06-27,EXCLUDE,Q2-8011047561
900698097,15,2020-07-05,2020-07-05,EXCLUDE,Q2-8011047561
900698097,15,2020-07-09,2020-07-09,EXCLUDE,Q2-8011047561
900698097,15,2020-07-12,2020-07-12,EXCLUDE,Q2-8011047561
900698097,15,2020-07-16,2020-07-16,EXCLUDE,Q2-8011047561
900698097,15,2020-07-21,2020-07-21,EXCLUDE,Q2-8011047561
900698097,15,2020-07-26,2020-07-26,EXCLUDE,Q2-8011047561
37721324,18,2019-08-11,2019-08-11,EXCLUDE,Q2-f66a55dceb
37721324,18,2019-08-18,2019-08-18,EXCLUDE,Q2-f66a55dceb
37721324,18,2019-08-24,2019-08-24,EXCLUDE,Q2-f66a55dceb
37721324,18,2019-08-31,2019-08-31,EXCLUDE,Q2-f66a55dceb
37721324,18,2019-09-14,2019-09-14,EXCLUDE,Q2-f66a55dceb
37721324,18,2019-09-22,2019-09-22,EXCLUDE,Q2-f66a55dceb
37721324,18,2019-09-28,2019-09-28,EXCLUDE,Q2-f66a55dceb
37721324,18,2019-10-06,2019-10-06,EXCLUDE,Q2-f66a55dceb
37721324,18,2019-10-19,2019-10-19,EXCLUDE,Q2-f66a55dceb
37721324,18,2019-10-26,2019-10-26,EXCLUDE,Q2-f66a55dceb
37721324,18,2019-11-02,2019-11-02,EXCLUDE,Q2-f66a55dceb
37721324,18,2019-11-09,2019-11-09,EXCLUDE,Q2-f66a55dceb
37721324,18,2019-11-23,2019-11-23,EXCLUDE,Q2-f66a55dceb
37721324,18,2019-11-30,2019-11-30,EXCLUDE,Q2-f66a55dceb
37721324,18,2019-12-04,2019-12-04,EXCLUDE,Q2-f66a55dceb
37721324,18,2019-12-07,2019-12-07,EXCLUDE,Q2-f66a55dceb
37721324,18,2019-12-14,2019-12-14,EXCLUDE,Q2-f66a55dceb
37721324,18,2019-12-22,2019-12-22,EXCLUDE,Q2-f66a55dceb
37721324,18,2019-12-26,2019-12-26,EXCLUDE,Q2-f66a55dceb
37721324,18,2019-12-29,2019-12-29,EXCLUDE,Q2-f66a55dceb
37721324,18,2020-01-01,2020-01-01,EXCLUDE,Q2-f66a55dceb
37721324,18,2020-01-11,2020-01-11,EXCLUDE,Q2-f66a55dceb
37721324,18,2020-01-18,2020-01-18,EXCLUDE,Q2-f66a55dceb
37721324,18,2020-01-21,2020-01-21,EXCLUDE,Q2-f66a55dceb
37721324,18,2020-02-01,2020-02-01,EXCLUDE,Q2-f66a55dceb
37721324,18,2020-02-17,2020-02-17,EXCLUDE,Q2-f66a55dceb
37721324,18,2020-02-22,2020-02-22,EXCLUDE,Q2-f66a55dceb
37721324,18,2020-02-29,2020-02-29,EXCLUDE,Q2-f66a55dceb
37721324,18,2020-03-08,2020-03-08,EXCLUDE,Q2-f66a55dceb
37721324,18,2020-06-21,2020-06-21,EXCLUDE,Q2-f66a55dceb
37721324,18,2020-06-25,2020-06-25,EXCLUDE,Q2-f66a55dceb
37721324,18,2020-07-01,2020-07-01,EXCLUDE,Q2-f66a55dceb
37721324,18,2020-07-04,2020-07-04,EXCLUDE,Q2-f66a55dceb
37721324,18,2020-07-07,2020-07-07,EXCLUDE,Q2-f66a55dceb
37721324,18,2020-07-11,2020-07-11,EXCLUDE,Q2-f66a55dceb
37721324,18,2020-07-14,2020-07-14,EXCLUDE,Q2-f66a55dceb
37721324,18,2020-07-22,2020-07-22,EXCLUDE,Q2-f66a55dceb
37721324,18,2020-07-26,2020-07-26,EXCLUDE,Q2-f66a55dceb
37565027,19,2019-08-11,2019-08-11,EXCLUDE,Q2-650fb3787c
37565027,19,2019-08-17,2019-08-17,EXCLUDE,Q2-650fb3787c
37565027,19,2019-08-24,2019-08-24,EXCLUDE,Q2-650fb3787c
37565027,19,2019-09-01,2019-09-01,EXCLUDE,Q2-650fb3787c
37565027,19,2019-09-15,2019-09-15,EXCLUDE,Q2-650fb3787c
37565027,19,2019-09-22,2019-09-22,EXCLUDE,Q2-650fb3787c
37565027,19,2019-09-30,2019-09-30,EXCLUDE,Q2-650fb3787c
37565027,19,2019-10-06,2019-10-06,EXCLUDE,Q2-650fb3787c
37565027,19,2019-10-21,2019-10-21,EXCLUDE,Q2-650fb3787c
37565027,19,2019-10-27,2019-10-27,EXCLUDE,Q2-650fb3787c
37565027,19,2019-11-02,2019-11-02,EXCLUDE,Q2-650fb3787c
37565027,19,2019-11-09,2019-11-09,EXCLUDE,Q2-650fb3787c
37565027,19,2019-11-23,2019-11-23,EXCLUDE,Q2-650fb3787c
37565027,19,2019-12-01,2019-12-01,EXCLUDE,Q2-650fb3787c
37565027,19,2019-12-05,2019-12-05,EXCLUDE,Q2-650fb3787c
37565027,19,2019-12-09,2019-12-09,EXCLUDE,Q2-650fb3787c
37565027,19,2019-12-15,2019-12-15,EXCLUDE,Q2-650fb3787c
37565027,19,2019-12-21,2019-12-21,EXCLUDE,Q2-650fb3787c
37565027,19,2019-12-26,2019-12-26,EXCLUDE,Q2-650fb3787c
37565027,19,2019-12-29,2019-12-29,EXCLUDE,Q2-650fb3787c
37565027,19,2020-01-01,2020-01-01,EXCLUDE,Q2-650fb3787c
37565027,19,2020-01-11,2020-01-11,EXCLUDE,Q2-650fb3787c
37565027,19,2020-01-18,2020-01-18,EXCLUDE,Q2-650fb3787c
37565027,19,2020-01-21,2020-01-21,EXCLUDE,Q2-650fb3787c
37565027,19,2020-02-02,2020-02-02,EXCLUDE,Q2-650fb3787c
37565027,19,2020-02-16,2020-02-16,EXCLUDE,Q2-650fb3787c
37565027,19,2020-02-23,2020-02-23,EXCLUDE,Q2-650fb3787c
37565027,19,2020-03-07,2020-03-07,EXCLUDE,Q2-650fb3787c
37565027,19,2020-06-17,2020-06-17,EXCLUDE,Q2-650fb3787c
37565027,19,2020-06-20,2020-06-20,EXCLUDE,Q2-650fb3787c
37565027,19,2020-06-25,2020-06-25,EXCLUDE,Q2-650fb3787c
37565027,19,2020-07-01,2020-07-01,EXCLUDE,Q2-650fb3787c
37565027,19,2020-07-04,2020-07-04,EXCLUDE,Q2-650fb3787c
37565027,19,2020-07-07,2020-07-07,EXCLUDE,Q2-650fb3787c
37565027,19,2020-07-12,2020-07-12,EXCLUDE,Q2-650fb3787c
37565027,19,2020-07-15,2020-07-15,EXCLUDE,Q2-650fb3787c
37565027,19,2020-07-21,2020-07-21,EXCLUDE,Q2-650fb3787c
37565027,19,2020-07-26,2020-07-26,EXCLUDE,Q2-650fb3787c
900843597,19,2019-08-11,2019-08-11,EXCLUDE,Q2-2cfadc98dd
900843597,19,2019-08-17,2019-08-17,EXCLUDE,Q2-2cfadc98dd
900843597,19,2019-08-24,2019-08-24,EXCLUDE,Q2-2cfadc98dd
900843597,19,2019-09-01,2019-09-01,EXCLUDE,Q2-2cfadc98dd
900843597,19,2019-09-15,2019-09-15,EXCLUDE,Q2-2cfadc98dd
900843597,19,2019-09-22,2019-09-22,EXCLUDE,Q2-2cfadc98dd
900843597,19,2019-09-30,2019-09-30,EXCLUDE,Q2-2cfadc98dd
900843597,19,2019-10-06,2019-10-06,EXCLUDE,Q2-2cfadc98dd
900843597,19,2019-10-21,2019-10-21,EXCLUDE,Q2-2cfadc98dd
900843597,19,2019-10-27,2019-10-27,EXCLUDE,Q2-2cfadc98dd
900843597,19,2019-11-02,2019-11-02,EXCLUDE,Q2-2cfadc98dd
900843597,19,2019-11-09,2019-11-09,EXCLUDE,Q2-2cfadc98dd
900843597,19,2019-11-23,2019-11-23,EXCLUDE,Q2-2cfadc98dd
900843597,19,2019-12-01,2019-12-01,EXCLUDE,Q2-2cfadc98dd
900843597,19,2019-12-05,2019-12-05,EXCLUDE,Q2-2cfadc98dd
900843597,19,2019-12-09,2019-12-09,EXCLUDE,Q2-2cfadc98dd
900843597,19,2019-12-15,2019-12-15,EXCLUDE,Q2-2cfadc98dd
900843597,19,2019-12-21,2019-12-21,EXCLUDE,Q2-2cfadc98dd
900843597,19,2019-12-26,2019-12-26,EXCLUDE,Q2-2cfadc98dd
900843597,19,2019-12-29,2019-12-29,EXCLUDE,Q2-2cfadc98dd
900843597,19,2020-01-01,2020-01-01,EXCLUDE,Q2-2cfadc98dd
900843597,19,2020-01-11,2020-01-11,EXCLUDE,Q2-2cfadc98dd
900843597,19,2020-01-18,2020-01-18,EXCLUDE,Q2-2cfadc98dd
900843597,19,2020-01-21,2020-01-21,EXCLUDE,Q2-2cfadc98dd
900843597,19,2020-02-02,2020-02-02,EXCLUDE,Q2-2cfadc98dd
900843597,19,2020-02-16,2020-02-16,EXCLUDE,Q2-2cfadc98dd
900843597,19,2020-02-23,2020-02-23,EXCLUDE,Q2-2cfadc98dd
900843597,19,2020-03-07,2020-03-07,EXCLUDE,Q2-2cfadc98dd
900843597,19,2020-06-17,2020-06-17,EXCLUDE,Q2-2cfadc98dd
900843597,19,2020-06-20,2020-06-20,EXCLUDE,Q2-2cfadc98dd
900843597,19,2020-06-25,2020-06-25,EXCLUDE,Q2-2cfadc98dd
900843597,19,2020-07-01,2020-07-01,EXCLUDE,Q2-2cfadc98dd
900843597,19,2020-07-04,2020-07-04,EXCLUDE,Q2-2cfadc98dd
900843597,19,2020-07-07,2020-07-07,EXCLUDE,Q2-2cfadc98dd
900843597,19,2020-07-12,2020-07-12,EXCLUDE,Q2-2cfadc98dd
900843597,19,2020-07-15,2020-07-15,EXCLUDE,Q2-2cfadc98dd
900843597,19,2020-07-21,2020-07-21,EXCLUDE,Q2-2cfadc98dd
900843597,19,2020-07-26,2020-07-26,EXCLUDE,Q2-2cfadc98dd
900503765,19,2019-08-11,2019-08-11,EXCLUDE,Q2-84528c158c
900503765,19,2019-08-17,2019-08-17,EXCLUDE,Q2-84528c158c
900503765,19,2019-08-24,2019-08-24,EXCLUDE,Q2-84528c158c
900503765,19,2019-09-01,2019-09-01,EXCLUDE,Q2-84528c158c
900503765,19,2019-09-15,2019-09-15,EXCLUDE,Q2-84528c158c
900503765,19,2019-09-22,2019-09-22,EXCLUDE,Q2-84528c158c
900503765,19,2019-09-30,2019-09-30,EXCLUDE,Q2-84528c158c
900503765,19,2019-10-06,2019-10-06,EXCLUDE,Q2-84528c158c
900503765,19,2019-10-21,2019-10-21,EXCLUDE,Q2-84528c158c
900503765,19,2019-10-27,2019-10-27,EXCLUDE,Q2-84528c158c
900503765,19,2019-11-02,2019-11-02,EXCLUDE,Q2-84528c158c
900503765,19,2019-11-09,2019-11-09,EXCLUDE,Q2-84528c158c
900503765,19,2019-11-23,2019-11-23,EXCLUDE,Q2-84528c158c
900503765,19,2019-12-01,2019-12-01,EXCLUDE,Q2-84528c158c
900503765,19,2019-12-05,2019-12-05,EXCLUDE,Q2-84528c158c
900503765,19,2019-12-09,2019-12-09,EXCLUDE,Q2-84528c158c
900503765,19,2019-12-15,2019-12-15,EXCLUDE,Q2-84528c158c
900503765,19,2019-12-21,2019-12-21,EXCLUDE,Q2-84528c158c
900503765,19,2019-12-26,2019-12-26,EXCLUDE,Q2-84528c158c
900503765,19,2019-12-29,2019-12-29,EXCLUDE,Q2-84528c158c
900503765,19,2020-01-01,2020-01-01,EXCLUDE,Q2-84528c158c
900503765,19,2020-01-11,2020-01-11,EXCLUDE,Q2-84528c158c
900503765,19,2020-01-18,2020-01-18,EXCLUDE,Q2-84528c158c
900503765,19,2020-01-21,2020-01-21,EXCLUDE,Q2-84528c158c
900503765,19,2020-02-02,2020-02-02,EXCLUDE,Q2-84528c158c
900503765,19,2020-02-16,2020-02-16,EXCLUDE,Q2-84528c158c
900503765,19,2020-02-23,2020-02-23,EXCLUDE,Q2-84528c158c
900503765,19,2020-03-07,2020-03-07,EXCLUDE,Q2-84528c158c
900503765,19,2020-06-17,2020-06-17,EXCLUDE,Q2-84528c158c
900503765,19,2020-06-20,2020-06-20,EXCLUDE,Q2-84528c158c
900503765,19,2020-06-25,2020-06-25,EXCLUDE,Q2-84528c158c
900503765,19,2020-07-01,2020-07-01,EXCLUDE,Q2-84528c158c
900503765,19,2020-07-04,2020-07-04,EXCLUDE,Q2-84528c158c
900503765,19,2020-07-07,2020-07-07,EXCLUDE,Q2-84528c158c
900503765,19,2020-07-12,2020-07-12,EXCLUDE,Q2-84528c158c
900503765,19,2020-07-15,2020-07-15,EXCLUDE,Q2-84528c158c
900503765,19,2020-07-21,2020-07-21,EXCLUDE,Q2-84528c158c
900503765,19,2020-07-26,2020-07-26,EXCLUDE,Q2-84528c158c
900940915,19,2019-08-11,2019-08-11,EXCLUDE,Q2-29c14b42c0
900940915,19,2019-08-17,2019-08-17,EXCLUDE,Q2-29c14b42c0
900940915,19,2019-08-24,2019-08-24,EXCLUDE,Q2-29c14b42c0
900940915,19,2019-09-01,2019-09-01,EXCLUDE,Q2-29c14b42c0
900940915,19,2019-09-15,2019-09-15,EXCLUDE,Q2-29c14b42c0
900940915,19,2019-09-22,2019-09-22,EXCLUDE,Q2-29c14b42c0
900940915,19,2019-09-30,2019-09-30,EXCLUDE,Q2-29c14b42c0
900940915,19,2019-10-06,2019-10-06,EXCLUDE,Q2-29c14b42c0
900940915,19,2019-10-21,2019-10-21,EXCLUDE,Q2-29c14b42c0
900940915,19,2019-10-27,2019-10-27,EXCLUDE,Q2-29c14b42c0
900940915,19,2019-11-02,2019-11-02,EXCLUDE,Q2-29c14b42c0
900940915,19,2019-11-09,2019-11-09,EXCLUDE,Q2-29c14b42c0
900940915,19,2019-11-23,2019-11-23,EXCLUDE,Q2-29c14b42c0
900940915,19,2019-12-01,2019-12-01,EXCLUDE,Q2-29c14b42c0
900940915,19,2019-12-05,2019-12-05,EXCLUDE,Q2-29c14b42c0
900940915,19,2019-12-09,2019-12-09,EXCLUDE,Q2-29c14b42c0
900940915,19,2019-12-15,2019-12-15,EXCLUDE,Q2-29c14b42c0
900940915,19,2019-12-21,2019-12-21,EXCLUDE,Q2-29c14b42c0
900940915,19,2019-12-26,2019-12-26,EXCLUDE,Q2-29c14b42c0
900940915,19,2019-12-29,2019-12-29,EXCLUDE,Q2-29c14b42c0
900940915,19,2020-01-01,2020-01-01,EXCLUDE,Q2-29c14b42c0
900940915,19,2020-01-11,2020-01-11,EXCLUDE,Q2-29c14b42c0
900940915,19,2020-01-18,2020-01-18,EXCLUDE,Q2-29c14b42c0
900940915,19,2020-01-21,2020-01-21,EXCLUDE,Q2-29c14b42c0
900940915,19,2020-02-02,2020-02-02,EXCLUDE,Q2-29c14b42c0
900940915,19,2020-02-16,2020-02-16,EXCLUDE,Q2-29c14b42c0
900940915,19,2020-02-23,2020-02-23,EXCLUDE,Q2-29c14b42c0
900940915,19,2020-03-07,2020-03-07,EXCLUDE,Q2-29c14b42c0
900940915,19,2020-06-17,2020-06-17,EXCLUDE,Q2-29c14b42c0
900940915,19,2020-06-20,2020-06-20,EXCLUDE,Q2-29c14b42c0
900940915,19,2020-06-25,2020-06-25,EXCLUDE,Q2-29c14b42c0
900940915,19,2020-07-01,2020-07-01,EXCLUDE,Q2-29c14b42c0
900940915,19,2020-07-04,2020-07-04,EXCLUDE,Q2-29c14b42c0
900940915,19,2020-07-07,2020-07-07,EXCLUDE,Q2-29c14b42c0
900940915,19,2020-07-12,2020-07-12,EXCLUDE,Q2-29c14b42c0
900940915,19,2020-07-15,2020-07-15,EXCLUDE,Q2-29c14b42c0
900940915,19,2020-07-21,2020-07-21,EXCLUDE,Q2-29c14b42c0
900940915,19,2020-07-26,2020-07-26,EXCLUDE,Q2-29c14b42c0
900575219,19,2019-08-11,2019-08-11,EXCLUDE,Q2-528c95b750
900575219,19,2019-08-17,2019-08-17,EXCLUDE,Q2-528c95b750
900575219,19,2019-08-24,2019-08-24,EXCLUDE,Q2-528c95b750
900575219,19,2019-09-01,2019-09-01,EXCLUDE,Q2-528c95b750
900575219,19,2019-09-15,2019-09-15,EXCLUDE,Q2-528c95b750
900575219,19,2019-09-22,2019-09-22,EXCLUDE,Q2-528c95b750
900575219,19,2019-09-30,2019-09-30,EXCLUDE,Q2-528c95b750
900575219,19,2019-10-06,2019-10-06,EXCLUDE,Q2-528c95b750
900575219,19,2019-10-21,2019-10-21,EXCLUDE,Q2-528c95b750
900575219,19,2019-10-27,2019-10-27,EXCLUDE,Q2-528c95b750
900575219,19,2019-11-02,2019-11-02,EXCLUDE,Q2-528c95b750
900575219,19,2019-11-09,2019-11-09,EXCLUDE,Q2-528c95b750
900575219,19,2019-11-23,2019-11-23,EXCLUDE,Q2-528c95b750
900575219,19,2019-12-01,2019-12-01,EXCLUDE,Q2-528c95b750
900575219,19,2019-12-05,2019-12-05,EXCLUDE,Q2-528c95b750
900575219,19,2019-12-09,2019-12-09,EXCLUDE,Q2-528c95b750
900575219,19,2019-12-15,2019-12-15,EXCLUDE,Q2-528c95b750
900575219,19,2019-12-21,2019-12-21,EXCLUDE,Q2-528c95b750
900575219,19,2019-12-26,2019-12-26,EXCLUDE,Q2-528c95b750
900575219,19,2019-12-29,2019-12-29,EXCLUDE,Q2-528c95b750
900575219,19,2020-01-01,2020-01-01,EXCLUDE,Q2-528c95b750
900575219,19,2020-01-11,2020-01-11,EXCLUDE,Q2-528c95b750
900575219,19,2020-01-18,2020-01-18,EXCLUDE,Q2-528c95b750
900575219,19,2020-01-21,2020-01-21,EXCLUDE,Q2-528c95b750
900575219,19,2020-02-02,2020-02-02,EXCLUDE,Q2-528c95b750
900575219,19,2020-02-16,2020-02-16,EXCLUDE,Q2-528c95b750
900575219,19,2020-02-23,2020-02-23,EXCLUDE,Q2-528c95b750
900575219,19,2020-03-07,2020-03-07,EXCLUDE,Q2-528c95b750
900575219,19,2020-06-17,2020-06-17,EXCLUDE,Q2-528c95b750
900575219,19,2020-06-20,2020-06-20,EXCLUDE,Q2-528c95b750
900575219,19,2020-06-25,2020-06-25,EXCLUDE,Q2-528c95b750
900575219,19,2020-07-01,2020-07-01,EXCLUDE,Q2-528c95b750
900575219,19,2020-07-04,2020-07-04,EXCLUDE,Q2-528c95b750
900575219,19,2020-07-07,2020-07-07,EXCLUDE,Q2-528c95b750
900575219,19,2020-07-12,2020-07-12,EXCLUDE,Q2-528c95b750
900575219,19,2020-07-15,2020-07-15,EXCLUDE,Q2-528c95b750
900575219,19,2020-07-21,2020-07-21,EXCLUDE,Q2-528c95b750
900575219,19,2020-07-26,2020-07-26,EXCLUDE,Q2-528c95b750
900396165,25,2019-08-10,2019-08-10,EXCLUDE,Q2-fbdbdec48a
900396165,25,2019-08-17,2019-08-17,EXCLUDE,Q2-fbdbdec48a
900396165,25,2019-08-24,2019-08-24,EXCLUDE,Q2-fbdbdec48a
900396165,25,2019-08-31,2019-08-31,EXCLUDE,Q2-fbdbdec48a
900396165,25,2019-09-15,2019-09-15,EXCLUDE,Q2-fbdbdec48a
900396165,25,2019-09-21,2019-09-21,EXCLUDE,Q2-fbdbdec48a
900396165,25,2019-09-28,2019-09-28,EXCLUDE,Q2-fbdbdec48a
900396165,25,2019-10-05,2019-10-05,EXCLUDE,Q2-fbdbdec48a
900396165,25,2019-10-19,2019-10-19,EXCLUDE,Q2-fbdbdec48a
900396165,25,2019-10-26,2019-10-26,EXCLUDE,Q2-fbdbdec48a
900396165,25,2019-11-02,2019-11-02,EXCLUDE,Q2-fbdbdec48a
900396165,25,2019-11-08,2019-11-08,EXCLUDE,Q2-fbdbdec48a
900396165,25,2019-11-23,2019-11-23,EXCLUDE,Q2-fbdbdec48a
900396165,25,2019-11-30,2019-11-30,EXCLUDE,Q2-fbdbdec48a
900396165,25,2019-12-04,2019-12-04,EXCLUDE,Q2-fbdbdec48a
900396165,25,2019-12-07,2019-12-07,EXCLUDE,Q2-fbdbdec48a
900396165,25,2019-12-14,2019-12-14,EXCLUDE,Q2-fbdbdec48a
900396165,25,2019-12-22,2019-12-22,EXCLUDE,Q2-fbdbdec48a
900396165,25,2019-12-26,2019-12-26,EXCLUDE,Q2-fbdbdec48a
900396165,25,2019-12-28,2019-12-28,EXCLUDE,Q2-fbdbdec48a
900396165,25,2020-01-01,2020-01-01,EXCLUDE,Q2-fbdbdec48a
900396165,25,2020-01-12,2020-01-12,EXCLUDE,Q2-fbdbdec48a
900396165,25,2020-01-18,2020-01-18,EXCLUDE,Q2-fbdbdec48a
900396165,25,2020-01-21,2020-01-21,EXCLUDE,Q2-fbdbdec48a
900396165,25,2020-02-01,2020-02-01,EXCLUDE,Q2-fbdbdec48a
900396165,25,2020-02-08,2020-02-08,EXCLUDE,Q2-fbdbdec48a
900396165,25,2020-02-23,2020-02-23,EXCLUDE,Q2-fbdbdec48a
900396165,25,2020-02-29,2020-02-29,EXCLUDE,Q2-fbdbdec48a
900396165,25,2020-03-07,2020-03-07,EXCLUDE,Q2-fbdbdec48a
900396165,25,2020-06-20,2020-06-20,EXCLUDE,Q2-fbdbdec48a
900396165,25,2020-06-25,2020-06-25,EXCLUDE,Q2-fbdbdec48a
900396165,25,2020-06-28,2020-06-28,EXCLUDE,Q2-fbdbdec48a
900396165,25,2020-07-04,2020-07-04,EXCLUDE,Q2-fbdbdec48a
900396165,25,2020-07-07,2020-07-07,EXCLUDE,Q2-fbdbdec48a
900396165,25,2020-07-11,2020-07-11,EXCLUDE,Q2-fbdbdec48a
900396165,25,2020-07-17,2020-07-17,EXCLUDE,Q2-fbdbdec48a
900396165,25,2020-07-21,2020-07-21,EXCLUDE,Q2-fbdbdec48a
900396165,25,2020-07-26,2020-07-26,EXCLUDE,Q2-fbdbdec48a
900533083,25,2019-08-10,2019-08-10,EXCLUDE,Q2-800d50499f
900533083,25,2019-08-17,2019-08-17,EXCLUDE,Q2-800d50499f
900533083,25,2019-08-24,2019-08-24,EXCLUDE,Q2-800d50499f
900533083,25,2019-08-31,2019-08-31,EXCLUDE,Q2-800d50499f
900533083,25,2019-09-15,2019-09-15,EXCLUDE,Q2-800d50499f
900533083,25,2019-09-21,2019-09-21,EXCLUDE,Q2-800d50499f
900533083,25,2019-09-28,2019-09-28,EXCLUDE,Q2-800d50499f
900533083,25,2019-10-05,2019-10-05,EXCLUDE,Q2-800d50499f
900533083,25,2019-10-19,2019-10-19,EXCLUDE,Q2-800d50499f
900533083,25,2019-10-26,2019-10-26,EXCLUDE,Q2-800d50499f
900533083,25,2019-11-02,2019-11-02,EXCLUDE,Q2-800d50499f
900533083,25,2019-11-08,2019-11-08,EXCLUDE,Q2-800d50499f
900533083,25,2019-11-23,2019-11-23,EXCLUDE,Q2-800d50499f
900533083,25,2019-11-30,2019-11-30,EXCLUDE,Q2-800d50499f
900533083,25,2019-12-04,2019-12-04,EXCLUDE,Q2-800d50499f
900533083,25,2019-12-07,2019-12-07,EXCLUDE,Q2-800d50499f
900533083,25,2019-12-14,2019-12-14,EXCLUDE,Q2-800d50499f
900533083,25,2019-12-22,2019-12-22,EXCLUDE,Q2-800d50499f
900533083,25,2019-12-26,2019-12-26,EXCLUDE,Q2-800d50499f
900533083,25,2019-12-28,2019-12-28,EXCLUDE,Q2-800d50499f
900533083,25,2020-01-01,2020-01-01,EXCLUDE,Q2-800d50499f
900533083,25,2020-01-12,2020-01-12,EXCLUDE,Q2-800d50499f
900533083,25,2020-01-18,2020-01-18,EXCLUDE,Q2-800d50499f
900533083,25,2020-01-21,2020-01-21,EXCLUDE,Q2-800d50499f
900533083,25,2020-02-01,2020-02-01,EXCLUDE,Q2-800d50499f
900533083,25,2020-02-08,2020-02-08,EXCLUDE,Q2-800d50499f
900533083,25,2020-02-23,2020-02-23,EXCLUDE,Q2-800d50499f
900533083,25,2020-02-29,2020-02-29,EXCLUDE,Q2-800d50499f
900533083,25,2020-03-07,2020-03-07,EXCLUDE,Q2-800d50499f
900533083,25,2020-06-20,2020-06-20,EXCLUDE,Q2-800d50499f
900533083,25,2020-06-25,2020-06-25,EXCLUDE,Q2-800d50499f
900533083,25,2020-06-28,2020-06-28,EXCLUDE,Q2-800d50499f
900533083,25,2020-07-04,2020-07-04,EXCLUDE,Q2-800d50499f
900533083,25,2020-07-07,2020-07-07,EXCLUDE,Q2-800d50499f
900533083,25,2020-07-11,2020-07-11,EXCLUDE,Q2-800d50499f
900533083,25,2020-07-17,2020-07-17,EXCLUDE,Q2-800d50499f
900533083,25,2020-07-21,2020-07-21,EXCLUDE,Q2-800d50499f
900533083,25,2020-07-26,2020-07-26,EXCLUDE,Q2-800d50499f
900504542,25,2019-08-10,2019-08-10,EXCLUDE,Q2-5f004db2cb
900504542,25,2019-08-17,2019-08-17,EXCLUDE,Q2-5f004db2cb
900504542,25,2019-08-24,2019-08-24,EXCLUDE,Q2-5f004db2cb
900504542,25,2019-08-31,2019-08-31,EXCLUDE,Q2-5f004db2cb
900504542,25,2019-09-15,2019-09-15,EXCLUDE,Q2-5f004db2cb
900504542,25,2019-09-21,2019-09-21,EXCLUDE,Q2-5f004db2cb
900504542,25,2019-09-28,2019-09-28,EXCLUDE,Q2-5f004db2cb
900504542,25,2019-10-05,2019-10-05,EXCLUDE,Q2-5f004db2cb
900504542,25,2019-10-19,2019-10-19,EXCLUDE,Q2-5f004db2cb
900504542,25,2019-10-26,2019-10-26,EXCLUDE,Q2-5f004db2cb
900504542,25,2019-11-02,2019-11-02,EXCLUDE,Q2-5f004db2cb
900504542,25,2019-11-08,2019-11-08,EXCLUDE,Q2-5f004db2cb
900504542,25,2019-11-23,2019-11-23,EXCLUDE,Q2-5f004db2cb
900504542,25,2019-11-30,2019-11-30,EXCLUDE,Q2-5f004db2cb
900504542,25,2019-12-04,2019-12-04,EXCLUDE,Q2-5f004db2cb
900504542,25,2019-12-07,2019-12-07,EXCLUDE,Q2-5f004db2cb
900504542,25,2019-12-14,2019-12-14,EXCLUDE,Q2-5f004db2cb
900504542,25,2019-12-22,2019-12-22,EXCLUDE,Q2-5f004db2cb
900504542,25,2019-12-26,2019-12-26,EXCLUDE,Q2-5f004db2cb
900504542,25,2019-12-28,2019-12-28,EXCLUDE,Q2-5f004db2cb
900504542,25,2020-01-01,2020-01-01,EXCLUDE,Q2-5f004db2cb
900504542,25,2020-01-12,2020-01-12,EXCLUDE,Q2-5f004db2cb
900504542,25,2020-01-18,2020-01-18,EXCLUDE,Q2-5f004db2cb
900504542,25,2020-01-21,2020-01-21,EXCLUDE,Q2-5f004db2cb
900504542,25,2020-02-01,2020-02-01,EXCLUDE,Q2-5f004db2cb
900504542,25,2020-02-08,2020-02-08,EXCLUDE,Q2-5f004db2cb
900504542,25,2020-02-23,2020-02-23,EXCLUDE,Q2-5f004db2cb
900504542,25,2020-02-29,2020-02-29,EXCLUDE,Q2-5f004db2cb
900504542,25,2020-03-07,2020-03-07,EXCLUDE,Q2-5f004db2cb
900504542,25,2020-06-20,2020-06-20,EXCLUDE,Q2-5f004db2cb
900504542,25,2020-06-25,2020-06-25,EXCLUDE,Q2-5f004db2cb
900504542,25,2020-06-28,2020-06-28,EXCLUDE,Q2-5f004db2cb
900504542,25,2020-07-04,2020-07-04,EXCLUDE,Q2-5f004db2cb
900504542,25,2020-07-07,2020-07-07,EXCLUDE,Q2-5f004db2cb
900504542,25,2020-07-11,2020-07-11,EXCLUDE,Q2-5f004db2cb
900504542,25,2020-07-17,2020-07-17,EXCLUDE,Q2-5f004db2cb
900504542,25,2020-07-21,2020-07-21,EXCLUDE,Q2-5f004db2cb
900504542,25,2020-07-26,2020-07-26,EXCLUDE,Q2-5f004db2cb
37286738,29,2019-08-11,2019-08-11,EXCLUDE,Q2-1ca941f1f3
37286738,29,2019-08-19,2019-08-19,EXCLUDE,Q2-1ca941f1f3
37286738,29,2019-08-25,2019-08-25,EXCLUDE,Q2-1ca941f1f3
37286738,29,2019-09-01,2019-09-01,EXCLUDE,Q2-1ca941f1f3
37286738,29,2019-09-14,2019-09-14,EXCLUDE,Q2-1ca941f1f3
37286738,29,2019-09-22,2019-09-22,EXCLUDE,Q2-1ca941f1f3
37286738,29,2019-09-28,2019-09-28,EXCLUDE,Q2-1ca941f1f3
37286738,29,2019-10-06,2019-10-06,EXCLUDE,Q2-1ca941f1f3
37286738,29,2019-10-19,2019-10-19,EXCLUDE,Q2-1ca941f1f3
37286738,29,2019-10-27,2019-10-27,EXCLUDE,Q2-1ca941f1f3
37286738,29,2019-11-02,2019-11-02,EXCLUDE,Q2-1ca941f1f3
37286738,29,2019-11-10,2019-11-10,EXCLUDE,Q2-1ca941f1f3
37286738,29,2019-11-23,2019-11-23,EXCLUDE,Q2-1ca941f1f3
37286738,29,2019-12-01,2019-12-01,EXCLUDE,Q2-1ca941f1f3
37286738,29,2019-12-04,2019-12-04,EXCLUDE,Q2-1ca941f1f3
37286738,29,2019-12-08,2019-12-08,EXCLUDE,Q2-1ca941f1f3
37286738,29,2019-12-15,2019-12-15,EXCLUDE,Q2-1ca941f1f3
37286738,29,2019-12-21,2019-12-21,EXCLUDE,Q2-1ca941f1f3
37286738,29,2019-12-27,2019-12-27,EXCLUDE,Q2-1ca941f1f3
37286738,29,2019-12-29,2019-12-29,EXCLUDE,Q2-1ca941f1f3
37286738,29,2020-01-01,2020-01-01,EXCLUDE,Q2-1ca941f1f3
37286738,29,2020-01-11,2020-01-11,EXCLUDE,Q2-1ca941f1f3
37286738,29,2020-01-18,2020-01-18,EXCLUDE,Q2-1ca941f1f3
37286738,29,2020-01-23,2020-01-23,EXCLUDE,Q2-1ca941f1f3
37286738,29,2020-02-01,2020-02-01,EXCLUDE,Q2-1ca941f1f3
37286738,29,2020-02-14,2020-02-14,EXCLUDE,Q2-1ca941f1f3
37286738,29,2020-02-23,2020-02-23,EXCLUDE,Q2-1ca941f1f3
37286738,29,2020-03-01,2020-03-01,EXCLUDE,Q2-1ca941f1f3
37286738,29,2020-03-07,2020-03-07,EXCLUDE,Q2-1ca941f1f3
37286738,29,2020-06-20,2020-06-20,EXCLUDE,Q2-1ca941f1f3
37286738,29,2020-06-24,2020-06-24,EXCLUDE,Q2-1ca941f1f3
37286738,29,2020-06-27,2020-06-27,EXCLUDE,Q2-1ca941f1f3
37286738,29,2020-07-04,2020-07-04,EXCLUDE,Q2-1ca941f1f3
37286738,29,2020-07-08,2020-07-08,EXCLUDE,Q2-1ca941f1f3
37286738,29,2020-07-12,2020-07-12,EXCLUDE,Q2-1ca941f1f3
37286738,29,2020-07-15,2020-07-15,EXCLUDE,Q2-1ca941f1f3
37286738,29,2020-07-20,2020-07-20,EXCLUDE,Q2-1ca941f1f3
37286738,29,2020-07-26,2020-07-26,EXCLUDE,Q2-1ca941f1f3
900184382,29,2019-08-11,2019-08-11,EXCLUDE,Q2-30121a8957
900184382,29,2019-08-19,2019-08-19,EXCLUDE,Q2-30121a8957
900184382,29,2019-08-25,2019-08-25,EXCLUDE,Q2-30121a8957
900184382,29,2019-09-01,2019-09-01,EXCLUDE,Q2-30121a8957
900184382,29,2019-09-14,2019-09-14,EXCLUDE,Q2-30121a8957
900184382,29,2019-09-22,2019-09-22,EXCLUDE,Q2-30121a8957
900184382,29,2019-09-28,2019-09-28,EXCLUDE,Q2-30121a8957
900184382,29,2019-10-06,2019-10-06,EXCLUDE,Q2-30121a8957
900184382,29,2019-10-19,2019-10-19,EXCLUDE,Q2-30121a8957
900184382,29,2019-10-27,2019-10-27,EXCLUDE,Q2-30121a8957
900184382,29,2019-11-02,2019-11-02,EXCLUDE,Q2-30121a8957
900184382,29,2019-11-10,2019-11-10,EXCLUDE,Q2-30121a8957
900184382,29,2019-11-23,2019-11-23,EXCLUDE,Q2-30121a8957
900184382,29,2019-12-01,2019-12-01,EXCLUDE,Q2-30121a8957
900184382,29,2019-12-04,2019-12-04,EXCLUDE,Q2-30121a8957
900184382,29,2019-12-08,2019-12-08,EXCLUDE,Q2-30121a8957
900184382,29,2019-12-15,2019-12-15,EXCLUDE,Q2-30121a8957
900184382,29,2019-12-21,2019-12-21,EXCLUDE,Q2-30121a8957
900184382,29,2019-12-27,2019-12-27,EXCLUDE,Q2-30121a8957
900184382,29,2019-12-29,2019-12-29,EXCLUDE,Q2-30121a8957
900184382,29,2020-01-01,2020-01-01,EXCLUDE,Q2-30121a8957
900184382,29,2020-01-11,2020-01-11,EXCLUDE,Q2-30121a8957
900184382,29,2020-01-18,2020-01-18,EXCLUDE,Q2-30121a8957
900184382,29,2020-01-23,2020-01-23,EXCLUDE,Q2-30121a8957
900184382,29,2020-02-01,2020-02-01,EXCLUDE,Q2-30121a8957
900184382,29,2020-02-14,2020-02-14,EXCLUDE,Q2-30121a8957
900184382,29,2020-02-23,2020-02-23,EXCLUDE,Q2-30121a8957
900184382,29,2020-03-01,2020-03-01,EXCLUDE,Q2-30121a8957
900184382,29,2020-03-07,2020-03-07,EXCLUDE,Q2-30121a8957
900184382,29,2020-06-20,2020-06-20,EXCLUDE,Q2-30121a8957
900184382,29,2020-06-24,2020-06-24,EXCLUDE,Q2-30121a8957
900184382,29,2020-06-27,2020-06-27,EXCLUDE,Q2-30121a8957
900184382,29,2020-07-04,2020-07-04,EXCLUDE,Q2-30121a8957
900184382,29,2020-07-08,2020-07-08,EXCLUDE,Q2-30121a8957
900184382,29,2020-07-12,2020-07-12,EXCLUDE,Q2-30121a8957
900184382,29,2020-07-15,2020-07-15,EXCLUDE,Q2-30121a8957
900184382,29,2020-07-20,2020-07-20,EXCLUDE,Q2-30121a8957
900184382,29,2020-07-26,2020-07-26,EXCLUDE,Q2-30121a8957
900627198,42,2019-08-11,2019-08-11,EXCLUDE,Q2-57a0cefd19
900627198,42,2019-08-18,2019-08-18,EXCLUDE,Q2-57a0cefd19
900627198,42,2019-08-24,2019-08-24,EXCLUDE,Q2-57a0cefd19
900627198,42,2019-08-31,2019-08-31,EXCLUDE,Q2-57a0cefd19
900627198,42,2019-09-14,2019-09-14,EXCLUDE,Q2-57a0cefd19
900627198,42,2019-09-21,2019-09-21,EXCLUDE,Q2-57a0cefd19
900627198,42,2019-09-29,2019-09-29,EXCLUDE,Q2-57a0cefd19
900627198,42,2019-10-05,2019-10-05,EXCLUDE,Q2-57a0cefd19
900627198,42,2019-10-19,2019-10-19,EXCLUDE,Q2-57a0cefd19
900627198,42,2019-10-25,2019-10-25,EXCLUDE,Q2-57a0cefd19
900627198,42,2019-11-03,2019-11-03,EXCLUDE,Q2-57a0cefd19
900627198,42,2019-11-09,2019-11-09,EXCLUDE,Q2-57a0cefd19
900627198,42,2019-11-23,2019-11-23,EXCLUDE,Q2-57a0cefd19
900627198,42,2019-12-01,2019-12-01,EXCLUDE,Q2-57a0cefd19
900627198,42,2019-12-04,2019-12-04,EXCLUDE,Q2-57a0cefd19
900627198,42,2019-12-08,2019-12-08,EXCLUDE,Q2-57a0cefd19
900627198,42,2019-12-14,2019-12-14,EXCLUDE,Q2-57a0cefd19
900627198,42,2019-12-21,2019-12-21,EXCLUDE,Q2-57a0cefd19
900627198,42,2019-12-26,2019-12-26,EXCLUDE,Q2-57a0cefd19
900627198,42,2019-12-28,2019-12-28,EXCLUDE,Q2-57a0cefd19
900627198,42,2020-01-01,2020-01-01,EXCLUDE,Q2-57a0cefd19
900627198,42,2020-01-11,2020-01-11,EXCLUDE,Q2-57a0cefd19
900627198,42,2020-01-19,2020-01-19,EXCLUDE,Q2-57a0cefd19
900627198,42,2020-01-22,2020-01-22,EXCLUDE,Q2-57a0cefd19
900627198,42,2020-02-01,2020-02-01,EXCLUDE,Q2-57a0cefd19
900627198,42,2020-02-14,2020-02-14,EXCLUDE,Q2-57a0cefd19
900627198,42,2020-02-22,2020-02-22,EXCLUDE,Q2-57a0cefd19
900627198,42,2020-02-28,2020-02-28,EXCLUDE,Q2-57a0cefd19
900627198,42,2020-03-09,2020-03-09,EXCLUDE,Q2-57a0cefd19
900627198,42,2020-06-20,2020-06-20,EXCLUDE,Q2-57a0cefd19
900627198,42,2020-06-23,2020-06-23,EXCLUDE,Q2-57a0cefd19
900627198,42,2020-07-01,2020-07-01,EXCLUDE,Q2-57a0cefd19
900627198,42,2020-07-04,2020-07-04,EXCLUDE,Q2-57a0cefd19
900627198,42,2020-07-07,2020-07-07,EXCLUDE,Q2-57a0cefd19
900627198,42,2020-07-12,2020-07-12,EXCLUDE,Q2-57a0cefd19
900627198,42,2020-07-16,2020-07-16,EXCLUDE,Q2-57a0cefd19
900627198,42,2020-07-19,2020-07-19,EXCLUDE,Q2-57a0cefd19
900627198,42,2020-07-26,2020-07-26,EXCLUDE,Q2-57a0cefd19
34455847,51,2019-08-10,2019-08-10,EXCLUDE,Q2-9e8e385428
34455847,51,2019-08-18,2019-08-18,EXCLUDE,Q2-9e8e385428
34455847,51,2019-08-24,2019-08-24,EXCLUDE,Q2-9e8e385428
34455847,51,2019-08-31,2019-08-31,EXCLUDE,Q2-9e8e385428
34455847,51,2019-09-14,2019-09-14,EXCLUDE,Q2-9e8e385428
34455847,51,2019-09-22,2019-09-22,EXCLUDE,Q2-9e8e385428
34455847,51,2019-09-28,2019-09-28,EXCLUDE,Q2-9e8e385428
34455847,51,2019-10-05,2019-10-05,EXCLUDE,Q2-9e8e385428
34455847,51,2019-10-19,2019-10-19,EXCLUDE,Q2-9e8e385428
34455847,51,2019-10-27,2019-10-27,EXCLUDE,Q2-9e8e385428
34455847,51,2019-11-03,2019-11-03,EXCLUDE,Q2-9e8e385428
34455847,51,2019-11-09,2019-11-09,EXCLUDE,Q2-9e8e385428
34455847,51,2019-11-23,2019-11-23,EXCLUDE,Q2-9e8e385428
34455847,51,2019-11-30,2019-11-30,EXCLUDE,Q2-9e8e385428
34455847,51,2019-12-03,2019-12-03,EXCLUDE,Q2-9e8e385428
34455847,51,2019-12-07,2019-12-07,EXCLUDE,Q2-9e8e385428
34455847,51,2019-12-16,2019-12-16,EXCLUDE,Q2-9e8e385428
34455847,51,2019-12-21,2019-12-21,EXCLUDE,Q2-9e8e385428
34455847,51,2019-12-26,2019-12-26,EXCLUDE,Q2-9e8e385428
34455847,51,2019-12-28,2019-12-28,EXCLUDE,Q2-9e8e385428
34455847,51,2020-01-01,2020-01-01,EXCLUDE,Q2-9e8e385428
34455847,51,2020-01-11,2020-01-11,EXCLUDE,Q2-9e8e385428
34455847,51,2020-01-18,2020-01-18,EXCLUDE,Q2-9e8e385428
34455847,51,2020-01-21,2020-01-21,EXCLUDE,Q2-9e8e385428
34455847,51,2020-02-01,2020-02-01,EXCLUDE,Q2-9e8e385428
34455847,51,2020-02-08,2020-02-08,EXCLUDE,Q2-9e8e385428
34455847,51,2020-02-22,2020-02-22,EXCLUDE,Q2-9e8e385428
34455847,51,2020-02-29,2020-02-29,EXCLUDE,Q2-9e8e385428
34455847,51,2020-03-07,2020-03-07,EXCLUDE,Q2-9e8e385428
34455847,51,2020-06-20,2020-06-20,EXCLUDE,Q2-9e8e385428
34455847,51,2020-06-24,2020-06-24,EXCLUDE,Q2-9e8e385428
34455847,51,2020-06-29,2020-06-29,EXCLUDE,Q2-9e8e385428
34455847,51,2020-07-04,2020-07-04,EXCLUDE,Q2-9e8e385428
34455847,51,2020-07-07,2020-07-07,EXCLUDE,Q2-9e8e385428
34455847,51,2020-07-12,2020-07-12,EXCLUDE,Q2-9e8e385428
34455847,51,2020-07-16,2020-07-16,EXCLUDE,Q2-9e8e385428
34455847,51,2020-07-20,2020-07-20,EXCLUDE,Q2-9e8e385428
34455847,51,2020-07-26,2020-07-26,EXCLUDE,Q2-9e8e385428
900733434,52,2019-08-10,2019-08-10,EXCLUDE,Q2-14c461a92c
900733434,52,2019-08-17,2019-08-17,EXCLUDE,Q2-14c461a92c
900733434,52,2019-08-25,2019-08-25,EXCLUDE,Q2-14c461a92c
900733434,52,2019-08-31,2019-08-31,EXCLUDE,Q2-14c461a92c
900733434,52,2019-09-15,2019-09-15,EXCLUDE,Q2-14c461a92c
900733434,52,2019-09-20,2019-09-20,EXCLUDE,Q2-14c461a92c
900733434,52,2019-09-28,2019-09-28,EXCLUDE,Q2-14c461a92c
900733434,52,2019-10-06,2019-10-06,EXCLUDE,Q2-14c461a92c
900733434,52,2019-10-19,2019-10-19,EXCLUDE,Q2-14c461a92c
900733434,52,2019-10-26,2019-10-26,EXCLUDE,Q2-14c461a92c
900733434,52,2019-11-02,2019-11-02,EXCLUDE,Q2-14c461a92c
900733434,52,2019-11-09,2019-11-09,EXCLUDE,Q2-14c461a92c
900733434,52,2019-11-23,2019-11-23,EXCLUDE,Q2-14c461a92c
900733434,52,2019-11-30,2019-11-30,EXCLUDE,Q2-14c461a92c
900733434,52,2019-12-03,2019-12-03,EXCLUDE,Q2-14c461a92c
900733434,52,2019-12-07,2019-12-07,EXCLUDE,Q2-14c461a92c
900733434,52,2019-12-14,2019-12-14,EXCLUDE,Q2-14c461a92c
900733434,52,2019-12-21,2019-12-21,EXCLUDE,Q2-14c461a92c
900733434,52,2019-12-26,2019-12-26,EXCLUDE,Q2-14c461a92c
900733434,52,2019-12-28,2019-12-28,EXCLUDE,Q2-14c461a92c
900733434,52,2020-01-01,2020-01-01,EXCLUDE,Q2-14c461a92c
900733434,52,2020-01-12,2020-01-12,EXCLUDE,Q2-14c461a92c
900733434,52,2020-01-18,2020-01-18,EXCLUDE,Q2-14c461a92c
900733434,52,2020-01-21,2020-01-21,EXCLUDE,Q2-14c461a92c
900733434,52,2020-02-01,2020-02-01,EXCLUDE,Q2-14c461a92c
900733434,52,2020-02-09,2020-02-09,EXCLUDE,Q2-14c461a92c
900733434,52,2020-02-22,2020-02-22,EXCLUDE,Q2-14c461a92c
900733434,52,2020-02-29,2020-02-29,EXCLUDE,Q2-14c461a92c
900733434,52,2020-03-07,2020-03-07,EXCLUDE,Q2-14c461a92c
900733434,52,2020-06-20,2020-06-20,EXCLUDE,Q2-14c461a92c
900733434,52,2020-06-24,2020-06-24,EXCLUDE,Q2-14c461a92c
900733434,52,2020-07-01,2020-07-01,EXCLUDE,Q2-14c461a92c
900733434,52,2020-07-04,2020-07-04,EXCLUDE,Q2-14c461a92c
900733434,52,2020-07-09,2020-07-09,EXCLUDE,Q2-14c461a92c
900733434,52,2020-07-12,2020-07-12,EXCLUDE,Q2-14c461a92c
900733434,52,2020-07-15,2020-07-15,EXCLUDE,Q2-14c461a92c
900733434,52,2020-07-19,2020-07-19,EXCLUDE,Q2-14c461a92c
900733434,52,2020-07-26,2020-07-26,EXCLUDE,Q2-14c461a92c
900565406,65,2019-08-10,2019-08-10,EXCLUDE,Q2-d948b5e15f
900565406,65,2019-08-17,2019-08-17,EXCLUDE,Q2-d948b5e15f
900565406,65,2019-08-24,2019-08-24,EXCLUDE,Q2-d948b5e15f
900565406,65,2019-08-31,2019-08-31,EXCLUDE,Q2-d948b5e15f
900565406,65,2019-09-14,2019-09-14,EXCLUDE,Q2-d948b5e15f
900565406,65,2019-09-20,2019-09-20,EXCLUDE,Q2-d948b5e15f
900565406,65,2019-09-28,2019-09-28,EXCLUDE,Q2-d948b5e15f
900565406,65,2019-10-06,2019-10-06,EXCLUDE,Q2-d948b5e15f
900565406,65,2019-10-19,2019-10-19,EXCLUDE,Q2-d948b5e15f
900565406,65,2019-10-25,2019-10-25,EXCLUDE,Q2-d948b5e15f
900565406,65,2019-11-02,2019-11-02,EXCLUDE,Q2-d948b5e15f
900565406,65,2019-11-09,2019-11-09,EXCLUDE,Q2-d948b5e15f
900565406,65,2019-11-23,2019-11-23,EXCLUDE,Q2-d948b5e15f
900565406,65,2019-11-30,2019-11-30,EXCLUDE,Q2-d948b5e15f
900565406,65,2019-12-04,2019-12-04,EXCLUDE,Q2-d948b5e15f
900565406,65,2019-12-08,2019-12-08,EXCLUDE,Q2-d948b5e15f
900565406,65,2019-12-14,2019-12-14,EXCLUDE,Q2-d948b5e15f
900565406,65,2019-12-21,2019-12-21,EXCLUDE,Q2-d948b5e15f
900565406,65,2019-12-26,2019-12-26,EXCLUDE,Q2-d948b5e15f
900565406,65,2019-12-28,2019-12-28,EXCLUDE,Q2-d948b5e15f
900565406,65,2020-01-01,2020-01-01,EXCLUDE,Q2-d948b5e15f
900565406,65,2020-01-11,2020-01-11,EXCLUDE,Q2-d948b5e15f
900565406,65,2020-01-18,2020-01-18,EXCLUDE,Q2-d948b5e15f
900565406,65,2020-01-21,2020-01-21,EXCLUDE,Q2-d948b5e15f
900565406,65,2020-02-01,2020-02-01,EXCLUDE,Q2-d948b5e15f
900565406,65,2020-02-15,2020-02-15,EXCLUDE,Q2-d948b5e15f
900565406,65,2020-02-22,2020-02-22,EXCLUDE,Q2-d948b5e15f
900565406,65,2020-02-29,2020-02-29,EXCLUDE,Q2-d948b5e15f
900565406,65,2020-03-07,2020-03-07,EXCLUDE,Q2-d948b5e15f
900565406,65,2020-06-19,2020-06-19,EXCLUDE,Q2-d948b5e15f
900565406,65,2020-06-25,2020-06-25,EXCLUDE,Q2-d948b5e15f
900565406,65,2020-06-28,2020-06-28,EXCLUDE,Q2-d948b5e15f
900565406,65,2020-07-05,2020-07-05,EXCLUDE,Q2-d948b5e15f
900565406,65,2020-07-09,2020-07-09,EXCLUDE,Q2-d948b5e15f
900565406,65,2020-07-13,2020-07-13,EXCLUDE,Q2-d948b5e15f
900565406,65,2020-07-16,2020-07-16,EXCLUDE,Q2-d948b5e15f
900565406,65,2020-07-19,2020-07-19,EXCLUDE,Q2-d948b5e15f
900565406,65,2020-07-26,2020-07-26,EXCLUDE,Q2-d948b5e15f
900536521,78,2019-08-10,2019-08-10,EXCLUDE,Q2-2d273df1ba
900536521,78,2019-08-17,2019-08-17,EXCLUDE,Q2-2d273df1ba
900536521,78,2019-08-24,2019-08-24,EXCLUDE,Q2-2d273df1ba
900536521,78,2019-08-31,2019-08-31,EXCLUDE,Q2-2d273df1ba
900536521,78,2019-09-14,2019-09-14,EXCLUDE,Q2-2d273df1ba
900536521,78,2019-09-21,2019-09-21,EXCLUDE,Q2-2d273df1ba
900536521,78,2019-09-28,2019-09-28,EXCLUDE,Q2-2d273df1ba
900536521,78,2019-10-05,2019-10-05,EXCLUDE,Q2-2d273df1ba
900536521,78,2019-10-19,2019-10-19,EXCLUDE,Q2-2d273df1ba
900536521,78,2019-10-26,2019-10-26,EXCLUDE,Q2-2d273df1ba
900536521,78,2019-11-02,2019-11-02,EXCLUDE,Q2-2d273df1ba
900536521,78,2019-11-10,2019-11-10,EXCLUDE,Q2-2d273df1ba
900536521,78,2019-11-23,2019-11-23,EXCLUDE,Q2-2d273df1ba
900536521,78,2019-11-30,2019-11-30,EXCLUDE,Q2-2d273df1ba
900536521,78,2019-12-05,2019-12-05,EXCLUDE,Q2-2d273df1ba
900536521,78,2019-12-08,2019-12-08,EXCLUDE,Q2-2d273df1ba
900536521,78,2019-12-16,2019-12-16,EXCLUDE,Q2-2d273df1ba
900536521,78,2019-12-21,2019-12-21,EXCLUDE,Q2-2d273df1ba
900536521,78,2019-12-26,2019-12-26,EXCLUDE,Q2-2d273df1ba
900536521,78,2019-12-28,2019-12-28,EXCLUDE,Q2-2d273df1ba
900536521,78,2020-01-01,2020-01-01,EXCLUDE,Q2-2d273df1ba
900536521,78,2020-01-11,2020-01-11,EXCLUDE,Q2-2d273df1ba
900536521,78,2020-01-18,2020-01-18,EXCLUDE,Q2-2d273df1ba
900536521,78,2020-01-21,2020-01-21,EXCLUDE,Q2-2d273df1ba
900536521,78,2020-02-01,2020-02-01,EXCLUDE,Q2-2d273df1ba
900536521,78,2020-02-08,2020-02-08,EXCLUDE,Q2-2d273df1ba
900536521,78,2020-02-22,2020-02-22,EXCLUDE,Q2-2d273df1ba
900536521,78,2020-02-29,2020-02-29,EXCLUDE,Q2-2d273df1ba
900536521,78,2020-03-07,2020-03-07,EXCLUDE,Q2-2d273df1ba
900536521,78,2020-06-20,2020-06-20,EXCLUDE,Q2-2d273df1ba
900536521,78,2020-06-23,2020-06-23,EXCLUDE,Q2-2d273df1ba
900536521,78,2020-06-30,2020-06-30,EXCLUDE,Q2-2d273df1ba
900536521,78,2020-07-04,2020-07-04,EXCLUDE,Q2-2d273df1ba
900536521,78,2020-07-08,2020-07-08,EXCLUDE,Q2-2d273df1ba
900536521,78,2020-07-11,2020-07-11,EXCLUDE,Q2-2d273df1ba
900536521,78,2020-07-16,2020-07-16,EXCLUDE,Q2-2d273df1ba
900536521,78,2020-07-20,2020-07-20,EXCLUDE,Q2-2d273df1ba
900536521,78,2020-07-26,2020-07-26,EXCLUDE,Q2-2d273df1ba
900854708,6,2018-08-11,2018-08-11,EXCLUDE,Q2-c48c56809e
900854708,6,2018-08-18,2018-08-18,EXCLUDE,Q2-c48c56809e
900854708,6,2018-08-27,2018-08-27,EXCLUDE,Q2-c48c56809e
900854708,6,2018-09-02,2018-09-02,EXCLUDE,Q2-c48c56809e
900854708,6,2018-09-15,2018-09-15,EXCLUDE,Q2-c48c56809e
900854708,6,2018-09-22,2018-09-22,EXCLUDE,Q2-c48c56809e
900854708,6,2018-09-29,2018-09-29,EXCLUDE,Q2-c48c56809e
900854708,6,2018-10-06,2018-10-06,EXCLUDE,Q2-c48c56809e
900854708,6,2018-10-20,2018-10-20,EXCLUDE,Q2-c48c56809e
900854708,6,2018-10-29,2018-10-29,EXCLUDE,Q2-c48c56809e
900854708,6,2018-11-03,2018-11-03,EXCLUDE,Q2-c48c56809e
900854708,6,2018-11-10,2018-11-10,EXCLUDE,Q2-c48c56809e
900854708,6,2018-11-24,2018-11-24,EXCLUDE,Q2-c48c56809e
900854708,6,2018-12-02,2018-12-02,EXCLUDE,Q2-c48c56809e
900854708,6,2018-12-05,2018-12-05,EXCLUDE,Q2-c48c56809e
900854708,6,2018-12-08,2018-12-08,EXCLUDE,Q2-c48c56809e
900854708,6,2018-12-15,2018-12-15,EXCLUDE,Q2-c48c56809e
900854708,6,2018-12-23,2018-12-23,EXCLUDE,Q2-c48c56809e
900854708,6,2018-12-26,2018-12-26,EXCLUDE,Q2-c48c56809e
900854708,6,2018-12-29,2018-12-29,EXCLUDE,Q2-c48c56809e
900854708,6,2019-01-01,2019-01-01,EXCLUDE,Q2-c48c56809e
900854708,6,2019-01-13,2019-01-13,EXCLUDE,Q2-c48c56809e
900854708,6,2019-01-20,2019-01-20,EXCLUDE,Q2-c48c56809e
900854708,6,2019-01-30,2019-01-30,EXCLUDE,Q2-c48c56809e
900854708,6,2019-02-02,2019-02-02,EXCLUDE,Q2-c48c56809e
900854708,6,2019-02-10,2019-02-10,EXCLUDE,Q2-c48c56809e
900854708,6,2019-02-23,2019-02-23,EXCLUDE,Q2-c48c56809e
900854708,6,2019-02-27,2019-02-27,EXCLUDE,Q2-c48c56809e
900854708,6,2019-03-02,2019-03-02,EXCLUDE,Q2-c48c56809e
900854708,6,2019-03-09,2019-03-09,EXCLUDE,Q2-c48c56809e
900854708,6,2019-03-31,2019-03-31,EXCLUDE,Q2-c48c56809e
900854708,6,2019-04-03,2019-04-03,EXCLUDE,Q2-c48c56809e
900854708,6,2019-04-13,2019-04-13,EXCLUDE,Q2-c48c56809e
900854708,6,2019-04-20,2019-04-20,EXCLUDE,Q2-c48c56809e
900854708,6,2019-04-23,2019-04-23,EXCLUDE,Q2-c48c56809e
900854708,6,2019-04-27,2019-04-27,EXCLUDE,Q2-c48c56809e
900854708,6,2019-05-04,2019-05-04,EXCLUDE,Q2-c48c56809e
900854708,6,2019-05-12,2019-05-12,EXCLUDE,Q2-c48c56809e
537192,8,2018-08-12,2018-08-12,EXCLUDE,Q2-ead27005c1
537192,8,2018-08-20,2018-08-20,EXCLUDE,Q2-ead27005c1
537192,8,2018-08-25,2018-08-25,EXCLUDE,Q2-ead27005c1
537192,8,2018-09-01,2018-09-01,EXCLUDE,Q2-ead27005c1
537192,8,2018-09-15,2018-09-15,EXCLUDE,Q2-ead27005c1
537192,8,2018-09-22,2018-09-22,EXCLUDE,Q2-ead27005c1
537192,8,2018-09-29,2018-09-29,EXCLUDE,Q2-ead27005c1
537192,8,2018-10-07,2018-10-07,EXCLUDE,Q2-ead27005c1
537192,8,2018-10-20,2018-10-20,EXCLUDE,Q2-ead27005c1
537192,8,2018-10-27,2018-10-27,EXCLUDE,Q2-ead27005c1
537192,8,2018-11-03,2018-11-03,EXCLUDE,Q2-ead27005c1
537192,8,2018-11-11,2018-11-11,EXCLUDE,Q2-ead27005c1
537192,8,2018-11-24,2018-11-24,EXCLUDE,Q2-ead27005c1
537192,8,2018-12-02,2018-12-02,EXCLUDE,Q2-ead27005c1
537192,8,2018-12-05,2018-12-05,EXCLUDE,Q2-ead27005c1
537192,8,2018-12-08,2018-12-08,EXCLUDE,Q2-ead27005c1
537192,8,2018-12-16,2018-12-16,EXCLUDE,Q2-ead27005c1
537192,8,2018-12-21,2018-12-21,EXCLUDE,Q2-ead27005c1
537192,8,2018-12-26,2018-12-26,EXCLUDE,Q2-ead27005c1
537192,8,2018-12-29,2018-12-29,EXCLUDE,Q2-ead27005c1
537192,8,2019-01-03,2019-01-03,EXCLUDE,Q2-ead27005c1
537192,8,2019-01-12,2019-01-12,EXCLUDE,Q2-ead27005c1
537192,8,2019-01-19,2019-01-19,EXCLUDE,Q2-ead27005c1
537192,8,2019-01-30,2019-01-30,EXCLUDE,Q2-ead27005c1
537192,8,2019-02-04,2019-02-04,EXCLUDE,Q2-ead27005c1
537192,8,2019-02-09,2019-02-09,EXCLUDE,Q2-ead27005c1
537192,8,2019-02-24,2019-02-24,EXCLUDE,Q2-ead27005c1
537192,8,2019-02-27,2019-02-27,EXCLUDE,Q2-ead27005c1
537192,8,2019-03-03,2019-03-03,EXCLUDE,Q2-ead27005c1
537192,8,2019-03-10,2019-03-10,EXCLUDE,Q2-ead27005c1
537192,8,2019-03-17,2019-03-17,EXCLUDE,Q2-ead27005c1
537192,8,2019-03-31,2019-03-31,EXCLUDE,Q2-ead27005c1
537192,8,2019-04-05,2019-04-05,EXCLUDE,Q2-ead27005c1
537192,8,2019-04-14,2019-04-14,EXCLUDE,Q2-ead27005c1
537192,8,2019-04-21,2019-04-21,EXCLUDE,Q2-ead27005c1
537192,8,2019-04-26,2019-04-26,EXCLUDE,Q2-ead27005c1
537192,8,2019-05-04,2019-05-04,EXCLUDE,Q2-ead27005c1
537192,8,2019-05-12,2019-05-12,EXCLUDE,Q2-ead27005c1
900919438,9,2018-08-12,2018-08-12,EXCLUDE,Q2-9cc4848952
900919438,9,2018-08-19,2018-08-19,EXCLUDE,Q2-9cc4848952
900919438,9,2018-08-25,2018-08-25,EXCLUDE,Q2-9cc4848952
900919438,9,2018-09-01,2018-09-01,EXCLUDE,Q2-9cc4848952
900919438,9,2018-09-15,2018-09-15,EXCLUDE,Q2-9cc4848952
900919438,9,2018-09-22,2018-09-22,EXCLUDE,Q2-9cc4848952
900919438,9,2018-09-29,2018-09-29,EXCLUDE,Q2-9cc4848952
900919438,9,2018-10-07,2018-10-07,EXCLUDE,Q2-9cc4848952
900919438,9,2018-10-20,2018-10-20,EXCLUDE,Q2-9cc4848952
900919438,9,2018-10-29,2018-10-29,EXCLUDE,Q2-9cc4848952
900919438,9,2018-11-04,2018-11-04,EXCLUDE,Q2-9cc4848952
900919438,9,2018-11-11,2018-11-11,EXCLUDE,Q2-9cc4848952
900919438,9,2018-11-24,2018-11-24,EXCLUDE,Q2-9cc4848952
900919438,9,2018-12-01,2018-12-01,EXCLUDE,Q2-9cc4848952
900919438,9,2018-12-04,2018-12-04,EXCLUDE,Q2-9cc4848952
900919438,9,2018-12-08,2018-12-08,EXCLUDE,Q2-9cc4848952
900919438,9,2018-12-15,2018-12-15,EXCLUDE,Q2-9cc4848952
900919438,9,2018-12-22,2018-12-22,EXCLUDE,Q2-9cc4848952
900919438,9,2018-12-26,2018-12-26,EXCLUDE,Q2-9cc4848952
900919438,9,2018-12-30,2018-12-30,EXCLUDE,Q2-9cc4848952
900919438,9,2019-01-03,2019-01-03,EXCLUDE,Q2-9cc4848952
900919438,9,2019-01-14,2019-01-14,EXCLUDE,Q2-9cc4848952
900919438,9,2019-01-20,2019-01-20,EXCLUDE,Q2-9cc4848952
900919438,9,2019-01-29,2019-01-29,EXCLUDE,Q2-9cc4848952
900919438,9,2019-02-03,2019-02-03,EXCLUDE,Q2-9cc4848952
900919438,9,2019-02-06,2019-02-06,EXCLUDE,Q2-9cc4848952
900919438,9,2019-02-10,2019-02-10,EXCLUDE,Q2-9cc4848952
900919438,9,2019-02-27,2019-02-27,EXCLUDE,Q2-9cc4848952
900919438,9,2019-03-02,2019-03-02,EXCLUDE,Q2-9cc4848952
900919438,9,2019-03-09,2019-03-09,EXCLUDE,Q2-9cc4848952
900919438,9,2019-03-30,2019-03-30,EXCLUDE,Q2-9cc4848952
900919438,9,2019-04-03,2019-04-03,EXCLUDE,Q2-9cc4848952
900919438,9,2019-04-14,2019-04-14,EXCLUDE,Q2-9cc4848952
900919438,9,2019-04-20,2019-04-20,EXCLUDE,Q2-9cc4848952
900919438,9,2019-04-24,2019-04-24,EXCLUDE,Q2-9cc4848952
900919438,9,2019-04-28,2019-04-28,EXCLUDE,Q2-9cc4848952
900919438,9,2019-05-06,2019-05-06,EXCLUDE,Q2-9cc4848952
900919438,9,2019-05-12,2019-05-12,EXCLUDE,Q2-9cc4848952
37316840,9,2018-08-12,2018-08-12,EXCLUDE,Q2-e012d23731
37316840,9,2018-08-19,2018-08-19,EXCLUDE,Q2-e012d23731
37316840,9,2018-08-25,2018-08-25,EXCLUDE,Q2-e012d23731
37316840,9,2018-09-01,2018-09-01,EXCLUDE,Q2-e012d23731
37316840,9,2018-09-15,2018-09-15,EXCLUDE,Q2-e012d23731
37316840,9,2018-09-22,2018-09-22,EXCLUDE,Q2-e012d23731
37316840,9,2018-09-29,2018-09-29,EXCLUDE,Q2-e012d23731
37316840,9,2018-10-07,2018-10-07,EXCLUDE,Q2-e012d23731
37316840,9,2018-10-20,2018-10-20,EXCLUDE,Q2-e012d23731
37316840,9,2018-10-29,2018-10-29,EXCLUDE,Q2-e012d23731
37316840,9,2018-11-04,2018-11-04,EXCLUDE,Q2-e012d23731
37316840,9,2018-11-11,2018-11-11,EXCLUDE,Q2-e012d23731
37316840,9,2018-11-24,2018-11-24,EXCLUDE,Q2-e012d23731
37316840,9,2018-12-01,2018-12-01,EXCLUDE,Q2-e012d23731
37316840,9,2018-12-04,2018-12-04,EXCLUDE,Q2-e012d23731
37316840,9,2018-12-08,2018-12-08,EXCLUDE,Q2-e012d23731
37316840,9,2018-12-15,2018-12-15,EXCLUDE,Q2-e012d23731
37316840,9,2018-12-22,2018-12-22,EXCLUDE,Q2-e012d23731
37316840,9,2018-12-26,2018-12-26,EXCLUDE,Q2-e012d23731
37316840,9,2018-12-30,2018-12-30,EXCLUDE,Q2-e012d23731
37316840,9,2019-01-03,2019-01-03,EXCLUDE,Q2-e012d23731
37316840,9,2019-01-14,2019-01-14,EXCLUDE,Q2-e012d23731
37316840,9,2019-01-20,2019-01-20,EXCLUDE,Q2-e012d23731
37316840,9,2019-01-29,2019-01-29,EXCLUDE,Q2-e012d23731
37316840,9,2019-02-03,2019-02-03,EXCLUDE,Q2-e012d23731
37316840,9,2019-02-06,2019-02-06,EXCLUDE,Q2-e012d23731
37316840,9,2019-02-10,2019-02-10,EXCLUDE,Q2-e012d23731
37316840,9,2019-02-27,2019-02-27,EXCLUDE,Q2-e012d23731
37316840,9,2019-03-02,2019-03-02,EXCLUDE,Q2-e012d23731
37316840,9,2019-03-09,2019-03-09,EXCLUDE,Q2-e012d23731
37316840,9,2019-03-30,2019-03-30,EXCLUDE,Q2-e012d23731
37316840,9,2019-04-03,2019-04-03,EXCLUDE,Q2-e012d23731
37316840,9,2019-04-14,2019-04-14,EXCLUDE,Q2-e012d23731
37316840,9,2019-04-20,2019-04-20,EXCLUDE,Q2-e012d23731
37316840,9,2019-04-24,2019-04-24,EXCLUDE,Q2-e012d23731
37316840,9,2019-04-28,2019-04-28,EXCLUDE,Q2-e012d23731
37316840,9,2019-05-06,2019-05-06,EXCLUDE,Q2-e012d23731
37316840,9,2019-05-12,2019-05-12,EXCLUDE,Q2-e012d23731
23311146,9,2018-08-12,2018-08-12,EXCLUDE,Q2-9109e7293b
23311146,9,2018-08-19,2018-08-19,EXCLUDE,Q2-9109e7293b
23311146,9,2018-08-25,2018-08-25,EXCLUDE,Q2-9109e7293b
23311146,9,2018-09-01,2018-09-01,EXCLUDE,Q2-9109e7293b
23311146,9,2018-09-15,2018-09-15,EXCLUDE,Q2-9109e7293b
23311146,9,2018-09-22,2018-09-22,EXCLUDE,Q2-9109e7293b
23311146,9,2018-09-29,2018-09-29,EXCLUDE,Q2-9109e7293b
23311146,9,2018-10-07,2018-10-07,EXCLUDE,Q2-9109e7293b
23311146,9,2018-10-20,2018-10-20,EXCLUDE,Q2-9109e7293b
23311146,9,2018-10-29,2018-10-29,EXCLUDE,Q2-9109e7293b
23311146,9,2018-11-04,2018-11-04,EXCLUDE,Q2-9109e7293b
23311146,9,2018-11-11,2018-11-11,EXCLUDE,Q2-9109e7293b
23311146,9,2018-11-24,2018-11-24,EXCLUDE,Q2-9109e7293b
23311146,9,2018-12-01,2018-12-01,EXCLUDE,Q2-9109e7293b
23311146,9,2018-12-04,2018-12-04,EXCLUDE,Q2-9109e7293b
23311146,9,2018-12-08,2018-12-08,EXCLUDE,Q2-9109e7293b
23311146,9,2018-12-15,2018-12-15,EXCLUDE,Q2-9109e7293b
23311146,9,2018-12-22,2018-12-22,EXCLUDE,Q2-9109e7293b
23311146,9,2018-12-26,2018-12-26,EXCLUDE,Q2-9109e7293b
23311146,9,2018-12-30,2018-12-30,EXCLUDE,Q2-9109e7293b
23311146,9,2019-01-03,2019-01-03,EXCLUDE,Q2-9109e7293b
23311146,9,2019-01-14,2019-01-14,EXCLUDE,Q2-9109e7293b
23311146,9,2019-01-20,2019-01-20,EXCLUDE,Q2-9109e7293b
23311146,9,2019-01-29,2019-01-29,EXCLUDE,Q2-9109e7293b
23311146,9,2019-02-03,2019-02-03,EXCLUDE,Q2-9109e7293b
23311146,9,2019-02-06,2019-02-06,EXCLUDE,Q2-9109e7293b
23311146,9,2019-02-10,2019-02-10,EXCLUDE,Q2-9109e7293b
23311146,9,2019-02-27,2019-02-27,EXCLUDE,Q2-9109e7293b
23311146,9,2019-03-02,2019-03-02,EXCLUDE,Q2-9109e7293b
23311146,9,2019-03-09,2019-03-09,EXCLUDE,Q2-9109e7293b
23311146,9,2019-03-30,2019-03-30,EXCLUDE,Q2-9109e7293b
23311146,9,2019-04-03,2019-04-03,EXCLUDE,Q2-9109e7293b
23311146,9,2019-04-14,2019-04-14,EXCLUDE,Q2-9109e7293b
23311146,9,2019-04-20,2019-04-20,EXCLUDE,Q2-9109e7293b
23311146,9,2019-04-24,2019-04-24,EXCLUDE,Q2-9109e7293b
23311146,9,2019-04-28,2019-04-28,EXCLUDE,Q2-9109e7293b
23311146,9,2019-05-06,2019-05-06,EXCLUDE,Q2-9109e7293b
23311146,9,2019-05-12,2019-05-12,EXCLUDE,Q2-9109e7293b
539969,13,2018-08-11,2018-08-11,EXCLUDE,Q2-7b20b48a57
539969,13,2018-08-18,2018-08-18,EXCLUDE,Q2-7b20b48a57
539969,13,2018-08-25,2018-08-25,EXCLUDE,Q2-7b20b48a57
539969,13,2018-09-01,2018-09-01,EXCLUDE,Q2-7b20b48a57
539969,13,2018-09-16,2018-09-16,EXCLUDE,Q2-7b20b48a57
539969,13,2018-09-23,2018-09-23,EXCLUDE,Q2-7b20b48a57
539969,13,2018-09-29,2018-09-29,EXCLUDE,Q2-7b20b48a57
539969,13,2018-10-06,2018-10-06,EXCLUDE,Q2-7b20b48a57
539969,13,2018-10-21,2018-10-21,EXCLUDE,Q2-7b20b48a57
539969,13,2018-10-28,2018-10-28,EXCLUDE,Q2-7b20b48a57
539969,13,2018-11-03,2018-11-03,EXCLUDE,Q2-7b20b48a57
539969,13,2018-11-11,2018-11-11,EXCLUDE,Q2-7b20b48a57
539969,13,2018-11-24,2018-11-24,EXCLUDE,Q2-7b20b48a57
539969,13,2018-12-02,2018-12-02,EXCLUDE,Q2-7b20b48a57
539969,13,2018-12-05,2018-12-05,EXCLUDE,Q2-7b20b48a57
539969,13,2018-12-10,2018-12-10,EXCLUDE,Q2-7b20b48a57
539969,13,2018-12-15,2018-12-15,EXCLUDE,Q2-7b20b48a57
539969,13,2018-12-23,2018-12-23,EXCLUDE,Q2-7b20b48a57
539969,13,2018-12-26,2018-12-26,EXCLUDE,Q2-7b20b48a57
539969,13,2018-12-29,2018-12-29,EXCLUDE,Q2-7b20b48a57
539969,13,2019-01-01,2019-01-01,EXCLUDE,Q2-7b20b48a57
539969,13,2019-01-13,2019-01-13,EXCLUDE,Q2-7b20b48a57
539969,13,2019-01-19,2019-01-19,EXCLUDE,Q2-7b20b48a57
539969,13,2019-01-29,2019-01-29,EXCLUDE,Q2-7b20b48a57
539969,13,2019-02-02,2019-02-02,EXCLUDE,Q2-7b20b48a57
539969,13,2019-02-06,2019-02-06,EXCLUDE,Q2-7b20b48a57
539969,13,2019-02-09,2019-02-09,EXCLUDE,Q2-7b20b48a57
539969,13,2019-02-26,2019-02-26,EXCLUDE,Q2-7b20b48a57
539969,13,2019-03-03,2019-03-03,EXCLUDE,Q2-7b20b48a57
539969,13,2019-03-09,2019-03-09,EXCLUDE,Q2-7b20b48a57
539969,13,2019-03-17,2019-03-17,EXCLUDE,Q2-7b20b48a57
539969,13,2019-03-30,2019-03-30,EXCLUDE,Q2-7b20b48a57
539969,13,2019-04-07,2019-04-07,EXCLUDE,Q2-7b20b48a57
539969,13,2019-04-13,2019-04-13,EXCLUDE,Q2-7b20b48a57
539969,13,2019-04-21,2019-04-21,EXCLUDE,Q2-7b20b48a57
539969,13,2019-04-27,2019-04-27,EXCLUDE,Q2-7b20b48a57
539969,13,2019-05-03,2019-05-03,EXCLUDE,Q2-7b20b48a57
539969,13,2019-05-12,2019-05-12,EXCLUDE,Q2-7b20b48a57
37558976,14,2018-08-10,2018-08-10,EXCLUDE,Q2-c945469bcc
37558976,14,2018-08-19,2018-08-19,EXCLUDE,Q2-c945469bcc
37558976,14,2018-08-27,2018-08-27,EXCLUDE,Q2-c945469bcc
37558976,14,2018-09-02,2018-09-02,EXCLUDE,Q2-c945469bcc
37558976,14,2018-09-15,2018-09-15,EXCLUDE,Q2-c945469bcc
37558976,14,2018-09-22,2018-09-22,EXCLUDE,Q2-c945469bcc
37558976,14,2018-09-29,2018-09-29,EXCLUDE,Q2-c945469bcc
37558976,14,2018-10-06,2018-10-06,EXCLUDE,Q2-c945469bcc
37558976,14,2018-10-20,2018-10-20,EXCLUDE,Q2-c945469bcc
37558976,14,2018-10-28,2018-10-28,EXCLUDE,Q2-c945469bcc
37558976,14,2018-11-03,2018-11-03,EXCLUDE,Q2-c945469bcc
37558976,14,2018-11-11,2018-11-11,EXCLUDE,Q2-c945469bcc
37558976,14,2018-11-24,2018-11-24,EXCLUDE,Q2-c945469bcc
37558976,14,2018-12-01,2018-12-01,EXCLUDE,Q2-c945469bcc
37558976,14,2018-12-05,2018-12-05,EXCLUDE,Q2-c945469bcc
37558976,14,2018-12-08,2018-12-08,EXCLUDE,Q2-c945469bcc
37558976,14,2018-12-16,2018-12-16,EXCLUDE,Q2-c945469bcc
37558976,14,2018-12-22,2018-12-22,EXCLUDE,Q2-c945469bcc
37558976,14,2018-12-26,2018-12-26,EXCLUDE,Q2-c945469bcc
37558976,14,2018-12-30,2018-12-30,EXCLUDE,Q2-c945469bcc
37558976,14,2019-01-02,2019-01-02,EXCLUDE,Q2-c945469bcc
37558976,14,2019-01-13,2019-01-13,EXCLUDE,Q2-c945469bcc
37558976,14,2019-01-19,2019-01-19,EXCLUDE,Q2-c945469bcc
37558976,14,2019-01-29,2019-01-29,EXCLUDE,Q2-c945469bcc
37558976,14,2019-02-03,2019-02-03,EXCLUDE,Q2-c945469bcc
37558976,14,2019-02-09,2019-02-09,EXCLUDE,Q2-c945469bcc
37558976,14,2019-02-24,2019-02-24,EXCLUDE,Q2-c945469bcc
37558976,14,2019-02-27,2019-02-27,EXCLUDE,Q2-c945469bcc
37558976,14,2019-03-02,2019-03-02,EXCLUDE,Q2-c945469bcc
37558976,14,2019-03-10,2019-03-10,EXCLUDE,Q2-c945469bcc
37558976,14,2019-03-30,2019-03-30,EXCLUDE,Q2-c945469bcc
37558976,14,2019-04-02,2019-04-02,EXCLUDE,Q2-c945469bcc
37558976,14,2019-04-13,2019-04-13,EXCLUDE,Q2-c945469bcc
37558976,14,2019-04-21,2019-04-21,EXCLUDE,Q2-c945469bcc
37558976,14,2019-04-24,2019-04-24,EXCLUDE,Q2-c945469bcc
37558976,14,2019-04-28,2019-04-28,EXCLUDE,Q2-c945469bcc
37558976,14,2019-05-05,2019-05-05,EXCLUDE,Q2-c945469bcc
37558976,14,2019-05-12,2019-05-12,EXCLUDE,Q2-c945469bcc
27453989,18,2018-08-11,2018-08-11,EXCLUDE,Q2-54543028c9
27453989,18,2018-08-18,2018-08-18,EXCLUDE,Q2-54543028c9
27453989,18,2018-08-26,2018-08-26,EXCLUDE,Q2-54543028c9
27453989,18,2018-09-01,2018-09-01,EXCLUDE,Q2-54543028c9
27453989,18,2018-09-15,2018-09-15,EXCLUDE,Q2-54543028c9
27453989,18,2018-09-23,2018-09-23,EXCLUDE,Q2-54543028c9
27453989,18,2018-09-29,2018-09-29,EXCLUDE,Q2-54543028c9
27453989,18,2018-10-07,2018-10-07,EXCLUDE,Q2-54543028c9
27453989,18,2018-10-20,2018-10-20,EXCLUDE,Q2-54543028c9
27453989,18,2018-10-28,2018-10-28,EXCLUDE,Q2-54543028c9
27453989,18,2018-11-04,2018-11-04,EXCLUDE,Q2-54543028c9
27453989,18,2018-11-11,2018-11-11,EXCLUDE,Q2-54543028c9
27453989,18,2018-11-24,2018-11-24,EXCLUDE,Q2-54543028c9
27453989,18,2018-12-02,2018-12-02,EXCLUDE,Q2-54543028c9
27453989,18,2018-12-05,2018-12-05,EXCLUDE,Q2-54543028c9
27453989,18,2018-12-08,2018-12-08,EXCLUDE,Q2-54543028c9
27453989,18,2018-12-16,2018-12-16,EXCLUDE,Q2-54543028c9
27453989,18,2018-12-22,2018-12-22,EXCLUDE,Q2-54543028c9
27453989,18,2018-12-26,2018-12-26,EXCLUDE,Q2-54543028c9
27453989,18,2018-12-30,2018-12-30,EXCLUDE,Q2-54543028c9
27453989,18,2019-01-02,2019-01-02,EXCLUDE,Q2-54543028c9
27453989,18,2019-01-12,2019-01-12,EXCLUDE,Q2-54543028c9
27453989,18,2019-01-19,2019-01-19,EXCLUDE,Q2-54543028c9
27453989,18,2019-01-30,2019-01-30,EXCLUDE,Q2-54543028c9
27453989,18,2019-02-02,2019-02-02,EXCLUDE,Q2-54543028c9
27453989,18,2019-02-10,2019-02-10,EXCLUDE,Q2-54543028c9
27453989,18,2019-02-27,2019-02-27,EXCLUDE,Q2-54543028c9
27453989,18,2019-03-03,2019-03-03,EXCLUDE,Q2-54543028c9
27453989,18,2019-03-10,2019-03-10,EXCLUDE,Q2-54543028c9
27453989,18,2019-03-17,2019-03-17,EXCLUDE,Q2-54543028c9
27453989,18,2019-03-31,2019-03-31,EXCLUDE,Q2-54543028c9
27453989,18,2019-04-03,2019-04-03,EXCLUDE,Q2-54543028c9
27453989,18,2019-04-08,2019-04-08,EXCLUDE,Q2-54543028c9
27453989,18,2019-04-14,2019-04-14,EXCLUDE,Q2-54543028c9
27453989,18,2019-04-22,2019-04-22,EXCLUDE,Q2-54543028c9
27453989,18,2019-04-28,2019-04-28,EXCLUDE,Q2-54543028c9
27453989,18,2019-05-05,2019-05-05,EXCLUDE,Q2-54543028c9
27453989,18,2019-05-12,2019-05-12,EXCLUDE,Q2-54543028c9
23311159,18,2018-08-11,2018-08-11,EXCLUDE,Q2-4666d5d58d
23311159,18,2018-08-18,2018-08-18,EXCLUDE,Q2-4666d5d58d
23311159,18,2018-08-26,2018-08-26,EXCLUDE,Q2-4666d5d58d
23311159,18,2018-09-01,2018-09-01,EXCLUDE,Q2-4666d5d58d
23311159,18,2018-09-15,2018-09-15,EXCLUDE,Q2-4666d5d58d
23311159,18,2018-09-23,2018-09-23,EXCLUDE,Q2-4666d5d58d
23311159,18,2018-09-29,2018-09-29,EXCLUDE,Q2-4666d5d58d
23311159,18,2018-10-07,2018-10-07,EXCLUDE,Q2-4666d5d58d
23311159,18,2018-10-20,2018-10-20,EXCLUDE,Q2-4666d5d58d
23311159,18,2018-10-28,2018-10-28,EXCLUDE,Q2-4666d5d58d
23311159,18,2018-11-04,2018-11-04,EXCLUDE,Q2-4666d5d58d
23311159,18,2018-11-11,2018-11-11,EXCLUDE,Q2-4666d5d58d
23311159,18,2018-11-24,2018-11-24,EXCLUDE,Q2-4666d5d58d
23311159,18,2018-12-02,2018-12-02,EXCLUDE,Q2-4666d5d58d
23311159,18,2018-12-05,2018-12-05,EXCLUDE,Q2-4666d5d58d
23311159,18,2018-12-08,2018-12-08,EXCLUDE,Q2-4666d5d58d
23311159,18,2018-12-16,2018-12-16,EXCLUDE,Q2-4666d5d58d
23311159,18,2018-12-22,2018-12-22,EXCLUDE,Q2-4666d5d58d
23311159,18,2018-12-26,2018-12-26,EXCLUDE,Q2-4666d5d58d
23311159,18,2018-12-30,2018-12-30,EXCLUDE,Q2-4666d5d58d
23311159,18,2019-01-02,2019-01-02,EXCLUDE,Q2-4666d5d58d
23311159,18,2019-01-12,2019-01-12,EXCLUDE,Q2-4666d5d58d
23311159,18,2019-01-19,2019-01-19,EXCLUDE,Q2-4666d5d58d
23311159,18,2019-01-30,2019-01-30,EXCLUDE,Q2-4666d5d58d
23311159,18,2019-02-02,2019-02-02,EXCLUDE,Q2-4666d5d58d
23311159,18,2019-02-10,2019-02-10,EXCLUDE,Q2-4666d5d58d
23311159,18,2019-02-27,2019-02-27,EXCLUDE,Q2-4666d5d58d
23311159,18,2019-03-03,2019-03-03,EXCLUDE,Q2-4666d5d58d
23311159,18,2019-03-10,2019-03-10,EXCLUDE,Q2-4666d5d58d
23311159,18,2019-03-17,2019-03-17,EXCLUDE,Q2-4666d5d58d
23311159,18,2019-03-31,2019-03-31,EXCLUDE,Q2-4666d5d58d
23311159,18,2019-04-03,2019-04-03,EXCLUDE,Q2-4666d5d58d
23311159,18,2019-04-08,2019-04-08,EXCLUDE,Q2-4666d5d58d
23311159,18,2019-04-14,2019-04-14,EXCLUDE,Q2-4666d5d58d
23311159,18,2019-04-22,2019-04-22,EXCLUDE,Q2-4666d5d58d
23311159,18,2019-04-28,2019-04-28,EXCLUDE,Q2-4666d5d58d
23311159,18,2019-05-05,2019-05-05,EXCLUDE,Q2-4666d5d58d
23311159,18,2019-05-12,2019-05-12,EXCLUDE,Q2-4666d5d58d
28912710,19,2018-08-12,2018-08-12,EXCLUDE,Q2-c410cc6fa7
28912710,19,2018-08-18,2018-08-18,EXCLUDE,Q2-c410cc6fa7
28912710,19,2018-08-25,2018-08-25,EXCLUDE,Q2-c410cc6fa7
28912710,19,2018-09-02,2018-09-02,EXCLUDE,Q2-c410cc6fa7
28912710,19,2018-09-15,2018-09-15,EXCLUDE,Q2-c410cc6fa7
28912710,19,2018-09-23,2018-09-23,EXCLUDE,Q2-c410cc6fa7
28912710,19,2018-09-29,2018-09-29,EXCLUDE,Q2-c410cc6fa7
28912710,19,2018-10-07,2018-10-07,EXCLUDE,Q2-c410cc6fa7
28912710,19,2018-10-22,2018-10-22,EXCLUDE,Q2-c410cc6fa7
28912710,19,2018-10-28,2018-10-28,EXCLUDE,Q2-c410cc6fa7
28912710,19,2018-11-03,2018-11-03,EXCLUDE,Q2-c410cc6fa7
28912710,19,2018-11-11,2018-11-11,EXCLUDE,Q2-c410cc6fa7
28912710,19,2018-11-25,2018-11-25,EXCLUDE,Q2-c410cc6fa7
28912710,19,2018-12-02,2018-12-02,EXCLUDE,Q2-c410cc6fa7
28912710,19,2018-12-05,2018-12-05,EXCLUDE,Q2-c410cc6fa7
28912710,19,2018-12-08,2018-12-08,EXCLUDE,Q2-c410cc6fa7
28912710,19,2018-12-16,2018-12-16,EXCLUDE,Q2-c410cc6fa7
28912710,19,2018-12-22,2018-12-22,EXCLUDE,Q2-c410cc6fa7
28912710,19,2018-12-26,2018-12-26,EXCLUDE,Q2-c410cc6fa7
28912710,19,2018-12-29,2018-12-29,EXCLUDE,Q2-c410cc6fa7
28912710,19,2019-01-01,2019-01-01,EXCLUDE,Q2-c410cc6fa7
28912710,19,2019-01-12,2019-01-12,EXCLUDE,Q2-c410cc6fa7
28912710,19,2019-01-19,2019-01-19,EXCLUDE,Q2-c410cc6fa7
28912710,19,2019-01-29,2019-01-29,EXCLUDE,Q2-c410cc6fa7
28912710,19,2019-02-03,2019-02-03,EXCLUDE,Q2-c410cc6fa7
28912710,19,2019-02-09,2019-02-09,EXCLUDE,Q2-c410cc6fa7
28912710,19,2019-02-24,2019-02-24,EXCLUDE,Q2-c410cc6fa7
28912710,19,2019-02-27,2019-02-27,EXCLUDE,Q2-c410cc6fa7
28912710,19,2019-03-02,2019-03-02,EXCLUDE,Q2-c410cc6fa7
28912710,19,2019-03-10,2019-03-10,EXCLUDE,Q2-c410cc6fa7
28912710,19,2019-04-01,2019-04-01,EXCLUDE,Q2-c410cc6fa7
28912710,19,2019-04-07,2019-04-07,EXCLUDE,Q2-c410cc6fa7
28912710,19,2019-04-15,2019-04-15,EXCLUDE,Q2-c410cc6fa7
28912710,19,2019-04-21,2019-04-21,EXCLUDE,Q2-c410cc6fa7
28912710,19,2019-04-24,2019-04-24,EXCLUDE,Q2-c410cc6fa7
28912710,19,2019-04-28,2019-04-28,EXCLUDE,Q2-c410cc6fa7
28912710,19,2019-05-05,2019-05-05,EXCLUDE,Q2-c410cc6fa7
28912710,19,2019-05-12,2019-05-12,EXCLUDE,Q2-c410cc6fa7
37371069,52,2018-08-11,2018-08-11,EXCLUDE,Q2-9805beb158
37371069,52,2018-08-18,2018-08-18,EXCLUDE,Q2-9805beb158
37371069,52,2018-08-25,2018-08-25,EXCLUDE,Q2-9805beb158
37371069,52,2018-09-01,2018-09-01,EXCLUDE,Q2-9805beb158
37371069,52,2018-09-15,2018-09-15,EXCLUDE,Q2-9805beb158
37371069,52,2018-09-22,2018-09-22,EXCLUDE,Q2-9805beb158
37371069,52,2018-10-01,2018-10-01,EXCLUDE,Q2-9805beb158
37371069,52,2018-10-06,2018-10-06,EXCLUDE,Q2-9805beb158
37371069,52,2018-10-20,2018-10-20,EXCLUDE,Q2-9805beb158
37371069,52,2018-10-27,2018-10-27,EXCLUDE,Q2-9805beb158
37371069,52,2018-11-03,2018-11-03,EXCLUDE,Q2-9805beb158
37371069,52,2018-11-10,2018-11-10,EXCLUDE,Q2-9805beb158
37371069,52,2018-11-25,2018-11-25,EXCLUDE,Q2-9805beb158
37371069,52,2018-12-01,2018-12-01,EXCLUDE,Q2-9805beb158
37371069,52,2018-12-04,2018-12-04,EXCLUDE,Q2-9805beb158
37371069,52,2018-12-08,2018-12-08,EXCLUDE,Q2-9805beb158
37371069,52,2018-12-15,2018-12-15,EXCLUDE,Q2-9805beb158
37371069,52,2018-12-22,2018-12-22,EXCLUDE,Q2-9805beb158
37371069,52,2018-12-26,2018-12-26,EXCLUDE,Q2-9805beb158
37371069,52,2018-12-30,2018-12-30,EXCLUDE,Q2-9805beb158
37371069,52,2019-01-02,2019-01-02,EXCLUDE,Q2-9805beb158
37371069,52,2019-01-13,2019-01-13,EXCLUDE,Q2-9805beb158
37371069,52,2019-01-19,2019-01-19,EXCLUDE,Q2-9805beb158
37371069,52,2019-01-30,2019-01-30,EXCLUDE,Q2-9805beb158
37371069,52,2019-02-02,2019-02-02,EXCLUDE,Q2-9805beb158
37371069,52,2019-02-09,2019-02-09,EXCLUDE,Q2-9805beb158
37371069,52,2019-02-23,2019-02-23,EXCLUDE,Q2-9805beb158
37371069,52,2019-02-27,2019-02-27,EXCLUDE,Q2-9805beb158
37371069,52,2019-03-02,2019-03-02,EXCLUDE,Q2-9805beb158
37371069,52,2019-03-09,2019-03-09,EXCLUDE,Q2-9805beb158
37371069,52,2019-03-16,2019-03-16,EXCLUDE,Q2-9805beb158
37371069,52,2019-03-30,2019-03-30,EXCLUDE,Q2-9805beb158
37371069,52,2019-04-06,2019-04-06,EXCLUDE,Q2-9805beb158
37371069,52,2019-04-13,2019-04-13,EXCLUDE,Q2-9805beb158
37371069,52,2019-04-20,2019-04-20,EXCLUDE,Q2-9805beb158
37371069,52,2019-04-27,2019-04-27,EXCLUDE,Q2-9805beb158
37371069,52,2019-05-04,2019-05-04,EXCLUDE,Q2-9805beb158
37371069,52,2019-05-12,2019-05-12,EXCLUDE,Q2-9805beb158
900503858,78,2018-08-11,2018-08-11,EXCLUDE,Q2-2467f44935
900503858,78,2018-08-19,2018-08-19,EXCLUDE,Q2-2467f44935
900503858,78,2018-08-25,2018-08-25,EXCLUDE,Q2-2467f44935
900503858,78,2018-09-01,2018-09-01,EXCLUDE,Q2-2467f44935
900503858,78,2018-09-17,2018-09-17,EXCLUDE,Q2-2467f44935
900503858,78,2018-09-22,2018-09-22,EXCLUDE,Q2-2467f44935
900503858,78,2018-09-29,2018-09-29,EXCLUDE,Q2-2467f44935
900503858,78,2018-10-05,2018-10-05,EXCLUDE,Q2-2467f44935
900503858,78,2018-10-20,2018-10-20,EXCLUDE,Q2-2467f44935
900503858,78,2018-10-27,2018-10-27,EXCLUDE,Q2-2467f44935
900503858,78,2018-11-03,2018-11-03,EXCLUDE,Q2-2467f44935
900503858,78,2018-11-10,2018-11-10,EXCLUDE,Q2-2467f44935
900503858,78,2018-11-24,2018-11-24,EXCLUDE,Q2-2467f44935
900503858,78,2018-12-01,2018-12-01,EXCLUDE,Q2-2467f44935
900503858,78,2018-12-04,2018-12-04,EXCLUDE,Q2-2467f44935
900503858,78,2018-12-08,2018-12-08,EXCLUDE,Q2-2467f44935
900503858,78,2018-12-16,2018-12-16,EXCLUDE,Q2-2467f44935
900503858,78,2018-12-22,2018-12-22,EXCLUDE,Q2-2467f44935
900503858,78,2018-12-26,2018-12-26,EXCLUDE,Q2-2467f44935
900503858,78,2018-12-29,2018-12-29,EXCLUDE,Q2-2467f44935
900503858,78,2019-01-02,2019-01-02,EXCLUDE,Q2-2467f44935
900503858,78,2019-01-12,2019-01-12,EXCLUDE,Q2-2467f44935
900503858,78,2019-01-19,2019-01-19,EXCLUDE,Q2-2467f44935
900503858,78,2019-01-29,2019-01-29,EXCLUDE,Q2-2467f44935
900503858,78,2019-02-02,2019-02-02,EXCLUDE,Q2-2467f44935
900503858,78,2019-02-09,2019-02-09,EXCLUDE,Q2-2467f44935
900503858,78,2019-02-26,2019-02-26,EXCLUDE,Q2-2467f44935
900503858,78,2019-03-02,2019-03-02,EXCLUDE,Q2-2467f44935
900503858,78,2019-03-09,2019-03-09,EXCLUDE,Q2-2467f44935
900503858,78,2019-03-30,2019-03-30,EXCLUDE,Q2-2467f44935
900503858,78,2019-04-03,2019-04-03,EXCLUDE,Q2-2467f44935
900503858,78,2019-04-13,2019-04-13,EXCLUDE,Q2-2467f44935
900503858,78,2019-04-16,2019-04-16,EXCLUDE,Q2-2467f44935
900503858,78,2019-04-20,2019-04-20,EXCLUDE,Q2-2467f44935
900503858,78,2019-04-23,2019-04-23,EXCLUDE,Q2-2467f44935
900503858,78,2019-04-27,2019-04-27,EXCLUDE,Q2-2467f44935
900503858,78,2019-05-05,2019-05-05,EXCLUDE,Q2-2467f44935
900503858,78,2019-05-12,2019-05-12,EXCLUDE,Q2-2467f44935
901170892,3,2025-08-16,2025-08-16,EXCLUDE,Q2-58df89680f
901170892,3,2025-08-23,2025-08-23,EXCLUDE,Q2-58df89680f
901170892,3,2025-08-30,2025-08-30,EXCLUDE,Q2-58df89680f
901170892,3,2025-09-13,2025-09-13,EXCLUDE,Q2-58df89680f
901170892,3,2025-09-21,2025-09-21,EXCLUDE,Q2-58df89680f
901170892,3,2025-09-27,2025-09-27,EXCLUDE,Q2-58df89680f
901170892,3,2025-10-04,2025-10-04,EXCLUDE,Q2-58df89680f
901170892,3,2025-10-18,2025-10-18,EXCLUDE,Q2-58df89680f
901170892,3,2025-10-25,2025-10-25,EXCLUDE,Q2-58df89680f
901170892,3,2025-11-03,2025-11-03,EXCLUDE,Q2-58df89680f
901170892,3,2025-11-08,2025-11-08,EXCLUDE,Q2-58df89680f
901170892,3,2025-11-22,2025-11-22,EXCLUDE,Q2-58df89680f
901170892,3,2025-11-29,2025-11-29,EXCLUDE,Q2-58df89680f
901170892,3,2025-12-03,2025-12-03,EXCLUDE,Q2-58df89680f
901170892,3,2025-12-06,2025-12-06,EXCLUDE,Q2-58df89680f
901170892,3,2025-12-14,2025-12-14,EXCLUDE,Q2-58df89680f
901170892,3,2025-12-20,2025-12-20,EXCLUDE,Q2-58df89680f
901170892,3,2025-12-28,2025-12-28,EXCLUDE,Q2-58df89680f
901170892,3,2026-01-01,2026-01-01,EXCLUDE,Q2-58df89680f
901170892,3,2026-01-04,2026-01-04,EXCLUDE,Q2-58df89680f
901170892,3,2026-01-07,2026-01-07,EXCLUDE,Q2-58df89680f
901170892,3,2026-01-17,2026-01-17,EXCLUDE,Q2-58df89680f
901170892,3,2026-01-24,2026-01-24,EXCLUDE,Q2-58df89680f
901170892,3,2026-02-02,2026-02-02,EXCLUDE,Q2-58df89680f
901170892,3,2026-02-07,2026-02-07,EXCLUDE,Q2-58df89680f
901170892,3,2026-02-11,2026-02-11,EXCLUDE,Q2-58df89680f
901170892,3,2026-02-22,2026-02-22,EXCLUDE,Q2-58df89680f
901170892,3,2026-02-28,2026-02-28,EXCLUDE,Q2-58df89680f
901170892,3,2026-03-03,2026-03-03,EXCLUDE,Q2-58df89680f
901170892,3,2026-03-14,2026-03-14,EXCLUDE,Q2-58df89680f
901170892,3,2026-03-22,2026-03-22,EXCLUDE,Q2-58df89680f
901170892,3,2026-04-12,2026-04-12,EXCLUDE,Q2-58df89680f
901170892,3,2026-04-19,2026-04-19,EXCLUDE,Q2-58df89680f
901170892,3,2026-04-24,2026-04-24,EXCLUDE,Q2-58df89680f
901170892,3,2026-05-02,2026-05-02,EXCLUDE,Q2-58df89680f
901170892,3,2026-05-09,2026-05-09,EXCLUDE,Q2-58df89680f
901170892,3,2026-05-17,2026-05-17,EXCLUDE,Q2-58df89680f
901170892,3,2026-05-24,2026-05-24,EXCLUDE,Q2-58df89680f
901303354,6,2025-08-16,2025-08-16,EXCLUDE,Q2-4bf533caa6
901303354,6,2025-08-23,2025-08-23,EXCLUDE,Q2-4bf533caa6
901303354,6,2025-08-30,2025-08-30,EXCLUDE,Q2-4bf533caa6
901303354,6,2025-09-13,2025-09-13,EXCLUDE,Q2-4bf533caa6
901303354,6,2025-09-20,2025-09-20,EXCLUDE,Q2-4bf533caa6
901303354,6,2025-09-27,2025-09-27,EXCLUDE,Q2-4bf533caa6
901303354,6,2025-10-04,2025-10-04,EXCLUDE,Q2-4bf533caa6
901303354,6,2025-10-19,2025-10-19,EXCLUDE,Q2-4bf533caa6
901303354,6,2025-10-26,2025-10-26,EXCLUDE,Q2-4bf533caa6
901303354,6,2025-11-01,2025-11-01,EXCLUDE,Q2-4bf533caa6
901303354,6,2025-11-08,2025-11-08,EXCLUDE,Q2-4bf533caa6
901303354,6,2025-11-23,2025-11-23,EXCLUDE,Q2-4bf533caa6
901303354,6,2025-11-29,2025-11-29,EXCLUDE,Q2-4bf533caa6
901303354,6,2025-12-02,2025-12-02,EXCLUDE,Q2-4bf533caa6
901303354,6,2025-12-06,2025-12-06,EXCLUDE,Q2-4bf533caa6
901303354,6,2025-12-14,2025-12-14,EXCLUDE,Q2-4bf533caa6
901303354,6,2025-12-20,2025-12-20,EXCLUDE,Q2-4bf533caa6
901303354,6,2025-12-28,2025-12-28,EXCLUDE,Q2-4bf533caa6
901303354,6,2026-01-01,2026-01-01,EXCLUDE,Q2-4bf533caa6
901303354,6,2026-01-04,2026-01-04,EXCLUDE,Q2-4bf533caa6
901303354,6,2026-01-07,2026-01-07,EXCLUDE,Q2-4bf533caa6
901303354,6,2026-01-17,2026-01-17,EXCLUDE,Q2-4bf533caa6
901303354,6,2026-01-24,2026-01-24,EXCLUDE,Q2-4bf533caa6
901303354,6,2026-02-01,2026-02-01,EXCLUDE,Q2-4bf533caa6
901303354,6,2026-02-07,2026-02-07,EXCLUDE,Q2-4bf533caa6
901303354,6,2026-02-10,2026-02-10,EXCLUDE,Q2-4bf533caa6
901303354,6,2026-02-22,2026-02-22,EXCLUDE,Q2-4bf533caa6
901303354,6,2026-03-01,2026-03-01,EXCLUDE,Q2-4bf533caa6
901303354,6,2026-03-05,2026-03-05,EXCLUDE,Q2-4bf533caa6
901303354,6,2026-03-15,2026-03-15,EXCLUDE,Q2-4bf533caa6
901303354,6,2026-03-22,2026-03-22,EXCLUDE,Q2-4bf533caa6
901303354,6,2026-04-12,2026-04-12,EXCLUDE,Q2-4bf533caa6
901303354,6,2026-04-18,2026-04-18,EXCLUDE,Q2-4bf533caa6
901303354,6,2026-04-25,2026-04-25,EXCLUDE,Q2-4bf533caa6
901303354,6,2026-05-03,2026-05-03,EXCLUDE,Q2-4bf533caa6
901303354,6,2026-05-11,2026-05-11,EXCLUDE,Q2-4bf533caa6
901303354,6,2026-05-19,2026-05-19,EXCLUDE,Q2-4bf533caa6
901303354,6,2026-05-24,2026-05-24,EXCLUDE,Q2-4bf533caa6
900953438,8,2025-08-15,2025-08-15,EXCLUDE,Q2-c15d47427e
900953438,8,2025-08-25,2025-08-25,EXCLUDE,Q2-c15d47427e
900953438,8,2025-08-31,2025-08-31,EXCLUDE,Q2-c15d47427e
900953438,8,2025-09-14,2025-09-14,EXCLUDE,Q2-c15d47427e
900953438,8,2025-09-20,2025-09-20,EXCLUDE,Q2-c15d47427e
900953438,8,2025-09-27,2025-09-27,EXCLUDE,Q2-c15d47427e
900953438,8,2025-10-04,2025-10-04,EXCLUDE,Q2-c15d47427e
900953438,8,2025-10-19,2025-10-19,EXCLUDE,Q2-c15d47427e
900953438,8,2025-10-25,2025-10-25,EXCLUDE,Q2-c15d47427e
900953438,8,2025-11-01,2025-11-01,EXCLUDE,Q2-c15d47427e
900953438,8,2025-11-09,2025-11-09,EXCLUDE,Q2-c15d47427e
900953438,8,2025-11-22,2025-11-22,EXCLUDE,Q2-c15d47427e
900953438,8,2025-11-30,2025-11-30,EXCLUDE,Q2-c15d47427e
900953438,8,2025-12-03,2025-12-03,EXCLUDE,Q2-c15d47427e
900953438,8,2025-12-06,2025-12-06,EXCLUDE,Q2-c15d47427e
900953438,8,2025-12-13,2025-12-13,EXCLUDE,Q2-c15d47427e
900953438,8,2025-12-20,2025-12-20,EXCLUDE,Q2-c15d47427e
900953438,8,2025-12-27,2025-12-27,EXCLUDE,Q2-c15d47427e
900953438,8,2026-01-01,2026-01-01,EXCLUDE,Q2-c15d47427e
900953438,8,2026-01-04,2026-01-04,EXCLUDE,Q2-c15d47427e
900953438,8,2026-01-08,2026-01-08,EXCLUDE,Q2-c15d47427e
900953438,8,2026-01-17,2026-01-17,EXCLUDE,Q2-c15d47427e
900953438,8,2026-01-24,2026-01-24,EXCLUDE,Q2-c15d47427e
900953438,8,2026-01-31,2026-01-31,EXCLUDE,Q2-c15d47427e
900953438,8,2026-02-08,2026-02-08,EXCLUDE,Q2-c15d47427e
900953438,8,2026-02-11,2026-02-11,EXCLUDE,Q2-c15d47427e
900953438,8,2026-02-22,2026-02-22,EXCLUDE,Q2-c15d47427e
900953438,8,2026-02-28,2026-02-28,EXCLUDE,Q2-c15d47427e
900953438,8,2026-03-03,2026-03-03,EXCLUDE,Q2-c15d47427e
900953438,8,2026-03-15,2026-03-15,EXCLUDE,Q2-c15d47427e
900953438,8,2026-03-21,2026-03-21,EXCLUDE,Q2-c15d47427e
900953438,8,2026-04-11,2026-04-11,EXCLUDE,Q2-c15d47427e
900953438,8,2026-04-19,2026-04-19,EXCLUDE,Q2-c15d47427e
900953438,8,2026-04-25,2026-04-25,EXCLUDE,Q2-c15d47427e
900953438,8,2026-05-03,2026-05-03,EXCLUDE,Q2-c15d47427e
900953438,8,2026-05-09,2026-05-09,EXCLUDE,Q2-c15d47427e
900953438,8,2026-05-15,2026-05-15,EXCLUDE,Q2-c15d47427e
900953438,8,2026-05-24,2026-05-24,EXCLUDE,Q2-c15d47427e
901011132,8,2025-08-15,2025-08-15,EXCLUDE,Q2-d75b830974
901011132,8,2025-08-25,2025-08-25,EXCLUDE,Q2-d75b830974
901011132,8,2025-08-31,2025-08-31,EXCLUDE,Q2-d75b830974
901011132,8,2025-09-14,2025-09-14,EXCLUDE,Q2-d75b830974
901011132,8,2025-09-20,2025-09-20,EXCLUDE,Q2-d75b830974
901011132,8,2025-09-27,2025-09-27,EXCLUDE,Q2-d75b830974
901011132,8,2025-10-04,2025-10-04,EXCLUDE,Q2-d75b830974
901011132,8,2025-10-19,2025-10-19,EXCLUDE,Q2-d75b830974
901011132,8,2025-10-25,2025-10-25,EXCLUDE,Q2-d75b830974
901011132,8,2025-11-01,2025-11-01,EXCLUDE,Q2-d75b830974
901011132,8,2025-11-09,2025-11-09,EXCLUDE,Q2-d75b830974
901011132,8,2025-11-22,2025-11-22,EXCLUDE,Q2-d75b830974
901011132,8,2025-11-30,2025-11-30,EXCLUDE,Q2-d75b830974
901011132,8,2025-12-03,2025-12-03,EXCLUDE,Q2-d75b830974
901011132,8,2025-12-06,2025-12-06,EXCLUDE,Q2-d75b830974
901011132,8,2025-12-13,2025-12-13,EXCLUDE,Q2-d75b830974
901011132,8,2025-12-20,2025-12-20,EXCLUDE,Q2-d75b830974
901011132,8,2025-12-27,2025-12-27,EXCLUDE,Q2-d75b830974
901011132,8,2026-01-01,2026-01-01,EXCLUDE,Q2-d75b830974
901011132,8,2026-01-04,2026-01-04,EXCLUDE,Q2-d75b830974
901011132,8,2026-01-08,2026-01-08,EXCLUDE,Q2-d75b830974
901011132,8,2026-01-17,2026-01-17,EXCLUDE,Q2-d75b830974
901011132,8,2026-01-24,2026-01-24,EXCLUDE,Q2-d75b830974
901011132,8,2026-01-31,2026-01-31,EXCLUDE,Q2-d75b830974
901011132,8,2026-02-08,2026-02-08,EXCLUDE,Q2-d75b830974
901011132,8,2026-02-11,2026-02-11,EXCLUDE,Q2-d75b830974
901011132,8,2026-02-22,2026-02-22,EXCLUDE,Q2-d75b830974
901011132,8,2026-02-28,2026-02-28,EXCLUDE,Q2-d75b830974
901011132,8,2026-03-03,2026-03-03,EXCLUDE,Q2-d75b830974
901011132,8,2026-03-15,2026-03-15,EXCLUDE,Q2-d75b830974
901011132,8,2026-03-21,2026-03-21,EXCLUDE,Q2-d75b830974
901011132,8,2026-04-11,2026-04-11,EXCLUDE,Q2-d75b830974
901011132,8,2026-04-19,2026-04-19,EXCLUDE,Q2-d75b830974
901011132,8,2026-04-25,2026-04-25,EXCLUDE,Q2-d75b830974
901011132,8,2026-05-03,2026-05-03,EXCLUDE,Q2-d75b830974
901011132,8,2026-05-09,2026-05-09,EXCLUDE,Q2-d75b830974
901011132,8,2026-05-15,2026-05-15,EXCLUDE,Q2-d75b830974
901011132,8,2026-05-24,2026-05-24,EXCLUDE,Q2-d75b830974
901130022,8,2025-08-15,2025-08-15,EXCLUDE,Q2-5f1d7fb5ef
901130022,8,2025-08-25,2025-08-25,EXCLUDE,Q2-5f1d7fb5ef
901130022,8,2025-08-31,2025-08-31,EXCLUDE,Q2-5f1d7fb5ef
901130022,8,2025-09-14,2025-09-14,EXCLUDE,Q2-5f1d7fb5ef
901130022,8,2025-09-20,2025-09-20,EXCLUDE,Q2-5f1d7fb5ef
901130022,8,2025-09-27,2025-09-27,EXCLUDE,Q2-5f1d7fb5ef
901130022,8,2025-10-04,2025-10-04,EXCLUDE,Q2-5f1d7fb5ef
901130022,8,2025-10-19,2025-10-19,EXCLUDE,Q2-5f1d7fb5ef
901130022,8,2025-10-25,2025-10-25,EXCLUDE,Q2-5f1d7fb5ef
901130022,8,2025-11-01,2025-11-01,EXCLUDE,Q2-5f1d7fb5ef
901130022,8,2025-11-09,2025-11-09,EXCLUDE,Q2-5f1d7fb5ef
901130022,8,2025-11-22,2025-11-22,EXCLUDE,Q2-5f1d7fb5ef
901130022,8,2025-11-30,2025-11-30,EXCLUDE,Q2-5f1d7fb5ef
901130022,8,2025-12-03,2025-12-03,EXCLUDE,Q2-5f1d7fb5ef
901130022,8,2025-12-06,2025-12-06,EXCLUDE,Q2-5f1d7fb5ef
901130022,8,2025-12-13,2025-12-13,EXCLUDE,Q2-5f1d7fb5ef
901130022,8,2025-12-20,2025-12-20,EXCLUDE,Q2-5f1d7fb5ef
901130022,8,2025-12-27,2025-12-27,EXCLUDE,Q2-5f1d7fb5ef
901130022,8,2026-01-01,2026-01-01,EXCLUDE,Q2-5f1d7fb5ef
901130022,8,2026-01-04,2026-01-04,EXCLUDE,Q2-5f1d7fb5ef
901130022,8,2026-01-08,2026-01-08,EXCLUDE,Q2-5f1d7fb5ef
901130022,8,2026-01-17,2026-01-17,EXCLUDE,Q2-5f1d7fb5ef
901130022,8,2026-01-24,2026-01-24,EXCLUDE,Q2-5f1d7fb5ef
901130022,8,2026-01-31,2026-01-31,EXCLUDE,Q2-5f1d7fb5ef
901130022,8,2026-02-08,2026-02-08,EXCLUDE,Q2-5f1d7fb5ef
901130022,8,2026-02-11,2026-02-11,EXCLUDE,Q2-5f1d7fb5ef
901130022,8,2026-02-22,2026-02-22,EXCLUDE,Q2-5f1d7fb5ef
901130022,8,2026-02-28,2026-02-28,EXCLUDE,Q2-5f1d7fb5ef
901130022,8,2026-03-03,2026-03-03,EXCLUDE,Q2-5f1d7fb5ef
901130022,8,2026-03-15,2026-03-15,EXCLUDE,Q2-5f1d7fb5ef
901130022,8,2026-03-21,2026-03-21,EXCLUDE,Q2-5f1d7fb5ef
901130022,8,2026-04-11,2026-04-11,EXCLUDE,Q2-5f1d7fb5ef
901130022,8,2026-04-19,2026-04-19,EXCLUDE,Q2-5f1d7fb5ef
901130022,8,2026-04-25,2026-04-25,EXCLUDE,Q2-5f1d7fb5ef
901130022,8,2026-05-03,2026-05-03,EXCLUDE,Q2-5f1d7fb5ef
901130022,8,2026-05-09,2026-05-09,EXCLUDE,Q2-5f1d7fb5ef
901130022,8,2026-05-15,2026-05-15,EXCLUDE,Q2-5f1d7fb5ef
901130022,8,2026-05-24,2026-05-24,EXCLUDE,Q2-5f1d7fb5ef
900985535,9,2025-08-16,2025-08-16,EXCLUDE,Q2-f3bc8cdbd6
900985535,9,2025-08-23,2025-08-23,EXCLUDE,Q2-f3bc8cdbd6
900985535,9,2025-08-31,2025-08-31,EXCLUDE,Q2-f3bc8cdbd6
900985535,9,2025-09-14,2025-09-14,EXCLUDE,Q2-f3bc8cdbd6
900985535,9,2025-09-21,2025-09-21,EXCLUDE,Q2-f3bc8cdbd6
900985535,9,2025-09-27,2025-09-27,EXCLUDE,Q2-f3bc8cdbd6
900985535,9,2025-10-05,2025-10-05,EXCLUDE,Q2-f3bc8cdbd6
900985535,9,2025-10-18,2025-10-18,EXCLUDE,Q2-f3bc8cdbd6
900985535,9,2025-10-26,2025-10-26,EXCLUDE,Q2-f3bc8cdbd6
900985535,9,2025-11-02,2025-11-02,EXCLUDE,Q2-f3bc8cdbd6
900985535,9,2025-11-09,2025-11-09,EXCLUDE,Q2-f3bc8cdbd6
900985535,9,2025-11-22,2025-11-22,EXCLUDE,Q2-f3bc8cdbd6
900985535,9,2025-11-29,2025-11-29,EXCLUDE,Q2-f3bc8cdbd6
900985535,9,2025-12-02,2025-12-02,EXCLUDE,Q2-f3bc8cdbd6
900985535,9,2025-12-06,2025-12-06,EXCLUDE,Q2-f3bc8cdbd6
900985535,9,2025-12-14,2025-12-14,EXCLUDE,Q2-f3bc8cdbd6
900985535,9,2025-12-20,2025-12-20,EXCLUDE,Q2-f3bc8cdbd6
900985535,9,2025-12-27,2025-12-27,EXCLUDE,Q2-f3bc8cdbd6
900985535,9,2026-01-01,2026-01-01,EXCLUDE,Q2-f3bc8cdbd6
900985535,9,2026-01-04,2026-01-04,EXCLUDE,Q2-f3bc8cdbd6
900985535,9,2026-01-07,2026-01-07,EXCLUDE,Q2-f3bc8cdbd6
900985535,9,2026-01-17,2026-01-17,EXCLUDE,Q2-f3bc8cdbd6
900985535,9,2026-01-24,2026-01-24,EXCLUDE,Q2-f3bc8cdbd6
900985535,9,2026-02-01,2026-02-01,EXCLUDE,Q2-f3bc8cdbd6
900985535,9,2026-02-08,2026-02-08,EXCLUDE,Q2-f3bc8cdbd6
900985535,9,2026-02-11,2026-02-11,EXCLUDE,Q2-f3bc8cdbd6
900985535,9,2026-02-21,2026-02-21,EXCLUDE,Q2-f3bc8cdbd6
900985535,9,2026-02-28,2026-02-28,EXCLUDE,Q2-f3bc8cdbd6
900985535,9,2026-03-04,2026-03-04,EXCLUDE,Q2-f3bc8cdbd6
900985535,9,2026-03-14,2026-03-14,EXCLUDE,Q2-f3bc8cdbd6
900985535,9,2026-04-12,2026-04-12,EXCLUDE,Q2-f3bc8cdbd6
900985535,9,2026-04-19,2026-04-19,EXCLUDE,Q2-f3bc8cdbd6
900985535,9,2026-04-22,2026-04-22,EXCLUDE,Q2-f3bc8cdbd6
900985535,9,2026-05-04,2026-05-04,EXCLUDE,Q2-f3bc8cdbd6
900985535,9,2026-05-09,2026-05-09,EXCLUDE,Q2-f3bc8cdbd6
900985535,9,2026-05-13,2026-05-13,EXCLUDE,Q2-f3bc8cdbd6
900985535,9,2026-05-19,2026-05-19,EXCLUDE,Q2-f3bc8cdbd6
900985535,9,2026-05-24,2026-05-24,EXCLUDE,Q2-f3bc8cdbd6
901210923,9,2025-08-16,2025-08-16,EXCLUDE,Q2-0281ecf62a
901210923,9,2025-08-23,2025-08-23,EXCLUDE,Q2-0281ecf62a
901210923,9,2025-08-31,2025-08-31,EXCLUDE,Q2-0281ecf62a
901210923,9,2025-09-14,2025-09-14,EXCLUDE,Q2-0281ecf62a
901210923,9,2025-09-21,2025-09-21,EXCLUDE,Q2-0281ecf62a
901210923,9,2025-09-27,2025-09-27,EXCLUDE,Q2-0281ecf62a
901210923,9,2025-10-05,2025-10-05,EXCLUDE,Q2-0281ecf62a
901210923,9,2025-10-18,2025-10-18,EXCLUDE,Q2-0281ecf62a
901210923,9,2025-10-26,2025-10-26,EXCLUDE,Q2-0281ecf62a
901210923,9,2025-11-02,2025-11-02,EXCLUDE,Q2-0281ecf62a
901210923,9,2025-11-09,2025-11-09,EXCLUDE,Q2-0281ecf62a
901210923,9,2025-11-22,2025-11-22,EXCLUDE,Q2-0281ecf62a
901210923,9,2025-11-29,2025-11-29,EXCLUDE,Q2-0281ecf62a
901210923,9,2025-12-02,2025-12-02,EXCLUDE,Q2-0281ecf62a
901210923,9,2025-12-06,2025-12-06,EXCLUDE,Q2-0281ecf62a
901210923,9,2025-12-14,2025-12-14,EXCLUDE,Q2-0281ecf62a
901210923,9,2025-12-20,2025-12-20,EXCLUDE,Q2-0281ecf62a
901210923,9,2025-12-27,2025-12-27,EXCLUDE,Q2-0281ecf62a
901210923,9,2026-01-01,2026-01-01,EXCLUDE,Q2-0281ecf62a
901210923,9,2026-01-04,2026-01-04,EXCLUDE,Q2-0281ecf62a
901210923,9,2026-01-07,2026-01-07,EXCLUDE,Q2-0281ecf62a
901210923,9,2026-01-17,2026-01-17,EXCLUDE,Q2-0281ecf62a
901210923,9,2026-01-24,2026-01-24,EXCLUDE,Q2-0281ecf62a
901210923,9,2026-02-01,2026-02-01,EXCLUDE,Q2-0281ecf62a
901210923,9,2026-02-08,2026-02-08,EXCLUDE,Q2-0281ecf62a
901210923,9,2026-02-11,2026-02-11,EXCLUDE,Q2-0281ecf62a
901210923,9,2026-02-21,2026-02-21,EXCLUDE,Q2-0281ecf62a
901210923,9,2026-02-28,2026-02-28,EXCLUDE,Q2-0281ecf62a
901210923,9,2026-03-04,2026-03-04,EXCLUDE,Q2-0281ecf62a
901210923,9,2026-03-14,2026-03-14,EXCLUDE,Q2-0281ecf62a
901210923,9,2026-04-12,2026-04-12,EXCLUDE,Q2-0281ecf62a
901210923,9,2026-04-19,2026-04-19,EXCLUDE,Q2-0281ecf62a
901210923,9,2026-04-22,2026-04-22,EXCLUDE,Q2-0281ecf62a
901210923,9,2026-05-04,2026-05-04,EXCLUDE,Q2-0281ecf62a
901210923,9,2026-05-09,2026-05-09,EXCLUDE,Q2-0281ecf62a
901210923,9,2026-05-13,2026-05-13,EXCLUDE,Q2-0281ecf62a
901210923,9,2026-05-19,2026-05-19,EXCLUDE,Q2-0281ecf62a
901210923,9,2026-05-24,2026-05-24,EXCLUDE,Q2-0281ecf62a
901263739,9,2025-08-16,2025-08-16,EXCLUDE,Q2-14721d4a72
901263739,9,2025-08-23,2025-08-23,EXCLUDE,Q2-14721d4a72
901263739,9,2025-08-31,2025-08-31,EXCLUDE,Q2-14721d4a72
901263739,9,2025-09-14,2025-09-14,EXCLUDE,Q2-14721d4a72
901263739,9,2025-09-21,2025-09-21,EXCLUDE,Q2-14721d4a72
901263739,9,2025-09-27,2025-09-27,EXCLUDE,Q2-14721d4a72
901263739,9,2025-10-05,2025-10-05,EXCLUDE,Q2-14721d4a72
901263739,9,2025-10-18,2025-10-18,EXCLUDE,Q2-14721d4a72
901263739,9,2025-10-26,2025-10-26,EXCLUDE,Q2-14721d4a72
901263739,9,2025-11-02,2025-11-02,EXCLUDE,Q2-14721d4a72
901263739,9,2025-11-09,2025-11-09,EXCLUDE,Q2-14721d4a72
901263739,9,2025-11-22,2025-11-22,EXCLUDE,Q2-14721d4a72
901263739,9,2025-11-29,2025-11-29,EXCLUDE,Q2-14721d4a72
901263739,9,2025-12-02,2025-12-02,EXCLUDE,Q2-14721d4a72
901263739,9,2025-12-06,2025-12-06,EXCLUDE,Q2-14721d4a72
901263739,9,2025-12-14,2025-12-14,EXCLUDE,Q2-14721d4a72
901263739,9,2025-12-20,2025-12-20,EXCLUDE,Q2-14721d4a72
901263739,9,2025-12-27,2025-12-27,EXCLUDE,Q2-14721d4a72
901263739,9,2026-01-01,2026-01-01,EXCLUDE,Q2-14721d4a72
901263739,9,2026-01-04,2026-01-04,EXCLUDE,Q2-14721d4a72
901263739,9,2026-01-07,2026-01-07,EXCLUDE,Q2-14721d4a72
901263739,9,2026-01-17,2026-01-17,EXCLUDE,Q2-14721d4a72
901263739,9,2026-01-24,2026-01-24,EXCLUDE,Q2-14721d4a72
901263739,9,2026-02-01,2026-02-01,EXCLUDE,Q2-14721d4a72
901263739,9,2026-02-08,2026-02-08,EXCLUDE,Q2-14721d4a72
901263739,9,2026-02-11,2026-02-11,EXCLUDE,Q2-14721d4a72
901263739,9,2026-02-21,2026-02-21,EXCLUDE,Q2-14721d4a72
901263739,9,2026-02-28,2026-02-28,EXCLUDE,Q2-14721d4a72
901263739,9,2026-03-04,2026-03-04,EXCLUDE,Q2-14721d4a72
901263739,9,2026-03-14,2026-03-14,EXCLUDE,Q2-14721d4a72
901263739,9,2026-04-12,2026-04-12,EXCLUDE,Q2-14721d4a72
901263739,9,2026-04-19,2026-04-19,EXCLUDE,Q2-14721d4a72
901263739,9,2026-04-22,2026-04-22,EXCLUDE,Q2-14721d4a72
901263739,9,2026-05-04,2026-05-04,EXCLUDE,Q2-14721d4a72
901263739,9,2026-05-09,2026-05-09,EXCLUDE,Q2-14721d4a72
901263739,9,2026-05-13,2026-05-13,EXCLUDE,Q2-14721d4a72
901263739,9,2026-05-19,2026-05-19,EXCLUDE,Q2-14721d4a72
901263739,9,2026-05-24,2026-05-24,EXCLUDE,Q2-14721d4a72
901172138,13,2025-08-18,2025-08-18,EXCLUDE,Q2-dec1afa3d2
901172138,13,2025-08-24,2025-08-24,EXCLUDE,Q2-dec1afa3d2
901172138,13,2025-08-30,2025-08-30,EXCLUDE,Q2-dec1afa3d2
901172138,13,2025-09-13,2025-09-13,EXCLUDE,Q2-dec1afa3d2
901172138,13,2025-09-20,2025-09-20,EXCLUDE,Q2-dec1afa3d2
901172138,13,2025-09-29,2025-09-29,EXCLUDE,Q2-dec1afa3d2
901172138,13,2025-10-05,2025-10-05,EXCLUDE,Q2-dec1afa3d2
901172138,13,2025-10-18,2025-10-18,EXCLUDE,Q2-dec1afa3d2
901172138,13,2025-10-26,2025-10-26,EXCLUDE,Q2-dec1afa3d2
901172138,13,2025-11-03,2025-11-03,EXCLUDE,Q2-dec1afa3d2
901172138,13,2025-11-08,2025-11-08,EXCLUDE,Q2-dec1afa3d2
901172138,13,2025-11-24,2025-11-24,EXCLUDE,Q2-dec1afa3d2
901172138,13,2025-11-29,2025-11-29,EXCLUDE,Q2-dec1afa3d2
901172138,13,2025-12-02,2025-12-02,EXCLUDE,Q2-dec1afa3d2
901172138,13,2025-12-06,2025-12-06,EXCLUDE,Q2-dec1afa3d2
901172138,13,2025-12-13,2025-12-13,EXCLUDE,Q2-dec1afa3d2
901172138,13,2025-12-20,2025-12-20,EXCLUDE,Q2-dec1afa3d2
901172138,13,2025-12-27,2025-12-27,EXCLUDE,Q2-dec1afa3d2
901172138,13,2025-12-30,2025-12-30,EXCLUDE,Q2-dec1afa3d2
901172138,13,2026-01-04,2026-01-04,EXCLUDE,Q2-dec1afa3d2
901172138,13,2026-01-07,2026-01-07,EXCLUDE,Q2-dec1afa3d2
901172138,13,2026-01-18,2026-01-18,EXCLUDE,Q2-dec1afa3d2
901172138,13,2026-01-26,2026-01-26,EXCLUDE,Q2-dec1afa3d2
901172138,13,2026-01-31,2026-01-31,EXCLUDE,Q2-dec1afa3d2
901172138,13,2026-02-07,2026-02-07,EXCLUDE,Q2-dec1afa3d2
901172138,13,2026-02-10,2026-02-10,EXCLUDE,Q2-dec1afa3d2
901172138,13,2026-02-23,2026-02-23,EXCLUDE,Q2-dec1afa3d2
901172138,13,2026-02-28,2026-02-28,EXCLUDE,Q2-dec1afa3d2
901172138,13,2026-03-03,2026-03-03,EXCLUDE,Q2-dec1afa3d2
901172138,13,2026-03-14,2026-03-14,EXCLUDE,Q2-dec1afa3d2
901172138,13,2026-03-21,2026-03-21,EXCLUDE,Q2-dec1afa3d2
901172138,13,2026-04-11,2026-04-11,EXCLUDE,Q2-dec1afa3d2
901172138,13,2026-04-19,2026-04-19,EXCLUDE,Q2-dec1afa3d2
901172138,13,2026-04-25,2026-04-25,EXCLUDE,Q2-dec1afa3d2
901172138,13,2026-05-04,2026-05-04,EXCLUDE,Q2-dec1afa3d2
901172138,13,2026-05-10,2026-05-10,EXCLUDE,Q2-dec1afa3d2
901172138,13,2026-05-17,2026-05-17,EXCLUDE,Q2-dec1afa3d2
901172138,13,2026-05-24,2026-05-24,EXCLUDE,Q2-dec1afa3d2
901217886,15,2025-08-16,2025-08-16,EXCLUDE,Q2-95af9baf34
901217886,15,2025-08-23,2025-08-23,EXCLUDE,Q2-95af9baf34
901217886,15,2025-08-31,2025-08-31,EXCLUDE,Q2-95af9baf34
901217886,15,2025-09-13,2025-09-13,EXCLUDE,Q2-95af9baf34
901217886,15,2025-09-21,2025-09-21,EXCLUDE,Q2-95af9baf34
901217886,15,2025-09-28,2025-09-28,EXCLUDE,Q2-95af9baf34
901217886,15,2025-10-05,2025-10-05,EXCLUDE,Q2-95af9baf34
901217886,15,2025-10-19,2025-10-19,EXCLUDE,Q2-95af9baf34
901217886,15,2025-10-26,2025-10-26,EXCLUDE,Q2-95af9baf34
901217886,15,2025-11-01,2025-11-01,EXCLUDE,Q2-95af9baf34
901217886,15,2025-11-09,2025-11-09,EXCLUDE,Q2-95af9baf34
901217886,15,2025-11-23,2025-11-23,EXCLUDE,Q2-95af9baf34
901217886,15,2025-11-30,2025-11-30,EXCLUDE,Q2-95af9baf34
901217886,15,2025-12-03,2025-12-03,EXCLUDE,Q2-95af9baf34
901217886,15,2025-12-06,2025-12-06,EXCLUDE,Q2-95af9baf34
901217886,15,2025-12-14,2025-12-14,EXCLUDE,Q2-95af9baf34
901217886,15,2025-12-21,2025-12-21,EXCLUDE,Q2-95af9baf34
901217886,15,2025-12-27,2025-12-27,EXCLUDE,Q2-95af9baf34
901217886,15,2025-12-30,2025-12-30,EXCLUDE,Q2-95af9baf34
901217886,15,2026-01-03,2026-01-03,EXCLUDE,Q2-95af9baf34
901217886,15,2026-01-07,2026-01-07,EXCLUDE,Q2-95af9baf34
901217886,15,2026-01-18,2026-01-18,EXCLUDE,Q2-95af9baf34
901217886,15,2026-01-25,2026-01-25,EXCLUDE,Q2-95af9baf34
901217886,15,2026-02-01,2026-02-01,EXCLUDE,Q2-95af9baf34
901217886,15,2026-02-07,2026-02-07,EXCLUDE,Q2-95af9baf34
901217886,15,2026-02-11,2026-02-11,EXCLUDE,Q2-95af9baf34
901217886,15,2026-02-21,2026-02-21,EXCLUDE,Q2-95af9baf34
901217886,15,2026-02-27,2026-02-27,EXCLUDE,Q2-95af9baf34
901217886,15,2026-03-04,2026-03-04,EXCLUDE,Q2-95af9baf34
901217886,15,2026-03-15,2026-03-15,EXCLUDE,Q2-95af9baf34
901217886,15,2026-03-22,2026-03-22,EXCLUDE,Q2-95af9baf34
901217886,15,2026-04-12,2026-04-12,EXCLUDE,Q2-95af9baf34
901217886,15,2026-04-19,2026-04-19,EXCLUDE,Q2-95af9baf34
901217886,15,2026-04-25,2026-04-25,EXCLUDE,Q2-95af9baf34
901217886,15,2026-05-03,2026-05-03,EXCLUDE,Q2-95af9baf34
901217886,15,2026-05-10,2026-05-10,EXCLUDE,Q2-95af9baf34
901217886,15,2026-05-15,2026-05-15,EXCLUDE,Q2-95af9baf34
901217886,15,2026-05-24,2026-05-24,EXCLUDE,Q2-95af9baf34
901287035,15,2025-08-16,2025-08-16,EXCLUDE,Q2-c8c7a5612e
901287035,15,2025-08-23,2025-08-23,EXCLUDE,Q2-c8c7a5612e
901287035,15,2025-08-31,2025-08-31,EXCLUDE,Q2-c8c7a5612e
901287035,15,2025-09-13,2025-09-13,EXCLUDE,Q2-c8c7a5612e
901287035,15,2025-09-21,2025-09-21,EXCLUDE,Q2-c8c7a5612e
901287035,15,2025-09-28,2025-09-28,EXCLUDE,Q2-c8c7a5612e
901287035,15,2025-10-05,2025-10-05,EXCLUDE,Q2-c8c7a5612e
901287035,15,2025-10-19,2025-10-19,EXCLUDE,Q2-c8c7a5612e
901287035,15,2025-10-26,2025-10-26,EXCLUDE,Q2-c8c7a5612e
901287035,15,2025-11-01,2025-11-01,EXCLUDE,Q2-c8c7a5612e
901287035,15,2025-11-09,2025-11-09,EXCLUDE,Q2-c8c7a5612e
901287035,15,2025-11-23,2025-11-23,EXCLUDE,Q2-c8c7a5612e
901287035,15,2025-11-30,2025-11-30,EXCLUDE,Q2-c8c7a5612e
901287035,15,2025-12-03,2025-12-03,EXCLUDE,Q2-c8c7a5612e
901287035,15,2025-12-06,2025-12-06,EXCLUDE,Q2-c8c7a5612e
901287035,15,2025-12-14,2025-12-14,EXCLUDE,Q2-c8c7a5612e
901287035,15,2025-12-21,2025-12-21,EXCLUDE,Q2-c8c7a5612e
901287035,15,2025-12-27,2025-12-27,EXCLUDE,Q2-c8c7a5612e
901287035,15,2025-12-30,2025-12-30,EXCLUDE,Q2-c8c7a5612e
901287035,15,2026-01-03,2026-01-03,EXCLUDE,Q2-c8c7a5612e
901287035,15,2026-01-07,2026-01-07,EXCLUDE,Q2-c8c7a5612e
901287035,15,2026-01-18,2026-01-18,EXCLUDE,Q2-c8c7a5612e
901287035,15,2026-01-25,2026-01-25,EXCLUDE,Q2-c8c7a5612e
901287035,15,2026-02-01,2026-02-01,EXCLUDE,Q2-c8c7a5612e
901287035,15,2026-02-07,2026-02-07,EXCLUDE,Q2-c8c7a5612e
901287035,15,2026-02-11,2026-02-11,EXCLUDE,Q2-c8c7a5612e
901287035,15,2026-02-21,2026-02-21,EXCLUDE,Q2-c8c7a5612e
901287035,15,2026-02-27,2026-02-27,EXCLUDE,Q2-c8c7a5612e
901287035,15,2026-03-04,2026-03-04,EXCLUDE,Q2-c8c7a5612e
901287035,15,2026-03-15,2026-03-15,EXCLUDE,Q2-c8c7a5612e
901287035,15,2026-03-22,2026-03-22,EXCLUDE,Q2-c8c7a5612e
901287035,15,2026-04-12,2026-04-12,EXCLUDE,Q2-c8c7a5612e
901287035,15,2026-04-19,2026-04-19,EXCLUDE,Q2-c8c7a5612e
901287035,15,2026-04-25,2026-04-25,EXCLUDE,Q2-c8c7a5612e
901287035,15,2026-05-03,2026-05-03,EXCLUDE,Q2-c8c7a5612e
901287035,15,2026-05-10,2026-05-10,EXCLUDE,Q2-c8c7a5612e
901287035,15,2026-05-15,2026-05-15,EXCLUDE,Q2-c8c7a5612e
901287035,15,2026-05-24,2026-05-24,EXCLUDE,Q2-c8c7a5612e
901263738,18,2025-08-17,2025-08-17,EXCLUDE,Q2-4728062796
901263738,18,2025-08-22,2025-08-22,EXCLUDE,Q2-4728062796
901263738,18,2025-08-30,2025-08-30,EXCLUDE,Q2-4728062796
901263738,18,2025-09-13,2025-09-13,EXCLUDE,Q2-4728062796
901263738,18,2025-09-20,2025-09-20,EXCLUDE,Q2-4728062796
901263738,18,2025-09-27,2025-09-27,EXCLUDE,Q2-4728062796
901263738,18,2025-10-04,2025-10-04,EXCLUDE,Q2-4728062796
901263738,18,2025-10-18,2025-10-18,EXCLUDE,Q2-4728062796
901263738,18,2025-10-25,2025-10-25,EXCLUDE,Q2-4728062796
901263738,18,2025-11-01,2025-11-01,EXCLUDE,Q2-4728062796
901263738,18,2025-11-08,2025-11-08,EXCLUDE,Q2-4728062796
901263738,18,2025-11-22,2025-11-22,EXCLUDE,Q2-4728062796
901263738,18,2025-11-30,2025-11-30,EXCLUDE,Q2-4728062796
901263738,18,2025-12-03,2025-12-03,EXCLUDE,Q2-4728062796
901263738,18,2025-12-06,2025-12-06,EXCLUDE,Q2-4728062796
901263738,18,2025-12-13,2025-12-13,EXCLUDE,Q2-4728062796
901263738,18,2025-12-20,2025-12-20,EXCLUDE,Q2-4728062796
901263738,18,2025-12-27,2025-12-27,EXCLUDE,Q2-4728062796
901263738,18,2025-12-30,2025-12-30,EXCLUDE,Q2-4728062796
901263738,18,2026-01-04,2026-01-04,EXCLUDE,Q2-4728062796
901263738,18,2026-01-07,2026-01-07,EXCLUDE,Q2-4728062796
901263738,18,2026-01-17,2026-01-17,EXCLUDE,Q2-4728062796
901263738,18,2026-01-25,2026-01-25,EXCLUDE,Q2-4728062796
901263738,18,2026-01-31,2026-01-31,EXCLUDE,Q2-4728062796
901263738,18,2026-02-07,2026-02-07,EXCLUDE,Q2-4728062796
901263738,18,2026-02-10,2026-02-10,EXCLUDE,Q2-4728062796
901263738,18,2026-02-21,2026-02-21,EXCLUDE,Q2-4728062796
901263738,18,2026-03-01,2026-03-01,EXCLUDE,Q2-4728062796
901263738,18,2026-03-04,2026-03-04,EXCLUDE,Q2-4728062796
901263738,18,2026-03-14,2026-03-14,EXCLUDE,Q2-4728062796
901263738,18,2026-03-21,2026-03-21,EXCLUDE,Q2-4728062796
901263738,18,2026-04-12,2026-04-12,EXCLUDE,Q2-4728062796
901263738,18,2026-04-18,2026-04-18,EXCLUDE,Q2-4728062796
901263738,18,2026-04-21,2026-04-21,EXCLUDE,Q2-4728062796
901263738,18,2026-05-04,2026-05-04,EXCLUDE,Q2-4728062796
901263738,18,2026-05-09,2026-05-09,EXCLUDE,Q2-4728062796
901263738,18,2026-05-19,2026-05-19,EXCLUDE,Q2-4728062796
901263738,18,2026-05-24,2026-05-24,EXCLUDE,Q2-4728062796
901078159,19,2025-08-17,2025-08-17,EXCLUDE,Q2-6523dc65b8
901078159,19,2025-08-23,2025-08-23,EXCLUDE,Q2-6523dc65b8
901078159,19,2025-08-31,2025-08-31,EXCLUDE,Q2-6523dc65b8
901078159,19,2025-09-13,2025-09-13,EXCLUDE,Q2-6523dc65b8
901078159,19,2025-09-21,2025-09-21,EXCLUDE,Q2-6523dc65b8
901078159,19,2025-09-28,2025-09-28,EXCLUDE,Q2-6523dc65b8
901078159,19,2025-10-04,2025-10-04,EXCLUDE,Q2-6523dc65b8
901078159,19,2025-10-18,2025-10-18,EXCLUDE,Q2-6523dc65b8
901078159,19,2025-10-26,2025-10-26,EXCLUDE,Q2-6523dc65b8
901078159,19,2025-11-01,2025-11-01,EXCLUDE,Q2-6523dc65b8
901078159,19,2025-11-08,2025-11-08,EXCLUDE,Q2-6523dc65b8
901078159,19,2025-11-23,2025-11-23,EXCLUDE,Q2-6523dc65b8
901078159,19,2025-11-30,2025-11-30,EXCLUDE,Q2-6523dc65b8
901078159,19,2025-12-03,2025-12-03,EXCLUDE,Q2-6523dc65b8
901078159,19,2025-12-06,2025-12-06,EXCLUDE,Q2-6523dc65b8
901078159,19,2025-12-13,2025-12-13,EXCLUDE,Q2-6523dc65b8
901078159,19,2025-12-20,2025-12-20,EXCLUDE,Q2-6523dc65b8
901078159,19,2025-12-27,2025-12-27,EXCLUDE,Q2-6523dc65b8
901078159,19,2025-12-30,2025-12-30,EXCLUDE,Q2-6523dc65b8
901078159,19,2026-01-03,2026-01-03,EXCLUDE,Q2-6523dc65b8
901078159,19,2026-01-08,2026-01-08,EXCLUDE,Q2-6523dc65b8
901078159,19,2026-01-17,2026-01-17,EXCLUDE,Q2-6523dc65b8
901078159,19,2026-01-25,2026-01-25,EXCLUDE,Q2-6523dc65b8
901078159,19,2026-01-31,2026-01-31,EXCLUDE,Q2-6523dc65b8
901078159,19,2026-02-07,2026-02-07,EXCLUDE,Q2-6523dc65b8
901078159,19,2026-02-12,2026-02-12,EXCLUDE,Q2-6523dc65b8
901078159,19,2026-02-18,2026-02-18,EXCLUDE,Q2-6523dc65b8
901078159,19,2026-02-22,2026-02-22,EXCLUDE,Q2-6523dc65b8
901078159,19,2026-03-01,2026-03-01,EXCLUDE,Q2-6523dc65b8
901078159,19,2026-03-04,2026-03-04,EXCLUDE,Q2-6523dc65b8
901078159,19,2026-03-14,2026-03-14,EXCLUDE,Q2-6523dc65b8
901078159,19,2026-04-11,2026-04-11,EXCLUDE,Q2-6523dc65b8
901078159,19,2026-04-19,2026-04-19,EXCLUDE,Q2-6523dc65b8
901078159,19,2026-04-25,2026-04-25,EXCLUDE,Q2-6523dc65b8
901078159,19,2026-05-02,2026-05-02,EXCLUDE,Q2-6523dc65b8
901078159,19,2026-05-10,2026-05-10,EXCLUDE,Q2-6523dc65b8
901078159,19,2026-05-18,2026-05-18,EXCLUDE,Q2-6523dc65b8
901078159,19,2026-05-24,2026-05-24,EXCLUDE,Q2-6523dc65b8
901095369,19,2025-08-17,2025-08-17,EXCLUDE,Q2-6fc148c841
901095369,19,2025-08-23,2025-08-23,EXCLUDE,Q2-6fc148c841
901095369,19,2025-08-31,2025-08-31,EXCLUDE,Q2-6fc148c841
901095369,19,2025-09-13,2025-09-13,EXCLUDE,Q2-6fc148c841
901095369,19,2025-09-21,2025-09-21,EXCLUDE,Q2-6fc148c841
901095369,19,2025-09-28,2025-09-28,EXCLUDE,Q2-6fc148c841
901095369,19,2025-10-04,2025-10-04,EXCLUDE,Q2-6fc148c841
901095369,19,2025-10-18,2025-10-18,EXCLUDE,Q2-6fc148c841
901095369,19,2025-10-26,2025-10-26,EXCLUDE,Q2-6fc148c841
901095369,19,2025-11-01,2025-11-01,EXCLUDE,Q2-6fc148c841
901095369,19,2025-11-08,2025-11-08,EXCLUDE,Q2-6fc148c841
901095369,19,2025-11-23,2025-11-23,EXCLUDE,Q2-6fc148c841
901095369,19,2025-11-30,2025-11-30,EXCLUDE,Q2-6fc148c841
901095369,19,2025-12-03,2025-12-03,EXCLUDE,Q2-6fc148c841
901095369,19,2025-12-06,2025-12-06,EXCLUDE,Q2-6fc148c841
901095369,19,2025-12-13,2025-12-13,EXCLUDE,Q2-6fc148c841
901095369,19,2025-12-20,2025-12-20,EXCLUDE,Q2-6fc148c841
901095369,19,2025-12-27,2025-12-27,EXCLUDE,Q2-6fc148c841
901095369,19,2025-12-30,2025-12-30,EXCLUDE,Q2-6fc148c841
901095369,19,2026-01-03,2026-01-03,EXCLUDE,Q2-6fc148c841
901095369,19,2026-01-08,2026-01-08,EXCLUDE,Q2-6fc148c841
901095369,19,2026-01-17,2026-01-17,EXCLUDE,Q2-6fc148c841
901095369,19,2026-01-25,2026-01-25,EXCLUDE,Q2-6fc148c841
901095369,19,2026-01-31,2026-01-31,EXCLUDE,Q2-6fc148c841
901095369,19,2026-02-07,2026-02-07,EXCLUDE,Q2-6fc148c841
901095369,19,2026-02-12,2026-02-12,EXCLUDE,Q2-6fc148c841
901095369,19,2026-02-18,2026-02-18,EXCLUDE,Q2-6fc148c841
901095369,19,2026-02-22,2026-02-22,EXCLUDE,Q2-6fc148c841
901095369,19,2026-03-01,2026-03-01,EXCLUDE,Q2-6fc148c841
901095369,19,2026-03-04,2026-03-04,EXCLUDE,Q2-6fc148c841
901095369,19,2026-03-14,2026-03-14,EXCLUDE,Q2-6fc148c841
901095369,19,2026-04-11,2026-04-11,EXCLUDE,Q2-6fc148c841
901095369,19,2026-04-19,2026-04-19,EXCLUDE,Q2-6fc148c841
901095369,19,2026-04-25,2026-04-25,EXCLUDE,Q2-6fc148c841
901095369,19,2026-05-02,2026-05-02,EXCLUDE,Q2-6fc148c841
901095369,19,2026-05-10,2026-05-10,EXCLUDE,Q2-6fc148c841
901095369,19,2026-05-18,2026-05-18,EXCLUDE,Q2-6fc148c841
901095369,19,2026-05-24,2026-05-24,EXCLUDE,Q2-6fc148c841
901250269,19,2025-08-17,2025-08-17,EXCLUDE,Q2-37a770e642
901250269,19,2025-08-23,2025-08-23,EXCLUDE,Q2-37a770e642
901250269,19,2025-08-31,2025-08-31,EXCLUDE,Q2-37a770e642
901250269,19,2025-09-13,2025-09-13,EXCLUDE,Q2-37a770e642
901250269,19,2025-09-21,2025-09-21,EXCLUDE,Q2-37a770e642
901250269,19,2025-09-28,2025-09-28,EXCLUDE,Q2-37a770e642
901250269,19,2025-10-04,2025-10-04,EXCLUDE,Q2-37a770e642
901250269,19,2025-10-18,2025-10-18,EXCLUDE,Q2-37a770e642
901250269,19,2025-10-26,2025-10-26,EXCLUDE,Q2-37a770e642
901250269,19,2025-11-01,2025-11-01,EXCLUDE,Q2-37a770e642
901250269,19,2025-11-08,2025-11-08,EXCLUDE,Q2-37a770e642
901250269,19,2025-11-23,2025-11-23,EXCLUDE,Q2-37a770e642
901250269,19,2025-11-30,2025-11-30,EXCLUDE,Q2-37a770e642
901250269,19,2025-12-03,2025-12-03,EXCLUDE,Q2-37a770e642
901250269,19,2025-12-06,2025-12-06,EXCLUDE,Q2-37a770e642
901250269,19,2025-12-13,2025-12-13,EXCLUDE,Q2-37a770e642
901250269,19,2025-12-20,2025-12-20,EXCLUDE,Q2-37a770e642
901250269,19,2025-12-27,2025-12-27,EXCLUDE,Q2-37a770e642
901250269,19,2025-12-30,2025-12-30,EXCLUDE,Q2-37a770e642
901250269,19,2026-01-03,2026-01-03,EXCLUDE,Q2-37a770e642
901250269,19,2026-01-08,2026-01-08,EXCLUDE,Q2-37a770e642
901250269,19,2026-01-17,2026-01-17,EXCLUDE,Q2-37a770e642
901250269,19,2026-01-25,2026-01-25,EXCLUDE,Q2-37a770e642
901250269,19,2026-01-31,2026-01-31,EXCLUDE,Q2-37a770e642
901250269,19,2026-02-07,2026-02-07,EXCLUDE,Q2-37a770e642
901250269,19,2026-02-12,2026-02-12,EXCLUDE,Q2-37a770e642
901250269,19,2026-02-18,2026-02-18,EXCLUDE,Q2-37a770e642
901250269,19,2026-02-22,2026-02-22,EXCLUDE,Q2-37a770e642
901250269,19,2026-03-01,2026-03-01,EXCLUDE,Q2-37a770e642
901250269,19,2026-03-04,2026-03-04,EXCLUDE,Q2-37a770e642
901250269,19,2026-03-14,2026-03-14,EXCLUDE,Q2-37a770e642
901250269,19,2026-04-11,2026-04-11,EXCLUDE,Q2-37a770e642
901250269,19,2026-04-19,2026-04-19,EXCLUDE,Q2-37a770e642
901250269,19,2026-04-25,2026-04-25,EXCLUDE,Q2-37a770e642
901250269,19,2026-05-02,2026-05-02,EXCLUDE,Q2-37a770e642
901250269,19,2026-05-10,2026-05-10,EXCLUDE,Q2-37a770e642
901250269,19,2026-05-18,2026-05-18,EXCLUDE,Q2-37a770e642
901250269,19,2026-05-24,2026-05-24,EXCLUDE,Q2-37a770e642
900948915,27,2025-08-16,2025-08-16,EXCLUDE,Q2-86e4e551c3
900948915,27,2025-08-23,2025-08-23,EXCLUDE,Q2-86e4e551c3
900948915,27,2025-08-30,2025-08-30,EXCLUDE,Q2-86e4e551c3
900948915,27,2025-09-14,2025-09-14,EXCLUDE,Q2-86e4e551c3
900948915,27,2025-09-20,2025-09-20,EXCLUDE,Q2-86e4e551c3
900948915,27,2025-09-27,2025-09-27,EXCLUDE,Q2-86e4e551c3
900948915,27,2025-10-05,2025-10-05,EXCLUDE,Q2-86e4e551c3
900948915,27,2025-10-18,2025-10-18,EXCLUDE,Q2-86e4e551c3
900948915,27,2025-10-26,2025-10-26,EXCLUDE,Q2-86e4e551c3
900948915,27,2025-11-01,2025-11-01,EXCLUDE,Q2-86e4e551c3
900948915,27,2025-11-08,2025-11-08,EXCLUDE,Q2-86e4e551c3
900948915,27,2025-11-22,2025-11-22,EXCLUDE,Q2-86e4e551c3
900948915,27,2025-11-29,2025-11-29,EXCLUDE,Q2-86e4e551c3
900948915,27,2025-12-03,2025-12-03,EXCLUDE,Q2-86e4e551c3
900948915,27,2025-12-06,2025-12-06,EXCLUDE,Q2-86e4e551c3
900948915,27,2025-12-13,2025-12-13,EXCLUDE,Q2-86e4e551c3
900948915,27,2025-12-20,2025-12-20,EXCLUDE,Q2-86e4e551c3
900948915,27,2025-12-27,2025-12-27,EXCLUDE,Q2-86e4e551c3
900948915,27,2025-12-30,2025-12-30,EXCLUDE,Q2-86e4e551c3
900948915,27,2026-01-03,2026-01-03,EXCLUDE,Q2-86e4e551c3
900948915,27,2026-01-07,2026-01-07,EXCLUDE,Q2-86e4e551c3
900948915,27,2026-01-17,2026-01-17,EXCLUDE,Q2-86e4e551c3
900948915,27,2026-01-24,2026-01-24,EXCLUDE,Q2-86e4e551c3
900948915,27,2026-02-02,2026-02-02,EXCLUDE,Q2-86e4e551c3
900948915,27,2026-02-07,2026-02-07,EXCLUDE,Q2-86e4e551c3
900948915,27,2026-02-11,2026-02-11,EXCLUDE,Q2-86e4e551c3
900948915,27,2026-02-21,2026-02-21,EXCLUDE,Q2-86e4e551c3
900948915,27,2026-02-28,2026-02-28,EXCLUDE,Q2-86e4e551c3
900948915,27,2026-03-03,2026-03-03,EXCLUDE,Q2-86e4e551c3
900948915,27,2026-03-14,2026-03-14,EXCLUDE,Q2-86e4e551c3
900948915,27,2026-03-21,2026-03-21,EXCLUDE,Q2-86e4e551c3
900948915,27,2026-04-11,2026-04-11,EXCLUDE,Q2-86e4e551c3
900948915,27,2026-04-19,2026-04-19,EXCLUDE,Q2-86e4e551c3
900948915,27,2026-04-22,2026-04-22,EXCLUDE,Q2-86e4e551c3
900948915,27,2026-05-01,2026-05-01,EXCLUDE,Q2-86e4e551c3
900948915,27,2026-05-10,2026-05-10,EXCLUDE,Q2-86e4e551c3
900948915,27,2026-05-18,2026-05-18,EXCLUDE,Q2-86e4e551c3
900948915,27,2026-05-24,2026-05-24,EXCLUDE,Q2-86e4e551c3
901202376,27,2025-08-16,2025-08-16,EXCLUDE,Q2-8ae4eeb835
901202376,27,2025-08-23,2025-08-23,EXCLUDE,Q2-8ae4eeb835
901202376,27,2025-08-30,2025-08-30,EXCLUDE,Q2-8ae4eeb835
901202376,27,2025-09-14,2025-09-14,EXCLUDE,Q2-8ae4eeb835
901202376,27,2025-09-20,2025-09-20,EXCLUDE,Q2-8ae4eeb835
901202376,27,2025-09-27,2025-09-27,EXCLUDE,Q2-8ae4eeb835
901202376,27,2025-10-05,2025-10-05,EXCLUDE,Q2-8ae4eeb835
901202376,27,2025-10-18,2025-10-18,EXCLUDE,Q2-8ae4eeb835
901202376,27,2025-10-26,2025-10-26,EXCLUDE,Q2-8ae4eeb835
901202376,27,2025-11-01,2025-11-01,EXCLUDE,Q2-8ae4eeb835
901202376,27,2025-11-08,2025-11-08,EXCLUDE,Q2-8ae4eeb835
901202376,27,2025-11-22,2025-11-22,EXCLUDE,Q2-8ae4eeb835
901202376,27,2025-11-29,2025-11-29,EXCLUDE,Q2-8ae4eeb835
901202376,27,2025-12-03,2025-12-03,EXCLUDE,Q2-8ae4eeb835
901202376,27,2025-12-06,2025-12-06,EXCLUDE,Q2-8ae4eeb835
901202376,27,2025-12-13,2025-12-13,EXCLUDE,Q2-8ae4eeb835
901202376,27,2025-12-20,2025-12-20,EXCLUDE,Q2-8ae4eeb835
901202376,27,2025-12-27,2025-12-27,EXCLUDE,Q2-8ae4eeb835
901202376,27,2025-12-30,2025-12-30,EXCLUDE,Q2-8ae4eeb835
901202376,27,2026-01-03,2026-01-03,EXCLUDE,Q2-8ae4eeb835
901202376,27,2026-01-07,2026-01-07,EXCLUDE,Q2-8ae4eeb835
901202376,27,2026-01-17,2026-01-17,EXCLUDE,Q2-8ae4eeb835
901202376,27,2026-01-24,2026-01-24,EXCLUDE,Q2-8ae4eeb835
901202376,27,2026-02-02,2026-02-02,EXCLUDE,Q2-8ae4eeb835
901202376,27,2026-02-07,2026-02-07,EXCLUDE,Q2-8ae4eeb835
901202376,27,2026-02-11,2026-02-11,EXCLUDE,Q2-8ae4eeb835
901202376,27,2026-02-21,2026-02-21,EXCLUDE,Q2-8ae4eeb835
901202376,27,2026-02-28,2026-02-28,EXCLUDE,Q2-8ae4eeb835
901202376,27,2026-03-03,2026-03-03,EXCLUDE,Q2-8ae4eeb835
901202376,27,2026-03-14,2026-03-14,EXCLUDE,Q2-8ae4eeb835
901202376,27,2026-03-21,2026-03-21,EXCLUDE,Q2-8ae4eeb835
901202376,27,2026-04-11,2026-04-11,EXCLUDE,Q2-8ae4eeb835
901202376,27,2026-04-19,2026-04-19,EXCLUDE,Q2-8ae4eeb835
901202376,27,2026-04-22,2026-04-22,EXCLUDE,Q2-8ae4eeb835
901202376,27,2026-05-01,2026-05-01,EXCLUDE,Q2-8ae4eeb835
901202376,27,2026-05-10,2026-05-10,EXCLUDE,Q2-8ae4eeb835
901202376,27,2026-05-18,2026-05-18,EXCLUDE,Q2-8ae4eeb835
901202376,27,2026-05-24,2026-05-24,EXCLUDE,Q2-8ae4eeb835
900920005,51,2025-08-17,2025-08-17,EXCLUDE,Q2-434eecf762
900920005,51,2025-08-24,2025-08-24,EXCLUDE,Q2-434eecf762
900920005,51,2025-08-31,2025-08-31,EXCLUDE,Q2-434eecf762
900920005,51,2025-09-13,2025-09-13,EXCLUDE,Q2-434eecf762
900920005,51,2025-09-20,2025-09-20,EXCLUDE,Q2-434eecf762
900920005,51,2025-09-27,2025-09-27,EXCLUDE,Q2-434eecf762
900920005,51,2025-10-05,2025-10-05,EXCLUDE,Q2-434eecf762
900920005,51,2025-10-18,2025-10-18,EXCLUDE,Q2-434eecf762
900920005,51,2025-10-26,2025-10-26,EXCLUDE,Q2-434eecf762
900920005,51,2025-11-01,2025-11-01,EXCLUDE,Q2-434eecf762
900920005,51,2025-11-09,2025-11-09,EXCLUDE,Q2-434eecf762
900920005,51,2025-11-22,2025-11-22,EXCLUDE,Q2-434eecf762
900920005,51,2025-11-30,2025-11-30,EXCLUDE,Q2-434eecf762
900920005,51,2025-12-03,2025-12-03,EXCLUDE,Q2-434eecf762
900920005,51,2025-12-07,2025-12-07,EXCLUDE,Q2-434eecf762
900920005,51,2025-12-14,2025-12-14,EXCLUDE,Q2-434eecf762
900920005,51,2025-12-20,2025-12-20,EXCLUDE,Q2-434eecf762
900920005,51,2025-12-28,2025-12-28,EXCLUDE,Q2-434eecf762
900920005,51,2026-01-01,2026-01-01,EXCLUDE,Q2-434eecf762
900920005,51,2026-01-04,2026-01-04,EXCLUDE,Q2-434eecf762
900920005,51,2026-01-07,2026-01-07,EXCLUDE,Q2-434eecf762
900920005,51,2026-01-17,2026-01-17,EXCLUDE,Q2-434eecf762
900920005,51,2026-01-25,2026-01-25,EXCLUDE,Q2-434eecf762
900920005,51,2026-02-01,2026-02-01,EXCLUDE,Q2-434eecf762
900920005,51,2026-02-08,2026-02-08,EXCLUDE,Q2-434eecf762
900920005,51,2026-02-11,2026-02-11,EXCLUDE,Q2-434eecf762
900920005,51,2026-02-22,2026-02-22,EXCLUDE,Q2-434eecf762
900920005,51,2026-03-01,2026-03-01,EXCLUDE,Q2-434eecf762
900920005,51,2026-03-05,2026-03-05,EXCLUDE,Q2-434eecf762
900920005,51,2026-03-15,2026-03-15,EXCLUDE,Q2-434eecf762
900920005,51,2026-04-12,2026-04-12,EXCLUDE,Q2-434eecf762
900920005,51,2026-04-20,2026-04-20,EXCLUDE,Q2-434eecf762
900920005,51,2026-04-25,2026-04-25,EXCLUDE,Q2-434eecf762
900920005,51,2026-05-03,2026-05-03,EXCLUDE,Q2-434eecf762
900920005,51,2026-05-10,2026-05-10,EXCLUDE,Q2-434eecf762
900920005,51,2026-05-13,2026-05-13,EXCLUDE,Q2-434eecf762
900920005,51,2026-05-17,2026-05-17,EXCLUDE,Q2-434eecf762
900920005,51,2026-05-24,2026-05-24,EXCLUDE,Q2-434eecf762
900855282,63,2025-08-17,2025-08-17,EXCLUDE,Q2-d1b663c78f
900855282,63,2025-08-24,2025-08-24,EXCLUDE,Q2-d1b663c78f
900855282,63,2025-08-31,2025-08-31,EXCLUDE,Q2-d1b663c78f
900855282,63,2025-09-13,2025-09-13,EXCLUDE,Q2-d1b663c78f
900855282,63,2025-09-20,2025-09-20,EXCLUDE,Q2-d1b663c78f
900855282,63,2025-09-27,2025-09-27,EXCLUDE,Q2-d1b663c78f
900855282,63,2025-10-05,2025-10-05,EXCLUDE,Q2-d1b663c78f
900855282,63,2025-10-18,2025-10-18,EXCLUDE,Q2-d1b663c78f
900855282,63,2025-10-26,2025-10-26,EXCLUDE,Q2-d1b663c78f
900855282,63,2025-11-01,2025-11-01,EXCLUDE,Q2-d1b663c78f
900855282,63,2025-11-09,2025-11-09,EXCLUDE,Q2-d1b663c78f
900855282,63,2025-11-22,2025-11-22,EXCLUDE,Q2-d1b663c78f
900855282,63,2025-11-30,2025-11-30,EXCLUDE,Q2-d1b663c78f
900855282,63,2025-12-03,2025-12-03,EXCLUDE,Q2-d1b663c78f
900855282,63,2025-12-06,2025-12-06,EXCLUDE,Q2-d1b663c78f
900855282,63,2025-12-14,2025-12-14,EXCLUDE,Q2-d1b663c78f
900855282,63,2025-12-22,2025-12-22,EXCLUDE,Q2-d1b663c78f
900855282,63,2025-12-27,2025-12-27,EXCLUDE,Q2-d1b663c78f
900855282,63,2025-12-30,2025-12-30,EXCLUDE,Q2-d1b663c78f
900855282,63,2026-01-03,2026-01-03,EXCLUDE,Q2-d1b663c78f
900855282,63,2026-01-06,2026-01-06,EXCLUDE,Q2-d1b663c78f
900855282,63,2026-01-17,2026-01-17,EXCLUDE,Q2-d1b663c78f
900855282,63,2026-01-25,2026-01-25,EXCLUDE,Q2-d1b663c78f
900855282,63,2026-02-01,2026-02-01,EXCLUDE,Q2-d1b663c78f
900855282,63,2026-02-06,2026-02-06,EXCLUDE,Q2-d1b663c78f
900855282,63,2026-02-11,2026-02-11,EXCLUDE,Q2-d1b663c78f
900855282,63,2026-02-22,2026-02-22,EXCLUDE,Q2-d1b663c78f
900855282,63,2026-03-01,2026-03-01,EXCLUDE,Q2-d1b663c78f
900855282,63,2026-03-04,2026-03-04,EXCLUDE,Q2-d1b663c78f
900855282,63,2026-03-15,2026-03-15,EXCLUDE,Q2-d1b663c78f
900855282,63,2026-03-22,2026-03-22,EXCLUDE,Q2-d1b663c78f
900855282,63,2026-04-12,2026-04-12,EXCLUDE,Q2-d1b663c78f
900855282,63,2026-04-19,2026-04-19,EXCLUDE,Q2-d1b663c78f
900855282,63,2026-04-24,2026-04-24,EXCLUDE,Q2-d1b663c78f
900855282,63,2026-05-04,2026-05-04,EXCLUDE,Q2-d1b663c78f
900855282,63,2026-05-10,2026-05-10,EXCLUDE,Q2-d1b663c78f
900855282,63,2026-05-17,2026-05-17,EXCLUDE,Q2-d1b663c78f
900855282,63,2026-05-24,2026-05-24,EXCLUDE,Q2-d1b663c78f
900925092,63,2025-08-17,2025-08-17,EXCLUDE,Q2-85281c7c40
900925092,63,2025-08-24,2025-08-24,EXCLUDE,Q2-85281c7c40
900925092,63,2025-08-31,2025-08-31,EXCLUDE,Q2-85281c7c40
900925092,63,2025-09-13,2025-09-13,EXCLUDE,Q2-85281c7c40
900925092,63,2025-09-20,2025-09-20,EXCLUDE,Q2-85281c7c40
900925092,63,2025-09-27,2025-09-27,EXCLUDE,Q2-85281c7c40
900925092,63,2025-10-05,2025-10-05,EXCLUDE,Q2-85281c7c40
900925092,63,2025-10-18,2025-10-18,EXCLUDE,Q2-85281c7c40
900925092,63,2025-10-26,2025-10-26,EXCLUDE,Q2-85281c7c40
900925092,63,2025-11-01,2025-11-01,EXCLUDE,Q2-85281c7c40
900925092,63,2025-11-09,2025-11-09,EXCLUDE,Q2-85281c7c40
900925092,63,2025-11-22,2025-11-22,EXCLUDE,Q2-85281c7c40
900925092,63,2025-11-30,2025-11-30,EXCLUDE,Q2-85281c7c40
900925092,63,2025-12-03,2025-12-03,EXCLUDE,Q2-85281c7c40
900925092,63,2025-12-06,2025-12-06,EXCLUDE,Q2-85281c7c40
900925092,63,2025-12-14,2025-12-14,EXCLUDE,Q2-85281c7c40
900925092,63,2025-12-22,2025-12-22,EXCLUDE,Q2-85281c7c40
900925092,63,2025-12-27,2025-12-27,EXCLUDE,Q2-85281c7c40
900925092,63,2025-12-30,2025-12-30,EXCLUDE,Q2-85281c7c40
900925092,63,2026-01-03,2026-01-03,EXCLUDE,Q2-85281c7c40
900925092,63,2026-01-06,2026-01-06,EXCLUDE,Q2-85281c7c40
900925092,63,2026-01-17,2026-01-17,EXCLUDE,Q2-85281c7c40
900925092,63,2026-01-25,2026-01-25,EXCLUDE,Q2-85281c7c40
900925092,63,2026-02-01,2026-02-01,EXCLUDE,Q2-85281c7c40
900925092,63,2026-02-06,2026-02-06,EXCLUDE,Q2-85281c7c40
900925092,63,2026-02-11,2026-02-11,EXCLUDE,Q2-85281c7c40
900925092,63,2026-02-22,2026-02-22,EXCLUDE,Q2-85281c7c40
900925092,63,2026-03-01,2026-03-01,EXCLUDE,Q2-85281c7c40
900925092,63,2026-03-04,2026-03-04,EXCLUDE,Q2-85281c7c40
900925092,63,2026-03-15,2026-03-15,EXCLUDE,Q2-85281c7c40
900925092,63,2026-03-22,2026-03-22,EXCLUDE,Q2-85281c7c40
900925092,63,2026-04-12,2026-04-12,EXCLUDE,Q2-85281c7c40
900925092,63,2026-04-19,2026-04-19,EXCLUDE,Q2-85281c7c40
900925092,63,2026-04-24,2026-04-24,EXCLUDE,Q2-85281c7c40
900925092,63,2026-05-04,2026-05-04,EXCLUDE,Q2-85281c7c40
900925092,63,2026-05-10,2026-05-10,EXCLUDE,Q2-85281c7c40
900925092,63,2026-05-17,2026-05-17,EXCLUDE,Q2-85281c7c40
900925092,63,2026-05-24,2026-05-24,EXCLUDE,Q2-85281c7c40
900994594,63,2025-08-17,2025-08-17,EXCLUDE,Q2-2e02570318
900994594,63,2025-08-24,2025-08-24,EXCLUDE,Q2-2e02570318
900994594,63,2025-08-31,2025-08-31,EXCLUDE,Q2-2e02570318
900994594,63,2025-09-13,2025-09-13,EXCLUDE,Q2-2e02570318
900994594,63,2025-09-20,2025-09-20,EXCLUDE,Q2-2e02570318
900994594,63,2025-09-27,2025-09-27,EXCLUDE,Q2-2e02570318
900994594,63,2025-10-05,2025-10-05,EXCLUDE,Q2-2e02570318
900994594,63,2025-10-18,2025-10-18,EXCLUDE,Q2-2e02570318
900994594,63,2025-10-26,2025-10-26,EXCLUDE,Q2-2e02570318
900994594,63,2025-11-01,2025-11-01,EXCLUDE,Q2-2e02570318
900994594,63,2025-11-09,2025-11-09,EXCLUDE,Q2-2e02570318
900994594,63,2025-11-22,2025-11-22,EXCLUDE,Q2-2e02570318
900994594,63,2025-11-30,2025-11-30,EXCLUDE,Q2-2e02570318
900994594,63,2025-12-03,2025-12-03,EXCLUDE,Q2-2e02570318
900994594,63,2025-12-06,2025-12-06,EXCLUDE,Q2-2e02570318
900994594,63,2025-12-14,2025-12-14,EXCLUDE,Q2-2e02570318
900994594,63,2025-12-22,2025-12-22,EXCLUDE,Q2-2e02570318
900994594,63,2025-12-27,2025-12-27,EXCLUDE,Q2-2e02570318
900994594,63,2025-12-30,2025-12-30,EXCLUDE,Q2-2e02570318
900994594,63,2026-01-03,2026-01-03,EXCLUDE,Q2-2e02570318
900994594,63,2026-01-06,2026-01-06,EXCLUDE,Q2-2e02570318
900994594,63,2026-01-17,2026-01-17,EXCLUDE,Q2-2e02570318
900994594,63,2026-01-25,2026-01-25,EXCLUDE,Q2-2e02570318
900994594,63,2026-02-01,2026-02-01,EXCLUDE,Q2-2e02570318
900994594,63,2026-02-06,2026-02-06,EXCLUDE,Q2-2e02570318
900994594,63,2026-02-11,2026-02-11,EXCLUDE,Q2-2e02570318
900994594,63,2026-02-22,2026-02-22,EXCLUDE,Q2-2e02570318
900994594,63,2026-03-01,2026-03-01,EXCLUDE,Q2-2e02570318
900994594,63,2026-03-04,2026-03-04,EXCLUDE,Q2-2e02570318
900994594,63,2026-03-15,2026-03-15,EXCLUDE,Q2-2e02570318
900994594,63,2026-03-22,2026-03-22,EXCLUDE,Q2-2e02570318
900994594,63,2026-04-12,2026-04-12,EXCLUDE,Q2-2e02570318
900994594,63,2026-04-19,2026-04-19,EXCLUDE,Q2-2e02570318
900994594,63,2026-04-24,2026-04-24,EXCLUDE,Q2-2e02570318
900994594,63,2026-05-04,2026-05-04,EXCLUDE,Q2-2e02570318
900994594,63,2026-05-10,2026-05-10,EXCLUDE,Q2-2e02570318
900994594,63,2026-05-17,2026-05-17,EXCLUDE,Q2-2e02570318
900994594,63,2026-05-24,2026-05-24,EXCLUDE,Q2-2e02570318
901052871,63,2025-08-17,2025-08-17,EXCLUDE,Q2-e426ca53ec
901052871,63,2025-08-24,2025-08-24,EXCLUDE,Q2-e426ca53ec
901052871,63,2025-08-31,2025-08-31,EXCLUDE,Q2-e426ca53ec
901052871,63,2025-09-13,2025-09-13,EXCLUDE,Q2-e426ca53ec
901052871,63,2025-09-20,2025-09-20,EXCLUDE,Q2-e426ca53ec
901052871,63,2025-09-27,2025-09-27,EXCLUDE,Q2-e426ca53ec
901052871,63,2025-10-05,2025-10-05,EXCLUDE,Q2-e426ca53ec
901052871,63,2025-10-18,2025-10-18,EXCLUDE,Q2-e426ca53ec
901052871,63,2025-10-26,2025-10-26,EXCLUDE,Q2-e426ca53ec
901052871,63,2025-11-01,2025-11-01,EXCLUDE,Q2-e426ca53ec
901052871,63,2025-11-09,2025-11-09,EXCLUDE,Q2-e426ca53ec
901052871,63,2025-11-22,2025-11-22,EXCLUDE,Q2-e426ca53ec
901052871,63,2025-11-30,2025-11-30,EXCLUDE,Q2-e426ca53ec
901052871,63,2025-12-03,2025-12-03,EXCLUDE,Q2-e426ca53ec
901052871,63,2025-12-06,2025-12-06,EXCLUDE,Q2-e426ca53ec
901052871,63,2025-12-14,2025-12-14,EXCLUDE,Q2-e426ca53ec
901052871,63,2025-12-22,2025-12-22,EXCLUDE,Q2-e426ca53ec
901052871,63,2025-12-27,2025-12-27,EXCLUDE,Q2-e426ca53ec
901052871,63,2025-12-30,2025-12-30,EXCLUDE,Q2-e426ca53ec
901052871,63,2026-01-03,2026-01-03,EXCLUDE,Q2-e426ca53ec
901052871,63,2026-01-06,2026-01-06,EXCLUDE,Q2-e426ca53ec
901052871,63,2026-01-17,2026-01-17,EXCLUDE,Q2-e426ca53ec
901052871,63,2026-01-25,2026-01-25,EXCLUDE,Q2-e426ca53ec
901052871,63,2026-02-01,2026-02-01,EXCLUDE,Q2-e426ca53ec
901052871,63,2026-02-06,2026-02-06,EXCLUDE,Q2-e426ca53ec
901052871,63,2026-02-11,2026-02-11,EXCLUDE,Q2-e426ca53ec
901052871,63,2026-02-22,2026-02-22,EXCLUDE,Q2-e426ca53ec
901052871,63,2026-03-01,2026-03-01,EXCLUDE,Q2-e426ca53ec
901052871,63,2026-03-04,2026-03-04,EXCLUDE,Q2-e426ca53ec
901052871,63,2026-03-15,2026-03-15,EXCLUDE,Q2-e426ca53ec
901052871,63,2026-03-22,2026-03-22,EXCLUDE,Q2-e426ca53ec
901052871,63,2026-04-12,2026-04-12,EXCLUDE,Q2-e426ca53ec
901052871,63,2026-04-19,2026-04-19,EXCLUDE,Q2-e426ca53ec
901052871,63,2026-04-24,2026-04-24,EXCLUDE,Q2-e426ca53ec
901052871,63,2026-05-04,2026-05-04,EXCLUDE,Q2-e426ca53ec
901052871,63,2026-05-10,2026-05-10,EXCLUDE,Q2-e426ca53ec
901052871,63,2026-05-17,2026-05-17,EXCLUDE,Q2-e426ca53ec
901052871,63,2026-05-24,2026-05-24,EXCLUDE,Q2-e426ca53ec
901145455,78,2025-08-16,2025-08-16,EXCLUDE,Q2-af833de5b0
901145455,78,2025-08-24,2025-08-24,EXCLUDE,Q2-af833de5b0
901145455,78,2025-08-31,2025-08-31,EXCLUDE,Q2-af833de5b0
901145455,78,2025-09-13,2025-09-13,EXCLUDE,Q2-af833de5b0
901145455,78,2025-09-20,2025-09-20,EXCLUDE,Q2-af833de5b0
901145455,78,2025-09-27,2025-09-27,EXCLUDE,Q2-af833de5b0
901145455,78,2025-10-05,2025-10-05,EXCLUDE,Q2-af833de5b0
901145455,78,2025-10-18,2025-10-18,EXCLUDE,Q2-af833de5b0
901145455,78,2025-10-25,2025-10-25,EXCLUDE,Q2-af833de5b0
901145455,78,2025-11-01,2025-11-01,EXCLUDE,Q2-af833de5b0
901145455,78,2025-11-09,2025-11-09,EXCLUDE,Q2-af833de5b0
901145455,78,2025-11-22,2025-11-22,EXCLUDE,Q2-af833de5b0
901145455,78,2025-11-30,2025-11-30,EXCLUDE,Q2-af833de5b0
901145455,78,2025-12-03,2025-12-03,EXCLUDE,Q2-af833de5b0
901145455,78,2025-12-07,2025-12-07,EXCLUDE,Q2-af833de5b0
901145455,78,2025-12-13,2025-12-13,EXCLUDE,Q2-af833de5b0
901145455,78,2025-12-20,2025-12-20,EXCLUDE,Q2-af833de5b0
901145455,78,2025-12-27,2025-12-27,EXCLUDE,Q2-af833de5b0
901145455,78,2025-12-30,2025-12-30,EXCLUDE,Q2-af833de5b0
901145455,78,2026-01-03,2026-01-03,EXCLUDE,Q2-af833de5b0
901145455,78,2026-01-07,2026-01-07,EXCLUDE,Q2-af833de5b0
901145455,78,2026-01-19,2026-01-19,EXCLUDE,Q2-af833de5b0
901145455,78,2026-01-24,2026-01-24,EXCLUDE,Q2-af833de5b0
901145455,78,2026-01-31,2026-01-31,EXCLUDE,Q2-af833de5b0
901145455,78,2026-02-08,2026-02-08,EXCLUDE,Q2-af833de5b0
901145455,78,2026-02-11,2026-02-11,EXCLUDE,Q2-af833de5b0
901145455,78,2026-02-21,2026-02-21,EXCLUDE,Q2-af833de5b0
901145455,78,2026-03-01,2026-03-01,EXCLUDE,Q2-af833de5b0
901145455,78,2026-03-04,2026-03-04,EXCLUDE,Q2-af833de5b0
901145455,78,2026-03-14,2026-03-14,EXCLUDE,Q2-af833de5b0
901145455,78,2026-03-21,2026-03-21,EXCLUDE,Q2-af833de5b0
901145455,78,2026-04-11,2026-04-11,EXCLUDE,Q2-af833de5b0
901145455,78,2026-04-18,2026-04-18,EXCLUDE,Q2-af833de5b0
901145455,78,2026-04-21,2026-04-21,EXCLUDE,Q2-af833de5b0
901145455,78,2026-05-02,2026-05-02,EXCLUDE,Q2-af833de5b0
901145455,78,2026-05-09,2026-05-09,EXCLUDE,Q2-af833de5b0
901145455,78,2026-05-17,2026-05-17,EXCLUDE,Q2-af833de5b0
901145455,78,2026-05-24,2026-05-24,EXCLUDE,Q2-af833de5b0
900335593,78,2025-08-16,2025-08-16,EXCLUDE,Q2-f249b4b107
900335593,78,2025-08-24,2025-08-24,EXCLUDE,Q2-f249b4b107
900335593,78,2025-08-31,2025-08-31,EXCLUDE,Q2-f249b4b107
900335593,78,2025-09-13,2025-09-13,EXCLUDE,Q2-f249b4b107
900335593,78,2025-09-20,2025-09-20,EXCLUDE,Q2-f249b4b107
900335593,78,2025-09-27,2025-09-27,EXCLUDE,Q2-f249b4b107
900335593,78,2025-10-05,2025-10-05,EXCLUDE,Q2-f249b4b107
900335593,78,2025-10-18,2025-10-18,EXCLUDE,Q2-f249b4b107
900335593,78,2025-10-25,2025-10-25,EXCLUDE,Q2-f249b4b107
900335593,78,2025-11-01,2025-11-01,EXCLUDE,Q2-f249b4b107
900335593,78,2025-11-09,2025-11-09,EXCLUDE,Q2-f249b4b107
900335593,78,2025-11-22,2025-11-22,EXCLUDE,Q2-f249b4b107
900335593,78,2025-11-30,2025-11-30,EXCLUDE,Q2-f249b4b107
900335593,78,2025-12-03,2025-12-03,EXCLUDE,Q2-f249b4b107
900335593,78,2025-12-07,2025-12-07,EXCLUDE,Q2-f249b4b107
900335593,78,2025-12-13,2025-12-13,EXCLUDE,Q2-f249b4b107
900335593,78,2025-12-20,2025-12-20,EXCLUDE,Q2-f249b4b107
900335593,78,2025-12-27,2025-12-27,EXCLUDE,Q2-f249b4b107
900335593,78,2025-12-30,2025-12-30,EXCLUDE,Q2-f249b4b107
900335593,78,2026-01-03,2026-01-03,EXCLUDE,Q2-f249b4b107
900335593,78,2026-01-07,2026-01-07,EXCLUDE,Q2-f249b4b107
900335593,78,2026-01-19,2026-01-19,EXCLUDE,Q2-f249b4b107
900335593,78,2026-01-24,2026-01-24,EXCLUDE,Q2-f249b4b107
900335593,78,2026-01-31,2026-01-31,EXCLUDE,Q2-f249b4b107
900335593,78,2026-02-08,2026-02-08,EXCLUDE,Q2-f249b4b107
900335593,78,2026-02-11,2026-02-11,EXCLUDE,Q2-f249b4b107
900335593,78,2026-02-21,2026-02-21,EXCLUDE,Q2-f249b4b107
900335593,78,2026-03-01,2026-03-01,EXCLUDE,Q2-f249b4b107
900335593,78,2026-03-04,2026-03-04,EXCLUDE,Q2-f249b4b107
900335593,78,2026-03-14,2026-03-14,EXCLUDE,Q2-f249b4b107
900335593,78,2026-03-21,2026-03-21,EXCLUDE,Q2-f249b4b107
900335593,78,2026-04-11,2026-04-11,EXCLUDE,Q2-f249b4b107
900335593,78,2026-04-18,2026-04-18,EXCLUDE,Q2-f249b4b107
900335593,78,2026-04-21,2026-04-21,EXCLUDE,Q2-f249b4b107
900335593,78,2026-05-02,2026-05-02,EXCLUDE,Q2-f249b4b107
900335593,78,2026-05-09,2026-05-09,EXCLUDE,Q2-f249b4b107
900335593,78,2026-05-17,2026-05-17,EXCLUDE,Q2-f249b4b107
900335593,78,2026-05-24,2026-05-24,EXCLUDE,Q2-f249b4b107
901145455,78,2025-08-16,2025-08-16,EXCLUDE,Q2-2bbf090eae
901145455,78,2025-08-24,2025-08-24,EXCLUDE,Q2-2bbf090eae
901145455,78,2025-08-31,2025-08-31,EXCLUDE,Q2-2bbf090eae
901145455,78,2025-09-13,2025-09-13,EXCLUDE,Q2-2bbf090eae
901145455,78,2025-09-20,2025-09-20,EXCLUDE,Q2-2bbf090eae
901145455,78,2025-09-27,2025-09-27,EXCLUDE,Q2-2bbf090eae
901145455,78,2025-10-05,2025-10-05,EXCLUDE,Q2-2bbf090eae
901145455,78,2025-10-18,2025-10-18,EXCLUDE,Q2-2bbf090eae
901145455,78,2025-10-25,2025-10-25,EXCLUDE,Q2-2bbf090eae
901145455,78,2025-11-01,2025-11-01,EXCLUDE,Q2-2bbf090eae
901145455,78,2025-11-09,2025-11-09,EXCLUDE,Q2-2bbf090eae
901145455,78,2025-11-22,2025-11-22,EXCLUDE,Q2-2bbf090eae
901145455,78,2025-11-30,2025-11-30,EXCLUDE,Q2-2bbf090eae
901145455,78,2025-12-03,2025-12-03,EXCLUDE,Q2-2bbf090eae
901145455,78,2025-12-07,2025-12-07,EXCLUDE,Q2-2bbf090eae
901145455,78,2025-12-13,2025-12-13,EXCLUDE,Q2-2bbf090eae
901145455,78,2025-12-20,2025-12-20,EXCLUDE,Q2-2bbf090eae
901145455,78,2025-12-27,2025-12-27,EXCLUDE,Q2-2bbf090eae
901145455,78,2025-12-30,2025-12-30,EXCLUDE,Q2-2bbf090eae
901145455,78,2026-01-03,2026-01-03,EXCLUDE,Q2-2bbf090eae
901145455,78,2026-01-07,2026-01-07,EXCLUDE,Q2-2bbf090eae
901145455,78,2026-01-19,2026-01-19,EXCLUDE,Q2-2bbf090eae
901145455,78,2026-01-24,2026-01-24,EXCLUDE,Q2-2bbf090eae
901145455,78,2026-01-31,2026-01-31,EXCLUDE,Q2-2bbf090eae
901145455,78,2026-02-08,2026-02-08,EXCLUDE,Q2-2bbf090eae
901145455,78,2026-02-11,2026-02-11,EXCLUDE,Q2-2bbf090eae
901145455,78,2026-02-21,2026-02-21,EXCLUDE,Q2-2bbf090eae
901145455,78,2026-03-01,2026-03-01,EXCLUDE,Q2-2bbf090eae
901145455,78,2026-03-04,2026-03-04,EXCLUDE,Q2-2bbf090eae
901145455,78,2026-03-14,2026-03-14,EXCLUDE,Q2-2bbf090eae
901145455,78,2026-03-21,2026-03-21,EXCLUDE,Q2-2bbf090eae
901145455,78,2026-04-11,2026-04-11,EXCLUDE,Q2-2bbf090eae
901145455,78,2026-04-18,2026-04-18,EXCLUDE,Q2-2bbf090eae
901145455,78,2026-04-21,2026-04-21,EXCLUDE,Q2-2bbf090eae
901145455,78,2026-05-02,2026-05-02,EXCLUDE,Q2-2bbf090eae
901145455,78,2026-05-09,2026-05-09,EXCLUDE,Q2-2bbf090eae
901145455,78,2026-05-17,2026-05-17,EXCLUDE,Q2-2bbf090eae
901145455,78,2026-05-24,2026-05-24,EXCLUDE,Q2-2bbf090eae
900944140,8,2024-08-17,2024-08-17,EXCLUDE,Q2-ee650b34c8
900944140,8,2024-08-25,2024-08-25,EXCLUDE,Q2-ee650b34c8
900944140,8,2024-09-01,2024-09-01,EXCLUDE,Q2-ee650b34c8
900944140,8,2024-09-14,2024-09-14,EXCLUDE,Q2-ee650b34c8
900944140,8,2024-09-21,2024-09-21,EXCLUDE,Q2-ee650b34c8
900944140,8,2024-09-28,2024-09-28,EXCLUDE,Q2-ee650b34c8
900944140,8,2024-10-05,2024-10-05,EXCLUDE,Q2-ee650b34c8
900944140,8,2024-10-20,2024-10-20,EXCLUDE,Q2-ee650b34c8
900944140,8,2024-10-27,2024-10-27,EXCLUDE,Q2-ee650b34c8
900944140,8,2024-11-02,2024-11-02,EXCLUDE,Q2-ee650b34c8
900944140,8,2024-11-09,2024-11-09,EXCLUDE,Q2-ee650b34c8
900944140,8,2024-11-24,2024-11-24,EXCLUDE,Q2-ee650b34c8
900944140,8,2024-12-01,2024-12-01,EXCLUDE,Q2-ee650b34c8
900944140,8,2024-12-04,2024-12-04,EXCLUDE,Q2-ee650b34c8
900944140,8,2024-12-14,2024-12-14,EXCLUDE,Q2-ee650b34c8
900944140,8,2024-12-22,2024-12-22,EXCLUDE,Q2-ee650b34c8
900944140,8,2024-12-26,2024-12-26,EXCLUDE,Q2-ee650b34c8
900944140,8,2024-12-29,2024-12-29,EXCLUDE,Q2-ee650b34c8
900944140,8,2025-01-05,2025-01-05,EXCLUDE,Q2-ee650b34c8
900944140,8,2025-01-14,2025-01-14,EXCLUDE,Q2-ee650b34c8
900944140,8,2025-01-18,2025-01-18,EXCLUDE,Q2-ee650b34c8
900944140,8,2025-01-25,2025-01-25,EXCLUDE,Q2-ee650b34c8
900944140,8,2025-02-01,2025-02-01,EXCLUDE,Q2-ee650b34c8
900944140,8,2025-02-12,2025-02-12,EXCLUDE,Q2-ee650b34c8
900944140,8,2025-02-16,2025-02-16,EXCLUDE,Q2-ee650b34c8
900944140,8,2025-02-19,2025-02-19,EXCLUDE,Q2-ee650b34c8
900944140,8,2025-02-23,2025-02-23,EXCLUDE,Q2-ee650b34c8
900944140,8,2025-02-26,2025-02-26,EXCLUDE,Q2-ee650b34c8
900944140,8,2025-03-08,2025-03-08,EXCLUDE,Q2-ee650b34c8
900944140,8,2025-04-02,2025-04-02,EXCLUDE,Q2-ee650b34c8
900944140,8,2025-04-06,2025-04-06,EXCLUDE,Q2-ee650b34c8
900944140,8,2025-04-13,2025-04-13,EXCLUDE,Q2-ee650b34c8
900944140,8,2025-04-20,2025-04-20,EXCLUDE,Q2-ee650b34c8
900944140,8,2025-04-27,2025-04-27,EXCLUDE,Q2-ee650b34c8
900944140,8,2025-05-04,2025-05-04,EXCLUDE,Q2-ee650b34c8
900944140,8,2025-05-11,2025-05-11,EXCLUDE,Q2-ee650b34c8
900944140,8,2025-05-19,2025-05-19,EXCLUDE,Q2-ee650b34c8
900944140,8,2025-05-25,2025-05-25,EXCLUDE,Q2-ee650b34c8
37578194,8,2024-08-17,2024-08-17,EXCLUDE,Q2-7a568adb16
37578194,8,2024-08-25,2024-08-25,EXCLUDE,Q2-7a568adb16
37578194,8,2024-09-01,2024-09-01,EXCLUDE,Q2-7a568adb16
37578194,8,2024-09-14,2024-09-14,EXCLUDE,Q2-7a568adb16
37578194,8,2024-09-21,2024-09-21,EXCLUDE,Q2-7a568adb16
37578194,8,2024-09-28,2024-09-28,EXCLUDE,Q2-7a568adb16
37578194,8,2024-10-05,2024-10-05,EXCLUDE,Q2-7a568adb16
37578194,8,2024-10-20,2024-10-20,EXCLUDE,Q2-7a568adb16
37578194,8,2024-10-27,2024-10-27,EXCLUDE,Q2-7a568adb16
37578194,8,2024-11-02,2024-11-02,EXCLUDE,Q2-7a568adb16
37578194,8,2024-11-09,2024-11-09,EXCLUDE,Q2-7a568adb16
37578194,8,2024-11-24,2024-11-24,EXCLUDE,Q2-7a568adb16
37578194,8,2024-12-01,2024-12-01,EXCLUDE,Q2-7a568adb16
37578194,8,2024-12-04,2024-12-04,EXCLUDE,Q2-7a568adb16
37578194,8,2024-12-14,2024-12-14,EXCLUDE,Q2-7a568adb16
37578194,8,2024-12-22,2024-12-22,EXCLUDE,Q2-7a568adb16
37578194,8,2024-12-26,2024-12-26,EXCLUDE,Q2-7a568adb16
37578194,8,2024-12-29,2024-12-29,EXCLUDE,Q2-7a568adb16
37578194,8,2025-01-05,2025-01-05,EXCLUDE,Q2-7a568adb16
37578194,8,2025-01-14,2025-01-14,EXCLUDE,Q2-7a568adb16
37578194,8,2025-01-18,2025-01-18,EXCLUDE,Q2-7a568adb16
37578194,8,2025-01-25,2025-01-25,EXCLUDE,Q2-7a568adb16
37578194,8,2025-02-01,2025-02-01,EXCLUDE,Q2-7a568adb16
37578194,8,2025-02-12,2025-02-12,EXCLUDE,Q2-7a568adb16
37578194,8,2025-02-16,2025-02-16,EXCLUDE,Q2-7a568adb16
37578194,8,2025-02-19,2025-02-19,EXCLUDE,Q2-7a568adb16
37578194,8,2025-02-23,2025-02-23,EXCLUDE,Q2-7a568adb16
37578194,8,2025-02-26,2025-02-26,EXCLUDE,Q2-7a568adb16
37578194,8,2025-03-08,2025-03-08,EXCLUDE,Q2-7a568adb16
37578194,8,2025-04-02,2025-04-02,EXCLUDE,Q2-7a568adb16
37578194,8,2025-04-06,2025-04-06,EXCLUDE,Q2-7a568adb16
37578194,8,2025-04-13,2025-04-13,EXCLUDE,Q2-7a568adb16
37578194,8,2025-04-20,2025-04-20,EXCLUDE,Q2-7a568adb16
37578194,8,2025-04-27,2025-04-27,EXCLUDE,Q2-7a568adb16
37578194,8,2025-05-04,2025-05-04,EXCLUDE,Q2-7a568adb16
37578194,8,2025-05-11,2025-05-11,EXCLUDE,Q2-7a568adb16
37578194,8,2025-05-19,2025-05-19,EXCLUDE,Q2-7a568adb16
37578194,8,2025-05-25,2025-05-25,EXCLUDE,Q2-7a568adb16
37661364,8,2024-08-17,2024-08-17,EXCLUDE,Q2-8c3163a995
37661364,8,2024-08-25,2024-08-25,EXCLUDE,Q2-8c3163a995
37661364,8,2024-09-01,2024-09-01,EXCLUDE,Q2-8c3163a995
37661364,8,2024-09-14,2024-09-14,EXCLUDE,Q2-8c3163a995
37661364,8,2024-09-21,2024-09-21,EXCLUDE,Q2-8c3163a995
37661364,8,2024-09-28,2024-09-28,EXCLUDE,Q2-8c3163a995
37661364,8,2024-10-05,2024-10-05,EXCLUDE,Q2-8c3163a995
37661364,8,2024-10-20,2024-10-20,EXCLUDE,Q2-8c3163a995
37661364,8,2024-10-27,2024-10-27,EXCLUDE,Q2-8c3163a995
37661364,8,2024-11-02,2024-11-02,EXCLUDE,Q2-8c3163a995
37661364,8,2024-11-09,2024-11-09,EXCLUDE,Q2-8c3163a995
37661364,8,2024-11-24,2024-11-24,EXCLUDE,Q2-8c3163a995
37661364,8,2024-12-01,2024-12-01,EXCLUDE,Q2-8c3163a995
37661364,8,2024-12-04,2024-12-04,EXCLUDE,Q2-8c3163a995
37661364,8,2024-12-14,2024-12-14,EXCLUDE,Q2-8c3163a995
37661364,8,2024-12-22,2024-12-22,EXCLUDE,Q2-8c3163a995
37661364,8,2024-12-26,2024-12-26,EXCLUDE,Q2-8c3163a995
37661364,8,2024-12-29,2024-12-29,EXCLUDE,Q2-8c3163a995
37661364,8,2025-01-05,2025-01-05,EXCLUDE,Q2-8c3163a995
37661364,8,2025-01-14,2025-01-14,EXCLUDE,Q2-8c3163a995
37661364,8,2025-01-18,2025-01-18,EXCLUDE,Q2-8c3163a995
37661364,8,2025-01-25,2025-01-25,EXCLUDE,Q2-8c3163a995
37661364,8,2025-02-01,2025-02-01,EXCLUDE,Q2-8c3163a995
37661364,8,2025-02-12,2025-02-12,EXCLUDE,Q2-8c3163a995
37661364,8,2025-02-16,2025-02-16,EXCLUDE,Q2-8c3163a995
37661364,8,2025-02-19,2025-02-19,EXCLUDE,Q2-8c3163a995
37661364,8,2025-02-23,2025-02-23,EXCLUDE,Q2-8c3163a995
37661364,8,2025-02-26,2025-02-26,EXCLUDE,Q2-8c3163a995
37661364,8,2025-03-08,2025-03-08,EXCLUDE,Q2-8c3163a995
37661364,8,2025-04-02,2025-04-02,EXCLUDE,Q2-8c3163a995
37661364,8,2025-04-06,2025-04-06,EXCLUDE,Q2-8c3163a995
37661364,8,2025-04-13,2025-04-13,EXCLUDE,Q2-8c3163a995
37661364,8,2025-04-20,2025-04-20,EXCLUDE,Q2-8c3163a995
37661364,8,2025-04-27,2025-04-27,EXCLUDE,Q2-8c3163a995
37661364,8,2025-05-04,2025-05-04,EXCLUDE,Q2-8c3163a995
37661364,8,2025-05-11,2025-05-11,EXCLUDE,Q2-8c3163a995
37661364,8,2025-05-19,2025-05-19,EXCLUDE,Q2-8c3163a995
37661364,8,2025-05-25,2025-05-25,EXCLUDE,Q2-8c3163a995
900897402,9,2024-08-18,2024-08-18,EXCLUDE,Q2-00420bf295
900897402,9,2024-08-24,2024-08-24,EXCLUDE,Q2-00420bf295
900897402,9,2024-08-31,2024-08-31,EXCLUDE,Q2-00420bf295
900897402,9,2024-09-14,2024-09-14,EXCLUDE,Q2-00420bf295
900897402,9,2024-09-22,2024-09-22,EXCLUDE,Q2-00420bf295
900897402,9,2024-09-28,2024-09-28,EXCLUDE,Q2-00420bf295
900897402,9,2024-10-05,2024-10-05,EXCLUDE,Q2-00420bf295
900897402,9,2024-10-20,2024-10-20,EXCLUDE,Q2-00420bf295
900897402,9,2024-10-26,2024-10-26,EXCLUDE,Q2-00420bf295
900897402,9,2024-11-02,2024-11-02,EXCLUDE,Q2-00420bf295
900897402,9,2024-11-09,2024-11-09,EXCLUDE,Q2-00420bf295
900897402,9,2024-11-23,2024-11-23,EXCLUDE,Q2-00420bf295
900897402,9,2024-12-01,2024-12-01,EXCLUDE,Q2-00420bf295
900897402,9,2024-12-04,2024-12-04,EXCLUDE,Q2-00420bf295
900897402,9,2024-12-07,2024-12-07,EXCLUDE,Q2-00420bf295
900897402,9,2024-12-15,2024-12-15,EXCLUDE,Q2-00420bf295
900897402,9,2024-12-21,2024-12-21,EXCLUDE,Q2-00420bf295
900897402,9,2024-12-26,2024-12-26,EXCLUDE,Q2-00420bf295
900897402,9,2024-12-29,2024-12-29,EXCLUDE,Q2-00420bf295
900897402,9,2025-01-04,2025-01-04,EXCLUDE,Q2-00420bf295
900897402,9,2025-01-14,2025-01-14,EXCLUDE,Q2-00420bf295
900897402,9,2025-01-19,2025-01-19,EXCLUDE,Q2-00420bf295
900897402,9,2025-01-25,2025-01-25,EXCLUDE,Q2-00420bf295
900897402,9,2025-02-02,2025-02-02,EXCLUDE,Q2-00420bf295
900897402,9,2025-02-15,2025-02-15,EXCLUDE,Q2-00420bf295
900897402,9,2025-02-23,2025-02-23,EXCLUDE,Q2-00420bf295
900897402,9,2025-02-26,2025-02-26,EXCLUDE,Q2-00420bf295
900897402,9,2025-03-08,2025-03-08,EXCLUDE,Q2-00420bf295
900897402,9,2025-03-15,2025-03-15,EXCLUDE,Q2-00420bf295
900897402,9,2025-04-02,2025-04-02,EXCLUDE,Q2-00420bf295
900897402,9,2025-04-06,2025-04-06,EXCLUDE,Q2-00420bf295
900897402,9,2025-04-12,2025-04-12,EXCLUDE,Q2-00420bf295
900897402,9,2025-04-19,2025-04-19,EXCLUDE,Q2-00420bf295
900897402,9,2025-04-22,2025-04-22,EXCLUDE,Q2-00420bf295
900897402,9,2025-05-02,2025-05-02,EXCLUDE,Q2-00420bf295
900897402,9,2025-05-10,2025-05-10,EXCLUDE,Q2-00420bf295
900897402,9,2025-05-20,2025-05-20,EXCLUDE,Q2-00420bf295
900897402,9,2025-05-25,2025-05-25,EXCLUDE,Q2-00420bf295
901082283,9,2024-08-18,2024-08-18,EXCLUDE,Q2-c37efe33ce
901082283,9,2024-08-24,2024-08-24,EXCLUDE,Q2-c37efe33ce
901082283,9,2024-08-31,2024-08-31,EXCLUDE,Q2-c37efe33ce
901082283,9,2024-09-14,2024-09-14,EXCLUDE,Q2-c37efe33ce
901082283,9,2024-09-22,2024-09-22,EXCLUDE,Q2-c37efe33ce
901082283,9,2024-09-28,2024-09-28,EXCLUDE,Q2-c37efe33ce
901082283,9,2024-10-05,2024-10-05,EXCLUDE,Q2-c37efe33ce
901082283,9,2024-10-20,2024-10-20,EXCLUDE,Q2-c37efe33ce
901082283,9,2024-10-26,2024-10-26,EXCLUDE,Q2-c37efe33ce
901082283,9,2024-11-02,2024-11-02,EXCLUDE,Q2-c37efe33ce
901082283,9,2024-11-09,2024-11-09,EXCLUDE,Q2-c37efe33ce
901082283,9,2024-11-23,2024-11-23,EXCLUDE,Q2-c37efe33ce
901082283,9,2024-12-01,2024-12-01,EXCLUDE,Q2-c37efe33ce
901082283,9,2024-12-04,2024-12-04,EXCLUDE,Q2-c37efe33ce
901082283,9,2024-12-07,2024-12-07,EXCLUDE,Q2-c37efe33ce
901082283,9,2024-12-15,2024-12-15,EXCLUDE,Q2-c37efe33ce
901082283,9,2024-12-21,2024-12-21,EXCLUDE,Q2-c37efe33ce
901082283,9,2024-12-26,2024-12-26,EXCLUDE,Q2-c37efe33ce
901082283,9,2024-12-29,2024-12-29,EXCLUDE,Q2-c37efe33ce
901082283,9,2025-01-04,2025-01-04,EXCLUDE,Q2-c37efe33ce
901082283,9,2025-01-14,2025-01-14,EXCLUDE,Q2-c37efe33ce
901082283,9,2025-01-19,2025-01-19,EXCLUDE,Q2-c37efe33ce
901082283,9,2025-01-25,2025-01-25,EXCLUDE,Q2-c37efe33ce
901082283,9,2025-02-02,2025-02-02,EXCLUDE,Q2-c37efe33ce
901082283,9,2025-02-15,2025-02-15,EXCLUDE,Q2-c37efe33ce
901082283,9,2025-02-23,2025-02-23,EXCLUDE,Q2-c37efe33ce
901082283,9,2025-02-26,2025-02-26,EXCLUDE,Q2-c37efe33ce
901082283,9,2025-03-08,2025-03-08,EXCLUDE,Q2-c37efe33ce
901082283,9,2025-03-15,2025-03-15,EXCLUDE,Q2-c37efe33ce
901082283,9,2025-04-02,2025-04-02,EXCLUDE,Q2-c37efe33ce
901082283,9,2025-04-06,2025-04-06,EXCLUDE,Q2-c37efe33ce
901082283,9,2025-04-12,2025-04-12,EXCLUDE,Q2-c37efe33ce
901082283,9,2025-04-19,2025-04-19,EXCLUDE,Q2-c37efe33ce
901082283,9,2025-04-22,2025-04-22,EXCLUDE,Q2-c37efe33ce
901082283,9,2025-05-02,2025-05-02,EXCLUDE,Q2-c37efe33ce
901082283,9,2025-05-10,2025-05-10,EXCLUDE,Q2-c37efe33ce
901082283,9,2025-05-20,2025-05-20,EXCLUDE,Q2-c37efe33ce
901082283,9,2025-05-25,2025-05-25,EXCLUDE,Q2-c37efe33ce
900652635,13,2024-08-17,2024-08-17,EXCLUDE,Q2-67315b177f
900652635,13,2024-08-24,2024-08-24,EXCLUDE,Q2-67315b177f
900652635,13,2024-08-31,2024-08-31,EXCLUDE,Q2-67315b177f
900652635,13,2024-09-14,2024-09-14,EXCLUDE,Q2-67315b177f
900652635,13,2024-09-21,2024-09-21,EXCLUDE,Q2-67315b177f
900652635,13,2024-09-28,2024-09-28,EXCLUDE,Q2-67315b177f
900652635,13,2024-10-05,2024-10-05,EXCLUDE,Q2-67315b177f
900652635,13,2024-10-19,2024-10-19,EXCLUDE,Q2-67315b177f
900652635,13,2024-10-26,2024-10-26,EXCLUDE,Q2-67315b177f
900652635,13,2024-11-02,2024-11-02,EXCLUDE,Q2-67315b177f
900652635,13,2024-11-09,2024-11-09,EXCLUDE,Q2-67315b177f
900652635,13,2024-11-23,2024-11-23,EXCLUDE,Q2-67315b177f
900652635,13,2024-12-01,2024-12-01,EXCLUDE,Q2-67315b177f
900652635,13,2024-12-04,2024-12-04,EXCLUDE,Q2-67315b177f
900652635,13,2024-12-14,2024-12-14,EXCLUDE,Q2-67315b177f
900652635,13,2024-12-22,2024-12-22,EXCLUDE,Q2-67315b177f
900652635,13,2024-12-26,2024-12-26,EXCLUDE,Q2-67315b177f
900652635,13,2024-12-29,2024-12-29,EXCLUDE,Q2-67315b177f
900652635,13,2025-01-04,2025-01-04,EXCLUDE,Q2-67315b177f
900652635,13,2025-01-15,2025-01-15,EXCLUDE,Q2-67315b177f
900652635,13,2025-01-19,2025-01-19,EXCLUDE,Q2-67315b177f
900652635,13,2025-01-25,2025-01-25,EXCLUDE,Q2-67315b177f
900652635,13,2025-02-01,2025-02-01,EXCLUDE,Q2-67315b177f
900652635,13,2025-02-12,2025-02-12,EXCLUDE,Q2-67315b177f
900652635,13,2025-02-15,2025-02-15,EXCLUDE,Q2-67315b177f
900652635,13,2025-02-22,2025-02-22,EXCLUDE,Q2-67315b177f
900652635,13,2025-02-26,2025-02-26,EXCLUDE,Q2-67315b177f
900652635,13,2025-03-08,2025-03-08,EXCLUDE,Q2-67315b177f
900652635,13,2025-03-15,2025-03-15,EXCLUDE,Q2-67315b177f
900652635,13,2025-04-02,2025-04-02,EXCLUDE,Q2-67315b177f
900652635,13,2025-04-05,2025-04-05,EXCLUDE,Q2-67315b177f
900652635,13,2025-04-12,2025-04-12,EXCLUDE,Q2-67315b177f
900652635,13,2025-04-19,2025-04-19,EXCLUDE,Q2-67315b177f
900652635,13,2025-04-26,2025-04-26,EXCLUDE,Q2-67315b177f
900652635,13,2025-05-03,2025-05-03,EXCLUDE,Q2-67315b177f
900652635,13,2025-05-10,2025-05-10,EXCLUDE,Q2-67315b177f
900652635,13,2025-05-18,2025-05-18,EXCLUDE,Q2-67315b177f
900652635,13,2025-05-25,2025-05-25,EXCLUDE,Q2-67315b177f
900796302,13,2024-08-17,2024-08-17,EXCLUDE,Q2-43c3230d2e
900796302,13,2024-08-24,2024-08-24,EXCLUDE,Q2-43c3230d2e
900796302,13,2024-08-31,2024-08-31,EXCLUDE,Q2-43c3230d2e
900796302,13,2024-09-14,2024-09-14,EXCLUDE,Q2-43c3230d2e
900796302,13,2024-09-21,2024-09-21,EXCLUDE,Q2-43c3230d2e
900796302,13,2024-09-28,2024-09-28,EXCLUDE,Q2-43c3230d2e
900796302,13,2024-10-05,2024-10-05,EXCLUDE,Q2-43c3230d2e
900796302,13,2024-10-19,2024-10-19,EXCLUDE,Q2-43c3230d2e
900796302,13,2024-10-26,2024-10-26,EXCLUDE,Q2-43c3230d2e
900796302,13,2024-11-02,2024-11-02,EXCLUDE,Q2-43c3230d2e
900796302,13,2024-11-09,2024-11-09,EXCLUDE,Q2-43c3230d2e
900796302,13,2024-11-23,2024-11-23,EXCLUDE,Q2-43c3230d2e
900796302,13,2024-12-01,2024-12-01,EXCLUDE,Q2-43c3230d2e
900796302,13,2024-12-04,2024-12-04,EXCLUDE,Q2-43c3230d2e
900796302,13,2024-12-14,2024-12-14,EXCLUDE,Q2-43c3230d2e
900796302,13,2024-12-22,2024-12-22,EXCLUDE,Q2-43c3230d2e
900796302,13,2024-12-26,2024-12-26,EXCLUDE,Q2-43c3230d2e
900796302,13,2024-12-29,2024-12-29,EXCLUDE,Q2-43c3230d2e
900796302,13,2025-01-04,2025-01-04,EXCLUDE,Q2-43c3230d2e
900796302,13,2025-01-15,2025-01-15,EXCLUDE,Q2-43c3230d2e
900796302,13,2025-01-19,2025-01-19,EXCLUDE,Q2-43c3230d2e
900796302,13,2025-01-25,2025-01-25,EXCLUDE,Q2-43c3230d2e
900796302,13,2025-02-01,2025-02-01,EXCLUDE,Q2-43c3230d2e
900796302,13,2025-02-12,2025-02-12,EXCLUDE,Q2-43c3230d2e
900796302,13,2025-02-15,2025-02-15,EXCLUDE,Q2-43c3230d2e
900796302,13,2025-02-22,2025-02-22,EXCLUDE,Q2-43c3230d2e
900796302,13,2025-02-26,2025-02-26,EXCLUDE,Q2-43c3230d2e
900796302,13,2025-03-08,2025-03-08,EXCLUDE,Q2-43c3230d2e
900796302,13,2025-03-15,2025-03-15,EXCLUDE,Q2-43c3230d2e
900796302,13,2025-04-02,2025-04-02,EXCLUDE,Q2-43c3230d2e
900796302,13,2025-04-05,2025-04-05,EXCLUDE,Q2-43c3230d2e
900796302,13,2025-04-12,2025-04-12,EXCLUDE,Q2-43c3230d2e
900796302,13,2025-04-19,2025-04-19,EXCLUDE,Q2-43c3230d2e
900796302,13,2025-04-26,2025-04-26,EXCLUDE,Q2-43c3230d2e
900796302,13,2025-05-03,2025-05-03,EXCLUDE,Q2-43c3230d2e
900796302,13,2025-05-10,2025-05-10,EXCLUDE,Q2-43c3230d2e
900796302,13,2025-05-18,2025-05-18,EXCLUDE,Q2-43c3230d2e
900796302,13,2025-05-25,2025-05-25,EXCLUDE,Q2-43c3230d2e
901055382,14,2024-08-16,2024-08-16,EXCLUDE,Q2-81cac9fefa
901055382,14,2024-08-24,2024-08-24,EXCLUDE,Q2-81cac9fefa
901055382,14,2024-09-01,2024-09-01,EXCLUDE,Q2-81cac9fefa
901055382,14,2024-09-14,2024-09-14,EXCLUDE,Q2-81cac9fefa
901055382,14,2024-09-21,2024-09-21,EXCLUDE,Q2-81cac9fefa
901055382,14,2024-09-29,2024-09-29,EXCLUDE,Q2-81cac9fefa
901055382,14,2024-10-06,2024-10-06,EXCLUDE,Q2-81cac9fefa
901055382,14,2024-10-19,2024-10-19,EXCLUDE,Q2-81cac9fefa
901055382,14,2024-10-27,2024-10-27,EXCLUDE,Q2-81cac9fefa
901055382,14,2024-11-03,2024-11-03,EXCLUDE,Q2-81cac9fefa
901055382,14,2024-11-10,2024-11-10,EXCLUDE,Q2-81cac9fefa
901055382,14,2024-11-24,2024-11-24,EXCLUDE,Q2-81cac9fefa
901055382,14,2024-12-01,2024-12-01,EXCLUDE,Q2-81cac9fefa
901055382,14,2024-12-04,2024-12-04,EXCLUDE,Q2-81cac9fefa
901055382,14,2024-12-07,2024-12-07,EXCLUDE,Q2-81cac9fefa
901055382,14,2024-12-15,2024-12-15,EXCLUDE,Q2-81cac9fefa
901055382,14,2024-12-22,2024-12-22,EXCLUDE,Q2-81cac9fefa
901055382,14,2024-12-26,2024-12-26,EXCLUDE,Q2-81cac9fefa
901055382,14,2024-12-30,2024-12-30,EXCLUDE,Q2-81cac9fefa
901055382,14,2025-01-05,2025-01-05,EXCLUDE,Q2-81cac9fefa
901055382,14,2025-01-16,2025-01-16,EXCLUDE,Q2-81cac9fefa
901055382,14,2025-01-19,2025-01-19,EXCLUDE,Q2-81cac9fefa
901055382,14,2025-01-26,2025-01-26,EXCLUDE,Q2-81cac9fefa
901055382,14,2025-02-02,2025-02-02,EXCLUDE,Q2-81cac9fefa
901055382,14,2025-02-16,2025-02-16,EXCLUDE,Q2-81cac9fefa
901055382,14,2025-02-22,2025-02-22,EXCLUDE,Q2-81cac9fefa
901055382,14,2025-02-26,2025-02-26,EXCLUDE,Q2-81cac9fefa
901055382,14,2025-03-09,2025-03-09,EXCLUDE,Q2-81cac9fefa
901055382,14,2025-03-16,2025-03-16,EXCLUDE,Q2-81cac9fefa
901055382,14,2025-04-01,2025-04-01,EXCLUDE,Q2-81cac9fefa
901055382,14,2025-04-06,2025-04-06,EXCLUDE,Q2-81cac9fefa
901055382,14,2025-04-13,2025-04-13,EXCLUDE,Q2-81cac9fefa
901055382,14,2025-04-20,2025-04-20,EXCLUDE,Q2-81cac9fefa
901055382,14,2025-04-27,2025-04-27,EXCLUDE,Q2-81cac9fefa
901055382,14,2025-05-04,2025-05-04,EXCLUDE,Q2-81cac9fefa
901055382,14,2025-05-11,2025-05-11,EXCLUDE,Q2-81cac9fefa
901055382,14,2025-05-16,2025-05-16,EXCLUDE,Q2-81cac9fefa
901055382,14,2025-05-25,2025-05-25,EXCLUDE,Q2-81cac9fefa
37665754,14,2024-08-16,2024-08-16,EXCLUDE,Q2-fab5263abb
37665754,14,2024-08-24,2024-08-24,EXCLUDE,Q2-fab5263abb
37665754,14,2024-09-01,2024-09-01,EXCLUDE,Q2-fab5263abb
37665754,14,2024-09-14,2024-09-14,EXCLUDE,Q2-fab5263abb
37665754,14,2024-09-21,2024-09-21,EXCLUDE,Q2-fab5263abb
37665754,14,2024-09-29,2024-09-29,EXCLUDE,Q2-fab5263abb
37665754,14,2024-10-06,2024-10-06,EXCLUDE,Q2-fab5263abb
37665754,14,2024-10-19,2024-10-19,EXCLUDE,Q2-fab5263abb
37665754,14,2024-10-27,2024-10-27,EXCLUDE,Q2-fab5263abb
37665754,14,2024-11-03,2024-11-03,EXCLUDE,Q2-fab5263abb
37665754,14,2024-11-10,2024-11-10,EXCLUDE,Q2-fab5263abb
37665754,14,2024-11-24,2024-11-24,EXCLUDE,Q2-fab5263abb
37665754,14,2024-12-01,2024-12-01,EXCLUDE,Q2-fab5263abb
37665754,14,2024-12-04,2024-12-04,EXCLUDE,Q2-fab5263abb
37665754,14,2024-12-07,2024-12-07,EXCLUDE,Q2-fab5263abb
37665754,14,2024-12-15,2024-12-15,EXCLUDE,Q2-fab5263abb
37665754,14,2024-12-22,2024-12-22,EXCLUDE,Q2-fab5263abb
37665754,14,2024-12-26,2024-12-26,EXCLUDE,Q2-fab5263abb
37665754,14,2024-12-30,2024-12-30,EXCLUDE,Q2-fab5263abb
37665754,14,2025-01-05,2025-01-05,EXCLUDE,Q2-fab5263abb
37665754,14,2025-01-16,2025-01-16,EXCLUDE,Q2-fab5263abb
37665754,14,2025-01-19,2025-01-19,EXCLUDE,Q2-fab5263abb
37665754,14,2025-01-26,2025-01-26,EXCLUDE,Q2-fab5263abb
37665754,14,2025-02-02,2025-02-02,EXCLUDE,Q2-fab5263abb
37665754,14,2025-02-16,2025-02-16,EXCLUDE,Q2-fab5263abb
37665754,14,2025-02-22,2025-02-22,EXCLUDE,Q2-fab5263abb
37665754,14,2025-02-26,2025-02-26,EXCLUDE,Q2-fab5263abb
37665754,14,2025-03-09,2025-03-09,EXCLUDE,Q2-fab5263abb
37665754,14,2025-03-16,2025-03-16,EXCLUDE,Q2-fab5263abb
37665754,14,2025-04-01,2025-04-01,EXCLUDE,Q2-fab5263abb
37665754,14,2025-04-06,2025-04-06,EXCLUDE,Q2-fab5263abb
37665754,14,2025-04-13,2025-04-13,EXCLUDE,Q2-fab5263abb
37665754,14,2025-04-20,2025-04-20,EXCLUDE,Q2-fab5263abb
37665754,14,2025-04-27,2025-04-27,EXCLUDE,Q2-fab5263abb
37665754,14,2025-05-04,2025-05-04,EXCLUDE,Q2-fab5263abb
37665754,14,2025-05-11,2025-05-11,EXCLUDE,Q2-fab5263abb
37665754,14,2025-05-16,2025-05-16,EXCLUDE,Q2-fab5263abb
37665754,14,2025-05-25,2025-05-25,EXCLUDE,Q2-fab5263abb
37623466,15,2024-08-17,2024-08-17,EXCLUDE,Q2-f2d6a0b6d0
37623466,15,2024-08-24,2024-08-24,EXCLUDE,Q2-f2d6a0b6d0
37623466,15,2024-08-31,2024-08-31,EXCLUDE,Q2-f2d6a0b6d0
37623466,15,2024-09-14,2024-09-14,EXCLUDE,Q2-f2d6a0b6d0
37623466,15,2024-09-21,2024-09-21,EXCLUDE,Q2-f2d6a0b6d0
37623466,15,2024-09-29,2024-09-29,EXCLUDE,Q2-f2d6a0b6d0
37623466,15,2024-10-06,2024-10-06,EXCLUDE,Q2-f2d6a0b6d0
37623466,15,2024-10-19,2024-10-19,EXCLUDE,Q2-f2d6a0b6d0
37623466,15,2024-10-26,2024-10-26,EXCLUDE,Q2-f2d6a0b6d0
37623466,15,2024-11-03,2024-11-03,EXCLUDE,Q2-f2d6a0b6d0
37623466,15,2024-11-09,2024-11-09,EXCLUDE,Q2-f2d6a0b6d0
37623466,15,2024-11-23,2024-11-23,EXCLUDE,Q2-f2d6a0b6d0
37623466,15,2024-12-01,2024-12-01,EXCLUDE,Q2-f2d6a0b6d0
37623466,15,2024-12-04,2024-12-04,EXCLUDE,Q2-f2d6a0b6d0
37623466,15,2024-12-07,2024-12-07,EXCLUDE,Q2-f2d6a0b6d0
37623466,15,2024-12-14,2024-12-14,EXCLUDE,Q2-f2d6a0b6d0
37623466,15,2024-12-21,2024-12-21,EXCLUDE,Q2-f2d6a0b6d0
37623466,15,2024-12-26,2024-12-26,EXCLUDE,Q2-f2d6a0b6d0
37623466,15,2024-12-30,2024-12-30,EXCLUDE,Q2-f2d6a0b6d0
37623466,15,2025-01-04,2025-01-04,EXCLUDE,Q2-f2d6a0b6d0
37623466,15,2025-01-15,2025-01-15,EXCLUDE,Q2-f2d6a0b6d0
37623466,15,2025-01-18,2025-01-18,EXCLUDE,Q2-f2d6a0b6d0
37623466,15,2025-01-26,2025-01-26,EXCLUDE,Q2-f2d6a0b6d0
37623466,15,2025-02-01,2025-02-01,EXCLUDE,Q2-f2d6a0b6d0
37623466,15,2025-02-15,2025-02-15,EXCLUDE,Q2-f2d6a0b6d0
37623466,15,2025-02-19,2025-02-19,EXCLUDE,Q2-f2d6a0b6d0
37623466,15,2025-02-22,2025-02-22,EXCLUDE,Q2-f2d6a0b6d0
37623466,15,2025-02-25,2025-02-25,EXCLUDE,Q2-f2d6a0b6d0
37623466,15,2025-03-08,2025-03-08,EXCLUDE,Q2-f2d6a0b6d0
37623466,15,2025-04-02,2025-04-02,EXCLUDE,Q2-f2d6a0b6d0
37623466,15,2025-04-05,2025-04-05,EXCLUDE,Q2-f2d6a0b6d0
37623466,15,2025-04-12,2025-04-12,EXCLUDE,Q2-f2d6a0b6d0
37623466,15,2025-04-19,2025-04-19,EXCLUDE,Q2-f2d6a0b6d0
37623466,15,2025-04-22,2025-04-22,EXCLUDE,Q2-f2d6a0b6d0
37623466,15,2025-05-03,2025-05-03,EXCLUDE,Q2-f2d6a0b6d0
37623466,15,2025-05-10,2025-05-10,EXCLUDE,Q2-f2d6a0b6d0
37623466,15,2025-05-16,2025-05-16,EXCLUDE,Q2-f2d6a0b6d0
37623466,15,2025-05-25,2025-05-25,EXCLUDE,Q2-f2d6a0b6d0
37735423,15,2024-08-17,2024-08-17,EXCLUDE,Q2-02f4cc18e6
37735423,15,2024-08-24,2024-08-24,EXCLUDE,Q2-02f4cc18e6
37735423,15,2024-08-31,2024-08-31,EXCLUDE,Q2-02f4cc18e6
37735423,15,2024-09-14,2024-09-14,EXCLUDE,Q2-02f4cc18e6
37735423,15,2024-09-21,2024-09-21,EXCLUDE,Q2-02f4cc18e6
37735423,15,2024-09-29,2024-09-29,EXCLUDE,Q2-02f4cc18e6
37735423,15,2024-10-06,2024-10-06,EXCLUDE,Q2-02f4cc18e6
37735423,15,2024-10-19,2024-10-19,EXCLUDE,Q2-02f4cc18e6
37735423,15,2024-10-26,2024-10-26,EXCLUDE,Q2-02f4cc18e6
37735423,15,2024-11-03,2024-11-03,EXCLUDE,Q2-02f4cc18e6
37735423,15,2024-11-09,2024-11-09,EXCLUDE,Q2-02f4cc18e6
37735423,15,2024-11-23,2024-11-23,EXCLUDE,Q2-02f4cc18e6
37735423,15,2024-12-01,2024-12-01,EXCLUDE,Q2-02f4cc18e6
37735423,15,2024-12-04,2024-12-04,EXCLUDE,Q2-02f4cc18e6
37735423,15,2024-12-07,2024-12-07,EXCLUDE,Q2-02f4cc18e6
37735423,15,2024-12-14,2024-12-14,EXCLUDE,Q2-02f4cc18e6
37735423,15,2024-12-21,2024-12-21,EXCLUDE,Q2-02f4cc18e6
37735423,15,2024-12-26,2024-12-26,EXCLUDE,Q2-02f4cc18e6
37735423,15,2024-12-30,2024-12-30,EXCLUDE,Q2-02f4cc18e6
37735423,15,2025-01-04,2025-01-04,EXCLUDE,Q2-02f4cc18e6
37735423,15,2025-01-15,2025-01-15,EXCLUDE,Q2-02f4cc18e6
37735423,15,2025-01-18,2025-01-18,EXCLUDE,Q2-02f4cc18e6
37735423,15,2025-01-26,2025-01-26,EXCLUDE,Q2-02f4cc18e6
37735423,15,2025-02-01,2025-02-01,EXCLUDE,Q2-02f4cc18e6
37735423,15,2025-02-15,2025-02-15,EXCLUDE,Q2-02f4cc18e6
37735423,15,2025-02-19,2025-02-19,EXCLUDE,Q2-02f4cc18e6
37735423,15,2025-02-22,2025-02-22,EXCLUDE,Q2-02f4cc18e6
37735423,15,2025-02-25,2025-02-25,EXCLUDE,Q2-02f4cc18e6
37735423,15,2025-03-08,2025-03-08,EXCLUDE,Q2-02f4cc18e6
37735423,15,2025-04-02,2025-04-02,EXCLUDE,Q2-02f4cc18e6
37735423,15,2025-04-05,2025-04-05,EXCLUDE,Q2-02f4cc18e6
37735423,15,2025-04-12,2025-04-12,EXCLUDE,Q2-02f4cc18e6
37735423,15,2025-04-19,2025-04-19,EXCLUDE,Q2-02f4cc18e6
37735423,15,2025-04-22,2025-04-22,EXCLUDE,Q2-02f4cc18e6
37735423,15,2025-05-03,2025-05-03,EXCLUDE,Q2-02f4cc18e6
37735423,15,2025-05-10,2025-05-10,EXCLUDE,Q2-02f4cc18e6
37735423,15,2025-05-16,2025-05-16,EXCLUDE,Q2-02f4cc18e6
37735423,15,2025-05-25,2025-05-25,EXCLUDE,Q2-02f4cc18e6
901108464,18,2024-08-18,2024-08-18,EXCLUDE,Q2-eae092a3b4
901108464,18,2024-08-25,2024-08-25,EXCLUDE,Q2-eae092a3b4
901108464,18,2024-09-01,2024-09-01,EXCLUDE,Q2-eae092a3b4
901108464,18,2024-09-14,2024-09-14,EXCLUDE,Q2-eae092a3b4
901108464,18,2024-09-21,2024-09-21,EXCLUDE,Q2-eae092a3b4
901108464,18,2024-09-28,2024-09-28,EXCLUDE,Q2-eae092a3b4
901108464,18,2024-10-06,2024-10-06,EXCLUDE,Q2-eae092a3b4
901108464,18,2024-10-20,2024-10-20,EXCLUDE,Q2-eae092a3b4
901108464,18,2024-10-27,2024-10-27,EXCLUDE,Q2-eae092a3b4
901108464,18,2024-11-03,2024-11-03,EXCLUDE,Q2-eae092a3b4
901108464,18,2024-11-10,2024-11-10,EXCLUDE,Q2-eae092a3b4
901108464,18,2024-11-23,2024-11-23,EXCLUDE,Q2-eae092a3b4
901108464,18,2024-12-01,2024-12-01,EXCLUDE,Q2-eae092a3b4
901108464,18,2024-12-04,2024-12-04,EXCLUDE,Q2-eae092a3b4
901108464,18,2024-12-08,2024-12-08,EXCLUDE,Q2-eae092a3b4
901108464,18,2024-12-15,2024-12-15,EXCLUDE,Q2-eae092a3b4
901108464,18,2024-12-22,2024-12-22,EXCLUDE,Q2-eae092a3b4
901108464,18,2024-12-26,2024-12-26,EXCLUDE,Q2-eae092a3b4
901108464,18,2024-12-30,2024-12-30,EXCLUDE,Q2-eae092a3b4
901108464,18,2025-01-04,2025-01-04,EXCLUDE,Q2-eae092a3b4
901108464,18,2025-01-14,2025-01-14,EXCLUDE,Q2-eae092a3b4
901108464,18,2025-01-20,2025-01-20,EXCLUDE,Q2-eae092a3b4
901108464,18,2025-01-25,2025-01-25,EXCLUDE,Q2-eae092a3b4
901108464,18,2025-02-03,2025-02-03,EXCLUDE,Q2-eae092a3b4
901108464,18,2025-02-14,2025-02-14,EXCLUDE,Q2-eae092a3b4
901108464,18,2025-02-22,2025-02-22,EXCLUDE,Q2-eae092a3b4
901108464,18,2025-02-25,2025-02-25,EXCLUDE,Q2-eae092a3b4
901108464,18,2025-03-09,2025-03-09,EXCLUDE,Q2-eae092a3b4
901108464,18,2025-03-16,2025-03-16,EXCLUDE,Q2-eae092a3b4
901108464,18,2025-04-03,2025-04-03,EXCLUDE,Q2-eae092a3b4
901108464,18,2025-04-06,2025-04-06,EXCLUDE,Q2-eae092a3b4
901108464,18,2025-04-13,2025-04-13,EXCLUDE,Q2-eae092a3b4
901108464,18,2025-04-20,2025-04-20,EXCLUDE,Q2-eae092a3b4
901108464,18,2025-04-26,2025-04-26,EXCLUDE,Q2-eae092a3b4
901108464,18,2025-05-04,2025-05-04,EXCLUDE,Q2-eae092a3b4
901108464,18,2025-05-11,2025-05-11,EXCLUDE,Q2-eae092a3b4
901108464,18,2025-05-16,2025-05-16,EXCLUDE,Q2-eae092a3b4
901108464,18,2025-05-25,2025-05-25,EXCLUDE,Q2-eae092a3b4
900742943,19,2024-08-17,2024-08-17,EXCLUDE,Q2-f545e934f1
900742943,19,2024-08-24,2024-08-24,EXCLUDE,Q2-f545e934f1
900742943,19,2024-08-31,2024-08-31,EXCLUDE,Q2-f545e934f1
900742943,19,2024-09-15,2024-09-15,EXCLUDE,Q2-f545e934f1
900742943,19,2024-09-22,2024-09-22,EXCLUDE,Q2-f545e934f1
900742943,19,2024-09-28,2024-09-28,EXCLUDE,Q2-f545e934f1
900742943,19,2024-10-05,2024-10-05,EXCLUDE,Q2-f545e934f1
900742943,19,2024-10-19,2024-10-19,EXCLUDE,Q2-f545e934f1
900742943,19,2024-10-27,2024-10-27,EXCLUDE,Q2-f545e934f1
900742943,19,2024-11-02,2024-11-02,EXCLUDE,Q2-f545e934f1
900742943,19,2024-11-10,2024-11-10,EXCLUDE,Q2-f545e934f1
900742943,19,2024-11-23,2024-11-23,EXCLUDE,Q2-f545e934f1
900742943,19,2024-11-30,2024-11-30,EXCLUDE,Q2-f545e934f1
900742943,19,2024-12-04,2024-12-04,EXCLUDE,Q2-f545e934f1
900742943,19,2024-12-08,2024-12-08,EXCLUDE,Q2-f545e934f1
900742943,19,2024-12-14,2024-12-14,EXCLUDE,Q2-f545e934f1
900742943,19,2024-12-21,2024-12-21,EXCLUDE,Q2-f545e934f1
900742943,19,2024-12-27,2024-12-27,EXCLUDE,Q2-f545e934f1
900742943,19,2025-01-01,2025-01-01,EXCLUDE,Q2-f545e934f1
900742943,19,2025-01-04,2025-01-04,EXCLUDE,Q2-f545e934f1
900742943,19,2025-01-15,2025-01-15,EXCLUDE,Q2-f545e934f1
900742943,19,2025-01-18,2025-01-18,EXCLUDE,Q2-f545e934f1
900742943,19,2025-01-25,2025-01-25,EXCLUDE,Q2-f545e934f1
900742943,19,2025-02-02,2025-02-02,EXCLUDE,Q2-f545e934f1
900742943,19,2025-02-15,2025-02-15,EXCLUDE,Q2-f545e934f1
900742943,19,2025-02-22,2025-02-22,EXCLUDE,Q2-f545e934f1
900742943,19,2025-02-26,2025-02-26,EXCLUDE,Q2-f545e934f1
900742943,19,2025-03-09,2025-03-09,EXCLUDE,Q2-f545e934f1
900742943,19,2025-03-16,2025-03-16,EXCLUDE,Q2-f545e934f1
900742943,19,2025-04-01,2025-04-01,EXCLUDE,Q2-f545e934f1
900742943,19,2025-04-05,2025-04-05,EXCLUDE,Q2-f545e934f1
900742943,19,2025-04-12,2025-04-12,EXCLUDE,Q2-f545e934f1
900742943,19,2025-04-20,2025-04-20,EXCLUDE,Q2-f545e934f1
900742943,19,2025-04-23,2025-04-23,EXCLUDE,Q2-f545e934f1
900742943,19,2025-05-03,2025-05-03,EXCLUDE,Q2-f545e934f1
900742943,19,2025-05-11,2025-05-11,EXCLUDE,Q2-f545e934f1
900742943,19,2025-05-18,2025-05-18,EXCLUDE,Q2-f545e934f1
900742943,19,2025-05-25,2025-05-25,EXCLUDE,Q2-f545e934f1
901180733,19,2024-08-17,2024-08-17,EXCLUDE,Q2-7e7f220530
901180733,19,2024-08-24,2024-08-24,EXCLUDE,Q2-7e7f220530
901180733,19,2024-08-31,2024-08-31,EXCLUDE,Q2-7e7f220530
901180733,19,2024-09-15,2024-09-15,EXCLUDE,Q2-7e7f220530
901180733,19,2024-09-22,2024-09-22,EXCLUDE,Q2-7e7f220530
901180733,19,2024-09-28,2024-09-28,EXCLUDE,Q2-7e7f220530
901180733,19,2024-10-05,2024-10-05,EXCLUDE,Q2-7e7f220530
901180733,19,2024-10-19,2024-10-19,EXCLUDE,Q2-7e7f220530
901180733,19,2024-10-27,2024-10-27,EXCLUDE,Q2-7e7f220530
901180733,19,2024-11-02,2024-11-02,EXCLUDE,Q2-7e7f220530
901180733,19,2024-11-10,2024-11-10,EXCLUDE,Q2-7e7f220530
901180733,19,2024-11-23,2024-11-23,EXCLUDE,Q2-7e7f220530
901180733,19,2024-11-30,2024-11-30,EXCLUDE,Q2-7e7f220530
901180733,19,2024-12-04,2024-12-04,EXCLUDE,Q2-7e7f220530
901180733,19,2024-12-08,2024-12-08,EXCLUDE,Q2-7e7f220530
901180733,19,2024-12-14,2024-12-14,EXCLUDE,Q2-7e7f220530
901180733,19,2024-12-21,2024-12-21,EXCLUDE,Q2-7e7f220530
901180733,19,2024-12-27,2024-12-27,EXCLUDE,Q2-7e7f220530
901180733,19,2025-01-01,2025-01-01,EXCLUDE,Q2-7e7f220530
901180733,19,2025-01-04,2025-01-04,EXCLUDE,Q2-7e7f220530
901180733,19,2025-01-15,2025-01-15,EXCLUDE,Q2-7e7f220530
901180733,19,2025-01-18,2025-01-18,EXCLUDE,Q2-7e7f220530
901180733,19,2025-01-25,2025-01-25,EXCLUDE,Q2-7e7f220530
901180733,19,2025-02-02,2025-02-02,EXCLUDE,Q2-7e7f220530
901180733,19,2025-02-15,2025-02-15,EXCLUDE,Q2-7e7f220530
901180733,19,2025-02-22,2025-02-22,EXCLUDE,Q2-7e7f220530
901180733,19,2025-02-26,2025-02-26,EXCLUDE,Q2-7e7f220530
901180733,19,2025-03-09,2025-03-09,EXCLUDE,Q2-7e7f220530
901180733,19,2025-03-16,2025-03-16,EXCLUDE,Q2-7e7f220530
901180733,19,2025-04-01,2025-04-01,EXCLUDE,Q2-7e7f220530
901180733,19,2025-04-05,2025-04-05,EXCLUDE,Q2-7e7f220530
901180733,19,2025-04-12,2025-04-12,EXCLUDE,Q2-7e7f220530
901180733,19,2025-04-20,2025-04-20,EXCLUDE,Q2-7e7f220530
901180733,19,2025-04-23,2025-04-23,EXCLUDE,Q2-7e7f220530
901180733,19,2025-05-03,2025-05-03,EXCLUDE,Q2-7e7f220530
901180733,19,2025-05-11,2025-05-11,EXCLUDE,Q2-7e7f220530
901180733,19,2025-05-18,2025-05-18,EXCLUDE,Q2-7e7f220530
901180733,19,2025-05-25,2025-05-25,EXCLUDE,Q2-7e7f220530
37709291,1,2023-08-12,2023-08-12,EXCLUDE,Q2-8d058c86af
37709291,1,2023-08-20,2023-08-20,EXCLUDE,Q2-8d058c86af
37709291,1,2023-08-26,2023-08-26,EXCLUDE,Q2-8d058c86af
37709291,1,2023-09-01,2023-09-01,EXCLUDE,Q2-8d058c86af
37709291,1,2023-09-16,2023-09-16,EXCLUDE,Q2-8d058c86af
37709291,1,2023-09-24,2023-09-24,EXCLUDE,Q2-8d058c86af
37709291,1,2023-09-30,2023-09-30,EXCLUDE,Q2-8d058c86af
37709291,1,2023-10-08,2023-10-08,EXCLUDE,Q2-8d058c86af
37709291,1,2023-10-22,2023-10-22,EXCLUDE,Q2-8d058c86af
37709291,1,2023-10-29,2023-10-29,EXCLUDE,Q2-8d058c86af
37709291,1,2023-11-04,2023-11-04,EXCLUDE,Q2-8d058c86af
37709291,1,2023-11-12,2023-11-12,EXCLUDE,Q2-8d058c86af
37709291,1,2023-11-25,2023-11-25,EXCLUDE,Q2-8d058c86af
37709291,1,2023-12-03,2023-12-03,EXCLUDE,Q2-8d058c86af
37709291,1,2023-12-07,2023-12-07,EXCLUDE,Q2-8d058c86af
37709291,1,2023-12-10,2023-12-10,EXCLUDE,Q2-8d058c86af
37709291,1,2023-12-17,2023-12-17,EXCLUDE,Q2-8d058c86af
37709291,1,2023-12-23,2023-12-23,EXCLUDE,Q2-8d058c86af
37709291,1,2023-12-28,2023-12-28,EXCLUDE,Q2-8d058c86af
37709291,1,2024-01-02,2024-01-02,EXCLUDE,Q2-8d058c86af
37709291,1,2024-01-21,2024-01-21,EXCLUDE,Q2-8d058c86af
37709291,1,2024-02-01,2024-02-01,EXCLUDE,Q2-8d058c86af
37709291,1,2024-02-04,2024-02-04,EXCLUDE,Q2-8d058c86af
37709291,1,2024-02-11,2024-02-11,EXCLUDE,Q2-8d058c86af
37709291,1,2024-02-17,2024-02-17,EXCLUDE,Q2-8d058c86af
37709291,1,2024-02-26,2024-02-26,EXCLUDE,Q2-8d058c86af
37709291,1,2024-03-02,2024-03-02,EXCLUDE,Q2-8d058c86af
37709291,1,2024-03-10,2024-03-10,EXCLUDE,Q2-8d058c86af
37709291,1,2024-03-17,2024-03-17,EXCLUDE,Q2-8d058c86af
37709291,1,2024-03-30,2024-03-30,EXCLUDE,Q2-8d058c86af
37709291,1,2024-04-02,2024-04-02,EXCLUDE,Q2-8d058c86af
37709291,1,2024-04-06,2024-04-06,EXCLUDE,Q2-8d058c86af
37709291,1,2024-04-14,2024-04-14,EXCLUDE,Q2-8d058c86af
37709291,1,2024-04-21,2024-04-21,EXCLUDE,Q2-8d058c86af
37709291,1,2024-04-27,2024-04-27,EXCLUDE,Q2-8d058c86af
37709291,1,2024-05-05,2024-05-05,EXCLUDE,Q2-8d058c86af
37709291,1,2024-05-11,2024-05-11,EXCLUDE,Q2-8d058c86af
37709291,1,2024-05-19,2024-05-19,EXCLUDE,Q2-8d058c86af
900570469,8,2023-08-13,2023-08-13,EXCLUDE,Q2-73cb13aefe
900570469,8,2023-08-19,2023-08-19,EXCLUDE,Q2-73cb13aefe
900570469,8,2023-08-27,2023-08-27,EXCLUDE,Q2-73cb13aefe
900570469,8,2023-09-03,2023-09-03,EXCLUDE,Q2-73cb13aefe
900570469,8,2023-09-16,2023-09-16,EXCLUDE,Q2-73cb13aefe
900570469,8,2023-09-24,2023-09-24,EXCLUDE,Q2-73cb13aefe
900570469,8,2023-09-30,2023-09-30,EXCLUDE,Q2-73cb13aefe
900570469,8,2023-10-08,2023-10-08,EXCLUDE,Q2-73cb13aefe
900570469,8,2023-10-21,2023-10-21,EXCLUDE,Q2-73cb13aefe
900570469,8,2023-10-29,2023-10-29,EXCLUDE,Q2-73cb13aefe
900570469,8,2023-11-05,2023-11-05,EXCLUDE,Q2-73cb13aefe
900570469,8,2023-11-12,2023-11-12,EXCLUDE,Q2-73cb13aefe
900570469,8,2023-11-25,2023-11-25,EXCLUDE,Q2-73cb13aefe
900570469,8,2023-12-03,2023-12-03,EXCLUDE,Q2-73cb13aefe
900570469,8,2023-12-06,2023-12-06,EXCLUDE,Q2-73cb13aefe
900570469,8,2023-12-09,2023-12-09,EXCLUDE,Q2-73cb13aefe
900570469,8,2023-12-17,2023-12-17,EXCLUDE,Q2-73cb13aefe
900570469,8,2023-12-23,2023-12-23,EXCLUDE,Q2-73cb13aefe
900570469,8,2023-12-26,2023-12-26,EXCLUDE,Q2-73cb13aefe
900570469,8,2024-01-01,2024-01-01,EXCLUDE,Q2-73cb13aefe
900570469,8,2024-01-21,2024-01-21,EXCLUDE,Q2-73cb13aefe
900570469,8,2024-01-31,2024-01-31,EXCLUDE,Q2-73cb13aefe
900570469,8,2024-02-04,2024-02-04,EXCLUDE,Q2-73cb13aefe
900570469,8,2024-02-10,2024-02-10,EXCLUDE,Q2-73cb13aefe
900570469,8,2024-02-17,2024-02-17,EXCLUDE,Q2-73cb13aefe
900570469,8,2024-02-21,2024-02-21,EXCLUDE,Q2-73cb13aefe
900570469,8,2024-03-02,2024-03-02,EXCLUDE,Q2-73cb13aefe
900570469,8,2024-03-10,2024-03-10,EXCLUDE,Q2-73cb13aefe
900570469,8,2024-03-31,2024-03-31,EXCLUDE,Q2-73cb13aefe
900570469,8,2024-04-04,2024-04-04,EXCLUDE,Q2-73cb13aefe
900570469,8,2024-04-07,2024-04-07,EXCLUDE,Q2-73cb13aefe
900570469,8,2024-04-14,2024-04-14,EXCLUDE,Q2-73cb13aefe
900570469,8,2024-04-21,2024-04-21,EXCLUDE,Q2-73cb13aefe
900570469,8,2024-04-24,2024-04-24,EXCLUDE,Q2-73cb13aefe
900570469,8,2024-04-27,2024-04-27,EXCLUDE,Q2-73cb13aefe
900570469,8,2024-05-05,2024-05-05,EXCLUDE,Q2-73cb13aefe
900570469,8,2024-05-13,2024-05-13,EXCLUDE,Q2-73cb13aefe
900570469,8,2024-05-19,2024-05-19,EXCLUDE,Q2-73cb13aefe
901130022,8,2023-08-13,2023-08-13,EXCLUDE,Q2-5a4ec8edde
901130022,8,2023-08-19,2023-08-19,EXCLUDE,Q2-5a4ec8edde
901130022,8,2023-08-27,2023-08-27,EXCLUDE,Q2-5a4ec8edde
901130022,8,2023-09-03,2023-09-03,EXCLUDE,Q2-5a4ec8edde
901130022,8,2023-09-16,2023-09-16,EXCLUDE,Q2-5a4ec8edde
901130022,8,2023-09-24,2023-09-24,EXCLUDE,Q2-5a4ec8edde
901130022,8,2023-09-30,2023-09-30,EXCLUDE,Q2-5a4ec8edde
901130022,8,2023-10-08,2023-10-08,EXCLUDE,Q2-5a4ec8edde
901130022,8,2023-10-21,2023-10-21,EXCLUDE,Q2-5a4ec8edde
901130022,8,2023-10-29,2023-10-29,EXCLUDE,Q2-5a4ec8edde
901130022,8,2023-11-05,2023-11-05,EXCLUDE,Q2-5a4ec8edde
901130022,8,2023-11-12,2023-11-12,EXCLUDE,Q2-5a4ec8edde
901130022,8,2023-11-25,2023-11-25,EXCLUDE,Q2-5a4ec8edde
901130022,8,2023-12-03,2023-12-03,EXCLUDE,Q2-5a4ec8edde
901130022,8,2023-12-06,2023-12-06,EXCLUDE,Q2-5a4ec8edde
901130022,8,2023-12-09,2023-12-09,EXCLUDE,Q2-5a4ec8edde
901130022,8,2023-12-17,2023-12-17,EXCLUDE,Q2-5a4ec8edde
901130022,8,2023-12-23,2023-12-23,EXCLUDE,Q2-5a4ec8edde
901130022,8,2023-12-26,2023-12-26,EXCLUDE,Q2-5a4ec8edde
901130022,8,2024-01-01,2024-01-01,EXCLUDE,Q2-5a4ec8edde
901130022,8,2024-01-21,2024-01-21,EXCLUDE,Q2-5a4ec8edde
901130022,8,2024-01-31,2024-01-31,EXCLUDE,Q2-5a4ec8edde
901130022,8,2024-02-04,2024-02-04,EXCLUDE,Q2-5a4ec8edde
901130022,8,2024-02-10,2024-02-10,EXCLUDE,Q2-5a4ec8edde
901130022,8,2024-02-17,2024-02-17,EXCLUDE,Q2-5a4ec8edde
901130022,8,2024-02-21,2024-02-21,EXCLUDE,Q2-5a4ec8edde
901130022,8,2024-03-02,2024-03-02,EXCLUDE,Q2-5a4ec8edde
901130022,8,2024-03-10,2024-03-10,EXCLUDE,Q2-5a4ec8edde
901130022,8,2024-03-31,2024-03-31,EXCLUDE,Q2-5a4ec8edde
901130022,8,2024-04-04,2024-04-04,EXCLUDE,Q2-5a4ec8edde
901130022,8,2024-04-07,2024-04-07,EXCLUDE,Q2-5a4ec8edde
901130022,8,2024-04-14,2024-04-14,EXCLUDE,Q2-5a4ec8edde
901130022,8,2024-04-21,2024-04-21,EXCLUDE,Q2-5a4ec8edde
901130022,8,2024-04-24,2024-04-24,EXCLUDE,Q2-5a4ec8edde
901130022,8,2024-04-27,2024-04-27,EXCLUDE,Q2-5a4ec8edde
901130022,8,2024-05-05,2024-05-05,EXCLUDE,Q2-5a4ec8edde
901130022,8,2024-05-13,2024-05-13,EXCLUDE,Q2-5a4ec8edde
901130022,8,2024-05-19,2024-05-19,EXCLUDE,Q2-5a4ec8edde
900919438,9,2023-08-11,2023-08-11,EXCLUDE,Q2-8177870ba1
900919438,9,2023-08-19,2023-08-19,EXCLUDE,Q2-8177870ba1
900919438,9,2023-08-27,2023-08-27,EXCLUDE,Q2-8177870ba1
900919438,9,2023-09-02,2023-09-02,EXCLUDE,Q2-8177870ba1
900919438,9,2023-09-16,2023-09-16,EXCLUDE,Q2-8177870ba1
900919438,9,2023-09-23,2023-09-23,EXCLUDE,Q2-8177870ba1
900919438,9,2023-09-30,2023-09-30,EXCLUDE,Q2-8177870ba1
900919438,9,2023-10-08,2023-10-08,EXCLUDE,Q2-8177870ba1
900919438,9,2023-10-21,2023-10-21,EXCLUDE,Q2-8177870ba1
900919438,9,2023-10-29,2023-10-29,EXCLUDE,Q2-8177870ba1
900919438,9,2023-11-04,2023-11-04,EXCLUDE,Q2-8177870ba1
900919438,9,2023-11-12,2023-11-12,EXCLUDE,Q2-8177870ba1
900919438,9,2023-11-25,2023-11-25,EXCLUDE,Q2-8177870ba1
900919438,9,2023-12-03,2023-12-03,EXCLUDE,Q2-8177870ba1
900919438,9,2023-12-06,2023-12-06,EXCLUDE,Q2-8177870ba1
900919438,9,2023-12-10,2023-12-10,EXCLUDE,Q2-8177870ba1
900919438,9,2023-12-16,2023-12-16,EXCLUDE,Q2-8177870ba1
900919438,9,2023-12-27,2023-12-27,EXCLUDE,Q2-8177870ba1
900919438,9,2023-12-30,2023-12-30,EXCLUDE,Q2-8177870ba1
900919438,9,2024-01-13,2024-01-13,EXCLUDE,Q2-8177870ba1
900919438,9,2024-01-31,2024-01-31,EXCLUDE,Q2-8177870ba1
900919438,9,2024-02-05,2024-02-05,EXCLUDE,Q2-8177870ba1
900919438,9,2024-02-10,2024-02-10,EXCLUDE,Q2-8177870ba1
900919438,9,2024-02-17,2024-02-17,EXCLUDE,Q2-8177870ba1
900919438,9,2024-02-20,2024-02-20,EXCLUDE,Q2-8177870ba1
900919438,9,2024-02-24,2024-02-24,EXCLUDE,Q2-8177870ba1
900919438,9,2024-03-03,2024-03-03,EXCLUDE,Q2-8177870ba1
900919438,9,2024-03-10,2024-03-10,EXCLUDE,Q2-8177870ba1
900919438,9,2024-03-31,2024-03-31,EXCLUDE,Q2-8177870ba1
900919438,9,2024-04-03,2024-04-03,EXCLUDE,Q2-8177870ba1
900919438,9,2024-04-06,2024-04-06,EXCLUDE,Q2-8177870ba1
900919438,9,2024-04-13,2024-04-13,EXCLUDE,Q2-8177870ba1
900919438,9,2024-04-25,2024-04-25,EXCLUDE,Q2-8177870ba1
900919438,9,2024-04-28,2024-04-28,EXCLUDE,Q2-8177870ba1
900919438,9,2024-05-04,2024-05-04,EXCLUDE,Q2-8177870ba1
900919438,9,2024-05-11,2024-05-11,EXCLUDE,Q2-8177870ba1
900919438,9,2024-05-14,2024-05-14,EXCLUDE,Q2-8177870ba1
900919438,9,2024-05-19,2024-05-19,EXCLUDE,Q2-8177870ba1
900626301,11,2023-08-12,2023-08-12,EXCLUDE,Q2-dd2749d301
900626301,11,2023-08-19,2023-08-19,EXCLUDE,Q2-dd2749d301
900626301,11,2023-08-26,2023-08-26,EXCLUDE,Q2-dd2749d301
900626301,11,2023-09-02,2023-09-02,EXCLUDE,Q2-dd2749d301
900626301,11,2023-09-16,2023-09-16,EXCLUDE,Q2-dd2749d301
900626301,11,2023-09-23,2023-09-23,EXCLUDE,Q2-dd2749d301
900626301,11,2023-10-02,2023-10-02,EXCLUDE,Q2-dd2749d301
900626301,11,2023-10-07,2023-10-07,EXCLUDE,Q2-dd2749d301
900626301,11,2023-10-23,2023-10-23,EXCLUDE,Q2-dd2749d301
900626301,11,2023-10-29,2023-10-29,EXCLUDE,Q2-dd2749d301
900626301,11,2023-11-04,2023-11-04,EXCLUDE,Q2-dd2749d301
900626301,11,2023-11-12,2023-11-12,EXCLUDE,Q2-dd2749d301
900626301,11,2023-11-27,2023-11-27,EXCLUDE,Q2-dd2749d301
900626301,11,2023-12-03,2023-12-03,EXCLUDE,Q2-dd2749d301
900626301,11,2023-12-06,2023-12-06,EXCLUDE,Q2-dd2749d301
900626301,11,2023-12-10,2023-12-10,EXCLUDE,Q2-dd2749d301
900626301,11,2023-12-16,2023-12-16,EXCLUDE,Q2-dd2749d301
900626301,11,2023-12-23,2023-12-23,EXCLUDE,Q2-dd2749d301
900626301,11,2023-12-26,2023-12-26,EXCLUDE,Q2-dd2749d301
900626301,11,2023-12-31,2023-12-31,EXCLUDE,Q2-dd2749d301
900626301,11,2024-01-13,2024-01-13,EXCLUDE,Q2-dd2749d301
900626301,11,2024-01-30,2024-01-30,EXCLUDE,Q2-dd2749d301
900626301,11,2024-02-03,2024-02-03,EXCLUDE,Q2-dd2749d301
900626301,11,2024-02-10,2024-02-10,EXCLUDE,Q2-dd2749d301
900626301,11,2024-02-17,2024-02-17,EXCLUDE,Q2-dd2749d301
900626301,11,2024-02-24,2024-02-24,EXCLUDE,Q2-dd2749d301
900626301,11,2024-03-02,2024-03-02,EXCLUDE,Q2-dd2749d301
900626301,11,2024-03-09,2024-03-09,EXCLUDE,Q2-dd2749d301
900626301,11,2024-03-16,2024-03-16,EXCLUDE,Q2-dd2749d301
900626301,11,2024-03-30,2024-03-30,EXCLUDE,Q2-dd2749d301
900626301,11,2024-04-02,2024-04-02,EXCLUDE,Q2-dd2749d301
900626301,11,2024-04-06,2024-04-06,EXCLUDE,Q2-dd2749d301
900626301,11,2024-04-14,2024-04-14,EXCLUDE,Q2-dd2749d301
900626301,11,2024-04-21,2024-04-21,EXCLUDE,Q2-dd2749d301
900626301,11,2024-04-27,2024-04-27,EXCLUDE,Q2-dd2749d301
900626301,11,2024-05-04,2024-05-04,EXCLUDE,Q2-dd2749d301
900626301,11,2024-05-11,2024-05-11,EXCLUDE,Q2-dd2749d301
900626301,11,2024-05-19,2024-05-19,EXCLUDE,Q2-dd2749d301
901049905,15,2023-08-12,2023-08-12,EXCLUDE,Q2-7815ddefd0
901049905,15,2023-08-20,2023-08-20,EXCLUDE,Q2-7815ddefd0
901049905,15,2023-08-27,2023-08-27,EXCLUDE,Q2-7815ddefd0
901049905,15,2023-09-03,2023-09-03,EXCLUDE,Q2-7815ddefd0
901049905,15,2023-09-16,2023-09-16,EXCLUDE,Q2-7815ddefd0
901049905,15,2023-09-24,2023-09-24,EXCLUDE,Q2-7815ddefd0
901049905,15,2023-09-30,2023-09-30,EXCLUDE,Q2-7815ddefd0
901049905,15,2023-10-08,2023-10-08,EXCLUDE,Q2-7815ddefd0
901049905,15,2023-10-22,2023-10-22,EXCLUDE,Q2-7815ddefd0
901049905,15,2023-10-29,2023-10-29,EXCLUDE,Q2-7815ddefd0
901049905,15,2023-11-05,2023-11-05,EXCLUDE,Q2-7815ddefd0
901049905,15,2023-11-12,2023-11-12,EXCLUDE,Q2-7815ddefd0
901049905,15,2023-11-26,2023-11-26,EXCLUDE,Q2-7815ddefd0
901049905,15,2023-12-03,2023-12-03,EXCLUDE,Q2-7815ddefd0
901049905,15,2023-12-06,2023-12-06,EXCLUDE,Q2-7815ddefd0
901049905,15,2023-12-09,2023-12-09,EXCLUDE,Q2-7815ddefd0
901049905,15,2023-12-17,2023-12-17,EXCLUDE,Q2-7815ddefd0
901049905,15,2023-12-22,2023-12-22,EXCLUDE,Q2-7815ddefd0
901049905,15,2023-12-26,2023-12-26,EXCLUDE,Q2-7815ddefd0
901049905,15,2023-12-30,2023-12-30,EXCLUDE,Q2-7815ddefd0
901049905,15,2024-01-14,2024-01-14,EXCLUDE,Q2-7815ddefd0
901049905,15,2024-01-30,2024-01-30,EXCLUDE,Q2-7815ddefd0
901049905,15,2024-02-03,2024-02-03,EXCLUDE,Q2-7815ddefd0
901049905,15,2024-02-11,2024-02-11,EXCLUDE,Q2-7815ddefd0
901049905,15,2024-02-17,2024-02-17,EXCLUDE,Q2-7815ddefd0
901049905,15,2024-02-24,2024-02-24,EXCLUDE,Q2-7815ddefd0
901049905,15,2024-03-02,2024-03-02,EXCLUDE,Q2-7815ddefd0
901049905,15,2024-03-10,2024-03-10,EXCLUDE,Q2-7815ddefd0
901049905,15,2024-03-17,2024-03-17,EXCLUDE,Q2-7815ddefd0
901049905,15,2024-03-30,2024-03-30,EXCLUDE,Q2-7815ddefd0
901049905,15,2024-04-03,2024-04-03,EXCLUDE,Q2-7815ddefd0
901049905,15,2024-04-06,2024-04-06,EXCLUDE,Q2-7815ddefd0
901049905,15,2024-04-14,2024-04-14,EXCLUDE,Q2-7815ddefd0
901049905,15,2024-04-21,2024-04-21,EXCLUDE,Q2-7815ddefd0
901049905,15,2024-04-27,2024-04-27,EXCLUDE,Q2-7815ddefd0
901049905,15,2024-05-05,2024-05-05,EXCLUDE,Q2-7815ddefd0
901049905,15,2024-05-13,2024-05-13,EXCLUDE,Q2-7815ddefd0
901049905,15,2024-05-19,2024-05-19,EXCLUDE,Q2-7815ddefd0
900796299,18,2023-08-13,2023-08-13,EXCLUDE,Q2-3cb01ba584
900796299,18,2023-08-20,2023-08-20,EXCLUDE,Q2-3cb01ba584
900796299,18,2023-08-25,2023-08-25,EXCLUDE,Q2-3cb01ba584
900796299,18,2023-09-02,2023-09-02,EXCLUDE,Q2-3cb01ba584
900796299,18,2023-09-17,2023-09-17,EXCLUDE,Q2-3cb01ba584
900796299,18,2023-09-24,2023-09-24,EXCLUDE,Q2-3cb01ba584
900796299,18,2023-10-02,2023-10-02,EXCLUDE,Q2-3cb01ba584
900796299,18,2023-10-07,2023-10-07,EXCLUDE,Q2-3cb01ba584
900796299,18,2023-10-21,2023-10-21,EXCLUDE,Q2-3cb01ba584
900796299,18,2023-10-28,2023-10-28,EXCLUDE,Q2-3cb01ba584
900796299,18,2023-11-06,2023-11-06,EXCLUDE,Q2-3cb01ba584
900796299,18,2023-11-12,2023-11-12,EXCLUDE,Q2-3cb01ba584
900796299,18,2023-11-25,2023-11-25,EXCLUDE,Q2-3cb01ba584
900796299,18,2023-12-03,2023-12-03,EXCLUDE,Q2-3cb01ba584
900796299,18,2023-12-06,2023-12-06,EXCLUDE,Q2-3cb01ba584
900796299,18,2023-12-10,2023-12-10,EXCLUDE,Q2-3cb01ba584
900796299,18,2023-12-16,2023-12-16,EXCLUDE,Q2-3cb01ba584
900796299,18,2023-12-24,2023-12-24,EXCLUDE,Q2-3cb01ba584
900796299,18,2023-12-27,2023-12-27,EXCLUDE,Q2-3cb01ba584
900796299,18,2023-12-30,2023-12-30,EXCLUDE,Q2-3cb01ba584
900796299,18,2024-01-13,2024-01-13,EXCLUDE,Q2-3cb01ba584
900796299,18,2024-01-31,2024-01-31,EXCLUDE,Q2-3cb01ba584
900796299,18,2024-02-04,2024-02-04,EXCLUDE,Q2-3cb01ba584
900796299,18,2024-02-12,2024-02-12,EXCLUDE,Q2-3cb01ba584
900796299,18,2024-02-17,2024-02-17,EXCLUDE,Q2-3cb01ba584
900796299,18,2024-03-02,2024-03-02,EXCLUDE,Q2-3cb01ba584
900796299,18,2024-03-11,2024-03-11,EXCLUDE,Q2-3cb01ba584
900796299,18,2024-03-30,2024-03-30,EXCLUDE,Q2-3cb01ba584
900796299,18,2024-04-04,2024-04-04,EXCLUDE,Q2-3cb01ba584
900796299,18,2024-04-07,2024-04-07,EXCLUDE,Q2-3cb01ba584
900796299,18,2024-04-15,2024-04-15,EXCLUDE,Q2-3cb01ba584
900796299,18,2024-04-23,2024-04-23,EXCLUDE,Q2-3cb01ba584
900796299,18,2024-04-27,2024-04-27,EXCLUDE,Q2-3cb01ba584
900796299,18,2024-05-02,2024-05-02,EXCLUDE,Q2-3cb01ba584
900796299,18,2024-05-05,2024-05-05,EXCLUDE,Q2-3cb01ba584
900796299,18,2024-05-11,2024-05-11,EXCLUDE,Q2-3cb01ba584
900796299,18,2024-05-15,2024-05-15,EXCLUDE,Q2-3cb01ba584
900796299,18,2024-05-19,2024-05-19,EXCLUDE,Q2-3cb01ba584
37544258,18,2023-08-13,2023-08-13,EXCLUDE,Q2-ae816d923d
37544258,18,2023-08-20,2023-08-20,EXCLUDE,Q2-ae816d923d
37544258,18,2023-08-25,2023-08-25,EXCLUDE,Q2-ae816d923d
37544258,18,2023-09-02,2023-09-02,EXCLUDE,Q2-ae816d923d
37544258,18,2023-09-17,2023-09-17,EXCLUDE,Q2-ae816d923d
37544258,18,2023-09-24,2023-09-24,EXCLUDE,Q2-ae816d923d
37544258,18,2023-10-02,2023-10-02,EXCLUDE,Q2-ae816d923d
37544258,18,2023-10-07,2023-10-07,EXCLUDE,Q2-ae816d923d
37544258,18,2023-10-21,2023-10-21,EXCLUDE,Q2-ae816d923d
37544258,18,2023-10-28,2023-10-28,EXCLUDE,Q2-ae816d923d
37544258,18,2023-11-06,2023-11-06,EXCLUDE,Q2-ae816d923d
37544258,18,2023-11-12,2023-11-12,EXCLUDE,Q2-ae816d923d
37544258,18,2023-11-25,2023-11-25,EXCLUDE,Q2-ae816d923d
37544258,18,2023-12-03,2023-12-03,EXCLUDE,Q2-ae816d923d
37544258,18,2023-12-06,2023-12-06,EXCLUDE,Q2-ae816d923d
37544258,18,2023-12-10,2023-12-10,EXCLUDE,Q2-ae816d923d
37544258,18,2023-12-16,2023-12-16,EXCLUDE,Q2-ae816d923d
37544258,18,2023-12-24,2023-12-24,EXCLUDE,Q2-ae816d923d
37544258,18,2023-12-27,2023-12-27,EXCLUDE,Q2-ae816d923d
37544258,18,2023-12-30,2023-12-30,EXCLUDE,Q2-ae816d923d
37544258,18,2024-01-13,2024-01-13,EXCLUDE,Q2-ae816d923d
37544258,18,2024-01-31,2024-01-31,EXCLUDE,Q2-ae816d923d
37544258,18,2024-02-04,2024-02-04,EXCLUDE,Q2-ae816d923d
37544258,18,2024-02-12,2024-02-12,EXCLUDE,Q2-ae816d923d
37544258,18,2024-02-17,2024-02-17,EXCLUDE,Q2-ae816d923d
37544258,18,2024-03-02,2024-03-02,EXCLUDE,Q2-ae816d923d
37544258,18,2024-03-11,2024-03-11,EXCLUDE,Q2-ae816d923d
37544258,18,2024-03-30,2024-03-30,EXCLUDE,Q2-ae816d923d
37544258,18,2024-04-04,2024-04-04,EXCLUDE,Q2-ae816d923d
37544258,18,2024-04-07,2024-04-07,EXCLUDE,Q2-ae816d923d
37544258,18,2024-04-15,2024-04-15,EXCLUDE,Q2-ae816d923d
37544258,18,2024-04-23,2024-04-23,EXCLUDE,Q2-ae816d923d
37544258,18,2024-04-27,2024-04-27,EXCLUDE,Q2-ae816d923d
37544258,18,2024-05-02,2024-05-02,EXCLUDE,Q2-ae816d923d
37544258,18,2024-05-05,2024-05-05,EXCLUDE,Q2-ae816d923d
37544258,18,2024-05-11,2024-05-11,EXCLUDE,Q2-ae816d923d
37544258,18,2024-05-15,2024-05-15,EXCLUDE,Q2-ae816d923d
37544258,18,2024-05-19,2024-05-19,EXCLUDE,Q2-ae816d923d
37589611,18,2023-08-13,2023-08-13,EXCLUDE,Q2-e2e6b76a31
37589611,18,2023-08-20,2023-08-20,EXCLUDE,Q2-e2e6b76a31
37589611,18,2023-08-25,2023-08-25,EXCLUDE,Q2-e2e6b76a31
37589611,18,2023-09-02,2023-09-02,EXCLUDE,Q2-e2e6b76a31
37589611,18,2023-09-17,2023-09-17,EXCLUDE,Q2-e2e6b76a31
37589611,18,2023-09-24,2023-09-24,EXCLUDE,Q2-e2e6b76a31
37589611,18,2023-10-02,2023-10-02,EXCLUDE,Q2-e2e6b76a31
37589611,18,2023-10-07,2023-10-07,EXCLUDE,Q2-e2e6b76a31
37589611,18,2023-10-21,2023-10-21,EXCLUDE,Q2-e2e6b76a31
37589611,18,2023-10-28,2023-10-28,EXCLUDE,Q2-e2e6b76a31
37589611,18,2023-11-06,2023-11-06,EXCLUDE,Q2-e2e6b76a31
37589611,18,2023-11-12,2023-11-12,EXCLUDE,Q2-e2e6b76a31
37589611,18,2023-11-25,2023-11-25,EXCLUDE,Q2-e2e6b76a31
37589611,18,2023-12-03,2023-12-03,EXCLUDE,Q2-e2e6b76a31
37589611,18,2023-12-06,2023-12-06,EXCLUDE,Q2-e2e6b76a31
37589611,18,2023-12-10,2023-12-10,EXCLUDE,Q2-e2e6b76a31
37589611,18,2023-12-16,2023-12-16,EXCLUDE,Q2-e2e6b76a31
37589611,18,2023-12-24,2023-12-24,EXCLUDE,Q2-e2e6b76a31
37589611,18,2023-12-27,2023-12-27,EXCLUDE,Q2-e2e6b76a31
37589611,18,2023-12-30,2023-12-30,EXCLUDE,Q2-e2e6b76a31
37589611,18,2024-01-13,2024-01-13,EXCLUDE,Q2-e2e6b76a31
37589611,18,2024-01-31,2024-01-31,EXCLUDE,Q2-e2e6b76a31
37589611,18,2024-02-04,2024-02-04,EXCLUDE,Q2-e2e6b76a31
37589611,18,2024-02-12,2024-02-12,EXCLUDE,Q2-e2e6b76a31
37589611,18,2024-02-17,2024-02-17,EXCLUDE,Q2-e2e6b76a31
37589611,18,2024-03-02,2024-03-02,EXCLUDE,Q2-e2e6b76a31
37589611,18,2024-03-11,2024-03-11,EXCLUDE,Q2-e2e6b76a31
37589611,18,2024-03-30,2024-03-30,EXCLUDE,Q2-e2e6b76a31
37589611,18,2024-04-04,2024-04-04,EXCLUDE,Q2-e2e6b76a31
37589611,18,2024-04-07,2024-04-07,EXCLUDE,Q2-e2e6b76a31
37589611,18,2024-04-15,2024-04-15,EXCLUDE,Q2-e2e6b76a31
37589611,18,2024-04-23,2024-04-23,EXCLUDE,Q2-e2e6b76a31
37589611,18,2024-04-27,2024-04-27,EXCLUDE,Q2-e2e6b76a31
37589611,18,2024-05-02,2024-05-02,EXCLUDE,Q2-e2e6b76a31
37589611,18,2024-05-05,2024-05-05,EXCLUDE,Q2-e2e6b76a31
37589611,18,2024-05-11,2024-05-11,EXCLUDE,Q2-e2e6b76a31
37589611,18,2024-05-15,2024-05-15,EXCLUDE,Q2-e2e6b76a31
37589611,18,2024-05-19,2024-05-19,EXCLUDE,Q2-e2e6b76a31
900985691,18,2023-08-13,2023-08-13,EXCLUDE,Q2-35c2b107bd
900985691,18,2023-08-20,2023-08-20,EXCLUDE,Q2-35c2b107bd
900985691,18,2023-08-25,2023-08-25,EXCLUDE,Q2-35c2b107bd
900985691,18,2023-09-02,2023-09-02,EXCLUDE,Q2-35c2b107bd
900985691,18,2023-09-17,2023-09-17,EXCLUDE,Q2-35c2b107bd
900985691,18,2023-09-24,2023-09-24,EXCLUDE,Q2-35c2b107bd
900985691,18,2023-10-02,2023-10-02,EXCLUDE,Q2-35c2b107bd
900985691,18,2023-10-07,2023-10-07,EXCLUDE,Q2-35c2b107bd
900985691,18,2023-10-21,2023-10-21,EXCLUDE,Q2-35c2b107bd
900985691,18,2023-10-28,2023-10-28,EXCLUDE,Q2-35c2b107bd
900985691,18,2023-11-06,2023-11-06,EXCLUDE,Q2-35c2b107bd
900985691,18,2023-11-12,2023-11-12,EXCLUDE,Q2-35c2b107bd
900985691,18,2023-11-25,2023-11-25,EXCLUDE,Q2-35c2b107bd
900985691,18,2023-12-03,2023-12-03,EXCLUDE,Q2-35c2b107bd
900985691,18,2023-12-06,2023-12-06,EXCLUDE,Q2-35c2b107bd
900985691,18,2023-12-10,2023-12-10,EXCLUDE,Q2-35c2b107bd
900985691,18,2023-12-16,2023-12-16,EXCLUDE,Q2-35c2b107bd
900985691,18,2023-12-24,2023-12-24,EXCLUDE,Q2-35c2b107bd
900985691,18,2023-12-27,2023-12-27,EXCLUDE,Q2-35c2b107bd
900985691,18,2023-12-30,2023-12-30,EXCLUDE,Q2-35c2b107bd
900985691,18,2024-01-13,2024-01-13,EXCLUDE,Q2-35c2b107bd
900985691,18,2024-01-31,2024-01-31,EXCLUDE,Q2-35c2b107bd
900985691,18,2024-02-04,2024-02-04,EXCLUDE,Q2-35c2b107bd
900985691,18,2024-02-12,2024-02-12,EXCLUDE,Q2-35c2b107bd
900985691,18,2024-02-17,2024-02-17,EXCLUDE,Q2-35c2b107bd
900985691,18,2024-03-02,2024-03-02,EXCLUDE,Q2-35c2b107bd
900985691,18,2024-03-11,2024-03-11,EXCLUDE,Q2-35c2b107bd
900985691,18,2024-03-30,2024-03-30,EXCLUDE,Q2-35c2b107bd
900985691,18,2024-04-04,2024-04-04,EXCLUDE,Q2-35c2b107bd
900985691,18,2024-04-07,2024-04-07,EXCLUDE,Q2-35c2b107bd
900985691,18,2024-04-15,2024-04-15,EXCLUDE,Q2-35c2b107bd
900985691,18,2024-04-23,2024-04-23,EXCLUDE,Q2-35c2b107bd
900985691,18,2024-04-27,2024-04-27,EXCLUDE,Q2-35c2b107bd
900985691,18,2024-05-02,2024-05-02,EXCLUDE,Q2-35c2b107bd
900985691,18,2024-05-05,2024-05-05,EXCLUDE,Q2-35c2b107bd
900985691,18,2024-05-11,2024-05-11,EXCLUDE,Q2-35c2b107bd
900985691,18,2024-05-15,2024-05-15,EXCLUDE,Q2-35c2b107bd
900985691,18,2024-05-19,2024-05-19,EXCLUDE,Q2-35c2b107bd
37676786,19,2023-08-12,2023-08-12,EXCLUDE,Q2-822264ceee
37676786,19,2023-08-21,2023-08-21,EXCLUDE,Q2-822264ceee
37676786,19,2023-08-26,2023-08-26,EXCLUDE,Q2-822264ceee
37676786,19,2023-09-03,2023-09-03,EXCLUDE,Q2-822264ceee
37676786,19,2023-09-17,2023-09-17,EXCLUDE,Q2-822264ceee
37676786,19,2023-09-24,2023-09-24,EXCLUDE,Q2-822264ceee
37676786,19,2023-09-30,2023-09-30,EXCLUDE,Q2-822264ceee
37676786,19,2023-10-08,2023-10-08,EXCLUDE,Q2-822264ceee
37676786,19,2023-10-21,2023-10-21,EXCLUDE,Q2-822264ceee
37676786,19,2023-10-28,2023-10-28,EXCLUDE,Q2-822264ceee
37676786,19,2023-11-04,2023-11-04,EXCLUDE,Q2-822264ceee
37676786,19,2023-11-11,2023-11-11,EXCLUDE,Q2-822264ceee
37676786,19,2023-11-25,2023-11-25,EXCLUDE,Q2-822264ceee
37676786,19,2023-12-02,2023-12-02,EXCLUDE,Q2-822264ceee
37676786,19,2023-12-05,2023-12-05,EXCLUDE,Q2-822264ceee
37676786,19,2023-12-09,2023-12-09,EXCLUDE,Q2-822264ceee
37676786,19,2023-12-17,2023-12-17,EXCLUDE,Q2-822264ceee
37676786,19,2023-12-23,2023-12-23,EXCLUDE,Q2-822264ceee
37676786,19,2023-12-28,2023-12-28,EXCLUDE,Q2-822264ceee
37676786,19,2023-12-31,2023-12-31,EXCLUDE,Q2-822264ceee
37676786,19,2024-01-20,2024-01-20,EXCLUDE,Q2-822264ceee
37676786,19,2024-01-30,2024-01-30,EXCLUDE,Q2-822264ceee
37676786,19,2024-02-04,2024-02-04,EXCLUDE,Q2-822264ceee
37676786,19,2024-02-11,2024-02-11,EXCLUDE,Q2-822264ceee
37676786,19,2024-02-17,2024-02-17,EXCLUDE,Q2-822264ceee
37676786,19,2024-02-24,2024-02-24,EXCLUDE,Q2-822264ceee
37676786,19,2024-03-04,2024-03-04,EXCLUDE,Q2-822264ceee
37676786,19,2024-03-09,2024-03-09,EXCLUDE,Q2-822264ceee
37676786,19,2024-03-31,2024-03-31,EXCLUDE,Q2-822264ceee
37676786,19,2024-04-03,2024-04-03,EXCLUDE,Q2-822264ceee
37676786,19,2024-04-06,2024-04-06,EXCLUDE,Q2-822264ceee
37676786,19,2024-04-14,2024-04-14,EXCLUDE,Q2-822264ceee
37676786,19,2024-04-20,2024-04-20,EXCLUDE,Q2-822264ceee
37676786,19,2024-04-23,2024-04-23,EXCLUDE,Q2-822264ceee
37676786,19,2024-04-28,2024-04-28,EXCLUDE,Q2-822264ceee
37676786,19,2024-05-04,2024-05-04,EXCLUDE,Q2-822264ceee
37676786,19,2024-05-12,2024-05-12,EXCLUDE,Q2-822264ceee
37676786,19,2024-05-19,2024-05-19,EXCLUDE,Q2-822264ceee
901019169,20,2023-08-12,2023-08-12,EXCLUDE,Q2-48a554af3f
901019169,20,2023-08-19,2023-08-19,EXCLUDE,Q2-48a554af3f
901019169,20,2023-08-27,2023-08-27,EXCLUDE,Q2-48a554af3f
901019169,20,2023-09-02,2023-09-02,EXCLUDE,Q2-48a554af3f
901019169,20,2023-09-16,2023-09-16,EXCLUDE,Q2-48a554af3f
901019169,20,2023-09-24,2023-09-24,EXCLUDE,Q2-48a554af3f
901019169,20,2023-09-30,2023-09-30,EXCLUDE,Q2-48a554af3f
901019169,20,2023-10-08,2023-10-08,EXCLUDE,Q2-48a554af3f
901019169,20,2023-10-21,2023-10-21,EXCLUDE,Q2-48a554af3f
901019169,20,2023-10-28,2023-10-28,EXCLUDE,Q2-48a554af3f
901019169,20,2023-11-04,2023-11-04,EXCLUDE,Q2-48a554af3f
901019169,20,2023-11-11,2023-11-11,EXCLUDE,Q2-48a554af3f
901019169,20,2023-11-25,2023-11-25,EXCLUDE,Q2-48a554af3f
901019169,20,2023-12-02,2023-12-02,EXCLUDE,Q2-48a554af3f
901019169,20,2023-12-07,2023-12-07,EXCLUDE,Q2-48a554af3f
901019169,20,2023-12-10,2023-12-10,EXCLUDE,Q2-48a554af3f
901019169,20,2023-12-16,2023-12-16,EXCLUDE,Q2-48a554af3f
901019169,20,2023-12-23,2023-12-23,EXCLUDE,Q2-48a554af3f
901019169,20,2023-12-26,2023-12-26,EXCLUDE,Q2-48a554af3f
901019169,20,2024-01-01,2024-01-01,EXCLUDE,Q2-48a554af3f
901019169,20,2024-01-13,2024-01-13,EXCLUDE,Q2-48a554af3f
901019169,20,2024-01-30,2024-01-30,EXCLUDE,Q2-48a554af3f
901019169,20,2024-02-03,2024-02-03,EXCLUDE,Q2-48a554af3f
901019169,20,2024-02-10,2024-02-10,EXCLUDE,Q2-48a554af3f
901019169,20,2024-02-17,2024-02-17,EXCLUDE,Q2-48a554af3f
901019169,20,2024-02-24,2024-02-24,EXCLUDE,Q2-48a554af3f
901019169,20,2024-03-02,2024-03-02,EXCLUDE,Q2-48a554af3f
901019169,20,2024-03-11,2024-03-11,EXCLUDE,Q2-48a554af3f
901019169,20,2024-03-30,2024-03-30,EXCLUDE,Q2-48a554af3f
901019169,20,2024-04-02,2024-04-02,EXCLUDE,Q2-48a554af3f
901019169,20,2024-04-06,2024-04-06,EXCLUDE,Q2-48a554af3f
901019169,20,2024-04-13,2024-04-13,EXCLUDE,Q2-48a554af3f
901019169,20,2024-04-24,2024-04-24,EXCLUDE,Q2-48a554af3f
901019169,20,2024-04-27,2024-04-27,EXCLUDE,Q2-48a554af3f
901019169,20,2024-05-04,2024-05-04,EXCLUDE,Q2-48a554af3f
901019169,20,2024-05-11,2024-05-11,EXCLUDE,Q2-48a554af3f
901019169,20,2024-05-15,2024-05-15,EXCLUDE,Q2-48a554af3f
901019169,20,2024-05-19,2024-05-19,EXCLUDE,Q2-48a554af3f
901019170,20,2023-08-12,2023-08-12,EXCLUDE,Q2-57f49fe9e7
901019170,20,2023-08-19,2023-08-19,EXCLUDE,Q2-57f49fe9e7
901019170,20,2023-08-27,2023-08-27,EXCLUDE,Q2-57f49fe9e7
901019170,20,2023-09-02,2023-09-02,EXCLUDE,Q2-57f49fe9e7
901019170,20,2023-09-16,2023-09-16,EXCLUDE,Q2-57f49fe9e7
901019170,20,2023-09-24,2023-09-24,EXCLUDE,Q2-57f49fe9e7
901019170,20,2023-09-30,2023-09-30,EXCLUDE,Q2-57f49fe9e7
901019170,20,2023-10-08,2023-10-08,EXCLUDE,Q2-57f49fe9e7
901019170,20,2023-10-21,2023-10-21,EXCLUDE,Q2-57f49fe9e7
901019170,20,2023-10-28,2023-10-28,EXCLUDE,Q2-57f49fe9e7
901019170,20,2023-11-04,2023-11-04,EXCLUDE,Q2-57f49fe9e7
901019170,20,2023-11-11,2023-11-11,EXCLUDE,Q2-57f49fe9e7
901019170,20,2023-11-25,2023-11-25,EXCLUDE,Q2-57f49fe9e7
901019170,20,2023-12-02,2023-12-02,EXCLUDE,Q2-57f49fe9e7
901019170,20,2023-12-07,2023-12-07,EXCLUDE,Q2-57f49fe9e7
901019170,20,2023-12-10,2023-12-10,EXCLUDE,Q2-57f49fe9e7
901019170,20,2023-12-16,2023-12-16,EXCLUDE,Q2-57f49fe9e7
901019170,20,2023-12-23,2023-12-23,EXCLUDE,Q2-57f49fe9e7
901019170,20,2023-12-26,2023-12-26,EXCLUDE,Q2-57f49fe9e7
901019170,20,2024-01-01,2024-01-01,EXCLUDE,Q2-57f49fe9e7
901019170,20,2024-01-13,2024-01-13,EXCLUDE,Q2-57f49fe9e7
901019170,20,2024-01-30,2024-01-30,EXCLUDE,Q2-57f49fe9e7
901019170,20,2024-02-03,2024-02-03,EXCLUDE,Q2-57f49fe9e7
901019170,20,2024-02-10,2024-02-10,EXCLUDE,Q2-57f49fe9e7
901019170,20,2024-02-17,2024-02-17,EXCLUDE,Q2-57f49fe9e7
901019170,20,2024-02-24,2024-02-24,EXCLUDE,Q2-57f49fe9e7
901019170,20,2024-03-02,2024-03-02,EXCLUDE,Q2-57f49fe9e7
901019170,20,2024-03-11,2024-03-11,EXCLUDE,Q2-57f49fe9e7
901019170,20,2024-03-30,2024-03-30,EXCLUDE,Q2-57f49fe9e7
901019170,20,2024-04-02,2024-04-02,EXCLUDE,Q2-57f49fe9e7
901019170,20,2024-04-06,2024-04-06,EXCLUDE,Q2-57f49fe9e7
901019170,20,2024-04-13,2024-04-13,EXCLUDE,Q2-57f49fe9e7
901019170,20,2024-04-24,2024-04-24,EXCLUDE,Q2-57f49fe9e7
901019170,20,2024-04-27,2024-04-27,EXCLUDE,Q2-57f49fe9e7
901019170,20,2024-05-04,2024-05-04,EXCLUDE,Q2-57f49fe9e7
901019170,20,2024-05-11,2024-05-11,EXCLUDE,Q2-57f49fe9e7
901019170,20,2024-05-15,2024-05-15,EXCLUDE,Q2-57f49fe9e7
901019170,20,2024-05-19,2024-05-19,EXCLUDE,Q2-57f49fe9e7
901092671,27,2023-08-11,2023-08-11,EXCLUDE,Q2-67fd1731c4
901092671,27,2023-08-27,2023-08-27,EXCLUDE,Q2-67fd1731c4
901092671,27,2023-09-02,2023-09-02,EXCLUDE,Q2-67fd1731c4
901092671,27,2023-09-18,2023-09-18,EXCLUDE,Q2-67fd1731c4
901092671,27,2023-09-23,2023-09-23,EXCLUDE,Q2-67fd1731c4
901092671,27,2023-09-30,2023-09-30,EXCLUDE,Q2-67fd1731c4
901092671,27,2023-10-03,2023-10-03,EXCLUDE,Q2-67fd1731c4
901092671,27,2023-10-07,2023-10-07,EXCLUDE,Q2-67fd1731c4
901092671,27,2023-10-21,2023-10-21,EXCLUDE,Q2-67fd1731c4
901092671,27,2023-10-28,2023-10-28,EXCLUDE,Q2-67fd1731c4
901092671,27,2023-11-04,2023-11-04,EXCLUDE,Q2-67fd1731c4
901092671,27,2023-11-11,2023-11-11,EXCLUDE,Q2-67fd1731c4
901092671,27,2023-11-25,2023-11-25,EXCLUDE,Q2-67fd1731c4
901092671,27,2023-12-02,2023-12-02,EXCLUDE,Q2-67fd1731c4
901092671,27,2023-12-05,2023-12-05,EXCLUDE,Q2-67fd1731c4
901092671,27,2023-12-09,2023-12-09,EXCLUDE,Q2-67fd1731c4
901092671,27,2023-12-16,2023-12-16,EXCLUDE,Q2-67fd1731c4
901092671,27,2023-12-23,2023-12-23,EXCLUDE,Q2-67fd1731c4
901092671,27,2023-12-26,2023-12-26,EXCLUDE,Q2-67fd1731c4
901092671,27,2023-12-30,2023-12-30,EXCLUDE,Q2-67fd1731c4
901092671,27,2024-01-12,2024-01-12,EXCLUDE,Q2-67fd1731c4
901092671,27,2024-01-31,2024-01-31,EXCLUDE,Q2-67fd1731c4
901092671,27,2024-02-03,2024-02-03,EXCLUDE,Q2-67fd1731c4
901092671,27,2024-02-10,2024-02-10,EXCLUDE,Q2-67fd1731c4
901092671,27,2024-02-17,2024-02-17,EXCLUDE,Q2-67fd1731c4
901092671,27,2024-02-24,2024-02-24,EXCLUDE,Q2-67fd1731c4
901092671,27,2024-03-03,2024-03-03,EXCLUDE,Q2-67fd1731c4
901092671,27,2024-03-10,2024-03-10,EXCLUDE,Q2-67fd1731c4
901092671,27,2024-03-16,2024-03-16,EXCLUDE,Q2-67fd1731c4
901092671,27,2024-03-30,2024-03-30,EXCLUDE,Q2-67fd1731c4
901092671,27,2024-04-02,2024-04-02,EXCLUDE,Q2-67fd1731c4
901092671,27,2024-04-06,2024-04-06,EXCLUDE,Q2-67fd1731c4
901092671,27,2024-04-13,2024-04-13,EXCLUDE,Q2-67fd1731c4
901092671,27,2024-04-20,2024-04-20,EXCLUDE,Q2-67fd1731c4
901092671,27,2024-04-27,2024-04-27,EXCLUDE,Q2-67fd1731c4
901092671,27,2024-05-04,2024-05-04,EXCLUDE,Q2-67fd1731c4
901092671,27,2024-05-11,2024-05-11,EXCLUDE,Q2-67fd1731c4
901092671,27,2024-05-19,2024-05-19,EXCLUDE,Q2-67fd1731c4
900797679,29,2023-08-14,2023-08-14,EXCLUDE,Q2-6f6e097103
900797679,29,2023-08-19,2023-08-19,EXCLUDE,Q2-6f6e097103
900797679,29,2023-08-26,2023-08-26,EXCLUDE,Q2-6f6e097103
900797679,29,2023-09-03,2023-09-03,EXCLUDE,Q2-6f6e097103
900797679,29,2023-09-16,2023-09-16,EXCLUDE,Q2-6f6e097103
900797679,29,2023-09-23,2023-09-23,EXCLUDE,Q2-6f6e097103
900797679,29,2023-09-30,2023-09-30,EXCLUDE,Q2-6f6e097103
900797679,29,2023-10-08,2023-10-08,EXCLUDE,Q2-6f6e097103
900797679,29,2023-10-21,2023-10-21,EXCLUDE,Q2-6f6e097103
900797679,29,2023-10-28,2023-10-28,EXCLUDE,Q2-6f6e097103
900797679,29,2023-11-04,2023-11-04,EXCLUDE,Q2-6f6e097103
900797679,29,2023-11-11,2023-11-11,EXCLUDE,Q2-6f6e097103
900797679,29,2023-11-27,2023-11-27,EXCLUDE,Q2-6f6e097103
900797679,29,2023-12-02,2023-12-02,EXCLUDE,Q2-6f6e097103
900797679,29,2023-12-05,2023-12-05,EXCLUDE,Q2-6f6e097103
900797679,29,2023-12-09,2023-12-09,EXCLUDE,Q2-6f6e097103
900797679,29,2023-12-17,2023-12-17,EXCLUDE,Q2-6f6e097103
900797679,29,2023-12-24,2023-12-24,EXCLUDE,Q2-6f6e097103
900797679,29,2023-12-27,2023-12-27,EXCLUDE,Q2-6f6e097103
900797679,29,2023-12-30,2023-12-30,EXCLUDE,Q2-6f6e097103
900797679,29,2024-01-22,2024-01-22,EXCLUDE,Q2-6f6e097103
900797679,29,2024-02-01,2024-02-01,EXCLUDE,Q2-6f6e097103
900797679,29,2024-02-04,2024-02-04,EXCLUDE,Q2-6f6e097103
900797679,29,2024-02-10,2024-02-10,EXCLUDE,Q2-6f6e097103
900797679,29,2024-02-17,2024-02-17,EXCLUDE,Q2-6f6e097103
900797679,29,2024-02-25,2024-02-25,EXCLUDE,Q2-6f6e097103
900797679,29,2024-03-02,2024-03-02,EXCLUDE,Q2-6f6e097103
900797679,29,2024-03-09,2024-03-09,EXCLUDE,Q2-6f6e097103
900797679,29,2024-03-30,2024-03-30,EXCLUDE,Q2-6f6e097103
900797679,29,2024-04-02,2024-04-02,EXCLUDE,Q2-6f6e097103
900797679,29,2024-04-06,2024-04-06,EXCLUDE,Q2-6f6e097103
900797679,29,2024-04-13,2024-04-13,EXCLUDE,Q2-6f6e097103
900797679,29,2024-04-20,2024-04-20,EXCLUDE,Q2-6f6e097103
900797679,29,2024-04-24,2024-04-24,EXCLUDE,Q2-6f6e097103
900797679,29,2024-04-27,2024-04-27,EXCLUDE,Q2-6f6e097103
900797679,29,2024-05-04,2024-05-04,EXCLUDE,Q2-6f6e097103
900797679,29,2024-05-11,2024-05-11,EXCLUDE,Q2-6f6e097103
900797679,29,2024-05-19,2024-05-19,EXCLUDE,Q2-6f6e097103
901172645,29,2023-08-14,2023-08-14,EXCLUDE,Q2-e9cf8bf1bb
901172645,29,2023-08-19,2023-08-19,EXCLUDE,Q2-e9cf8bf1bb
901172645,29,2023-08-26,2023-08-26,EXCLUDE,Q2-e9cf8bf1bb
901172645,29,2023-09-03,2023-09-03,EXCLUDE,Q2-e9cf8bf1bb
901172645,29,2023-09-16,2023-09-16,EXCLUDE,Q2-e9cf8bf1bb
901172645,29,2023-09-23,2023-09-23,EXCLUDE,Q2-e9cf8bf1bb
901172645,29,2023-09-30,2023-09-30,EXCLUDE,Q2-e9cf8bf1bb
901172645,29,2023-10-08,2023-10-08,EXCLUDE,Q2-e9cf8bf1bb
901172645,29,2023-10-21,2023-10-21,EXCLUDE,Q2-e9cf8bf1bb
901172645,29,2023-10-28,2023-10-28,EXCLUDE,Q2-e9cf8bf1bb
901172645,29,2023-11-04,2023-11-04,EXCLUDE,Q2-e9cf8bf1bb
901172645,29,2023-11-11,2023-11-11,EXCLUDE,Q2-e9cf8bf1bb
901172645,29,2023-11-27,2023-11-27,EXCLUDE,Q2-e9cf8bf1bb
901172645,29,2023-12-02,2023-12-02,EXCLUDE,Q2-e9cf8bf1bb
901172645,29,2023-12-05,2023-12-05,EXCLUDE,Q2-e9cf8bf1bb
901172645,29,2023-12-09,2023-12-09,EXCLUDE,Q2-e9cf8bf1bb
901172645,29,2023-12-17,2023-12-17,EXCLUDE,Q2-e9cf8bf1bb
901172645,29,2023-12-24,2023-12-24,EXCLUDE,Q2-e9cf8bf1bb
901172645,29,2023-12-27,2023-12-27,EXCLUDE,Q2-e9cf8bf1bb
901172645,29,2023-12-30,2023-12-30,EXCLUDE,Q2-e9cf8bf1bb
901172645,29,2024-01-22,2024-01-22,EXCLUDE,Q2-e9cf8bf1bb
901172645,29,2024-02-01,2024-02-01,EXCLUDE,Q2-e9cf8bf1bb
901172645,29,2024-02-04,2024-02-04,EXCLUDE,Q2-e9cf8bf1bb
901172645,29,2024-02-10,2024-02-10,EXCLUDE,Q2-e9cf8bf1bb
901172645,29,2024-02-17,2024-02-17,EXCLUDE,Q2-e9cf8bf1bb
901172645,29,2024-02-25,2024-02-25,EXCLUDE,Q2-e9cf8bf1bb
901172645,29,2024-03-02,2024-03-02,EXCLUDE,Q2-e9cf8bf1bb
901172645,29,2024-03-09,2024-03-09,EXCLUDE,Q2-e9cf8bf1bb
901172645,29,2024-03-30,2024-03-30,EXCLUDE,Q2-e9cf8bf1bb
901172645,29,2024-04-02,2024-04-02,EXCLUDE,Q2-e9cf8bf1bb
901172645,29,2024-04-06,2024-04-06,EXCLUDE,Q2-e9cf8bf1bb
901172645,29,2024-04-13,2024-04-13,EXCLUDE,Q2-e9cf8bf1bb
901172645,29,2024-04-20,2024-04-20,EXCLUDE,Q2-e9cf8bf1bb
901172645,29,2024-04-24,2024-04-24,EXCLUDE,Q2-e9cf8bf1bb
901172645,29,2024-04-27,2024-04-27,EXCLUDE,Q2-e9cf8bf1bb
901172645,29,2024-05-04,2024-05-04,EXCLUDE,Q2-e9cf8bf1bb
901172645,29,2024-05-11,2024-05-11,EXCLUDE,Q2-e9cf8bf1bb
901172645,29,2024-05-19,2024-05-19,EXCLUDE,Q2-e9cf8bf1bb
901172645,29,2023-08-14,2023-08-14,EXCLUDE,Q2-069b4213d0
901172645,29,2023-08-19,2023-08-19,EXCLUDE,Q2-069b4213d0
901172645,29,2023-08-26,2023-08-26,EXCLUDE,Q2-069b4213d0
901172645,29,2023-09-03,2023-09-03,EXCLUDE,Q2-069b4213d0
901172645,29,2023-09-16,2023-09-16,EXCLUDE,Q2-069b4213d0
901172645,29,2023-09-23,2023-09-23,EXCLUDE,Q2-069b4213d0
901172645,29,2023-09-30,2023-09-30,EXCLUDE,Q2-069b4213d0
901172645,29,2023-10-08,2023-10-08,EXCLUDE,Q2-069b4213d0
901172645,29,2023-10-21,2023-10-21,EXCLUDE,Q2-069b4213d0
901172645,29,2023-10-28,2023-10-28,EXCLUDE,Q2-069b4213d0
901172645,29,2023-11-04,2023-11-04,EXCLUDE,Q2-069b4213d0
901172645,29,2023-11-11,2023-11-11,EXCLUDE,Q2-069b4213d0
901172645,29,2023-11-27,2023-11-27,EXCLUDE,Q2-069b4213d0
901172645,29,2023-12-02,2023-12-02,EXCLUDE,Q2-069b4213d0
901172645,29,2023-12-05,2023-12-05,EXCLUDE,Q2-069b4213d0
901172645,29,2023-12-09,2023-12-09,EXCLUDE,Q2-069b4213d0
901172645,29,2023-12-17,2023-12-17,EXCLUDE,Q2-069b4213d0
901172645,29,2023-12-24,2023-12-24,EXCLUDE,Q2-069b4213d0
901172645,29,2023-12-27,2023-12-27,EXCLUDE,Q2-069b4213d0
901172645,29,2023-12-30,2023-12-30,EXCLUDE,Q2-069b4213d0
901172645,29,2024-01-22,2024-01-22,EXCLUDE,Q2-069b4213d0
901172645,29,2024-02-01,2024-02-01,EXCLUDE,Q2-069b4213d0
901172645,29,2024-02-04,2024-02-04,EXCLUDE,Q2-069b4213d0
901172645,29,2024-02-10,2024-02-10,EXCLUDE,Q2-069b4213d0
901172645,29,2024-02-17,2024-02-17,EXCLUDE,Q2-069b4213d0
901172645,29,2024-02-25,2024-02-25,EXCLUDE,Q2-069b4213d0
901172645,29,2024-03-02,2024-03-02,EXCLUDE,Q2-069b4213d0
901172645,29,2024-03-09,2024-03-09,EXCLUDE,Q2-069b4213d0
901172645,29,2024-03-30,2024-03-30,EXCLUDE,Q2-069b4213d0
901172645,29,2024-04-02,2024-04-02,EXCLUDE,Q2-069b4213d0
901172645,29,2024-04-06,2024-04-06,EXCLUDE,Q2-069b4213d0
901172645,29,2024-04-13,2024-04-13,EXCLUDE,Q2-069b4213d0
901172645,29,2024-04-20,2024-04-20,EXCLUDE,Q2-069b4213d0
901172645,29,2024-04-24,2024-04-24,EXCLUDE,Q2-069b4213d0
901172645,29,2024-04-27,2024-04-27,EXCLUDE,Q2-069b4213d0
901172645,29,2024-05-04,2024-05-04,EXCLUDE,Q2-069b4213d0
901172645,29,2024-05-11,2024-05-11,EXCLUDE,Q2-069b4213d0
901172645,29,2024-05-19,2024-05-19,EXCLUDE,Q2-069b4213d0
900855087,51,2023-08-12,2023-08-12,EXCLUDE,Q2-9e18a4bcf8
900855087,51,2023-08-21,2023-08-21,EXCLUDE,Q2-9e18a4bcf8
900855087,51,2023-08-26,2023-08-26,EXCLUDE,Q2-9e18a4bcf8
900855087,51,2023-09-03,2023-09-03,EXCLUDE,Q2-9e18a4bcf8
900855087,51,2023-09-16,2023-09-16,EXCLUDE,Q2-9e18a4bcf8
900855087,51,2023-09-23,2023-09-23,EXCLUDE,Q2-9e18a4bcf8
900855087,51,2023-09-30,2023-09-30,EXCLUDE,Q2-9e18a4bcf8
900855087,51,2023-10-07,2023-10-07,EXCLUDE,Q2-9e18a4bcf8
900855087,51,2023-10-21,2023-10-21,EXCLUDE,Q2-9e18a4bcf8
900855087,51,2023-10-27,2023-10-27,EXCLUDE,Q2-9e18a4bcf8
900855087,51,2023-11-04,2023-11-04,EXCLUDE,Q2-9e18a4bcf8
900855087,51,2023-11-11,2023-11-11,EXCLUDE,Q2-9e18a4bcf8
900855087,51,2023-11-25,2023-11-25,EXCLUDE,Q2-9e18a4bcf8
900855087,51,2023-12-03,2023-12-03,EXCLUDE,Q2-9e18a4bcf8
900855087,51,2023-12-06,2023-12-06,EXCLUDE,Q2-9e18a4bcf8
900855087,51,2023-12-09,2023-12-09,EXCLUDE,Q2-9e18a4bcf8
900855087,51,2023-12-16,2023-12-16,EXCLUDE,Q2-9e18a4bcf8
900855087,51,2023-12-21,2023-12-21,EXCLUDE,Q2-9e18a4bcf8
900855087,51,2023-12-27,2023-12-27,EXCLUDE,Q2-9e18a4bcf8
900855087,51,2023-12-30,2023-12-30,EXCLUDE,Q2-9e18a4bcf8
900855087,51,2024-01-20,2024-01-20,EXCLUDE,Q2-9e18a4bcf8
900855087,51,2024-01-30,2024-01-30,EXCLUDE,Q2-9e18a4bcf8
900855087,51,2024-02-03,2024-02-03,EXCLUDE,Q2-9e18a4bcf8
900855087,51,2024-02-12,2024-02-12,EXCLUDE,Q2-9e18a4bcf8
900855087,51,2024-02-19,2024-02-19,EXCLUDE,Q2-9e18a4bcf8
900855087,51,2024-02-24,2024-02-24,EXCLUDE,Q2-9e18a4bcf8
900855087,51,2024-03-02,2024-03-02,EXCLUDE,Q2-9e18a4bcf8
900855087,51,2024-03-09,2024-03-09,EXCLUDE,Q2-9e18a4bcf8
900855087,51,2024-03-30,2024-03-30,EXCLUDE,Q2-9e18a4bcf8
900855087,51,2024-04-02,2024-04-02,EXCLUDE,Q2-9e18a4bcf8
900855087,51,2024-04-06,2024-04-06,EXCLUDE,Q2-9e18a4bcf8
900855087,51,2024-04-14,2024-04-14,EXCLUDE,Q2-9e18a4bcf8
900855087,51,2024-04-21,2024-04-21,EXCLUDE,Q2-9e18a4bcf8
900855087,51,2024-04-24,2024-04-24,EXCLUDE,Q2-9e18a4bcf8
900855087,51,2024-04-27,2024-04-27,EXCLUDE,Q2-9e18a4bcf8
900855087,51,2024-05-06,2024-05-06,EXCLUDE,Q2-9e18a4bcf8
900855087,51,2024-05-11,2024-05-11,EXCLUDE,Q2-9e18a4bcf8
900855087,51,2024-05-19,2024-05-19,EXCLUDE,Q2-9e18a4bcf8
37581714,1,2022-08-07,2022-08-07,EXCLUDE,Q2-b7dadb8a32
37581714,1,2022-08-14,2022-08-14,EXCLUDE,Q2-b7dadb8a32
37581714,1,2022-08-21,2022-08-21,EXCLUDE,Q2-b7dadb8a32
37581714,1,2022-08-28,2022-08-28,EXCLUDE,Q2-b7dadb8a32
37581714,1,2022-08-31,2022-08-31,EXCLUDE,Q2-b7dadb8a32
37581714,1,2022-09-03,2022-09-03,EXCLUDE,Q2-b7dadb8a32
37581714,1,2022-09-18,2022-09-18,EXCLUDE,Q2-b7dadb8a32
37581714,1,2022-10-01,2022-10-01,EXCLUDE,Q2-b7dadb8a32
37581714,1,2022-10-09,2022-10-09,EXCLUDE,Q2-b7dadb8a32
37581714,1,2022-10-16,2022-10-16,EXCLUDE,Q2-b7dadb8a32
37581714,1,2022-10-19,2022-10-19,EXCLUDE,Q2-b7dadb8a32
37581714,1,2022-10-24,2022-10-24,EXCLUDE,Q2-b7dadb8a32
37581714,1,2022-10-30,2022-10-30,EXCLUDE,Q2-b7dadb8a32
37581714,1,2022-11-06,2022-11-06,EXCLUDE,Q2-b7dadb8a32
37581714,1,2022-11-12,2022-11-12,EXCLUDE,Q2-b7dadb8a32
37581714,1,2022-12-26,2022-12-26,EXCLUDE,Q2-b7dadb8a32
37581714,1,2022-12-30,2022-12-30,EXCLUDE,Q2-b7dadb8a32
37581714,1,2023-01-04,2023-01-04,EXCLUDE,Q2-b7dadb8a32
37581714,1,2023-01-14,2023-01-14,EXCLUDE,Q2-b7dadb8a32
37581714,1,2023-01-21,2023-01-21,EXCLUDE,Q2-b7dadb8a32
37581714,1,2023-02-04,2023-02-04,EXCLUDE,Q2-b7dadb8a32
37581714,1,2023-02-11,2023-02-11,EXCLUDE,Q2-b7dadb8a32
37581714,1,2023-02-19,2023-02-19,EXCLUDE,Q2-b7dadb8a32
37581714,1,2023-02-25,2023-02-25,EXCLUDE,Q2-b7dadb8a32
37581714,1,2023-03-04,2023-03-04,EXCLUDE,Q2-b7dadb8a32
37581714,1,2023-03-12,2023-03-12,EXCLUDE,Q2-b7dadb8a32
37581714,1,2023-04-02,2023-04-02,EXCLUDE,Q2-b7dadb8a32
37581714,1,2023-04-05,2023-04-05,EXCLUDE,Q2-b7dadb8a32
37581714,1,2023-04-08,2023-04-08,EXCLUDE,Q2-b7dadb8a32
37581714,1,2023-04-16,2023-04-16,EXCLUDE,Q2-b7dadb8a32
37581714,1,2023-04-23,2023-04-23,EXCLUDE,Q2-b7dadb8a32
37581714,1,2023-04-26,2023-04-26,EXCLUDE,Q2-b7dadb8a32
37581714,1,2023-04-29,2023-04-29,EXCLUDE,Q2-b7dadb8a32
37581714,1,2023-05-03,2023-05-03,EXCLUDE,Q2-b7dadb8a32
37581714,1,2023-05-07,2023-05-07,EXCLUDE,Q2-b7dadb8a32
37581714,1,2023-05-14,2023-05-14,EXCLUDE,Q2-b7dadb8a32
37581714,1,2023-05-21,2023-05-21,EXCLUDE,Q2-b7dadb8a32
37581714,1,2023-05-28,2023-05-28,EXCLUDE,Q2-b7dadb8a32
900944140,8,2022-08-06,2022-08-06,EXCLUDE,Q2-2f49ebbab3
900944140,8,2022-08-15,2022-08-15,EXCLUDE,Q2-2f49ebbab3
900944140,8,2022-08-22,2022-08-22,EXCLUDE,Q2-2f49ebbab3
900944140,8,2022-08-27,2022-08-27,EXCLUDE,Q2-2f49ebbab3
900944140,8,2022-08-31,2022-08-31,EXCLUDE,Q2-2f49ebbab3
900944140,8,2022-09-03,2022-09-03,EXCLUDE,Q2-2f49ebbab3
900944140,8,2022-10-01,2022-10-01,EXCLUDE,Q2-2f49ebbab3
900944140,8,2022-10-09,2022-10-09,EXCLUDE,Q2-2f49ebbab3
900944140,8,2022-10-16,2022-10-16,EXCLUDE,Q2-2f49ebbab3
900944140,8,2022-10-19,2022-10-19,EXCLUDE,Q2-2f49ebbab3
900944140,8,2022-10-22,2022-10-22,EXCLUDE,Q2-2f49ebbab3
900944140,8,2022-10-29,2022-10-29,EXCLUDE,Q2-2f49ebbab3
900944140,8,2022-11-06,2022-11-06,EXCLUDE,Q2-2f49ebbab3
900944140,8,2022-11-12,2022-11-12,EXCLUDE,Q2-2f49ebbab3
900944140,8,2022-12-26,2022-12-26,EXCLUDE,Q2-2f49ebbab3
900944140,8,2022-12-30,2022-12-30,EXCLUDE,Q2-2f49ebbab3
900944140,8,2023-01-02,2023-01-02,EXCLUDE,Q2-2f49ebbab3
900944140,8,2023-01-14,2023-01-14,EXCLUDE,Q2-2f49ebbab3
900944140,8,2023-01-21,2023-01-21,EXCLUDE,Q2-2f49ebbab3
900944140,8,2023-02-04,2023-02-04,EXCLUDE,Q2-2f49ebbab3
900944140,8,2023-02-13,2023-02-13,EXCLUDE,Q2-2f49ebbab3
900944140,8,2023-02-18,2023-02-18,EXCLUDE,Q2-2f49ebbab3
900944140,8,2023-02-25,2023-02-25,EXCLUDE,Q2-2f49ebbab3
900944140,8,2023-03-01,2023-03-01,EXCLUDE,Q2-2f49ebbab3
900944140,8,2023-03-05,2023-03-05,EXCLUDE,Q2-2f49ebbab3
900944140,8,2023-03-11,2023-03-11,EXCLUDE,Q2-2f49ebbab3
900944140,8,2023-04-01,2023-04-01,EXCLUDE,Q2-2f49ebbab3
900944140,8,2023-04-04,2023-04-04,EXCLUDE,Q2-2f49ebbab3
900944140,8,2023-04-09,2023-04-09,EXCLUDE,Q2-2f49ebbab3
900944140,8,2023-04-17,2023-04-17,EXCLUDE,Q2-2f49ebbab3
900944140,8,2023-04-22,2023-04-22,EXCLUDE,Q2-2f49ebbab3
900944140,8,2023-04-26,2023-04-26,EXCLUDE,Q2-2f49ebbab3
900944140,8,2023-04-30,2023-04-30,EXCLUDE,Q2-2f49ebbab3
900944140,8,2023-05-03,2023-05-03,EXCLUDE,Q2-2f49ebbab3
900944140,8,2023-05-06,2023-05-06,EXCLUDE,Q2-2f49ebbab3
900944140,8,2023-05-15,2023-05-15,EXCLUDE,Q2-2f49ebbab3
900944140,8,2023-05-20,2023-05-20,EXCLUDE,Q2-2f49ebbab3
900944140,8,2023-05-28,2023-05-28,EXCLUDE,Q2-2f49ebbab3
901031256,11,2022-08-06,2022-08-06,EXCLUDE,Q2-acfa785fce
901031256,11,2022-08-13,2022-08-13,EXCLUDE,Q2-acfa785fce
901031256,11,2022-08-20,2022-08-20,EXCLUDE,Q2-acfa785fce
901031256,11,2022-08-27,2022-08-27,EXCLUDE,Q2-acfa785fce
901031256,11,2022-08-30,2022-08-30,EXCLUDE,Q2-acfa785fce
901031256,11,2022-09-03,2022-09-03,EXCLUDE,Q2-acfa785fce
901031256,11,2022-09-16,2022-09-16,EXCLUDE,Q2-acfa785fce
901031256,11,2022-10-01,2022-10-01,EXCLUDE,Q2-acfa785fce
901031256,11,2022-10-09,2022-10-09,EXCLUDE,Q2-acfa785fce
901031256,11,2022-10-15,2022-10-15,EXCLUDE,Q2-acfa785fce
901031256,11,2022-10-20,2022-10-20,EXCLUDE,Q2-acfa785fce
901031256,11,2022-10-23,2022-10-23,EXCLUDE,Q2-acfa785fce
901031256,11,2022-10-29,2022-10-29,EXCLUDE,Q2-acfa785fce
901031256,11,2022-11-05,2022-11-05,EXCLUDE,Q2-acfa785fce
901031256,11,2022-11-13,2022-11-13,EXCLUDE,Q2-acfa785fce
901031256,11,2022-12-26,2022-12-26,EXCLUDE,Q2-acfa785fce
901031256,11,2022-12-31,2022-12-31,EXCLUDE,Q2-acfa785fce
901031256,11,2023-01-03,2023-01-03,EXCLUDE,Q2-acfa785fce
901031256,11,2023-01-12,2023-01-12,EXCLUDE,Q2-acfa785fce
901031256,11,2023-01-15,2023-01-15,EXCLUDE,Q2-acfa785fce
901031256,11,2023-01-23,2023-01-23,EXCLUDE,Q2-acfa785fce
901031256,11,2023-02-03,2023-02-03,EXCLUDE,Q2-acfa785fce
901031256,11,2023-02-11,2023-02-11,EXCLUDE,Q2-acfa785fce
901031256,11,2023-02-18,2023-02-18,EXCLUDE,Q2-acfa785fce
901031256,11,2023-02-24,2023-02-24,EXCLUDE,Q2-acfa785fce
901031256,11,2023-03-06,2023-03-06,EXCLUDE,Q2-acfa785fce
901031256,11,2023-03-12,2023-03-12,EXCLUDE,Q2-acfa785fce
901031256,11,2023-04-01,2023-04-01,EXCLUDE,Q2-acfa785fce
901031256,11,2023-04-08,2023-04-08,EXCLUDE,Q2-acfa785fce
901031256,11,2023-04-15,2023-04-15,EXCLUDE,Q2-acfa785fce
901031256,11,2023-04-22,2023-04-22,EXCLUDE,Q2-acfa785fce
901031256,11,2023-04-25,2023-04-25,EXCLUDE,Q2-acfa785fce
901031256,11,2023-04-30,2023-04-30,EXCLUDE,Q2-acfa785fce
901031256,11,2023-05-03,2023-05-03,EXCLUDE,Q2-acfa785fce
901031256,11,2023-05-08,2023-05-08,EXCLUDE,Q2-acfa785fce
901031256,11,2023-05-13,2023-05-13,EXCLUDE,Q2-acfa785fce
901031256,11,2023-05-20,2023-05-20,EXCLUDE,Q2-acfa785fce
901031256,11,2023-05-28,2023-05-28,EXCLUDE,Q2-acfa785fce
901031256,11,2022-08-06,2022-08-06,EXCLUDE,Q2-f671689395
901031256,11,2022-08-13,2022-08-13,EXCLUDE,Q2-f671689395
901031256,11,2022-08-20,2022-08-20,EXCLUDE,Q2-f671689395
901031256,11,2022-08-27,2022-08-27,EXCLUDE,Q2-f671689395
901031256,11,2022-08-30,2022-08-30,EXCLUDE,Q2-f671689395
901031256,11,2022-09-03,2022-09-03,EXCLUDE,Q2-f671689395
901031256,11,2022-09-16,2022-09-16,EXCLUDE,Q2-f671689395
901031256,11,2022-10-01,2022-10-01,EXCLUDE,Q2-f671689395
901031256,11,2022-10-09,2022-10-09,EXCLUDE,Q2-f671689395
901031256,11,2022-10-15,2022-10-15,EXCLUDE,Q2-f671689395
901031256,11,2022-10-20,2022-10-20,EXCLUDE,Q2-f671689395
901031256,11,2022-10-23,2022-10-23,EXCLUDE,Q2-f671689395
901031256,11,2022-10-29,2022-10-29,EXCLUDE,Q2-f671689395
901031256,11,2022-11-05,2022-11-05,EXCLUDE,Q2-f671689395
901031256,11,2022-11-13,2022-11-13,EXCLUDE,Q2-f671689395
901031256,11,2022-12-26,2022-12-26,EXCLUDE,Q2-f671689395
901031256,11,2022-12-31,2022-12-31,EXCLUDE,Q2-f671689395
901031256,11,2023-01-03,2023-01-03,EXCLUDE,Q2-f671689395
901031256,11,2023-01-12,2023-01-12,EXCLUDE,Q2-f671689395
901031256,11,2023-01-15,2023-01-15,EXCLUDE,Q2-f671689395
901031256,11,2023-01-23,2023-01-23,EXCLUDE,Q2-f671689395
901031256,11,2023-02-03,2023-02-03,EXCLUDE,Q2-f671689395
901031256,11,2023-02-11,2023-02-11,EXCLUDE,Q2-f671689395
901031256,11,2023-02-18,2023-02-18,EXCLUDE,Q2-f671689395
901031256,11,2023-02-24,2023-02-24,EXCLUDE,Q2-f671689395
901031256,11,2023-03-06,2023-03-06,EXCLUDE,Q2-f671689395
901031256,11,2023-03-12,2023-03-12,EXCLUDE,Q2-f671689395
901031256,11,2023-04-01,2023-04-01,EXCLUDE,Q2-f671689395
901031256,11,2023-04-08,2023-04-08,EXCLUDE,Q2-f671689395
901031256,11,2023-04-15,2023-04-15,EXCLUDE,Q2-f671689395
901031256,11,2023-04-22,2023-04-22,EXCLUDE,Q2-f671689395
901031256,11,2023-04-25,2023-04-25,EXCLUDE,Q2-f671689395
901031256,11,2023-04-30,2023-04-30,EXCLUDE,Q2-f671689395
901031256,11,2023-05-03,2023-05-03,EXCLUDE,Q2-f671689395
901031256,11,2023-05-08,2023-05-08,EXCLUDE,Q2-f671689395
901031256,11,2023-05-13,2023-05-13,EXCLUDE,Q2-f671689395
901031256,11,2023-05-20,2023-05-20,EXCLUDE,Q2-f671689395
901031256,11,2023-05-28,2023-05-28,EXCLUDE,Q2-f671689395
31625938,14,2022-08-07,2022-08-07,EXCLUDE,Q2-862a99c9c0
31625938,14,2022-08-13,2022-08-13,EXCLUDE,Q2-862a99c9c0
31625938,14,2022-08-22,2022-08-22,EXCLUDE,Q2-862a99c9c0
31625938,14,2022-08-27,2022-08-27,EXCLUDE,Q2-862a99c9c0
31625938,14,2022-09-01,2022-09-01,EXCLUDE,Q2-862a99c9c0
31625938,14,2022-09-04,2022-09-04,EXCLUDE,Q2-862a99c9c0
31625938,14,2022-10-02,2022-10-02,EXCLUDE,Q2-862a99c9c0
31625938,14,2022-10-09,2022-10-09,EXCLUDE,Q2-862a99c9c0
31625938,14,2022-10-16,2022-10-16,EXCLUDE,Q2-862a99c9c0
31625938,14,2022-10-19,2022-10-19,EXCLUDE,Q2-862a99c9c0
31625938,14,2022-10-22,2022-10-22,EXCLUDE,Q2-862a99c9c0
31625938,14,2022-10-30,2022-10-30,EXCLUDE,Q2-862a99c9c0
31625938,14,2022-11-06,2022-11-06,EXCLUDE,Q2-862a99c9c0
31625938,14,2022-11-13,2022-11-13,EXCLUDE,Q2-862a99c9c0
31625938,14,2022-12-27,2022-12-27,EXCLUDE,Q2-862a99c9c0
31625938,14,2022-12-31,2022-12-31,EXCLUDE,Q2-862a99c9c0
31625938,14,2023-01-03,2023-01-03,EXCLUDE,Q2-862a99c9c0
31625938,14,2023-01-14,2023-01-14,EXCLUDE,Q2-862a99c9c0
31625938,14,2023-01-18,2023-01-18,EXCLUDE,Q2-862a99c9c0
31625938,14,2023-01-22,2023-01-22,EXCLUDE,Q2-862a99c9c0
31625938,14,2023-02-04,2023-02-04,EXCLUDE,Q2-862a99c9c0
31625938,14,2023-02-08,2023-02-08,EXCLUDE,Q2-862a99c9c0
31625938,14,2023-02-12,2023-02-12,EXCLUDE,Q2-862a99c9c0
31625938,14,2023-02-19,2023-02-19,EXCLUDE,Q2-862a99c9c0
31625938,14,2023-03-05,2023-03-05,EXCLUDE,Q2-862a99c9c0
31625938,14,2023-03-12,2023-03-12,EXCLUDE,Q2-862a99c9c0
31625938,14,2023-04-02,2023-04-02,EXCLUDE,Q2-862a99c9c0
31625938,14,2023-04-05,2023-04-05,EXCLUDE,Q2-862a99c9c0
31625938,14,2023-04-08,2023-04-08,EXCLUDE,Q2-862a99c9c0
31625938,14,2023-04-16,2023-04-16,EXCLUDE,Q2-862a99c9c0
31625938,14,2023-04-27,2023-04-27,EXCLUDE,Q2-862a99c9c0
31625938,14,2023-04-30,2023-04-30,EXCLUDE,Q2-862a99c9c0
31625938,14,2023-05-04,2023-05-04,EXCLUDE,Q2-862a99c9c0
31625938,14,2023-05-07,2023-05-07,EXCLUDE,Q2-862a99c9c0
31625938,14,2023-05-13,2023-05-13,EXCLUDE,Q2-862a99c9c0
31625938,14,2023-05-20,2023-05-20,EXCLUDE,Q2-862a99c9c0
31625938,14,2023-05-25,2023-05-25,EXCLUDE,Q2-862a99c9c0
31625938,14,2023-05-28,2023-05-28,EXCLUDE,Q2-862a99c9c0
37581768,14,2022-08-07,2022-08-07,EXCLUDE,Q2-8e114f53ed
37581768,14,2022-08-13,2022-08-13,EXCLUDE,Q2-8e114f53ed
37581768,14,2022-08-22,2022-08-22,EXCLUDE,Q2-8e114f53ed
37581768,14,2022-08-27,2022-08-27,EXCLUDE,Q2-8e114f53ed
37581768,14,2022-09-01,2022-09-01,EXCLUDE,Q2-8e114f53ed
37581768,14,2022-09-04,2022-09-04,EXCLUDE,Q2-8e114f53ed
37581768,14,2022-10-02,2022-10-02,EXCLUDE,Q2-8e114f53ed
37581768,14,2022-10-09,2022-10-09,EXCLUDE,Q2-8e114f53ed
37581768,14,2022-10-16,2022-10-16,EXCLUDE,Q2-8e114f53ed
37581768,14,2022-10-19,2022-10-19,EXCLUDE,Q2-8e114f53ed
37581768,14,2022-10-22,2022-10-22,EXCLUDE,Q2-8e114f53ed
37581768,14,2022-10-30,2022-10-30,EXCLUDE,Q2-8e114f53ed
37581768,14,2022-11-06,2022-11-06,EXCLUDE,Q2-8e114f53ed
37581768,14,2022-11-13,2022-11-13,EXCLUDE,Q2-8e114f53ed
37581768,14,2022-12-27,2022-12-27,EXCLUDE,Q2-8e114f53ed
37581768,14,2022-12-31,2022-12-31,EXCLUDE,Q2-8e114f53ed
37581768,14,2023-01-03,2023-01-03,EXCLUDE,Q2-8e114f53ed
37581768,14,2023-01-14,2023-01-14,EXCLUDE,Q2-8e114f53ed
37581768,14,2023-01-18,2023-01-18,EXCLUDE,Q2-8e114f53ed
37581768,14,2023-01-22,2023-01-22,EXCLUDE,Q2-8e114f53ed
37581768,14,2023-02-04,2023-02-04,EXCLUDE,Q2-8e114f53ed
37581768,14,2023-02-08,2023-02-08,EXCLUDE,Q2-8e114f53ed
37581768,14,2023-02-12,2023-02-12,EXCLUDE,Q2-8e114f53ed
37581768,14,2023-02-19,2023-02-19,EXCLUDE,Q2-8e114f53ed
37581768,14,2023-03-05,2023-03-05,EXCLUDE,Q2-8e114f53ed
37581768,14,2023-03-12,2023-03-12,EXCLUDE,Q2-8e114f53ed
37581768,14,2023-04-02,2023-04-02,EXCLUDE,Q2-8e114f53ed
37581768,14,2023-04-05,2023-04-05,EXCLUDE,Q2-8e114f53ed
37581768,14,2023-04-08,2023-04-08,EXCLUDE,Q2-8e114f53ed
37581768,14,2023-04-16,2023-04-16,EXCLUDE,Q2-8e114f53ed
37581768,14,2023-04-27,2023-04-27,EXCLUDE,Q2-8e114f53ed
37581768,14,2023-04-30,2023-04-30,EXCLUDE,Q2-8e114f53ed
37581768,14,2023-05-04,2023-05-04,EXCLUDE,Q2-8e114f53ed
37581768,14,2023-05-07,2023-05-07,EXCLUDE,Q2-8e114f53ed
37581768,14,2023-05-13,2023-05-13,EXCLUDE,Q2-8e114f53ed
37581768,14,2023-05-20,2023-05-20,EXCLUDE,Q2-8e114f53ed
37581768,14,2023-05-25,2023-05-25,EXCLUDE,Q2-8e114f53ed
37581768,14,2023-05-28,2023-05-28,EXCLUDE,Q2-8e114f53ed
900741650,19,2022-08-05,2022-08-05,EXCLUDE,Q2-915bb4b029
900741650,19,2022-08-13,2022-08-13,EXCLUDE,Q2-915bb4b029
900741650,19,2022-08-20,2022-08-20,EXCLUDE,Q2-915bb4b029
900741650,19,2022-08-27,2022-08-27,EXCLUDE,Q2-915bb4b029
900741650,19,2022-08-31,2022-08-31,EXCLUDE,Q2-915bb4b029
900741650,19,2022-09-04,2022-09-04,EXCLUDE,Q2-915bb4b029
900741650,19,2022-09-18,2022-09-18,EXCLUDE,Q2-915bb4b029
900741650,19,2022-10-01,2022-10-01,EXCLUDE,Q2-915bb4b029
900741650,19,2022-10-09,2022-10-09,EXCLUDE,Q2-915bb4b029
900741650,19,2022-10-16,2022-10-16,EXCLUDE,Q2-915bb4b029
900741650,19,2022-10-23,2022-10-23,EXCLUDE,Q2-915bb4b029
900741650,19,2022-10-30,2022-10-30,EXCLUDE,Q2-915bb4b029
900741650,19,2022-11-06,2022-11-06,EXCLUDE,Q2-915bb4b029
900741650,19,2022-11-12,2022-11-12,EXCLUDE,Q2-915bb4b029
900741650,19,2022-12-26,2022-12-26,EXCLUDE,Q2-915bb4b029
900741650,19,2022-12-31,2022-12-31,EXCLUDE,Q2-915bb4b029
900741650,19,2023-01-03,2023-01-03,EXCLUDE,Q2-915bb4b029
900741650,19,2023-01-15,2023-01-15,EXCLUDE,Q2-915bb4b029
900741650,19,2023-01-22,2023-01-22,EXCLUDE,Q2-915bb4b029
900741650,19,2023-02-04,2023-02-04,EXCLUDE,Q2-915bb4b029
900741650,19,2023-02-11,2023-02-11,EXCLUDE,Q2-915bb4b029
900741650,19,2023-02-15,2023-02-15,EXCLUDE,Q2-915bb4b029
900741650,19,2023-02-18,2023-02-18,EXCLUDE,Q2-915bb4b029
900741650,19,2023-02-25,2023-02-25,EXCLUDE,Q2-915bb4b029
900741650,19,2023-03-01,2023-03-01,EXCLUDE,Q2-915bb4b029
900741650,19,2023-03-04,2023-03-04,EXCLUDE,Q2-915bb4b029
900741650,19,2023-03-12,2023-03-12,EXCLUDE,Q2-915bb4b029
900741650,19,2023-03-19,2023-03-19,EXCLUDE,Q2-915bb4b029
900741650,19,2023-04-01,2023-04-01,EXCLUDE,Q2-915bb4b029
900741650,19,2023-04-09,2023-04-09,EXCLUDE,Q2-915bb4b029
900741650,19,2023-04-16,2023-04-16,EXCLUDE,Q2-915bb4b029
900741650,19,2023-04-21,2023-04-21,EXCLUDE,Q2-915bb4b029
900741650,19,2023-04-26,2023-04-26,EXCLUDE,Q2-915bb4b029
900741650,19,2023-05-02,2023-05-02,EXCLUDE,Q2-915bb4b029
900741650,19,2023-05-07,2023-05-07,EXCLUDE,Q2-915bb4b029
900741650,19,2023-05-14,2023-05-14,EXCLUDE,Q2-915bb4b029
900741650,19,2023-05-20,2023-05-20,EXCLUDE,Q2-915bb4b029
900741650,19,2023-05-28,2023-05-28,EXCLUDE,Q2-915bb4b029
37540213,19,2022-08-05,2022-08-05,EXCLUDE,Q2-d792e10b95
37540213,19,2022-08-13,2022-08-13,EXCLUDE,Q2-d792e10b95
37540213,19,2022-08-20,2022-08-20,EXCLUDE,Q2-d792e10b95
37540213,19,2022-08-27,2022-08-27,EXCLUDE,Q2-d792e10b95
37540213,19,2022-08-31,2022-08-31,EXCLUDE,Q2-d792e10b95
37540213,19,2022-09-04,2022-09-04,EXCLUDE,Q2-d792e10b95
37540213,19,2022-09-18,2022-09-18,EXCLUDE,Q2-d792e10b95
37540213,19,2022-10-01,2022-10-01,EXCLUDE,Q2-d792e10b95
37540213,19,2022-10-09,2022-10-09,EXCLUDE,Q2-d792e10b95
37540213,19,2022-10-16,2022-10-16,EXCLUDE,Q2-d792e10b95
37540213,19,2022-10-23,2022-10-23,EXCLUDE,Q2-d792e10b95
37540213,19,2022-10-30,2022-10-30,EXCLUDE,Q2-d792e10b95
37540213,19,2022-11-06,2022-11-06,EXCLUDE,Q2-d792e10b95
37540213,19,2022-11-12,2022-11-12,EXCLUDE,Q2-d792e10b95
37540213,19,2022-12-26,2022-12-26,EXCLUDE,Q2-d792e10b95
37540213,19,2022-12-31,2022-12-31,EXCLUDE,Q2-d792e10b95
37540213,19,2023-01-03,2023-01-03,EXCLUDE,Q2-d792e10b95
37540213,19,2023-01-15,2023-01-15,EXCLUDE,Q2-d792e10b95
37540213,19,2023-01-22,2023-01-22,EXCLUDE,Q2-d792e10b95
37540213,19,2023-02-04,2023-02-04,EXCLUDE,Q2-d792e10b95
37540213,19,2023-02-11,2023-02-11,EXCLUDE,Q2-d792e10b95
37540213,19,2023-02-15,2023-02-15,EXCLUDE,Q2-d792e10b95
37540213,19,2023-02-18,2023-02-18,EXCLUDE,Q2-d792e10b95
37540213,19,2023-02-25,2023-02-25,EXCLUDE,Q2-d792e10b95
37540213,19,2023-03-01,2023-03-01,EXCLUDE,Q2-d792e10b95
37540213,19,2023-03-04,2023-03-04,EXCLUDE,Q2-d792e10b95
37540213,19,2023-03-12,2023-03-12,EXCLUDE,Q2-d792e10b95
37540213,19,2023-03-19,2023-03-19,EXCLUDE,Q2-d792e10b95
37540213,19,2023-04-01,2023-04-01,EXCLUDE,Q2-d792e10b95
37540213,19,2023-04-09,2023-04-09,EXCLUDE,Q2-d792e10b95
37540213,19,2023-04-16,2023-04-16,EXCLUDE,Q2-d792e10b95
37540213,19,2023-04-21,2023-04-21,EXCLUDE,Q2-d792e10b95
37540213,19,2023-04-26,2023-04-26,EXCLUDE,Q2-d792e10b95
37540213,19,2023-05-02,2023-05-02,EXCLUDE,Q2-d792e10b95
37540213,19,2023-05-07,2023-05-07,EXCLUDE,Q2-d792e10b95
37540213,19,2023-05-14,2023-05-14,EXCLUDE,Q2-d792e10b95
37540213,19,2023-05-20,2023-05-20,EXCLUDE,Q2-d792e10b95
37540213,19,2023-05-28,2023-05-28,EXCLUDE,Q2-d792e10b95
23739134,29,2022-08-06,2022-08-06,EXCLUDE,Q2-ad04531612
23739134,29,2022-08-13,2022-08-13,EXCLUDE,Q2-ad04531612
23739134,29,2022-08-20,2022-08-20,EXCLUDE,Q2-ad04531612
23739134,29,2022-08-28,2022-08-28,EXCLUDE,Q2-ad04531612
23739134,29,2022-08-31,2022-08-31,EXCLUDE,Q2-ad04531612
23739134,29,2022-09-03,2022-09-03,EXCLUDE,Q2-ad04531612
23739134,29,2022-09-17,2022-09-17,EXCLUDE,Q2-ad04531612
23739134,29,2022-10-01,2022-10-01,EXCLUDE,Q2-ad04531612
23739134,29,2022-10-08,2022-10-08,EXCLUDE,Q2-ad04531612
23739134,29,2022-10-15,2022-10-15,EXCLUDE,Q2-ad04531612
23739134,29,2022-10-18,2022-10-18,EXCLUDE,Q2-ad04531612
23739134,29,2022-10-23,2022-10-23,EXCLUDE,Q2-ad04531612
23739134,29,2022-10-29,2022-10-29,EXCLUDE,Q2-ad04531612
23739134,29,2022-11-05,2022-11-05,EXCLUDE,Q2-ad04531612
23739134,29,2022-11-12,2022-11-12,EXCLUDE,Q2-ad04531612
23739134,29,2022-12-26,2022-12-26,EXCLUDE,Q2-ad04531612
23739134,29,2022-12-31,2022-12-31,EXCLUDE,Q2-ad04531612
23739134,29,2023-01-04,2023-01-04,EXCLUDE,Q2-ad04531612
23739134,29,2023-01-14,2023-01-14,EXCLUDE,Q2-ad04531612
23739134,29,2023-01-22,2023-01-22,EXCLUDE,Q2-ad04531612
23739134,29,2023-02-04,2023-02-04,EXCLUDE,Q2-ad04531612
23739134,29,2023-02-11,2023-02-11,EXCLUDE,Q2-ad04531612
23739134,29,2023-02-18,2023-02-18,EXCLUDE,Q2-ad04531612
23739134,29,2023-02-24,2023-02-24,EXCLUDE,Q2-ad04531612
23739134,29,2023-03-01,2023-03-01,EXCLUDE,Q2-ad04531612
23739134,29,2023-03-04,2023-03-04,EXCLUDE,Q2-ad04531612
23739134,29,2023-03-12,2023-03-12,EXCLUDE,Q2-ad04531612
23739134,29,2023-03-18,2023-03-18,EXCLUDE,Q2-ad04531612
23739134,29,2023-04-01,2023-04-01,EXCLUDE,Q2-ad04531612
23739134,29,2023-04-08,2023-04-08,EXCLUDE,Q2-ad04531612
23739134,29,2023-04-15,2023-04-15,EXCLUDE,Q2-ad04531612
23739134,29,2023-04-22,2023-04-22,EXCLUDE,Q2-ad04531612
23739134,29,2023-04-25,2023-04-25,EXCLUDE,Q2-ad04531612
23739134,29,2023-04-29,2023-04-29,EXCLUDE,Q2-ad04531612
23739134,29,2023-05-06,2023-05-06,EXCLUDE,Q2-ad04531612
23739134,29,2023-05-13,2023-05-13,EXCLUDE,Q2-ad04531612
23739134,29,2023-05-20,2023-05-20,EXCLUDE,Q2-ad04531612
23739134,29,2023-05-28,2023-05-28,EXCLUDE,Q2-ad04531612
23739134,29,2022-08-06,2022-08-06,EXCLUDE,Q2-36d8081bee
23739134,29,2022-08-13,2022-08-13,EXCLUDE,Q2-36d8081bee
23739134,29,2022-08-20,2022-08-20,EXCLUDE,Q2-36d8081bee
23739134,29,2022-08-28,2022-08-28,EXCLUDE,Q2-36d8081bee
23739134,29,2022-08-31,2022-08-31,EXCLUDE,Q2-36d8081bee
23739134,29,2022-09-03,2022-09-03,EXCLUDE,Q2-36d8081bee
23739134,29,2022-09-17,2022-09-17,EXCLUDE,Q2-36d8081bee
23739134,29,2022-10-01,2022-10-01,EXCLUDE,Q2-36d8081bee
23739134,29,2022-10-08,2022-10-08,EXCLUDE,Q2-36d8081bee
23739134,29,2022-10-15,2022-10-15,EXCLUDE,Q2-36d8081bee
23739134,29,2022-10-18,2022-10-18,EXCLUDE,Q2-36d8081bee
23739134,29,2022-10-23,2022-10-23,EXCLUDE,Q2-36d8081bee
23739134,29,2022-10-29,2022-10-29,EXCLUDE,Q2-36d8081bee
23739134,29,2022-11-05,2022-11-05,EXCLUDE,Q2-36d8081bee
23739134,29,2022-11-12,2022-11-12,EXCLUDE,Q2-36d8081bee
23739134,29,2022-12-26,2022-12-26,EXCLUDE,Q2-36d8081bee
23739134,29,2022-12-31,2022-12-31,EXCLUDE,Q2-36d8081bee
23739134,29,2023-01-04,2023-01-04,EXCLUDE,Q2-36d8081bee
23739134,29,2023-01-14,2023-01-14,EXCLUDE,Q2-36d8081bee
23739134,29,2023-01-22,2023-01-22,EXCLUDE,Q2-36d8081bee
23739134,29,2023-02-04,2023-02-04,EXCLUDE,Q2-36d8081bee
23739134,29,2023-02-11,2023-02-11,EXCLUDE,Q2-36d8081bee
23739134,29,2023-02-18,2023-02-18,EXCLUDE,Q2-36d8081bee
23739134,29,2023-02-24,2023-02-24,EXCLUDE,Q2-36d8081bee
23739134,29,2023-03-01,2023-03-01,EXCLUDE,Q2-36d8081bee
23739134,29,2023-03-04,2023-03-04,EXCLUDE,Q2-36d8081bee
23739134,29,2023-03-12,2023-03-12,EXCLUDE,Q2-36d8081bee
23739134,29,2023-03-18,2023-03-18,EXCLUDE,Q2-36d8081bee
23739134,29,2023-04-01,2023-04-01,EXCLUDE,Q2-36d8081bee
23739134,29,2023-04-08,2023-04-08,EXCLUDE,Q2-36d8081bee
23739134,29,2023-04-15,2023-04-15,EXCLUDE,Q2-36d8081bee
23739134,29,2023-04-22,2023-04-22,EXCLUDE,Q2-36d8081bee
23739134,29,2023-04-25,2023-04-25,EXCLUDE,Q2-36d8081bee
23739134,29,2023-04-29,2023-04-29,EXCLUDE,Q2-36d8081bee
23739134,29,2023-05-06,2023-05-06,EXCLUDE,Q2-36d8081bee
23739134,29,2023-05-13,2023-05-13,EXCLUDE,Q2-36d8081bee
23739134,29,2023-05-20,2023-05-20,EXCLUDE,Q2-36d8081bee
23739134,29,2023-05-28,2023-05-28,EXCLUDE,Q2-36d8081bee
37649397,29,2022-08-06,2022-08-06,EXCLUDE,Q2-8ee5f2c17c
37649397,29,2022-08-13,2022-08-13,EXCLUDE,Q2-8ee5f2c17c
37649397,29,2022-08-20,2022-08-20,EXCLUDE,Q2-8ee5f2c17c
37649397,29,2022-08-28,2022-08-28,EXCLUDE,Q2-8ee5f2c17c
37649397,29,2022-08-31,2022-08-31,EXCLUDE,Q2-8ee5f2c17c
37649397,29,2022-09-03,2022-09-03,EXCLUDE,Q2-8ee5f2c17c
37649397,29,2022-09-17,2022-09-17,EXCLUDE,Q2-8ee5f2c17c
37649397,29,2022-10-01,2022-10-01,EXCLUDE,Q2-8ee5f2c17c
37649397,29,2022-10-08,2022-10-08,EXCLUDE,Q2-8ee5f2c17c
37649397,29,2022-10-15,2022-10-15,EXCLUDE,Q2-8ee5f2c17c
37649397,29,2022-10-18,2022-10-18,EXCLUDE,Q2-8ee5f2c17c
37649397,29,2022-10-23,2022-10-23,EXCLUDE,Q2-8ee5f2c17c
37649397,29,2022-10-29,2022-10-29,EXCLUDE,Q2-8ee5f2c17c
37649397,29,2022-11-05,2022-11-05,EXCLUDE,Q2-8ee5f2c17c
37649397,29,2022-11-12,2022-11-12,EXCLUDE,Q2-8ee5f2c17c
37649397,29,2022-12-26,2022-12-26,EXCLUDE,Q2-8ee5f2c17c
37649397,29,2022-12-31,2022-12-31,EXCLUDE,Q2-8ee5f2c17c
37649397,29,2023-01-04,2023-01-04,EXCLUDE,Q2-8ee5f2c17c
37649397,29,2023-01-14,2023-01-14,EXCLUDE,Q2-8ee5f2c17c
37649397,29,2023-01-22,2023-01-22,EXCLUDE,Q2-8ee5f2c17c
37649397,29,2023-02-04,2023-02-04,EXCLUDE,Q2-8ee5f2c17c
37649397,29,2023-02-11,2023-02-11,EXCLUDE,Q2-8ee5f2c17c
37649397,29,2023-02-18,2023-02-18,EXCLUDE,Q2-8ee5f2c17c
37649397,29,2023-02-24,2023-02-24,EXCLUDE,Q2-8ee5f2c17c
37649397,29,2023-03-01,2023-03-01,EXCLUDE,Q2-8ee5f2c17c
37649397,29,2023-03-04,2023-03-04,EXCLUDE,Q2-8ee5f2c17c
37649397,29,2023-03-12,2023-03-12,EXCLUDE,Q2-8ee5f2c17c
37649397,29,2023-03-18,2023-03-18,EXCLUDE,Q2-8ee5f2c17c
37649397,29,2023-04-01,2023-04-01,EXCLUDE,Q2-8ee5f2c17c
37649397,29,2023-04-08,2023-04-08,EXCLUDE,Q2-8ee5f2c17c
37649397,29,2023-04-15,2023-04-15,EXCLUDE,Q2-8ee5f2c17c
37649397,29,2023-04-22,2023-04-22,EXCLUDE,Q2-8ee5f2c17c
37649397,29,2023-04-25,2023-04-25,EXCLUDE,Q2-8ee5f2c17c
37649397,29,2023-04-29,2023-04-29,EXCLUDE,Q2-8ee5f2c17c
37649397,29,2023-05-06,2023-05-06,EXCLUDE,Q2-8ee5f2c17c
37649397,29,2023-05-13,2023-05-13,EXCLUDE,Q2-8ee5f2c17c
37649397,29,2023-05-20,2023-05-20,EXCLUDE,Q2-8ee5f2c17c
37649397,29,2023-05-28,2023-05-28,EXCLUDE,Q2-8ee5f2c17c
23739134,29,2022-08-06,2022-08-06,EXCLUDE,Q2-61e7f5a82f
23739134,29,2022-08-13,2022-08-13,EXCLUDE,Q2-61e7f5a82f
23739134,29,2022-08-20,2022-08-20,EXCLUDE,Q2-61e7f5a82f
23739134,29,2022-08-28,2022-08-28,EXCLUDE,Q2-61e7f5a82f
23739134,29,2022-08-31,2022-08-31,EXCLUDE,Q2-61e7f5a82f
23739134,29,2022-09-03,2022-09-03,EXCLUDE,Q2-61e7f5a82f
23739134,29,2022-09-17,2022-09-17,EXCLUDE,Q2-61e7f5a82f
23739134,29,2022-10-01,2022-10-01,EXCLUDE,Q2-61e7f5a82f
23739134,29,2022-10-08,2022-10-08,EXCLUDE,Q2-61e7f5a82f
23739134,29,2022-10-15,2022-10-15,EXCLUDE,Q2-61e7f5a82f
23739134,29,2022-10-18,2022-10-18,EXCLUDE,Q2-61e7f5a82f
23739134,29,2022-10-23,2022-10-23,EXCLUDE,Q2-61e7f5a82f
23739134,29,2022-10-29,2022-10-29,EXCLUDE,Q2-61e7f5a82f
23739134,29,2022-11-05,2022-11-05,EXCLUDE,Q2-61e7f5a82f
23739134,29,2022-11-12,2022-11-12,EXCLUDE,Q2-61e7f5a82f
23739134,29,2022-12-26,2022-12-26,EXCLUDE,Q2-61e7f5a82f
23739134,29,2022-12-31,2022-12-31,EXCLUDE,Q2-61e7f5a82f
23739134,29,2023-01-04,2023-01-04,EXCLUDE,Q2-61e7f5a82f
23739134,29,2023-01-14,2023-01-14,EXCLUDE,Q2-61e7f5a82f
23739134,29,2023-01-22,2023-01-22,EXCLUDE,Q2-61e7f5a82f
23739134,29,2023-02-04,2023-02-04,EXCLUDE,Q2-61e7f5a82f
23739134,29,2023-02-11,2023-02-11,EXCLUDE,Q2-61e7f5a82f
23739134,29,2023-02-18,2023-02-18,EXCLUDE,Q2-61e7f5a82f
23739134,29,2023-02-24,2023-02-24,EXCLUDE,Q2-61e7f5a82f
23739134,29,2023-03-01,2023-03-01,EXCLUDE,Q2-61e7f5a82f
23739134,29,2023-03-04,2023-03-04,EXCLUDE,Q2-61e7f5a82f
23739134,29,2023-03-12,2023-03-12,EXCLUDE,Q2-61e7f5a82f
23739134,29,2023-03-18,2023-03-18,EXCLUDE,Q2-61e7f5a82f
23739134,29,2023-04-01,2023-04-01,EXCLUDE,Q2-61e7f5a82f
23739134,29,2023-04-08,2023-04-08,EXCLUDE,Q2-61e7f5a82f
23739134,29,2023-04-15,2023-04-15,EXCLUDE,Q2-61e7f5a82f
23739134,29,2023-04-22,2023-04-22,EXCLUDE,Q2-61e7f5a82f
23739134,29,2023-04-25,2023-04-25,EXCLUDE,Q2-61e7f5a82f
23739134,29,2023-04-29,2023-04-29,EXCLUDE,Q2-61e7f5a82f
23739134,29,2023-05-06,2023-05-06,EXCLUDE,Q2-61e7f5a82f
23739134,29,2023-05-13,2023-05-13,EXCLUDE,Q2-61e7f5a82f
23739134,29,2023-05-20,2023-05-20,EXCLUDE,Q2-61e7f5a82f
23739134,29,2023-05-28,2023-05-28,EXCLUDE,Q2-61e7f5a82f
900733434,52,2022-08-06,2022-08-06,EXCLUDE,Q2-93031a61f5
900733434,52,2022-08-13,2022-08-13,EXCLUDE,Q2-93031a61f5
900733434,52,2022-08-20,2022-08-20,EXCLUDE,Q2-93031a61f5
900733434,52,2022-08-27,2022-08-27,EXCLUDE,Q2-93031a61f5
900733434,52,2022-08-31,2022-08-31,EXCLUDE,Q2-93031a61f5
900733434,52,2022-09-03,2022-09-03,EXCLUDE,Q2-93031a61f5
900733434,52,2022-09-17,2022-09-17,EXCLUDE,Q2-93031a61f5
900733434,52,2022-10-01,2022-10-01,EXCLUDE,Q2-93031a61f5
900733434,52,2022-10-08,2022-10-08,EXCLUDE,Q2-93031a61f5
900733434,52,2022-10-15,2022-10-15,EXCLUDE,Q2-93031a61f5
900733434,52,2022-10-19,2022-10-19,EXCLUDE,Q2-93031a61f5
900733434,52,2022-10-24,2022-10-24,EXCLUDE,Q2-93031a61f5
900733434,52,2022-10-29,2022-10-29,EXCLUDE,Q2-93031a61f5
900733434,52,2022-11-05,2022-11-05,EXCLUDE,Q2-93031a61f5
900733434,52,2022-11-12,2022-11-12,EXCLUDE,Q2-93031a61f5
900733434,52,2022-12-27,2022-12-27,EXCLUDE,Q2-93031a61f5
900733434,52,2022-12-31,2022-12-31,EXCLUDE,Q2-93031a61f5
900733434,52,2023-01-03,2023-01-03,EXCLUDE,Q2-93031a61f5
900733434,52,2023-01-14,2023-01-14,EXCLUDE,Q2-93031a61f5
900733434,52,2023-01-21,2023-01-21,EXCLUDE,Q2-93031a61f5
900733434,52,2023-02-04,2023-02-04,EXCLUDE,Q2-93031a61f5
900733434,52,2023-02-11,2023-02-11,EXCLUDE,Q2-93031a61f5
900733434,52,2023-02-18,2023-02-18,EXCLUDE,Q2-93031a61f5
900733434,52,2023-02-25,2023-02-25,EXCLUDE,Q2-93031a61f5
900733434,52,2023-03-04,2023-03-04,EXCLUDE,Q2-93031a61f5
900733434,52,2023-03-11,2023-03-11,EXCLUDE,Q2-93031a61f5
900733434,52,2023-03-18,2023-03-18,EXCLUDE,Q2-93031a61f5
900733434,52,2023-04-01,2023-04-01,EXCLUDE,Q2-93031a61f5
900733434,52,2023-04-04,2023-04-04,EXCLUDE,Q2-93031a61f5
900733434,52,2023-04-08,2023-04-08,EXCLUDE,Q2-93031a61f5
900733434,52,2023-04-15,2023-04-15,EXCLUDE,Q2-93031a61f5
900733434,52,2023-04-23,2023-04-23,EXCLUDE,Q2-93031a61f5
900733434,52,2023-04-27,2023-04-27,EXCLUDE,Q2-93031a61f5
900733434,52,2023-04-30,2023-04-30,EXCLUDE,Q2-93031a61f5
900733434,52,2023-05-06,2023-05-06,EXCLUDE,Q2-93031a61f5
900733434,52,2023-05-13,2023-05-13,EXCLUDE,Q2-93031a61f5
900733434,52,2023-05-20,2023-05-20,EXCLUDE,Q2-93031a61f5
900733434,52,2023-05-28,2023-05-28,EXCLUDE,Q2-93031a61f5
900646209,63,2022-08-06,2022-08-06,EXCLUDE,Q2-942c5b6739
900646209,63,2022-08-14,2022-08-14,EXCLUDE,Q2-942c5b6739
900646209,63,2022-08-20,2022-08-20,EXCLUDE,Q2-942c5b6739
900646209,63,2022-08-28,2022-08-28,EXCLUDE,Q2-942c5b6739
900646209,63,2022-08-31,2022-08-31,EXCLUDE,Q2-942c5b6739
900646209,63,2022-09-03,2022-09-03,EXCLUDE,Q2-942c5b6739
900646209,63,2022-09-16,2022-09-16,EXCLUDE,Q2-942c5b6739
900646209,63,2022-10-03,2022-10-03,EXCLUDE,Q2-942c5b6739
900646209,63,2022-10-10,2022-10-10,EXCLUDE,Q2-942c5b6739
900646209,63,2022-10-15,2022-10-15,EXCLUDE,Q2-942c5b6739
900646209,63,2022-10-18,2022-10-18,EXCLUDE,Q2-942c5b6739
900646209,63,2022-10-22,2022-10-22,EXCLUDE,Q2-942c5b6739
900646209,63,2022-10-30,2022-10-30,EXCLUDE,Q2-942c5b6739
900646209,63,2022-11-05,2022-11-05,EXCLUDE,Q2-942c5b6739
900646209,63,2022-11-12,2022-11-12,EXCLUDE,Q2-942c5b6739
900646209,63,2022-12-27,2022-12-27,EXCLUDE,Q2-942c5b6739
900646209,63,2023-01-01,2023-01-01,EXCLUDE,Q2-942c5b6739
900646209,63,2023-01-04,2023-01-04,EXCLUDE,Q2-942c5b6739
900646209,63,2023-01-14,2023-01-14,EXCLUDE,Q2-942c5b6739
900646209,63,2023-01-21,2023-01-21,EXCLUDE,Q2-942c5b6739
900646209,63,2023-02-05,2023-02-05,EXCLUDE,Q2-942c5b6739
900646209,63,2023-02-11,2023-02-11,EXCLUDE,Q2-942c5b6739
900646209,63,2023-02-18,2023-02-18,EXCLUDE,Q2-942c5b6739
900646209,63,2023-02-25,2023-02-25,EXCLUDE,Q2-942c5b6739
900646209,63,2023-03-05,2023-03-05,EXCLUDE,Q2-942c5b6739
900646209,63,2023-03-11,2023-03-11,EXCLUDE,Q2-942c5b6739
900646209,63,2023-03-17,2023-03-17,EXCLUDE,Q2-942c5b6739
900646209,63,2023-04-01,2023-04-01,EXCLUDE,Q2-942c5b6739
900646209,63,2023-04-04,2023-04-04,EXCLUDE,Q2-942c5b6739
900646209,63,2023-04-08,2023-04-08,EXCLUDE,Q2-942c5b6739
900646209,63,2023-04-16,2023-04-16,EXCLUDE,Q2-942c5b6739
900646209,63,2023-04-22,2023-04-22,EXCLUDE,Q2-942c5b6739
900646209,63,2023-04-26,2023-04-26,EXCLUDE,Q2-942c5b6739
900646209,63,2023-04-29,2023-04-29,EXCLUDE,Q2-942c5b6739
900646209,63,2023-05-08,2023-05-08,EXCLUDE,Q2-942c5b6739
900646209,63,2023-05-13,2023-05-13,EXCLUDE,Q2-942c5b6739
900646209,63,2023-05-20,2023-05-20,EXCLUDE,Q2-942c5b6739
900646209,63,2023-05-28,2023-05-28,EXCLUDE,Q2-942c5b6739
37583502,63,2022-08-06,2022-08-06,EXCLUDE,Q2-186b144a5f
37583502,63,2022-08-14,2022-08-14,EXCLUDE,Q2-186b144a5f
37583502,63,2022-08-20,2022-08-20,EXCLUDE,Q2-186b144a5f
37583502,63,2022-08-28,2022-08-28,EXCLUDE,Q2-186b144a5f
37583502,63,2022-08-31,2022-08-31,EXCLUDE,Q2-186b144a5f
37583502,63,2022-09-03,2022-09-03,EXCLUDE,Q2-186b144a5f
37583502,63,2022-09-16,2022-09-16,EXCLUDE,Q2-186b144a5f
37583502,63,2022-10-03,2022-10-03,EXCLUDE,Q2-186b144a5f
37583502,63,2022-10-10,2022-10-10,EXCLUDE,Q2-186b144a5f
37583502,63,2022-10-15,2022-10-15,EXCLUDE,Q2-186b144a5f
37583502,63,2022-10-18,2022-10-18,EXCLUDE,Q2-186b144a5f
37583502,63,2022-10-22,2022-10-22,EXCLUDE,Q2-186b144a5f
37583502,63,2022-10-30,2022-10-30,EXCLUDE,Q2-186b144a5f
37583502,63,2022-11-05,2022-11-05,EXCLUDE,Q2-186b144a5f
37583502,63,2022-11-12,2022-11-12,EXCLUDE,Q2-186b144a5f
37583502,63,2022-12-27,2022-12-27,EXCLUDE,Q2-186b144a5f
37583502,63,2023-01-01,2023-01-01,EXCLUDE,Q2-186b144a5f
37583502,63,2023-01-04,2023-01-04,EXCLUDE,Q2-186b144a5f
37583502,63,2023-01-14,2023-01-14,EXCLUDE,Q2-186b144a5f
37583502,63,2023-01-21,2023-01-21,EXCLUDE,Q2-186b144a5f
37583502,63,2023-02-05,2023-02-05,EXCLUDE,Q2-186b144a5f
37583502,63,2023-02-11,2023-02-11,EXCLUDE,Q2-186b144a5f
37583502,63,2023-02-18,2023-02-18,EXCLUDE,Q2-186b144a5f
37583502,63,2023-02-25,2023-02-25,EXCLUDE,Q2-186b144a5f
37583502,63,2023-03-05,2023-03-05,EXCLUDE,Q2-186b144a5f
37583502,63,2023-03-11,2023-03-11,EXCLUDE,Q2-186b144a5f
37583502,63,2023-03-17,2023-03-17,EXCLUDE,Q2-186b144a5f
37583502,63,2023-04-01,2023-04-01,EXCLUDE,Q2-186b144a5f
37583502,63,2023-04-04,2023-04-04,EXCLUDE,Q2-186b144a5f
37583502,63,2023-04-08,2023-04-08,EXCLUDE,Q2-186b144a5f
37583502,63,2023-04-16,2023-04-16,EXCLUDE,Q2-186b144a5f
37583502,63,2023-04-22,2023-04-22,EXCLUDE,Q2-186b144a5f
37583502,63,2023-04-26,2023-04-26,EXCLUDE,Q2-186b144a5f
37583502,63,2023-04-29,2023-04-29,EXCLUDE,Q2-186b144a5f
37583502,63,2023-05-08,2023-05-08,EXCLUDE,Q2-186b144a5f
37583502,63,2023-05-13,2023-05-13,EXCLUDE,Q2-186b144a5f
37583502,63,2023-05-20,2023-05-20,EXCLUDE,Q2-186b144a5f
37583502,63,2023-05-28,2023-05-28,EXCLUDE,Q2-186b144a5f
900614261,65,2022-08-06,2022-08-06,EXCLUDE,Q2-91d48cec15
900614261,65,2022-08-13,2022-08-13,EXCLUDE,Q2-91d48cec15
900614261,65,2022-08-20,2022-08-20,EXCLUDE,Q2-91d48cec15
900614261,65,2022-08-27,2022-08-27,EXCLUDE,Q2-91d48cec15
900614261,65,2022-08-30,2022-08-30,EXCLUDE,Q2-91d48cec15
900614261,65,2022-09-03,2022-09-03,EXCLUDE,Q2-91d48cec15
900614261,65,2022-09-16,2022-09-16,EXCLUDE,Q2-91d48cec15
900614261,65,2022-10-01,2022-10-01,EXCLUDE,Q2-91d48cec15
900614261,65,2022-10-08,2022-10-08,EXCLUDE,Q2-91d48cec15
900614261,65,2022-10-16,2022-10-16,EXCLUDE,Q2-91d48cec15
900614261,65,2022-10-19,2022-10-19,EXCLUDE,Q2-91d48cec15
900614261,65,2022-10-23,2022-10-23,EXCLUDE,Q2-91d48cec15
900614261,65,2022-10-29,2022-10-29,EXCLUDE,Q2-91d48cec15
900614261,65,2022-11-06,2022-11-06,EXCLUDE,Q2-91d48cec15
900614261,65,2022-11-12,2022-11-12,EXCLUDE,Q2-91d48cec15
900614261,65,2022-12-26,2022-12-26,EXCLUDE,Q2-91d48cec15
900614261,65,2022-12-31,2022-12-31,EXCLUDE,Q2-91d48cec15
900614261,65,2023-01-04,2023-01-04,EXCLUDE,Q2-91d48cec15
900614261,65,2023-01-14,2023-01-14,EXCLUDE,Q2-91d48cec15
900614261,65,2023-01-21,2023-01-21,EXCLUDE,Q2-91d48cec15
900614261,65,2023-02-04,2023-02-04,EXCLUDE,Q2-91d48cec15
900614261,65,2023-02-11,2023-02-11,EXCLUDE,Q2-91d48cec15
900614261,65,2023-02-18,2023-02-18,EXCLUDE,Q2-91d48cec15
900614261,65,2023-02-25,2023-02-25,EXCLUDE,Q2-91d48cec15
900614261,65,2023-03-04,2023-03-04,EXCLUDE,Q2-91d48cec15
900614261,65,2023-03-12,2023-03-12,EXCLUDE,Q2-91d48cec15
900614261,65,2023-03-15,2023-03-15,EXCLUDE,Q2-91d48cec15
900614261,65,2023-03-18,2023-03-18,EXCLUDE,Q2-91d48cec15
900614261,65,2023-04-02,2023-04-02,EXCLUDE,Q2-91d48cec15
900614261,65,2023-04-08,2023-04-08,EXCLUDE,Q2-91d48cec15
900614261,65,2023-04-15,2023-04-15,EXCLUDE,Q2-91d48cec15
900614261,65,2023-04-21,2023-04-21,EXCLUDE,Q2-91d48cec15
900614261,65,2023-04-27,2023-04-27,EXCLUDE,Q2-91d48cec15
900614261,65,2023-04-30,2023-04-30,EXCLUDE,Q2-91d48cec15
900614261,65,2023-05-08,2023-05-08,EXCLUDE,Q2-91d48cec15
900614261,65,2023-05-13,2023-05-13,EXCLUDE,Q2-91d48cec15
900614261,65,2023-05-21,2023-05-21,EXCLUDE,Q2-91d48cec15
900614261,65,2023-05-28,2023-05-28,EXCLUDE,Q2-91d48cec15
37537519,71,2022-08-06,2022-08-06,EXCLUDE,Q2-df4db840ad
37537519,71,2022-08-13,2022-08-13,EXCLUDE,Q2-df4db840ad
37537519,71,2022-08-21,2022-08-21,EXCLUDE,Q2-df4db840ad
37537519,71,2022-08-27,2022-08-27,EXCLUDE,Q2-df4db840ad
37537519,71,2022-08-30,2022-08-30,EXCLUDE,Q2-df4db840ad
37537519,71,2022-09-03,2022-09-03,EXCLUDE,Q2-df4db840ad
37537519,71,2022-10-02,2022-10-02,EXCLUDE,Q2-df4db840ad
37537519,71,2022-10-09,2022-10-09,EXCLUDE,Q2-df4db840ad
37537519,71,2022-10-16,2022-10-16,EXCLUDE,Q2-df4db840ad
37537519,71,2022-10-20,2022-10-20,EXCLUDE,Q2-df4db840ad
37537519,71,2022-10-23,2022-10-23,EXCLUDE,Q2-df4db840ad
37537519,71,2022-10-29,2022-10-29,EXCLUDE,Q2-df4db840ad
37537519,71,2022-11-05,2022-11-05,EXCLUDE,Q2-df4db840ad
37537519,71,2022-11-12,2022-11-12,EXCLUDE,Q2-df4db840ad
37537519,71,2022-12-28,2022-12-28,EXCLUDE,Q2-df4db840ad
37537519,71,2022-12-31,2022-12-31,EXCLUDE,Q2-df4db840ad
37537519,71,2023-01-04,2023-01-04,EXCLUDE,Q2-df4db840ad
37537519,71,2023-01-13,2023-01-13,EXCLUDE,Q2-df4db840ad
37537519,71,2023-01-22,2023-01-22,EXCLUDE,Q2-df4db840ad
37537519,71,2023-02-05,2023-02-05,EXCLUDE,Q2-df4db840ad
37537519,71,2023-02-08,2023-02-08,EXCLUDE,Q2-df4db840ad
37537519,71,2023-02-12,2023-02-12,EXCLUDE,Q2-df4db840ad
37537519,71,2023-02-18,2023-02-18,EXCLUDE,Q2-df4db840ad
37537519,71,2023-02-25,2023-02-25,EXCLUDE,Q2-df4db840ad
37537519,71,2023-03-04,2023-03-04,EXCLUDE,Q2-df4db840ad
37537519,71,2023-03-11,2023-03-11,EXCLUDE,Q2-df4db840ad
37537519,71,2023-03-18,2023-03-18,EXCLUDE,Q2-df4db840ad
37537519,71,2023-04-01,2023-04-01,EXCLUDE,Q2-df4db840ad
37537519,71,2023-04-04,2023-04-04,EXCLUDE,Q2-df4db840ad
37537519,71,2023-04-09,2023-04-09,EXCLUDE,Q2-df4db840ad
37537519,71,2023-04-17,2023-04-17,EXCLUDE,Q2-df4db840ad
37537519,71,2023-04-22,2023-04-22,EXCLUDE,Q2-df4db840ad
37537519,71,2023-04-25,2023-04-25,EXCLUDE,Q2-df4db840ad
37537519,71,2023-04-30,2023-04-30,EXCLUDE,Q2-df4db840ad
37537519,71,2023-05-06,2023-05-06,EXCLUDE,Q2-df4db840ad
37537519,71,2023-05-13,2023-05-13,EXCLUDE,Q2-df4db840ad
37537519,71,2023-05-21,2023-05-21,EXCLUDE,Q2-df4db840ad
37537519,71,2023-05-28,2023-05-28,EXCLUDE,Q2-df4db840ad
900624264,71,2022-08-06,2022-08-06,EXCLUDE,Q2-7ab195b6d7
900624264,71,2022-08-13,2022-08-13,EXCLUDE,Q2-7ab195b6d7
900624264,71,2022-08-21,2022-08-21,EXCLUDE,Q2-7ab195b6d7
900624264,71,2022-08-27,2022-08-27,EXCLUDE,Q2-7ab195b6d7
900624264,71,2022-08-30,2022-08-30,EXCLUDE,Q2-7ab195b6d7
900624264,71,2022-09-03,2022-09-03,EXCLUDE,Q2-7ab195b6d7
900624264,71,2022-10-02,2022-10-02,EXCLUDE,Q2-7ab195b6d7
900624264,71,2022-10-09,2022-10-09,EXCLUDE,Q2-7ab195b6d7
900624264,71,2022-10-16,2022-10-16,EXCLUDE,Q2-7ab195b6d7
900624264,71,2022-10-20,2022-10-20,EXCLUDE,Q2-7ab195b6d7
900624264,71,2022-10-23,2022-10-23,EXCLUDE,Q2-7ab195b6d7
900624264,71,2022-10-29,2022-10-29,EXCLUDE,Q2-7ab195b6d7
900624264,71,2022-11-05,2022-11-05,EXCLUDE,Q2-7ab195b6d7
900624264,71,2022-11-12,2022-11-12,EXCLUDE,Q2-7ab195b6d7
900624264,71,2022-12-28,2022-12-28,EXCLUDE,Q2-7ab195b6d7
900624264,71,2022-12-31,2022-12-31,EXCLUDE,Q2-7ab195b6d7
900624264,71,2023-01-04,2023-01-04,EXCLUDE,Q2-7ab195b6d7
900624264,71,2023-01-13,2023-01-13,EXCLUDE,Q2-7ab195b6d7
900624264,71,2023-01-22,2023-01-22,EXCLUDE,Q2-7ab195b6d7
900624264,71,2023-02-05,2023-02-05,EXCLUDE,Q2-7ab195b6d7
900624264,71,2023-02-08,2023-02-08,EXCLUDE,Q2-7ab195b6d7
900624264,71,2023-02-12,2023-02-12,EXCLUDE,Q2-7ab195b6d7
900624264,71,2023-02-18,2023-02-18,EXCLUDE,Q2-7ab195b6d7
900624264,71,2023-02-25,2023-02-25,EXCLUDE,Q2-7ab195b6d7
900624264,71,2023-03-04,2023-03-04,EXCLUDE,Q2-7ab195b6d7
900624264,71,2023-03-11,2023-03-11,EXCLUDE,Q2-7ab195b6d7
900624264,71,2023-03-18,2023-03-18,EXCLUDE,Q2-7ab195b6d7
900624264,71,2023-04-01,2023-04-01,EXCLUDE,Q2-7ab195b6d7
900624264,71,2023-04-04,2023-04-04,EXCLUDE,Q2-7ab195b6d7
900624264,71,2023-04-09,2023-04-09,EXCLUDE,Q2-7ab195b6d7
900624264,71,2023-04-17,2023-04-17,EXCLUDE,Q2-7ab195b6d7
900624264,71,2023-04-22,2023-04-22,EXCLUDE,Q2-7ab195b6d7
900624264,71,2023-04-25,2023-04-25,EXCLUDE,Q2-7ab195b6d7
900624264,71,2023-04-30,2023-04-30,EXCLUDE,Q2-7ab195b6d7
900624264,71,2023-05-06,2023-05-06,EXCLUDE,Q2-7ab195b6d7
900624264,71,2023-05-13,2023-05-13,EXCLUDE,Q2-7ab195b6d7
900624264,71,2023-05-21,2023-05-21,EXCLUDE,Q2-7ab195b6d7
900624264,71,2023-05-28,2023-05-28,EXCLUDE,Q2-7ab195b6d7
37391416,71,2022-08-06,2022-08-06,EXCLUDE,Q2-b8c9a2c301
37391416,71,2022-08-13,2022-08-13,EXCLUDE,Q2-b8c9a2c301
37391416,71,2022-08-21,2022-08-21,EXCLUDE,Q2-b8c9a2c301
37391416,71,2022-08-27,2022-08-27,EXCLUDE,Q2-b8c9a2c301
37391416,71,2022-08-30,2022-08-30,EXCLUDE,Q2-b8c9a2c301
37391416,71,2022-09-03,2022-09-03,EXCLUDE,Q2-b8c9a2c301
37391416,71,2022-10-02,2022-10-02,EXCLUDE,Q2-b8c9a2c301
37391416,71,2022-10-09,2022-10-09,EXCLUDE,Q2-b8c9a2c301
37391416,71,2022-10-16,2022-10-16,EXCLUDE,Q2-b8c9a2c301
37391416,71,2022-10-20,2022-10-20,EXCLUDE,Q2-b8c9a2c301
37391416,71,2022-10-23,2022-10-23,EXCLUDE,Q2-b8c9a2c301
37391416,71,2022-10-29,2022-10-29,EXCLUDE,Q2-b8c9a2c301
37391416,71,2022-11-05,2022-11-05,EXCLUDE,Q2-b8c9a2c301
37391416,71,2022-11-12,2022-11-12,EXCLUDE,Q2-b8c9a2c301
37391416,71,2022-12-28,2022-12-28,EXCLUDE,Q2-b8c9a2c301
37391416,71,2022-12-31,2022-12-31,EXCLUDE,Q2-b8c9a2c301
37391416,71,2023-01-04,2023-01-04,EXCLUDE,Q2-b8c9a2c301
37391416,71,2023-01-13,2023-01-13,EXCLUDE,Q2-b8c9a2c301
37391416,71,2023-01-22,2023-01-22,EXCLUDE,Q2-b8c9a2c301
37391416,71,2023-02-05,2023-02-05,EXCLUDE,Q2-b8c9a2c301
37391416,71,2023-02-08,2023-02-08,EXCLUDE,Q2-b8c9a2c301
37391416,71,2023-02-12,2023-02-12,EXCLUDE,Q2-b8c9a2c301
37391416,71,2023-02-18,2023-02-18,EXCLUDE,Q2-b8c9a2c301
37391416,71,2023-02-25,2023-02-25,EXCLUDE,Q2-b8c9a2c301
37391416,71,2023-03-04,2023-03-04,EXCLUDE,Q2-b8c9a2c301
37391416,71,2023-03-11,2023-03-11,EXCLUDE,Q2-b8c9a2c301
37391416,71,2023-03-18,2023-03-18,EXCLUDE,Q2-b8c9a2c301
37391416,71,2023-04-01,2023-04-01,EXCLUDE,Q2-b8c9a2c301
37391416,71,2023-04-04,2023-04-04,EXCLUDE,Q2-b8c9a2c301
37391416,71,2023-04-09,2023-04-09,EXCLUDE,Q2-b8c9a2c301
37391416,71,2023-04-17,2023-04-17,EXCLUDE,Q2-b8c9a2c301
37391416,71,2023-04-22,2023-04-22,EXCLUDE,Q2-b8c9a2c301
37391416,71,2023-04-25,2023-04-25,EXCLUDE,Q2-b8c9a2c301
37391416,71,2023-04-30,2023-04-30,EXCLUDE,Q2-b8c9a2c301
37391416,71,2023-05-06,2023-05-06,EXCLUDE,Q2-b8c9a2c301
37391416,71,2023-05-13,2023-05-13,EXCLUDE,Q2-b8c9a2c301
37391416,71,2023-05-21,2023-05-21,EXCLUDE,Q2-b8c9a2c301
37391416,71,2023-05-28,2023-05-28,EXCLUDE,Q2-b8c9a2c301
900906891,71,2022-08-06,2022-08-06,EXCLUDE,Q2-87d25c67b8
900906891,71,2022-08-13,2022-08-13,EXCLUDE,Q2-87d25c67b8
900906891,71,2022-08-21,2022-08-21,EXCLUDE,Q2-87d25c67b8
900906891,71,2022-08-27,2022-08-27,EXCLUDE,Q2-87d25c67b8
900906891,71,2022-08-30,2022-08-30,EXCLUDE,Q2-87d25c67b8
900906891,71,2022-09-03,2022-09-03,EXCLUDE,Q2-87d25c67b8
900906891,71,2022-10-02,2022-10-02,EXCLUDE,Q2-87d25c67b8
900906891,71,2022-10-09,2022-10-09,EXCLUDE,Q2-87d25c67b8
900906891,71,2022-10-16,2022-10-16,EXCLUDE,Q2-87d25c67b8
900906891,71,2022-10-20,2022-10-20,EXCLUDE,Q2-87d25c67b8
900906891,71,2022-10-23,2022-10-23,EXCLUDE,Q2-87d25c67b8
900906891,71,2022-10-29,2022-10-29,EXCLUDE,Q2-87d25c67b8
900906891,71,2022-11-05,2022-11-05,EXCLUDE,Q2-87d25c67b8
900906891,71,2022-11-12,2022-11-12,EXCLUDE,Q2-87d25c67b8
900906891,71,2022-12-28,2022-12-28,EXCLUDE,Q2-87d25c67b8
900906891,71,2022-12-31,2022-12-31,EXCLUDE,Q2-87d25c67b8
900906891,71,2023-01-04,2023-01-04,EXCLUDE,Q2-87d25c67b8
900906891,71,2023-01-13,2023-01-13,EXCLUDE,Q2-87d25c67b8
900906891,71,2023-01-22,2023-01-22,EXCLUDE,Q2-87d25c67b8
900906891,71,2023-02-05,2023-02-05,EXCLUDE,Q2-87d25c67b8
900906891,71,2023-02-08,2023-02-08,EXCLUDE,Q2-87d25c67b8
900906891,71,2023-02-12,2023-02-12,EXCLUDE,Q2-87d25c67b8
900906891,71,2023-02-18,2023-02-18,EXCLUDE,Q2-87d25c67b8
900906891,71,2023-02-25,2023-02-25,EXCLUDE,Q2-87d25c67b8
900906891,71,2023-03-04,2023-03-04,EXCLUDE,Q2-87d25c67b8
900906891,71,2023-03-11,2023-03-11,EXCLUDE,Q2-87d25c67b8
900906891,71,2023-03-18,2023-03-18,EXCLUDE,Q2-87d25c67b8
900906891,71,2023-04-01,2023-04-01,EXCLUDE,Q2-87d25c67b8
900906891,71,2023-04-04,2023-04-04,EXCLUDE,Q2-87d25c67b8
900906891,71,2023-04-09,2023-04-09,EXCLUDE,Q2-87d25c67b8
900906891,71,2023-04-17,2023-04-17,EXCLUDE,Q2-87d25c67b8
900906891,71,2023-04-22,2023-04-22,EXCLUDE,Q2-87d25c67b8
900906891,71,2023-04-25,2023-04-25,EXCLUDE,Q2-87d25c67b8
900906891,71,2023-04-30,2023-04-30,EXCLUDE,Q2-87d25c67b8
900906891,71,2023-05-06,2023-05-06,EXCLUDE,Q2-87d25c67b8
900906891,71,2023-05-13,2023-05-13,EXCLUDE,Q2-87d25c67b8
900906891,71,2023-05-21,2023-05-21,EXCLUDE,Q2-87d25c67b8
900906891,71,2023-05-28,2023-05-28,EXCLUDE,Q2-87d25c67b8
37604648,71,2022-08-06,2022-08-06,EXCLUDE,Q2-d1d36d2cf9
37604648,71,2022-08-13,2022-08-13,EXCLUDE,Q2-d1d36d2cf9
37604648,71,2022-08-21,2022-08-21,EXCLUDE,Q2-d1d36d2cf9
37604648,71,2022-08-27,2022-08-27,EXCLUDE,Q2-d1d36d2cf9
37604648,71,2022-08-30,2022-08-30,EXCLUDE,Q2-d1d36d2cf9
37604648,71,2022-09-03,2022-09-03,EXCLUDE,Q2-d1d36d2cf9
37604648,71,2022-10-02,2022-10-02,EXCLUDE,Q2-d1d36d2cf9
37604648,71,2022-10-09,2022-10-09,EXCLUDE,Q2-d1d36d2cf9
37604648,71,2022-10-16,2022-10-16,EXCLUDE,Q2-d1d36d2cf9
37604648,71,2022-10-20,2022-10-20,EXCLUDE,Q2-d1d36d2cf9
37604648,71,2022-10-23,2022-10-23,EXCLUDE,Q2-d1d36d2cf9
37604648,71,2022-10-29,2022-10-29,EXCLUDE,Q2-d1d36d2cf9
37604648,71,2022-11-05,2022-11-05,EXCLUDE,Q2-d1d36d2cf9
37604648,71,2022-11-12,2022-11-12,EXCLUDE,Q2-d1d36d2cf9
37604648,71,2022-12-28,2022-12-28,EXCLUDE,Q2-d1d36d2cf9
37604648,71,2022-12-31,2022-12-31,EXCLUDE,Q2-d1d36d2cf9
37604648,71,2023-01-04,2023-01-04,EXCLUDE,Q2-d1d36d2cf9
37604648,71,2023-01-13,2023-01-13,EXCLUDE,Q2-d1d36d2cf9
37604648,71,2023-01-22,2023-01-22,EXCLUDE,Q2-d1d36d2cf9
37604648,71,2023-02-05,2023-02-05,EXCLUDE,Q2-d1d36d2cf9
37604648,71,2023-02-08,2023-02-08,EXCLUDE,Q2-d1d36d2cf9
37604648,71,2023-02-12,2023-02-12,EXCLUDE,Q2-d1d36d2cf9
37604648,71,2023-02-18,2023-02-18,EXCLUDE,Q2-d1d36d2cf9
37604648,71,2023-02-25,2023-02-25,EXCLUDE,Q2-d1d36d2cf9
37604648,71,2023-03-04,2023-03-04,EXCLUDE,Q2-d1d36d2cf9
37604648,71,2023-03-11,2023-03-11,EXCLUDE,Q2-d1d36d2cf9
37604648,71,2023-03-18,2023-03-18,EXCLUDE,Q2-d1d36d2cf9
37604648,71,2023-04-01,2023-04-01,EXCLUDE,Q2-d1d36d2cf9
37604648,71,2023-04-04,2023-04-04,EXCLUDE,Q2-d1d36d2cf9
37604648,71,2023-04-09,2023-04-09,EXCLUDE,Q2-d1d36d2cf9
37604648,71,2023-04-17,2023-04-17,EXCLUDE,Q2-d1d36d2cf9
37604648,71,2023-04-22,2023-04-22,EXCLUDE,Q2-d1d36d2cf9
37604648,71,2023-04-25,2023-04-25,EXCLUDE,Q2-d1d36d2cf9
37604648,71,2023-04-30,2023-04-30,EXCLUDE,Q2-d1d36d2cf9
37604648,71,2023-05-06,2023-05-06,EXCLUDE,Q2-d1d36d2cf9
37604648,71,2023-05-13,2023-05-13,EXCLUDE,Q2-d1d36d2cf9
37604648,71,2023-05-21,2023-05-21,EXCLUDE,Q2-d1d36d2cf9
37604648,71,2023-05-28,2023-05-28,EXCLUDE,Q2-d1d36d2cf9
900854689,78,2022-08-07,2022-08-07,EXCLUDE,Q2-8803a6fb5a
900854689,78,2022-08-13,2022-08-13,EXCLUDE,Q2-8803a6fb5a
900854689,78,2022-08-21,2022-08-21,EXCLUDE,Q2-8803a6fb5a
900854689,78,2022-08-27,2022-08-27,EXCLUDE,Q2-8803a6fb5a
900854689,78,2022-08-30,2022-08-30,EXCLUDE,Q2-8803a6fb5a
900854689,78,2022-09-04,2022-09-04,EXCLUDE,Q2-8803a6fb5a
900854689,78,2022-10-01,2022-10-01,EXCLUDE,Q2-8803a6fb5a
900854689,78,2022-10-08,2022-10-08,EXCLUDE,Q2-8803a6fb5a
900854689,78,2022-10-14,2022-10-14,EXCLUDE,Q2-8803a6fb5a
900854689,78,2022-10-18,2022-10-18,EXCLUDE,Q2-8803a6fb5a
900854689,78,2022-10-22,2022-10-22,EXCLUDE,Q2-8803a6fb5a
900854689,78,2022-10-29,2022-10-29,EXCLUDE,Q2-8803a6fb5a
900854689,78,2022-11-05,2022-11-05,EXCLUDE,Q2-8803a6fb5a
900854689,78,2022-11-13,2022-11-13,EXCLUDE,Q2-8803a6fb5a
900854689,78,2022-12-26,2022-12-26,EXCLUDE,Q2-8803a6fb5a
900854689,78,2022-12-31,2022-12-31,EXCLUDE,Q2-8803a6fb5a
900854689,78,2023-01-03,2023-01-03,EXCLUDE,Q2-8803a6fb5a
900854689,78,2023-01-14,2023-01-14,EXCLUDE,Q2-8803a6fb5a
900854689,78,2023-01-21,2023-01-21,EXCLUDE,Q2-8803a6fb5a
900854689,78,2023-02-04,2023-02-04,EXCLUDE,Q2-8803a6fb5a
900854689,78,2023-02-11,2023-02-11,EXCLUDE,Q2-8803a6fb5a
900854689,78,2023-02-18,2023-02-18,EXCLUDE,Q2-8803a6fb5a
900854689,78,2023-03-04,2023-03-04,EXCLUDE,Q2-8803a6fb5a
900854689,78,2023-03-11,2023-03-11,EXCLUDE,Q2-8803a6fb5a
900854689,78,2023-03-15,2023-03-15,EXCLUDE,Q2-8803a6fb5a
900854689,78,2023-04-01,2023-04-01,EXCLUDE,Q2-8803a6fb5a
900854689,78,2023-04-04,2023-04-04,EXCLUDE,Q2-8803a6fb5a
900854689,78,2023-04-08,2023-04-08,EXCLUDE,Q2-8803a6fb5a
900854689,78,2023-04-15,2023-04-15,EXCLUDE,Q2-8803a6fb5a
900854689,78,2023-04-26,2023-04-26,EXCLUDE,Q2-8803a6fb5a
900854689,78,2023-04-29,2023-04-29,EXCLUDE,Q2-8803a6fb5a
900854689,78,2023-05-04,2023-05-04,EXCLUDE,Q2-8803a6fb5a
900854689,78,2023-05-08,2023-05-08,EXCLUDE,Q2-8803a6fb5a
900854689,78,2023-05-14,2023-05-14,EXCLUDE,Q2-8803a6fb5a
900854689,78,2023-05-18,2023-05-18,EXCLUDE,Q2-8803a6fb5a
900854689,78,2023-05-21,2023-05-21,EXCLUDE,Q2-8803a6fb5a
900854689,78,2023-05-24,2023-05-24,EXCLUDE,Q2-8803a6fb5a
900854689,78,2023-05-28,2023-05-28,EXCLUDE,Q2-8803a6fb5a
37402363,78,2022-08-07,2022-08-07,EXCLUDE,Q2-de9e43da77
37402363,78,2022-08-13,2022-08-13,EXCLUDE,Q2-de9e43da77
37402363,78,2022-08-21,2022-08-21,EXCLUDE,Q2-de9e43da77
37402363,78,2022-08-27,2022-08-27,EXCLUDE,Q2-de9e43da77
37402363,78,2022-08-30,2022-08-30,EXCLUDE,Q2-de9e43da77
37402363,78,2022-09-04,2022-09-04,EXCLUDE,Q2-de9e43da77
37402363,78,2022-10-01,2022-10-01,EXCLUDE,Q2-de9e43da77
37402363,78,2022-10-08,2022-10-08,EXCLUDE,Q2-de9e43da77
37402363,78,2022-10-14,2022-10-14,EXCLUDE,Q2-de9e43da77
37402363,78,2022-10-18,2022-10-18,EXCLUDE,Q2-de9e43da77
37402363,78,2022-10-22,2022-10-22,EXCLUDE,Q2-de9e43da77
37402363,78,2022-10-29,2022-10-29,EXCLUDE,Q2-de9e43da77
37402363,78,2022-11-05,2022-11-05,EXCLUDE,Q2-de9e43da77
37402363,78,2022-11-13,2022-11-13,EXCLUDE,Q2-de9e43da77
37402363,78,2022-12-26,2022-12-26,EXCLUDE,Q2-de9e43da77
37402363,78,2022-12-31,2022-12-31,EXCLUDE,Q2-de9e43da77
37402363,78,2023-01-03,2023-01-03,EXCLUDE,Q2-de9e43da77
37402363,78,2023-01-14,2023-01-14,EXCLUDE,Q2-de9e43da77
37402363,78,2023-01-21,2023-01-21,EXCLUDE,Q2-de9e43da77
37402363,78,2023-02-04,2023-02-04,EXCLUDE,Q2-de9e43da77
37402363,78,2023-02-11,2023-02-11,EXCLUDE,Q2-de9e43da77
37402363,78,2023-02-18,2023-02-18,EXCLUDE,Q2-de9e43da77
37402363,78,2023-03-04,2023-03-04,EXCLUDE,Q2-de9e43da77
37402363,78,2023-03-11,2023-03-11,EXCLUDE,Q2-de9e43da77
37402363,78,2023-03-15,2023-03-15,EXCLUDE,Q2-de9e43da77
37402363,78,2023-04-01,2023-04-01,EXCLUDE,Q2-de9e43da77
37402363,78,2023-04-04,2023-04-04,EXCLUDE,Q2-de9e43da77
37402363,78,2023-04-08,2023-04-08,EXCLUDE,Q2-de9e43da77
37402363,78,2023-04-15,2023-04-15,EXCLUDE,Q2-de9e43da77
37402363,78,2023-04-26,2023-04-26,EXCLUDE,Q2-de9e43da77
37402363,78,2023-04-29,2023-04-29,EXCLUDE,Q2-de9e43da77
37402363,78,2023-05-04,2023-05-04,EXCLUDE,Q2-de9e43da77
37402363,78,2023-05-08,2023-05-08,EXCLUDE,Q2-de9e43da77
37402363,78,2023-05-14,2023-05-14,EXCLUDE,Q2-de9e43da77
37402363,78,2023-05-18,2023-05-18,EXCLUDE,Q2-de9e43da77
37402363,78,2023-05-21,2023-05-21,EXCLUDE,Q2-de9e43da77
37402363,78,2023-05-24,2023-05-24,EXCLUDE,Q2-de9e43da77
37402363,78,2023-05-28,2023-05-28,EXCLUDE,Q2-de9e43da77
900701006,1,2020-09-12,2020-09-12,EXCLUDE,Q2-2b21c0743f
900701006,1,2020-09-19,2020-09-19,EXCLUDE,Q2-2b21c0743f
900701006,1,2020-09-27,2020-09-27,EXCLUDE,Q2-2b21c0743f
900701006,1,2020-10-04,2020-10-04,EXCLUDE,Q2-2b21c0743f
900701006,1,2020-10-18,2020-10-18,EXCLUDE,Q2-2b21c0743f
900701006,1,2020-10-24,2020-10-24,EXCLUDE,Q2-2b21c0743f
900701006,1,2020-10-31,2020-10-31,EXCLUDE,Q2-2b21c0743f
900701006,1,2020-11-07,2020-11-07,EXCLUDE,Q2-2b21c0743f
900701006,1,2020-11-22,2020-11-22,EXCLUDE,Q2-2b21c0743f
900701006,1,2020-11-30,2020-11-30,EXCLUDE,Q2-2b21c0743f
900701006,1,2020-12-05,2020-12-05,EXCLUDE,Q2-2b21c0743f
900701006,1,2020-12-11,2020-12-11,EXCLUDE,Q2-2b21c0743f
900701006,1,2020-12-16,2020-12-16,EXCLUDE,Q2-2b21c0743f
900701006,1,2020-12-21,2020-12-21,EXCLUDE,Q2-2b21c0743f
900701006,1,2020-12-27,2020-12-27,EXCLUDE,Q2-2b21c0743f
900701006,1,2020-12-29,2020-12-29,EXCLUDE,Q2-2b21c0743f
900701006,1,2021-01-01,2021-01-01,EXCLUDE,Q2-2b21c0743f
900701006,1,2021-01-16,2021-01-16,EXCLUDE,Q2-2b21c0743f
900701006,1,2021-01-19,2021-01-19,EXCLUDE,Q2-2b21c0743f
900701006,1,2021-01-26,2021-01-26,EXCLUDE,Q2-2b21c0743f
900701006,1,2021-01-31,2021-01-31,EXCLUDE,Q2-2b21c0743f
900701006,1,2021-02-03,2021-02-03,EXCLUDE,Q2-2b21c0743f
900701006,1,2021-02-06,2021-02-06,EXCLUDE,Q2-2b21c0743f
900701006,1,2021-02-15,2021-02-15,EXCLUDE,Q2-2b21c0743f
900701006,1,2021-02-21,2021-02-21,EXCLUDE,Q2-2b21c0743f
900701006,1,2021-02-27,2021-02-27,EXCLUDE,Q2-2b21c0743f
900701006,1,2021-03-08,2021-03-08,EXCLUDE,Q2-2b21c0743f
900701006,1,2021-03-14,2021-03-14,EXCLUDE,Q2-2b21c0743f
900701006,1,2021-03-21,2021-03-21,EXCLUDE,Q2-2b21c0743f
900701006,1,2021-04-05,2021-04-05,EXCLUDE,Q2-2b21c0743f
900701006,1,2021-04-11,2021-04-11,EXCLUDE,Q2-2b21c0743f
900701006,1,2021-04-17,2021-04-17,EXCLUDE,Q2-2b21c0743f
900701006,1,2021-04-24,2021-04-24,EXCLUDE,Q2-2b21c0743f
900701006,1,2021-05-03,2021-05-03,EXCLUDE,Q2-2b21c0743f
900701006,1,2021-05-09,2021-05-09,EXCLUDE,Q2-2b21c0743f
900701006,1,2021-05-15,2021-05-15,EXCLUDE,Q2-2b21c0743f
900701006,1,2021-05-19,2021-05-19,EXCLUDE,Q2-2b21c0743f
900701006,1,2021-05-23,2021-05-23,EXCLUDE,Q2-2b21c0743f
900594721,8,2020-09-12,2020-09-12,EXCLUDE,Q2-dcb19dfa35
900594721,8,2020-09-20,2020-09-20,EXCLUDE,Q2-dcb19dfa35
900594721,8,2020-09-28,2020-09-28,EXCLUDE,Q2-dcb19dfa35
900594721,8,2020-10-04,2020-10-04,EXCLUDE,Q2-dcb19dfa35
900594721,8,2020-10-17,2020-10-17,EXCLUDE,Q2-dcb19dfa35
900594721,8,2020-10-24,2020-10-24,EXCLUDE,Q2-dcb19dfa35
900594721,8,2020-10-31,2020-10-31,EXCLUDE,Q2-dcb19dfa35
900594721,8,2020-11-08,2020-11-08,EXCLUDE,Q2-dcb19dfa35
900594721,8,2020-11-22,2020-11-22,EXCLUDE,Q2-dcb19dfa35
900594721,8,2020-11-28,2020-11-28,EXCLUDE,Q2-dcb19dfa35
900594721,8,2020-12-06,2020-12-06,EXCLUDE,Q2-dcb19dfa35
900594721,8,2020-12-13,2020-12-13,EXCLUDE,Q2-dcb19dfa35
900594721,8,2020-12-16,2020-12-16,EXCLUDE,Q2-dcb19dfa35
900594721,8,2020-12-19,2020-12-19,EXCLUDE,Q2-dcb19dfa35
900594721,8,2020-12-27,2020-12-27,EXCLUDE,Q2-dcb19dfa35
900594721,8,2020-12-30,2020-12-30,EXCLUDE,Q2-dcb19dfa35
900594721,8,2021-01-04,2021-01-04,EXCLUDE,Q2-dcb19dfa35
900594721,8,2021-01-17,2021-01-17,EXCLUDE,Q2-dcb19dfa35
900594721,8,2021-01-21,2021-01-21,EXCLUDE,Q2-dcb19dfa35
900594721,8,2021-01-28,2021-01-28,EXCLUDE,Q2-dcb19dfa35
900594721,8,2021-01-31,2021-01-31,EXCLUDE,Q2-dcb19dfa35
900594721,8,2021-02-03,2021-02-03,EXCLUDE,Q2-dcb19dfa35
900594721,8,2021-02-07,2021-02-07,EXCLUDE,Q2-dcb19dfa35
900594721,8,2021-02-13,2021-02-13,EXCLUDE,Q2-dcb19dfa35
900594721,8,2021-02-20,2021-02-20,EXCLUDE,Q2-dcb19dfa35
900594721,8,2021-02-28,2021-02-28,EXCLUDE,Q2-dcb19dfa35
900594721,8,2021-03-04,2021-03-04,EXCLUDE,Q2-dcb19dfa35
900594721,8,2021-03-07,2021-03-07,EXCLUDE,Q2-dcb19dfa35
900594721,8,2021-03-15,2021-03-15,EXCLUDE,Q2-dcb19dfa35
900594721,8,2021-04-03,2021-04-03,EXCLUDE,Q2-dcb19dfa35
900594721,8,2021-04-10,2021-04-10,EXCLUDE,Q2-dcb19dfa35
900594721,8,2021-04-19,2021-04-19,EXCLUDE,Q2-dcb19dfa35
900594721,8,2021-04-24,2021-04-24,EXCLUDE,Q2-dcb19dfa35
900594721,8,2021-05-08,2021-05-08,EXCLUDE,Q2-dcb19dfa35
900594721,8,2021-05-13,2021-05-13,EXCLUDE,Q2-dcb19dfa35
900594721,8,2021-05-16,2021-05-16,EXCLUDE,Q2-dcb19dfa35
900594721,8,2021-05-19,2021-05-19,EXCLUDE,Q2-dcb19dfa35
900594721,8,2021-05-23,2021-05-23,EXCLUDE,Q2-dcb19dfa35
900570469,8,2020-09-12,2020-09-12,EXCLUDE,Q2-15f78495a3
900570469,8,2020-09-20,2020-09-20,EXCLUDE,Q2-15f78495a3
900570469,8,2020-09-28,2020-09-28,EXCLUDE,Q2-15f78495a3
900570469,8,2020-10-04,2020-10-04,EXCLUDE,Q2-15f78495a3
900570469,8,2020-10-17,2020-10-17,EXCLUDE,Q2-15f78495a3
900570469,8,2020-10-24,2020-10-24,EXCLUDE,Q2-15f78495a3
900570469,8,2020-10-31,2020-10-31,EXCLUDE,Q2-15f78495a3
900570469,8,2020-11-08,2020-11-08,EXCLUDE,Q2-15f78495a3
900570469,8,2020-11-22,2020-11-22,EXCLUDE,Q2-15f78495a3
900570469,8,2020-11-28,2020-11-28,EXCLUDE,Q2-15f78495a3
900570469,8,2020-12-06,2020-12-06,EXCLUDE,Q2-15f78495a3
900570469,8,2020-12-13,2020-12-13,EXCLUDE,Q2-15f78495a3
900570469,8,2020-12-16,2020-12-16,EXCLUDE,Q2-15f78495a3
900570469,8,2020-12-19,2020-12-19,EXCLUDE,Q2-15f78495a3
900570469,8,2020-12-27,2020-12-27,EXCLUDE,Q2-15f78495a3
900570469,8,2020-12-30,2020-12-30,EXCLUDE,Q2-15f78495a3
900570469,8,2021-01-04,2021-01-04,EXCLUDE,Q2-15f78495a3
900570469,8,2021-01-17,2021-01-17,EXCLUDE,Q2-15f78495a3
900570469,8,2021-01-21,2021-01-21,EXCLUDE,Q2-15f78495a3
900570469,8,2021-01-28,2021-01-28,EXCLUDE,Q2-15f78495a3
900570469,8,2021-01-31,2021-01-31,EXCLUDE,Q2-15f78495a3
900570469,8,2021-02-03,2021-02-03,EXCLUDE,Q2-15f78495a3
900570469,8,2021-02-07,2021-02-07,EXCLUDE,Q2-15f78495a3
900570469,8,2021-02-13,2021-02-13,EXCLUDE,Q2-15f78495a3
900570469,8,2021-02-20,2021-02-20,EXCLUDE,Q2-15f78495a3
900570469,8,2021-02-28,2021-02-28,EXCLUDE,Q2-15f78495a3
900570469,8,2021-03-04,2021-03-04,EXCLUDE,Q2-15f78495a3
900570469,8,2021-03-07,2021-03-07,EXCLUDE,Q2-15f78495a3
900570469,8,2021-03-15,2021-03-15,EXCLUDE,Q2-15f78495a3
900570469,8,2021-04-03,2021-04-03,EXCLUDE,Q2-15f78495a3
900570469,8,2021-04-10,2021-04-10,EXCLUDE,Q2-15f78495a3
900570469,8,2021-04-19,2021-04-19,EXCLUDE,Q2-15f78495a3
900570469,8,2021-04-24,2021-04-24,EXCLUDE,Q2-15f78495a3
900570469,8,2021-05-08,2021-05-08,EXCLUDE,Q2-15f78495a3
900570469,8,2021-05-13,2021-05-13,EXCLUDE,Q2-15f78495a3
900570469,8,2021-05-16,2021-05-16,EXCLUDE,Q2-15f78495a3
900570469,8,2021-05-19,2021-05-19,EXCLUDE,Q2-15f78495a3
900570469,8,2021-05-23,2021-05-23,EXCLUDE,Q2-15f78495a3
37537876,9,2020-09-21,2020-09-21,EXCLUDE,Q2-743e2431c3
37537876,9,2020-09-27,2020-09-27,EXCLUDE,Q2-743e2431c3
37537876,9,2020-10-03,2020-10-03,EXCLUDE,Q2-743e2431c3
37537876,9,2020-10-17,2020-10-17,EXCLUDE,Q2-743e2431c3
37537876,9,2020-10-24,2020-10-24,EXCLUDE,Q2-743e2431c3
37537876,9,2020-10-31,2020-10-31,EXCLUDE,Q2-743e2431c3
37537876,9,2020-11-08,2020-11-08,EXCLUDE,Q2-743e2431c3
37537876,9,2020-11-21,2020-11-21,EXCLUDE,Q2-743e2431c3
37537876,9,2020-11-28,2020-11-28,EXCLUDE,Q2-743e2431c3
37537876,9,2020-12-05,2020-12-05,EXCLUDE,Q2-743e2431c3
37537876,9,2020-12-12,2020-12-12,EXCLUDE,Q2-743e2431c3
37537876,9,2020-12-15,2020-12-15,EXCLUDE,Q2-743e2431c3
37537876,9,2020-12-19,2020-12-19,EXCLUDE,Q2-743e2431c3
37537876,9,2020-12-26,2020-12-26,EXCLUDE,Q2-743e2431c3
37537876,9,2021-01-03,2021-01-03,EXCLUDE,Q2-743e2431c3
37537876,9,2021-01-13,2021-01-13,EXCLUDE,Q2-743e2431c3
37537876,9,2021-01-17,2021-01-17,EXCLUDE,Q2-743e2431c3
37537876,9,2021-01-20,2021-01-20,EXCLUDE,Q2-743e2431c3
37537876,9,2021-01-26,2021-01-26,EXCLUDE,Q2-743e2431c3
37537876,9,2021-01-30,2021-01-30,EXCLUDE,Q2-743e2431c3
37537876,9,2021-02-03,2021-02-03,EXCLUDE,Q2-743e2431c3
37537876,9,2021-02-07,2021-02-07,EXCLUDE,Q2-743e2431c3
37537876,9,2021-02-13,2021-02-13,EXCLUDE,Q2-743e2431c3
37537876,9,2021-02-17,2021-02-17,EXCLUDE,Q2-743e2431c3
37537876,9,2021-02-21,2021-02-21,EXCLUDE,Q2-743e2431c3
37537876,9,2021-02-27,2021-02-27,EXCLUDE,Q2-743e2431c3
37537876,9,2021-03-02,2021-03-02,EXCLUDE,Q2-743e2431c3
37537876,9,2021-03-07,2021-03-07,EXCLUDE,Q2-743e2431c3
37537876,9,2021-03-10,2021-03-10,EXCLUDE,Q2-743e2431c3
37537876,9,2021-03-13,2021-03-13,EXCLUDE,Q2-743e2431c3
37537876,9,2021-04-03,2021-04-03,EXCLUDE,Q2-743e2431c3
37537876,9,2021-04-10,2021-04-10,EXCLUDE,Q2-743e2431c3
37537876,9,2021-04-21,2021-04-21,EXCLUDE,Q2-743e2431c3
37537876,9,2021-05-01,2021-05-01,EXCLUDE,Q2-743e2431c3
37537876,9,2021-05-08,2021-05-08,EXCLUDE,Q2-743e2431c3
37537876,9,2021-05-14,2021-05-14,EXCLUDE,Q2-743e2431c3
37537876,9,2021-05-18,2021-05-18,EXCLUDE,Q2-743e2431c3
37537876,9,2021-05-23,2021-05-23,EXCLUDE,Q2-743e2431c3
37536874,9,2020-09-21,2020-09-21,EXCLUDE,Q2-1a2b6444a4
37536874,9,2020-09-27,2020-09-27,EXCLUDE,Q2-1a2b6444a4
37536874,9,2020-10-03,2020-10-03,EXCLUDE,Q2-1a2b6444a4
37536874,9,2020-10-17,2020-10-17,EXCLUDE,Q2-1a2b6444a4
37536874,9,2020-10-24,2020-10-24,EXCLUDE,Q2-1a2b6444a4
37536874,9,2020-10-31,2020-10-31,EXCLUDE,Q2-1a2b6444a4
37536874,9,2020-11-08,2020-11-08,EXCLUDE,Q2-1a2b6444a4
37536874,9,2020-11-21,2020-11-21,EXCLUDE,Q2-1a2b6444a4
37536874,9,2020-11-28,2020-11-28,EXCLUDE,Q2-1a2b6444a4
37536874,9,2020-12-05,2020-12-05,EXCLUDE,Q2-1a2b6444a4
37536874,9,2020-12-12,2020-12-12,EXCLUDE,Q2-1a2b6444a4
37536874,9,2020-12-15,2020-12-15,EXCLUDE,Q2-1a2b6444a4
37536874,9,2020-12-19,2020-12-19,EXCLUDE,Q2-1a2b6444a4
37536874,9,2020-12-26,2020-12-26,EXCLUDE,Q2-1a2b6444a4
37536874,9,2021-01-03,2021-01-03,EXCLUDE,Q2-1a2b6444a4
37536874,9,2021-01-13,2021-01-13,EXCLUDE,Q2-1a2b6444a4
37536874,9,2021-01-17,2021-01-17,EXCLUDE,Q2-1a2b6444a4
37536874,9,2021-01-20,2021-01-20,EXCLUDE,Q2-1a2b6444a4
37536874,9,2021-01-26,2021-01-26,EXCLUDE,Q2-1a2b6444a4
37536874,9,2021-01-30,2021-01-30,EXCLUDE,Q2-1a2b6444a4
37536874,9,2021-02-03,2021-02-03,EXCLUDE,Q2-1a2b6444a4
37536874,9,2021-02-07,2021-02-07,EXCLUDE,Q2-1a2b6444a4
37536874,9,2021-02-13,2021-02-13,EXCLUDE,Q2-1a2b6444a4
37536874,9,2021-02-17,2021-02-17,EXCLUDE,Q2-1a2b6444a4
37536874,9,2021-02-21,2021-02-21,EXCLUDE,Q2-1a2b6444a4
37536874,9,2021-02-27,2021-02-27,EXCLUDE,Q2-1a2b6444a4
37536874,9,2021-03-02,2021-03-02,EXCLUDE,Q2-1a2b6444a4
37536874,9,2021-03-07,2021-03-07,EXCLUDE,Q2-1a2b6444a4
37536874,9,2021-03-10,2021-03-10,EXCLUDE,Q2-1a2b6444a4
37536874,9,2021-03-13,2021-03-13,EXCLUDE,Q2-1a2b6444a4
37536874,9,2021-04-03,2021-04-03,EXCLUDE,Q2-1a2b6444a4
37536874,9,2021-04-10,2021-04-10,EXCLUDE,Q2-1a2b6444a4
37536874,9,2021-04-21,2021-04-21,EXCLUDE,Q2-1a2b6444a4
37536874,9,2021-05-01,2021-05-01,EXCLUDE,Q2-1a2b6444a4
37536874,9,2021-05-08,2021-05-08,EXCLUDE,Q2-1a2b6444a4
37536874,9,2021-05-14,2021-05-14,EXCLUDE,Q2-1a2b6444a4
37536874,9,2021-05-18,2021-05-18,EXCLUDE,Q2-1a2b6444a4
37536874,9,2021-05-23,2021-05-23,EXCLUDE,Q2-1a2b6444a4
37537864,14,2020-09-19,2020-09-19,EXCLUDE,Q2-d9851ba801
37537864,14,2020-09-26,2020-09-26,EXCLUDE,Q2-d9851ba801
37537864,14,2020-10-04,2020-10-04,EXCLUDE,Q2-d9851ba801
37537864,14,2020-10-17,2020-10-17,EXCLUDE,Q2-d9851ba801
37537864,14,2020-10-24,2020-10-24,EXCLUDE,Q2-d9851ba801
37537864,14,2020-11-01,2020-11-01,EXCLUDE,Q2-d9851ba801
37537864,14,2020-11-07,2020-11-07,EXCLUDE,Q2-d9851ba801
37537864,14,2020-11-21,2020-11-21,EXCLUDE,Q2-d9851ba801
37537864,14,2020-11-29,2020-11-29,EXCLUDE,Q2-d9851ba801
37537864,14,2020-12-05,2020-12-05,EXCLUDE,Q2-d9851ba801
37537864,14,2020-12-12,2020-12-12,EXCLUDE,Q2-d9851ba801
37537864,14,2020-12-17,2020-12-17,EXCLUDE,Q2-d9851ba801
37537864,14,2020-12-20,2020-12-20,EXCLUDE,Q2-d9851ba801
37537864,14,2020-12-26,2020-12-26,EXCLUDE,Q2-d9851ba801
37537864,14,2020-12-29,2020-12-29,EXCLUDE,Q2-d9851ba801
37537864,14,2021-01-01,2021-01-01,EXCLUDE,Q2-d9851ba801
37537864,14,2021-01-12,2021-01-12,EXCLUDE,Q2-d9851ba801
37537864,14,2021-01-17,2021-01-17,EXCLUDE,Q2-d9851ba801
37537864,14,2021-01-20,2021-01-20,EXCLUDE,Q2-d9851ba801
37537864,14,2021-01-27,2021-01-27,EXCLUDE,Q2-d9851ba801
37537864,14,2021-01-30,2021-01-30,EXCLUDE,Q2-d9851ba801
37537864,14,2021-02-02,2021-02-02,EXCLUDE,Q2-d9851ba801
37537864,14,2021-02-06,2021-02-06,EXCLUDE,Q2-d9851ba801
37537864,14,2021-02-14,2021-02-14,EXCLUDE,Q2-d9851ba801
37537864,14,2021-02-21,2021-02-21,EXCLUDE,Q2-d9851ba801
37537864,14,2021-02-28,2021-02-28,EXCLUDE,Q2-d9851ba801
37537864,14,2021-03-03,2021-03-03,EXCLUDE,Q2-d9851ba801
37537864,14,2021-03-07,2021-03-07,EXCLUDE,Q2-d9851ba801
37537864,14,2021-03-14,2021-03-14,EXCLUDE,Q2-d9851ba801
37537864,14,2021-04-04,2021-04-04,EXCLUDE,Q2-d9851ba801
37537864,14,2021-04-11,2021-04-11,EXCLUDE,Q2-d9851ba801
37537864,14,2021-04-18,2021-04-18,EXCLUDE,Q2-d9851ba801
37537864,14,2021-04-25,2021-04-25,EXCLUDE,Q2-d9851ba801
37537864,14,2021-05-09,2021-05-09,EXCLUDE,Q2-d9851ba801
37537864,14,2021-05-11,2021-05-11,EXCLUDE,Q2-d9851ba801
37537864,14,2021-05-13,2021-05-13,EXCLUDE,Q2-d9851ba801
37537864,14,2021-05-18,2021-05-18,EXCLUDE,Q2-d9851ba801
37537864,14,2021-05-23,2021-05-23,EXCLUDE,Q2-d9851ba801
31625938,14,2020-09-19,2020-09-19,EXCLUDE,Q2-d419013daf
31625938,14,2020-09-26,2020-09-26,EXCLUDE,Q2-d419013daf
31625938,14,2020-10-04,2020-10-04,EXCLUDE,Q2-d419013daf
31625938,14,2020-10-17,2020-10-17,EXCLUDE,Q2-d419013daf
31625938,14,2020-10-24,2020-10-24,EXCLUDE,Q2-d419013daf
31625938,14,2020-11-01,2020-11-01,EXCLUDE,Q2-d419013daf
31625938,14,2020-11-07,2020-11-07,EXCLUDE,Q2-d419013daf
31625938,14,2020-11-21,2020-11-21,EXCLUDE,Q2-d419013daf
31625938,14,2020-11-29,2020-11-29,EXCLUDE,Q2-d419013daf
31625938,14,2020-12-05,2020-12-05,EXCLUDE,Q2-d419013daf
31625938,14,2020-12-12,2020-12-12,EXCLUDE,Q2-d419013daf
31625938,14,2020-12-17,2020-12-17,EXCLUDE,Q2-d419013daf
31625938,14,2020-12-20,2020-12-20,EXCLUDE,Q2-d419013daf
31625938,14,2020-12-26,2020-12-26,EXCLUDE,Q2-d419013daf
31625938,14,2020-12-29,2020-12-29,EXCLUDE,Q2-d419013daf
31625938,14,2021-01-01,2021-01-01,EXCLUDE,Q2-d419013daf
31625938,14,2021-01-12,2021-01-12,EXCLUDE,Q2-d419013daf
31625938,14,2021-01-17,2021-01-17,EXCLUDE,Q2-d419013daf
31625938,14,2021-01-20,2021-01-20,EXCLUDE,Q2-d419013daf
31625938,14,2021-01-27,2021-01-27,EXCLUDE,Q2-d419013daf
31625938,14,2021-01-30,2021-01-30,EXCLUDE,Q2-d419013daf
31625938,14,2021-02-02,2021-02-02,EXCLUDE,Q2-d419013daf
31625938,14,2021-02-06,2021-02-06,EXCLUDE,Q2-d419013daf
31625938,14,2021-02-14,2021-02-14,EXCLUDE,Q2-d419013daf
31625938,14,2021-02-21,2021-02-21,EXCLUDE,Q2-d419013daf
31625938,14,2021-02-28,2021-02-28,EXCLUDE,Q2-d419013daf
31625938,14,2021-03-03,2021-03-03,EXCLUDE,Q2-d419013daf
31625938,14,2021-03-07,2021-03-07,EXCLUDE,Q2-d419013daf
31625938,14,2021-03-14,2021-03-14,EXCLUDE,Q2-d419013daf
31625938,14,2021-04-04,2021-04-04,EXCLUDE,Q2-d419013daf
31625938,14,2021-04-11,2021-04-11,EXCLUDE,Q2-d419013daf
31625938,14,2021-04-18,2021-04-18,EXCLUDE,Q2-d419013daf
31625938,14,2021-04-25,2021-04-25,EXCLUDE,Q2-d419013daf
31625938,14,2021-05-09,2021-05-09,EXCLUDE,Q2-d419013daf
31625938,14,2021-05-11,2021-05-11,EXCLUDE,Q2-d419013daf
31625938,14,2021-05-13,2021-05-13,EXCLUDE,Q2-d419013daf
31625938,14,2021-05-18,2021-05-18,EXCLUDE,Q2-d419013daf
31625938,14,2021-05-23,2021-05-23,EXCLUDE,Q2-d419013daf
28912777,15,2020-09-21,2020-09-21,EXCLUDE,Q2-baea0cc5d6
28912777,15,2020-09-28,2020-09-28,EXCLUDE,Q2-baea0cc5d6
28912777,15,2020-10-04,2020-10-04,EXCLUDE,Q2-baea0cc5d6
28912777,15,2020-10-18,2020-10-18,EXCLUDE,Q2-baea0cc5d6
28912777,15,2020-10-23,2020-10-23,EXCLUDE,Q2-baea0cc5d6
28912777,15,2020-11-01,2020-11-01,EXCLUDE,Q2-baea0cc5d6
28912777,15,2020-11-08,2020-11-08,EXCLUDE,Q2-baea0cc5d6
28912777,15,2020-11-21,2020-11-21,EXCLUDE,Q2-baea0cc5d6
28912777,15,2020-11-30,2020-11-30,EXCLUDE,Q2-baea0cc5d6
28912777,15,2020-12-12,2020-12-12,EXCLUDE,Q2-baea0cc5d6
28912777,15,2020-12-17,2020-12-17,EXCLUDE,Q2-baea0cc5d6
28912777,15,2020-12-20,2020-12-20,EXCLUDE,Q2-baea0cc5d6
28912777,15,2020-12-26,2020-12-26,EXCLUDE,Q2-baea0cc5d6
28912777,15,2020-12-28,2020-12-28,EXCLUDE,Q2-baea0cc5d6
28912777,15,2021-01-01,2021-01-01,EXCLUDE,Q2-baea0cc5d6
28912777,15,2021-01-20,2021-01-20,EXCLUDE,Q2-baea0cc5d6
28912777,15,2021-01-23,2021-01-23,EXCLUDE,Q2-baea0cc5d6
28912777,15,2021-01-27,2021-01-27,EXCLUDE,Q2-baea0cc5d6
28912777,15,2021-01-30,2021-01-30,EXCLUDE,Q2-baea0cc5d6
28912777,15,2021-02-03,2021-02-03,EXCLUDE,Q2-baea0cc5d6
28912777,15,2021-02-06,2021-02-06,EXCLUDE,Q2-baea0cc5d6
28912777,15,2021-02-13,2021-02-13,EXCLUDE,Q2-baea0cc5d6
28912777,15,2021-02-21,2021-02-21,EXCLUDE,Q2-baea0cc5d6
28912777,15,2021-02-27,2021-02-27,EXCLUDE,Q2-baea0cc5d6
28912777,15,2021-03-03,2021-03-03,EXCLUDE,Q2-baea0cc5d6
28912777,15,2021-03-06,2021-03-06,EXCLUDE,Q2-baea0cc5d6
28912777,15,2021-03-12,2021-03-12,EXCLUDE,Q2-baea0cc5d6
28912777,15,2021-03-21,2021-03-21,EXCLUDE,Q2-baea0cc5d6
28912777,15,2021-04-04,2021-04-04,EXCLUDE,Q2-baea0cc5d6
28912777,15,2021-04-10,2021-04-10,EXCLUDE,Q2-baea0cc5d6
28912777,15,2021-04-21,2021-04-21,EXCLUDE,Q2-baea0cc5d6
28912777,15,2021-04-25,2021-04-25,EXCLUDE,Q2-baea0cc5d6
28912777,15,2021-05-01,2021-05-01,EXCLUDE,Q2-baea0cc5d6
28912777,15,2021-05-09,2021-05-09,EXCLUDE,Q2-baea0cc5d6
28912777,15,2021-05-13,2021-05-13,EXCLUDE,Q2-baea0cc5d6
28912777,15,2021-05-16,2021-05-16,EXCLUDE,Q2-baea0cc5d6
28912777,15,2021-05-19,2021-05-19,EXCLUDE,Q2-baea0cc5d6
28912777,15,2021-05-23,2021-05-23,EXCLUDE,Q2-baea0cc5d6
37539349,15,2020-09-21,2020-09-21,EXCLUDE,Q2-410139719e
37539349,15,2020-09-28,2020-09-28,EXCLUDE,Q2-410139719e
37539349,15,2020-10-04,2020-10-04,EXCLUDE,Q2-410139719e
37539349,15,2020-10-18,2020-10-18,EXCLUDE,Q2-410139719e
37539349,15,2020-10-23,2020-10-23,EXCLUDE,Q2-410139719e
37539349,15,2020-11-01,2020-11-01,EXCLUDE,Q2-410139719e
37539349,15,2020-11-08,2020-11-08,EXCLUDE,Q2-410139719e
37539349,15,2020-11-21,2020-11-21,EXCLUDE,Q2-410139719e
37539349,15,2020-11-30,2020-11-30,EXCLUDE,Q2-410139719e
37539349,15,2020-12-12,2020-12-12,EXCLUDE,Q2-410139719e
37539349,15,2020-12-17,2020-12-17,EXCLUDE,Q2-410139719e
37539349,15,2020-12-20,2020-12-20,EXCLUDE,Q2-410139719e
37539349,15,2020-12-26,2020-12-26,EXCLUDE,Q2-410139719e
37539349,15,2020-12-28,2020-12-28,EXCLUDE,Q2-410139719e
37539349,15,2021-01-01,2021-01-01,EXCLUDE,Q2-410139719e
37539349,15,2021-01-20,2021-01-20,EXCLUDE,Q2-410139719e
37539349,15,2021-01-23,2021-01-23,EXCLUDE,Q2-410139719e
37539349,15,2021-01-27,2021-01-27,EXCLUDE,Q2-410139719e
37539349,15,2021-01-30,2021-01-30,EXCLUDE,Q2-410139719e
37539349,15,2021-02-03,2021-02-03,EXCLUDE,Q2-410139719e
37539349,15,2021-02-06,2021-02-06,EXCLUDE,Q2-410139719e
37539349,15,2021-02-13,2021-02-13,EXCLUDE,Q2-410139719e
37539349,15,2021-02-21,2021-02-21,EXCLUDE,Q2-410139719e
37539349,15,2021-02-27,2021-02-27,EXCLUDE,Q2-410139719e
37539349,15,2021-03-03,2021-03-03,EXCLUDE,Q2-410139719e
37539349,15,2021-03-06,2021-03-06,EXCLUDE,Q2-410139719e
37539349,15,2021-03-12,2021-03-12,EXCLUDE,Q2-410139719e
37539349,15,2021-03-21,2021-03-21,EXCLUDE,Q2-410139719e
37539349,15,2021-04-04,2021-04-04,EXCLUDE,Q2-410139719e
37539349,15,2021-04-10,2021-04-10,EXCLUDE,Q2-410139719e
37539349,15,2021-04-21,2021-04-21,EXCLUDE,Q2-410139719e
37539349,15,2021-04-25,2021-04-25,EXCLUDE,Q2-410139719e
37539349,15,2021-05-01,2021-05-01,EXCLUDE,Q2-410139719e
37539349,15,2021-05-09,2021-05-09,EXCLUDE,Q2-410139719e
37539349,15,2021-05-13,2021-05-13,EXCLUDE,Q2-410139719e
37539349,15,2021-05-16,2021-05-16,EXCLUDE,Q2-410139719e
37539349,15,2021-05-19,2021-05-19,EXCLUDE,Q2-410139719e
37539349,15,2021-05-23,2021-05-23,EXCLUDE,Q2-410139719e
37425229,15,2020-09-21,2020-09-21,EXCLUDE,Q2-1fee768d53
37425229,15,2020-09-28,2020-09-28,EXCLUDE,Q2-1fee768d53
37425229,15,2020-10-04,2020-10-04,EXCLUDE,Q2-1fee768d53
37425229,15,2020-10-18,2020-10-18,EXCLUDE,Q2-1fee768d53
37425229,15,2020-10-23,2020-10-23,EXCLUDE,Q2-1fee768d53
37425229,15,2020-11-01,2020-11-01,EXCLUDE,Q2-1fee768d53
37425229,15,2020-11-08,2020-11-08,EXCLUDE,Q2-1fee768d53
37425229,15,2020-11-21,2020-11-21,EXCLUDE,Q2-1fee768d53
37425229,15,2020-11-30,2020-11-30,EXCLUDE,Q2-1fee768d53
37425229,15,2020-12-12,2020-12-12,EXCLUDE,Q2-1fee768d53
37425229,15,2020-12-17,2020-12-17,EXCLUDE,Q2-1fee768d53
37425229,15,2020-12-20,2020-12-20,EXCLUDE,Q2-1fee768d53
37425229,15,2020-12-26,2020-12-26,EXCLUDE,Q2-1fee768d53
37425229,15,2020-12-28,2020-12-28,EXCLUDE,Q2-1fee768d53
37425229,15,2021-01-01,2021-01-01,EXCLUDE,Q2-1fee768d53
37425229,15,2021-01-20,2021-01-20,EXCLUDE,Q2-1fee768d53
37425229,15,2021-01-23,2021-01-23,EXCLUDE,Q2-1fee768d53
37425229,15,2021-01-27,2021-01-27,EXCLUDE,Q2-1fee768d53
37425229,15,2021-01-30,2021-01-30,EXCLUDE,Q2-1fee768d53
37425229,15,2021-02-03,2021-02-03,EXCLUDE,Q2-1fee768d53
37425229,15,2021-02-06,2021-02-06,EXCLUDE,Q2-1fee768d53
37425229,15,2021-02-13,2021-02-13,EXCLUDE,Q2-1fee768d53
37425229,15,2021-02-21,2021-02-21,EXCLUDE,Q2-1fee768d53
37425229,15,2021-02-27,2021-02-27,EXCLUDE,Q2-1fee768d53
37425229,15,2021-03-03,2021-03-03,EXCLUDE,Q2-1fee768d53
37425229,15,2021-03-06,2021-03-06,EXCLUDE,Q2-1fee768d53
37425229,15,2021-03-12,2021-03-12,EXCLUDE,Q2-1fee768d53
37425229,15,2021-03-21,2021-03-21,EXCLUDE,Q2-1fee768d53
37425229,15,2021-04-04,2021-04-04,EXCLUDE,Q2-1fee768d53
37425229,15,2021-04-10,2021-04-10,EXCLUDE,Q2-1fee768d53
37425229,15,2021-04-21,2021-04-21,EXCLUDE,Q2-1fee768d53
37425229,15,2021-04-25,2021-04-25,EXCLUDE,Q2-1fee768d53
37425229,15,2021-05-01,2021-05-01,EXCLUDE,Q2-1fee768d53
37425229,15,2021-05-09,2021-05-09,EXCLUDE,Q2-1fee768d53
37425229,15,2021-05-13,2021-05-13,EXCLUDE,Q2-1fee768d53
37425229,15,2021-05-16,2021-05-16,EXCLUDE,Q2-1fee768d53
37425229,15,2021-05-19,2021-05-19,EXCLUDE,Q2-1fee768d53
37425229,15,2021-05-23,2021-05-23,EXCLUDE,Q2-1fee768d53
37282898,15,2020-09-21,2020-09-21,EXCLUDE,Q2-70b13d4838
37282898,15,2020-09-28,2020-09-28,EXCLUDE,Q2-70b13d4838
37282898,15,2020-10-04,2020-10-04,EXCLUDE,Q2-70b13d4838
37282898,15,2020-10-18,2020-10-18,EXCLUDE,Q2-70b13d4838
37282898,15,2020-10-23,2020-10-23,EXCLUDE,Q2-70b13d4838
37282898,15,2020-11-01,2020-11-01,EXCLUDE,Q2-70b13d4838
37282898,15,2020-11-08,2020-11-08,EXCLUDE,Q2-70b13d4838
37282898,15,2020-11-21,2020-11-21,EXCLUDE,Q2-70b13d4838
37282898,15,2020-11-30,2020-11-30,EXCLUDE,Q2-70b13d4838
37282898,15,2020-12-12,2020-12-12,EXCLUDE,Q2-70b13d4838
37282898,15,2020-12-17,2020-12-17,EXCLUDE,Q2-70b13d4838
37282898,15,2020-12-20,2020-12-20,EXCLUDE,Q2-70b13d4838
37282898,15,2020-12-26,2020-12-26,EXCLUDE,Q2-70b13d4838
37282898,15,2020-12-28,2020-12-28,EXCLUDE,Q2-70b13d4838
37282898,15,2021-01-01,2021-01-01,EXCLUDE,Q2-70b13d4838
37282898,15,2021-01-20,2021-01-20,EXCLUDE,Q2-70b13d4838
37282898,15,2021-01-23,2021-01-23,EXCLUDE,Q2-70b13d4838
37282898,15,2021-01-27,2021-01-27,EXCLUDE,Q2-70b13d4838
37282898,15,2021-01-30,2021-01-30,EXCLUDE,Q2-70b13d4838
37282898,15,2021-02-03,2021-02-03,EXCLUDE,Q2-70b13d4838
37282898,15,2021-02-06,2021-02-06,EXCLUDE,Q2-70b13d4838
37282898,15,2021-02-13,2021-02-13,EXCLUDE,Q2-70b13d4838
37282898,15,2021-02-21,2021-02-21,EXCLUDE,Q2-70b13d4838
37282898,15,2021-02-27,2021-02-27,EXCLUDE,Q2-70b13d4838
37282898,15,2021-03-03,2021-03-03,EXCLUDE,Q2-70b13d4838
37282898,15,2021-03-06,2021-03-06,EXCLUDE,Q2-70b13d4838
37282898,15,2021-03-12,2021-03-12,EXCLUDE,Q2-70b13d4838
37282898,15,2021-03-21,2021-03-21,EXCLUDE,Q2-70b13d4838
37282898,15,2021-04-04,2021-04-04,EXCLUDE,Q2-70b13d4838
37282898,15,2021-04-10,2021-04-10,EXCLUDE,Q2-70b13d4838
37282898,15,2021-04-21,2021-04-21,EXCLUDE,Q2-70b13d4838
37282898,15,2021-04-25,2021-04-25,EXCLUDE,Q2-70b13d4838
37282898,15,2021-05-01,2021-05-01,EXCLUDE,Q2-70b13d4838
37282898,15,2021-05-09,2021-05-09,EXCLUDE,Q2-70b13d4838
37282898,15,2021-05-13,2021-05-13,EXCLUDE,Q2-70b13d4838
37282898,15,2021-05-16,2021-05-16,EXCLUDE,Q2-70b13d4838
37282898,15,2021-05-19,2021-05-19,EXCLUDE,Q2-70b13d4838
37282898,15,2021-05-23,2021-05-23,EXCLUDE,Q2-70b13d4838
537117,18,2020-09-14,2020-09-14,EXCLUDE,Q2-9ebc28b4aa
537117,18,2020-09-20,2020-09-20,EXCLUDE,Q2-9ebc28b4aa
537117,18,2020-09-26,2020-09-26,EXCLUDE,Q2-9ebc28b4aa
537117,18,2020-10-03,2020-10-03,EXCLUDE,Q2-9ebc28b4aa
537117,18,2020-10-17,2020-10-17,EXCLUDE,Q2-9ebc28b4aa
537117,18,2020-10-24,2020-10-24,EXCLUDE,Q2-9ebc28b4aa
537117,18,2020-10-31,2020-10-31,EXCLUDE,Q2-9ebc28b4aa
537117,18,2020-11-07,2020-11-07,EXCLUDE,Q2-9ebc28b4aa
537117,18,2020-11-21,2020-11-21,EXCLUDE,Q2-9ebc28b4aa
537117,18,2020-11-29,2020-11-29,EXCLUDE,Q2-9ebc28b4aa
537117,18,2020-12-05,2020-12-05,EXCLUDE,Q2-9ebc28b4aa
537117,18,2020-12-12,2020-12-12,EXCLUDE,Q2-9ebc28b4aa
537117,18,2020-12-15,2020-12-15,EXCLUDE,Q2-9ebc28b4aa
537117,18,2020-12-21,2020-12-21,EXCLUDE,Q2-9ebc28b4aa
537117,18,2020-12-26,2020-12-26,EXCLUDE,Q2-9ebc28b4aa
537117,18,2020-12-28,2020-12-28,EXCLUDE,Q2-9ebc28b4aa
537117,18,2021-01-03,2021-01-03,EXCLUDE,Q2-9ebc28b4aa
537117,18,2021-01-16,2021-01-16,EXCLUDE,Q2-9ebc28b4aa
537117,18,2021-01-19,2021-01-19,EXCLUDE,Q2-9ebc28b4aa
537117,18,2021-01-27,2021-01-27,EXCLUDE,Q2-9ebc28b4aa
537117,18,2021-01-31,2021-01-31,EXCLUDE,Q2-9ebc28b4aa
537117,18,2021-02-04,2021-02-04,EXCLUDE,Q2-9ebc28b4aa
537117,18,2021-02-07,2021-02-07,EXCLUDE,Q2-9ebc28b4aa
537117,18,2021-02-15,2021-02-15,EXCLUDE,Q2-9ebc28b4aa
537117,18,2021-02-20,2021-02-20,EXCLUDE,Q2-9ebc28b4aa
537117,18,2021-02-28,2021-02-28,EXCLUDE,Q2-9ebc28b4aa
537117,18,2021-03-04,2021-03-04,EXCLUDE,Q2-9ebc28b4aa
537117,18,2021-03-08,2021-03-08,EXCLUDE,Q2-9ebc28b4aa
537117,18,2021-03-13,2021-03-13,EXCLUDE,Q2-9ebc28b4aa
537117,18,2021-04-03,2021-04-03,EXCLUDE,Q2-9ebc28b4aa
537117,18,2021-04-10,2021-04-10,EXCLUDE,Q2-9ebc28b4aa
537117,18,2021-04-20,2021-04-20,EXCLUDE,Q2-9ebc28b4aa
537117,18,2021-04-24,2021-04-24,EXCLUDE,Q2-9ebc28b4aa
537117,18,2021-05-01,2021-05-01,EXCLUDE,Q2-9ebc28b4aa
537117,18,2021-05-08,2021-05-08,EXCLUDE,Q2-9ebc28b4aa
537117,18,2021-05-12,2021-05-12,EXCLUDE,Q2-9ebc28b4aa
537117,18,2021-05-18,2021-05-18,EXCLUDE,Q2-9ebc28b4aa
537117,18,2021-05-23,2021-05-23,EXCLUDE,Q2-9ebc28b4aa
900624264,71,2020-09-12,2020-09-12,EXCLUDE,Q2-d8ec18b541
900624264,71,2020-09-19,2020-09-19,EXCLUDE,Q2-d8ec18b541
900624264,71,2020-09-27,2020-09-27,EXCLUDE,Q2-d8ec18b541
900624264,71,2020-10-03,2020-10-03,EXCLUDE,Q2-d8ec18b541
900624264,71,2020-10-19,2020-10-19,EXCLUDE,Q2-d8ec18b541
900624264,71,2020-10-23,2020-10-23,EXCLUDE,Q2-d8ec18b541
900624264,71,2020-11-02,2020-11-02,EXCLUDE,Q2-d8ec18b541
900624264,71,2020-11-07,2020-11-07,EXCLUDE,Q2-d8ec18b541
900624264,71,2020-11-22,2020-11-22,EXCLUDE,Q2-d8ec18b541
900624264,71,2020-11-28,2020-11-28,EXCLUDE,Q2-d8ec18b541
900624264,71,2020-12-05,2020-12-05,EXCLUDE,Q2-d8ec18b541
900624264,71,2020-12-11,2020-12-11,EXCLUDE,Q2-d8ec18b541
900624264,71,2020-12-16,2020-12-16,EXCLUDE,Q2-d8ec18b541
900624264,71,2020-12-20,2020-12-20,EXCLUDE,Q2-d8ec18b541
900624264,71,2020-12-27,2020-12-27,EXCLUDE,Q2-d8ec18b541
900624264,71,2020-12-29,2020-12-29,EXCLUDE,Q2-d8ec18b541
900624264,71,2021-01-02,2021-01-02,EXCLUDE,Q2-d8ec18b541
900624264,71,2021-01-16,2021-01-16,EXCLUDE,Q2-d8ec18b541
900624264,71,2021-01-26,2021-01-26,EXCLUDE,Q2-d8ec18b541
900624264,71,2021-01-31,2021-01-31,EXCLUDE,Q2-d8ec18b541
900624264,71,2021-02-03,2021-02-03,EXCLUDE,Q2-d8ec18b541
900624264,71,2021-02-08,2021-02-08,EXCLUDE,Q2-d8ec18b541
900624264,71,2021-02-14,2021-02-14,EXCLUDE,Q2-d8ec18b541
900624264,71,2021-02-19,2021-02-19,EXCLUDE,Q2-d8ec18b541
900624264,71,2021-02-23,2021-02-23,EXCLUDE,Q2-d8ec18b541
900624264,71,2021-02-27,2021-02-27,EXCLUDE,Q2-d8ec18b541
900624264,71,2021-03-08,2021-03-08,EXCLUDE,Q2-d8ec18b541
900624264,71,2021-03-13,2021-03-13,EXCLUDE,Q2-d8ec18b541
900624264,71,2021-03-19,2021-03-19,EXCLUDE,Q2-d8ec18b541
900624264,71,2021-04-03,2021-04-03,EXCLUDE,Q2-d8ec18b541
900624264,71,2021-04-10,2021-04-10,EXCLUDE,Q2-d8ec18b541
900624264,71,2021-04-19,2021-04-19,EXCLUDE,Q2-d8ec18b541
900624264,71,2021-04-25,2021-04-25,EXCLUDE,Q2-d8ec18b541
900624264,71,2021-05-01,2021-05-01,EXCLUDE,Q2-d8ec18b541
900624264,71,2021-05-08,2021-05-08,EXCLUDE,Q2-d8ec18b541
900624264,71,2021-05-15,2021-05-15,EXCLUDE,Q2-d8ec18b541
900624264,71,2021-05-18,2021-05-18,EXCLUDE,Q2-d8ec18b541
900624264,71,2021-05-23,2021-05-23,EXCLUDE,Q2-d8ec18b541
37341884,78,2020-09-14,2020-09-14,EXCLUDE,Q2-2b09fe4b17
37341884,78,2020-09-20,2020-09-20,EXCLUDE,Q2-2b09fe4b17
37341884,78,2020-09-26,2020-09-26,EXCLUDE,Q2-2b09fe4b17
37341884,78,2020-10-03,2020-10-03,EXCLUDE,Q2-2b09fe4b17
37341884,78,2020-10-18,2020-10-18,EXCLUDE,Q2-2b09fe4b17
37341884,78,2020-10-26,2020-10-26,EXCLUDE,Q2-2b09fe4b17
37341884,78,2020-11-01,2020-11-01,EXCLUDE,Q2-2b09fe4b17
37341884,78,2020-11-06,2020-11-06,EXCLUDE,Q2-2b09fe4b17
37341884,78,2020-11-21,2020-11-21,EXCLUDE,Q2-2b09fe4b17
37341884,78,2020-11-28,2020-11-28,EXCLUDE,Q2-2b09fe4b17
37341884,78,2020-12-07,2020-12-07,EXCLUDE,Q2-2b09fe4b17
37341884,78,2020-12-13,2020-12-13,EXCLUDE,Q2-2b09fe4b17
37341884,78,2020-12-16,2020-12-16,EXCLUDE,Q2-2b09fe4b17
37341884,78,2020-12-20,2020-12-20,EXCLUDE,Q2-2b09fe4b17
37341884,78,2020-12-27,2020-12-27,EXCLUDE,Q2-2b09fe4b17
37341884,78,2020-12-29,2020-12-29,EXCLUDE,Q2-2b09fe4b17
37341884,78,2021-01-02,2021-01-02,EXCLUDE,Q2-2b09fe4b17
37341884,78,2021-01-13,2021-01-13,EXCLUDE,Q2-2b09fe4b17
37341884,78,2021-01-16,2021-01-16,EXCLUDE,Q2-2b09fe4b17
37341884,78,2021-01-27,2021-01-27,EXCLUDE,Q2-2b09fe4b17
37341884,78,2021-01-31,2021-01-31,EXCLUDE,Q2-2b09fe4b17
37341884,78,2021-02-03,2021-02-03,EXCLUDE,Q2-2b09fe4b17
37341884,78,2021-02-06,2021-02-06,EXCLUDE,Q2-2b09fe4b17
37341884,78,2021-02-13,2021-02-13,EXCLUDE,Q2-2b09fe4b17
37341884,78,2021-02-22,2021-02-22,EXCLUDE,Q2-2b09fe4b17
37341884,78,2021-02-27,2021-02-27,EXCLUDE,Q2-2b09fe4b17
37341884,78,2021-03-06,2021-03-06,EXCLUDE,Q2-2b09fe4b17
37341884,78,2021-03-14,2021-03-14,EXCLUDE,Q2-2b09fe4b17
37341884,78,2021-03-20,2021-03-20,EXCLUDE,Q2-2b09fe4b17
37341884,78,2021-04-04,2021-04-04,EXCLUDE,Q2-2b09fe4b17
37341884,78,2021-04-12,2021-04-12,EXCLUDE,Q2-2b09fe4b17
37341884,78,2021-04-20,2021-04-20,EXCLUDE,Q2-2b09fe4b17
37341884,78,2021-04-24,2021-04-24,EXCLUDE,Q2-2b09fe4b17
37341884,78,2021-05-01,2021-05-01,EXCLUDE,Q2-2b09fe4b17
37341884,78,2021-05-09,2021-05-09,EXCLUDE,Q2-2b09fe4b17
37341884,78,2021-05-15,2021-05-15,EXCLUDE,Q2-2b09fe4b17
37341884,78,2021-05-18,2021-05-18,EXCLUDE,Q2-2b09fe4b17
37341884,78,2021-05-23,2021-05-23,EXCLUDE,Q2-2b09fe4b17
901147384,27,2025-08-23,2025-08-23,EXCLUDE,Q2-3282c76857
901147384,27,2025-08-30,2025-08-30,EXCLUDE,Q2-3282c76857
901147384,27,2025-09-14,2025-09-14,EXCLUDE,Q2-3282c76857
901147384,27,2025-09-20,2025-09-20,EXCLUDE,Q2-3282c76857
901147384,27,2025-09-27,2025-09-27,EXCLUDE,Q2-3282c76857
901147384,27,2025-10-05,2025-10-05,EXCLUDE,Q2-3282c76857
901147384,27,2025-10-18,2025-10-18,EXCLUDE,Q2-3282c76857
901147384,27,2025-10-26,2025-10-26,EXCLUDE,Q2-3282c76857
901147384,27,2025-11-01,2025-11-01,EXCLUDE,Q2-3282c76857
901147384,27,2025-11-08,2025-11-08,EXCLUDE,Q2-3282c76857
901147384,27,2025-11-22,2025-11-22,EXCLUDE,Q2-3282c76857
901147384,27,2025-11-29,2025-11-29,EXCLUDE,Q2-3282c76857
901147384,27,2025-12-03,2025-12-03,EXCLUDE,Q2-3282c76857
901147384,27,2025-12-06,2025-12-06,EXCLUDE,Q2-3282c76857
901147384,27,2025-12-13,2025-12-13,EXCLUDE,Q2-3282c76857
901147384,27,2025-12-20,2025-12-20,EXCLUDE,Q2-3282c76857
901147384,27,2025-12-27,2025-12-27,EXCLUDE,Q2-3282c76857
901147384,27,2025-12-30,2025-12-30,EXCLUDE,Q2-3282c76857
901147384,27,2026-01-03,2026-01-03,EXCLUDE,Q2-3282c76857
901147384,27,2026-01-07,2026-01-07,EXCLUDE,Q2-3282c76857
901147384,27,2026-01-17,2026-01-17,EXCLUDE,Q2-3282c76857
901147384,27,2026-01-24,2026-01-24,EXCLUDE,Q2-3282c76857
901147384,27,2026-02-02,2026-02-02,EXCLUDE,Q2-3282c76857
901147384,27,2026-02-07,2026-02-07,EXCLUDE,Q2-3282c76857
901147384,27,2026-02-11,2026-02-11,EXCLUDE,Q2-3282c76857
901147384,27,2026-02-21,2026-02-21,EXCLUDE,Q2-3282c76857
901147384,27,2026-02-28,2026-02-28,EXCLUDE,Q2-3282c76857
901147384,27,2026-03-03,2026-03-03,EXCLUDE,Q2-3282c76857
901147384,27,2026-03-14,2026-03-14,EXCLUDE,Q2-3282c76857
901147384,27,2026-03-21,2026-03-21,EXCLUDE,Q2-3282c76857
901147384,27,2026-04-11,2026-04-11,EXCLUDE,Q2-3282c76857
901147384,27,2026-04-19,2026-04-19,EXCLUDE,Q2-3282c76857
901147384,27,2026-04-22,2026-04-22,EXCLUDE,Q2-3282c76857
901147384,27,2026-05-01,2026-05-01,EXCLUDE,Q2-3282c76857
901147384,27,2026-05-10,2026-05-10,EXCLUDE,Q2-3282c76857
901147384,27,2026-05-18,2026-05-18,EXCLUDE,Q2-3282c76857
901147384,27,2026-05-24,2026-05-24,EXCLUDE,Q2-3282c76857
901147384,27,2025-08-23,2025-08-23,EXCLUDE,Q2-3208fd40c1
901147384,27,2025-08-30,2025-08-30,EXCLUDE,Q2-3208fd40c1
901147384,27,2025-09-14,2025-09-14,EXCLUDE,Q2-3208fd40c1
901147384,27,2025-09-20,2025-09-20,EXCLUDE,Q2-3208fd40c1
901147384,27,2025-09-27,2025-09-27,EXCLUDE,Q2-3208fd40c1
901147384,27,2025-10-05,2025-10-05,EXCLUDE,Q2-3208fd40c1
901147384,27,2025-10-18,2025-10-18,EXCLUDE,Q2-3208fd40c1
901147384,27,2025-10-26,2025-10-26,EXCLUDE,Q2-3208fd40c1
901147384,27,2025-11-01,2025-11-01,EXCLUDE,Q2-3208fd40c1
901147384,27,2025-11-08,2025-11-08,EXCLUDE,Q2-3208fd40c1
901147384,27,2025-11-22,2025-11-22,EXCLUDE,Q2-3208fd40c1
901147384,27,2025-11-29,2025-11-29,EXCLUDE,Q2-3208fd40c1
901147384,27,2025-12-03,2025-12-03,EXCLUDE,Q2-3208fd40c1
901147384,27,2025-12-06,2025-12-06,EXCLUDE,Q2-3208fd40c1
901147384,27,2025-12-13,2025-12-13,EXCLUDE,Q2-3208fd40c1
901147384,27,2025-12-20,2025-12-20,EXCLUDE,Q2-3208fd40c1
901147384,27,2025-12-27,2025-12-27,EXCLUDE,Q2-3208fd40c1
901147384,27,2025-12-30,2025-12-30,EXCLUDE,Q2-3208fd40c1
901147384,27,2026-01-03,2026-01-03,EXCLUDE,Q2-3208fd40c1
901147384,27,2026-01-07,2026-01-07,EXCLUDE,Q2-3208fd40c1
901147384,27,2026-01-17,2026-01-17,EXCLUDE,Q2-3208fd40c1
901147384,27,2026-01-24,2026-01-24,EXCLUDE,Q2-3208fd40c1
901147384,27,2026-02-02,2026-02-02,EXCLUDE,Q2-3208fd40c1
901147384,27,2026-02-07,2026-02-07,EXCLUDE,Q2-3208fd40c1
901147384,27,2026-02-11,2026-02-11,EXCLUDE,Q2-3208fd40c1
901147384,27,2026-02-21,2026-02-21,EXCLUDE,Q2-3208fd40c1
901147384,27,2026-02-28,2026-02-28,EXCLUDE,Q2-3208fd40c1
901147384,27,2026-03-03,2026-03-03,EXCLUDE,Q2-3208fd40c1
901147384,27,2026-03-14,2026-03-14,EXCLUDE,Q2-3208fd40c1
901147384,27,2026-03-21,2026-03-21,EXCLUDE,Q2-3208fd40c1
901147384,27,2026-04-11,2026-04-11,EXCLUDE,Q2-3208fd40c1
901147384,27,2026-04-19,2026-04-19,EXCLUDE,Q2-3208fd40c1
901147384,27,2026-04-22,2026-04-22,EXCLUDE,Q2-3208fd40c1
901147384,27,2026-05-01,2026-05-01,EXCLUDE,Q2-3208fd40c1
901147384,27,2026-05-10,2026-05-10,EXCLUDE,Q2-3208fd40c1
901147384,27,2026-05-18,2026-05-18,EXCLUDE,Q2-3208fd40c1
901147384,27,2026-05-24,2026-05-24,EXCLUDE,Q2-3208fd40c1
28912742,29,2021-08-29,2021-08-29,EXCLUDE,Q2-257d752903
28912742,29,2021-09-11,2021-09-11,EXCLUDE,Q2-257d752903
28912742,29,2021-09-18,2021-09-18,EXCLUDE,Q2-257d752903
28912742,29,2021-09-26,2021-09-26,EXCLUDE,Q2-257d752903
28912742,29,2021-10-02,2021-10-02,EXCLUDE,Q2-257d752903
28912742,29,2021-10-16,2021-10-16,EXCLUDE,Q2-257d752903
28912742,29,2021-10-23,2021-10-23,EXCLUDE,Q2-257d752903
28912742,29,2021-11-01,2021-11-01,EXCLUDE,Q2-257d752903
28912742,29,2021-11-06,2021-11-06,EXCLUDE,Q2-257d752903
28912742,29,2021-11-20,2021-11-20,EXCLUDE,Q2-257d752903
28912742,29,2021-11-27,2021-11-27,EXCLUDE,Q2-257d752903
28912742,29,2021-12-01,2021-12-01,EXCLUDE,Q2-257d752903
28912742,29,2021-12-04,2021-12-04,EXCLUDE,Q2-257d752903
28912742,29,2021-12-11,2021-12-11,EXCLUDE,Q2-257d752903
28912742,29,2021-12-15,2021-12-15,EXCLUDE,Q2-257d752903
28912742,29,2021-12-19,2021-12-19,EXCLUDE,Q2-257d752903
28912742,29,2022-01-03,2022-01-03,EXCLUDE,Q2-257d752903
28912742,29,2022-01-15,2022-01-15,EXCLUDE,Q2-257d752903
28912742,29,2022-01-22,2022-01-22,EXCLUDE,Q2-257d752903
28912742,29,2022-02-10,2022-02-10,EXCLUDE,Q2-257d752903
28912742,29,2022-02-13,2022-02-13,EXCLUDE,Q2-257d752903
28912742,29,2022-02-20,2022-02-20,EXCLUDE,Q2-257d752903
28912742,29,2022-02-24,2022-02-24,EXCLUDE,Q2-257d752903
28912742,29,2022-02-27,2022-02-27,EXCLUDE,Q2-257d752903
28912742,29,2022-03-05,2022-03-05,EXCLUDE,Q2-257d752903
28912742,29,2022-03-10,2022-03-10,EXCLUDE,Q2-257d752903
28912742,29,2022-03-13,2022-03-13,EXCLUDE,Q2-257d752903
28912742,29,2022-03-18,2022-03-18,EXCLUDE,Q2-257d752903
28912742,29,2022-04-02,2022-04-02,EXCLUDE,Q2-257d752903
28912742,29,2022-04-08,2022-04-08,EXCLUDE,Q2-257d752903
28912742,29,2022-04-24,2022-04-24,EXCLUDE,Q2-257d752903
28912742,29,2022-04-30,2022-04-30,EXCLUDE,Q2-257d752903
28912742,29,2022-05-07,2022-05-07,EXCLUDE,Q2-257d752903
28912742,29,2022-05-11,2022-05-11,EXCLUDE,Q2-257d752903
28912742,29,2022-05-15,2022-05-15,EXCLUDE,Q2-257d752903
28912742,29,2022-05-22,2022-05-22,EXCLUDE,Q2-257d752903
37391326,52,2019-08-25,2019-08-25,EXCLUDE,Q2-d657e16561
37391326,52,2019-08-31,2019-08-31,EXCLUDE,Q2-d657e16561
37391326,52,2019-09-15,2019-09-15,EXCLUDE,Q2-d657e16561
37391326,52,2019-09-20,2019-09-20,EXCLUDE,Q2-d657e16561
37391326,52,2019-09-28,2019-09-28,EXCLUDE,Q2-d657e16561
37391326,52,2019-10-06,2019-10-06,EXCLUDE,Q2-d657e16561
37391326,52,2019-10-19,2019-10-19,EXCLUDE,Q2-d657e16561
37391326,52,2019-10-26,2019-10-26,EXCLUDE,Q2-d657e16561
37391326,52,2019-11-02,2019-11-02,EXCLUDE,Q2-d657e16561
37391326,52,2019-11-09,2019-11-09,EXCLUDE,Q2-d657e16561
37391326,52,2019-11-23,2019-11-23,EXCLUDE,Q2-d657e16561
37391326,52,2019-11-30,2019-11-30,EXCLUDE,Q2-d657e16561
37391326,52,2019-12-03,2019-12-03,EXCLUDE,Q2-d657e16561
37391326,52,2019-12-07,2019-12-07,EXCLUDE,Q2-d657e16561
37391326,52,2019-12-14,2019-12-14,EXCLUDE,Q2-d657e16561
37391326,52,2019-12-21,2019-12-21,EXCLUDE,Q2-d657e16561
37391326,52,2019-12-26,2019-12-26,EXCLUDE,Q2-d657e16561
37391326,52,2019-12-28,2019-12-28,EXCLUDE,Q2-d657e16561
37391326,52,2020-01-01,2020-01-01,EXCLUDE,Q2-d657e16561
37391326,52,2020-01-12,2020-01-12,EXCLUDE,Q2-d657e16561
37391326,52,2020-01-18,2020-01-18,EXCLUDE,Q2-d657e16561
37391326,52,2020-01-21,2020-01-21,EXCLUDE,Q2-d657e16561
37391326,52,2020-02-01,2020-02-01,EXCLUDE,Q2-d657e16561
37391326,52,2020-02-09,2020-02-09,EXCLUDE,Q2-d657e16561
37391326,52,2020-02-22,2020-02-22,EXCLUDE,Q2-d657e16561
37391326,52,2020-02-29,2020-02-29,EXCLUDE,Q2-d657e16561
37391326,52,2020-03-07,2020-03-07,EXCLUDE,Q2-d657e16561
37391326,52,2020-06-20,2020-06-20,EXCLUDE,Q2-d657e16561
37391326,52,2020-06-24,2020-06-24,EXCLUDE,Q2-d657e16561
37391326,52,2020-07-01,2020-07-01,EXCLUDE,Q2-d657e16561
37391326,52,2020-07-04,2020-07-04,EXCLUDE,Q2-d657e16561
37391326,52,2020-07-09,2020-07-09,EXCLUDE,Q2-d657e16561
37391326,52,2020-07-12,2020-07-12,EXCLUDE,Q2-d657e16561
37391326,52,2020-07-15,2020-07-15,EXCLUDE,Q2-d657e16561
37391326,52,2020-07-19,2020-07-19,EXCLUDE,Q2-d657e16561
37391326,52,2020-07-26,2020-07-26,EXCLUDE,Q2-d657e16561
30467944,14,2020-10-04,2020-10-04,EXCLUDE,Q2-8a235c1867
30467944,14,2020-10-17,2020-10-17,EXCLUDE,Q2-8a235c1867
30467944,14,2020-10-24,2020-10-24,EXCLUDE,Q2-8a235c1867
30467944,14,2020-11-01,2020-11-01,EXCLUDE,Q2-8a235c1867
30467944,14,2020-11-07,2020-11-07,EXCLUDE,Q2-8a235c1867
30467944,14,2020-11-21,2020-11-21,EXCLUDE,Q2-8a235c1867
30467944,14,2020-11-29,2020-11-29,EXCLUDE,Q2-8a235c1867
30467944,14,2020-12-05,2020-12-05,EXCLUDE,Q2-8a235c1867
30467944,14,2020-12-12,2020-12-12,EXCLUDE,Q2-8a235c1867
30467944,14,2020-12-17,2020-12-17,EXCLUDE,Q2-8a235c1867
30467944,14,2020-12-20,2020-12-20,EXCLUDE,Q2-8a235c1867
30467944,14,2020-12-26,2020-12-26,EXCLUDE,Q2-8a235c1867
30467944,14,2020-12-29,2020-12-29,EXCLUDE,Q2-8a235c1867
30467944,14,2021-01-01,2021-01-01,EXCLUDE,Q2-8a235c1867
30467944,14,2021-01-12,2021-01-12,EXCLUDE,Q2-8a235c1867
30467944,14,2021-01-17,2021-01-17,EXCLUDE,Q2-8a235c1867
30467944,14,2021-01-20,2021-01-20,EXCLUDE,Q2-8a235c1867
30467944,14,2021-01-27,2021-01-27,EXCLUDE,Q2-8a235c1867
30467944,14,2021-01-30,2021-01-30,EXCLUDE,Q2-8a235c1867
30467944,14,2021-02-02,2021-02-02,EXCLUDE,Q2-8a235c1867
30467944,14,2021-02-06,2021-02-06,EXCLUDE,Q2-8a235c1867
30467944,14,2021-02-14,2021-02-14,EXCLUDE,Q2-8a235c1867
30467944,14,2021-02-21,2021-02-21,EXCLUDE,Q2-8a235c1867
30467944,14,2021-02-28,2021-02-28,EXCLUDE,Q2-8a235c1867
30467944,14,2021-03-03,2021-03-03,EXCLUDE,Q2-8a235c1867
30467944,14,2021-03-07,2021-03-07,EXCLUDE,Q2-8a235c1867
30467944,14,2021-03-14,2021-03-14,EXCLUDE,Q2-8a235c1867
30467944,14,2021-04-04,2021-04-04,EXCLUDE,Q2-8a235c1867
30467944,14,2021-04-11,2021-04-11,EXCLUDE,Q2-8a235c1867
30467944,14,2021-04-18,2021-04-18,EXCLUDE,Q2-8a235c1867
30467944,14,2021-04-25,2021-04-25,EXCLUDE,Q2-8a235c1867
30467944,14,2021-05-09,2021-05-09,EXCLUDE,Q2-8a235c1867
30467944,14,2021-05-11,2021-05-11,EXCLUDE,Q2-8a235c1867
30467944,14,2021-05-13,2021-05-13,EXCLUDE,Q2-8a235c1867
30467944,14,2021-05-18,2021-05-18,EXCLUDE,Q2-8a235c1867
30467944,14,2021-05-23,2021-05-23,EXCLUDE,Q2-8a235c1867
900953438,8,2018-09-01,2018-09-01,EXCLUDE,Q2-edf86e694b
900953438,8,2018-09-15,2018-09-15,EXCLUDE,Q2-edf86e694b
900953438,8,2018-09-22,2018-09-22,EXCLUDE,Q2-edf86e694b
900953438,8,2018-09-29,2018-09-29,EXCLUDE,Q2-edf86e694b
900953438,8,2018-10-07,2018-10-07,EXCLUDE,Q2-edf86e694b
900953438,8,2018-10-20,2018-10-20,EXCLUDE,Q2-edf86e694b
900953438,8,2018-10-27,2018-10-27,EXCLUDE,Q2-edf86e694b
900953438,8,2018-11-03,2018-11-03,EXCLUDE,Q2-edf86e694b
900953438,8,2018-11-11,2018-11-11,EXCLUDE,Q2-edf86e694b
900953438,8,2018-11-24,2018-11-24,EXCLUDE,Q2-edf86e694b
900953438,8,2018-12-02,2018-12-02,EXCLUDE,Q2-edf86e694b
900953438,8,2018-12-05,2018-12-05,EXCLUDE,Q2-edf86e694b
900953438,8,2018-12-08,2018-12-08,EXCLUDE,Q2-edf86e694b
900953438,8,2018-12-16,2018-12-16,EXCLUDE,Q2-edf86e694b
900953438,8,2018-12-21,2018-12-21,EXCLUDE,Q2-edf86e694b
900953438,8,2018-12-26,2018-12-26,EXCLUDE,Q2-edf86e694b
900953438,8,2018-12-29,2018-12-29,EXCLUDE,Q2-edf86e694b
900953438,8,2019-01-03,2019-01-03,EXCLUDE,Q2-edf86e694b
900953438,8,2019-01-12,2019-01-12,EXCLUDE,Q2-edf86e694b
900953438,8,2019-01-19,2019-01-19,EXCLUDE,Q2-edf86e694b
900953438,8,2019-01-30,2019-01-30,EXCLUDE,Q2-edf86e694b
900953438,8,2019-02-04,2019-02-04,EXCLUDE,Q2-edf86e694b
900953438,8,2019-02-09,2019-02-09,EXCLUDE,Q2-edf86e694b
900953438,8,2019-02-24,2019-02-24,EXCLUDE,Q2-edf86e694b
900953438,8,2019-02-27,2019-02-27,EXCLUDE,Q2-edf86e694b
900953438,8,2019-03-03,2019-03-03,EXCLUDE,Q2-edf86e694b
900953438,8,2019-03-10,2019-03-10,EXCLUDE,Q2-edf86e694b
900953438,8,2019-03-17,2019-03-17,EXCLUDE,Q2-edf86e694b
900953438,8,2019-03-31,2019-03-31,EXCLUDE,Q2-edf86e694b
900953438,8,2019-04-05,2019-04-05,EXCLUDE,Q2-edf86e694b
900953438,8,2019-04-14,2019-04-14,EXCLUDE,Q2-edf86e694b
900953438,8,2019-04-21,2019-04-21,EXCLUDE,Q2-edf86e694b
900953438,8,2019-04-26,2019-04-26,EXCLUDE,Q2-edf86e694b
900953438,8,2019-05-04,2019-05-04,EXCLUDE,Q2-edf86e694b
900953438,8,2019-05-12,2019-05-12,EXCLUDE,Q2-edf86e694b
900948915,27,2023-09-18,2023-09-18,EXCLUDE,Q2-bbd3255724
900948915,27,2023-09-23,2023-09-23,EXCLUDE,Q2-bbd3255724
900948915,27,2023-09-30,2023-09-30,EXCLUDE,Q2-bbd3255724
900948915,27,2023-10-03,2023-10-03,EXCLUDE,Q2-bbd3255724
900948915,27,2023-10-07,2023-10-07,EXCLUDE,Q2-bbd3255724
900948915,27,2023-10-21,2023-10-21,EXCLUDE,Q2-bbd3255724
900948915,27,2023-10-28,2023-10-28,EXCLUDE,Q2-bbd3255724
900948915,27,2023-11-04,2023-11-04,EXCLUDE,Q2-bbd3255724
900948915,27,2023-11-11,2023-11-11,EXCLUDE,Q2-bbd3255724
900948915,27,2023-11-25,2023-11-25,EXCLUDE,Q2-bbd3255724
900948915,27,2023-12-02,2023-12-02,EXCLUDE,Q2-bbd3255724
900948915,27,2023-12-05,2023-12-05,EXCLUDE,Q2-bbd3255724
900948915,27,2023-12-09,2023-12-09,EXCLUDE,Q2-bbd3255724
900948915,27,2023-12-16,2023-12-16,EXCLUDE,Q2-bbd3255724
900948915,27,2023-12-23,2023-12-23,EXCLUDE,Q2-bbd3255724
900948915,27,2023-12-26,2023-12-26,EXCLUDE,Q2-bbd3255724
900948915,27,2023-12-30,2023-12-30,EXCLUDE,Q2-bbd3255724
900948915,27,2024-01-12,2024-01-12,EXCLUDE,Q2-bbd3255724
900948915,27,2024-01-31,2024-01-31,EXCLUDE,Q2-bbd3255724
900948915,27,2024-02-03,2024-02-03,EXCLUDE,Q2-bbd3255724
900948915,27,2024-02-10,2024-02-10,EXCLUDE,Q2-bbd3255724
900948915,27,2024-02-17,2024-02-17,EXCLUDE,Q2-bbd3255724
900948915,27,2024-02-24,2024-02-24,EXCLUDE,Q2-bbd3255724
900948915,27,2024-03-03,2024-03-03,EXCLUDE,Q2-bbd3255724
900948915,27,2024-03-10,2024-03-10,EXCLUDE,Q2-bbd3255724
900948915,27,2024-03-16,2024-03-16,EXCLUDE,Q2-bbd3255724
900948915,27,2024-03-30,2024-03-30,EXCLUDE,Q2-bbd3255724
900948915,27,2024-04-02,2024-04-02,EXCLUDE,Q2-bbd3255724
900948915,27,2024-04-06,2024-04-06,EXCLUDE,Q2-bbd3255724
900948915,27,2024-04-13,2024-04-13,EXCLUDE,Q2-bbd3255724
900948915,27,2024-04-20,2024-04-20,EXCLUDE,Q2-bbd3255724
900948915,27,2024-04-27,2024-04-27,EXCLUDE,Q2-bbd3255724
900948915,27,2024-05-04,2024-05-04,EXCLUDE,Q2-bbd3255724
900948915,27,2024-05-11,2024-05-11,EXCLUDE,Q2-bbd3255724
900948915,27,2024-05-19,2024-05-19,EXCLUDE,Q2-bbd3255724
9308199,6,2020-10-04,2020-10-04,EXCLUDE,Q2-8b715f578e
9308199,6,2020-10-18,2020-10-18,EXCLUDE,Q2-8b715f578e
9308199,6,2020-10-26,2020-10-26,EXCLUDE,Q2-8b715f578e
9308199,6,2020-11-01,2020-11-01,EXCLUDE,Q2-8b715f578e
9308199,6,2020-11-08,2020-11-08,EXCLUDE,Q2-8b715f578e
9308199,6,2020-11-21,2020-11-21,EXCLUDE,Q2-8b715f578e
9308199,6,2020-11-29,2020-11-29,EXCLUDE,Q2-8b715f578e
9308199,6,2020-12-06,2020-12-06,EXCLUDE,Q2-8b715f578e
9308199,6,2020-12-13,2020-12-13,EXCLUDE,Q2-8b715f578e
9308199,6,2020-12-16,2020-12-16,EXCLUDE,Q2-8b715f578e
9308199,6,2020-12-20,2020-12-20,EXCLUDE,Q2-8b715f578e
9308199,6,2020-12-27,2020-12-27,EXCLUDE,Q2-8b715f578e
9308199,6,2021-01-02,2021-01-02,EXCLUDE,Q2-8b715f578e
9308199,6,2021-01-13,2021-01-13,EXCLUDE,Q2-8b715f578e
9308199,6,2021-01-17,2021-01-17,EXCLUDE,Q2-8b715f578e
9308199,6,2021-01-28,2021-01-28,EXCLUDE,Q2-8b715f578e
9308199,6,2021-01-31,2021-01-31,EXCLUDE,Q2-8b715f578e
9308199,6,2021-02-04,2021-02-04,EXCLUDE,Q2-8b715f578e
9308199,6,2021-02-07,2021-02-07,EXCLUDE,Q2-8b715f578e
9308199,6,2021-02-13,2021-02-13,EXCLUDE,Q2-8b715f578e
9308199,6,2021-02-21,2021-02-21,EXCLUDE,Q2-8b715f578e
9308199,6,2021-02-28,2021-02-28,EXCLUDE,Q2-8b715f578e
9308199,6,2021-03-04,2021-03-04,EXCLUDE,Q2-8b715f578e
9308199,6,2021-03-07,2021-03-07,EXCLUDE,Q2-8b715f578e
9308199,6,2021-03-14,2021-03-14,EXCLUDE,Q2-8b715f578e
9308199,6,2021-03-21,2021-03-21,EXCLUDE,Q2-8b715f578e
9308199,6,2021-04-04,2021-04-04,EXCLUDE,Q2-8b715f578e
9308199,6,2021-04-11,2021-04-11,EXCLUDE,Q2-8b715f578e
9308199,6,2021-04-16,2021-04-16,EXCLUDE,Q2-8b715f578e
9308199,6,2021-04-21,2021-04-21,EXCLUDE,Q2-8b715f578e
9308199,6,2021-05-02,2021-05-02,EXCLUDE,Q2-8b715f578e
9308199,6,2021-05-08,2021-05-08,EXCLUDE,Q2-8b715f578e
9308199,6,2021-05-16,2021-05-16,EXCLUDE,Q2-8b715f578e
9308199,6,2021-05-19,2021-05-19,EXCLUDE,Q2-8b715f578e
9308199,6,2021-05-23,2021-05-23,EXCLUDE,Q2-8b715f578e
37544311,14,2020-10-17,2020-10-17,EXCLUDE,Q2-7f7698d141
37544311,14,2020-10-24,2020-10-24,EXCLUDE,Q2-7f7698d141
37544311,14,2020-11-01,2020-11-01,EXCLUDE,Q2-7f7698d141
37544311,14,2020-11-07,2020-11-07,EXCLUDE,Q2-7f7698d141
37544311,14,2020-11-21,2020-11-21,EXCLUDE,Q2-7f7698d141
37544311,14,2020-11-29,2020-11-29,EXCLUDE,Q2-7f7698d141
37544311,14,2020-12-05,2020-12-05,EXCLUDE,Q2-7f7698d141
37544311,14,2020-12-12,2020-12-12,EXCLUDE,Q2-7f7698d141
37544311,14,2020-12-17,2020-12-17,EXCLUDE,Q2-7f7698d141
37544311,14,2020-12-20,2020-12-20,EXCLUDE,Q2-7f7698d141
37544311,14,2020-12-26,2020-12-26,EXCLUDE,Q2-7f7698d141
37544311,14,2020-12-29,2020-12-29,EXCLUDE,Q2-7f7698d141
37544311,14,2021-01-01,2021-01-01,EXCLUDE,Q2-7f7698d141
37544311,14,2021-01-12,2021-01-12,EXCLUDE,Q2-7f7698d141
37544311,14,2021-01-17,2021-01-17,EXCLUDE,Q2-7f7698d141
37544311,14,2021-01-20,2021-01-20,EXCLUDE,Q2-7f7698d141
37544311,14,2021-01-27,2021-01-27,EXCLUDE,Q2-7f7698d141
37544311,14,2021-01-30,2021-01-30,EXCLUDE,Q2-7f7698d141
37544311,14,2021-02-02,2021-02-02,EXCLUDE,Q2-7f7698d141
37544311,14,2021-02-06,2021-02-06,EXCLUDE,Q2-7f7698d141
37544311,14,2021-02-14,2021-02-14,EXCLUDE,Q2-7f7698d141
37544311,14,2021-02-21,2021-02-21,EXCLUDE,Q2-7f7698d141
37544311,14,2021-02-28,2021-02-28,EXCLUDE,Q2-7f7698d141
37544311,14,2021-03-03,2021-03-03,EXCLUDE,Q2-7f7698d141
37544311,14,2021-03-07,2021-03-07,EXCLUDE,Q2-7f7698d141
37544311,14,2021-03-14,2021-03-14,EXCLUDE,Q2-7f7698d141
37544311,14,2021-04-04,2021-04-04,EXCLUDE,Q2-7f7698d141
37544311,14,2021-04-11,2021-04-11,EXCLUDE,Q2-7f7698d141
37544311,14,2021-04-18,2021-04-18,EXCLUDE,Q2-7f7698d141
37544311,14,2021-04-25,2021-04-25,EXCLUDE,Q2-7f7698d141
37544311,14,2021-05-09,2021-05-09,EXCLUDE,Q2-7f7698d141
37544311,14,2021-05-11,2021-05-11,EXCLUDE,Q2-7f7698d141
37544311,14,2021-05-13,2021-05-13,EXCLUDE,Q2-7f7698d141
37544311,14,2021-05-18,2021-05-18,EXCLUDE,Q2-7f7698d141
37544311,14,2021-05-23,2021-05-23,EXCLUDE,Q2-7f7698d141
37316835,8,2019-09-14,2019-09-14,EXCLUDE,Q2-27b28acd3a
37316835,8,2019-09-22,2019-09-22,EXCLUDE,Q2-27b28acd3a
37316835,8,2019-09-28,2019-09-28,EXCLUDE,Q2-27b28acd3a
37316835,8,2019-10-05,2019-10-05,EXCLUDE,Q2-27b28acd3a
37316835,8,2019-10-20,2019-10-20,EXCLUDE,Q2-27b28acd3a
37316835,8,2019-10-27,2019-10-27,EXCLUDE,Q2-27b28acd3a
37316835,8,2019-11-02,2019-11-02,EXCLUDE,Q2-27b28acd3a
37316835,8,2019-11-10,2019-11-10,EXCLUDE,Q2-27b28acd3a
37316835,8,2019-11-23,2019-11-23,EXCLUDE,Q2-27b28acd3a
37316835,8,2019-11-30,2019-11-30,EXCLUDE,Q2-27b28acd3a
37316835,8,2019-12-04,2019-12-04,EXCLUDE,Q2-27b28acd3a
37316835,8,2019-12-07,2019-12-07,EXCLUDE,Q2-27b28acd3a
37316835,8,2019-12-14,2019-12-14,EXCLUDE,Q2-27b28acd3a
37316835,8,2019-12-26,2019-12-26,EXCLUDE,Q2-27b28acd3a
37316835,8,2019-12-29,2019-12-29,EXCLUDE,Q2-27b28acd3a
37316835,8,2020-01-02,2020-01-02,EXCLUDE,Q2-27b28acd3a
37316835,8,2020-01-11,2020-01-11,EXCLUDE,Q2-27b28acd3a
37316835,8,2020-01-19,2020-01-19,EXCLUDE,Q2-27b28acd3a
37316835,8,2020-01-23,2020-01-23,EXCLUDE,Q2-27b28acd3a
37316835,8,2020-01-29,2020-01-29,EXCLUDE,Q2-27b28acd3a
37316835,8,2020-02-01,2020-02-01,EXCLUDE,Q2-27b28acd3a
37316835,8,2020-02-15,2020-02-15,EXCLUDE,Q2-27b28acd3a
37316835,8,2020-02-24,2020-02-24,EXCLUDE,Q2-27b28acd3a
37316835,8,2020-02-29,2020-02-29,EXCLUDE,Q2-27b28acd3a
37316835,8,2020-03-07,2020-03-07,EXCLUDE,Q2-27b28acd3a
37316835,8,2020-06-21,2020-06-21,EXCLUDE,Q2-27b28acd3a
37316835,8,2020-06-24,2020-06-24,EXCLUDE,Q2-27b28acd3a
37316835,8,2020-07-02,2020-07-02,EXCLUDE,Q2-27b28acd3a
37316835,8,2020-07-05,2020-07-05,EXCLUDE,Q2-27b28acd3a
37316835,8,2020-07-08,2020-07-08,EXCLUDE,Q2-27b28acd3a
37316835,8,2020-07-11,2020-07-11,EXCLUDE,Q2-27b28acd3a
37316835,8,2020-07-15,2020-07-15,EXCLUDE,Q2-27b28acd3a
37316835,8,2020-07-22,2020-07-22,EXCLUDE,Q2-27b28acd3a
37316835,8,2020-07-26,2020-07-26,EXCLUDE,Q2-27b28acd3a
900743553,21,2023-09-16,2023-09-16,EXCLUDE,Q2-feba045b84
900743553,21,2023-09-24,2023-09-24,EXCLUDE,Q2-feba045b84
900743553,21,2023-09-30,2023-09-30,EXCLUDE,Q2-feba045b84
900743553,21,2023-10-07,2023-10-07,EXCLUDE,Q2-feba045b84
900743553,21,2023-10-21,2023-10-21,EXCLUDE,Q2-feba045b84
900743553,21,2023-10-28,2023-10-28,EXCLUDE,Q2-feba045b84
900743553,21,2023-11-04,2023-11-04,EXCLUDE,Q2-feba045b84
900743553,21,2023-11-12,2023-11-12,EXCLUDE,Q2-feba045b84
900743553,21,2023-11-25,2023-11-25,EXCLUDE,Q2-feba045b84
900743553,21,2023-12-02,2023-12-02,EXCLUDE,Q2-feba045b84
900743553,21,2023-12-06,2023-12-06,EXCLUDE,Q2-feba045b84
900743553,21,2023-12-09,2023-12-09,EXCLUDE,Q2-feba045b84
900743553,21,2023-12-16,2023-12-16,EXCLUDE,Q2-feba045b84
900743553,21,2023-12-22,2023-12-22,EXCLUDE,Q2-feba045b84
900743553,21,2023-12-26,2023-12-26,EXCLUDE,Q2-feba045b84
900743553,21,2023-12-30,2023-12-30,EXCLUDE,Q2-feba045b84
900743553,21,2024-01-21,2024-01-21,EXCLUDE,Q2-feba045b84
900743553,21,2024-01-30,2024-01-30,EXCLUDE,Q2-feba045b84
900743553,21,2024-02-03,2024-02-03,EXCLUDE,Q2-feba045b84
900743553,21,2024-02-10,2024-02-10,EXCLUDE,Q2-feba045b84
900743553,21,2024-02-18,2024-02-18,EXCLUDE,Q2-feba045b84
900743553,21,2024-02-25,2024-02-25,EXCLUDE,Q2-feba045b84
900743553,21,2024-03-04,2024-03-04,EXCLUDE,Q2-feba045b84
900743553,21,2024-03-09,2024-03-09,EXCLUDE,Q2-feba045b84
900743553,21,2024-03-30,2024-03-30,EXCLUDE,Q2-feba045b84
900743553,21,2024-04-04,2024-04-04,EXCLUDE,Q2-feba045b84
900743553,21,2024-04-07,2024-04-07,EXCLUDE,Q2-feba045b84
900743553,21,2024-04-13,2024-04-13,EXCLUDE,Q2-feba045b84
900743553,21,2024-04-20,2024-04-20,EXCLUDE,Q2-feba045b84
900743553,21,2024-04-24,2024-04-24,EXCLUDE,Q2-feba045b84
900743553,21,2024-04-27,2024-04-27,EXCLUDE,Q2-feba045b84
900743553,21,2024-05-04,2024-05-04,EXCLUDE,Q2-feba045b84
900743553,21,2024-05-11,2024-05-11,EXCLUDE,Q2-feba045b84
900743553,21,2024-05-19,2024-05-19,EXCLUDE,Q2-feba045b84
900848437,19,2025-08-17,2025-08-17,EXCLUDE,Q2-b2c459517d
900848437,19,2025-08-23,2025-08-23,EXCLUDE,Q2-b2c459517d
900848437,19,2025-08-31,2025-08-31,EXCLUDE,Q2-b2c459517d
900848437,19,2025-09-13,2025-09-13,EXCLUDE,Q2-b2c459517d
900848437,19,2025-09-21,2025-09-21,EXCLUDE,Q2-b2c459517d
900848437,19,2025-09-28,2025-09-28,EXCLUDE,Q2-b2c459517d
900848437,19,2025-10-04,2025-10-04,EXCLUDE,Q2-b2c459517d
900848437,19,2025-10-18,2025-10-18,EXCLUDE,Q2-b2c459517d
900848437,19,2025-10-26,2025-10-26,EXCLUDE,Q2-b2c459517d
900848437,19,2025-11-01,2025-11-01,EXCLUDE,Q2-b2c459517d
900848437,19,2025-11-08,2025-11-08,EXCLUDE,Q2-b2c459517d
900848437,19,2025-11-23,2025-11-23,EXCLUDE,Q2-b2c459517d
900848437,19,2025-11-30,2025-11-30,EXCLUDE,Q2-b2c459517d
900848437,19,2025-12-03,2025-12-03,EXCLUDE,Q2-b2c459517d
900848437,19,2025-12-06,2025-12-06,EXCLUDE,Q2-b2c459517d
900848437,19,2025-12-13,2025-12-13,EXCLUDE,Q2-b2c459517d
900848437,19,2025-12-20,2025-12-20,EXCLUDE,Q2-b2c459517d
900848437,19,2026-01-25,2026-01-25,EXCLUDE,Q2-b2c459517d
900848437,19,2026-01-31,2026-01-31,EXCLUDE,Q2-b2c459517d
900848437,19,2026-02-07,2026-02-07,EXCLUDE,Q2-b2c459517d
900848437,19,2026-02-12,2026-02-12,EXCLUDE,Q2-b2c459517d
900848437,19,2026-02-18,2026-02-18,EXCLUDE,Q2-b2c459517d
900848437,19,2026-02-22,2026-02-22,EXCLUDE,Q2-b2c459517d
900848437,19,2026-03-01,2026-03-01,EXCLUDE,Q2-b2c459517d
900848437,19,2026-03-04,2026-03-04,EXCLUDE,Q2-b2c459517d
900848437,19,2026-03-14,2026-03-14,EXCLUDE,Q2-b2c459517d
900848437,19,2026-04-11,2026-04-11,EXCLUDE,Q2-b2c459517d
900848437,19,2026-04-19,2026-04-19,EXCLUDE,Q2-b2c459517d
900848437,19,2026-04-25,2026-04-25,EXCLUDE,Q2-b2c459517d
900848437,19,2026-05-02,2026-05-02,EXCLUDE,Q2-b2c459517d
900848437,19,2026-05-10,2026-05-10,EXCLUDE,Q2-b2c459517d
900848437,19,2026-05-18,2026-05-18,EXCLUDE,Q2-b2c459517d
900848437,19,2026-05-24,2026-05-24,EXCLUDE,Q2-b2c459517d
26715430,21,2019-09-28,2019-09-28,EXCLUDE,Q2-04c7c3bf6c
26715430,21,2019-10-05,2019-10-05,EXCLUDE,Q2-04c7c3bf6c
26715430,21,2019-10-21,2019-10-21,EXCLUDE,Q2-04c7c3bf6c
26715430,21,2019-10-26,2019-10-26,EXCLUDE,Q2-04c7c3bf6c
26715430,21,2019-11-02,2019-11-02,EXCLUDE,Q2-04c7c3bf6c
26715430,21,2019-11-09,2019-11-09,EXCLUDE,Q2-04c7c3bf6c
26715430,21,2019-11-24,2019-11-24,EXCLUDE,Q2-04c7c3bf6c
26715430,21,2019-12-01,2019-12-01,EXCLUDE,Q2-04c7c3bf6c
26715430,21,2019-12-05,2019-12-05,EXCLUDE,Q2-04c7c3bf6c
26715430,21,2019-12-08,2019-12-08,EXCLUDE,Q2-04c7c3bf6c
26715430,21,2019-12-14,2019-12-14,EXCLUDE,Q2-04c7c3bf6c
26715430,21,2019-12-21,2019-12-21,EXCLUDE,Q2-04c7c3bf6c
26715430,21,2019-12-26,2019-12-26,EXCLUDE,Q2-04c7c3bf6c
26715430,21,2019-12-29,2019-12-29,EXCLUDE,Q2-04c7c3bf6c
26715430,21,2020-01-02,2020-01-02,EXCLUDE,Q2-04c7c3bf6c
26715430,21,2020-01-10,2020-01-10,EXCLUDE,Q2-04c7c3bf6c
26715430,21,2020-01-18,2020-01-18,EXCLUDE,Q2-04c7c3bf6c
26715430,21,2020-01-21,2020-01-21,EXCLUDE,Q2-04c7c3bf6c
26715430,21,2020-02-01,2020-02-01,EXCLUDE,Q2-04c7c3bf6c
26715430,21,2020-02-09,2020-02-09,EXCLUDE,Q2-04c7c3bf6c
26715430,21,2020-02-22,2020-02-22,EXCLUDE,Q2-04c7c3bf6c
26715430,21,2020-03-07,2020-03-07,EXCLUDE,Q2-04c7c3bf6c
26715430,21,2020-06-17,2020-06-17,EXCLUDE,Q2-04c7c3bf6c
26715430,21,2020-06-21,2020-06-21,EXCLUDE,Q2-04c7c3bf6c
26715430,21,2020-06-24,2020-06-24,EXCLUDE,Q2-04c7c3bf6c
26715430,21,2020-07-02,2020-07-02,EXCLUDE,Q2-04c7c3bf6c
26715430,21,2020-07-05,2020-07-05,EXCLUDE,Q2-04c7c3bf6c
26715430,21,2020-07-08,2020-07-08,EXCLUDE,Q2-04c7c3bf6c
26715430,21,2020-07-11,2020-07-11,EXCLUDE,Q2-04c7c3bf6c
26715430,21,2020-07-16,2020-07-16,EXCLUDE,Q2-04c7c3bf6c
26715430,21,2020-07-20,2020-07-20,EXCLUDE,Q2-04c7c3bf6c
26715430,21,2020-07-26,2020-07-26,EXCLUDE,Q2-04c7c3bf6c
900565817,11,2022-08-06,2022-08-06,EXCLUDE,Q2-9ce4e7a54f
900565817,11,2022-08-13,2022-08-13,EXCLUDE,Q2-9ce4e7a54f
900565817,11,2022-08-20,2022-08-20,EXCLUDE,Q2-9ce4e7a54f
900565817,11,2022-08-27,2022-08-27,EXCLUDE,Q2-9ce4e7a54f
900565817,11,2022-08-30,2022-08-30,EXCLUDE,Q2-9ce4e7a54f
900565817,11,2022-09-03,2022-09-03,EXCLUDE,Q2-9ce4e7a54f
900565817,11,2022-09-16,2022-09-16,EXCLUDE,Q2-9ce4e7a54f
900565817,11,2022-10-01,2022-10-01,EXCLUDE,Q2-9ce4e7a54f
900565817,11,2022-10-09,2022-10-09,EXCLUDE,Q2-9ce4e7a54f
900565817,11,2022-10-15,2022-10-15,EXCLUDE,Q2-9ce4e7a54f
900565817,11,2022-10-20,2022-10-20,EXCLUDE,Q2-9ce4e7a54f
900565817,11,2022-10-23,2022-10-23,EXCLUDE,Q2-9ce4e7a54f
900565817,11,2022-10-29,2022-10-29,EXCLUDE,Q2-9ce4e7a54f
900565817,11,2022-11-05,2022-11-05,EXCLUDE,Q2-9ce4e7a54f
900565817,11,2022-11-13,2022-11-13,EXCLUDE,Q2-9ce4e7a54f
900565817,11,2022-12-26,2022-12-26,EXCLUDE,Q2-9ce4e7a54f
900565817,11,2022-12-31,2022-12-31,EXCLUDE,Q2-9ce4e7a54f
900565817,11,2023-01-03,2023-01-03,EXCLUDE,Q2-9ce4e7a54f
900565817,11,2023-01-12,2023-01-12,EXCLUDE,Q2-9ce4e7a54f
900565817,11,2023-01-15,2023-01-15,EXCLUDE,Q2-9ce4e7a54f
900565817,11,2023-01-23,2023-01-23,EXCLUDE,Q2-9ce4e7a54f
900565817,11,2023-04-01,2023-04-01,EXCLUDE,Q2-9ce4e7a54f
900565817,11,2023-04-08,2023-04-08,EXCLUDE,Q2-9ce4e7a54f
900565817,11,2023-04-15,2023-04-15,EXCLUDE,Q2-9ce4e7a54f
900565817,11,2023-04-22,2023-04-22,EXCLUDE,Q2-9ce4e7a54f
900565817,11,2023-04-25,2023-04-25,EXCLUDE,Q2-9ce4e7a54f
900565817,11,2023-04-30,2023-04-30,EXCLUDE,Q2-9ce4e7a54f
900565817,11,2023-05-03,2023-05-03,EXCLUDE,Q2-9ce4e7a54f
900565817,11,2023-05-08,2023-05-08,EXCLUDE,Q2-9ce4e7a54f
900565817,11,2023-05-13,2023-05-13,EXCLUDE,Q2-9ce4e7a54f
900565817,11,2023-05-20,2023-05-20,EXCLUDE,Q2-9ce4e7a54f
900565817,11,2023-05-28,2023-05-28,EXCLUDE,Q2-9ce4e7a54f
900845717,1,2025-10-20,2025-10-20,EXCLUDE,Q2-0c8f70e293
900845717,1,2025-10-24,2025-10-24,EXCLUDE,Q2-0c8f70e293
900845717,1,2025-11-02,2025-11-02,EXCLUDE,Q2-0c8f70e293
900845717,1,2025-11-08,2025-11-08,EXCLUDE,Q2-0c8f70e293
900845717,1,2025-11-22,2025-11-22,EXCLUDE,Q2-0c8f70e293
900845717,1,2025-11-30,2025-11-30,EXCLUDE,Q2-0c8f70e293
900845717,1,2025-12-04,2025-12-04,EXCLUDE,Q2-0c8f70e293
900845717,1,2025-12-07,2025-12-07,EXCLUDE,Q2-0c8f70e293
900845717,1,2025-12-14,2025-12-14,EXCLUDE,Q2-0c8f70e293
900845717,1,2025-12-20,2025-12-20,EXCLUDE,Q2-0c8f70e293
900845717,1,2025-12-27,2025-12-27,EXCLUDE,Q2-0c8f70e293
900845717,1,2025-12-30,2025-12-30,EXCLUDE,Q2-0c8f70e293
900845717,1,2026-01-03,2026-01-03,EXCLUDE,Q2-0c8f70e293
900845717,1,2026-01-06,2026-01-06,EXCLUDE,Q2-0c8f70e293
900845717,1,2026-01-17,2026-01-17,EXCLUDE,Q2-0c8f70e293
900845717,1,2026-01-24,2026-01-24,EXCLUDE,Q2-0c8f70e293
900845717,1,2026-01-31,2026-01-31,EXCLUDE,Q2-0c8f70e293
900845717,1,2026-02-07,2026-02-07,EXCLUDE,Q2-0c8f70e293
900845717,1,2026-02-10,2026-02-10,EXCLUDE,Q2-0c8f70e293
900845717,1,2026-02-21,2026-02-21,EXCLUDE,Q2-0c8f70e293
900845717,1,2026-02-28,2026-02-28,EXCLUDE,Q2-0c8f70e293
900845717,1,2026-03-04,2026-03-04,EXCLUDE,Q2-0c8f70e293
900845717,1,2026-03-14,2026-03-14,EXCLUDE,Q2-0c8f70e293
900845717,1,2026-03-22,2026-03-22,EXCLUDE,Q2-0c8f70e293
900845717,1,2026-04-10,2026-04-10,EXCLUDE,Q2-0c8f70e293
900845717,1,2026-04-20,2026-04-20,EXCLUDE,Q2-0c8f70e293
900845717,1,2026-04-25,2026-04-25,EXCLUDE,Q2-0c8f70e293
900845717,1,2026-05-02,2026-05-02,EXCLUDE,Q2-0c8f70e293
900845717,1,2026-05-10,2026-05-10,EXCLUDE,Q2-0c8f70e293
900845717,1,2026-05-17,2026-05-17,EXCLUDE,Q2-0c8f70e293
900845717,1,2026-05-24,2026-05-24,EXCLUDE,Q2-0c8f70e293
32796077,9,2018-11-04,2018-11-04,EXCLUDE,Q2-76f48a469d
32796077,9,2018-11-11,2018-11-11,EXCLUDE,Q2-76f48a469d
32796077,9,2018-11-24,2018-11-24,EXCLUDE,Q2-76f48a469d
32796077,9,2018-12-01,2018-12-01,EXCLUDE,Q2-76f48a469d
32796077,9,2018-12-04,2018-12-04,EXCLUDE,Q2-76f48a469d
32796077,9,2018-12-08,2018-12-08,EXCLUDE,Q2-76f48a469d
32796077,9,2018-12-15,2018-12-15,EXCLUDE,Q2-76f48a469d
32796077,9,2018-12-22,2018-12-22,EXCLUDE,Q2-76f48a469d
32796077,9,2018-12-26,2018-12-26,EXCLUDE,Q2-76f48a469d
32796077,9,2018-12-30,2018-12-30,EXCLUDE,Q2-76f48a469d
32796077,9,2019-01-03,2019-01-03,EXCLUDE,Q2-76f48a469d
32796077,9,2019-01-14,2019-01-14,EXCLUDE,Q2-76f48a469d
32796077,9,2019-01-20,2019-01-20,EXCLUDE,Q2-76f48a469d
32796077,9,2019-01-29,2019-01-29,EXCLUDE,Q2-76f48a469d
32796077,9,2019-02-03,2019-02-03,EXCLUDE,Q2-76f48a469d
32796077,9,2019-02-06,2019-02-06,EXCLUDE,Q2-76f48a469d
32796077,9,2019-02-10,2019-02-10,EXCLUDE,Q2-76f48a469d
32796077,9,2019-02-27,2019-02-27,EXCLUDE,Q2-76f48a469d
32796077,9,2019-03-02,2019-03-02,EXCLUDE,Q2-76f48a469d
32796077,9,2019-03-09,2019-03-09,EXCLUDE,Q2-76f48a469d
32796077,9,2019-03-30,2019-03-30,EXCLUDE,Q2-76f48a469d
32796077,9,2019-04-03,2019-04-03,EXCLUDE,Q2-76f48a469d
32796077,9,2019-04-14,2019-04-14,EXCLUDE,Q2-76f48a469d
32796077,9,2019-04-20,2019-04-20,EXCLUDE,Q2-76f48a469d
32796077,9,2019-04-24,2019-04-24,EXCLUDE,Q2-76f48a469d
32796077,9,2019-04-28,2019-04-28,EXCLUDE,Q2-76f48a469d
32796077,9,2019-05-06,2019-05-06,EXCLUDE,Q2-76f48a469d
32796077,9,2019-05-12,2019-05-12,EXCLUDE,Q2-76f48a469d
37676786,19,2019-11-09,2019-11-09,EXCLUDE,Q2-bb60755392
37676786,19,2019-11-23,2019-11-23,EXCLUDE,Q2-bb60755392
37676786,19,2019-12-01,2019-12-01,EXCLUDE,Q2-bb60755392
37676786,19,2019-12-05,2019-12-05,EXCLUDE,Q2-bb60755392
37676786,19,2019-12-09,2019-12-09,EXCLUDE,Q2-bb60755392
37676786,19,2019-12-15,2019-12-15,EXCLUDE,Q2-bb60755392
37676786,19,2019-12-21,2019-12-21,EXCLUDE,Q2-bb60755392
37676786,19,2019-12-26,2019-12-26,EXCLUDE,Q2-bb60755392
37676786,19,2019-12-29,2019-12-29,EXCLUDE,Q2-bb60755392
37676786,19,2020-01-01,2020-01-01,EXCLUDE,Q2-bb60755392
37676786,19,2020-01-11,2020-01-11,EXCLUDE,Q2-bb60755392
37676786,19,2020-01-18,2020-01-18,EXCLUDE,Q2-bb60755392
37676786,19,2020-01-21,2020-01-21,EXCLUDE,Q2-bb60755392
37676786,19,2020-02-02,2020-02-02,EXCLUDE,Q2-bb60755392
37676786,19,2020-02-16,2020-02-16,EXCLUDE,Q2-bb60755392
37676786,19,2020-02-23,2020-02-23,EXCLUDE,Q2-bb60755392
37676786,19,2020-03-07,2020-03-07,EXCLUDE,Q2-bb60755392
37676786,19,2020-06-17,2020-06-17,EXCLUDE,Q2-bb60755392
37676786,19,2020-06-20,2020-06-20,EXCLUDE,Q2-bb60755392
37676786,19,2020-06-25,2020-06-25,EXCLUDE,Q2-bb60755392
37676786,19,2020-07-01,2020-07-01,EXCLUDE,Q2-bb60755392
37676786,19,2020-07-04,2020-07-04,EXCLUDE,Q2-bb60755392
37676786,19,2020-07-07,2020-07-07,EXCLUDE,Q2-bb60755392
37676786,19,2020-07-12,2020-07-12,EXCLUDE,Q2-bb60755392
37676786,19,2020-07-15,2020-07-15,EXCLUDE,Q2-bb60755392
37676786,19,2020-07-21,2020-07-21,EXCLUDE,Q2-bb60755392
37676786,19,2020-07-26,2020-07-26,EXCLUDE,Q2-bb60755392
900944140,8,2025-08-15,2025-08-15,EXCLUDE,Q2-aafd7b4a25
900944140,8,2025-08-25,2025-08-25,EXCLUDE,Q2-aafd7b4a25
900944140,8,2025-08-31,2025-08-31,EXCLUDE,Q2-aafd7b4a25
900944140,8,2025-09-14,2025-09-14,EXCLUDE,Q2-aafd7b4a25
900944140,8,2025-09-20,2025-09-20,EXCLUDE,Q2-aafd7b4a25
900944140,8,2025-09-27,2025-09-27,EXCLUDE,Q2-aafd7b4a25
900944140,8,2025-10-04,2025-10-04,EXCLUDE,Q2-aafd7b4a25
900944140,8,2025-10-19,2025-10-19,EXCLUDE,Q2-aafd7b4a25
900944140,8,2025-10-25,2025-10-25,EXCLUDE,Q2-aafd7b4a25
900944140,8,2025-11-01,2025-11-01,EXCLUDE,Q2-aafd7b4a25
900944140,8,2025-11-09,2025-11-09,EXCLUDE,Q2-aafd7b4a25
900944140,8,2025-11-22,2025-11-22,EXCLUDE,Q2-aafd7b4a25
900944140,8,2025-11-30,2025-11-30,EXCLUDE,Q2-aafd7b4a25
900944140,8,2025-12-03,2025-12-03,EXCLUDE,Q2-aafd7b4a25
900944140,8,2025-12-06,2025-12-06,EXCLUDE,Q2-aafd7b4a25
900944140,8,2025-12-13,2025-12-13,EXCLUDE,Q2-aafd7b4a25
900944140,8,2025-12-20,2025-12-20,EXCLUDE,Q2-aafd7b4a25
900944140,8,2025-12-27,2025-12-27,EXCLUDE,Q2-aafd7b4a25
900944140,8,2026-01-01,2026-01-01,EXCLUDE,Q2-aafd7b4a25
900944140,8,2026-01-04,2026-01-04,EXCLUDE,Q2-aafd7b4a25
900944140,8,2026-01-08,2026-01-08,EXCLUDE,Q2-aafd7b4a25
900944140,8,2026-01-17,2026-01-17,EXCLUDE,Q2-aafd7b4a25
900944140,8,2026-01-24,2026-01-24,EXCLUDE,Q2-aafd7b4a25
900944140,8,2026-01-31,2026-01-31,EXCLUDE,Q2-aafd7b4a25
900944140,8,2026-02-08,2026-02-08,EXCLUDE,Q2-aafd7b4a25
900944140,8,2026-02-11,2026-02-11,EXCLUDE,Q2-aafd7b4a25
900944140,8,2026-02-22,2026-02-22,EXCLUDE,Q2-aafd7b4a25
900392766,18,2020-12-12,2020-12-12,EXCLUDE,Q2-5e71b98d2f
900392766,18,2020-12-15,2020-12-15,EXCLUDE,Q2-5e71b98d2f
900392766,18,2020-12-21,2020-12-21,EXCLUDE,Q2-5e71b98d2f
900392766,18,2020-12-26,2020-12-26,EXCLUDE,Q2-5e71b98d2f
900392766,18,2020-12-28,2020-12-28,EXCLUDE,Q2-5e71b98d2f
900392766,18,2021-01-03,2021-01-03,EXCLUDE,Q2-5e71b98d2f
900392766,18,2021-01-16,2021-01-16,EXCLUDE,Q2-5e71b98d2f
900392766,18,2021-01-19,2021-01-19,EXCLUDE,Q2-5e71b98d2f
900392766,18,2021-01-27,2021-01-27,EXCLUDE,Q2-5e71b98d2f
900392766,18,2021-01-31,2021-01-31,EXCLUDE,Q2-5e71b98d2f
900392766,18,2021-02-04,2021-02-04,EXCLUDE,Q2-5e71b98d2f
900392766,18,2021-02-07,2021-02-07,EXCLUDE,Q2-5e71b98d2f
900392766,18,2021-02-15,2021-02-15,EXCLUDE,Q2-5e71b98d2f
900392766,18,2021-02-20,2021-02-20,EXCLUDE,Q2-5e71b98d2f
900392766,18,2021-02-28,2021-02-28,EXCLUDE,Q2-5e71b98d2f
900392766,18,2021-03-04,2021-03-04,EXCLUDE,Q2-5e71b98d2f
900392766,18,2021-03-08,2021-03-08,EXCLUDE,Q2-5e71b98d2f
900392766,18,2021-03-13,2021-03-13,EXCLUDE,Q2-5e71b98d2f
900392766,18,2021-04-03,2021-04-03,EXCLUDE,Q2-5e71b98d2f
900392766,18,2021-04-10,2021-04-10,EXCLUDE,Q2-5e71b98d2f
900392766,18,2021-04-20,2021-04-20,EXCLUDE,Q2-5e71b98d2f
900392766,18,2021-04-24,2021-04-24,EXCLUDE,Q2-5e71b98d2f
900392766,18,2021-05-01,2021-05-01,EXCLUDE,Q2-5e71b98d2f
900392766,18,2021-05-08,2021-05-08,EXCLUDE,Q2-5e71b98d2f
900392766,18,2021-05-12,2021-05-12,EXCLUDE,Q2-5e71b98d2f
900392766,18,2021-05-18,2021-05-18,EXCLUDE,Q2-5e71b98d2f
900392766,18,2021-05-23,2021-05-23,EXCLUDE,Q2-5e71b98d2f
37610431,236,2024-11-30,2024-11-30,EXCLUDE,Q2-91ac70426d
37610431,236,2024-12-04,2024-12-04,EXCLUDE,Q2-91ac70426d
37610431,236,2024-12-07,2024-12-07,EXCLUDE,Q2-91ac70426d
37610431,236,2024-12-15,2024-12-15,EXCLUDE,Q2-91ac70426d
37610431,236,2024-12-21,2024-12-21,EXCLUDE,Q2-91ac70426d
37610431,236,2024-12-27,2024-12-27,EXCLUDE,Q2-91ac70426d
37610431,236,2025-01-01,2025-01-01,EXCLUDE,Q2-91ac70426d
37610431,236,2025-01-04,2025-01-04,EXCLUDE,Q2-91ac70426d
37610431,236,2025-01-14,2025-01-14,EXCLUDE,Q2-91ac70426d
37610431,236,2025-01-18,2025-01-18,EXCLUDE,Q2-91ac70426d
37610431,236,2025-01-26,2025-01-26,EXCLUDE,Q2-91ac70426d
37610431,236,2025-02-02,2025-02-02,EXCLUDE,Q2-91ac70426d
37610431,236,2025-02-15,2025-02-15,EXCLUDE,Q2-91ac70426d
37610431,236,2025-02-21,2025-02-21,EXCLUDE,Q2-91ac70426d
37610431,236,2025-02-26,2025-02-26,EXCLUDE,Q2-91ac70426d
37610431,236,2025-03-08,2025-03-08,EXCLUDE,Q2-91ac70426d
37610431,236,2025-03-15,2025-03-15,EXCLUDE,Q2-91ac70426d
37610431,236,2025-04-02,2025-04-02,EXCLUDE,Q2-91ac70426d
37610431,236,2025-04-06,2025-04-06,EXCLUDE,Q2-91ac70426d
37610431,236,2025-04-12,2025-04-12,EXCLUDE,Q2-91ac70426d
37610431,236,2025-04-19,2025-04-19,EXCLUDE,Q2-91ac70426d
37610431,236,2025-05-01,2025-05-01,EXCLUDE,Q2-91ac70426d
37610431,236,2025-05-04,2025-05-04,EXCLUDE,Q2-91ac70426d
37610431,236,2025-05-10,2025-05-10,EXCLUDE,Q2-91ac70426d
37610431,236,2025-05-18,2025-05-18,EXCLUDE,Q2-91ac70426d
37610431,236,2025-05-25,2025-05-25,EXCLUDE,Q2-91ac70426d
900855282,63,2022-10-30,2022-10-30,EXCLUDE,Q2-6c5aee5165
900855282,63,2022-11-05,2022-11-05,EXCLUDE,Q2-6c5aee5165
900855282,63,2022-11-12,2022-11-12,EXCLUDE,Q2-6c5aee5165
900855282,63,2022-12-27,2022-12-27,EXCLUDE,Q2-6c5aee5165
900855282,63,2023-01-01,2023-01-01,EXCLUDE,Q2-6c5aee5165
900855282,63,2023-01-04,2023-01-04,EXCLUDE,Q2-6c5aee5165
900855282,63,2023-01-14,2023-01-14,EXCLUDE,Q2-6c5aee5165
900855282,63,2023-01-21,2023-01-21,EXCLUDE,Q2-6c5aee5165
900855282,63,2023-02-05,2023-02-05,EXCLUDE,Q2-6c5aee5165
900855282,63,2023-02-11,2023-02-11,EXCLUDE,Q2-6c5aee5165
900855282,63,2023-02-18,2023-02-18,EXCLUDE,Q2-6c5aee5165
900855282,63,2023-02-25,2023-02-25,EXCLUDE,Q2-6c5aee5165
900855282,63,2023-03-05,2023-03-05,EXCLUDE,Q2-6c5aee5165
900855282,63,2023-03-11,2023-03-11,EXCLUDE,Q2-6c5aee5165
900855282,63,2023-03-17,2023-03-17,EXCLUDE,Q2-6c5aee5165
900855282,63,2023-04-01,2023-04-01,EXCLUDE,Q2-6c5aee5165
900855282,63,2023-04-04,2023-04-04,EXCLUDE,Q2-6c5aee5165
900855282,63,2023-04-08,2023-04-08,EXCLUDE,Q2-6c5aee5165
900855282,63,2023-04-16,2023-04-16,EXCLUDE,Q2-6c5aee5165
900855282,63,2023-04-22,2023-04-22,EXCLUDE,Q2-6c5aee5165
900855282,63,2023-04-26,2023-04-26,EXCLUDE,Q2-6c5aee5165
900855282,63,2023-04-29,2023-04-29,EXCLUDE,Q2-6c5aee5165
900855282,63,2023-05-08,2023-05-08,EXCLUDE,Q2-6c5aee5165
900855282,63,2023-05-13,2023-05-13,EXCLUDE,Q2-6c5aee5165
900855282,63,2023-05-20,2023-05-20,EXCLUDE,Q2-6c5aee5165
900855282,63,2023-05-28,2023-05-28,EXCLUDE,Q2-6c5aee5165
900586981,19,2024-08-17,2024-08-17,EXCLUDE,Q2-19ed4dfa61
900586981,19,2024-08-24,2024-08-24,EXCLUDE,Q2-19ed4dfa61
900586981,19,2024-08-31,2024-08-31,EXCLUDE,Q2-19ed4dfa61
900586981,19,2024-09-15,2024-09-15,EXCLUDE,Q2-19ed4dfa61
900586981,19,2024-09-22,2024-09-22,EXCLUDE,Q2-19ed4dfa61
900586981,19,2024-09-28,2024-09-28,EXCLUDE,Q2-19ed4dfa61
900586981,19,2024-10-05,2024-10-05,EXCLUDE,Q2-19ed4dfa61
900586981,19,2024-10-19,2024-10-19,EXCLUDE,Q2-19ed4dfa61
900586981,19,2024-10-27,2024-10-27,EXCLUDE,Q2-19ed4dfa61
900586981,19,2024-11-02,2024-11-02,EXCLUDE,Q2-19ed4dfa61
900586981,19,2024-11-10,2024-11-10,EXCLUDE,Q2-19ed4dfa61
900586981,19,2024-11-23,2024-11-23,EXCLUDE,Q2-19ed4dfa61
900586981,19,2024-11-30,2024-11-30,EXCLUDE,Q2-19ed4dfa61
900586981,19,2024-12-04,2024-12-04,EXCLUDE,Q2-19ed4dfa61
900586981,19,2024-12-08,2024-12-08,EXCLUDE,Q2-19ed4dfa61
900586981,19,2024-12-14,2024-12-14,EXCLUDE,Q2-19ed4dfa61
900586981,19,2024-12-21,2024-12-21,EXCLUDE,Q2-19ed4dfa61
900586981,19,2024-12-27,2024-12-27,EXCLUDE,Q2-19ed4dfa61
900586981,19,2025-01-01,2025-01-01,EXCLUDE,Q2-19ed4dfa61
900586981,19,2025-01-04,2025-01-04,EXCLUDE,Q2-19ed4dfa61
900586981,19,2025-01-15,2025-01-15,EXCLUDE,Q2-19ed4dfa61
900586981,19,2025-01-18,2025-01-18,EXCLUDE,Q2-19ed4dfa61
900586981,19,2025-01-25,2025-01-25,EXCLUDE,Q2-19ed4dfa61
900586981,19,2025-02-02,2025-02-02,EXCLUDE,Q2-19ed4dfa61
900586981,19,2025-02-15,2025-02-15,EXCLUDE,Q2-19ed4dfa61
23661272,21,2019-08-10,2019-08-10,EXCLUDE,Q2-d0514ab03e
23661272,21,2019-08-18,2019-08-18,EXCLUDE,Q2-d0514ab03e
23661272,21,2019-08-24,2019-08-24,EXCLUDE,Q2-d0514ab03e
23661272,21,2019-08-31,2019-08-31,EXCLUDE,Q2-d0514ab03e
23661272,21,2019-09-14,2019-09-14,EXCLUDE,Q2-d0514ab03e
23661272,21,2019-09-21,2019-09-21,EXCLUDE,Q2-d0514ab03e
23661272,21,2019-09-28,2019-09-28,EXCLUDE,Q2-d0514ab03e
23661272,21,2019-10-05,2019-10-05,EXCLUDE,Q2-d0514ab03e
23661272,21,2019-10-21,2019-10-21,EXCLUDE,Q2-d0514ab03e
23661272,21,2019-10-26,2019-10-26,EXCLUDE,Q2-d0514ab03e
23661272,21,2019-11-02,2019-11-02,EXCLUDE,Q2-d0514ab03e
23661272,21,2019-11-09,2019-11-09,EXCLUDE,Q2-d0514ab03e
23661272,21,2019-11-24,2019-11-24,EXCLUDE,Q2-d0514ab03e
23661272,21,2019-12-01,2019-12-01,EXCLUDE,Q2-d0514ab03e
23661272,21,2019-12-05,2019-12-05,EXCLUDE,Q2-d0514ab03e
23661272,21,2019-12-08,2019-12-08,EXCLUDE,Q2-d0514ab03e
23661272,21,2019-12-14,2019-12-14,EXCLUDE,Q2-d0514ab03e
23661272,21,2019-12-21,2019-12-21,EXCLUDE,Q2-d0514ab03e
23661272,21,2019-12-26,2019-12-26,EXCLUDE,Q2-d0514ab03e
23661272,21,2019-12-29,2019-12-29,EXCLUDE,Q2-d0514ab03e
23661272,21,2020-01-02,2020-01-02,EXCLUDE,Q2-d0514ab03e
23661272,21,2020-01-10,2020-01-10,EXCLUDE,Q2-d0514ab03e
23661272,21,2020-01-18,2020-01-18,EXCLUDE,Q2-d0514ab03e
23661272,21,2020-01-21,2020-01-21,EXCLUDE,Q2-d0514ab03e
6482,29,2019-08-11,2019-08-11,EXCLUDE,Q2-d19526db99
6482,29,2019-08-19,2019-08-19,EXCLUDE,Q2-d19526db99
6482,29,2019-08-25,2019-08-25,EXCLUDE,Q2-d19526db99
6482,29,2019-09-01,2019-09-01,EXCLUDE,Q2-d19526db99
6482,29,2019-09-14,2019-09-14,EXCLUDE,Q2-d19526db99
6482,29,2019-09-22,2019-09-22,EXCLUDE,Q2-d19526db99
6482,29,2019-09-28,2019-09-28,EXCLUDE,Q2-d19526db99
6482,29,2019-10-06,2019-10-06,EXCLUDE,Q2-d19526db99
6482,29,2019-10-19,2019-10-19,EXCLUDE,Q2-d19526db99
6482,29,2019-10-27,2019-10-27,EXCLUDE,Q2-d19526db99
6482,29,2019-11-02,2019-11-02,EXCLUDE,Q2-d19526db99
6482,29,2019-11-10,2019-11-10,EXCLUDE,Q2-d19526db99
6482,29,2019-11-23,2019-11-23,EXCLUDE,Q2-d19526db99
6482,29,2019-12-01,2019-12-01,EXCLUDE,Q2-d19526db99
6482,29,2019-12-04,2019-12-04,EXCLUDE,Q2-d19526db99
6482,29,2019-12-08,2019-12-08,EXCLUDE,Q2-d19526db99
6482,29,2019-12-15,2019-12-15,EXCLUDE,Q2-d19526db99
6482,29,2019-12-21,2019-12-21,EXCLUDE,Q2-d19526db99
6482,29,2019-12-27,2019-12-27,EXCLUDE,Q2-d19526db99
6482,29,2019-12-29,2019-12-29,EXCLUDE,Q2-d19526db99
6482,29,2020-01-01,2020-01-01,EXCLUDE,Q2-d19526db99
6482,29,2020-01-11,2020-01-11,EXCLUDE,Q2-d19526db99
6482,29,2020-01-18,2020-01-18,EXCLUDE,Q2-d19526db99
6482,29,2020-01-23,2020-01-23,EXCLUDE,Q2-d19526db99
2846848,51,2019-08-10,2019-08-10,EXCLUDE,Q2-bae778d5ff
2846848,51,2019-08-18,2019-08-18,EXCLUDE,Q2-bae778d5ff
2846848,51,2019-08-24,2019-08-24,EXCLUDE,Q2-bae778d5ff
2846848,51,2019-08-31,2019-08-31,EXCLUDE,Q2-bae778d5ff
2846848,51,2019-09-14,2019-09-14,EXCLUDE,Q2-bae778d5ff
2846848,51,2019-09-22,2019-09-22,EXCLUDE,Q2-bae778d5ff
2846848,51,2019-09-28,2019-09-28,EXCLUDE,Q2-bae778d5ff
2846848,51,2019-10-05,2019-10-05,EXCLUDE,Q2-bae778d5ff
2846848,51,2019-10-19,2019-10-19,EXCLUDE,Q2-bae778d5ff
2846848,51,2019-10-27,2019-10-27,EXCLUDE,Q2-bae778d5ff
2846848,51,2019-11-03,2019-11-03,EXCLUDE,Q2-bae778d5ff
2846848,51,2019-11-09,2019-11-09,EXCLUDE,Q2-bae778d5ff
2846848,51,2019-11-23,2019-11-23,EXCLUDE,Q2-bae778d5ff
2846848,51,2019-11-30,2019-11-30,EXCLUDE,Q2-bae778d5ff
2846848,51,2019-12-03,2019-12-03,EXCLUDE,Q2-bae778d5ff
2846848,51,2019-12-07,2019-12-07,EXCLUDE,Q2-bae778d5ff
2846848,51,2019-12-16,2019-12-16,EXCLUDE,Q2-bae778d5ff
2846848,51,2019-12-21,2019-12-21,EXCLUDE,Q2-bae778d5ff
2846848,51,2019-12-26,2019-12-26,EXCLUDE,Q2-bae778d5ff
2846848,51,2019-12-28,2019-12-28,EXCLUDE,Q2-bae778d5ff
2846848,51,2020-01-01,2020-01-01,EXCLUDE,Q2-bae778d5ff
2846848,51,2020-01-11,2020-01-11,EXCLUDE,Q2-bae778d5ff
2846848,51,2020-01-18,2020-01-18,EXCLUDE,Q2-bae778d5ff
2846848,51,2020-01-21,2020-01-21,EXCLUDE,Q2-bae778d5ff
900242273,8,2018-08-12,2018-08-12,EXCLUDE,Q2-78658ebc75
900242273,8,2018-08-20,2018-08-20,EXCLUDE,Q2-78658ebc75
900242273,8,2018-08-25,2018-08-25,EXCLUDE,Q2-78658ebc75
900242273,8,2018-09-01,2018-09-01,EXCLUDE,Q2-78658ebc75
900242273,8,2018-09-15,2018-09-15,EXCLUDE,Q2-78658ebc75
900242273,8,2018-09-22,2018-09-22,EXCLUDE,Q2-78658ebc75
900242273,8,2018-09-29,2018-09-29,EXCLUDE,Q2-78658ebc75
900242273,8,2018-10-07,2018-10-07,EXCLUDE,Q2-78658ebc75
900242273,8,2018-10-20,2018-10-20,EXCLUDE,Q2-78658ebc75
900242273,8,2018-10-27,2018-10-27,EXCLUDE,Q2-78658ebc75
900242273,8,2018-11-03,2018-11-03,EXCLUDE,Q2-78658ebc75
900242273,8,2018-11-11,2018-11-11,EXCLUDE,Q2-78658ebc75
900242273,8,2018-11-24,2018-11-24,EXCLUDE,Q2-78658ebc75
900242273,8,2018-12-02,2018-12-02,EXCLUDE,Q2-78658ebc75
900242273,8,2018-12-05,2018-12-05,EXCLUDE,Q2-78658ebc75
900242273,8,2018-12-08,2018-12-08,EXCLUDE,Q2-78658ebc75
900242273,8,2018-12-16,2018-12-16,EXCLUDE,Q2-78658ebc75
900242273,8,2018-12-21,2018-12-21,EXCLUDE,Q2-78658ebc75
900242273,8,2018-12-26,2018-12-26,EXCLUDE,Q2-78658ebc75
900242273,8,2018-12-29,2018-12-29,EXCLUDE,Q2-78658ebc75
900242273,8,2019-01-03,2019-01-03,EXCLUDE,Q2-78658ebc75
900242273,8,2019-01-12,2019-01-12,EXCLUDE,Q2-78658ebc75
900242273,8,2019-01-19,2019-01-19,EXCLUDE,Q2-78658ebc75
900242273,8,2019-01-30,2019-01-30,EXCLUDE,Q2-78658ebc75
900925105,63,2024-08-17,2024-08-17,EXCLUDE,Q2-bf50420a78
900925105,63,2024-08-24,2024-08-24,EXCLUDE,Q2-bf50420a78
900925105,63,2024-08-31,2024-08-31,EXCLUDE,Q2-bf50420a78
900925105,63,2024-09-14,2024-09-14,EXCLUDE,Q2-bf50420a78
900925105,63,2024-09-22,2024-09-22,EXCLUDE,Q2-bf50420a78
900925105,63,2024-09-28,2024-09-28,EXCLUDE,Q2-bf50420a78
900925105,63,2024-10-06,2024-10-06,EXCLUDE,Q2-bf50420a78
900925105,63,2024-10-21,2024-10-21,EXCLUDE,Q2-bf50420a78
900925105,63,2024-10-25,2024-10-25,EXCLUDE,Q2-bf50420a78
900925105,63,2024-11-02,2024-11-02,EXCLUDE,Q2-bf50420a78
900925105,63,2024-11-10,2024-11-10,EXCLUDE,Q2-bf50420a78
900925105,63,2024-11-23,2024-11-23,EXCLUDE,Q2-bf50420a78
900925105,63,2024-11-30,2024-11-30,EXCLUDE,Q2-bf50420a78
900925105,63,2024-12-04,2024-12-04,EXCLUDE,Q2-bf50420a78
900925105,63,2024-12-07,2024-12-07,EXCLUDE,Q2-bf50420a78
900925105,63,2024-12-14,2024-12-14,EXCLUDE,Q2-bf50420a78
900925105,63,2024-12-21,2024-12-21,EXCLUDE,Q2-bf50420a78
900925105,63,2024-12-26,2024-12-26,EXCLUDE,Q2-bf50420a78
900925105,63,2024-12-29,2024-12-29,EXCLUDE,Q2-bf50420a78
900925105,63,2025-01-06,2025-01-06,EXCLUDE,Q2-bf50420a78
900925105,63,2025-01-14,2025-01-14,EXCLUDE,Q2-bf50420a78
900925105,63,2025-01-19,2025-01-19,EXCLUDE,Q2-bf50420a78
900925105,63,2025-01-25,2025-01-25,EXCLUDE,Q2-bf50420a78
900925105,63,2025-02-01,2025-02-01,EXCLUDE,Q2-bf50420a78
37649279,15,2021-01-01,2021-01-01,EXCLUDE,Q2-9f29b59b2f
37649279,15,2021-01-20,2021-01-20,EXCLUDE,Q2-9f29b59b2f
37649279,15,2021-01-23,2021-01-23,EXCLUDE,Q2-9f29b59b2f
37649279,15,2021-01-27,2021-01-27,EXCLUDE,Q2-9f29b59b2f
37649279,15,2021-01-30,2021-01-30,EXCLUDE,Q2-9f29b59b2f
37649279,15,2021-02-03,2021-02-03,EXCLUDE,Q2-9f29b59b2f
37649279,15,2021-02-06,2021-02-06,EXCLUDE,Q2-9f29b59b2f
37649279,15,2021-02-13,2021-02-13,EXCLUDE,Q2-9f29b59b2f
37649279,15,2021-02-21,2021-02-21,EXCLUDE,Q2-9f29b59b2f
37649279,15,2021-02-27,2021-02-27,EXCLUDE,Q2-9f29b59b2f
37649279,15,2021-03-03,2021-03-03,EXCLUDE,Q2-9f29b59b2f
37649279,15,2021-03-06,2021-03-06,EXCLUDE,Q2-9f29b59b2f
37649279,15,2021-03-12,2021-03-12,EXCLUDE,Q2-9f29b59b2f
37649279,15,2021-03-21,2021-03-21,EXCLUDE,Q2-9f29b59b2f
37649279,15,2021-04-04,2021-04-04,EXCLUDE,Q2-9f29b59b2f
37649279,15,2021-04-10,2021-04-10,EXCLUDE,Q2-9f29b59b2f
37649279,15,2021-04-21,2021-04-21,EXCLUDE,Q2-9f29b59b2f
37649279,15,2021-04-25,2021-04-25,EXCLUDE,Q2-9f29b59b2f
37649279,15,2021-05-01,2021-05-01,EXCLUDE,Q2-9f29b59b2f
37649279,15,2021-05-09,2021-05-09,EXCLUDE,Q2-9f29b59b2f
37649279,15,2021-05-13,2021-05-13,EXCLUDE,Q2-9f29b59b2f
37649279,15,2021-05-16,2021-05-16,EXCLUDE,Q2-9f29b59b2f
37649279,15,2021-05-19,2021-05-19,EXCLUDE,Q2-9f29b59b2f
37649279,15,2021-05-23,2021-05-23,EXCLUDE,Q2-9f29b59b2f
900925093,63,2025-08-17,2025-08-17,EXCLUDE,Q2-4d2db6bf5f
900925093,63,2025-08-24,2025-08-24,EXCLUDE,Q2-4d2db6bf5f
900925093,63,2025-08-31,2025-08-31,EXCLUDE,Q2-4d2db6bf5f
900925093,63,2025-09-13,2025-09-13,EXCLUDE,Q2-4d2db6bf5f
900925093,63,2025-09-20,2025-09-20,EXCLUDE,Q2-4d2db6bf5f
900925093,63,2025-09-27,2025-09-27,EXCLUDE,Q2-4d2db6bf5f
900925093,63,2025-10-05,2025-10-05,EXCLUDE,Q2-4d2db6bf5f
900925093,63,2025-10-18,2025-10-18,EXCLUDE,Q2-4d2db6bf5f
900925093,63,2025-10-26,2025-10-26,EXCLUDE,Q2-4d2db6bf5f
900925093,63,2025-11-01,2025-11-01,EXCLUDE,Q2-4d2db6bf5f
900925093,63,2025-11-09,2025-11-09,EXCLUDE,Q2-4d2db6bf5f
900925093,63,2025-11-22,2025-11-22,EXCLUDE,Q2-4d2db6bf5f
900925093,63,2025-11-30,2025-11-30,EXCLUDE,Q2-4d2db6bf5f
900925093,63,2025-12-03,2025-12-03,EXCLUDE,Q2-4d2db6bf5f
900925093,63,2025-12-06,2025-12-06,EXCLUDE,Q2-4d2db6bf5f
900925093,63,2025-12-14,2025-12-14,EXCLUDE,Q2-4d2db6bf5f
900925093,63,2025-12-22,2025-12-22,EXCLUDE,Q2-4d2db6bf5f
900925093,63,2025-12-27,2025-12-27,EXCLUDE,Q2-4d2db6bf5f
900925093,63,2025-12-30,2025-12-30,EXCLUDE,Q2-4d2db6bf5f
900925093,63,2026-01-03,2026-01-03,EXCLUDE,Q2-4d2db6bf5f
900925093,63,2026-01-06,2026-01-06,EXCLUDE,Q2-4d2db6bf5f
900925093,63,2026-01-17,2026-01-17,EXCLUDE,Q2-4d2db6bf5f
900925093,63,2026-01-25,2026-01-25,EXCLUDE,Q2-4d2db6bf5f
163516,29,2023-08-14,2023-08-14,EXCLUDE,Q2-8de36574ae
163516,29,2023-08-19,2023-08-19,EXCLUDE,Q2-8de36574ae
163516,29,2023-08-26,2023-08-26,EXCLUDE,Q2-8de36574ae
163516,29,2023-09-03,2023-09-03,EXCLUDE,Q2-8de36574ae
163516,29,2023-09-16,2023-09-16,EXCLUDE,Q2-8de36574ae
163516,29,2023-09-23,2023-09-23,EXCLUDE,Q2-8de36574ae
163516,29,2023-09-30,2023-09-30,EXCLUDE,Q2-8de36574ae
163516,29,2023-10-08,2023-10-08,EXCLUDE,Q2-8de36574ae
163516,29,2023-10-21,2023-10-21,EXCLUDE,Q2-8de36574ae
163516,29,2023-10-28,2023-10-28,EXCLUDE,Q2-8de36574ae
163516,29,2023-11-04,2023-11-04,EXCLUDE,Q2-8de36574ae
163516,29,2023-11-11,2023-11-11,EXCLUDE,Q2-8de36574ae
163516,29,2023-11-27,2023-11-27,EXCLUDE,Q2-8de36574ae
163516,29,2023-12-02,2023-12-02,EXCLUDE,Q2-8de36574ae
163516,29,2023-12-05,2023-12-05,EXCLUDE,Q2-8de36574ae
163516,29,2023-12-09,2023-12-09,EXCLUDE,Q2-8de36574ae
163516,29,2023-12-17,2023-12-17,EXCLUDE,Q2-8de36574ae
163516,29,2023-12-24,2023-12-24,EXCLUDE,Q2-8de36574ae
163516,29,2023-12-27,2023-12-27,EXCLUDE,Q2-8de36574ae
163516,29,2023-12-30,2023-12-30,EXCLUDE,Q2-8de36574ae
163516,29,2024-01-22,2024-01-22,EXCLUDE,Q2-8de36574ae
163516,29,2024-02-01,2024-02-01,EXCLUDE,Q2-8de36574ae
163516,29,2024-02-04,2024-02-04,EXCLUDE,Q2-8de36574ae
26715427,9,2021-01-13,2021-01-13,EXCLUDE,Q2-501b4e810c
26715427,9,2021-01-17,2021-01-17,EXCLUDE,Q2-501b4e810c
26715427,9,2021-01-20,2021-01-20,EXCLUDE,Q2-501b4e810c
26715427,9,2021-01-26,2021-01-26,EXCLUDE,Q2-501b4e810c
26715427,9,2021-01-30,2021-01-30,EXCLUDE,Q2-501b4e810c
26715427,9,2021-02-03,2021-02-03,EXCLUDE,Q2-501b4e810c
26715427,9,2021-02-07,2021-02-07,EXCLUDE,Q2-501b4e810c
26715427,9,2021-02-13,2021-02-13,EXCLUDE,Q2-501b4e810c
26715427,9,2021-02-17,2021-02-17,EXCLUDE,Q2-501b4e810c
26715427,9,2021-02-21,2021-02-21,EXCLUDE,Q2-501b4e810c
26715427,9,2021-02-27,2021-02-27,EXCLUDE,Q2-501b4e810c
26715427,9,2021-03-02,2021-03-02,EXCLUDE,Q2-501b4e810c
26715427,9,2021-03-07,2021-03-07,EXCLUDE,Q2-501b4e810c
26715427,9,2021-03-10,2021-03-10,EXCLUDE,Q2-501b4e810c
26715427,9,2021-03-13,2021-03-13,EXCLUDE,Q2-501b4e810c
26715427,9,2021-04-03,2021-04-03,EXCLUDE,Q2-501b4e810c
26715427,9,2021-04-10,2021-04-10,EXCLUDE,Q2-501b4e810c
26715427,9,2021-04-21,2021-04-21,EXCLUDE,Q2-501b4e810c
26715427,9,2021-05-01,2021-05-01,EXCLUDE,Q2-501b4e810c
26715427,9,2021-05-08,2021-05-08,EXCLUDE,Q2-501b4e810c
26715427,9,2021-05-14,2021-05-14,EXCLUDE,Q2-501b4e810c
26715427,9,2021-05-18,2021-05-18,EXCLUDE,Q2-501b4e810c
26715427,9,2021-05-23,2021-05-23,EXCLUDE,Q2-501b4e810c
900408562,11,2021-01-13,2021-01-13,EXCLUDE,Q2-2f581a1307
900408562,11,2021-01-16,2021-01-16,EXCLUDE,Q2-2f581a1307
900408562,11,2021-01-20,2021-01-20,EXCLUDE,Q2-2f581a1307
900408562,11,2021-01-27,2021-01-27,EXCLUDE,Q2-2f581a1307
900408562,11,2021-01-30,2021-01-30,EXCLUDE,Q2-2f581a1307
900408562,11,2021-02-03,2021-02-03,EXCLUDE,Q2-2f581a1307
900408562,11,2021-02-06,2021-02-06,EXCLUDE,Q2-2f581a1307
900408562,11,2021-02-14,2021-02-14,EXCLUDE,Q2-2f581a1307
900408562,11,2021-02-17,2021-02-17,EXCLUDE,Q2-2f581a1307
900408562,11,2021-02-20,2021-02-20,EXCLUDE,Q2-2f581a1307
900408562,11,2021-02-28,2021-02-28,EXCLUDE,Q2-2f581a1307
900408562,11,2021-03-04,2021-03-04,EXCLUDE,Q2-2f581a1307
900408562,11,2021-03-07,2021-03-07,EXCLUDE,Q2-2f581a1307
900408562,11,2021-03-13,2021-03-13,EXCLUDE,Q2-2f581a1307
900408562,11,2021-03-19,2021-03-19,EXCLUDE,Q2-2f581a1307
900408562,11,2021-04-04,2021-04-04,EXCLUDE,Q2-2f581a1307
900408562,11,2021-04-09,2021-04-09,EXCLUDE,Q2-2f581a1307
900408562,11,2021-04-18,2021-04-18,EXCLUDE,Q2-2f581a1307
900408562,11,2021-05-01,2021-05-01,EXCLUDE,Q2-2f581a1307
900408562,11,2021-05-10,2021-05-10,EXCLUDE,Q2-2f581a1307
900408562,11,2021-05-15,2021-05-15,EXCLUDE,Q2-2f581a1307
900408562,11,2021-05-18,2021-05-18,EXCLUDE,Q2-2f581a1307
900408562,11,2021-05-23,2021-05-23,EXCLUDE,Q2-2f581a1307
900698097,15,2023-01-01,2023-01-01,EXCLUDE,Q2-2046c3960d
900698097,15,2023-01-04,2023-01-04,EXCLUDE,Q2-2046c3960d
900698097,15,2023-01-13,2023-01-13,EXCLUDE,Q2-2046c3960d
900698097,15,2023-01-21,2023-01-21,EXCLUDE,Q2-2046c3960d
900698097,15,2023-02-04,2023-02-04,EXCLUDE,Q2-2046c3960d
900698097,15,2023-02-12,2023-02-12,EXCLUDE,Q2-2046c3960d
900698097,15,2023-02-18,2023-02-18,EXCLUDE,Q2-2046c3960d
900698097,15,2023-02-25,2023-02-25,EXCLUDE,Q2-2046c3960d
900698097,15,2023-03-04,2023-03-04,EXCLUDE,Q2-2046c3960d
900698097,15,2023-03-12,2023-03-12,EXCLUDE,Q2-2046c3960d
900698097,15,2023-03-18,2023-03-18,EXCLUDE,Q2-2046c3960d
900698097,15,2023-04-01,2023-04-01,EXCLUDE,Q2-2046c3960d
900698097,15,2023-04-04,2023-04-04,EXCLUDE,Q2-2046c3960d
900698097,15,2023-04-08,2023-04-08,EXCLUDE,Q2-2046c3960d
900698097,15,2023-04-15,2023-04-15,EXCLUDE,Q2-2046c3960d
900698097,15,2023-04-22,2023-04-22,EXCLUDE,Q2-2046c3960d
900698097,15,2023-04-25,2023-04-25,EXCLUDE,Q2-2046c3960d
900698097,15,2023-04-30,2023-04-30,EXCLUDE,Q2-2046c3960d
900698097,15,2023-05-06,2023-05-06,EXCLUDE,Q2-2046c3960d
900698097,15,2023-05-13,2023-05-13,EXCLUDE,Q2-2046c3960d
900698097,15,2023-05-20,2023-05-20,EXCLUDE,Q2-2046c3960d
900698097,15,2023-05-28,2023-05-28,EXCLUDE,Q2-2046c3960d
900344579,8,2021-01-04,2021-01-04,EXCLUDE,Q2-78e293e96a
900344579,8,2021-01-17,2021-01-17,EXCLUDE,Q2-78e293e96a
900344579,8,2021-01-21,2021-01-21,EXCLUDE,Q2-78e293e96a
900344579,8,2021-01-28,2021-01-28,EXCLUDE,Q2-78e293e96a
900344579,8,2021-01-31,2021-01-31,EXCLUDE,Q2-78e293e96a
900344579,8,2021-02-03,2021-02-03,EXCLUDE,Q2-78e293e96a
900344579,8,2021-02-07,2021-02-07,EXCLUDE,Q2-78e293e96a
900344579,8,2021-02-13,2021-02-13,EXCLUDE,Q2-78e293e96a
900344579,8,2021-02-20,2021-02-20,EXCLUDE,Q2-78e293e96a
900344579,8,2021-02-28,2021-02-28,EXCLUDE,Q2-78e293e96a
900344579,8,2021-03-04,2021-03-04,EXCLUDE,Q2-78e293e96a
900344579,8,2021-03-07,2021-03-07,EXCLUDE,Q2-78e293e96a
900344579,8,2021-03-15,2021-03-15,EXCLUDE,Q2-78e293e96a
900344579,8,2021-04-03,2021-04-03,EXCLUDE,Q2-78e293e96a
900344579,8,2021-04-10,2021-04-10,EXCLUDE,Q2-78e293e96a
900344579,8,2021-04-19,2021-04-19,EXCLUDE,Q2-78e293e96a
900344579,8,2021-04-24,2021-04-24,EXCLUDE,Q2-78e293e96a
900344579,8,2021-05-08,2021-05-08,EXCLUDE,Q2-78e293e96a
900344579,8,2021-05-13,2021-05-13,EXCLUDE,Q2-78e293e96a
900344579,8,2021-05-16,2021-05-16,EXCLUDE,Q2-78e293e96a
900344579,8,2021-05-19,2021-05-19,EXCLUDE,Q2-78e293e96a
900344579,8,2021-05-23,2021-05-23,EXCLUDE,Q2-78e293e96a
900554250,8,2021-01-04,2021-01-04,EXCLUDE,Q2-99594d142f
900554250,8,2021-01-17,2021-01-17,EXCLUDE,Q2-99594d142f
900554250,8,2021-01-21,2021-01-21,EXCLUDE,Q2-99594d142f
900554250,8,2021-01-28,2021-01-28,EXCLUDE,Q2-99594d142f
900554250,8,2021-01-31,2021-01-31,EXCLUDE,Q2-99594d142f
900554250,8,2021-02-03,2021-02-03,EXCLUDE,Q2-99594d142f
900554250,8,2021-02-07,2021-02-07,EXCLUDE,Q2-99594d142f
900554250,8,2021-02-13,2021-02-13,EXCLUDE,Q2-99594d142f
900554250,8,2021-02-20,2021-02-20,EXCLUDE,Q2-99594d142f
900554250,8,2021-02-28,2021-02-28,EXCLUDE,Q2-99594d142f
900554250,8,2021-03-04,2021-03-04,EXCLUDE,Q2-99594d142f
900554250,8,2021-03-07,2021-03-07,EXCLUDE,Q2-99594d142f
900554250,8,2021-03-15,2021-03-15,EXCLUDE,Q2-99594d142f
900554250,8,2021-04-03,2021-04-03,EXCLUDE,Q2-99594d142f
900554250,8,2021-04-10,2021-04-10,EXCLUDE,Q2-99594d142f
900554250,8,2021-04-19,2021-04-19,EXCLUDE,Q2-99594d142f
900554250,8,2021-04-24,2021-04-24,EXCLUDE,Q2-99594d142f
900554250,8,2021-05-08,2021-05-08,EXCLUDE,Q2-99594d142f
900554250,8,2021-05-13,2021-05-13,EXCLUDE,Q2-99594d142f
900554250,8,2021-05-16,2021-05-16,EXCLUDE,Q2-99594d142f
900554250,8,2021-05-19,2021-05-19,EXCLUDE,Q2-99594d142f
900554250,8,2021-05-23,2021-05-23,EXCLUDE,Q2-99594d142f
37565677,8,2021-01-04,2021-01-04,EXCLUDE,Q2-2afa17c6e6
37565677,8,2021-01-17,2021-01-17,EXCLUDE,Q2-2afa17c6e6
37565677,8,2021-01-21,2021-01-21,EXCLUDE,Q2-2afa17c6e6
37565677,8,2021-01-28,2021-01-28,EXCLUDE,Q2-2afa17c6e6
37565677,8,2021-01-31,2021-01-31,EXCLUDE,Q2-2afa17c6e6
37565677,8,2021-02-03,2021-02-03,EXCLUDE,Q2-2afa17c6e6
37565677,8,2021-02-07,2021-02-07,EXCLUDE,Q2-2afa17c6e6
37565677,8,2021-02-13,2021-02-13,EXCLUDE,Q2-2afa17c6e6
37565677,8,2021-02-20,2021-02-20,EXCLUDE,Q2-2afa17c6e6
37565677,8,2021-02-28,2021-02-28,EXCLUDE,Q2-2afa17c6e6
37565677,8,2021-03-04,2021-03-04,EXCLUDE,Q2-2afa17c6e6
37565677,8,2021-03-07,2021-03-07,EXCLUDE,Q2-2afa17c6e6
37565677,8,2021-03-15,2021-03-15,EXCLUDE,Q2-2afa17c6e6
37565677,8,2021-04-03,2021-04-03,EXCLUDE,Q2-2afa17c6e6
37565677,8,2021-04-10,2021-04-10,EXCLUDE,Q2-2afa17c6e6
37565677,8,2021-04-19,2021-04-19,EXCLUDE,Q2-2afa17c6e6
37565677,8,2021-04-24,2021-04-24,EXCLUDE,Q2-2afa17c6e6
37565677,8,2021-05-08,2021-05-08,EXCLUDE,Q2-2afa17c6e6
37565677,8,2021-05-13,2021-05-13,EXCLUDE,Q2-2afa17c6e6
37565677,8,2021-05-16,2021-05-16,EXCLUDE,Q2-2afa17c6e6
37565677,8,2021-05-19,2021-05-19,EXCLUDE,Q2-2afa17c6e6
37565677,8,2021-05-23,2021-05-23,EXCLUDE,Q2-2afa17c6e6
900406636,10,2021-01-02,2021-01-02,EXCLUDE,Q2-7e8d4924b9
900406636,10,2021-01-16,2021-01-16,EXCLUDE,Q2-7e8d4924b9
900406636,10,2021-01-19,2021-01-19,EXCLUDE,Q2-7e8d4924b9
900406636,10,2021-01-26,2021-01-26,EXCLUDE,Q2-7e8d4924b9
900406636,10,2021-01-30,2021-01-30,EXCLUDE,Q2-7e8d4924b9
900406636,10,2021-02-02,2021-02-02,EXCLUDE,Q2-7e8d4924b9
900406636,10,2021-02-07,2021-02-07,EXCLUDE,Q2-7e8d4924b9
900406636,10,2021-02-14,2021-02-14,EXCLUDE,Q2-7e8d4924b9
900406636,10,2021-02-20,2021-02-20,EXCLUDE,Q2-7e8d4924b9
900406636,10,2021-02-27,2021-02-27,EXCLUDE,Q2-7e8d4924b9
900406636,10,2021-03-04,2021-03-04,EXCLUDE,Q2-7e8d4924b9
900406636,10,2021-03-07,2021-03-07,EXCLUDE,Q2-7e8d4924b9
900406636,10,2021-03-13,2021-03-13,EXCLUDE,Q2-7e8d4924b9
900406636,10,2021-04-03,2021-04-03,EXCLUDE,Q2-7e8d4924b9
900406636,10,2021-04-12,2021-04-12,EXCLUDE,Q2-7e8d4924b9
900406636,10,2021-04-22,2021-04-22,EXCLUDE,Q2-7e8d4924b9
900406636,10,2021-04-25,2021-04-25,EXCLUDE,Q2-7e8d4924b9
900406636,10,2021-05-03,2021-05-03,EXCLUDE,Q2-7e8d4924b9
900406636,10,2021-05-09,2021-05-09,EXCLUDE,Q2-7e8d4924b9
900406636,10,2021-05-16,2021-05-16,EXCLUDE,Q2-7e8d4924b9
900406636,10,2021-05-19,2021-05-19,EXCLUDE,Q2-7e8d4924b9
900406636,10,2021-05-23,2021-05-23,EXCLUDE,Q2-7e8d4924b9
12759176,14,2021-01-12,2021-01-12,EXCLUDE,Q2-45c9b55bea
12759176,14,2021-01-17,2021-01-17,EXCLUDE,Q2-45c9b55bea
12759176,14,2021-01-20,2021-01-20,EXCLUDE,Q2-45c9b55bea
12759176,14,2021-01-27,2021-01-27,EXCLUDE,Q2-45c9b55bea
12759176,14,2021-01-30,2021-01-30,EXCLUDE,Q2-45c9b55bea
12759176,14,2021-02-02,2021-02-02,EXCLUDE,Q2-45c9b55bea
12759176,14,2021-02-06,2021-02-06,EXCLUDE,Q2-45c9b55bea
12759176,14,2021-02-14,2021-02-14,EXCLUDE,Q2-45c9b55bea
12759176,14,2021-02-21,2021-02-21,EXCLUDE,Q2-45c9b55bea
12759176,14,2021-02-28,2021-02-28,EXCLUDE,Q2-45c9b55bea
12759176,14,2021-03-03,2021-03-03,EXCLUDE,Q2-45c9b55bea
12759176,14,2021-03-07,2021-03-07,EXCLUDE,Q2-45c9b55bea
12759176,14,2021-03-14,2021-03-14,EXCLUDE,Q2-45c9b55bea
12759176,14,2021-04-04,2021-04-04,EXCLUDE,Q2-45c9b55bea
12759176,14,2021-04-11,2021-04-11,EXCLUDE,Q2-45c9b55bea
12759176,14,2021-04-18,2021-04-18,EXCLUDE,Q2-45c9b55bea
12759176,14,2021-04-25,2021-04-25,EXCLUDE,Q2-45c9b55bea
12759176,14,2021-05-09,2021-05-09,EXCLUDE,Q2-45c9b55bea
12759176,14,2021-05-11,2021-05-11,EXCLUDE,Q2-45c9b55bea
12759176,14,2021-05-13,2021-05-13,EXCLUDE,Q2-45c9b55bea
12759176,14,2021-05-18,2021-05-18,EXCLUDE,Q2-45c9b55bea
12759176,14,2021-05-23,2021-05-23,EXCLUDE,Q2-45c9b55bea
900511964,29,2021-01-02,2021-01-02,EXCLUDE,Q2-70d4352473
900511964,29,2021-01-12,2021-01-12,EXCLUDE,Q2-70d4352473
900511964,29,2021-01-16,2021-01-16,EXCLUDE,Q2-70d4352473
900511964,29,2021-01-27,2021-01-27,EXCLUDE,Q2-70d4352473
900511964,29,2021-01-30,2021-01-30,EXCLUDE,Q2-70d4352473
900511964,29,2021-02-02,2021-02-02,EXCLUDE,Q2-70d4352473
900511964,29,2021-02-07,2021-02-07,EXCLUDE,Q2-70d4352473
900511964,29,2021-02-14,2021-02-14,EXCLUDE,Q2-70d4352473
900511964,29,2021-02-19,2021-02-19,EXCLUDE,Q2-70d4352473
900511964,29,2021-02-27,2021-02-27,EXCLUDE,Q2-70d4352473
900511964,29,2021-03-02,2021-03-02,EXCLUDE,Q2-70d4352473
900511964,29,2021-03-06,2021-03-06,EXCLUDE,Q2-70d4352473
900511964,29,2021-03-15,2021-03-15,EXCLUDE,Q2-70d4352473
900511964,29,2021-04-05,2021-04-05,EXCLUDE,Q2-70d4352473
900511964,29,2021-04-09,2021-04-09,EXCLUDE,Q2-70d4352473
900511964,29,2021-04-17,2021-04-17,EXCLUDE,Q2-70d4352473
900511964,29,2021-04-25,2021-04-25,EXCLUDE,Q2-70d4352473
900511964,29,2021-05-03,2021-05-03,EXCLUDE,Q2-70d4352473
900511964,29,2021-05-09,2021-05-09,EXCLUDE,Q2-70d4352473
900511964,29,2021-05-16,2021-05-16,EXCLUDE,Q2-70d4352473
900511964,29,2021-05-19,2021-05-19,EXCLUDE,Q2-70d4352473
900511964,29,2021-05-23,2021-05-23,EXCLUDE,Q2-70d4352473
900920005,51,2021-01-02,2021-01-02,EXCLUDE,Q2-52498d3a07
900920005,51,2021-01-14,2021-01-14,EXCLUDE,Q2-52498d3a07
900920005,51,2021-01-17,2021-01-17,EXCLUDE,Q2-52498d3a07
900920005,51,2021-01-26,2021-01-26,EXCLUDE,Q2-52498d3a07
900920005,51,2021-01-30,2021-01-30,EXCLUDE,Q2-52498d3a07
900920005,51,2021-02-02,2021-02-02,EXCLUDE,Q2-52498d3a07
900920005,51,2021-02-08,2021-02-08,EXCLUDE,Q2-52498d3a07
900920005,51,2021-02-13,2021-02-13,EXCLUDE,Q2-52498d3a07
900920005,51,2021-02-22,2021-02-22,EXCLUDE,Q2-52498d3a07
900920005,51,2021-02-28,2021-02-28,EXCLUDE,Q2-52498d3a07
900920005,51,2021-03-03,2021-03-03,EXCLUDE,Q2-52498d3a07
900920005,51,2021-03-07,2021-03-07,EXCLUDE,Q2-52498d3a07
900920005,51,2021-03-13,2021-03-13,EXCLUDE,Q2-52498d3a07
900920005,51,2021-04-05,2021-04-05,EXCLUDE,Q2-52498d3a07
900920005,51,2021-04-10,2021-04-10,EXCLUDE,Q2-52498d3a07
900920005,51,2021-04-26,2021-04-26,EXCLUDE,Q2-52498d3a07
900920005,51,2021-05-01,2021-05-01,EXCLUDE,Q2-52498d3a07
900920005,51,2021-05-08,2021-05-08,EXCLUDE,Q2-52498d3a07
900920005,51,2021-05-11,2021-05-11,EXCLUDE,Q2-52498d3a07
900920005,51,2021-05-16,2021-05-16,EXCLUDE,Q2-52498d3a07
900920005,51,2021-05-19,2021-05-19,EXCLUDE,Q2-52498d3a07
900920005,51,2021-05-23,2021-05-23,EXCLUDE,Q2-52498d3a07
37518832,27,2018-12-22,2018-12-22,EXCLUDE,Q2-ecf5b36b12
37518832,27,2018-12-26,2018-12-26,EXCLUDE,Q2-ecf5b36b12
37518832,27,2018-12-30,2018-12-30,EXCLUDE,Q2-ecf5b36b12
37518832,27,2019-01-02,2019-01-02,EXCLUDE,Q2-ecf5b36b12
37518832,27,2019-01-12,2019-01-12,EXCLUDE,Q2-ecf5b36b12
37518832,27,2019-01-19,2019-01-19,EXCLUDE,Q2-ecf5b36b12
37518832,27,2019-01-29,2019-01-29,EXCLUDE,Q2-ecf5b36b12
37518832,27,2019-02-02,2019-02-02,EXCLUDE,Q2-ecf5b36b12
37518832,27,2019-02-09,2019-02-09,EXCLUDE,Q2-ecf5b36b12
37518832,27,2019-02-23,2019-02-23,EXCLUDE,Q2-ecf5b36b12
37518832,27,2019-02-26,2019-02-26,EXCLUDE,Q2-ecf5b36b12
37518832,27,2019-03-02,2019-03-02,EXCLUDE,Q2-ecf5b36b12
37518832,27,2019-03-10,2019-03-10,EXCLUDE,Q2-ecf5b36b12
37518832,27,2019-03-16,2019-03-16,EXCLUDE,Q2-ecf5b36b12
37518832,27,2019-03-30,2019-03-30,EXCLUDE,Q2-ecf5b36b12
37518832,27,2019-04-06,2019-04-06,EXCLUDE,Q2-ecf5b36b12
37518832,27,2019-04-13,2019-04-13,EXCLUDE,Q2-ecf5b36b12
37518832,27,2019-04-22,2019-04-22,EXCLUDE,Q2-ecf5b36b12
37518832,27,2019-04-28,2019-04-28,EXCLUDE,Q2-ecf5b36b12
37518832,27,2019-05-03,2019-05-03,EXCLUDE,Q2-ecf5b36b12
37518832,27,2019-05-12,2019-05-12,EXCLUDE,Q2-ecf5b36b12
900610786,11,2023-08-12,2023-08-12,EXCLUDE,Q2-0eb7930d40
900610786,11,2023-08-19,2023-08-19,EXCLUDE,Q2-0eb7930d40
900610786,11,2023-08-26,2023-08-26,EXCLUDE,Q2-0eb7930d40
900610786,11,2023-09-02,2023-09-02,EXCLUDE,Q2-0eb7930d40
900610786,11,2023-09-16,2023-09-16,EXCLUDE,Q2-0eb7930d40
900610786,11,2023-09-23,2023-09-23,EXCLUDE,Q2-0eb7930d40
900610786,11,2023-10-02,2023-10-02,EXCLUDE,Q2-0eb7930d40
900610786,11,2023-10-07,2023-10-07,EXCLUDE,Q2-0eb7930d40
900610786,11,2023-10-23,2023-10-23,EXCLUDE,Q2-0eb7930d40
900610786,11,2023-10-29,2023-10-29,EXCLUDE,Q2-0eb7930d40
900610786,11,2023-11-04,2023-11-04,EXCLUDE,Q2-0eb7930d40
900610786,11,2023-11-12,2023-11-12,EXCLUDE,Q2-0eb7930d40
900610786,11,2023-11-27,2023-11-27,EXCLUDE,Q2-0eb7930d40
900610786,11,2023-12-03,2023-12-03,EXCLUDE,Q2-0eb7930d40
900610786,11,2023-12-06,2023-12-06,EXCLUDE,Q2-0eb7930d40
900610786,11,2023-12-10,2023-12-10,EXCLUDE,Q2-0eb7930d40
900610786,11,2023-12-16,2023-12-16,EXCLUDE,Q2-0eb7930d40
900610786,11,2023-12-23,2023-12-23,EXCLUDE,Q2-0eb7930d40
900610786,11,2023-12-26,2023-12-26,EXCLUDE,Q2-0eb7930d40
900610786,11,2023-12-31,2023-12-31,EXCLUDE,Q2-0eb7930d40
900610786,11,2024-01-13,2024-01-13,EXCLUDE,Q2-0eb7930d40
37540689,29,2023-08-14,2023-08-14,EXCLUDE,Q2-e5b763a70d
37540689,29,2023-08-19,2023-08-19,EXCLUDE,Q2-e5b763a70d
37540689,29,2023-08-26,2023-08-26,EXCLUDE,Q2-e5b763a70d
37540689,29,2024-01-22,2024-01-22,EXCLUDE,Q2-e5b763a70d
37540689,29,2024-02-01,2024-02-01,EXCLUDE,Q2-e5b763a70d
37540689,29,2024-02-04,2024-02-04,EXCLUDE,Q2-e5b763a70d
37540689,29,2024-02-10,2024-02-10,EXCLUDE,Q2-e5b763a70d
37540689,29,2024-02-17,2024-02-17,EXCLUDE,Q2-e5b763a70d
37540689,29,2024-02-25,2024-02-25,EXCLUDE,Q2-e5b763a70d
37540689,29,2024-03-02,2024-03-02,EXCLUDE,Q2-e5b763a70d
37540689,29,2024-03-09,2024-03-09,EXCLUDE,Q2-e5b763a70d
37540689,29,2024-03-30,2024-03-30,EXCLUDE,Q2-e5b763a70d
37540689,29,2024-04-02,2024-04-02,EXCLUDE,Q2-e5b763a70d
37540689,29,2024-04-06,2024-04-06,EXCLUDE,Q2-e5b763a70d
37540689,29,2024-04-13,2024-04-13,EXCLUDE,Q2-e5b763a70d
37540689,29,2024-04-20,2024-04-20,EXCLUDE,Q2-e5b763a70d
37540689,29,2024-04-24,2024-04-24,EXCLUDE,Q2-e5b763a70d
37540689,29,2024-04-27,2024-04-27,EXCLUDE,Q2-e5b763a70d
37540689,29,2024-05-04,2024-05-04,EXCLUDE,Q2-e5b763a70d
37540689,29,2024-05-11,2024-05-11,EXCLUDE,Q2-e5b763a70d
37540689,29,2024-05-19,2024-05-19,EXCLUDE,Q2-e5b763a70d
37259161,8,2023-01-14,2023-01-14,EXCLUDE,Q2-30bc43c5b8
37259161,8,2023-01-21,2023-01-21,EXCLUDE,Q2-30bc43c5b8
37259161,8,2023-02-04,2023-02-04,EXCLUDE,Q2-30bc43c5b8
37259161,8,2023-02-13,2023-02-13,EXCLUDE,Q2-30bc43c5b8
37259161,8,2023-02-18,2023-02-18,EXCLUDE,Q2-30bc43c5b8
37259161,8,2023-02-25,2023-02-25,EXCLUDE,Q2-30bc43c5b8
37259161,8,2023-03-01,2023-03-01,EXCLUDE,Q2-30bc43c5b8
37259161,8,2023-03-05,2023-03-05,EXCLUDE,Q2-30bc43c5b8
37259161,8,2023-03-11,2023-03-11,EXCLUDE,Q2-30bc43c5b8
37259161,8,2023-04-01,2023-04-01,EXCLUDE,Q2-30bc43c5b8
37259161,8,2023-04-04,2023-04-04,EXCLUDE,Q2-30bc43c5b8
37259161,8,2023-04-09,2023-04-09,EXCLUDE,Q2-30bc43c5b8
37259161,8,2023-04-17,2023-04-17,EXCLUDE,Q2-30bc43c5b8
37259161,8,2023-04-22,2023-04-22,EXCLUDE,Q2-30bc43c5b8
37259161,8,2023-04-26,2023-04-26,EXCLUDE,Q2-30bc43c5b8
37259161,8,2023-04-30,2023-04-30,EXCLUDE,Q2-30bc43c5b8
37259161,8,2023-05-03,2023-05-03,EXCLUDE,Q2-30bc43c5b8
37259161,8,2023-05-06,2023-05-06,EXCLUDE,Q2-30bc43c5b8
37259161,8,2023-05-15,2023-05-15,EXCLUDE,Q2-30bc43c5b8
37259161,8,2023-05-20,2023-05-20,EXCLUDE,Q2-30bc43c5b8
37259161,8,2023-05-28,2023-05-28,EXCLUDE,Q2-30bc43c5b8
539997,42,2023-01-03,2023-01-03,EXCLUDE,Q2-0a915f9a18
539997,42,2023-01-14,2023-01-14,EXCLUDE,Q2-0a915f9a18
539997,42,2023-01-21,2023-01-21,EXCLUDE,Q2-0a915f9a18
539997,42,2023-02-04,2023-02-04,EXCLUDE,Q2-0a915f9a18
539997,42,2023-02-11,2023-02-11,EXCLUDE,Q2-0a915f9a18
539997,42,2023-02-19,2023-02-19,EXCLUDE,Q2-0a915f9a18
539997,42,2023-02-25,2023-02-25,EXCLUDE,Q2-0a915f9a18
539997,42,2023-03-04,2023-03-04,EXCLUDE,Q2-0a915f9a18
539997,42,2023-03-11,2023-03-11,EXCLUDE,Q2-0a915f9a18
539997,42,2023-03-18,2023-03-18,EXCLUDE,Q2-0a915f9a18
539997,42,2023-04-01,2023-04-01,EXCLUDE,Q2-0a915f9a18
539997,42,2023-04-04,2023-04-04,EXCLUDE,Q2-0a915f9a18
539997,42,2023-04-08,2023-04-08,EXCLUDE,Q2-0a915f9a18
539997,42,2023-04-15,2023-04-15,EXCLUDE,Q2-0a915f9a18
539997,42,2023-04-22,2023-04-22,EXCLUDE,Q2-0a915f9a18
539997,42,2023-04-25,2023-04-25,EXCLUDE,Q2-0a915f9a18
539997,42,2023-05-01,2023-05-01,EXCLUDE,Q2-0a915f9a18
539997,42,2023-05-08,2023-05-08,EXCLUDE,Q2-0a915f9a18
539997,42,2023-05-15,2023-05-15,EXCLUDE,Q2-0a915f9a18
539997,42,2023-05-22,2023-05-22,EXCLUDE,Q2-0a915f9a18
539997,42,2023-05-28,2023-05-28,EXCLUDE,Q2-0a915f9a18
28575699,236,2023-01-02,2023-01-02,EXCLUDE,Q2-0e3bc6b6d8
28575699,236,2023-01-14,2023-01-14,EXCLUDE,Q2-0e3bc6b6d8
28575699,236,2023-01-22,2023-01-22,EXCLUDE,Q2-0e3bc6b6d8
28575699,236,2023-02-04,2023-02-04,EXCLUDE,Q2-0e3bc6b6d8
28575699,236,2023-02-11,2023-02-11,EXCLUDE,Q2-0e3bc6b6d8
28575699,236,2023-02-18,2023-02-18,EXCLUDE,Q2-0e3bc6b6d8
28575699,236,2023-03-06,2023-03-06,EXCLUDE,Q2-0e3bc6b6d8
28575699,236,2023-03-11,2023-03-11,EXCLUDE,Q2-0e3bc6b6d8
28575699,236,2023-03-15,2023-03-15,EXCLUDE,Q2-0e3bc6b6d8
28575699,236,2023-03-18,2023-03-18,EXCLUDE,Q2-0e3bc6b6d8
28575699,236,2023-04-01,2023-04-01,EXCLUDE,Q2-0e3bc6b6d8
28575699,236,2023-04-05,2023-04-05,EXCLUDE,Q2-0e3bc6b6d8
28575699,236,2023-04-08,2023-04-08,EXCLUDE,Q2-0e3bc6b6d8
28575699,236,2023-04-15,2023-04-15,EXCLUDE,Q2-0e3bc6b6d8
28575699,236,2023-04-22,2023-04-22,EXCLUDE,Q2-0e3bc6b6d8
28575699,236,2023-04-26,2023-04-26,EXCLUDE,Q2-0e3bc6b6d8
28575699,236,2023-04-29,2023-04-29,EXCLUDE,Q2-0e3bc6b6d8
28575699,236,2023-05-06,2023-05-06,EXCLUDE,Q2-0e3bc6b6d8
28575699,236,2023-05-14,2023-05-14,EXCLUDE,Q2-0e3bc6b6d8
28575699,236,2023-05-20,2023-05-20,EXCLUDE,Q2-0e3bc6b6d8
28575699,236,2023-05-28,2023-05-28,EXCLUDE,Q2-0e3bc6b6d8
37373590,18,2021-01-16,2021-01-16,EXCLUDE,Q2-cdbb8c2322
37373590,18,2021-01-19,2021-01-19,EXCLUDE,Q2-cdbb8c2322
37373590,18,2021-01-27,2021-01-27,EXCLUDE,Q2-cdbb8c2322
37373590,18,2021-01-31,2021-01-31,EXCLUDE,Q2-cdbb8c2322
37373590,18,2021-02-04,2021-02-04,EXCLUDE,Q2-cdbb8c2322
37373590,18,2021-02-07,2021-02-07,EXCLUDE,Q2-cdbb8c2322
37373590,18,2021-02-15,2021-02-15,EXCLUDE,Q2-cdbb8c2322
37373590,18,2021-02-20,2021-02-20,EXCLUDE,Q2-cdbb8c2322
37373590,18,2021-02-28,2021-02-28,EXCLUDE,Q2-cdbb8c2322
37373590,18,2021-03-04,2021-03-04,EXCLUDE,Q2-cdbb8c2322
37373590,18,2021-03-08,2021-03-08,EXCLUDE,Q2-cdbb8c2322
37373590,18,2021-03-13,2021-03-13,EXCLUDE,Q2-cdbb8c2322
37373590,18,2021-04-03,2021-04-03,EXCLUDE,Q2-cdbb8c2322
37373590,18,2021-04-10,2021-04-10,EXCLUDE,Q2-cdbb8c2322
37373590,18,2021-04-20,2021-04-20,EXCLUDE,Q2-cdbb8c2322
37373590,18,2021-04-24,2021-04-24,EXCLUDE,Q2-cdbb8c2322
37373590,18,2021-05-01,2021-05-01,EXCLUDE,Q2-cdbb8c2322
37373590,18,2021-05-08,2021-05-08,EXCLUDE,Q2-cdbb8c2322
37373590,18,2021-05-12,2021-05-12,EXCLUDE,Q2-cdbb8c2322
37373590,18,2021-05-18,2021-05-18,EXCLUDE,Q2-cdbb8c2322
37373590,18,2021-05-23,2021-05-23,EXCLUDE,Q2-cdbb8c2322
539962,19,2021-01-14,2021-01-14,EXCLUDE,Q2-3db77fd280
539962,19,2021-01-18,2021-01-18,EXCLUDE,Q2-3db77fd280
539962,19,2021-01-26,2021-01-26,EXCLUDE,Q2-3db77fd280
539962,19,2021-01-30,2021-01-30,EXCLUDE,Q2-3db77fd280
539962,19,2021-02-02,2021-02-02,EXCLUDE,Q2-3db77fd280
539962,19,2021-02-06,2021-02-06,EXCLUDE,Q2-3db77fd280
539962,19,2021-02-14,2021-02-14,EXCLUDE,Q2-3db77fd280
539962,19,2021-02-21,2021-02-21,EXCLUDE,Q2-3db77fd280
539962,19,2021-02-28,2021-02-28,EXCLUDE,Q2-3db77fd280
539962,19,2021-03-06,2021-03-06,EXCLUDE,Q2-3db77fd280
539962,19,2021-03-14,2021-03-14,EXCLUDE,Q2-3db77fd280
539962,19,2021-03-21,2021-03-21,EXCLUDE,Q2-3db77fd280
539962,19,2021-04-03,2021-04-03,EXCLUDE,Q2-3db77fd280
539962,19,2021-04-11,2021-04-11,EXCLUDE,Q2-3db77fd280
539962,19,2021-04-18,2021-04-18,EXCLUDE,Q2-3db77fd280
539962,19,2021-04-23,2021-04-23,EXCLUDE,Q2-3db77fd280
539962,19,2021-05-02,2021-05-02,EXCLUDE,Q2-3db77fd280
539962,19,2021-05-09,2021-05-09,EXCLUDE,Q2-3db77fd280
539962,19,2021-05-12,2021-05-12,EXCLUDE,Q2-3db77fd280
539962,19,2021-05-19,2021-05-19,EXCLUDE,Q2-3db77fd280
539962,19,2021-05-23,2021-05-23,EXCLUDE,Q2-3db77fd280
37608777,52,2024-08-17,2024-08-17,EXCLUDE,Q2-b99affc128
37608777,52,2024-08-25,2024-08-25,EXCLUDE,Q2-b99affc128
37608777,52,2024-08-31,2024-08-31,EXCLUDE,Q2-b99affc128
37608777,52,2024-09-14,2024-09-14,EXCLUDE,Q2-b99affc128
37608777,52,2024-09-21,2024-09-21,EXCLUDE,Q2-b99affc128
37608777,52,2024-09-30,2024-09-30,EXCLUDE,Q2-b99affc128
37608777,52,2024-10-05,2024-10-05,EXCLUDE,Q2-b99affc128
37608777,52,2024-10-19,2024-10-19,EXCLUDE,Q2-b99affc128
37608777,52,2024-10-26,2024-10-26,EXCLUDE,Q2-b99affc128
37608777,52,2024-11-02,2024-11-02,EXCLUDE,Q2-b99affc128
37608777,52,2024-11-09,2024-11-09,EXCLUDE,Q2-b99affc128
37608777,52,2024-11-23,2024-11-23,EXCLUDE,Q2-b99affc128
37608777,52,2024-11-30,2024-11-30,EXCLUDE,Q2-b99affc128
37608777,52,2024-12-05,2024-12-05,EXCLUDE,Q2-b99affc128
37608777,52,2024-12-08,2024-12-08,EXCLUDE,Q2-b99affc128
37608777,52,2024-12-16,2024-12-16,EXCLUDE,Q2-b99affc128
37608777,52,2024-12-22,2024-12-22,EXCLUDE,Q2-b99affc128
37608777,52,2024-12-26,2024-12-26,EXCLUDE,Q2-b99affc128
37608777,52,2024-12-29,2024-12-29,EXCLUDE,Q2-b99affc128
37608777,52,2025-01-04,2025-01-04,EXCLUDE,Q2-b99affc128
900655987,8,2023-01-21,2023-01-21,EXCLUDE,Q2-ff621b5dcc
900655987,8,2023-02-04,2023-02-04,EXCLUDE,Q2-ff621b5dcc
900655987,8,2023-02-13,2023-02-13,EXCLUDE,Q2-ff621b5dcc
900655987,8,2023-02-18,2023-02-18,EXCLUDE,Q2-ff621b5dcc
900655987,8,2023-02-25,2023-02-25,EXCLUDE,Q2-ff621b5dcc
900655987,8,2023-03-01,2023-03-01,EXCLUDE,Q2-ff621b5dcc
900655987,8,2023-03-05,2023-03-05,EXCLUDE,Q2-ff621b5dcc
900655987,8,2023-03-11,2023-03-11,EXCLUDE,Q2-ff621b5dcc
900655987,8,2023-04-01,2023-04-01,EXCLUDE,Q2-ff621b5dcc
900655987,8,2023-04-04,2023-04-04,EXCLUDE,Q2-ff621b5dcc
900655987,8,2023-04-09,2023-04-09,EXCLUDE,Q2-ff621b5dcc
900655987,8,2023-04-17,2023-04-17,EXCLUDE,Q2-ff621b5dcc
900655987,8,2023-04-22,2023-04-22,EXCLUDE,Q2-ff621b5dcc
900655987,8,2023-04-26,2023-04-26,EXCLUDE,Q2-ff621b5dcc
900655987,8,2023-04-30,2023-04-30,EXCLUDE,Q2-ff621b5dcc
900655987,8,2023-05-03,2023-05-03,EXCLUDE,Q2-ff621b5dcc
900655987,8,2023-05-06,2023-05-06,EXCLUDE,Q2-ff621b5dcc
900655987,8,2023-05-15,2023-05-15,EXCLUDE,Q2-ff621b5dcc
900655987,8,2023-05-20,2023-05-20,EXCLUDE,Q2-ff621b5dcc
900655987,8,2023-05-28,2023-05-28,EXCLUDE,Q2-ff621b5dcc
900624243,63,2022-08-06,2022-08-06,EXCLUDE,Q2-800d7c8437
900624243,63,2022-08-14,2022-08-14,EXCLUDE,Q2-800d7c8437
900624243,63,2022-08-20,2022-08-20,EXCLUDE,Q2-800d7c8437
900624243,63,2022-08-28,2022-08-28,EXCLUDE,Q2-800d7c8437
900624243,63,2022-08-31,2022-08-31,EXCLUDE,Q2-800d7c8437
900624243,63,2022-09-03,2022-09-03,EXCLUDE,Q2-800d7c8437
900624243,63,2022-09-16,2022-09-16,EXCLUDE,Q2-800d7c8437
900624243,63,2022-10-03,2022-10-03,EXCLUDE,Q2-800d7c8437
900624243,63,2022-10-10,2022-10-10,EXCLUDE,Q2-800d7c8437
900624243,63,2022-10-15,2022-10-15,EXCLUDE,Q2-800d7c8437
900624243,63,2022-10-18,2022-10-18,EXCLUDE,Q2-800d7c8437
900624243,63,2022-10-22,2022-10-22,EXCLUDE,Q2-800d7c8437
900624243,63,2022-10-30,2022-10-30,EXCLUDE,Q2-800d7c8437
900624243,63,2022-11-05,2022-11-05,EXCLUDE,Q2-800d7c8437
900624243,63,2022-11-12,2022-11-12,EXCLUDE,Q2-800d7c8437
900624243,63,2022-12-27,2022-12-27,EXCLUDE,Q2-800d7c8437
900624243,63,2023-01-01,2023-01-01,EXCLUDE,Q2-800d7c8437
900624243,63,2023-01-04,2023-01-04,EXCLUDE,Q2-800d7c8437
900624243,63,2023-01-14,2023-01-14,EXCLUDE,Q2-800d7c8437
900624243,63,2023-01-21,2023-01-21,EXCLUDE,Q2-800d7c8437
900746078,63,2022-08-06,2022-08-06,EXCLUDE,Q2-28c0ff0880
900746078,63,2022-08-14,2022-08-14,EXCLUDE,Q2-28c0ff0880
900746078,63,2022-08-20,2022-08-20,EXCLUDE,Q2-28c0ff0880
900746078,63,2022-08-28,2022-08-28,EXCLUDE,Q2-28c0ff0880
900746078,63,2022-08-31,2022-08-31,EXCLUDE,Q2-28c0ff0880
900746078,63,2022-09-03,2022-09-03,EXCLUDE,Q2-28c0ff0880
900746078,63,2022-09-16,2022-09-16,EXCLUDE,Q2-28c0ff0880
900746078,63,2022-10-03,2022-10-03,EXCLUDE,Q2-28c0ff0880
900746078,63,2022-10-10,2022-10-10,EXCLUDE,Q2-28c0ff0880
900746078,63,2022-10-15,2022-10-15,EXCLUDE,Q2-28c0ff0880
900746078,63,2022-10-18,2022-10-18,EXCLUDE,Q2-28c0ff0880
900746078,63,2022-10-22,2022-10-22,EXCLUDE,Q2-28c0ff0880
900746078,63,2022-10-30,2022-10-30,EXCLUDE,Q2-28c0ff0880
900746078,63,2022-11-05,2022-11-05,EXCLUDE,Q2-28c0ff0880
900746078,63,2022-11-12,2022-11-12,EXCLUDE,Q2-28c0ff0880
900746078,63,2022-12-27,2022-12-27,EXCLUDE,Q2-28c0ff0880
900746078,63,2023-01-01,2023-01-01,EXCLUDE,Q2-28c0ff0880
900746078,63,2023-01-04,2023-01-04,EXCLUDE,Q2-28c0ff0880
900746078,63,2023-01-14,2023-01-14,EXCLUDE,Q2-28c0ff0880
900746078,63,2023-01-21,2023-01-21,EXCLUDE,Q2-28c0ff0880
37391461,78,2022-01-14,2022-01-14,EXCLUDE,Q2-26d2793225
37391461,78,2022-01-18,2022-01-18,EXCLUDE,Q2-26d2793225
37391461,78,2022-01-23,2022-01-23,EXCLUDE,Q2-26d2793225
37391461,78,2022-02-12,2022-02-12,EXCLUDE,Q2-26d2793225
37391461,78,2022-02-15,2022-02-15,EXCLUDE,Q2-26d2793225
37391461,78,2022-02-19,2022-02-19,EXCLUDE,Q2-26d2793225
37391461,78,2022-02-26,2022-02-26,EXCLUDE,Q2-26d2793225
37391461,78,2022-03-05,2022-03-05,EXCLUDE,Q2-26d2793225
37391461,78,2022-03-12,2022-03-12,EXCLUDE,Q2-26d2793225
37391461,78,2022-03-16,2022-03-16,EXCLUDE,Q2-26d2793225
37391461,78,2022-04-02,2022-04-02,EXCLUDE,Q2-26d2793225
37391461,78,2022-04-09,2022-04-09,EXCLUDE,Q2-26d2793225
37391461,78,2022-04-16,2022-04-16,EXCLUDE,Q2-26d2793225
37391461,78,2022-04-20,2022-04-20,EXCLUDE,Q2-26d2793225
37391461,78,2022-04-24,2022-04-24,EXCLUDE,Q2-26d2793225
37391461,78,2022-04-30,2022-04-30,EXCLUDE,Q2-26d2793225
37391461,78,2022-05-07,2022-05-07,EXCLUDE,Q2-26d2793225
37391461,78,2022-05-15,2022-05-15,EXCLUDE,Q2-26d2793225
37391461,78,2022-05-22,2022-05-22,EXCLUDE,Q2-26d2793225
4545525,8,2020-01-02,2020-01-02,EXCLUDE,Q2-0824f3dada
4545525,8,2020-01-11,2020-01-11,EXCLUDE,Q2-0824f3dada
4545525,8,2020-01-19,2020-01-19,EXCLUDE,Q2-0824f3dada
4545525,8,2020-01-23,2020-01-23,EXCLUDE,Q2-0824f3dada
4545525,8,2020-01-29,2020-01-29,EXCLUDE,Q2-0824f3dada
4545525,8,2020-02-01,2020-02-01,EXCLUDE,Q2-0824f3dada
4545525,8,2020-02-15,2020-02-15,EXCLUDE,Q2-0824f3dada
4545525,8,2020-02-24,2020-02-24,EXCLUDE,Q2-0824f3dada
4545525,8,2020-02-29,2020-02-29,EXCLUDE,Q2-0824f3dada
4545525,8,2020-03-07,2020-03-07,EXCLUDE,Q2-0824f3dada
4545525,8,2020-06-21,2020-06-21,EXCLUDE,Q2-0824f3dada
4545525,8,2020-06-24,2020-06-24,EXCLUDE,Q2-0824f3dada
4545525,8,2020-07-02,2020-07-02,EXCLUDE,Q2-0824f3dada
4545525,8,2020-07-05,2020-07-05,EXCLUDE,Q2-0824f3dada
4545525,8,2020-07-08,2020-07-08,EXCLUDE,Q2-0824f3dada
4545525,8,2020-07-11,2020-07-11,EXCLUDE,Q2-0824f3dada
4545525,8,2020-07-15,2020-07-15,EXCLUDE,Q2-0824f3dada
4545525,8,2020-07-22,2020-07-22,EXCLUDE,Q2-0824f3dada
4545525,8,2020-07-26,2020-07-26,EXCLUDE,Q2-0824f3dada
37316869,29,2026-01-03,2026-01-03,EXCLUDE,Q2-998b1c3568
37316869,29,2026-01-07,2026-01-07,EXCLUDE,Q2-998b1c3568
37316869,29,2026-01-18,2026-01-18,EXCLUDE,Q2-998b1c3568
37316869,29,2026-01-24,2026-01-24,EXCLUDE,Q2-998b1c3568
37316869,29,2026-01-31,2026-01-31,EXCLUDE,Q2-998b1c3568
37316869,29,2026-02-07,2026-02-07,EXCLUDE,Q2-998b1c3568
37316869,29,2026-02-11,2026-02-11,EXCLUDE,Q2-998b1c3568
37316869,29,2026-02-18,2026-02-18,EXCLUDE,Q2-998b1c3568
37316869,29,2026-02-22,2026-02-22,EXCLUDE,Q2-998b1c3568
37316869,29,2026-02-27,2026-02-27,EXCLUDE,Q2-998b1c3568
37316869,29,2026-03-03,2026-03-03,EXCLUDE,Q2-998b1c3568
37316869,29,2026-03-16,2026-03-16,EXCLUDE,Q2-998b1c3568
37316869,29,2026-04-10,2026-04-10,EXCLUDE,Q2-998b1c3568
37316869,29,2026-04-18,2026-04-18,EXCLUDE,Q2-998b1c3568
37316869,29,2026-04-25,2026-04-25,EXCLUDE,Q2-998b1c3568
37316869,29,2026-05-02,2026-05-02,EXCLUDE,Q2-998b1c3568
37316869,29,2026-05-09,2026-05-09,EXCLUDE,Q2-998b1c3568
37316869,29,2026-05-17,2026-05-17,EXCLUDE,Q2-998b1c3568
37316869,29,2026-05-24,2026-05-24,EXCLUDE,Q2-998b1c3568
901031256,11,2025-01-05,2025-01-05,EXCLUDE,Q2-e1aae0c74b
901031256,11,2025-01-14,2025-01-14,EXCLUDE,Q2-e1aae0c74b
901031256,11,2025-01-18,2025-01-18,EXCLUDE,Q2-e1aae0c74b
901031256,11,2025-01-26,2025-01-26,EXCLUDE,Q2-e1aae0c74b
901031256,11,2025-02-01,2025-02-01,EXCLUDE,Q2-e1aae0c74b
901031256,11,2025-02-15,2025-02-15,EXCLUDE,Q2-e1aae0c74b
901031256,11,2025-02-22,2025-02-22,EXCLUDE,Q2-e1aae0c74b
901031256,11,2025-02-25,2025-02-25,EXCLUDE,Q2-e1aae0c74b
901031256,11,2025-03-08,2025-03-08,EXCLUDE,Q2-e1aae0c74b
901031256,11,2025-03-16,2025-03-16,EXCLUDE,Q2-e1aae0c74b
901031256,11,2025-04-01,2025-04-01,EXCLUDE,Q2-e1aae0c74b
901031256,11,2025-04-06,2025-04-06,EXCLUDE,Q2-e1aae0c74b
901031256,11,2025-04-14,2025-04-14,EXCLUDE,Q2-e1aae0c74b
901031256,11,2025-04-20,2025-04-20,EXCLUDE,Q2-e1aae0c74b
901031256,11,2025-04-26,2025-04-26,EXCLUDE,Q2-e1aae0c74b
901031256,11,2025-05-03,2025-05-03,EXCLUDE,Q2-e1aae0c74b
901031256,11,2025-05-10,2025-05-10,EXCLUDE,Q2-e1aae0c74b
901031256,11,2025-05-18,2025-05-18,EXCLUDE,Q2-e1aae0c74b
901031256,11,2025-05-25,2025-05-25,EXCLUDE,Q2-e1aae0c74b
37782496,18,2025-01-04,2025-01-04,EXCLUDE,Q2-f332bf49f5
37782496,18,2025-01-14,2025-01-14,EXCLUDE,Q2-f332bf49f5
37782496,18,2025-01-20,2025-01-20,EXCLUDE,Q2-f332bf49f5
37782496,18,2025-01-25,2025-01-25,EXCLUDE,Q2-f332bf49f5
37782496,18,2025-02-03,2025-02-03,EXCLUDE,Q2-f332bf49f5
37782496,18,2025-02-14,2025-02-14,EXCLUDE,Q2-f332bf49f5
37782496,18,2025-02-22,2025-02-22,EXCLUDE,Q2-f332bf49f5
37782496,18,2025-02-25,2025-02-25,EXCLUDE,Q2-f332bf49f5
37782496,18,2025-03-09,2025-03-09,EXCLUDE,Q2-f332bf49f5
37782496,18,2025-03-16,2025-03-16,EXCLUDE,Q2-f332bf49f5
37782496,18,2025-04-03,2025-04-03,EXCLUDE,Q2-f332bf49f5
37782496,18,2025-04-06,2025-04-06,EXCLUDE,Q2-f332bf49f5
37782496,18,2025-04-13,2025-04-13,EXCLUDE,Q2-f332bf49f5
37782496,18,2025-04-20,2025-04-20,EXCLUDE,Q2-f332bf49f5
37782496,18,2025-04-26,2025-04-26,EXCLUDE,Q2-f332bf49f5
37782496,18,2025-05-04,2025-05-04,EXCLUDE,Q2-f332bf49f5
37782496,18,2025-05-11,2025-05-11,EXCLUDE,Q2-f332bf49f5
37782496,18,2025-05-16,2025-05-16,EXCLUDE,Q2-f332bf49f5
37782496,18,2025-05-25,2025-05-25,EXCLUDE,Q2-f332bf49f5
37337720,9,2024-01-13,2024-01-13,EXCLUDE,Q2-9de00a1d0d
37337720,9,2024-01-31,2024-01-31,EXCLUDE,Q2-9de00a1d0d
37337720,9,2024-02-05,2024-02-05,EXCLUDE,Q2-9de00a1d0d
37337720,9,2024-02-10,2024-02-10,EXCLUDE,Q2-9de00a1d0d
37337720,9,2024-02-17,2024-02-17,EXCLUDE,Q2-9de00a1d0d
37337720,9,2024-02-20,2024-02-20,EXCLUDE,Q2-9de00a1d0d
37337720,9,2024-02-24,2024-02-24,EXCLUDE,Q2-9de00a1d0d
37337720,9,2024-03-03,2024-03-03,EXCLUDE,Q2-9de00a1d0d
37337720,9,2024-03-10,2024-03-10,EXCLUDE,Q2-9de00a1d0d
37337720,9,2024-03-31,2024-03-31,EXCLUDE,Q2-9de00a1d0d
37337720,9,2024-04-03,2024-04-03,EXCLUDE,Q2-9de00a1d0d
37337720,9,2024-04-06,2024-04-06,EXCLUDE,Q2-9de00a1d0d
37337720,9,2024-04-13,2024-04-13,EXCLUDE,Q2-9de00a1d0d
37337720,9,2024-04-25,2024-04-25,EXCLUDE,Q2-9de00a1d0d
37337720,9,2024-04-28,2024-04-28,EXCLUDE,Q2-9de00a1d0d
37337720,9,2024-05-04,2024-05-04,EXCLUDE,Q2-9de00a1d0d
37337720,9,2024-05-11,2024-05-11,EXCLUDE,Q2-9de00a1d0d
37337720,9,2024-05-14,2024-05-14,EXCLUDE,Q2-9de00a1d0d
37337720,9,2024-05-19,2024-05-19,EXCLUDE,Q2-9de00a1d0d
900660768,20,2024-01-01,2024-01-01,EXCLUDE,Q2-29b2b4666b
900660768,20,2024-01-13,2024-01-13,EXCLUDE,Q2-29b2b4666b
900660768,20,2024-01-30,2024-01-30,EXCLUDE,Q2-29b2b4666b
900660768,20,2024-02-03,2024-02-03,EXCLUDE,Q2-29b2b4666b
900660768,20,2024-02-10,2024-02-10,EXCLUDE,Q2-29b2b4666b
900660768,20,2024-02-17,2024-02-17,EXCLUDE,Q2-29b2b4666b
900660768,20,2024-02-24,2024-02-24,EXCLUDE,Q2-29b2b4666b
900660768,20,2024-03-02,2024-03-02,EXCLUDE,Q2-29b2b4666b
900660768,20,2024-03-11,2024-03-11,EXCLUDE,Q2-29b2b4666b
900660768,20,2024-03-30,2024-03-30,EXCLUDE,Q2-29b2b4666b
900660768,20,2024-04-02,2024-04-02,EXCLUDE,Q2-29b2b4666b
900660768,20,2024-04-06,2024-04-06,EXCLUDE,Q2-29b2b4666b
900660768,20,2024-04-13,2024-04-13,EXCLUDE,Q2-29b2b4666b
900660768,20,2024-04-24,2024-04-24,EXCLUDE,Q2-29b2b4666b
900660768,20,2024-04-27,2024-04-27,EXCLUDE,Q2-29b2b4666b
900660768,20,2024-05-04,2024-05-04,EXCLUDE,Q2-29b2b4666b
900660768,20,2024-05-11,2024-05-11,EXCLUDE,Q2-29b2b4666b
900660768,20,2024-05-15,2024-05-15,EXCLUDE,Q2-29b2b4666b
900660768,20,2024-05-19,2024-05-19,EXCLUDE,Q2-29b2b4666b
27081109,236,2024-01-20,2024-01-20,EXCLUDE,Q2-9470f03cc9
27081109,236,2024-01-31,2024-01-31,EXCLUDE,Q2-9470f03cc9
27081109,236,2024-02-05,2024-02-05,EXCLUDE,Q2-9470f03cc9
27081109,236,2024-02-10,2024-02-10,EXCLUDE,Q2-9470f03cc9
27081109,236,2024-02-17,2024-02-17,EXCLUDE,Q2-9470f03cc9
27081109,236,2024-02-20,2024-02-20,EXCLUDE,Q2-9470f03cc9
27081109,236,2024-02-26,2024-02-26,EXCLUDE,Q2-9470f03cc9
27081109,236,2024-03-02,2024-03-02,EXCLUDE,Q2-9470f03cc9
27081109,236,2024-03-09,2024-03-09,EXCLUDE,Q2-9470f03cc9
27081109,236,2024-03-16,2024-03-16,EXCLUDE,Q2-9470f03cc9
27081109,236,2024-03-30,2024-03-30,EXCLUDE,Q2-9470f03cc9
27081109,236,2024-04-03,2024-04-03,EXCLUDE,Q2-9470f03cc9
27081109,236,2024-04-06,2024-04-06,EXCLUDE,Q2-9470f03cc9
27081109,236,2024-04-13,2024-04-13,EXCLUDE,Q2-9470f03cc9
27081109,236,2024-04-20,2024-04-20,EXCLUDE,Q2-9470f03cc9
27081109,236,2024-04-27,2024-04-27,EXCLUDE,Q2-9470f03cc9
27081109,236,2024-05-04,2024-05-04,EXCLUDE,Q2-9470f03cc9
27081109,236,2024-05-11,2024-05-11,EXCLUDE,Q2-9470f03cc9
27081109,236,2024-05-19,2024-05-19,EXCLUDE,Q2-9470f03cc9
15076349,1,2022-08-14,2022-08-14,EXCLUDE,Q2-ca41dd60ac
15076349,1,2022-08-21,2022-08-21,EXCLUDE,Q2-ca41dd60ac
15076349,1,2022-08-28,2022-08-28,EXCLUDE,Q2-ca41dd60ac
15076349,1,2022-08-31,2022-08-31,EXCLUDE,Q2-ca41dd60ac
15076349,1,2022-09-03,2022-09-03,EXCLUDE,Q2-ca41dd60ac
15076349,1,2022-09-18,2022-09-18,EXCLUDE,Q2-ca41dd60ac
15076349,1,2022-10-01,2022-10-01,EXCLUDE,Q2-ca41dd60ac
15076349,1,2022-10-09,2022-10-09,EXCLUDE,Q2-ca41dd60ac
15076349,1,2022-10-16,2022-10-16,EXCLUDE,Q2-ca41dd60ac
15076349,1,2022-10-19,2022-10-19,EXCLUDE,Q2-ca41dd60ac
15076349,1,2022-10-24,2022-10-24,EXCLUDE,Q2-ca41dd60ac
15076349,1,2022-10-30,2022-10-30,EXCLUDE,Q2-ca41dd60ac
15076349,1,2022-11-06,2022-11-06,EXCLUDE,Q2-ca41dd60ac
15076349,1,2022-11-12,2022-11-12,EXCLUDE,Q2-ca41dd60ac
15076349,1,2022-12-26,2022-12-26,EXCLUDE,Q2-ca41dd60ac
15076349,1,2022-12-30,2022-12-30,EXCLUDE,Q2-ca41dd60ac
15076349,1,2023-01-04,2023-01-04,EXCLUDE,Q2-ca41dd60ac
15076349,1,2023-01-14,2023-01-14,EXCLUDE,Q2-ca41dd60ac
15076349,1,2023-01-21,2023-01-21,EXCLUDE,Q2-ca41dd60ac
24817084,18,2023-01-21,2023-01-21,EXCLUDE,Q2-01ad9812ad
24817084,18,2023-02-03,2023-02-03,EXCLUDE,Q2-01ad9812ad
24817084,18,2023-02-11,2023-02-11,EXCLUDE,Q2-01ad9812ad
24817084,18,2023-02-18,2023-02-18,EXCLUDE,Q2-01ad9812ad
24817084,18,2023-02-26,2023-02-26,EXCLUDE,Q2-01ad9812ad
24817084,18,2023-03-04,2023-03-04,EXCLUDE,Q2-01ad9812ad
24817084,18,2023-03-11,2023-03-11,EXCLUDE,Q2-01ad9812ad
24817084,18,2023-03-18,2023-03-18,EXCLUDE,Q2-01ad9812ad
24817084,18,2023-04-01,2023-04-01,EXCLUDE,Q2-01ad9812ad
24817084,18,2023-04-04,2023-04-04,EXCLUDE,Q2-01ad9812ad
24817084,18,2023-04-08,2023-04-08,EXCLUDE,Q2-01ad9812ad
24817084,18,2023-04-15,2023-04-15,EXCLUDE,Q2-01ad9812ad
24817084,18,2023-04-26,2023-04-26,EXCLUDE,Q2-01ad9812ad
24817084,18,2023-05-02,2023-05-02,EXCLUDE,Q2-01ad9812ad
24817084,18,2023-05-06,2023-05-06,EXCLUDE,Q2-01ad9812ad
24817084,18,2023-05-13,2023-05-13,EXCLUDE,Q2-01ad9812ad
24817084,18,2023-05-21,2023-05-21,EXCLUDE,Q2-01ad9812ad
24817084,18,2023-05-25,2023-05-25,EXCLUDE,Q2-01ad9812ad
24817084,18,2023-05-28,2023-05-28,EXCLUDE,Q2-01ad9812ad
900531678,14,2022-01-19,2022-01-19,EXCLUDE,Q2-93b51551d8
900531678,14,2022-01-22,2022-01-22,EXCLUDE,Q2-93b51551d8
900531678,14,2022-02-08,2022-02-08,EXCLUDE,Q2-93b51551d8
900531678,14,2022-02-12,2022-02-12,EXCLUDE,Q2-93b51551d8
900531678,14,2022-02-15,2022-02-15,EXCLUDE,Q2-93b51551d8
900531678,14,2022-02-20,2022-02-20,EXCLUDE,Q2-93b51551d8
900531678,14,2022-02-26,2022-02-26,EXCLUDE,Q2-93b51551d8
900531678,14,2022-03-06,2022-03-06,EXCLUDE,Q2-93b51551d8
900531678,14,2022-03-12,2022-03-12,EXCLUDE,Q2-93b51551d8
900531678,14,2022-04-02,2022-04-02,EXCLUDE,Q2-93b51551d8
900531678,14,2022-04-09,2022-04-09,EXCLUDE,Q2-93b51551d8
900531678,14,2022-04-16,2022-04-16,EXCLUDE,Q2-93b51551d8
900531678,14,2022-04-19,2022-04-19,EXCLUDE,Q2-93b51551d8
900531678,14,2022-04-23,2022-04-23,EXCLUDE,Q2-93b51551d8
900531678,14,2022-04-28,2022-04-28,EXCLUDE,Q2-93b51551d8
900531678,14,2022-05-02,2022-05-02,EXCLUDE,Q2-93b51551d8
900531678,14,2022-05-07,2022-05-07,EXCLUDE,Q2-93b51551d8
900531678,14,2022-05-22,2022-05-22,EXCLUDE,Q2-93b51551d8
900382555,8,2020-01-11,2020-01-11,EXCLUDE,Q2-316f8bef30
900382555,8,2020-01-19,2020-01-19,EXCLUDE,Q2-316f8bef30
900382555,8,2020-01-23,2020-01-23,EXCLUDE,Q2-316f8bef30
900382555,8,2020-01-29,2020-01-29,EXCLUDE,Q2-316f8bef30
900382555,8,2020-02-01,2020-02-01,EXCLUDE,Q2-316f8bef30
900382555,8,2020-02-15,2020-02-15,EXCLUDE,Q2-316f8bef30
900382555,8,2020-02-24,2020-02-24,EXCLUDE,Q2-316f8bef30
900382555,8,2020-02-29,2020-02-29,EXCLUDE,Q2-316f8bef30
900382555,8,2020-03-07,2020-03-07,EXCLUDE,Q2-316f8bef30
900382555,8,2020-06-21,2020-06-21,EXCLUDE,Q2-316f8bef30
900382555,8,2020-06-24,2020-06-24,EXCLUDE,Q2-316f8bef30
900382555,8,2020-07-02,2020-07-02,EXCLUDE,Q2-316f8bef30
900382555,8,2020-07-05,2020-07-05,EXCLUDE,Q2-316f8bef30
900382555,8,2020-07-08,2020-07-08,EXCLUDE,Q2-316f8bef30
900382555,8,2020-07-11,2020-07-11,EXCLUDE,Q2-316f8bef30
900382555,8,2020-07-15,2020-07-15,EXCLUDE,Q2-316f8bef30
900382555,8,2020-07-22,2020-07-22,EXCLUDE,Q2-316f8bef30
900382555,8,2020-07-26,2020-07-26,EXCLUDE,Q2-316f8bef30
28932738,52,2020-01-01,2020-01-01,EXCLUDE,Q2-37b6479a75
28932738,52,2020-01-12,2020-01-12,EXCLUDE,Q2-37b6479a75
28932738,52,2020-01-18,2020-01-18,EXCLUDE,Q2-37b6479a75
28932738,52,2020-01-21,2020-01-21,EXCLUDE,Q2-37b6479a75
28932738,52,2020-02-01,2020-02-01,EXCLUDE,Q2-37b6479a75
28932738,52,2020-02-09,2020-02-09,EXCLUDE,Q2-37b6479a75
28932738,52,2020-02-22,2020-02-22,EXCLUDE,Q2-37b6479a75
28932738,52,2020-02-29,2020-02-29,EXCLUDE,Q2-37b6479a75
28932738,52,2020-03-07,2020-03-07,EXCLUDE,Q2-37b6479a75
28932738,52,2020-06-20,2020-06-20,EXCLUDE,Q2-37b6479a75
28932738,52,2020-06-24,2020-06-24,EXCLUDE,Q2-37b6479a75
28932738,52,2020-07-01,2020-07-01,EXCLUDE,Q2-37b6479a75
28932738,52,2020-07-04,2020-07-04,EXCLUDE,Q2-37b6479a75
28932738,52,2020-07-09,2020-07-09,EXCLUDE,Q2-37b6479a75
28932738,52,2020-07-12,2020-07-12,EXCLUDE,Q2-37b6479a75
28932738,52,2020-07-15,2020-07-15,EXCLUDE,Q2-37b6479a75
28932738,52,2020-07-19,2020-07-19,EXCLUDE,Q2-37b6479a75
28932738,52,2020-07-26,2020-07-26,EXCLUDE,Q2-37b6479a75
24817084,18,2019-01-02,2019-01-02,EXCLUDE,Q2-9fab4f2816
24817084,18,2019-01-12,2019-01-12,EXCLUDE,Q2-9fab4f2816
24817084,18,2019-01-19,2019-01-19,EXCLUDE,Q2-9fab4f2816
24817084,18,2019-01-30,2019-01-30,EXCLUDE,Q2-9fab4f2816
24817084,18,2019-02-02,2019-02-02,EXCLUDE,Q2-9fab4f2816
24817084,18,2019-02-10,2019-02-10,EXCLUDE,Q2-9fab4f2816
24817084,18,2019-02-27,2019-02-27,EXCLUDE,Q2-9fab4f2816
24817084,18,2019-03-03,2019-03-03,EXCLUDE,Q2-9fab4f2816
24817084,18,2019-03-10,2019-03-10,EXCLUDE,Q2-9fab4f2816
24817084,18,2019-03-17,2019-03-17,EXCLUDE,Q2-9fab4f2816
24817084,18,2019-03-31,2019-03-31,EXCLUDE,Q2-9fab4f2816
24817084,18,2019-04-03,2019-04-03,EXCLUDE,Q2-9fab4f2816
24817084,18,2019-04-08,2019-04-08,EXCLUDE,Q2-9fab4f2816
24817084,18,2019-04-14,2019-04-14,EXCLUDE,Q2-9fab4f2816
24817084,18,2019-04-22,2019-04-22,EXCLUDE,Q2-9fab4f2816
24817084,18,2019-04-28,2019-04-28,EXCLUDE,Q2-9fab4f2816
24817084,18,2019-05-05,2019-05-05,EXCLUDE,Q2-9fab4f2816
24817084,18,2019-05-12,2019-05-12,EXCLUDE,Q2-9fab4f2816
37540689,29,2024-01-22,2024-01-22,EXCLUDE,Q2-56f643c960
37540689,29,2024-02-01,2024-02-01,EXCLUDE,Q2-56f643c960
37540689,29,2024-02-04,2024-02-04,EXCLUDE,Q2-56f643c960
37540689,29,2024-02-10,2024-02-10,EXCLUDE,Q2-56f643c960
37540689,29,2024-02-17,2024-02-17,EXCLUDE,Q2-56f643c960
37540689,29,2024-02-25,2024-02-25,EXCLUDE,Q2-56f643c960
37540689,29,2024-03-02,2024-03-02,EXCLUDE,Q2-56f643c960
37540689,29,2024-03-09,2024-03-09,EXCLUDE,Q2-56f643c960
37540689,29,2024-03-30,2024-03-30,EXCLUDE,Q2-56f643c960
37540689,29,2024-04-02,2024-04-02,EXCLUDE,Q2-56f643c960
37540689,29,2024-04-06,2024-04-06,EXCLUDE,Q2-56f643c960
37540689,29,2024-04-13,2024-04-13,EXCLUDE,Q2-56f643c960
37540689,29,2024-04-20,2024-04-20,EXCLUDE,Q2-56f643c960
37540689,29,2024-04-24,2024-04-24,EXCLUDE,Q2-56f643c960
37540689,29,2024-04-27,2024-04-27,EXCLUDE,Q2-56f643c960
37540689,29,2024-05-04,2024-05-04,EXCLUDE,Q2-56f643c960
37540689,29,2024-05-11,2024-05-11,EXCLUDE,Q2-56f643c960
37540689,29,2024-05-19,2024-05-19,EXCLUDE,Q2-56f643c960
900855087,52,2022-08-06,2022-08-06,EXCLUDE,Q2-114252090b
900855087,52,2022-08-13,2022-08-13,EXCLUDE,Q2-114252090b
900855087,52,2022-08-20,2022-08-20,EXCLUDE,Q2-114252090b
900855087,52,2022-08-27,2022-08-27,EXCLUDE,Q2-114252090b
900855087,52,2022-08-31,2022-08-31,EXCLUDE,Q2-114252090b
900855087,52,2022-09-03,2022-09-03,EXCLUDE,Q2-114252090b
900855087,52,2022-09-17,2022-09-17,EXCLUDE,Q2-114252090b
900855087,52,2022-10-01,2022-10-01,EXCLUDE,Q2-114252090b
900855087,52,2022-10-08,2022-10-08,EXCLUDE,Q2-114252090b
900855087,52,2022-10-15,2022-10-15,EXCLUDE,Q2-114252090b
900855087,52,2022-10-19,2022-10-19,EXCLUDE,Q2-114252090b
900855087,52,2022-10-24,2022-10-24,EXCLUDE,Q2-114252090b
900855087,52,2022-10-29,2022-10-29,EXCLUDE,Q2-114252090b
900855087,52,2022-11-05,2022-11-05,EXCLUDE,Q2-114252090b
900855087,52,2022-11-12,2022-11-12,EXCLUDE,Q2-114252090b
900855087,52,2022-12-27,2022-12-27,EXCLUDE,Q2-114252090b
900855087,52,2022-12-31,2022-12-31,EXCLUDE,Q2-114252090b
900855087,52,2023-01-03,2023-01-03,EXCLUDE,Q2-114252090b
900989472,65,2022-08-06,2022-08-06,EXCLUDE,Q2-f3b4833ad3
900989472,65,2022-08-13,2022-08-13,EXCLUDE,Q2-f3b4833ad3
900989472,65,2022-08-20,2022-08-20,EXCLUDE,Q2-f3b4833ad3
900989472,65,2022-08-27,2022-08-27,EXCLUDE,Q2-f3b4833ad3
900989472,65,2022-08-30,2022-08-30,EXCLUDE,Q2-f3b4833ad3
900989472,65,2022-09-03,2022-09-03,EXCLUDE,Q2-f3b4833ad3
900989472,65,2022-09-16,2022-09-16,EXCLUDE,Q2-f3b4833ad3
900989472,65,2022-10-01,2022-10-01,EXCLUDE,Q2-f3b4833ad3
900989472,65,2022-10-08,2022-10-08,EXCLUDE,Q2-f3b4833ad3
900989472,65,2022-10-16,2022-10-16,EXCLUDE,Q2-f3b4833ad3
900989472,65,2022-10-19,2022-10-19,EXCLUDE,Q2-f3b4833ad3
900989472,65,2022-10-23,2022-10-23,EXCLUDE,Q2-f3b4833ad3
900989472,65,2022-10-29,2022-10-29,EXCLUDE,Q2-f3b4833ad3
900989472,65,2022-11-06,2022-11-06,EXCLUDE,Q2-f3b4833ad3
900989472,65,2022-11-12,2022-11-12,EXCLUDE,Q2-f3b4833ad3
900989472,65,2022-12-26,2022-12-26,EXCLUDE,Q2-f3b4833ad3
900989472,65,2022-12-31,2022-12-31,EXCLUDE,Q2-f3b4833ad3
900989472,65,2023-01-04,2023-01-04,EXCLUDE,Q2-f3b4833ad3
37259176,1,2021-01-31,2021-01-31,EXCLUDE,Q2-189c0a771d
37259176,1,2021-02-03,2021-02-03,EXCLUDE,Q2-189c0a771d
37259176,1,2021-02-06,2021-02-06,EXCLUDE,Q2-189c0a771d
37259176,1,2021-02-15,2021-02-15,EXCLUDE,Q2-189c0a771d
37259176,1,2021-02-21,2021-02-21,EXCLUDE,Q2-189c0a771d
37259176,1,2021-02-27,2021-02-27,EXCLUDE,Q2-189c0a771d
37259176,1,2021-03-08,2021-03-08,EXCLUDE,Q2-189c0a771d
37259176,1,2021-03-14,2021-03-14,EXCLUDE,Q2-189c0a771d
37259176,1,2021-03-21,2021-03-21,EXCLUDE,Q2-189c0a771d
37259176,1,2021-04-05,2021-04-05,EXCLUDE,Q2-189c0a771d
37259176,1,2021-04-11,2021-04-11,EXCLUDE,Q2-189c0a771d
37259176,1,2021-04-17,2021-04-17,EXCLUDE,Q2-189c0a771d
37259176,1,2021-04-24,2021-04-24,EXCLUDE,Q2-189c0a771d
37259176,1,2021-05-03,2021-05-03,EXCLUDE,Q2-189c0a771d
37259176,1,2021-05-09,2021-05-09,EXCLUDE,Q2-189c0a771d
37259176,1,2021-05-15,2021-05-15,EXCLUDE,Q2-189c0a771d
37259176,1,2021-05-19,2021-05-19,EXCLUDE,Q2-189c0a771d
37259176,1,2021-05-23,2021-05-23,EXCLUDE,Q2-189c0a771d
14069,78,2019-01-12,2019-01-12,EXCLUDE,Q2-93e2f647b8
14069,78,2019-01-19,2019-01-19,EXCLUDE,Q2-93e2f647b8
14069,78,2019-01-29,2019-01-29,EXCLUDE,Q2-93e2f647b8
14069,78,2019-02-02,2019-02-02,EXCLUDE,Q2-93e2f647b8
14069,78,2019-02-09,2019-02-09,EXCLUDE,Q2-93e2f647b8
14069,78,2019-02-26,2019-02-26,EXCLUDE,Q2-93e2f647b8
14069,78,2019-03-02,2019-03-02,EXCLUDE,Q2-93e2f647b8
14069,78,2019-03-09,2019-03-09,EXCLUDE,Q2-93e2f647b8
14069,78,2019-03-30,2019-03-30,EXCLUDE,Q2-93e2f647b8
14069,78,2019-04-03,2019-04-03,EXCLUDE,Q2-93e2f647b8
14069,78,2019-04-13,2019-04-13,EXCLUDE,Q2-93e2f647b8
14069,78,2019-04-16,2019-04-16,EXCLUDE,Q2-93e2f647b8
14069,78,2019-04-20,2019-04-20,EXCLUDE,Q2-93e2f647b8
14069,78,2019-04-23,2019-04-23,EXCLUDE,Q2-93e2f647b8
14069,78,2019-04-27,2019-04-27,EXCLUDE,Q2-93e2f647b8
14069,78,2019-05-05,2019-05-05,EXCLUDE,Q2-93e2f647b8
14069,78,2019-05-12,2019-05-12,EXCLUDE,Q2-93e2f647b8
581000,78,2019-01-12,2019-01-12,EXCLUDE,Q2-961049ebb0
581000,78,2019-01-19,2019-01-19,EXCLUDE,Q2-961049ebb0
581000,78,2019-01-29,2019-01-29,EXCLUDE,Q2-961049ebb0
581000,78,2019-02-02,2019-02-02,EXCLUDE,Q2-961049ebb0
581000,78,2019-02-09,2019-02-09,EXCLUDE,Q2-961049ebb0
581000,78,2019-02-26,2019-02-26,EXCLUDE,Q2-961049ebb0
581000,78,2019-03-02,2019-03-02,EXCLUDE,Q2-961049ebb0
581000,78,2019-03-09,2019-03-09,EXCLUDE,Q2-961049ebb0
581000,78,2019-03-30,2019-03-30,EXCLUDE,Q2-961049ebb0
581000,78,2019-04-03,2019-04-03,EXCLUDE,Q2-961049ebb0
581000,78,2019-04-13,2019-04-13,EXCLUDE,Q2-961049ebb0
581000,78,2019-04-16,2019-04-16,EXCLUDE,Q2-961049ebb0
581000,78,2019-04-20,2019-04-20,EXCLUDE,Q2-961049ebb0
581000,78,2019-04-23,2019-04-23,EXCLUDE,Q2-961049ebb0
581000,78,2019-04-27,2019-04-27,EXCLUDE,Q2-961049ebb0
581000,78,2019-05-05,2019-05-05,EXCLUDE,Q2-961049ebb0
581000,78,2019-05-12,2019-05-12,EXCLUDE,Q2-961049ebb0
900460683,14,2021-02-02,2021-02-02,EXCLUDE,Q2-e829411b35
900460683,14,2021-02-06,2021-02-06,EXCLUDE,Q2-e829411b35
900460683,14,2021-02-14,2021-02-14,EXCLUDE,Q2-e829411b35
900460683,14,2021-02-21,2021-02-21,EXCLUDE,Q2-e829411b35
900460683,14,2021-02-28,2021-02-28,EXCLUDE,Q2-e829411b35
900460683,14,2021-03-03,2021-03-03,EXCLUDE,Q2-e829411b35
900460683,14,2021-03-07,2021-03-07,EXCLUDE,Q2-e829411b35
900460683,14,2021-03-14,2021-03-14,EXCLUDE,Q2-e829411b35
900460683,14,2021-04-04,2021-04-04,EXCLUDE,Q2-e829411b35
900460683,14,2021-04-11,2021-04-11,EXCLUDE,Q2-e829411b35
900460683,14,2021-04-18,2021-04-18,EXCLUDE,Q2-e829411b35
900460683,14,2021-04-25,2021-04-25,EXCLUDE,Q2-e829411b35
900460683,14,2021-05-09,2021-05-09,EXCLUDE,Q2-e829411b35
900460683,14,2021-05-11,2021-05-11,EXCLUDE,Q2-e829411b35
900460683,14,2021-05-13,2021-05-13,EXCLUDE,Q2-e829411b35
900460683,14,2021-05-18,2021-05-18,EXCLUDE,Q2-e829411b35
900460683,14,2021-05-23,2021-05-23,EXCLUDE,Q2-e829411b35
37391641,21,2021-01-12,2021-01-12,EXCLUDE,Q2-307a6424bc
37391641,21,2021-01-17,2021-01-17,EXCLUDE,Q2-307a6424bc
37391641,21,2021-01-27,2021-01-27,EXCLUDE,Q2-307a6424bc
37391641,21,2021-01-30,2021-01-30,EXCLUDE,Q2-307a6424bc
37391641,21,2021-02-02,2021-02-02,EXCLUDE,Q2-307a6424bc
37391641,21,2021-02-07,2021-02-07,EXCLUDE,Q2-307a6424bc
37391641,21,2021-02-15,2021-02-15,EXCLUDE,Q2-307a6424bc
37391641,21,2021-02-20,2021-02-20,EXCLUDE,Q2-307a6424bc
37391641,21,2021-02-28,2021-02-28,EXCLUDE,Q2-307a6424bc
37391641,21,2021-03-03,2021-03-03,EXCLUDE,Q2-307a6424bc
37391641,21,2021-03-06,2021-03-06,EXCLUDE,Q2-307a6424bc
37391641,21,2021-03-14,2021-03-14,EXCLUDE,Q2-307a6424bc
37391641,21,2021-04-03,2021-04-03,EXCLUDE,Q2-307a6424bc
37391641,21,2021-04-11,2021-04-11,EXCLUDE,Q2-307a6424bc
37391641,21,2021-04-17,2021-04-17,EXCLUDE,Q2-307a6424bc
37391641,21,2021-04-24,2021-04-24,EXCLUDE,Q2-307a6424bc
37391641,21,2021-05-02,2021-05-02,EXCLUDE,Q2-307a6424bc
581047,65,2020-09-12,2020-09-12,EXCLUDE,Q2-6f825628af
581047,65,2020-09-20,2020-09-20,EXCLUDE,Q2-6f825628af
581047,65,2020-09-26,2020-09-26,EXCLUDE,Q2-6f825628af
581047,65,2020-10-04,2020-10-04,EXCLUDE,Q2-6f825628af
581047,65,2020-10-17,2020-10-17,EXCLUDE,Q2-6f825628af
581047,65,2020-10-25,2020-10-25,EXCLUDE,Q2-6f825628af
581047,65,2020-11-01,2020-11-01,EXCLUDE,Q2-6f825628af
581047,65,2020-11-06,2020-11-06,EXCLUDE,Q2-6f825628af
581047,65,2020-11-23,2020-11-23,EXCLUDE,Q2-6f825628af
581047,65,2020-11-29,2020-11-29,EXCLUDE,Q2-6f825628af
581047,65,2020-12-07,2020-12-07,EXCLUDE,Q2-6f825628af
581047,65,2020-12-13,2020-12-13,EXCLUDE,Q2-6f825628af
581047,65,2020-12-16,2020-12-16,EXCLUDE,Q2-6f825628af
581047,65,2020-12-19,2020-12-19,EXCLUDE,Q2-6f825628af
581047,65,2020-12-26,2020-12-26,EXCLUDE,Q2-6f825628af
581047,65,2020-12-29,2020-12-29,EXCLUDE,Q2-6f825628af
581047,65,2021-01-04,2021-01-04,EXCLUDE,Q2-6f825628af
37402363,78,2022-02-12,2022-02-12,EXCLUDE,Q2-d08dd29ea9
37402363,78,2022-02-15,2022-02-15,EXCLUDE,Q2-d08dd29ea9
37402363,78,2022-02-19,2022-02-19,EXCLUDE,Q2-d08dd29ea9
37402363,78,2022-02-26,2022-02-26,EXCLUDE,Q2-d08dd29ea9
37402363,78,2022-03-05,2022-03-05,EXCLUDE,Q2-d08dd29ea9
37402363,78,2022-03-12,2022-03-12,EXCLUDE,Q2-d08dd29ea9
37402363,78,2022-03-16,2022-03-16,EXCLUDE,Q2-d08dd29ea9
37402363,78,2022-04-02,2022-04-02,EXCLUDE,Q2-d08dd29ea9
37402363,78,2022-04-09,2022-04-09,EXCLUDE,Q2-d08dd29ea9
37402363,78,2022-04-16,2022-04-16,EXCLUDE,Q2-d08dd29ea9
37402363,78,2022-04-20,2022-04-20,EXCLUDE,Q2-d08dd29ea9
37402363,78,2022-04-24,2022-04-24,EXCLUDE,Q2-d08dd29ea9
37402363,78,2022-04-30,2022-04-30,EXCLUDE,Q2-d08dd29ea9
37402363,78,2022-05-07,2022-05-07,EXCLUDE,Q2-d08dd29ea9
37402363,78,2022-05-15,2022-05-15,EXCLUDE,Q2-d08dd29ea9
37402363,78,2022-05-22,2022-05-22,EXCLUDE,Q2-d08dd29ea9
37286737,14,2019-01-19,2019-01-19,EXCLUDE,Q2-6fb5cce708
37286737,14,2019-01-29,2019-01-29,EXCLUDE,Q2-6fb5cce708
37286737,14,2019-02-03,2019-02-03,EXCLUDE,Q2-6fb5cce708
37286737,14,2019-02-09,2019-02-09,EXCLUDE,Q2-6fb5cce708
37286737,14,2019-02-24,2019-02-24,EXCLUDE,Q2-6fb5cce708
37286737,14,2019-02-27,2019-02-27,EXCLUDE,Q2-6fb5cce708
37286737,14,2019-03-02,2019-03-02,EXCLUDE,Q2-6fb5cce708
37286737,14,2019-03-10,2019-03-10,EXCLUDE,Q2-6fb5cce708
37286737,14,2019-03-30,2019-03-30,EXCLUDE,Q2-6fb5cce708
37286737,14,2019-04-02,2019-04-02,EXCLUDE,Q2-6fb5cce708
37286737,14,2019-04-13,2019-04-13,EXCLUDE,Q2-6fb5cce708
37286737,14,2019-04-21,2019-04-21,EXCLUDE,Q2-6fb5cce708
37286737,14,2019-04-24,2019-04-24,EXCLUDE,Q2-6fb5cce708
37286737,14,2019-04-28,2019-04-28,EXCLUDE,Q2-6fb5cce708
37286737,14,2019-05-05,2019-05-05,EXCLUDE,Q2-6fb5cce708
37286737,14,2019-05-12,2019-05-12,EXCLUDE,Q2-6fb5cce708
37691410,18,2025-09-13,2025-09-13,EXCLUDE,Q2-c495f5fd0b
37691410,18,2025-09-20,2025-09-20,EXCLUDE,Q2-c495f5fd0b
37691410,18,2025-09-27,2025-09-27,EXCLUDE,Q2-c495f5fd0b
37691410,18,2025-10-04,2025-10-04,EXCLUDE,Q2-c495f5fd0b
37691410,18,2025-10-18,2025-10-18,EXCLUDE,Q2-c495f5fd0b
37691410,18,2025-10-25,2025-10-25,EXCLUDE,Q2-c495f5fd0b
37691410,18,2025-11-01,2025-11-01,EXCLUDE,Q2-c495f5fd0b
37691410,18,2025-11-08,2025-11-08,EXCLUDE,Q2-c495f5fd0b
37691410,18,2025-11-22,2025-11-22,EXCLUDE,Q2-c495f5fd0b
37691410,18,2025-11-30,2025-11-30,EXCLUDE,Q2-c495f5fd0b
37691410,18,2025-12-03,2025-12-03,EXCLUDE,Q2-c495f5fd0b
37691410,18,2025-12-06,2025-12-06,EXCLUDE,Q2-c495f5fd0b
37691410,18,2025-12-13,2025-12-13,EXCLUDE,Q2-c495f5fd0b
37691410,18,2025-12-20,2025-12-20,EXCLUDE,Q2-c495f5fd0b
37691410,18,2025-12-27,2025-12-27,EXCLUDE,Q2-c495f5fd0b
37691410,18,2025-12-30,2025-12-30,EXCLUDE,Q2-c495f5fd0b
37549912,52,2023-12-03,2023-12-03,EXCLUDE,Q2-db9f817f2b
37549912,52,2023-12-06,2023-12-06,EXCLUDE,Q2-db9f817f2b
37549912,52,2023-12-09,2023-12-09,EXCLUDE,Q2-db9f817f2b
37549912,52,2023-12-23,2023-12-23,EXCLUDE,Q2-db9f817f2b
37549912,52,2023-12-26,2023-12-26,EXCLUDE,Q2-db9f817f2b
37549912,52,2023-12-31,2023-12-31,EXCLUDE,Q2-db9f817f2b
37549912,52,2024-01-21,2024-01-21,EXCLUDE,Q2-db9f817f2b
37549912,52,2024-02-01,2024-02-01,EXCLUDE,Q2-db9f817f2b
37549912,52,2024-02-04,2024-02-04,EXCLUDE,Q2-db9f817f2b
37549912,52,2024-02-10,2024-02-10,EXCLUDE,Q2-db9f817f2b
37549912,52,2024-02-17,2024-02-17,EXCLUDE,Q2-db9f817f2b
37549912,52,2024-02-24,2024-02-24,EXCLUDE,Q2-db9f817f2b
37549912,52,2024-03-03,2024-03-03,EXCLUDE,Q2-db9f817f2b
37549912,52,2024-03-09,2024-03-09,EXCLUDE,Q2-db9f817f2b
37549912,52,2024-03-13,2024-03-13,EXCLUDE,Q2-db9f817f2b
37549912,52,2024-03-30,2024-03-30,EXCLUDE,Q2-db9f817f2b
900989472,65,2022-02-12,2022-02-12,EXCLUDE,Q2-4abeddac4e
900989472,65,2022-02-19,2022-02-19,EXCLUDE,Q2-4abeddac4e
900989472,65,2022-02-25,2022-02-25,EXCLUDE,Q2-4abeddac4e
900989472,65,2022-03-05,2022-03-05,EXCLUDE,Q2-4abeddac4e
900989472,65,2022-03-10,2022-03-10,EXCLUDE,Q2-4abeddac4e
900989472,65,2022-03-13,2022-03-13,EXCLUDE,Q2-4abeddac4e
900989472,65,2022-04-02,2022-04-02,EXCLUDE,Q2-4abeddac4e
900989472,65,2022-04-09,2022-04-09,EXCLUDE,Q2-4abeddac4e
900989472,65,2022-04-16,2022-04-16,EXCLUDE,Q2-4abeddac4e
900989472,65,2022-04-21,2022-04-21,EXCLUDE,Q2-4abeddac4e
900989472,65,2022-04-24,2022-04-24,EXCLUDE,Q2-4abeddac4e
900989472,65,2022-04-30,2022-04-30,EXCLUDE,Q2-4abeddac4e
900989472,65,2022-05-07,2022-05-07,EXCLUDE,Q2-4abeddac4e
900989472,65,2022-05-17,2022-05-17,EXCLUDE,Q2-4abeddac4e
900989472,65,2022-05-22,2022-05-22,EXCLUDE,Q2-4abeddac4e
900353129,20,2019-12-14,2019-12-14,EXCLUDE,Q2-682d7c7e6a
900353129,20,2019-12-21,2019-12-21,EXCLUDE,Q2-682d7c7e6a
900353129,20,2019-12-26,2019-12-26,EXCLUDE,Q2-682d7c7e6a
900353129,20,2019-12-28,2019-12-28,EXCLUDE,Q2-682d7c7e6a
900353129,20,2020-01-01,2020-01-01,EXCLUDE,Q2-682d7c7e6a
900353129,20,2020-01-11,2020-01-11,EXCLUDE,Q2-682d7c7e6a
900353129,20,2020-01-18,2020-01-18,EXCLUDE,Q2-682d7c7e6a
900353129,20,2020-01-21,2020-01-21,EXCLUDE,Q2-682d7c7e6a
900353129,20,2020-02-01,2020-02-01,EXCLUDE,Q2-682d7c7e6a
900353129,20,2020-02-16,2020-02-16,EXCLUDE,Q2-682d7c7e6a
900353129,20,2020-02-22,2020-02-22,EXCLUDE,Q2-682d7c7e6a
900353129,20,2020-02-29,2020-02-29,EXCLUDE,Q2-682d7c7e6a
900353129,20,2020-03-07,2020-03-07,EXCLUDE,Q2-682d7c7e6a
900353129,20,2020-06-21,2020-06-21,EXCLUDE,Q2-682d7c7e6a
900353129,20,2020-06-24,2020-06-24,EXCLUDE,Q2-682d7c7e6a
37259161,8,2019-01-30,2019-01-30,EXCLUDE,Q2-f1940aada4
37259161,8,2019-02-04,2019-02-04,EXCLUDE,Q2-f1940aada4
37259161,8,2019-02-09,2019-02-09,EXCLUDE,Q2-f1940aada4
37259161,8,2019-02-24,2019-02-24,EXCLUDE,Q2-f1940aada4
37259161,8,2019-02-27,2019-02-27,EXCLUDE,Q2-f1940aada4
37259161,8,2019-03-03,2019-03-03,EXCLUDE,Q2-f1940aada4
37259161,8,2019-03-10,2019-03-10,EXCLUDE,Q2-f1940aada4
37259161,8,2019-03-17,2019-03-17,EXCLUDE,Q2-f1940aada4
37259161,8,2019-03-31,2019-03-31,EXCLUDE,Q2-f1940aada4
37259161,8,2019-04-05,2019-04-05,EXCLUDE,Q2-f1940aada4
37259161,8,2019-04-14,2019-04-14,EXCLUDE,Q2-f1940aada4
37259161,8,2019-04-21,2019-04-21,EXCLUDE,Q2-f1940aada4
37259161,8,2019-04-26,2019-04-26,EXCLUDE,Q2-f1940aada4
37259161,8,2019-05-04,2019-05-04,EXCLUDE,Q2-f1940aada4
37259161,8,2019-05-12,2019-05-12,EXCLUDE,Q2-f1940aada4
581053,25,2019-01-30,2019-01-30,EXCLUDE,Q2-1f4088f98a
581053,25,2019-02-02,2019-02-02,EXCLUDE,Q2-1f4088f98a
581053,25,2019-02-09,2019-02-09,EXCLUDE,Q2-1f4088f98a
581053,25,2019-02-22,2019-02-22,EXCLUDE,Q2-1f4088f98a
581053,25,2019-02-27,2019-02-27,EXCLUDE,Q2-1f4088f98a
581053,25,2019-03-03,2019-03-03,EXCLUDE,Q2-1f4088f98a
581053,25,2019-03-09,2019-03-09,EXCLUDE,Q2-1f4088f98a
581053,25,2019-03-30,2019-03-30,EXCLUDE,Q2-1f4088f98a
581053,25,2019-04-02,2019-04-02,EXCLUDE,Q2-1f4088f98a
581053,25,2019-04-15,2019-04-15,EXCLUDE,Q2-1f4088f98a
581053,25,2019-04-20,2019-04-20,EXCLUDE,Q2-1f4088f98a
581053,25,2019-04-23,2019-04-23,EXCLUDE,Q2-1f4088f98a
581053,25,2019-04-27,2019-04-27,EXCLUDE,Q2-1f4088f98a
581053,25,2019-05-05,2019-05-05,EXCLUDE,Q2-1f4088f98a
581053,25,2019-05-12,2019-05-12,EXCLUDE,Q2-1f4088f98a
2846690,78,2019-01-29,2019-01-29,EXCLUDE,Q2-a8aa0e70d2
2846690,78,2019-02-02,2019-02-02,EXCLUDE,Q2-a8aa0e70d2
2846690,78,2019-02-09,2019-02-09,EXCLUDE,Q2-a8aa0e70d2
2846690,78,2019-02-26,2019-02-26,EXCLUDE,Q2-a8aa0e70d2
2846690,78,2019-03-02,2019-03-02,EXCLUDE,Q2-a8aa0e70d2
2846690,78,2019-03-09,2019-03-09,EXCLUDE,Q2-a8aa0e70d2
2846690,78,2019-03-30,2019-03-30,EXCLUDE,Q2-a8aa0e70d2
2846690,78,2019-04-03,2019-04-03,EXCLUDE,Q2-a8aa0e70d2
2846690,78,2019-04-13,2019-04-13,EXCLUDE,Q2-a8aa0e70d2
2846690,78,2019-04-16,2019-04-16,EXCLUDE,Q2-a8aa0e70d2
2846690,78,2019-04-20,2019-04-20,EXCLUDE,Q2-a8aa0e70d2
2846690,78,2019-04-23,2019-04-23,EXCLUDE,Q2-a8aa0e70d2
2846690,78,2019-04-27,2019-04-27,EXCLUDE,Q2-a8aa0e70d2
2846690,78,2019-05-05,2019-05-05,EXCLUDE,Q2-a8aa0e70d2
2846690,78,2019-05-12,2019-05-12,EXCLUDE,Q2-a8aa0e70d2
900854708,52,2022-08-27,2022-08-27,EXCLUDE,Q2-fba1d99804
900854708,52,2022-08-31,2022-08-31,EXCLUDE,Q2-fba1d99804
900854708,52,2022-09-03,2022-09-03,EXCLUDE,Q2-fba1d99804
900854708,52,2022-09-17,2022-09-17,EXCLUDE,Q2-fba1d99804
900854708,52,2022-10-01,2022-10-01,EXCLUDE,Q2-fba1d99804
900854708,52,2022-10-08,2022-10-08,EXCLUDE,Q2-fba1d99804
900854708,52,2022-10-15,2022-10-15,EXCLUDE,Q2-fba1d99804
900854708,52,2022-10-19,2022-10-19,EXCLUDE,Q2-fba1d99804
900854708,52,2022-10-24,2022-10-24,EXCLUDE,Q2-fba1d99804
900854708,52,2022-10-29,2022-10-29,EXCLUDE,Q2-fba1d99804
900854708,52,2022-11-05,2022-11-05,EXCLUDE,Q2-fba1d99804
900854708,52,2022-11-12,2022-11-12,EXCLUDE,Q2-fba1d99804
900854708,52,2022-12-27,2022-12-27,EXCLUDE,Q2-fba1d99804
900854708,52,2022-12-31,2022-12-31,EXCLUDE,Q2-fba1d99804
900854708,52,2023-01-03,2023-01-03,EXCLUDE,Q2-fba1d99804
37608777,52,2023-02-18,2023-02-18,EXCLUDE,Q2-29e5c99d72
37608777,52,2023-02-25,2023-02-25,EXCLUDE,Q2-29e5c99d72
37608777,52,2023-03-04,2023-03-04,EXCLUDE,Q2-29e5c99d72
37608777,52,2023-03-11,2023-03-11,EXCLUDE,Q2-29e5c99d72
37608777,52,2023-03-18,2023-03-18,EXCLUDE,Q2-29e5c99d72
37608777,52,2023-04-01,2023-04-01,EXCLUDE,Q2-29e5c99d72
37608777,52,2023-04-04,2023-04-04,EXCLUDE,Q2-29e5c99d72
37608777,52,2023-04-08,2023-04-08,EXCLUDE,Q2-29e5c99d72
37608777,52,2023-04-15,2023-04-15,EXCLUDE,Q2-29e5c99d72
37608777,52,2023-04-23,2023-04-23,EXCLUDE,Q2-29e5c99d72
37608777,52,2023-04-27,2023-04-27,EXCLUDE,Q2-29e5c99d72
37608777,52,2023-04-30,2023-04-30,EXCLUDE,Q2-29e5c99d72
37608777,52,2023-05-06,2023-05-06,EXCLUDE,Q2-29e5c99d72
37608777,52,2023-05-13,2023-05-13,EXCLUDE,Q2-29e5c99d72
37608777,52,2023-05-28,2023-05-28,EXCLUDE,Q2-29e5c99d72
900854708,52,2022-08-27,2022-08-27,EXCLUDE,Q2-98441cd946
900854708,52,2022-08-31,2022-08-31,EXCLUDE,Q2-98441cd946
900854708,52,2022-09-03,2022-09-03,EXCLUDE,Q2-98441cd946
900854708,52,2022-09-17,2022-09-17,EXCLUDE,Q2-98441cd946
900854708,52,2022-10-01,2022-10-01,EXCLUDE,Q2-98441cd946
900854708,52,2022-10-08,2022-10-08,EXCLUDE,Q2-98441cd946
900854708,52,2022-10-15,2022-10-15,EXCLUDE,Q2-98441cd946
900854708,52,2022-10-19,2022-10-19,EXCLUDE,Q2-98441cd946
900854708,52,2022-10-24,2022-10-24,EXCLUDE,Q2-98441cd946
900854708,52,2022-10-29,2022-10-29,EXCLUDE,Q2-98441cd946
900854708,52,2022-11-05,2022-11-05,EXCLUDE,Q2-98441cd946
900854708,52,2022-11-12,2022-11-12,EXCLUDE,Q2-98441cd946
900854708,52,2022-12-27,2022-12-27,EXCLUDE,Q2-98441cd946
900854708,52,2022-12-31,2022-12-31,EXCLUDE,Q2-98441cd946
900854708,52,2023-01-03,2023-01-03,EXCLUDE,Q2-98441cd946
900222830,18,2020-02-01,2020-02-01,EXCLUDE,Q2-5776123d97
900222830,18,2020-02-17,2020-02-17,EXCLUDE,Q2-5776123d97
900222830,18,2020-02-22,2020-02-22,EXCLUDE,Q2-5776123d97
900222830,18,2020-02-29,2020-02-29,EXCLUDE,Q2-5776123d97
900222830,18,2020-03-08,2020-03-08,EXCLUDE,Q2-5776123d97
900222830,18,2020-06-21,2020-06-21,EXCLUDE,Q2-5776123d97
900222830,18,2020-06-25,2020-06-25,EXCLUDE,Q2-5776123d97
900222830,18,2020-07-01,2020-07-01,EXCLUDE,Q2-5776123d97
900222830,18,2020-07-04,2020-07-04,EXCLUDE,Q2-5776123d97
900222830,18,2020-07-07,2020-07-07,EXCLUDE,Q2-5776123d97
900222830,18,2020-07-11,2020-07-11,EXCLUDE,Q2-5776123d97
900222830,18,2020-07-14,2020-07-14,EXCLUDE,Q2-5776123d97
900222830,18,2020-07-22,2020-07-22,EXCLUDE,Q2-5776123d97
900222830,18,2020-07-26,2020-07-26,EXCLUDE,Q2-5776123d97
186847,11,2019-02-02,2019-02-02,EXCLUDE,Q2-0ef78d86af
186847,11,2019-02-09,2019-02-09,EXCLUDE,Q2-0ef78d86af
186847,11,2019-02-22,2019-02-22,EXCLUDE,Q2-0ef78d86af
186847,11,2019-02-27,2019-02-27,EXCLUDE,Q2-0ef78d86af
186847,11,2019-03-03,2019-03-03,EXCLUDE,Q2-0ef78d86af
186847,11,2019-03-09,2019-03-09,EXCLUDE,Q2-0ef78d86af
186847,11,2019-03-17,2019-03-17,EXCLUDE,Q2-0ef78d86af
186847,11,2019-03-30,2019-03-30,EXCLUDE,Q2-0ef78d86af
186847,11,2019-04-02,2019-04-02,EXCLUDE,Q2-0ef78d86af
186847,11,2019-04-13,2019-04-13,EXCLUDE,Q2-0ef78d86af
186847,11,2019-04-20,2019-04-20,EXCLUDE,Q2-0ef78d86af
186847,11,2019-04-27,2019-04-27,EXCLUDE,Q2-0ef78d86af
186847,11,2019-05-04,2019-05-04,EXCLUDE,Q2-0ef78d86af
186847,11,2019-05-12,2019-05-12,EXCLUDE,Q2-0ef78d86af
900183161,25,2019-02-22,2019-02-22,EXCLUDE,Q2-e05f32b08d
900183161,25,2019-02-27,2019-02-27,EXCLUDE,Q2-e05f32b08d
900183161,25,2019-03-03,2019-03-03,EXCLUDE,Q2-e05f32b08d
900183161,25,2019-03-09,2019-03-09,EXCLUDE,Q2-e05f32b08d
900183161,25,2019-03-30,2019-03-30,EXCLUDE,Q2-e05f32b08d
900183161,25,2019-04-02,2019-04-02,EXCLUDE,Q2-e05f32b08d
900183161,25,2019-04-15,2019-04-15,EXCLUDE,Q2-e05f32b08d
900183161,25,2019-04-20,2019-04-20,EXCLUDE,Q2-e05f32b08d
900183161,25,2019-04-23,2019-04-23,EXCLUDE,Q2-e05f32b08d
900183161,25,2019-04-27,2019-04-27,EXCLUDE,Q2-e05f32b08d
900183161,25,2019-05-05,2019-05-05,EXCLUDE,Q2-e05f32b08d
900183161,25,2019-05-12,2019-05-12,EXCLUDE,Q2-e05f32b08d
900339795,65,2020-01-11,2020-01-11,EXCLUDE,Q2-36dde6f2f5
900339795,65,2020-01-18,2020-01-18,EXCLUDE,Q2-36dde6f2f5
900339795,65,2020-01-21,2020-01-21,EXCLUDE,Q2-36dde6f2f5
900339795,65,2020-02-01,2020-02-01,EXCLUDE,Q2-36dde6f2f5
900339795,65,2020-02-15,2020-02-15,EXCLUDE,Q2-36dde6f2f5
900339795,65,2020-02-22,2020-02-22,EXCLUDE,Q2-36dde6f2f5
900339795,65,2020-02-29,2020-02-29,EXCLUDE,Q2-36dde6f2f5
900339795,65,2020-03-07,2020-03-07,EXCLUDE,Q2-36dde6f2f5
900339795,65,2020-06-19,2020-06-19,EXCLUDE,Q2-36dde6f2f5
900339795,65,2020-06-25,2020-06-25,EXCLUDE,Q2-36dde6f2f5
900339795,65,2020-06-28,2020-06-28,EXCLUDE,Q2-36dde6f2f5
900503765,18,2026-03-01,2026-03-01,EXCLUDE,Q2-e0f9cfbe1c
900503765,18,2026-03-04,2026-03-04,EXCLUDE,Q2-e0f9cfbe1c
900503765,18,2026-03-14,2026-03-14,EXCLUDE,Q2-e0f9cfbe1c
900503765,18,2026-03-21,2026-03-21,EXCLUDE,Q2-e0f9cfbe1c
900503765,18,2026-04-12,2026-04-12,EXCLUDE,Q2-e0f9cfbe1c
900503765,18,2026-04-18,2026-04-18,EXCLUDE,Q2-e0f9cfbe1c
900503765,18,2026-04-21,2026-04-21,EXCLUDE,Q2-e0f9cfbe1c
900503765,18,2026-05-04,2026-05-04,EXCLUDE,Q2-e0f9cfbe1c
900503765,18,2026-05-09,2026-05-09,EXCLUDE,Q2-e0f9cfbe1c
900503765,18,2026-05-19,2026-05-19,EXCLUDE,Q2-e0f9cfbe1c
900503765,18,2026-05-24,2026-05-24,EXCLUDE,Q2-e0f9cfbe1c
900701006,1,2025-03-10,2025-03-10,EXCLUDE,Q2-ab4e8fbc53
900701006,1,2025-03-15,2025-03-15,EXCLUDE,Q2-ab4e8fbc53
900701006,1,2025-04-01,2025-04-01,EXCLUDE,Q2-ab4e8fbc53
900701006,1,2025-04-05,2025-04-05,EXCLUDE,Q2-ab4e8fbc53
900701006,1,2025-04-13,2025-04-13,EXCLUDE,Q2-ab4e8fbc53
900701006,1,2025-04-19,2025-04-19,EXCLUDE,Q2-ab4e8fbc53
900701006,1,2025-04-26,2025-04-26,EXCLUDE,Q2-ab4e8fbc53
900701006,1,2025-05-04,2025-05-04,EXCLUDE,Q2-ab4e8fbc53
900701006,1,2025-05-11,2025-05-11,EXCLUDE,Q2-ab4e8fbc53
900701006,1,2025-05-18,2025-05-18,EXCLUDE,Q2-ab4e8fbc53
900701006,1,2025-05-25,2025-05-25,EXCLUDE,Q2-ab4e8fbc53
900565817,11,2023-04-01,2023-04-01,EXCLUDE,Q2-f4d7bcc0b9
900565817,11,2023-04-08,2023-04-08,EXCLUDE,Q2-f4d7bcc0b9
900565817,11,2023-04-15,2023-04-15,EXCLUDE,Q2-f4d7bcc0b9
900565817,11,2023-04-22,2023-04-22,EXCLUDE,Q2-f4d7bcc0b9
900565817,11,2023-04-25,2023-04-25,EXCLUDE,Q2-f4d7bcc0b9
900565817,11,2023-04-30,2023-04-30,EXCLUDE,Q2-f4d7bcc0b9
900565817,11,2023-05-03,2023-05-03,EXCLUDE,Q2-f4d7bcc0b9
900565817,11,2023-05-08,2023-05-08,EXCLUDE,Q2-f4d7bcc0b9
900565817,11,2023-05-13,2023-05-13,EXCLUDE,Q2-f4d7bcc0b9
900565817,11,2023-05-20,2023-05-20,EXCLUDE,Q2-f4d7bcc0b9
900565817,11,2023-05-28,2023-05-28,EXCLUDE,Q2-f4d7bcc0b9
901051146,14,2021-03-07,2021-03-07,EXCLUDE,Q2-faaa12e801
901051146,14,2021-03-14,2021-03-14,EXCLUDE,Q2-faaa12e801
901051146,14,2021-04-04,2021-04-04,EXCLUDE,Q2-faaa12e801
901051146,14,2021-04-11,2021-04-11,EXCLUDE,Q2-faaa12e801
901051146,14,2021-04-18,2021-04-18,EXCLUDE,Q2-faaa12e801
901051146,14,2021-04-25,2021-04-25,EXCLUDE,Q2-faaa12e801
901051146,14,2021-05-09,2021-05-09,EXCLUDE,Q2-faaa12e801
901051146,14,2021-05-11,2021-05-11,EXCLUDE,Q2-faaa12e801
901051146,14,2021-05-13,2021-05-13,EXCLUDE,Q2-faaa12e801
901051146,14,2021-05-18,2021-05-18,EXCLUDE,Q2-faaa12e801
901051146,14,2021-05-23,2021-05-23,EXCLUDE,Q2-faaa12e801
537279,9,2020-06-17,2020-06-17,EXCLUDE,Q2-c06b53378e
537279,9,2020-06-22,2020-06-22,EXCLUDE,Q2-c06b53378e
537279,9,2020-06-25,2020-06-25,EXCLUDE,Q2-c06b53378e
537279,9,2020-07-02,2020-07-02,EXCLUDE,Q2-c06b53378e
537279,9,2020-07-05,2020-07-05,EXCLUDE,Q2-c06b53378e
537279,9,2020-07-08,2020-07-08,EXCLUDE,Q2-c06b53378e
537279,9,2020-07-11,2020-07-11,EXCLUDE,Q2-c06b53378e
537279,9,2020-07-15,2020-07-15,EXCLUDE,Q2-c06b53378e
537279,9,2020-07-21,2020-07-21,EXCLUDE,Q2-c06b53378e
537279,9,2020-07-26,2020-07-26,EXCLUDE,Q2-c06b53378e
11705406,15,2020-06-17,2020-06-17,EXCLUDE,Q2-396446af89
11705406,15,2020-06-21,2020-06-21,EXCLUDE,Q2-396446af89
11705406,15,2020-06-24,2020-06-24,EXCLUDE,Q2-396446af89
11705406,15,2020-06-27,2020-06-27,EXCLUDE,Q2-396446af89
11705406,15,2020-07-05,2020-07-05,EXCLUDE,Q2-396446af89
11705406,15,2020-07-09,2020-07-09,EXCLUDE,Q2-396446af89
11705406,15,2020-07-12,2020-07-12,EXCLUDE,Q2-396446af89
11705406,15,2020-07-16,2020-07-16,EXCLUDE,Q2-396446af89
11705406,15,2020-07-21,2020-07-21,EXCLUDE,Q2-396446af89
11705406,15,2020-07-26,2020-07-26,EXCLUDE,Q2-396446af89
23661272,21,2020-06-17,2020-06-17,EXCLUDE,Q2-998e96d7de
23661272,21,2020-06-21,2020-06-21,EXCLUDE,Q2-998e96d7de
23661272,21,2020-06-24,2020-06-24,EXCLUDE,Q2-998e96d7de
23661272,21,2020-07-02,2020-07-02,EXCLUDE,Q2-998e96d7de
23661272,21,2020-07-05,2020-07-05,EXCLUDE,Q2-998e96d7de
23661272,21,2020-07-08,2020-07-08,EXCLUDE,Q2-998e96d7de
23661272,21,2020-07-11,2020-07-11,EXCLUDE,Q2-998e96d7de
23661272,21,2020-07-16,2020-07-16,EXCLUDE,Q2-998e96d7de
23661272,21,2020-07-20,2020-07-20,EXCLUDE,Q2-998e96d7de
23661272,21,2020-07-26,2020-07-26,EXCLUDE,Q2-998e96d7de
901031258,13,2026-01-18,2026-01-18,EXCLUDE,Q2-6d74e727f5
901031258,13,2026-01-26,2026-01-26,EXCLUDE,Q2-6d74e727f5
901031258,13,2026-01-31,2026-01-31,EXCLUDE,Q2-6d74e727f5
901031258,13,2026-02-07,2026-02-07,EXCLUDE,Q2-6d74e727f5
901031258,13,2026-02-10,2026-02-10,EXCLUDE,Q2-6d74e727f5
901031258,13,2026-02-23,2026-02-23,EXCLUDE,Q2-6d74e727f5
901031258,13,2026-02-28,2026-02-28,EXCLUDE,Q2-6d74e727f5
901031258,13,2026-03-03,2026-03-03,EXCLUDE,Q2-6d74e727f5
901031258,13,2026-03-14,2026-03-14,EXCLUDE,Q2-6d74e727f5
901031258,13,2026-03-21,2026-03-21,EXCLUDE,Q2-6d74e727f5
37738333,29,2024-03-30,2024-03-30,EXCLUDE,Q2-37fbf3e15d
37738333,29,2024-04-02,2024-04-02,EXCLUDE,Q2-37fbf3e15d
37738333,29,2024-04-06,2024-04-06,EXCLUDE,Q2-37fbf3e15d
37738333,29,2024-04-13,2024-04-13,EXCLUDE,Q2-37fbf3e15d
37738333,29,2024-04-20,2024-04-20,EXCLUDE,Q2-37fbf3e15d
37738333,29,2024-04-24,2024-04-24,EXCLUDE,Q2-37fbf3e15d
37738333,29,2024-04-27,2024-04-27,EXCLUDE,Q2-37fbf3e15d
37738333,29,2024-05-04,2024-05-04,EXCLUDE,Q2-37fbf3e15d
37738333,29,2024-05-11,2024-05-11,EXCLUDE,Q2-37fbf3e15d
37738333,29,2024-05-19,2024-05-19,EXCLUDE,Q2-37fbf3e15d
30851415,14,2022-04-02,2022-04-02,EXCLUDE,Q2-e5180b803b
30851415,14,2022-04-09,2022-04-09,EXCLUDE,Q2-e5180b803b
30851415,14,2022-04-16,2022-04-16,EXCLUDE,Q2-e5180b803b
30851415,14,2022-04-19,2022-04-19,EXCLUDE,Q2-e5180b803b
30851415,14,2022-04-23,2022-04-23,EXCLUDE,Q2-e5180b803b
30851415,14,2022-04-28,2022-04-28,EXCLUDE,Q2-e5180b803b
30851415,14,2022-05-02,2022-05-02,EXCLUDE,Q2-e5180b803b
30851415,14,2022-05-07,2022-05-07,EXCLUDE,Q2-e5180b803b
30851415,14,2022-05-22,2022-05-22,EXCLUDE,Q2-e5180b803b
900396857,1,2020-06-20,2020-06-20,EXCLUDE,Q2-2971951610
900396857,1,2020-06-23,2020-06-23,EXCLUDE,Q2-2971951610
900396857,1,2020-07-01,2020-07-01,EXCLUDE,Q2-2971951610
900396857,1,2020-07-05,2020-07-05,EXCLUDE,Q2-2971951610
900396857,1,2020-07-08,2020-07-08,EXCLUDE,Q2-2971951610
900396857,1,2020-07-11,2020-07-11,EXCLUDE,Q2-2971951610
900396857,1,2020-07-17,2020-07-17,EXCLUDE,Q2-2971951610
900396857,1,2020-07-22,2020-07-22,EXCLUDE,Q2-2971951610
900396857,1,2020-07-26,2020-07-26,EXCLUDE,Q2-2971951610
1494345,29,2020-06-20,2020-06-20,EXCLUDE,Q2-01931ba0c3
1494345,29,2020-06-24,2020-06-24,EXCLUDE,Q2-01931ba0c3
1494345,29,2020-06-27,2020-06-27,EXCLUDE,Q2-01931ba0c3
1494345,29,2020-07-04,2020-07-04,EXCLUDE,Q2-01931ba0c3
1494345,29,2020-07-08,2020-07-08,EXCLUDE,Q2-01931ba0c3
1494345,29,2020-07-12,2020-07-12,EXCLUDE,Q2-01931ba0c3
1494345,29,2020-07-15,2020-07-15,EXCLUDE,Q2-01931ba0c3
1494345,29,2020-07-20,2020-07-20,EXCLUDE,Q2-01931ba0c3
1494345,29,2020-07-26,2020-07-26,EXCLUDE,Q2-01931ba0c3
900392762,29,2020-06-20,2020-06-20,EXCLUDE,Q2-6c6a9f6361
900392762,29,2020-06-24,2020-06-24,EXCLUDE,Q2-6c6a9f6361
900392762,29,2020-06-27,2020-06-27,EXCLUDE,Q2-6c6a9f6361
900392762,29,2020-07-04,2020-07-04,EXCLUDE,Q2-6c6a9f6361
900392762,29,2020-07-08,2020-07-08,EXCLUDE,Q2-6c6a9f6361
900392762,29,2020-07-12,2020-07-12,EXCLUDE,Q2-6c6a9f6361
900392762,29,2020-07-15,2020-07-15,EXCLUDE,Q2-6c6a9f6361
900392762,29,2020-07-20,2020-07-20,EXCLUDE,Q2-6c6a9f6361
900392762,29,2020-07-26,2020-07-26,EXCLUDE,Q2-6c6a9f6361
900614084,29,2020-06-20,2020-06-20,EXCLUDE,Q2-caa1593cf6
900614084,29,2020-06-24,2020-06-24,EXCLUDE,Q2-caa1593cf6
900614084,29,2020-06-27,2020-06-27,EXCLUDE,Q2-caa1593cf6
900614084,29,2020-07-04,2020-07-04,EXCLUDE,Q2-caa1593cf6
900614084,29,2020-07-08,2020-07-08,EXCLUDE,Q2-caa1593cf6
900614084,29,2020-07-12,2020-07-12,EXCLUDE,Q2-caa1593cf6
900614084,29,2020-07-15,2020-07-15,EXCLUDE,Q2-caa1593cf6
900614084,29,2020-07-20,2020-07-20,EXCLUDE,Q2-caa1593cf6
900614084,29,2020-07-26,2020-07-26,EXCLUDE,Q2-caa1593cf6
14004454,33,2020-06-19,2020-06-19,EXCLUDE,Q2-aa1451c832
14004454,33,2020-06-24,2020-06-24,EXCLUDE,Q2-aa1451c832
14004454,33,2020-07-01,2020-07-01,EXCLUDE,Q2-aa1451c832
14004454,33,2020-07-04,2020-07-04,EXCLUDE,Q2-aa1451c832
14004454,33,2020-07-07,2020-07-07,EXCLUDE,Q2-aa1451c832
14004454,33,2020-07-11,2020-07-11,EXCLUDE,Q2-aa1451c832
14004454,33,2020-07-14,2020-07-14,EXCLUDE,Q2-aa1451c832
14004454,33,2020-07-18,2020-07-18,EXCLUDE,Q2-aa1451c832
14004454,33,2020-07-26,2020-07-26,EXCLUDE,Q2-aa1451c832
539982,42,2020-06-20,2020-06-20,EXCLUDE,Q2-3688ed24cd
539982,42,2020-06-23,2020-06-23,EXCLUDE,Q2-3688ed24cd
539982,42,2020-07-01,2020-07-01,EXCLUDE,Q2-3688ed24cd
539982,42,2020-07-04,2020-07-04,EXCLUDE,Q2-3688ed24cd
539982,42,2020-07-07,2020-07-07,EXCLUDE,Q2-3688ed24cd
539982,42,2020-07-12,2020-07-12,EXCLUDE,Q2-3688ed24cd
539982,42,2020-07-16,2020-07-16,EXCLUDE,Q2-3688ed24cd
539982,42,2020-07-19,2020-07-19,EXCLUDE,Q2-3688ed24cd
539982,42,2020-07-26,2020-07-26,EXCLUDE,Q2-3688ed24cd
540613,42,2020-06-20,2020-06-20,EXCLUDE,Q2-7b4dc20d83
540613,42,2020-06-23,2020-06-23,EXCLUDE,Q2-7b4dc20d83
540613,42,2020-07-01,2020-07-01,EXCLUDE,Q2-7b4dc20d83
540613,42,2020-07-04,2020-07-04,EXCLUDE,Q2-7b4dc20d83
540613,42,2020-07-07,2020-07-07,EXCLUDE,Q2-7b4dc20d83
540613,42,2020-07-12,2020-07-12,EXCLUDE,Q2-7b4dc20d83
540613,42,2020-07-16,2020-07-16,EXCLUDE,Q2-7b4dc20d83
540613,42,2020-07-19,2020-07-19,EXCLUDE,Q2-7b4dc20d83
540613,42,2020-07-26,2020-07-26,EXCLUDE,Q2-7b4dc20d83
2846848,51,2020-06-20,2020-06-20,EXCLUDE,Q2-8cb34344b5
2846848,51,2020-06-24,2020-06-24,EXCLUDE,Q2-8cb34344b5
2846848,51,2020-06-29,2020-06-29,EXCLUDE,Q2-8cb34344b5
2846848,51,2020-07-04,2020-07-04,EXCLUDE,Q2-8cb34344b5
2846848,51,2020-07-07,2020-07-07,EXCLUDE,Q2-8cb34344b5
2846848,51,2020-07-12,2020-07-12,EXCLUDE,Q2-8cb34344b5
2846848,51,2020-07-16,2020-07-16,EXCLUDE,Q2-8cb34344b5
2846848,51,2020-07-20,2020-07-20,EXCLUDE,Q2-8cb34344b5
2846848,51,2020-07-26,2020-07-26,EXCLUDE,Q2-8cb34344b5
37392849,52,2020-06-20,2020-06-20,EXCLUDE,Q2-653da33af8
37392849,52,2020-06-24,2020-06-24,EXCLUDE,Q2-653da33af8
37392849,52,2020-07-01,2020-07-01,EXCLUDE,Q2-653da33af8
37392849,52,2020-07-04,2020-07-04,EXCLUDE,Q2-653da33af8
37392849,52,2020-07-09,2020-07-09,EXCLUDE,Q2-653da33af8
37392849,52,2020-07-12,2020-07-12,EXCLUDE,Q2-653da33af8
37392849,52,2020-07-15,2020-07-15,EXCLUDE,Q2-653da33af8
37392849,52,2020-07-19,2020-07-19,EXCLUDE,Q2-653da33af8
37392849,52,2020-07-26,2020-07-26,EXCLUDE,Q2-653da33af8
581004,78,2020-06-20,2020-06-20,EXCLUDE,Q2-b07302ab64
581004,78,2020-06-23,2020-06-23,EXCLUDE,Q2-b07302ab64
581004,78,2020-06-30,2020-06-30,EXCLUDE,Q2-b07302ab64
581004,78,2020-07-04,2020-07-04,EXCLUDE,Q2-b07302ab64
581004,78,2020-07-08,2020-07-08,EXCLUDE,Q2-b07302ab64
581004,78,2020-07-11,2020-07-11,EXCLUDE,Q2-b07302ab64
581004,78,2020-07-16,2020-07-16,EXCLUDE,Q2-b07302ab64
581004,78,2020-07-20,2020-07-20,EXCLUDE,Q2-b07302ab64
581004,78,2020-07-26,2020-07-26,EXCLUDE,Q2-b07302ab64
28912807,78,2020-06-20,2020-06-20,EXCLUDE,Q2-44e3e574ee
28912807,78,2020-06-23,2020-06-23,EXCLUDE,Q2-44e3e574ee
28912807,78,2020-06-30,2020-06-30,EXCLUDE,Q2-44e3e574ee
28912807,78,2020-07-04,2020-07-04,EXCLUDE,Q2-44e3e574ee
28912807,78,2020-07-08,2020-07-08,EXCLUDE,Q2-44e3e574ee
28912807,78,2020-07-11,2020-07-11,EXCLUDE,Q2-44e3e574ee
28912807,78,2020-07-16,2020-07-16,EXCLUDE,Q2-44e3e574ee
28912807,78,2020-07-20,2020-07-20,EXCLUDE,Q2-44e3e574ee
28912807,78,2020-07-26,2020-07-26,EXCLUDE,Q2-44e3e574ee
901031258,13,2025-08-18,2025-08-18,EXCLUDE,Q2-0ff40f4868
901031258,13,2025-08-24,2025-08-24,EXCLUDE,Q2-0ff40f4868
901031258,13,2025-08-30,2025-08-30,EXCLUDE,Q2-0ff40f4868
901031258,13,2025-09-13,2025-09-13,EXCLUDE,Q2-0ff40f4868
901031258,13,2025-09-20,2025-09-20,EXCLUDE,Q2-0ff40f4868
901031258,13,2025-09-29,2025-09-29,EXCLUDE,Q2-0ff40f4868
901031258,13,2025-10-05,2025-10-05,EXCLUDE,Q2-0ff40f4868
901031258,13,2025-10-18,2025-10-18,EXCLUDE,Q2-0ff40f4868
901031258,13,2025-10-26,2025-10-26,EXCLUDE,Q2-0ff40f4868
3502647,15,2021-04-10,2021-04-10,EXCLUDE,Q2-039ff18425
3502647,15,2021-04-21,2021-04-21,EXCLUDE,Q2-039ff18425
3502647,15,2021-04-25,2021-04-25,EXCLUDE,Q2-039ff18425
3502647,15,2021-05-01,2021-05-01,EXCLUDE,Q2-039ff18425
3502647,15,2021-05-09,2021-05-09,EXCLUDE,Q2-039ff18425
3502647,15,2021-05-13,2021-05-13,EXCLUDE,Q2-039ff18425
3502647,15,2021-05-16,2021-05-16,EXCLUDE,Q2-039ff18425
3502647,15,2021-05-19,2021-05-19,EXCLUDE,Q2-039ff18425
3502647,15,2021-05-23,2021-05-23,EXCLUDE,Q2-039ff18425
529045,15,2021-04-10,2021-04-10,EXCLUDE,Q2-2b8a0a212c
529045,15,2021-04-21,2021-04-21,EXCLUDE,Q2-2b8a0a212c
529045,15,2021-04-25,2021-04-25,EXCLUDE,Q2-2b8a0a212c
529045,15,2021-05-01,2021-05-01,EXCLUDE,Q2-2b8a0a212c
529045,15,2021-05-09,2021-05-09,EXCLUDE,Q2-2b8a0a212c
529045,15,2021-05-13,2021-05-13,EXCLUDE,Q2-2b8a0a212c
529045,15,2021-05-16,2021-05-16,EXCLUDE,Q2-2b8a0a212c
529045,15,2021-05-19,2021-05-19,EXCLUDE,Q2-2b8a0a212c
529045,15,2021-05-23,2021-05-23,EXCLUDE,Q2-2b8a0a212c
7687965,20,2019-03-16,2019-03-16,EXCLUDE,Q2-ee3287e365
7687965,20,2019-04-01,2019-04-01,EXCLUDE,Q2-ee3287e365
7687965,20,2019-04-06,2019-04-06,EXCLUDE,Q2-ee3287e365
7687965,20,2019-04-12,2019-04-12,EXCLUDE,Q2-ee3287e365
7687965,20,2019-04-20,2019-04-20,EXCLUDE,Q2-ee3287e365
7687965,20,2019-04-27,2019-04-27,EXCLUDE,Q2-ee3287e365
7687965,20,2019-05-04,2019-05-04,EXCLUDE,Q2-ee3287e365
7687965,20,2019-05-12,2019-05-12,EXCLUDE,Q2-ee3287e365
33186843,29,2019-03-30,2019-03-30,EXCLUDE,Q2-84f82b598d
33186843,29,2019-04-02,2019-04-02,EXCLUDE,Q2-84f82b598d
33186843,29,2019-04-13,2019-04-13,EXCLUDE,Q2-84f82b598d
33186843,29,2019-04-20,2019-04-20,EXCLUDE,Q2-84f82b598d
33186843,29,2019-04-24,2019-04-24,EXCLUDE,Q2-84f82b598d
33186843,29,2019-04-27,2019-04-27,EXCLUDE,Q2-84f82b598d
33186843,29,2019-05-04,2019-05-04,EXCLUDE,Q2-84f82b598d
33186843,29,2019-05-12,2019-05-12,EXCLUDE,Q2-84f82b598d
900496652,14,2021-01-12,2021-01-12,EXCLUDE,Q2-42e5c8ccfa
900496652,14,2021-01-17,2021-01-17,EXCLUDE,Q2-42e5c8ccfa
900496652,14,2021-01-20,2021-01-20,EXCLUDE,Q2-42e5c8ccfa
900496652,14,2021-01-27,2021-01-27,EXCLUDE,Q2-42e5c8ccfa
900496652,14,2021-01-30,2021-01-30,EXCLUDE,Q2-42e5c8ccfa
900496652,14,2021-02-02,2021-02-02,EXCLUDE,Q2-42e5c8ccfa
900496652,14,2021-02-06,2021-02-06,EXCLUDE,Q2-42e5c8ccfa
900496652,14,2021-02-14,2021-02-14,EXCLUDE,Q2-42e5c8ccfa
537192,8,2020-07-02,2020-07-02,EXCLUDE,Q2-0c4785940b
537192,8,2020-07-05,2020-07-05,EXCLUDE,Q2-0c4785940b
537192,8,2020-07-08,2020-07-08,EXCLUDE,Q2-0c4785940b
537192,8,2020-07-11,2020-07-11,EXCLUDE,Q2-0c4785940b
537192,8,2020-07-15,2020-07-15,EXCLUDE,Q2-0c4785940b
537192,8,2020-07-22,2020-07-22,EXCLUDE,Q2-0c4785940b
537192,8,2020-07-26,2020-07-26,EXCLUDE,Q2-0c4785940b
37537876,9,2020-07-02,2020-07-02,EXCLUDE,Q2-bf252b527b
37537876,9,2020-07-05,2020-07-05,EXCLUDE,Q2-bf252b527b
37537876,9,2020-07-08,2020-07-08,EXCLUDE,Q2-bf252b527b
37537876,9,2020-07-11,2020-07-11,EXCLUDE,Q2-bf252b527b
37537876,9,2020-07-15,2020-07-15,EXCLUDE,Q2-bf252b527b
37537876,9,2020-07-21,2020-07-21,EXCLUDE,Q2-bf252b527b
37537876,9,2020-07-26,2020-07-26,EXCLUDE,Q2-bf252b527b
900261504,9,2020-07-02,2020-07-02,EXCLUDE,Q2-f34f1f4ca8
900261504,9,2020-07-05,2020-07-05,EXCLUDE,Q2-f34f1f4ca8
900261504,9,2020-07-08,2020-07-08,EXCLUDE,Q2-f34f1f4ca8
900261504,9,2020-07-11,2020-07-11,EXCLUDE,Q2-f34f1f4ca8
900261504,9,2020-07-15,2020-07-15,EXCLUDE,Q2-f34f1f4ca8
900261504,9,2020-07-21,2020-07-21,EXCLUDE,Q2-f34f1f4ca8
900261504,9,2020-07-26,2020-07-26,EXCLUDE,Q2-f34f1f4ca8
37536874,9,2020-07-02,2020-07-02,EXCLUDE,Q2-666e221bd2
37536874,9,2020-07-05,2020-07-05,EXCLUDE,Q2-666e221bd2
37536874,9,2020-07-08,2020-07-08,EXCLUDE,Q2-666e221bd2
37536874,9,2020-07-11,2020-07-11,EXCLUDE,Q2-666e221bd2
37536874,9,2020-07-15,2020-07-15,EXCLUDE,Q2-666e221bd2
37536874,9,2020-07-21,2020-07-21,EXCLUDE,Q2-666e221bd2
37536874,9,2020-07-26,2020-07-26,EXCLUDE,Q2-666e221bd2
537353,9,2020-07-02,2020-07-02,EXCLUDE,Q2-d247a57a2d
537353,9,2020-07-05,2020-07-05,EXCLUDE,Q2-d247a57a2d
537353,9,2020-07-08,2020-07-08,EXCLUDE,Q2-d247a57a2d
537353,9,2020-07-11,2020-07-11,EXCLUDE,Q2-d247a57a2d
537353,9,2020-07-15,2020-07-15,EXCLUDE,Q2-d247a57a2d
537353,9,2020-07-21,2020-07-21,EXCLUDE,Q2-d247a57a2d
537353,9,2020-07-26,2020-07-26,EXCLUDE,Q2-d247a57a2d
4537,15,2020-06-17,2020-06-17,EXCLUDE,Q2-d8deb274a0
4537,15,2020-06-21,2020-06-21,EXCLUDE,Q2-d8deb274a0
4537,15,2020-06-24,2020-06-24,EXCLUDE,Q2-d8deb274a0
4537,15,2020-06-27,2020-06-27,EXCLUDE,Q2-d8deb274a0
4537,15,2020-07-05,2020-07-05,EXCLUDE,Q2-d8deb274a0
4537,15,2020-07-09,2020-07-09,EXCLUDE,Q2-d8deb274a0
4537,15,2020-07-12,2020-07-12,EXCLUDE,Q2-d8deb274a0
539967,19,2020-07-01,2020-07-01,EXCLUDE,Q2-002d342a0a
539967,19,2020-07-04,2020-07-04,EXCLUDE,Q2-002d342a0a
539967,19,2020-07-07,2020-07-07,EXCLUDE,Q2-002d342a0a
539967,19,2020-07-12,2020-07-12,EXCLUDE,Q2-002d342a0a
539967,19,2020-07-15,2020-07-15,EXCLUDE,Q2-002d342a0a
539967,19,2020-07-21,2020-07-21,EXCLUDE,Q2-002d342a0a
539967,19,2020-07-26,2020-07-26,EXCLUDE,Q2-002d342a0a
900293726,33,2020-07-01,2020-07-01,EXCLUDE,Q2-f89fe890cf
900293726,33,2020-07-04,2020-07-04,EXCLUDE,Q2-f89fe890cf
900293726,33,2020-07-07,2020-07-07,EXCLUDE,Q2-f89fe890cf
900293726,33,2020-07-11,2020-07-11,EXCLUDE,Q2-f89fe890cf
900293726,33,2020-07-14,2020-07-14,EXCLUDE,Q2-f89fe890cf
900293726,33,2020-07-18,2020-07-18,EXCLUDE,Q2-f89fe890cf
900293726,33,2020-07-26,2020-07-26,EXCLUDE,Q2-f89fe890cf
900854708,52,2020-07-01,2020-07-01,EXCLUDE,Q2-61adae607d
900854708,52,2020-07-04,2020-07-04,EXCLUDE,Q2-61adae607d
900854708,52,2020-07-09,2020-07-09,EXCLUDE,Q2-61adae607d
900854708,52,2020-07-12,2020-07-12,EXCLUDE,Q2-61adae607d
900854708,52,2020-07-15,2020-07-15,EXCLUDE,Q2-61adae607d
900854708,52,2020-07-19,2020-07-19,EXCLUDE,Q2-61adae607d
900854708,52,2020-07-26,2020-07-26,EXCLUDE,Q2-61adae607d
37549912,52,2020-07-01,2020-07-01,EXCLUDE,Q2-46110da07a
37549912,52,2020-07-04,2020-07-04,EXCLUDE,Q2-46110da07a
37549912,52,2020-07-09,2020-07-09,EXCLUDE,Q2-46110da07a
37549912,52,2020-07-12,2020-07-12,EXCLUDE,Q2-46110da07a
37549912,52,2020-07-15,2020-07-15,EXCLUDE,Q2-46110da07a
37549912,52,2020-07-19,2020-07-19,EXCLUDE,Q2-46110da07a
37549912,52,2020-07-26,2020-07-26,EXCLUDE,Q2-46110da07a
2846690,78,2020-06-30,2020-06-30,EXCLUDE,Q2-ec45216802
2846690,78,2020-07-04,2020-07-04,EXCLUDE,Q2-ec45216802
2846690,78,2020-07-08,2020-07-08,EXCLUDE,Q2-ec45216802
2846690,78,2020-07-11,2020-07-11,EXCLUDE,Q2-ec45216802
2846690,78,2020-07-16,2020-07-16,EXCLUDE,Q2-ec45216802
2846690,78,2020-07-20,2020-07-20,EXCLUDE,Q2-ec45216802
2846690,78,2020-07-26,2020-07-26,EXCLUDE,Q2-ec45216802
31625938,14,2020-07-04,2020-07-04,EXCLUDE,Q2-f72372b4f6
31625938,14,2020-07-09,2020-07-09,EXCLUDE,Q2-f72372b4f6
31625938,14,2020-07-13,2020-07-13,EXCLUDE,Q2-f72372b4f6
31625938,14,2020-07-16,2020-07-16,EXCLUDE,Q2-f72372b4f6
31625938,14,2020-07-22,2020-07-22,EXCLUDE,Q2-f72372b4f6
31625938,14,2020-07-26,2020-07-26,EXCLUDE,Q2-f72372b4f6
900797679,29,2020-07-04,2020-07-04,EXCLUDE,Q2-9d76aae799
900797679,29,2020-07-08,2020-07-08,EXCLUDE,Q2-9d76aae799
900797679,29,2020-07-12,2020-07-12,EXCLUDE,Q2-9d76aae799
900797679,29,2020-07-15,2020-07-15,EXCLUDE,Q2-9d76aae799
900797679,29,2020-07-20,2020-07-20,EXCLUDE,Q2-9d76aae799
900797679,29,2020-07-26,2020-07-26,EXCLUDE,Q2-9d76aae799
37287498,78,2020-07-04,2020-07-04,EXCLUDE,Q2-b5f1f82e65
37287498,78,2020-07-08,2020-07-08,EXCLUDE,Q2-b5f1f82e65
37287498,78,2020-07-11,2020-07-11,EXCLUDE,Q2-b5f1f82e65
37287498,78,2020-07-16,2020-07-16,EXCLUDE,Q2-b5f1f82e65
37287498,78,2020-07-20,2020-07-20,EXCLUDE,Q2-b5f1f82e65
37287498,78,2020-07-26,2020-07-26,EXCLUDE,Q2-b5f1f82e65
27081109,8,2019-04-05,2019-04-05,EXCLUDE,Q2-0f2acae185
27081109,8,2019-04-14,2019-04-14,EXCLUDE,Q2-0f2acae185
27081109,8,2019-04-21,2019-04-21,EXCLUDE,Q2-0f2acae185
27081109,8,2019-04-26,2019-04-26,EXCLUDE,Q2-0f2acae185
27081109,8,2019-05-04,2019-05-04,EXCLUDE,Q2-0f2acae185
27081109,8,2019-05-12,2019-05-12,EXCLUDE,Q2-0f2acae185
37316869,29,2025-01-06,2025-01-06,EXCLUDE,Q2-264c62b0a5
37316869,29,2025-01-15,2025-01-15,EXCLUDE,Q2-264c62b0a5
37316869,29,2025-01-20,2025-01-20,EXCLUDE,Q2-264c62b0a5
37316869,29,2025-01-25,2025-01-25,EXCLUDE,Q2-264c62b0a5
37316869,29,2025-02-01,2025-02-01,EXCLUDE,Q2-264c62b0a5
37537855,51,2025-01-04,2025-01-04,EXCLUDE,Q2-12a259c916
37537855,51,2025-01-15,2025-01-15,EXCLUDE,Q2-12a259c916
37537855,51,2025-01-18,2025-01-18,EXCLUDE,Q2-12a259c916
37537855,51,2025-01-26,2025-01-26,EXCLUDE,Q2-12a259c916
37537855,51,2025-02-02,2025-02-02,EXCLUDE,Q2-12a259c916
19625221,1,2022-08-07,2022-08-07,EXCLUDE,Q2-ae22a70ae8
19625221,1,2022-08-14,2022-08-14,EXCLUDE,Q2-ae22a70ae8
19625221,1,2022-08-21,2022-08-21,EXCLUDE,Q2-ae22a70ae8
19625221,1,2022-08-28,2022-08-28,EXCLUDE,Q2-ae22a70ae8
19625221,1,2022-08-31,2022-08-31,EXCLUDE,Q2-ae22a70ae8
13633370,42,2022-05-11,2022-05-11,EXCLUDE,Q2-1c6de41da3
13633370,42,2022-05-15,2022-05-15,EXCLUDE,Q2-1c6de41da3
13633370,42,2022-05-19,2022-05-19,EXCLUDE,Q2-1c6de41da3
13633370,42,2022-05-22,2022-05-22,EXCLUDE,Q2-1c6de41da3
340344,6,2019-08-10,2019-08-10,EXCLUDE,Q2-0b0294ef5c
340344,6,2019-08-17,2019-08-17,EXCLUDE,Q2-0b0294ef5c
340344,6,2019-08-25,2019-08-25,EXCLUDE,Q2-0b0294ef5c
340344,6,2019-09-01,2019-09-01,EXCLUDE,Q2-0b0294ef5c
900261504,9,2019-08-10,2019-08-10,EXCLUDE,Q2-267be7fad6
900261504,9,2019-08-17,2019-08-17,EXCLUDE,Q2-267be7fad6
900261504,9,2019-08-25,2019-08-25,EXCLUDE,Q2-267be7fad6
900261504,9,2019-08-31,2019-08-31,EXCLUDE,Q2-267be7fad6
900222830,18,2019-08-11,2019-08-11,EXCLUDE,Q2-363dd96f55
900222830,18,2019-08-18,2019-08-18,EXCLUDE,Q2-363dd96f55
900222830,18,2019-08-24,2019-08-24,EXCLUDE,Q2-363dd96f55
900222830,18,2019-08-31,2019-08-31,EXCLUDE,Q2-363dd96f55
901092671,27,2026-05-01,2026-05-01,EXCLUDE,Q2-70e9a1d535
901092671,27,2026-05-10,2026-05-10,EXCLUDE,Q2-70e9a1d535
901092671,27,2026-05-18,2026-05-18,EXCLUDE,Q2-70e9a1d535
901092671,27,2026-05-24,2026-05-24,EXCLUDE,Q2-70e9a1d535
900701006,1,2025-01-04,2025-01-04,EXCLUDE,Q2-01cf062e3f
900701006,1,2025-01-14,2025-01-14,EXCLUDE,Q2-01cf062e3f
900701006,1,2025-01-18,2025-01-18,EXCLUDE,Q2-01cf062e3f
900701006,1,2025-01-26,2025-01-26,EXCLUDE,Q2-01cf062e3f
900586981,19,2024-04-28,2024-04-28,EXCLUDE,Q2-77d85f4072
900586981,19,2024-05-04,2024-05-04,EXCLUDE,Q2-77d85f4072
900586981,19,2024-05-12,2024-05-12,EXCLUDE,Q2-77d85f4072
900586981,19,2024-05-19,2024-05-19,EXCLUDE,Q2-77d85f4072
900506965,19,2020-09-12,2020-09-12,EXCLUDE,Q2-a36e5f82c3
900506965,19,2020-09-19,2020-09-19,EXCLUDE,Q2-a36e5f82c3
900506965,19,2020-09-28,2020-09-28,EXCLUDE,Q2-a36e5f82c3
900506965,19,2020-10-04,2020-10-04,EXCLUDE,Q2-a36e5f82c3
900522131,25,2021-08-14,2021-08-14,EXCLUDE,Q2-fa2622e115
900522131,25,2021-08-21,2021-08-21,EXCLUDE,Q2-fa2622e115
900522131,25,2021-08-29,2021-08-29,EXCLUDE,Q2-fa2622e115
900346175,29,2019-01-14,2019-01-14,EXCLUDE,Q2-09f97520f2
900346175,29,2019-01-19,2019-01-19,EXCLUDE,Q2-09f97520f2
900346175,29,2019-01-29,2019-01-29,EXCLUDE,Q2-09f97520f2
581004,78,2018-08-11,2018-08-11,EXCLUDE,Q2-048c0b41c3
581004,78,2018-08-19,2018-08-19,EXCLUDE,Q2-048c0b41c3
581004,78,2018-08-25,2018-08-25,EXCLUDE,Q2-048c0b41c3
581004,78,2019-04-27,2019-04-27,EXCLUDE,Q2-251a15cb11
581004,78,2019-05-05,2019-05-05,EXCLUDE,Q2-251a15cb11
581004,78,2019-05-12,2019-05-12,EXCLUDE,Q2-251a15cb11
1316,1,2025-08-16,2025-08-16,EXCLUDE,Q2-6287d6505a
1316,1,2025-08-22,2025-08-22,EXCLUDE,Q2-6287d6505a
1316,1,2025-08-31,2025-08-31,EXCLUDE,Q2-6287d6505a
37391787,3,2025-08-16,2025-08-16,EXCLUDE,Q2-0fc94d14c9
37391787,3,2025-08-23,2025-08-23,EXCLUDE,Q2-0fc94d14c9
37391787,3,2025-08-30,2025-08-30,EXCLUDE,Q2-0fc94d14c9
900941809,27,2025-08-16,2025-08-16,EXCLUDE,Q2-6d9f538a57
900941809,27,2025-08-23,2025-08-23,EXCLUDE,Q2-6d9f538a57
900941809,27,2025-08-30,2025-08-30,EXCLUDE,Q2-6d9f538a57
37581536,63,2026-01-17,2026-01-17,EXCLUDE,Q2-068325f91e
37581536,63,2026-01-25,2026-01-25,EXCLUDE,Q2-068325f91e
37581536,63,2026-02-01,2026-02-01,EXCLUDE,Q2-068325f91e
24508,11,2024-08-16,2024-08-16,EXCLUDE,Q2-448cd7e8ed
24508,11,2024-08-24,2024-08-24,EXCLUDE,Q2-448cd7e8ed
24508,11,2024-08-31,2024-08-31,EXCLUDE,Q2-448cd7e8ed
96196,18,2023-08-13,2023-08-13,EXCLUDE,Q2-52d30c698d
96196,18,2023-08-20,2023-08-20,EXCLUDE,Q2-52d30c698d
96196,18,2023-08-25,2023-08-25,EXCLUDE,Q2-52d30c698d
37549912,52,2024-05-04,2024-05-04,EXCLUDE,Q2-9ce784c946
37549912,52,2024-05-11,2024-05-11,EXCLUDE,Q2-9ce784c946
37549912,52,2024-05-19,2024-05-19,EXCLUDE,Q2-9ce784c946
900634706,51,2023-01-15,2023-01-15,EXCLUDE,Q2-97194c3da6
900634706,51,2023-01-18,2023-01-18,EXCLUDE,Q2-97194c3da6
900634706,51,2023-01-21,2023-01-21,EXCLUDE,Q2-97194c3da6
900261504,9,2020-09-21,2020-09-21,EXCLUDE,Q2-172c46a4c7
900261504,9,2020-09-27,2020-09-27,EXCLUDE,Q2-172c46a4c7
900261504,9,2020-10-03,2020-10-03,EXCLUDE,Q2-172c46a4c7
900433182,8,2022-05-17,2022-05-17,EXCLUDE,Q2-88347e40c7
900433182,8,2022-05-22,2022-05-22,EXCLUDE,Q2-88347e40c7
900392762,29,2022-01-15,2022-01-15,EXCLUDE,Q2-f38052456c
900392762,29,2022-01-22,2022-01-22,EXCLUDE,Q2-f38052456c
4536583,63,2024-08-17,2024-08-17,EXCLUDE,Q2-3b4d266f8d
4536583,63,2024-08-24,2024-08-24,EXCLUDE,Q2-3b4d266f8d
37259161,8,2024-01-21,2024-01-21,EXCLUDE,Q2-37382e638a
37259161,8,2024-01-31,2024-01-31,EXCLUDE,Q2-37382e638a
1494345,29,2021-01-12,2021-01-12,EXCLUDE,Q2-55fadce2b8
1494345,29,2021-01-16,2021-01-16,EXCLUDE,Q2-55fadce2b8
37555964,18,2026-01-25,2026-01-25,EXCLUDE,Q2-1e7c91e03a
37555964,18,2026-01-31,2026-01-31,EXCLUDE,Q2-1e7c91e03a
823,27,2019-03-30,2019-03-30,EXCLUDE,Q2-eef3954119
823,27,2019-04-06,2019-04-06,EXCLUDE,Q2-eef3954119
823,27,2019-04-13,2019-04-13,EXCLUDE,Q2-eef3954119
823,27,2019-04-22,2019-04-22,EXCLUDE,Q2-eef3954119
823,27,2019-04-28,2019-04-28,EXCLUDE,Q2-eef3954119
823,27,2019-05-03,2019-05-03,EXCLUDE,Q2-eef3954119
823,27,2019-05-12,2019-05-12,EXCLUDE,Q2-eef3954119
900496652,14,2021-08-14,2021-08-14,EXCLUDE,Q2-54000fc4ad
900496652,14,2022-05-22,2022-05-22,EXCLUDE,Q2-daf9119e8a
900093690,25,2018-08-11,2018-08-11,EXCLUDE,Q2-b85f399837
900385922,27,2019-01-02,2019-01-02,EXCLUDE,Q2-94778d09dd
900565817,11,2025-01-18,2025-01-18,EXCLUDE,Q2-4bd410a4ae
37337720,9,2023-09-02,2023-09-02,EXCLUDE,Q2-172248ef2e
37528754,51,2023-08-12,2023-08-12,EXCLUDE,Q2-6f28ab0e0a
23697427,18,2020-09-14,2020-09-14,EXCLUDE,Q2-c0607a9a24
23697427,18,2020-09-20,2020-09-20,EXCLUDE,Q2-c0607a9a24
23697427,18,2020-09-26,2020-09-26,EXCLUDE,Q2-c0607a9a24
23697427,18,2020-10-03,2020-10-03,EXCLUDE,Q2-c0607a9a24
23697427,18,2020-10-17,2020-10-17,EXCLUDE,Q2-c0607a9a24
23697427,18,2020-10-24,2020-10-24,EXCLUDE,Q2-c0607a9a24
23697427,18,2020-10-31,2020-10-31,EXCLUDE,Q2-c0607a9a24
23697427,18,2020-11-07,2020-11-07,EXCLUDE,Q2-c0607a9a24
23697427,18,2020-11-21,2020-11-21,EXCLUDE,Q2-c0607a9a24
23697427,18,2020-11-29,2020-11-29,EXCLUDE,Q2-c0607a9a24
23697427,18,2020-12-05,2020-12-05,EXCLUDE,Q2-c0607a9a24
23697427,18,2020-12-12,2020-12-12,EXCLUDE,Q2-c0607a9a24
23697427,18,2020-12-15,2020-12-15,EXCLUDE,Q2-c0607a9a24
23697427,18,2020-12-21,2020-12-21,EXCLUDE,Q2-c0607a9a24
23697427,18,2020-12-26,2020-12-26,EXCLUDE,Q2-c0607a9a24
23697427,18,2020-12-28,2020-12-28,EXCLUDE,Q2-c0607a9a24
23697427,18,2021-01-03,2021-01-03,EXCLUDE,Q2-c0607a9a24
23697427,18,2021-01-16,2021-01-16,EXCLUDE,Q2-c0607a9a24
23697427,18,2021-01-19,2021-01-19,EXCLUDE,Q2-c0607a9a24
23697427,18,2021-01-27,2021-01-27,EXCLUDE,Q2-c0607a9a24
23697427,18,2021-01-31,2021-01-31,EXCLUDE,Q2-c0607a9a24
23697427,18,2021-02-04,2021-02-04,EXCLUDE,Q2-c0607a9a24
23697427,18,2021-02-07,2021-02-07,EXCLUDE,Q2-c0607a9a24
23697427,18,2021-02-15,2021-02-15,EXCLUDE,Q2-c0607a9a24
23697427,18,2021-02-20,2021-02-20,EXCLUDE,Q2-c0607a9a24
23697427,18,2021-02-28,2021-02-28,EXCLUDE,Q2-c0607a9a24
23697427,18,2021-03-04,2021-03-04,EXCLUDE,Q2-c0607a9a24
23697427,18,2021-03-08,2021-03-08,EXCLUDE,Q2-c0607a9a24
23697427,18,2021-03-13,2021-03-13,EXCLUDE,Q2-c0607a9a24
23697427,18,2021-04-03,2021-04-03,EXCLUDE,Q2-c0607a9a24
23697427,18,2021-04-10,2021-04-10,EXCLUDE,Q2-c0607a9a24
23697427,18,2021-04-20,2021-04-20,EXCLUDE,Q2-c0607a9a24
23697427,18,2021-04-24,2021-04-24,EXCLUDE,Q2-c0607a9a24
23697427,18,2021-05-01,2021-05-01,EXCLUDE,Q2-c0607a9a24
23697427,18,2021-05-08,2021-05-08,EXCLUDE,Q2-c0607a9a24
23697427,18,2021-05-12,2021-05-12,EXCLUDE,Q2-c0607a9a24
23697427,18,2021-05-18,2021-05-18,EXCLUDE,Q2-c0607a9a24
23697427,18,2021-05-23,2021-05-23,EXCLUDE,Q2-c0607a9a24
26603,63,2026-02-01,2026-02-01,EXCLUDE,Q2-e2e11c4ad5
539997,42,2022-01-23,2022-01-23,EXCLUDE,Q2-2762cdf5e9
539997,42,2022-02-10,2022-02-10,EXCLUDE,Q2-2762cdf5e9
539997,42,2022-02-13,2022-02-13,EXCLUDE,Q2-2762cdf5e9
539997,42,2022-02-20,2022-02-20,EXCLUDE,Q2-2762cdf5e9
539997,42,2022-03-01,2022-03-01,EXCLUDE,Q2-2762cdf5e9
539997,42,2022-03-05,2022-03-05,EXCLUDE,Q2-2762cdf5e9
539997,42,2022-03-13,2022-03-13,EXCLUDE,Q2-2762cdf5e9
539997,42,2022-03-20,2022-03-20,EXCLUDE,Q2-2762cdf5e9
539997,42,2022-04-02,2022-04-02,EXCLUDE,Q2-2762cdf5e9
539997,42,2022-04-10,2022-04-10,EXCLUDE,Q2-2762cdf5e9
539997,42,2022-04-17,2022-04-17,EXCLUDE,Q2-2762cdf5e9
539997,42,2022-04-20,2022-04-20,EXCLUDE,Q2-2762cdf5e9
539997,42,2022-04-23,2022-04-23,EXCLUDE,Q2-2762cdf5e9
539997,42,2022-05-01,2022-05-01,EXCLUDE,Q2-2762cdf5e9
539997,42,2022-05-08,2022-05-08,EXCLUDE,Q2-2762cdf5e9
539997,42,2022-05-11,2022-05-11,EXCLUDE,Q2-2762cdf5e9
539997,42,2022-05-15,2022-05-15,EXCLUDE,Q2-2762cdf5e9
539997,42,2022-05-19,2022-05-19,EXCLUDE,Q2-2762cdf5e9
539997,42,2022-05-22,2022-05-22,EXCLUDE,Q2-2762cdf5e9
37549901,52,2024-01-21,2024-01-21,EXCLUDE,Q2-951dc9b201
4244,1,2018-08-12,2018-08-12,EXCLUDE,GF-0718
4244,1,2018-08-18,2018-08-18,EXCLUDE,GF-0718
4244,1,2018-08-25,2018-08-25,EXCLUDE,GF-0718
129015,1,2018-08-12,2018-08-12,EXCLUDE,GF-0719
129015,1,2018-08-18,2018-08-18,EXCLUDE,GF-0719
129015,1,2018-08-25,2018-08-25,EXCLUDE,GF-0719
129015,1,2018-09-01,2018-09-01,EXCLUDE,GF-0719
129015,1,2018-09-16,2018-09-16,EXCLUDE,GF-0719
129015,1,2018-09-23,2018-09-23,EXCLUDE,GF-0719
129015,1,2018-09-29,2018-09-29,EXCLUDE,GF-0719
129015,1,2018-10-05,2018-10-05,EXCLUDE,GF-0719
129015,1,2018-10-20,2018-10-20,EXCLUDE,GF-0719
129015,1,2018-10-27,2018-10-27,EXCLUDE,GF-0719
129015,1,2018-11-03,2018-11-03,EXCLUDE,GF-0719
129015,1,2018-11-10,2018-11-10,EXCLUDE,GF-0719
129015,1,2018-11-24,2018-11-24,EXCLUDE,GF-0719
129015,1,2018-12-01,2018-12-01,EXCLUDE,GF-0719
129015,1,2018-12-04,2018-12-04,EXCLUDE,GF-0719
129015,1,2018-12-08,2018-12-08,EXCLUDE,GF-0719
129015,1,2018-12-15,2018-12-15,EXCLUDE,GF-0719
129015,1,2018-12-22,2018-12-22,EXCLUDE,GF-0719
129015,1,2018-12-27,2018-12-27,EXCLUDE,GF-0719
129015,1,2018-12-30,2018-12-30,EXCLUDE,GF-0719
129015,1,2019-01-02,2019-01-02,EXCLUDE,GF-0719
4947,1,2018-08-12,2018-08-12,EXCLUDE,GF-0720
1420,1,2018-08-12,2018-08-12,EXCLUDE,GF-0721
1420,1,2018-08-18,2018-08-18,EXCLUDE,GF-0721
1420,1,2018-08-25,2018-08-25,EXCLUDE,GF-0721
1420,1,2018-09-01,2018-09-01,EXCLUDE,GF-0721
1420,1,2018-09-16,2018-09-16,EXCLUDE,GF-0721
1420,1,2018-09-23,2018-09-23,EXCLUDE,GF-0721
1420,1,2018-09-29,2018-09-29,EXCLUDE,GF-0721
1420,1,2018-10-05,2018-10-05,EXCLUDE,GF-0721
1420,1,2018-10-20,2018-10-20,EXCLUDE,GF-0721
1420,1,2018-10-27,2018-10-27,EXCLUDE,GF-0721
1420,1,2018-11-03,2018-11-03,EXCLUDE,GF-0721
1420,1,2018-11-10,2018-11-10,EXCLUDE,GF-0721
1420,1,2018-11-24,2018-11-24,EXCLUDE,GF-0721
1420,1,2018-12-01,2018-12-01,EXCLUDE,GF-0721
1420,1,2018-12-04,2018-12-04,EXCLUDE,GF-0721
1420,1,2018-12-08,2018-12-08,EXCLUDE,GF-0721
1420,1,2018-12-15,2018-12-15,EXCLUDE,GF-0721
1420,1,2018-12-22,2018-12-22,EXCLUDE,GF-0721
1420,1,2018-12-27,2018-12-27,EXCLUDE,GF-0721
1420,1,2018-12-30,2018-12-30,EXCLUDE,GF-0721
1420,1,2019-01-02,2019-01-02,EXCLUDE,GF-0721
1420,1,2019-01-12,2019-01-12,EXCLUDE,GF-0721
1420,1,2019-01-19,2019-01-19,EXCLUDE,GF-0721
1420,1,2019-01-29,2019-01-29,EXCLUDE,GF-0721
1708,6,2018-08-11,2018-08-11,EXCLUDE,GF-0724
1708,6,2018-08-18,2018-08-18,EXCLUDE,GF-0724
1708,6,2018-08-27,2018-08-27,EXCLUDE,GF-0724
1712,6,2018-08-11,2018-08-11,EXCLUDE,GF-0726
1712,6,2018-08-18,2018-08-18,EXCLUDE,GF-0726
1918,8,2018-08-12,2018-08-12,EXCLUDE,GF-0729
4379,8,2018-08-12,2018-08-12,EXCLUDE,GF-0730
4379,8,2018-08-20,2018-08-20,EXCLUDE,GF-0730
4379,8,2018-08-25,2018-08-25,EXCLUDE,GF-0730
4361,8,2018-08-12,2018-08-12,EXCLUDE,GF-0733
4361,8,2018-08-20,2018-08-20,EXCLUDE,GF-0733
4361,8,2019-01-03,2019-01-03,EXCLUDE,GF-0733
4361,8,2019-01-12,2019-01-12,EXCLUDE,GF-0733
4361,8,2019-01-19,2019-01-19,EXCLUDE,GF-0733
4361,8,2019-01-30,2019-01-30,EXCLUDE,GF-0733
4361,8,2019-02-04,2019-02-04,EXCLUDE,GF-0733
4361,8,2019-02-09,2019-02-09,EXCLUDE,GF-0733
4361,8,2019-02-24,2019-02-24,EXCLUDE,GF-0733
4361,8,2019-02-27,2019-02-27,EXCLUDE,GF-0733
4361,8,2019-03-03,2019-03-03,EXCLUDE,GF-0733
4361,8,2019-03-10,2019-03-10,EXCLUDE,GF-0733
4361,8,2019-03-17,2019-03-17,EXCLUDE,GF-0733
4361,8,2019-03-31,2019-03-31,EXCLUDE,GF-0733
4361,8,2019-04-05,2019-04-05,EXCLUDE,GF-0733
4361,8,2019-04-14,2019-04-14,EXCLUDE,GF-0733
4361,8,2019-04-21,2019-04-21,EXCLUDE,GF-0733
4361,8,2019-04-26,2019-04-26,EXCLUDE,GF-0733
4361,8,2019-05-04,2019-05-04,EXCLUDE,GF-0733
4361,8,2019-05-12,2019-05-12,EXCLUDE,GF-0733
537192,8,2018-08-12,2018-08-12,EXCLUDE,GF-0734
537192,8,2018-08-20,2018-08-20,EXCLUDE,GF-0734
537192,8,2018-08-25,2018-08-25,EXCLUDE,GF-0734
537192,8,2018-09-01,2018-09-01,EXCLUDE,GF-0734
537192,8,2018-09-15,2018-09-15,EXCLUDE,GF-0734
537192,8,2018-09-22,2018-09-22,EXCLUDE,GF-0734
537192,8,2018-09-29,2018-09-29,EXCLUDE,GF-0734
537192,8,2018-10-07,2018-10-07,EXCLUDE,GF-0734
537192,8,2018-10-20,2018-10-20,EXCLUDE,GF-0734
537192,8,2018-10-27,2018-10-27,EXCLUDE,GF-0734
537192,8,2018-11-03,2018-11-03,EXCLUDE,GF-0734
537192,8,2018-11-11,2018-11-11,EXCLUDE,GF-0734
537192,8,2018-11-24,2018-11-24,EXCLUDE,GF-0734
537192,8,2018-12-02,2018-12-02,EXCLUDE,GF-0734
537192,8,2018-12-05,2018-12-05,EXCLUDE,GF-0734
537192,8,2018-12-08,2018-12-08,EXCLUDE,GF-0734
537192,8,2018-12-16,2018-12-16,EXCLUDE,GF-0734
537192,8,2018-12-21,2018-12-21,EXCLUDE,GF-0734
537192,8,2018-12-26,2018-12-26,EXCLUDE,GF-0734
537192,8,2018-12-29,2018-12-29,EXCLUDE,GF-0734
537192,8,2019-01-03,2019-01-03,EXCLUDE,GF-0734
537192,8,2019-01-12,2019-01-12,EXCLUDE,GF-0734
537192,8,2019-01-19,2019-01-19,EXCLUDE,GF-0734
537192,8,2019-01-30,2019-01-30,EXCLUDE,GF-0734
537192,8,2019-02-04,2019-02-04,EXCLUDE,GF-0734
537192,8,2019-02-09,2019-02-09,EXCLUDE,GF-0734
537192,8,2019-02-24,2019-02-24,EXCLUDE,GF-0734
537192,8,2019-02-27,2019-02-27,EXCLUDE,GF-0734
537192,8,2019-03-03,2019-03-03,EXCLUDE,GF-0734
537192,8,2019-03-10,2019-03-10,EXCLUDE,GF-0734
537192,8,2019-03-17,2019-03-17,EXCLUDE,GF-0734
537192,8,2019-03-31,2019-03-31,EXCLUDE,GF-0734
537192,8,2019-04-05,2019-04-05,EXCLUDE,GF-0734
537192,8,2019-04-14,2019-04-14,EXCLUDE,GF-0734
537192,8,2019-04-21,2019-04-21,EXCLUDE,GF-0734
537192,8,2019-04-26,2019-04-26,EXCLUDE,GF-0734
537192,8,2019-05-04,2019-05-04,EXCLUDE,GF-0734
537192,8,2019-05-12,2019-05-12,EXCLUDE,GF-0734
896225,8,2018-08-12,2018-08-12,EXCLUDE,GF-0736
896225,8,2018-08-20,2018-08-20,EXCLUDE,GF-0736
896225,8,2018-08-25,2018-08-25,EXCLUDE,GF-0736
896225,8,2018-09-01,2018-09-01,EXCLUDE,GF-0736
896225,8,2018-09-15,2018-09-15,EXCLUDE,GF-0736
896225,8,2018-09-22,2018-09-22,EXCLUDE,GF-0736
896225,8,2018-09-29,2018-09-29,EXCLUDE,GF-0736
896225,8,2018-10-07,2018-10-07,EXCLUDE,GF-0736
896225,8,2018-10-20,2018-10-20,EXCLUDE,GF-0736
896225,8,2018-10-27,2018-10-27,EXCLUDE,GF-0736
896225,8,2018-11-03,2018-11-03,EXCLUDE,GF-0736
896225,8,2018-11-11,2018-11-11,EXCLUDE,GF-0736
896225,8,2018-11-24,2018-11-24,EXCLUDE,GF-0736
896225,8,2018-12-02,2018-12-02,EXCLUDE,GF-0736
896225,8,2018-12-05,2018-12-05,EXCLUDE,GF-0736
896225,8,2018-12-08,2018-12-08,EXCLUDE,GF-0736
896225,8,2018-12-16,2018-12-16,EXCLUDE,GF-0736
896225,8,2018-12-21,2018-12-21,EXCLUDE,GF-0736
896225,8,2018-12-26,2018-12-26,EXCLUDE,GF-0736
896225,8,2018-12-29,2018-12-29,EXCLUDE,GF-0736
896225,8,2019-01-03,2019-01-03,EXCLUDE,GF-0736
896225,8,2019-01-12,2019-01-12,EXCLUDE,GF-0736
896225,8,2019-01-19,2019-01-19,EXCLUDE,GF-0736
896225,8,2019-01-30,2019-01-30,EXCLUDE,GF-0736
896225,8,2019-02-04,2019-02-04,EXCLUDE,GF-0736
896225,8,2019-02-09,2019-02-09,EXCLUDE,GF-0736
896225,8,2019-02-24,2019-02-24,EXCLUDE,GF-0736
896225,8,2019-02-27,2019-02-27,EXCLUDE,GF-0736
896225,8,2019-03-03,2019-03-03,EXCLUDE,GF-0736
896225,8,2019-03-10,2019-03-10,EXCLUDE,GF-0736
896225,8,2019-03-17,2019-03-17,EXCLUDE,GF-0736
896225,8,2019-03-31,2019-03-31,EXCLUDE,GF-0736
896225,8,2019-04-05,2019-04-05,EXCLUDE,GF-0736
896225,8,2019-04-14,2019-04-14,EXCLUDE,GF-0736
896225,8,2019-04-21,2019-04-21,EXCLUDE,GF-0736
896225,8,2019-04-26,2019-04-26,EXCLUDE,GF-0736
896225,8,2019-05-04,2019-05-04,EXCLUDE,GF-0736
896225,8,2019-05-12,2019-05-12,EXCLUDE,GF-0736
5193,8,2019-01-12,2019-01-12,EXCLUDE,GF-0737
5193,8,2019-01-19,2019-01-19,EXCLUDE,GF-0737
5193,8,2019-01-30,2019-01-30,EXCLUDE,GF-0737
5193,8,2019-02-04,2019-02-04,EXCLUDE,GF-0737
5193,8,2019-02-09,2019-02-09,EXCLUDE,GF-0737
5193,8,2019-02-24,2019-02-24,EXCLUDE,GF-0737
5193,8,2019-02-27,2019-02-27,EXCLUDE,GF-0737
5193,8,2019-03-03,2019-03-03,EXCLUDE,GF-0737
5193,8,2019-03-10,2019-03-10,EXCLUDE,GF-0737
5193,8,2019-03-17,2019-03-17,EXCLUDE,GF-0737
5193,8,2019-03-31,2019-03-31,EXCLUDE,GF-0737
5193,8,2019-04-05,2019-04-05,EXCLUDE,GF-0737
5193,8,2019-04-14,2019-04-14,EXCLUDE,GF-0737
5193,8,2019-04-21,2019-04-21,EXCLUDE,GF-0737
5193,8,2019-04-26,2019-04-26,EXCLUDE,GF-0737
5193,8,2019-05-04,2019-05-04,EXCLUDE,GF-0737
5193,8,2019-05-12,2019-05-12,EXCLUDE,GF-0737
1494392,8,2018-08-12,2018-08-12,EXCLUDE,GF-0738
1494392,8,2018-08-20,2018-08-20,EXCLUDE,GF-0738
1494392,8,2018-08-25,2018-08-25,EXCLUDE,GF-0738
1494392,8,2018-09-01,2018-09-01,EXCLUDE,GF-0738
1494392,8,2018-09-15,2018-09-15,EXCLUDE,GF-0738
1494392,8,2018-09-22,2018-09-22,EXCLUDE,GF-0738
1494392,8,2018-09-29,2018-09-29,EXCLUDE,GF-0738
1494392,8,2018-10-07,2018-10-07,EXCLUDE,GF-0738
1494392,8,2018-10-20,2018-10-20,EXCLUDE,GF-0738
1494392,8,2018-10-27,2018-10-27,EXCLUDE,GF-0738
1494392,8,2018-11-03,2018-11-03,EXCLUDE,GF-0738
1494392,8,2018-11-11,2018-11-11,EXCLUDE,GF-0738
1494392,8,2018-11-24,2018-11-24,EXCLUDE,GF-0738
1494392,8,2018-12-02,2018-12-02,EXCLUDE,GF-0738
1494392,8,2018-12-05,2018-12-05,EXCLUDE,GF-0738
1494392,8,2018-12-08,2018-12-08,EXCLUDE,GF-0738
1494392,8,2018-12-16,2018-12-16,EXCLUDE,GF-0738
1494392,8,2018-12-21,2018-12-21,EXCLUDE,GF-0738
1494392,8,2018-12-26,2018-12-26,EXCLUDE,GF-0738
1494392,8,2018-12-29,2018-12-29,EXCLUDE,GF-0738
1494392,8,2019-01-03,2019-01-03,EXCLUDE,GF-0738
455354,8,2018-08-12,2018-08-12,EXCLUDE,GF-0739
455354,8,2018-08-20,2018-08-20,EXCLUDE,GF-0739
455354,8,2018-08-25,2018-08-25,EXCLUDE,GF-0739
455354,8,2018-09-01,2018-09-01,EXCLUDE,GF-0739
455354,8,2018-09-15,2018-09-15,EXCLUDE,GF-0739
455354,8,2018-09-22,2018-09-22,EXCLUDE,GF-0739
455354,8,2018-09-29,2018-09-29,EXCLUDE,GF-0739
455354,8,2018-10-07,2018-10-07,EXCLUDE,GF-0739
455354,8,2018-10-20,2018-10-20,EXCLUDE,GF-0739
455354,8,2018-10-27,2018-10-27,EXCLUDE,GF-0739
455354,8,2018-11-03,2018-11-03,EXCLUDE,GF-0739
455354,8,2018-11-11,2018-11-11,EXCLUDE,GF-0739
455354,8,2018-11-24,2018-11-24,EXCLUDE,GF-0739
455354,8,2018-12-02,2018-12-02,EXCLUDE,GF-0739
455354,8,2018-12-05,2018-12-05,EXCLUDE,GF-0739
455354,8,2018-12-08,2018-12-08,EXCLUDE,GF-0739
455354,8,2018-12-16,2018-12-16,EXCLUDE,GF-0739
455354,8,2018-12-21,2018-12-21,EXCLUDE,GF-0739
455354,8,2018-12-26,2018-12-26,EXCLUDE,GF-0739
455354,8,2018-12-29,2018-12-29,EXCLUDE,GF-0739
455354,8,2019-01-03,2019-01-03,EXCLUDE,GF-0739
455354,8,2019-01-12,2019-01-12,EXCLUDE,GF-0739
455354,8,2019-01-19,2019-01-19,EXCLUDE,GF-0739
455354,8,2019-01-30,2019-01-30,EXCLUDE,GF-0739
455354,8,2019-02-04,2019-02-04,EXCLUDE,GF-0739
455354,8,2019-02-09,2019-02-09,EXCLUDE,GF-0739
455354,8,2019-02-24,2019-02-24,EXCLUDE,GF-0739
455354,8,2019-02-27,2019-02-27,EXCLUDE,GF-0739
455354,8,2019-03-03,2019-03-03,EXCLUDE,GF-0739
455354,8,2019-03-10,2019-03-10,EXCLUDE,GF-0739
455354,8,2019-03-17,2019-03-17,EXCLUDE,GF-0739
455354,8,2019-03-31,2019-03-31,EXCLUDE,GF-0739
455354,8,2019-04-05,2019-04-05,EXCLUDE,GF-0739
455354,8,2019-04-14,2019-04-14,EXCLUDE,GF-0739
455354,8,2019-04-21,2019-04-21,EXCLUDE,GF-0739
455354,8,2019-04-26,2019-04-26,EXCLUDE,GF-0739
455354,8,2019-05-04,2019-05-04,EXCLUDE,GF-0739
455354,8,2019-05-12,2019-05-12,EXCLUDE,GF-0739
23269652,8,2018-08-12,2018-08-12,EXCLUDE,GF-0740
23269652,8,2018-08-20,2018-08-20,EXCLUDE,GF-0740
23269652,8,2018-08-25,2018-08-25,EXCLUDE,GF-0740
23269652,8,2018-09-01,2018-09-01,EXCLUDE,GF-0740
23269652,8,2018-09-15,2018-09-15,EXCLUDE,GF-0740
23269652,8,2018-09-22,2018-09-22,EXCLUDE,GF-0740
23269652,8,2018-09-29,2018-09-29,EXCLUDE,GF-0740
23269652,8,2018-10-07,2018-10-07,EXCLUDE,GF-0740
23269652,8,2018-10-20,2018-10-20,EXCLUDE,GF-0740
23269652,8,2018-10-27,2018-10-27,EXCLUDE,GF-0740
23269652,8,2018-11-03,2018-11-03,EXCLUDE,GF-0740
23269652,8,2018-11-11,2018-11-11,EXCLUDE,GF-0740
23269652,8,2018-11-24,2018-11-24,EXCLUDE,GF-0740
23269652,8,2018-12-02,2018-12-02,EXCLUDE,GF-0740
23269652,8,2018-12-05,2018-12-05,EXCLUDE,GF-0740
23269652,8,2018-12-08,2018-12-08,EXCLUDE,GF-0740
23269652,8,2018-12-16,2018-12-16,EXCLUDE,GF-0740
23269652,8,2018-12-21,2018-12-21,EXCLUDE,GF-0740
23269652,8,2018-12-26,2018-12-26,EXCLUDE,GF-0740
23269652,8,2018-12-29,2018-12-29,EXCLUDE,GF-0740
23269652,8,2019-01-03,2019-01-03,EXCLUDE,GF-0740
23269652,8,2019-01-12,2019-01-12,EXCLUDE,GF-0740
23269652,8,2019-01-19,2019-01-19,EXCLUDE,GF-0740
23269652,8,2019-01-30,2019-01-30,EXCLUDE,GF-0740
23269652,8,2019-02-04,2019-02-04,EXCLUDE,GF-0740
23269652,8,2019-02-09,2019-02-09,EXCLUDE,GF-0740
23269652,8,2019-02-24,2019-02-24,EXCLUDE,GF-0740
23269652,8,2019-02-27,2019-02-27,EXCLUDE,GF-0740
23269652,8,2019-03-03,2019-03-03,EXCLUDE,GF-0740
23269652,8,2019-03-10,2019-03-10,EXCLUDE,GF-0740
23269652,8,2019-03-17,2019-03-17,EXCLUDE,GF-0740
23269652,8,2019-03-31,2019-03-31,EXCLUDE,GF-0740
23269652,8,2019-04-05,2019-04-05,EXCLUDE,GF-0740
23269652,8,2019-04-14,2019-04-14,EXCLUDE,GF-0740
23269652,8,2019-04-21,2019-04-21,EXCLUDE,GF-0740
23269652,8,2019-04-26,2019-04-26,EXCLUDE,GF-0740
23269652,8,2019-05-04,2019-05-04,EXCLUDE,GF-0740
23269652,8,2019-05-12,2019-05-12,EXCLUDE,GF-0740
4277,9,2018-08-12,2018-08-12,EXCLUDE,GF-0744
4445,9,2018-08-12,2018-08-12,EXCLUDE,GF-0748
4445,9,2018-08-19,2018-08-19,EXCLUDE,GF-0748
4445,9,2018-08-25,2018-08-25,EXCLUDE,GF-0748
4445,9,2018-09-01,2018-09-01,EXCLUDE,GF-0748
4445,9,2018-09-15,2018-09-15,EXCLUDE,GF-0748
4445,9,2018-09-22,2018-09-22,EXCLUDE,GF-0748
4445,9,2018-09-29,2018-09-29,EXCLUDE,GF-0748
4445,9,2018-10-07,2018-10-07,EXCLUDE,GF-0748
4445,9,2018-10-20,2018-10-20,EXCLUDE,GF-0748
4445,9,2018-10-29,2018-10-29,EXCLUDE,GF-0748
4445,9,2018-11-04,2018-11-04,EXCLUDE,GF-0748
4445,9,2018-11-11,2018-11-11,EXCLUDE,GF-0748
4445,9,2018-11-24,2018-11-24,EXCLUDE,GF-0748
4445,9,2018-12-01,2018-12-01,EXCLUDE,GF-0748
4445,9,2018-12-04,2018-12-04,EXCLUDE,GF-0748
4445,9,2018-12-08,2018-12-08,EXCLUDE,GF-0748
4445,9,2018-12-15,2018-12-15,EXCLUDE,GF-0748
4445,9,2018-12-22,2018-12-22,EXCLUDE,GF-0748
4445,9,2018-12-26,2018-12-26,EXCLUDE,GF-0748
4445,9,2018-12-30,2018-12-30,EXCLUDE,GF-0748
4445,9,2019-01-03,2019-01-03,EXCLUDE,GF-0748
4445,9,2019-01-14,2019-01-14,EXCLUDE,GF-0748
4445,9,2019-01-20,2019-01-20,EXCLUDE,GF-0748
4445,9,2019-01-29,2019-01-29,EXCLUDE,GF-0748
4445,9,2019-02-03,2019-02-03,EXCLUDE,GF-0748
4445,9,2019-02-06,2019-02-06,EXCLUDE,GF-0748
4445,9,2019-02-10,2019-02-10,EXCLUDE,GF-0748
4445,9,2019-02-27,2019-02-27,EXCLUDE,GF-0748
4445,9,2019-03-02,2019-03-02,EXCLUDE,GF-0748
4445,9,2019-03-09,2019-03-09,EXCLUDE,GF-0748
4445,9,2019-03-30,2019-03-30,EXCLUDE,GF-0748
4445,9,2019-04-03,2019-04-03,EXCLUDE,GF-0748
4445,9,2019-04-14,2019-04-14,EXCLUDE,GF-0748
4445,9,2019-04-20,2019-04-20,EXCLUDE,GF-0748
4445,9,2019-04-24,2019-04-24,EXCLUDE,GF-0748
4445,9,2019-04-28,2019-04-28,EXCLUDE,GF-0748
4445,9,2019-05-06,2019-05-06,EXCLUDE,GF-0748
4445,9,2019-05-12,2019-05-12,EXCLUDE,GF-0748
340342,9,2018-08-12,2018-08-12,EXCLUDE,GF-0751
340342,9,2018-08-19,2018-08-19,EXCLUDE,GF-0751
340342,9,2018-08-25,2018-08-25,EXCLUDE,GF-0751
340342,9,2018-09-01,2018-09-01,EXCLUDE,GF-0751
340342,9,2018-09-15,2018-09-15,EXCLUDE,GF-0751
340342,9,2018-09-22,2018-09-22,EXCLUDE,GF-0751
340342,9,2018-09-29,2018-09-29,EXCLUDE,GF-0751
340342,9,2018-10-07,2018-10-07,EXCLUDE,GF-0751
340342,9,2018-10-20,2018-10-20,EXCLUDE,GF-0751
340342,9,2018-10-29,2018-10-29,EXCLUDE,GF-0751
340342,9,2018-11-04,2018-11-04,EXCLUDE,GF-0751
340342,9,2018-11-11,2018-11-11,EXCLUDE,GF-0751
340342,9,2018-11-24,2018-11-24,EXCLUDE,GF-0751
340342,9,2018-12-01,2018-12-01,EXCLUDE,GF-0751
340342,9,2018-12-04,2018-12-04,EXCLUDE,GF-0751
340342,9,2018-12-08,2018-12-08,EXCLUDE,GF-0751
340342,9,2018-12-15,2018-12-15,EXCLUDE,GF-0751
340342,9,2018-12-22,2018-12-22,EXCLUDE,GF-0751
340342,9,2018-12-26,2018-12-26,EXCLUDE,GF-0751
340342,9,2018-12-30,2018-12-30,EXCLUDE,GF-0751
340342,9,2019-01-03,2019-01-03,EXCLUDE,GF-0751
537279,9,2018-08-12,2018-08-12,EXCLUDE,GF-0752
537279,9,2018-08-19,2018-08-19,EXCLUDE,GF-0752
537279,9,2018-08-25,2018-08-25,EXCLUDE,GF-0752
537279,9,2018-09-01,2018-09-01,EXCLUDE,GF-0752
537279,9,2018-09-15,2018-09-15,EXCLUDE,GF-0752
537279,9,2018-09-22,2018-09-22,EXCLUDE,GF-0752
537279,9,2018-09-29,2018-09-29,EXCLUDE,GF-0752
537279,9,2018-10-07,2018-10-07,EXCLUDE,GF-0752
537279,9,2018-10-20,2018-10-20,EXCLUDE,GF-0752
537279,9,2018-10-29,2018-10-29,EXCLUDE,GF-0752
537279,9,2018-11-04,2018-11-04,EXCLUDE,GF-0752
537279,9,2018-11-11,2018-11-11,EXCLUDE,GF-0752
537279,9,2018-11-24,2018-11-24,EXCLUDE,GF-0752
537279,9,2018-12-01,2018-12-01,EXCLUDE,GF-0752
537279,9,2018-12-04,2018-12-04,EXCLUDE,GF-0752
537279,9,2018-12-08,2018-12-08,EXCLUDE,GF-0752
537279,9,2018-12-15,2018-12-15,EXCLUDE,GF-0752
537279,9,2018-12-22,2018-12-22,EXCLUDE,GF-0752
537279,9,2018-12-26,2018-12-26,EXCLUDE,GF-0752
537279,9,2018-12-30,2018-12-30,EXCLUDE,GF-0752
537279,9,2019-01-03,2019-01-03,EXCLUDE,GF-0752
537279,9,2019-01-14,2019-01-14,EXCLUDE,GF-0752
537279,9,2019-01-20,2019-01-20,EXCLUDE,GF-0752
537279,9,2019-01-29,2019-01-29,EXCLUDE,GF-0752
537279,9,2019-02-03,2019-02-03,EXCLUDE,GF-0752
537279,9,2019-02-06,2019-02-06,EXCLUDE,GF-0752
537279,9,2019-02-10,2019-02-10,EXCLUDE,GF-0752
537279,9,2019-02-27,2019-02-27,EXCLUDE,GF-0752
537279,9,2019-03-02,2019-03-02,EXCLUDE,GF-0752
537279,9,2019-03-09,2019-03-09,EXCLUDE,GF-0752
537279,9,2019-03-30,2019-03-30,EXCLUDE,GF-0752
537279,9,2019-04-03,2019-04-03,EXCLUDE,GF-0752
537279,9,2019-04-14,2019-04-14,EXCLUDE,GF-0752
537279,9,2019-04-20,2019-04-20,EXCLUDE,GF-0752
537279,9,2019-04-24,2019-04-24,EXCLUDE,GF-0752
537279,9,2019-04-28,2019-04-28,EXCLUDE,GF-0752
537279,9,2019-05-06,2019-05-06,EXCLUDE,GF-0752
537279,9,2019-05-12,2019-05-12,EXCLUDE,GF-0752
187020,9,2019-01-03,2019-01-03,EXCLUDE,GF-0753
187020,9,2019-01-14,2019-01-14,EXCLUDE,GF-0753
187020,9,2019-01-20,2019-01-20,EXCLUDE,GF-0753
540564,9,2018-08-12,2018-08-12,EXCLUDE,GF-0754
540564,9,2018-08-19,2018-08-19,EXCLUDE,GF-0754
540564,9,2018-08-25,2018-08-25,EXCLUDE,GF-0754
540564,9,2018-09-01,2018-09-01,EXCLUDE,GF-0754
540564,9,2018-09-15,2018-09-15,EXCLUDE,GF-0754
540564,9,2018-09-22,2018-09-22,EXCLUDE,GF-0754
540564,9,2018-09-29,2018-09-29,EXCLUDE,GF-0754
540564,9,2018-10-07,2018-10-07,EXCLUDE,GF-0754
540564,9,2018-10-20,2018-10-20,EXCLUDE,GF-0754
540564,9,2018-10-29,2018-10-29,EXCLUDE,GF-0754
540564,9,2018-11-04,2018-11-04,EXCLUDE,GF-0754
540564,9,2018-11-11,2018-11-11,EXCLUDE,GF-0754
540564,9,2018-11-24,2018-11-24,EXCLUDE,GF-0754
540564,9,2018-12-01,2018-12-01,EXCLUDE,GF-0754
540564,9,2018-12-04,2018-12-04,EXCLUDE,GF-0754
540564,9,2018-12-08,2018-12-08,EXCLUDE,GF-0754
540564,9,2018-12-15,2018-12-15,EXCLUDE,GF-0754
540564,9,2018-12-22,2018-12-22,EXCLUDE,GF-0754
540564,9,2018-12-26,2018-12-26,EXCLUDE,GF-0754
540564,9,2018-12-30,2018-12-30,EXCLUDE,GF-0754
540564,9,2019-01-03,2019-01-03,EXCLUDE,GF-0754
540564,9,2019-01-14,2019-01-14,EXCLUDE,GF-0754
540564,9,2019-01-20,2019-01-20,EXCLUDE,GF-0754
2823510,9,2018-08-12,2018-08-12,EXCLUDE,GF-0755
2823510,9,2018-08-19,2018-08-19,EXCLUDE,GF-0755
2823510,9,2018-08-25,2018-08-25,EXCLUDE,GF-0755
2823510,9,2018-09-01,2018-09-01,EXCLUDE,GF-0755
2823510,9,2018-09-15,2018-09-15,EXCLUDE,GF-0755
2823510,9,2018-09-22,2018-09-22,EXCLUDE,GF-0755
2823510,9,2018-09-29,2018-09-29,EXCLUDE,GF-0755
2823510,9,2018-10-07,2018-10-07,EXCLUDE,GF-0755
2823510,9,2018-10-20,2018-10-20,EXCLUDE,GF-0755
2823510,9,2018-10-29,2018-10-29,EXCLUDE,GF-0755
2823510,9,2018-11-04,2018-11-04,EXCLUDE,GF-0755
2823510,9,2018-11-11,2018-11-11,EXCLUDE,GF-0755
2823510,9,2018-11-24,2018-11-24,EXCLUDE,GF-0755
2823510,9,2018-12-01,2018-12-01,EXCLUDE,GF-0755
2823510,9,2018-12-04,2018-12-04,EXCLUDE,GF-0755
2823510,9,2018-12-08,2018-12-08,EXCLUDE,GF-0755
2823510,9,2018-12-15,2018-12-15,EXCLUDE,GF-0755
2823510,9,2018-12-22,2018-12-22,EXCLUDE,GF-0755
2823510,9,2018-12-26,2018-12-26,EXCLUDE,GF-0755
2823510,9,2018-12-30,2018-12-30,EXCLUDE,GF-0755
2823510,9,2019-01-03,2019-01-03,EXCLUDE,GF-0755
2823510,9,2019-01-14,2019-01-14,EXCLUDE,GF-0755
2823510,9,2019-01-20,2019-01-20,EXCLUDE,GF-0755
2823510,9,2019-01-29,2019-01-29,EXCLUDE,GF-0755
2823510,9,2019-02-03,2019-02-03,EXCLUDE,GF-0755
2823510,9,2019-02-06,2019-02-06,EXCLUDE,GF-0755
2823510,9,2019-02-10,2019-02-10,EXCLUDE,GF-0755
2823510,9,2019-02-27,2019-02-27,EXCLUDE,GF-0755
2823510,9,2019-03-02,2019-03-02,EXCLUDE,GF-0755
2823510,9,2019-03-09,2019-03-09,EXCLUDE,GF-0755
2823510,9,2019-03-30,2019-03-30,EXCLUDE,GF-0755
2823510,9,2019-04-03,2019-04-03,EXCLUDE,GF-0755
2823510,9,2019-04-14,2019-04-14,EXCLUDE,GF-0755
2823510,9,2019-04-20,2019-04-20,EXCLUDE,GF-0755
2823510,9,2019-04-24,2019-04-24,EXCLUDE,GF-0755
2823510,9,2019-04-28,2019-04-28,EXCLUDE,GF-0755
2823510,9,2019-05-06,2019-05-06,EXCLUDE,GF-0755
2823510,9,2019-05-12,2019-05-12,EXCLUDE,GF-0755
537353,9,2018-08-12,2018-08-12,EXCLUDE,GF-0756
537353,9,2018-08-19,2018-08-19,EXCLUDE,GF-0756
537353,9,2018-08-25,2018-08-25,EXCLUDE,GF-0756
537353,9,2018-09-01,2018-09-01,EXCLUDE,GF-0756
537353,9,2018-09-15,2018-09-15,EXCLUDE,GF-0756
537353,9,2018-09-22,2018-09-22,EXCLUDE,GF-0756
537353,9,2018-09-29,2018-09-29,EXCLUDE,GF-0756
537353,9,2018-10-07,2018-10-07,EXCLUDE,GF-0756
537353,9,2018-10-20,2018-10-20,EXCLUDE,GF-0756
537353,9,2018-10-29,2018-10-29,EXCLUDE,GF-0756
537353,9,2018-11-04,2018-11-04,EXCLUDE,GF-0756
537353,9,2018-11-11,2018-11-11,EXCLUDE,GF-0756
537353,9,2018-11-24,2018-11-24,EXCLUDE,GF-0756
537353,9,2018-12-01,2018-12-01,EXCLUDE,GF-0756
537353,9,2018-12-04,2018-12-04,EXCLUDE,GF-0756
537353,9,2018-12-08,2018-12-08,EXCLUDE,GF-0756
537353,9,2018-12-15,2018-12-15,EXCLUDE,GF-0756
537353,9,2018-12-22,2018-12-22,EXCLUDE,GF-0756
537353,9,2018-12-26,2018-12-26,EXCLUDE,GF-0756
537353,9,2018-12-30,2018-12-30,EXCLUDE,GF-0756
537353,9,2019-01-03,2019-01-03,EXCLUDE,GF-0756
537353,9,2019-01-14,2019-01-14,EXCLUDE,GF-0756
537353,9,2019-01-20,2019-01-20,EXCLUDE,GF-0756
537353,9,2019-01-29,2019-01-29,EXCLUDE,GF-0756
537353,9,2019-02-03,2019-02-03,EXCLUDE,GF-0756
537353,9,2019-02-06,2019-02-06,EXCLUDE,GF-0756
537353,9,2019-02-10,2019-02-10,EXCLUDE,GF-0756
537353,9,2019-02-27,2019-02-27,EXCLUDE,GF-0756
537353,9,2019-03-02,2019-03-02,EXCLUDE,GF-0756
537353,9,2019-03-09,2019-03-09,EXCLUDE,GF-0756
537353,9,2019-03-30,2019-03-30,EXCLUDE,GF-0756
537353,9,2019-04-03,2019-04-03,EXCLUDE,GF-0756
537353,9,2019-04-14,2019-04-14,EXCLUDE,GF-0756
537353,9,2019-04-20,2019-04-20,EXCLUDE,GF-0756
537353,9,2019-04-24,2019-04-24,EXCLUDE,GF-0756
537353,9,2019-04-28,2019-04-28,EXCLUDE,GF-0756
537353,9,2019-05-06,2019-05-06,EXCLUDE,GF-0756
537353,9,2019-05-12,2019-05-12,EXCLUDE,GF-0756
6306127,9,2018-08-12,2018-08-12,EXCLUDE,GF-0757
6306127,9,2018-08-19,2018-08-19,EXCLUDE,GF-0757
6306127,9,2018-08-25,2018-08-25,EXCLUDE,GF-0757
6306127,9,2018-09-01,2018-09-01,EXCLUDE,GF-0757
6306127,9,2018-09-15,2018-09-15,EXCLUDE,GF-0757
6306127,9,2018-09-22,2018-09-22,EXCLUDE,GF-0757
6306127,9,2018-09-29,2018-09-29,EXCLUDE,GF-0757
6306127,9,2018-10-07,2018-10-07,EXCLUDE,GF-0757
6306127,9,2018-10-20,2018-10-20,EXCLUDE,GF-0757
6306127,9,2018-10-29,2018-10-29,EXCLUDE,GF-0757
6306127,9,2018-11-04,2018-11-04,EXCLUDE,GF-0757
6306127,9,2018-11-11,2018-11-11,EXCLUDE,GF-0757
6306127,9,2018-11-24,2018-11-24,EXCLUDE,GF-0757
6306127,9,2018-12-01,2018-12-01,EXCLUDE,GF-0757
6306127,9,2018-12-04,2018-12-04,EXCLUDE,GF-0757
6306127,9,2018-12-08,2018-12-08,EXCLUDE,GF-0757
6306127,9,2018-12-15,2018-12-15,EXCLUDE,GF-0757
6306127,9,2018-12-22,2018-12-22,EXCLUDE,GF-0757
6306127,9,2018-12-26,2018-12-26,EXCLUDE,GF-0757
6306127,9,2018-12-30,2018-12-30,EXCLUDE,GF-0757
6306127,9,2019-01-03,2019-01-03,EXCLUDE,GF-0757
6306127,9,2019-01-14,2019-01-14,EXCLUDE,GF-0757
6306127,9,2019-01-20,2019-01-20,EXCLUDE,GF-0757
6306127,9,2019-01-29,2019-01-29,EXCLUDE,GF-0757
6306127,9,2019-02-03,2019-02-03,EXCLUDE,GF-0757
6306127,9,2019-02-06,2019-02-06,EXCLUDE,GF-0757
6306127,9,2019-02-10,2019-02-10,EXCLUDE,GF-0757
6306127,9,2019-02-27,2019-02-27,EXCLUDE,GF-0757
6306127,9,2019-03-02,2019-03-02,EXCLUDE,GF-0757
6306127,9,2019-03-09,2019-03-09,EXCLUDE,GF-0757
6306127,9,2019-03-30,2019-03-30,EXCLUDE,GF-0757
6306127,9,2019-04-03,2019-04-03,EXCLUDE,GF-0757
6306127,9,2019-04-14,2019-04-14,EXCLUDE,GF-0757
6306127,9,2019-04-20,2019-04-20,EXCLUDE,GF-0757
6306127,9,2019-04-24,2019-04-24,EXCLUDE,GF-0757
6306127,9,2019-04-28,2019-04-28,EXCLUDE,GF-0757
6306127,9,2019-05-06,2019-05-06,EXCLUDE,GF-0757
6306127,9,2019-05-12,2019-05-12,EXCLUDE,GF-0757
4545389,9,2018-08-12,2018-08-12,EXCLUDE,GF-0758
4545389,9,2018-08-19,2018-08-19,EXCLUDE,GF-0758
4545389,9,2018-08-25,2018-08-25,EXCLUDE,GF-0758
4545389,9,2018-09-01,2018-09-01,EXCLUDE,GF-0758
4545389,9,2018-09-15,2018-09-15,EXCLUDE,GF-0758
4545389,9,2018-09-22,2018-09-22,EXCLUDE,GF-0758
4545389,9,2018-09-29,2018-09-29,EXCLUDE,GF-0758
4545389,9,2018-10-07,2018-10-07,EXCLUDE,GF-0758
4545389,9,2018-10-20,2018-10-20,EXCLUDE,GF-0758
4545389,9,2018-10-29,2018-10-29,EXCLUDE,GF-0758
4545389,9,2018-11-04,2018-11-04,EXCLUDE,GF-0758
4545389,9,2018-11-11,2018-11-11,EXCLUDE,GF-0758
4545389,9,2018-11-24,2018-11-24,EXCLUDE,GF-0758
4545389,9,2018-12-01,2018-12-01,EXCLUDE,GF-0758
4545389,9,2018-12-04,2018-12-04,EXCLUDE,GF-0758
4545389,9,2018-12-08,2018-12-08,EXCLUDE,GF-0758
4545389,9,2018-12-15,2018-12-15,EXCLUDE,GF-0758
4545389,9,2018-12-22,2018-12-22,EXCLUDE,GF-0758
4545389,9,2018-12-26,2018-12-26,EXCLUDE,GF-0758
4545389,9,2018-12-30,2018-12-30,EXCLUDE,GF-0758
4545389,9,2019-01-03,2019-01-03,EXCLUDE,GF-0758
4545389,9,2019-01-14,2019-01-14,EXCLUDE,GF-0758
4545389,9,2019-01-20,2019-01-20,EXCLUDE,GF-0758
4545389,9,2019-01-29,2019-01-29,EXCLUDE,GF-0758
4545389,9,2019-02-03,2019-02-03,EXCLUDE,GF-0758
4545389,9,2019-02-06,2019-02-06,EXCLUDE,GF-0758
4545389,9,2019-02-10,2019-02-10,EXCLUDE,GF-0758
4545389,9,2019-02-27,2019-02-27,EXCLUDE,GF-0758
4545389,9,2019-03-02,2019-03-02,EXCLUDE,GF-0758
4545389,9,2019-03-09,2019-03-09,EXCLUDE,GF-0758
4545389,9,2019-03-30,2019-03-30,EXCLUDE,GF-0758
4545389,9,2019-04-03,2019-04-03,EXCLUDE,GF-0758
4545389,9,2019-04-14,2019-04-14,EXCLUDE,GF-0758
4545389,9,2019-04-20,2019-04-20,EXCLUDE,GF-0758
4545389,9,2019-04-24,2019-04-24,EXCLUDE,GF-0758
4545389,9,2019-04-28,2019-04-28,EXCLUDE,GF-0758
4545389,9,2019-05-06,2019-05-06,EXCLUDE,GF-0758
4545389,9,2019-05-12,2019-05-12,EXCLUDE,GF-0758
16837816,9,2018-08-12,2018-08-12,EXCLUDE,GF-0759
16837816,9,2018-08-19,2018-08-19,EXCLUDE,GF-0759
16837816,9,2018-08-25,2018-08-25,EXCLUDE,GF-0759
16837816,9,2018-09-01,2018-09-01,EXCLUDE,GF-0759
16837816,9,2018-09-15,2018-09-15,EXCLUDE,GF-0759
16837816,9,2018-09-22,2018-09-22,EXCLUDE,GF-0759
16837816,9,2018-09-29,2018-09-29,EXCLUDE,GF-0759
16837816,9,2018-10-07,2018-10-07,EXCLUDE,GF-0759
16837816,9,2018-10-20,2018-10-20,EXCLUDE,GF-0759
16837816,9,2018-10-29,2018-10-29,EXCLUDE,GF-0759
16837816,9,2018-11-04,2018-11-04,EXCLUDE,GF-0759
16837816,9,2018-11-11,2018-11-11,EXCLUDE,GF-0759
16837816,9,2018-11-24,2018-11-24,EXCLUDE,GF-0759
16837816,9,2018-12-01,2018-12-01,EXCLUDE,GF-0759
16837816,9,2018-12-04,2018-12-04,EXCLUDE,GF-0759
16837816,9,2018-12-08,2018-12-08,EXCLUDE,GF-0759
16837816,9,2018-12-15,2018-12-15,EXCLUDE,GF-0759
16837816,9,2018-12-22,2018-12-22,EXCLUDE,GF-0759
16837816,9,2018-12-26,2018-12-26,EXCLUDE,GF-0759
16837816,9,2018-12-30,2018-12-30,EXCLUDE,GF-0759
16837816,9,2019-01-03,2019-01-03,EXCLUDE,GF-0759
16837816,9,2019-01-14,2019-01-14,EXCLUDE,GF-0759
16837816,9,2019-01-20,2019-01-20,EXCLUDE,GF-0759
16837816,9,2019-01-29,2019-01-29,EXCLUDE,GF-0759
16837816,9,2019-02-03,2019-02-03,EXCLUDE,GF-0759
16837816,9,2019-02-06,2019-02-06,EXCLUDE,GF-0759
16837816,9,2019-02-10,2019-02-10,EXCLUDE,GF-0759
16837816,9,2019-02-27,2019-02-27,EXCLUDE,GF-0759
16837816,9,2019-03-02,2019-03-02,EXCLUDE,GF-0759
16837816,9,2019-03-09,2019-03-09,EXCLUDE,GF-0759
16837816,9,2019-03-30,2019-03-30,EXCLUDE,GF-0759
16837816,9,2019-04-03,2019-04-03,EXCLUDE,GF-0759
16837816,9,2019-04-14,2019-04-14,EXCLUDE,GF-0759
16837816,9,2019-04-20,2019-04-20,EXCLUDE,GF-0759
16837816,9,2019-04-24,2019-04-24,EXCLUDE,GF-0759
16837816,9,2019-04-28,2019-04-28,EXCLUDE,GF-0759
16837816,9,2019-05-06,2019-05-06,EXCLUDE,GF-0759
16837816,9,2019-05-12,2019-05-12,EXCLUDE,GF-0759
2823511,9,2018-08-12,2018-08-12,EXCLUDE,GF-0760
2823511,9,2018-08-19,2018-08-19,EXCLUDE,GF-0760
2823511,9,2018-08-25,2018-08-25,EXCLUDE,GF-0760
2823511,9,2018-09-01,2018-09-01,EXCLUDE,GF-0760
2823511,9,2018-09-15,2018-09-15,EXCLUDE,GF-0760
2823511,9,2018-09-22,2018-09-22,EXCLUDE,GF-0760
2823511,9,2018-09-29,2018-09-29,EXCLUDE,GF-0760
2823511,9,2018-10-07,2018-10-07,EXCLUDE,GF-0760
2823511,9,2018-10-20,2018-10-20,EXCLUDE,GF-0760
2823511,9,2018-10-29,2018-10-29,EXCLUDE,GF-0760
2823511,9,2018-11-04,2018-11-04,EXCLUDE,GF-0760
2823511,9,2018-11-11,2018-11-11,EXCLUDE,GF-0760
2823511,9,2018-11-24,2018-11-24,EXCLUDE,GF-0760
2823511,9,2018-12-01,2018-12-01,EXCLUDE,GF-0760
2823511,9,2018-12-04,2018-12-04,EXCLUDE,GF-0760
2823511,9,2018-12-08,2018-12-08,EXCLUDE,GF-0760
2823511,9,2018-12-15,2018-12-15,EXCLUDE,GF-0760
2823511,9,2018-12-22,2018-12-22,EXCLUDE,GF-0760
2823511,9,2018-12-26,2018-12-26,EXCLUDE,GF-0760
2823511,9,2018-12-30,2018-12-30,EXCLUDE,GF-0760
2823511,9,2019-01-03,2019-01-03,EXCLUDE,GF-0760
2823511,9,2019-01-14,2019-01-14,EXCLUDE,GF-0760
2823511,9,2019-01-20,2019-01-20,EXCLUDE,GF-0760
2823511,9,2019-01-29,2019-01-29,EXCLUDE,GF-0760
2823511,9,2019-02-03,2019-02-03,EXCLUDE,GF-0760
2823511,9,2019-02-06,2019-02-06,EXCLUDE,GF-0760
2823511,9,2019-02-10,2019-02-10,EXCLUDE,GF-0760
2823511,9,2019-02-27,2019-02-27,EXCLUDE,GF-0760
2823511,9,2019-03-02,2019-03-02,EXCLUDE,GF-0760
2823511,9,2019-03-09,2019-03-09,EXCLUDE,GF-0760
2823511,9,2019-03-30,2019-03-30,EXCLUDE,GF-0760
2823511,9,2019-04-03,2019-04-03,EXCLUDE,GF-0760
2823511,9,2019-04-14,2019-04-14,EXCLUDE,GF-0760
2823511,9,2019-04-20,2019-04-20,EXCLUDE,GF-0760
2823511,9,2019-04-24,2019-04-24,EXCLUDE,GF-0760
2823511,9,2019-04-28,2019-04-28,EXCLUDE,GF-0760
2823511,9,2019-05-06,2019-05-06,EXCLUDE,GF-0760
2823511,9,2019-05-12,2019-05-12,EXCLUDE,GF-0760
900487180,9,2018-08-12,2018-08-12,EXCLUDE,GF-0761
900487180,9,2018-08-19,2018-08-19,EXCLUDE,GF-0761
900487180,9,2018-08-25,2018-08-25,EXCLUDE,GF-0761
900487180,9,2018-09-01,2018-09-01,EXCLUDE,GF-0761
900487180,9,2018-09-15,2018-09-15,EXCLUDE,GF-0761
900487180,9,2018-09-22,2018-09-22,EXCLUDE,GF-0761
900487180,9,2018-09-29,2018-09-29,EXCLUDE,GF-0761
900487180,9,2018-10-07,2018-10-07,EXCLUDE,GF-0761
900487180,9,2018-10-20,2018-10-20,EXCLUDE,GF-0761
900487180,9,2018-10-29,2018-10-29,EXCLUDE,GF-0761
900487180,9,2018-11-04,2018-11-04,EXCLUDE,GF-0761
900487180,9,2018-11-11,2018-11-11,EXCLUDE,GF-0761
900487180,9,2018-11-24,2018-11-24,EXCLUDE,GF-0761
900487180,9,2018-12-01,2018-12-01,EXCLUDE,GF-0761
900487180,9,2018-12-04,2018-12-04,EXCLUDE,GF-0761
900487180,9,2018-12-08,2018-12-08,EXCLUDE,GF-0761
900487180,9,2018-12-15,2018-12-15,EXCLUDE,GF-0761
900487180,9,2018-12-22,2018-12-22,EXCLUDE,GF-0761
900487180,9,2018-12-26,2018-12-26,EXCLUDE,GF-0761
900487180,9,2018-12-30,2018-12-30,EXCLUDE,GF-0761
900487180,9,2019-01-03,2019-01-03,EXCLUDE,GF-0761
900487180,9,2019-01-14,2019-01-14,EXCLUDE,GF-0761
900487180,9,2019-01-20,2019-01-20,EXCLUDE,GF-0761
900487180,9,2019-01-29,2019-01-29,EXCLUDE,GF-0761
900487180,9,2019-02-03,2019-02-03,EXCLUDE,GF-0761
900487180,9,2019-02-06,2019-02-06,EXCLUDE,GF-0761
900487180,9,2019-02-10,2019-02-10,EXCLUDE,GF-0761
900487180,9,2019-02-27,2019-02-27,EXCLUDE,GF-0761
900487180,9,2019-03-02,2019-03-02,EXCLUDE,GF-0761
900487180,9,2019-03-09,2019-03-09,EXCLUDE,GF-0761
900487180,9,2019-03-30,2019-03-30,EXCLUDE,GF-0761
900487180,9,2019-04-03,2019-04-03,EXCLUDE,GF-0761
900487180,9,2019-04-14,2019-04-14,EXCLUDE,GF-0761
900487180,9,2019-04-20,2019-04-20,EXCLUDE,GF-0761
900487180,9,2019-04-24,2019-04-24,EXCLUDE,GF-0761
900487180,9,2019-04-28,2019-04-28,EXCLUDE,GF-0761
900487180,9,2019-05-06,2019-05-06,EXCLUDE,GF-0761
900487180,9,2019-05-12,2019-05-12,EXCLUDE,GF-0761
5417,11,2018-08-11,2018-08-11,EXCLUDE,GF-0762
5417,11,2018-08-18,2018-08-18,EXCLUDE,GF-0762
5417,11,2018-08-26,2018-08-26,EXCLUDE,GF-0762
186847,11,2018-08-11,2018-08-11,EXCLUDE,GF-0764
186847,11,2019-02-02,2019-02-02,EXCLUDE,GF-0764
186847,11,2019-02-09,2019-02-09,EXCLUDE,GF-0764
186847,11,2019-02-22,2019-02-22,EXCLUDE,GF-0764
186847,11,2019-02-27,2019-02-27,EXCLUDE,GF-0764
186847,11,2019-03-03,2019-03-03,EXCLUDE,GF-0764
186847,11,2019-03-09,2019-03-09,EXCLUDE,GF-0764
186847,11,2019-03-17,2019-03-17,EXCLUDE,GF-0764
186847,11,2019-03-30,2019-03-30,EXCLUDE,GF-0764
186847,11,2019-04-02,2019-04-02,EXCLUDE,GF-0764
186847,11,2019-04-13,2019-04-13,EXCLUDE,GF-0764
186847,11,2019-04-20,2019-04-20,EXCLUDE,GF-0764
186847,11,2019-04-27,2019-04-27,EXCLUDE,GF-0764
186847,11,2019-05-04,2019-05-04,EXCLUDE,GF-0764
186847,11,2019-05-12,2019-05-12,EXCLUDE,GF-0764
1494712,11,2018-08-11,2018-08-11,EXCLUDE,GF-0765
1494712,11,2018-08-18,2018-08-18,EXCLUDE,GF-0765
1494712,11,2018-08-26,2018-08-26,EXCLUDE,GF-0765
1494712,11,2018-09-01,2018-09-01,EXCLUDE,GF-0765
1494712,11,2018-09-15,2018-09-15,EXCLUDE,GF-0765
1494712,11,2018-09-22,2018-09-22,EXCLUDE,GF-0765
1494712,11,2018-09-29,2018-09-29,EXCLUDE,GF-0765
1494712,11,2018-10-07,2018-10-07,EXCLUDE,GF-0765
1494712,11,2018-10-20,2018-10-20,EXCLUDE,GF-0765
1494712,11,2018-10-27,2018-10-27,EXCLUDE,GF-0765
1494712,11,2018-11-05,2018-11-05,EXCLUDE,GF-0765
1494712,11,2018-11-11,2018-11-11,EXCLUDE,GF-0765
1494712,11,2018-11-24,2018-11-24,EXCLUDE,GF-0765
1494712,11,2018-12-02,2018-12-02,EXCLUDE,GF-0765
1494712,11,2018-12-05,2018-12-05,EXCLUDE,GF-0765
1494712,11,2018-12-08,2018-12-08,EXCLUDE,GF-0765
1494712,11,2018-12-15,2018-12-15,EXCLUDE,GF-0765
1494712,11,2018-12-22,2018-12-22,EXCLUDE,GF-0765
1494712,11,2018-12-26,2018-12-26,EXCLUDE,GF-0765
1494712,11,2018-12-29,2018-12-29,EXCLUDE,GF-0765
1494712,11,2019-01-01,2019-01-01,EXCLUDE,GF-0765
1494712,11,2019-01-12,2019-01-12,EXCLUDE,GF-0765
1494712,11,2019-01-20,2019-01-20,EXCLUDE,GF-0765
1494712,11,2019-01-29,2019-01-29,EXCLUDE,GF-0765
1494712,11,2019-02-02,2019-02-02,EXCLUDE,GF-0765
1494712,11,2019-02-09,2019-02-09,EXCLUDE,GF-0765
1494712,11,2019-02-22,2019-02-22,EXCLUDE,GF-0765
1494712,11,2019-02-27,2019-02-27,EXCLUDE,GF-0765
1494712,11,2019-03-03,2019-03-03,EXCLUDE,GF-0765
1494712,11,2019-03-09,2019-03-09,EXCLUDE,GF-0765
1494712,11,2019-03-17,2019-03-17,EXCLUDE,GF-0765
1494712,11,2019-03-30,2019-03-30,EXCLUDE,GF-0765
1494712,11,2019-04-02,2019-04-02,EXCLUDE,GF-0765
1494712,11,2019-04-13,2019-04-13,EXCLUDE,GF-0765
1494712,11,2019-04-20,2019-04-20,EXCLUDE,GF-0765
1494712,11,2019-04-27,2019-04-27,EXCLUDE,GF-0765
1494712,11,2019-05-04,2019-05-04,EXCLUDE,GF-0765
1494712,11,2019-05-12,2019-05-12,EXCLUDE,GF-0765
1123,13,2018-08-11,2018-08-11,EXCLUDE,GF-0770
1123,13,2018-08-18,2018-08-18,EXCLUDE,GF-0770
1123,13,2019-01-29,2019-01-29,EXCLUDE,GF-0770
1370,13,2018-08-11,2018-08-11,EXCLUDE,GF-0771
1012,13,2018-08-11,2018-08-11,EXCLUDE,GF-0772
1012,13,2018-08-18,2018-08-18,EXCLUDE,GF-0772
1254,13,2018-08-11,2018-08-11,EXCLUDE,GF-0774
1254,13,2018-08-18,2018-08-18,EXCLUDE,GF-0774
1254,13,2018-08-25,2018-08-25,EXCLUDE,GF-0774
1254,13,2018-09-01,2018-09-01,EXCLUDE,GF-0774
1254,13,2018-09-16,2018-09-16,EXCLUDE,GF-0774
1254,13,2018-09-23,2018-09-23,EXCLUDE,GF-0774
1254,13,2018-09-29,2018-09-29,EXCLUDE,GF-0774
1254,13,2018-10-06,2018-10-06,EXCLUDE,GF-0774
1254,13,2018-10-21,2018-10-21,EXCLUDE,GF-0774
1254,13,2018-10-28,2018-10-28,EXCLUDE,GF-0774
1254,13,2018-11-03,2018-11-03,EXCLUDE,GF-0774
1254,13,2018-11-11,2018-11-11,EXCLUDE,GF-0774
1254,13,2018-11-24,2018-11-24,EXCLUDE,GF-0774
1254,13,2018-12-02,2018-12-02,EXCLUDE,GF-0774
1254,13,2018-12-05,2018-12-05,EXCLUDE,GF-0774
1254,13,2018-12-10,2018-12-10,EXCLUDE,GF-0774
1254,13,2018-12-15,2018-12-15,EXCLUDE,GF-0774
1254,13,2018-12-23,2018-12-23,EXCLUDE,GF-0774
1254,13,2018-12-26,2018-12-26,EXCLUDE,GF-0774
1254,13,2018-12-29,2018-12-29,EXCLUDE,GF-0774
1254,13,2019-01-01,2019-01-01,EXCLUDE,GF-0774
1254,13,2019-01-13,2019-01-13,EXCLUDE,GF-0774
1254,13,2019-01-19,2019-01-19,EXCLUDE,GF-0774
1254,13,2019-01-29,2019-01-29,EXCLUDE,GF-0774
1254,13,2019-02-02,2019-02-02,EXCLUDE,GF-0774
1254,13,2019-02-06,2019-02-06,EXCLUDE,GF-0774
1254,13,2019-02-09,2019-02-09,EXCLUDE,GF-0774
1254,13,2019-02-26,2019-02-26,EXCLUDE,GF-0774
1254,13,2019-03-03,2019-03-03,EXCLUDE,GF-0774
1254,13,2019-03-09,2019-03-09,EXCLUDE,GF-0774
1254,13,2019-03-17,2019-03-17,EXCLUDE,GF-0774
1254,13,2019-03-30,2019-03-30,EXCLUDE,GF-0774
1254,13,2019-04-07,2019-04-07,EXCLUDE,GF-0774
1254,13,2019-04-13,2019-04-13,EXCLUDE,GF-0774
1254,13,2019-04-21,2019-04-21,EXCLUDE,GF-0774
1254,13,2019-04-27,2019-04-27,EXCLUDE,GF-0774
1254,13,2019-05-03,2019-05-03,EXCLUDE,GF-0774
1254,13,2019-05-12,2019-05-12,EXCLUDE,GF-0774
4292,13,2018-08-11,2018-08-11,EXCLUDE,GF-0775
4292,13,2018-08-18,2018-08-18,EXCLUDE,GF-0775
4292,13,2018-08-25,2018-08-25,EXCLUDE,GF-0775
73906,13,2018-08-11,2018-08-11,EXCLUDE,GF-0776
539969,13,2018-08-11,2018-08-11,EXCLUDE,GF-0777
539969,13,2018-08-18,2018-08-18,EXCLUDE,GF-0777
539969,13,2018-08-25,2018-08-25,EXCLUDE,GF-0777
539969,13,2018-09-01,2018-09-01,EXCLUDE,GF-0777
539969,13,2018-09-16,2018-09-16,EXCLUDE,GF-0777
539969,13,2018-09-23,2018-09-23,EXCLUDE,GF-0777
539969,13,2018-09-29,2018-09-29,EXCLUDE,GF-0777
539969,13,2018-10-06,2018-10-06,EXCLUDE,GF-0777
539969,13,2018-10-21,2018-10-21,EXCLUDE,GF-0777
539969,13,2018-10-28,2018-10-28,EXCLUDE,GF-0777
539969,13,2018-11-03,2018-11-03,EXCLUDE,GF-0777
539969,13,2018-11-11,2018-11-11,EXCLUDE,GF-0777
539969,13,2018-11-24,2018-11-24,EXCLUDE,GF-0777
539969,13,2018-12-02,2018-12-02,EXCLUDE,GF-0777
539969,13,2018-12-05,2018-12-05,EXCLUDE,GF-0777
539969,13,2018-12-10,2018-12-10,EXCLUDE,GF-0777
539969,13,2018-12-15,2018-12-15,EXCLUDE,GF-0777
539969,13,2018-12-23,2018-12-23,EXCLUDE,GF-0777
539969,13,2018-12-26,2018-12-26,EXCLUDE,GF-0777
539969,13,2018-12-29,2018-12-29,EXCLUDE,GF-0777
539969,13,2019-01-01,2019-01-01,EXCLUDE,GF-0777
539969,13,2019-01-13,2019-01-13,EXCLUDE,GF-0777
539969,13,2019-01-19,2019-01-19,EXCLUDE,GF-0777
539969,13,2019-01-29,2019-01-29,EXCLUDE,GF-0777
539969,13,2019-02-02,2019-02-02,EXCLUDE,GF-0777
539969,13,2019-02-06,2019-02-06,EXCLUDE,GF-0777
539969,13,2019-02-09,2019-02-09,EXCLUDE,GF-0777
539969,13,2019-02-26,2019-02-26,EXCLUDE,GF-0777
539969,13,2019-03-03,2019-03-03,EXCLUDE,GF-0777
539969,13,2019-03-09,2019-03-09,EXCLUDE,GF-0777
539969,13,2019-03-17,2019-03-17,EXCLUDE,GF-0777
539969,13,2019-03-30,2019-03-30,EXCLUDE,GF-0777
539969,13,2019-04-07,2019-04-07,EXCLUDE,GF-0777
539969,13,2019-04-13,2019-04-13,EXCLUDE,GF-0777
539969,13,2019-04-21,2019-04-21,EXCLUDE,GF-0777
539969,13,2019-04-27,2019-04-27,EXCLUDE,GF-0777
539969,13,2019-05-03,2019-05-03,EXCLUDE,GF-0777
539969,13,2019-05-12,2019-05-12,EXCLUDE,GF-0777
5451,14,2019-01-13,2019-01-13,EXCLUDE,GF-0779
5451,14,2019-01-19,2019-01-19,EXCLUDE,GF-0779
5451,14,2019-01-29,2019-01-29,EXCLUDE,GF-0779
2926,14,2018-08-10,2018-08-10,EXCLUDE,GF-0780
4536527,14,2018-08-10,2018-08-10,EXCLUDE,GF-0783
4536527,14,2018-08-19,2018-08-19,EXCLUDE,GF-0783
4536527,14,2018-08-27,2018-08-27,EXCLUDE,GF-0783
4536527,14,2018-09-02,2018-09-02,EXCLUDE,GF-0783
4536527,14,2018-09-15,2018-09-15,EXCLUDE,GF-0783
4536527,14,2018-09-22,2018-09-22,EXCLUDE,GF-0783
4536527,14,2018-09-29,2018-09-29,EXCLUDE,GF-0783
4536527,14,2018-10-06,2018-10-06,EXCLUDE,GF-0783
4536527,14,2018-10-20,2018-10-20,EXCLUDE,GF-0783
4536527,14,2018-10-28,2018-10-28,EXCLUDE,GF-0783
4536527,14,2018-11-03,2018-11-03,EXCLUDE,GF-0783
4536527,14,2018-11-11,2018-11-11,EXCLUDE,GF-0783
4536527,14,2018-11-24,2018-11-24,EXCLUDE,GF-0783
4536527,14,2018-12-01,2018-12-01,EXCLUDE,GF-0783
4536527,14,2018-12-05,2018-12-05,EXCLUDE,GF-0783
4536527,14,2018-12-08,2018-12-08,EXCLUDE,GF-0783
4536527,14,2018-12-16,2018-12-16,EXCLUDE,GF-0783
4536527,14,2018-12-22,2018-12-22,EXCLUDE,GF-0783
4536527,14,2018-12-26,2018-12-26,EXCLUDE,GF-0783
4536527,14,2018-12-30,2018-12-30,EXCLUDE,GF-0783
4536527,14,2019-01-02,2019-01-02,EXCLUDE,GF-0783
4536527,14,2019-01-13,2019-01-13,EXCLUDE,GF-0783
4536527,14,2019-01-19,2019-01-19,EXCLUDE,GF-0783
4536527,14,2019-01-29,2019-01-29,EXCLUDE,GF-0783
4536527,14,2019-02-03,2019-02-03,EXCLUDE,GF-0783
4536527,14,2019-02-09,2019-02-09,EXCLUDE,GF-0783
4536527,14,2019-02-24,2019-02-24,EXCLUDE,GF-0783
4536527,14,2019-02-27,2019-02-27,EXCLUDE,GF-0783
4536527,14,2019-03-02,2019-03-02,EXCLUDE,GF-0783
4536527,14,2019-03-10,2019-03-10,EXCLUDE,GF-0783
4536527,14,2019-03-30,2019-03-30,EXCLUDE,GF-0783
4536527,14,2019-04-02,2019-04-02,EXCLUDE,GF-0783
4536527,14,2019-04-13,2019-04-13,EXCLUDE,GF-0783
4536527,14,2019-04-21,2019-04-21,EXCLUDE,GF-0783
4536527,14,2019-04-24,2019-04-24,EXCLUDE,GF-0783
4536527,14,2019-04-28,2019-04-28,EXCLUDE,GF-0783
4536527,14,2019-05-05,2019-05-05,EXCLUDE,GF-0783
4536527,14,2019-05-12,2019-05-12,EXCLUDE,GF-0783
143,18,2018-08-11,2018-08-11,EXCLUDE,GF-0784
143,18,2018-08-18,2018-08-18,EXCLUDE,GF-0784
143,18,2018-08-26,2018-08-26,EXCLUDE,GF-0784
143,18,2018-09-01,2018-09-01,EXCLUDE,GF-0784
143,18,2018-09-15,2018-09-15,EXCLUDE,GF-0784
143,18,2018-09-23,2018-09-23,EXCLUDE,GF-0784
143,18,2018-09-29,2018-09-29,EXCLUDE,GF-0784
143,18,2018-10-07,2018-10-07,EXCLUDE,GF-0784
143,18,2018-10-20,2018-10-20,EXCLUDE,GF-0784
143,18,2018-10-28,2018-10-28,EXCLUDE,GF-0784
143,18,2018-11-04,2018-11-04,EXCLUDE,GF-0784
143,18,2018-11-11,2018-11-11,EXCLUDE,GF-0784
143,18,2018-11-24,2018-11-24,EXCLUDE,GF-0784
143,18,2018-12-02,2018-12-02,EXCLUDE,GF-0784
143,18,2018-12-05,2018-12-05,EXCLUDE,GF-0784
143,18,2018-12-08,2018-12-08,EXCLUDE,GF-0784
143,18,2018-12-16,2018-12-16,EXCLUDE,GF-0784
143,18,2018-12-22,2018-12-22,EXCLUDE,GF-0784
143,18,2018-12-26,2018-12-26,EXCLUDE,GF-0784
143,18,2018-12-30,2018-12-30,EXCLUDE,GF-0784
143,18,2019-01-02,2019-01-02,EXCLUDE,GF-0784
143,18,2019-01-12,2019-01-12,EXCLUDE,GF-0784
143,18,2019-01-19,2019-01-19,EXCLUDE,GF-0784
143,18,2019-01-30,2019-01-30,EXCLUDE,GF-0784
143,18,2019-02-02,2019-02-02,EXCLUDE,GF-0784
143,18,2019-02-10,2019-02-10,EXCLUDE,GF-0784
143,18,2019-02-27,2019-02-27,EXCLUDE,GF-0784
143,18,2019-03-03,2019-03-03,EXCLUDE,GF-0784
143,18,2019-03-10,2019-03-10,EXCLUDE,GF-0784
143,18,2019-03-17,2019-03-17,EXCLUDE,GF-0784
143,18,2019-03-31,2019-03-31,EXCLUDE,GF-0784
143,18,2019-04-03,2019-04-03,EXCLUDE,GF-0784
143,18,2019-04-08,2019-04-08,EXCLUDE,GF-0784
143,18,2019-04-14,2019-04-14,EXCLUDE,GF-0784
143,18,2019-04-22,2019-04-22,EXCLUDE,GF-0784
143,18,2019-04-28,2019-04-28,EXCLUDE,GF-0784
143,18,2019-05-05,2019-05-05,EXCLUDE,GF-0784
143,18,2019-05-12,2019-05-12,EXCLUDE,GF-0784
4234,18,2018-11-24,2018-11-24,EXCLUDE,GF-0786
4234,18,2018-12-02,2018-12-02,EXCLUDE,GF-0786
4234,18,2018-12-05,2018-12-05,EXCLUDE,GF-0786
4234,18,2018-12-08,2018-12-08,EXCLUDE,GF-0786
4234,18,2018-12-16,2018-12-16,EXCLUDE,GF-0786
4234,18,2018-12-22,2018-12-22,EXCLUDE,GF-0786
4234,18,2018-12-26,2018-12-26,EXCLUDE,GF-0786
4234,18,2018-12-30,2018-12-30,EXCLUDE,GF-0786
4234,18,2019-01-02,2019-01-02,EXCLUDE,GF-0786
4234,18,2019-01-12,2019-01-12,EXCLUDE,GF-0786
4234,18,2019-01-19,2019-01-19,EXCLUDE,GF-0786
4234,18,2019-01-30,2019-01-30,EXCLUDE,GF-0786
4234,18,2019-02-02,2019-02-02,EXCLUDE,GF-0786
4234,18,2019-02-10,2019-02-10,EXCLUDE,GF-0786
4234,18,2019-02-27,2019-02-27,EXCLUDE,GF-0786
4234,18,2019-03-03,2019-03-03,EXCLUDE,GF-0786
4234,18,2019-03-10,2019-03-10,EXCLUDE,GF-0786
4234,18,2019-03-17,2019-03-17,EXCLUDE,GF-0786
4234,18,2019-03-31,2019-03-31,EXCLUDE,GF-0786
4234,18,2019-04-03,2019-04-03,EXCLUDE,GF-0786
4234,18,2019-04-08,2019-04-08,EXCLUDE,GF-0786
4234,18,2019-04-14,2019-04-14,EXCLUDE,GF-0786
4234,18,2019-04-22,2019-04-22,EXCLUDE,GF-0786
4234,18,2019-04-28,2019-04-28,EXCLUDE,GF-0786
4234,18,2019-05-05,2019-05-05,EXCLUDE,GF-0786
4234,18,2019-05-12,2019-05-12,EXCLUDE,GF-0786
2837,18,2018-08-11,2018-08-11,EXCLUDE,GF-0787
1375,18,2018-08-11,2018-08-11,EXCLUDE,GF-0788
1375,18,2018-08-18,2018-08-18,EXCLUDE,GF-0788
1375,18,2018-08-26,2018-08-26,EXCLUDE,GF-0788
1375,18,2018-09-01,2018-09-01,EXCLUDE,GF-0788
1375,18,2018-09-15,2018-09-15,EXCLUDE,GF-0788
1375,18,2018-09-23,2018-09-23,EXCLUDE,GF-0788
1375,18,2018-09-29,2018-09-29,EXCLUDE,GF-0788
1375,18,2018-10-07,2018-10-07,EXCLUDE,GF-0788
1375,18,2018-10-20,2018-10-20,EXCLUDE,GF-0788
1375,18,2018-10-28,2018-10-28,EXCLUDE,GF-0788
1375,18,2018-11-04,2018-11-04,EXCLUDE,GF-0788
1375,18,2018-11-11,2018-11-11,EXCLUDE,GF-0788
1375,18,2018-11-24,2018-11-24,EXCLUDE,GF-0788
1375,18,2018-12-02,2018-12-02,EXCLUDE,GF-0788
1375,18,2018-12-05,2018-12-05,EXCLUDE,GF-0788
1375,18,2018-12-08,2018-12-08,EXCLUDE,GF-0788
1375,18,2018-12-16,2018-12-16,EXCLUDE,GF-0788
1375,18,2018-12-22,2018-12-22,EXCLUDE,GF-0788
1375,18,2018-12-26,2018-12-26,EXCLUDE,GF-0788
1375,18,2018-12-30,2018-12-30,EXCLUDE,GF-0788
1375,18,2019-01-02,2019-01-02,EXCLUDE,GF-0788
1375,18,2019-01-12,2019-01-12,EXCLUDE,GF-0788
1375,18,2019-01-19,2019-01-19,EXCLUDE,GF-0788
1375,18,2019-01-30,2019-01-30,EXCLUDE,GF-0788
1375,18,2019-02-02,2019-02-02,EXCLUDE,GF-0788
1375,18,2019-02-10,2019-02-10,EXCLUDE,GF-0788
1375,18,2019-02-27,2019-02-27,EXCLUDE,GF-0788
1375,18,2019-03-03,2019-03-03,EXCLUDE,GF-0788
1375,18,2019-03-10,2019-03-10,EXCLUDE,GF-0788
1375,18,2019-03-17,2019-03-17,EXCLUDE,GF-0788
1375,18,2019-03-31,2019-03-31,EXCLUDE,GF-0788
1375,18,2019-04-03,2019-04-03,EXCLUDE,GF-0788
1375,18,2019-04-08,2019-04-08,EXCLUDE,GF-0788
1375,18,2019-04-14,2019-04-14,EXCLUDE,GF-0788
1375,18,2019-04-22,2019-04-22,EXCLUDE,GF-0788
1375,18,2019-04-28,2019-04-28,EXCLUDE,GF-0788
1375,18,2019-05-05,2019-05-05,EXCLUDE,GF-0788
1375,18,2019-05-12,2019-05-12,EXCLUDE,GF-0788
2960,18,2018-08-11,2018-08-11,EXCLUDE,GF-0789
2960,18,2018-08-18,2018-08-18,EXCLUDE,GF-0789
3384,18,2018-08-11,2018-08-11,EXCLUDE,GF-0790
3384,18,2018-08-18,2018-08-18,EXCLUDE,GF-0790
3384,18,2018-08-26,2018-08-26,EXCLUDE,GF-0790
4225,18,2018-08-11,2018-08-11,EXCLUDE,GF-0791
4225,18,2018-08-18,2018-08-18,EXCLUDE,GF-0791
4225,18,2018-08-26,2018-08-26,EXCLUDE,GF-0791
4225,18,2018-09-01,2018-09-01,EXCLUDE,GF-0791
4225,18,2018-09-15,2018-09-15,EXCLUDE,GF-0791
4225,18,2018-09-23,2018-09-23,EXCLUDE,GF-0791
4225,18,2018-09-29,2018-09-29,EXCLUDE,GF-0791
4225,18,2018-10-07,2018-10-07,EXCLUDE,GF-0791
4225,18,2018-10-20,2018-10-20,EXCLUDE,GF-0791
4225,18,2018-10-28,2018-10-28,EXCLUDE,GF-0791
4225,18,2018-11-04,2018-11-04,EXCLUDE,GF-0791
4225,18,2018-11-11,2018-11-11,EXCLUDE,GF-0791
4225,18,2018-11-24,2018-11-24,EXCLUDE,GF-0791
4225,18,2018-12-02,2018-12-02,EXCLUDE,GF-0791
4225,18,2018-12-05,2018-12-05,EXCLUDE,GF-0791
4225,18,2018-12-08,2018-12-08,EXCLUDE,GF-0791
4225,18,2018-12-16,2018-12-16,EXCLUDE,GF-0791
4225,18,2018-12-22,2018-12-22,EXCLUDE,GF-0791
4225,18,2018-12-26,2018-12-26,EXCLUDE,GF-0791
4225,18,2018-12-30,2018-12-30,EXCLUDE,GF-0791
4225,18,2019-01-02,2019-01-02,EXCLUDE,GF-0791
4225,18,2019-01-12,2019-01-12,EXCLUDE,GF-0791
4225,18,2019-01-19,2019-01-19,EXCLUDE,GF-0791
4225,18,2019-01-30,2019-01-30,EXCLUDE,GF-0791
186892,18,2018-08-11,2018-08-11,EXCLUDE,GF-0792
186892,18,2018-08-18,2018-08-18,EXCLUDE,GF-0792
186892,18,2018-08-26,2018-08-26,EXCLUDE,GF-0792
1921,18,2019-01-30,2019-01-30,EXCLUDE,GF-0793
96196,18,2018-08-11,2018-08-11,EXCLUDE,GF-0794
1956,18,2018-08-11,2018-08-11,EXCLUDE,GF-0797
32438,18,2019-01-02,2019-01-02,EXCLUDE,GF-0800
3139,18,2018-08-11,2018-08-11,EXCLUDE,GF-0801
3139,18,2018-08-18,2018-08-18,EXCLUDE,GF-0801
3139,18,2018-08-26,2018-08-26,EXCLUDE,GF-0801
900392766,18,2018-08-11,2018-08-11,EXCLUDE,GF-0804
900392766,18,2018-08-18,2018-08-18,EXCLUDE,GF-0804
900392766,18,2018-08-26,2018-08-26,EXCLUDE,GF-0804
900392766,18,2018-09-01,2018-09-01,EXCLUDE,GF-0804
900392766,18,2018-09-15,2018-09-15,EXCLUDE,GF-0804
900392766,18,2018-09-23,2018-09-23,EXCLUDE,GF-0804
900392766,18,2018-09-29,2018-09-29,EXCLUDE,GF-0804
900392766,18,2018-10-07,2018-10-07,EXCLUDE,GF-0804
900392766,18,2018-10-20,2018-10-20,EXCLUDE,GF-0804
900392766,18,2018-10-28,2018-10-28,EXCLUDE,GF-0804
900392766,18,2018-11-04,2018-11-04,EXCLUDE,GF-0804
900392766,18,2018-11-11,2018-11-11,EXCLUDE,GF-0804
900392766,18,2018-11-24,2018-11-24,EXCLUDE,GF-0804
900392766,18,2018-12-02,2018-12-02,EXCLUDE,GF-0804
900392766,18,2018-12-05,2018-12-05,EXCLUDE,GF-0804
900392766,18,2018-12-08,2018-12-08,EXCLUDE,GF-0804
900392766,18,2018-12-16,2018-12-16,EXCLUDE,GF-0804
900392766,18,2018-12-22,2018-12-22,EXCLUDE,GF-0804
900392766,18,2018-12-26,2018-12-26,EXCLUDE,GF-0804
900392766,18,2018-12-30,2018-12-30,EXCLUDE,GF-0804
900392766,18,2019-01-02,2019-01-02,EXCLUDE,GF-0804
900392766,18,2019-01-12,2019-01-12,EXCLUDE,GF-0804
900392766,18,2019-01-19,2019-01-19,EXCLUDE,GF-0804
900392766,18,2019-01-30,2019-01-30,EXCLUDE,GF-0804
900392766,18,2019-02-02,2019-02-02,EXCLUDE,GF-0804
900392766,18,2019-02-10,2019-02-10,EXCLUDE,GF-0804
900392766,18,2019-02-27,2019-02-27,EXCLUDE,GF-0804
900392766,18,2019-03-03,2019-03-03,EXCLUDE,GF-0804
900392766,18,2019-03-10,2019-03-10,EXCLUDE,GF-0804
900392766,18,2019-03-17,2019-03-17,EXCLUDE,GF-0804
900392766,18,2019-03-31,2019-03-31,EXCLUDE,GF-0804
900392766,18,2019-04-03,2019-04-03,EXCLUDE,GF-0804
900392766,18,2019-04-08,2019-04-08,EXCLUDE,GF-0804
900392766,18,2019-04-14,2019-04-14,EXCLUDE,GF-0804
900392766,18,2019-04-22,2019-04-22,EXCLUDE,GF-0804
900392766,18,2019-04-28,2019-04-28,EXCLUDE,GF-0804
900392766,18,2019-05-05,2019-05-05,EXCLUDE,GF-0804
900392766,18,2019-05-12,2019-05-12,EXCLUDE,GF-0804
581215,18,2018-08-11,2018-08-11,EXCLUDE,GF-0806
581215,18,2018-08-18,2018-08-18,EXCLUDE,GF-0806
581215,18,2018-08-26,2018-08-26,EXCLUDE,GF-0806
581215,18,2018-09-01,2018-09-01,EXCLUDE,GF-0806
581215,18,2018-09-15,2018-09-15,EXCLUDE,GF-0806
581215,18,2018-09-23,2018-09-23,EXCLUDE,GF-0806
581215,18,2018-09-29,2018-09-29,EXCLUDE,GF-0806
581215,18,2018-10-07,2018-10-07,EXCLUDE,GF-0806
581215,18,2018-10-20,2018-10-20,EXCLUDE,GF-0806
581215,18,2018-10-28,2018-10-28,EXCLUDE,GF-0806
581215,18,2018-11-04,2018-11-04,EXCLUDE,GF-0806
581215,18,2018-11-11,2018-11-11,EXCLUDE,GF-0806
581215,18,2018-11-24,2018-11-24,EXCLUDE,GF-0806
581215,18,2018-12-02,2018-12-02,EXCLUDE,GF-0806
581215,18,2018-12-05,2018-12-05,EXCLUDE,GF-0806
581215,18,2018-12-08,2018-12-08,EXCLUDE,GF-0806
581215,18,2018-12-16,2018-12-16,EXCLUDE,GF-0806
581215,18,2018-12-22,2018-12-22,EXCLUDE,GF-0806
581215,18,2018-12-26,2018-12-26,EXCLUDE,GF-0806
581215,18,2018-12-30,2018-12-30,EXCLUDE,GF-0806
581215,18,2019-01-02,2019-01-02,EXCLUDE,GF-0806
581215,18,2019-01-12,2019-01-12,EXCLUDE,GF-0806
581215,18,2019-01-19,2019-01-19,EXCLUDE,GF-0806
581215,18,2019-01-30,2019-01-30,EXCLUDE,GF-0806
581215,18,2019-02-02,2019-02-02,EXCLUDE,GF-0806
581215,18,2019-02-10,2019-02-10,EXCLUDE,GF-0806
581215,18,2019-02-27,2019-02-27,EXCLUDE,GF-0806
581215,18,2019-03-03,2019-03-03,EXCLUDE,GF-0806
581215,18,2019-03-10,2019-03-10,EXCLUDE,GF-0806
581215,18,2019-03-17,2019-03-17,EXCLUDE,GF-0806
581215,18,2019-03-31,2019-03-31,EXCLUDE,GF-0806
581215,18,2019-04-03,2019-04-03,EXCLUDE,GF-0806
581215,18,2019-04-08,2019-04-08,EXCLUDE,GF-0806
581215,18,2019-04-14,2019-04-14,EXCLUDE,GF-0806
581215,18,2019-04-22,2019-04-22,EXCLUDE,GF-0806
581215,18,2019-04-28,2019-04-28,EXCLUDE,GF-0806
581215,18,2019-05-05,2019-05-05,EXCLUDE,GF-0806
581215,18,2019-05-12,2019-05-12,EXCLUDE,GF-0806
900465955,18,2018-08-11,2018-08-11,EXCLUDE,GF-0807
900465955,18,2018-08-18,2018-08-18,EXCLUDE,GF-0807
900465955,18,2018-08-26,2018-08-26,EXCLUDE,GF-0807
900465955,18,2018-09-01,2018-09-01,EXCLUDE,GF-0807
900465955,18,2018-09-15,2018-09-15,EXCLUDE,GF-0807
900465955,18,2018-09-23,2018-09-23,EXCLUDE,GF-0807
900465955,18,2018-09-29,2018-09-29,EXCLUDE,GF-0807
900465955,18,2018-10-07,2018-10-07,EXCLUDE,GF-0807
900465955,18,2018-10-20,2018-10-20,EXCLUDE,GF-0807
900465955,18,2018-10-28,2018-10-28,EXCLUDE,GF-0807
900465955,18,2018-11-04,2018-11-04,EXCLUDE,GF-0807
900465955,18,2018-11-11,2018-11-11,EXCLUDE,GF-0807
900465955,18,2018-11-24,2018-11-24,EXCLUDE,GF-0807
900465955,18,2018-12-02,2018-12-02,EXCLUDE,GF-0807
900465955,18,2018-12-05,2018-12-05,EXCLUDE,GF-0807
900465955,18,2018-12-08,2018-12-08,EXCLUDE,GF-0807
900465955,18,2018-12-16,2018-12-16,EXCLUDE,GF-0807
900465955,18,2018-12-22,2018-12-22,EXCLUDE,GF-0807
900465955,18,2018-12-26,2018-12-26,EXCLUDE,GF-0807
900465955,18,2018-12-30,2018-12-30,EXCLUDE,GF-0807
900465955,18,2019-01-02,2019-01-02,EXCLUDE,GF-0807
900465955,18,2019-01-12,2019-01-12,EXCLUDE,GF-0807
900465955,18,2019-01-19,2019-01-19,EXCLUDE,GF-0807
900465955,18,2019-01-30,2019-01-30,EXCLUDE,GF-0807
900465955,18,2019-02-02,2019-02-02,EXCLUDE,GF-0807
900465955,18,2019-02-10,2019-02-10,EXCLUDE,GF-0807
900465955,18,2019-02-27,2019-02-27,EXCLUDE,GF-0807
900465955,18,2019-03-03,2019-03-03,EXCLUDE,GF-0807
900465955,18,2019-03-10,2019-03-10,EXCLUDE,GF-0807
900465955,18,2019-03-17,2019-03-17,EXCLUDE,GF-0807
900465955,18,2019-03-31,2019-03-31,EXCLUDE,GF-0807
900465955,18,2019-04-03,2019-04-03,EXCLUDE,GF-0807
900465955,18,2019-04-08,2019-04-08,EXCLUDE,GF-0807
900465955,18,2019-04-14,2019-04-14,EXCLUDE,GF-0807
900465955,18,2019-04-22,2019-04-22,EXCLUDE,GF-0807
900465955,18,2019-04-28,2019-04-28,EXCLUDE,GF-0807
900465955,18,2019-05-05,2019-05-05,EXCLUDE,GF-0807
900465955,18,2019-05-12,2019-05-12,EXCLUDE,GF-0807
1494245,18,2018-08-11,2018-08-11,EXCLUDE,GF-0809
1494245,18,2018-08-18,2018-08-18,EXCLUDE,GF-0809
1494245,18,2018-08-26,2018-08-26,EXCLUDE,GF-0809
1494245,18,2018-09-01,2018-09-01,EXCLUDE,GF-0809
1494245,18,2018-09-15,2018-09-15,EXCLUDE,GF-0809
1494245,18,2018-09-23,2018-09-23,EXCLUDE,GF-0809
1494245,18,2018-09-29,2018-09-29,EXCLUDE,GF-0809
1494245,18,2018-10-07,2018-10-07,EXCLUDE,GF-0809
1494245,18,2018-10-20,2018-10-20,EXCLUDE,GF-0809
1494245,18,2018-10-28,2018-10-28,EXCLUDE,GF-0809
1494245,18,2018-11-04,2018-11-04,EXCLUDE,GF-0809
1494245,18,2018-11-11,2018-11-11,EXCLUDE,GF-0809
1494245,18,2018-11-24,2018-11-24,EXCLUDE,GF-0809
1494245,18,2018-12-02,2018-12-02,EXCLUDE,GF-0809
1494245,18,2018-12-05,2018-12-05,EXCLUDE,GF-0809
1494245,18,2018-12-08,2018-12-08,EXCLUDE,GF-0809
1494245,18,2018-12-16,2018-12-16,EXCLUDE,GF-0809
1494245,18,2018-12-22,2018-12-22,EXCLUDE,GF-0809
1494245,18,2018-12-26,2018-12-26,EXCLUDE,GF-0809
1494245,18,2018-12-30,2018-12-30,EXCLUDE,GF-0809
1494245,18,2019-01-02,2019-01-02,EXCLUDE,GF-0809
1494245,18,2019-01-12,2019-01-12,EXCLUDE,GF-0809
1494245,18,2019-01-19,2019-01-19,EXCLUDE,GF-0809
1494245,18,2019-01-30,2019-01-30,EXCLUDE,GF-0809
1494245,18,2019-02-02,2019-02-02,EXCLUDE,GF-0809
1494245,18,2019-02-10,2019-02-10,EXCLUDE,GF-0809
1494245,18,2019-02-27,2019-02-27,EXCLUDE,GF-0809
1494245,18,2019-03-03,2019-03-03,EXCLUDE,GF-0809
1494245,18,2019-03-10,2019-03-10,EXCLUDE,GF-0809
1494245,18,2019-03-17,2019-03-17,EXCLUDE,GF-0809
1494245,18,2019-03-31,2019-03-31,EXCLUDE,GF-0809
1494245,18,2019-04-03,2019-04-03,EXCLUDE,GF-0809
1494245,18,2019-04-08,2019-04-08,EXCLUDE,GF-0809
1494245,18,2019-04-14,2019-04-14,EXCLUDE,GF-0809
1494245,18,2019-04-22,2019-04-22,EXCLUDE,GF-0809
1494245,18,2019-04-28,2019-04-28,EXCLUDE,GF-0809
1494245,18,2019-05-05,2019-05-05,EXCLUDE,GF-0809
1494245,18,2019-05-12,2019-05-12,EXCLUDE,GF-0809
1443,19,2018-08-12,2018-08-12,EXCLUDE,GF-0813
537308,19,2018-08-12,2018-08-12,EXCLUDE,GF-0815
537308,19,2018-08-18,2018-08-18,EXCLUDE,GF-0815
537308,19,2018-08-25,2018-08-25,EXCLUDE,GF-0815
537308,19,2018-09-02,2018-09-02,EXCLUDE,GF-0815
537308,19,2018-09-15,2018-09-15,EXCLUDE,GF-0815
537308,19,2018-09-23,2018-09-23,EXCLUDE,GF-0815
537308,19,2018-09-29,2018-09-29,EXCLUDE,GF-0815
537308,19,2018-10-07,2018-10-07,EXCLUDE,GF-0815
537308,19,2018-10-22,2018-10-22,EXCLUDE,GF-0815
537308,19,2018-10-28,2018-10-28,EXCLUDE,GF-0815
537308,19,2018-11-03,2018-11-03,EXCLUDE,GF-0815
537308,19,2018-11-11,2018-11-11,EXCLUDE,GF-0815
537308,19,2018-11-25,2018-11-25,EXCLUDE,GF-0815
537308,19,2018-12-02,2018-12-02,EXCLUDE,GF-0815
537308,19,2018-12-05,2018-12-05,EXCLUDE,GF-0815
537308,19,2018-12-08,2018-12-08,EXCLUDE,GF-0815
537308,19,2018-12-16,2018-12-16,EXCLUDE,GF-0815
537308,19,2018-12-22,2018-12-22,EXCLUDE,GF-0815
537308,19,2018-12-26,2018-12-26,EXCLUDE,GF-0815
537308,19,2018-12-29,2018-12-29,EXCLUDE,GF-0815
537308,19,2019-01-01,2019-01-01,EXCLUDE,GF-0815
537308,19,2019-01-12,2019-01-12,EXCLUDE,GF-0815
537308,19,2019-01-19,2019-01-19,EXCLUDE,GF-0815
537308,19,2019-01-29,2019-01-29,EXCLUDE,GF-0815
537308,19,2019-02-03,2019-02-03,EXCLUDE,GF-0815
537308,19,2019-02-09,2019-02-09,EXCLUDE,GF-0815
537308,19,2019-02-24,2019-02-24,EXCLUDE,GF-0815
537308,19,2019-02-27,2019-02-27,EXCLUDE,GF-0815
537308,19,2019-03-02,2019-03-02,EXCLUDE,GF-0815
537308,19,2019-03-10,2019-03-10,EXCLUDE,GF-0815
537308,19,2019-04-01,2019-04-01,EXCLUDE,GF-0815
537308,19,2019-04-07,2019-04-07,EXCLUDE,GF-0815
537308,19,2019-04-15,2019-04-15,EXCLUDE,GF-0815
537308,19,2019-04-21,2019-04-21,EXCLUDE,GF-0815
537308,19,2019-04-24,2019-04-24,EXCLUDE,GF-0815
537308,19,2019-04-28,2019-04-28,EXCLUDE,GF-0815
537308,19,2019-05-05,2019-05-05,EXCLUDE,GF-0815
537308,19,2019-05-12,2019-05-12,EXCLUDE,GF-0815
189836,19,2018-08-12,2018-08-12,EXCLUDE,GF-0817
189836,19,2018-08-18,2018-08-18,EXCLUDE,GF-0817
189836,19,2018-08-25,2018-08-25,EXCLUDE,GF-0817
189836,19,2018-09-02,2018-09-02,EXCLUDE,GF-0817
189836,19,2018-09-15,2018-09-15,EXCLUDE,GF-0817
189836,19,2018-09-23,2018-09-23,EXCLUDE,GF-0817
189836,19,2018-09-29,2018-09-29,EXCLUDE,GF-0817
189836,19,2018-10-07,2018-10-07,EXCLUDE,GF-0817
189836,19,2018-10-22,2018-10-22,EXCLUDE,GF-0817
189836,19,2018-10-28,2018-10-28,EXCLUDE,GF-0817
189836,19,2018-11-03,2018-11-03,EXCLUDE,GF-0817
189836,19,2018-11-11,2018-11-11,EXCLUDE,GF-0817
189836,19,2018-11-25,2018-11-25,EXCLUDE,GF-0817
189836,19,2018-12-02,2018-12-02,EXCLUDE,GF-0817
189836,19,2018-12-05,2018-12-05,EXCLUDE,GF-0817
189836,19,2018-12-08,2018-12-08,EXCLUDE,GF-0817
189836,19,2018-12-16,2018-12-16,EXCLUDE,GF-0817
189836,19,2018-12-22,2018-12-22,EXCLUDE,GF-0817
189836,19,2018-12-26,2018-12-26,EXCLUDE,GF-0817
189836,19,2018-12-29,2018-12-29,EXCLUDE,GF-0817
189836,19,2019-01-01,2019-01-01,EXCLUDE,GF-0817
189836,19,2019-01-12,2019-01-12,EXCLUDE,GF-0817
189836,19,2019-01-19,2019-01-19,EXCLUDE,GF-0817
189836,19,2019-01-29,2019-01-29,EXCLUDE,GF-0817
189836,19,2019-02-03,2019-02-03,EXCLUDE,GF-0817
189836,19,2019-02-09,2019-02-09,EXCLUDE,GF-0817
189836,19,2019-02-24,2019-02-24,EXCLUDE,GF-0817
189836,19,2019-02-27,2019-02-27,EXCLUDE,GF-0817
189836,19,2019-03-02,2019-03-02,EXCLUDE,GF-0817
189836,19,2019-03-10,2019-03-10,EXCLUDE,GF-0817
189836,19,2019-04-01,2019-04-01,EXCLUDE,GF-0817
189836,19,2019-04-07,2019-04-07,EXCLUDE,GF-0817
189836,19,2019-04-15,2019-04-15,EXCLUDE,GF-0817
189836,19,2019-04-21,2019-04-21,EXCLUDE,GF-0817
189836,19,2019-04-24,2019-04-24,EXCLUDE,GF-0817
189836,19,2019-04-28,2019-04-28,EXCLUDE,GF-0817
189836,19,2019-05-05,2019-05-05,EXCLUDE,GF-0817
189836,19,2019-05-12,2019-05-12,EXCLUDE,GF-0817
8047,19,2018-08-12,2018-08-12,EXCLUDE,GF-0818
900293726,19,2018-08-12,2018-08-12,EXCLUDE,GF-0819
900293726,19,2018-08-18,2018-08-18,EXCLUDE,GF-0819
900293726,19,2018-08-25,2018-08-25,EXCLUDE,GF-0819
900293726,19,2018-09-02,2018-09-02,EXCLUDE,GF-0819
900293726,19,2018-09-15,2018-09-15,EXCLUDE,GF-0819
900293726,19,2018-09-23,2018-09-23,EXCLUDE,GF-0819
900293726,19,2018-09-29,2018-09-29,EXCLUDE,GF-0819
900293726,19,2018-10-07,2018-10-07,EXCLUDE,GF-0819
900293726,19,2018-10-22,2018-10-22,EXCLUDE,GF-0819
900293726,19,2018-10-28,2018-10-28,EXCLUDE,GF-0819
900293726,19,2018-11-03,2018-11-03,EXCLUDE,GF-0819
900293726,19,2018-11-11,2018-11-11,EXCLUDE,GF-0819
900293726,19,2018-11-25,2018-11-25,EXCLUDE,GF-0819
900293726,19,2018-12-02,2018-12-02,EXCLUDE,GF-0819
900293726,19,2018-12-05,2018-12-05,EXCLUDE,GF-0819
900293726,19,2018-12-08,2018-12-08,EXCLUDE,GF-0819
900293726,19,2018-12-16,2018-12-16,EXCLUDE,GF-0819
900293726,19,2018-12-22,2018-12-22,EXCLUDE,GF-0819
900293726,19,2018-12-26,2018-12-26,EXCLUDE,GF-0819
900293726,19,2018-12-29,2018-12-29,EXCLUDE,GF-0819
900293726,19,2019-01-01,2019-01-01,EXCLUDE,GF-0819
900293726,19,2019-01-12,2019-01-12,EXCLUDE,GF-0819
900293726,19,2019-01-19,2019-01-19,EXCLUDE,GF-0819
900293726,19,2019-01-29,2019-01-29,EXCLUDE,GF-0819
900293726,19,2019-02-03,2019-02-03,EXCLUDE,GF-0819
900293726,19,2019-02-09,2019-02-09,EXCLUDE,GF-0819
900293726,19,2019-02-24,2019-02-24,EXCLUDE,GF-0819
900293726,19,2019-02-27,2019-02-27,EXCLUDE,GF-0819
900293726,19,2019-03-02,2019-03-02,EXCLUDE,GF-0819
900293726,19,2019-03-10,2019-03-10,EXCLUDE,GF-0819
900293726,19,2019-04-01,2019-04-01,EXCLUDE,GF-0819
900293726,19,2019-04-07,2019-04-07,EXCLUDE,GF-0819
900293726,19,2019-04-15,2019-04-15,EXCLUDE,GF-0819
900293726,19,2019-04-21,2019-04-21,EXCLUDE,GF-0819
900293726,19,2019-04-24,2019-04-24,EXCLUDE,GF-0819
900293726,19,2019-04-28,2019-04-28,EXCLUDE,GF-0819
900293726,19,2019-05-05,2019-05-05,EXCLUDE,GF-0819
900293726,19,2019-05-12,2019-05-12,EXCLUDE,GF-0819
537759,19,2018-08-12,2018-08-12,EXCLUDE,GF-0823
537759,19,2018-08-18,2018-08-18,EXCLUDE,GF-0823
537759,19,2018-08-25,2018-08-25,EXCLUDE,GF-0823
539967,19,2018-08-12,2018-08-12,EXCLUDE,GF-0824
539967,19,2018-08-18,2018-08-18,EXCLUDE,GF-0824
539967,19,2018-08-25,2018-08-25,EXCLUDE,GF-0824
539967,19,2018-09-02,2018-09-02,EXCLUDE,GF-0824
539967,19,2018-09-15,2018-09-15,EXCLUDE,GF-0824
539967,19,2018-09-23,2018-09-23,EXCLUDE,GF-0824
539967,19,2018-09-29,2018-09-29,EXCLUDE,GF-0824
539967,19,2018-10-07,2018-10-07,EXCLUDE,GF-0824
539967,19,2018-10-22,2018-10-22,EXCLUDE,GF-0824
539967,19,2018-10-28,2018-10-28,EXCLUDE,GF-0824
539967,19,2018-11-03,2018-11-03,EXCLUDE,GF-0824
539967,19,2018-11-11,2018-11-11,EXCLUDE,GF-0824
539967,19,2018-11-25,2018-11-25,EXCLUDE,GF-0824
539967,19,2018-12-02,2018-12-02,EXCLUDE,GF-0824
539967,19,2018-12-05,2018-12-05,EXCLUDE,GF-0824
539967,19,2018-12-08,2018-12-08,EXCLUDE,GF-0824
539967,19,2018-12-16,2018-12-16,EXCLUDE,GF-0824
539967,19,2018-12-22,2018-12-22,EXCLUDE,GF-0824
539967,19,2018-12-26,2018-12-26,EXCLUDE,GF-0824
539967,19,2018-12-29,2018-12-29,EXCLUDE,GF-0824
539967,19,2019-01-01,2019-01-01,EXCLUDE,GF-0824
539967,19,2019-01-12,2019-01-12,EXCLUDE,GF-0824
539967,19,2019-01-19,2019-01-19,EXCLUDE,GF-0824
539967,19,2019-01-29,2019-01-29,EXCLUDE,GF-0824
539967,19,2019-02-03,2019-02-03,EXCLUDE,GF-0824
539967,19,2019-02-09,2019-02-09,EXCLUDE,GF-0824
539967,19,2019-02-24,2019-02-24,EXCLUDE,GF-0824
539967,19,2019-02-27,2019-02-27,EXCLUDE,GF-0824
539967,19,2019-03-02,2019-03-02,EXCLUDE,GF-0824
539967,19,2019-03-10,2019-03-10,EXCLUDE,GF-0824
539967,19,2019-04-01,2019-04-01,EXCLUDE,GF-0824
539967,19,2019-04-07,2019-04-07,EXCLUDE,GF-0824
539967,19,2019-04-15,2019-04-15,EXCLUDE,GF-0824
539967,19,2019-04-21,2019-04-21,EXCLUDE,GF-0824
539967,19,2019-04-24,2019-04-24,EXCLUDE,GF-0824
539967,19,2019-04-28,2019-04-28,EXCLUDE,GF-0824
539967,19,2019-05-05,2019-05-05,EXCLUDE,GF-0824
539967,19,2019-05-12,2019-05-12,EXCLUDE,GF-0824
7026565,19,2018-08-12,2018-08-12,EXCLUDE,GF-0825
7026565,19,2018-08-18,2018-08-18,EXCLUDE,GF-0825
7026565,19,2018-08-25,2018-08-25,EXCLUDE,GF-0825
7026565,19,2018-09-02,2018-09-02,EXCLUDE,GF-0825
7026565,19,2018-09-15,2018-09-15,EXCLUDE,GF-0825
7026565,19,2018-09-23,2018-09-23,EXCLUDE,GF-0825
7026565,19,2018-09-29,2018-09-29,EXCLUDE,GF-0825
7026565,19,2018-10-07,2018-10-07,EXCLUDE,GF-0825
7026565,19,2018-10-22,2018-10-22,EXCLUDE,GF-0825
7026565,19,2018-10-28,2018-10-28,EXCLUDE,GF-0825
7026565,19,2018-11-03,2018-11-03,EXCLUDE,GF-0825
7026565,19,2018-11-11,2018-11-11,EXCLUDE,GF-0825
7026565,19,2018-11-25,2018-11-25,EXCLUDE,GF-0825
7026565,19,2018-12-02,2018-12-02,EXCLUDE,GF-0825
7026565,19,2018-12-05,2018-12-05,EXCLUDE,GF-0825
7026565,19,2018-12-08,2018-12-08,EXCLUDE,GF-0825
7026565,19,2018-12-16,2018-12-16,EXCLUDE,GF-0825
7026565,19,2018-12-22,2018-12-22,EXCLUDE,GF-0825
7026565,19,2018-12-26,2018-12-26,EXCLUDE,GF-0825
7026565,19,2018-12-29,2018-12-29,EXCLUDE,GF-0825
7026565,19,2019-01-01,2019-01-01,EXCLUDE,GF-0825
7026565,19,2019-01-12,2019-01-12,EXCLUDE,GF-0825
7026565,19,2019-01-19,2019-01-19,EXCLUDE,GF-0825
7026565,19,2019-01-29,2019-01-29,EXCLUDE,GF-0825
7026565,19,2019-02-03,2019-02-03,EXCLUDE,GF-0825
7026565,19,2019-02-09,2019-02-09,EXCLUDE,GF-0825
7026565,19,2019-02-24,2019-02-24,EXCLUDE,GF-0825
7026565,19,2019-02-27,2019-02-27,EXCLUDE,GF-0825
7026565,19,2019-03-02,2019-03-02,EXCLUDE,GF-0825
7026565,19,2019-03-10,2019-03-10,EXCLUDE,GF-0825
7026565,19,2019-04-01,2019-04-01,EXCLUDE,GF-0825
7026565,19,2019-04-07,2019-04-07,EXCLUDE,GF-0825
7026565,19,2019-04-15,2019-04-15,EXCLUDE,GF-0825
7026565,19,2019-04-21,2019-04-21,EXCLUDE,GF-0825
7026565,19,2019-04-24,2019-04-24,EXCLUDE,GF-0825
7026565,19,2019-04-28,2019-04-28,EXCLUDE,GF-0825
7026565,19,2019-05-05,2019-05-05,EXCLUDE,GF-0825
7026565,19,2019-05-12,2019-05-12,EXCLUDE,GF-0825
4545,20,2018-08-11,2018-08-11,EXCLUDE,GF-0830
7069,20,2018-08-11,2018-08-11,EXCLUDE,GF-0831
7069,20,2018-08-18,2018-08-18,EXCLUDE,GF-0831
7069,20,2018-08-26,2018-08-26,EXCLUDE,GF-0831
7069,20,2018-09-01,2018-09-01,EXCLUDE,GF-0831
7069,20,2018-09-15,2018-09-15,EXCLUDE,GF-0831
7069,20,2018-09-22,2018-09-22,EXCLUDE,GF-0831
7069,20,2018-09-29,2018-09-29,EXCLUDE,GF-0831
7069,20,2018-10-06,2018-10-06,EXCLUDE,GF-0831
7069,20,2018-10-20,2018-10-20,EXCLUDE,GF-0831
7069,20,2018-10-27,2018-10-27,EXCLUDE,GF-0831
7069,20,2018-11-03,2018-11-03,EXCLUDE,GF-0831
7069,20,2018-11-10,2018-11-10,EXCLUDE,GF-0831
7069,20,2018-11-26,2018-11-26,EXCLUDE,GF-0831
7069,20,2018-12-01,2018-12-01,EXCLUDE,GF-0831
7069,20,2018-12-05,2018-12-05,EXCLUDE,GF-0831
7069,20,2018-12-09,2018-12-09,EXCLUDE,GF-0831
7069,20,2018-12-15,2018-12-15,EXCLUDE,GF-0831
7069,20,2018-12-22,2018-12-22,EXCLUDE,GF-0831
7069,20,2018-12-26,2018-12-26,EXCLUDE,GF-0831
7069,20,2018-12-29,2018-12-29,EXCLUDE,GF-0831
7069,20,2019-01-02,2019-01-02,EXCLUDE,GF-0831
7069,20,2019-01-12,2019-01-12,EXCLUDE,GF-0831
7069,20,2019-01-19,2019-01-19,EXCLUDE,GF-0831
7069,20,2019-01-29,2019-01-29,EXCLUDE,GF-0831
1394,20,2018-08-11,2018-08-11,EXCLUDE,GF-0833
1394,20,2018-08-18,2018-08-18,EXCLUDE,GF-0833
1394,20,2018-08-26,2018-08-26,EXCLUDE,GF-0833
1394,20,2018-09-01,2018-09-01,EXCLUDE,GF-0833
1394,20,2019-01-02,2019-01-02,EXCLUDE,GF-0833
1394,20,2019-01-12,2019-01-12,EXCLUDE,GF-0833
1394,20,2019-01-19,2019-01-19,EXCLUDE,GF-0833
1394,20,2019-01-29,2019-01-29,EXCLUDE,GF-0833
900353129,20,2018-08-11,2018-08-11,EXCLUDE,GF-0834
900353129,20,2018-08-18,2018-08-18,EXCLUDE,GF-0834
900353129,20,2018-08-26,2018-08-26,EXCLUDE,GF-0834
900353129,20,2018-09-01,2018-09-01,EXCLUDE,GF-0834
900353129,20,2018-09-15,2018-09-15,EXCLUDE,GF-0834
900353129,20,2018-09-22,2018-09-22,EXCLUDE,GF-0834
900353129,20,2018-09-29,2018-09-29,EXCLUDE,GF-0834
900353129,20,2018-10-06,2018-10-06,EXCLUDE,GF-0834
900353129,20,2018-10-20,2018-10-20,EXCLUDE,GF-0834
900353129,20,2018-10-27,2018-10-27,EXCLUDE,GF-0834
900353129,20,2018-11-03,2018-11-03,EXCLUDE,GF-0834
900353129,20,2018-11-10,2018-11-10,EXCLUDE,GF-0834
900353129,20,2018-11-26,2018-11-26,EXCLUDE,GF-0834
900353129,20,2018-12-01,2018-12-01,EXCLUDE,GF-0834
900353129,20,2018-12-05,2018-12-05,EXCLUDE,GF-0834
900353129,20,2018-12-09,2018-12-09,EXCLUDE,GF-0834
900353129,20,2018-12-15,2018-12-15,EXCLUDE,GF-0834
900353129,20,2018-12-22,2018-12-22,EXCLUDE,GF-0834
900353129,20,2018-12-26,2018-12-26,EXCLUDE,GF-0834
900353129,20,2018-12-29,2018-12-29,EXCLUDE,GF-0834
900353129,20,2019-01-02,2019-01-02,EXCLUDE,GF-0834
900353129,20,2019-01-12,2019-01-12,EXCLUDE,GF-0834
900353129,20,2019-01-19,2019-01-19,EXCLUDE,GF-0834
900353129,20,2019-01-29,2019-01-29,EXCLUDE,GF-0834
900353129,20,2019-02-02,2019-02-02,EXCLUDE,GF-0834
900353129,20,2019-02-11,2019-02-11,EXCLUDE,GF-0834
900353129,20,2019-02-23,2019-02-23,EXCLUDE,GF-0834
900353129,20,2019-02-26,2019-02-26,EXCLUDE,GF-0834
900353129,20,2019-03-02,2019-03-02,EXCLUDE,GF-0834
900353129,20,2019-03-09,2019-03-09,EXCLUDE,GF-0834
900353129,20,2019-03-16,2019-03-16,EXCLUDE,GF-0834
900353129,20,2019-04-01,2019-04-01,EXCLUDE,GF-0834
900353129,20,2019-04-06,2019-04-06,EXCLUDE,GF-0834
900353129,20,2019-04-12,2019-04-12,EXCLUDE,GF-0834
900353129,20,2019-04-20,2019-04-20,EXCLUDE,GF-0834
900353129,20,2019-04-27,2019-04-27,EXCLUDE,GF-0834
900353129,20,2019-05-04,2019-05-04,EXCLUDE,GF-0834
900353129,20,2019-05-12,2019-05-12,EXCLUDE,GF-0834
95680,25,2018-08-11,2018-08-11,EXCLUDE,GF-0838
95680,25,2018-08-19,2018-08-19,EXCLUDE,GF-0838
900183161,25,2019-02-22,2019-02-22,EXCLUDE,GF-0839
900183161,25,2019-02-27,2019-02-27,EXCLUDE,GF-0839
900183161,25,2019-03-03,2019-03-03,EXCLUDE,GF-0839
900183161,25,2019-03-09,2019-03-09,EXCLUDE,GF-0839
900183161,25,2019-03-30,2019-03-30,EXCLUDE,GF-0839
900183161,25,2019-04-02,2019-04-02,EXCLUDE,GF-0839
900183161,25,2019-04-15,2019-04-15,EXCLUDE,GF-0839
900183161,25,2019-04-20,2019-04-20,EXCLUDE,GF-0839
900183161,25,2019-04-23,2019-04-23,EXCLUDE,GF-0839
900183161,25,2019-04-27,2019-04-27,EXCLUDE,GF-0839
900183161,25,2019-05-05,2019-05-05,EXCLUDE,GF-0839
900183161,25,2019-05-12,2019-05-12,EXCLUDE,GF-0839
1770,25,2019-01-12,2019-01-12,EXCLUDE,GF-0840
1770,25,2019-01-19,2019-01-19,EXCLUDE,GF-0840
1770,25,2019-01-30,2019-01-30,EXCLUDE,GF-0840
4408,25,2018-08-11,2018-08-11,EXCLUDE,GF-0841
4408,25,2018-08-19,2018-08-19,EXCLUDE,GF-0841
191268,25,2018-08-11,2018-08-11,EXCLUDE,GF-0842
191268,25,2018-08-19,2018-08-19,EXCLUDE,GF-0842
191268,25,2018-08-26,2018-08-26,EXCLUDE,GF-0842
191268,25,2018-09-02,2018-09-02,EXCLUDE,GF-0842
191268,25,2018-09-15,2018-09-15,EXCLUDE,GF-0842
191268,25,2018-09-22,2018-09-22,EXCLUDE,GF-0842
191268,25,2018-09-29,2018-09-29,EXCLUDE,GF-0842
191268,25,2018-10-06,2018-10-06,EXCLUDE,GF-0842
191268,25,2018-10-20,2018-10-20,EXCLUDE,GF-0842
191268,25,2018-10-27,2018-10-27,EXCLUDE,GF-0842
191268,25,2018-11-03,2018-11-03,EXCLUDE,GF-0842
191268,25,2018-11-10,2018-11-10,EXCLUDE,GF-0842
191268,25,2018-11-24,2018-11-24,EXCLUDE,GF-0842
191268,25,2018-12-01,2018-12-01,EXCLUDE,GF-0842
191268,25,2018-12-04,2018-12-04,EXCLUDE,GF-0842
191268,25,2018-12-10,2018-12-10,EXCLUDE,GF-0842
191268,25,2018-12-15,2018-12-15,EXCLUDE,GF-0842
191268,25,2018-12-22,2018-12-22,EXCLUDE,GF-0842
191268,25,2018-12-26,2018-12-26,EXCLUDE,GF-0842
191268,25,2018-12-29,2018-12-29,EXCLUDE,GF-0842
191268,25,2019-01-02,2019-01-02,EXCLUDE,GF-0842
191268,25,2019-01-12,2019-01-12,EXCLUDE,GF-0842
191268,25,2019-01-19,2019-01-19,EXCLUDE,GF-0842
191268,25,2019-01-30,2019-01-30,EXCLUDE,GF-0842
191268,25,2019-02-02,2019-02-02,EXCLUDE,GF-0842
191268,25,2019-02-09,2019-02-09,EXCLUDE,GF-0842
191268,25,2019-02-22,2019-02-22,EXCLUDE,GF-0842
191268,25,2019-02-27,2019-02-27,EXCLUDE,GF-0842
191268,25,2019-03-03,2019-03-03,EXCLUDE,GF-0842
191268,25,2019-03-09,2019-03-09,EXCLUDE,GF-0842
191268,25,2019-03-30,2019-03-30,EXCLUDE,GF-0842
191268,25,2019-04-02,2019-04-02,EXCLUDE,GF-0842
191268,25,2019-04-15,2019-04-15,EXCLUDE,GF-0842
191268,25,2019-04-20,2019-04-20,EXCLUDE,GF-0842
191268,25,2019-04-23,2019-04-23,EXCLUDE,GF-0842
191268,25,2019-04-27,2019-04-27,EXCLUDE,GF-0842
191268,25,2019-05-05,2019-05-05,EXCLUDE,GF-0842
191268,25,2019-05-12,2019-05-12,EXCLUDE,GF-0842
219932,25,2019-01-12,2019-01-12,EXCLUDE,GF-0843
4969726,25,2018-08-11,2018-08-11,EXCLUDE,GF-0847
4969726,25,2018-08-19,2018-08-19,EXCLUDE,GF-0847
4969726,25,2018-08-26,2018-08-26,EXCLUDE,GF-0847
4969726,25,2018-09-02,2018-09-02,EXCLUDE,GF-0847
4969726,25,2018-09-15,2018-09-15,EXCLUDE,GF-0847
4969726,25,2018-09-22,2018-09-22,EXCLUDE,GF-0847
4969726,25,2018-09-29,2018-09-29,EXCLUDE,GF-0847
4969726,25,2018-10-06,2018-10-06,EXCLUDE,GF-0847
4969726,25,2018-10-20,2018-10-20,EXCLUDE,GF-0847
4969726,25,2018-10-27,2018-10-27,EXCLUDE,GF-0847
4969726,25,2018-11-03,2018-11-03,EXCLUDE,GF-0847
4969726,25,2018-11-10,2018-11-10,EXCLUDE,GF-0847
4969726,25,2018-11-24,2018-11-24,EXCLUDE,GF-0847
4969726,25,2018-12-01,2018-12-01,EXCLUDE,GF-0847
4969726,25,2018-12-04,2018-12-04,EXCLUDE,GF-0847
4969726,25,2018-12-10,2018-12-10,EXCLUDE,GF-0847
4969726,25,2018-12-15,2018-12-15,EXCLUDE,GF-0847
4969726,25,2018-12-22,2018-12-22,EXCLUDE,GF-0847
4969726,25,2018-12-26,2018-12-26,EXCLUDE,GF-0847
4969726,25,2018-12-29,2018-12-29,EXCLUDE,GF-0847
4969726,25,2019-01-02,2019-01-02,EXCLUDE,GF-0847
4969726,25,2019-01-12,2019-01-12,EXCLUDE,GF-0847
4969726,25,2019-01-19,2019-01-19,EXCLUDE,GF-0847
1322,27,2018-08-12,2018-08-12,EXCLUDE,GF-0850
1322,27,2018-08-19,2018-08-19,EXCLUDE,GF-0850
1322,27,2018-08-26,2018-08-26,EXCLUDE,GF-0850
1322,27,2018-09-02,2018-09-02,EXCLUDE,GF-0850
1322,27,2018-09-16,2018-09-16,EXCLUDE,GF-0850
1322,27,2018-09-22,2018-09-22,EXCLUDE,GF-0850
1322,27,2018-09-30,2018-09-30,EXCLUDE,GF-0850
1322,27,2018-10-06,2018-10-06,EXCLUDE,GF-0850
1322,27,2018-10-20,2018-10-20,EXCLUDE,GF-0850
1322,27,2018-10-28,2018-10-28,EXCLUDE,GF-0850
1322,27,2018-11-03,2018-11-03,EXCLUDE,GF-0850
1322,27,2018-11-10,2018-11-10,EXCLUDE,GF-0850
1322,27,2018-11-26,2018-11-26,EXCLUDE,GF-0850
1322,27,2018-12-01,2018-12-01,EXCLUDE,GF-0850
1322,27,2018-12-05,2018-12-05,EXCLUDE,GF-0850
1322,27,2018-12-08,2018-12-08,EXCLUDE,GF-0850
1322,27,2018-12-15,2018-12-15,EXCLUDE,GF-0850
1322,27,2018-12-22,2018-12-22,EXCLUDE,GF-0850
1322,27,2018-12-26,2018-12-26,EXCLUDE,GF-0850
1322,27,2018-12-30,2018-12-30,EXCLUDE,GF-0850
1322,27,2019-01-02,2019-01-02,EXCLUDE,GF-0850
1322,27,2019-01-12,2019-01-12,EXCLUDE,GF-0850
1322,27,2019-01-19,2019-01-19,EXCLUDE,GF-0850
1322,27,2019-01-29,2019-01-29,EXCLUDE,GF-0850
1322,27,2019-02-02,2019-02-02,EXCLUDE,GF-0850
1322,27,2019-02-09,2019-02-09,EXCLUDE,GF-0850
1322,27,2019-02-23,2019-02-23,EXCLUDE,GF-0850
1322,27,2019-02-26,2019-02-26,EXCLUDE,GF-0850
1322,27,2019-03-02,2019-03-02,EXCLUDE,GF-0850
1322,27,2019-03-10,2019-03-10,EXCLUDE,GF-0850
1322,27,2019-03-16,2019-03-16,EXCLUDE,GF-0850
1322,27,2019-03-30,2019-03-30,EXCLUDE,GF-0850
1322,27,2019-04-06,2019-04-06,EXCLUDE,GF-0850
1322,27,2019-04-13,2019-04-13,EXCLUDE,GF-0850
1322,27,2019-04-22,2019-04-22,EXCLUDE,GF-0850
1322,27,2019-04-28,2019-04-28,EXCLUDE,GF-0850
1322,27,2019-05-03,2019-05-03,EXCLUDE,GF-0850
1322,27,2019-05-12,2019-05-12,EXCLUDE,GF-0850
2399,27,2018-08-12,2018-08-12,EXCLUDE,GF-0851
2399,27,2018-08-19,2018-08-19,EXCLUDE,GF-0851
2399,27,2018-08-26,2018-08-26,EXCLUDE,GF-0851
2399,27,2018-09-02,2018-09-02,EXCLUDE,GF-0851
2399,27,2018-09-16,2018-09-16,EXCLUDE,GF-0851
2399,27,2018-09-22,2018-09-22,EXCLUDE,GF-0851
2399,27,2018-09-30,2018-09-30,EXCLUDE,GF-0851
2399,27,2018-10-06,2018-10-06,EXCLUDE,GF-0851
2399,27,2018-10-20,2018-10-20,EXCLUDE,GF-0851
2399,27,2018-10-28,2018-10-28,EXCLUDE,GF-0851
2399,27,2018-11-03,2018-11-03,EXCLUDE,GF-0851
2399,27,2018-11-10,2018-11-10,EXCLUDE,GF-0851
2399,27,2018-11-26,2018-11-26,EXCLUDE,GF-0851
2399,27,2018-12-01,2018-12-01,EXCLUDE,GF-0851
2399,27,2018-12-05,2018-12-05,EXCLUDE,GF-0851
2399,27,2018-12-08,2018-12-08,EXCLUDE,GF-0851
2399,27,2018-12-15,2018-12-15,EXCLUDE,GF-0851
2399,27,2018-12-22,2018-12-22,EXCLUDE,GF-0851
2399,27,2018-12-26,2018-12-26,EXCLUDE,GF-0851
2399,27,2018-12-30,2018-12-30,EXCLUDE,GF-0851
2399,27,2019-01-02,2019-01-02,EXCLUDE,GF-0851
2399,27,2019-01-12,2019-01-12,EXCLUDE,GF-0851
2399,27,2019-01-19,2019-01-19,EXCLUDE,GF-0851
2399,27,2019-01-29,2019-01-29,EXCLUDE,GF-0851
2399,27,2019-02-02,2019-02-02,EXCLUDE,GF-0851
2399,27,2019-02-09,2019-02-09,EXCLUDE,GF-0851
2399,27,2019-02-23,2019-02-23,EXCLUDE,GF-0851
2399,27,2019-02-26,2019-02-26,EXCLUDE,GF-0851
2399,27,2019-03-02,2019-03-02,EXCLUDE,GF-0851
2399,27,2019-03-10,2019-03-10,EXCLUDE,GF-0851
2399,27,2019-03-16,2019-03-16,EXCLUDE,GF-0851
2399,27,2019-03-30,2019-03-30,EXCLUDE,GF-0851
2399,27,2019-04-06,2019-04-06,EXCLUDE,GF-0851
2399,27,2019-04-13,2019-04-13,EXCLUDE,GF-0851
2399,27,2019-04-22,2019-04-22,EXCLUDE,GF-0851
2399,27,2019-04-28,2019-04-28,EXCLUDE,GF-0851
2399,27,2019-05-03,2019-05-03,EXCLUDE,GF-0851
2399,27,2019-05-12,2019-05-12,EXCLUDE,GF-0851
3063,27,2018-08-12,2018-08-12,EXCLUDE,GF-0852
3063,27,2018-08-19,2018-08-19,EXCLUDE,GF-0852
4666,27,2018-08-12,2018-08-12,EXCLUDE,GF-0853
900385922,27,2018-08-12,2018-08-12,EXCLUDE,GF-0854
900385922,27,2018-08-19,2018-08-19,EXCLUDE,GF-0854
900385922,27,2018-08-26,2018-08-26,EXCLUDE,GF-0854
900385922,27,2019-01-02,2019-01-02,EXCLUDE,GF-0854
7237,29,2018-08-11,2018-08-11,EXCLUDE,GF-0858
7237,29,2018-08-18,2018-08-18,EXCLUDE,GF-0858
7237,29,2018-08-25,2018-08-25,EXCLUDE,GF-0858
4052,29,2018-08-11,2018-08-11,EXCLUDE,GF-0859
4052,29,2018-08-18,2018-08-18,EXCLUDE,GF-0859
4052,29,2018-08-25,2018-08-25,EXCLUDE,GF-0859
4052,29,2018-09-01,2018-09-01,EXCLUDE,GF-0859
4052,29,2018-09-16,2018-09-16,EXCLUDE,GF-0859
4052,29,2018-09-22,2018-09-22,EXCLUDE,GF-0859
4052,29,2018-09-29,2018-09-29,EXCLUDE,GF-0859
4052,29,2018-10-06,2018-10-06,EXCLUDE,GF-0859
4052,29,2018-10-20,2018-10-20,EXCLUDE,GF-0859
4052,29,2018-10-27,2018-10-27,EXCLUDE,GF-0859
4052,29,2018-11-03,2018-11-03,EXCLUDE,GF-0859
4052,29,2018-11-11,2018-11-11,EXCLUDE,GF-0859
4052,29,2018-11-25,2018-11-25,EXCLUDE,GF-0859
4052,29,2018-11-30,2018-11-30,EXCLUDE,GF-0859
4052,29,2018-12-05,2018-12-05,EXCLUDE,GF-0859
4052,29,2018-12-09,2018-12-09,EXCLUDE,GF-0859
4052,29,2018-12-15,2018-12-15,EXCLUDE,GF-0859
4052,29,2018-12-21,2018-12-21,EXCLUDE,GF-0859
4052,29,2018-12-26,2018-12-26,EXCLUDE,GF-0859
4052,29,2018-12-29,2018-12-29,EXCLUDE,GF-0859
4052,29,2019-01-02,2019-01-02,EXCLUDE,GF-0859
34532,29,2018-08-11,2018-08-11,EXCLUDE,GF-0860
34532,29,2018-08-18,2018-08-18,EXCLUDE,GF-0860
34532,29,2018-08-25,2018-08-25,EXCLUDE,GF-0860
6009,29,2018-08-11,2018-08-11,EXCLUDE,GF-0861
6009,29,2018-08-18,2018-08-18,EXCLUDE,GF-0861
6009,29,2018-08-25,2018-08-25,EXCLUDE,GF-0861
6482,29,2018-08-11,2018-08-11,EXCLUDE,GF-0863
6482,29,2018-08-18,2018-08-18,EXCLUDE,GF-0863
7583,29,2018-12-09,2018-12-09,EXCLUDE,GF-0864
7583,29,2018-12-15,2018-12-15,EXCLUDE,GF-0864
7583,29,2018-12-21,2018-12-21,EXCLUDE,GF-0864
7583,29,2018-12-26,2018-12-26,EXCLUDE,GF-0864
7583,29,2018-12-29,2018-12-29,EXCLUDE,GF-0864
7583,29,2019-01-02,2019-01-02,EXCLUDE,GF-0864
7583,29,2019-01-14,2019-01-14,EXCLUDE,GF-0864
7583,29,2019-01-19,2019-01-19,EXCLUDE,GF-0864
7583,29,2019-05-12,2019-05-12,EXCLUDE,GF-0864
581093,29,2018-08-11,2018-08-11,EXCLUDE,GF-0865
581093,29,2018-08-18,2018-08-18,EXCLUDE,GF-0865
581093,29,2018-08-25,2018-08-25,EXCLUDE,GF-0865
581093,29,2018-09-01,2018-09-01,EXCLUDE,GF-0865
581093,29,2018-09-16,2018-09-16,EXCLUDE,GF-0865
581093,29,2018-09-22,2018-09-22,EXCLUDE,GF-0865
581093,29,2018-09-29,2018-09-29,EXCLUDE,GF-0865
581093,29,2018-10-06,2018-10-06,EXCLUDE,GF-0865
581093,29,2018-10-20,2018-10-20,EXCLUDE,GF-0865
581093,29,2018-10-27,2018-10-27,EXCLUDE,GF-0865
581093,29,2018-11-03,2018-11-03,EXCLUDE,GF-0865
581093,29,2018-11-11,2018-11-11,EXCLUDE,GF-0865
581093,29,2018-11-25,2018-11-25,EXCLUDE,GF-0865
581093,29,2018-11-30,2018-11-30,EXCLUDE,GF-0865
581093,29,2018-12-05,2018-12-05,EXCLUDE,GF-0865
581093,29,2018-12-09,2018-12-09,EXCLUDE,GF-0865
581093,29,2018-12-15,2018-12-15,EXCLUDE,GF-0865
581093,29,2018-12-21,2018-12-21,EXCLUDE,GF-0865
581093,29,2018-12-26,2018-12-26,EXCLUDE,GF-0865
581093,29,2018-12-29,2018-12-29,EXCLUDE,GF-0865
581093,29,2019-01-02,2019-01-02,EXCLUDE,GF-0865
581093,29,2019-01-14,2019-01-14,EXCLUDE,GF-0865
581093,29,2019-01-19,2019-01-19,EXCLUDE,GF-0865
7522,29,2018-08-11,2018-08-11,EXCLUDE,GF-0866
7522,29,2018-08-18,2018-08-18,EXCLUDE,GF-0866
7522,29,2018-08-25,2018-08-25,EXCLUDE,GF-0866
7522,29,2019-01-02,2019-01-02,EXCLUDE,GF-0866
7522,29,2019-01-14,2019-01-14,EXCLUDE,GF-0866
7522,29,2019-01-19,2019-01-19,EXCLUDE,GF-0866
7522,29,2019-01-29,2019-01-29,EXCLUDE,GF-0866
900346175,29,2018-08-11,2018-08-11,EXCLUDE,GF-0867
900346175,29,2018-08-18,2018-08-18,EXCLUDE,GF-0867
900346175,29,2018-08-25,2018-08-25,EXCLUDE,GF-0867
900346175,29,2019-01-14,2019-01-14,EXCLUDE,GF-0867
900346175,29,2019-01-19,2019-01-19,EXCLUDE,GF-0867
900346175,29,2019-01-29,2019-01-29,EXCLUDE,GF-0867
1494345,29,2018-08-11,2018-08-11,EXCLUDE,GF-0868
1494345,29,2018-08-18,2018-08-18,EXCLUDE,GF-0868
1494345,29,2018-08-25,2018-08-25,EXCLUDE,GF-0868
1494345,29,2018-09-01,2018-09-01,EXCLUDE,GF-0868
1494345,29,2018-09-16,2018-09-16,EXCLUDE,GF-0868
1494345,29,2018-09-22,2018-09-22,EXCLUDE,GF-0868
1494345,29,2018-09-29,2018-09-29,EXCLUDE,GF-0868
1494345,29,2018-10-06,2018-10-06,EXCLUDE,GF-0868
1494345,29,2018-10-20,2018-10-20,EXCLUDE,GF-0868
1494345,29,2018-10-27,2018-10-27,EXCLUDE,GF-0868
1494345,29,2018-11-03,2018-11-03,EXCLUDE,GF-0868
1494345,29,2018-11-11,2018-11-11,EXCLUDE,GF-0868
1494345,29,2018-11-25,2018-11-25,EXCLUDE,GF-0868
1494345,29,2018-11-30,2018-11-30,EXCLUDE,GF-0868
1494345,29,2018-12-05,2018-12-05,EXCLUDE,GF-0868
1494345,29,2018-12-09,2018-12-09,EXCLUDE,GF-0868
1494345,29,2018-12-15,2018-12-15,EXCLUDE,GF-0868
1494345,29,2018-12-21,2018-12-21,EXCLUDE,GF-0868
1494345,29,2018-12-26,2018-12-26,EXCLUDE,GF-0868
1494345,29,2018-12-29,2018-12-29,EXCLUDE,GF-0868
1494345,29,2019-01-02,2019-01-02,EXCLUDE,GF-0868
1494345,29,2019-01-14,2019-01-14,EXCLUDE,GF-0868
1494345,29,2019-01-19,2019-01-19,EXCLUDE,GF-0868
1494345,29,2019-01-29,2019-01-29,EXCLUDE,GF-0868
1494345,29,2019-02-02,2019-02-02,EXCLUDE,GF-0868
1494345,29,2019-02-11,2019-02-11,EXCLUDE,GF-0868
1494345,29,2019-02-23,2019-02-23,EXCLUDE,GF-0868
1494345,29,2019-02-26,2019-02-26,EXCLUDE,GF-0868
1494345,29,2019-03-02,2019-03-02,EXCLUDE,GF-0868
1494345,29,2019-03-10,2019-03-10,EXCLUDE,GF-0868
1494345,29,2019-03-30,2019-03-30,EXCLUDE,GF-0868
1494345,29,2019-04-02,2019-04-02,EXCLUDE,GF-0868
1494345,29,2019-04-13,2019-04-13,EXCLUDE,GF-0868
1494345,29,2019-04-20,2019-04-20,EXCLUDE,GF-0868
1494345,29,2019-04-24,2019-04-24,EXCLUDE,GF-0868
1494345,29,2019-04-27,2019-04-27,EXCLUDE,GF-0868
1494345,29,2019-05-04,2019-05-04,EXCLUDE,GF-0868
1494345,29,2019-05-12,2019-05-12,EXCLUDE,GF-0868
900403574,29,2018-08-11,2018-08-11,EXCLUDE,GF-0869
900403574,29,2018-08-18,2018-08-18,EXCLUDE,GF-0869
900403574,29,2018-08-25,2018-08-25,EXCLUDE,GF-0869
900403574,29,2018-09-01,2018-09-01,EXCLUDE,GF-0869
900403574,29,2018-09-16,2018-09-16,EXCLUDE,GF-0869
900403574,29,2018-09-22,2018-09-22,EXCLUDE,GF-0869
900403574,29,2018-09-29,2018-09-29,EXCLUDE,GF-0869
900403574,29,2018-10-06,2018-10-06,EXCLUDE,GF-0869
900403574,29,2018-10-20,2018-10-20,EXCLUDE,GF-0869
900403574,29,2018-10-27,2018-10-27,EXCLUDE,GF-0869
900403574,29,2018-11-03,2018-11-03,EXCLUDE,GF-0869
900403574,29,2018-11-11,2018-11-11,EXCLUDE,GF-0869
900403574,29,2018-11-25,2018-11-25,EXCLUDE,GF-0869
900403574,29,2018-11-30,2018-11-30,EXCLUDE,GF-0869
900403574,29,2018-12-05,2018-12-05,EXCLUDE,GF-0869
900403574,29,2018-12-09,2018-12-09,EXCLUDE,GF-0869
900403574,29,2018-12-15,2018-12-15,EXCLUDE,GF-0869
900403574,29,2018-12-21,2018-12-21,EXCLUDE,GF-0869
900403574,29,2018-12-26,2018-12-26,EXCLUDE,GF-0869
900403574,29,2018-12-29,2018-12-29,EXCLUDE,GF-0869
900403574,29,2019-01-02,2019-01-02,EXCLUDE,GF-0869
900403574,29,2019-01-14,2019-01-14,EXCLUDE,GF-0869
900403574,29,2019-01-19,2019-01-19,EXCLUDE,GF-0869
900403574,29,2019-01-29,2019-01-29,EXCLUDE,GF-0869
900403574,29,2019-02-02,2019-02-02,EXCLUDE,GF-0869
900403574,29,2019-02-11,2019-02-11,EXCLUDE,GF-0869
900403574,29,2019-02-23,2019-02-23,EXCLUDE,GF-0869
900403574,29,2019-02-26,2019-02-26,EXCLUDE,GF-0869
900403574,29,2019-03-02,2019-03-02,EXCLUDE,GF-0869
900403574,29,2019-03-10,2019-03-10,EXCLUDE,GF-0869
900403574,29,2019-03-30,2019-03-30,EXCLUDE,GF-0869
900403574,29,2019-04-02,2019-04-02,EXCLUDE,GF-0869
900403574,29,2019-04-13,2019-04-13,EXCLUDE,GF-0869
900403574,29,2019-04-20,2019-04-20,EXCLUDE,GF-0869
900403574,29,2019-04-24,2019-04-24,EXCLUDE,GF-0869
900403574,29,2019-04-27,2019-04-27,EXCLUDE,GF-0869
900403574,29,2019-05-04,2019-05-04,EXCLUDE,GF-0869
900403574,29,2019-05-12,2019-05-12,EXCLUDE,GF-0869
900426620,29,2018-08-11,2018-08-11,EXCLUDE,GF-0870
900426620,29,2018-08-18,2018-08-18,EXCLUDE,GF-0870
900426620,29,2018-08-25,2018-08-25,EXCLUDE,GF-0870
900426620,29,2018-09-01,2018-09-01,EXCLUDE,GF-0870
900426620,29,2018-09-16,2018-09-16,EXCLUDE,GF-0870
900426620,29,2018-09-22,2018-09-22,EXCLUDE,GF-0870
900426620,29,2018-09-29,2018-09-29,EXCLUDE,GF-0870
900426620,29,2018-10-06,2018-10-06,EXCLUDE,GF-0870
900426620,29,2018-10-20,2018-10-20,EXCLUDE,GF-0870
900426620,29,2018-10-27,2018-10-27,EXCLUDE,GF-0870
900426620,29,2018-11-03,2018-11-03,EXCLUDE,GF-0870
900426620,29,2018-11-11,2018-11-11,EXCLUDE,GF-0870
900426620,29,2018-11-25,2018-11-25,EXCLUDE,GF-0870
900426620,29,2018-11-30,2018-11-30,EXCLUDE,GF-0870
900426620,29,2018-12-05,2018-12-05,EXCLUDE,GF-0870
900426620,29,2018-12-09,2018-12-09,EXCLUDE,GF-0870
900426620,29,2018-12-15,2018-12-15,EXCLUDE,GF-0870
900426620,29,2018-12-21,2018-12-21,EXCLUDE,GF-0870
900426620,29,2018-12-26,2018-12-26,EXCLUDE,GF-0870
900426620,29,2018-12-29,2018-12-29,EXCLUDE,GF-0870
900426620,29,2019-01-02,2019-01-02,EXCLUDE,GF-0870
900426620,29,2019-01-14,2019-01-14,EXCLUDE,GF-0870
900426620,29,2019-01-19,2019-01-19,EXCLUDE,GF-0870
900426620,29,2019-01-29,2019-01-29,EXCLUDE,GF-0870
900426620,29,2019-02-02,2019-02-02,EXCLUDE,GF-0870
900426620,29,2019-02-11,2019-02-11,EXCLUDE,GF-0870
900426620,29,2019-02-23,2019-02-23,EXCLUDE,GF-0870
900426620,29,2019-02-26,2019-02-26,EXCLUDE,GF-0870
900426620,29,2019-03-02,2019-03-02,EXCLUDE,GF-0870
900426620,29,2019-03-10,2019-03-10,EXCLUDE,GF-0870
900426620,29,2019-03-30,2019-03-30,EXCLUDE,GF-0870
900426620,29,2019-04-02,2019-04-02,EXCLUDE,GF-0870
900426620,29,2019-04-13,2019-04-13,EXCLUDE,GF-0870
900426620,29,2019-04-20,2019-04-20,EXCLUDE,GF-0870
900426620,29,2019-04-24,2019-04-24,EXCLUDE,GF-0870
900426620,29,2019-04-27,2019-04-27,EXCLUDE,GF-0870
900426620,29,2019-05-04,2019-05-04,EXCLUDE,GF-0870
900426620,29,2019-05-12,2019-05-12,EXCLUDE,GF-0870
4833,42,2018-08-10,2018-08-10,EXCLUDE,GF-0875
1605,42,2018-08-10,2018-08-10,EXCLUDE,GF-0876
1605,42,2018-08-18,2018-08-18,EXCLUDE,GF-0876
1605,42,2018-08-25,2018-08-25,EXCLUDE,GF-0876
1605,42,2019-04-06,2019-04-06,EXCLUDE,GF-0876
1605,42,2019-04-12,2019-04-12,EXCLUDE,GF-0876
1605,42,2019-04-20,2019-04-20,EXCLUDE,GF-0876
1605,42,2019-04-28,2019-04-28,EXCLUDE,GF-0876
1605,42,2019-05-06,2019-05-06,EXCLUDE,GF-0876
1605,42,2019-05-12,2019-05-12,EXCLUDE,GF-0876
3320,42,2018-08-10,2018-08-10,EXCLUDE,GF-0877
3320,42,2018-08-18,2018-08-18,EXCLUDE,GF-0877
3320,42,2018-08-25,2018-08-25,EXCLUDE,GF-0877
3320,42,2018-09-01,2018-09-01,EXCLUDE,GF-0877
3320,42,2018-09-15,2018-09-15,EXCLUDE,GF-0877
3320,42,2018-09-22,2018-09-22,EXCLUDE,GF-0877
3320,42,2018-09-29,2018-09-29,EXCLUDE,GF-0877
3320,42,2018-10-06,2018-10-06,EXCLUDE,GF-0877
3320,42,2018-10-22,2018-10-22,EXCLUDE,GF-0877
3320,42,2018-10-27,2018-10-27,EXCLUDE,GF-0877
3320,42,2018-11-03,2018-11-03,EXCLUDE,GF-0877
3320,42,2018-11-10,2018-11-10,EXCLUDE,GF-0877
3320,42,2018-11-24,2018-11-24,EXCLUDE,GF-0877
3320,42,2018-12-01,2018-12-01,EXCLUDE,GF-0877
3320,42,2018-12-05,2018-12-05,EXCLUDE,GF-0877
3320,42,2018-12-08,2018-12-08,EXCLUDE,GF-0877
3320,42,2018-12-15,2018-12-15,EXCLUDE,GF-0877
3320,42,2018-12-22,2018-12-22,EXCLUDE,GF-0877
3320,42,2018-12-26,2018-12-26,EXCLUDE,GF-0877
3320,42,2018-12-29,2018-12-29,EXCLUDE,GF-0877
3320,42,2019-01-01,2019-01-01,EXCLUDE,GF-0877
74008,42,2018-08-10,2018-08-10,EXCLUDE,GF-0878
74008,42,2018-08-18,2018-08-18,EXCLUDE,GF-0878
74008,42,2018-08-25,2018-08-25,EXCLUDE,GF-0878
539997,42,2018-08-10,2018-08-10,EXCLUDE,GF-0879
539997,42,2018-08-18,2018-08-18,EXCLUDE,GF-0879
539997,42,2018-08-25,2018-08-25,EXCLUDE,GF-0879
539997,42,2018-09-01,2018-09-01,EXCLUDE,GF-0879
539997,42,2018-09-15,2018-09-15,EXCLUDE,GF-0879
539997,42,2018-09-22,2018-09-22,EXCLUDE,GF-0879
539997,42,2018-09-29,2018-09-29,EXCLUDE,GF-0879
539997,42,2018-10-06,2018-10-06,EXCLUDE,GF-0879
539997,42,2018-10-22,2018-10-22,EXCLUDE,GF-0879
539997,42,2018-10-27,2018-10-27,EXCLUDE,GF-0879
539997,42,2018-11-03,2018-11-03,EXCLUDE,GF-0879
539997,42,2018-11-10,2018-11-10,EXCLUDE,GF-0879
539997,42,2018-11-24,2018-11-24,EXCLUDE,GF-0879
539997,42,2018-12-01,2018-12-01,EXCLUDE,GF-0879
539997,42,2018-12-05,2018-12-05,EXCLUDE,GF-0879
539997,42,2018-12-08,2018-12-08,EXCLUDE,GF-0879
539997,42,2018-12-15,2018-12-15,EXCLUDE,GF-0879
539997,42,2018-12-22,2018-12-22,EXCLUDE,GF-0879
539997,42,2018-12-26,2018-12-26,EXCLUDE,GF-0879
539997,42,2018-12-29,2018-12-29,EXCLUDE,GF-0879
539997,42,2019-01-01,2019-01-01,EXCLUDE,GF-0879
539997,42,2019-01-12,2019-01-12,EXCLUDE,GF-0879
539997,42,2019-01-19,2019-01-19,EXCLUDE,GF-0879
539997,42,2019-01-30,2019-01-30,EXCLUDE,GF-0879
539997,42,2019-02-03,2019-02-03,EXCLUDE,GF-0879
539997,42,2019-02-10,2019-02-10,EXCLUDE,GF-0879
539997,42,2019-02-23,2019-02-23,EXCLUDE,GF-0879
539997,42,2019-02-26,2019-02-26,EXCLUDE,GF-0879
539997,42,2019-03-03,2019-03-03,EXCLUDE,GF-0879
539997,42,2019-03-09,2019-03-09,EXCLUDE,GF-0879
539997,42,2019-03-16,2019-03-16,EXCLUDE,GF-0879
539997,42,2019-03-30,2019-03-30,EXCLUDE,GF-0879
539997,42,2019-04-06,2019-04-06,EXCLUDE,GF-0879
539997,42,2019-04-12,2019-04-12,EXCLUDE,GF-0879
539997,42,2019-04-20,2019-04-20,EXCLUDE,GF-0879
539997,42,2019-04-28,2019-04-28,EXCLUDE,GF-0879
539997,42,2019-05-06,2019-05-06,EXCLUDE,GF-0879
539997,42,2019-05-12,2019-05-12,EXCLUDE,GF-0879
1329,51,2018-08-11,2018-08-11,EXCLUDE,GF-0880
1329,51,2018-08-20,2018-08-20,EXCLUDE,GF-0880
1329,51,2018-08-26,2018-08-26,EXCLUDE,GF-0880
1329,51,2018-09-01,2018-09-01,EXCLUDE,GF-0880
1329,51,2018-09-15,2018-09-15,EXCLUDE,GF-0880
1329,51,2018-09-22,2018-09-22,EXCLUDE,GF-0880
1329,51,2018-10-01,2018-10-01,EXCLUDE,GF-0880
1329,51,2018-10-06,2018-10-06,EXCLUDE,GF-0880
1329,51,2018-10-21,2018-10-21,EXCLUDE,GF-0880
1329,51,2018-10-28,2018-10-28,EXCLUDE,GF-0880
1329,51,2018-11-04,2018-11-04,EXCLUDE,GF-0880
1329,51,2018-11-10,2018-11-10,EXCLUDE,GF-0880
1329,51,2018-11-24,2018-11-24,EXCLUDE,GF-0880
1329,51,2018-12-01,2018-12-01,EXCLUDE,GF-0880
1329,51,2018-12-04,2018-12-04,EXCLUDE,GF-0880
1329,51,2018-12-08,2018-12-08,EXCLUDE,GF-0880
1329,51,2018-12-15,2018-12-15,EXCLUDE,GF-0880
1329,51,2018-12-22,2018-12-22,EXCLUDE,GF-0880
1329,51,2018-12-26,2018-12-26,EXCLUDE,GF-0880
1329,51,2018-12-30,2018-12-30,EXCLUDE,GF-0880
1329,51,2019-01-02,2019-01-02,EXCLUDE,GF-0880
4189,51,2018-08-11,2018-08-11,EXCLUDE,GF-0881
4189,51,2018-08-20,2018-08-20,EXCLUDE,GF-0881
4189,51,2018-08-26,2018-08-26,EXCLUDE,GF-0881
4189,51,2019-02-02,2019-02-02,EXCLUDE,GF-0881
4189,51,2019-02-09,2019-02-09,EXCLUDE,GF-0881
4189,51,2019-02-23,2019-02-23,EXCLUDE,GF-0881
4189,51,2019-02-27,2019-02-27,EXCLUDE,GF-0881
4189,51,2019-03-02,2019-03-02,EXCLUDE,GF-0881
4189,51,2019-03-09,2019-03-09,EXCLUDE,GF-0881
4189,51,2019-03-30,2019-03-30,EXCLUDE,GF-0881
4189,51,2019-04-03,2019-04-03,EXCLUDE,GF-0881
4189,51,2019-04-06,2019-04-06,EXCLUDE,GF-0881
4189,51,2019-04-14,2019-04-14,EXCLUDE,GF-0881
4189,51,2019-04-21,2019-04-21,EXCLUDE,GF-0881
4189,51,2019-04-27,2019-04-27,EXCLUDE,GF-0881
4189,51,2019-05-04,2019-05-04,EXCLUDE,GF-0881
4189,51,2019-05-12,2019-05-12,EXCLUDE,GF-0881
2846848,51,2018-08-11,2018-08-11,EXCLUDE,GF-0882
2846848,51,2018-08-20,2018-08-20,EXCLUDE,GF-0882
2846848,51,2018-08-26,2018-08-26,EXCLUDE,GF-0882
9216,51,2018-08-11,2018-08-11,EXCLUDE,GF-0883
9216,51,2018-08-20,2018-08-20,EXCLUDE,GF-0883
9216,51,2018-08-26,2018-08-26,EXCLUDE,GF-0883
9216,51,2018-09-01,2018-09-01,EXCLUDE,GF-0883
9216,51,2018-09-15,2018-09-15,EXCLUDE,GF-0883
9216,51,2018-09-22,2018-09-22,EXCLUDE,GF-0883
9216,51,2018-10-01,2018-10-01,EXCLUDE,GF-0883
9216,51,2018-10-06,2018-10-06,EXCLUDE,GF-0883
9216,51,2018-10-21,2018-10-21,EXCLUDE,GF-0883
9216,51,2018-10-28,2018-10-28,EXCLUDE,GF-0883
9216,51,2018-11-04,2018-11-04,EXCLUDE,GF-0883
9216,51,2018-11-10,2018-11-10,EXCLUDE,GF-0883
9216,51,2018-11-24,2018-11-24,EXCLUDE,GF-0883
9216,51,2018-12-01,2018-12-01,EXCLUDE,GF-0883
9216,51,2018-12-04,2018-12-04,EXCLUDE,GF-0883
9216,51,2018-12-08,2018-12-08,EXCLUDE,GF-0883
9216,51,2018-12-15,2018-12-15,EXCLUDE,GF-0883
9216,51,2018-12-22,2018-12-22,EXCLUDE,GF-0883
9216,51,2018-12-26,2018-12-26,EXCLUDE,GF-0883
9216,51,2018-12-30,2018-12-30,EXCLUDE,GF-0883
9216,51,2019-01-02,2019-01-02,EXCLUDE,GF-0883
9216,51,2019-01-12,2019-01-12,EXCLUDE,GF-0883
9216,51,2019-01-19,2019-01-19,EXCLUDE,GF-0883
9216,51,2019-01-30,2019-01-30,EXCLUDE,GF-0883
1667955,51,2018-08-11,2018-08-11,EXCLUDE,GF-0884
1667955,51,2018-08-20,2018-08-20,EXCLUDE,GF-0884
1667955,51,2018-08-26,2018-08-26,EXCLUDE,GF-0884
1667955,51,2018-09-01,2018-09-01,EXCLUDE,GF-0884
1667955,51,2018-09-15,2018-09-15,EXCLUDE,GF-0884
1667955,51,2018-09-22,2018-09-22,EXCLUDE,GF-0884
1667955,51,2018-10-01,2018-10-01,EXCLUDE,GF-0884
1667955,51,2018-10-06,2018-10-06,EXCLUDE,GF-0884
1667955,51,2018-10-21,2018-10-21,EXCLUDE,GF-0884
1667955,51,2018-10-28,2018-10-28,EXCLUDE,GF-0884
1667955,51,2018-11-04,2018-11-04,EXCLUDE,GF-0884
1667955,51,2018-11-10,2018-11-10,EXCLUDE,GF-0884
1667955,51,2018-11-24,2018-11-24,EXCLUDE,GF-0884
1667955,51,2018-12-01,2018-12-01,EXCLUDE,GF-0884
1667955,51,2018-12-04,2018-12-04,EXCLUDE,GF-0884
1667955,51,2018-12-08,2018-12-08,EXCLUDE,GF-0884
1667955,51,2018-12-15,2018-12-15,EXCLUDE,GF-0884
1667955,51,2018-12-22,2018-12-22,EXCLUDE,GF-0884
1667955,51,2018-12-26,2018-12-26,EXCLUDE,GF-0884
1667955,51,2018-12-30,2018-12-30,EXCLUDE,GF-0884
1667955,51,2019-01-02,2019-01-02,EXCLUDE,GF-0884
4598727,51,2018-08-11,2018-08-11,EXCLUDE,GF-0885
4598727,51,2018-08-20,2018-08-20,EXCLUDE,GF-0885
4598727,51,2018-08-26,2018-08-26,EXCLUDE,GF-0885
4598727,51,2018-09-01,2018-09-01,EXCLUDE,GF-0885
4598727,51,2018-09-15,2018-09-15,EXCLUDE,GF-0885
4598727,51,2018-09-22,2018-09-22,EXCLUDE,GF-0885
4598727,51,2018-10-01,2018-10-01,EXCLUDE,GF-0885
4598727,51,2018-10-06,2018-10-06,EXCLUDE,GF-0885
4598727,51,2018-10-21,2018-10-21,EXCLUDE,GF-0885
4598727,51,2018-10-28,2018-10-28,EXCLUDE,GF-0885
4598727,51,2018-11-04,2018-11-04,EXCLUDE,GF-0885
4598727,51,2018-11-10,2018-11-10,EXCLUDE,GF-0885
4598727,51,2018-11-24,2018-11-24,EXCLUDE,GF-0885
4598727,51,2018-12-01,2018-12-01,EXCLUDE,GF-0885
4598727,51,2018-12-04,2018-12-04,EXCLUDE,GF-0885
4598727,51,2018-12-08,2018-12-08,EXCLUDE,GF-0885
4598727,51,2018-12-15,2018-12-15,EXCLUDE,GF-0885
4598727,51,2018-12-22,2018-12-22,EXCLUDE,GF-0885
4598727,51,2018-12-26,2018-12-26,EXCLUDE,GF-0885
4598727,51,2018-12-30,2018-12-30,EXCLUDE,GF-0885
4598727,51,2019-01-02,2019-01-02,EXCLUDE,GF-0885
4598727,51,2019-01-12,2019-01-12,EXCLUDE,GF-0885
4598727,51,2019-01-19,2019-01-19,EXCLUDE,GF-0885
4598727,51,2019-01-30,2019-01-30,EXCLUDE,GF-0885
4598727,51,2019-02-02,2019-02-02,EXCLUDE,GF-0885
4598727,51,2019-02-09,2019-02-09,EXCLUDE,GF-0885
4598727,51,2019-02-23,2019-02-23,EXCLUDE,GF-0885
4598727,51,2019-02-27,2019-02-27,EXCLUDE,GF-0885
4598727,51,2019-03-02,2019-03-02,EXCLUDE,GF-0885
4598727,51,2019-03-09,2019-03-09,EXCLUDE,GF-0885
4598727,51,2019-03-30,2019-03-30,EXCLUDE,GF-0885
4598727,51,2019-04-03,2019-04-03,EXCLUDE,GF-0885
4598727,51,2019-04-06,2019-04-06,EXCLUDE,GF-0885
4598727,51,2019-04-14,2019-04-14,EXCLUDE,GF-0885
4598727,51,2019-04-21,2019-04-21,EXCLUDE,GF-0885
4598727,51,2019-04-27,2019-04-27,EXCLUDE,GF-0885
4598727,51,2019-05-04,2019-05-04,EXCLUDE,GF-0885
4598727,51,2019-05-12,2019-05-12,EXCLUDE,GF-0885
896242,52,2018-08-11,2018-08-11,EXCLUDE,GF-0889
896242,52,2018-08-18,2018-08-18,EXCLUDE,GF-0889
896242,52,2018-08-25,2018-08-25,EXCLUDE,GF-0889
896242,52,2018-09-01,2018-09-01,EXCLUDE,GF-0889
896242,52,2018-09-15,2018-09-15,EXCLUDE,GF-0889
896242,52,2018-09-22,2018-09-22,EXCLUDE,GF-0889
896242,52,2018-10-01,2018-10-01,EXCLUDE,GF-0889
896242,52,2018-10-06,2018-10-06,EXCLUDE,GF-0889
896242,52,2018-10-20,2018-10-20,EXCLUDE,GF-0889
896242,52,2018-10-27,2018-10-27,EXCLUDE,GF-0889
896242,52,2018-11-03,2018-11-03,EXCLUDE,GF-0889
896242,52,2018-11-10,2018-11-10,EXCLUDE,GF-0889
896242,52,2018-11-25,2018-11-25,EXCLUDE,GF-0889
896242,52,2018-12-01,2018-12-01,EXCLUDE,GF-0889
896242,52,2018-12-04,2018-12-04,EXCLUDE,GF-0889
896242,52,2018-12-08,2018-12-08,EXCLUDE,GF-0889
896242,52,2018-12-15,2018-12-15,EXCLUDE,GF-0889
896242,52,2018-12-22,2018-12-22,EXCLUDE,GF-0889
896242,52,2018-12-26,2018-12-26,EXCLUDE,GF-0889
896242,52,2018-12-30,2018-12-30,EXCLUDE,GF-0889
896242,52,2019-01-02,2019-01-02,EXCLUDE,GF-0889
9438,52,2018-08-11,2018-08-11,EXCLUDE,GF-0892
9438,52,2018-08-18,2018-08-18,EXCLUDE,GF-0892
9438,52,2018-08-25,2018-08-25,EXCLUDE,GF-0892
9438,52,2018-09-01,2018-09-01,EXCLUDE,GF-0892
9438,52,2018-09-15,2018-09-15,EXCLUDE,GF-0892
9438,52,2018-09-22,2018-09-22,EXCLUDE,GF-0892
9438,52,2018-10-01,2018-10-01,EXCLUDE,GF-0892
9438,52,2018-10-06,2018-10-06,EXCLUDE,GF-0892
9438,52,2018-10-20,2018-10-20,EXCLUDE,GF-0892
9438,52,2018-10-27,2018-10-27,EXCLUDE,GF-0892
9438,52,2018-11-03,2018-11-03,EXCLUDE,GF-0892
9438,52,2018-11-10,2018-11-10,EXCLUDE,GF-0892
9438,52,2018-11-25,2018-11-25,EXCLUDE,GF-0892
9438,52,2018-12-01,2018-12-01,EXCLUDE,GF-0892
9438,52,2018-12-04,2018-12-04,EXCLUDE,GF-0892
9438,52,2018-12-08,2018-12-08,EXCLUDE,GF-0892
9438,52,2018-12-15,2018-12-15,EXCLUDE,GF-0892
9438,52,2018-12-22,2018-12-22,EXCLUDE,GF-0892
9438,52,2018-12-26,2018-12-26,EXCLUDE,GF-0892
9438,52,2018-12-30,2018-12-30,EXCLUDE,GF-0892
9438,52,2019-01-02,2019-01-02,EXCLUDE,GF-0892
1485,65,2018-08-12,2018-08-12,EXCLUDE,GF-0895
1485,65,2018-08-18,2018-08-18,EXCLUDE,GF-0895
1485,65,2018-08-25,2018-08-25,EXCLUDE,GF-0895
1485,65,2018-09-01,2018-09-01,EXCLUDE,GF-0895
1485,65,2018-09-17,2018-09-17,EXCLUDE,GF-0895
1485,65,2018-09-22,2018-09-22,EXCLUDE,GF-0895
1485,65,2018-09-29,2018-09-29,EXCLUDE,GF-0895
1485,65,2018-10-07,2018-10-07,EXCLUDE,GF-0895
1485,65,2018-10-20,2018-10-20,EXCLUDE,GF-0895
1485,65,2018-10-27,2018-10-27,EXCLUDE,GF-0895
1485,65,2018-11-04,2018-11-04,EXCLUDE,GF-0895
1485,65,2018-11-10,2018-11-10,EXCLUDE,GF-0895
1485,65,2018-11-24,2018-11-24,EXCLUDE,GF-0895
1485,65,2018-12-01,2018-12-01,EXCLUDE,GF-0895
1485,65,2018-12-05,2018-12-05,EXCLUDE,GF-0895
1485,65,2018-12-08,2018-12-08,EXCLUDE,GF-0895
1485,65,2018-12-16,2018-12-16,EXCLUDE,GF-0895
1485,65,2018-12-22,2018-12-22,EXCLUDE,GF-0895
1485,65,2018-12-27,2018-12-27,EXCLUDE,GF-0895
1485,65,2018-12-30,2018-12-30,EXCLUDE,GF-0895
1485,65,2019-01-02,2019-01-02,EXCLUDE,GF-0895
1485,65,2019-01-12,2019-01-12,EXCLUDE,GF-0895
1485,65,2019-01-19,2019-01-19,EXCLUDE,GF-0895
1485,65,2019-01-30,2019-01-30,EXCLUDE,GF-0895
1485,65,2019-02-02,2019-02-02,EXCLUDE,GF-0895
1485,65,2019-02-09,2019-02-09,EXCLUDE,GF-0895
1485,65,2019-02-24,2019-02-24,EXCLUDE,GF-0895
1485,65,2019-02-27,2019-02-27,EXCLUDE,GF-0895
1485,65,2019-03-02,2019-03-02,EXCLUDE,GF-0895
1485,65,2019-03-09,2019-03-09,EXCLUDE,GF-0895
1485,65,2019-03-30,2019-03-30,EXCLUDE,GF-0895
1485,65,2019-04-05,2019-04-05,EXCLUDE,GF-0895
1485,65,2019-04-13,2019-04-13,EXCLUDE,GF-0895
1485,65,2019-04-20,2019-04-20,EXCLUDE,GF-0895
1485,65,2019-04-23,2019-04-23,EXCLUDE,GF-0895
1485,65,2019-04-27,2019-04-27,EXCLUDE,GF-0895
1485,65,2019-05-04,2019-05-04,EXCLUDE,GF-0895
1485,65,2019-05-12,2019-05-12,EXCLUDE,GF-0895
4145,65,2018-08-12,2018-08-12,EXCLUDE,GF-0896
4145,65,2018-08-18,2018-08-18,EXCLUDE,GF-0896
4145,65,2018-08-25,2018-08-25,EXCLUDE,GF-0896
1409,65,2018-08-12,2018-08-12,EXCLUDE,GF-0897
1409,65,2018-08-18,2018-08-18,EXCLUDE,GF-0897
1409,65,2018-08-25,2018-08-25,EXCLUDE,GF-0897
4351,65,2018-08-12,2018-08-12,EXCLUDE,GF-0898
4351,65,2018-08-18,2018-08-18,EXCLUDE,GF-0898
4351,65,2018-08-25,2018-08-25,EXCLUDE,GF-0898
4351,65,2019-01-02,2019-01-02,EXCLUDE,GF-0898
4351,65,2019-01-12,2019-01-12,EXCLUDE,GF-0898
4351,65,2019-01-19,2019-01-19,EXCLUDE,GF-0898
4351,65,2019-01-30,2019-01-30,EXCLUDE,GF-0898
900339795,65,2018-08-12,2018-08-12,EXCLUDE,GF-0899
900339795,65,2018-08-18,2018-08-18,EXCLUDE,GF-0899
900339795,65,2018-08-25,2018-08-25,EXCLUDE,GF-0899
900339795,65,2018-09-01,2018-09-01,EXCLUDE,GF-0899
900339795,65,2018-09-17,2018-09-17,EXCLUDE,GF-0899
900339795,65,2018-09-22,2018-09-22,EXCLUDE,GF-0899
900339795,65,2018-09-29,2018-09-29,EXCLUDE,GF-0899
900339795,65,2018-10-07,2018-10-07,EXCLUDE,GF-0899
900339795,65,2018-10-20,2018-10-20,EXCLUDE,GF-0899
900339795,65,2018-10-27,2018-10-27,EXCLUDE,GF-0899
900339795,65,2018-11-04,2018-11-04,EXCLUDE,GF-0899
900339795,65,2018-11-10,2018-11-10,EXCLUDE,GF-0899
900339795,65,2018-11-24,2018-11-24,EXCLUDE,GF-0899
900339795,65,2018-12-01,2018-12-01,EXCLUDE,GF-0899
900339795,65,2018-12-05,2018-12-05,EXCLUDE,GF-0899
900339795,65,2018-12-08,2018-12-08,EXCLUDE,GF-0899
900339795,65,2018-12-16,2018-12-16,EXCLUDE,GF-0899
900339795,65,2018-12-22,2018-12-22,EXCLUDE,GF-0899
900339795,65,2018-12-27,2018-12-27,EXCLUDE,GF-0899
900339795,65,2018-12-30,2018-12-30,EXCLUDE,GF-0899
900339795,65,2019-01-02,2019-01-02,EXCLUDE,GF-0899
900339795,65,2019-01-12,2019-01-12,EXCLUDE,GF-0899
900339795,65,2019-01-19,2019-01-19,EXCLUDE,GF-0899
900339795,65,2019-01-30,2019-01-30,EXCLUDE,GF-0899
900339795,65,2019-02-02,2019-02-02,EXCLUDE,GF-0899
900339795,65,2019-02-09,2019-02-09,EXCLUDE,GF-0899
900339795,65,2019-02-24,2019-02-24,EXCLUDE,GF-0899
900339795,65,2019-02-27,2019-02-27,EXCLUDE,GF-0899
900339795,65,2019-03-02,2019-03-02,EXCLUDE,GF-0899
900339795,65,2019-03-09,2019-03-09,EXCLUDE,GF-0899
900339795,65,2019-03-30,2019-03-30,EXCLUDE,GF-0899
900339795,65,2019-04-05,2019-04-05,EXCLUDE,GF-0899
900339795,65,2019-04-13,2019-04-13,EXCLUDE,GF-0899
900339795,65,2019-04-20,2019-04-20,EXCLUDE,GF-0899
900339795,65,2019-04-23,2019-04-23,EXCLUDE,GF-0899
900339795,65,2019-04-27,2019-04-27,EXCLUDE,GF-0899
900339795,65,2019-05-04,2019-05-04,EXCLUDE,GF-0899
900339795,65,2019-05-12,2019-05-12,EXCLUDE,GF-0899
5299,65,2018-08-12,2018-08-12,EXCLUDE,GF-0900
5299,65,2018-08-18,2018-08-18,EXCLUDE,GF-0900
5299,65,2018-08-25,2018-08-25,EXCLUDE,GF-0900
5299,65,2018-09-01,2018-09-01,EXCLUDE,GF-0900
5299,65,2018-09-17,2018-09-17,EXCLUDE,GF-0900
5299,65,2018-09-22,2018-09-22,EXCLUDE,GF-0900
5299,65,2018-09-29,2018-09-29,EXCLUDE,GF-0900
5299,65,2018-10-07,2018-10-07,EXCLUDE,GF-0900
5299,65,2018-10-20,2018-10-20,EXCLUDE,GF-0900
5299,65,2018-10-27,2018-10-27,EXCLUDE,GF-0900
5299,65,2018-11-04,2018-11-04,EXCLUDE,GF-0900
5299,65,2018-11-10,2018-11-10,EXCLUDE,GF-0900
5299,65,2018-11-24,2018-11-24,EXCLUDE,GF-0900
5299,65,2018-12-01,2018-12-01,EXCLUDE,GF-0900
5299,65,2018-12-05,2018-12-05,EXCLUDE,GF-0900
5299,65,2018-12-08,2018-12-08,EXCLUDE,GF-0900
5299,65,2018-12-16,2018-12-16,EXCLUDE,GF-0900
5299,65,2018-12-22,2018-12-22,EXCLUDE,GF-0900
5299,65,2018-12-27,2018-12-27,EXCLUDE,GF-0900
5299,65,2018-12-30,2018-12-30,EXCLUDE,GF-0900
5299,65,2019-01-02,2019-01-02,EXCLUDE,GF-0900
5299,65,2019-01-12,2019-01-12,EXCLUDE,GF-0900
5299,65,2019-01-19,2019-01-19,EXCLUDE,GF-0900
5299,65,2019-01-30,2019-01-30,EXCLUDE,GF-0900
5299,65,2019-02-02,2019-02-02,EXCLUDE,GF-0900
5299,65,2019-02-09,2019-02-09,EXCLUDE,GF-0900
5299,65,2019-02-24,2019-02-24,EXCLUDE,GF-0900
5299,65,2019-02-27,2019-02-27,EXCLUDE,GF-0900
5299,65,2019-03-02,2019-03-02,EXCLUDE,GF-0900
5299,65,2019-03-09,2019-03-09,EXCLUDE,GF-0900
5299,65,2019-03-30,2019-03-30,EXCLUDE,GF-0900
5299,65,2019-04-05,2019-04-05,EXCLUDE,GF-0900
5299,65,2019-04-13,2019-04-13,EXCLUDE,GF-0900
5299,65,2019-04-20,2019-04-20,EXCLUDE,GF-0900
5299,65,2019-04-23,2019-04-23,EXCLUDE,GF-0900
5299,65,2019-04-27,2019-04-27,EXCLUDE,GF-0900
5299,65,2019-05-04,2019-05-04,EXCLUDE,GF-0900
5299,65,2019-05-12,2019-05-12,EXCLUDE,GF-0900
1311,69,2018-08-11,2018-08-11,EXCLUDE,GF-0902
1311,69,2018-08-18,2018-08-18,EXCLUDE,GF-0902
1311,69,2019-01-12,2019-01-12,EXCLUDE,GF-0902
1311,69,2019-01-19,2019-01-19,EXCLUDE,GF-0902
1311,69,2019-01-29,2019-01-29,EXCLUDE,GF-0902
1311,69,2019-02-02,2019-02-02,EXCLUDE,GF-0902
1311,69,2019-02-09,2019-02-09,EXCLUDE,GF-0902
1311,69,2019-02-22,2019-02-22,EXCLUDE,GF-0902
1311,69,2019-02-26,2019-02-26,EXCLUDE,GF-0902
1311,69,2019-03-02,2019-03-02,EXCLUDE,GF-0902
1311,69,2019-03-09,2019-03-09,EXCLUDE,GF-0902
1311,69,2019-03-31,2019-03-31,EXCLUDE,GF-0902
1311,69,2019-04-03,2019-04-03,EXCLUDE,GF-0902
1311,69,2019-04-13,2019-04-13,EXCLUDE,GF-0902
1311,69,2019-04-16,2019-04-16,EXCLUDE,GF-0902
1311,69,2019-04-21,2019-04-21,EXCLUDE,GF-0902
1311,69,2019-04-27,2019-04-27,EXCLUDE,GF-0902
1311,69,2019-05-04,2019-05-04,EXCLUDE,GF-0902
1311,69,2019-05-12,2019-05-12,EXCLUDE,GF-0902
2619,69,2018-08-11,2018-08-11,EXCLUDE,GF-0903
2619,69,2018-08-18,2018-08-18,EXCLUDE,GF-0903
2619,69,2018-08-25,2018-08-25,EXCLUDE,GF-0903
2619,69,2018-09-02,2018-09-02,EXCLUDE,GF-0903
2619,69,2018-09-15,2018-09-15,EXCLUDE,GF-0903
2619,69,2018-09-22,2018-09-22,EXCLUDE,GF-0903
2619,69,2018-09-30,2018-09-30,EXCLUDE,GF-0903
2619,69,2018-10-06,2018-10-06,EXCLUDE,GF-0903
2619,69,2018-10-20,2018-10-20,EXCLUDE,GF-0903
2619,69,2018-10-27,2018-10-27,EXCLUDE,GF-0903
2619,69,2018-11-03,2018-11-03,EXCLUDE,GF-0903
2619,69,2018-11-10,2018-11-10,EXCLUDE,GF-0903
2619,69,2018-11-24,2018-11-24,EXCLUDE,GF-0903
2619,69,2018-11-30,2018-11-30,EXCLUDE,GF-0903
2619,69,2018-12-04,2018-12-04,EXCLUDE,GF-0903
2619,69,2018-12-08,2018-12-08,EXCLUDE,GF-0903
2619,69,2018-12-15,2018-12-15,EXCLUDE,GF-0903
2619,69,2018-12-22,2018-12-22,EXCLUDE,GF-0903
2619,69,2018-12-26,2018-12-26,EXCLUDE,GF-0903
2619,69,2018-12-29,2018-12-29,EXCLUDE,GF-0903
2619,69,2019-01-01,2019-01-01,EXCLUDE,GF-0903
2816056,69,2018-08-11,2018-08-11,EXCLUDE,GF-0905
2816056,69,2018-08-18,2018-08-18,EXCLUDE,GF-0905
2816056,69,2018-08-25,2018-08-25,EXCLUDE,GF-0905
2816056,69,2018-09-02,2018-09-02,EXCLUDE,GF-0905
2816056,69,2018-09-15,2018-09-15,EXCLUDE,GF-0905
2816056,69,2018-09-22,2018-09-22,EXCLUDE,GF-0905
2816056,69,2018-09-30,2018-09-30,EXCLUDE,GF-0905
2816056,69,2018-10-06,2018-10-06,EXCLUDE,GF-0905
2816056,69,2018-10-20,2018-10-20,EXCLUDE,GF-0905
2816056,69,2018-10-27,2018-10-27,EXCLUDE,GF-0905
2816056,69,2018-11-03,2018-11-03,EXCLUDE,GF-0905
2816056,69,2018-11-10,2018-11-10,EXCLUDE,GF-0905
2816056,69,2018-11-24,2018-11-24,EXCLUDE,GF-0905
2816056,69,2018-11-30,2018-11-30,EXCLUDE,GF-0905
2816056,69,2018-12-04,2018-12-04,EXCLUDE,GF-0905
2816056,69,2018-12-08,2018-12-08,EXCLUDE,GF-0905
2816056,69,2018-12-15,2018-12-15,EXCLUDE,GF-0905
2816056,69,2018-12-22,2018-12-22,EXCLUDE,GF-0905
2816056,69,2018-12-26,2018-12-26,EXCLUDE,GF-0905
2816056,69,2018-12-29,2018-12-29,EXCLUDE,GF-0905
2816056,69,2019-01-01,2019-01-01,EXCLUDE,GF-0905
2816056,69,2019-01-12,2019-01-12,EXCLUDE,GF-0905
2816056,69,2019-01-19,2019-01-19,EXCLUDE,GF-0905
2816056,69,2019-01-29,2019-01-29,EXCLUDE,GF-0905
2816056,69,2019-02-02,2019-02-02,EXCLUDE,GF-0905
2816056,69,2019-02-09,2019-02-09,EXCLUDE,GF-0905
2816056,69,2019-02-22,2019-02-22,EXCLUDE,GF-0905
2816056,69,2019-02-26,2019-02-26,EXCLUDE,GF-0905
2816056,69,2019-03-02,2019-03-02,EXCLUDE,GF-0905
2816056,69,2019-03-09,2019-03-09,EXCLUDE,GF-0905
2816056,69,2019-03-31,2019-03-31,EXCLUDE,GF-0905
2816056,69,2019-04-03,2019-04-03,EXCLUDE,GF-0905
2816056,69,2019-04-13,2019-04-13,EXCLUDE,GF-0905
2816056,69,2019-04-16,2019-04-16,EXCLUDE,GF-0905
2816056,69,2019-04-21,2019-04-21,EXCLUDE,GF-0905
2816056,69,2019-04-27,2019-04-27,EXCLUDE,GF-0905
2816056,69,2019-05-04,2019-05-04,EXCLUDE,GF-0905
2816056,69,2019-05-12,2019-05-12,EXCLUDE,GF-0905
9034,69,2018-08-11,2018-08-11,EXCLUDE,GF-0906
9034,69,2018-08-18,2018-08-18,EXCLUDE,GF-0906
9034,69,2018-08-25,2018-08-25,EXCLUDE,GF-0906
9034,69,2018-09-02,2018-09-02,EXCLUDE,GF-0906
9034,69,2018-09-15,2018-09-15,EXCLUDE,GF-0906
9034,69,2018-09-22,2018-09-22,EXCLUDE,GF-0906
9034,69,2018-09-30,2018-09-30,EXCLUDE,GF-0906
9034,69,2018-10-06,2018-10-06,EXCLUDE,GF-0906
9034,69,2018-10-20,2018-10-20,EXCLUDE,GF-0906
9034,69,2018-10-27,2018-10-27,EXCLUDE,GF-0906
9034,69,2018-11-03,2018-11-03,EXCLUDE,GF-0906
9034,69,2018-11-10,2018-11-10,EXCLUDE,GF-0906
9034,69,2018-11-24,2018-11-24,EXCLUDE,GF-0906
9034,69,2018-11-30,2018-11-30,EXCLUDE,GF-0906
9034,69,2018-12-04,2018-12-04,EXCLUDE,GF-0906
9034,69,2018-12-08,2018-12-08,EXCLUDE,GF-0906
9034,69,2018-12-15,2018-12-15,EXCLUDE,GF-0906
9034,69,2018-12-22,2018-12-22,EXCLUDE,GF-0906
9034,69,2018-12-26,2018-12-26,EXCLUDE,GF-0906
9034,69,2018-12-29,2018-12-29,EXCLUDE,GF-0906
9034,69,2019-01-01,2019-01-01,EXCLUDE,GF-0906
9034,69,2019-01-12,2019-01-12,EXCLUDE,GF-0906
9034,69,2019-01-19,2019-01-19,EXCLUDE,GF-0906
9034,69,2019-01-29,2019-01-29,EXCLUDE,GF-0906
900407487,69,2018-08-11,2018-08-11,EXCLUDE,GF-0907
900407487,69,2018-08-18,2018-08-18,EXCLUDE,GF-0907
900407487,69,2018-08-25,2018-08-25,EXCLUDE,GF-0907
900407487,69,2018-09-02,2018-09-02,EXCLUDE,GF-0907
900407487,69,2018-09-15,2018-09-15,EXCLUDE,GF-0907
900407487,69,2018-09-22,2018-09-22,EXCLUDE,GF-0907
900407487,69,2018-09-30,2018-09-30,EXCLUDE,GF-0907
900407487,69,2018-10-06,2018-10-06,EXCLUDE,GF-0907
900407487,69,2018-10-20,2018-10-20,EXCLUDE,GF-0907
900407487,69,2018-10-27,2018-10-27,EXCLUDE,GF-0907
900407487,69,2018-11-03,2018-11-03,EXCLUDE,GF-0907
900407487,69,2018-11-10,2018-11-10,EXCLUDE,GF-0907
900407487,69,2018-11-24,2018-11-24,EXCLUDE,GF-0907
900407487,69,2018-11-30,2018-11-30,EXCLUDE,GF-0907
900407487,69,2018-12-04,2018-12-04,EXCLUDE,GF-0907
900407487,69,2018-12-08,2018-12-08,EXCLUDE,GF-0907
900407487,69,2018-12-15,2018-12-15,EXCLUDE,GF-0907
900407487,69,2018-12-22,2018-12-22,EXCLUDE,GF-0907
900407487,69,2018-12-26,2018-12-26,EXCLUDE,GF-0907
900407487,69,2018-12-29,2018-12-29,EXCLUDE,GF-0907
900407487,69,2019-01-01,2019-01-01,EXCLUDE,GF-0907
900407487,69,2019-01-12,2019-01-12,EXCLUDE,GF-0907
900407487,69,2019-01-19,2019-01-19,EXCLUDE,GF-0907
900407487,69,2019-01-29,2019-01-29,EXCLUDE,GF-0907
900407487,69,2019-02-02,2019-02-02,EXCLUDE,GF-0907
900407487,69,2019-02-09,2019-02-09,EXCLUDE,GF-0907
900407487,69,2019-02-22,2019-02-22,EXCLUDE,GF-0907
900407487,69,2019-02-26,2019-02-26,EXCLUDE,GF-0907
900407487,69,2019-03-02,2019-03-02,EXCLUDE,GF-0907
900407487,69,2019-03-09,2019-03-09,EXCLUDE,GF-0907
900407487,69,2019-03-31,2019-03-31,EXCLUDE,GF-0907
900407487,69,2019-04-03,2019-04-03,EXCLUDE,GF-0907
900407487,69,2019-04-13,2019-04-13,EXCLUDE,GF-0907
900407487,69,2019-04-16,2019-04-16,EXCLUDE,GF-0907
900407487,69,2019-04-21,2019-04-21,EXCLUDE,GF-0907
900407487,69,2019-04-27,2019-04-27,EXCLUDE,GF-0907
900407487,69,2019-05-04,2019-05-04,EXCLUDE,GF-0907
900407487,69,2019-05-12,2019-05-12,EXCLUDE,GF-0907
22536,69,2018-08-11,2018-08-11,EXCLUDE,GF-0908
22536,69,2018-08-18,2018-08-18,EXCLUDE,GF-0908
22536,69,2018-08-25,2018-08-25,EXCLUDE,GF-0908
22536,69,2018-09-02,2018-09-02,EXCLUDE,GF-0908
22536,69,2018-09-15,2018-09-15,EXCLUDE,GF-0908
22536,69,2018-09-22,2018-09-22,EXCLUDE,GF-0908
22536,69,2018-09-30,2018-09-30,EXCLUDE,GF-0908
22536,69,2018-10-06,2018-10-06,EXCLUDE,GF-0908
22536,69,2018-10-20,2018-10-20,EXCLUDE,GF-0908
22536,69,2018-10-27,2018-10-27,EXCLUDE,GF-0908
22536,69,2018-11-03,2018-11-03,EXCLUDE,GF-0908
22536,69,2018-11-10,2018-11-10,EXCLUDE,GF-0908
22536,69,2018-11-24,2018-11-24,EXCLUDE,GF-0908
22536,69,2018-11-30,2018-11-30,EXCLUDE,GF-0908
22536,69,2018-12-04,2018-12-04,EXCLUDE,GF-0908
22536,69,2018-12-08,2018-12-08,EXCLUDE,GF-0908
22536,69,2018-12-15,2018-12-15,EXCLUDE,GF-0908
22536,69,2018-12-22,2018-12-22,EXCLUDE,GF-0908
22536,69,2018-12-26,2018-12-26,EXCLUDE,GF-0908
22536,69,2018-12-29,2018-12-29,EXCLUDE,GF-0908
22536,69,2019-01-01,2019-01-01,EXCLUDE,GF-0908
22536,69,2019-01-12,2019-01-12,EXCLUDE,GF-0908
22536,69,2019-01-19,2019-01-19,EXCLUDE,GF-0908
2925,78,2018-08-11,2018-08-11,EXCLUDE,GF-0909
2925,78,2018-08-19,2018-08-19,EXCLUDE,GF-0909
2928,78,2018-08-11,2018-08-11,EXCLUDE,GF-0910
2928,78,2018-08-19,2018-08-19,EXCLUDE,GF-0910
2928,78,2018-08-25,2018-08-25,EXCLUDE,GF-0910
288858,78,2018-08-11,2018-08-11,EXCLUDE,GF-0914
900335593,78,2018-08-11,2018-08-11,EXCLUDE,GF-0915
900335593,78,2018-08-19,2018-08-19,EXCLUDE,GF-0915
900335593,78,2018-08-25,2018-08-25,EXCLUDE,GF-0915
900335593,78,2018-09-01,2018-09-01,EXCLUDE,GF-0915
900335593,78,2018-09-17,2018-09-17,EXCLUDE,GF-0915
900335593,78,2018-09-22,2018-09-22,EXCLUDE,GF-0915
900335593,78,2018-09-29,2018-09-29,EXCLUDE,GF-0915
900335593,78,2018-10-05,2018-10-05,EXCLUDE,GF-0915
900335593,78,2018-10-20,2018-10-20,EXCLUDE,GF-0915
900335593,78,2018-10-27,2018-10-27,EXCLUDE,GF-0915
900335593,78,2018-11-03,2018-11-03,EXCLUDE,GF-0915
900335593,78,2018-11-10,2018-11-10,EXCLUDE,GF-0915
900335593,78,2018-11-24,2018-11-24,EXCLUDE,GF-0915
900335593,78,2018-12-01,2018-12-01,EXCLUDE,GF-0915
900335593,78,2018-12-04,2018-12-04,EXCLUDE,GF-0915
900335593,78,2018-12-08,2018-12-08,EXCLUDE,GF-0915
900335593,78,2018-12-16,2018-12-16,EXCLUDE,GF-0915
900335593,78,2018-12-22,2018-12-22,EXCLUDE,GF-0915
900335593,78,2018-12-26,2018-12-26,EXCLUDE,GF-0915
900335593,78,2018-12-29,2018-12-29,EXCLUDE,GF-0915
900335593,78,2019-01-02,2019-01-02,EXCLUDE,GF-0915
900335598,78,2018-08-11,2018-08-11,EXCLUDE,GF-0916
900335598,78,2018-08-19,2018-08-19,EXCLUDE,GF-0916
900335598,78,2018-08-25,2018-08-25,EXCLUDE,GF-0916
900335598,78,2018-09-01,2018-09-01,EXCLUDE,GF-0916
900335598,78,2018-09-17,2018-09-17,EXCLUDE,GF-0916
900335598,78,2018-09-22,2018-09-22,EXCLUDE,GF-0916
900335598,78,2018-09-29,2018-09-29,EXCLUDE,GF-0916
900335598,78,2018-10-05,2018-10-05,EXCLUDE,GF-0916
900335598,78,2018-10-20,2018-10-20,EXCLUDE,GF-0916
900335598,78,2018-10-27,2018-10-27,EXCLUDE,GF-0916
900335598,78,2018-11-03,2018-11-03,EXCLUDE,GF-0916
900335598,78,2018-11-10,2018-11-10,EXCLUDE,GF-0916
900335598,78,2018-11-24,2018-11-24,EXCLUDE,GF-0916
900335598,78,2018-12-01,2018-12-01,EXCLUDE,GF-0916
900335598,78,2018-12-04,2018-12-04,EXCLUDE,GF-0916
900335598,78,2018-12-08,2018-12-08,EXCLUDE,GF-0916
900335598,78,2018-12-16,2018-12-16,EXCLUDE,GF-0916
900335598,78,2018-12-22,2018-12-22,EXCLUDE,GF-0916
900335598,78,2018-12-26,2018-12-26,EXCLUDE,GF-0916
900335598,78,2018-12-29,2018-12-29,EXCLUDE,GF-0916
900335598,78,2019-01-02,2019-01-02,EXCLUDE,GF-0916
900335598,78,2019-01-12,2019-01-12,EXCLUDE,GF-0916
900335598,78,2019-01-19,2019-01-19,EXCLUDE,GF-0916
900335598,78,2019-01-29,2019-01-29,EXCLUDE,GF-0916
900335598,78,2019-02-02,2019-02-02,EXCLUDE,GF-0916
900335598,78,2019-02-09,2019-02-09,EXCLUDE,GF-0916
900335598,78,2019-02-26,2019-02-26,EXCLUDE,GF-0916
900335598,78,2019-03-02,2019-03-02,EXCLUDE,GF-0916
900335598,78,2019-03-09,2019-03-09,EXCLUDE,GF-0916
900335598,78,2019-03-30,2019-03-30,EXCLUDE,GF-0916
900335598,78,2019-04-03,2019-04-03,EXCLUDE,GF-0916
900335598,78,2019-04-13,2019-04-13,EXCLUDE,GF-0916
900335598,78,2019-04-16,2019-04-16,EXCLUDE,GF-0916
900335598,78,2019-04-20,2019-04-20,EXCLUDE,GF-0916
900335598,78,2019-04-23,2019-04-23,EXCLUDE,GF-0916
900335598,78,2019-04-27,2019-04-27,EXCLUDE,GF-0916
900335598,78,2019-05-05,2019-05-05,EXCLUDE,GF-0916
900335598,78,2019-05-12,2019-05-12,EXCLUDE,GF-0916
581000,78,2019-01-12,2019-01-12,EXCLUDE,GF-0918
581000,78,2019-01-19,2019-01-19,EXCLUDE,GF-0918
581000,78,2019-01-29,2019-01-29,EXCLUDE,GF-0918
581000,78,2019-02-02,2019-02-02,EXCLUDE,GF-0918
581000,78,2019-02-09,2019-02-09,EXCLUDE,GF-0918
581000,78,2019-02-26,2019-02-26,EXCLUDE,GF-0918
581000,78,2019-03-02,2019-03-02,EXCLUDE,GF-0918
581000,78,2019-03-09,2019-03-09,EXCLUDE,GF-0918
581000,78,2019-03-30,2019-03-30,EXCLUDE,GF-0918
581000,78,2019-04-03,2019-04-03,EXCLUDE,GF-0918
581000,78,2019-04-13,2019-04-13,EXCLUDE,GF-0918
581000,78,2019-04-16,2019-04-16,EXCLUDE,GF-0918
581000,78,2019-04-20,2019-04-20,EXCLUDE,GF-0918
581000,78,2019-04-23,2019-04-23,EXCLUDE,GF-0918
581000,78,2019-04-27,2019-04-27,EXCLUDE,GF-0918
581000,78,2019-05-05,2019-05-05,EXCLUDE,GF-0918
581000,78,2019-05-12,2019-05-12,EXCLUDE,GF-0918
1494381,78,2018-08-11,2018-08-11,EXCLUDE,GF-0921
1494381,78,2018-08-19,2018-08-19,EXCLUDE,GF-0921
1494381,78,2018-08-25,2018-08-25,EXCLUDE,GF-0921
1494381,78,2018-09-01,2018-09-01,EXCLUDE,GF-0921
1494381,78,2018-09-17,2018-09-17,EXCLUDE,GF-0921
1494381,78,2018-09-22,2018-09-22,EXCLUDE,GF-0921
1494381,78,2018-09-29,2018-09-29,EXCLUDE,GF-0921
1494381,78,2018-10-05,2018-10-05,EXCLUDE,GF-0921
1494381,78,2018-10-20,2018-10-20,EXCLUDE,GF-0921
1494381,78,2018-10-27,2018-10-27,EXCLUDE,GF-0921
1494381,78,2018-11-03,2018-11-03,EXCLUDE,GF-0921
1494381,78,2018-11-10,2018-11-10,EXCLUDE,GF-0921
1494381,78,2018-11-24,2018-11-24,EXCLUDE,GF-0921
1494381,78,2018-12-01,2018-12-01,EXCLUDE,GF-0921
1494381,78,2018-12-04,2018-12-04,EXCLUDE,GF-0921
1494381,78,2018-12-08,2018-12-08,EXCLUDE,GF-0921
1494381,78,2018-12-16,2018-12-16,EXCLUDE,GF-0921
1494381,78,2018-12-22,2018-12-22,EXCLUDE,GF-0921
1494381,78,2018-12-26,2018-12-26,EXCLUDE,GF-0921
1494381,78,2018-12-29,2018-12-29,EXCLUDE,GF-0921
1494381,78,2019-01-02,2019-01-02,EXCLUDE,GF-0921
1494381,78,2019-01-12,2019-01-12,EXCLUDE,GF-0921
1494381,78,2019-01-19,2019-01-19,EXCLUDE,GF-0921
1494381,78,2019-01-29,2019-01-29,EXCLUDE,GF-0921
900396857,1,2019-08-10,2019-08-10,EXCLUDE,GF-0930
900396857,1,2019-08-17,2019-08-17,EXCLUDE,GF-0930
900396857,1,2019-08-24,2019-08-24,EXCLUDE,GF-0930
900396857,1,2019-08-31,2019-08-31,EXCLUDE,GF-0930
900396857,1,2019-09-16,2019-09-16,EXCLUDE,GF-0930
900396857,1,2019-09-22,2019-09-22,EXCLUDE,GF-0930
900396857,1,2019-09-28,2019-09-28,EXCLUDE,GF-0930
900396857,1,2019-10-05,2019-10-05,EXCLUDE,GF-0930
900396857,1,2019-10-19,2019-10-19,EXCLUDE,GF-0930
900396857,1,2019-10-26,2019-10-26,EXCLUDE,GF-0930
900396857,1,2019-11-02,2019-11-02,EXCLUDE,GF-0930
900396857,1,2019-11-09,2019-11-09,EXCLUDE,GF-0930
900396857,1,2019-11-23,2019-11-23,EXCLUDE,GF-0930
900396857,1,2019-11-30,2019-11-30,EXCLUDE,GF-0930
900396857,1,2019-12-04,2019-12-04,EXCLUDE,GF-0930
900396857,1,2019-12-09,2019-12-09,EXCLUDE,GF-0930
900396857,1,2019-12-14,2019-12-14,EXCLUDE,GF-0930
900396857,1,2019-12-26,2019-12-26,EXCLUDE,GF-0930
900396857,1,2019-12-28,2019-12-28,EXCLUDE,GF-0930
900396857,1,2020-01-01,2020-01-01,EXCLUDE,GF-0930
900396857,1,2020-01-10,2020-01-10,EXCLUDE,GF-0930
900396857,1,2020-01-18,2020-01-18,EXCLUDE,GF-0930
900396857,1,2020-01-22,2020-01-22,EXCLUDE,GF-0930
900396857,1,2020-01-29,2020-01-29,EXCLUDE,GF-0930
900396857,1,2020-06-20,2020-06-20,EXCLUDE,GF-0930
900396857,1,2020-06-23,2020-06-23,EXCLUDE,GF-0930
900396857,1,2020-07-01,2020-07-01,EXCLUDE,GF-0930
900396857,1,2020-07-05,2020-07-05,EXCLUDE,GF-0930
900396857,1,2020-07-08,2020-07-08,EXCLUDE,GF-0930
900396857,1,2020-07-11,2020-07-11,EXCLUDE,GF-0930
900396857,1,2020-07-17,2020-07-17,EXCLUDE,GF-0930
900396857,1,2020-07-22,2020-07-22,EXCLUDE,GF-0930
900396857,1,2020-07-26,2020-07-26,EXCLUDE,GF-0930
1712,6,2020-01-11,2020-01-11,EXCLUDE,GF-0941
1712,6,2020-01-18,2020-01-18,EXCLUDE,GF-0941
1712,6,2020-01-22,2020-01-22,EXCLUDE,GF-0941
23277905,6,2019-08-10,2019-08-10,EXCLUDE,GF-0943
23277905,6,2019-08-17,2019-08-17,EXCLUDE,GF-0943
23277905,6,2019-08-25,2019-08-25,EXCLUDE,GF-0943
23277905,6,2019-09-01,2019-09-01,EXCLUDE,GF-0943
23277905,6,2019-09-14,2019-09-14,EXCLUDE,GF-0943
23277905,6,2019-09-21,2019-09-21,EXCLUDE,GF-0943
23277905,6,2019-09-28,2019-09-28,EXCLUDE,GF-0943
23277905,6,2019-10-05,2019-10-05,EXCLUDE,GF-0943
23277905,6,2019-10-19,2019-10-19,EXCLUDE,GF-0943
23277905,6,2019-10-27,2019-10-27,EXCLUDE,GF-0943
23277905,6,2019-11-03,2019-11-03,EXCLUDE,GF-0943
23277905,6,2019-11-09,2019-11-09,EXCLUDE,GF-0943
23277905,6,2019-11-23,2019-11-23,EXCLUDE,GF-0943
23277905,6,2019-11-30,2019-11-30,EXCLUDE,GF-0943
23277905,6,2019-12-04,2019-12-04,EXCLUDE,GF-0943
23277905,6,2019-12-07,2019-12-07,EXCLUDE,GF-0943
23277905,6,2019-12-15,2019-12-15,EXCLUDE,GF-0943
23277905,6,2019-12-22,2019-12-22,EXCLUDE,GF-0943
23277905,6,2019-12-26,2019-12-26,EXCLUDE,GF-0943
23277905,6,2019-12-28,2019-12-28,EXCLUDE,GF-0943
23277905,6,2020-01-01,2020-01-01,EXCLUDE,GF-0943
23277905,6,2020-01-11,2020-01-11,EXCLUDE,GF-0943
23277905,6,2020-01-18,2020-01-18,EXCLUDE,GF-0943
23277905,6,2020-01-22,2020-01-22,EXCLUDE,GF-0943
23277905,6,2020-02-02,2020-02-02,EXCLUDE,GF-0943
23277905,6,2020-02-16,2020-02-16,EXCLUDE,GF-0943
23277905,6,2020-02-22,2020-02-22,EXCLUDE,GF-0943
23277905,6,2020-03-01,2020-03-01,EXCLUDE,GF-0943
23277905,6,2020-03-07,2020-03-07,EXCLUDE,GF-0943
23277905,6,2020-06-19,2020-06-19,EXCLUDE,GF-0943
23277905,6,2020-06-23,2020-06-23,EXCLUDE,GF-0943
23277905,6,2020-07-02,2020-07-02,EXCLUDE,GF-0943
23277905,6,2020-07-06,2020-07-06,EXCLUDE,GF-0943
23277905,6,2020-07-09,2020-07-09,EXCLUDE,GF-0943
23277905,6,2020-07-12,2020-07-12,EXCLUDE,GF-0943
23277905,6,2020-07-15,2020-07-15,EXCLUDE,GF-0943
23277905,6,2020-07-19,2020-07-19,EXCLUDE,GF-0943
23277905,6,2020-07-26,2020-07-26,EXCLUDE,GF-0943
4817,8,2020-06-21,2020-06-21,EXCLUDE,GF-0945
4817,8,2020-06-24,2020-06-24,EXCLUDE,GF-0945
4817,8,2020-07-02,2020-07-02,EXCLUDE,GF-0945
4817,8,2020-07-05,2020-07-05,EXCLUDE,GF-0945
4817,8,2020-07-08,2020-07-08,EXCLUDE,GF-0945
4817,8,2020-07-11,2020-07-11,EXCLUDE,GF-0945
4817,8,2020-07-15,2020-07-15,EXCLUDE,GF-0945
4817,8,2020-07-22,2020-07-22,EXCLUDE,GF-0945
4817,8,2020-07-26,2020-07-26,EXCLUDE,GF-0945
4379,8,2020-06-21,2020-06-21,EXCLUDE,GF-0946
4379,8,2020-06-24,2020-06-24,EXCLUDE,GF-0946
4379,8,2020-07-02,2020-07-02,EXCLUDE,GF-0946
4379,8,2020-07-05,2020-07-05,EXCLUDE,GF-0946
4379,8,2020-07-08,2020-07-08,EXCLUDE,GF-0946
4379,8,2020-07-11,2020-07-11,EXCLUDE,GF-0946
4379,8,2020-07-15,2020-07-15,EXCLUDE,GF-0946
4379,8,2020-07-22,2020-07-22,EXCLUDE,GF-0946
4379,8,2020-07-26,2020-07-26,EXCLUDE,GF-0946
900242273,8,2019-08-09,2019-08-09,EXCLUDE,GF-0947
900242273,8,2019-08-17,2019-08-17,EXCLUDE,GF-0947
900242273,8,2019-08-24,2019-08-24,EXCLUDE,GF-0947
900242273,8,2019-08-31,2019-08-31,EXCLUDE,GF-0947
900242273,8,2019-09-14,2019-09-14,EXCLUDE,GF-0947
900242273,8,2019-09-22,2019-09-22,EXCLUDE,GF-0947
900242273,8,2019-09-28,2019-09-28,EXCLUDE,GF-0947
900242273,8,2019-10-05,2019-10-05,EXCLUDE,GF-0947
900242273,8,2019-10-20,2019-10-20,EXCLUDE,GF-0947
900242273,8,2019-10-27,2019-10-27,EXCLUDE,GF-0947
900242273,8,2019-11-02,2019-11-02,EXCLUDE,GF-0947
900242273,8,2019-11-10,2019-11-10,EXCLUDE,GF-0947
900242273,8,2019-11-23,2019-11-23,EXCLUDE,GF-0947
900242273,8,2019-11-30,2019-11-30,EXCLUDE,GF-0947
900242273,8,2019-12-04,2019-12-04,EXCLUDE,GF-0947
900242273,8,2019-12-07,2019-12-07,EXCLUDE,GF-0947
900242273,8,2019-12-14,2019-12-14,EXCLUDE,GF-0947
900242273,8,2019-12-26,2019-12-26,EXCLUDE,GF-0947
900242273,8,2019-12-29,2019-12-29,EXCLUDE,GF-0947
900242273,8,2020-01-02,2020-01-02,EXCLUDE,GF-0947
900242273,8,2020-01-11,2020-01-11,EXCLUDE,GF-0947
900242273,8,2020-01-19,2020-01-19,EXCLUDE,GF-0947
900242273,8,2020-01-23,2020-01-23,EXCLUDE,GF-0947
900242273,8,2020-01-29,2020-01-29,EXCLUDE,GF-0947
900242273,8,2020-02-01,2020-02-01,EXCLUDE,GF-0947
900242273,8,2020-02-15,2020-02-15,EXCLUDE,GF-0947
900242273,8,2020-02-24,2020-02-24,EXCLUDE,GF-0947
900242273,8,2020-02-29,2020-02-29,EXCLUDE,GF-0947
900242273,8,2020-03-07,2020-03-07,EXCLUDE,GF-0947
900242273,8,2020-06-21,2020-06-21,EXCLUDE,GF-0947
900242273,8,2020-06-24,2020-06-24,EXCLUDE,GF-0947
537192,8,2019-08-09,2019-08-09,EXCLUDE,GF-0948
537192,8,2019-08-17,2019-08-17,EXCLUDE,GF-0948
537192,8,2019-08-24,2019-08-24,EXCLUDE,GF-0948
537192,8,2019-08-31,2019-08-31,EXCLUDE,GF-0948
537192,8,2019-09-14,2019-09-14,EXCLUDE,GF-0948
537192,8,2019-09-22,2019-09-22,EXCLUDE,GF-0948
537192,8,2019-09-28,2019-09-28,EXCLUDE,GF-0948
537192,8,2019-10-05,2019-10-05,EXCLUDE,GF-0948
537192,8,2019-10-20,2019-10-20,EXCLUDE,GF-0948
537192,8,2019-10-27,2019-10-27,EXCLUDE,GF-0948
537192,8,2019-11-02,2019-11-02,EXCLUDE,GF-0948
537192,8,2019-11-10,2019-11-10,EXCLUDE,GF-0948
537192,8,2019-11-23,2019-11-23,EXCLUDE,GF-0948
537192,8,2019-11-30,2019-11-30,EXCLUDE,GF-0948
537192,8,2019-12-04,2019-12-04,EXCLUDE,GF-0948
537192,8,2019-12-07,2019-12-07,EXCLUDE,GF-0948
537192,8,2019-12-14,2019-12-14,EXCLUDE,GF-0948
537192,8,2019-12-26,2019-12-26,EXCLUDE,GF-0948
537192,8,2019-12-29,2019-12-29,EXCLUDE,GF-0948
537192,8,2020-01-02,2020-01-02,EXCLUDE,GF-0948
537192,8,2020-07-02,2020-07-02,EXCLUDE,GF-0948
537192,8,2020-07-05,2020-07-05,EXCLUDE,GF-0948
537192,8,2020-07-08,2020-07-08,EXCLUDE,GF-0948
537192,8,2020-07-11,2020-07-11,EXCLUDE,GF-0948
537192,8,2020-07-15,2020-07-15,EXCLUDE,GF-0948
537192,8,2020-07-22,2020-07-22,EXCLUDE,GF-0948
537192,8,2020-07-26,2020-07-26,EXCLUDE,GF-0948
539554,8,2019-08-09,2019-08-09,EXCLUDE,GF-0949
539554,8,2019-08-17,2019-08-17,EXCLUDE,GF-0949
539554,8,2019-08-24,2019-08-24,EXCLUDE,GF-0949
539554,8,2019-08-31,2019-08-31,EXCLUDE,GF-0949
539554,8,2019-09-14,2019-09-14,EXCLUDE,GF-0949
539554,8,2019-09-22,2019-09-22,EXCLUDE,GF-0949
539554,8,2019-09-28,2019-09-28,EXCLUDE,GF-0949
539554,8,2019-10-05,2019-10-05,EXCLUDE,GF-0949
539554,8,2019-10-20,2019-10-20,EXCLUDE,GF-0949
539554,8,2019-10-27,2019-10-27,EXCLUDE,GF-0949
539554,8,2019-11-02,2019-11-02,EXCLUDE,GF-0949
539554,8,2019-11-10,2019-11-10,EXCLUDE,GF-0949
539554,8,2019-11-23,2019-11-23,EXCLUDE,GF-0949
539554,8,2019-11-30,2019-11-30,EXCLUDE,GF-0949
539554,8,2019-12-04,2019-12-04,EXCLUDE,GF-0949
539554,8,2019-12-07,2019-12-07,EXCLUDE,GF-0949
539554,8,2019-12-14,2019-12-14,EXCLUDE,GF-0949
539554,8,2019-12-26,2019-12-26,EXCLUDE,GF-0949
539554,8,2019-12-29,2019-12-29,EXCLUDE,GF-0949
539554,8,2020-01-02,2020-01-02,EXCLUDE,GF-0949
5193,8,2020-07-15,2020-07-15,EXCLUDE,GF-0950
5193,8,2020-07-22,2020-07-22,EXCLUDE,GF-0950
5193,8,2020-07-26,2020-07-26,EXCLUDE,GF-0950
900344579,8,2019-08-09,2019-08-09,EXCLUDE,GF-0951
900344579,8,2019-08-17,2019-08-17,EXCLUDE,GF-0951
900344579,8,2019-08-24,2019-08-24,EXCLUDE,GF-0951
900344579,8,2019-08-31,2019-08-31,EXCLUDE,GF-0951
900344579,8,2019-09-14,2019-09-14,EXCLUDE,GF-0951
900344579,8,2019-09-22,2019-09-22,EXCLUDE,GF-0951
900344579,8,2019-09-28,2019-09-28,EXCLUDE,GF-0951
900344579,8,2019-10-05,2019-10-05,EXCLUDE,GF-0951
900344579,8,2019-10-20,2019-10-20,EXCLUDE,GF-0951
900344579,8,2019-10-27,2019-10-27,EXCLUDE,GF-0951
900344579,8,2019-11-02,2019-11-02,EXCLUDE,GF-0951
900344579,8,2019-11-10,2019-11-10,EXCLUDE,GF-0951
900344579,8,2019-11-23,2019-11-23,EXCLUDE,GF-0951
900344579,8,2019-11-30,2019-11-30,EXCLUDE,GF-0951
900344579,8,2019-12-04,2019-12-04,EXCLUDE,GF-0951
900344579,8,2019-12-07,2019-12-07,EXCLUDE,GF-0951
900344579,8,2019-12-14,2019-12-14,EXCLUDE,GF-0951
900344579,8,2019-12-26,2019-12-26,EXCLUDE,GF-0951
900344579,8,2019-12-29,2019-12-29,EXCLUDE,GF-0951
900344579,8,2020-01-02,2020-01-02,EXCLUDE,GF-0951
900344579,8,2020-01-11,2020-01-11,EXCLUDE,GF-0951
900344579,8,2020-01-19,2020-01-19,EXCLUDE,GF-0951
900344579,8,2020-01-23,2020-01-23,EXCLUDE,GF-0951
900344579,8,2020-01-29,2020-01-29,EXCLUDE,GF-0951
900344579,8,2020-02-01,2020-02-01,EXCLUDE,GF-0951
900344579,8,2020-02-15,2020-02-15,EXCLUDE,GF-0951
900344579,8,2020-02-24,2020-02-24,EXCLUDE,GF-0951
900344579,8,2020-02-29,2020-02-29,EXCLUDE,GF-0951
900344579,8,2020-03-07,2020-03-07,EXCLUDE,GF-0951
900344579,8,2020-06-21,2020-06-21,EXCLUDE,GF-0951
900344579,8,2020-06-24,2020-06-24,EXCLUDE,GF-0951
900344579,8,2020-07-02,2020-07-02,EXCLUDE,GF-0951
900344579,8,2020-07-05,2020-07-05,EXCLUDE,GF-0951
900344579,8,2020-07-08,2020-07-08,EXCLUDE,GF-0951
900344579,8,2020-07-11,2020-07-11,EXCLUDE,GF-0951
900344579,8,2020-07-15,2020-07-15,EXCLUDE,GF-0951
900344579,8,2020-07-22,2020-07-22,EXCLUDE,GF-0951
900344579,8,2020-07-26,2020-07-26,EXCLUDE,GF-0951
900347481,8,2019-08-09,2019-08-09,EXCLUDE,GF-0953
900347481,8,2019-08-17,2019-08-17,EXCLUDE,GF-0953
900347481,8,2019-08-24,2019-08-24,EXCLUDE,GF-0953
900347481,8,2019-08-31,2019-08-31,EXCLUDE,GF-0953
900347481,8,2019-09-14,2019-09-14,EXCLUDE,GF-0953
900347481,8,2019-09-22,2019-09-22,EXCLUDE,GF-0953
900347481,8,2019-09-28,2019-09-28,EXCLUDE,GF-0953
900347481,8,2019-10-05,2019-10-05,EXCLUDE,GF-0953
900347481,8,2019-10-20,2019-10-20,EXCLUDE,GF-0953
900347481,8,2019-10-27,2019-10-27,EXCLUDE,GF-0953
900347481,8,2019-11-02,2019-11-02,EXCLUDE,GF-0953
900347481,8,2019-11-10,2019-11-10,EXCLUDE,GF-0953
900347481,8,2019-11-23,2019-11-23,EXCLUDE,GF-0953
900347481,8,2019-11-30,2019-11-30,EXCLUDE,GF-0953
900347481,8,2019-12-04,2019-12-04,EXCLUDE,GF-0953
900347481,8,2019-12-07,2019-12-07,EXCLUDE,GF-0953
900347481,8,2019-12-14,2019-12-14,EXCLUDE,GF-0953
900347481,8,2019-12-26,2019-12-26,EXCLUDE,GF-0953
900347481,8,2019-12-29,2019-12-29,EXCLUDE,GF-0953
900347481,8,2020-01-02,2020-01-02,EXCLUDE,GF-0953
900347481,8,2020-01-11,2020-01-11,EXCLUDE,GF-0953
900347481,8,2020-01-19,2020-01-19,EXCLUDE,GF-0953
900347481,8,2020-01-23,2020-01-23,EXCLUDE,GF-0953
900347481,8,2020-01-29,2020-01-29,EXCLUDE,GF-0953
900347481,8,2020-02-01,2020-02-01,EXCLUDE,GF-0953
900347481,8,2020-02-15,2020-02-15,EXCLUDE,GF-0953
900347481,8,2020-02-24,2020-02-24,EXCLUDE,GF-0953
900347481,8,2020-02-29,2020-02-29,EXCLUDE,GF-0953
900347481,8,2020-03-07,2020-03-07,EXCLUDE,GF-0953
900347481,8,2020-06-21,2020-06-21,EXCLUDE,GF-0953
900347481,8,2020-06-24,2020-06-24,EXCLUDE,GF-0953
900347481,8,2020-07-02,2020-07-02,EXCLUDE,GF-0953
900347481,8,2020-07-05,2020-07-05,EXCLUDE,GF-0953
900347481,8,2020-07-08,2020-07-08,EXCLUDE,GF-0953
900347481,8,2020-07-11,2020-07-11,EXCLUDE,GF-0953
900347481,8,2020-07-15,2020-07-15,EXCLUDE,GF-0953
900347481,8,2020-07-22,2020-07-22,EXCLUDE,GF-0953
900347481,8,2020-07-26,2020-07-26,EXCLUDE,GF-0953
900382555,8,2020-01-11,2020-01-11,EXCLUDE,GF-0954
900382555,8,2020-01-19,2020-01-19,EXCLUDE,GF-0954
900382555,8,2020-01-23,2020-01-23,EXCLUDE,GF-0954
900382555,8,2020-01-29,2020-01-29,EXCLUDE,GF-0954
900382555,8,2020-02-01,2020-02-01,EXCLUDE,GF-0954
900382555,8,2020-02-15,2020-02-15,EXCLUDE,GF-0954
900382555,8,2020-02-24,2020-02-24,EXCLUDE,GF-0954
900382555,8,2020-02-29,2020-02-29,EXCLUDE,GF-0954
900382555,8,2020-03-07,2020-03-07,EXCLUDE,GF-0954
900382555,8,2020-06-21,2020-06-21,EXCLUDE,GF-0954
900382555,8,2020-06-24,2020-06-24,EXCLUDE,GF-0954
900382555,8,2020-07-02,2020-07-02,EXCLUDE,GF-0954
900382555,8,2020-07-05,2020-07-05,EXCLUDE,GF-0954
900382555,8,2020-07-08,2020-07-08,EXCLUDE,GF-0954
900382555,8,2020-07-11,2020-07-11,EXCLUDE,GF-0954
900382555,8,2020-07-15,2020-07-15,EXCLUDE,GF-0954
900382555,8,2020-07-22,2020-07-22,EXCLUDE,GF-0954
900382555,8,2020-07-26,2020-07-26,EXCLUDE,GF-0954
6306103,8,2019-08-09,2019-08-09,EXCLUDE,GF-0955
6306103,8,2019-08-17,2019-08-17,EXCLUDE,GF-0955
6306103,8,2019-08-24,2019-08-24,EXCLUDE,GF-0955
6306103,8,2019-08-31,2019-08-31,EXCLUDE,GF-0955
6306103,8,2019-09-14,2019-09-14,EXCLUDE,GF-0955
6306103,8,2019-09-22,2019-09-22,EXCLUDE,GF-0955
6306103,8,2019-09-28,2019-09-28,EXCLUDE,GF-0955
6306103,8,2019-10-05,2019-10-05,EXCLUDE,GF-0955
6306103,8,2019-10-20,2019-10-20,EXCLUDE,GF-0955
6306103,8,2019-10-27,2019-10-27,EXCLUDE,GF-0955
6306103,8,2019-11-02,2019-11-02,EXCLUDE,GF-0955
6306103,8,2019-11-10,2019-11-10,EXCLUDE,GF-0955
6306103,8,2019-11-23,2019-11-23,EXCLUDE,GF-0955
6306103,8,2019-11-30,2019-11-30,EXCLUDE,GF-0955
6306103,8,2019-12-04,2019-12-04,EXCLUDE,GF-0955
6306103,8,2019-12-07,2019-12-07,EXCLUDE,GF-0955
6306103,8,2019-12-14,2019-12-14,EXCLUDE,GF-0955
6306103,8,2019-12-26,2019-12-26,EXCLUDE,GF-0955
6306103,8,2019-12-29,2019-12-29,EXCLUDE,GF-0955
6306103,8,2020-01-02,2020-01-02,EXCLUDE,GF-0955
6306103,8,2020-01-11,2020-01-11,EXCLUDE,GF-0955
6306103,8,2020-01-19,2020-01-19,EXCLUDE,GF-0955
6306103,8,2020-01-23,2020-01-23,EXCLUDE,GF-0955
6306103,8,2020-01-29,2020-01-29,EXCLUDE,GF-0955
6306103,8,2020-02-01,2020-02-01,EXCLUDE,GF-0955
6306103,8,2020-02-15,2020-02-15,EXCLUDE,GF-0955
6306103,8,2020-02-24,2020-02-24,EXCLUDE,GF-0955
6306103,8,2020-02-29,2020-02-29,EXCLUDE,GF-0955
6306103,8,2020-03-07,2020-03-07,EXCLUDE,GF-0955
6306103,8,2020-06-21,2020-06-21,EXCLUDE,GF-0955
6306103,8,2020-06-24,2020-06-24,EXCLUDE,GF-0955
6306103,8,2020-07-02,2020-07-02,EXCLUDE,GF-0955
6306103,8,2020-07-05,2020-07-05,EXCLUDE,GF-0955
6306103,8,2020-07-08,2020-07-08,EXCLUDE,GF-0955
6306103,8,2020-07-11,2020-07-11,EXCLUDE,GF-0955
6306103,8,2020-07-15,2020-07-15,EXCLUDE,GF-0955
6306103,8,2020-07-22,2020-07-22,EXCLUDE,GF-0955
6306103,8,2020-07-26,2020-07-26,EXCLUDE,GF-0955
900433182,8,2019-08-09,2019-08-09,EXCLUDE,GF-0956
900433182,8,2019-08-17,2019-08-17,EXCLUDE,GF-0956
900433182,8,2019-08-24,2019-08-24,EXCLUDE,GF-0956
900433182,8,2019-08-31,2019-08-31,EXCLUDE,GF-0956
900433182,8,2019-09-14,2019-09-14,EXCLUDE,GF-0956
900433182,8,2019-09-22,2019-09-22,EXCLUDE,GF-0956
900433182,8,2019-09-28,2019-09-28,EXCLUDE,GF-0956
900433182,8,2019-10-05,2019-10-05,EXCLUDE,GF-0956
900433182,8,2019-10-20,2019-10-20,EXCLUDE,GF-0956
900433182,8,2019-10-27,2019-10-27,EXCLUDE,GF-0956
900433182,8,2019-11-02,2019-11-02,EXCLUDE,GF-0956
900433182,8,2019-11-10,2019-11-10,EXCLUDE,GF-0956
900433182,8,2019-11-23,2019-11-23,EXCLUDE,GF-0956
900433182,8,2019-11-30,2019-11-30,EXCLUDE,GF-0956
900433182,8,2019-12-04,2019-12-04,EXCLUDE,GF-0956
900433182,8,2019-12-07,2019-12-07,EXCLUDE,GF-0956
900433182,8,2019-12-14,2019-12-14,EXCLUDE,GF-0956
900433182,8,2019-12-26,2019-12-26,EXCLUDE,GF-0956
900433182,8,2019-12-29,2019-12-29,EXCLUDE,GF-0956
900433182,8,2020-01-02,2020-01-02,EXCLUDE,GF-0956
900433182,8,2020-01-11,2020-01-11,EXCLUDE,GF-0956
900433182,8,2020-01-19,2020-01-19,EXCLUDE,GF-0956
900433182,8,2020-01-23,2020-01-23,EXCLUDE,GF-0956
900433182,8,2020-01-29,2020-01-29,EXCLUDE,GF-0956
900433182,8,2020-02-01,2020-02-01,EXCLUDE,GF-0956
900433182,8,2020-02-15,2020-02-15,EXCLUDE,GF-0956
900433182,8,2020-02-24,2020-02-24,EXCLUDE,GF-0956
900433182,8,2020-02-29,2020-02-29,EXCLUDE,GF-0956
900433182,8,2020-03-07,2020-03-07,EXCLUDE,GF-0956
900433182,8,2020-06-21,2020-06-21,EXCLUDE,GF-0956
900433182,8,2020-06-24,2020-06-24,EXCLUDE,GF-0956
900433182,8,2020-07-02,2020-07-02,EXCLUDE,GF-0956
900433182,8,2020-07-05,2020-07-05,EXCLUDE,GF-0956
900433182,8,2020-07-08,2020-07-08,EXCLUDE,GF-0956
900433182,8,2020-07-11,2020-07-11,EXCLUDE,GF-0956
900433182,8,2020-07-15,2020-07-15,EXCLUDE,GF-0956
900433182,8,2020-07-22,2020-07-22,EXCLUDE,GF-0956
900433182,8,2020-07-26,2020-07-26,EXCLUDE,GF-0956
23269654,8,2019-08-09,2019-08-09,EXCLUDE,GF-0957
23269654,8,2019-08-17,2019-08-17,EXCLUDE,GF-0957
23269654,8,2019-08-24,2019-08-24,EXCLUDE,GF-0957
23269654,8,2019-08-31,2019-08-31,EXCLUDE,GF-0957
23269654,8,2019-09-14,2019-09-14,EXCLUDE,GF-0957
23269654,8,2019-09-22,2019-09-22,EXCLUDE,GF-0957
23269654,8,2019-09-28,2019-09-28,EXCLUDE,GF-0957
23269654,8,2019-10-05,2019-10-05,EXCLUDE,GF-0957
23269654,8,2019-10-20,2019-10-20,EXCLUDE,GF-0957
23269654,8,2019-10-27,2019-10-27,EXCLUDE,GF-0957
23269654,8,2019-11-02,2019-11-02,EXCLUDE,GF-0957
23269654,8,2019-11-10,2019-11-10,EXCLUDE,GF-0957
23269654,8,2019-11-23,2019-11-23,EXCLUDE,GF-0957
23269654,8,2019-11-30,2019-11-30,EXCLUDE,GF-0957
23269654,8,2019-12-04,2019-12-04,EXCLUDE,GF-0957
23269654,8,2019-12-07,2019-12-07,EXCLUDE,GF-0957
23269654,8,2019-12-14,2019-12-14,EXCLUDE,GF-0957
23269654,8,2019-12-26,2019-12-26,EXCLUDE,GF-0957
23269654,8,2019-12-29,2019-12-29,EXCLUDE,GF-0957
23269654,8,2020-01-02,2020-01-02,EXCLUDE,GF-0957
23269654,8,2020-01-11,2020-01-11,EXCLUDE,GF-0957
23269654,8,2020-01-19,2020-01-19,EXCLUDE,GF-0957
23269654,8,2020-01-23,2020-01-23,EXCLUDE,GF-0957
23269654,8,2020-01-29,2020-01-29,EXCLUDE,GF-0957
23269654,8,2020-02-01,2020-02-01,EXCLUDE,GF-0957
23269654,8,2020-02-15,2020-02-15,EXCLUDE,GF-0957
23269654,8,2020-02-24,2020-02-24,EXCLUDE,GF-0957
23269654,8,2020-02-29,2020-02-29,EXCLUDE,GF-0957
23269654,8,2020-03-07,2020-03-07,EXCLUDE,GF-0957
23269654,8,2020-06-21,2020-06-21,EXCLUDE,GF-0957
23269654,8,2020-06-24,2020-06-24,EXCLUDE,GF-0957
23269654,8,2020-07-02,2020-07-02,EXCLUDE,GF-0957
23269654,8,2020-07-05,2020-07-05,EXCLUDE,GF-0957
23269654,8,2020-07-08,2020-07-08,EXCLUDE,GF-0957
23269654,8,2020-07-11,2020-07-11,EXCLUDE,GF-0957
23269654,8,2020-07-15,2020-07-15,EXCLUDE,GF-0957
23269654,8,2020-07-22,2020-07-22,EXCLUDE,GF-0957
23269654,8,2020-07-26,2020-07-26,EXCLUDE,GF-0957
9606060,8,2019-08-09,2019-08-09,EXCLUDE,GF-0958
9606060,8,2019-08-17,2019-08-17,EXCLUDE,GF-0958
9606060,8,2019-08-24,2019-08-24,EXCLUDE,GF-0958
9606060,8,2019-08-31,2019-08-31,EXCLUDE,GF-0958
9606060,8,2019-09-14,2019-09-14,EXCLUDE,GF-0958
9606060,8,2019-09-22,2019-09-22,EXCLUDE,GF-0958
9606060,8,2019-09-28,2019-09-28,EXCLUDE,GF-0958
9606060,8,2019-10-05,2019-10-05,EXCLUDE,GF-0958
9606060,8,2019-10-20,2019-10-20,EXCLUDE,GF-0958
9606060,8,2019-10-27,2019-10-27,EXCLUDE,GF-0958
9606060,8,2019-11-02,2019-11-02,EXCLUDE,GF-0958
9606060,8,2019-11-10,2019-11-10,EXCLUDE,GF-0958
9606060,8,2019-11-23,2019-11-23,EXCLUDE,GF-0958
9606060,8,2019-11-30,2019-11-30,EXCLUDE,GF-0958
9606060,8,2019-12-04,2019-12-04,EXCLUDE,GF-0958
9606060,8,2019-12-07,2019-12-07,EXCLUDE,GF-0958
9606060,8,2019-12-14,2019-12-14,EXCLUDE,GF-0958
9606060,8,2019-12-26,2019-12-26,EXCLUDE,GF-0958
9606060,8,2019-12-29,2019-12-29,EXCLUDE,GF-0958
9606060,8,2020-01-02,2020-01-02,EXCLUDE,GF-0958
9606060,8,2020-01-11,2020-01-11,EXCLUDE,GF-0958
9606060,8,2020-01-19,2020-01-19,EXCLUDE,GF-0958
9606060,8,2020-01-23,2020-01-23,EXCLUDE,GF-0958
9606060,8,2020-01-29,2020-01-29,EXCLUDE,GF-0958
9606060,8,2020-02-01,2020-02-01,EXCLUDE,GF-0958
9606060,8,2020-02-15,2020-02-15,EXCLUDE,GF-0958
9606060,8,2020-02-24,2020-02-24,EXCLUDE,GF-0958
9606060,8,2020-02-29,2020-02-29,EXCLUDE,GF-0958
9606060,8,2020-03-07,2020-03-07,EXCLUDE,GF-0958
9606060,8,2020-06-21,2020-06-21,EXCLUDE,GF-0958
9606060,8,2020-06-24,2020-06-24,EXCLUDE,GF-0958
9606060,8,2020-07-02,2020-07-02,EXCLUDE,GF-0958
9606060,8,2020-07-05,2020-07-05,EXCLUDE,GF-0958
9606060,8,2020-07-08,2020-07-08,EXCLUDE,GF-0958
9606060,8,2020-07-11,2020-07-11,EXCLUDE,GF-0958
9606060,8,2020-07-15,2020-07-15,EXCLUDE,GF-0958
9606060,8,2020-07-22,2020-07-22,EXCLUDE,GF-0958
9606060,8,2020-07-26,2020-07-26,EXCLUDE,GF-0958
4545516,8,2020-01-11,2020-01-11,EXCLUDE,GF-0959
4545516,8,2020-01-19,2020-01-19,EXCLUDE,GF-0959
4545516,8,2020-01-23,2020-01-23,EXCLUDE,GF-0959
4545516,8,2020-01-29,2020-01-29,EXCLUDE,GF-0959
4545516,8,2020-02-01,2020-02-01,EXCLUDE,GF-0959
4545516,8,2020-02-15,2020-02-15,EXCLUDE,GF-0959
4545516,8,2020-02-24,2020-02-24,EXCLUDE,GF-0959
4545516,8,2020-02-29,2020-02-29,EXCLUDE,GF-0959
4545516,8,2020-03-07,2020-03-07,EXCLUDE,GF-0959
4545516,8,2020-06-21,2020-06-21,EXCLUDE,GF-0959
4545516,8,2020-06-24,2020-06-24,EXCLUDE,GF-0959
4545516,8,2020-07-02,2020-07-02,EXCLUDE,GF-0959
4545516,8,2020-07-05,2020-07-05,EXCLUDE,GF-0959
4545516,8,2020-07-08,2020-07-08,EXCLUDE,GF-0959
4545516,8,2020-07-11,2020-07-11,EXCLUDE,GF-0959
4545516,8,2020-07-15,2020-07-15,EXCLUDE,GF-0959
4545516,8,2020-07-22,2020-07-22,EXCLUDE,GF-0959
4545516,8,2020-07-26,2020-07-26,EXCLUDE,GF-0959
27081109,8,2019-08-09,2019-08-09,EXCLUDE,GF-0961
27081109,8,2019-08-17,2019-08-17,EXCLUDE,GF-0961
27081109,8,2019-08-24,2019-08-24,EXCLUDE,GF-0961
27081109,8,2019-08-31,2019-08-31,EXCLUDE,GF-0961
27081109,8,2019-09-14,2019-09-14,EXCLUDE,GF-0961
27081109,8,2019-09-22,2019-09-22,EXCLUDE,GF-0961
27081109,8,2019-09-28,2019-09-28,EXCLUDE,GF-0961
27081109,8,2019-10-05,2019-10-05,EXCLUDE,GF-0961
27081109,8,2019-10-20,2019-10-20,EXCLUDE,GF-0961
27081109,8,2019-10-27,2019-10-27,EXCLUDE,GF-0961
27081109,8,2019-11-02,2019-11-02,EXCLUDE,GF-0961
27081109,8,2019-11-10,2019-11-10,EXCLUDE,GF-0961
27081109,8,2019-11-23,2019-11-23,EXCLUDE,GF-0961
27081109,8,2019-11-30,2019-11-30,EXCLUDE,GF-0961
27081109,8,2019-12-04,2019-12-04,EXCLUDE,GF-0961
27081109,8,2019-12-07,2019-12-07,EXCLUDE,GF-0961
27081109,8,2019-12-14,2019-12-14,EXCLUDE,GF-0961
27081109,8,2019-12-26,2019-12-26,EXCLUDE,GF-0961
27081109,8,2019-12-29,2019-12-29,EXCLUDE,GF-0961
27081109,8,2020-01-02,2020-01-02,EXCLUDE,GF-0961
27081109,8,2020-01-11,2020-01-11,EXCLUDE,GF-0961
27081109,8,2020-01-19,2020-01-19,EXCLUDE,GF-0961
27081109,8,2020-01-23,2020-01-23,EXCLUDE,GF-0961
27081109,8,2020-01-29,2020-01-29,EXCLUDE,GF-0961
27081109,8,2020-02-01,2020-02-01,EXCLUDE,GF-0961
27081109,8,2020-02-15,2020-02-15,EXCLUDE,GF-0961
27081109,8,2020-02-24,2020-02-24,EXCLUDE,GF-0961
27081109,8,2020-02-29,2020-02-29,EXCLUDE,GF-0961
27081109,8,2020-03-07,2020-03-07,EXCLUDE,GF-0961
27081109,8,2020-06-21,2020-06-21,EXCLUDE,GF-0961
27081109,8,2020-06-24,2020-06-24,EXCLUDE,GF-0961
27081109,8,2020-07-02,2020-07-02,EXCLUDE,GF-0961
27081109,8,2020-07-05,2020-07-05,EXCLUDE,GF-0961
27081109,8,2020-07-08,2020-07-08,EXCLUDE,GF-0961
27081109,8,2020-07-11,2020-07-11,EXCLUDE,GF-0961
27081109,8,2020-07-15,2020-07-15,EXCLUDE,GF-0961
27081109,8,2020-07-22,2020-07-22,EXCLUDE,GF-0961
27081109,8,2020-07-26,2020-07-26,EXCLUDE,GF-0961
900546194,8,2019-08-09,2019-08-09,EXCLUDE,GF-0963
900546194,8,2019-08-17,2019-08-17,EXCLUDE,GF-0963
900546194,8,2019-08-24,2019-08-24,EXCLUDE,GF-0963
900546194,8,2019-08-31,2019-08-31,EXCLUDE,GF-0963
900546194,8,2019-09-14,2019-09-14,EXCLUDE,GF-0963
900546194,8,2019-09-22,2019-09-22,EXCLUDE,GF-0963
900546194,8,2019-09-28,2019-09-28,EXCLUDE,GF-0963
900546194,8,2019-10-05,2019-10-05,EXCLUDE,GF-0963
900546194,8,2019-10-20,2019-10-20,EXCLUDE,GF-0963
900546194,8,2019-10-27,2019-10-27,EXCLUDE,GF-0963
900546194,8,2019-11-02,2019-11-02,EXCLUDE,GF-0963
900546194,8,2019-11-10,2019-11-10,EXCLUDE,GF-0963
900546194,8,2019-11-23,2019-11-23,EXCLUDE,GF-0963
900546194,8,2019-11-30,2019-11-30,EXCLUDE,GF-0963
900546194,8,2019-12-04,2019-12-04,EXCLUDE,GF-0963
900546194,8,2019-12-07,2019-12-07,EXCLUDE,GF-0963
900546194,8,2019-12-14,2019-12-14,EXCLUDE,GF-0963
900546194,8,2019-12-26,2019-12-26,EXCLUDE,GF-0963
900546194,8,2019-12-29,2019-12-29,EXCLUDE,GF-0963
900546194,8,2020-01-02,2020-01-02,EXCLUDE,GF-0963
900546194,8,2020-01-11,2020-01-11,EXCLUDE,GF-0963
900546194,8,2020-01-19,2020-01-19,EXCLUDE,GF-0963
900546194,8,2020-01-23,2020-01-23,EXCLUDE,GF-0963
900546194,8,2020-01-29,2020-01-29,EXCLUDE,GF-0963
900546194,8,2020-02-01,2020-02-01,EXCLUDE,GF-0963
900546194,8,2020-02-15,2020-02-15,EXCLUDE,GF-0963
900546194,8,2020-02-24,2020-02-24,EXCLUDE,GF-0963
900546194,8,2020-02-29,2020-02-29,EXCLUDE,GF-0963
900546194,8,2020-03-07,2020-03-07,EXCLUDE,GF-0963
900546194,8,2020-06-21,2020-06-21,EXCLUDE,GF-0963
900546194,8,2020-06-24,2020-06-24,EXCLUDE,GF-0963
900546194,8,2020-07-02,2020-07-02,EXCLUDE,GF-0963
900546194,8,2020-07-05,2020-07-05,EXCLUDE,GF-0963
900546194,8,2020-07-08,2020-07-08,EXCLUDE,GF-0963
900546194,8,2020-07-11,2020-07-11,EXCLUDE,GF-0963
900546194,8,2020-07-15,2020-07-15,EXCLUDE,GF-0963
900546194,8,2020-07-22,2020-07-22,EXCLUDE,GF-0963
900546194,8,2020-07-26,2020-07-26,EXCLUDE,GF-0963
900554250,8,2019-08-09,2019-08-09,EXCLUDE,GF-0964
900554250,8,2019-08-17,2019-08-17,EXCLUDE,GF-0964
900554250,8,2019-08-24,2019-08-24,EXCLUDE,GF-0964
900554250,8,2019-08-31,2019-08-31,EXCLUDE,GF-0964
900554250,8,2019-09-14,2019-09-14,EXCLUDE,GF-0964
900554250,8,2019-09-22,2019-09-22,EXCLUDE,GF-0964
900554250,8,2019-09-28,2019-09-28,EXCLUDE,GF-0964
900554250,8,2019-10-05,2019-10-05,EXCLUDE,GF-0964
900554250,8,2019-10-20,2019-10-20,EXCLUDE,GF-0964
900554250,8,2019-10-27,2019-10-27,EXCLUDE,GF-0964
900554250,8,2019-11-02,2019-11-02,EXCLUDE,GF-0964
900554250,8,2019-11-10,2019-11-10,EXCLUDE,GF-0964
900554250,8,2019-11-23,2019-11-23,EXCLUDE,GF-0964
900554250,8,2019-11-30,2019-11-30,EXCLUDE,GF-0964
900554250,8,2019-12-04,2019-12-04,EXCLUDE,GF-0964
900554250,8,2019-12-07,2019-12-07,EXCLUDE,GF-0964
900554250,8,2019-12-14,2019-12-14,EXCLUDE,GF-0964
900554250,8,2019-12-26,2019-12-26,EXCLUDE,GF-0964
900554250,8,2019-12-29,2019-12-29,EXCLUDE,GF-0964
900554250,8,2020-01-02,2020-01-02,EXCLUDE,GF-0964
900554250,8,2020-01-11,2020-01-11,EXCLUDE,GF-0964
900554250,8,2020-01-19,2020-01-19,EXCLUDE,GF-0964
900554250,8,2020-01-23,2020-01-23,EXCLUDE,GF-0964
900554250,8,2020-01-29,2020-01-29,EXCLUDE,GF-0964
900554250,8,2020-02-01,2020-02-01,EXCLUDE,GF-0964
900554250,8,2020-02-15,2020-02-15,EXCLUDE,GF-0964
900554250,8,2020-02-24,2020-02-24,EXCLUDE,GF-0964
900554250,8,2020-02-29,2020-02-29,EXCLUDE,GF-0964
900554250,8,2020-03-07,2020-03-07,EXCLUDE,GF-0964
900554250,8,2020-06-21,2020-06-21,EXCLUDE,GF-0964
900554250,8,2020-06-24,2020-06-24,EXCLUDE,GF-0964
900554250,8,2020-07-02,2020-07-02,EXCLUDE,GF-0964
900554250,8,2020-07-05,2020-07-05,EXCLUDE,GF-0964
900554250,8,2020-07-08,2020-07-08,EXCLUDE,GF-0964
900554250,8,2020-07-11,2020-07-11,EXCLUDE,GF-0964
900554250,8,2020-07-15,2020-07-15,EXCLUDE,GF-0964
900554250,8,2020-07-22,2020-07-22,EXCLUDE,GF-0964
900554250,8,2020-07-26,2020-07-26,EXCLUDE,GF-0964
12759174,8,2019-08-09,2019-08-09,EXCLUDE,GF-0965
12759174,8,2019-08-17,2019-08-17,EXCLUDE,GF-0965
12759174,8,2019-08-24,2019-08-24,EXCLUDE,GF-0965
12759174,8,2019-08-31,2019-08-31,EXCLUDE,GF-0965
12759174,8,2019-09-14,2019-09-14,EXCLUDE,GF-0965
12759174,8,2019-09-22,2019-09-22,EXCLUDE,GF-0965
12759174,8,2019-09-28,2019-09-28,EXCLUDE,GF-0965
12759174,8,2019-10-05,2019-10-05,EXCLUDE,GF-0965
12759174,8,2019-10-20,2019-10-20,EXCLUDE,GF-0965
12759174,8,2019-10-27,2019-10-27,EXCLUDE,GF-0965
12759174,8,2019-11-02,2019-11-02,EXCLUDE,GF-0965
12759174,8,2019-11-10,2019-11-10,EXCLUDE,GF-0965
12759174,8,2019-11-23,2019-11-23,EXCLUDE,GF-0965
12759174,8,2019-11-30,2019-11-30,EXCLUDE,GF-0965
12759174,8,2019-12-04,2019-12-04,EXCLUDE,GF-0965
12759174,8,2019-12-07,2019-12-07,EXCLUDE,GF-0965
12759174,8,2019-12-14,2019-12-14,EXCLUDE,GF-0965
12759174,8,2019-12-26,2019-12-26,EXCLUDE,GF-0965
12759174,8,2019-12-29,2019-12-29,EXCLUDE,GF-0965
12759174,8,2020-01-02,2020-01-02,EXCLUDE,GF-0965
12759174,8,2020-01-11,2020-01-11,EXCLUDE,GF-0965
12759174,8,2020-01-19,2020-01-19,EXCLUDE,GF-0965
12759174,8,2020-01-23,2020-01-23,EXCLUDE,GF-0965
12759174,8,2020-01-29,2020-01-29,EXCLUDE,GF-0965
12759174,8,2020-02-01,2020-02-01,EXCLUDE,GF-0965
12759174,8,2020-02-15,2020-02-15,EXCLUDE,GF-0965
12759174,8,2020-02-24,2020-02-24,EXCLUDE,GF-0965
12759174,8,2020-02-29,2020-02-29,EXCLUDE,GF-0965
12759174,8,2020-03-07,2020-03-07,EXCLUDE,GF-0965
12759174,8,2020-06-21,2020-06-21,EXCLUDE,GF-0965
12759174,8,2020-06-24,2020-06-24,EXCLUDE,GF-0965
12759174,8,2020-07-02,2020-07-02,EXCLUDE,GF-0965
12759174,8,2020-07-05,2020-07-05,EXCLUDE,GF-0965
12759174,8,2020-07-08,2020-07-08,EXCLUDE,GF-0965
12759174,8,2020-07-11,2020-07-11,EXCLUDE,GF-0965
12759174,8,2020-07-15,2020-07-15,EXCLUDE,GF-0965
12759174,8,2020-07-22,2020-07-22,EXCLUDE,GF-0965
12759174,8,2020-07-26,2020-07-26,EXCLUDE,GF-0965
900565419,8,2019-08-09,2019-08-09,EXCLUDE,GF-0966
900565419,8,2019-08-17,2019-08-17,EXCLUDE,GF-0966
900565419,8,2019-08-24,2019-08-24,EXCLUDE,GF-0966
900565419,8,2019-08-31,2019-08-31,EXCLUDE,GF-0966
900565419,8,2019-09-14,2019-09-14,EXCLUDE,GF-0966
900565419,8,2019-09-22,2019-09-22,EXCLUDE,GF-0966
900565419,8,2019-09-28,2019-09-28,EXCLUDE,GF-0966
900565419,8,2019-10-05,2019-10-05,EXCLUDE,GF-0966
900565419,8,2019-10-20,2019-10-20,EXCLUDE,GF-0966
900565419,8,2019-10-27,2019-10-27,EXCLUDE,GF-0966
900565419,8,2019-11-02,2019-11-02,EXCLUDE,GF-0966
900565419,8,2019-11-10,2019-11-10,EXCLUDE,GF-0966
900565419,8,2019-11-23,2019-11-23,EXCLUDE,GF-0966
900565419,8,2019-11-30,2019-11-30,EXCLUDE,GF-0966
900565419,8,2019-12-04,2019-12-04,EXCLUDE,GF-0966
900565419,8,2019-12-07,2019-12-07,EXCLUDE,GF-0966
900565419,8,2019-12-14,2019-12-14,EXCLUDE,GF-0966
900565419,8,2019-12-26,2019-12-26,EXCLUDE,GF-0966
900565419,8,2019-12-29,2019-12-29,EXCLUDE,GF-0966
900565419,8,2020-01-02,2020-01-02,EXCLUDE,GF-0966
900565419,8,2020-01-11,2020-01-11,EXCLUDE,GF-0966
900565419,8,2020-01-19,2020-01-19,EXCLUDE,GF-0966
900565419,8,2020-01-23,2020-01-23,EXCLUDE,GF-0966
900565419,8,2020-01-29,2020-01-29,EXCLUDE,GF-0966
900565419,8,2020-02-01,2020-02-01,EXCLUDE,GF-0966
900565419,8,2020-02-15,2020-02-15,EXCLUDE,GF-0966
900565419,8,2020-02-24,2020-02-24,EXCLUDE,GF-0966
900565419,8,2020-02-29,2020-02-29,EXCLUDE,GF-0966
900565419,8,2020-03-07,2020-03-07,EXCLUDE,GF-0966
900565419,8,2020-06-21,2020-06-21,EXCLUDE,GF-0966
900565419,8,2020-06-24,2020-06-24,EXCLUDE,GF-0966
900565419,8,2020-07-02,2020-07-02,EXCLUDE,GF-0966
900565419,8,2020-07-05,2020-07-05,EXCLUDE,GF-0966
900565419,8,2020-07-08,2020-07-08,EXCLUDE,GF-0966
900565419,8,2020-07-11,2020-07-11,EXCLUDE,GF-0966
900565419,8,2020-07-15,2020-07-15,EXCLUDE,GF-0966
900565419,8,2020-07-22,2020-07-22,EXCLUDE,GF-0966
900565419,8,2020-07-26,2020-07-26,EXCLUDE,GF-0966
23269643,8,2019-08-09,2019-08-09,EXCLUDE,GF-0967
23269643,8,2019-08-17,2019-08-17,EXCLUDE,GF-0967
23269643,8,2019-08-24,2019-08-24,EXCLUDE,GF-0967
23269643,8,2019-08-31,2019-08-31,EXCLUDE,GF-0967
23269643,8,2019-09-14,2019-09-14,EXCLUDE,GF-0967
23269643,8,2019-09-22,2019-09-22,EXCLUDE,GF-0967
23269643,8,2019-09-28,2019-09-28,EXCLUDE,GF-0967
23269643,8,2019-10-05,2019-10-05,EXCLUDE,GF-0967
23269643,8,2019-10-20,2019-10-20,EXCLUDE,GF-0967
23269643,8,2019-10-27,2019-10-27,EXCLUDE,GF-0967
23269643,8,2019-11-02,2019-11-02,EXCLUDE,GF-0967
23269643,8,2019-11-10,2019-11-10,EXCLUDE,GF-0967
23269643,8,2019-11-23,2019-11-23,EXCLUDE,GF-0967
23269643,8,2019-11-30,2019-11-30,EXCLUDE,GF-0967
23269643,8,2019-12-04,2019-12-04,EXCLUDE,GF-0967
23269643,8,2019-12-07,2019-12-07,EXCLUDE,GF-0967
23269643,8,2019-12-14,2019-12-14,EXCLUDE,GF-0967
23269643,8,2019-12-26,2019-12-26,EXCLUDE,GF-0967
23269643,8,2019-12-29,2019-12-29,EXCLUDE,GF-0967
23269643,8,2020-01-02,2020-01-02,EXCLUDE,GF-0967
23269643,8,2020-01-11,2020-01-11,EXCLUDE,GF-0967
23269643,8,2020-01-19,2020-01-19,EXCLUDE,GF-0967
23269643,8,2020-01-23,2020-01-23,EXCLUDE,GF-0967
23269643,8,2020-01-29,2020-01-29,EXCLUDE,GF-0967
23269643,8,2020-02-01,2020-02-01,EXCLUDE,GF-0967
23269643,8,2020-02-15,2020-02-15,EXCLUDE,GF-0967
23269643,8,2020-02-24,2020-02-24,EXCLUDE,GF-0967
23269643,8,2020-02-29,2020-02-29,EXCLUDE,GF-0967
23269643,8,2020-03-07,2020-03-07,EXCLUDE,GF-0967
23269643,8,2020-06-21,2020-06-21,EXCLUDE,GF-0967
23269643,8,2020-06-24,2020-06-24,EXCLUDE,GF-0967
23269643,8,2020-07-02,2020-07-02,EXCLUDE,GF-0967
23269643,8,2020-07-05,2020-07-05,EXCLUDE,GF-0967
23269643,8,2020-07-08,2020-07-08,EXCLUDE,GF-0967
23269643,8,2020-07-11,2020-07-11,EXCLUDE,GF-0967
23269643,8,2020-07-15,2020-07-15,EXCLUDE,GF-0967
23269643,8,2020-07-22,2020-07-22,EXCLUDE,GF-0967
23269643,8,2020-07-26,2020-07-26,EXCLUDE,GF-0967
28952241,8,2019-08-09,2019-08-09,EXCLUDE,GF-0968
28952241,8,2019-08-17,2019-08-17,EXCLUDE,GF-0968
28952241,8,2019-08-24,2019-08-24,EXCLUDE,GF-0968
28952241,8,2019-08-31,2019-08-31,EXCLUDE,GF-0968
28952241,8,2019-09-14,2019-09-14,EXCLUDE,GF-0968
28952241,8,2019-09-22,2019-09-22,EXCLUDE,GF-0968
28952241,8,2019-09-28,2019-09-28,EXCLUDE,GF-0968
28952241,8,2019-10-05,2019-10-05,EXCLUDE,GF-0968
28952241,8,2019-10-20,2019-10-20,EXCLUDE,GF-0968
28952241,8,2019-10-27,2019-10-27,EXCLUDE,GF-0968
28952241,8,2019-11-02,2019-11-02,EXCLUDE,GF-0968
28952241,8,2019-11-10,2019-11-10,EXCLUDE,GF-0968
28952241,8,2019-11-23,2019-11-23,EXCLUDE,GF-0968
28952241,8,2019-11-30,2019-11-30,EXCLUDE,GF-0968
28952241,8,2019-12-04,2019-12-04,EXCLUDE,GF-0968
28952241,8,2019-12-07,2019-12-07,EXCLUDE,GF-0968
28952241,8,2019-12-14,2019-12-14,EXCLUDE,GF-0968
28952241,8,2019-12-26,2019-12-26,EXCLUDE,GF-0968
28952241,8,2019-12-29,2019-12-29,EXCLUDE,GF-0968
28952241,8,2020-01-02,2020-01-02,EXCLUDE,GF-0968
28952241,8,2020-01-11,2020-01-11,EXCLUDE,GF-0968
28952241,8,2020-01-19,2020-01-19,EXCLUDE,GF-0968
28952241,8,2020-01-23,2020-01-23,EXCLUDE,GF-0968
28952241,8,2020-01-29,2020-01-29,EXCLUDE,GF-0968
28952241,8,2020-02-01,2020-02-01,EXCLUDE,GF-0968
28952241,8,2020-02-15,2020-02-15,EXCLUDE,GF-0968
28952241,8,2020-02-24,2020-02-24,EXCLUDE,GF-0968
28952241,8,2020-02-29,2020-02-29,EXCLUDE,GF-0968
28952241,8,2020-03-07,2020-03-07,EXCLUDE,GF-0968
28952241,8,2020-06-21,2020-06-21,EXCLUDE,GF-0968
28952241,8,2020-06-24,2020-06-24,EXCLUDE,GF-0968
28952241,8,2020-07-02,2020-07-02,EXCLUDE,GF-0968
28952241,8,2020-07-05,2020-07-05,EXCLUDE,GF-0968
28952241,8,2020-07-08,2020-07-08,EXCLUDE,GF-0968
28952241,8,2020-07-11,2020-07-11,EXCLUDE,GF-0968
28952241,8,2020-07-15,2020-07-15,EXCLUDE,GF-0968
28952241,8,2020-07-22,2020-07-22,EXCLUDE,GF-0968
28952241,8,2020-07-26,2020-07-26,EXCLUDE,GF-0968
900618495,8,2019-08-09,2019-08-09,EXCLUDE,GF-0969
900618495,8,2019-08-17,2019-08-17,EXCLUDE,GF-0969
900618495,8,2019-08-24,2019-08-24,EXCLUDE,GF-0969
900618495,8,2019-08-31,2019-08-31,EXCLUDE,GF-0969
900618495,8,2019-09-14,2019-09-14,EXCLUDE,GF-0969
900618495,8,2019-09-22,2019-09-22,EXCLUDE,GF-0969
900618495,8,2019-09-28,2019-09-28,EXCLUDE,GF-0969
900618495,8,2019-10-05,2019-10-05,EXCLUDE,GF-0969
900618495,8,2019-10-20,2019-10-20,EXCLUDE,GF-0969
900618495,8,2019-10-27,2019-10-27,EXCLUDE,GF-0969
900618495,8,2019-11-02,2019-11-02,EXCLUDE,GF-0969
900618495,8,2019-11-10,2019-11-10,EXCLUDE,GF-0969
900618495,8,2019-11-23,2019-11-23,EXCLUDE,GF-0969
900618495,8,2019-11-30,2019-11-30,EXCLUDE,GF-0969
900618495,8,2019-12-04,2019-12-04,EXCLUDE,GF-0969
900618495,8,2019-12-07,2019-12-07,EXCLUDE,GF-0969
900618495,8,2019-12-14,2019-12-14,EXCLUDE,GF-0969
900618495,8,2019-12-26,2019-12-26,EXCLUDE,GF-0969
900618495,8,2019-12-29,2019-12-29,EXCLUDE,GF-0969
900618495,8,2020-01-02,2020-01-02,EXCLUDE,GF-0969
900618495,8,2020-01-11,2020-01-11,EXCLUDE,GF-0969
900618495,8,2020-01-19,2020-01-19,EXCLUDE,GF-0969
900618495,8,2020-01-23,2020-01-23,EXCLUDE,GF-0969
900618495,8,2020-01-29,2020-01-29,EXCLUDE,GF-0969
900618495,8,2020-02-01,2020-02-01,EXCLUDE,GF-0969
900618495,8,2020-02-15,2020-02-15,EXCLUDE,GF-0969
900618495,8,2020-02-24,2020-02-24,EXCLUDE,GF-0969
900618495,8,2020-02-29,2020-02-29,EXCLUDE,GF-0969
900618495,8,2020-03-07,2020-03-07,EXCLUDE,GF-0969
900618495,8,2020-06-21,2020-06-21,EXCLUDE,GF-0969
900618495,8,2020-06-24,2020-06-24,EXCLUDE,GF-0969
900618495,8,2020-07-02,2020-07-02,EXCLUDE,GF-0969
900618495,8,2020-07-05,2020-07-05,EXCLUDE,GF-0969
900618495,8,2020-07-08,2020-07-08,EXCLUDE,GF-0969
900618495,8,2020-07-11,2020-07-11,EXCLUDE,GF-0969
900618495,8,2020-07-15,2020-07-15,EXCLUDE,GF-0969
900618495,8,2020-07-22,2020-07-22,EXCLUDE,GF-0969
900618495,8,2020-07-26,2020-07-26,EXCLUDE,GF-0969
900655990,8,2019-08-09,2019-08-09,EXCLUDE,GF-0970
900655990,8,2019-08-17,2019-08-17,EXCLUDE,GF-0970
900655990,8,2019-08-24,2019-08-24,EXCLUDE,GF-0970
900655990,8,2019-08-31,2019-08-31,EXCLUDE,GF-0970
900655990,8,2019-09-14,2019-09-14,EXCLUDE,GF-0970
900655990,8,2019-09-22,2019-09-22,EXCLUDE,GF-0970
900655990,8,2019-09-28,2019-09-28,EXCLUDE,GF-0970
900655990,8,2019-10-05,2019-10-05,EXCLUDE,GF-0970
900655990,8,2019-10-20,2019-10-20,EXCLUDE,GF-0970
900655990,8,2019-10-27,2019-10-27,EXCLUDE,GF-0970
900655990,8,2019-11-02,2019-11-02,EXCLUDE,GF-0970
900655990,8,2019-11-10,2019-11-10,EXCLUDE,GF-0970
900655990,8,2019-11-23,2019-11-23,EXCLUDE,GF-0970
900655990,8,2019-11-30,2019-11-30,EXCLUDE,GF-0970
900655990,8,2019-12-04,2019-12-04,EXCLUDE,GF-0970
900655990,8,2019-12-07,2019-12-07,EXCLUDE,GF-0970
900655990,8,2019-12-14,2019-12-14,EXCLUDE,GF-0970
900655990,8,2019-12-26,2019-12-26,EXCLUDE,GF-0970
900655990,8,2019-12-29,2019-12-29,EXCLUDE,GF-0970
900655990,8,2020-01-02,2020-01-02,EXCLUDE,GF-0970
900655990,8,2020-01-11,2020-01-11,EXCLUDE,GF-0970
900655990,8,2020-01-19,2020-01-19,EXCLUDE,GF-0970
900655990,8,2020-01-23,2020-01-23,EXCLUDE,GF-0970
900655990,8,2020-01-29,2020-01-29,EXCLUDE,GF-0970
900655990,8,2020-02-01,2020-02-01,EXCLUDE,GF-0970
900655990,8,2020-02-15,2020-02-15,EXCLUDE,GF-0970
900655990,8,2020-02-24,2020-02-24,EXCLUDE,GF-0970
900655990,8,2020-02-29,2020-02-29,EXCLUDE,GF-0970
900655990,8,2020-03-07,2020-03-07,EXCLUDE,GF-0970
900655990,8,2020-06-21,2020-06-21,EXCLUDE,GF-0970
900655990,8,2020-06-24,2020-06-24,EXCLUDE,GF-0970
900655990,8,2020-07-02,2020-07-02,EXCLUDE,GF-0970
900655990,8,2020-07-05,2020-07-05,EXCLUDE,GF-0970
900655990,8,2020-07-08,2020-07-08,EXCLUDE,GF-0970
900655990,8,2020-07-11,2020-07-11,EXCLUDE,GF-0970
900655990,8,2020-07-15,2020-07-15,EXCLUDE,GF-0970
900655990,8,2020-07-22,2020-07-22,EXCLUDE,GF-0970
900655990,8,2020-07-26,2020-07-26,EXCLUDE,GF-0970
37259161,8,2019-08-09,2019-08-09,EXCLUDE,GF-0971
37259161,8,2019-08-17,2019-08-17,EXCLUDE,GF-0971
37259161,8,2019-08-24,2019-08-24,EXCLUDE,GF-0971
37259161,8,2019-08-31,2019-08-31,EXCLUDE,GF-0971
37259161,8,2019-09-14,2019-09-14,EXCLUDE,GF-0971
37259161,8,2019-09-22,2019-09-22,EXCLUDE,GF-0971
37259161,8,2019-09-28,2019-09-28,EXCLUDE,GF-0971
37259161,8,2019-10-05,2019-10-05,EXCLUDE,GF-0971
37259161,8,2019-10-20,2019-10-20,EXCLUDE,GF-0971
37259161,8,2019-10-27,2019-10-27,EXCLUDE,GF-0971
37259161,8,2019-11-02,2019-11-02,EXCLUDE,GF-0971
37259161,8,2019-11-10,2019-11-10,EXCLUDE,GF-0971
37259161,8,2019-11-23,2019-11-23,EXCLUDE,GF-0971
37259161,8,2019-11-30,2019-11-30,EXCLUDE,GF-0971
37259161,8,2019-12-04,2019-12-04,EXCLUDE,GF-0971
37259161,8,2019-12-07,2019-12-07,EXCLUDE,GF-0971
37259161,8,2019-12-14,2019-12-14,EXCLUDE,GF-0971
37259161,8,2019-12-26,2019-12-26,EXCLUDE,GF-0971
37259161,8,2019-12-29,2019-12-29,EXCLUDE,GF-0971
37259161,8,2020-01-02,2020-01-02,EXCLUDE,GF-0971
37259161,8,2020-01-11,2020-01-11,EXCLUDE,GF-0971
37259161,8,2020-01-19,2020-01-19,EXCLUDE,GF-0971
37259161,8,2020-01-23,2020-01-23,EXCLUDE,GF-0971
37259161,8,2020-01-29,2020-01-29,EXCLUDE,GF-0971
37259161,8,2020-02-01,2020-02-01,EXCLUDE,GF-0971
37259161,8,2020-02-15,2020-02-15,EXCLUDE,GF-0971
37259161,8,2020-02-24,2020-02-24,EXCLUDE,GF-0971
37259161,8,2020-02-29,2020-02-29,EXCLUDE,GF-0971
37259161,8,2020-03-07,2020-03-07,EXCLUDE,GF-0971
37259161,8,2020-06-21,2020-06-21,EXCLUDE,GF-0971
37259161,8,2020-06-24,2020-06-24,EXCLUDE,GF-0971
37259161,8,2020-07-02,2020-07-02,EXCLUDE,GF-0971
37259161,8,2020-07-05,2020-07-05,EXCLUDE,GF-0971
37259161,8,2020-07-08,2020-07-08,EXCLUDE,GF-0971
37259161,8,2020-07-11,2020-07-11,EXCLUDE,GF-0971
37259161,8,2020-07-15,2020-07-15,EXCLUDE,GF-0971
37259161,8,2020-07-22,2020-07-22,EXCLUDE,GF-0971
37259161,8,2020-07-26,2020-07-26,EXCLUDE,GF-0971
4277,9,2020-01-01,2020-01-01,EXCLUDE,GF-0974
5241,9,2020-07-26,2020-07-26,EXCLUDE,GF-0975
538038,9,2020-06-17,2020-06-17,EXCLUDE,GF-0981
538038,9,2020-06-22,2020-06-22,EXCLUDE,GF-0981
538038,9,2020-06-25,2020-06-25,EXCLUDE,GF-0981
538038,9,2020-07-02,2020-07-02,EXCLUDE,GF-0981
538038,9,2020-07-05,2020-07-05,EXCLUDE,GF-0981
538038,9,2020-07-08,2020-07-08,EXCLUDE,GF-0981
538038,9,2020-07-11,2020-07-11,EXCLUDE,GF-0981
538038,9,2020-07-15,2020-07-15,EXCLUDE,GF-0981
538038,9,2020-07-21,2020-07-21,EXCLUDE,GF-0981
538038,9,2020-07-26,2020-07-26,EXCLUDE,GF-0981
2823510,9,2019-08-10,2019-08-10,EXCLUDE,GF-0983
2823510,9,2019-08-17,2019-08-17,EXCLUDE,GF-0983
2823510,9,2019-08-25,2019-08-25,EXCLUDE,GF-0983
2823510,9,2019-08-31,2019-08-31,EXCLUDE,GF-0983
2823510,9,2019-09-14,2019-09-14,EXCLUDE,GF-0983
2823510,9,2019-09-21,2019-09-21,EXCLUDE,GF-0983
2823510,9,2019-09-28,2019-09-28,EXCLUDE,GF-0983
2823510,9,2019-10-06,2019-10-06,EXCLUDE,GF-0983
2823510,9,2019-10-19,2019-10-19,EXCLUDE,GF-0983
2823510,9,2019-10-26,2019-10-26,EXCLUDE,GF-0983
2823510,9,2019-11-02,2019-11-02,EXCLUDE,GF-0983
2823510,9,2019-11-10,2019-11-10,EXCLUDE,GF-0983
2823510,9,2019-11-23,2019-11-23,EXCLUDE,GF-0983
2823510,9,2019-11-30,2019-11-30,EXCLUDE,GF-0983
2823510,9,2019-12-03,2019-12-03,EXCLUDE,GF-0983
2823510,9,2019-12-07,2019-12-07,EXCLUDE,GF-0983
2823510,9,2019-12-15,2019-12-15,EXCLUDE,GF-0983
2823510,9,2019-12-21,2019-12-21,EXCLUDE,GF-0983
2823510,9,2019-12-27,2019-12-27,EXCLUDE,GF-0983
2823510,9,2019-12-29,2019-12-29,EXCLUDE,GF-0983
2823510,9,2020-01-01,2020-01-01,EXCLUDE,GF-0983
2823510,9,2020-01-12,2020-01-12,EXCLUDE,GF-0983
2823510,9,2020-01-18,2020-01-18,EXCLUDE,GF-0983
2823510,9,2020-01-21,2020-01-21,EXCLUDE,GF-0983
471569,9,2019-08-10,2019-08-10,EXCLUDE,GF-0985
471569,9,2019-08-17,2019-08-17,EXCLUDE,GF-0985
471569,9,2019-08-25,2019-08-25,EXCLUDE,GF-0985
471569,9,2020-06-17,2020-06-17,EXCLUDE,GF-0985
471569,9,2020-06-22,2020-06-22,EXCLUDE,GF-0985
471569,9,2020-06-25,2020-06-25,EXCLUDE,GF-0985
471569,9,2020-07-02,2020-07-02,EXCLUDE,GF-0985
471569,9,2020-07-05,2020-07-05,EXCLUDE,GF-0985
471569,9,2020-07-08,2020-07-08,EXCLUDE,GF-0985
471569,9,2020-07-11,2020-07-11,EXCLUDE,GF-0985
471569,9,2020-07-15,2020-07-15,EXCLUDE,GF-0985
471569,9,2020-07-21,2020-07-21,EXCLUDE,GF-0985
471569,9,2020-07-26,2020-07-26,EXCLUDE,GF-0985
16837816,9,2019-08-10,2019-08-10,EXCLUDE,GF-0986
16837816,9,2019-08-17,2019-08-17,EXCLUDE,GF-0986
16837816,9,2019-08-25,2019-08-25,EXCLUDE,GF-0986
16837816,9,2019-08-31,2019-08-31,EXCLUDE,GF-0986
16837816,9,2019-09-14,2019-09-14,EXCLUDE,GF-0986
16837816,9,2019-09-21,2019-09-21,EXCLUDE,GF-0986
16837816,9,2019-09-28,2019-09-28,EXCLUDE,GF-0986
16837816,9,2019-10-06,2019-10-06,EXCLUDE,GF-0986
16837816,9,2019-10-19,2019-10-19,EXCLUDE,GF-0986
16837816,9,2019-10-26,2019-10-26,EXCLUDE,GF-0986
16837816,9,2019-11-02,2019-11-02,EXCLUDE,GF-0986
16837816,9,2019-11-10,2019-11-10,EXCLUDE,GF-0986
16837816,9,2019-11-23,2019-11-23,EXCLUDE,GF-0986
16837816,9,2019-11-30,2019-11-30,EXCLUDE,GF-0986
16837816,9,2019-12-03,2019-12-03,EXCLUDE,GF-0986
16837816,9,2019-12-07,2019-12-07,EXCLUDE,GF-0986
16837816,9,2019-12-15,2019-12-15,EXCLUDE,GF-0986
16837816,9,2019-12-21,2019-12-21,EXCLUDE,GF-0986
16837816,9,2019-12-27,2019-12-27,EXCLUDE,GF-0986
16837816,9,2019-12-29,2019-12-29,EXCLUDE,GF-0986
16837816,9,2020-01-01,2020-01-01,EXCLUDE,GF-0986
16837816,9,2020-01-12,2020-01-12,EXCLUDE,GF-0986
16837816,9,2020-01-18,2020-01-18,EXCLUDE,GF-0986
16837816,9,2020-01-21,2020-01-21,EXCLUDE,GF-0986
16837816,9,2020-02-02,2020-02-02,EXCLUDE,GF-0986
16837816,9,2020-02-19,2020-02-19,EXCLUDE,GF-0986
16837816,9,2020-02-22,2020-02-22,EXCLUDE,GF-0986
16837816,9,2020-03-08,2020-03-08,EXCLUDE,GF-0986
16837816,9,2020-06-17,2020-06-17,EXCLUDE,GF-0986
16837816,9,2020-06-22,2020-06-22,EXCLUDE,GF-0986
16837816,9,2020-06-25,2020-06-25,EXCLUDE,GF-0986
16837816,9,2020-07-02,2020-07-02,EXCLUDE,GF-0986
16837816,9,2020-07-05,2020-07-05,EXCLUDE,GF-0986
16837816,9,2020-07-08,2020-07-08,EXCLUDE,GF-0986
16837816,9,2020-07-11,2020-07-11,EXCLUDE,GF-0986
16837816,9,2020-07-15,2020-07-15,EXCLUDE,GF-0986
16837816,9,2020-07-21,2020-07-21,EXCLUDE,GF-0986
16837816,9,2020-07-26,2020-07-26,EXCLUDE,GF-0986
900487180,9,2019-08-10,2019-08-10,EXCLUDE,GF-0989
900487180,9,2019-08-17,2019-08-17,EXCLUDE,GF-0989
900487180,9,2019-08-25,2019-08-25,EXCLUDE,GF-0989
900487180,9,2019-08-31,2019-08-31,EXCLUDE,GF-0989
900487180,9,2019-09-14,2019-09-14,EXCLUDE,GF-0989
900487180,9,2019-09-21,2019-09-21,EXCLUDE,GF-0989
900487180,9,2019-09-28,2019-09-28,EXCLUDE,GF-0989
900487180,9,2019-10-06,2019-10-06,EXCLUDE,GF-0989
900487180,9,2019-10-19,2019-10-19,EXCLUDE,GF-0989
900487180,9,2019-10-26,2019-10-26,EXCLUDE,GF-0989
900487180,9,2019-11-02,2019-11-02,EXCLUDE,GF-0989
900487180,9,2019-11-10,2019-11-10,EXCLUDE,GF-0989
900487180,9,2019-11-23,2019-11-23,EXCLUDE,GF-0989
900487180,9,2019-11-30,2019-11-30,EXCLUDE,GF-0989
900487180,9,2019-12-03,2019-12-03,EXCLUDE,GF-0989
900487180,9,2019-12-07,2019-12-07,EXCLUDE,GF-0989
900487180,9,2019-12-15,2019-12-15,EXCLUDE,GF-0989
900487180,9,2019-12-21,2019-12-21,EXCLUDE,GF-0989
900487180,9,2019-12-27,2019-12-27,EXCLUDE,GF-0989
900487180,9,2019-12-29,2019-12-29,EXCLUDE,GF-0989
900487180,9,2020-01-01,2020-01-01,EXCLUDE,GF-0989
900487180,9,2020-01-12,2020-01-12,EXCLUDE,GF-0989
900487180,9,2020-01-18,2020-01-18,EXCLUDE,GF-0989
900487180,9,2020-01-21,2020-01-21,EXCLUDE,GF-0989
900487180,9,2020-02-02,2020-02-02,EXCLUDE,GF-0989
900487180,9,2020-02-19,2020-02-19,EXCLUDE,GF-0989
900487180,9,2020-02-22,2020-02-22,EXCLUDE,GF-0989
900487180,9,2020-03-08,2020-03-08,EXCLUDE,GF-0989
900487180,9,2020-06-17,2020-06-17,EXCLUDE,GF-0989
900487180,9,2020-06-22,2020-06-22,EXCLUDE,GF-0989
900487180,9,2020-06-25,2020-06-25,EXCLUDE,GF-0989
900487180,9,2020-07-02,2020-07-02,EXCLUDE,GF-0989
900487180,9,2020-07-05,2020-07-05,EXCLUDE,GF-0989
900487180,9,2020-07-08,2020-07-08,EXCLUDE,GF-0989
900487180,9,2020-07-11,2020-07-11,EXCLUDE,GF-0989
900487180,9,2020-07-15,2020-07-15,EXCLUDE,GF-0989
900487180,9,2020-07-21,2020-07-21,EXCLUDE,GF-0989
900487180,9,2020-07-26,2020-07-26,EXCLUDE,GF-0989
900554175,9,2019-08-10,2019-08-10,EXCLUDE,GF-0990
900554175,9,2019-08-17,2019-08-17,EXCLUDE,GF-0990
900554175,9,2019-08-25,2019-08-25,EXCLUDE,GF-0990
900554175,9,2019-08-31,2019-08-31,EXCLUDE,GF-0990
900554175,9,2019-09-14,2019-09-14,EXCLUDE,GF-0990
900554175,9,2019-09-21,2019-09-21,EXCLUDE,GF-0990
900554175,9,2019-09-28,2019-09-28,EXCLUDE,GF-0990
900554175,9,2019-10-06,2019-10-06,EXCLUDE,GF-0990
900554175,9,2019-10-19,2019-10-19,EXCLUDE,GF-0990
900554175,9,2019-10-26,2019-10-26,EXCLUDE,GF-0990
900554175,9,2019-11-02,2019-11-02,EXCLUDE,GF-0990
900554175,9,2019-11-10,2019-11-10,EXCLUDE,GF-0990
900554175,9,2019-11-23,2019-11-23,EXCLUDE,GF-0990
900554175,9,2019-11-30,2019-11-30,EXCLUDE,GF-0990
900554175,9,2019-12-03,2019-12-03,EXCLUDE,GF-0990
900554175,9,2019-12-07,2019-12-07,EXCLUDE,GF-0990
900554175,9,2019-12-15,2019-12-15,EXCLUDE,GF-0990
900554175,9,2019-12-21,2019-12-21,EXCLUDE,GF-0990
900554175,9,2019-12-27,2019-12-27,EXCLUDE,GF-0990
900554175,9,2019-12-29,2019-12-29,EXCLUDE,GF-0990
900554175,9,2020-01-01,2020-01-01,EXCLUDE,GF-0990
900554175,9,2020-01-12,2020-01-12,EXCLUDE,GF-0990
900554175,9,2020-01-18,2020-01-18,EXCLUDE,GF-0990
900554175,9,2020-01-21,2020-01-21,EXCLUDE,GF-0990
900554175,9,2020-02-02,2020-02-02,EXCLUDE,GF-0990
900554175,9,2020-02-19,2020-02-19,EXCLUDE,GF-0990
900554175,9,2020-02-22,2020-02-22,EXCLUDE,GF-0990
900554175,9,2020-03-08,2020-03-08,EXCLUDE,GF-0990
900554175,9,2020-06-17,2020-06-17,EXCLUDE,GF-0990
900554175,9,2020-06-22,2020-06-22,EXCLUDE,GF-0990
900554175,9,2020-06-25,2020-06-25,EXCLUDE,GF-0990
900554175,9,2020-07-02,2020-07-02,EXCLUDE,GF-0990
900554175,9,2020-07-05,2020-07-05,EXCLUDE,GF-0990
900554175,9,2020-07-08,2020-07-08,EXCLUDE,GF-0990
900554175,9,2020-07-11,2020-07-11,EXCLUDE,GF-0990
900554175,9,2020-07-15,2020-07-15,EXCLUDE,GF-0990
900554175,9,2020-07-21,2020-07-21,EXCLUDE,GF-0990
900554175,9,2020-07-26,2020-07-26,EXCLUDE,GF-0990
1123,13,2019-08-10,2019-08-10,EXCLUDE,GF-0994
1123,13,2019-08-17,2019-08-17,EXCLUDE,GF-0994
1123,13,2019-08-23,2019-08-23,EXCLUDE,GF-0994
1123,13,2019-09-01,2019-09-01,EXCLUDE,GF-0994
1123,13,2020-06-21,2020-06-21,EXCLUDE,GF-0994
1123,13,2020-06-24,2020-06-24,EXCLUDE,GF-0994
1123,13,2020-07-01,2020-07-01,EXCLUDE,GF-0994
1123,13,2020-07-06,2020-07-06,EXCLUDE,GF-0994
1123,13,2020-07-09,2020-07-09,EXCLUDE,GF-0994
1123,13,2020-07-12,2020-07-12,EXCLUDE,GF-0994
1123,13,2020-07-16,2020-07-16,EXCLUDE,GF-0994
1123,13,2020-07-20,2020-07-20,EXCLUDE,GF-0994
1123,13,2020-07-26,2020-07-26,EXCLUDE,GF-0994
1012,13,2020-06-21,2020-06-21,EXCLUDE,GF-0995
1012,13,2020-06-24,2020-06-24,EXCLUDE,GF-0995
1012,13,2020-07-01,2020-07-01,EXCLUDE,GF-0995
1012,13,2020-07-06,2020-07-06,EXCLUDE,GF-0995
1012,13,2020-07-09,2020-07-09,EXCLUDE,GF-0995
1012,13,2020-07-12,2020-07-12,EXCLUDE,GF-0995
1012,13,2020-07-16,2020-07-16,EXCLUDE,GF-0995
1012,13,2020-07-20,2020-07-20,EXCLUDE,GF-0995
1012,13,2020-07-26,2020-07-26,EXCLUDE,GF-0995
4159,13,2020-06-21,2020-06-21,EXCLUDE,GF-0996
4159,13,2020-06-24,2020-06-24,EXCLUDE,GF-0996
4159,13,2020-07-01,2020-07-01,EXCLUDE,GF-0996
4159,13,2020-07-06,2020-07-06,EXCLUDE,GF-0996
4159,13,2020-07-09,2020-07-09,EXCLUDE,GF-0996
4159,13,2020-07-12,2020-07-12,EXCLUDE,GF-0996
4159,13,2020-07-16,2020-07-16,EXCLUDE,GF-0996
4159,13,2020-07-20,2020-07-20,EXCLUDE,GF-0996
4159,13,2020-07-26,2020-07-26,EXCLUDE,GF-0996
7200,13,2019-08-10,2019-08-10,EXCLUDE,GF-1000
7200,13,2019-08-17,2019-08-17,EXCLUDE,GF-1000
7200,13,2019-08-23,2019-08-23,EXCLUDE,GF-1000
7200,13,2019-09-01,2019-09-01,EXCLUDE,GF-1000
7200,13,2019-09-15,2019-09-15,EXCLUDE,GF-1000
7200,13,2019-09-21,2019-09-21,EXCLUDE,GF-1000
7200,13,2019-09-28,2019-09-28,EXCLUDE,GF-1000
7200,13,2019-10-05,2019-10-05,EXCLUDE,GF-1000
7200,13,2019-10-19,2019-10-19,EXCLUDE,GF-1000
7200,13,2019-10-26,2019-10-26,EXCLUDE,GF-1000
7200,13,2019-11-03,2019-11-03,EXCLUDE,GF-1000
7200,13,2019-11-09,2019-11-09,EXCLUDE,GF-1000
7200,13,2019-11-23,2019-11-23,EXCLUDE,GF-1000
7200,13,2019-12-01,2019-12-01,EXCLUDE,GF-1000
7200,13,2019-12-04,2019-12-04,EXCLUDE,GF-1000
7200,13,2019-12-07,2019-12-07,EXCLUDE,GF-1000
7200,13,2019-12-15,2019-12-15,EXCLUDE,GF-1000
7200,13,2019-12-21,2019-12-21,EXCLUDE,GF-1000
7200,13,2019-12-26,2019-12-26,EXCLUDE,GF-1000
7200,13,2019-12-28,2019-12-28,EXCLUDE,GF-1000
7200,13,2020-01-01,2020-01-01,EXCLUDE,GF-1000
7200,13,2020-01-11,2020-01-11,EXCLUDE,GF-1000
7200,13,2020-01-18,2020-01-18,EXCLUDE,GF-1000
7200,13,2020-01-21,2020-01-21,EXCLUDE,GF-1000
7200,13,2020-02-01,2020-02-01,EXCLUDE,GF-1000
7200,13,2020-02-08,2020-02-08,EXCLUDE,GF-1000
7200,13,2020-02-23,2020-02-23,EXCLUDE,GF-1000
7200,13,2020-03-01,2020-03-01,EXCLUDE,GF-1000
7200,13,2020-03-08,2020-03-08,EXCLUDE,GF-1000
7200,13,2020-06-21,2020-06-21,EXCLUDE,GF-1000
7200,13,2020-06-24,2020-06-24,EXCLUDE,GF-1000
7200,13,2020-07-01,2020-07-01,EXCLUDE,GF-1000
7200,13,2020-07-06,2020-07-06,EXCLUDE,GF-1000
7200,13,2020-07-09,2020-07-09,EXCLUDE,GF-1000
7200,13,2020-07-12,2020-07-12,EXCLUDE,GF-1000
7200,13,2020-07-16,2020-07-16,EXCLUDE,GF-1000
7200,13,2020-07-20,2020-07-20,EXCLUDE,GF-1000
7200,13,2020-07-26,2020-07-26,EXCLUDE,GF-1000
5451,14,2019-08-11,2019-08-11,EXCLUDE,GF-1003
5451,14,2020-06-19,2020-06-19,EXCLUDE,GF-1003
5451,14,2020-06-24,2020-06-24,EXCLUDE,GF-1003
5451,14,2020-06-30,2020-06-30,EXCLUDE,GF-1003
5451,14,2020-07-04,2020-07-04,EXCLUDE,GF-1003
5451,14,2020-07-09,2020-07-09,EXCLUDE,GF-1003
5451,14,2020-07-13,2020-07-13,EXCLUDE,GF-1003
5451,14,2020-07-16,2020-07-16,EXCLUDE,GF-1003
5451,14,2020-07-22,2020-07-22,EXCLUDE,GF-1003
5451,14,2020-07-26,2020-07-26,EXCLUDE,GF-1003
4399,14,2019-08-11,2019-08-11,EXCLUDE,GF-1004
4399,14,2019-08-19,2019-08-19,EXCLUDE,GF-1004
4399,14,2019-08-24,2019-08-24,EXCLUDE,GF-1004
4399,14,2019-08-31,2019-08-31,EXCLUDE,GF-1004
4399,14,2020-01-11,2020-01-11,EXCLUDE,GF-1004
4399,14,2020-01-19,2020-01-19,EXCLUDE,GF-1004
4399,14,2020-01-22,2020-01-22,EXCLUDE,GF-1004
4399,14,2020-06-19,2020-06-19,EXCLUDE,GF-1004
4399,14,2020-06-24,2020-06-24,EXCLUDE,GF-1004
4399,14,2020-06-30,2020-06-30,EXCLUDE,GF-1004
4399,14,2020-07-04,2020-07-04,EXCLUDE,GF-1004
4399,14,2020-07-09,2020-07-09,EXCLUDE,GF-1004
4399,14,2020-07-13,2020-07-13,EXCLUDE,GF-1004
4399,14,2020-07-16,2020-07-16,EXCLUDE,GF-1004
4399,14,2020-07-22,2020-07-22,EXCLUDE,GF-1004
4399,14,2020-07-26,2020-07-26,EXCLUDE,GF-1004
5283846,14,2019-08-11,2019-08-11,EXCLUDE,GF-1007
5283846,14,2019-08-19,2019-08-19,EXCLUDE,GF-1007
5283846,14,2019-08-24,2019-08-24,EXCLUDE,GF-1007
5283846,14,2019-08-31,2019-08-31,EXCLUDE,GF-1007
5283846,14,2019-09-14,2019-09-14,EXCLUDE,GF-1007
5283846,14,2019-09-22,2019-09-22,EXCLUDE,GF-1007
5283846,14,2019-09-30,2019-09-30,EXCLUDE,GF-1007
5283846,14,2019-10-06,2019-10-06,EXCLUDE,GF-1007
5283846,14,2019-10-20,2019-10-20,EXCLUDE,GF-1007
5283846,14,2019-10-27,2019-10-27,EXCLUDE,GF-1007
5283846,14,2019-11-02,2019-11-02,EXCLUDE,GF-1007
5283846,14,2019-11-10,2019-11-10,EXCLUDE,GF-1007
5283846,14,2019-11-24,2019-11-24,EXCLUDE,GF-1007
5283846,14,2019-12-01,2019-12-01,EXCLUDE,GF-1007
5283846,14,2019-12-04,2019-12-04,EXCLUDE,GF-1007
5283846,14,2019-12-07,2019-12-07,EXCLUDE,GF-1007
5283846,14,2019-12-15,2019-12-15,EXCLUDE,GF-1007
5283846,14,2019-12-22,2019-12-22,EXCLUDE,GF-1007
5283846,14,2019-12-26,2019-12-26,EXCLUDE,GF-1007
5283846,14,2019-12-28,2019-12-28,EXCLUDE,GF-1007
5283846,14,2020-01-01,2020-01-01,EXCLUDE,GF-1007
5283846,14,2020-01-11,2020-01-11,EXCLUDE,GF-1007
5283846,14,2020-01-19,2020-01-19,EXCLUDE,GF-1007
5283846,14,2020-01-22,2020-01-22,EXCLUDE,GF-1007
5283846,14,2020-02-01,2020-02-01,EXCLUDE,GF-1007
5283846,14,2020-02-17,2020-02-17,EXCLUDE,GF-1007
5283846,14,2020-02-23,2020-02-23,EXCLUDE,GF-1007
5283846,14,2020-03-01,2020-03-01,EXCLUDE,GF-1007
5283846,14,2020-03-08,2020-03-08,EXCLUDE,GF-1007
5283846,14,2020-06-19,2020-06-19,EXCLUDE,GF-1007
5283846,14,2020-06-24,2020-06-24,EXCLUDE,GF-1007
5283846,14,2020-06-30,2020-06-30,EXCLUDE,GF-1007
5283846,14,2020-07-04,2020-07-04,EXCLUDE,GF-1007
5283846,14,2020-07-09,2020-07-09,EXCLUDE,GF-1007
5283846,14,2020-07-13,2020-07-13,EXCLUDE,GF-1007
5283846,14,2020-07-16,2020-07-16,EXCLUDE,GF-1007
5283846,14,2020-07-22,2020-07-22,EXCLUDE,GF-1007
5283846,14,2020-07-26,2020-07-26,EXCLUDE,GF-1007
900460683,14,2019-08-11,2019-08-11,EXCLUDE,GF-1008
900460683,14,2019-08-19,2019-08-19,EXCLUDE,GF-1008
900460683,14,2019-08-24,2019-08-24,EXCLUDE,GF-1008
900460683,14,2019-08-31,2019-08-31,EXCLUDE,GF-1008
900460683,14,2019-09-14,2019-09-14,EXCLUDE,GF-1008
900460683,14,2019-09-22,2019-09-22,EXCLUDE,GF-1008
900460683,14,2019-09-30,2019-09-30,EXCLUDE,GF-1008
900460683,14,2019-10-06,2019-10-06,EXCLUDE,GF-1008
900460683,14,2019-10-20,2019-10-20,EXCLUDE,GF-1008
900460683,14,2019-10-27,2019-10-27,EXCLUDE,GF-1008
900460683,14,2019-11-02,2019-11-02,EXCLUDE,GF-1008
900460683,14,2019-11-10,2019-11-10,EXCLUDE,GF-1008
900460683,14,2019-11-24,2019-11-24,EXCLUDE,GF-1008
900460683,14,2019-12-01,2019-12-01,EXCLUDE,GF-1008
900460683,14,2019-12-04,2019-12-04,EXCLUDE,GF-1008
900460683,14,2019-12-07,2019-12-07,EXCLUDE,GF-1008
900460683,14,2019-12-15,2019-12-15,EXCLUDE,GF-1008
900460683,14,2019-12-22,2019-12-22,EXCLUDE,GF-1008
900460683,14,2019-12-26,2019-12-26,EXCLUDE,GF-1008
900460683,14,2019-12-28,2019-12-28,EXCLUDE,GF-1008
900460683,14,2020-01-01,2020-01-01,EXCLUDE,GF-1008
900460683,14,2020-06-19,2020-06-19,EXCLUDE,GF-1008
900460683,14,2020-06-24,2020-06-24,EXCLUDE,GF-1008
900460683,14,2020-06-30,2020-06-30,EXCLUDE,GF-1008
900460683,14,2020-07-04,2020-07-04,EXCLUDE,GF-1008
900460683,14,2020-07-09,2020-07-09,EXCLUDE,GF-1008
900460683,14,2020-07-13,2020-07-13,EXCLUDE,GF-1008
900460683,14,2020-07-16,2020-07-16,EXCLUDE,GF-1008
900460683,14,2020-07-22,2020-07-22,EXCLUDE,GF-1008
900460683,14,2020-07-26,2020-07-26,EXCLUDE,GF-1008
900496652,14,2019-08-11,2019-08-11,EXCLUDE,GF-1009
900496652,14,2019-08-19,2019-08-19,EXCLUDE,GF-1009
900496652,14,2019-08-24,2019-08-24,EXCLUDE,GF-1009
900496652,14,2019-08-31,2019-08-31,EXCLUDE,GF-1009
900496652,14,2019-09-14,2019-09-14,EXCLUDE,GF-1009
900496652,14,2019-09-22,2019-09-22,EXCLUDE,GF-1009
900496652,14,2019-09-30,2019-09-30,EXCLUDE,GF-1009
900496652,14,2019-10-06,2019-10-06,EXCLUDE,GF-1009
900496652,14,2019-10-20,2019-10-20,EXCLUDE,GF-1009
900496652,14,2019-10-27,2019-10-27,EXCLUDE,GF-1009
900496652,14,2019-11-02,2019-11-02,EXCLUDE,GF-1009
900496652,14,2019-11-10,2019-11-10,EXCLUDE,GF-1009
900496652,14,2019-11-24,2019-11-24,EXCLUDE,GF-1009
900496652,14,2019-12-01,2019-12-01,EXCLUDE,GF-1009
900496652,14,2019-12-04,2019-12-04,EXCLUDE,GF-1009
900496652,14,2019-12-07,2019-12-07,EXCLUDE,GF-1009
900496652,14,2019-12-15,2019-12-15,EXCLUDE,GF-1009
900496652,14,2019-12-22,2019-12-22,EXCLUDE,GF-1009
900496652,14,2019-12-26,2019-12-26,EXCLUDE,GF-1009
900496652,14,2019-12-28,2019-12-28,EXCLUDE,GF-1009
900496652,14,2020-01-01,2020-01-01,EXCLUDE,GF-1009
900496652,14,2020-01-11,2020-01-11,EXCLUDE,GF-1009
900496652,14,2020-01-19,2020-01-19,EXCLUDE,GF-1009
900496652,14,2020-01-22,2020-01-22,EXCLUDE,GF-1009
900496652,14,2020-02-01,2020-02-01,EXCLUDE,GF-1009
900496652,14,2020-02-17,2020-02-17,EXCLUDE,GF-1009
900496652,14,2020-02-23,2020-02-23,EXCLUDE,GF-1009
900496652,14,2020-03-01,2020-03-01,EXCLUDE,GF-1009
900496652,14,2020-03-08,2020-03-08,EXCLUDE,GF-1009
900496652,14,2020-06-19,2020-06-19,EXCLUDE,GF-1009
900496652,14,2020-06-24,2020-06-24,EXCLUDE,GF-1009
900496652,14,2020-06-30,2020-06-30,EXCLUDE,GF-1009
900496652,14,2020-07-04,2020-07-04,EXCLUDE,GF-1009
900496652,14,2020-07-09,2020-07-09,EXCLUDE,GF-1009
900496652,14,2020-07-13,2020-07-13,EXCLUDE,GF-1009
900496652,14,2020-07-16,2020-07-16,EXCLUDE,GF-1009
900496652,14,2020-07-22,2020-07-22,EXCLUDE,GF-1009
900496652,14,2020-07-26,2020-07-26,EXCLUDE,GF-1009
13981024,14,2019-08-11,2019-08-11,EXCLUDE,GF-1010
13981024,14,2019-08-19,2019-08-19,EXCLUDE,GF-1010
13981024,14,2019-08-24,2019-08-24,EXCLUDE,GF-1010
13981024,14,2019-08-31,2019-08-31,EXCLUDE,GF-1010
13981024,14,2019-09-14,2019-09-14,EXCLUDE,GF-1010
13981024,14,2019-09-22,2019-09-22,EXCLUDE,GF-1010
13981024,14,2019-09-30,2019-09-30,EXCLUDE,GF-1010
13981024,14,2019-10-06,2019-10-06,EXCLUDE,GF-1010
13981024,14,2019-10-20,2019-10-20,EXCLUDE,GF-1010
13981024,14,2019-10-27,2019-10-27,EXCLUDE,GF-1010
13981024,14,2019-11-02,2019-11-02,EXCLUDE,GF-1010
13981024,14,2019-11-10,2019-11-10,EXCLUDE,GF-1010
13981024,14,2019-11-24,2019-11-24,EXCLUDE,GF-1010
13981024,14,2019-12-01,2019-12-01,EXCLUDE,GF-1010
13981024,14,2019-12-04,2019-12-04,EXCLUDE,GF-1010
13981024,14,2019-12-07,2019-12-07,EXCLUDE,GF-1010
13981024,14,2019-12-15,2019-12-15,EXCLUDE,GF-1010
13981024,14,2019-12-22,2019-12-22,EXCLUDE,GF-1010
13981024,14,2019-12-26,2019-12-26,EXCLUDE,GF-1010
13981024,14,2019-12-28,2019-12-28,EXCLUDE,GF-1010
13981024,14,2020-01-01,2020-01-01,EXCLUDE,GF-1010
13981024,14,2020-01-11,2020-01-11,EXCLUDE,GF-1010
13981024,14,2020-01-19,2020-01-19,EXCLUDE,GF-1010
13981024,14,2020-01-22,2020-01-22,EXCLUDE,GF-1010
13981024,14,2020-02-01,2020-02-01,EXCLUDE,GF-1010
13981024,14,2020-02-17,2020-02-17,EXCLUDE,GF-1010
13981024,14,2020-02-23,2020-02-23,EXCLUDE,GF-1010
13981024,14,2020-03-01,2020-03-01,EXCLUDE,GF-1010
13981024,14,2020-03-08,2020-03-08,EXCLUDE,GF-1010
13981024,14,2020-06-19,2020-06-19,EXCLUDE,GF-1010
13981024,14,2020-06-24,2020-06-24,EXCLUDE,GF-1010
13981024,14,2020-06-30,2020-06-30,EXCLUDE,GF-1010
13981024,14,2020-07-04,2020-07-04,EXCLUDE,GF-1010
13981024,14,2020-07-09,2020-07-09,EXCLUDE,GF-1010
13981024,14,2020-07-13,2020-07-13,EXCLUDE,GF-1010
13981024,14,2020-07-16,2020-07-16,EXCLUDE,GF-1010
13981024,14,2020-07-22,2020-07-22,EXCLUDE,GF-1010
13981024,14,2020-07-26,2020-07-26,EXCLUDE,GF-1010
23278711,14,2019-08-11,2019-08-11,EXCLUDE,GF-1011
23278711,14,2019-08-19,2019-08-19,EXCLUDE,GF-1011
23278711,14,2019-08-24,2019-08-24,EXCLUDE,GF-1011
23278711,14,2019-08-31,2019-08-31,EXCLUDE,GF-1011
23278711,14,2019-09-14,2019-09-14,EXCLUDE,GF-1011
23278711,14,2019-09-22,2019-09-22,EXCLUDE,GF-1011
23278711,14,2019-09-30,2019-09-30,EXCLUDE,GF-1011
23278711,14,2019-10-06,2019-10-06,EXCLUDE,GF-1011
23278711,14,2019-10-20,2019-10-20,EXCLUDE,GF-1011
23278711,14,2019-10-27,2019-10-27,EXCLUDE,GF-1011
23278711,14,2019-11-02,2019-11-02,EXCLUDE,GF-1011
23278711,14,2019-11-10,2019-11-10,EXCLUDE,GF-1011
23278711,14,2019-11-24,2019-11-24,EXCLUDE,GF-1011
23278711,14,2019-12-01,2019-12-01,EXCLUDE,GF-1011
23278711,14,2019-12-04,2019-12-04,EXCLUDE,GF-1011
23278711,14,2019-12-07,2019-12-07,EXCLUDE,GF-1011
23278711,14,2019-12-15,2019-12-15,EXCLUDE,GF-1011
23278711,14,2019-12-22,2019-12-22,EXCLUDE,GF-1011
23278711,14,2019-12-26,2019-12-26,EXCLUDE,GF-1011
23278711,14,2019-12-28,2019-12-28,EXCLUDE,GF-1011
23278711,14,2020-01-01,2020-01-01,EXCLUDE,GF-1011
23278711,14,2020-01-11,2020-01-11,EXCLUDE,GF-1011
23278711,14,2020-01-19,2020-01-19,EXCLUDE,GF-1011
23278711,14,2020-01-22,2020-01-22,EXCLUDE,GF-1011
23278711,14,2020-02-01,2020-02-01,EXCLUDE,GF-1011
23278711,14,2020-02-17,2020-02-17,EXCLUDE,GF-1011
23278711,14,2020-02-23,2020-02-23,EXCLUDE,GF-1011
23278711,14,2020-03-01,2020-03-01,EXCLUDE,GF-1011
23278711,14,2020-03-08,2020-03-08,EXCLUDE,GF-1011
23278711,14,2020-06-19,2020-06-19,EXCLUDE,GF-1011
23278711,14,2020-06-24,2020-06-24,EXCLUDE,GF-1011
23278711,14,2020-06-30,2020-06-30,EXCLUDE,GF-1011
23278711,14,2020-07-04,2020-07-04,EXCLUDE,GF-1011
23278711,14,2020-07-09,2020-07-09,EXCLUDE,GF-1011
23278711,14,2020-07-13,2020-07-13,EXCLUDE,GF-1011
23278711,14,2020-07-16,2020-07-16,EXCLUDE,GF-1011
23278711,14,2020-07-22,2020-07-22,EXCLUDE,GF-1011
23278711,14,2020-07-26,2020-07-26,EXCLUDE,GF-1011
900531678,14,2019-08-11,2019-08-11,EXCLUDE,GF-1012
900531678,14,2019-08-19,2019-08-19,EXCLUDE,GF-1012
900531678,14,2019-08-24,2019-08-24,EXCLUDE,GF-1012
900531678,14,2019-08-31,2019-08-31,EXCLUDE,GF-1012
900531678,14,2019-09-14,2019-09-14,EXCLUDE,GF-1012
900531678,14,2019-09-22,2019-09-22,EXCLUDE,GF-1012
900531678,14,2019-09-30,2019-09-30,EXCLUDE,GF-1012
900531678,14,2019-10-06,2019-10-06,EXCLUDE,GF-1012
900531678,14,2019-10-20,2019-10-20,EXCLUDE,GF-1012
900531678,14,2019-10-27,2019-10-27,EXCLUDE,GF-1012
900531678,14,2019-11-02,2019-11-02,EXCLUDE,GF-1012
900531678,14,2019-11-10,2019-11-10,EXCLUDE,GF-1012
900531678,14,2019-11-24,2019-11-24,EXCLUDE,GF-1012
900531678,14,2019-12-01,2019-12-01,EXCLUDE,GF-1012
900531678,14,2019-12-04,2019-12-04,EXCLUDE,GF-1012
900531678,14,2019-12-07,2019-12-07,EXCLUDE,GF-1012
900531678,14,2019-12-15,2019-12-15,EXCLUDE,GF-1012
900531678,14,2019-12-22,2019-12-22,EXCLUDE,GF-1012
900531678,14,2019-12-26,2019-12-26,EXCLUDE,GF-1012
900531678,14,2019-12-28,2019-12-28,EXCLUDE,GF-1012
900531678,14,2020-01-01,2020-01-01,EXCLUDE,GF-1012
900531678,14,2020-01-11,2020-01-11,EXCLUDE,GF-1012
900531678,14,2020-01-19,2020-01-19,EXCLUDE,GF-1012
900531678,14,2020-01-22,2020-01-22,EXCLUDE,GF-1012
900531678,14,2020-02-01,2020-02-01,EXCLUDE,GF-1012
900531678,14,2020-02-17,2020-02-17,EXCLUDE,GF-1012
900531678,14,2020-02-23,2020-02-23,EXCLUDE,GF-1012
900531678,14,2020-03-01,2020-03-01,EXCLUDE,GF-1012
900531678,14,2020-03-08,2020-03-08,EXCLUDE,GF-1012
900531678,14,2020-06-19,2020-06-19,EXCLUDE,GF-1012
900531678,14,2020-06-24,2020-06-24,EXCLUDE,GF-1012
900531678,14,2020-06-30,2020-06-30,EXCLUDE,GF-1012
900531678,14,2020-07-04,2020-07-04,EXCLUDE,GF-1012
900531678,14,2020-07-09,2020-07-09,EXCLUDE,GF-1012
900531678,14,2020-07-13,2020-07-13,EXCLUDE,GF-1012
900531678,14,2020-07-16,2020-07-16,EXCLUDE,GF-1012
900531678,14,2020-07-22,2020-07-22,EXCLUDE,GF-1012
900531678,14,2020-07-26,2020-07-26,EXCLUDE,GF-1012
4536522,14,2019-08-11,2019-08-11,EXCLUDE,GF-1013
4536522,14,2019-08-19,2019-08-19,EXCLUDE,GF-1013
4536522,14,2019-08-24,2019-08-24,EXCLUDE,GF-1013
4536522,14,2019-08-31,2019-08-31,EXCLUDE,GF-1013
4536522,14,2019-09-14,2019-09-14,EXCLUDE,GF-1013
4536522,14,2019-09-22,2019-09-22,EXCLUDE,GF-1013
4536522,14,2019-09-30,2019-09-30,EXCLUDE,GF-1013
4536522,14,2019-10-06,2019-10-06,EXCLUDE,GF-1013
4536522,14,2019-10-20,2019-10-20,EXCLUDE,GF-1013
4536522,14,2019-10-27,2019-10-27,EXCLUDE,GF-1013
4536522,14,2019-11-02,2019-11-02,EXCLUDE,GF-1013
4536522,14,2019-11-10,2019-11-10,EXCLUDE,GF-1013
4536522,14,2019-11-24,2019-11-24,EXCLUDE,GF-1013
4536522,14,2019-12-01,2019-12-01,EXCLUDE,GF-1013
4536522,14,2019-12-04,2019-12-04,EXCLUDE,GF-1013
4536522,14,2019-12-07,2019-12-07,EXCLUDE,GF-1013
4536522,14,2019-12-15,2019-12-15,EXCLUDE,GF-1013
4536522,14,2019-12-22,2019-12-22,EXCLUDE,GF-1013
4536522,14,2019-12-26,2019-12-26,EXCLUDE,GF-1013
4536522,14,2019-12-28,2019-12-28,EXCLUDE,GF-1013
4536522,14,2020-01-01,2020-01-01,EXCLUDE,GF-1013
4536522,14,2020-01-11,2020-01-11,EXCLUDE,GF-1013
4536522,14,2020-01-19,2020-01-19,EXCLUDE,GF-1013
4536522,14,2020-01-22,2020-01-22,EXCLUDE,GF-1013
4536522,14,2020-02-01,2020-02-01,EXCLUDE,GF-1013
4536522,14,2020-02-17,2020-02-17,EXCLUDE,GF-1013
4536522,14,2020-02-23,2020-02-23,EXCLUDE,GF-1013
4536522,14,2020-03-01,2020-03-01,EXCLUDE,GF-1013
4536522,14,2020-03-08,2020-03-08,EXCLUDE,GF-1013
4536522,14,2020-06-19,2020-06-19,EXCLUDE,GF-1013
4536522,14,2020-06-24,2020-06-24,EXCLUDE,GF-1013
4536522,14,2020-06-30,2020-06-30,EXCLUDE,GF-1013
4536522,14,2020-07-04,2020-07-04,EXCLUDE,GF-1013
4536522,14,2020-07-09,2020-07-09,EXCLUDE,GF-1013
4536522,14,2020-07-13,2020-07-13,EXCLUDE,GF-1013
4536522,14,2020-07-16,2020-07-16,EXCLUDE,GF-1013
4536522,14,2020-07-22,2020-07-22,EXCLUDE,GF-1013
4536522,14,2020-07-26,2020-07-26,EXCLUDE,GF-1013
900536030,14,2019-08-11,2019-08-11,EXCLUDE,GF-1014
900536030,14,2019-08-19,2019-08-19,EXCLUDE,GF-1014
900536030,14,2019-08-24,2019-08-24,EXCLUDE,GF-1014
900536030,14,2019-08-31,2019-08-31,EXCLUDE,GF-1014
900536030,14,2019-09-14,2019-09-14,EXCLUDE,GF-1014
900536030,14,2019-09-22,2019-09-22,EXCLUDE,GF-1014
900536030,14,2019-09-30,2019-09-30,EXCLUDE,GF-1014
900536030,14,2019-10-06,2019-10-06,EXCLUDE,GF-1014
900536030,14,2019-10-20,2019-10-20,EXCLUDE,GF-1014
900536030,14,2019-10-27,2019-10-27,EXCLUDE,GF-1014
900536030,14,2019-11-02,2019-11-02,EXCLUDE,GF-1014
900536030,14,2019-11-10,2019-11-10,EXCLUDE,GF-1014
900536030,14,2019-11-24,2019-11-24,EXCLUDE,GF-1014
900536030,14,2019-12-01,2019-12-01,EXCLUDE,GF-1014
900536030,14,2019-12-04,2019-12-04,EXCLUDE,GF-1014
900536030,14,2019-12-07,2019-12-07,EXCLUDE,GF-1014
900536030,14,2019-12-15,2019-12-15,EXCLUDE,GF-1014
900536030,14,2019-12-22,2019-12-22,EXCLUDE,GF-1014
900536030,14,2019-12-26,2019-12-26,EXCLUDE,GF-1014
900536030,14,2019-12-28,2019-12-28,EXCLUDE,GF-1014
900536030,14,2020-01-01,2020-01-01,EXCLUDE,GF-1014
900536030,14,2020-01-11,2020-01-11,EXCLUDE,GF-1014
900536030,14,2020-01-19,2020-01-19,EXCLUDE,GF-1014
900536030,14,2020-01-22,2020-01-22,EXCLUDE,GF-1014
900536030,14,2020-02-01,2020-02-01,EXCLUDE,GF-1014
900536030,14,2020-02-17,2020-02-17,EXCLUDE,GF-1014
900536030,14,2020-02-23,2020-02-23,EXCLUDE,GF-1014
900536030,14,2020-03-01,2020-03-01,EXCLUDE,GF-1014
900536030,14,2020-03-08,2020-03-08,EXCLUDE,GF-1014
900536030,14,2020-06-19,2020-06-19,EXCLUDE,GF-1014
900536030,14,2020-06-24,2020-06-24,EXCLUDE,GF-1014
900536030,14,2020-06-30,2020-06-30,EXCLUDE,GF-1014
900536030,14,2020-07-04,2020-07-04,EXCLUDE,GF-1014
900536030,14,2020-07-09,2020-07-09,EXCLUDE,GF-1014
900536030,14,2020-07-13,2020-07-13,EXCLUDE,GF-1014
900536030,14,2020-07-16,2020-07-16,EXCLUDE,GF-1014
900536030,14,2020-07-22,2020-07-22,EXCLUDE,GF-1014
900536030,14,2020-07-26,2020-07-26,EXCLUDE,GF-1014
24469185,14,2019-08-11,2019-08-11,EXCLUDE,GF-1015
24469185,14,2019-08-19,2019-08-19,EXCLUDE,GF-1015
24469185,14,2019-08-24,2019-08-24,EXCLUDE,GF-1015
24469185,14,2019-08-31,2019-08-31,EXCLUDE,GF-1015
24469185,14,2019-09-14,2019-09-14,EXCLUDE,GF-1015
24469185,14,2019-09-22,2019-09-22,EXCLUDE,GF-1015
24469185,14,2019-09-30,2019-09-30,EXCLUDE,GF-1015
24469185,14,2019-10-06,2019-10-06,EXCLUDE,GF-1015
24469185,14,2019-10-20,2019-10-20,EXCLUDE,GF-1015
24469185,14,2019-10-27,2019-10-27,EXCLUDE,GF-1015
24469185,14,2019-11-02,2019-11-02,EXCLUDE,GF-1015
24469185,14,2019-11-10,2019-11-10,EXCLUDE,GF-1015
24469185,14,2019-11-24,2019-11-24,EXCLUDE,GF-1015
24469185,14,2019-12-01,2019-12-01,EXCLUDE,GF-1015
24469185,14,2019-12-04,2019-12-04,EXCLUDE,GF-1015
24469185,14,2019-12-07,2019-12-07,EXCLUDE,GF-1015
24469185,14,2019-12-15,2019-12-15,EXCLUDE,GF-1015
24469185,14,2019-12-22,2019-12-22,EXCLUDE,GF-1015
24469185,14,2019-12-26,2019-12-26,EXCLUDE,GF-1015
24469185,14,2019-12-28,2019-12-28,EXCLUDE,GF-1015
24469185,14,2020-01-01,2020-01-01,EXCLUDE,GF-1015
24469185,14,2020-01-11,2020-01-11,EXCLUDE,GF-1015
24469185,14,2020-01-19,2020-01-19,EXCLUDE,GF-1015
24469185,14,2020-01-22,2020-01-22,EXCLUDE,GF-1015
24469185,14,2020-02-01,2020-02-01,EXCLUDE,GF-1015
24469185,14,2020-02-17,2020-02-17,EXCLUDE,GF-1015
24469185,14,2020-02-23,2020-02-23,EXCLUDE,GF-1015
24469185,14,2020-03-01,2020-03-01,EXCLUDE,GF-1015
24469185,14,2020-03-08,2020-03-08,EXCLUDE,GF-1015
24469185,14,2020-06-19,2020-06-19,EXCLUDE,GF-1015
24469185,14,2020-06-24,2020-06-24,EXCLUDE,GF-1015
24469185,14,2020-06-30,2020-06-30,EXCLUDE,GF-1015
24469185,14,2020-07-04,2020-07-04,EXCLUDE,GF-1015
24469185,14,2020-07-09,2020-07-09,EXCLUDE,GF-1015
24469185,14,2020-07-13,2020-07-13,EXCLUDE,GF-1015
24469185,14,2020-07-16,2020-07-16,EXCLUDE,GF-1015
24469185,14,2020-07-22,2020-07-22,EXCLUDE,GF-1015
24469185,14,2020-07-26,2020-07-26,EXCLUDE,GF-1015
12759176,14,2019-08-11,2019-08-11,EXCLUDE,GF-1016
12759176,14,2019-08-19,2019-08-19,EXCLUDE,GF-1016
12759176,14,2019-08-24,2019-08-24,EXCLUDE,GF-1016
12759176,14,2019-08-31,2019-08-31,EXCLUDE,GF-1016
12759176,14,2019-09-14,2019-09-14,EXCLUDE,GF-1016
12759176,14,2019-09-22,2019-09-22,EXCLUDE,GF-1016
12759176,14,2019-09-30,2019-09-30,EXCLUDE,GF-1016
12759176,14,2019-10-06,2019-10-06,EXCLUDE,GF-1016
12759176,14,2019-10-20,2019-10-20,EXCLUDE,GF-1016
12759176,14,2019-10-27,2019-10-27,EXCLUDE,GF-1016
12759176,14,2019-11-02,2019-11-02,EXCLUDE,GF-1016
12759176,14,2019-11-10,2019-11-10,EXCLUDE,GF-1016
12759176,14,2019-11-24,2019-11-24,EXCLUDE,GF-1016
12759176,14,2019-12-01,2019-12-01,EXCLUDE,GF-1016
12759176,14,2019-12-04,2019-12-04,EXCLUDE,GF-1016
12759176,14,2019-12-07,2019-12-07,EXCLUDE,GF-1016
12759176,14,2019-12-15,2019-12-15,EXCLUDE,GF-1016
12759176,14,2019-12-22,2019-12-22,EXCLUDE,GF-1016
12759176,14,2019-12-26,2019-12-26,EXCLUDE,GF-1016
12759176,14,2019-12-28,2019-12-28,EXCLUDE,GF-1016
12759176,14,2020-01-01,2020-01-01,EXCLUDE,GF-1016
12759176,14,2020-01-11,2020-01-11,EXCLUDE,GF-1016
12759176,14,2020-01-19,2020-01-19,EXCLUDE,GF-1016
12759176,14,2020-01-22,2020-01-22,EXCLUDE,GF-1016
12759176,14,2020-02-01,2020-02-01,EXCLUDE,GF-1016
12759176,14,2020-02-17,2020-02-17,EXCLUDE,GF-1016
12759176,14,2020-02-23,2020-02-23,EXCLUDE,GF-1016
12759176,14,2020-03-01,2020-03-01,EXCLUDE,GF-1016
12759176,14,2020-03-08,2020-03-08,EXCLUDE,GF-1016
12759176,14,2020-06-19,2020-06-19,EXCLUDE,GF-1016
12759176,14,2020-06-24,2020-06-24,EXCLUDE,GF-1016
12759176,14,2020-06-30,2020-06-30,EXCLUDE,GF-1016
12759176,14,2020-07-04,2020-07-04,EXCLUDE,GF-1016
12759176,14,2020-07-09,2020-07-09,EXCLUDE,GF-1016
12759176,14,2020-07-13,2020-07-13,EXCLUDE,GF-1016
12759176,14,2020-07-16,2020-07-16,EXCLUDE,GF-1016
12759176,14,2020-07-22,2020-07-22,EXCLUDE,GF-1016
12759176,14,2020-07-26,2020-07-26,EXCLUDE,GF-1016
3385,15,2019-08-10,2019-08-10,EXCLUDE,GF-1020
3385,15,2019-08-17,2019-08-17,EXCLUDE,GF-1020
3385,15,2019-08-23,2019-08-23,EXCLUDE,GF-1020
7566,15,2020-01-12,2020-01-12,EXCLUDE,GF-1021
7566,15,2020-01-18,2020-01-18,EXCLUDE,GF-1021
7566,15,2020-01-21,2020-01-21,EXCLUDE,GF-1021
7566,15,2020-02-01,2020-02-01,EXCLUDE,GF-1021
7566,15,2020-02-16,2020-02-16,EXCLUDE,GF-1021
7566,15,2020-02-22,2020-02-22,EXCLUDE,GF-1021
7566,15,2020-03-09,2020-03-09,EXCLUDE,GF-1021
7566,15,2020-06-17,2020-06-17,EXCLUDE,GF-1021
7566,15,2020-06-21,2020-06-21,EXCLUDE,GF-1021
7566,15,2020-06-24,2020-06-24,EXCLUDE,GF-1021
7566,15,2020-06-27,2020-06-27,EXCLUDE,GF-1021
7566,15,2020-07-05,2020-07-05,EXCLUDE,GF-1021
7566,15,2020-07-09,2020-07-09,EXCLUDE,GF-1021
7566,15,2020-07-12,2020-07-12,EXCLUDE,GF-1021
7566,15,2020-07-16,2020-07-16,EXCLUDE,GF-1021
7566,15,2020-07-21,2020-07-21,EXCLUDE,GF-1021
7566,15,2020-07-26,2020-07-26,EXCLUDE,GF-1021
4599,15,2020-01-01,2020-01-01,EXCLUDE,GF-1022
4537,15,2020-06-17,2020-06-17,EXCLUDE,GF-1023
4537,15,2020-06-21,2020-06-21,EXCLUDE,GF-1023
4537,15,2020-06-24,2020-06-24,EXCLUDE,GF-1023
4537,15,2020-06-27,2020-06-27,EXCLUDE,GF-1023
4537,15,2020-07-05,2020-07-05,EXCLUDE,GF-1023
4537,15,2020-07-09,2020-07-09,EXCLUDE,GF-1023
4537,15,2020-07-12,2020-07-12,EXCLUDE,GF-1023
6513,15,2020-07-26,2020-07-26,EXCLUDE,GF-1024
11705406,15,2019-08-10,2019-08-10,EXCLUDE,GF-1026
11705406,15,2019-08-17,2019-08-17,EXCLUDE,GF-1026
11705406,15,2019-08-23,2019-08-23,EXCLUDE,GF-1026
11705406,15,2019-08-31,2019-08-31,EXCLUDE,GF-1026
11705406,15,2019-09-16,2019-09-16,EXCLUDE,GF-1026
11705406,15,2019-09-22,2019-09-22,EXCLUDE,GF-1026
11705406,15,2019-09-28,2019-09-28,EXCLUDE,GF-1026
11705406,15,2019-10-05,2019-10-05,EXCLUDE,GF-1026
11705406,15,2019-10-19,2019-10-19,EXCLUDE,GF-1026
11705406,15,2019-10-26,2019-10-26,EXCLUDE,GF-1026
11705406,15,2019-11-02,2019-11-02,EXCLUDE,GF-1026
11705406,15,2019-11-10,2019-11-10,EXCLUDE,GF-1026
11705406,15,2019-11-25,2019-11-25,EXCLUDE,GF-1026
11705406,15,2019-12-01,2019-12-01,EXCLUDE,GF-1026
11705406,15,2019-12-04,2019-12-04,EXCLUDE,GF-1026
11705406,15,2019-12-08,2019-12-08,EXCLUDE,GF-1026
11705406,15,2019-12-14,2019-12-14,EXCLUDE,GF-1026
11705406,15,2019-12-21,2019-12-21,EXCLUDE,GF-1026
11705406,15,2019-12-26,2019-12-26,EXCLUDE,GF-1026
11705406,15,2019-12-28,2019-12-28,EXCLUDE,GF-1026
11705406,15,2020-01-01,2020-01-01,EXCLUDE,GF-1026
11705406,15,2020-01-12,2020-01-12,EXCLUDE,GF-1026
11705406,15,2020-01-18,2020-01-18,EXCLUDE,GF-1026
11705406,15,2020-01-21,2020-01-21,EXCLUDE,GF-1026
11705406,15,2020-06-17,2020-06-17,EXCLUDE,GF-1026
11705406,15,2020-06-21,2020-06-21,EXCLUDE,GF-1026
11705406,15,2020-06-24,2020-06-24,EXCLUDE,GF-1026
11705406,15,2020-06-27,2020-06-27,EXCLUDE,GF-1026
11705406,15,2020-07-05,2020-07-05,EXCLUDE,GF-1026
11705406,15,2020-07-09,2020-07-09,EXCLUDE,GF-1026
11705406,15,2020-07-12,2020-07-12,EXCLUDE,GF-1026
11705406,15,2020-07-16,2020-07-16,EXCLUDE,GF-1026
11705406,15,2020-07-21,2020-07-21,EXCLUDE,GF-1026
11705406,15,2020-07-26,2020-07-26,EXCLUDE,GF-1026
1375,18,2019-08-11,2019-08-11,EXCLUDE,GF-1031
1375,18,2019-08-18,2019-08-18,EXCLUDE,GF-1031
1375,18,2019-08-24,2019-08-24,EXCLUDE,GF-1031
1375,18,2019-08-31,2019-08-31,EXCLUDE,GF-1031
1375,18,2019-09-14,2019-09-14,EXCLUDE,GF-1031
1375,18,2019-09-22,2019-09-22,EXCLUDE,GF-1031
1375,18,2019-09-28,2019-09-28,EXCLUDE,GF-1031
1375,18,2019-10-06,2019-10-06,EXCLUDE,GF-1031
1375,18,2019-10-19,2019-10-19,EXCLUDE,GF-1031
1375,18,2019-10-26,2019-10-26,EXCLUDE,GF-1031
1375,18,2019-11-02,2019-11-02,EXCLUDE,GF-1031
1375,18,2019-11-09,2019-11-09,EXCLUDE,GF-1031
1375,18,2019-11-23,2019-11-23,EXCLUDE,GF-1031
1375,18,2019-11-30,2019-11-30,EXCLUDE,GF-1031
1375,18,2019-12-04,2019-12-04,EXCLUDE,GF-1031
1375,18,2019-12-07,2019-12-07,EXCLUDE,GF-1031
1375,18,2019-12-14,2019-12-14,EXCLUDE,GF-1031
1375,18,2019-12-22,2019-12-22,EXCLUDE,GF-1031
1375,18,2019-12-26,2019-12-26,EXCLUDE,GF-1031
1375,18,2019-12-29,2019-12-29,EXCLUDE,GF-1031
1375,18,2020-01-01,2020-01-01,EXCLUDE,GF-1031
1375,18,2020-01-11,2020-01-11,EXCLUDE,GF-1031
1375,18,2020-01-18,2020-01-18,EXCLUDE,GF-1031
1375,18,2020-01-21,2020-01-21,EXCLUDE,GF-1031
1375,18,2020-02-01,2020-02-01,EXCLUDE,GF-1031
1375,18,2020-02-17,2020-02-17,EXCLUDE,GF-1031
1375,18,2020-02-22,2020-02-22,EXCLUDE,GF-1031
1375,18,2020-02-29,2020-02-29,EXCLUDE,GF-1031
1375,18,2020-03-08,2020-03-08,EXCLUDE,GF-1031
1375,18,2020-06-21,2020-06-21,EXCLUDE,GF-1031
1375,18,2020-06-25,2020-06-25,EXCLUDE,GF-1031
1375,18,2020-07-01,2020-07-01,EXCLUDE,GF-1031
1375,18,2020-07-04,2020-07-04,EXCLUDE,GF-1031
1375,18,2020-07-07,2020-07-07,EXCLUDE,GF-1031
1375,18,2020-07-11,2020-07-11,EXCLUDE,GF-1031
1375,18,2020-07-14,2020-07-14,EXCLUDE,GF-1031
1375,18,2020-07-22,2020-07-22,EXCLUDE,GF-1031
1375,18,2020-07-26,2020-07-26,EXCLUDE,GF-1031
129440,18,2019-08-11,2019-08-11,EXCLUDE,GF-1032
129440,18,2019-08-18,2019-08-18,EXCLUDE,GF-1032
581215,18,2019-08-11,2019-08-11,EXCLUDE,GF-1038
581215,18,2019-08-18,2019-08-18,EXCLUDE,GF-1038
581215,18,2019-08-24,2019-08-24,EXCLUDE,GF-1038
581215,18,2019-08-31,2019-08-31,EXCLUDE,GF-1038
581215,18,2019-09-14,2019-09-14,EXCLUDE,GF-1038
581215,18,2019-09-22,2019-09-22,EXCLUDE,GF-1038
581215,18,2019-09-28,2019-09-28,EXCLUDE,GF-1038
581215,18,2019-10-06,2019-10-06,EXCLUDE,GF-1038
581215,18,2019-10-19,2019-10-19,EXCLUDE,GF-1038
581215,18,2019-10-26,2019-10-26,EXCLUDE,GF-1038
581215,18,2019-11-02,2019-11-02,EXCLUDE,GF-1038
581215,18,2019-11-09,2019-11-09,EXCLUDE,GF-1038
581215,18,2019-11-23,2019-11-23,EXCLUDE,GF-1038
581215,18,2019-11-30,2019-11-30,EXCLUDE,GF-1038
581215,18,2019-12-04,2019-12-04,EXCLUDE,GF-1038
581215,18,2019-12-07,2019-12-07,EXCLUDE,GF-1038
581215,18,2019-12-14,2019-12-14,EXCLUDE,GF-1038
581215,18,2019-12-22,2019-12-22,EXCLUDE,GF-1038
581215,18,2019-12-26,2019-12-26,EXCLUDE,GF-1038
581215,18,2019-12-29,2019-12-29,EXCLUDE,GF-1038
581215,18,2020-01-01,2020-01-01,EXCLUDE,GF-1038
581215,18,2020-01-11,2020-01-11,EXCLUDE,GF-1038
581215,18,2020-01-18,2020-01-18,EXCLUDE,GF-1038
581215,18,2020-01-21,2020-01-21,EXCLUDE,GF-1038
581215,18,2020-02-01,2020-02-01,EXCLUDE,GF-1038
581215,18,2020-02-17,2020-02-17,EXCLUDE,GF-1038
581215,18,2020-02-22,2020-02-22,EXCLUDE,GF-1038
581215,18,2020-02-29,2020-02-29,EXCLUDE,GF-1038
581215,18,2020-03-08,2020-03-08,EXCLUDE,GF-1038
581215,18,2020-06-21,2020-06-21,EXCLUDE,GF-1038
581215,18,2020-06-25,2020-06-25,EXCLUDE,GF-1038
581215,18,2020-07-01,2020-07-01,EXCLUDE,GF-1038
581215,18,2020-07-04,2020-07-04,EXCLUDE,GF-1038
581215,18,2020-07-07,2020-07-07,EXCLUDE,GF-1038
581215,18,2020-07-11,2020-07-11,EXCLUDE,GF-1038
581215,18,2020-07-14,2020-07-14,EXCLUDE,GF-1038
581215,18,2020-07-22,2020-07-22,EXCLUDE,GF-1038
581215,18,2020-07-26,2020-07-26,EXCLUDE,GF-1038
23311159,18,2019-08-11,2019-08-11,EXCLUDE,GF-1040
23311159,18,2019-08-18,2019-08-18,EXCLUDE,GF-1040
23311159,18,2019-08-24,2019-08-24,EXCLUDE,GF-1040
23311159,18,2019-08-31,2019-08-31,EXCLUDE,GF-1040
23311159,18,2019-09-14,2019-09-14,EXCLUDE,GF-1040
23311159,18,2019-09-22,2019-09-22,EXCLUDE,GF-1040
23311159,18,2019-09-28,2019-09-28,EXCLUDE,GF-1040
23311159,18,2019-10-06,2019-10-06,EXCLUDE,GF-1040
23311159,18,2019-10-19,2019-10-19,EXCLUDE,GF-1040
23311159,18,2019-10-26,2019-10-26,EXCLUDE,GF-1040
23311159,18,2019-11-02,2019-11-02,EXCLUDE,GF-1040
23311159,18,2019-11-09,2019-11-09,EXCLUDE,GF-1040
23311159,18,2019-11-23,2019-11-23,EXCLUDE,GF-1040
23311159,18,2019-11-30,2019-11-30,EXCLUDE,GF-1040
23311159,18,2019-12-04,2019-12-04,EXCLUDE,GF-1040
23311159,18,2019-12-07,2019-12-07,EXCLUDE,GF-1040
23311159,18,2019-12-14,2019-12-14,EXCLUDE,GF-1040
23311159,18,2019-12-22,2019-12-22,EXCLUDE,GF-1040
23311159,18,2019-12-26,2019-12-26,EXCLUDE,GF-1040
23311159,18,2019-12-29,2019-12-29,EXCLUDE,GF-1040
23311159,18,2020-01-01,2020-01-01,EXCLUDE,GF-1040
23311159,18,2020-01-11,2020-01-11,EXCLUDE,GF-1040
23311159,18,2020-01-18,2020-01-18,EXCLUDE,GF-1040
23311159,18,2020-01-21,2020-01-21,EXCLUDE,GF-1040
23311159,18,2020-02-01,2020-02-01,EXCLUDE,GF-1040
23311159,18,2020-02-17,2020-02-17,EXCLUDE,GF-1040
23311159,18,2020-02-22,2020-02-22,EXCLUDE,GF-1040
23311159,18,2020-02-29,2020-02-29,EXCLUDE,GF-1040
23311159,18,2020-03-08,2020-03-08,EXCLUDE,GF-1040
23311159,18,2020-06-21,2020-06-21,EXCLUDE,GF-1040
23311159,18,2020-06-25,2020-06-25,EXCLUDE,GF-1040
23311159,18,2020-07-01,2020-07-01,EXCLUDE,GF-1040
23311159,18,2020-07-04,2020-07-04,EXCLUDE,GF-1040
23311159,18,2020-07-07,2020-07-07,EXCLUDE,GF-1040
23311159,18,2020-07-11,2020-07-11,EXCLUDE,GF-1040
23311159,18,2020-07-14,2020-07-14,EXCLUDE,GF-1040
23311159,18,2020-07-22,2020-07-22,EXCLUDE,GF-1040
23311159,18,2020-07-26,2020-07-26,EXCLUDE,GF-1040
24799914,18,2019-08-11,2019-08-11,EXCLUDE,GF-1042
24799914,18,2019-08-18,2019-08-18,EXCLUDE,GF-1042
24799914,18,2019-08-24,2019-08-24,EXCLUDE,GF-1042
24799914,18,2019-08-31,2019-08-31,EXCLUDE,GF-1042
24799914,18,2019-09-14,2019-09-14,EXCLUDE,GF-1042
24799914,18,2019-09-22,2019-09-22,EXCLUDE,GF-1042
24799914,18,2019-09-28,2019-09-28,EXCLUDE,GF-1042
24799914,18,2019-10-06,2019-10-06,EXCLUDE,GF-1042
24799914,18,2019-10-19,2019-10-19,EXCLUDE,GF-1042
24799914,18,2019-10-26,2019-10-26,EXCLUDE,GF-1042
24799914,18,2019-11-02,2019-11-02,EXCLUDE,GF-1042
24799914,18,2019-11-09,2019-11-09,EXCLUDE,GF-1042
24799914,18,2019-11-23,2019-11-23,EXCLUDE,GF-1042
24799914,18,2019-11-30,2019-11-30,EXCLUDE,GF-1042
24799914,18,2019-12-04,2019-12-04,EXCLUDE,GF-1042
24799914,18,2019-12-07,2019-12-07,EXCLUDE,GF-1042
24799914,18,2019-12-14,2019-12-14,EXCLUDE,GF-1042
24799914,18,2019-12-22,2019-12-22,EXCLUDE,GF-1042
24799914,18,2019-12-26,2019-12-26,EXCLUDE,GF-1042
24799914,18,2019-12-29,2019-12-29,EXCLUDE,GF-1042
24799914,18,2020-01-01,2020-01-01,EXCLUDE,GF-1042
24799914,18,2020-01-11,2020-01-11,EXCLUDE,GF-1042
24799914,18,2020-01-18,2020-01-18,EXCLUDE,GF-1042
24799914,18,2020-01-21,2020-01-21,EXCLUDE,GF-1042
24799914,18,2020-02-01,2020-02-01,EXCLUDE,GF-1042
24799914,18,2020-02-17,2020-02-17,EXCLUDE,GF-1042
24799914,18,2020-02-22,2020-02-22,EXCLUDE,GF-1042
24799914,18,2020-02-29,2020-02-29,EXCLUDE,GF-1042
24799914,18,2020-03-08,2020-03-08,EXCLUDE,GF-1042
24799914,18,2020-06-21,2020-06-21,EXCLUDE,GF-1042
24799914,18,2020-06-25,2020-06-25,EXCLUDE,GF-1042
24799914,18,2020-07-01,2020-07-01,EXCLUDE,GF-1042
24799914,18,2020-07-04,2020-07-04,EXCLUDE,GF-1042
24799914,18,2020-07-07,2020-07-07,EXCLUDE,GF-1042
24799914,18,2020-07-11,2020-07-11,EXCLUDE,GF-1042
24799914,18,2020-07-14,2020-07-14,EXCLUDE,GF-1042
24799914,18,2020-07-22,2020-07-22,EXCLUDE,GF-1042
24799914,18,2020-07-26,2020-07-26,EXCLUDE,GF-1042
900580765,18,2019-08-11,2019-08-11,EXCLUDE,GF-1043
900580765,18,2019-08-18,2019-08-18,EXCLUDE,GF-1043
900580765,18,2019-08-24,2019-08-24,EXCLUDE,GF-1043
900580765,18,2019-08-31,2019-08-31,EXCLUDE,GF-1043
900580765,18,2019-09-14,2019-09-14,EXCLUDE,GF-1043
900580765,18,2019-09-22,2019-09-22,EXCLUDE,GF-1043
900580765,18,2019-09-28,2019-09-28,EXCLUDE,GF-1043
900580765,18,2019-10-06,2019-10-06,EXCLUDE,GF-1043
900580765,18,2019-10-19,2019-10-19,EXCLUDE,GF-1043
900580765,18,2019-10-26,2019-10-26,EXCLUDE,GF-1043
900580765,18,2019-11-02,2019-11-02,EXCLUDE,GF-1043
900580765,18,2019-11-09,2019-11-09,EXCLUDE,GF-1043
900580765,18,2019-11-23,2019-11-23,EXCLUDE,GF-1043
900580765,18,2019-11-30,2019-11-30,EXCLUDE,GF-1043
900580765,18,2019-12-04,2019-12-04,EXCLUDE,GF-1043
900580765,18,2019-12-07,2019-12-07,EXCLUDE,GF-1043
900580765,18,2019-12-14,2019-12-14,EXCLUDE,GF-1043
900580765,18,2019-12-22,2019-12-22,EXCLUDE,GF-1043
900580765,18,2019-12-26,2019-12-26,EXCLUDE,GF-1043
900580765,18,2019-12-29,2019-12-29,EXCLUDE,GF-1043
900580765,18,2020-01-01,2020-01-01,EXCLUDE,GF-1043
900580765,18,2020-01-11,2020-01-11,EXCLUDE,GF-1043
900580765,18,2020-01-18,2020-01-18,EXCLUDE,GF-1043
900580765,18,2020-01-21,2020-01-21,EXCLUDE,GF-1043
900580765,18,2020-02-01,2020-02-01,EXCLUDE,GF-1043
900580765,18,2020-02-17,2020-02-17,EXCLUDE,GF-1043
900580765,18,2020-02-22,2020-02-22,EXCLUDE,GF-1043
900580765,18,2020-02-29,2020-02-29,EXCLUDE,GF-1043
900580765,18,2020-03-08,2020-03-08,EXCLUDE,GF-1043
900580765,18,2020-06-21,2020-06-21,EXCLUDE,GF-1043
900580765,18,2020-06-25,2020-06-25,EXCLUDE,GF-1043
900580765,18,2020-07-01,2020-07-01,EXCLUDE,GF-1043
900580765,18,2020-07-04,2020-07-04,EXCLUDE,GF-1043
900580765,18,2020-07-07,2020-07-07,EXCLUDE,GF-1043
900580765,18,2020-07-11,2020-07-11,EXCLUDE,GF-1043
900580765,18,2020-07-14,2020-07-14,EXCLUDE,GF-1043
900580765,18,2020-07-22,2020-07-22,EXCLUDE,GF-1043
900580765,18,2020-07-26,2020-07-26,EXCLUDE,GF-1043
539962,19,2019-08-11,2019-08-11,EXCLUDE,GF-1049
539962,19,2019-08-17,2019-08-17,EXCLUDE,GF-1049
539962,19,2019-08-24,2019-08-24,EXCLUDE,GF-1049
539962,19,2019-09-01,2019-09-01,EXCLUDE,GF-1049
539962,19,2019-09-15,2019-09-15,EXCLUDE,GF-1049
539962,19,2019-09-22,2019-09-22,EXCLUDE,GF-1049
539962,19,2019-09-30,2019-09-30,EXCLUDE,GF-1049
539962,19,2019-10-06,2019-10-06,EXCLUDE,GF-1049
539962,19,2019-10-21,2019-10-21,EXCLUDE,GF-1049
539962,19,2019-10-27,2019-10-27,EXCLUDE,GF-1049
539962,19,2019-11-02,2019-11-02,EXCLUDE,GF-1049
539962,19,2019-11-09,2019-11-09,EXCLUDE,GF-1049
539962,19,2019-11-23,2019-11-23,EXCLUDE,GF-1049
539962,19,2019-12-01,2019-12-01,EXCLUDE,GF-1049
539962,19,2019-12-05,2019-12-05,EXCLUDE,GF-1049
539962,19,2019-12-09,2019-12-09,EXCLUDE,GF-1049
539962,19,2019-12-15,2019-12-15,EXCLUDE,GF-1049
539962,19,2019-12-21,2019-12-21,EXCLUDE,GF-1049
539962,19,2019-12-26,2019-12-26,EXCLUDE,GF-1049
539962,19,2019-12-29,2019-12-29,EXCLUDE,GF-1049
539962,19,2020-01-01,2020-01-01,EXCLUDE,GF-1049
539962,19,2020-01-11,2020-01-11,EXCLUDE,GF-1049
539962,19,2020-01-18,2020-01-18,EXCLUDE,GF-1049
539962,19,2020-01-21,2020-01-21,EXCLUDE,GF-1049
539962,19,2020-02-02,2020-02-02,EXCLUDE,GF-1049
539962,19,2020-02-16,2020-02-16,EXCLUDE,GF-1049
539962,19,2020-02-23,2020-02-23,EXCLUDE,GF-1049
539962,19,2020-03-07,2020-03-07,EXCLUDE,GF-1049
539962,19,2020-06-17,2020-06-17,EXCLUDE,GF-1049
539962,19,2020-06-20,2020-06-20,EXCLUDE,GF-1049
539962,19,2020-06-25,2020-06-25,EXCLUDE,GF-1049
539962,19,2020-07-01,2020-07-01,EXCLUDE,GF-1049
539962,19,2020-07-04,2020-07-04,EXCLUDE,GF-1049
539962,19,2020-07-07,2020-07-07,EXCLUDE,GF-1049
539962,19,2020-07-12,2020-07-12,EXCLUDE,GF-1049
539962,19,2020-07-15,2020-07-15,EXCLUDE,GF-1049
539962,19,2020-07-21,2020-07-21,EXCLUDE,GF-1049
539962,19,2020-07-26,2020-07-26,EXCLUDE,GF-1049
900404386,19,2019-08-11,2019-08-11,EXCLUDE,GF-1053
900404386,19,2019-08-17,2019-08-17,EXCLUDE,GF-1053
900404386,19,2019-08-24,2019-08-24,EXCLUDE,GF-1053
900404386,19,2019-09-01,2019-09-01,EXCLUDE,GF-1053
900404386,19,2019-09-15,2019-09-15,EXCLUDE,GF-1053
900404386,19,2019-09-22,2019-09-22,EXCLUDE,GF-1053
900404386,19,2019-09-30,2019-09-30,EXCLUDE,GF-1053
900404386,19,2019-10-06,2019-10-06,EXCLUDE,GF-1053
900404386,19,2019-10-21,2019-10-21,EXCLUDE,GF-1053
900404386,19,2019-10-27,2019-10-27,EXCLUDE,GF-1053
900404386,19,2019-11-02,2019-11-02,EXCLUDE,GF-1053
900404386,19,2019-11-09,2019-11-09,EXCLUDE,GF-1053
900404386,19,2019-11-23,2019-11-23,EXCLUDE,GF-1053
900404386,19,2019-12-01,2019-12-01,EXCLUDE,GF-1053
900404386,19,2019-12-05,2019-12-05,EXCLUDE,GF-1053
900404386,19,2019-12-09,2019-12-09,EXCLUDE,GF-1053
900404386,19,2019-12-15,2019-12-15,EXCLUDE,GF-1053
900404386,19,2019-12-21,2019-12-21,EXCLUDE,GF-1053
900404386,19,2019-12-26,2019-12-26,EXCLUDE,GF-1053
900404386,19,2019-12-29,2019-12-29,EXCLUDE,GF-1053
900404386,19,2020-01-01,2020-01-01,EXCLUDE,GF-1053
900404386,19,2020-01-11,2020-01-11,EXCLUDE,GF-1053
900404386,19,2020-01-18,2020-01-18,EXCLUDE,GF-1053
900404386,19,2020-01-21,2020-01-21,EXCLUDE,GF-1053
900404386,19,2020-02-02,2020-02-02,EXCLUDE,GF-1053
900404386,19,2020-02-16,2020-02-16,EXCLUDE,GF-1053
4969702,19,2019-08-11,2019-08-11,EXCLUDE,GF-1056
4969702,19,2019-08-17,2019-08-17,EXCLUDE,GF-1056
4969702,19,2019-08-24,2019-08-24,EXCLUDE,GF-1056
4969702,19,2019-09-01,2019-09-01,EXCLUDE,GF-1056
4969702,19,2019-09-15,2019-09-15,EXCLUDE,GF-1056
4969702,19,2019-09-22,2019-09-22,EXCLUDE,GF-1056
4969702,19,2019-09-30,2019-09-30,EXCLUDE,GF-1056
4969702,19,2019-10-06,2019-10-06,EXCLUDE,GF-1056
4969702,19,2019-10-21,2019-10-21,EXCLUDE,GF-1056
4969702,19,2019-10-27,2019-10-27,EXCLUDE,GF-1056
4969702,19,2019-11-02,2019-11-02,EXCLUDE,GF-1056
4969702,19,2019-11-09,2019-11-09,EXCLUDE,GF-1056
4969702,19,2019-11-23,2019-11-23,EXCLUDE,GF-1056
4969702,19,2019-12-01,2019-12-01,EXCLUDE,GF-1056
4969702,19,2019-12-05,2019-12-05,EXCLUDE,GF-1056
4969702,19,2019-12-09,2019-12-09,EXCLUDE,GF-1056
4969702,19,2019-12-15,2019-12-15,EXCLUDE,GF-1056
4969702,19,2019-12-21,2019-12-21,EXCLUDE,GF-1056
4969702,19,2019-12-26,2019-12-26,EXCLUDE,GF-1056
4969702,19,2019-12-29,2019-12-29,EXCLUDE,GF-1056
4969702,19,2020-01-01,2020-01-01,EXCLUDE,GF-1056
4969702,19,2020-01-11,2020-01-11,EXCLUDE,GF-1056
4969702,19,2020-01-18,2020-01-18,EXCLUDE,GF-1056
4969702,19,2020-01-21,2020-01-21,EXCLUDE,GF-1056
4969702,19,2020-02-02,2020-02-02,EXCLUDE,GF-1056
4969702,19,2020-02-16,2020-02-16,EXCLUDE,GF-1056
4969702,19,2020-02-23,2020-02-23,EXCLUDE,GF-1056
4969702,19,2020-03-07,2020-03-07,EXCLUDE,GF-1056
4969702,19,2020-06-17,2020-06-17,EXCLUDE,GF-1056
4969702,19,2020-06-20,2020-06-20,EXCLUDE,GF-1056
4969702,19,2020-06-25,2020-06-25,EXCLUDE,GF-1056
4969702,19,2020-07-01,2020-07-01,EXCLUDE,GF-1056
4969702,19,2020-07-04,2020-07-04,EXCLUDE,GF-1056
4969702,19,2020-07-07,2020-07-07,EXCLUDE,GF-1056
4969702,19,2020-07-12,2020-07-12,EXCLUDE,GF-1056
4969702,19,2020-07-15,2020-07-15,EXCLUDE,GF-1056
4969702,19,2020-07-21,2020-07-21,EXCLUDE,GF-1056
4969702,19,2020-07-26,2020-07-26,EXCLUDE,GF-1056
900506965,19,2019-08-11,2019-08-11,EXCLUDE,GF-1057
900506965,19,2019-08-17,2019-08-17,EXCLUDE,GF-1057
900506965,19,2019-08-24,2019-08-24,EXCLUDE,GF-1057
900506965,19,2019-09-01,2019-09-01,EXCLUDE,GF-1057
900506965,19,2019-09-15,2019-09-15,EXCLUDE,GF-1057
900506965,19,2019-09-22,2019-09-22,EXCLUDE,GF-1057
900506965,19,2019-09-30,2019-09-30,EXCLUDE,GF-1057
900506965,19,2019-10-06,2019-10-06,EXCLUDE,GF-1057
900506965,19,2019-10-21,2019-10-21,EXCLUDE,GF-1057
900506965,19,2019-10-27,2019-10-27,EXCLUDE,GF-1057
900506965,19,2019-11-02,2019-11-02,EXCLUDE,GF-1057
900506965,19,2019-11-09,2019-11-09,EXCLUDE,GF-1057
900506965,19,2019-11-23,2019-11-23,EXCLUDE,GF-1057
900506965,19,2019-12-01,2019-12-01,EXCLUDE,GF-1057
900506965,19,2019-12-05,2019-12-05,EXCLUDE,GF-1057
900506965,19,2019-12-09,2019-12-09,EXCLUDE,GF-1057
900506965,19,2019-12-15,2019-12-15,EXCLUDE,GF-1057
900506965,19,2019-12-21,2019-12-21,EXCLUDE,GF-1057
900506965,19,2019-12-26,2019-12-26,EXCLUDE,GF-1057
900506965,19,2019-12-29,2019-12-29,EXCLUDE,GF-1057
900506965,19,2020-01-01,2020-01-01,EXCLUDE,GF-1057
900506965,19,2020-01-11,2020-01-11,EXCLUDE,GF-1057
900506965,19,2020-01-18,2020-01-18,EXCLUDE,GF-1057
900506965,19,2020-01-21,2020-01-21,EXCLUDE,GF-1057
900506965,19,2020-07-01,2020-07-01,EXCLUDE,GF-1057
900506965,19,2020-07-04,2020-07-04,EXCLUDE,GF-1057
900506965,19,2020-07-07,2020-07-07,EXCLUDE,GF-1057
900506965,19,2020-07-12,2020-07-12,EXCLUDE,GF-1057
900506965,19,2020-07-15,2020-07-15,EXCLUDE,GF-1057
900506965,19,2020-07-21,2020-07-21,EXCLUDE,GF-1057
900506965,19,2020-07-26,2020-07-26,EXCLUDE,GF-1057
4545,20,2019-08-11,2019-08-11,EXCLUDE,GF-1061
4545,20,2019-08-17,2019-08-17,EXCLUDE,GF-1061
4545,20,2019-08-25,2019-08-25,EXCLUDE,GF-1061
4545,20,2019-08-31,2019-08-31,EXCLUDE,GF-1061
4545,20,2019-09-14,2019-09-14,EXCLUDE,GF-1061
4545,20,2019-09-21,2019-09-21,EXCLUDE,GF-1061
4545,20,2019-09-29,2019-09-29,EXCLUDE,GF-1061
4545,20,2019-10-06,2019-10-06,EXCLUDE,GF-1061
4545,20,2019-10-19,2019-10-19,EXCLUDE,GF-1061
4545,20,2019-10-27,2019-10-27,EXCLUDE,GF-1061
4545,20,2019-11-02,2019-11-02,EXCLUDE,GF-1061
4545,20,2019-11-09,2019-11-09,EXCLUDE,GF-1061
4545,20,2019-11-25,2019-11-25,EXCLUDE,GF-1061
4545,20,2019-11-30,2019-11-30,EXCLUDE,GF-1061
4545,20,2019-12-05,2019-12-05,EXCLUDE,GF-1061
4545,20,2019-12-08,2019-12-08,EXCLUDE,GF-1061
4545,20,2019-12-14,2019-12-14,EXCLUDE,GF-1061
4545,20,2019-12-21,2019-12-21,EXCLUDE,GF-1061
4545,20,2019-12-26,2019-12-26,EXCLUDE,GF-1061
4545,20,2019-12-28,2019-12-28,EXCLUDE,GF-1061
4545,20,2020-01-01,2020-01-01,EXCLUDE,GF-1061
4545,20,2020-01-11,2020-01-11,EXCLUDE,GF-1061
4545,20,2020-01-18,2020-01-18,EXCLUDE,GF-1061
4545,20,2020-01-21,2020-01-21,EXCLUDE,GF-1061
4545,20,2020-02-01,2020-02-01,EXCLUDE,GF-1061
4545,20,2020-02-16,2020-02-16,EXCLUDE,GF-1061
4545,20,2020-02-22,2020-02-22,EXCLUDE,GF-1061
4545,20,2020-02-29,2020-02-29,EXCLUDE,GF-1061
4545,20,2020-03-07,2020-03-07,EXCLUDE,GF-1061
4545,20,2020-06-21,2020-06-21,EXCLUDE,GF-1061
4545,20,2020-06-24,2020-06-24,EXCLUDE,GF-1061
4545,20,2020-07-01,2020-07-01,EXCLUDE,GF-1061
4545,20,2020-07-05,2020-07-05,EXCLUDE,GF-1061
4545,20,2020-07-08,2020-07-08,EXCLUDE,GF-1061
4545,20,2020-07-11,2020-07-11,EXCLUDE,GF-1061
4545,20,2020-07-15,2020-07-15,EXCLUDE,GF-1061
4545,20,2020-07-20,2020-07-20,EXCLUDE,GF-1061
4545,20,2020-07-26,2020-07-26,EXCLUDE,GF-1061
784,20,2019-08-11,2019-08-11,EXCLUDE,GF-1062
784,20,2019-08-17,2019-08-17,EXCLUDE,GF-1062
784,20,2019-08-25,2019-08-25,EXCLUDE,GF-1062
784,20,2019-08-31,2019-08-31,EXCLUDE,GF-1062
784,20,2019-09-14,2019-09-14,EXCLUDE,GF-1062
784,20,2019-09-21,2019-09-21,EXCLUDE,GF-1062
784,20,2019-09-29,2019-09-29,EXCLUDE,GF-1062
784,20,2019-10-06,2019-10-06,EXCLUDE,GF-1062
784,20,2019-10-19,2019-10-19,EXCLUDE,GF-1062
784,20,2019-10-27,2019-10-27,EXCLUDE,GF-1062
784,20,2019-11-02,2019-11-02,EXCLUDE,GF-1062
784,20,2019-11-09,2019-11-09,EXCLUDE,GF-1062
784,20,2019-11-25,2019-11-25,EXCLUDE,GF-1062
784,20,2019-11-30,2019-11-30,EXCLUDE,GF-1062
784,20,2019-12-05,2019-12-05,EXCLUDE,GF-1062
784,20,2019-12-08,2019-12-08,EXCLUDE,GF-1062
784,20,2019-12-14,2019-12-14,EXCLUDE,GF-1062
784,20,2019-12-21,2019-12-21,EXCLUDE,GF-1062
784,20,2019-12-26,2019-12-26,EXCLUDE,GF-1062
784,20,2019-12-28,2019-12-28,EXCLUDE,GF-1062
784,20,2020-01-01,2020-01-01,EXCLUDE,GF-1062
784,20,2020-01-11,2020-01-11,EXCLUDE,GF-1062
784,20,2020-01-18,2020-01-18,EXCLUDE,GF-1062
784,20,2020-01-21,2020-01-21,EXCLUDE,GF-1062
784,20,2020-02-01,2020-02-01,EXCLUDE,GF-1062
784,20,2020-02-16,2020-02-16,EXCLUDE,GF-1062
784,20,2020-02-22,2020-02-22,EXCLUDE,GF-1062
784,20,2020-02-29,2020-02-29,EXCLUDE,GF-1062
784,20,2020-03-07,2020-03-07,EXCLUDE,GF-1062
784,20,2020-06-21,2020-06-21,EXCLUDE,GF-1062
784,20,2020-06-24,2020-06-24,EXCLUDE,GF-1062
784,20,2020-07-01,2020-07-01,EXCLUDE,GF-1062
784,20,2020-07-05,2020-07-05,EXCLUDE,GF-1062
784,20,2020-07-08,2020-07-08,EXCLUDE,GF-1062
784,20,2020-07-11,2020-07-11,EXCLUDE,GF-1062
784,20,2020-07-15,2020-07-15,EXCLUDE,GF-1062
784,20,2020-07-20,2020-07-20,EXCLUDE,GF-1062
784,20,2020-07-26,2020-07-26,EXCLUDE,GF-1062
3005,20,2019-08-11,2019-08-11,EXCLUDE,GF-1063
3005,20,2019-08-17,2019-08-17,EXCLUDE,GF-1063
3005,20,2019-08-25,2019-08-25,EXCLUDE,GF-1063
3005,20,2019-08-31,2019-08-31,EXCLUDE,GF-1063
3005,20,2019-09-14,2019-09-14,EXCLUDE,GF-1063
3005,20,2019-09-21,2019-09-21,EXCLUDE,GF-1063
3005,20,2019-09-29,2019-09-29,EXCLUDE,GF-1063
3005,20,2019-10-06,2019-10-06,EXCLUDE,GF-1063
3005,20,2019-10-19,2019-10-19,EXCLUDE,GF-1063
3005,20,2019-10-27,2019-10-27,EXCLUDE,GF-1063
3005,20,2019-11-02,2019-11-02,EXCLUDE,GF-1063
3005,20,2019-11-09,2019-11-09,EXCLUDE,GF-1063
3005,20,2019-11-25,2019-11-25,EXCLUDE,GF-1063
3005,20,2019-11-30,2019-11-30,EXCLUDE,GF-1063
3005,20,2019-12-05,2019-12-05,EXCLUDE,GF-1063
3005,20,2019-12-08,2019-12-08,EXCLUDE,GF-1063
3005,20,2019-12-14,2019-12-14,EXCLUDE,GF-1063
3005,20,2019-12-21,2019-12-21,EXCLUDE,GF-1063
3005,20,2019-12-26,2019-12-26,EXCLUDE,GF-1063
3005,20,2019-12-28,2019-12-28,EXCLUDE,GF-1063
3005,20,2020-01-01,2020-01-01,EXCLUDE,GF-1063
3005,20,2020-01-11,2020-01-11,EXCLUDE,GF-1063
3005,20,2020-01-18,2020-01-18,EXCLUDE,GF-1063
3005,20,2020-01-21,2020-01-21,EXCLUDE,GF-1063
3005,20,2020-02-01,2020-02-01,EXCLUDE,GF-1063
3005,20,2020-02-16,2020-02-16,EXCLUDE,GF-1063
3005,20,2020-02-22,2020-02-22,EXCLUDE,GF-1063
3005,20,2020-02-29,2020-02-29,EXCLUDE,GF-1063
3005,20,2020-03-07,2020-03-07,EXCLUDE,GF-1063
3005,20,2020-06-21,2020-06-21,EXCLUDE,GF-1063
3005,20,2020-06-24,2020-06-24,EXCLUDE,GF-1063
4583,20,2020-06-21,2020-06-21,EXCLUDE,GF-1064
4583,20,2020-06-24,2020-06-24,EXCLUDE,GF-1064
4583,20,2020-07-01,2020-07-01,EXCLUDE,GF-1064
4583,20,2020-07-05,2020-07-05,EXCLUDE,GF-1064
4583,20,2020-07-08,2020-07-08,EXCLUDE,GF-1064
4583,20,2020-07-11,2020-07-11,EXCLUDE,GF-1064
4583,20,2020-07-15,2020-07-15,EXCLUDE,GF-1064
4583,20,2020-07-20,2020-07-20,EXCLUDE,GF-1064
4583,20,2020-07-26,2020-07-26,EXCLUDE,GF-1064
1394,20,2019-08-11,2019-08-11,EXCLUDE,GF-1065
1394,20,2019-08-17,2019-08-17,EXCLUDE,GF-1065
1394,20,2019-08-25,2019-08-25,EXCLUDE,GF-1065
1394,20,2019-08-31,2019-08-31,EXCLUDE,GF-1065
1394,20,2020-01-18,2020-01-18,EXCLUDE,GF-1065
1394,20,2020-01-21,2020-01-21,EXCLUDE,GF-1065
1394,20,2020-06-21,2020-06-21,EXCLUDE,GF-1065
1394,20,2020-06-24,2020-06-24,EXCLUDE,GF-1065
1394,20,2020-07-01,2020-07-01,EXCLUDE,GF-1065
1394,20,2020-07-05,2020-07-05,EXCLUDE,GF-1065
1394,20,2020-07-08,2020-07-08,EXCLUDE,GF-1065
1394,20,2020-07-11,2020-07-11,EXCLUDE,GF-1065
1394,20,2020-07-15,2020-07-15,EXCLUDE,GF-1065
1394,20,2020-07-20,2020-07-20,EXCLUDE,GF-1065
1394,20,2020-07-26,2020-07-26,EXCLUDE,GF-1065
7687965,20,2019-08-11,2019-08-11,EXCLUDE,GF-1067
7687965,20,2019-12-21,2019-12-21,EXCLUDE,GF-1067
7687965,20,2019-12-26,2019-12-26,EXCLUDE,GF-1067
7687965,20,2019-12-28,2019-12-28,EXCLUDE,GF-1067
7687965,20,2020-01-01,2020-01-01,EXCLUDE,GF-1067
7687965,20,2020-01-11,2020-01-11,EXCLUDE,GF-1067
7687965,20,2020-01-18,2020-01-18,EXCLUDE,GF-1067
7687965,20,2020-01-21,2020-01-21,EXCLUDE,GF-1067
7687965,20,2020-02-01,2020-02-01,EXCLUDE,GF-1067
7687965,20,2020-02-16,2020-02-16,EXCLUDE,GF-1067
7687965,20,2020-02-22,2020-02-22,EXCLUDE,GF-1067
7687965,20,2020-02-29,2020-02-29,EXCLUDE,GF-1067
7687965,20,2020-03-07,2020-03-07,EXCLUDE,GF-1067
7687965,20,2020-06-21,2020-06-21,EXCLUDE,GF-1067
7687965,20,2020-06-24,2020-06-24,EXCLUDE,GF-1067
7687965,20,2020-07-01,2020-07-01,EXCLUDE,GF-1067
7687965,20,2020-07-05,2020-07-05,EXCLUDE,GF-1067
7687965,20,2020-07-08,2020-07-08,EXCLUDE,GF-1067
7687965,20,2020-07-11,2020-07-11,EXCLUDE,GF-1067
7687965,20,2020-07-15,2020-07-15,EXCLUDE,GF-1067
7687965,20,2020-07-20,2020-07-20,EXCLUDE,GF-1067
7687965,20,2020-07-26,2020-07-26,EXCLUDE,GF-1067
22536393,20,2019-08-11,2019-08-11,EXCLUDE,GF-1068
22536393,20,2019-08-17,2019-08-17,EXCLUDE,GF-1068
22536393,20,2019-08-25,2019-08-25,EXCLUDE,GF-1068
22536393,20,2019-08-31,2019-08-31,EXCLUDE,GF-1068
22536393,20,2019-09-14,2019-09-14,EXCLUDE,GF-1068
22536393,20,2019-09-21,2019-09-21,EXCLUDE,GF-1068
22536393,20,2019-09-29,2019-09-29,EXCLUDE,GF-1068
22536393,20,2019-10-06,2019-10-06,EXCLUDE,GF-1068
22536393,20,2019-10-19,2019-10-19,EXCLUDE,GF-1068
22536393,20,2019-10-27,2019-10-27,EXCLUDE,GF-1068
22536393,20,2019-11-02,2019-11-02,EXCLUDE,GF-1068
22536393,20,2019-11-09,2019-11-09,EXCLUDE,GF-1068
22536393,20,2019-11-25,2019-11-25,EXCLUDE,GF-1068
22536393,20,2019-11-30,2019-11-30,EXCLUDE,GF-1068
22536393,20,2019-12-05,2019-12-05,EXCLUDE,GF-1068
22536393,20,2019-12-08,2019-12-08,EXCLUDE,GF-1068
22536393,20,2019-12-14,2019-12-14,EXCLUDE,GF-1068
22536393,20,2019-12-21,2019-12-21,EXCLUDE,GF-1068
22536393,20,2019-12-26,2019-12-26,EXCLUDE,GF-1068
22536393,20,2019-12-28,2019-12-28,EXCLUDE,GF-1068
22536393,20,2020-01-01,2020-01-01,EXCLUDE,GF-1068
22536393,20,2020-01-11,2020-01-11,EXCLUDE,GF-1068
22536393,20,2020-01-18,2020-01-18,EXCLUDE,GF-1068
22536393,20,2020-01-21,2020-01-21,EXCLUDE,GF-1068
22536393,20,2020-02-01,2020-02-01,EXCLUDE,GF-1068
22536393,20,2020-02-16,2020-02-16,EXCLUDE,GF-1068
22536393,20,2020-02-22,2020-02-22,EXCLUDE,GF-1068
22536393,20,2020-02-29,2020-02-29,EXCLUDE,GF-1068
22536393,20,2020-03-07,2020-03-07,EXCLUDE,GF-1068
22536393,20,2020-06-21,2020-06-21,EXCLUDE,GF-1068
22536393,20,2020-06-24,2020-06-24,EXCLUDE,GF-1068
22536393,20,2020-07-01,2020-07-01,EXCLUDE,GF-1068
22536393,20,2020-07-05,2020-07-05,EXCLUDE,GF-1068
22536393,20,2020-07-08,2020-07-08,EXCLUDE,GF-1068
22536393,20,2020-07-11,2020-07-11,EXCLUDE,GF-1068
22536393,20,2020-07-15,2020-07-15,EXCLUDE,GF-1068
22536393,20,2020-07-20,2020-07-20,EXCLUDE,GF-1068
22536393,20,2020-07-26,2020-07-26,EXCLUDE,GF-1068
9471,21,2019-08-10,2019-08-10,EXCLUDE,GF-1071
9471,21,2019-08-18,2019-08-18,EXCLUDE,GF-1071
9471,21,2019-08-24,2019-08-24,EXCLUDE,GF-1071
9471,21,2019-08-31,2019-08-31,EXCLUDE,GF-1071
9471,21,2019-09-14,2019-09-14,EXCLUDE,GF-1071
9471,21,2019-09-21,2019-09-21,EXCLUDE,GF-1071
9471,21,2019-09-28,2019-09-28,EXCLUDE,GF-1071
9471,21,2019-10-05,2019-10-05,EXCLUDE,GF-1071
9471,21,2019-10-21,2019-10-21,EXCLUDE,GF-1071
9471,21,2019-10-26,2019-10-26,EXCLUDE,GF-1071
9471,21,2019-11-02,2019-11-02,EXCLUDE,GF-1071
9471,21,2019-11-09,2019-11-09,EXCLUDE,GF-1071
9471,21,2019-11-24,2019-11-24,EXCLUDE,GF-1071
9471,21,2019-12-01,2019-12-01,EXCLUDE,GF-1071
9471,21,2019-12-05,2019-12-05,EXCLUDE,GF-1071
9471,21,2019-12-08,2019-12-08,EXCLUDE,GF-1071
9471,21,2019-12-14,2019-12-14,EXCLUDE,GF-1071
9471,21,2019-12-21,2019-12-21,EXCLUDE,GF-1071
9471,21,2019-12-26,2019-12-26,EXCLUDE,GF-1071
9471,21,2019-12-29,2019-12-29,EXCLUDE,GF-1071
9471,21,2020-01-02,2020-01-02,EXCLUDE,GF-1071
9471,21,2020-01-10,2020-01-10,EXCLUDE,GF-1071
9471,21,2020-01-18,2020-01-18,EXCLUDE,GF-1071
9471,21,2020-01-21,2020-01-21,EXCLUDE,GF-1071
9471,21,2020-02-01,2020-02-01,EXCLUDE,GF-1071
9471,21,2020-02-09,2020-02-09,EXCLUDE,GF-1071
9471,21,2020-02-22,2020-02-22,EXCLUDE,GF-1071
9471,21,2020-03-07,2020-03-07,EXCLUDE,GF-1071
9471,21,2020-06-17,2020-06-17,EXCLUDE,GF-1071
9471,21,2020-06-21,2020-06-21,EXCLUDE,GF-1071
9471,21,2020-06-24,2020-06-24,EXCLUDE,GF-1071
14946,21,2019-08-10,2019-08-10,EXCLUDE,GF-1072
14946,21,2019-08-18,2019-08-18,EXCLUDE,GF-1072
14946,21,2020-06-17,2020-06-17,EXCLUDE,GF-1072
14946,21,2020-06-21,2020-06-21,EXCLUDE,GF-1072
14946,21,2020-06-24,2020-06-24,EXCLUDE,GF-1072
9726,21,2019-08-10,2019-08-10,EXCLUDE,GF-1073
9726,21,2019-08-18,2019-08-18,EXCLUDE,GF-1073
9726,21,2019-08-24,2019-08-24,EXCLUDE,GF-1073
9726,21,2019-08-31,2019-08-31,EXCLUDE,GF-1073
9726,21,2019-09-14,2019-09-14,EXCLUDE,GF-1073
9726,21,2019-09-21,2019-09-21,EXCLUDE,GF-1073
9726,21,2019-09-28,2019-09-28,EXCLUDE,GF-1073
9726,21,2019-10-05,2019-10-05,EXCLUDE,GF-1073
9726,21,2019-10-21,2019-10-21,EXCLUDE,GF-1073
9726,21,2019-10-26,2019-10-26,EXCLUDE,GF-1073
9726,21,2019-11-02,2019-11-02,EXCLUDE,GF-1073
9726,21,2019-11-09,2019-11-09,EXCLUDE,GF-1073
9726,21,2019-11-24,2019-11-24,EXCLUDE,GF-1073
9726,21,2019-12-01,2019-12-01,EXCLUDE,GF-1073
9726,21,2019-12-05,2019-12-05,EXCLUDE,GF-1073
9726,21,2019-12-08,2019-12-08,EXCLUDE,GF-1073
9726,21,2019-12-14,2019-12-14,EXCLUDE,GF-1073
9726,21,2019-12-21,2019-12-21,EXCLUDE,GF-1073
9726,21,2019-12-26,2019-12-26,EXCLUDE,GF-1073
9726,21,2019-12-29,2019-12-29,EXCLUDE,GF-1073
9726,21,2020-01-02,2020-01-02,EXCLUDE,GF-1073
9726,21,2020-01-10,2020-01-10,EXCLUDE,GF-1073
9726,21,2020-01-18,2020-01-18,EXCLUDE,GF-1073
9726,21,2020-01-21,2020-01-21,EXCLUDE,GF-1073
9726,21,2020-06-17,2020-06-17,EXCLUDE,GF-1073
9726,21,2020-06-21,2020-06-21,EXCLUDE,GF-1073
9726,21,2020-06-24,2020-06-24,EXCLUDE,GF-1073
9726,21,2020-07-02,2020-07-02,EXCLUDE,GF-1073
9726,21,2020-07-05,2020-07-05,EXCLUDE,GF-1073
9726,21,2020-07-08,2020-07-08,EXCLUDE,GF-1073
9726,21,2020-07-11,2020-07-11,EXCLUDE,GF-1073
9726,21,2020-07-16,2020-07-16,EXCLUDE,GF-1073
9726,21,2020-07-20,2020-07-20,EXCLUDE,GF-1073
9726,21,2020-07-26,2020-07-26,EXCLUDE,GF-1073
12019,21,2020-06-17,2020-06-17,EXCLUDE,GF-1074
12019,21,2020-06-21,2020-06-21,EXCLUDE,GF-1074
12019,21,2020-06-24,2020-06-24,EXCLUDE,GF-1074
191268,25,2019-08-10,2019-08-10,EXCLUDE,GF-1082
191268,25,2019-08-17,2019-08-17,EXCLUDE,GF-1082
191268,25,2019-08-24,2019-08-24,EXCLUDE,GF-1082
191268,25,2019-08-31,2019-08-31,EXCLUDE,GF-1082
191268,25,2019-09-15,2019-09-15,EXCLUDE,GF-1082
191268,25,2019-09-21,2019-09-21,EXCLUDE,GF-1082
191268,25,2019-09-28,2019-09-28,EXCLUDE,GF-1082
191268,25,2019-10-05,2019-10-05,EXCLUDE,GF-1082
191268,25,2019-10-19,2019-10-19,EXCLUDE,GF-1082
191268,25,2019-10-26,2019-10-26,EXCLUDE,GF-1082
191268,25,2019-11-02,2019-11-02,EXCLUDE,GF-1082
191268,25,2019-11-08,2019-11-08,EXCLUDE,GF-1082
191268,25,2019-11-23,2019-11-23,EXCLUDE,GF-1082
191268,25,2019-11-30,2019-11-30,EXCLUDE,GF-1082
191268,25,2019-12-04,2019-12-04,EXCLUDE,GF-1082
191268,25,2019-12-07,2019-12-07,EXCLUDE,GF-1082
191268,25,2019-12-14,2019-12-14,EXCLUDE,GF-1082
191268,25,2019-12-22,2019-12-22,EXCLUDE,GF-1082
191268,25,2019-12-26,2019-12-26,EXCLUDE,GF-1082
191268,25,2019-12-28,2019-12-28,EXCLUDE,GF-1082
191268,25,2020-01-01,2020-01-01,EXCLUDE,GF-1082
191268,25,2020-01-12,2020-01-12,EXCLUDE,GF-1082
191268,25,2020-01-18,2020-01-18,EXCLUDE,GF-1082
191268,25,2020-01-21,2020-01-21,EXCLUDE,GF-1082
191268,25,2020-07-04,2020-07-04,EXCLUDE,GF-1082
191268,25,2020-07-07,2020-07-07,EXCLUDE,GF-1082
191268,25,2020-07-11,2020-07-11,EXCLUDE,GF-1082
191268,25,2020-07-17,2020-07-17,EXCLUDE,GF-1082
191268,25,2020-07-21,2020-07-21,EXCLUDE,GF-1082
191268,25,2020-07-26,2020-07-26,EXCLUDE,GF-1082
900396165,25,2019-08-10,2019-08-10,EXCLUDE,GF-1083
900396165,25,2019-08-17,2019-08-17,EXCLUDE,GF-1083
900396165,25,2019-08-24,2019-08-24,EXCLUDE,GF-1083
900396165,25,2019-08-31,2019-08-31,EXCLUDE,GF-1083
900396165,25,2019-09-15,2019-09-15,EXCLUDE,GF-1083
900396165,25,2019-09-21,2019-09-21,EXCLUDE,GF-1083
900396165,25,2019-09-28,2019-09-28,EXCLUDE,GF-1083
900396165,25,2019-10-05,2019-10-05,EXCLUDE,GF-1083
900396165,25,2019-10-19,2019-10-19,EXCLUDE,GF-1083
900396165,25,2019-10-26,2019-10-26,EXCLUDE,GF-1083
900396165,25,2019-11-02,2019-11-02,EXCLUDE,GF-1083
900396165,25,2019-11-08,2019-11-08,EXCLUDE,GF-1083
900396165,25,2019-11-23,2019-11-23,EXCLUDE,GF-1083
900396165,25,2019-11-30,2019-11-30,EXCLUDE,GF-1083
900396165,25,2019-12-04,2019-12-04,EXCLUDE,GF-1083
900396165,25,2019-12-07,2019-12-07,EXCLUDE,GF-1083
900396165,25,2019-12-14,2019-12-14,EXCLUDE,GF-1083
900396165,25,2019-12-22,2019-12-22,EXCLUDE,GF-1083
900396165,25,2019-12-26,2019-12-26,EXCLUDE,GF-1083
900396165,25,2019-12-28,2019-12-28,EXCLUDE,GF-1083
900396165,25,2020-01-01,2020-01-01,EXCLUDE,GF-1083
900396165,25,2020-01-12,2020-01-12,EXCLUDE,GF-1083
900396165,25,2020-01-18,2020-01-18,EXCLUDE,GF-1083
900396165,25,2020-01-21,2020-01-21,EXCLUDE,GF-1083
900396165,25,2020-02-01,2020-02-01,EXCLUDE,GF-1083
900396165,25,2020-02-08,2020-02-08,EXCLUDE,GF-1083
900396165,25,2020-02-23,2020-02-23,EXCLUDE,GF-1083
900396165,25,2020-02-29,2020-02-29,EXCLUDE,GF-1083
900396165,25,2020-03-07,2020-03-07,EXCLUDE,GF-1083
900396165,25,2020-06-20,2020-06-20,EXCLUDE,GF-1083
900396165,25,2020-06-25,2020-06-25,EXCLUDE,GF-1083
900396165,25,2020-06-28,2020-06-28,EXCLUDE,GF-1083
900396165,25,2020-07-04,2020-07-04,EXCLUDE,GF-1083
900396165,25,2020-07-07,2020-07-07,EXCLUDE,GF-1083
900396165,25,2020-07-11,2020-07-11,EXCLUDE,GF-1083
900396165,25,2020-07-17,2020-07-17,EXCLUDE,GF-1083
900396165,25,2020-07-21,2020-07-21,EXCLUDE,GF-1083
900396165,25,2020-07-26,2020-07-26,EXCLUDE,GF-1083
581053,25,2019-08-10,2019-08-10,EXCLUDE,GF-1084
581053,25,2019-08-17,2019-08-17,EXCLUDE,GF-1084
581053,25,2019-08-24,2019-08-24,EXCLUDE,GF-1084
581053,25,2019-08-31,2019-08-31,EXCLUDE,GF-1084
581053,25,2019-09-15,2019-09-15,EXCLUDE,GF-1084
581053,25,2019-09-21,2019-09-21,EXCLUDE,GF-1084
581053,25,2019-09-28,2019-09-28,EXCLUDE,GF-1084
581053,25,2019-10-05,2019-10-05,EXCLUDE,GF-1084
581053,25,2019-10-19,2019-10-19,EXCLUDE,GF-1084
581053,25,2019-10-26,2019-10-26,EXCLUDE,GF-1084
581053,25,2019-11-02,2019-11-02,EXCLUDE,GF-1084
581053,25,2019-11-08,2019-11-08,EXCLUDE,GF-1084
581053,25,2019-11-23,2019-11-23,EXCLUDE,GF-1084
581053,25,2019-11-30,2019-11-30,EXCLUDE,GF-1084
581053,25,2019-12-04,2019-12-04,EXCLUDE,GF-1084
581053,25,2019-12-07,2019-12-07,EXCLUDE,GF-1084
581053,25,2019-12-14,2019-12-14,EXCLUDE,GF-1084
581053,25,2019-12-22,2019-12-22,EXCLUDE,GF-1084
581053,25,2019-12-26,2019-12-26,EXCLUDE,GF-1084
581053,25,2019-12-28,2019-12-28,EXCLUDE,GF-1084
581053,25,2020-01-01,2020-01-01,EXCLUDE,GF-1084
581053,25,2020-01-12,2020-01-12,EXCLUDE,GF-1084
581053,25,2020-01-18,2020-01-18,EXCLUDE,GF-1084
581053,25,2020-01-21,2020-01-21,EXCLUDE,GF-1084
581053,25,2020-02-01,2020-02-01,EXCLUDE,GF-1084
581053,25,2020-02-08,2020-02-08,EXCLUDE,GF-1084
581053,25,2020-02-23,2020-02-23,EXCLUDE,GF-1084
581053,25,2020-02-29,2020-02-29,EXCLUDE,GF-1084
581053,25,2020-03-07,2020-03-07,EXCLUDE,GF-1084
581053,25,2020-06-20,2020-06-20,EXCLUDE,GF-1084
581053,25,2020-06-25,2020-06-25,EXCLUDE,GF-1084
581053,25,2020-06-28,2020-06-28,EXCLUDE,GF-1084
581053,25,2020-07-04,2020-07-04,EXCLUDE,GF-1084
581053,25,2020-07-07,2020-07-07,EXCLUDE,GF-1084
581053,25,2020-07-11,2020-07-11,EXCLUDE,GF-1084
581053,25,2020-07-17,2020-07-17,EXCLUDE,GF-1084
581053,25,2020-07-21,2020-07-21,EXCLUDE,GF-1084
581053,25,2020-07-26,2020-07-26,EXCLUDE,GF-1084
900503762,25,2019-08-10,2019-08-10,EXCLUDE,GF-1086
900503762,25,2019-08-17,2019-08-17,EXCLUDE,GF-1086
900503762,25,2019-08-24,2019-08-24,EXCLUDE,GF-1086
900503762,25,2019-08-31,2019-08-31,EXCLUDE,GF-1086
900503762,25,2019-09-15,2019-09-15,EXCLUDE,GF-1086
900503762,25,2019-09-21,2019-09-21,EXCLUDE,GF-1086
900503762,25,2019-09-28,2019-09-28,EXCLUDE,GF-1086
900503762,25,2019-10-05,2019-10-05,EXCLUDE,GF-1086
900503762,25,2019-10-19,2019-10-19,EXCLUDE,GF-1086
900503762,25,2019-10-26,2019-10-26,EXCLUDE,GF-1086
900503762,25,2019-11-02,2019-11-02,EXCLUDE,GF-1086
900503762,25,2019-11-08,2019-11-08,EXCLUDE,GF-1086
900503762,25,2019-11-23,2019-11-23,EXCLUDE,GF-1086
900503762,25,2019-11-30,2019-11-30,EXCLUDE,GF-1086
900503762,25,2019-12-04,2019-12-04,EXCLUDE,GF-1086
900503762,25,2019-12-07,2019-12-07,EXCLUDE,GF-1086
900503762,25,2019-12-14,2019-12-14,EXCLUDE,GF-1086
900503762,25,2019-12-22,2019-12-22,EXCLUDE,GF-1086
900503762,25,2019-12-26,2019-12-26,EXCLUDE,GF-1086
900503762,25,2019-12-28,2019-12-28,EXCLUDE,GF-1086
900503762,25,2020-01-01,2020-01-01,EXCLUDE,GF-1086
900503762,25,2020-01-12,2020-01-12,EXCLUDE,GF-1086
900503762,25,2020-01-18,2020-01-18,EXCLUDE,GF-1086
900503762,25,2020-01-21,2020-01-21,EXCLUDE,GF-1086
900503762,25,2020-02-01,2020-02-01,EXCLUDE,GF-1086
900503762,25,2020-02-08,2020-02-08,EXCLUDE,GF-1086
900503762,25,2020-02-23,2020-02-23,EXCLUDE,GF-1086
900503762,25,2020-02-29,2020-02-29,EXCLUDE,GF-1086
900503762,25,2020-03-07,2020-03-07,EXCLUDE,GF-1086
900503762,25,2020-06-20,2020-06-20,EXCLUDE,GF-1086
900503762,25,2020-06-25,2020-06-25,EXCLUDE,GF-1086
900503762,25,2020-06-28,2020-06-28,EXCLUDE,GF-1086
900504542,25,2019-08-10,2019-08-10,EXCLUDE,GF-1087
900504542,25,2019-08-17,2019-08-17,EXCLUDE,GF-1087
900504542,25,2019-08-24,2019-08-24,EXCLUDE,GF-1087
900504542,25,2019-08-31,2019-08-31,EXCLUDE,GF-1087
900504542,25,2019-09-15,2019-09-15,EXCLUDE,GF-1087
900504542,25,2019-09-21,2019-09-21,EXCLUDE,GF-1087
900504542,25,2019-09-28,2019-09-28,EXCLUDE,GF-1087
900504542,25,2019-10-05,2019-10-05,EXCLUDE,GF-1087
900504542,25,2019-10-19,2019-10-19,EXCLUDE,GF-1087
900504542,25,2019-10-26,2019-10-26,EXCLUDE,GF-1087
900504542,25,2019-11-02,2019-11-02,EXCLUDE,GF-1087
900504542,25,2019-11-08,2019-11-08,EXCLUDE,GF-1087
900504542,25,2019-11-23,2019-11-23,EXCLUDE,GF-1087
900504542,25,2019-11-30,2019-11-30,EXCLUDE,GF-1087
900504542,25,2019-12-04,2019-12-04,EXCLUDE,GF-1087
900504542,25,2019-12-07,2019-12-07,EXCLUDE,GF-1087
900504542,25,2019-12-14,2019-12-14,EXCLUDE,GF-1087
900504542,25,2019-12-22,2019-12-22,EXCLUDE,GF-1087
900504542,25,2019-12-26,2019-12-26,EXCLUDE,GF-1087
900504542,25,2019-12-28,2019-12-28,EXCLUDE,GF-1087
900504542,25,2020-01-01,2020-01-01,EXCLUDE,GF-1087
900504542,25,2020-01-12,2020-01-12,EXCLUDE,GF-1087
900504542,25,2020-01-18,2020-01-18,EXCLUDE,GF-1087
900504542,25,2020-01-21,2020-01-21,EXCLUDE,GF-1087
900504542,25,2020-02-01,2020-02-01,EXCLUDE,GF-1087
900504542,25,2020-02-08,2020-02-08,EXCLUDE,GF-1087
900504542,25,2020-02-23,2020-02-23,EXCLUDE,GF-1087
900504542,25,2020-02-29,2020-02-29,EXCLUDE,GF-1087
900504542,25,2020-03-07,2020-03-07,EXCLUDE,GF-1087
900504542,25,2020-06-20,2020-06-20,EXCLUDE,GF-1087
900504542,25,2020-06-25,2020-06-25,EXCLUDE,GF-1087
900504542,25,2020-06-28,2020-06-28,EXCLUDE,GF-1087
900504542,25,2020-07-04,2020-07-04,EXCLUDE,GF-1087
900504542,25,2020-07-07,2020-07-07,EXCLUDE,GF-1087
900504542,25,2020-07-11,2020-07-11,EXCLUDE,GF-1087
900504542,25,2020-07-17,2020-07-17,EXCLUDE,GF-1087
900504542,25,2020-07-21,2020-07-21,EXCLUDE,GF-1087
900504542,25,2020-07-26,2020-07-26,EXCLUDE,GF-1087
21802851,25,2019-08-10,2019-08-10,EXCLUDE,GF-1088
21802851,25,2019-08-17,2019-08-17,EXCLUDE,GF-1088
21802851,25,2019-08-24,2019-08-24,EXCLUDE,GF-1088
21802851,25,2019-08-31,2019-08-31,EXCLUDE,GF-1088
21802851,25,2019-09-15,2019-09-15,EXCLUDE,GF-1088
21802851,25,2019-09-21,2019-09-21,EXCLUDE,GF-1088
21802851,25,2019-09-28,2019-09-28,EXCLUDE,GF-1088
21802851,25,2019-10-05,2019-10-05,EXCLUDE,GF-1088
21802851,25,2019-10-19,2019-10-19,EXCLUDE,GF-1088
21802851,25,2019-10-26,2019-10-26,EXCLUDE,GF-1088
21802851,25,2019-11-02,2019-11-02,EXCLUDE,GF-1088
21802851,25,2019-11-08,2019-11-08,EXCLUDE,GF-1088
21802851,25,2019-11-23,2019-11-23,EXCLUDE,GF-1088
21802851,25,2019-11-30,2019-11-30,EXCLUDE,GF-1088
21802851,25,2019-12-04,2019-12-04,EXCLUDE,GF-1088
21802851,25,2019-12-07,2019-12-07,EXCLUDE,GF-1088
21802851,25,2019-12-14,2019-12-14,EXCLUDE,GF-1088
21802851,25,2019-12-22,2019-12-22,EXCLUDE,GF-1088
21802851,25,2019-12-26,2019-12-26,EXCLUDE,GF-1088
21802851,25,2019-12-28,2019-12-28,EXCLUDE,GF-1088
21802851,25,2020-01-01,2020-01-01,EXCLUDE,GF-1088
21802851,25,2020-01-12,2020-01-12,EXCLUDE,GF-1088
21802851,25,2020-01-18,2020-01-18,EXCLUDE,GF-1088
21802851,25,2020-01-21,2020-01-21,EXCLUDE,GF-1088
21802851,25,2020-02-01,2020-02-01,EXCLUDE,GF-1088
21802851,25,2020-02-08,2020-02-08,EXCLUDE,GF-1088
21802851,25,2020-02-23,2020-02-23,EXCLUDE,GF-1088
21802851,25,2020-02-29,2020-02-29,EXCLUDE,GF-1088
21802851,25,2020-03-07,2020-03-07,EXCLUDE,GF-1088
21802851,25,2020-06-20,2020-06-20,EXCLUDE,GF-1088
21802851,25,2020-06-25,2020-06-25,EXCLUDE,GF-1088
21802851,25,2020-06-28,2020-06-28,EXCLUDE,GF-1088
21802851,25,2020-07-04,2020-07-04,EXCLUDE,GF-1088
21802851,25,2020-07-07,2020-07-07,EXCLUDE,GF-1088
21802851,25,2020-07-11,2020-07-11,EXCLUDE,GF-1088
21802851,25,2020-07-17,2020-07-17,EXCLUDE,GF-1088
21802851,25,2020-07-21,2020-07-21,EXCLUDE,GF-1088
21802851,25,2020-07-26,2020-07-26,EXCLUDE,GF-1088
900533083,25,2019-08-10,2019-08-10,EXCLUDE,GF-1090
900533083,25,2019-08-17,2019-08-17,EXCLUDE,GF-1090
900533083,25,2019-08-24,2019-08-24,EXCLUDE,GF-1090
900533083,25,2019-08-31,2019-08-31,EXCLUDE,GF-1090
900533083,25,2019-09-15,2019-09-15,EXCLUDE,GF-1090
900533083,25,2019-09-21,2019-09-21,EXCLUDE,GF-1090
900533083,25,2019-09-28,2019-09-28,EXCLUDE,GF-1090
900533083,25,2019-10-05,2019-10-05,EXCLUDE,GF-1090
900533083,25,2019-10-19,2019-10-19,EXCLUDE,GF-1090
900533083,25,2019-10-26,2019-10-26,EXCLUDE,GF-1090
900533083,25,2019-11-02,2019-11-02,EXCLUDE,GF-1090
900533083,25,2019-11-08,2019-11-08,EXCLUDE,GF-1090
900533083,25,2019-11-23,2019-11-23,EXCLUDE,GF-1090
900533083,25,2019-11-30,2019-11-30,EXCLUDE,GF-1090
900533083,25,2019-12-04,2019-12-04,EXCLUDE,GF-1090
900533083,25,2019-12-07,2019-12-07,EXCLUDE,GF-1090
900533083,25,2019-12-14,2019-12-14,EXCLUDE,GF-1090
900533083,25,2019-12-22,2019-12-22,EXCLUDE,GF-1090
900533083,25,2019-12-26,2019-12-26,EXCLUDE,GF-1090
900533083,25,2019-12-28,2019-12-28,EXCLUDE,GF-1090
900533083,25,2020-01-01,2020-01-01,EXCLUDE,GF-1090
900533083,25,2020-01-12,2020-01-12,EXCLUDE,GF-1090
900533083,25,2020-01-18,2020-01-18,EXCLUDE,GF-1090
900533083,25,2020-01-21,2020-01-21,EXCLUDE,GF-1090
900533083,25,2020-02-01,2020-02-01,EXCLUDE,GF-1090
900533083,25,2020-02-08,2020-02-08,EXCLUDE,GF-1090
900533083,25,2020-02-23,2020-02-23,EXCLUDE,GF-1090
900533083,25,2020-02-29,2020-02-29,EXCLUDE,GF-1090
900533083,25,2020-03-07,2020-03-07,EXCLUDE,GF-1090
900533083,25,2020-06-20,2020-06-20,EXCLUDE,GF-1090
900533083,25,2020-06-25,2020-06-25,EXCLUDE,GF-1090
900533083,25,2020-06-28,2020-06-28,EXCLUDE,GF-1090
900533083,25,2020-07-04,2020-07-04,EXCLUDE,GF-1090
900533083,25,2020-07-07,2020-07-07,EXCLUDE,GF-1090
900533083,25,2020-07-11,2020-07-11,EXCLUDE,GF-1090
900533083,25,2020-07-17,2020-07-17,EXCLUDE,GF-1090
900533083,25,2020-07-21,2020-07-21,EXCLUDE,GF-1090
900533083,25,2020-07-26,2020-07-26,EXCLUDE,GF-1090
900646997,25,2019-08-10,2019-08-10,EXCLUDE,GF-1091
900646997,25,2019-08-17,2019-08-17,EXCLUDE,GF-1091
900646997,25,2019-08-24,2019-08-24,EXCLUDE,GF-1091
900646997,25,2019-08-31,2019-08-31,EXCLUDE,GF-1091
900646997,25,2019-09-15,2019-09-15,EXCLUDE,GF-1091
900646997,25,2019-09-21,2019-09-21,EXCLUDE,GF-1091
900646997,25,2019-09-28,2019-09-28,EXCLUDE,GF-1091
900646997,25,2019-10-05,2019-10-05,EXCLUDE,GF-1091
900646997,25,2019-10-19,2019-10-19,EXCLUDE,GF-1091
900646997,25,2019-10-26,2019-10-26,EXCLUDE,GF-1091
900646997,25,2019-11-02,2019-11-02,EXCLUDE,GF-1091
900646997,25,2019-11-08,2019-11-08,EXCLUDE,GF-1091
900646997,25,2019-11-23,2019-11-23,EXCLUDE,GF-1091
900646997,25,2019-11-30,2019-11-30,EXCLUDE,GF-1091
900646997,25,2019-12-04,2019-12-04,EXCLUDE,GF-1091
900646997,25,2019-12-07,2019-12-07,EXCLUDE,GF-1091
900646997,25,2019-12-14,2019-12-14,EXCLUDE,GF-1091
900646997,25,2019-12-22,2019-12-22,EXCLUDE,GF-1091
900646997,25,2019-12-26,2019-12-26,EXCLUDE,GF-1091
900646997,25,2019-12-28,2019-12-28,EXCLUDE,GF-1091
900646997,25,2020-01-01,2020-01-01,EXCLUDE,GF-1091
900646997,25,2020-01-12,2020-01-12,EXCLUDE,GF-1091
900646997,25,2020-01-18,2020-01-18,EXCLUDE,GF-1091
900646997,25,2020-01-21,2020-01-21,EXCLUDE,GF-1091
900646997,25,2020-02-01,2020-02-01,EXCLUDE,GF-1091
900646997,25,2020-02-08,2020-02-08,EXCLUDE,GF-1091
900646997,25,2020-02-23,2020-02-23,EXCLUDE,GF-1091
900646997,25,2020-02-29,2020-02-29,EXCLUDE,GF-1091
900646997,25,2020-03-07,2020-03-07,EXCLUDE,GF-1091
900646997,25,2020-06-20,2020-06-20,EXCLUDE,GF-1091
900646997,25,2020-06-25,2020-06-25,EXCLUDE,GF-1091
900646997,25,2020-06-28,2020-06-28,EXCLUDE,GF-1091
4598725,25,2019-08-10,2019-08-10,EXCLUDE,GF-1092
4598725,25,2019-08-17,2019-08-17,EXCLUDE,GF-1092
4598725,25,2019-08-24,2019-08-24,EXCLUDE,GF-1092
4598725,25,2019-08-31,2019-08-31,EXCLUDE,GF-1092
4598725,25,2019-09-15,2019-09-15,EXCLUDE,GF-1092
4598725,25,2019-09-21,2019-09-21,EXCLUDE,GF-1092
4598725,25,2019-09-28,2019-09-28,EXCLUDE,GF-1092
4598725,25,2019-10-05,2019-10-05,EXCLUDE,GF-1092
4598725,25,2019-10-19,2019-10-19,EXCLUDE,GF-1092
4598725,25,2019-10-26,2019-10-26,EXCLUDE,GF-1092
4598725,25,2019-11-02,2019-11-02,EXCLUDE,GF-1092
4598725,25,2019-11-08,2019-11-08,EXCLUDE,GF-1092
4598725,25,2019-11-23,2019-11-23,EXCLUDE,GF-1092
4598725,25,2019-11-30,2019-11-30,EXCLUDE,GF-1092
4598725,25,2019-12-04,2019-12-04,EXCLUDE,GF-1092
4598725,25,2019-12-07,2019-12-07,EXCLUDE,GF-1092
4598725,25,2019-12-14,2019-12-14,EXCLUDE,GF-1092
4598725,25,2019-12-22,2019-12-22,EXCLUDE,GF-1092
4598725,25,2019-12-26,2019-12-26,EXCLUDE,GF-1092
4598725,25,2019-12-28,2019-12-28,EXCLUDE,GF-1092
4598725,25,2020-01-01,2020-01-01,EXCLUDE,GF-1092
4598725,25,2020-01-12,2020-01-12,EXCLUDE,GF-1092
4598725,25,2020-01-18,2020-01-18,EXCLUDE,GF-1092
4598725,25,2020-01-21,2020-01-21,EXCLUDE,GF-1092
4598725,25,2020-02-01,2020-02-01,EXCLUDE,GF-1092
4598725,25,2020-02-08,2020-02-08,EXCLUDE,GF-1092
4598725,25,2020-02-23,2020-02-23,EXCLUDE,GF-1092
4598725,25,2020-02-29,2020-02-29,EXCLUDE,GF-1092
4598725,25,2020-03-07,2020-03-07,EXCLUDE,GF-1092
4598725,25,2020-06-20,2020-06-20,EXCLUDE,GF-1092
4598725,25,2020-06-25,2020-06-25,EXCLUDE,GF-1092
4598725,25,2020-06-28,2020-06-28,EXCLUDE,GF-1092
4598725,25,2020-07-04,2020-07-04,EXCLUDE,GF-1092
4598725,25,2020-07-07,2020-07-07,EXCLUDE,GF-1092
4598725,25,2020-07-11,2020-07-11,EXCLUDE,GF-1092
4598725,25,2020-07-17,2020-07-17,EXCLUDE,GF-1092
4598725,25,2020-07-21,2020-07-21,EXCLUDE,GF-1092
4598725,25,2020-07-26,2020-07-26,EXCLUDE,GF-1092
900733495,25,2019-08-10,2019-08-10,EXCLUDE,GF-1093
900733495,25,2019-08-17,2019-08-17,EXCLUDE,GF-1093
900733495,25,2019-08-24,2019-08-24,EXCLUDE,GF-1093
900733495,25,2019-08-31,2019-08-31,EXCLUDE,GF-1093
900733495,25,2019-09-15,2019-09-15,EXCLUDE,GF-1093
900733495,25,2019-09-21,2019-09-21,EXCLUDE,GF-1093
900733495,25,2019-09-28,2019-09-28,EXCLUDE,GF-1093
900733495,25,2019-10-05,2019-10-05,EXCLUDE,GF-1093
900733495,25,2019-10-19,2019-10-19,EXCLUDE,GF-1093
900733495,25,2019-10-26,2019-10-26,EXCLUDE,GF-1093
900733495,25,2019-11-02,2019-11-02,EXCLUDE,GF-1093
900733495,25,2019-11-08,2019-11-08,EXCLUDE,GF-1093
900733495,25,2019-11-23,2019-11-23,EXCLUDE,GF-1093
900733495,25,2019-11-30,2019-11-30,EXCLUDE,GF-1093
900733495,25,2019-12-04,2019-12-04,EXCLUDE,GF-1093
900733495,25,2019-12-07,2019-12-07,EXCLUDE,GF-1093
900733495,25,2019-12-14,2019-12-14,EXCLUDE,GF-1093
900733495,25,2019-12-22,2019-12-22,EXCLUDE,GF-1093
900733495,25,2019-12-26,2019-12-26,EXCLUDE,GF-1093
900733495,25,2019-12-28,2019-12-28,EXCLUDE,GF-1093
900733495,25,2020-01-01,2020-01-01,EXCLUDE,GF-1093
900733495,25,2020-01-12,2020-01-12,EXCLUDE,GF-1093
900733495,25,2020-01-18,2020-01-18,EXCLUDE,GF-1093
900733495,25,2020-01-21,2020-01-21,EXCLUDE,GF-1093
900733495,25,2020-02-01,2020-02-01,EXCLUDE,GF-1093
900733495,25,2020-02-08,2020-02-08,EXCLUDE,GF-1093
900733495,25,2020-02-23,2020-02-23,EXCLUDE,GF-1093
900733495,25,2020-02-29,2020-02-29,EXCLUDE,GF-1093
900733495,25,2020-03-07,2020-03-07,EXCLUDE,GF-1093
900733495,25,2020-06-20,2020-06-20,EXCLUDE,GF-1093
900733495,25,2020-06-25,2020-06-25,EXCLUDE,GF-1093
900733495,25,2020-06-28,2020-06-28,EXCLUDE,GF-1093
900733495,25,2020-07-04,2020-07-04,EXCLUDE,GF-1093
900733495,25,2020-07-07,2020-07-07,EXCLUDE,GF-1093
900733495,25,2020-07-11,2020-07-11,EXCLUDE,GF-1093
900733495,25,2020-07-17,2020-07-17,EXCLUDE,GF-1093
900733495,25,2020-07-21,2020-07-21,EXCLUDE,GF-1093
900733495,25,2020-07-26,2020-07-26,EXCLUDE,GF-1093
2399,27,2019-08-10,2019-08-10,EXCLUDE,GF-1095
2399,27,2019-08-17,2019-08-17,EXCLUDE,GF-1095
2399,27,2019-08-25,2019-08-25,EXCLUDE,GF-1095
2399,27,2019-08-31,2019-08-31,EXCLUDE,GF-1095
2399,27,2019-09-14,2019-09-14,EXCLUDE,GF-1095
2399,27,2019-09-21,2019-09-21,EXCLUDE,GF-1095
2399,27,2019-09-28,2019-09-28,EXCLUDE,GF-1095
2399,27,2019-10-05,2019-10-05,EXCLUDE,GF-1095
2399,27,2019-10-19,2019-10-19,EXCLUDE,GF-1095
2399,27,2019-10-26,2019-10-26,EXCLUDE,GF-1095
2399,27,2019-11-02,2019-11-02,EXCLUDE,GF-1095
2399,27,2019-11-09,2019-11-09,EXCLUDE,GF-1095
2399,27,2019-11-23,2019-11-23,EXCLUDE,GF-1095
2399,27,2019-11-30,2019-11-30,EXCLUDE,GF-1095
2399,27,2019-12-03,2019-12-03,EXCLUDE,GF-1095
2399,27,2019-12-07,2019-12-07,EXCLUDE,GF-1095
2399,27,2019-12-14,2019-12-14,EXCLUDE,GF-1095
2399,27,2019-12-21,2019-12-21,EXCLUDE,GF-1095
2399,27,2019-12-26,2019-12-26,EXCLUDE,GF-1095
2399,27,2019-12-28,2019-12-28,EXCLUDE,GF-1095
2399,27,2020-01-01,2020-01-01,EXCLUDE,GF-1095
2399,27,2020-01-11,2020-01-11,EXCLUDE,GF-1095
2399,27,2020-01-19,2020-01-19,EXCLUDE,GF-1095
2399,27,2020-01-22,2020-01-22,EXCLUDE,GF-1095
2399,27,2020-02-02,2020-02-02,EXCLUDE,GF-1095
2399,27,2020-02-15,2020-02-15,EXCLUDE,GF-1095
2399,27,2020-02-22,2020-02-22,EXCLUDE,GF-1095
2399,27,2020-02-29,2020-02-29,EXCLUDE,GF-1095
2399,27,2020-03-07,2020-03-07,EXCLUDE,GF-1095
2399,27,2020-06-22,2020-06-22,EXCLUDE,GF-1095
2399,27,2020-06-25,2020-06-25,EXCLUDE,GF-1095
2399,27,2020-06-29,2020-06-29,EXCLUDE,GF-1095
37296112,27,2019-08-10,2019-08-10,EXCLUDE,GF-1098
37296112,27,2019-08-17,2019-08-17,EXCLUDE,GF-1098
37296112,27,2019-08-25,2019-08-25,EXCLUDE,GF-1098
37296112,27,2019-08-31,2019-08-31,EXCLUDE,GF-1098
37296112,27,2019-09-14,2019-09-14,EXCLUDE,GF-1098
37296112,27,2019-09-21,2019-09-21,EXCLUDE,GF-1098
37296112,27,2019-09-28,2019-09-28,EXCLUDE,GF-1098
37296112,27,2019-10-05,2019-10-05,EXCLUDE,GF-1098
37296112,27,2019-10-19,2019-10-19,EXCLUDE,GF-1098
37296112,27,2019-10-26,2019-10-26,EXCLUDE,GF-1098
37296112,27,2019-11-02,2019-11-02,EXCLUDE,GF-1098
37296112,27,2019-11-09,2019-11-09,EXCLUDE,GF-1098
37296112,27,2019-11-23,2019-11-23,EXCLUDE,GF-1098
37296112,27,2019-11-30,2019-11-30,EXCLUDE,GF-1098
37296112,27,2019-12-03,2019-12-03,EXCLUDE,GF-1098
37296112,27,2019-12-07,2019-12-07,EXCLUDE,GF-1098
37296112,27,2019-12-14,2019-12-14,EXCLUDE,GF-1098
37296112,27,2019-12-21,2019-12-21,EXCLUDE,GF-1098
37296112,27,2019-12-26,2019-12-26,EXCLUDE,GF-1098
37296112,27,2019-12-28,2019-12-28,EXCLUDE,GF-1098
37296112,27,2020-01-01,2020-01-01,EXCLUDE,GF-1098
37296112,27,2020-01-11,2020-01-11,EXCLUDE,GF-1098
37296112,27,2020-01-19,2020-01-19,EXCLUDE,GF-1098
37296112,27,2020-01-22,2020-01-22,EXCLUDE,GF-1098
37296112,27,2020-02-02,2020-02-02,EXCLUDE,GF-1098
37296112,27,2020-02-15,2020-02-15,EXCLUDE,GF-1098
37296112,27,2020-02-22,2020-02-22,EXCLUDE,GF-1098
37296112,27,2020-02-29,2020-02-29,EXCLUDE,GF-1098
37296112,27,2020-03-07,2020-03-07,EXCLUDE,GF-1098
37296112,27,2020-06-22,2020-06-22,EXCLUDE,GF-1098
37296112,27,2020-06-25,2020-06-25,EXCLUDE,GF-1098
37296112,27,2020-06-29,2020-06-29,EXCLUDE,GF-1098
37296112,27,2020-07-05,2020-07-05,EXCLUDE,GF-1098
37296112,27,2020-07-08,2020-07-08,EXCLUDE,GF-1098
37296112,27,2020-07-11,2020-07-11,EXCLUDE,GF-1098
37296112,27,2020-07-15,2020-07-15,EXCLUDE,GF-1098
37296112,27,2020-07-18,2020-07-18,EXCLUDE,GF-1098
37296112,27,2020-07-26,2020-07-26,EXCLUDE,GF-1098
34532,29,2019-08-11,2019-08-11,EXCLUDE,GF-1099
34532,29,2019-08-19,2019-08-19,EXCLUDE,GF-1099
34532,29,2019-08-25,2019-08-25,EXCLUDE,GF-1099
34532,29,2019-09-01,2019-09-01,EXCLUDE,GF-1099
34532,29,2019-09-14,2019-09-14,EXCLUDE,GF-1099
34532,29,2019-09-22,2019-09-22,EXCLUDE,GF-1099
34532,29,2019-09-28,2019-09-28,EXCLUDE,GF-1099
34532,29,2019-10-06,2019-10-06,EXCLUDE,GF-1099
34532,29,2019-10-19,2019-10-19,EXCLUDE,GF-1099
34532,29,2019-10-27,2019-10-27,EXCLUDE,GF-1099
34532,29,2019-11-02,2019-11-02,EXCLUDE,GF-1099
34532,29,2019-11-10,2019-11-10,EXCLUDE,GF-1099
34532,29,2019-11-23,2019-11-23,EXCLUDE,GF-1099
34532,29,2019-12-01,2019-12-01,EXCLUDE,GF-1099
34532,29,2019-12-04,2019-12-04,EXCLUDE,GF-1099
34532,29,2019-12-08,2019-12-08,EXCLUDE,GF-1099
34532,29,2019-12-15,2019-12-15,EXCLUDE,GF-1099
34532,29,2019-12-21,2019-12-21,EXCLUDE,GF-1099
34532,29,2019-12-27,2019-12-27,EXCLUDE,GF-1099
34532,29,2019-12-29,2019-12-29,EXCLUDE,GF-1099
34532,29,2020-01-01,2020-01-01,EXCLUDE,GF-1099
34532,29,2020-01-11,2020-01-11,EXCLUDE,GF-1099
34532,29,2020-01-18,2020-01-18,EXCLUDE,GF-1099
34532,29,2020-01-23,2020-01-23,EXCLUDE,GF-1099
34532,29,2020-02-01,2020-02-01,EXCLUDE,GF-1099
34532,29,2020-02-14,2020-02-14,EXCLUDE,GF-1099
34532,29,2020-02-23,2020-02-23,EXCLUDE,GF-1099
34532,29,2020-03-01,2020-03-01,EXCLUDE,GF-1099
34532,29,2020-03-07,2020-03-07,EXCLUDE,GF-1099
34532,29,2020-06-20,2020-06-20,EXCLUDE,GF-1099
34532,29,2020-06-24,2020-06-24,EXCLUDE,GF-1099
34532,29,2020-06-27,2020-06-27,EXCLUDE,GF-1099
34532,29,2020-07-04,2020-07-04,EXCLUDE,GF-1099
34532,29,2020-07-08,2020-07-08,EXCLUDE,GF-1099
34532,29,2020-07-12,2020-07-12,EXCLUDE,GF-1099
34532,29,2020-07-15,2020-07-15,EXCLUDE,GF-1099
34532,29,2020-07-20,2020-07-20,EXCLUDE,GF-1099
34532,29,2020-07-26,2020-07-26,EXCLUDE,GF-1099
6009,29,2019-08-11,2019-08-11,EXCLUDE,GF-1100
6009,29,2019-08-19,2019-08-19,EXCLUDE,GF-1100
6009,29,2019-08-25,2019-08-25,EXCLUDE,GF-1100
6009,29,2019-09-01,2019-09-01,EXCLUDE,GF-1100
6009,29,2019-09-14,2019-09-14,EXCLUDE,GF-1100
6009,29,2019-09-22,2019-09-22,EXCLUDE,GF-1100
6009,29,2019-09-28,2019-09-28,EXCLUDE,GF-1100
6009,29,2019-10-06,2019-10-06,EXCLUDE,GF-1100
6009,29,2019-10-19,2019-10-19,EXCLUDE,GF-1100
6009,29,2019-10-27,2019-10-27,EXCLUDE,GF-1100
6009,29,2019-11-02,2019-11-02,EXCLUDE,GF-1100
6009,29,2019-11-10,2019-11-10,EXCLUDE,GF-1100
6009,29,2019-11-23,2019-11-23,EXCLUDE,GF-1100
6009,29,2019-12-01,2019-12-01,EXCLUDE,GF-1100
6009,29,2019-12-04,2019-12-04,EXCLUDE,GF-1100
6009,29,2019-12-08,2019-12-08,EXCLUDE,GF-1100
6009,29,2019-12-15,2019-12-15,EXCLUDE,GF-1100
6009,29,2019-12-21,2019-12-21,EXCLUDE,GF-1100
6009,29,2019-12-27,2019-12-27,EXCLUDE,GF-1100
6009,29,2019-12-29,2019-12-29,EXCLUDE,GF-1100
6009,29,2020-01-01,2020-01-01,EXCLUDE,GF-1100
6009,29,2020-01-11,2020-01-11,EXCLUDE,GF-1100
6009,29,2020-01-18,2020-01-18,EXCLUDE,GF-1100
6009,29,2020-01-23,2020-01-23,EXCLUDE,GF-1100
6009,29,2020-06-20,2020-06-20,EXCLUDE,GF-1100
6009,29,2020-06-24,2020-06-24,EXCLUDE,GF-1100
6009,29,2020-06-27,2020-06-27,EXCLUDE,GF-1100
6009,29,2020-07-04,2020-07-04,EXCLUDE,GF-1100
6009,29,2020-07-08,2020-07-08,EXCLUDE,GF-1100
6009,29,2020-07-12,2020-07-12,EXCLUDE,GF-1100
6009,29,2020-07-15,2020-07-15,EXCLUDE,GF-1100
6009,29,2020-07-20,2020-07-20,EXCLUDE,GF-1100
6009,29,2020-07-26,2020-07-26,EXCLUDE,GF-1100
900184382,29,2019-08-11,2019-08-11,EXCLUDE,GF-1101
900184382,29,2019-08-19,2019-08-19,EXCLUDE,GF-1101
900184382,29,2019-08-25,2019-08-25,EXCLUDE,GF-1101
900184382,29,2019-09-01,2019-09-01,EXCLUDE,GF-1101
900184382,29,2019-09-14,2019-09-14,EXCLUDE,GF-1101
900184382,29,2019-09-22,2019-09-22,EXCLUDE,GF-1101
900184382,29,2019-09-28,2019-09-28,EXCLUDE,GF-1101
900184382,29,2019-10-06,2019-10-06,EXCLUDE,GF-1101
900184382,29,2019-10-19,2019-10-19,EXCLUDE,GF-1101
900184382,29,2019-10-27,2019-10-27,EXCLUDE,GF-1101
900184382,29,2019-11-02,2019-11-02,EXCLUDE,GF-1101
900184382,29,2019-11-10,2019-11-10,EXCLUDE,GF-1101
900184382,29,2019-11-23,2019-11-23,EXCLUDE,GF-1101
900184382,29,2019-12-01,2019-12-01,EXCLUDE,GF-1101
900184382,29,2019-12-04,2019-12-04,EXCLUDE,GF-1101
900184382,29,2019-12-08,2019-12-08,EXCLUDE,GF-1101
900184382,29,2019-12-15,2019-12-15,EXCLUDE,GF-1101
900184382,29,2019-12-21,2019-12-21,EXCLUDE,GF-1101
900184382,29,2019-12-27,2019-12-27,EXCLUDE,GF-1101
900184382,29,2019-12-29,2019-12-29,EXCLUDE,GF-1101
900184382,29,2020-01-01,2020-01-01,EXCLUDE,GF-1101
900184382,29,2020-01-11,2020-01-11,EXCLUDE,GF-1101
900184382,29,2020-01-18,2020-01-18,EXCLUDE,GF-1101
900184382,29,2020-01-23,2020-01-23,EXCLUDE,GF-1101
900184382,29,2020-02-01,2020-02-01,EXCLUDE,GF-1101
900184382,29,2020-02-14,2020-02-14,EXCLUDE,GF-1101
900184382,29,2020-02-23,2020-02-23,EXCLUDE,GF-1101
900184382,29,2020-03-01,2020-03-01,EXCLUDE,GF-1101
900184382,29,2020-03-07,2020-03-07,EXCLUDE,GF-1101
900184382,29,2020-06-20,2020-06-20,EXCLUDE,GF-1101
900184382,29,2020-06-24,2020-06-24,EXCLUDE,GF-1101
900184382,29,2020-06-27,2020-06-27,EXCLUDE,GF-1101
900184382,29,2020-07-04,2020-07-04,EXCLUDE,GF-1101
900184382,29,2020-07-08,2020-07-08,EXCLUDE,GF-1101
900184382,29,2020-07-12,2020-07-12,EXCLUDE,GF-1101
900184382,29,2020-07-15,2020-07-15,EXCLUDE,GF-1101
900184382,29,2020-07-20,2020-07-20,EXCLUDE,GF-1101
900184382,29,2020-07-26,2020-07-26,EXCLUDE,GF-1101
12112,29,2020-06-20,2020-06-20,EXCLUDE,GF-1103
12112,29,2020-06-24,2020-06-24,EXCLUDE,GF-1103
12112,29,2020-06-27,2020-06-27,EXCLUDE,GF-1103
12112,29,2020-07-04,2020-07-04,EXCLUDE,GF-1103
12112,29,2020-07-08,2020-07-08,EXCLUDE,GF-1103
12112,29,2020-07-12,2020-07-12,EXCLUDE,GF-1103
12112,29,2020-07-15,2020-07-15,EXCLUDE,GF-1103
12112,29,2020-07-20,2020-07-20,EXCLUDE,GF-1103
12112,29,2020-07-26,2020-07-26,EXCLUDE,GF-1103
7522,29,2020-01-01,2020-01-01,EXCLUDE,GF-1105
7522,29,2020-01-11,2020-01-11,EXCLUDE,GF-1105
7522,29,2020-06-20,2020-06-20,EXCLUDE,GF-1105
7522,29,2020-06-24,2020-06-24,EXCLUDE,GF-1105
7522,29,2020-06-27,2020-06-27,EXCLUDE,GF-1105
7522,29,2020-07-04,2020-07-04,EXCLUDE,GF-1105
7522,29,2020-07-08,2020-07-08,EXCLUDE,GF-1105
7522,29,2020-07-12,2020-07-12,EXCLUDE,GF-1105
7522,29,2020-07-15,2020-07-15,EXCLUDE,GF-1105
7522,29,2020-07-20,2020-07-20,EXCLUDE,GF-1105
7522,29,2020-07-26,2020-07-26,EXCLUDE,GF-1105
539683,29,2019-08-11,2019-08-11,EXCLUDE,GF-1108
539683,29,2019-08-19,2019-08-19,EXCLUDE,GF-1108
539683,29,2019-08-25,2019-08-25,EXCLUDE,GF-1108
539683,29,2019-09-01,2019-09-01,EXCLUDE,GF-1108
539683,29,2019-09-14,2019-09-14,EXCLUDE,GF-1108
539683,29,2019-09-22,2019-09-22,EXCLUDE,GF-1108
539683,29,2019-09-28,2019-09-28,EXCLUDE,GF-1108
539683,29,2019-10-06,2019-10-06,EXCLUDE,GF-1108
539683,29,2019-10-19,2019-10-19,EXCLUDE,GF-1108
539683,29,2019-10-27,2019-10-27,EXCLUDE,GF-1108
539683,29,2019-11-02,2019-11-02,EXCLUDE,GF-1108
539683,29,2019-11-10,2019-11-10,EXCLUDE,GF-1108
539683,29,2019-11-23,2019-11-23,EXCLUDE,GF-1108
539683,29,2019-12-01,2019-12-01,EXCLUDE,GF-1108
539683,29,2019-12-04,2019-12-04,EXCLUDE,GF-1108
539683,29,2019-12-08,2019-12-08,EXCLUDE,GF-1108
539683,29,2019-12-15,2019-12-15,EXCLUDE,GF-1108
539683,29,2019-12-21,2019-12-21,EXCLUDE,GF-1108
539683,29,2019-12-27,2019-12-27,EXCLUDE,GF-1108
539683,29,2019-12-29,2019-12-29,EXCLUDE,GF-1108
539683,29,2020-01-01,2020-01-01,EXCLUDE,GF-1108
539683,29,2020-01-11,2020-01-11,EXCLUDE,GF-1108
539683,29,2020-01-18,2020-01-18,EXCLUDE,GF-1108
539683,29,2020-01-23,2020-01-23,EXCLUDE,GF-1108
539683,29,2020-02-01,2020-02-01,EXCLUDE,GF-1108
539683,29,2020-02-14,2020-02-14,EXCLUDE,GF-1108
539683,29,2020-02-23,2020-02-23,EXCLUDE,GF-1108
539683,29,2020-03-01,2020-03-01,EXCLUDE,GF-1108
539683,29,2020-03-07,2020-03-07,EXCLUDE,GF-1108
539683,29,2020-06-20,2020-06-20,EXCLUDE,GF-1108
539683,29,2020-06-24,2020-06-24,EXCLUDE,GF-1108
539683,29,2020-06-27,2020-06-27,EXCLUDE,GF-1108
539683,29,2020-07-04,2020-07-04,EXCLUDE,GF-1108
539683,29,2020-07-08,2020-07-08,EXCLUDE,GF-1108
539683,29,2020-07-12,2020-07-12,EXCLUDE,GF-1108
539683,29,2020-07-15,2020-07-15,EXCLUDE,GF-1108
539683,29,2020-07-20,2020-07-20,EXCLUDE,GF-1108
539683,29,2020-07-26,2020-07-26,EXCLUDE,GF-1108
900392762,29,2019-08-11,2019-08-11,EXCLUDE,GF-1109
900392762,29,2019-08-19,2019-08-19,EXCLUDE,GF-1109
900392762,29,2019-08-25,2019-08-25,EXCLUDE,GF-1109
900392762,29,2019-09-01,2019-09-01,EXCLUDE,GF-1109
900392762,29,2019-09-14,2019-09-14,EXCLUDE,GF-1109
900392762,29,2019-09-22,2019-09-22,EXCLUDE,GF-1109
900392762,29,2019-09-28,2019-09-28,EXCLUDE,GF-1109
900392762,29,2019-10-06,2019-10-06,EXCLUDE,GF-1109
900392762,29,2019-10-19,2019-10-19,EXCLUDE,GF-1109
900392762,29,2019-10-27,2019-10-27,EXCLUDE,GF-1109
900392762,29,2019-11-02,2019-11-02,EXCLUDE,GF-1109
900392762,29,2019-11-10,2019-11-10,EXCLUDE,GF-1109
900392762,29,2019-11-23,2019-11-23,EXCLUDE,GF-1109
900392762,29,2019-12-01,2019-12-01,EXCLUDE,GF-1109
900392762,29,2019-12-04,2019-12-04,EXCLUDE,GF-1109
900392762,29,2019-12-08,2019-12-08,EXCLUDE,GF-1109
900392762,29,2019-12-15,2019-12-15,EXCLUDE,GF-1109
900392762,29,2019-12-21,2019-12-21,EXCLUDE,GF-1109
900392762,29,2019-12-27,2019-12-27,EXCLUDE,GF-1109
900392762,29,2019-12-29,2019-12-29,EXCLUDE,GF-1109
900392762,29,2020-01-01,2020-01-01,EXCLUDE,GF-1109
900392762,29,2020-01-11,2020-01-11,EXCLUDE,GF-1109
900392762,29,2020-06-20,2020-06-20,EXCLUDE,GF-1109
900392762,29,2020-06-24,2020-06-24,EXCLUDE,GF-1109
900392762,29,2020-06-27,2020-06-27,EXCLUDE,GF-1109
900392762,29,2020-07-04,2020-07-04,EXCLUDE,GF-1109
900392762,29,2020-07-08,2020-07-08,EXCLUDE,GF-1109
900392762,29,2020-07-12,2020-07-12,EXCLUDE,GF-1109
900392762,29,2020-07-15,2020-07-15,EXCLUDE,GF-1109
900392762,29,2020-07-20,2020-07-20,EXCLUDE,GF-1109
900392762,29,2020-07-26,2020-07-26,EXCLUDE,GF-1109
12844021,29,2019-08-11,2019-08-11,EXCLUDE,GF-1112
12844021,29,2019-08-19,2019-08-19,EXCLUDE,GF-1112
12844021,29,2019-08-25,2019-08-25,EXCLUDE,GF-1112
12844021,29,2019-09-01,2019-09-01,EXCLUDE,GF-1112
12844021,29,2019-09-14,2019-09-14,EXCLUDE,GF-1112
12844021,29,2019-09-22,2019-09-22,EXCLUDE,GF-1112
12844021,29,2019-09-28,2019-09-28,EXCLUDE,GF-1112
12844021,29,2019-10-06,2019-10-06,EXCLUDE,GF-1112
12844021,29,2019-10-19,2019-10-19,EXCLUDE,GF-1112
12844021,29,2019-10-27,2019-10-27,EXCLUDE,GF-1112
12844021,29,2019-11-02,2019-11-02,EXCLUDE,GF-1112
12844021,29,2019-11-10,2019-11-10,EXCLUDE,GF-1112
12844021,29,2019-11-23,2019-11-23,EXCLUDE,GF-1112
12844021,29,2019-12-01,2019-12-01,EXCLUDE,GF-1112
12844021,29,2019-12-04,2019-12-04,EXCLUDE,GF-1112
12844021,29,2019-12-08,2019-12-08,EXCLUDE,GF-1112
12844021,29,2019-12-15,2019-12-15,EXCLUDE,GF-1112
12844021,29,2019-12-21,2019-12-21,EXCLUDE,GF-1112
12844021,29,2019-12-27,2019-12-27,EXCLUDE,GF-1112
12844021,29,2019-12-29,2019-12-29,EXCLUDE,GF-1112
12844021,29,2020-01-01,2020-01-01,EXCLUDE,GF-1112
12844021,29,2020-01-11,2020-01-11,EXCLUDE,GF-1112
12844021,29,2020-01-18,2020-01-18,EXCLUDE,GF-1112
12844021,29,2020-01-23,2020-01-23,EXCLUDE,GF-1112
12844021,29,2020-02-01,2020-02-01,EXCLUDE,GF-1112
12844021,29,2020-02-14,2020-02-14,EXCLUDE,GF-1112
12844021,29,2020-02-23,2020-02-23,EXCLUDE,GF-1112
12844021,29,2020-03-01,2020-03-01,EXCLUDE,GF-1112
12844021,29,2020-03-07,2020-03-07,EXCLUDE,GF-1112
12844021,29,2020-06-20,2020-06-20,EXCLUDE,GF-1112
12844021,29,2020-06-24,2020-06-24,EXCLUDE,GF-1112
12844021,29,2020-06-27,2020-06-27,EXCLUDE,GF-1112
12844021,29,2020-07-04,2020-07-04,EXCLUDE,GF-1112
12844021,29,2020-07-08,2020-07-08,EXCLUDE,GF-1112
12844021,29,2020-07-12,2020-07-12,EXCLUDE,GF-1112
12844021,29,2020-07-15,2020-07-15,EXCLUDE,GF-1112
12844021,29,2020-07-20,2020-07-20,EXCLUDE,GF-1112
12844021,29,2020-07-26,2020-07-26,EXCLUDE,GF-1112
28913023,29,2019-08-11,2019-08-11,EXCLUDE,GF-1113
28913023,29,2019-08-19,2019-08-19,EXCLUDE,GF-1113
28913023,29,2019-08-25,2019-08-25,EXCLUDE,GF-1113
28913023,29,2019-09-01,2019-09-01,EXCLUDE,GF-1113
28913023,29,2019-09-14,2019-09-14,EXCLUDE,GF-1113
28913023,29,2019-09-22,2019-09-22,EXCLUDE,GF-1113
28913023,29,2019-09-28,2019-09-28,EXCLUDE,GF-1113
28913023,29,2019-10-06,2019-10-06,EXCLUDE,GF-1113
28913023,29,2019-10-19,2019-10-19,EXCLUDE,GF-1113
28913023,29,2019-10-27,2019-10-27,EXCLUDE,GF-1113
28913023,29,2019-11-02,2019-11-02,EXCLUDE,GF-1113
28913023,29,2019-11-10,2019-11-10,EXCLUDE,GF-1113
28913023,29,2019-11-23,2019-11-23,EXCLUDE,GF-1113
28913023,29,2019-12-01,2019-12-01,EXCLUDE,GF-1113
28913023,29,2019-12-04,2019-12-04,EXCLUDE,GF-1113
28913023,29,2019-12-08,2019-12-08,EXCLUDE,GF-1113
28913023,29,2019-12-15,2019-12-15,EXCLUDE,GF-1113
28913023,29,2019-12-21,2019-12-21,EXCLUDE,GF-1113
28913023,29,2019-12-27,2019-12-27,EXCLUDE,GF-1113
28913023,29,2019-12-29,2019-12-29,EXCLUDE,GF-1113
28913023,29,2020-01-01,2020-01-01,EXCLUDE,GF-1113
28913023,29,2020-01-11,2020-01-11,EXCLUDE,GF-1113
28913023,29,2020-01-18,2020-01-18,EXCLUDE,GF-1113
28913023,29,2020-01-23,2020-01-23,EXCLUDE,GF-1113
28913023,29,2020-02-01,2020-02-01,EXCLUDE,GF-1113
28913023,29,2020-02-14,2020-02-14,EXCLUDE,GF-1113
28913023,29,2020-02-23,2020-02-23,EXCLUDE,GF-1113
28913023,29,2020-03-01,2020-03-01,EXCLUDE,GF-1113
28913023,29,2020-03-07,2020-03-07,EXCLUDE,GF-1113
28913023,29,2020-06-20,2020-06-20,EXCLUDE,GF-1113
28913023,29,2020-06-24,2020-06-24,EXCLUDE,GF-1113
28913023,29,2020-06-27,2020-06-27,EXCLUDE,GF-1113
28913023,29,2020-07-04,2020-07-04,EXCLUDE,GF-1113
28913023,29,2020-07-08,2020-07-08,EXCLUDE,GF-1113
28913023,29,2020-07-12,2020-07-12,EXCLUDE,GF-1113
28913023,29,2020-07-15,2020-07-15,EXCLUDE,GF-1113
28913023,29,2020-07-20,2020-07-20,EXCLUDE,GF-1113
28913023,29,2020-07-26,2020-07-26,EXCLUDE,GF-1113
1494341,29,2019-08-11,2019-08-11,EXCLUDE,GF-1114
1494341,29,2019-08-19,2019-08-19,EXCLUDE,GF-1114
1494341,29,2019-08-25,2019-08-25,EXCLUDE,GF-1114
1494341,29,2019-09-01,2019-09-01,EXCLUDE,GF-1114
1494341,29,2019-09-14,2019-09-14,EXCLUDE,GF-1114
1494341,29,2019-09-22,2019-09-22,EXCLUDE,GF-1114
1494341,29,2019-09-28,2019-09-28,EXCLUDE,GF-1114
1494341,29,2019-10-06,2019-10-06,EXCLUDE,GF-1114
1494341,29,2019-10-19,2019-10-19,EXCLUDE,GF-1114
1494341,29,2019-10-27,2019-10-27,EXCLUDE,GF-1114
1494341,29,2019-11-02,2019-11-02,EXCLUDE,GF-1114
1494341,29,2019-11-10,2019-11-10,EXCLUDE,GF-1114
1494341,29,2019-11-23,2019-11-23,EXCLUDE,GF-1114
1494341,29,2019-12-01,2019-12-01,EXCLUDE,GF-1114
1494341,29,2019-12-04,2019-12-04,EXCLUDE,GF-1114
1494341,29,2019-12-08,2019-12-08,EXCLUDE,GF-1114
1494341,29,2019-12-15,2019-12-15,EXCLUDE,GF-1114
1494341,29,2019-12-21,2019-12-21,EXCLUDE,GF-1114
1494341,29,2019-12-27,2019-12-27,EXCLUDE,GF-1114
1494341,29,2019-12-29,2019-12-29,EXCLUDE,GF-1114
1494341,29,2020-01-01,2020-01-01,EXCLUDE,GF-1114
1494341,29,2020-01-11,2020-01-11,EXCLUDE,GF-1114
1494341,29,2020-01-18,2020-01-18,EXCLUDE,GF-1114
1494341,29,2020-01-23,2020-01-23,EXCLUDE,GF-1114
33186843,29,2019-08-11,2019-08-11,EXCLUDE,GF-1115
33186843,29,2019-08-19,2019-08-19,EXCLUDE,GF-1115
33186843,29,2019-08-25,2019-08-25,EXCLUDE,GF-1115
33186843,29,2019-09-01,2019-09-01,EXCLUDE,GF-1115
33186843,29,2019-09-14,2019-09-14,EXCLUDE,GF-1115
33186843,29,2019-09-22,2019-09-22,EXCLUDE,GF-1115
33186843,29,2019-09-28,2019-09-28,EXCLUDE,GF-1115
33186843,29,2019-10-06,2019-10-06,EXCLUDE,GF-1115
33186843,29,2019-10-19,2019-10-19,EXCLUDE,GF-1115
33186843,29,2019-10-27,2019-10-27,EXCLUDE,GF-1115
33186843,29,2019-11-02,2019-11-02,EXCLUDE,GF-1115
33186843,29,2019-11-10,2019-11-10,EXCLUDE,GF-1115
33186843,29,2019-11-23,2019-11-23,EXCLUDE,GF-1115
33186843,29,2019-12-01,2019-12-01,EXCLUDE,GF-1115
33186843,29,2019-12-04,2019-12-04,EXCLUDE,GF-1115
33186843,29,2019-12-08,2019-12-08,EXCLUDE,GF-1115
33186843,29,2019-12-15,2019-12-15,EXCLUDE,GF-1115
33186843,29,2019-12-21,2019-12-21,EXCLUDE,GF-1115
33186843,29,2019-12-27,2019-12-27,EXCLUDE,GF-1115
33186843,29,2019-12-29,2019-12-29,EXCLUDE,GF-1115
33186843,29,2020-01-01,2020-01-01,EXCLUDE,GF-1115
33186843,29,2020-01-11,2020-01-11,EXCLUDE,GF-1115
33186843,29,2020-01-18,2020-01-18,EXCLUDE,GF-1115
33186843,29,2020-01-23,2020-01-23,EXCLUDE,GF-1115
33186843,29,2020-02-01,2020-02-01,EXCLUDE,GF-1115
33186843,29,2020-02-14,2020-02-14,EXCLUDE,GF-1115
33186843,29,2020-02-23,2020-02-23,EXCLUDE,GF-1115
33186843,29,2020-03-01,2020-03-01,EXCLUDE,GF-1115
33186843,29,2020-03-07,2020-03-07,EXCLUDE,GF-1115
33186843,29,2020-06-20,2020-06-20,EXCLUDE,GF-1115
33186843,29,2020-06-24,2020-06-24,EXCLUDE,GF-1115
33186843,29,2020-06-27,2020-06-27,EXCLUDE,GF-1115
33186843,29,2020-07-04,2020-07-04,EXCLUDE,GF-1115
33186843,29,2020-07-08,2020-07-08,EXCLUDE,GF-1115
33186843,29,2020-07-12,2020-07-12,EXCLUDE,GF-1115
33186843,29,2020-07-15,2020-07-15,EXCLUDE,GF-1115
33186843,29,2020-07-20,2020-07-20,EXCLUDE,GF-1115
33186843,29,2020-07-26,2020-07-26,EXCLUDE,GF-1115
900544789,29,2019-08-11,2019-08-11,EXCLUDE,GF-1116
900544789,29,2019-08-19,2019-08-19,EXCLUDE,GF-1116
900544789,29,2019-08-25,2019-08-25,EXCLUDE,GF-1116
900544789,29,2019-09-01,2019-09-01,EXCLUDE,GF-1116
900544789,29,2019-09-14,2019-09-14,EXCLUDE,GF-1116
900544789,29,2019-09-22,2019-09-22,EXCLUDE,GF-1116
900544789,29,2019-09-28,2019-09-28,EXCLUDE,GF-1116
900544789,29,2019-10-06,2019-10-06,EXCLUDE,GF-1116
900544789,29,2019-10-19,2019-10-19,EXCLUDE,GF-1116
900544789,29,2019-10-27,2019-10-27,EXCLUDE,GF-1116
900544789,29,2019-11-02,2019-11-02,EXCLUDE,GF-1116
900544789,29,2019-11-10,2019-11-10,EXCLUDE,GF-1116
900544789,29,2019-11-23,2019-11-23,EXCLUDE,GF-1116
900544789,29,2019-12-01,2019-12-01,EXCLUDE,GF-1116
900544789,29,2019-12-04,2019-12-04,EXCLUDE,GF-1116
900544789,29,2019-12-08,2019-12-08,EXCLUDE,GF-1116
900544789,29,2019-12-15,2019-12-15,EXCLUDE,GF-1116
900544789,29,2019-12-21,2019-12-21,EXCLUDE,GF-1116
900544789,29,2019-12-27,2019-12-27,EXCLUDE,GF-1116
900544789,29,2019-12-29,2019-12-29,EXCLUDE,GF-1116
900544789,29,2020-01-01,2020-01-01,EXCLUDE,GF-1116
900544789,29,2020-01-11,2020-01-11,EXCLUDE,GF-1116
900544789,29,2020-01-18,2020-01-18,EXCLUDE,GF-1116
900544789,29,2020-01-23,2020-01-23,EXCLUDE,GF-1116
900544789,29,2020-02-01,2020-02-01,EXCLUDE,GF-1116
23739134,29,2019-08-11,2019-08-11,EXCLUDE,GF-1117
23739134,29,2019-08-19,2019-08-19,EXCLUDE,GF-1117
23739134,29,2019-08-25,2019-08-25,EXCLUDE,GF-1117
23739134,29,2019-09-01,2019-09-01,EXCLUDE,GF-1117
23739134,29,2019-09-14,2019-09-14,EXCLUDE,GF-1117
23739134,29,2019-09-22,2019-09-22,EXCLUDE,GF-1117
23739134,29,2019-09-28,2019-09-28,EXCLUDE,GF-1117
23739134,29,2019-10-06,2019-10-06,EXCLUDE,GF-1117
23739134,29,2019-10-19,2019-10-19,EXCLUDE,GF-1117
23739134,29,2019-10-27,2019-10-27,EXCLUDE,GF-1117
23739134,29,2019-11-02,2019-11-02,EXCLUDE,GF-1117
23739134,29,2019-11-10,2019-11-10,EXCLUDE,GF-1117
23739134,29,2019-11-23,2019-11-23,EXCLUDE,GF-1117
23739134,29,2019-12-01,2019-12-01,EXCLUDE,GF-1117
23739134,29,2019-12-04,2019-12-04,EXCLUDE,GF-1117
23739134,29,2019-12-08,2019-12-08,EXCLUDE,GF-1117
23739134,29,2019-12-15,2019-12-15,EXCLUDE,GF-1117
23739134,29,2019-12-21,2019-12-21,EXCLUDE,GF-1117
23739134,29,2019-12-27,2019-12-27,EXCLUDE,GF-1117
23739134,29,2019-12-29,2019-12-29,EXCLUDE,GF-1117
23739134,29,2020-01-01,2020-01-01,EXCLUDE,GF-1117
23739134,29,2020-01-11,2020-01-11,EXCLUDE,GF-1117
23739134,29,2020-01-18,2020-01-18,EXCLUDE,GF-1117
23739134,29,2020-01-23,2020-01-23,EXCLUDE,GF-1117
23739134,29,2020-02-01,2020-02-01,EXCLUDE,GF-1117
23739134,29,2020-02-14,2020-02-14,EXCLUDE,GF-1117
23739134,29,2020-02-23,2020-02-23,EXCLUDE,GF-1117
23739134,29,2020-03-01,2020-03-01,EXCLUDE,GF-1117
23739134,29,2020-03-07,2020-03-07,EXCLUDE,GF-1117
23739134,29,2020-06-20,2020-06-20,EXCLUDE,GF-1117
23739134,29,2020-06-24,2020-06-24,EXCLUDE,GF-1117
23739134,29,2020-06-27,2020-06-27,EXCLUDE,GF-1117
23739134,29,2020-07-04,2020-07-04,EXCLUDE,GF-1117
23739134,29,2020-07-08,2020-07-08,EXCLUDE,GF-1117
23739134,29,2020-07-12,2020-07-12,EXCLUDE,GF-1117
23739134,29,2020-07-15,2020-07-15,EXCLUDE,GF-1117
23739134,29,2020-07-20,2020-07-20,EXCLUDE,GF-1117
23739134,29,2020-07-26,2020-07-26,EXCLUDE,GF-1117
900614084,29,2020-06-20,2020-06-20,EXCLUDE,GF-1118
900614084,29,2020-06-24,2020-06-24,EXCLUDE,GF-1118
900614084,29,2020-06-27,2020-06-27,EXCLUDE,GF-1118
900614084,29,2020-07-04,2020-07-04,EXCLUDE,GF-1118
900614084,29,2020-07-08,2020-07-08,EXCLUDE,GF-1118
900614084,29,2020-07-12,2020-07-12,EXCLUDE,GF-1118
900614084,29,2020-07-15,2020-07-15,EXCLUDE,GF-1118
900614084,29,2020-07-20,2020-07-20,EXCLUDE,GF-1118
900614084,29,2020-07-26,2020-07-26,EXCLUDE,GF-1118
24081648,29,2019-08-11,2019-08-11,EXCLUDE,GF-1119
24081648,29,2019-08-19,2019-08-19,EXCLUDE,GF-1119
24081648,29,2019-08-25,2019-08-25,EXCLUDE,GF-1119
24081648,29,2019-09-01,2019-09-01,EXCLUDE,GF-1119
24081648,29,2019-09-14,2019-09-14,EXCLUDE,GF-1119
24081648,29,2019-09-22,2019-09-22,EXCLUDE,GF-1119
24081648,29,2019-09-28,2019-09-28,EXCLUDE,GF-1119
24081648,29,2019-10-06,2019-10-06,EXCLUDE,GF-1119
24081648,29,2019-10-19,2019-10-19,EXCLUDE,GF-1119
24081648,29,2019-10-27,2019-10-27,EXCLUDE,GF-1119
24081648,29,2019-11-02,2019-11-02,EXCLUDE,GF-1119
24081648,29,2019-11-10,2019-11-10,EXCLUDE,GF-1119
24081648,29,2019-11-23,2019-11-23,EXCLUDE,GF-1119
24081648,29,2019-12-01,2019-12-01,EXCLUDE,GF-1119
24081648,29,2019-12-04,2019-12-04,EXCLUDE,GF-1119
24081648,29,2019-12-08,2019-12-08,EXCLUDE,GF-1119
24081648,29,2019-12-15,2019-12-15,EXCLUDE,GF-1119
24081648,29,2019-12-21,2019-12-21,EXCLUDE,GF-1119
24081648,29,2019-12-27,2019-12-27,EXCLUDE,GF-1119
24081648,29,2019-12-29,2019-12-29,EXCLUDE,GF-1119
24081648,29,2020-01-01,2020-01-01,EXCLUDE,GF-1119
24081648,29,2020-01-11,2020-01-11,EXCLUDE,GF-1119
24081648,29,2020-01-18,2020-01-18,EXCLUDE,GF-1119
24081648,29,2020-01-23,2020-01-23,EXCLUDE,GF-1119
24081648,29,2020-02-01,2020-02-01,EXCLUDE,GF-1119
24081648,29,2020-02-14,2020-02-14,EXCLUDE,GF-1119
24081648,29,2020-02-23,2020-02-23,EXCLUDE,GF-1119
24081648,29,2020-03-01,2020-03-01,EXCLUDE,GF-1119
24081648,29,2020-03-07,2020-03-07,EXCLUDE,GF-1119
24081648,29,2020-06-20,2020-06-20,EXCLUDE,GF-1119
24081648,29,2020-06-24,2020-06-24,EXCLUDE,GF-1119
24081648,29,2020-06-27,2020-06-27,EXCLUDE,GF-1119
24081648,29,2020-07-04,2020-07-04,EXCLUDE,GF-1119
24081648,29,2020-07-08,2020-07-08,EXCLUDE,GF-1119
24081648,29,2020-07-12,2020-07-12,EXCLUDE,GF-1119
24081648,29,2020-07-15,2020-07-15,EXCLUDE,GF-1119
24081648,29,2020-07-20,2020-07-20,EXCLUDE,GF-1119
24081648,29,2020-07-26,2020-07-26,EXCLUDE,GF-1119
3459,33,2019-08-09,2019-08-09,EXCLUDE,GF-1121
3459,33,2020-01-11,2020-01-11,EXCLUDE,GF-1121
3459,33,2020-06-19,2020-06-19,EXCLUDE,GF-1121
3459,33,2020-06-24,2020-06-24,EXCLUDE,GF-1121
3459,33,2020-07-01,2020-07-01,EXCLUDE,GF-1121
3459,33,2020-07-04,2020-07-04,EXCLUDE,GF-1121
3459,33,2020-07-07,2020-07-07,EXCLUDE,GF-1121
3459,33,2020-07-11,2020-07-11,EXCLUDE,GF-1121
3459,33,2020-07-14,2020-07-14,EXCLUDE,GF-1121
3459,33,2020-07-18,2020-07-18,EXCLUDE,GF-1121
3459,33,2020-07-26,2020-07-26,EXCLUDE,GF-1121
14830,33,2020-07-07,2020-07-07,EXCLUDE,GF-1122
14830,33,2020-07-11,2020-07-11,EXCLUDE,GF-1122
14830,33,2020-07-14,2020-07-14,EXCLUDE,GF-1122
14830,33,2020-07-18,2020-07-18,EXCLUDE,GF-1122
14830,33,2020-07-26,2020-07-26,EXCLUDE,GF-1122
6618,33,2020-06-19,2020-06-19,EXCLUDE,GF-1123
6618,33,2020-06-24,2020-06-24,EXCLUDE,GF-1123
6618,33,2020-07-01,2020-07-01,EXCLUDE,GF-1123
6618,33,2020-07-04,2020-07-04,EXCLUDE,GF-1123
6618,33,2020-07-07,2020-07-07,EXCLUDE,GF-1123
6618,33,2020-07-11,2020-07-11,EXCLUDE,GF-1123
6618,33,2020-07-14,2020-07-14,EXCLUDE,GF-1123
6618,33,2020-07-18,2020-07-18,EXCLUDE,GF-1123
12346,33,2020-06-19,2020-06-19,EXCLUDE,GF-1125
12346,33,2020-06-24,2020-06-24,EXCLUDE,GF-1125
12346,33,2020-07-01,2020-07-01,EXCLUDE,GF-1125
12346,33,2020-07-04,2020-07-04,EXCLUDE,GF-1125
12346,33,2020-07-07,2020-07-07,EXCLUDE,GF-1125
12346,33,2020-07-11,2020-07-11,EXCLUDE,GF-1125
12346,33,2020-07-14,2020-07-14,EXCLUDE,GF-1125
12346,33,2020-07-18,2020-07-18,EXCLUDE,GF-1125
12346,33,2020-07-26,2020-07-26,EXCLUDE,GF-1125
23223360,33,2020-06-19,2020-06-19,EXCLUDE,GF-1127
23223360,33,2020-06-24,2020-06-24,EXCLUDE,GF-1127
23223360,33,2020-07-01,2020-07-01,EXCLUDE,GF-1127
23223360,33,2020-07-04,2020-07-04,EXCLUDE,GF-1127
23223360,33,2020-07-07,2020-07-07,EXCLUDE,GF-1127
23223360,33,2020-07-11,2020-07-11,EXCLUDE,GF-1127
23223360,33,2020-07-14,2020-07-14,EXCLUDE,GF-1127
23223360,33,2020-07-18,2020-07-18,EXCLUDE,GF-1127
23223360,33,2020-07-26,2020-07-26,EXCLUDE,GF-1127
1574,42,2019-08-11,2019-08-11,EXCLUDE,GF-1128
1574,42,2019-08-18,2019-08-18,EXCLUDE,GF-1128
1574,42,2019-08-24,2019-08-24,EXCLUDE,GF-1128
1574,42,2019-08-31,2019-08-31,EXCLUDE,GF-1128
1574,42,2019-09-14,2019-09-14,EXCLUDE,GF-1128
1574,42,2019-09-21,2019-09-21,EXCLUDE,GF-1128
1574,42,2019-09-29,2019-09-29,EXCLUDE,GF-1128
1574,42,2019-10-05,2019-10-05,EXCLUDE,GF-1128
1574,42,2019-10-19,2019-10-19,EXCLUDE,GF-1128
1574,42,2019-10-25,2019-10-25,EXCLUDE,GF-1128
1574,42,2019-11-03,2019-11-03,EXCLUDE,GF-1128
1574,42,2019-11-09,2019-11-09,EXCLUDE,GF-1128
1574,42,2019-11-23,2019-11-23,EXCLUDE,GF-1128
1574,42,2019-12-01,2019-12-01,EXCLUDE,GF-1128
1574,42,2019-12-04,2019-12-04,EXCLUDE,GF-1128
1574,42,2019-12-08,2019-12-08,EXCLUDE,GF-1128
1574,42,2019-12-14,2019-12-14,EXCLUDE,GF-1128
1574,42,2019-12-21,2019-12-21,EXCLUDE,GF-1128
1574,42,2019-12-26,2019-12-26,EXCLUDE,GF-1128
1574,42,2019-12-28,2019-12-28,EXCLUDE,GF-1128
1574,42,2020-01-01,2020-01-01,EXCLUDE,GF-1128
1574,42,2020-01-11,2020-01-11,EXCLUDE,GF-1128
1574,42,2020-01-19,2020-01-19,EXCLUDE,GF-1128
1574,42,2020-01-22,2020-01-22,EXCLUDE,GF-1128
1574,42,2020-02-01,2020-02-01,EXCLUDE,GF-1128
1574,42,2020-02-14,2020-02-14,EXCLUDE,GF-1128
1574,42,2020-02-22,2020-02-22,EXCLUDE,GF-1128
1574,42,2020-02-28,2020-02-28,EXCLUDE,GF-1128
1574,42,2020-03-09,2020-03-09,EXCLUDE,GF-1128
1574,42,2020-06-20,2020-06-20,EXCLUDE,GF-1128
1574,42,2020-06-23,2020-06-23,EXCLUDE,GF-1128
1574,42,2020-07-01,2020-07-01,EXCLUDE,GF-1128
1574,42,2020-07-04,2020-07-04,EXCLUDE,GF-1128
1574,42,2020-07-07,2020-07-07,EXCLUDE,GF-1128
1574,42,2020-07-12,2020-07-12,EXCLUDE,GF-1128
1574,42,2020-07-16,2020-07-16,EXCLUDE,GF-1128
1574,42,2020-07-19,2020-07-19,EXCLUDE,GF-1128
1574,42,2020-07-26,2020-07-26,EXCLUDE,GF-1128
1605,42,2019-08-11,2019-08-11,EXCLUDE,GF-1129
1605,42,2019-08-18,2019-08-18,EXCLUDE,GF-1129
1605,42,2019-08-24,2019-08-24,EXCLUDE,GF-1129
1605,42,2019-08-31,2019-08-31,EXCLUDE,GF-1129
1605,42,2019-09-14,2019-09-14,EXCLUDE,GF-1129
1605,42,2019-09-21,2019-09-21,EXCLUDE,GF-1129
1605,42,2019-09-29,2019-09-29,EXCLUDE,GF-1129
1605,42,2019-10-05,2019-10-05,EXCLUDE,GF-1129
1605,42,2019-10-19,2019-10-19,EXCLUDE,GF-1129
1605,42,2019-10-25,2019-10-25,EXCLUDE,GF-1129
1605,42,2019-11-03,2019-11-03,EXCLUDE,GF-1129
1605,42,2019-11-09,2019-11-09,EXCLUDE,GF-1129
1605,42,2019-11-23,2019-11-23,EXCLUDE,GF-1129
1605,42,2019-12-01,2019-12-01,EXCLUDE,GF-1129
1605,42,2019-12-04,2019-12-04,EXCLUDE,GF-1129
1605,42,2019-12-08,2019-12-08,EXCLUDE,GF-1129
1605,42,2019-12-14,2019-12-14,EXCLUDE,GF-1129
1605,42,2019-12-21,2019-12-21,EXCLUDE,GF-1129
1605,42,2019-12-26,2019-12-26,EXCLUDE,GF-1129
1605,42,2019-12-28,2019-12-28,EXCLUDE,GF-1129
1605,42,2020-01-01,2020-01-01,EXCLUDE,GF-1129
1605,42,2020-01-11,2020-01-11,EXCLUDE,GF-1129
1605,42,2020-01-19,2020-01-19,EXCLUDE,GF-1129
1605,42,2020-01-22,2020-01-22,EXCLUDE,GF-1129
1605,42,2020-02-01,2020-02-01,EXCLUDE,GF-1129
1605,42,2020-02-14,2020-02-14,EXCLUDE,GF-1129
1605,42,2020-02-22,2020-02-22,EXCLUDE,GF-1129
1605,42,2020-02-28,2020-02-28,EXCLUDE,GF-1129
1605,42,2020-03-09,2020-03-09,EXCLUDE,GF-1129
1605,42,2020-06-20,2020-06-20,EXCLUDE,GF-1129
1605,42,2020-06-23,2020-06-23,EXCLUDE,GF-1129
1605,42,2020-07-01,2020-07-01,EXCLUDE,GF-1129
1605,42,2020-07-04,2020-07-04,EXCLUDE,GF-1129
1605,42,2020-07-07,2020-07-07,EXCLUDE,GF-1129
1605,42,2020-07-12,2020-07-12,EXCLUDE,GF-1129
1605,42,2020-07-16,2020-07-16,EXCLUDE,GF-1129
1605,42,2020-07-19,2020-07-19,EXCLUDE,GF-1129
1605,42,2020-07-26,2020-07-26,EXCLUDE,GF-1129
9222,42,2019-08-11,2019-08-11,EXCLUDE,GF-1131
9222,42,2019-08-18,2019-08-18,EXCLUDE,GF-1131
9222,42,2019-08-24,2019-08-24,EXCLUDE,GF-1131
9222,42,2019-08-31,2019-08-31,EXCLUDE,GF-1131
9222,42,2019-09-14,2019-09-14,EXCLUDE,GF-1131
9222,42,2019-09-21,2019-09-21,EXCLUDE,GF-1131
9222,42,2019-09-29,2019-09-29,EXCLUDE,GF-1131
9222,42,2019-10-05,2019-10-05,EXCLUDE,GF-1131
9222,42,2019-10-19,2019-10-19,EXCLUDE,GF-1131
9222,42,2019-10-25,2019-10-25,EXCLUDE,GF-1131
9222,42,2019-11-03,2019-11-03,EXCLUDE,GF-1131
9222,42,2019-11-09,2019-11-09,EXCLUDE,GF-1131
9222,42,2019-11-23,2019-11-23,EXCLUDE,GF-1131
9222,42,2019-12-01,2019-12-01,EXCLUDE,GF-1131
9222,42,2019-12-04,2019-12-04,EXCLUDE,GF-1131
9222,42,2019-12-08,2019-12-08,EXCLUDE,GF-1131
9222,42,2019-12-14,2019-12-14,EXCLUDE,GF-1131
9222,42,2019-12-21,2019-12-21,EXCLUDE,GF-1131
9222,42,2019-12-26,2019-12-26,EXCLUDE,GF-1131
9222,42,2019-12-28,2019-12-28,EXCLUDE,GF-1131
9222,42,2020-01-01,2020-01-01,EXCLUDE,GF-1131
9222,42,2020-01-11,2020-01-11,EXCLUDE,GF-1131
9222,42,2020-06-20,2020-06-20,EXCLUDE,GF-1131
9222,42,2020-06-23,2020-06-23,EXCLUDE,GF-1131
9222,42,2020-07-01,2020-07-01,EXCLUDE,GF-1131
9222,42,2020-07-04,2020-07-04,EXCLUDE,GF-1131
9222,42,2020-07-07,2020-07-07,EXCLUDE,GF-1131
9222,42,2020-07-12,2020-07-12,EXCLUDE,GF-1131
9222,42,2020-07-16,2020-07-16,EXCLUDE,GF-1131
9222,42,2020-07-19,2020-07-19,EXCLUDE,GF-1131
9222,42,2020-07-26,2020-07-26,EXCLUDE,GF-1131
540613,42,2019-08-11,2019-08-11,EXCLUDE,GF-1134
540613,42,2019-08-18,2019-08-18,EXCLUDE,GF-1134
540613,42,2019-08-24,2019-08-24,EXCLUDE,GF-1134
540613,42,2019-08-31,2019-08-31,EXCLUDE,GF-1134
540613,42,2019-09-14,2019-09-14,EXCLUDE,GF-1134
540613,42,2019-09-21,2019-09-21,EXCLUDE,GF-1134
540613,42,2019-09-29,2019-09-29,EXCLUDE,GF-1134
540613,42,2019-10-05,2019-10-05,EXCLUDE,GF-1134
540613,42,2019-10-19,2019-10-19,EXCLUDE,GF-1134
540613,42,2019-10-25,2019-10-25,EXCLUDE,GF-1134
540613,42,2019-11-03,2019-11-03,EXCLUDE,GF-1134
540613,42,2019-11-09,2019-11-09,EXCLUDE,GF-1134
540613,42,2019-11-23,2019-11-23,EXCLUDE,GF-1134
540613,42,2019-12-01,2019-12-01,EXCLUDE,GF-1134
540613,42,2019-12-04,2019-12-04,EXCLUDE,GF-1134
540613,42,2019-12-08,2019-12-08,EXCLUDE,GF-1134
540613,42,2019-12-14,2019-12-14,EXCLUDE,GF-1134
540613,42,2019-12-21,2019-12-21,EXCLUDE,GF-1134
540613,42,2019-12-26,2019-12-26,EXCLUDE,GF-1134
540613,42,2019-12-28,2019-12-28,EXCLUDE,GF-1134
540613,42,2020-01-01,2020-01-01,EXCLUDE,GF-1134
540613,42,2020-01-11,2020-01-11,EXCLUDE,GF-1134
540613,42,2020-01-19,2020-01-19,EXCLUDE,GF-1134
540613,42,2020-01-22,2020-01-22,EXCLUDE,GF-1134
540613,42,2020-06-20,2020-06-20,EXCLUDE,GF-1134
540613,42,2020-06-23,2020-06-23,EXCLUDE,GF-1134
540613,42,2020-07-01,2020-07-01,EXCLUDE,GF-1134
540613,42,2020-07-04,2020-07-04,EXCLUDE,GF-1134
540613,42,2020-07-07,2020-07-07,EXCLUDE,GF-1134
540613,42,2020-07-12,2020-07-12,EXCLUDE,GF-1134
540613,42,2020-07-16,2020-07-16,EXCLUDE,GF-1134
540613,42,2020-07-19,2020-07-19,EXCLUDE,GF-1134
540613,42,2020-07-26,2020-07-26,EXCLUDE,GF-1134
4189,51,2019-08-10,2019-08-10,EXCLUDE,GF-1136
4189,51,2019-08-18,2019-08-18,EXCLUDE,GF-1136
4189,51,2020-06-20,2020-06-20,EXCLUDE,GF-1136
4189,51,2020-06-24,2020-06-24,EXCLUDE,GF-1136
4189,51,2020-06-29,2020-06-29,EXCLUDE,GF-1136
4189,51,2020-07-04,2020-07-04,EXCLUDE,GF-1136
4189,51,2020-07-07,2020-07-07,EXCLUDE,GF-1136
4189,51,2020-07-12,2020-07-12,EXCLUDE,GF-1136
4189,51,2020-07-16,2020-07-16,EXCLUDE,GF-1136
4189,51,2020-07-20,2020-07-20,EXCLUDE,GF-1136
4189,51,2020-07-26,2020-07-26,EXCLUDE,GF-1136
31,52,2020-06-20,2020-06-20,EXCLUDE,GF-1140
31,52,2020-06-24,2020-06-24,EXCLUDE,GF-1140
4454,52,2019-08-10,2019-08-10,EXCLUDE,GF-1142
4454,52,2019-08-17,2019-08-17,EXCLUDE,GF-1142
4454,52,2019-08-25,2019-08-25,EXCLUDE,GF-1142
4454,52,2019-08-31,2019-08-31,EXCLUDE,GF-1142
4454,52,2019-09-15,2019-09-15,EXCLUDE,GF-1142
4454,52,2019-09-20,2019-09-20,EXCLUDE,GF-1142
4454,52,2019-09-28,2019-09-28,EXCLUDE,GF-1142
4454,52,2019-10-06,2019-10-06,EXCLUDE,GF-1142
4454,52,2019-10-19,2019-10-19,EXCLUDE,GF-1142
4454,52,2019-10-26,2019-10-26,EXCLUDE,GF-1142
4454,52,2019-11-02,2019-11-02,EXCLUDE,GF-1142
4454,52,2019-11-09,2019-11-09,EXCLUDE,GF-1142
4454,52,2019-11-23,2019-11-23,EXCLUDE,GF-1142
4454,52,2019-11-30,2019-11-30,EXCLUDE,GF-1142
4454,52,2019-12-03,2019-12-03,EXCLUDE,GF-1142
4454,52,2019-12-07,2019-12-07,EXCLUDE,GF-1142
4454,52,2019-12-14,2019-12-14,EXCLUDE,GF-1142
4454,52,2019-12-21,2019-12-21,EXCLUDE,GF-1142
4454,52,2019-12-26,2019-12-26,EXCLUDE,GF-1142
4454,52,2019-12-28,2019-12-28,EXCLUDE,GF-1142
4454,52,2020-01-01,2020-01-01,EXCLUDE,GF-1142
4454,52,2020-01-12,2020-01-12,EXCLUDE,GF-1142
4454,52,2020-01-18,2020-01-18,EXCLUDE,GF-1142
4454,52,2020-01-21,2020-01-21,EXCLUDE,GF-1142
4454,52,2020-06-20,2020-06-20,EXCLUDE,GF-1142
4454,52,2020-06-24,2020-06-24,EXCLUDE,GF-1142
4454,52,2020-07-01,2020-07-01,EXCLUDE,GF-1142
4454,52,2020-07-04,2020-07-04,EXCLUDE,GF-1142
4454,52,2020-07-09,2020-07-09,EXCLUDE,GF-1142
4454,52,2020-07-12,2020-07-12,EXCLUDE,GF-1142
4454,52,2020-07-15,2020-07-15,EXCLUDE,GF-1142
4454,52,2020-07-19,2020-07-19,EXCLUDE,GF-1142
4454,52,2020-07-26,2020-07-26,EXCLUDE,GF-1142
900435765,52,2019-08-10,2019-08-10,EXCLUDE,GF-1144
900435765,52,2019-08-17,2019-08-17,EXCLUDE,GF-1144
900435765,52,2019-08-25,2019-08-25,EXCLUDE,GF-1144
900435765,52,2019-08-31,2019-08-31,EXCLUDE,GF-1144
900435765,52,2019-09-15,2019-09-15,EXCLUDE,GF-1144
900435765,52,2019-09-20,2019-09-20,EXCLUDE,GF-1144
900435765,52,2019-09-28,2019-09-28,EXCLUDE,GF-1144
900435765,52,2019-10-06,2019-10-06,EXCLUDE,GF-1144
900435765,52,2019-10-19,2019-10-19,EXCLUDE,GF-1144
900435765,52,2019-10-26,2019-10-26,EXCLUDE,GF-1144
900435765,52,2019-11-02,2019-11-02,EXCLUDE,GF-1144
900435765,52,2019-11-09,2019-11-09,EXCLUDE,GF-1144
900435765,52,2019-11-23,2019-11-23,EXCLUDE,GF-1144
900435765,52,2019-11-30,2019-11-30,EXCLUDE,GF-1144
900435765,52,2019-12-03,2019-12-03,EXCLUDE,GF-1144
900435765,52,2019-12-07,2019-12-07,EXCLUDE,GF-1144
900435765,52,2019-12-14,2019-12-14,EXCLUDE,GF-1144
900435765,52,2019-12-21,2019-12-21,EXCLUDE,GF-1144
900435765,52,2019-12-26,2019-12-26,EXCLUDE,GF-1144
900435765,52,2019-12-28,2019-12-28,EXCLUDE,GF-1144
900435765,52,2020-01-01,2020-01-01,EXCLUDE,GF-1144
900435765,52,2020-01-12,2020-01-12,EXCLUDE,GF-1144
900435765,52,2020-01-18,2020-01-18,EXCLUDE,GF-1144
900435765,52,2020-01-21,2020-01-21,EXCLUDE,GF-1144
900435765,52,2020-02-01,2020-02-01,EXCLUDE,GF-1144
900435765,52,2020-02-09,2020-02-09,EXCLUDE,GF-1144
900435765,52,2020-02-22,2020-02-22,EXCLUDE,GF-1144
900435765,52,2020-02-29,2020-02-29,EXCLUDE,GF-1144
900435765,52,2020-03-07,2020-03-07,EXCLUDE,GF-1144
900435765,52,2020-06-20,2020-06-20,EXCLUDE,GF-1144
900435765,52,2020-06-24,2020-06-24,EXCLUDE,GF-1144
900435765,52,2020-07-01,2020-07-01,EXCLUDE,GF-1144
900435765,52,2020-07-04,2020-07-04,EXCLUDE,GF-1144
900435765,52,2020-07-09,2020-07-09,EXCLUDE,GF-1144
900435765,52,2020-07-12,2020-07-12,EXCLUDE,GF-1144
900435765,52,2020-07-15,2020-07-15,EXCLUDE,GF-1144
900435765,52,2020-07-19,2020-07-19,EXCLUDE,GF-1144
900435765,52,2020-07-26,2020-07-26,EXCLUDE,GF-1144
10948332,52,2019-08-10,2019-08-10,EXCLUDE,GF-1145
10948332,52,2019-08-17,2019-08-17,EXCLUDE,GF-1145
10948332,52,2019-08-25,2019-08-25,EXCLUDE,GF-1145
10948332,52,2020-01-12,2020-01-12,EXCLUDE,GF-1145
10948332,52,2020-01-18,2020-01-18,EXCLUDE,GF-1145
10948332,52,2020-01-21,2020-01-21,EXCLUDE,GF-1145
10948332,52,2020-02-01,2020-02-01,EXCLUDE,GF-1145
10948332,52,2020-02-09,2020-02-09,EXCLUDE,GF-1145
10948332,52,2020-02-22,2020-02-22,EXCLUDE,GF-1145
10948332,52,2020-02-29,2020-02-29,EXCLUDE,GF-1145
10948332,52,2020-03-07,2020-03-07,EXCLUDE,GF-1145
10948332,52,2020-06-20,2020-06-20,EXCLUDE,GF-1145
10948332,52,2020-06-24,2020-06-24,EXCLUDE,GF-1145
10948332,52,2020-07-01,2020-07-01,EXCLUDE,GF-1145
10948332,52,2020-07-04,2020-07-04,EXCLUDE,GF-1145
10948332,52,2020-07-09,2020-07-09,EXCLUDE,GF-1145
10948332,52,2020-07-12,2020-07-12,EXCLUDE,GF-1145
10948332,52,2020-07-15,2020-07-15,EXCLUDE,GF-1145
10948332,52,2020-07-19,2020-07-19,EXCLUDE,GF-1145
10948332,52,2020-07-26,2020-07-26,EXCLUDE,GF-1145
37325112,52,2019-08-10,2019-08-10,EXCLUDE,GF-1146
37325112,52,2019-08-17,2019-08-17,EXCLUDE,GF-1146
37325112,52,2019-08-25,2019-08-25,EXCLUDE,GF-1146
37325112,52,2019-08-31,2019-08-31,EXCLUDE,GF-1146
37325112,52,2019-09-15,2019-09-15,EXCLUDE,GF-1146
37325112,52,2019-09-20,2019-09-20,EXCLUDE,GF-1146
37325112,52,2019-09-28,2019-09-28,EXCLUDE,GF-1146
37325112,52,2019-10-06,2019-10-06,EXCLUDE,GF-1146
37325112,52,2019-10-19,2019-10-19,EXCLUDE,GF-1146
37325112,52,2019-10-26,2019-10-26,EXCLUDE,GF-1146
37325112,52,2019-11-02,2019-11-02,EXCLUDE,GF-1146
37325112,52,2019-11-09,2019-11-09,EXCLUDE,GF-1146
37325112,52,2019-11-23,2019-11-23,EXCLUDE,GF-1146
37325112,52,2019-11-30,2019-11-30,EXCLUDE,GF-1146
37325112,52,2019-12-03,2019-12-03,EXCLUDE,GF-1146
37325112,52,2019-12-07,2019-12-07,EXCLUDE,GF-1146
37325112,52,2019-12-14,2019-12-14,EXCLUDE,GF-1146
37325112,52,2019-12-21,2019-12-21,EXCLUDE,GF-1146
37325112,52,2019-12-26,2019-12-26,EXCLUDE,GF-1146
37325112,52,2019-12-28,2019-12-28,EXCLUDE,GF-1146
37325112,52,2020-01-01,2020-01-01,EXCLUDE,GF-1146
37325112,52,2020-01-12,2020-01-12,EXCLUDE,GF-1146
37325112,52,2020-01-18,2020-01-18,EXCLUDE,GF-1146
37325112,52,2020-01-21,2020-01-21,EXCLUDE,GF-1146
37325112,52,2020-02-01,2020-02-01,EXCLUDE,GF-1146
37325112,52,2020-02-09,2020-02-09,EXCLUDE,GF-1146
37325112,52,2020-02-22,2020-02-22,EXCLUDE,GF-1146
37325112,52,2020-02-29,2020-02-29,EXCLUDE,GF-1146
37325112,52,2020-03-07,2020-03-07,EXCLUDE,GF-1146
37325112,52,2020-06-20,2020-06-20,EXCLUDE,GF-1146
37325112,52,2020-06-24,2020-06-24,EXCLUDE,GF-1146
37325112,52,2020-07-01,2020-07-01,EXCLUDE,GF-1146
37325112,52,2020-07-04,2020-07-04,EXCLUDE,GF-1146
37325112,52,2020-07-09,2020-07-09,EXCLUDE,GF-1146
37325112,52,2020-07-12,2020-07-12,EXCLUDE,GF-1146
37325112,52,2020-07-15,2020-07-15,EXCLUDE,GF-1146
37325112,52,2020-07-19,2020-07-19,EXCLUDE,GF-1146
37325112,52,2020-07-26,2020-07-26,EXCLUDE,GF-1146
22169320,52,2019-08-10,2019-08-10,EXCLUDE,GF-1147
22169320,52,2019-08-17,2019-08-17,EXCLUDE,GF-1147
22169320,52,2019-08-25,2019-08-25,EXCLUDE,GF-1147
22169320,52,2019-08-31,2019-08-31,EXCLUDE,GF-1147
22169320,52,2020-07-15,2020-07-15,EXCLUDE,GF-1147
22169320,52,2020-07-19,2020-07-19,EXCLUDE,GF-1147
22169320,52,2020-07-26,2020-07-26,EXCLUDE,GF-1147
28932738,52,2019-08-10,2019-08-10,EXCLUDE,GF-1148
28932738,52,2019-08-17,2019-08-17,EXCLUDE,GF-1148
28932738,52,2019-08-25,2019-08-25,EXCLUDE,GF-1148
28932738,52,2019-08-31,2019-08-31,EXCLUDE,GF-1148
28932738,52,2019-09-15,2019-09-15,EXCLUDE,GF-1148
28932738,52,2019-09-20,2019-09-20,EXCLUDE,GF-1148
28932738,52,2019-09-28,2019-09-28,EXCLUDE,GF-1148
28932738,52,2019-10-06,2019-10-06,EXCLUDE,GF-1148
28932738,52,2019-10-19,2019-10-19,EXCLUDE,GF-1148
28932738,52,2020-01-01,2020-01-01,EXCLUDE,GF-1148
28932738,52,2020-01-12,2020-01-12,EXCLUDE,GF-1148
28932738,52,2020-01-18,2020-01-18,EXCLUDE,GF-1148
28932738,52,2020-01-21,2020-01-21,EXCLUDE,GF-1148
28932738,52,2020-02-01,2020-02-01,EXCLUDE,GF-1148
28932738,52,2020-02-09,2020-02-09,EXCLUDE,GF-1148
28932738,52,2020-02-22,2020-02-22,EXCLUDE,GF-1148
28932738,52,2020-02-29,2020-02-29,EXCLUDE,GF-1148
28932738,52,2020-03-07,2020-03-07,EXCLUDE,GF-1148
28932738,52,2020-06-20,2020-06-20,EXCLUDE,GF-1148
28932738,52,2020-06-24,2020-06-24,EXCLUDE,GF-1148
28932738,52,2020-07-01,2020-07-01,EXCLUDE,GF-1148
28932738,52,2020-07-04,2020-07-04,EXCLUDE,GF-1148
28932738,52,2020-07-09,2020-07-09,EXCLUDE,GF-1148
28932738,52,2020-07-12,2020-07-12,EXCLUDE,GF-1148
28932738,52,2020-07-15,2020-07-15,EXCLUDE,GF-1148
28932738,52,2020-07-19,2020-07-19,EXCLUDE,GF-1148
28932738,52,2020-07-26,2020-07-26,EXCLUDE,GF-1148
900655173,52,2019-08-10,2019-08-10,EXCLUDE,GF-1150
900655173,52,2019-08-17,2019-08-17,EXCLUDE,GF-1150
900655173,52,2019-08-25,2019-08-25,EXCLUDE,GF-1150
900655173,52,2019-08-31,2019-08-31,EXCLUDE,GF-1150
900655173,52,2019-09-15,2019-09-15,EXCLUDE,GF-1150
900655173,52,2019-09-20,2019-09-20,EXCLUDE,GF-1150
900655173,52,2019-09-28,2019-09-28,EXCLUDE,GF-1150
900655173,52,2019-10-06,2019-10-06,EXCLUDE,GF-1150
900655173,52,2019-10-19,2019-10-19,EXCLUDE,GF-1150
900655173,52,2019-10-26,2019-10-26,EXCLUDE,GF-1150
900655173,52,2019-11-02,2019-11-02,EXCLUDE,GF-1150
900655173,52,2019-11-09,2019-11-09,EXCLUDE,GF-1150
900655173,52,2019-11-23,2019-11-23,EXCLUDE,GF-1150
900655173,52,2019-11-30,2019-11-30,EXCLUDE,GF-1150
900655173,52,2019-12-03,2019-12-03,EXCLUDE,GF-1150
900655173,52,2019-12-07,2019-12-07,EXCLUDE,GF-1150
900655173,52,2019-12-14,2019-12-14,EXCLUDE,GF-1150
900655173,52,2019-12-21,2019-12-21,EXCLUDE,GF-1150
900655173,52,2019-12-26,2019-12-26,EXCLUDE,GF-1150
900655173,52,2019-12-28,2019-12-28,EXCLUDE,GF-1150
900655173,52,2020-01-01,2020-01-01,EXCLUDE,GF-1150
900655173,52,2020-01-12,2020-01-12,EXCLUDE,GF-1150
900655173,52,2020-01-18,2020-01-18,EXCLUDE,GF-1150
900655173,52,2020-01-21,2020-01-21,EXCLUDE,GF-1150
900655173,52,2020-02-01,2020-02-01,EXCLUDE,GF-1150
900655173,52,2020-02-09,2020-02-09,EXCLUDE,GF-1150
900655173,52,2020-02-22,2020-02-22,EXCLUDE,GF-1150
900655173,52,2020-02-29,2020-02-29,EXCLUDE,GF-1150
900655173,52,2020-03-07,2020-03-07,EXCLUDE,GF-1150
900655173,52,2020-06-20,2020-06-20,EXCLUDE,GF-1150
900655173,52,2020-06-24,2020-06-24,EXCLUDE,GF-1150
900655173,52,2020-07-01,2020-07-01,EXCLUDE,GF-1150
900655173,52,2020-07-04,2020-07-04,EXCLUDE,GF-1150
900655173,52,2020-07-09,2020-07-09,EXCLUDE,GF-1150
900655173,52,2020-07-12,2020-07-12,EXCLUDE,GF-1150
900655173,52,2020-07-15,2020-07-15,EXCLUDE,GF-1150
900655173,52,2020-07-19,2020-07-19,EXCLUDE,GF-1150
900655173,52,2020-07-26,2020-07-26,EXCLUDE,GF-1150
150759,65,2019-08-10,2019-08-10,EXCLUDE,GF-1152
150759,65,2019-08-17,2019-08-17,EXCLUDE,GF-1152
150759,65,2019-08-24,2019-08-24,EXCLUDE,GF-1152
1485,65,2020-06-19,2020-06-19,EXCLUDE,GF-1153
1485,65,2020-06-25,2020-06-25,EXCLUDE,GF-1153
1485,65,2020-06-28,2020-06-28,EXCLUDE,GF-1153
1485,65,2020-07-05,2020-07-05,EXCLUDE,GF-1153
1485,65,2020-07-09,2020-07-09,EXCLUDE,GF-1153
1485,65,2020-07-13,2020-07-13,EXCLUDE,GF-1153
1485,65,2020-07-16,2020-07-16,EXCLUDE,GF-1153
1485,65,2020-07-19,2020-07-19,EXCLUDE,GF-1153
1485,65,2020-07-26,2020-07-26,EXCLUDE,GF-1153
4145,65,2019-08-10,2019-08-10,EXCLUDE,GF-1154
4145,65,2019-08-17,2019-08-17,EXCLUDE,GF-1154
4145,65,2019-08-24,2019-08-24,EXCLUDE,GF-1154
4145,65,2019-08-31,2019-08-31,EXCLUDE,GF-1154
4145,65,2019-09-14,2019-09-14,EXCLUDE,GF-1154
4145,65,2019-09-20,2019-09-20,EXCLUDE,GF-1154
4145,65,2019-09-28,2019-09-28,EXCLUDE,GF-1154
4145,65,2019-10-06,2019-10-06,EXCLUDE,GF-1154
4145,65,2019-10-19,2019-10-19,EXCLUDE,GF-1154
4145,65,2019-10-25,2019-10-25,EXCLUDE,GF-1154
4145,65,2019-11-02,2019-11-02,EXCLUDE,GF-1154
4145,65,2019-11-09,2019-11-09,EXCLUDE,GF-1154
4145,65,2019-11-23,2019-11-23,EXCLUDE,GF-1154
4145,65,2019-11-30,2019-11-30,EXCLUDE,GF-1154
4145,65,2019-12-04,2019-12-04,EXCLUDE,GF-1154
4145,65,2019-12-08,2019-12-08,EXCLUDE,GF-1154
4145,65,2019-12-14,2019-12-14,EXCLUDE,GF-1154
4145,65,2019-12-21,2019-12-21,EXCLUDE,GF-1154
4145,65,2019-12-26,2019-12-26,EXCLUDE,GF-1154
4145,65,2019-12-28,2019-12-28,EXCLUDE,GF-1154
4145,65,2020-01-01,2020-01-01,EXCLUDE,GF-1154
4145,65,2020-01-11,2020-01-11,EXCLUDE,GF-1154
4145,65,2020-01-18,2020-01-18,EXCLUDE,GF-1154
4145,65,2020-01-21,2020-01-21,EXCLUDE,GF-1154
4145,65,2020-02-01,2020-02-01,EXCLUDE,GF-1154
4145,65,2020-02-15,2020-02-15,EXCLUDE,GF-1154
4145,65,2020-02-22,2020-02-22,EXCLUDE,GF-1154
4145,65,2020-02-29,2020-02-29,EXCLUDE,GF-1154
4145,65,2020-03-07,2020-03-07,EXCLUDE,GF-1154
4145,65,2020-06-19,2020-06-19,EXCLUDE,GF-1154
4145,65,2020-06-25,2020-06-25,EXCLUDE,GF-1154
4145,65,2020-06-28,2020-06-28,EXCLUDE,GF-1154
4145,65,2020-07-05,2020-07-05,EXCLUDE,GF-1154
4145,65,2020-07-09,2020-07-09,EXCLUDE,GF-1154
4145,65,2020-07-13,2020-07-13,EXCLUDE,GF-1154
4145,65,2020-07-16,2020-07-16,EXCLUDE,GF-1154
4145,65,2020-07-19,2020-07-19,EXCLUDE,GF-1154
4145,65,2020-07-26,2020-07-26,EXCLUDE,GF-1154
4351,65,2019-08-10,2019-08-10,EXCLUDE,GF-1155
4351,65,2019-08-17,2019-08-17,EXCLUDE,GF-1155
4351,65,2019-08-24,2019-08-24,EXCLUDE,GF-1155
4351,65,2019-08-31,2019-08-31,EXCLUDE,GF-1155
4351,65,2020-06-19,2020-06-19,EXCLUDE,GF-1155
4351,65,2020-06-25,2020-06-25,EXCLUDE,GF-1155
4351,65,2020-06-28,2020-06-28,EXCLUDE,GF-1155
4351,65,2020-07-05,2020-07-05,EXCLUDE,GF-1155
4351,65,2020-07-09,2020-07-09,EXCLUDE,GF-1155
4351,65,2020-07-13,2020-07-13,EXCLUDE,GF-1155
4351,65,2020-07-16,2020-07-16,EXCLUDE,GF-1155
4351,65,2020-07-19,2020-07-19,EXCLUDE,GF-1155
4351,65,2020-07-26,2020-07-26,EXCLUDE,GF-1155
27977,78,2019-08-10,2019-08-10,EXCLUDE,GF-1162
27977,78,2019-08-17,2019-08-17,EXCLUDE,GF-1162
27977,78,2019-08-24,2019-08-24,EXCLUDE,GF-1162
27977,78,2019-08-31,2019-08-31,EXCLUDE,GF-1162
900386201,78,2019-08-10,2019-08-10,EXCLUDE,GF-1165
900386201,78,2019-08-17,2019-08-17,EXCLUDE,GF-1165
900386201,78,2019-08-24,2019-08-24,EXCLUDE,GF-1165
900386201,78,2019-08-31,2019-08-31,EXCLUDE,GF-1165
900386201,78,2019-09-14,2019-09-14,EXCLUDE,GF-1165
900386201,78,2019-09-21,2019-09-21,EXCLUDE,GF-1165
900386201,78,2019-09-28,2019-09-28,EXCLUDE,GF-1165
900386201,78,2019-10-05,2019-10-05,EXCLUDE,GF-1165
900386201,78,2019-10-19,2019-10-19,EXCLUDE,GF-1165
900386201,78,2019-10-26,2019-10-26,EXCLUDE,GF-1165
900386201,78,2019-11-02,2019-11-02,EXCLUDE,GF-1165
900386201,78,2019-11-10,2019-11-10,EXCLUDE,GF-1165
900386201,78,2019-11-23,2019-11-23,EXCLUDE,GF-1165
900386201,78,2019-11-30,2019-11-30,EXCLUDE,GF-1165
900386201,78,2019-12-05,2019-12-05,EXCLUDE,GF-1165
900386201,78,2019-12-08,2019-12-08,EXCLUDE,GF-1165
900386201,78,2019-12-16,2019-12-16,EXCLUDE,GF-1165
900386201,78,2019-12-21,2019-12-21,EXCLUDE,GF-1165
900386201,78,2019-12-26,2019-12-26,EXCLUDE,GF-1165
900386201,78,2019-12-28,2019-12-28,EXCLUDE,GF-1165
900386201,78,2020-01-01,2020-01-01,EXCLUDE,GF-1165
900386201,78,2020-01-11,2020-01-11,EXCLUDE,GF-1165
900386201,78,2020-01-18,2020-01-18,EXCLUDE,GF-1165
900386201,78,2020-01-21,2020-01-21,EXCLUDE,GF-1165
900386201,78,2020-02-01,2020-02-01,EXCLUDE,GF-1165
900386201,78,2020-02-08,2020-02-08,EXCLUDE,GF-1165
900386201,78,2020-02-22,2020-02-22,EXCLUDE,GF-1165
900386201,78,2020-02-29,2020-02-29,EXCLUDE,GF-1165
900386201,78,2020-03-07,2020-03-07,EXCLUDE,GF-1165
900386201,78,2020-06-20,2020-06-20,EXCLUDE,GF-1165
900386201,78,2020-06-23,2020-06-23,EXCLUDE,GF-1165
900386201,78,2020-06-30,2020-06-30,EXCLUDE,GF-1165
900386201,78,2020-07-04,2020-07-04,EXCLUDE,GF-1165
900386201,78,2020-07-08,2020-07-08,EXCLUDE,GF-1165
900386201,78,2020-07-11,2020-07-11,EXCLUDE,GF-1165
900386201,78,2020-07-16,2020-07-16,EXCLUDE,GF-1165
900386201,78,2020-07-20,2020-07-20,EXCLUDE,GF-1165
900386201,78,2020-07-26,2020-07-26,EXCLUDE,GF-1165
1494380,78,2019-08-10,2019-08-10,EXCLUDE,GF-1168
1494380,78,2019-08-17,2019-08-17,EXCLUDE,GF-1168
1494380,78,2019-08-24,2019-08-24,EXCLUDE,GF-1168
1494380,78,2019-08-31,2019-08-31,EXCLUDE,GF-1168
1494380,78,2020-06-20,2020-06-20,EXCLUDE,GF-1168
1494380,78,2020-06-23,2020-06-23,EXCLUDE,GF-1168
1494380,78,2020-06-30,2020-06-30,EXCLUDE,GF-1168
1494380,78,2020-07-04,2020-07-04,EXCLUDE,GF-1168
1494380,78,2020-07-08,2020-07-08,EXCLUDE,GF-1168
1494380,78,2020-07-11,2020-07-11,EXCLUDE,GF-1168
1494380,78,2020-07-16,2020-07-16,EXCLUDE,GF-1168
1494380,78,2020-07-20,2020-07-20,EXCLUDE,GF-1168
1494380,78,2020-07-26,2020-07-26,EXCLUDE,GF-1168
900427927,78,2019-08-10,2019-08-10,EXCLUDE,GF-1169
900427927,78,2019-08-17,2019-08-17,EXCLUDE,GF-1169
900427927,78,2019-08-24,2019-08-24,EXCLUDE,GF-1169
900427927,78,2019-08-31,2019-08-31,EXCLUDE,GF-1169
900427927,78,2019-09-14,2019-09-14,EXCLUDE,GF-1169
900427927,78,2019-09-21,2019-09-21,EXCLUDE,GF-1169
900427927,78,2019-09-28,2019-09-28,EXCLUDE,GF-1169
900427927,78,2019-10-05,2019-10-05,EXCLUDE,GF-1169
900427927,78,2019-10-19,2019-10-19,EXCLUDE,GF-1169
900427927,78,2019-10-26,2019-10-26,EXCLUDE,GF-1169
900427927,78,2019-11-02,2019-11-02,EXCLUDE,GF-1169
900427927,78,2019-11-10,2019-11-10,EXCLUDE,GF-1169
900427927,78,2019-11-23,2019-11-23,EXCLUDE,GF-1169
900427927,78,2019-11-30,2019-11-30,EXCLUDE,GF-1169
900427927,78,2019-12-05,2019-12-05,EXCLUDE,GF-1169
900427927,78,2019-12-08,2019-12-08,EXCLUDE,GF-1169
900427927,78,2019-12-16,2019-12-16,EXCLUDE,GF-1169
900427927,78,2019-12-21,2019-12-21,EXCLUDE,GF-1169
900427927,78,2019-12-26,2019-12-26,EXCLUDE,GF-1169
900427927,78,2019-12-28,2019-12-28,EXCLUDE,GF-1169
900427927,78,2020-01-01,2020-01-01,EXCLUDE,GF-1169
900427927,78,2020-01-11,2020-01-11,EXCLUDE,GF-1169
900427927,78,2020-01-18,2020-01-18,EXCLUDE,GF-1169
900427927,78,2020-01-21,2020-01-21,EXCLUDE,GF-1169
900427927,78,2020-02-01,2020-02-01,EXCLUDE,GF-1169
900427927,78,2020-02-08,2020-02-08,EXCLUDE,GF-1169
900427927,78,2020-02-22,2020-02-22,EXCLUDE,GF-1169
900427927,78,2020-02-29,2020-02-29,EXCLUDE,GF-1169
900427927,78,2020-03-07,2020-03-07,EXCLUDE,GF-1169
900427927,78,2020-06-20,2020-06-20,EXCLUDE,GF-1169
900427927,78,2020-06-23,2020-06-23,EXCLUDE,GF-1169
900427927,78,2020-06-30,2020-06-30,EXCLUDE,GF-1169
900427927,78,2020-07-04,2020-07-04,EXCLUDE,GF-1169
900427927,78,2020-07-08,2020-07-08,EXCLUDE,GF-1169
900427927,78,2020-07-11,2020-07-11,EXCLUDE,GF-1169
900427927,78,2020-07-16,2020-07-16,EXCLUDE,GF-1169
900427927,78,2020-07-20,2020-07-20,EXCLUDE,GF-1169
900427927,78,2020-07-26,2020-07-26,EXCLUDE,GF-1169
900430824,78,2019-08-10,2019-08-10,EXCLUDE,GF-1170
900430824,78,2019-08-17,2019-08-17,EXCLUDE,GF-1170
900430824,78,2019-08-24,2019-08-24,EXCLUDE,GF-1170
900430824,78,2019-08-31,2019-08-31,EXCLUDE,GF-1170
900430824,78,2019-09-14,2019-09-14,EXCLUDE,GF-1170
900430824,78,2019-09-21,2019-09-21,EXCLUDE,GF-1170
900430824,78,2019-09-28,2019-09-28,EXCLUDE,GF-1170
900430824,78,2019-10-05,2019-10-05,EXCLUDE,GF-1170
900430824,78,2019-10-19,2019-10-19,EXCLUDE,GF-1170
900430824,78,2019-10-26,2019-10-26,EXCLUDE,GF-1170
900430824,78,2019-11-02,2019-11-02,EXCLUDE,GF-1170
900430824,78,2019-11-10,2019-11-10,EXCLUDE,GF-1170
900430824,78,2019-11-23,2019-11-23,EXCLUDE,GF-1170
900430824,78,2019-11-30,2019-11-30,EXCLUDE,GF-1170
900430824,78,2019-12-05,2019-12-05,EXCLUDE,GF-1170
900430824,78,2019-12-08,2019-12-08,EXCLUDE,GF-1170
900430824,78,2019-12-16,2019-12-16,EXCLUDE,GF-1170
900430824,78,2019-12-21,2019-12-21,EXCLUDE,GF-1170
900430824,78,2019-12-26,2019-12-26,EXCLUDE,GF-1170
900430824,78,2019-12-28,2019-12-28,EXCLUDE,GF-1170
900430824,78,2020-01-01,2020-01-01,EXCLUDE,GF-1170
900430824,78,2020-01-11,2020-01-11,EXCLUDE,GF-1170
900430824,78,2020-01-18,2020-01-18,EXCLUDE,GF-1170
900430824,78,2020-01-21,2020-01-21,EXCLUDE,GF-1170
900430824,78,2020-02-01,2020-02-01,EXCLUDE,GF-1170
900430824,78,2020-02-08,2020-02-08,EXCLUDE,GF-1170
900430824,78,2020-02-22,2020-02-22,EXCLUDE,GF-1170
900430824,78,2020-02-29,2020-02-29,EXCLUDE,GF-1170
900430824,78,2020-03-07,2020-03-07,EXCLUDE,GF-1170
900430824,78,2020-06-20,2020-06-20,EXCLUDE,GF-1170
900430824,78,2020-06-23,2020-06-23,EXCLUDE,GF-1170
900430824,78,2020-06-30,2020-06-30,EXCLUDE,GF-1170
900430824,78,2020-07-04,2020-07-04,EXCLUDE,GF-1170
900430824,78,2020-07-08,2020-07-08,EXCLUDE,GF-1170
900430824,78,2020-07-11,2020-07-11,EXCLUDE,GF-1170
900430824,78,2020-07-16,2020-07-16,EXCLUDE,GF-1170
900430824,78,2020-07-20,2020-07-20,EXCLUDE,GF-1170
900430824,78,2020-07-26,2020-07-26,EXCLUDE,GF-1170
900449020,78,2019-08-10,2019-08-10,EXCLUDE,GF-1171
900449020,78,2019-08-17,2019-08-17,EXCLUDE,GF-1171
900449020,78,2019-08-24,2019-08-24,EXCLUDE,GF-1171
900449020,78,2019-08-31,2019-08-31,EXCLUDE,GF-1171
900449020,78,2019-09-14,2019-09-14,EXCLUDE,GF-1171
900449020,78,2019-09-21,2019-09-21,EXCLUDE,GF-1171
900449020,78,2019-09-28,2019-09-28,EXCLUDE,GF-1171
900449020,78,2019-10-05,2019-10-05,EXCLUDE,GF-1171
900449020,78,2019-10-19,2019-10-19,EXCLUDE,GF-1171
900449020,78,2019-10-26,2019-10-26,EXCLUDE,GF-1171
900449020,78,2019-11-02,2019-11-02,EXCLUDE,GF-1171
900449020,78,2019-11-10,2019-11-10,EXCLUDE,GF-1171
900449020,78,2019-11-23,2019-11-23,EXCLUDE,GF-1171
900449020,78,2019-11-30,2019-11-30,EXCLUDE,GF-1171
900449020,78,2019-12-05,2019-12-05,EXCLUDE,GF-1171
900449020,78,2019-12-08,2019-12-08,EXCLUDE,GF-1171
900449020,78,2019-12-16,2019-12-16,EXCLUDE,GF-1171
900449020,78,2019-12-21,2019-12-21,EXCLUDE,GF-1171
900449020,78,2019-12-26,2019-12-26,EXCLUDE,GF-1171
900449020,78,2019-12-28,2019-12-28,EXCLUDE,GF-1171
900449020,78,2020-01-01,2020-01-01,EXCLUDE,GF-1171
900449020,78,2020-01-11,2020-01-11,EXCLUDE,GF-1171
900449020,78,2020-01-18,2020-01-18,EXCLUDE,GF-1171
900449020,78,2020-01-21,2020-01-21,EXCLUDE,GF-1171
900449020,78,2020-02-01,2020-02-01,EXCLUDE,GF-1171
900449020,78,2020-02-08,2020-02-08,EXCLUDE,GF-1171
900449020,78,2020-02-22,2020-02-22,EXCLUDE,GF-1171
900449020,78,2020-02-29,2020-02-29,EXCLUDE,GF-1171
900449020,78,2020-03-07,2020-03-07,EXCLUDE,GF-1171
900449020,78,2020-06-20,2020-06-20,EXCLUDE,GF-1171
900449020,78,2020-06-23,2020-06-23,EXCLUDE,GF-1171
900449020,78,2020-06-30,2020-06-30,EXCLUDE,GF-1171
900449020,78,2020-07-04,2020-07-04,EXCLUDE,GF-1171
900449020,78,2020-07-08,2020-07-08,EXCLUDE,GF-1171
900449020,78,2020-07-11,2020-07-11,EXCLUDE,GF-1171
900449020,78,2020-07-16,2020-07-16,EXCLUDE,GF-1171
900449020,78,2020-07-20,2020-07-20,EXCLUDE,GF-1171
900449020,78,2020-07-26,2020-07-26,EXCLUDE,GF-1171
2823511,78,2019-08-10,2019-08-10,EXCLUDE,GF-1172
2823511,78,2019-08-17,2019-08-17,EXCLUDE,GF-1172
2823511,78,2019-08-24,2019-08-24,EXCLUDE,GF-1172
2823511,78,2019-08-31,2019-08-31,EXCLUDE,GF-1172
2823511,78,2019-09-14,2019-09-14,EXCLUDE,GF-1172
2823511,78,2019-09-21,2019-09-21,EXCLUDE,GF-1172
2823511,78,2019-09-28,2019-09-28,EXCLUDE,GF-1172
2823511,78,2019-10-05,2019-10-05,EXCLUDE,GF-1172
2823511,78,2019-10-19,2019-10-19,EXCLUDE,GF-1172
2823511,78,2019-10-26,2019-10-26,EXCLUDE,GF-1172
2823511,78,2019-11-02,2019-11-02,EXCLUDE,GF-1172
2823511,78,2019-11-10,2019-11-10,EXCLUDE,GF-1172
2823511,78,2019-11-23,2019-11-23,EXCLUDE,GF-1172
2823511,78,2019-11-30,2019-11-30,EXCLUDE,GF-1172
2823511,78,2019-12-05,2019-12-05,EXCLUDE,GF-1172
2823511,78,2019-12-08,2019-12-08,EXCLUDE,GF-1172
2823511,78,2019-12-16,2019-12-16,EXCLUDE,GF-1172
2823511,78,2019-12-21,2019-12-21,EXCLUDE,GF-1172
2823511,78,2019-12-26,2019-12-26,EXCLUDE,GF-1172
2823511,78,2019-12-28,2019-12-28,EXCLUDE,GF-1172
2823511,78,2020-01-01,2020-01-01,EXCLUDE,GF-1172
2823511,78,2020-01-11,2020-01-11,EXCLUDE,GF-1172
2823511,78,2020-01-18,2020-01-18,EXCLUDE,GF-1172
2823511,78,2020-01-21,2020-01-21,EXCLUDE,GF-1172
2823511,78,2020-02-01,2020-02-01,EXCLUDE,GF-1172
2823511,78,2020-02-08,2020-02-08,EXCLUDE,GF-1172
2823511,78,2020-02-22,2020-02-22,EXCLUDE,GF-1172
2823511,78,2020-02-29,2020-02-29,EXCLUDE,GF-1172
2823511,78,2020-03-07,2020-03-07,EXCLUDE,GF-1172
2823511,78,2020-06-20,2020-06-20,EXCLUDE,GF-1172
2823511,78,2020-06-23,2020-06-23,EXCLUDE,GF-1172
2823511,78,2020-06-30,2020-06-30,EXCLUDE,GF-1172
2823511,78,2020-07-04,2020-07-04,EXCLUDE,GF-1172
2823511,78,2020-07-08,2020-07-08,EXCLUDE,GF-1172
2823511,78,2020-07-11,2020-07-11,EXCLUDE,GF-1172
2823511,78,2020-07-16,2020-07-16,EXCLUDE,GF-1172
2823511,78,2020-07-20,2020-07-20,EXCLUDE,GF-1172
2823511,78,2020-07-26,2020-07-26,EXCLUDE,GF-1172
3502645,78,2019-08-10,2019-08-10,EXCLUDE,GF-1173
3502645,78,2019-08-17,2019-08-17,EXCLUDE,GF-1173
3502645,78,2019-08-24,2019-08-24,EXCLUDE,GF-1173
3502645,78,2019-08-31,2019-08-31,EXCLUDE,GF-1173
3502645,78,2019-09-14,2019-09-14,EXCLUDE,GF-1173
3502645,78,2019-09-21,2019-09-21,EXCLUDE,GF-1173
3502645,78,2019-09-28,2019-09-28,EXCLUDE,GF-1173
3502645,78,2019-10-05,2019-10-05,EXCLUDE,GF-1173
3502645,78,2019-10-19,2019-10-19,EXCLUDE,GF-1173
3502645,78,2019-10-26,2019-10-26,EXCLUDE,GF-1173
3502645,78,2019-11-02,2019-11-02,EXCLUDE,GF-1173
3502645,78,2019-11-10,2019-11-10,EXCLUDE,GF-1173
3502645,78,2019-11-23,2019-11-23,EXCLUDE,GF-1173
3502645,78,2019-11-30,2019-11-30,EXCLUDE,GF-1173
3502645,78,2019-12-05,2019-12-05,EXCLUDE,GF-1173
3502645,78,2019-12-08,2019-12-08,EXCLUDE,GF-1173
3502645,78,2019-12-16,2019-12-16,EXCLUDE,GF-1173
3502645,78,2019-12-21,2019-12-21,EXCLUDE,GF-1173
3502645,78,2019-12-26,2019-12-26,EXCLUDE,GF-1173
3502645,78,2019-12-28,2019-12-28,EXCLUDE,GF-1173
3502645,78,2020-01-01,2020-01-01,EXCLUDE,GF-1173
3502645,78,2020-01-11,2020-01-11,EXCLUDE,GF-1173
3502645,78,2020-01-18,2020-01-18,EXCLUDE,GF-1173
3502645,78,2020-01-21,2020-01-21,EXCLUDE,GF-1173
3502645,78,2020-02-01,2020-02-01,EXCLUDE,GF-1173
3502645,78,2020-02-08,2020-02-08,EXCLUDE,GF-1173
3502645,78,2020-02-22,2020-02-22,EXCLUDE,GF-1173
3502645,78,2020-02-29,2020-02-29,EXCLUDE,GF-1173
3502645,78,2020-03-07,2020-03-07,EXCLUDE,GF-1173
3502645,78,2020-06-20,2020-06-20,EXCLUDE,GF-1173
3502645,78,2020-06-23,2020-06-23,EXCLUDE,GF-1173
3502645,78,2020-06-30,2020-06-30,EXCLUDE,GF-1173
3502645,78,2020-07-04,2020-07-04,EXCLUDE,GF-1173
3502645,78,2020-07-08,2020-07-08,EXCLUDE,GF-1173
3502645,78,2020-07-11,2020-07-11,EXCLUDE,GF-1173
3502645,78,2020-07-16,2020-07-16,EXCLUDE,GF-1173
3502645,78,2020-07-20,2020-07-20,EXCLUDE,GF-1173
3502645,78,2020-07-26,2020-07-26,EXCLUDE,GF-1173
2846690,78,2019-08-10,2019-08-10,EXCLUDE,GF-1174
2846690,78,2019-08-17,2019-08-17,EXCLUDE,GF-1174
2846690,78,2019-08-24,2019-08-24,EXCLUDE,GF-1174
2846690,78,2019-08-31,2019-08-31,EXCLUDE,GF-1174
2846690,78,2019-09-14,2019-09-14,EXCLUDE,GF-1174
2846690,78,2019-09-21,2019-09-21,EXCLUDE,GF-1174
2846690,78,2019-09-28,2019-09-28,EXCLUDE,GF-1174
2846690,78,2019-10-05,2019-10-05,EXCLUDE,GF-1174
2846690,78,2019-10-19,2019-10-19,EXCLUDE,GF-1174
2846690,78,2019-10-26,2019-10-26,EXCLUDE,GF-1174
2846690,78,2019-11-02,2019-11-02,EXCLUDE,GF-1174
2846690,78,2019-11-10,2019-11-10,EXCLUDE,GF-1174
2846690,78,2019-11-23,2019-11-23,EXCLUDE,GF-1174
2846690,78,2019-11-30,2019-11-30,EXCLUDE,GF-1174
2846690,78,2019-12-05,2019-12-05,EXCLUDE,GF-1174
2846690,78,2019-12-08,2019-12-08,EXCLUDE,GF-1174
2846690,78,2019-12-16,2019-12-16,EXCLUDE,GF-1174
2846690,78,2019-12-21,2019-12-21,EXCLUDE,GF-1174
2846690,78,2019-12-26,2019-12-26,EXCLUDE,GF-1174
2846690,78,2019-12-28,2019-12-28,EXCLUDE,GF-1174
2846690,78,2020-01-01,2020-01-01,EXCLUDE,GF-1174
2846690,78,2020-01-11,2020-01-11,EXCLUDE,GF-1174
2846690,78,2020-01-18,2020-01-18,EXCLUDE,GF-1174
2846690,78,2020-01-21,2020-01-21,EXCLUDE,GF-1174
2846690,78,2020-06-30,2020-06-30,EXCLUDE,GF-1174
2846690,78,2020-07-04,2020-07-04,EXCLUDE,GF-1174
2846690,78,2020-07-08,2020-07-08,EXCLUDE,GF-1174
2846690,78,2020-07-11,2020-07-11,EXCLUDE,GF-1174
2846690,78,2020-07-16,2020-07-16,EXCLUDE,GF-1174
2846690,78,2020-07-20,2020-07-20,EXCLUDE,GF-1174
2846690,78,2020-07-26,2020-07-26,EXCLUDE,GF-1174
28562717,78,2019-08-10,2019-08-10,EXCLUDE,GF-1175
28562717,78,2019-08-17,2019-08-17,EXCLUDE,GF-1175
28562717,78,2019-08-24,2019-08-24,EXCLUDE,GF-1175
28562717,78,2019-08-31,2019-08-31,EXCLUDE,GF-1175
28562717,78,2019-09-14,2019-09-14,EXCLUDE,GF-1175
28562717,78,2019-09-21,2019-09-21,EXCLUDE,GF-1175
28562717,78,2019-09-28,2019-09-28,EXCLUDE,GF-1175
28562717,78,2019-10-05,2019-10-05,EXCLUDE,GF-1175
28562717,78,2019-10-19,2019-10-19,EXCLUDE,GF-1175
28562717,78,2019-10-26,2019-10-26,EXCLUDE,GF-1175
28562717,78,2019-11-02,2019-11-02,EXCLUDE,GF-1175
28562717,78,2019-11-10,2019-11-10,EXCLUDE,GF-1175
28562717,78,2019-11-23,2019-11-23,EXCLUDE,GF-1175
28562717,78,2019-11-30,2019-11-30,EXCLUDE,GF-1175
28562717,78,2019-12-05,2019-12-05,EXCLUDE,GF-1175
28562717,78,2019-12-08,2019-12-08,EXCLUDE,GF-1175
28562717,78,2019-12-16,2019-12-16,EXCLUDE,GF-1175
28562717,78,2019-12-21,2019-12-21,EXCLUDE,GF-1175
28562717,78,2019-12-26,2019-12-26,EXCLUDE,GF-1175
28562717,78,2019-12-28,2019-12-28,EXCLUDE,GF-1175
28562717,78,2020-01-01,2020-01-01,EXCLUDE,GF-1175
28562717,78,2020-01-11,2020-01-11,EXCLUDE,GF-1175
28562717,78,2020-01-18,2020-01-18,EXCLUDE,GF-1175
28562717,78,2020-01-21,2020-01-21,EXCLUDE,GF-1175
28562717,78,2020-02-01,2020-02-01,EXCLUDE,GF-1175
28562717,78,2020-02-08,2020-02-08,EXCLUDE,GF-1175
28562717,78,2020-02-22,2020-02-22,EXCLUDE,GF-1175
28562717,78,2020-02-29,2020-02-29,EXCLUDE,GF-1175
28562717,78,2020-03-07,2020-03-07,EXCLUDE,GF-1175
28562717,78,2020-06-20,2020-06-20,EXCLUDE,GF-1175
28562717,78,2020-06-23,2020-06-23,EXCLUDE,GF-1175
28562717,78,2020-06-30,2020-06-30,EXCLUDE,GF-1175
28562717,78,2020-07-04,2020-07-04,EXCLUDE,GF-1175
28562717,78,2020-07-08,2020-07-08,EXCLUDE,GF-1175
28562717,78,2020-07-11,2020-07-11,EXCLUDE,GF-1175
28562717,78,2020-07-16,2020-07-16,EXCLUDE,GF-1175
28562717,78,2020-07-20,2020-07-20,EXCLUDE,GF-1175
28562717,78,2020-07-26,2020-07-26,EXCLUDE,GF-1175
900530916,78,2019-08-10,2019-08-10,EXCLUDE,GF-1176
900530916,78,2019-08-17,2019-08-17,EXCLUDE,GF-1176
900530916,78,2019-08-24,2019-08-24,EXCLUDE,GF-1176
900530916,78,2019-08-31,2019-08-31,EXCLUDE,GF-1176
900530916,78,2019-09-14,2019-09-14,EXCLUDE,GF-1176
900530916,78,2019-09-21,2019-09-21,EXCLUDE,GF-1176
900530916,78,2019-09-28,2019-09-28,EXCLUDE,GF-1176
900530916,78,2019-10-05,2019-10-05,EXCLUDE,GF-1176
900530916,78,2019-10-19,2019-10-19,EXCLUDE,GF-1176
900530916,78,2019-10-26,2019-10-26,EXCLUDE,GF-1176
900530916,78,2019-11-02,2019-11-02,EXCLUDE,GF-1176
900530916,78,2019-11-10,2019-11-10,EXCLUDE,GF-1176
900530916,78,2019-11-23,2019-11-23,EXCLUDE,GF-1176
900530916,78,2019-11-30,2019-11-30,EXCLUDE,GF-1176
900530916,78,2019-12-05,2019-12-05,EXCLUDE,GF-1176
900530916,78,2019-12-08,2019-12-08,EXCLUDE,GF-1176
900530916,78,2019-12-16,2019-12-16,EXCLUDE,GF-1176
900530916,78,2019-12-21,2019-12-21,EXCLUDE,GF-1176
900530916,78,2019-12-26,2019-12-26,EXCLUDE,GF-1176
900530916,78,2019-12-28,2019-12-28,EXCLUDE,GF-1176
900530916,78,2020-01-01,2020-01-01,EXCLUDE,GF-1176
900530916,78,2020-01-11,2020-01-11,EXCLUDE,GF-1176
900530916,78,2020-01-18,2020-01-18,EXCLUDE,GF-1176
900530916,78,2020-01-21,2020-01-21,EXCLUDE,GF-1176
900530916,78,2020-02-01,2020-02-01,EXCLUDE,GF-1176
900530916,78,2020-02-08,2020-02-08,EXCLUDE,GF-1176
900530916,78,2020-02-22,2020-02-22,EXCLUDE,GF-1176
900530916,78,2020-02-29,2020-02-29,EXCLUDE,GF-1176
900530916,78,2020-03-07,2020-03-07,EXCLUDE,GF-1176
900530916,78,2020-06-20,2020-06-20,EXCLUDE,GF-1176
900530916,78,2020-06-23,2020-06-23,EXCLUDE,GF-1176
900530916,78,2020-06-30,2020-06-30,EXCLUDE,GF-1176
900530916,78,2020-07-04,2020-07-04,EXCLUDE,GF-1176
900530916,78,2020-07-08,2020-07-08,EXCLUDE,GF-1176
900530916,78,2020-07-11,2020-07-11,EXCLUDE,GF-1176
900530916,78,2020-07-16,2020-07-16,EXCLUDE,GF-1176
900530916,78,2020-07-20,2020-07-20,EXCLUDE,GF-1176
900530916,78,2020-07-26,2020-07-26,EXCLUDE,GF-1176
21802858,78,2019-08-10,2019-08-10,EXCLUDE,GF-1177
21802858,78,2019-08-17,2019-08-17,EXCLUDE,GF-1177
21802858,78,2019-08-24,2019-08-24,EXCLUDE,GF-1177
21802858,78,2019-08-31,2019-08-31,EXCLUDE,GF-1177
21802858,78,2019-09-14,2019-09-14,EXCLUDE,GF-1177
21802858,78,2019-09-21,2019-09-21,EXCLUDE,GF-1177
21802858,78,2019-09-28,2019-09-28,EXCLUDE,GF-1177
21802858,78,2019-10-05,2019-10-05,EXCLUDE,GF-1177
21802858,78,2019-10-19,2019-10-19,EXCLUDE,GF-1177
21802858,78,2019-10-26,2019-10-26,EXCLUDE,GF-1177
21802858,78,2019-11-02,2019-11-02,EXCLUDE,GF-1177
21802858,78,2019-11-10,2019-11-10,EXCLUDE,GF-1177
21802858,78,2019-11-23,2019-11-23,EXCLUDE,GF-1177
21802858,78,2019-11-30,2019-11-30,EXCLUDE,GF-1177
21802858,78,2019-12-05,2019-12-05,EXCLUDE,GF-1177
21802858,78,2019-12-08,2019-12-08,EXCLUDE,GF-1177
21802858,78,2019-12-16,2019-12-16,EXCLUDE,GF-1177
21802858,78,2019-12-21,2019-12-21,EXCLUDE,GF-1177
21802858,78,2019-12-26,2019-12-26,EXCLUDE,GF-1177
21802858,78,2019-12-28,2019-12-28,EXCLUDE,GF-1177
21802858,78,2020-01-01,2020-01-01,EXCLUDE,GF-1177
21802858,78,2020-01-11,2020-01-11,EXCLUDE,GF-1177
21802858,78,2020-01-18,2020-01-18,EXCLUDE,GF-1177
21802858,78,2020-01-21,2020-01-21,EXCLUDE,GF-1177
21802858,78,2020-02-01,2020-02-01,EXCLUDE,GF-1177
21802858,78,2020-02-08,2020-02-08,EXCLUDE,GF-1177
21802858,78,2020-02-22,2020-02-22,EXCLUDE,GF-1177
21802858,78,2020-02-29,2020-02-29,EXCLUDE,GF-1177
21802858,78,2020-03-07,2020-03-07,EXCLUDE,GF-1177
21802858,78,2020-06-20,2020-06-20,EXCLUDE,GF-1177
21802858,78,2020-06-23,2020-06-23,EXCLUDE,GF-1177
21802858,78,2020-06-30,2020-06-30,EXCLUDE,GF-1177
21802858,78,2020-07-04,2020-07-04,EXCLUDE,GF-1177
21802858,78,2020-07-08,2020-07-08,EXCLUDE,GF-1177
21802858,78,2020-07-11,2020-07-11,EXCLUDE,GF-1177
21802858,78,2020-07-16,2020-07-16,EXCLUDE,GF-1177
21802858,78,2020-07-20,2020-07-20,EXCLUDE,GF-1177
21802858,78,2020-07-26,2020-07-26,EXCLUDE,GF-1177
900536521,78,2019-08-10,2019-08-10,EXCLUDE,GF-1178
900536521,78,2019-08-17,2019-08-17,EXCLUDE,GF-1178
900536521,78,2019-08-24,2019-08-24,EXCLUDE,GF-1178
900536521,78,2019-08-31,2019-08-31,EXCLUDE,GF-1178
900536521,78,2019-09-14,2019-09-14,EXCLUDE,GF-1178
900536521,78,2019-09-21,2019-09-21,EXCLUDE,GF-1178
900536521,78,2019-09-28,2019-09-28,EXCLUDE,GF-1178
900536521,78,2019-10-05,2019-10-05,EXCLUDE,GF-1178
900536521,78,2019-10-19,2019-10-19,EXCLUDE,GF-1178
900536521,78,2019-10-26,2019-10-26,EXCLUDE,GF-1178
900536521,78,2019-11-02,2019-11-02,EXCLUDE,GF-1178
900536521,78,2019-11-10,2019-11-10,EXCLUDE,GF-1178
900536521,78,2019-11-23,2019-11-23,EXCLUDE,GF-1178
900536521,78,2019-11-30,2019-11-30,EXCLUDE,GF-1178
900536521,78,2019-12-05,2019-12-05,EXCLUDE,GF-1178
900536521,78,2019-12-08,2019-12-08,EXCLUDE,GF-1178
900536521,78,2019-12-16,2019-12-16,EXCLUDE,GF-1178
900536521,78,2019-12-21,2019-12-21,EXCLUDE,GF-1178
900536521,78,2019-12-26,2019-12-26,EXCLUDE,GF-1178
900536521,78,2019-12-28,2019-12-28,EXCLUDE,GF-1178
900536521,78,2020-01-01,2020-01-01,EXCLUDE,GF-1178
900536521,78,2020-01-11,2020-01-11,EXCLUDE,GF-1178
900536521,78,2020-01-18,2020-01-18,EXCLUDE,GF-1178
900536521,78,2020-01-21,2020-01-21,EXCLUDE,GF-1178
900536521,78,2020-02-01,2020-02-01,EXCLUDE,GF-1178
900536521,78,2020-02-08,2020-02-08,EXCLUDE,GF-1178
900536521,78,2020-02-22,2020-02-22,EXCLUDE,GF-1178
900536521,78,2020-02-29,2020-02-29,EXCLUDE,GF-1178
900536521,78,2020-03-07,2020-03-07,EXCLUDE,GF-1178
900536521,78,2020-06-20,2020-06-20,EXCLUDE,GF-1178
900536521,78,2020-06-23,2020-06-23,EXCLUDE,GF-1178
900536521,78,2020-06-30,2020-06-30,EXCLUDE,GF-1178
900536521,78,2020-07-04,2020-07-04,EXCLUDE,GF-1178
900536521,78,2020-07-08,2020-07-08,EXCLUDE,GF-1178
900536521,78,2020-07-11,2020-07-11,EXCLUDE,GF-1178
900536521,78,2020-07-16,2020-07-16,EXCLUDE,GF-1178
900536521,78,2020-07-20,2020-07-20,EXCLUDE,GF-1178
900536521,78,2020-07-26,2020-07-26,EXCLUDE,GF-1178
383,1,2021-01-01,2021-01-01,EXCLUDE,GF-1180
383,1,2021-01-16,2021-01-16,EXCLUDE,GF-1180
383,1,2021-01-19,2021-01-19,EXCLUDE,GF-1180
383,1,2021-01-26,2021-01-26,EXCLUDE,GF-1180
383,1,2021-01-31,2021-01-31,EXCLUDE,GF-1180
717,1,2020-09-12,2020-09-12,EXCLUDE,GF-1181
717,1,2020-09-19,2020-09-19,EXCLUDE,GF-1181
717,1,2020-09-27,2020-09-27,EXCLUDE,GF-1181
717,1,2020-10-04,2020-10-04,EXCLUDE,GF-1181
4244,1,2020-09-12,2020-09-12,EXCLUDE,GF-1182
4244,1,2020-09-19,2020-09-19,EXCLUDE,GF-1182
4244,1,2020-09-27,2020-09-27,EXCLUDE,GF-1182
4244,1,2020-10-04,2020-10-04,EXCLUDE,GF-1182
160336,1,2020-09-12,2020-09-12,EXCLUDE,GF-1183
160336,1,2020-09-19,2020-09-19,EXCLUDE,GF-1183
160336,1,2020-09-27,2020-09-27,EXCLUDE,GF-1183
160336,1,2020-10-04,2020-10-04,EXCLUDE,GF-1183
129017,1,2020-09-12,2020-09-12,EXCLUDE,GF-1184
129017,1,2020-09-19,2020-09-19,EXCLUDE,GF-1184
129017,1,2020-09-27,2020-09-27,EXCLUDE,GF-1184
129017,1,2020-10-04,2020-10-04,EXCLUDE,GF-1184
129017,1,2020-10-18,2020-10-18,EXCLUDE,GF-1184
129017,1,2020-10-24,2020-10-24,EXCLUDE,GF-1184
129017,1,2020-10-31,2020-10-31,EXCLUDE,GF-1184
129017,1,2020-11-07,2020-11-07,EXCLUDE,GF-1184
129017,1,2020-11-22,2020-11-22,EXCLUDE,GF-1184
129017,1,2020-11-30,2020-11-30,EXCLUDE,GF-1184
129017,1,2020-12-05,2020-12-05,EXCLUDE,GF-1184
129017,1,2020-12-11,2020-12-11,EXCLUDE,GF-1184
129017,1,2020-12-16,2020-12-16,EXCLUDE,GF-1184
129017,1,2020-12-21,2020-12-21,EXCLUDE,GF-1184
129017,1,2020-12-27,2020-12-27,EXCLUDE,GF-1184
129017,1,2020-12-29,2020-12-29,EXCLUDE,GF-1184
129017,1,2021-01-01,2021-01-01,EXCLUDE,GF-1184
129017,1,2021-01-16,2021-01-16,EXCLUDE,GF-1184
129017,1,2021-01-19,2021-01-19,EXCLUDE,GF-1184
129017,1,2021-01-26,2021-01-26,EXCLUDE,GF-1184
129017,1,2021-01-31,2021-01-31,EXCLUDE,GF-1184
129017,1,2021-02-03,2021-02-03,EXCLUDE,GF-1184
129017,1,2021-02-06,2021-02-06,EXCLUDE,GF-1184
129017,1,2021-02-15,2021-02-15,EXCLUDE,GF-1184
129017,1,2021-02-21,2021-02-21,EXCLUDE,GF-1184
129017,1,2021-02-27,2021-02-27,EXCLUDE,GF-1184
129017,1,2021-03-08,2021-03-08,EXCLUDE,GF-1184
129017,1,2021-03-14,2021-03-14,EXCLUDE,GF-1184
129017,1,2021-03-21,2021-03-21,EXCLUDE,GF-1184
129017,1,2021-04-05,2021-04-05,EXCLUDE,GF-1184
129017,1,2021-04-11,2021-04-11,EXCLUDE,GF-1184
129017,1,2021-04-17,2021-04-17,EXCLUDE,GF-1184
129017,1,2021-04-24,2021-04-24,EXCLUDE,GF-1184
129017,1,2021-05-03,2021-05-03,EXCLUDE,GF-1184
129017,1,2021-05-09,2021-05-09,EXCLUDE,GF-1184
129017,1,2021-05-15,2021-05-15,EXCLUDE,GF-1184
129017,1,2021-05-19,2021-05-19,EXCLUDE,GF-1184
129017,1,2021-05-23,2021-05-23,EXCLUDE,GF-1184
18683,1,2020-09-12,2020-09-12,EXCLUDE,GF-1186
18683,1,2020-09-19,2020-09-19,EXCLUDE,GF-1186
18683,1,2020-09-27,2020-09-27,EXCLUDE,GF-1186
18683,1,2020-10-04,2020-10-04,EXCLUDE,GF-1186
18683,1,2020-10-18,2020-10-18,EXCLUDE,GF-1186
18683,1,2020-10-24,2020-10-24,EXCLUDE,GF-1186
18683,1,2020-10-31,2020-10-31,EXCLUDE,GF-1186
18683,1,2020-11-07,2020-11-07,EXCLUDE,GF-1186
18683,1,2020-11-22,2020-11-22,EXCLUDE,GF-1186
18683,1,2020-11-30,2020-11-30,EXCLUDE,GF-1186
18683,1,2020-12-05,2020-12-05,EXCLUDE,GF-1186
18683,1,2020-12-11,2020-12-11,EXCLUDE,GF-1186
18683,1,2020-12-16,2020-12-16,EXCLUDE,GF-1186
18683,1,2020-12-21,2020-12-21,EXCLUDE,GF-1186
18683,1,2020-12-27,2020-12-27,EXCLUDE,GF-1186
18683,1,2020-12-29,2020-12-29,EXCLUDE,GF-1186
18683,1,2021-01-01,2021-01-01,EXCLUDE,GF-1186
18683,1,2021-01-16,2021-01-16,EXCLUDE,GF-1186
18683,1,2021-01-19,2021-01-19,EXCLUDE,GF-1186
18683,1,2021-01-26,2021-01-26,EXCLUDE,GF-1186
18683,1,2021-01-31,2021-01-31,EXCLUDE,GF-1186
2875848,1,2020-09-12,2020-09-12,EXCLUDE,GF-1187
2875848,1,2020-09-19,2020-09-19,EXCLUDE,GF-1187
2875848,1,2020-09-27,2020-09-27,EXCLUDE,GF-1187
2875848,1,2020-10-04,2020-10-04,EXCLUDE,GF-1187
2875848,1,2020-10-18,2020-10-18,EXCLUDE,GF-1187
2875848,1,2020-10-24,2020-10-24,EXCLUDE,GF-1187
2875848,1,2020-10-31,2020-10-31,EXCLUDE,GF-1187
2875848,1,2020-11-07,2020-11-07,EXCLUDE,GF-1187
2875848,1,2020-11-22,2020-11-22,EXCLUDE,GF-1187
2875848,1,2020-11-30,2020-11-30,EXCLUDE,GF-1187
2875848,1,2020-12-05,2020-12-05,EXCLUDE,GF-1187
2875848,1,2020-12-11,2020-12-11,EXCLUDE,GF-1187
2875848,1,2020-12-16,2020-12-16,EXCLUDE,GF-1187
2875848,1,2020-12-21,2020-12-21,EXCLUDE,GF-1187
2875848,1,2020-12-27,2020-12-27,EXCLUDE,GF-1187
2875848,1,2020-12-29,2020-12-29,EXCLUDE,GF-1187
2875848,1,2021-01-01,2021-01-01,EXCLUDE,GF-1187
2875848,1,2021-01-16,2021-01-16,EXCLUDE,GF-1187
2875848,1,2021-01-19,2021-01-19,EXCLUDE,GF-1187
2875848,1,2021-01-26,2021-01-26,EXCLUDE,GF-1187
2875848,1,2021-01-31,2021-01-31,EXCLUDE,GF-1187
4969690,1,2020-09-12,2020-09-12,EXCLUDE,GF-1188
4969690,1,2020-09-19,2020-09-19,EXCLUDE,GF-1188
4969690,1,2020-09-27,2020-09-27,EXCLUDE,GF-1188
4969690,1,2020-10-04,2020-10-04,EXCLUDE,GF-1188
4969690,1,2020-10-18,2020-10-18,EXCLUDE,GF-1188
4969690,1,2020-10-24,2020-10-24,EXCLUDE,GF-1188
4969690,1,2020-10-31,2020-10-31,EXCLUDE,GF-1188
4969690,1,2020-11-07,2020-11-07,EXCLUDE,GF-1188
4969690,1,2020-11-22,2020-11-22,EXCLUDE,GF-1188
4969690,1,2020-11-30,2020-11-30,EXCLUDE,GF-1188
4969690,1,2020-12-05,2020-12-05,EXCLUDE,GF-1188
4969690,1,2020-12-11,2020-12-11,EXCLUDE,GF-1188
4969690,1,2020-12-16,2020-12-16,EXCLUDE,GF-1188
4969690,1,2020-12-21,2020-12-21,EXCLUDE,GF-1188
4969690,1,2020-12-27,2020-12-27,EXCLUDE,GF-1188
4969690,1,2020-12-29,2020-12-29,EXCLUDE,GF-1188
4969690,1,2021-01-01,2021-01-01,EXCLUDE,GF-1188
4969690,1,2021-01-16,2021-01-16,EXCLUDE,GF-1188
4969690,1,2021-01-19,2021-01-19,EXCLUDE,GF-1188
4969690,1,2021-01-26,2021-01-26,EXCLUDE,GF-1188
4969690,1,2021-01-31,2021-01-31,EXCLUDE,GF-1188
4969690,1,2021-02-03,2021-02-03,EXCLUDE,GF-1188
4969690,1,2021-02-06,2021-02-06,EXCLUDE,GF-1188
4969690,1,2021-02-15,2021-02-15,EXCLUDE,GF-1188
4969690,1,2021-02-21,2021-02-21,EXCLUDE,GF-1188
4969690,1,2021-02-27,2021-02-27,EXCLUDE,GF-1188
4969690,1,2021-03-08,2021-03-08,EXCLUDE,GF-1188
4969690,1,2021-03-14,2021-03-14,EXCLUDE,GF-1188
4969690,1,2021-03-21,2021-03-21,EXCLUDE,GF-1188
4969690,1,2021-04-05,2021-04-05,EXCLUDE,GF-1188
4969690,1,2021-04-11,2021-04-11,EXCLUDE,GF-1188
4969690,1,2021-04-17,2021-04-17,EXCLUDE,GF-1188
4969690,1,2021-04-24,2021-04-24,EXCLUDE,GF-1188
4969690,1,2021-05-03,2021-05-03,EXCLUDE,GF-1188
4969690,1,2021-05-09,2021-05-09,EXCLUDE,GF-1188
4969690,1,2021-05-15,2021-05-15,EXCLUDE,GF-1188
4969690,1,2021-05-19,2021-05-19,EXCLUDE,GF-1188
4969690,1,2021-05-23,2021-05-23,EXCLUDE,GF-1188
31626620,1,2020-09-12,2020-09-12,EXCLUDE,GF-1190
31626620,1,2020-09-19,2020-09-19,EXCLUDE,GF-1190
31626620,1,2020-09-27,2020-09-27,EXCLUDE,GF-1190
31626620,1,2020-10-04,2020-10-04,EXCLUDE,GF-1190
31626620,1,2020-10-18,2020-10-18,EXCLUDE,GF-1190
31626620,1,2020-10-24,2020-10-24,EXCLUDE,GF-1190
31626620,1,2020-10-31,2020-10-31,EXCLUDE,GF-1190
31626620,1,2020-11-07,2020-11-07,EXCLUDE,GF-1190
31626620,1,2020-11-22,2020-11-22,EXCLUDE,GF-1190
31626620,1,2020-11-30,2020-11-30,EXCLUDE,GF-1190
31626620,1,2020-12-05,2020-12-05,EXCLUDE,GF-1190
31626620,1,2020-12-11,2020-12-11,EXCLUDE,GF-1190
31626620,1,2020-12-16,2020-12-16,EXCLUDE,GF-1190
31626620,1,2020-12-21,2020-12-21,EXCLUDE,GF-1190
31626620,1,2020-12-27,2020-12-27,EXCLUDE,GF-1190
31626620,1,2020-12-29,2020-12-29,EXCLUDE,GF-1190
31626620,1,2021-01-01,2021-01-01,EXCLUDE,GF-1190
31626620,1,2021-01-16,2021-01-16,EXCLUDE,GF-1190
31626620,1,2021-01-19,2021-01-19,EXCLUDE,GF-1190
31626620,1,2021-01-26,2021-01-26,EXCLUDE,GF-1190
31626620,1,2021-01-31,2021-01-31,EXCLUDE,GF-1190
31626620,1,2021-02-03,2021-02-03,EXCLUDE,GF-1190
31626620,1,2021-02-06,2021-02-06,EXCLUDE,GF-1190
31626620,1,2021-02-15,2021-02-15,EXCLUDE,GF-1190
31626620,1,2021-02-21,2021-02-21,EXCLUDE,GF-1190
31626620,1,2021-02-27,2021-02-27,EXCLUDE,GF-1190
31626620,1,2021-03-08,2021-03-08,EXCLUDE,GF-1190
31626620,1,2021-03-14,2021-03-14,EXCLUDE,GF-1190
31626620,1,2021-03-21,2021-03-21,EXCLUDE,GF-1190
31626620,1,2021-04-05,2021-04-05,EXCLUDE,GF-1190
31626620,1,2021-04-11,2021-04-11,EXCLUDE,GF-1190
31626620,1,2021-04-17,2021-04-17,EXCLUDE,GF-1190
31626620,1,2021-04-24,2021-04-24,EXCLUDE,GF-1190
31626620,1,2021-05-03,2021-05-03,EXCLUDE,GF-1190
31626620,1,2021-05-09,2021-05-09,EXCLUDE,GF-1190
31626620,1,2021-05-15,2021-05-15,EXCLUDE,GF-1190
31626620,1,2021-05-19,2021-05-19,EXCLUDE,GF-1190
31626620,1,2021-05-23,2021-05-23,EXCLUDE,GF-1190
19625221,1,2020-09-12,2020-09-12,EXCLUDE,GF-1191
19625221,1,2020-09-19,2020-09-19,EXCLUDE,GF-1191
19625221,1,2020-09-27,2020-09-27,EXCLUDE,GF-1191
19625221,1,2020-10-04,2020-10-04,EXCLUDE,GF-1191
19625221,1,2020-10-18,2020-10-18,EXCLUDE,GF-1191
19625221,1,2020-10-24,2020-10-24,EXCLUDE,GF-1191
19625221,1,2020-10-31,2020-10-31,EXCLUDE,GF-1191
19625221,1,2020-11-07,2020-11-07,EXCLUDE,GF-1191
19625221,1,2020-11-22,2020-11-22,EXCLUDE,GF-1191
19625221,1,2020-11-30,2020-11-30,EXCLUDE,GF-1191
19625221,1,2020-12-05,2020-12-05,EXCLUDE,GF-1191
19625221,1,2020-12-11,2020-12-11,EXCLUDE,GF-1191
19625221,1,2020-12-16,2020-12-16,EXCLUDE,GF-1191
19625221,1,2020-12-21,2020-12-21,EXCLUDE,GF-1191
19625221,1,2020-12-27,2020-12-27,EXCLUDE,GF-1191
19625221,1,2020-12-29,2020-12-29,EXCLUDE,GF-1191
19625221,1,2021-01-01,2021-01-01,EXCLUDE,GF-1191
19625221,1,2021-01-16,2021-01-16,EXCLUDE,GF-1191
19625221,1,2021-01-19,2021-01-19,EXCLUDE,GF-1191
19625221,1,2021-01-26,2021-01-26,EXCLUDE,GF-1191
1411,6,2020-09-13,2020-09-13,EXCLUDE,GF-1195
1411,6,2020-09-20,2020-09-20,EXCLUDE,GF-1195
1411,6,2020-09-27,2020-09-27,EXCLUDE,GF-1195
1411,6,2020-10-04,2020-10-04,EXCLUDE,GF-1195
1411,6,2020-10-18,2020-10-18,EXCLUDE,GF-1195
1411,6,2020-10-26,2020-10-26,EXCLUDE,GF-1195
1411,6,2020-11-01,2020-11-01,EXCLUDE,GF-1195
1411,6,2020-11-08,2020-11-08,EXCLUDE,GF-1195
1411,6,2020-11-21,2020-11-21,EXCLUDE,GF-1195
1411,6,2020-11-29,2020-11-29,EXCLUDE,GF-1195
1411,6,2020-12-06,2020-12-06,EXCLUDE,GF-1195
1411,6,2020-12-13,2020-12-13,EXCLUDE,GF-1195
1411,6,2020-12-16,2020-12-16,EXCLUDE,GF-1195
1411,6,2020-12-20,2020-12-20,EXCLUDE,GF-1195
1411,6,2020-12-27,2020-12-27,EXCLUDE,GF-1195
1411,6,2021-01-02,2021-01-02,EXCLUDE,GF-1195
1411,6,2021-01-13,2021-01-13,EXCLUDE,GF-1195
1411,6,2021-01-17,2021-01-17,EXCLUDE,GF-1195
1411,6,2021-01-28,2021-01-28,EXCLUDE,GF-1195
1411,6,2021-01-31,2021-01-31,EXCLUDE,GF-1195
1712,6,2020-09-13,2020-09-13,EXCLUDE,GF-1196
1712,6,2020-09-20,2020-09-20,EXCLUDE,GF-1196
1712,6,2020-09-27,2020-09-27,EXCLUDE,GF-1196
1712,6,2020-10-04,2020-10-04,EXCLUDE,GF-1196
9308199,6,2020-10-04,2020-10-04,EXCLUDE,GF-1197
9308199,6,2020-10-18,2020-10-18,EXCLUDE,GF-1197
9308199,6,2020-10-26,2020-10-26,EXCLUDE,GF-1197
9308199,6,2020-11-01,2020-11-01,EXCLUDE,GF-1197
9308199,6,2020-11-08,2020-11-08,EXCLUDE,GF-1197
9308199,6,2020-11-21,2020-11-21,EXCLUDE,GF-1197
9308199,6,2020-11-29,2020-11-29,EXCLUDE,GF-1197
9308199,6,2020-12-06,2020-12-06,EXCLUDE,GF-1197
9308199,6,2020-12-13,2020-12-13,EXCLUDE,GF-1197
9308199,6,2020-12-16,2020-12-16,EXCLUDE,GF-1197
9308199,6,2020-12-20,2020-12-20,EXCLUDE,GF-1197
9308199,6,2020-12-27,2020-12-27,EXCLUDE,GF-1197
9308199,6,2021-01-02,2021-01-02,EXCLUDE,GF-1197
9308199,6,2021-01-13,2021-01-13,EXCLUDE,GF-1197
9308199,6,2021-01-17,2021-01-17,EXCLUDE,GF-1197
9308199,6,2021-01-28,2021-01-28,EXCLUDE,GF-1197
9308199,6,2021-01-31,2021-01-31,EXCLUDE,GF-1197
9308199,6,2021-02-04,2021-02-04,EXCLUDE,GF-1197
9308199,6,2021-02-07,2021-02-07,EXCLUDE,GF-1197
9308199,6,2021-02-13,2021-02-13,EXCLUDE,GF-1197
9308199,6,2021-02-21,2021-02-21,EXCLUDE,GF-1197
9308199,6,2021-02-28,2021-02-28,EXCLUDE,GF-1197
9308199,6,2021-03-04,2021-03-04,EXCLUDE,GF-1197
9308199,6,2021-03-07,2021-03-07,EXCLUDE,GF-1197
9308199,6,2021-03-14,2021-03-14,EXCLUDE,GF-1197
9308199,6,2021-03-21,2021-03-21,EXCLUDE,GF-1197
9308199,6,2021-04-04,2021-04-04,EXCLUDE,GF-1197
9308199,6,2021-04-11,2021-04-11,EXCLUDE,GF-1197
9308199,6,2021-04-16,2021-04-16,EXCLUDE,GF-1197
9308199,6,2021-04-21,2021-04-21,EXCLUDE,GF-1197
9308199,6,2021-05-02,2021-05-02,EXCLUDE,GF-1197
9308199,6,2021-05-08,2021-05-08,EXCLUDE,GF-1197
9308199,6,2021-05-16,2021-05-16,EXCLUDE,GF-1197
9308199,6,2021-05-19,2021-05-19,EXCLUDE,GF-1197
9308199,6,2021-05-23,2021-05-23,EXCLUDE,GF-1197
6610,6,2020-09-13,2020-09-13,EXCLUDE,GF-1198
6610,6,2020-09-20,2020-09-20,EXCLUDE,GF-1198
6610,6,2020-09-27,2020-09-27,EXCLUDE,GF-1198
6610,6,2020-10-04,2020-10-04,EXCLUDE,GF-1198
8403175,6,2020-09-13,2020-09-13,EXCLUDE,GF-1200
8403175,6,2020-09-20,2020-09-20,EXCLUDE,GF-1200
8403175,6,2020-09-27,2020-09-27,EXCLUDE,GF-1200
8403175,6,2020-10-04,2020-10-04,EXCLUDE,GF-1200
8403175,6,2020-10-18,2020-10-18,EXCLUDE,GF-1200
8403175,6,2020-10-26,2020-10-26,EXCLUDE,GF-1200
8403175,6,2020-11-01,2020-11-01,EXCLUDE,GF-1200
8403175,6,2020-11-08,2020-11-08,EXCLUDE,GF-1200
8403175,6,2020-11-21,2020-11-21,EXCLUDE,GF-1200
8403175,6,2020-11-29,2020-11-29,EXCLUDE,GF-1200
8403175,6,2020-12-06,2020-12-06,EXCLUDE,GF-1200
8403175,6,2020-12-13,2020-12-13,EXCLUDE,GF-1200
8403175,6,2020-12-16,2020-12-16,EXCLUDE,GF-1200
8403175,6,2020-12-20,2020-12-20,EXCLUDE,GF-1200
8403175,6,2020-12-27,2020-12-27,EXCLUDE,GF-1200
8403175,6,2021-01-02,2021-01-02,EXCLUDE,GF-1200
8403175,6,2021-01-13,2021-01-13,EXCLUDE,GF-1200
8403175,6,2021-01-17,2021-01-17,EXCLUDE,GF-1200
8403175,6,2021-01-28,2021-01-28,EXCLUDE,GF-1200
8403175,6,2021-01-31,2021-01-31,EXCLUDE,GF-1200
8403175,6,2021-02-04,2021-02-04,EXCLUDE,GF-1200
8403175,6,2021-02-07,2021-02-07,EXCLUDE,GF-1200
8403175,6,2021-02-13,2021-02-13,EXCLUDE,GF-1200
8403175,6,2021-02-21,2021-02-21,EXCLUDE,GF-1200
8403175,6,2021-02-28,2021-02-28,EXCLUDE,GF-1200
8403175,6,2021-03-04,2021-03-04,EXCLUDE,GF-1200
8403175,6,2021-03-07,2021-03-07,EXCLUDE,GF-1200
8403175,6,2021-03-14,2021-03-14,EXCLUDE,GF-1200
8403175,6,2021-03-21,2021-03-21,EXCLUDE,GF-1200
8403175,6,2021-04-04,2021-04-04,EXCLUDE,GF-1200
8403175,6,2021-04-11,2021-04-11,EXCLUDE,GF-1200
8403175,6,2021-04-16,2021-04-16,EXCLUDE,GF-1200
8403175,6,2021-04-21,2021-04-21,EXCLUDE,GF-1200
8403175,6,2021-05-02,2021-05-02,EXCLUDE,GF-1200
8403175,6,2021-05-08,2021-05-08,EXCLUDE,GF-1200
8403175,6,2021-05-16,2021-05-16,EXCLUDE,GF-1200
8403175,6,2021-05-19,2021-05-19,EXCLUDE,GF-1200
8403175,6,2021-05-23,2021-05-23,EXCLUDE,GF-1200
23697536,6,2020-09-13,2020-09-13,EXCLUDE,GF-1201
23697536,6,2020-09-20,2020-09-20,EXCLUDE,GF-1201
23697536,6,2020-09-27,2020-09-27,EXCLUDE,GF-1201
23697536,6,2020-10-04,2020-10-04,EXCLUDE,GF-1201
23697536,6,2020-10-18,2020-10-18,EXCLUDE,GF-1201
23697536,6,2020-10-26,2020-10-26,EXCLUDE,GF-1201
23697536,6,2020-11-01,2020-11-01,EXCLUDE,GF-1201
23697536,6,2020-11-08,2020-11-08,EXCLUDE,GF-1201
23697536,6,2020-11-21,2020-11-21,EXCLUDE,GF-1201
23697536,6,2020-11-29,2020-11-29,EXCLUDE,GF-1201
23697536,6,2020-12-06,2020-12-06,EXCLUDE,GF-1201
23697536,6,2020-12-13,2020-12-13,EXCLUDE,GF-1201
23697536,6,2020-12-16,2020-12-16,EXCLUDE,GF-1201
23697536,6,2020-12-20,2020-12-20,EXCLUDE,GF-1201
23697536,6,2020-12-27,2020-12-27,EXCLUDE,GF-1201
23697536,6,2021-01-02,2021-01-02,EXCLUDE,GF-1201
23697536,6,2021-01-13,2021-01-13,EXCLUDE,GF-1201
23697536,6,2021-01-17,2021-01-17,EXCLUDE,GF-1201
23697536,6,2021-01-28,2021-01-28,EXCLUDE,GF-1201
23697536,6,2021-01-31,2021-01-31,EXCLUDE,GF-1201
23697536,6,2021-02-04,2021-02-04,EXCLUDE,GF-1201
23697536,6,2021-02-07,2021-02-07,EXCLUDE,GF-1201
23697536,6,2021-02-13,2021-02-13,EXCLUDE,GF-1201
23697536,6,2021-02-21,2021-02-21,EXCLUDE,GF-1201
23697536,6,2021-02-28,2021-02-28,EXCLUDE,GF-1201
23697536,6,2021-03-04,2021-03-04,EXCLUDE,GF-1201
23697536,6,2021-03-07,2021-03-07,EXCLUDE,GF-1201
23697536,6,2021-03-14,2021-03-14,EXCLUDE,GF-1201
23697536,6,2021-03-21,2021-03-21,EXCLUDE,GF-1201
23697536,6,2021-04-04,2021-04-04,EXCLUDE,GF-1201
23697536,6,2021-04-11,2021-04-11,EXCLUDE,GF-1201
23697536,6,2021-04-16,2021-04-16,EXCLUDE,GF-1201
23697536,6,2021-04-21,2021-04-21,EXCLUDE,GF-1201
23697536,6,2021-05-02,2021-05-02,EXCLUDE,GF-1201
23697536,6,2021-05-08,2021-05-08,EXCLUDE,GF-1201
23697536,6,2021-05-16,2021-05-16,EXCLUDE,GF-1201
23697536,6,2021-05-19,2021-05-19,EXCLUDE,GF-1201
23697536,6,2021-05-23,2021-05-23,EXCLUDE,GF-1201
10310765,6,2020-09-13,2020-09-13,EXCLUDE,GF-1203
10310765,6,2020-09-20,2020-09-20,EXCLUDE,GF-1203
10310765,6,2020-09-27,2020-09-27,EXCLUDE,GF-1203
10310765,6,2020-10-04,2020-10-04,EXCLUDE,GF-1203
10310765,6,2020-10-18,2020-10-18,EXCLUDE,GF-1203
10310765,6,2020-10-26,2020-10-26,EXCLUDE,GF-1203
10310765,6,2020-11-01,2020-11-01,EXCLUDE,GF-1203
10310765,6,2020-11-08,2020-11-08,EXCLUDE,GF-1203
10310765,6,2020-11-21,2020-11-21,EXCLUDE,GF-1203
10310765,6,2020-11-29,2020-11-29,EXCLUDE,GF-1203
10310765,6,2020-12-06,2020-12-06,EXCLUDE,GF-1203
10310765,6,2020-12-13,2020-12-13,EXCLUDE,GF-1203
10310765,6,2020-12-16,2020-12-16,EXCLUDE,GF-1203
10310765,6,2020-12-20,2020-12-20,EXCLUDE,GF-1203
10310765,6,2020-12-27,2020-12-27,EXCLUDE,GF-1203
10310765,6,2021-01-02,2021-01-02,EXCLUDE,GF-1203
10310765,6,2021-01-13,2021-01-13,EXCLUDE,GF-1203
23697537,6,2020-09-13,2020-09-13,EXCLUDE,GF-1204
23697537,6,2020-09-20,2020-09-20,EXCLUDE,GF-1204
23697537,6,2020-09-27,2020-09-27,EXCLUDE,GF-1204
23697537,6,2020-10-04,2020-10-04,EXCLUDE,GF-1204
23697537,6,2020-10-18,2020-10-18,EXCLUDE,GF-1204
23697537,6,2020-10-26,2020-10-26,EXCLUDE,GF-1204
23697537,6,2020-11-01,2020-11-01,EXCLUDE,GF-1204
23697537,6,2020-11-08,2020-11-08,EXCLUDE,GF-1204
23697537,6,2020-11-21,2020-11-21,EXCLUDE,GF-1204
23697537,6,2020-11-29,2020-11-29,EXCLUDE,GF-1204
23697537,6,2020-12-06,2020-12-06,EXCLUDE,GF-1204
23697537,6,2020-12-13,2020-12-13,EXCLUDE,GF-1204
23697537,6,2020-12-16,2020-12-16,EXCLUDE,GF-1204
23697537,6,2020-12-20,2020-12-20,EXCLUDE,GF-1204
23697537,6,2020-12-27,2020-12-27,EXCLUDE,GF-1204
23697537,6,2021-01-02,2021-01-02,EXCLUDE,GF-1204
23697537,6,2021-01-13,2021-01-13,EXCLUDE,GF-1204
23697537,6,2021-01-17,2021-01-17,EXCLUDE,GF-1204
23697537,6,2021-01-28,2021-01-28,EXCLUDE,GF-1204
23697537,6,2021-01-31,2021-01-31,EXCLUDE,GF-1204
23697537,6,2021-02-04,2021-02-04,EXCLUDE,GF-1204
23697537,6,2021-02-07,2021-02-07,EXCLUDE,GF-1204
23697537,6,2021-02-13,2021-02-13,EXCLUDE,GF-1204
23697537,6,2021-02-21,2021-02-21,EXCLUDE,GF-1204
23697537,6,2021-02-28,2021-02-28,EXCLUDE,GF-1204
23697537,6,2021-03-04,2021-03-04,EXCLUDE,GF-1204
23697537,6,2021-03-07,2021-03-07,EXCLUDE,GF-1204
23697537,6,2021-03-14,2021-03-14,EXCLUDE,GF-1204
23697537,6,2021-03-21,2021-03-21,EXCLUDE,GF-1204
23697537,6,2021-04-04,2021-04-04,EXCLUDE,GF-1204
23697537,6,2021-04-11,2021-04-11,EXCLUDE,GF-1204
23697537,6,2021-04-16,2021-04-16,EXCLUDE,GF-1204
23697537,6,2021-04-21,2021-04-21,EXCLUDE,GF-1204
23697537,6,2021-05-02,2021-05-02,EXCLUDE,GF-1204
23697537,6,2021-05-08,2021-05-08,EXCLUDE,GF-1204
23697537,6,2021-05-16,2021-05-16,EXCLUDE,GF-1204
23697537,6,2021-05-19,2021-05-19,EXCLUDE,GF-1204
23697537,6,2021-05-23,2021-05-23,EXCLUDE,GF-1204
23277906,6,2020-09-13,2020-09-13,EXCLUDE,GF-1205
23277906,6,2020-09-20,2020-09-20,EXCLUDE,GF-1205
23277906,6,2020-09-27,2020-09-27,EXCLUDE,GF-1205
23277906,6,2020-10-04,2020-10-04,EXCLUDE,GF-1205
23277906,6,2020-10-18,2020-10-18,EXCLUDE,GF-1205
23277906,6,2020-10-26,2020-10-26,EXCLUDE,GF-1205
23277906,6,2020-11-01,2020-11-01,EXCLUDE,GF-1205
23277906,6,2020-11-08,2020-11-08,EXCLUDE,GF-1205
23277906,6,2020-11-21,2020-11-21,EXCLUDE,GF-1205
23277906,6,2020-11-29,2020-11-29,EXCLUDE,GF-1205
23277906,6,2020-12-06,2020-12-06,EXCLUDE,GF-1205
23277906,6,2020-12-13,2020-12-13,EXCLUDE,GF-1205
23277906,6,2020-12-16,2020-12-16,EXCLUDE,GF-1205
23277906,6,2020-12-20,2020-12-20,EXCLUDE,GF-1205
23277906,6,2020-12-27,2020-12-27,EXCLUDE,GF-1205
23277906,6,2021-01-02,2021-01-02,EXCLUDE,GF-1205
23277906,6,2021-01-13,2021-01-13,EXCLUDE,GF-1205
23277906,6,2021-01-17,2021-01-17,EXCLUDE,GF-1205
1918,8,2020-09-12,2020-09-12,EXCLUDE,GF-1207
1918,8,2020-09-20,2020-09-20,EXCLUDE,GF-1207
1918,8,2020-09-28,2020-09-28,EXCLUDE,GF-1207
1918,8,2020-10-04,2020-10-04,EXCLUDE,GF-1207
5403,8,2020-09-12,2020-09-12,EXCLUDE,GF-1210
5403,8,2020-09-20,2020-09-20,EXCLUDE,GF-1210
5403,8,2020-09-28,2020-09-28,EXCLUDE,GF-1210
5403,8,2020-10-04,2020-10-04,EXCLUDE,GF-1210
455354,8,2020-09-12,2020-09-12,EXCLUDE,GF-1215
455354,8,2020-09-20,2020-09-20,EXCLUDE,GF-1215
455354,8,2020-09-28,2020-09-28,EXCLUDE,GF-1215
9606060,8,2020-09-12,2020-09-12,EXCLUDE,GF-1217
9606060,8,2020-09-20,2020-09-20,EXCLUDE,GF-1217
9606060,8,2020-09-28,2020-09-28,EXCLUDE,GF-1217
9606060,8,2020-10-04,2020-10-04,EXCLUDE,GF-1217
9606060,8,2020-10-17,2020-10-17,EXCLUDE,GF-1217
9606060,8,2020-10-24,2020-10-24,EXCLUDE,GF-1217
9606060,8,2020-10-31,2020-10-31,EXCLUDE,GF-1217
9606060,8,2020-11-08,2020-11-08,EXCLUDE,GF-1217
9606060,8,2020-11-22,2020-11-22,EXCLUDE,GF-1217
9606060,8,2020-11-28,2020-11-28,EXCLUDE,GF-1217
9606060,8,2020-12-06,2020-12-06,EXCLUDE,GF-1217
9606060,8,2020-12-13,2020-12-13,EXCLUDE,GF-1217
9606060,8,2020-12-16,2020-12-16,EXCLUDE,GF-1217
9606060,8,2020-12-19,2020-12-19,EXCLUDE,GF-1217
9606060,8,2020-12-27,2020-12-27,EXCLUDE,GF-1217
9606060,8,2020-12-30,2020-12-30,EXCLUDE,GF-1217
9606060,8,2021-01-04,2021-01-04,EXCLUDE,GF-1217
9606060,8,2021-01-17,2021-01-17,EXCLUDE,GF-1217
9606060,8,2021-01-21,2021-01-21,EXCLUDE,GF-1217
9606060,8,2021-01-28,2021-01-28,EXCLUDE,GF-1217
9606060,8,2021-01-31,2021-01-31,EXCLUDE,GF-1217
11658171,8,2020-09-12,2020-09-12,EXCLUDE,GF-1220
11658171,8,2020-09-20,2020-09-20,EXCLUDE,GF-1220
11658171,8,2020-09-28,2020-09-28,EXCLUDE,GF-1220
11658171,8,2020-10-04,2020-10-04,EXCLUDE,GF-1220
11658171,8,2020-10-17,2020-10-17,EXCLUDE,GF-1220
11658171,8,2020-10-24,2020-10-24,EXCLUDE,GF-1220
11658171,8,2020-10-31,2020-10-31,EXCLUDE,GF-1220
11658171,8,2020-11-08,2020-11-08,EXCLUDE,GF-1220
11658171,8,2020-11-22,2020-11-22,EXCLUDE,GF-1220
11658171,8,2020-11-28,2020-11-28,EXCLUDE,GF-1220
11658171,8,2020-12-06,2020-12-06,EXCLUDE,GF-1220
11658171,8,2020-12-13,2020-12-13,EXCLUDE,GF-1220
11658171,8,2020-12-16,2020-12-16,EXCLUDE,GF-1220
11658171,8,2020-12-19,2020-12-19,EXCLUDE,GF-1220
11658171,8,2020-12-27,2020-12-27,EXCLUDE,GF-1220
11658171,8,2020-12-30,2020-12-30,EXCLUDE,GF-1220
11658171,8,2021-01-04,2021-01-04,EXCLUDE,GF-1220
11658171,8,2021-01-17,2021-01-17,EXCLUDE,GF-1220
11658171,8,2021-01-21,2021-01-21,EXCLUDE,GF-1220
11658171,8,2021-01-28,2021-01-28,EXCLUDE,GF-1220
11658171,8,2021-01-31,2021-01-31,EXCLUDE,GF-1220
37316834,8,2020-09-12,2020-09-12,EXCLUDE,GF-1222
37316834,8,2020-09-20,2020-09-20,EXCLUDE,GF-1222
37316834,8,2020-09-28,2020-09-28,EXCLUDE,GF-1222
37316834,8,2020-10-04,2020-10-04,EXCLUDE,GF-1222
37316834,8,2020-10-17,2020-10-17,EXCLUDE,GF-1222
37316834,8,2020-10-24,2020-10-24,EXCLUDE,GF-1222
37316834,8,2020-10-31,2020-10-31,EXCLUDE,GF-1222
37316834,8,2020-11-08,2020-11-08,EXCLUDE,GF-1222
37316834,8,2020-11-22,2020-11-22,EXCLUDE,GF-1222
37316834,8,2020-11-28,2020-11-28,EXCLUDE,GF-1222
37316834,8,2020-12-06,2020-12-06,EXCLUDE,GF-1222
37316834,8,2020-12-13,2020-12-13,EXCLUDE,GF-1222
37316834,8,2020-12-16,2020-12-16,EXCLUDE,GF-1222
37316834,8,2020-12-19,2020-12-19,EXCLUDE,GF-1222
37316834,8,2020-12-27,2020-12-27,EXCLUDE,GF-1222
37316834,8,2020-12-30,2020-12-30,EXCLUDE,GF-1222
37316834,8,2021-01-04,2021-01-04,EXCLUDE,GF-1222
37316834,8,2021-01-17,2021-01-17,EXCLUDE,GF-1222
37316834,8,2021-01-21,2021-01-21,EXCLUDE,GF-1222
37316834,8,2021-01-28,2021-01-28,EXCLUDE,GF-1222
37316834,8,2021-01-31,2021-01-31,EXCLUDE,GF-1222
37316834,8,2021-02-03,2021-02-03,EXCLUDE,GF-1222
37316834,8,2021-02-07,2021-02-07,EXCLUDE,GF-1222
37316834,8,2021-02-13,2021-02-13,EXCLUDE,GF-1222
37316834,8,2021-02-20,2021-02-20,EXCLUDE,GF-1222
37316834,8,2021-02-28,2021-02-28,EXCLUDE,GF-1222
37316834,8,2021-03-04,2021-03-04,EXCLUDE,GF-1222
37316834,8,2021-03-07,2021-03-07,EXCLUDE,GF-1222
37316834,8,2021-03-15,2021-03-15,EXCLUDE,GF-1222
37316834,8,2021-04-03,2021-04-03,EXCLUDE,GF-1222
37316834,8,2021-04-10,2021-04-10,EXCLUDE,GF-1222
37316834,8,2021-04-19,2021-04-19,EXCLUDE,GF-1222
37316834,8,2021-04-24,2021-04-24,EXCLUDE,GF-1222
37316834,8,2021-05-08,2021-05-08,EXCLUDE,GF-1222
37316834,8,2021-05-13,2021-05-13,EXCLUDE,GF-1222
37316834,8,2021-05-16,2021-05-16,EXCLUDE,GF-1222
37316834,8,2021-05-19,2021-05-19,EXCLUDE,GF-1222
37316834,8,2021-05-23,2021-05-23,EXCLUDE,GF-1222
4277,9,2020-09-21,2020-09-21,EXCLUDE,GF-1224
4277,9,2020-09-27,2020-09-27,EXCLUDE,GF-1224
4277,9,2020-10-03,2020-10-03,EXCLUDE,GF-1224
25739,9,2020-09-21,2020-09-21,EXCLUDE,GF-1228
25739,9,2020-09-27,2020-09-27,EXCLUDE,GF-1228
25739,9,2020-10-03,2020-10-03,EXCLUDE,GF-1228
25739,9,2020-10-17,2020-10-17,EXCLUDE,GF-1228
25739,9,2020-10-24,2020-10-24,EXCLUDE,GF-1228
25739,9,2020-10-31,2020-10-31,EXCLUDE,GF-1228
25739,9,2020-11-08,2020-11-08,EXCLUDE,GF-1228
25739,9,2020-11-21,2020-11-21,EXCLUDE,GF-1228
25739,9,2020-11-28,2020-11-28,EXCLUDE,GF-1228
25739,9,2020-12-05,2020-12-05,EXCLUDE,GF-1228
25739,9,2020-12-12,2020-12-12,EXCLUDE,GF-1228
25739,9,2020-12-15,2020-12-15,EXCLUDE,GF-1228
25739,9,2020-12-19,2020-12-19,EXCLUDE,GF-1228
25739,9,2020-12-26,2020-12-26,EXCLUDE,GF-1228
25739,9,2021-01-03,2021-01-03,EXCLUDE,GF-1228
25739,9,2021-01-13,2021-01-13,EXCLUDE,GF-1228
25739,9,2021-01-17,2021-01-17,EXCLUDE,GF-1228
25739,9,2021-01-20,2021-01-20,EXCLUDE,GF-1228
25739,9,2021-01-26,2021-01-26,EXCLUDE,GF-1228
25739,9,2021-01-30,2021-01-30,EXCLUDE,GF-1228
25739,9,2021-02-03,2021-02-03,EXCLUDE,GF-1228
25739,9,2021-02-07,2021-02-07,EXCLUDE,GF-1228
25739,9,2021-02-13,2021-02-13,EXCLUDE,GF-1228
25739,9,2021-02-17,2021-02-17,EXCLUDE,GF-1228
25739,9,2021-02-21,2021-02-21,EXCLUDE,GF-1228
25739,9,2021-02-27,2021-02-27,EXCLUDE,GF-1228
25739,9,2021-03-02,2021-03-02,EXCLUDE,GF-1228
25739,9,2021-03-07,2021-03-07,EXCLUDE,GF-1228
25739,9,2021-03-10,2021-03-10,EXCLUDE,GF-1228
25739,9,2021-03-13,2021-03-13,EXCLUDE,GF-1228
25739,9,2021-04-03,2021-04-03,EXCLUDE,GF-1228
25739,9,2021-04-10,2021-04-10,EXCLUDE,GF-1228
25739,9,2021-04-21,2021-04-21,EXCLUDE,GF-1228
25739,9,2021-05-01,2021-05-01,EXCLUDE,GF-1228
25739,9,2021-05-08,2021-05-08,EXCLUDE,GF-1228
25739,9,2021-05-14,2021-05-14,EXCLUDE,GF-1228
25739,9,2021-05-18,2021-05-18,EXCLUDE,GF-1228
25739,9,2021-05-23,2021-05-23,EXCLUDE,GF-1228
2233,10,2020-09-13,2020-09-13,EXCLUDE,GF-1238
2233,10,2020-09-19,2020-09-19,EXCLUDE,GF-1238
2233,10,2020-09-26,2020-09-26,EXCLUDE,GF-1238
2233,10,2020-10-04,2020-10-04,EXCLUDE,GF-1238
2233,10,2020-10-19,2020-10-19,EXCLUDE,GF-1238
2233,10,2020-10-26,2020-10-26,EXCLUDE,GF-1238
2233,10,2020-11-02,2020-11-02,EXCLUDE,GF-1238
2233,10,2020-11-08,2020-11-08,EXCLUDE,GF-1238
2233,10,2020-11-21,2020-11-21,EXCLUDE,GF-1238
2233,10,2020-11-28,2020-11-28,EXCLUDE,GF-1238
2233,10,2020-12-06,2020-12-06,EXCLUDE,GF-1238
2233,10,2020-12-12,2020-12-12,EXCLUDE,GF-1238
2233,10,2020-12-15,2020-12-15,EXCLUDE,GF-1238
2233,10,2020-12-20,2020-12-20,EXCLUDE,GF-1238
2233,10,2020-12-27,2020-12-27,EXCLUDE,GF-1238
2233,10,2020-12-29,2020-12-29,EXCLUDE,GF-1238
2233,10,2021-01-02,2021-01-02,EXCLUDE,GF-1238
3017,10,2020-09-13,2020-09-13,EXCLUDE,GF-1239
3017,10,2020-09-19,2020-09-19,EXCLUDE,GF-1239
3017,10,2020-09-26,2020-09-26,EXCLUDE,GF-1239
3017,10,2020-10-04,2020-10-04,EXCLUDE,GF-1239
900406636,10,2020-09-13,2020-09-13,EXCLUDE,GF-1240
900406636,10,2020-09-19,2020-09-19,EXCLUDE,GF-1240
900406636,10,2020-09-26,2020-09-26,EXCLUDE,GF-1240
900406636,10,2020-10-04,2020-10-04,EXCLUDE,GF-1240
900406636,10,2021-01-02,2021-01-02,EXCLUDE,GF-1240
900406636,10,2021-01-16,2021-01-16,EXCLUDE,GF-1240
900406636,10,2021-01-19,2021-01-19,EXCLUDE,GF-1240
900406636,10,2021-01-26,2021-01-26,EXCLUDE,GF-1240
900406636,10,2021-01-30,2021-01-30,EXCLUDE,GF-1240
900406636,10,2021-02-02,2021-02-02,EXCLUDE,GF-1240
900406636,10,2021-02-07,2021-02-07,EXCLUDE,GF-1240
900406636,10,2021-02-14,2021-02-14,EXCLUDE,GF-1240
900406636,10,2021-02-20,2021-02-20,EXCLUDE,GF-1240
900406636,10,2021-02-27,2021-02-27,EXCLUDE,GF-1240
900406636,10,2021-03-04,2021-03-04,EXCLUDE,GF-1240
900406636,10,2021-03-07,2021-03-07,EXCLUDE,GF-1240
900406636,10,2021-03-13,2021-03-13,EXCLUDE,GF-1240
900406636,10,2021-04-03,2021-04-03,EXCLUDE,GF-1240
900406636,10,2021-04-12,2021-04-12,EXCLUDE,GF-1240
900406636,10,2021-04-22,2021-04-22,EXCLUDE,GF-1240
900406636,10,2021-04-25,2021-04-25,EXCLUDE,GF-1240
900406636,10,2021-05-03,2021-05-03,EXCLUDE,GF-1240
900406636,10,2021-05-09,2021-05-09,EXCLUDE,GF-1240
900406636,10,2021-05-16,2021-05-16,EXCLUDE,GF-1240
900406636,10,2021-05-19,2021-05-19,EXCLUDE,GF-1240
900406636,10,2021-05-23,2021-05-23,EXCLUDE,GF-1240
900504543,10,2020-09-13,2020-09-13,EXCLUDE,GF-1241
900504543,10,2020-09-19,2020-09-19,EXCLUDE,GF-1241
900504543,10,2020-09-26,2020-09-26,EXCLUDE,GF-1241
900504543,10,2020-10-04,2020-10-04,EXCLUDE,GF-1241
900504543,10,2020-10-19,2020-10-19,EXCLUDE,GF-1241
900504543,10,2020-10-26,2020-10-26,EXCLUDE,GF-1241
900504543,10,2020-11-02,2020-11-02,EXCLUDE,GF-1241
900504543,10,2020-11-08,2020-11-08,EXCLUDE,GF-1241
900504543,10,2020-11-21,2020-11-21,EXCLUDE,GF-1241
900504543,10,2020-11-28,2020-11-28,EXCLUDE,GF-1241
900504543,10,2020-12-06,2020-12-06,EXCLUDE,GF-1241
900504543,10,2020-12-12,2020-12-12,EXCLUDE,GF-1241
900504543,10,2020-12-15,2020-12-15,EXCLUDE,GF-1241
900504543,10,2020-12-20,2020-12-20,EXCLUDE,GF-1241
900504543,10,2020-12-27,2020-12-27,EXCLUDE,GF-1241
900504543,10,2020-12-29,2020-12-29,EXCLUDE,GF-1241
900504543,10,2021-01-02,2021-01-02,EXCLUDE,GF-1241
900504543,10,2021-01-16,2021-01-16,EXCLUDE,GF-1241
900504543,10,2021-01-19,2021-01-19,EXCLUDE,GF-1241
900504543,10,2021-01-26,2021-01-26,EXCLUDE,GF-1241
900504543,10,2021-01-30,2021-01-30,EXCLUDE,GF-1241
900504543,10,2021-02-02,2021-02-02,EXCLUDE,GF-1241
900504543,10,2021-02-07,2021-02-07,EXCLUDE,GF-1241
900504543,10,2021-02-14,2021-02-14,EXCLUDE,GF-1241
900504543,10,2021-02-20,2021-02-20,EXCLUDE,GF-1241
900504543,10,2021-02-27,2021-02-27,EXCLUDE,GF-1241
900504543,10,2021-03-04,2021-03-04,EXCLUDE,GF-1241
900504543,10,2021-03-07,2021-03-07,EXCLUDE,GF-1241
900504543,10,2021-03-13,2021-03-13,EXCLUDE,GF-1241
900504543,10,2021-04-03,2021-04-03,EXCLUDE,GF-1241
900504543,10,2021-04-12,2021-04-12,EXCLUDE,GF-1241
900504543,10,2021-04-22,2021-04-22,EXCLUDE,GF-1241
900504543,10,2021-04-25,2021-04-25,EXCLUDE,GF-1241
900504543,10,2021-05-03,2021-05-03,EXCLUDE,GF-1241
900504543,10,2021-05-09,2021-05-09,EXCLUDE,GF-1241
900504543,10,2021-05-16,2021-05-16,EXCLUDE,GF-1241
900504543,10,2021-05-19,2021-05-19,EXCLUDE,GF-1241
900504543,10,2021-05-23,2021-05-23,EXCLUDE,GF-1241
37316880,10,2020-09-13,2020-09-13,EXCLUDE,GF-1243
37316880,10,2020-09-19,2020-09-19,EXCLUDE,GF-1243
37316880,10,2020-09-26,2020-09-26,EXCLUDE,GF-1243
37316880,10,2020-10-04,2020-10-04,EXCLUDE,GF-1243
37316880,10,2020-10-19,2020-10-19,EXCLUDE,GF-1243
37316880,10,2020-10-26,2020-10-26,EXCLUDE,GF-1243
37316880,10,2020-11-02,2020-11-02,EXCLUDE,GF-1243
37316880,10,2020-11-08,2020-11-08,EXCLUDE,GF-1243
37316880,10,2020-11-21,2020-11-21,EXCLUDE,GF-1243
37316880,10,2020-11-28,2020-11-28,EXCLUDE,GF-1243
37316880,10,2020-12-06,2020-12-06,EXCLUDE,GF-1243
37316880,10,2020-12-12,2020-12-12,EXCLUDE,GF-1243
37316880,10,2020-12-15,2020-12-15,EXCLUDE,GF-1243
37316880,10,2020-12-20,2020-12-20,EXCLUDE,GF-1243
37316880,10,2020-12-27,2020-12-27,EXCLUDE,GF-1243
37316880,10,2020-12-29,2020-12-29,EXCLUDE,GF-1243
37316880,10,2021-01-02,2021-01-02,EXCLUDE,GF-1243
37316880,10,2021-01-16,2021-01-16,EXCLUDE,GF-1243
37316880,10,2021-01-19,2021-01-19,EXCLUDE,GF-1243
37316880,10,2021-01-26,2021-01-26,EXCLUDE,GF-1243
37316880,10,2021-01-30,2021-01-30,EXCLUDE,GF-1243
37316880,10,2021-02-02,2021-02-02,EXCLUDE,GF-1243
37316880,10,2021-02-07,2021-02-07,EXCLUDE,GF-1243
37316880,10,2021-02-14,2021-02-14,EXCLUDE,GF-1243
37316880,10,2021-02-20,2021-02-20,EXCLUDE,GF-1243
37316880,10,2021-02-27,2021-02-27,EXCLUDE,GF-1243
37316880,10,2021-03-04,2021-03-04,EXCLUDE,GF-1243
37316880,10,2021-03-07,2021-03-07,EXCLUDE,GF-1243
37316880,10,2021-03-13,2021-03-13,EXCLUDE,GF-1243
37316880,10,2021-04-03,2021-04-03,EXCLUDE,GF-1243
37316880,10,2021-04-12,2021-04-12,EXCLUDE,GF-1243
37316880,10,2021-04-22,2021-04-22,EXCLUDE,GF-1243
37316880,10,2021-04-25,2021-04-25,EXCLUDE,GF-1243
37316880,10,2021-05-03,2021-05-03,EXCLUDE,GF-1243
37316880,10,2021-05-09,2021-05-09,EXCLUDE,GF-1243
37316880,10,2021-05-16,2021-05-16,EXCLUDE,GF-1243
37316880,10,2021-05-19,2021-05-19,EXCLUDE,GF-1243
37316880,10,2021-05-23,2021-05-23,EXCLUDE,GF-1243
1840,11,2020-09-12,2020-09-12,EXCLUDE,GF-1244
1840,11,2020-09-19,2020-09-19,EXCLUDE,GF-1244
1840,11,2020-09-28,2020-09-28,EXCLUDE,GF-1244
1840,11,2020-10-04,2020-10-04,EXCLUDE,GF-1244
1840,11,2020-10-18,2020-10-18,EXCLUDE,GF-1244
1840,11,2020-10-24,2020-10-24,EXCLUDE,GF-1244
1840,11,2020-11-02,2020-11-02,EXCLUDE,GF-1244
1840,11,2020-11-07,2020-11-07,EXCLUDE,GF-1244
1840,11,2020-11-22,2020-11-22,EXCLUDE,GF-1244
1840,11,2020-11-30,2020-11-30,EXCLUDE,GF-1244
1840,11,2020-12-05,2020-12-05,EXCLUDE,GF-1244
1840,11,2020-12-13,2020-12-13,EXCLUDE,GF-1244
1840,11,2020-12-16,2020-12-16,EXCLUDE,GF-1244
1840,11,2020-12-19,2020-12-19,EXCLUDE,GF-1244
1840,11,2020-12-26,2020-12-26,EXCLUDE,GF-1244
1840,11,2021-01-13,2021-01-13,EXCLUDE,GF-1244
1840,11,2021-01-16,2021-01-16,EXCLUDE,GF-1244
1840,11,2021-01-20,2021-01-20,EXCLUDE,GF-1244
1840,11,2021-01-27,2021-01-27,EXCLUDE,GF-1244
1840,11,2021-01-30,2021-01-30,EXCLUDE,GF-1244
1840,11,2021-02-03,2021-02-03,EXCLUDE,GF-1244
1840,11,2021-02-06,2021-02-06,EXCLUDE,GF-1244
1840,11,2021-02-14,2021-02-14,EXCLUDE,GF-1244
1840,11,2021-02-17,2021-02-17,EXCLUDE,GF-1244
1840,11,2021-02-20,2021-02-20,EXCLUDE,GF-1244
1840,11,2021-02-28,2021-02-28,EXCLUDE,GF-1244
1840,11,2021-03-04,2021-03-04,EXCLUDE,GF-1244
1840,11,2021-03-07,2021-03-07,EXCLUDE,GF-1244
1840,11,2021-03-13,2021-03-13,EXCLUDE,GF-1244
1840,11,2021-03-19,2021-03-19,EXCLUDE,GF-1244
1840,11,2021-04-04,2021-04-04,EXCLUDE,GF-1244
1840,11,2021-04-09,2021-04-09,EXCLUDE,GF-1244
1840,11,2021-04-18,2021-04-18,EXCLUDE,GF-1244
1840,11,2021-05-01,2021-05-01,EXCLUDE,GF-1244
1840,11,2021-05-10,2021-05-10,EXCLUDE,GF-1244
1840,11,2021-05-15,2021-05-15,EXCLUDE,GF-1244
1840,11,2021-05-18,2021-05-18,EXCLUDE,GF-1244
1840,11,2021-05-23,2021-05-23,EXCLUDE,GF-1244
96518,11,2020-09-12,2020-09-12,EXCLUDE,GF-1245
96518,11,2020-09-19,2020-09-19,EXCLUDE,GF-1245
96518,11,2020-09-28,2020-09-28,EXCLUDE,GF-1245
96518,11,2020-10-04,2020-10-04,EXCLUDE,GF-1245
96518,11,2020-10-18,2020-10-18,EXCLUDE,GF-1245
96518,11,2020-10-24,2020-10-24,EXCLUDE,GF-1245
96518,11,2020-11-02,2020-11-02,EXCLUDE,GF-1245
96518,11,2020-11-07,2020-11-07,EXCLUDE,GF-1245
96518,11,2020-11-22,2020-11-22,EXCLUDE,GF-1245
96518,11,2020-11-30,2020-11-30,EXCLUDE,GF-1245
96518,11,2020-12-05,2020-12-05,EXCLUDE,GF-1245
96518,11,2020-12-13,2020-12-13,EXCLUDE,GF-1245
96518,11,2020-12-16,2020-12-16,EXCLUDE,GF-1245
96518,11,2020-12-19,2020-12-19,EXCLUDE,GF-1245
96518,11,2020-12-26,2020-12-26,EXCLUDE,GF-1245
96518,11,2021-01-13,2021-01-13,EXCLUDE,GF-1245
96518,11,2021-01-16,2021-01-16,EXCLUDE,GF-1245
96518,11,2021-01-20,2021-01-20,EXCLUDE,GF-1245
96518,11,2021-01-27,2021-01-27,EXCLUDE,GF-1245
4943,11,2021-02-14,2021-02-14,EXCLUDE,GF-1246
4943,11,2021-02-17,2021-02-17,EXCLUDE,GF-1246
4943,11,2021-02-20,2021-02-20,EXCLUDE,GF-1246
4943,11,2021-02-28,2021-02-28,EXCLUDE,GF-1246
4943,11,2021-03-04,2021-03-04,EXCLUDE,GF-1246
4943,11,2021-03-07,2021-03-07,EXCLUDE,GF-1246
4943,11,2021-03-13,2021-03-13,EXCLUDE,GF-1246
4943,11,2021-03-19,2021-03-19,EXCLUDE,GF-1246
4943,11,2021-04-04,2021-04-04,EXCLUDE,GF-1246
4943,11,2021-04-09,2021-04-09,EXCLUDE,GF-1246
4943,11,2021-04-18,2021-04-18,EXCLUDE,GF-1246
4943,11,2021-05-01,2021-05-01,EXCLUDE,GF-1246
4943,11,2021-05-10,2021-05-10,EXCLUDE,GF-1246
4943,11,2021-05-15,2021-05-15,EXCLUDE,GF-1246
4943,11,2021-05-18,2021-05-18,EXCLUDE,GF-1246
4943,11,2021-05-23,2021-05-23,EXCLUDE,GF-1246
1123,13,2020-09-13,2020-09-13,EXCLUDE,GF-1250
1123,13,2020-09-19,2020-09-19,EXCLUDE,GF-1250
1123,13,2020-09-26,2020-09-26,EXCLUDE,GF-1250
1123,13,2020-10-03,2020-10-03,EXCLUDE,GF-1250
1123,13,2020-10-17,2020-10-17,EXCLUDE,GF-1250
1123,13,2020-10-25,2020-10-25,EXCLUDE,GF-1250
1123,13,2020-11-01,2020-11-01,EXCLUDE,GF-1250
1123,13,2020-11-07,2020-11-07,EXCLUDE,GF-1250
1123,13,2020-11-22,2020-11-22,EXCLUDE,GF-1250
1123,13,2020-11-28,2020-11-28,EXCLUDE,GF-1250
1123,13,2020-12-05,2020-12-05,EXCLUDE,GF-1250
1123,13,2020-12-12,2020-12-12,EXCLUDE,GF-1250
1123,13,2020-12-16,2020-12-16,EXCLUDE,GF-1250
1123,13,2020-12-19,2020-12-19,EXCLUDE,GF-1250
1123,13,2020-12-26,2020-12-26,EXCLUDE,GF-1250
1123,13,2021-01-01,2021-01-01,EXCLUDE,GF-1250
1123,13,2021-01-12,2021-01-12,EXCLUDE,GF-1250
1123,13,2021-01-27,2021-01-27,EXCLUDE,GF-1250
4292,13,2020-09-13,2020-09-13,EXCLUDE,GF-1253
4292,13,2020-09-19,2020-09-19,EXCLUDE,GF-1253
4292,13,2020-09-26,2020-09-26,EXCLUDE,GF-1253
4292,13,2020-10-03,2020-10-03,EXCLUDE,GF-1253
4292,13,2020-10-17,2020-10-17,EXCLUDE,GF-1253
4292,13,2020-10-25,2020-10-25,EXCLUDE,GF-1253
4292,13,2020-11-01,2020-11-01,EXCLUDE,GF-1253
4292,13,2020-11-07,2020-11-07,EXCLUDE,GF-1253
4292,13,2020-11-22,2020-11-22,EXCLUDE,GF-1253
4292,13,2020-11-28,2020-11-28,EXCLUDE,GF-1253
4292,13,2020-12-05,2020-12-05,EXCLUDE,GF-1253
4292,13,2020-12-12,2020-12-12,EXCLUDE,GF-1253
4292,13,2020-12-16,2020-12-16,EXCLUDE,GF-1253
4292,13,2020-12-19,2020-12-19,EXCLUDE,GF-1253
4292,13,2020-12-26,2020-12-26,EXCLUDE,GF-1253
581071,13,2020-09-13,2020-09-13,EXCLUDE,GF-1255
581071,13,2020-09-19,2020-09-19,EXCLUDE,GF-1255
581071,13,2020-09-26,2020-09-26,EXCLUDE,GF-1255
581071,13,2020-10-03,2020-10-03,EXCLUDE,GF-1255
581071,13,2020-10-17,2020-10-17,EXCLUDE,GF-1255
581071,13,2020-10-25,2020-10-25,EXCLUDE,GF-1255
581071,13,2020-11-01,2020-11-01,EXCLUDE,GF-1255
581071,13,2020-11-07,2020-11-07,EXCLUDE,GF-1255
581071,13,2020-11-22,2020-11-22,EXCLUDE,GF-1255
581071,13,2020-11-28,2020-11-28,EXCLUDE,GF-1255
581071,13,2020-12-05,2020-12-05,EXCLUDE,GF-1255
581071,13,2020-12-12,2020-12-12,EXCLUDE,GF-1255
581071,13,2020-12-16,2020-12-16,EXCLUDE,GF-1255
581071,13,2020-12-19,2020-12-19,EXCLUDE,GF-1255
581071,13,2020-12-26,2020-12-26,EXCLUDE,GF-1255
581071,13,2021-01-01,2021-01-01,EXCLUDE,GF-1255
581071,13,2021-01-12,2021-01-12,EXCLUDE,GF-1255
581071,13,2021-01-27,2021-01-27,EXCLUDE,GF-1255
581071,13,2021-01-30,2021-01-30,EXCLUDE,GF-1255
900605757,13,2020-09-13,2020-09-13,EXCLUDE,GF-1257
900605757,13,2020-09-19,2020-09-19,EXCLUDE,GF-1257
900605757,13,2020-09-26,2020-09-26,EXCLUDE,GF-1257
900605757,13,2020-10-03,2020-10-03,EXCLUDE,GF-1257
900605757,13,2020-10-17,2020-10-17,EXCLUDE,GF-1257
900605757,13,2020-10-25,2020-10-25,EXCLUDE,GF-1257
900605757,13,2020-11-01,2020-11-01,EXCLUDE,GF-1257
900605757,13,2020-11-07,2020-11-07,EXCLUDE,GF-1257
900605757,13,2020-11-22,2020-11-22,EXCLUDE,GF-1257
900605757,13,2020-11-28,2020-11-28,EXCLUDE,GF-1257
900605757,13,2020-12-05,2020-12-05,EXCLUDE,GF-1257
900605757,13,2020-12-12,2020-12-12,EXCLUDE,GF-1257
900605757,13,2020-12-16,2020-12-16,EXCLUDE,GF-1257
900605757,13,2020-12-19,2020-12-19,EXCLUDE,GF-1257
900605757,13,2020-12-26,2020-12-26,EXCLUDE,GF-1257
900605757,13,2021-01-01,2021-01-01,EXCLUDE,GF-1257
900605757,13,2021-01-12,2021-01-12,EXCLUDE,GF-1257
900605757,13,2021-01-27,2021-01-27,EXCLUDE,GF-1257
900605757,13,2021-01-30,2021-01-30,EXCLUDE,GF-1257
900605757,13,2021-02-03,2021-02-03,EXCLUDE,GF-1257
900605757,13,2021-02-06,2021-02-06,EXCLUDE,GF-1257
900605757,13,2021-02-14,2021-02-14,EXCLUDE,GF-1257
900605757,13,2021-02-17,2021-02-17,EXCLUDE,GF-1257
900605757,13,2021-02-20,2021-02-20,EXCLUDE,GF-1257
900605757,13,2021-03-01,2021-03-01,EXCLUDE,GF-1257
900605757,13,2021-03-04,2021-03-04,EXCLUDE,GF-1257
900605757,13,2021-03-08,2021-03-08,EXCLUDE,GF-1257
900605757,13,2021-03-13,2021-03-13,EXCLUDE,GF-1257
900605757,13,2021-04-05,2021-04-05,EXCLUDE,GF-1257
900605757,13,2021-04-12,2021-04-12,EXCLUDE,GF-1257
900605757,13,2021-04-16,2021-04-16,EXCLUDE,GF-1257
900605757,13,2021-04-23,2021-04-23,EXCLUDE,GF-1257
900605757,13,2021-05-01,2021-05-01,EXCLUDE,GF-1257
900605757,13,2021-05-09,2021-05-09,EXCLUDE,GF-1257
900605757,13,2021-05-13,2021-05-13,EXCLUDE,GF-1257
900605757,13,2021-05-16,2021-05-16,EXCLUDE,GF-1257
900605757,13,2021-05-19,2021-05-19,EXCLUDE,GF-1257
900605757,13,2021-05-23,2021-05-23,EXCLUDE,GF-1257
37436347,13,2020-09-13,2020-09-13,EXCLUDE,GF-1258
37436347,13,2020-09-19,2020-09-19,EXCLUDE,GF-1258
37436347,13,2020-09-26,2020-09-26,EXCLUDE,GF-1258
37436347,13,2020-10-03,2020-10-03,EXCLUDE,GF-1258
37436347,13,2020-10-17,2020-10-17,EXCLUDE,GF-1258
37436347,13,2020-10-25,2020-10-25,EXCLUDE,GF-1258
37436347,13,2020-11-01,2020-11-01,EXCLUDE,GF-1258
37436347,13,2020-11-07,2020-11-07,EXCLUDE,GF-1258
37436347,13,2020-11-22,2020-11-22,EXCLUDE,GF-1258
37436347,13,2020-11-28,2020-11-28,EXCLUDE,GF-1258
37436347,13,2020-12-05,2020-12-05,EXCLUDE,GF-1258
37436347,13,2020-12-12,2020-12-12,EXCLUDE,GF-1258
37436347,13,2020-12-16,2020-12-16,EXCLUDE,GF-1258
37436347,13,2020-12-19,2020-12-19,EXCLUDE,GF-1258
37436347,13,2020-12-26,2020-12-26,EXCLUDE,GF-1258
37436347,13,2021-01-01,2021-01-01,EXCLUDE,GF-1258
37436347,13,2021-01-12,2021-01-12,EXCLUDE,GF-1258
37436347,13,2021-01-27,2021-01-27,EXCLUDE,GF-1258
37436347,13,2021-01-30,2021-01-30,EXCLUDE,GF-1258
37436347,13,2021-02-03,2021-02-03,EXCLUDE,GF-1258
37436347,13,2021-02-06,2021-02-06,EXCLUDE,GF-1258
37436347,13,2021-02-14,2021-02-14,EXCLUDE,GF-1258
37436347,13,2021-02-17,2021-02-17,EXCLUDE,GF-1258
37436347,13,2021-02-20,2021-02-20,EXCLUDE,GF-1258
37436347,13,2021-03-01,2021-03-01,EXCLUDE,GF-1258
37436347,13,2021-03-04,2021-03-04,EXCLUDE,GF-1258
37436347,13,2021-03-08,2021-03-08,EXCLUDE,GF-1258
37436347,13,2021-03-13,2021-03-13,EXCLUDE,GF-1258
37436347,13,2021-04-05,2021-04-05,EXCLUDE,GF-1258
37436347,13,2021-04-12,2021-04-12,EXCLUDE,GF-1258
37436347,13,2021-04-16,2021-04-16,EXCLUDE,GF-1258
37436347,13,2021-04-23,2021-04-23,EXCLUDE,GF-1258
37436347,13,2021-05-01,2021-05-01,EXCLUDE,GF-1258
37436347,13,2021-05-09,2021-05-09,EXCLUDE,GF-1258
37436347,13,2021-05-13,2021-05-13,EXCLUDE,GF-1258
37436347,13,2021-05-16,2021-05-16,EXCLUDE,GF-1258
37436347,13,2021-05-19,2021-05-19,EXCLUDE,GF-1258
37436347,13,2021-05-23,2021-05-23,EXCLUDE,GF-1258
945,14,2020-09-19,2020-09-19,EXCLUDE,GF-1259
945,14,2020-09-26,2020-09-26,EXCLUDE,GF-1259
945,14,2020-10-04,2020-10-04,EXCLUDE,GF-1259
945,14,2020-10-17,2020-10-17,EXCLUDE,GF-1259
945,14,2020-10-24,2020-10-24,EXCLUDE,GF-1259
945,14,2020-11-01,2020-11-01,EXCLUDE,GF-1259
945,14,2020-11-07,2020-11-07,EXCLUDE,GF-1259
945,14,2020-11-21,2020-11-21,EXCLUDE,GF-1259
945,14,2020-11-29,2020-11-29,EXCLUDE,GF-1259
945,14,2020-12-05,2020-12-05,EXCLUDE,GF-1259
945,14,2020-12-12,2020-12-12,EXCLUDE,GF-1259
945,14,2020-12-17,2020-12-17,EXCLUDE,GF-1259
945,14,2020-12-20,2020-12-20,EXCLUDE,GF-1259
945,14,2020-12-26,2020-12-26,EXCLUDE,GF-1259
945,14,2020-12-29,2020-12-29,EXCLUDE,GF-1259
945,14,2021-01-01,2021-01-01,EXCLUDE,GF-1259
945,14,2021-01-12,2021-01-12,EXCLUDE,GF-1259
945,14,2021-01-17,2021-01-17,EXCLUDE,GF-1259
945,14,2021-01-20,2021-01-20,EXCLUDE,GF-1259
945,14,2021-01-27,2021-01-27,EXCLUDE,GF-1259
945,14,2021-01-30,2021-01-30,EXCLUDE,GF-1259
945,14,2021-02-02,2021-02-02,EXCLUDE,GF-1259
945,14,2021-02-06,2021-02-06,EXCLUDE,GF-1259
945,14,2021-02-14,2021-02-14,EXCLUDE,GF-1259
945,14,2021-02-21,2021-02-21,EXCLUDE,GF-1259
945,14,2021-02-28,2021-02-28,EXCLUDE,GF-1259
945,14,2021-03-03,2021-03-03,EXCLUDE,GF-1259
945,14,2021-03-07,2021-03-07,EXCLUDE,GF-1259
945,14,2021-03-14,2021-03-14,EXCLUDE,GF-1259
945,14,2021-04-04,2021-04-04,EXCLUDE,GF-1259
945,14,2021-04-11,2021-04-11,EXCLUDE,GF-1259
945,14,2021-04-18,2021-04-18,EXCLUDE,GF-1259
945,14,2021-04-25,2021-04-25,EXCLUDE,GF-1259
945,14,2021-05-09,2021-05-09,EXCLUDE,GF-1259
945,14,2021-05-11,2021-05-11,EXCLUDE,GF-1259
945,14,2021-05-13,2021-05-13,EXCLUDE,GF-1259
945,14,2021-05-18,2021-05-18,EXCLUDE,GF-1259
945,14,2021-05-23,2021-05-23,EXCLUDE,GF-1259
5283846,14,2020-09-19,2020-09-19,EXCLUDE,GF-1262
5283846,14,2020-09-26,2020-09-26,EXCLUDE,GF-1262
5283846,14,2020-10-04,2020-10-04,EXCLUDE,GF-1262
5283846,14,2020-10-17,2020-10-17,EXCLUDE,GF-1262
5283846,14,2020-10-24,2020-10-24,EXCLUDE,GF-1262
5283846,14,2020-11-01,2020-11-01,EXCLUDE,GF-1262
5283846,14,2020-11-07,2020-11-07,EXCLUDE,GF-1262
5283846,14,2020-11-21,2020-11-21,EXCLUDE,GF-1262
5283846,14,2020-11-29,2020-11-29,EXCLUDE,GF-1262
5283846,14,2020-12-05,2020-12-05,EXCLUDE,GF-1262
5283846,14,2020-12-12,2020-12-12,EXCLUDE,GF-1262
5283846,14,2020-12-17,2020-12-17,EXCLUDE,GF-1262
5283846,14,2020-12-20,2020-12-20,EXCLUDE,GF-1262
5283846,14,2020-12-26,2020-12-26,EXCLUDE,GF-1262
5283846,14,2020-12-29,2020-12-29,EXCLUDE,GF-1262
5283846,14,2021-01-01,2021-01-01,EXCLUDE,GF-1262
5283846,14,2021-01-12,2021-01-12,EXCLUDE,GF-1262
5283846,14,2021-01-17,2021-01-17,EXCLUDE,GF-1262
5283846,14,2021-01-20,2021-01-20,EXCLUDE,GF-1262
5283846,14,2021-01-27,2021-01-27,EXCLUDE,GF-1262
5283846,14,2021-01-30,2021-01-30,EXCLUDE,GF-1262
5283846,14,2021-02-02,2021-02-02,EXCLUDE,GF-1262
5283846,14,2021-02-06,2021-02-06,EXCLUDE,GF-1262
5283846,14,2021-02-14,2021-02-14,EXCLUDE,GF-1262
5283846,14,2021-02-21,2021-02-21,EXCLUDE,GF-1262
5283846,14,2021-02-28,2021-02-28,EXCLUDE,GF-1262
5283846,14,2021-03-03,2021-03-03,EXCLUDE,GF-1262
5283846,14,2021-03-07,2021-03-07,EXCLUDE,GF-1262
5283846,14,2021-03-14,2021-03-14,EXCLUDE,GF-1262
5283846,14,2021-04-04,2021-04-04,EXCLUDE,GF-1262
5283846,14,2021-04-11,2021-04-11,EXCLUDE,GF-1262
5283846,14,2021-04-18,2021-04-18,EXCLUDE,GF-1262
5283846,14,2021-04-25,2021-04-25,EXCLUDE,GF-1262
5283846,14,2021-05-09,2021-05-09,EXCLUDE,GF-1262
5283846,14,2021-05-11,2021-05-11,EXCLUDE,GF-1262
5283846,14,2021-05-13,2021-05-13,EXCLUDE,GF-1262
5283846,14,2021-05-18,2021-05-18,EXCLUDE,GF-1262
5283846,14,2021-05-23,2021-05-23,EXCLUDE,GF-1262
24469185,14,2020-09-19,2020-09-19,EXCLUDE,GF-1268
24469185,14,2020-09-26,2020-09-26,EXCLUDE,GF-1268
24469185,14,2020-10-04,2020-10-04,EXCLUDE,GF-1268
24469185,14,2020-10-17,2020-10-17,EXCLUDE,GF-1268
24469185,14,2020-10-24,2020-10-24,EXCLUDE,GF-1268
24469185,14,2020-11-01,2020-11-01,EXCLUDE,GF-1268
24469185,14,2020-11-07,2020-11-07,EXCLUDE,GF-1268
24469185,14,2020-11-21,2020-11-21,EXCLUDE,GF-1268
24469185,14,2020-11-29,2020-11-29,EXCLUDE,GF-1268
24469185,14,2020-12-05,2020-12-05,EXCLUDE,GF-1268
24469185,14,2020-12-12,2020-12-12,EXCLUDE,GF-1268
24469185,14,2020-12-17,2020-12-17,EXCLUDE,GF-1268
24469185,14,2020-12-20,2020-12-20,EXCLUDE,GF-1268
24469185,14,2020-12-26,2020-12-26,EXCLUDE,GF-1268
24469185,14,2020-12-29,2020-12-29,EXCLUDE,GF-1268
24469185,14,2021-01-01,2021-01-01,EXCLUDE,GF-1268
24469185,14,2021-01-12,2021-01-12,EXCLUDE,GF-1268
24469185,14,2021-01-17,2021-01-17,EXCLUDE,GF-1268
24469185,14,2021-01-20,2021-01-20,EXCLUDE,GF-1268
24469185,14,2021-01-27,2021-01-27,EXCLUDE,GF-1268
24469185,14,2021-01-30,2021-01-30,EXCLUDE,GF-1268
24469185,14,2021-04-25,2021-04-25,EXCLUDE,GF-1268
24469185,14,2021-05-09,2021-05-09,EXCLUDE,GF-1268
24469185,14,2021-05-11,2021-05-11,EXCLUDE,GF-1268
24469185,14,2021-05-13,2021-05-13,EXCLUDE,GF-1268
24469185,14,2021-05-18,2021-05-18,EXCLUDE,GF-1268
24469185,14,2021-05-23,2021-05-23,EXCLUDE,GF-1268
1473,15,2020-09-21,2020-09-21,EXCLUDE,GF-1270
1473,15,2020-09-28,2020-09-28,EXCLUDE,GF-1270
1473,15,2020-10-04,2020-10-04,EXCLUDE,GF-1270
1473,15,2020-10-18,2020-10-18,EXCLUDE,GF-1270
1473,15,2020-10-23,2020-10-23,EXCLUDE,GF-1270
1473,15,2020-11-01,2020-11-01,EXCLUDE,GF-1270
1473,15,2020-11-08,2020-11-08,EXCLUDE,GF-1270
1473,15,2020-11-21,2020-11-21,EXCLUDE,GF-1270
1473,15,2020-11-30,2020-11-30,EXCLUDE,GF-1270
1473,15,2020-12-12,2020-12-12,EXCLUDE,GF-1270
1473,15,2020-12-17,2020-12-17,EXCLUDE,GF-1270
1473,15,2020-12-20,2020-12-20,EXCLUDE,GF-1270
1473,15,2020-12-26,2020-12-26,EXCLUDE,GF-1270
1473,15,2020-12-28,2020-12-28,EXCLUDE,GF-1270
1473,15,2021-01-01,2021-01-01,EXCLUDE,GF-1270
1473,15,2021-01-20,2021-01-20,EXCLUDE,GF-1270
1473,15,2021-01-23,2021-01-23,EXCLUDE,GF-1270
1473,15,2021-01-27,2021-01-27,EXCLUDE,GF-1270
62931,15,2020-09-21,2020-09-21,EXCLUDE,GF-1271
62931,15,2020-09-28,2020-09-28,EXCLUDE,GF-1271
62931,15,2020-10-04,2020-10-04,EXCLUDE,GF-1271
62931,15,2020-10-18,2020-10-18,EXCLUDE,GF-1271
62931,15,2020-10-23,2020-10-23,EXCLUDE,GF-1271
62931,15,2020-11-01,2020-11-01,EXCLUDE,GF-1271
62931,15,2020-11-08,2020-11-08,EXCLUDE,GF-1271
62931,15,2020-11-21,2020-11-21,EXCLUDE,GF-1271
62931,15,2020-11-30,2020-11-30,EXCLUDE,GF-1271
62931,15,2020-12-12,2020-12-12,EXCLUDE,GF-1271
62931,15,2020-12-17,2020-12-17,EXCLUDE,GF-1271
62931,15,2020-12-20,2020-12-20,EXCLUDE,GF-1271
62931,15,2020-12-26,2020-12-26,EXCLUDE,GF-1271
62931,15,2020-12-28,2020-12-28,EXCLUDE,GF-1271
62931,15,2021-01-01,2021-01-01,EXCLUDE,GF-1271
32471,15,2020-09-21,2020-09-21,EXCLUDE,GF-1272
32471,15,2020-09-28,2020-09-28,EXCLUDE,GF-1272
32471,15,2020-10-04,2020-10-04,EXCLUDE,GF-1272
2817,15,2020-09-21,2020-09-21,EXCLUDE,GF-1273
2817,15,2020-09-28,2020-09-28,EXCLUDE,GF-1273
62600,15,2020-09-21,2020-09-21,EXCLUDE,GF-1274
900459322,15,2020-09-21,2020-09-21,EXCLUDE,GF-1277
900459322,15,2020-09-28,2020-09-28,EXCLUDE,GF-1277
900459322,15,2020-10-04,2020-10-04,EXCLUDE,GF-1277
900459322,15,2020-10-18,2020-10-18,EXCLUDE,GF-1277
900459322,15,2020-10-23,2020-10-23,EXCLUDE,GF-1277
900459322,15,2020-11-01,2020-11-01,EXCLUDE,GF-1277
900459322,15,2020-11-08,2020-11-08,EXCLUDE,GF-1277
900459322,15,2020-11-21,2020-11-21,EXCLUDE,GF-1277
900459322,15,2020-11-30,2020-11-30,EXCLUDE,GF-1277
900459322,15,2020-12-12,2020-12-12,EXCLUDE,GF-1277
900459322,15,2020-12-17,2020-12-17,EXCLUDE,GF-1277
900459322,15,2020-12-20,2020-12-20,EXCLUDE,GF-1277
900459322,15,2020-12-26,2020-12-26,EXCLUDE,GF-1277
900459322,15,2020-12-28,2020-12-28,EXCLUDE,GF-1277
900459322,15,2021-01-01,2021-01-01,EXCLUDE,GF-1277
900486100,15,2020-09-21,2020-09-21,EXCLUDE,GF-1279
900486100,15,2020-09-28,2020-09-28,EXCLUDE,GF-1279
900486100,15,2021-01-01,2021-01-01,EXCLUDE,GF-1279
900486100,15,2021-01-20,2021-01-20,EXCLUDE,GF-1279
900486100,15,2021-01-23,2021-01-23,EXCLUDE,GF-1279
900486100,15,2021-01-27,2021-01-27,EXCLUDE,GF-1279
900486100,15,2021-01-30,2021-01-30,EXCLUDE,GF-1279
900486100,15,2021-02-03,2021-02-03,EXCLUDE,GF-1279
900486100,15,2021-02-06,2021-02-06,EXCLUDE,GF-1279
900486100,15,2021-02-13,2021-02-13,EXCLUDE,GF-1279
900486100,15,2021-02-21,2021-02-21,EXCLUDE,GF-1279
900486100,15,2021-02-27,2021-02-27,EXCLUDE,GF-1279
900486100,15,2021-03-03,2021-03-03,EXCLUDE,GF-1279
900486100,15,2021-03-06,2021-03-06,EXCLUDE,GF-1279
900486100,15,2021-03-12,2021-03-12,EXCLUDE,GF-1279
900486100,15,2021-03-21,2021-03-21,EXCLUDE,GF-1279
900486100,15,2021-04-04,2021-04-04,EXCLUDE,GF-1279
900486100,15,2021-04-10,2021-04-10,EXCLUDE,GF-1279
900486100,15,2021-04-21,2021-04-21,EXCLUDE,GF-1279
900486100,15,2021-04-25,2021-04-25,EXCLUDE,GF-1279
900486100,15,2021-05-01,2021-05-01,EXCLUDE,GF-1279
900486100,15,2021-05-09,2021-05-09,EXCLUDE,GF-1279
900486100,15,2021-05-13,2021-05-13,EXCLUDE,GF-1279
900486100,15,2021-05-16,2021-05-16,EXCLUDE,GF-1279
900486100,15,2021-05-19,2021-05-19,EXCLUDE,GF-1279
900486100,15,2021-05-23,2021-05-23,EXCLUDE,GF-1279
900501156,15,2020-09-21,2020-09-21,EXCLUDE,GF-1280
900501156,15,2020-09-28,2020-09-28,EXCLUDE,GF-1280
900501156,15,2020-10-04,2020-10-04,EXCLUDE,GF-1280
900501156,15,2020-10-18,2020-10-18,EXCLUDE,GF-1280
900501156,15,2020-10-23,2020-10-23,EXCLUDE,GF-1280
900501156,15,2020-11-01,2020-11-01,EXCLUDE,GF-1280
900501156,15,2020-11-08,2020-11-08,EXCLUDE,GF-1280
900501156,15,2020-11-21,2020-11-21,EXCLUDE,GF-1280
900501156,15,2020-11-30,2020-11-30,EXCLUDE,GF-1280
900501156,15,2020-12-12,2020-12-12,EXCLUDE,GF-1280
900501156,15,2020-12-17,2020-12-17,EXCLUDE,GF-1280
900501156,15,2020-12-20,2020-12-20,EXCLUDE,GF-1280
900501156,15,2020-12-26,2020-12-26,EXCLUDE,GF-1280
900501156,15,2020-12-28,2020-12-28,EXCLUDE,GF-1280
900501156,15,2021-01-01,2021-01-01,EXCLUDE,GF-1280
900501156,15,2021-01-20,2021-01-20,EXCLUDE,GF-1280
900501156,15,2021-01-23,2021-01-23,EXCLUDE,GF-1280
900501156,15,2021-01-27,2021-01-27,EXCLUDE,GF-1280
900501156,15,2021-01-30,2021-01-30,EXCLUDE,GF-1280
900501156,15,2021-02-03,2021-02-03,EXCLUDE,GF-1280
900501156,15,2021-02-06,2021-02-06,EXCLUDE,GF-1280
900501156,15,2021-02-13,2021-02-13,EXCLUDE,GF-1280
900501156,15,2021-02-21,2021-02-21,EXCLUDE,GF-1280
900501156,15,2021-02-27,2021-02-27,EXCLUDE,GF-1280
900501156,15,2021-03-03,2021-03-03,EXCLUDE,GF-1280
900501156,15,2021-03-06,2021-03-06,EXCLUDE,GF-1280
900501156,15,2021-03-12,2021-03-12,EXCLUDE,GF-1280
900501156,15,2021-03-21,2021-03-21,EXCLUDE,GF-1280
900501156,15,2021-04-04,2021-04-04,EXCLUDE,GF-1280
900501156,15,2021-04-10,2021-04-10,EXCLUDE,GF-1280
900501156,15,2021-04-21,2021-04-21,EXCLUDE,GF-1280
900501156,15,2021-04-25,2021-04-25,EXCLUDE,GF-1280
900501156,15,2021-05-01,2021-05-01,EXCLUDE,GF-1280
900501156,15,2021-05-09,2021-05-09,EXCLUDE,GF-1280
900501156,15,2021-05-13,2021-05-13,EXCLUDE,GF-1280
900501156,15,2021-05-16,2021-05-16,EXCLUDE,GF-1280
900501156,15,2021-05-19,2021-05-19,EXCLUDE,GF-1280
900501156,15,2021-05-23,2021-05-23,EXCLUDE,GF-1280
3502647,15,2020-09-21,2020-09-21,EXCLUDE,GF-1281
3502647,15,2020-09-28,2020-09-28,EXCLUDE,GF-1281
3502647,15,2020-10-04,2020-10-04,EXCLUDE,GF-1281
3502647,15,2020-10-18,2020-10-18,EXCLUDE,GF-1281
3502647,15,2020-10-23,2020-10-23,EXCLUDE,GF-1281
3502647,15,2020-11-01,2020-11-01,EXCLUDE,GF-1281
3502647,15,2020-11-08,2020-11-08,EXCLUDE,GF-1281
3502647,15,2020-11-21,2020-11-21,EXCLUDE,GF-1281
3502647,15,2020-11-30,2020-11-30,EXCLUDE,GF-1281
3502647,15,2020-12-12,2020-12-12,EXCLUDE,GF-1281
3502647,15,2020-12-17,2020-12-17,EXCLUDE,GF-1281
3502647,15,2020-12-20,2020-12-20,EXCLUDE,GF-1281
3502647,15,2020-12-26,2020-12-26,EXCLUDE,GF-1281
3502647,15,2020-12-28,2020-12-28,EXCLUDE,GF-1281
3502647,15,2021-01-01,2021-01-01,EXCLUDE,GF-1281
3502647,15,2021-04-10,2021-04-10,EXCLUDE,GF-1281
3502647,15,2021-04-21,2021-04-21,EXCLUDE,GF-1281
3502647,15,2021-04-25,2021-04-25,EXCLUDE,GF-1281
3502647,15,2021-05-01,2021-05-01,EXCLUDE,GF-1281
3502647,15,2021-05-09,2021-05-09,EXCLUDE,GF-1281
3502647,15,2021-05-13,2021-05-13,EXCLUDE,GF-1281
3502647,15,2021-05-16,2021-05-16,EXCLUDE,GF-1281
3502647,15,2021-05-19,2021-05-19,EXCLUDE,GF-1281
3502647,15,2021-05-23,2021-05-23,EXCLUDE,GF-1281
900530222,15,2020-09-21,2020-09-21,EXCLUDE,GF-1282
900530222,15,2020-09-28,2020-09-28,EXCLUDE,GF-1282
900530222,15,2020-10-04,2020-10-04,EXCLUDE,GF-1282
900530222,15,2020-10-18,2020-10-18,EXCLUDE,GF-1282
900530222,15,2020-10-23,2020-10-23,EXCLUDE,GF-1282
900530222,15,2020-11-01,2020-11-01,EXCLUDE,GF-1282
900530222,15,2020-11-08,2020-11-08,EXCLUDE,GF-1282
900530222,15,2020-11-21,2020-11-21,EXCLUDE,GF-1282
900530222,15,2020-11-30,2020-11-30,EXCLUDE,GF-1282
900530222,15,2020-12-12,2020-12-12,EXCLUDE,GF-1282
900530222,15,2020-12-17,2020-12-17,EXCLUDE,GF-1282
900530222,15,2020-12-20,2020-12-20,EXCLUDE,GF-1282
900530222,15,2020-12-26,2020-12-26,EXCLUDE,GF-1282
900530222,15,2020-12-28,2020-12-28,EXCLUDE,GF-1282
900530222,15,2021-01-01,2021-01-01,EXCLUDE,GF-1282
900530222,15,2021-01-20,2021-01-20,EXCLUDE,GF-1282
900530222,15,2021-01-23,2021-01-23,EXCLUDE,GF-1282
900530222,15,2021-01-27,2021-01-27,EXCLUDE,GF-1282
900530222,15,2021-01-30,2021-01-30,EXCLUDE,GF-1282
900530222,15,2021-02-03,2021-02-03,EXCLUDE,GF-1282
900530222,15,2021-02-06,2021-02-06,EXCLUDE,GF-1282
900530222,15,2021-02-13,2021-02-13,EXCLUDE,GF-1282
900530222,15,2021-02-21,2021-02-21,EXCLUDE,GF-1282
900530222,15,2021-02-27,2021-02-27,EXCLUDE,GF-1282
900530222,15,2021-03-03,2021-03-03,EXCLUDE,GF-1282
900530222,15,2021-03-06,2021-03-06,EXCLUDE,GF-1282
900530222,15,2021-03-12,2021-03-12,EXCLUDE,GF-1282
900530222,15,2021-03-21,2021-03-21,EXCLUDE,GF-1282
900530222,15,2021-04-04,2021-04-04,EXCLUDE,GF-1282
900530222,15,2021-04-10,2021-04-10,EXCLUDE,GF-1282
900530222,15,2021-04-21,2021-04-21,EXCLUDE,GF-1282
900530222,15,2021-04-25,2021-04-25,EXCLUDE,GF-1282
900530222,15,2021-05-01,2021-05-01,EXCLUDE,GF-1282
900530222,15,2021-05-09,2021-05-09,EXCLUDE,GF-1282
900530222,15,2021-05-13,2021-05-13,EXCLUDE,GF-1282
900530222,15,2021-05-16,2021-05-16,EXCLUDE,GF-1282
900530222,15,2021-05-19,2021-05-19,EXCLUDE,GF-1282
900530222,15,2021-05-23,2021-05-23,EXCLUDE,GF-1282
900530223,15,2020-09-21,2020-09-21,EXCLUDE,GF-1283
900530223,15,2020-09-28,2020-09-28,EXCLUDE,GF-1283
900530223,15,2020-10-04,2020-10-04,EXCLUDE,GF-1283
900530223,15,2020-10-18,2020-10-18,EXCLUDE,GF-1283
900530223,15,2020-10-23,2020-10-23,EXCLUDE,GF-1283
900530223,15,2020-11-01,2020-11-01,EXCLUDE,GF-1283
900530223,15,2020-11-08,2020-11-08,EXCLUDE,GF-1283
900530223,15,2020-11-21,2020-11-21,EXCLUDE,GF-1283
900530223,15,2020-11-30,2020-11-30,EXCLUDE,GF-1283
900530223,15,2020-12-12,2020-12-12,EXCLUDE,GF-1283
900530223,15,2020-12-17,2020-12-17,EXCLUDE,GF-1283
900530223,15,2020-12-20,2020-12-20,EXCLUDE,GF-1283
900530223,15,2020-12-26,2020-12-26,EXCLUDE,GF-1283
900530223,15,2020-12-28,2020-12-28,EXCLUDE,GF-1283
900530223,15,2021-01-01,2021-01-01,EXCLUDE,GF-1283
900530223,15,2021-01-20,2021-01-20,EXCLUDE,GF-1283
900530223,15,2021-01-23,2021-01-23,EXCLUDE,GF-1283
900530223,15,2021-01-27,2021-01-27,EXCLUDE,GF-1283
900530223,15,2021-01-30,2021-01-30,EXCLUDE,GF-1283
900530223,15,2021-02-03,2021-02-03,EXCLUDE,GF-1283
900530223,15,2021-02-06,2021-02-06,EXCLUDE,GF-1283
900530223,15,2021-02-13,2021-02-13,EXCLUDE,GF-1283
900530223,15,2021-02-21,2021-02-21,EXCLUDE,GF-1283
900530223,15,2021-02-27,2021-02-27,EXCLUDE,GF-1283
900530223,15,2021-03-03,2021-03-03,EXCLUDE,GF-1283
900530223,15,2021-03-06,2021-03-06,EXCLUDE,GF-1283
900530223,15,2021-03-12,2021-03-12,EXCLUDE,GF-1283
900530223,15,2021-03-21,2021-03-21,EXCLUDE,GF-1283
900530223,15,2021-04-04,2021-04-04,EXCLUDE,GF-1283
900530223,15,2021-04-10,2021-04-10,EXCLUDE,GF-1283
900530223,15,2021-04-21,2021-04-21,EXCLUDE,GF-1283
900530223,15,2021-04-25,2021-04-25,EXCLUDE,GF-1283
900530223,15,2021-05-01,2021-05-01,EXCLUDE,GF-1283
900530223,15,2021-05-09,2021-05-09,EXCLUDE,GF-1283
900530223,15,2021-05-13,2021-05-13,EXCLUDE,GF-1283
900530223,15,2021-05-16,2021-05-16,EXCLUDE,GF-1283
900530223,15,2021-05-19,2021-05-19,EXCLUDE,GF-1283
900530223,15,2021-05-23,2021-05-23,EXCLUDE,GF-1283
37425229,15,2020-09-21,2020-09-21,EXCLUDE,GF-1284
37425229,15,2020-09-28,2020-09-28,EXCLUDE,GF-1284
37425229,15,2020-10-04,2020-10-04,EXCLUDE,GF-1284
37425229,15,2020-10-18,2020-10-18,EXCLUDE,GF-1284
37425229,15,2020-10-23,2020-10-23,EXCLUDE,GF-1284
37425229,15,2020-11-01,2020-11-01,EXCLUDE,GF-1284
37425229,15,2020-11-08,2020-11-08,EXCLUDE,GF-1284
37425229,15,2020-11-21,2020-11-21,EXCLUDE,GF-1284
37425229,15,2020-11-30,2020-11-30,EXCLUDE,GF-1284
37425229,15,2020-12-12,2020-12-12,EXCLUDE,GF-1284
37425229,15,2020-12-17,2020-12-17,EXCLUDE,GF-1284
37425229,15,2020-12-20,2020-12-20,EXCLUDE,GF-1284
37425229,15,2020-12-26,2020-12-26,EXCLUDE,GF-1284
37425229,15,2020-12-28,2020-12-28,EXCLUDE,GF-1284
37425229,15,2021-01-01,2021-01-01,EXCLUDE,GF-1284
37425229,15,2021-01-20,2021-01-20,EXCLUDE,GF-1284
37425229,15,2021-01-23,2021-01-23,EXCLUDE,GF-1284
37425229,15,2021-01-27,2021-01-27,EXCLUDE,GF-1284
37425229,15,2021-01-30,2021-01-30,EXCLUDE,GF-1284
37425229,15,2021-02-03,2021-02-03,EXCLUDE,GF-1284
37425229,15,2021-02-06,2021-02-06,EXCLUDE,GF-1284
37425229,15,2021-02-13,2021-02-13,EXCLUDE,GF-1284
37425229,15,2021-02-21,2021-02-21,EXCLUDE,GF-1284
37425229,15,2021-02-27,2021-02-27,EXCLUDE,GF-1284
37425229,15,2021-03-03,2021-03-03,EXCLUDE,GF-1284
37425229,15,2021-03-06,2021-03-06,EXCLUDE,GF-1284
37425229,15,2021-03-12,2021-03-12,EXCLUDE,GF-1284
37425229,15,2021-03-21,2021-03-21,EXCLUDE,GF-1284
37425229,15,2021-04-04,2021-04-04,EXCLUDE,GF-1284
37425229,15,2021-04-10,2021-04-10,EXCLUDE,GF-1284
37425229,15,2021-04-21,2021-04-21,EXCLUDE,GF-1284
37425229,15,2021-04-25,2021-04-25,EXCLUDE,GF-1284
37425229,15,2021-05-01,2021-05-01,EXCLUDE,GF-1284
37425229,15,2021-05-09,2021-05-09,EXCLUDE,GF-1284
37425229,15,2021-05-13,2021-05-13,EXCLUDE,GF-1284
37425229,15,2021-05-16,2021-05-16,EXCLUDE,GF-1284
37425229,15,2021-05-19,2021-05-19,EXCLUDE,GF-1284
37425229,15,2021-05-23,2021-05-23,EXCLUDE,GF-1284
900575210,15,2020-09-21,2020-09-21,EXCLUDE,GF-1285
900575210,15,2020-09-28,2020-09-28,EXCLUDE,GF-1285
900575210,15,2020-10-04,2020-10-04,EXCLUDE,GF-1285
900575210,15,2020-10-18,2020-10-18,EXCLUDE,GF-1285
900575210,15,2020-10-23,2020-10-23,EXCLUDE,GF-1285
900575210,15,2020-11-01,2020-11-01,EXCLUDE,GF-1285
900575210,15,2020-11-08,2020-11-08,EXCLUDE,GF-1285
900575210,15,2020-11-21,2020-11-21,EXCLUDE,GF-1285
900575210,15,2020-11-30,2020-11-30,EXCLUDE,GF-1285
900575210,15,2020-12-12,2020-12-12,EXCLUDE,GF-1285
900575210,15,2020-12-17,2020-12-17,EXCLUDE,GF-1285
900575210,15,2020-12-20,2020-12-20,EXCLUDE,GF-1285
900575210,15,2020-12-26,2020-12-26,EXCLUDE,GF-1285
900575210,15,2020-12-28,2020-12-28,EXCLUDE,GF-1285
900575210,15,2021-01-01,2021-01-01,EXCLUDE,GF-1285
900575210,15,2021-01-20,2021-01-20,EXCLUDE,GF-1285
900575210,15,2021-01-23,2021-01-23,EXCLUDE,GF-1285
900575210,15,2021-01-27,2021-01-27,EXCLUDE,GF-1285
900575210,15,2021-01-30,2021-01-30,EXCLUDE,GF-1285
900575210,15,2021-02-03,2021-02-03,EXCLUDE,GF-1285
900575210,15,2021-02-06,2021-02-06,EXCLUDE,GF-1285
900575210,15,2021-02-13,2021-02-13,EXCLUDE,GF-1285
900575210,15,2021-02-21,2021-02-21,EXCLUDE,GF-1285
900575210,15,2021-02-27,2021-02-27,EXCLUDE,GF-1285
900575210,15,2021-03-03,2021-03-03,EXCLUDE,GF-1285
900575210,15,2021-03-06,2021-03-06,EXCLUDE,GF-1285
900575210,15,2021-03-12,2021-03-12,EXCLUDE,GF-1285
900575210,15,2021-03-21,2021-03-21,EXCLUDE,GF-1285
900575210,15,2021-04-04,2021-04-04,EXCLUDE,GF-1285
900575210,15,2021-04-10,2021-04-10,EXCLUDE,GF-1285
900575210,15,2021-04-21,2021-04-21,EXCLUDE,GF-1285
900575210,15,2021-04-25,2021-04-25,EXCLUDE,GF-1285
900575210,15,2021-05-01,2021-05-01,EXCLUDE,GF-1285
900575210,15,2021-05-09,2021-05-09,EXCLUDE,GF-1285
900575210,15,2021-05-13,2021-05-13,EXCLUDE,GF-1285
900575210,15,2021-05-16,2021-05-16,EXCLUDE,GF-1285
900575210,15,2021-05-19,2021-05-19,EXCLUDE,GF-1285
900575210,15,2021-05-23,2021-05-23,EXCLUDE,GF-1285
23739121,15,2020-09-21,2020-09-21,EXCLUDE,GF-1286
23739121,15,2020-09-28,2020-09-28,EXCLUDE,GF-1286
23739121,15,2020-10-04,2020-10-04,EXCLUDE,GF-1286
23739121,15,2020-10-18,2020-10-18,EXCLUDE,GF-1286
23739121,15,2020-10-23,2020-10-23,EXCLUDE,GF-1286
23739121,15,2020-11-01,2020-11-01,EXCLUDE,GF-1286
23739121,15,2020-11-08,2020-11-08,EXCLUDE,GF-1286
23739121,15,2020-11-21,2020-11-21,EXCLUDE,GF-1286
23739121,15,2020-11-30,2020-11-30,EXCLUDE,GF-1286
23739121,15,2020-12-12,2020-12-12,EXCLUDE,GF-1286
23739121,15,2020-12-17,2020-12-17,EXCLUDE,GF-1286
23739121,15,2020-12-20,2020-12-20,EXCLUDE,GF-1286
23739121,15,2020-12-26,2020-12-26,EXCLUDE,GF-1286
23739121,15,2020-12-28,2020-12-28,EXCLUDE,GF-1286
23739121,15,2021-01-01,2021-01-01,EXCLUDE,GF-1286
23739121,15,2021-01-20,2021-01-20,EXCLUDE,GF-1286
23739121,15,2021-01-23,2021-01-23,EXCLUDE,GF-1286
23739121,15,2021-01-27,2021-01-27,EXCLUDE,GF-1286
23739121,15,2021-01-30,2021-01-30,EXCLUDE,GF-1286
23739121,15,2021-02-03,2021-02-03,EXCLUDE,GF-1286
23739121,15,2021-02-06,2021-02-06,EXCLUDE,GF-1286
23739121,15,2021-02-13,2021-02-13,EXCLUDE,GF-1286
23739121,15,2021-02-21,2021-02-21,EXCLUDE,GF-1286
23739121,15,2021-02-27,2021-02-27,EXCLUDE,GF-1286
23739121,15,2021-03-03,2021-03-03,EXCLUDE,GF-1286
23739121,15,2021-03-06,2021-03-06,EXCLUDE,GF-1286
23739121,15,2021-03-12,2021-03-12,EXCLUDE,GF-1286
23739121,15,2021-03-21,2021-03-21,EXCLUDE,GF-1286
23739121,15,2021-04-04,2021-04-04,EXCLUDE,GF-1286
23739121,15,2021-04-10,2021-04-10,EXCLUDE,GF-1286
23739121,15,2021-04-21,2021-04-21,EXCLUDE,GF-1286
23739121,15,2021-04-25,2021-04-25,EXCLUDE,GF-1286
23739121,15,2021-05-01,2021-05-01,EXCLUDE,GF-1286
23739121,15,2021-05-09,2021-05-09,EXCLUDE,GF-1286
23739121,15,2021-05-13,2021-05-13,EXCLUDE,GF-1286
23739121,15,2021-05-16,2021-05-16,EXCLUDE,GF-1286
23739121,15,2021-05-19,2021-05-19,EXCLUDE,GF-1286
23739121,15,2021-05-23,2021-05-23,EXCLUDE,GF-1286
37539349,15,2020-09-21,2020-09-21,EXCLUDE,GF-1287
37539349,15,2020-09-28,2020-09-28,EXCLUDE,GF-1287
37539349,15,2020-10-04,2020-10-04,EXCLUDE,GF-1287
37539349,15,2020-10-18,2020-10-18,EXCLUDE,GF-1287
37539349,15,2020-10-23,2020-10-23,EXCLUDE,GF-1287
37539349,15,2020-11-01,2020-11-01,EXCLUDE,GF-1287
37539349,15,2020-11-08,2020-11-08,EXCLUDE,GF-1287
37539349,15,2020-11-21,2020-11-21,EXCLUDE,GF-1287
37539349,15,2020-11-30,2020-11-30,EXCLUDE,GF-1287
37539349,15,2020-12-12,2020-12-12,EXCLUDE,GF-1287
37539349,15,2020-12-17,2020-12-17,EXCLUDE,GF-1287
37539349,15,2020-12-20,2020-12-20,EXCLUDE,GF-1287
37539349,15,2020-12-26,2020-12-26,EXCLUDE,GF-1287
37539349,15,2020-12-28,2020-12-28,EXCLUDE,GF-1287
37539349,15,2021-01-01,2021-01-01,EXCLUDE,GF-1287
37539349,15,2021-01-20,2021-01-20,EXCLUDE,GF-1287
37539349,15,2021-01-23,2021-01-23,EXCLUDE,GF-1287
37539349,15,2021-01-27,2021-01-27,EXCLUDE,GF-1287
37539349,15,2021-01-30,2021-01-30,EXCLUDE,GF-1287
37539349,15,2021-02-03,2021-02-03,EXCLUDE,GF-1287
37539349,15,2021-02-06,2021-02-06,EXCLUDE,GF-1287
37539349,15,2021-02-13,2021-02-13,EXCLUDE,GF-1287
37539349,15,2021-02-21,2021-02-21,EXCLUDE,GF-1287
37539349,15,2021-02-27,2021-02-27,EXCLUDE,GF-1287
37539349,15,2021-03-03,2021-03-03,EXCLUDE,GF-1287
37539349,15,2021-03-06,2021-03-06,EXCLUDE,GF-1287
37539349,15,2021-03-12,2021-03-12,EXCLUDE,GF-1287
37539349,15,2021-03-21,2021-03-21,EXCLUDE,GF-1287
37539349,15,2021-04-04,2021-04-04,EXCLUDE,GF-1287
37539349,15,2021-04-10,2021-04-10,EXCLUDE,GF-1287
37539349,15,2021-04-21,2021-04-21,EXCLUDE,GF-1287
37539349,15,2021-04-25,2021-04-25,EXCLUDE,GF-1287
37539349,15,2021-05-01,2021-05-01,EXCLUDE,GF-1287
37539349,15,2021-05-09,2021-05-09,EXCLUDE,GF-1287
37539349,15,2021-05-13,2021-05-13,EXCLUDE,GF-1287
37539349,15,2021-05-16,2021-05-16,EXCLUDE,GF-1287
37539349,15,2021-05-19,2021-05-19,EXCLUDE,GF-1287
37539349,15,2021-05-23,2021-05-23,EXCLUDE,GF-1287
37536795,15,2020-09-21,2020-09-21,EXCLUDE,GF-1288
37536795,15,2020-09-28,2020-09-28,EXCLUDE,GF-1288
37536795,15,2020-10-04,2020-10-04,EXCLUDE,GF-1288
37536795,15,2020-10-18,2020-10-18,EXCLUDE,GF-1288
37536795,15,2020-10-23,2020-10-23,EXCLUDE,GF-1288
37536795,15,2020-11-01,2020-11-01,EXCLUDE,GF-1288
37536795,15,2020-11-08,2020-11-08,EXCLUDE,GF-1288
37536795,15,2020-11-21,2020-11-21,EXCLUDE,GF-1288
37536795,15,2020-11-30,2020-11-30,EXCLUDE,GF-1288
37536795,15,2020-12-12,2020-12-12,EXCLUDE,GF-1288
37536795,15,2020-12-17,2020-12-17,EXCLUDE,GF-1288
37536795,15,2020-12-20,2020-12-20,EXCLUDE,GF-1288
37536795,15,2020-12-26,2020-12-26,EXCLUDE,GF-1288
37536795,15,2020-12-28,2020-12-28,EXCLUDE,GF-1288
37536795,15,2021-01-01,2021-01-01,EXCLUDE,GF-1288
37536795,15,2021-01-20,2021-01-20,EXCLUDE,GF-1288
37536795,15,2021-01-23,2021-01-23,EXCLUDE,GF-1288
37536795,15,2021-01-27,2021-01-27,EXCLUDE,GF-1288
37536795,15,2021-01-30,2021-01-30,EXCLUDE,GF-1288
37536795,15,2021-02-03,2021-02-03,EXCLUDE,GF-1288
37536795,15,2021-02-06,2021-02-06,EXCLUDE,GF-1288
37536795,15,2021-02-13,2021-02-13,EXCLUDE,GF-1288
37536795,15,2021-02-21,2021-02-21,EXCLUDE,GF-1288
37536795,15,2021-02-27,2021-02-27,EXCLUDE,GF-1288
37536795,15,2021-03-03,2021-03-03,EXCLUDE,GF-1288
37536795,15,2021-03-06,2021-03-06,EXCLUDE,GF-1288
37536795,15,2021-03-12,2021-03-12,EXCLUDE,GF-1288
37536795,15,2021-03-21,2021-03-21,EXCLUDE,GF-1288
37536795,15,2021-04-04,2021-04-04,EXCLUDE,GF-1288
37536795,15,2021-04-10,2021-04-10,EXCLUDE,GF-1288
37536795,15,2021-04-21,2021-04-21,EXCLUDE,GF-1288
37536795,15,2021-04-25,2021-04-25,EXCLUDE,GF-1288
37536795,15,2021-05-01,2021-05-01,EXCLUDE,GF-1288
37536795,15,2021-05-09,2021-05-09,EXCLUDE,GF-1288
37536795,15,2021-05-13,2021-05-13,EXCLUDE,GF-1288
37536795,15,2021-05-16,2021-05-16,EXCLUDE,GF-1288
37536795,15,2021-05-19,2021-05-19,EXCLUDE,GF-1288
37536795,15,2021-05-23,2021-05-23,EXCLUDE,GF-1288
900654173,15,2020-09-21,2020-09-21,EXCLUDE,GF-1289
900654173,15,2020-09-28,2020-09-28,EXCLUDE,GF-1289
900654173,15,2020-10-04,2020-10-04,EXCLUDE,GF-1289
900654173,15,2020-10-18,2020-10-18,EXCLUDE,GF-1289
900654173,15,2020-10-23,2020-10-23,EXCLUDE,GF-1289
900654173,15,2020-11-01,2020-11-01,EXCLUDE,GF-1289
900654173,15,2020-11-08,2020-11-08,EXCLUDE,GF-1289
900654173,15,2020-11-21,2020-11-21,EXCLUDE,GF-1289
900654173,15,2020-11-30,2020-11-30,EXCLUDE,GF-1289
900654173,15,2020-12-12,2020-12-12,EXCLUDE,GF-1289
900654173,15,2020-12-17,2020-12-17,EXCLUDE,GF-1289
900654173,15,2020-12-20,2020-12-20,EXCLUDE,GF-1289
900654173,15,2020-12-26,2020-12-26,EXCLUDE,GF-1289
900654173,15,2020-12-28,2020-12-28,EXCLUDE,GF-1289
900654173,15,2021-01-01,2021-01-01,EXCLUDE,GF-1289
900654173,15,2021-01-20,2021-01-20,EXCLUDE,GF-1289
900654173,15,2021-01-23,2021-01-23,EXCLUDE,GF-1289
900654173,15,2021-01-27,2021-01-27,EXCLUDE,GF-1289
900654173,15,2021-01-30,2021-01-30,EXCLUDE,GF-1289
900654173,15,2021-02-03,2021-02-03,EXCLUDE,GF-1289
900654173,15,2021-02-06,2021-02-06,EXCLUDE,GF-1289
900654173,15,2021-02-13,2021-02-13,EXCLUDE,GF-1289
900654173,15,2021-02-21,2021-02-21,EXCLUDE,GF-1289
900654173,15,2021-02-27,2021-02-27,EXCLUDE,GF-1289
900654173,15,2021-03-03,2021-03-03,EXCLUDE,GF-1289
900654173,15,2021-03-06,2021-03-06,EXCLUDE,GF-1289
900654173,15,2021-03-12,2021-03-12,EXCLUDE,GF-1289
900654173,15,2021-03-21,2021-03-21,EXCLUDE,GF-1289
900654173,15,2021-04-04,2021-04-04,EXCLUDE,GF-1289
900654173,15,2021-04-10,2021-04-10,EXCLUDE,GF-1289
900654173,15,2021-04-21,2021-04-21,EXCLUDE,GF-1289
900654173,15,2021-04-25,2021-04-25,EXCLUDE,GF-1289
900654173,15,2021-05-01,2021-05-01,EXCLUDE,GF-1289
900654173,15,2021-05-09,2021-05-09,EXCLUDE,GF-1289
900654173,15,2021-05-13,2021-05-13,EXCLUDE,GF-1289
900654173,15,2021-05-16,2021-05-16,EXCLUDE,GF-1289
900654173,15,2021-05-19,2021-05-19,EXCLUDE,GF-1289
900654173,15,2021-05-23,2021-05-23,EXCLUDE,GF-1289
900654177,15,2020-09-21,2020-09-21,EXCLUDE,GF-1290
900654177,15,2020-09-28,2020-09-28,EXCLUDE,GF-1290
900654177,15,2020-10-04,2020-10-04,EXCLUDE,GF-1290
900654177,15,2020-10-18,2020-10-18,EXCLUDE,GF-1290
900654177,15,2020-10-23,2020-10-23,EXCLUDE,GF-1290
900654177,15,2020-11-01,2020-11-01,EXCLUDE,GF-1290
900654177,15,2020-11-08,2020-11-08,EXCLUDE,GF-1290
900654177,15,2020-11-21,2020-11-21,EXCLUDE,GF-1290
900654177,15,2020-11-30,2020-11-30,EXCLUDE,GF-1290
900654177,15,2020-12-12,2020-12-12,EXCLUDE,GF-1290
900654177,15,2020-12-17,2020-12-17,EXCLUDE,GF-1290
900654177,15,2020-12-20,2020-12-20,EXCLUDE,GF-1290
900654177,15,2020-12-26,2020-12-26,EXCLUDE,GF-1290
900654177,15,2020-12-28,2020-12-28,EXCLUDE,GF-1290
900654177,15,2021-01-01,2021-01-01,EXCLUDE,GF-1290
900654177,15,2021-01-20,2021-01-20,EXCLUDE,GF-1290
900654177,15,2021-01-23,2021-01-23,EXCLUDE,GF-1290
900654177,15,2021-01-27,2021-01-27,EXCLUDE,GF-1290
900654177,15,2021-01-30,2021-01-30,EXCLUDE,GF-1290
900654177,15,2021-02-03,2021-02-03,EXCLUDE,GF-1290
900654177,15,2021-02-06,2021-02-06,EXCLUDE,GF-1290
900654177,15,2021-02-13,2021-02-13,EXCLUDE,GF-1290
900654177,15,2021-02-21,2021-02-21,EXCLUDE,GF-1290
900654177,15,2021-02-27,2021-02-27,EXCLUDE,GF-1290
900654177,15,2021-03-03,2021-03-03,EXCLUDE,GF-1290
900654177,15,2021-03-06,2021-03-06,EXCLUDE,GF-1290
900654177,15,2021-03-12,2021-03-12,EXCLUDE,GF-1290
900654177,15,2021-03-21,2021-03-21,EXCLUDE,GF-1290
900654177,15,2021-04-04,2021-04-04,EXCLUDE,GF-1290
900654177,15,2021-04-10,2021-04-10,EXCLUDE,GF-1290
900654177,15,2021-04-21,2021-04-21,EXCLUDE,GF-1290
900654177,15,2021-04-25,2021-04-25,EXCLUDE,GF-1290
900654177,15,2021-05-01,2021-05-01,EXCLUDE,GF-1290
900654177,15,2021-05-09,2021-05-09,EXCLUDE,GF-1290
900654177,15,2021-05-13,2021-05-13,EXCLUDE,GF-1290
900654177,15,2021-05-16,2021-05-16,EXCLUDE,GF-1290
900654177,15,2021-05-19,2021-05-19,EXCLUDE,GF-1290
900654177,15,2021-05-23,2021-05-23,EXCLUDE,GF-1290
37282898,15,2020-09-21,2020-09-21,EXCLUDE,GF-1291
37282898,15,2020-09-28,2020-09-28,EXCLUDE,GF-1291
37282898,15,2020-10-04,2020-10-04,EXCLUDE,GF-1291
37282898,15,2020-10-18,2020-10-18,EXCLUDE,GF-1291
37282898,15,2020-10-23,2020-10-23,EXCLUDE,GF-1291
37282898,15,2020-11-01,2020-11-01,EXCLUDE,GF-1291
37282898,15,2020-11-08,2020-11-08,EXCLUDE,GF-1291
37282898,15,2020-11-21,2020-11-21,EXCLUDE,GF-1291
37282898,15,2020-11-30,2020-11-30,EXCLUDE,GF-1291
37282898,15,2020-12-12,2020-12-12,EXCLUDE,GF-1291
37282898,15,2020-12-17,2020-12-17,EXCLUDE,GF-1291
37282898,15,2020-12-20,2020-12-20,EXCLUDE,GF-1291
37282898,15,2020-12-26,2020-12-26,EXCLUDE,GF-1291
37282898,15,2020-12-28,2020-12-28,EXCLUDE,GF-1291
37282898,15,2021-01-01,2021-01-01,EXCLUDE,GF-1291
37282898,15,2021-01-20,2021-01-20,EXCLUDE,GF-1291
37282898,15,2021-01-23,2021-01-23,EXCLUDE,GF-1291
37282898,15,2021-01-27,2021-01-27,EXCLUDE,GF-1291
37282898,15,2021-01-30,2021-01-30,EXCLUDE,GF-1291
37282898,15,2021-02-03,2021-02-03,EXCLUDE,GF-1291
37282898,15,2021-02-06,2021-02-06,EXCLUDE,GF-1291
37282898,15,2021-02-13,2021-02-13,EXCLUDE,GF-1291
37282898,15,2021-02-21,2021-02-21,EXCLUDE,GF-1291
37282898,15,2021-02-27,2021-02-27,EXCLUDE,GF-1291
37282898,15,2021-03-03,2021-03-03,EXCLUDE,GF-1291
37282898,15,2021-03-06,2021-03-06,EXCLUDE,GF-1291
37282898,15,2021-03-12,2021-03-12,EXCLUDE,GF-1291
37282898,15,2021-03-21,2021-03-21,EXCLUDE,GF-1291
37282898,15,2021-04-04,2021-04-04,EXCLUDE,GF-1291
37282898,15,2021-04-10,2021-04-10,EXCLUDE,GF-1291
37282898,15,2021-04-21,2021-04-21,EXCLUDE,GF-1291
37282898,15,2021-04-25,2021-04-25,EXCLUDE,GF-1291
37282898,15,2021-05-01,2021-05-01,EXCLUDE,GF-1291
37282898,15,2021-05-09,2021-05-09,EXCLUDE,GF-1291
37282898,15,2021-05-13,2021-05-13,EXCLUDE,GF-1291
37282898,15,2021-05-16,2021-05-16,EXCLUDE,GF-1291
37282898,15,2021-05-19,2021-05-19,EXCLUDE,GF-1291
37282898,15,2021-05-23,2021-05-23,EXCLUDE,GF-1291
900698097,15,2020-09-21,2020-09-21,EXCLUDE,GF-1292
900698097,15,2020-09-28,2020-09-28,EXCLUDE,GF-1292
900698097,15,2020-10-04,2020-10-04,EXCLUDE,GF-1292
900698097,15,2020-10-18,2020-10-18,EXCLUDE,GF-1292
900698097,15,2020-10-23,2020-10-23,EXCLUDE,GF-1292
900698097,15,2020-11-01,2020-11-01,EXCLUDE,GF-1292
900698097,15,2020-11-08,2020-11-08,EXCLUDE,GF-1292
900698097,15,2020-11-21,2020-11-21,EXCLUDE,GF-1292
900698097,15,2020-11-30,2020-11-30,EXCLUDE,GF-1292
900698097,15,2020-12-12,2020-12-12,EXCLUDE,GF-1292
900698097,15,2020-12-17,2020-12-17,EXCLUDE,GF-1292
900698097,15,2020-12-20,2020-12-20,EXCLUDE,GF-1292
900698097,15,2020-12-26,2020-12-26,EXCLUDE,GF-1292
900698097,15,2020-12-28,2020-12-28,EXCLUDE,GF-1292
900698097,15,2021-01-01,2021-01-01,EXCLUDE,GF-1292
900698097,15,2021-01-20,2021-01-20,EXCLUDE,GF-1292
900698097,15,2021-01-23,2021-01-23,EXCLUDE,GF-1292
900698097,15,2021-01-27,2021-01-27,EXCLUDE,GF-1292
900698097,15,2021-01-30,2021-01-30,EXCLUDE,GF-1292
900698097,15,2021-02-03,2021-02-03,EXCLUDE,GF-1292
900698097,15,2021-02-06,2021-02-06,EXCLUDE,GF-1292
900698097,15,2021-02-13,2021-02-13,EXCLUDE,GF-1292
900698097,15,2021-02-21,2021-02-21,EXCLUDE,GF-1292
900698097,15,2021-02-27,2021-02-27,EXCLUDE,GF-1292
900698097,15,2021-03-03,2021-03-03,EXCLUDE,GF-1292
900698097,15,2021-03-06,2021-03-06,EXCLUDE,GF-1292
900698097,15,2021-03-12,2021-03-12,EXCLUDE,GF-1292
900698097,15,2021-03-21,2021-03-21,EXCLUDE,GF-1292
900698097,15,2021-04-04,2021-04-04,EXCLUDE,GF-1292
900698097,15,2021-04-10,2021-04-10,EXCLUDE,GF-1292
900698097,15,2021-04-21,2021-04-21,EXCLUDE,GF-1292
900698097,15,2021-04-25,2021-04-25,EXCLUDE,GF-1292
900698097,15,2021-05-01,2021-05-01,EXCLUDE,GF-1292
900698097,15,2021-05-09,2021-05-09,EXCLUDE,GF-1292
900698097,15,2021-05-13,2021-05-13,EXCLUDE,GF-1292
900698097,15,2021-05-16,2021-05-16,EXCLUDE,GF-1292
900698097,15,2021-05-19,2021-05-19,EXCLUDE,GF-1292
900698097,15,2021-05-23,2021-05-23,EXCLUDE,GF-1292
900698637,15,2020-09-21,2020-09-21,EXCLUDE,GF-1293
900698637,15,2020-09-28,2020-09-28,EXCLUDE,GF-1293
900698637,15,2020-10-04,2020-10-04,EXCLUDE,GF-1293
900698637,15,2020-10-18,2020-10-18,EXCLUDE,GF-1293
900698637,15,2020-10-23,2020-10-23,EXCLUDE,GF-1293
900698637,15,2020-11-01,2020-11-01,EXCLUDE,GF-1293
900698637,15,2020-11-08,2020-11-08,EXCLUDE,GF-1293
900698637,15,2020-11-21,2020-11-21,EXCLUDE,GF-1293
900698637,15,2020-11-30,2020-11-30,EXCLUDE,GF-1293
900698637,15,2020-12-12,2020-12-12,EXCLUDE,GF-1293
900698637,15,2020-12-17,2020-12-17,EXCLUDE,GF-1293
900698637,15,2020-12-20,2020-12-20,EXCLUDE,GF-1293
900698637,15,2020-12-26,2020-12-26,EXCLUDE,GF-1293
900698637,15,2020-12-28,2020-12-28,EXCLUDE,GF-1293
900698637,15,2021-01-01,2021-01-01,EXCLUDE,GF-1293
900698637,15,2021-01-20,2021-01-20,EXCLUDE,GF-1293
900698637,15,2021-01-23,2021-01-23,EXCLUDE,GF-1293
900698637,15,2021-01-27,2021-01-27,EXCLUDE,GF-1293
900698637,15,2021-01-30,2021-01-30,EXCLUDE,GF-1293
900698637,15,2021-02-03,2021-02-03,EXCLUDE,GF-1293
900698637,15,2021-02-06,2021-02-06,EXCLUDE,GF-1293
900698637,15,2021-02-13,2021-02-13,EXCLUDE,GF-1293
900698637,15,2021-02-21,2021-02-21,EXCLUDE,GF-1293
900698637,15,2021-02-27,2021-02-27,EXCLUDE,GF-1293
900698637,15,2021-03-03,2021-03-03,EXCLUDE,GF-1293
900698637,15,2021-03-06,2021-03-06,EXCLUDE,GF-1293
900698637,15,2021-03-12,2021-03-12,EXCLUDE,GF-1293
900698637,15,2021-03-21,2021-03-21,EXCLUDE,GF-1293
900698637,15,2021-04-04,2021-04-04,EXCLUDE,GF-1293
900698637,15,2021-04-10,2021-04-10,EXCLUDE,GF-1293
900698637,15,2021-04-21,2021-04-21,EXCLUDE,GF-1293
900698637,15,2021-04-25,2021-04-25,EXCLUDE,GF-1293
900698637,15,2021-05-01,2021-05-01,EXCLUDE,GF-1293
900698637,15,2021-05-09,2021-05-09,EXCLUDE,GF-1293
900698637,15,2021-05-13,2021-05-13,EXCLUDE,GF-1293
900698637,15,2021-05-16,2021-05-16,EXCLUDE,GF-1293
900698637,15,2021-05-19,2021-05-19,EXCLUDE,GF-1293
900698637,15,2021-05-23,2021-05-23,EXCLUDE,GF-1293
900731738,15,2020-09-21,2020-09-21,EXCLUDE,GF-1294
900731738,15,2020-09-28,2020-09-28,EXCLUDE,GF-1294
900731738,15,2020-10-04,2020-10-04,EXCLUDE,GF-1294
900731738,15,2020-10-18,2020-10-18,EXCLUDE,GF-1294
900731738,15,2020-10-23,2020-10-23,EXCLUDE,GF-1294
900731738,15,2020-11-01,2020-11-01,EXCLUDE,GF-1294
900731738,15,2020-11-08,2020-11-08,EXCLUDE,GF-1294
900731738,15,2020-11-21,2020-11-21,EXCLUDE,GF-1294
900731738,15,2020-11-30,2020-11-30,EXCLUDE,GF-1294
900731738,15,2020-12-12,2020-12-12,EXCLUDE,GF-1294
900731738,15,2020-12-17,2020-12-17,EXCLUDE,GF-1294
900731738,15,2020-12-20,2020-12-20,EXCLUDE,GF-1294
900731738,15,2020-12-26,2020-12-26,EXCLUDE,GF-1294
900731738,15,2020-12-28,2020-12-28,EXCLUDE,GF-1294
900731738,15,2021-01-01,2021-01-01,EXCLUDE,GF-1294
900731738,15,2021-01-20,2021-01-20,EXCLUDE,GF-1294
900731738,15,2021-01-23,2021-01-23,EXCLUDE,GF-1294
900731738,15,2021-01-27,2021-01-27,EXCLUDE,GF-1294
900731738,15,2021-01-30,2021-01-30,EXCLUDE,GF-1294
900731738,15,2021-02-03,2021-02-03,EXCLUDE,GF-1294
900731738,15,2021-02-06,2021-02-06,EXCLUDE,GF-1294
900731738,15,2021-02-13,2021-02-13,EXCLUDE,GF-1294
900731738,15,2021-02-21,2021-02-21,EXCLUDE,GF-1294
900731738,15,2021-02-27,2021-02-27,EXCLUDE,GF-1294
900731738,15,2021-03-03,2021-03-03,EXCLUDE,GF-1294
900731738,15,2021-03-06,2021-03-06,EXCLUDE,GF-1294
900731738,15,2021-03-12,2021-03-12,EXCLUDE,GF-1294
900731738,15,2021-03-21,2021-03-21,EXCLUDE,GF-1294
900731738,15,2021-04-04,2021-04-04,EXCLUDE,GF-1294
900731738,15,2021-04-10,2021-04-10,EXCLUDE,GF-1294
900731738,15,2021-04-21,2021-04-21,EXCLUDE,GF-1294
900731738,15,2021-04-25,2021-04-25,EXCLUDE,GF-1294
900731738,15,2021-05-01,2021-05-01,EXCLUDE,GF-1294
900731738,15,2021-05-09,2021-05-09,EXCLUDE,GF-1294
900731738,15,2021-05-13,2021-05-13,EXCLUDE,GF-1294
900731738,15,2021-05-16,2021-05-16,EXCLUDE,GF-1294
900731738,15,2021-05-19,2021-05-19,EXCLUDE,GF-1294
900731738,15,2021-05-23,2021-05-23,EXCLUDE,GF-1294
900741700,15,2020-09-21,2020-09-21,EXCLUDE,GF-1295
900741700,15,2020-09-28,2020-09-28,EXCLUDE,GF-1295
900741700,15,2020-10-04,2020-10-04,EXCLUDE,GF-1295
900741700,15,2020-10-18,2020-10-18,EXCLUDE,GF-1295
900741700,15,2020-10-23,2020-10-23,EXCLUDE,GF-1295
900741700,15,2020-11-01,2020-11-01,EXCLUDE,GF-1295
900741700,15,2020-11-08,2020-11-08,EXCLUDE,GF-1295
900741700,15,2020-11-21,2020-11-21,EXCLUDE,GF-1295
900741700,15,2020-11-30,2020-11-30,EXCLUDE,GF-1295
900741700,15,2020-12-12,2020-12-12,EXCLUDE,GF-1295
900741700,15,2020-12-17,2020-12-17,EXCLUDE,GF-1295
900741700,15,2020-12-20,2020-12-20,EXCLUDE,GF-1295
900741700,15,2020-12-26,2020-12-26,EXCLUDE,GF-1295
900741700,15,2020-12-28,2020-12-28,EXCLUDE,GF-1295
900741700,15,2021-01-01,2021-01-01,EXCLUDE,GF-1295
900741700,15,2021-01-20,2021-01-20,EXCLUDE,GF-1295
900741700,15,2021-01-23,2021-01-23,EXCLUDE,GF-1295
900741700,15,2021-01-27,2021-01-27,EXCLUDE,GF-1295
900741700,15,2021-01-30,2021-01-30,EXCLUDE,GF-1295
900741700,15,2021-02-03,2021-02-03,EXCLUDE,GF-1295
900741700,15,2021-02-06,2021-02-06,EXCLUDE,GF-1295
900741700,15,2021-02-13,2021-02-13,EXCLUDE,GF-1295
900741700,15,2021-02-21,2021-02-21,EXCLUDE,GF-1295
900741700,15,2021-02-27,2021-02-27,EXCLUDE,GF-1295
900741700,15,2021-03-03,2021-03-03,EXCLUDE,GF-1295
900741700,15,2021-03-06,2021-03-06,EXCLUDE,GF-1295
900741700,15,2021-03-12,2021-03-12,EXCLUDE,GF-1295
900741700,15,2021-03-21,2021-03-21,EXCLUDE,GF-1295
900741700,15,2021-04-04,2021-04-04,EXCLUDE,GF-1295
900741700,15,2021-04-10,2021-04-10,EXCLUDE,GF-1295
900741700,15,2021-04-21,2021-04-21,EXCLUDE,GF-1295
900741700,15,2021-04-25,2021-04-25,EXCLUDE,GF-1295
900741700,15,2021-05-01,2021-05-01,EXCLUDE,GF-1295
900741700,15,2021-05-09,2021-05-09,EXCLUDE,GF-1295
900741700,15,2021-05-13,2021-05-13,EXCLUDE,GF-1295
900741700,15,2021-05-16,2021-05-16,EXCLUDE,GF-1295
900741700,15,2021-05-19,2021-05-19,EXCLUDE,GF-1295
900741700,15,2021-05-23,2021-05-23,EXCLUDE,GF-1295
900814522,15,2020-09-21,2020-09-21,EXCLUDE,GF-1296
900814522,15,2020-09-28,2020-09-28,EXCLUDE,GF-1296
900814522,15,2020-10-04,2020-10-04,EXCLUDE,GF-1296
900814522,15,2020-10-18,2020-10-18,EXCLUDE,GF-1296
900814522,15,2020-10-23,2020-10-23,EXCLUDE,GF-1296
900814522,15,2020-11-01,2020-11-01,EXCLUDE,GF-1296
900814522,15,2020-11-08,2020-11-08,EXCLUDE,GF-1296
900814522,15,2020-11-21,2020-11-21,EXCLUDE,GF-1296
900814522,15,2020-11-30,2020-11-30,EXCLUDE,GF-1296
900814522,15,2020-12-12,2020-12-12,EXCLUDE,GF-1296
900814522,15,2020-12-17,2020-12-17,EXCLUDE,GF-1296
900814522,15,2020-12-20,2020-12-20,EXCLUDE,GF-1296
900814522,15,2020-12-26,2020-12-26,EXCLUDE,GF-1296
900814522,15,2020-12-28,2020-12-28,EXCLUDE,GF-1296
900814522,15,2021-01-01,2021-01-01,EXCLUDE,GF-1296
900814522,15,2021-01-20,2021-01-20,EXCLUDE,GF-1296
900814522,15,2021-01-23,2021-01-23,EXCLUDE,GF-1296
900814522,15,2021-01-27,2021-01-27,EXCLUDE,GF-1296
900814522,15,2021-01-30,2021-01-30,EXCLUDE,GF-1296
900814522,15,2021-02-03,2021-02-03,EXCLUDE,GF-1296
900814522,15,2021-02-06,2021-02-06,EXCLUDE,GF-1296
900814522,15,2021-02-13,2021-02-13,EXCLUDE,GF-1296
900814522,15,2021-02-21,2021-02-21,EXCLUDE,GF-1296
900814522,15,2021-02-27,2021-02-27,EXCLUDE,GF-1296
900814522,15,2021-03-03,2021-03-03,EXCLUDE,GF-1296
900814522,15,2021-03-06,2021-03-06,EXCLUDE,GF-1296
900814522,15,2021-03-12,2021-03-12,EXCLUDE,GF-1296
900814522,15,2021-03-21,2021-03-21,EXCLUDE,GF-1296
900814522,15,2021-04-04,2021-04-04,EXCLUDE,GF-1296
900814522,15,2021-04-10,2021-04-10,EXCLUDE,GF-1296
900814522,15,2021-04-21,2021-04-21,EXCLUDE,GF-1296
900814522,15,2021-04-25,2021-04-25,EXCLUDE,GF-1296
900814522,15,2021-05-01,2021-05-01,EXCLUDE,GF-1296
900814522,15,2021-05-09,2021-05-09,EXCLUDE,GF-1296
900814522,15,2021-05-13,2021-05-13,EXCLUDE,GF-1296
900814522,15,2021-05-16,2021-05-16,EXCLUDE,GF-1296
900814522,15,2021-05-19,2021-05-19,EXCLUDE,GF-1296
900814522,15,2021-05-23,2021-05-23,EXCLUDE,GF-1296
186892,18,2020-09-14,2020-09-14,EXCLUDE,GF-1298
186892,18,2020-09-20,2020-09-20,EXCLUDE,GF-1298
186892,18,2020-09-26,2020-09-26,EXCLUDE,GF-1298
186892,18,2020-10-03,2020-10-03,EXCLUDE,GF-1298
186892,18,2020-10-17,2020-10-17,EXCLUDE,GF-1298
186892,18,2020-10-24,2020-10-24,EXCLUDE,GF-1298
186892,18,2020-10-31,2020-10-31,EXCLUDE,GF-1298
186892,18,2020-11-07,2020-11-07,EXCLUDE,GF-1298
186892,18,2020-11-21,2020-11-21,EXCLUDE,GF-1298
186892,18,2020-11-29,2020-11-29,EXCLUDE,GF-1298
186892,18,2020-12-05,2020-12-05,EXCLUDE,GF-1298
186892,18,2020-12-12,2020-12-12,EXCLUDE,GF-1298
186892,18,2020-12-15,2020-12-15,EXCLUDE,GF-1298
186892,18,2020-12-21,2020-12-21,EXCLUDE,GF-1298
186892,18,2020-12-26,2020-12-26,EXCLUDE,GF-1298
186892,18,2020-12-28,2020-12-28,EXCLUDE,GF-1298
186892,18,2021-01-03,2021-01-03,EXCLUDE,GF-1298
186892,18,2021-01-16,2021-01-16,EXCLUDE,GF-1298
186892,18,2021-01-19,2021-01-19,EXCLUDE,GF-1298
186892,18,2021-01-27,2021-01-27,EXCLUDE,GF-1298
186892,18,2021-01-31,2021-01-31,EXCLUDE,GF-1298
186892,18,2021-02-04,2021-02-04,EXCLUDE,GF-1298
186892,18,2021-02-07,2021-02-07,EXCLUDE,GF-1298
186892,18,2021-02-15,2021-02-15,EXCLUDE,GF-1298
186892,18,2021-02-20,2021-02-20,EXCLUDE,GF-1298
186892,18,2021-02-28,2021-02-28,EXCLUDE,GF-1298
186892,18,2021-03-04,2021-03-04,EXCLUDE,GF-1298
186892,18,2021-03-08,2021-03-08,EXCLUDE,GF-1298
186892,18,2021-03-13,2021-03-13,EXCLUDE,GF-1298
186892,18,2021-04-03,2021-04-03,EXCLUDE,GF-1298
186892,18,2021-04-10,2021-04-10,EXCLUDE,GF-1298
186892,18,2021-04-20,2021-04-20,EXCLUDE,GF-1298
186892,18,2021-04-24,2021-04-24,EXCLUDE,GF-1298
186892,18,2021-05-01,2021-05-01,EXCLUDE,GF-1298
186892,18,2021-05-08,2021-05-08,EXCLUDE,GF-1298
186892,18,2021-05-12,2021-05-12,EXCLUDE,GF-1298
186892,18,2021-05-18,2021-05-18,EXCLUDE,GF-1298
186892,18,2021-05-23,2021-05-23,EXCLUDE,GF-1298
4620,18,2020-09-14,2020-09-14,EXCLUDE,GF-1300
4620,18,2020-09-20,2020-09-20,EXCLUDE,GF-1300
4620,18,2020-09-26,2020-09-26,EXCLUDE,GF-1300
4620,18,2020-10-03,2020-10-03,EXCLUDE,GF-1300
18523,18,2020-09-14,2020-09-14,EXCLUDE,GF-1301
18523,18,2020-09-20,2020-09-20,EXCLUDE,GF-1301
18523,18,2020-09-26,2020-09-26,EXCLUDE,GF-1301
18523,18,2020-10-03,2020-10-03,EXCLUDE,GF-1301
28912783,18,2020-09-14,2020-09-14,EXCLUDE,GF-1309
28912783,18,2020-09-20,2020-09-20,EXCLUDE,GF-1309
28912783,18,2020-09-26,2020-09-26,EXCLUDE,GF-1309
28912783,18,2020-10-03,2020-10-03,EXCLUDE,GF-1309
28912783,18,2020-10-17,2020-10-17,EXCLUDE,GF-1309
28912783,18,2020-10-24,2020-10-24,EXCLUDE,GF-1309
28912783,18,2020-10-31,2020-10-31,EXCLUDE,GF-1309
28912783,18,2020-11-07,2020-11-07,EXCLUDE,GF-1309
28912783,18,2020-11-21,2020-11-21,EXCLUDE,GF-1309
28912783,18,2020-11-29,2020-11-29,EXCLUDE,GF-1309
28912783,18,2020-12-05,2020-12-05,EXCLUDE,GF-1309
28912783,18,2020-12-12,2020-12-12,EXCLUDE,GF-1309
28912783,18,2020-12-15,2020-12-15,EXCLUDE,GF-1309
28912783,18,2020-12-21,2020-12-21,EXCLUDE,GF-1309
28912783,18,2020-12-26,2020-12-26,EXCLUDE,GF-1309
28912783,18,2020-12-28,2020-12-28,EXCLUDE,GF-1309
28912783,18,2021-01-03,2021-01-03,EXCLUDE,GF-1309
28912783,18,2021-01-16,2021-01-16,EXCLUDE,GF-1309
28912783,18,2021-01-19,2021-01-19,EXCLUDE,GF-1309
28912783,18,2021-01-27,2021-01-27,EXCLUDE,GF-1309
28912783,18,2021-01-31,2021-01-31,EXCLUDE,GF-1309
28912783,18,2021-02-04,2021-02-04,EXCLUDE,GF-1309
28912783,18,2021-02-07,2021-02-07,EXCLUDE,GF-1309
28912783,18,2021-02-15,2021-02-15,EXCLUDE,GF-1309
28912783,18,2021-02-20,2021-02-20,EXCLUDE,GF-1309
28912783,18,2021-02-28,2021-02-28,EXCLUDE,GF-1309
28912783,18,2021-03-04,2021-03-04,EXCLUDE,GF-1309
28912783,18,2021-03-08,2021-03-08,EXCLUDE,GF-1309
28912783,18,2021-03-13,2021-03-13,EXCLUDE,GF-1309
28912783,18,2021-04-03,2021-04-03,EXCLUDE,GF-1309
28912783,18,2021-04-10,2021-04-10,EXCLUDE,GF-1309
28912783,18,2021-04-20,2021-04-20,EXCLUDE,GF-1309
28912783,18,2021-04-24,2021-04-24,EXCLUDE,GF-1309
28912783,18,2021-05-01,2021-05-01,EXCLUDE,GF-1309
28912783,18,2021-05-08,2021-05-08,EXCLUDE,GF-1309
28912783,18,2021-05-12,2021-05-12,EXCLUDE,GF-1309
28912783,18,2021-05-18,2021-05-18,EXCLUDE,GF-1309
28912783,18,2021-05-23,2021-05-23,EXCLUDE,GF-1309
1343,19,2020-09-12,2020-09-12,EXCLUDE,GF-1311
537308,19,2020-09-12,2020-09-12,EXCLUDE,GF-1312
537308,19,2020-09-19,2020-09-19,EXCLUDE,GF-1312
537308,19,2020-09-28,2020-09-28,EXCLUDE,GF-1312
537308,19,2020-10-04,2020-10-04,EXCLUDE,GF-1312
537308,19,2021-02-02,2021-02-02,EXCLUDE,GF-1312
537308,19,2021-02-06,2021-02-06,EXCLUDE,GF-1312
537308,19,2021-02-14,2021-02-14,EXCLUDE,GF-1312
537308,19,2021-02-21,2021-02-21,EXCLUDE,GF-1312
537308,19,2021-02-28,2021-02-28,EXCLUDE,GF-1312
537308,19,2021-03-06,2021-03-06,EXCLUDE,GF-1312
537308,19,2021-03-14,2021-03-14,EXCLUDE,GF-1312
537308,19,2021-03-21,2021-03-21,EXCLUDE,GF-1312
537308,19,2021-04-03,2021-04-03,EXCLUDE,GF-1312
537308,19,2021-04-11,2021-04-11,EXCLUDE,GF-1312
537308,19,2021-04-18,2021-04-18,EXCLUDE,GF-1312
537308,19,2021-04-23,2021-04-23,EXCLUDE,GF-1312
537308,19,2021-05-02,2021-05-02,EXCLUDE,GF-1312
537308,19,2021-05-09,2021-05-09,EXCLUDE,GF-1312
537308,19,2021-05-12,2021-05-12,EXCLUDE,GF-1312
537308,19,2021-05-19,2021-05-19,EXCLUDE,GF-1312
537308,19,2021-05-23,2021-05-23,EXCLUDE,GF-1312
900470597,19,2020-09-12,2020-09-12,EXCLUDE,GF-1316
900470597,19,2020-09-19,2020-09-19,EXCLUDE,GF-1316
900470597,19,2020-09-28,2020-09-28,EXCLUDE,GF-1316
900470597,19,2020-10-04,2020-10-04,EXCLUDE,GF-1316
900470597,19,2020-10-17,2020-10-17,EXCLUDE,GF-1316
900470597,19,2020-10-25,2020-10-25,EXCLUDE,GF-1316
900470597,19,2020-11-01,2020-11-01,EXCLUDE,GF-1316
900470597,19,2020-11-08,2020-11-08,EXCLUDE,GF-1316
900470597,19,2020-11-22,2020-11-22,EXCLUDE,GF-1316
900470597,19,2020-11-29,2020-11-29,EXCLUDE,GF-1316
900470597,19,2020-12-06,2020-12-06,EXCLUDE,GF-1316
900470597,19,2020-12-13,2020-12-13,EXCLUDE,GF-1316
900470597,19,2020-12-16,2020-12-16,EXCLUDE,GF-1316
900470597,19,2020-12-19,2020-12-19,EXCLUDE,GF-1316
900470597,19,2020-12-26,2020-12-26,EXCLUDE,GF-1316
900470597,19,2020-12-29,2020-12-29,EXCLUDE,GF-1316
900470597,19,2021-01-02,2021-01-02,EXCLUDE,GF-1316
900470597,19,2021-01-14,2021-01-14,EXCLUDE,GF-1316
900470597,19,2021-01-18,2021-01-18,EXCLUDE,GF-1316
900470597,19,2021-01-26,2021-01-26,EXCLUDE,GF-1316
900470597,19,2021-01-30,2021-01-30,EXCLUDE,GF-1316
900470597,19,2021-02-02,2021-02-02,EXCLUDE,GF-1316
900470597,19,2021-02-06,2021-02-06,EXCLUDE,GF-1316
900470597,19,2021-02-14,2021-02-14,EXCLUDE,GF-1316
900470597,19,2021-02-21,2021-02-21,EXCLUDE,GF-1316
900470597,19,2021-02-28,2021-02-28,EXCLUDE,GF-1316
900470597,19,2021-03-06,2021-03-06,EXCLUDE,GF-1316
900470597,19,2021-03-14,2021-03-14,EXCLUDE,GF-1316
900470597,19,2021-03-21,2021-03-21,EXCLUDE,GF-1316
900470597,19,2021-04-03,2021-04-03,EXCLUDE,GF-1316
900470597,19,2021-04-11,2021-04-11,EXCLUDE,GF-1316
900470597,19,2021-04-18,2021-04-18,EXCLUDE,GF-1316
900470597,19,2021-04-23,2021-04-23,EXCLUDE,GF-1316
900470597,19,2021-05-02,2021-05-02,EXCLUDE,GF-1316
900470597,19,2021-05-09,2021-05-09,EXCLUDE,GF-1316
900470597,19,2021-05-12,2021-05-12,EXCLUDE,GF-1316
900470597,19,2021-05-19,2021-05-19,EXCLUDE,GF-1316
900470597,19,2021-05-23,2021-05-23,EXCLUDE,GF-1316
22897102,19,2020-09-12,2020-09-12,EXCLUDE,GF-1317
22897102,19,2020-09-19,2020-09-19,EXCLUDE,GF-1317
22897102,19,2020-09-28,2020-09-28,EXCLUDE,GF-1317
22897102,19,2020-10-04,2020-10-04,EXCLUDE,GF-1317
22897102,19,2020-10-17,2020-10-17,EXCLUDE,GF-1317
22897102,19,2020-10-25,2020-10-25,EXCLUDE,GF-1317
22897102,19,2020-11-01,2020-11-01,EXCLUDE,GF-1317
22897102,19,2020-11-08,2020-11-08,EXCLUDE,GF-1317
22897102,19,2020-11-22,2020-11-22,EXCLUDE,GF-1317
22897102,19,2020-11-29,2020-11-29,EXCLUDE,GF-1317
22897102,19,2020-12-06,2020-12-06,EXCLUDE,GF-1317
22897102,19,2020-12-13,2020-12-13,EXCLUDE,GF-1317
22897102,19,2020-12-16,2020-12-16,EXCLUDE,GF-1317
22897102,19,2020-12-19,2020-12-19,EXCLUDE,GF-1317
22897102,19,2020-12-26,2020-12-26,EXCLUDE,GF-1317
22897102,19,2020-12-29,2020-12-29,EXCLUDE,GF-1317
22897102,19,2021-01-02,2021-01-02,EXCLUDE,GF-1317
22897102,19,2021-01-14,2021-01-14,EXCLUDE,GF-1317
22897102,19,2021-01-18,2021-01-18,EXCLUDE,GF-1317
22897102,19,2021-01-26,2021-01-26,EXCLUDE,GF-1317
22897102,19,2021-01-30,2021-01-30,EXCLUDE,GF-1317
22897102,19,2021-02-02,2021-02-02,EXCLUDE,GF-1317
22897102,19,2021-02-06,2021-02-06,EXCLUDE,GF-1317
22897102,19,2021-02-14,2021-02-14,EXCLUDE,GF-1317
22897102,19,2021-02-21,2021-02-21,EXCLUDE,GF-1317
22897102,19,2021-02-28,2021-02-28,EXCLUDE,GF-1317
22897102,19,2021-03-06,2021-03-06,EXCLUDE,GF-1317
22897102,19,2021-03-14,2021-03-14,EXCLUDE,GF-1317
22897102,19,2021-03-21,2021-03-21,EXCLUDE,GF-1317
22897102,19,2021-04-03,2021-04-03,EXCLUDE,GF-1317
22897102,19,2021-04-11,2021-04-11,EXCLUDE,GF-1317
22897102,19,2021-04-18,2021-04-18,EXCLUDE,GF-1317
22897102,19,2021-04-23,2021-04-23,EXCLUDE,GF-1317
22897102,19,2021-05-02,2021-05-02,EXCLUDE,GF-1317
22897102,19,2021-05-09,2021-05-09,EXCLUDE,GF-1317
22897102,19,2021-05-12,2021-05-12,EXCLUDE,GF-1317
22897102,19,2021-05-19,2021-05-19,EXCLUDE,GF-1317
22897102,19,2021-05-23,2021-05-23,EXCLUDE,GF-1317
900503765,19,2020-09-12,2020-09-12,EXCLUDE,GF-1318
900503765,19,2020-09-19,2020-09-19,EXCLUDE,GF-1318
900503765,19,2020-09-28,2020-09-28,EXCLUDE,GF-1318
900503765,19,2020-10-04,2020-10-04,EXCLUDE,GF-1318
900503765,19,2020-10-17,2020-10-17,EXCLUDE,GF-1318
900503765,19,2020-10-25,2020-10-25,EXCLUDE,GF-1318
900503765,19,2020-11-01,2020-11-01,EXCLUDE,GF-1318
900503765,19,2020-11-08,2020-11-08,EXCLUDE,GF-1318
900503765,19,2020-11-22,2020-11-22,EXCLUDE,GF-1318
900503765,19,2020-11-29,2020-11-29,EXCLUDE,GF-1318
900503765,19,2020-12-06,2020-12-06,EXCLUDE,GF-1318
900503765,19,2020-12-13,2020-12-13,EXCLUDE,GF-1318
900503765,19,2020-12-16,2020-12-16,EXCLUDE,GF-1318
900503765,19,2020-12-19,2020-12-19,EXCLUDE,GF-1318
900503765,19,2020-12-26,2020-12-26,EXCLUDE,GF-1318
900503765,19,2020-12-29,2020-12-29,EXCLUDE,GF-1318
900503765,19,2021-01-02,2021-01-02,EXCLUDE,GF-1318
900503765,19,2021-01-14,2021-01-14,EXCLUDE,GF-1318
900503765,19,2021-01-18,2021-01-18,EXCLUDE,GF-1318
900503765,19,2021-01-26,2021-01-26,EXCLUDE,GF-1318
900503765,19,2021-01-30,2021-01-30,EXCLUDE,GF-1318
900503765,19,2021-02-02,2021-02-02,EXCLUDE,GF-1318
900503765,19,2021-02-06,2021-02-06,EXCLUDE,GF-1318
900503765,19,2021-02-14,2021-02-14,EXCLUDE,GF-1318
900503765,19,2021-02-21,2021-02-21,EXCLUDE,GF-1318
900503765,19,2021-02-28,2021-02-28,EXCLUDE,GF-1318
900503765,19,2021-03-06,2021-03-06,EXCLUDE,GF-1318
900503765,19,2021-03-14,2021-03-14,EXCLUDE,GF-1318
900503765,19,2021-03-21,2021-03-21,EXCLUDE,GF-1318
900503765,19,2021-04-03,2021-04-03,EXCLUDE,GF-1318
900503765,19,2021-04-11,2021-04-11,EXCLUDE,GF-1318
900503765,19,2021-04-18,2021-04-18,EXCLUDE,GF-1318
900503765,19,2021-04-23,2021-04-23,EXCLUDE,GF-1318
900503765,19,2021-05-02,2021-05-02,EXCLUDE,GF-1318
900503765,19,2021-05-09,2021-05-09,EXCLUDE,GF-1318
900503765,19,2021-05-12,2021-05-12,EXCLUDE,GF-1318
900503765,19,2021-05-19,2021-05-19,EXCLUDE,GF-1318
900503765,19,2021-05-23,2021-05-23,EXCLUDE,GF-1318
21428649,19,2020-09-12,2020-09-12,EXCLUDE,GF-1320
21428649,19,2020-09-19,2020-09-19,EXCLUDE,GF-1320
21428649,19,2020-09-28,2020-09-28,EXCLUDE,GF-1320
21428649,19,2020-10-04,2020-10-04,EXCLUDE,GF-1320
21428649,19,2020-10-17,2020-10-17,EXCLUDE,GF-1320
21428649,19,2020-10-25,2020-10-25,EXCLUDE,GF-1320
21428649,19,2020-11-01,2020-11-01,EXCLUDE,GF-1320
21428649,19,2020-11-08,2020-11-08,EXCLUDE,GF-1320
21428649,19,2020-11-22,2020-11-22,EXCLUDE,GF-1320
21428649,19,2020-11-29,2020-11-29,EXCLUDE,GF-1320
21428649,19,2020-12-06,2020-12-06,EXCLUDE,GF-1320
21428649,19,2020-12-13,2020-12-13,EXCLUDE,GF-1320
21428649,19,2020-12-16,2020-12-16,EXCLUDE,GF-1320
21428649,19,2020-12-19,2020-12-19,EXCLUDE,GF-1320
21428649,19,2020-12-26,2020-12-26,EXCLUDE,GF-1320
21428649,19,2020-12-29,2020-12-29,EXCLUDE,GF-1320
21428649,19,2021-01-02,2021-01-02,EXCLUDE,GF-1320
21428649,19,2021-01-14,2021-01-14,EXCLUDE,GF-1320
21428649,19,2021-01-18,2021-01-18,EXCLUDE,GF-1320
21428649,19,2021-01-26,2021-01-26,EXCLUDE,GF-1320
21428649,19,2021-01-30,2021-01-30,EXCLUDE,GF-1320
21428649,19,2021-02-02,2021-02-02,EXCLUDE,GF-1320
21428649,19,2021-02-06,2021-02-06,EXCLUDE,GF-1320
21428649,19,2021-02-14,2021-02-14,EXCLUDE,GF-1320
21428649,19,2021-02-21,2021-02-21,EXCLUDE,GF-1320
21428649,19,2021-02-28,2021-02-28,EXCLUDE,GF-1320
21428649,19,2021-03-06,2021-03-06,EXCLUDE,GF-1320
21428649,19,2021-03-14,2021-03-14,EXCLUDE,GF-1320
21428649,19,2021-03-21,2021-03-21,EXCLUDE,GF-1320
21428649,19,2021-04-03,2021-04-03,EXCLUDE,GF-1320
21428649,19,2021-04-11,2021-04-11,EXCLUDE,GF-1320
21428649,19,2021-04-18,2021-04-18,EXCLUDE,GF-1320
21428649,19,2021-04-23,2021-04-23,EXCLUDE,GF-1320
21428649,19,2021-05-02,2021-05-02,EXCLUDE,GF-1320
21428649,19,2021-05-09,2021-05-09,EXCLUDE,GF-1320
21428649,19,2021-05-12,2021-05-12,EXCLUDE,GF-1320
21428649,19,2021-05-19,2021-05-19,EXCLUDE,GF-1320
21428649,19,2021-05-23,2021-05-23,EXCLUDE,GF-1320
4969702,19,2020-09-12,2020-09-12,EXCLUDE,GF-1321
4969702,19,2020-09-19,2020-09-19,EXCLUDE,GF-1321
4969702,19,2020-09-28,2020-09-28,EXCLUDE,GF-1321
4969702,19,2020-10-04,2020-10-04,EXCLUDE,GF-1321
4969702,19,2020-10-17,2020-10-17,EXCLUDE,GF-1321
4969702,19,2020-10-25,2020-10-25,EXCLUDE,GF-1321
4969702,19,2020-11-01,2020-11-01,EXCLUDE,GF-1321
4969702,19,2020-11-08,2020-11-08,EXCLUDE,GF-1321
4969702,19,2020-11-22,2020-11-22,EXCLUDE,GF-1321
4969702,19,2020-11-29,2020-11-29,EXCLUDE,GF-1321
4969702,19,2020-12-06,2020-12-06,EXCLUDE,GF-1321
4969702,19,2020-12-13,2020-12-13,EXCLUDE,GF-1321
4969702,19,2020-12-16,2020-12-16,EXCLUDE,GF-1321
4969702,19,2020-12-19,2020-12-19,EXCLUDE,GF-1321
4969702,19,2020-12-26,2020-12-26,EXCLUDE,GF-1321
4969702,19,2020-12-29,2020-12-29,EXCLUDE,GF-1321
4969702,19,2021-01-02,2021-01-02,EXCLUDE,GF-1321
4969702,19,2021-01-14,2021-01-14,EXCLUDE,GF-1321
4969702,19,2021-01-18,2021-01-18,EXCLUDE,GF-1321
4969702,19,2021-01-26,2021-01-26,EXCLUDE,GF-1321
4969702,19,2021-01-30,2021-01-30,EXCLUDE,GF-1321
4969702,19,2021-02-02,2021-02-02,EXCLUDE,GF-1321
4969702,19,2021-02-06,2021-02-06,EXCLUDE,GF-1321
4969702,19,2021-02-14,2021-02-14,EXCLUDE,GF-1321
4969702,19,2021-02-21,2021-02-21,EXCLUDE,GF-1321
4969702,19,2021-02-28,2021-02-28,EXCLUDE,GF-1321
4969702,19,2021-03-06,2021-03-06,EXCLUDE,GF-1321
4969702,19,2021-03-14,2021-03-14,EXCLUDE,GF-1321
4969702,19,2021-03-21,2021-03-21,EXCLUDE,GF-1321
4969702,19,2021-04-03,2021-04-03,EXCLUDE,GF-1321
4969702,19,2021-04-11,2021-04-11,EXCLUDE,GF-1321
4969702,19,2021-04-18,2021-04-18,EXCLUDE,GF-1321
4969702,19,2021-04-23,2021-04-23,EXCLUDE,GF-1321
4969702,19,2021-05-02,2021-05-02,EXCLUDE,GF-1321
4969702,19,2021-05-09,2021-05-09,EXCLUDE,GF-1321
4969702,19,2021-05-12,2021-05-12,EXCLUDE,GF-1321
4969702,19,2021-05-19,2021-05-19,EXCLUDE,GF-1321
4969702,19,2021-05-23,2021-05-23,EXCLUDE,GF-1321
900506965,19,2020-09-12,2020-09-12,EXCLUDE,GF-1322
900506965,19,2020-09-19,2020-09-19,EXCLUDE,GF-1322
900506965,19,2020-09-28,2020-09-28,EXCLUDE,GF-1322
900506965,19,2020-10-04,2020-10-04,EXCLUDE,GF-1322
900586736,19,2020-09-12,2020-09-12,EXCLUDE,GF-1325
900586736,19,2020-09-19,2020-09-19,EXCLUDE,GF-1325
900586736,19,2020-09-28,2020-09-28,EXCLUDE,GF-1325
900586736,19,2020-10-04,2020-10-04,EXCLUDE,GF-1325
900586736,19,2020-10-17,2020-10-17,EXCLUDE,GF-1325
900586736,19,2020-10-25,2020-10-25,EXCLUDE,GF-1325
900586736,19,2020-11-01,2020-11-01,EXCLUDE,GF-1325
900586736,19,2020-11-08,2020-11-08,EXCLUDE,GF-1325
900586736,19,2020-11-22,2020-11-22,EXCLUDE,GF-1325
900586736,19,2020-11-29,2020-11-29,EXCLUDE,GF-1325
900586736,19,2020-12-06,2020-12-06,EXCLUDE,GF-1325
900586736,19,2020-12-13,2020-12-13,EXCLUDE,GF-1325
900586736,19,2020-12-16,2020-12-16,EXCLUDE,GF-1325
900586736,19,2020-12-19,2020-12-19,EXCLUDE,GF-1325
900586736,19,2020-12-26,2020-12-26,EXCLUDE,GF-1325
900586736,19,2020-12-29,2020-12-29,EXCLUDE,GF-1325
900586736,19,2021-01-02,2021-01-02,EXCLUDE,GF-1325
900586736,19,2021-01-14,2021-01-14,EXCLUDE,GF-1325
900586736,19,2021-01-18,2021-01-18,EXCLUDE,GF-1325
900586736,19,2021-01-26,2021-01-26,EXCLUDE,GF-1325
900586736,19,2021-01-30,2021-01-30,EXCLUDE,GF-1325
900586736,19,2021-02-02,2021-02-02,EXCLUDE,GF-1325
900586736,19,2021-02-06,2021-02-06,EXCLUDE,GF-1325
900586736,19,2021-02-14,2021-02-14,EXCLUDE,GF-1325
900586736,19,2021-02-21,2021-02-21,EXCLUDE,GF-1325
900586736,19,2021-02-28,2021-02-28,EXCLUDE,GF-1325
900586736,19,2021-03-06,2021-03-06,EXCLUDE,GF-1325
900586736,19,2021-03-14,2021-03-14,EXCLUDE,GF-1325
900586736,19,2021-03-21,2021-03-21,EXCLUDE,GF-1325
900586736,19,2021-04-03,2021-04-03,EXCLUDE,GF-1325
900586736,19,2021-04-11,2021-04-11,EXCLUDE,GF-1325
900586736,19,2021-04-18,2021-04-18,EXCLUDE,GF-1325
900586736,19,2021-04-23,2021-04-23,EXCLUDE,GF-1325
900586736,19,2021-05-02,2021-05-02,EXCLUDE,GF-1325
900586736,19,2021-05-09,2021-05-09,EXCLUDE,GF-1325
900586736,19,2021-05-12,2021-05-12,EXCLUDE,GF-1325
900586736,19,2021-05-19,2021-05-19,EXCLUDE,GF-1325
900586736,19,2021-05-23,2021-05-23,EXCLUDE,GF-1325
4545,20,2020-09-12,2020-09-12,EXCLUDE,GF-1328
4545,20,2020-09-20,2020-09-20,EXCLUDE,GF-1328
4545,20,2020-09-27,2020-09-27,EXCLUDE,GF-1328
4545,20,2020-10-03,2020-10-03,EXCLUDE,GF-1328
4545,20,2020-10-17,2020-10-17,EXCLUDE,GF-1328
4545,20,2020-10-25,2020-10-25,EXCLUDE,GF-1328
4545,20,2020-11-01,2020-11-01,EXCLUDE,GF-1328
4545,20,2020-11-06,2020-11-06,EXCLUDE,GF-1328
4545,20,2020-11-21,2020-11-21,EXCLUDE,GF-1328
4545,20,2020-11-27,2020-11-27,EXCLUDE,GF-1328
4545,20,2020-12-12,2020-12-12,EXCLUDE,GF-1328
4545,20,2020-12-16,2020-12-16,EXCLUDE,GF-1328
4545,20,2020-12-19,2020-12-19,EXCLUDE,GF-1328
4545,20,2020-12-26,2020-12-26,EXCLUDE,GF-1328
4545,20,2020-12-30,2020-12-30,EXCLUDE,GF-1328
4545,20,2021-01-03,2021-01-03,EXCLUDE,GF-1328
4545,20,2021-01-12,2021-01-12,EXCLUDE,GF-1328
4545,20,2021-01-18,2021-01-18,EXCLUDE,GF-1328
4545,20,2021-01-23,2021-01-23,EXCLUDE,GF-1328
4545,20,2021-01-26,2021-01-26,EXCLUDE,GF-1328
4545,20,2021-01-30,2021-01-30,EXCLUDE,GF-1328
4545,20,2021-02-02,2021-02-02,EXCLUDE,GF-1328
4545,20,2021-02-06,2021-02-06,EXCLUDE,GF-1328
4545,20,2021-02-15,2021-02-15,EXCLUDE,GF-1328
4545,20,2021-02-21,2021-02-21,EXCLUDE,GF-1328
4545,20,2021-02-27,2021-02-27,EXCLUDE,GF-1328
4545,20,2021-03-07,2021-03-07,EXCLUDE,GF-1328
4545,20,2021-03-12,2021-03-12,EXCLUDE,GF-1328
4545,20,2021-03-20,2021-03-20,EXCLUDE,GF-1328
4545,20,2021-04-04,2021-04-04,EXCLUDE,GF-1328
4545,20,2021-04-11,2021-04-11,EXCLUDE,GF-1328
4545,20,2021-04-17,2021-04-17,EXCLUDE,GF-1328
4545,20,2021-04-24,2021-04-24,EXCLUDE,GF-1328
4545,20,2021-05-02,2021-05-02,EXCLUDE,GF-1328
4545,20,2021-05-07,2021-05-07,EXCLUDE,GF-1328
4545,20,2021-05-14,2021-05-14,EXCLUDE,GF-1328
4545,20,2021-05-19,2021-05-19,EXCLUDE,GF-1328
4545,20,2021-05-23,2021-05-23,EXCLUDE,GF-1328
4583,20,2020-09-12,2020-09-12,EXCLUDE,GF-1330
4583,20,2020-09-20,2020-09-20,EXCLUDE,GF-1330
4583,20,2020-09-27,2020-09-27,EXCLUDE,GF-1330
411,21,2020-09-14,2020-09-14,EXCLUDE,GF-1335
411,21,2020-09-21,2020-09-21,EXCLUDE,GF-1335
411,21,2020-09-27,2020-09-27,EXCLUDE,GF-1335
411,21,2020-10-04,2020-10-04,EXCLUDE,GF-1335
411,21,2020-10-18,2020-10-18,EXCLUDE,GF-1335
411,21,2020-10-24,2020-10-24,EXCLUDE,GF-1335
411,21,2020-10-31,2020-10-31,EXCLUDE,GF-1335
411,21,2020-11-07,2020-11-07,EXCLUDE,GF-1335
411,21,2020-11-22,2020-11-22,EXCLUDE,GF-1335
411,21,2020-11-28,2020-11-28,EXCLUDE,GF-1335
411,21,2020-12-06,2020-12-06,EXCLUDE,GF-1335
411,21,2020-12-13,2020-12-13,EXCLUDE,GF-1335
411,21,2020-12-17,2020-12-17,EXCLUDE,GF-1335
411,21,2020-12-20,2020-12-20,EXCLUDE,GF-1335
411,21,2020-12-26,2020-12-26,EXCLUDE,GF-1335
411,21,2020-12-29,2020-12-29,EXCLUDE,GF-1335
411,21,2021-01-02,2021-01-02,EXCLUDE,GF-1335
411,21,2021-01-12,2021-01-12,EXCLUDE,GF-1335
411,21,2021-01-17,2021-01-17,EXCLUDE,GF-1335
411,21,2021-01-27,2021-01-27,EXCLUDE,GF-1335
411,21,2021-01-30,2021-01-30,EXCLUDE,GF-1335
411,21,2021-02-02,2021-02-02,EXCLUDE,GF-1335
411,21,2021-02-07,2021-02-07,EXCLUDE,GF-1335
411,21,2021-02-15,2021-02-15,EXCLUDE,GF-1335
411,21,2021-02-20,2021-02-20,EXCLUDE,GF-1335
411,21,2021-02-28,2021-02-28,EXCLUDE,GF-1335
411,21,2021-03-03,2021-03-03,EXCLUDE,GF-1335
411,21,2021-03-06,2021-03-06,EXCLUDE,GF-1335
411,21,2021-03-14,2021-03-14,EXCLUDE,GF-1335
411,21,2021-04-03,2021-04-03,EXCLUDE,GF-1335
411,21,2021-04-11,2021-04-11,EXCLUDE,GF-1335
411,21,2021-04-17,2021-04-17,EXCLUDE,GF-1335
411,21,2021-04-24,2021-04-24,EXCLUDE,GF-1335
411,21,2021-05-02,2021-05-02,EXCLUDE,GF-1335
411,21,2021-05-08,2021-05-08,EXCLUDE,GF-1335
411,21,2021-05-16,2021-05-16,EXCLUDE,GF-1335
411,21,2021-05-19,2021-05-19,EXCLUDE,GF-1335
411,21,2021-05-23,2021-05-23,EXCLUDE,GF-1335
455410,21,2020-09-14,2020-09-14,EXCLUDE,GF-1337
455410,21,2020-09-21,2020-09-21,EXCLUDE,GF-1337
455410,21,2020-09-27,2020-09-27,EXCLUDE,GF-1337
20372,21,2021-01-02,2021-01-02,EXCLUDE,GF-1338
20372,21,2021-01-12,2021-01-12,EXCLUDE,GF-1338
20372,21,2021-01-17,2021-01-17,EXCLUDE,GF-1338
20372,21,2021-01-27,2021-01-27,EXCLUDE,GF-1338
20372,21,2021-01-30,2021-01-30,EXCLUDE,GF-1338
474554,29,2020-10-19,2020-10-19,EXCLUDE,GF-1344
474554,29,2020-10-25,2020-10-25,EXCLUDE,GF-1344
474554,29,2020-10-30,2020-10-30,EXCLUDE,GF-1344
474554,29,2020-11-08,2020-11-08,EXCLUDE,GF-1344
474554,29,2020-11-23,2020-11-23,EXCLUDE,GF-1344
474554,29,2020-11-29,2020-11-29,EXCLUDE,GF-1344
474554,29,2020-12-06,2020-12-06,EXCLUDE,GF-1344
474554,29,2020-12-12,2020-12-12,EXCLUDE,GF-1344
474554,29,2020-12-15,2020-12-15,EXCLUDE,GF-1344
474554,29,2020-12-21,2020-12-21,EXCLUDE,GF-1344
474554,29,2020-12-27,2020-12-27,EXCLUDE,GF-1344
474554,29,2020-12-29,2020-12-29,EXCLUDE,GF-1344
474554,29,2021-01-02,2021-01-02,EXCLUDE,GF-1344
474554,29,2021-01-12,2021-01-12,EXCLUDE,GF-1344
474554,29,2021-01-16,2021-01-16,EXCLUDE,GF-1344
474554,29,2021-01-27,2021-01-27,EXCLUDE,GF-1344
474554,29,2021-01-30,2021-01-30,EXCLUDE,GF-1344
474554,29,2021-02-02,2021-02-02,EXCLUDE,GF-1344
474554,29,2021-02-07,2021-02-07,EXCLUDE,GF-1344
474554,29,2021-02-14,2021-02-14,EXCLUDE,GF-1344
474554,29,2021-02-19,2021-02-19,EXCLUDE,GF-1344
474554,29,2021-02-27,2021-02-27,EXCLUDE,GF-1344
474554,29,2021-03-02,2021-03-02,EXCLUDE,GF-1344
474554,29,2021-03-06,2021-03-06,EXCLUDE,GF-1344
474554,29,2021-03-15,2021-03-15,EXCLUDE,GF-1344
474554,29,2021-04-05,2021-04-05,EXCLUDE,GF-1344
474554,29,2021-04-09,2021-04-09,EXCLUDE,GF-1344
474554,29,2021-04-17,2021-04-17,EXCLUDE,GF-1344
474554,29,2021-04-25,2021-04-25,EXCLUDE,GF-1344
474554,29,2021-05-03,2021-05-03,EXCLUDE,GF-1344
474554,29,2021-05-09,2021-05-09,EXCLUDE,GF-1344
474554,29,2021-05-16,2021-05-16,EXCLUDE,GF-1344
474554,29,2021-05-19,2021-05-19,EXCLUDE,GF-1344
474554,29,2021-05-23,2021-05-23,EXCLUDE,GF-1344
1574,42,2020-09-13,2020-09-13,EXCLUDE,GF-1352
1574,42,2020-09-20,2020-09-20,EXCLUDE,GF-1352
1574,42,2020-09-27,2020-09-27,EXCLUDE,GF-1352
1574,42,2020-10-04,2020-10-04,EXCLUDE,GF-1352
1574,42,2020-10-18,2020-10-18,EXCLUDE,GF-1352
1574,42,2020-10-25,2020-10-25,EXCLUDE,GF-1352
1574,42,2020-11-02,2020-11-02,EXCLUDE,GF-1352
1574,42,2020-11-08,2020-11-08,EXCLUDE,GF-1352
1574,42,2020-11-22,2020-11-22,EXCLUDE,GF-1352
1574,42,2020-11-30,2020-11-30,EXCLUDE,GF-1352
1574,42,2020-12-06,2020-12-06,EXCLUDE,GF-1352
1574,42,2020-12-13,2020-12-13,EXCLUDE,GF-1352
1574,42,2020-12-16,2020-12-16,EXCLUDE,GF-1352
1574,42,2020-12-20,2020-12-20,EXCLUDE,GF-1352
1574,42,2020-12-26,2020-12-26,EXCLUDE,GF-1352
1574,42,2020-12-28,2020-12-28,EXCLUDE,GF-1352
1574,42,2021-01-03,2021-01-03,EXCLUDE,GF-1352
1574,42,2021-01-16,2021-01-16,EXCLUDE,GF-1352
1574,42,2021-01-19,2021-01-19,EXCLUDE,GF-1352
1574,42,2021-01-27,2021-01-27,EXCLUDE,GF-1352
1574,42,2021-01-31,2021-01-31,EXCLUDE,GF-1352
1574,42,2021-02-03,2021-02-03,EXCLUDE,GF-1352
1574,42,2021-02-07,2021-02-07,EXCLUDE,GF-1352
1574,42,2021-02-13,2021-02-13,EXCLUDE,GF-1352
1574,42,2021-02-21,2021-02-21,EXCLUDE,GF-1352
1574,42,2021-02-28,2021-02-28,EXCLUDE,GF-1352
1574,42,2021-03-03,2021-03-03,EXCLUDE,GF-1352
1574,42,2021-03-06,2021-03-06,EXCLUDE,GF-1352
1574,42,2021-03-14,2021-03-14,EXCLUDE,GF-1352
1574,42,2021-04-03,2021-04-03,EXCLUDE,GF-1352
1574,42,2021-04-11,2021-04-11,EXCLUDE,GF-1352
1574,42,2021-04-22,2021-04-22,EXCLUDE,GF-1352
1574,42,2021-04-26,2021-04-26,EXCLUDE,GF-1352
1574,42,2021-04-30,2021-04-30,EXCLUDE,GF-1352
1574,42,2021-05-07,2021-05-07,EXCLUDE,GF-1352
1574,42,2021-05-11,2021-05-11,EXCLUDE,GF-1352
1574,42,2021-05-18,2021-05-18,EXCLUDE,GF-1352
1574,42,2021-05-23,2021-05-23,EXCLUDE,GF-1352
2237,42,2020-09-13,2020-09-13,EXCLUDE,GF-1353
2237,42,2020-09-20,2020-09-20,EXCLUDE,GF-1353
2237,42,2020-09-27,2020-09-27,EXCLUDE,GF-1353
2237,42,2020-10-04,2020-10-04,EXCLUDE,GF-1353
15422,42,2020-09-13,2020-09-13,EXCLUDE,GF-1355
15422,42,2020-09-20,2020-09-20,EXCLUDE,GF-1355
15422,42,2020-09-27,2020-09-27,EXCLUDE,GF-1355
15422,42,2020-10-04,2020-10-04,EXCLUDE,GF-1355
15422,42,2021-01-03,2021-01-03,EXCLUDE,GF-1355
15422,42,2021-01-16,2021-01-16,EXCLUDE,GF-1355
15422,42,2021-01-19,2021-01-19,EXCLUDE,GF-1355
15422,42,2021-01-27,2021-01-27,EXCLUDE,GF-1355
15422,42,2021-01-31,2021-01-31,EXCLUDE,GF-1355
15422,42,2021-02-03,2021-02-03,EXCLUDE,GF-1355
15422,42,2021-02-07,2021-02-07,EXCLUDE,GF-1355
15422,42,2021-02-13,2021-02-13,EXCLUDE,GF-1355
15422,42,2021-02-21,2021-02-21,EXCLUDE,GF-1355
15422,42,2021-02-28,2021-02-28,EXCLUDE,GF-1355
15422,42,2021-03-03,2021-03-03,EXCLUDE,GF-1355
15422,42,2021-03-06,2021-03-06,EXCLUDE,GF-1355
15422,42,2021-03-14,2021-03-14,EXCLUDE,GF-1355
15422,42,2021-04-03,2021-04-03,EXCLUDE,GF-1355
15422,42,2021-04-11,2021-04-11,EXCLUDE,GF-1355
15422,42,2021-04-22,2021-04-22,EXCLUDE,GF-1355
15422,42,2021-04-26,2021-04-26,EXCLUDE,GF-1355
15422,42,2021-04-30,2021-04-30,EXCLUDE,GF-1355
15422,42,2021-05-07,2021-05-07,EXCLUDE,GF-1355
15422,42,2021-05-11,2021-05-11,EXCLUDE,GF-1355
15422,42,2021-05-18,2021-05-18,EXCLUDE,GF-1355
15422,42,2021-05-23,2021-05-23,EXCLUDE,GF-1355
581060,42,2020-09-13,2020-09-13,EXCLUDE,GF-1356
581060,42,2020-09-20,2020-09-20,EXCLUDE,GF-1356
581060,42,2020-09-27,2020-09-27,EXCLUDE,GF-1356
581060,42,2020-10-04,2020-10-04,EXCLUDE,GF-1356
540613,42,2020-09-13,2020-09-13,EXCLUDE,GF-1358
540613,42,2020-09-20,2020-09-20,EXCLUDE,GF-1358
540613,42,2020-09-27,2020-09-27,EXCLUDE,GF-1358
540613,42,2020-10-04,2020-10-04,EXCLUDE,GF-1358
13633370,42,2020-09-13,2020-09-13,EXCLUDE,GF-1359
13633370,42,2020-09-20,2020-09-20,EXCLUDE,GF-1359
13633370,42,2020-09-27,2020-09-27,EXCLUDE,GF-1359
13633370,42,2020-10-04,2020-10-04,EXCLUDE,GF-1359
13633370,42,2020-10-18,2020-10-18,EXCLUDE,GF-1359
13633370,42,2020-10-25,2020-10-25,EXCLUDE,GF-1359
13633370,42,2020-11-02,2020-11-02,EXCLUDE,GF-1359
13633370,42,2020-11-08,2020-11-08,EXCLUDE,GF-1359
13633370,42,2020-11-22,2020-11-22,EXCLUDE,GF-1359
13633370,42,2020-11-30,2020-11-30,EXCLUDE,GF-1359
13633370,42,2020-12-06,2020-12-06,EXCLUDE,GF-1359
13633370,42,2020-12-13,2020-12-13,EXCLUDE,GF-1359
13633370,42,2020-12-16,2020-12-16,EXCLUDE,GF-1359
13633370,42,2020-12-20,2020-12-20,EXCLUDE,GF-1359
13633370,42,2020-12-26,2020-12-26,EXCLUDE,GF-1359
13633370,42,2020-12-28,2020-12-28,EXCLUDE,GF-1359
13633370,42,2021-01-03,2021-01-03,EXCLUDE,GF-1359
13633370,42,2021-01-16,2021-01-16,EXCLUDE,GF-1359
13633370,42,2021-01-19,2021-01-19,EXCLUDE,GF-1359
13633370,42,2021-01-27,2021-01-27,EXCLUDE,GF-1359
13633370,42,2021-01-31,2021-01-31,EXCLUDE,GF-1359
13633370,42,2021-02-03,2021-02-03,EXCLUDE,GF-1359
13633370,42,2021-02-07,2021-02-07,EXCLUDE,GF-1359
13633370,42,2021-02-13,2021-02-13,EXCLUDE,GF-1359
13633370,42,2021-02-21,2021-02-21,EXCLUDE,GF-1359
13633370,42,2021-02-28,2021-02-28,EXCLUDE,GF-1359
13633370,42,2021-03-03,2021-03-03,EXCLUDE,GF-1359
13633370,42,2021-03-06,2021-03-06,EXCLUDE,GF-1359
13633370,42,2021-03-14,2021-03-14,EXCLUDE,GF-1359
13633370,42,2021-04-03,2021-04-03,EXCLUDE,GF-1359
13633370,42,2021-04-11,2021-04-11,EXCLUDE,GF-1359
13633370,42,2021-04-22,2021-04-22,EXCLUDE,GF-1359
13633370,42,2021-04-26,2021-04-26,EXCLUDE,GF-1359
13633370,42,2021-04-30,2021-04-30,EXCLUDE,GF-1359
13633370,42,2021-05-07,2021-05-07,EXCLUDE,GF-1359
13633370,42,2021-05-11,2021-05-11,EXCLUDE,GF-1359
13633370,42,2021-05-18,2021-05-18,EXCLUDE,GF-1359
13633370,42,2021-05-23,2021-05-23,EXCLUDE,GF-1359
900610653,42,2020-09-13,2020-09-13,EXCLUDE,GF-1360
900610653,42,2020-09-20,2020-09-20,EXCLUDE,GF-1360
900610653,42,2020-09-27,2020-09-27,EXCLUDE,GF-1360
900610653,42,2020-10-04,2020-10-04,EXCLUDE,GF-1360
900610653,42,2020-10-18,2020-10-18,EXCLUDE,GF-1360
900610653,42,2020-10-25,2020-10-25,EXCLUDE,GF-1360
900610653,42,2020-11-02,2020-11-02,EXCLUDE,GF-1360
900610653,42,2020-11-08,2020-11-08,EXCLUDE,GF-1360
900610653,42,2020-11-22,2020-11-22,EXCLUDE,GF-1360
900610653,42,2020-11-30,2020-11-30,EXCLUDE,GF-1360
900610653,42,2020-12-06,2020-12-06,EXCLUDE,GF-1360
900610653,42,2020-12-13,2020-12-13,EXCLUDE,GF-1360
900610653,42,2020-12-16,2020-12-16,EXCLUDE,GF-1360
900610653,42,2020-12-20,2020-12-20,EXCLUDE,GF-1360
900610653,42,2020-12-26,2020-12-26,EXCLUDE,GF-1360
900610653,42,2020-12-28,2020-12-28,EXCLUDE,GF-1360
900610653,42,2021-01-03,2021-01-03,EXCLUDE,GF-1360
900610653,42,2021-01-16,2021-01-16,EXCLUDE,GF-1360
900610653,42,2021-01-19,2021-01-19,EXCLUDE,GF-1360
900610653,42,2021-01-27,2021-01-27,EXCLUDE,GF-1360
900610653,42,2021-01-31,2021-01-31,EXCLUDE,GF-1360
900610653,42,2021-02-03,2021-02-03,EXCLUDE,GF-1360
900610653,42,2021-02-07,2021-02-07,EXCLUDE,GF-1360
900610653,42,2021-02-13,2021-02-13,EXCLUDE,GF-1360
900610653,42,2021-02-21,2021-02-21,EXCLUDE,GF-1360
900610653,42,2021-02-28,2021-02-28,EXCLUDE,GF-1360
900610653,42,2021-03-03,2021-03-03,EXCLUDE,GF-1360
900610653,42,2021-03-06,2021-03-06,EXCLUDE,GF-1360
900610653,42,2021-03-14,2021-03-14,EXCLUDE,GF-1360
900610653,42,2021-04-03,2021-04-03,EXCLUDE,GF-1360
900610653,42,2021-04-11,2021-04-11,EXCLUDE,GF-1360
900610653,42,2021-04-22,2021-04-22,EXCLUDE,GF-1360
900610653,42,2021-04-26,2021-04-26,EXCLUDE,GF-1360
900610653,42,2021-04-30,2021-04-30,EXCLUDE,GF-1360
900610653,42,2021-05-07,2021-05-07,EXCLUDE,GF-1360
900610653,42,2021-05-11,2021-05-11,EXCLUDE,GF-1360
900610653,42,2021-05-18,2021-05-18,EXCLUDE,GF-1360
900610653,42,2021-05-23,2021-05-23,EXCLUDE,GF-1360
37342596,42,2020-09-13,2020-09-13,EXCLUDE,GF-1361
37342596,42,2020-09-20,2020-09-20,EXCLUDE,GF-1361
37342596,42,2020-09-27,2020-09-27,EXCLUDE,GF-1361
37342596,42,2020-10-04,2020-10-04,EXCLUDE,GF-1361
37342596,42,2020-10-18,2020-10-18,EXCLUDE,GF-1361
37342596,42,2020-10-25,2020-10-25,EXCLUDE,GF-1361
37342596,42,2020-11-02,2020-11-02,EXCLUDE,GF-1361
37342596,42,2020-11-08,2020-11-08,EXCLUDE,GF-1361
37342596,42,2020-11-22,2020-11-22,EXCLUDE,GF-1361
37342596,42,2020-11-30,2020-11-30,EXCLUDE,GF-1361
37342596,42,2020-12-06,2020-12-06,EXCLUDE,GF-1361
37342596,42,2020-12-13,2020-12-13,EXCLUDE,GF-1361
37342596,42,2020-12-16,2020-12-16,EXCLUDE,GF-1361
37342596,42,2020-12-20,2020-12-20,EXCLUDE,GF-1361
37342596,42,2020-12-26,2020-12-26,EXCLUDE,GF-1361
37342596,42,2020-12-28,2020-12-28,EXCLUDE,GF-1361
37342596,42,2021-01-03,2021-01-03,EXCLUDE,GF-1361
37342596,42,2021-01-16,2021-01-16,EXCLUDE,GF-1361
37342596,42,2021-01-19,2021-01-19,EXCLUDE,GF-1361
37342596,42,2021-01-27,2021-01-27,EXCLUDE,GF-1361
37342596,42,2021-01-31,2021-01-31,EXCLUDE,GF-1361
37342596,42,2021-02-03,2021-02-03,EXCLUDE,GF-1361
37342596,42,2021-02-07,2021-02-07,EXCLUDE,GF-1361
37342596,42,2021-02-13,2021-02-13,EXCLUDE,GF-1361
37342596,42,2021-02-21,2021-02-21,EXCLUDE,GF-1361
37342596,42,2021-02-28,2021-02-28,EXCLUDE,GF-1361
37342596,42,2021-03-03,2021-03-03,EXCLUDE,GF-1361
37342596,42,2021-03-06,2021-03-06,EXCLUDE,GF-1361
37342596,42,2021-03-14,2021-03-14,EXCLUDE,GF-1361
37342596,42,2021-04-03,2021-04-03,EXCLUDE,GF-1361
37342596,42,2021-04-11,2021-04-11,EXCLUDE,GF-1361
37342596,42,2021-04-22,2021-04-22,EXCLUDE,GF-1361
37342596,42,2021-04-26,2021-04-26,EXCLUDE,GF-1361
37342596,42,2021-04-30,2021-04-30,EXCLUDE,GF-1361
37342596,42,2021-05-07,2021-05-07,EXCLUDE,GF-1361
37342596,42,2021-05-11,2021-05-11,EXCLUDE,GF-1361
37342596,42,2021-05-18,2021-05-18,EXCLUDE,GF-1361
37342596,42,2021-05-23,2021-05-23,EXCLUDE,GF-1361
155499,51,2020-09-12,2020-09-12,EXCLUDE,GF-1363
155499,51,2020-09-19,2020-09-19,EXCLUDE,GF-1363
155499,51,2020-09-26,2020-09-26,EXCLUDE,GF-1363
155499,51,2020-10-03,2020-10-03,EXCLUDE,GF-1363
155499,51,2021-01-02,2021-01-02,EXCLUDE,GF-1363
1667955,51,2020-09-12,2020-09-12,EXCLUDE,GF-1364
1667955,51,2020-09-19,2020-09-19,EXCLUDE,GF-1364
1667955,51,2020-09-26,2020-09-26,EXCLUDE,GF-1364
1667955,51,2020-10-03,2020-10-03,EXCLUDE,GF-1364
1667955,51,2020-10-18,2020-10-18,EXCLUDE,GF-1364
1667955,51,2020-10-24,2020-10-24,EXCLUDE,GF-1364
1667955,51,2020-10-30,2020-10-30,EXCLUDE,GF-1364
1667955,51,2020-11-07,2020-11-07,EXCLUDE,GF-1364
1667955,51,2020-11-23,2020-11-23,EXCLUDE,GF-1364
1667955,51,2020-11-27,2020-11-27,EXCLUDE,GF-1364
1667955,51,2020-12-06,2020-12-06,EXCLUDE,GF-1364
1667955,51,2020-12-13,2020-12-13,EXCLUDE,GF-1364
1667955,51,2020-12-16,2020-12-16,EXCLUDE,GF-1364
1667955,51,2020-12-19,2020-12-19,EXCLUDE,GF-1364
1667955,51,2020-12-26,2020-12-26,EXCLUDE,GF-1364
1667955,51,2020-12-28,2020-12-28,EXCLUDE,GF-1364
1667955,51,2021-01-02,2021-01-02,EXCLUDE,GF-1364
1667955,51,2021-01-14,2021-01-14,EXCLUDE,GF-1364
1667955,51,2021-01-17,2021-01-17,EXCLUDE,GF-1364
37383817,51,2020-09-12,2020-09-12,EXCLUDE,GF-1368
37383817,51,2020-09-19,2020-09-19,EXCLUDE,GF-1368
37383817,51,2020-09-26,2020-09-26,EXCLUDE,GF-1368
37383817,51,2020-10-03,2020-10-03,EXCLUDE,GF-1368
37383817,51,2020-10-18,2020-10-18,EXCLUDE,GF-1368
37383817,51,2020-10-24,2020-10-24,EXCLUDE,GF-1368
37383817,51,2020-10-30,2020-10-30,EXCLUDE,GF-1368
37383817,51,2020-11-07,2020-11-07,EXCLUDE,GF-1368
37383817,51,2020-11-23,2020-11-23,EXCLUDE,GF-1368
37383817,51,2020-11-27,2020-11-27,EXCLUDE,GF-1368
37383817,51,2020-12-06,2020-12-06,EXCLUDE,GF-1368
37383817,51,2020-12-13,2020-12-13,EXCLUDE,GF-1368
37383817,51,2020-12-16,2020-12-16,EXCLUDE,GF-1368
37383817,51,2020-12-19,2020-12-19,EXCLUDE,GF-1368
37383817,51,2020-12-26,2020-12-26,EXCLUDE,GF-1368
37383817,51,2020-12-28,2020-12-28,EXCLUDE,GF-1368
37383817,51,2021-01-02,2021-01-02,EXCLUDE,GF-1368
37383817,51,2021-01-14,2021-01-14,EXCLUDE,GF-1368
37383817,51,2021-01-17,2021-01-17,EXCLUDE,GF-1368
37383817,51,2021-01-26,2021-01-26,EXCLUDE,GF-1368
37383817,51,2021-01-30,2021-01-30,EXCLUDE,GF-1368
336067,65,2020-09-12,2020-09-12,EXCLUDE,GF-1369
336067,65,2020-09-20,2020-09-20,EXCLUDE,GF-1369
336067,65,2020-09-26,2020-09-26,EXCLUDE,GF-1369
336067,65,2020-10-04,2020-10-04,EXCLUDE,GF-1369
4145,65,2020-09-12,2020-09-12,EXCLUDE,GF-1370
4145,65,2020-09-20,2020-09-20,EXCLUDE,GF-1370
4145,65,2020-09-26,2020-09-26,EXCLUDE,GF-1370
4145,65,2020-10-04,2020-10-04,EXCLUDE,GF-1370
4145,65,2020-10-17,2020-10-17,EXCLUDE,GF-1370
4145,65,2020-10-25,2020-10-25,EXCLUDE,GF-1370
4145,65,2020-11-01,2020-11-01,EXCLUDE,GF-1370
4145,65,2020-11-06,2020-11-06,EXCLUDE,GF-1370
4145,65,2020-11-23,2020-11-23,EXCLUDE,GF-1370
4145,65,2020-11-29,2020-11-29,EXCLUDE,GF-1370
4145,65,2020-12-07,2020-12-07,EXCLUDE,GF-1370
4145,65,2020-12-13,2020-12-13,EXCLUDE,GF-1370
4145,65,2020-12-16,2020-12-16,EXCLUDE,GF-1370
4145,65,2020-12-19,2020-12-19,EXCLUDE,GF-1370
4145,65,2020-12-26,2020-12-26,EXCLUDE,GF-1370
4145,65,2020-12-29,2020-12-29,EXCLUDE,GF-1370
4145,65,2021-01-04,2021-01-04,EXCLUDE,GF-1370
4145,65,2021-01-16,2021-01-16,EXCLUDE,GF-1370
4145,65,2021-01-26,2021-01-26,EXCLUDE,GF-1370
4145,65,2021-01-30,2021-01-30,EXCLUDE,GF-1370
4145,65,2021-02-02,2021-02-02,EXCLUDE,GF-1370
4145,65,2021-02-06,2021-02-06,EXCLUDE,GF-1370
4145,65,2021-02-14,2021-02-14,EXCLUDE,GF-1370
4145,65,2021-02-20,2021-02-20,EXCLUDE,GF-1370
4145,65,2021-02-23,2021-02-23,EXCLUDE,GF-1370
4145,65,2021-03-01,2021-03-01,EXCLUDE,GF-1370
4145,65,2021-03-06,2021-03-06,EXCLUDE,GF-1370
4145,65,2021-03-10,2021-03-10,EXCLUDE,GF-1370
4145,65,2021-03-14,2021-03-14,EXCLUDE,GF-1370
4145,65,2021-04-04,2021-04-04,EXCLUDE,GF-1370
4145,65,2021-04-12,2021-04-12,EXCLUDE,GF-1370
4145,65,2021-04-21,2021-04-21,EXCLUDE,GF-1370
4145,65,2021-04-30,2021-04-30,EXCLUDE,GF-1370
4145,65,2021-05-08,2021-05-08,EXCLUDE,GF-1370
4145,65,2021-05-11,2021-05-11,EXCLUDE,GF-1370
4145,65,2021-05-15,2021-05-15,EXCLUDE,GF-1370
4145,65,2021-05-18,2021-05-18,EXCLUDE,GF-1370
4145,65,2021-05-23,2021-05-23,EXCLUDE,GF-1370
5206,65,2020-09-12,2020-09-12,EXCLUDE,GF-1371
5206,65,2020-09-20,2020-09-20,EXCLUDE,GF-1371
5206,65,2020-09-26,2020-09-26,EXCLUDE,GF-1371
5206,65,2020-10-04,2020-10-04,EXCLUDE,GF-1371
5206,65,2021-01-16,2021-01-16,EXCLUDE,GF-1371
5206,65,2021-01-26,2021-01-26,EXCLUDE,GF-1371
4351,65,2020-09-12,2020-09-12,EXCLUDE,GF-1372
4351,65,2020-09-20,2020-09-20,EXCLUDE,GF-1372
4351,65,2020-09-26,2020-09-26,EXCLUDE,GF-1372
4351,65,2020-10-04,2020-10-04,EXCLUDE,GF-1372
155323,71,2020-09-12,2020-09-12,EXCLUDE,GF-1375
155323,71,2020-09-19,2020-09-19,EXCLUDE,GF-1375
155323,71,2020-09-27,2020-09-27,EXCLUDE,GF-1375
155323,71,2020-10-03,2020-10-03,EXCLUDE,GF-1375
900126412,71,2020-09-12,2020-09-12,EXCLUDE,GF-1377
900126412,71,2020-09-19,2020-09-19,EXCLUDE,GF-1377
900126412,71,2020-09-27,2020-09-27,EXCLUDE,GF-1377
900126412,71,2020-10-03,2020-10-03,EXCLUDE,GF-1377
900126412,71,2020-10-19,2020-10-19,EXCLUDE,GF-1377
900126412,71,2020-10-23,2020-10-23,EXCLUDE,GF-1377
900126412,71,2020-11-02,2020-11-02,EXCLUDE,GF-1377
900126412,71,2020-11-07,2020-11-07,EXCLUDE,GF-1377
900126412,71,2020-11-22,2020-11-22,EXCLUDE,GF-1377
900126412,71,2020-11-28,2020-11-28,EXCLUDE,GF-1377
900126412,71,2020-12-05,2020-12-05,EXCLUDE,GF-1377
900126412,71,2020-12-11,2020-12-11,EXCLUDE,GF-1377
900126412,71,2020-12-16,2020-12-16,EXCLUDE,GF-1377
900126412,71,2020-12-20,2020-12-20,EXCLUDE,GF-1377
900126412,71,2020-12-27,2020-12-27,EXCLUDE,GF-1377
900126412,71,2020-12-29,2020-12-29,EXCLUDE,GF-1377
900126412,71,2021-01-02,2021-01-02,EXCLUDE,GF-1377
900126412,71,2021-01-16,2021-01-16,EXCLUDE,GF-1377
900126412,71,2021-01-26,2021-01-26,EXCLUDE,GF-1377
900126412,71,2021-01-31,2021-01-31,EXCLUDE,GF-1377
900126412,71,2021-02-03,2021-02-03,EXCLUDE,GF-1377
900126412,71,2021-02-08,2021-02-08,EXCLUDE,GF-1377
900126412,71,2021-02-14,2021-02-14,EXCLUDE,GF-1377
900126412,71,2021-02-19,2021-02-19,EXCLUDE,GF-1377
900126412,71,2021-02-23,2021-02-23,EXCLUDE,GF-1377
900126412,71,2021-02-27,2021-02-27,EXCLUDE,GF-1377
900126412,71,2021-03-08,2021-03-08,EXCLUDE,GF-1377
900126412,71,2021-03-13,2021-03-13,EXCLUDE,GF-1377
900126412,71,2021-03-19,2021-03-19,EXCLUDE,GF-1377
900126412,71,2021-04-03,2021-04-03,EXCLUDE,GF-1377
900126412,71,2021-04-10,2021-04-10,EXCLUDE,GF-1377
900126412,71,2021-04-19,2021-04-19,EXCLUDE,GF-1377
900126412,71,2021-04-25,2021-04-25,EXCLUDE,GF-1377
900126412,71,2021-05-01,2021-05-01,EXCLUDE,GF-1377
900126412,71,2021-05-08,2021-05-08,EXCLUDE,GF-1377
900126412,71,2021-05-15,2021-05-15,EXCLUDE,GF-1377
900126412,71,2021-05-18,2021-05-18,EXCLUDE,GF-1377
900126412,71,2021-05-23,2021-05-23,EXCLUDE,GF-1377
25931162,71,2020-09-12,2020-09-12,EXCLUDE,GF-1378
25931162,71,2020-09-19,2020-09-19,EXCLUDE,GF-1378
3861342,71,2020-09-12,2020-09-12,EXCLUDE,GF-1379
3861342,71,2020-09-19,2020-09-19,EXCLUDE,GF-1379
27824276,71,2020-09-12,2020-09-12,EXCLUDE,GF-1380
27824276,71,2020-09-19,2020-09-19,EXCLUDE,GF-1380
27824276,71,2020-09-27,2020-09-27,EXCLUDE,GF-1380
27824276,71,2020-10-03,2020-10-03,EXCLUDE,GF-1380
1415,78,2021-05-09,2021-05-09,EXCLUDE,GF-1381
1415,78,2021-05-15,2021-05-15,EXCLUDE,GF-1381
1415,78,2021-05-18,2021-05-18,EXCLUDE,GF-1381
1415,78,2021-05-23,2021-05-23,EXCLUDE,GF-1381
194167,78,2020-09-14,2020-09-14,EXCLUDE,GF-1382
194167,78,2020-09-20,2020-09-20,EXCLUDE,GF-1382
194167,78,2020-09-26,2020-09-26,EXCLUDE,GF-1382
1494374,78,2020-09-14,2020-09-14,EXCLUDE,GF-1386
1494374,78,2020-09-20,2020-09-20,EXCLUDE,GF-1386
1494374,78,2020-09-26,2020-09-26,EXCLUDE,GF-1386
1494374,78,2020-10-03,2020-10-03,EXCLUDE,GF-1386
900430824,78,2020-09-14,2020-09-14,EXCLUDE,GF-1389
900430824,78,2020-09-20,2020-09-20,EXCLUDE,GF-1389
900430824,78,2020-09-26,2020-09-26,EXCLUDE,GF-1389
900430824,78,2020-10-03,2020-10-03,EXCLUDE,GF-1389
900430824,78,2020-10-18,2020-10-18,EXCLUDE,GF-1389
900430824,78,2020-10-26,2020-10-26,EXCLUDE,GF-1389
900430824,78,2020-11-01,2020-11-01,EXCLUDE,GF-1389
900430824,78,2020-11-06,2020-11-06,EXCLUDE,GF-1389
900430824,78,2020-11-21,2020-11-21,EXCLUDE,GF-1389
900430824,78,2020-11-28,2020-11-28,EXCLUDE,GF-1389
900430824,78,2020-12-07,2020-12-07,EXCLUDE,GF-1389
900430824,78,2020-12-13,2020-12-13,EXCLUDE,GF-1389
900430824,78,2020-12-16,2020-12-16,EXCLUDE,GF-1389
900430824,78,2020-12-20,2020-12-20,EXCLUDE,GF-1389
900430824,78,2020-12-27,2020-12-27,EXCLUDE,GF-1389
900430824,78,2020-12-29,2020-12-29,EXCLUDE,GF-1389
900430824,78,2021-01-02,2021-01-02,EXCLUDE,GF-1389
900430824,78,2021-01-13,2021-01-13,EXCLUDE,GF-1389
900430824,78,2021-01-16,2021-01-16,EXCLUDE,GF-1389
900430824,78,2021-01-27,2021-01-27,EXCLUDE,GF-1389
900430824,78,2021-01-31,2021-01-31,EXCLUDE,GF-1389
900430824,78,2021-02-03,2021-02-03,EXCLUDE,GF-1389
900430824,78,2021-02-06,2021-02-06,EXCLUDE,GF-1389
900430824,78,2021-02-13,2021-02-13,EXCLUDE,GF-1389
900430824,78,2021-02-22,2021-02-22,EXCLUDE,GF-1389
900430824,78,2021-02-27,2021-02-27,EXCLUDE,GF-1389
900430824,78,2021-03-06,2021-03-06,EXCLUDE,GF-1389
900430824,78,2021-03-14,2021-03-14,EXCLUDE,GF-1389
900430824,78,2021-03-20,2021-03-20,EXCLUDE,GF-1389
900430824,78,2021-04-04,2021-04-04,EXCLUDE,GF-1389
900430824,78,2021-04-12,2021-04-12,EXCLUDE,GF-1389
900430824,78,2021-04-20,2021-04-20,EXCLUDE,GF-1389
900430824,78,2021-04-24,2021-04-24,EXCLUDE,GF-1389
900430824,78,2021-05-01,2021-05-01,EXCLUDE,GF-1389
900430824,78,2021-05-09,2021-05-09,EXCLUDE,GF-1389
900430824,78,2021-05-15,2021-05-15,EXCLUDE,GF-1389
900430824,78,2021-05-18,2021-05-18,EXCLUDE,GF-1389
900430824,78,2021-05-23,2021-05-23,EXCLUDE,GF-1389
21802858,78,2020-09-14,2020-09-14,EXCLUDE,GF-1394
21802858,78,2020-09-20,2020-09-20,EXCLUDE,GF-1394
21802858,78,2020-09-26,2020-09-26,EXCLUDE,GF-1394
21802858,78,2020-10-03,2020-10-03,EXCLUDE,GF-1394
900536521,78,2020-09-14,2020-09-14,EXCLUDE,GF-1395
900536521,78,2020-09-20,2020-09-20,EXCLUDE,GF-1395
900536521,78,2020-09-26,2020-09-26,EXCLUDE,GF-1395
900536521,78,2020-10-03,2020-10-03,EXCLUDE,GF-1395
900536521,78,2020-10-18,2020-10-18,EXCLUDE,GF-1395
900536521,78,2020-10-26,2020-10-26,EXCLUDE,GF-1395
900536521,78,2020-11-01,2020-11-01,EXCLUDE,GF-1395
900536521,78,2020-11-06,2020-11-06,EXCLUDE,GF-1395
900536521,78,2020-11-21,2020-11-21,EXCLUDE,GF-1395
900536521,78,2020-11-28,2020-11-28,EXCLUDE,GF-1395
900536521,78,2020-12-07,2020-12-07,EXCLUDE,GF-1395
900536521,78,2020-12-13,2020-12-13,EXCLUDE,GF-1395
900536521,78,2020-12-16,2020-12-16,EXCLUDE,GF-1395
900536521,78,2020-12-20,2020-12-20,EXCLUDE,GF-1395
900536521,78,2020-12-27,2020-12-27,EXCLUDE,GF-1395
900536521,78,2020-12-29,2020-12-29,EXCLUDE,GF-1395
900536521,78,2021-01-02,2021-01-02,EXCLUDE,GF-1395
900536521,78,2021-01-13,2021-01-13,EXCLUDE,GF-1395
900536521,78,2021-01-16,2021-01-16,EXCLUDE,GF-1395
900536521,78,2021-01-27,2021-01-27,EXCLUDE,GF-1395
900536521,78,2021-01-31,2021-01-31,EXCLUDE,GF-1395
900536521,78,2021-02-03,2021-02-03,EXCLUDE,GF-1395
900536521,78,2021-02-06,2021-02-06,EXCLUDE,GF-1395
900536521,78,2021-02-13,2021-02-13,EXCLUDE,GF-1395
900536521,78,2021-02-22,2021-02-22,EXCLUDE,GF-1395
900536521,78,2021-02-27,2021-02-27,EXCLUDE,GF-1395
900536521,78,2021-03-06,2021-03-06,EXCLUDE,GF-1395
900536521,78,2021-03-14,2021-03-14,EXCLUDE,GF-1395
900536521,78,2021-03-20,2021-03-20,EXCLUDE,GF-1395
900536521,78,2021-04-04,2021-04-04,EXCLUDE,GF-1395
900536521,78,2021-04-12,2021-04-12,EXCLUDE,GF-1395
900536521,78,2021-04-20,2021-04-20,EXCLUDE,GF-1395
900536521,78,2021-04-24,2021-04-24,EXCLUDE,GF-1395
900536521,78,2021-05-01,2021-05-01,EXCLUDE,GF-1395
900536521,78,2021-05-09,2021-05-09,EXCLUDE,GF-1395
900536521,78,2021-05-15,2021-05-15,EXCLUDE,GF-1395
900536521,78,2021-05-18,2021-05-18,EXCLUDE,GF-1395
900536521,78,2021-05-23,2021-05-23,EXCLUDE,GF-1395
3544,1,2021-08-15,2021-08-15,EXCLUDE,GF-1396
3544,1,2021-08-23,2021-08-23,EXCLUDE,GF-1396
3544,1,2021-08-28,2021-08-28,EXCLUDE,GF-1396
3544,1,2021-09-11,2021-09-11,EXCLUDE,GF-1396
3544,1,2021-09-19,2021-09-19,EXCLUDE,GF-1396
3544,1,2021-09-25,2021-09-25,EXCLUDE,GF-1396
3544,1,2021-10-03,2021-10-03,EXCLUDE,GF-1396
3544,1,2021-10-17,2021-10-17,EXCLUDE,GF-1396
3544,1,2021-10-24,2021-10-24,EXCLUDE,GF-1396
3544,1,2021-10-31,2021-10-31,EXCLUDE,GF-1396
3544,1,2021-11-07,2021-11-07,EXCLUDE,GF-1396
3544,1,2021-11-20,2021-11-20,EXCLUDE,GF-1396
3544,1,2021-11-28,2021-11-28,EXCLUDE,GF-1396
3544,1,2021-12-01,2021-12-01,EXCLUDE,GF-1396
3544,1,2021-12-04,2021-12-04,EXCLUDE,GF-1396
3544,1,2021-12-12,2021-12-12,EXCLUDE,GF-1396
3544,1,2021-12-15,2021-12-15,EXCLUDE,GF-1396
3544,1,2021-12-26,2021-12-26,EXCLUDE,GF-1396
3544,1,2021-12-28,2021-12-28,EXCLUDE,GF-1396
3544,1,2022-01-01,2022-01-01,EXCLUDE,GF-1396
3544,1,2022-01-12,2022-01-12,EXCLUDE,GF-1396
3544,1,2022-01-16,2022-01-16,EXCLUDE,GF-1396
3544,1,2022-01-22,2022-01-22,EXCLUDE,GF-1396
3544,1,2022-02-08,2022-02-08,EXCLUDE,GF-1396
3544,1,2022-02-13,2022-02-13,EXCLUDE,GF-1396
3544,1,2022-02-19,2022-02-19,EXCLUDE,GF-1396
3544,1,2022-02-27,2022-02-27,EXCLUDE,GF-1396
3544,1,2022-03-05,2022-03-05,EXCLUDE,GF-1396
3544,1,2022-03-13,2022-03-13,EXCLUDE,GF-1396
3544,1,2022-03-20,2022-03-20,EXCLUDE,GF-1396
3544,1,2022-04-03,2022-04-03,EXCLUDE,GF-1396
3544,1,2022-04-10,2022-04-10,EXCLUDE,GF-1396
3544,1,2022-04-17,2022-04-17,EXCLUDE,GF-1396
3544,1,2022-04-24,2022-04-24,EXCLUDE,GF-1396
3544,1,2022-05-01,2022-05-01,EXCLUDE,GF-1396
3544,1,2022-05-08,2022-05-08,EXCLUDE,GF-1396
3544,1,2022-05-15,2022-05-15,EXCLUDE,GF-1396
3544,1,2022-05-22,2022-05-22,EXCLUDE,GF-1396
1712,6,2021-08-15,2021-08-15,EXCLUDE,GF-1401
1712,6,2021-08-22,2021-08-22,EXCLUDE,GF-1401
1712,6,2021-08-29,2021-08-29,EXCLUDE,GF-1401
900554174,6,2021-08-15,2021-08-15,EXCLUDE,GF-1405
900554174,6,2021-08-22,2021-08-22,EXCLUDE,GF-1405
900554174,6,2021-08-29,2021-08-29,EXCLUDE,GF-1405
900554174,6,2022-01-01,2022-01-01,EXCLUDE,GF-1405
900554174,6,2022-01-19,2022-01-19,EXCLUDE,GF-1405
900554174,6,2022-01-23,2022-01-23,EXCLUDE,GF-1405
900554174,6,2022-02-09,2022-02-09,EXCLUDE,GF-1405
900554174,6,2022-02-13,2022-02-13,EXCLUDE,GF-1405
900554174,6,2022-02-19,2022-02-19,EXCLUDE,GF-1405
900554174,6,2022-02-23,2022-02-23,EXCLUDE,GF-1405
900554174,6,2022-02-26,2022-02-26,EXCLUDE,GF-1405
900554174,6,2022-03-07,2022-03-07,EXCLUDE,GF-1405
900554174,6,2022-03-12,2022-03-12,EXCLUDE,GF-1405
900554174,6,2022-03-16,2022-03-16,EXCLUDE,GF-1405
900554174,6,2022-03-20,2022-03-20,EXCLUDE,GF-1405
900554174,6,2022-04-03,2022-04-03,EXCLUDE,GF-1405
900554174,6,2022-04-09,2022-04-09,EXCLUDE,GF-1405
900554174,6,2022-04-16,2022-04-16,EXCLUDE,GF-1405
900554174,6,2022-04-23,2022-04-23,EXCLUDE,GF-1405
900554174,6,2022-05-01,2022-05-01,EXCLUDE,GF-1405
900554174,6,2022-05-07,2022-05-07,EXCLUDE,GF-1405
900554174,6,2022-05-12,2022-05-12,EXCLUDE,GF-1405
900554174,6,2022-05-15,2022-05-15,EXCLUDE,GF-1405
900554174,6,2022-05-22,2022-05-22,EXCLUDE,GF-1405
10310765,6,2021-08-15,2021-08-15,EXCLUDE,GF-1406
10310765,6,2021-08-22,2021-08-22,EXCLUDE,GF-1406
10310765,6,2021-08-29,2021-08-29,EXCLUDE,GF-1406
10310765,6,2021-09-11,2021-09-11,EXCLUDE,GF-1406
10310765,6,2021-09-19,2021-09-19,EXCLUDE,GF-1406
10310765,6,2021-09-26,2021-09-26,EXCLUDE,GF-1406
10310765,6,2021-10-03,2021-10-03,EXCLUDE,GF-1406
10310765,6,2021-10-17,2021-10-17,EXCLUDE,GF-1406
10310765,6,2021-10-24,2021-10-24,EXCLUDE,GF-1406
10310765,6,2021-10-30,2021-10-30,EXCLUDE,GF-1406
10310765,6,2021-11-07,2021-11-07,EXCLUDE,GF-1406
10310765,6,2021-11-21,2021-11-21,EXCLUDE,GF-1406
10310765,6,2021-12-02,2021-12-02,EXCLUDE,GF-1406
10310765,6,2021-12-05,2021-12-05,EXCLUDE,GF-1406
10310765,6,2021-12-19,2021-12-19,EXCLUDE,GF-1406
10310765,6,2021-12-26,2021-12-26,EXCLUDE,GF-1406
10310765,6,2021-12-28,2021-12-28,EXCLUDE,GF-1406
10310765,6,2022-01-01,2022-01-01,EXCLUDE,GF-1406
10310765,6,2022-01-19,2022-01-19,EXCLUDE,GF-1406
10310765,6,2022-01-23,2022-01-23,EXCLUDE,GF-1406
31626619,6,2021-08-15,2021-08-15,EXCLUDE,GF-1408
31626619,6,2021-08-22,2021-08-22,EXCLUDE,GF-1408
31626619,6,2021-08-29,2021-08-29,EXCLUDE,GF-1408
31626619,6,2021-09-11,2021-09-11,EXCLUDE,GF-1408
31626619,6,2021-09-19,2021-09-19,EXCLUDE,GF-1408
31626619,6,2021-09-26,2021-09-26,EXCLUDE,GF-1408
31626619,6,2021-10-03,2021-10-03,EXCLUDE,GF-1408
31626619,6,2021-10-17,2021-10-17,EXCLUDE,GF-1408
31626619,6,2021-10-24,2021-10-24,EXCLUDE,GF-1408
31626619,6,2021-10-30,2021-10-30,EXCLUDE,GF-1408
31626619,6,2021-11-07,2021-11-07,EXCLUDE,GF-1408
31626619,6,2021-11-21,2021-11-21,EXCLUDE,GF-1408
31626619,6,2021-12-02,2021-12-02,EXCLUDE,GF-1408
31626619,6,2021-12-05,2021-12-05,EXCLUDE,GF-1408
31626619,6,2021-12-19,2021-12-19,EXCLUDE,GF-1408
31626619,6,2021-12-26,2021-12-26,EXCLUDE,GF-1408
31626619,6,2021-12-28,2021-12-28,EXCLUDE,GF-1408
31626619,6,2022-01-01,2022-01-01,EXCLUDE,GF-1408
31626619,6,2022-01-19,2022-01-19,EXCLUDE,GF-1408
31626619,6,2022-01-23,2022-01-23,EXCLUDE,GF-1408
31626619,6,2022-04-16,2022-04-16,EXCLUDE,GF-1408
31626619,6,2022-04-23,2022-04-23,EXCLUDE,GF-1408
31626619,6,2022-05-01,2022-05-01,EXCLUDE,GF-1408
31626619,6,2022-05-07,2022-05-07,EXCLUDE,GF-1408
31626619,6,2022-05-12,2022-05-12,EXCLUDE,GF-1408
31626619,6,2022-05-15,2022-05-15,EXCLUDE,GF-1408
31626619,6,2022-05-22,2022-05-22,EXCLUDE,GF-1408
31238171,6,2021-08-15,2021-08-15,EXCLUDE,GF-1409
31238171,6,2021-08-22,2021-08-22,EXCLUDE,GF-1409
31238171,6,2021-08-29,2021-08-29,EXCLUDE,GF-1409
31238171,6,2021-09-11,2021-09-11,EXCLUDE,GF-1409
31238171,6,2021-09-19,2021-09-19,EXCLUDE,GF-1409
31238171,6,2021-09-26,2021-09-26,EXCLUDE,GF-1409
31238171,6,2021-10-03,2021-10-03,EXCLUDE,GF-1409
31238171,6,2021-10-17,2021-10-17,EXCLUDE,GF-1409
31238171,6,2021-10-24,2021-10-24,EXCLUDE,GF-1409
31238171,6,2021-10-30,2021-10-30,EXCLUDE,GF-1409
31238171,6,2021-11-07,2021-11-07,EXCLUDE,GF-1409
31238171,6,2021-11-21,2021-11-21,EXCLUDE,GF-1409
31238171,6,2021-12-02,2021-12-02,EXCLUDE,GF-1409
31238171,6,2021-12-05,2021-12-05,EXCLUDE,GF-1409
31238171,6,2021-12-19,2021-12-19,EXCLUDE,GF-1409
31238171,6,2021-12-26,2021-12-26,EXCLUDE,GF-1409
31238171,6,2021-12-28,2021-12-28,EXCLUDE,GF-1409
31238171,6,2022-01-01,2022-01-01,EXCLUDE,GF-1409
31238171,6,2022-01-19,2022-01-19,EXCLUDE,GF-1409
31238171,6,2022-01-23,2022-01-23,EXCLUDE,GF-1409
31238171,6,2022-02-09,2022-02-09,EXCLUDE,GF-1409
4379,8,2021-08-14,2021-08-14,EXCLUDE,GF-1410
4379,8,2021-08-21,2021-08-21,EXCLUDE,GF-1410
4379,8,2021-08-28,2021-08-28,EXCLUDE,GF-1410
6285,8,2021-08-14,2021-08-14,EXCLUDE,GF-1411
149746,8,2021-08-14,2021-08-14,EXCLUDE,GF-1420
149746,8,2021-08-21,2021-08-21,EXCLUDE,GF-1420
149746,8,2021-08-28,2021-08-28,EXCLUDE,GF-1420
149746,8,2021-09-12,2021-09-12,EXCLUDE,GF-1420
149746,8,2021-09-18,2021-09-18,EXCLUDE,GF-1420
149746,8,2021-09-25,2021-09-25,EXCLUDE,GF-1420
149746,8,2021-10-03,2021-10-03,EXCLUDE,GF-1420
149746,8,2021-10-16,2021-10-16,EXCLUDE,GF-1420
149746,8,2021-10-24,2021-10-24,EXCLUDE,GF-1420
149746,8,2021-10-30,2021-10-30,EXCLUDE,GF-1420
149746,8,2021-11-07,2021-11-07,EXCLUDE,GF-1420
149746,8,2021-11-20,2021-11-20,EXCLUDE,GF-1420
149746,8,2021-11-27,2021-11-27,EXCLUDE,GF-1420
149746,8,2021-12-01,2021-12-01,EXCLUDE,GF-1420
149746,8,2021-12-04,2021-12-04,EXCLUDE,GF-1420
149746,8,2021-12-11,2021-12-11,EXCLUDE,GF-1420
149746,8,2021-12-16,2021-12-16,EXCLUDE,GF-1420
149746,8,2021-12-19,2021-12-19,EXCLUDE,GF-1420
149746,8,2021-12-28,2021-12-28,EXCLUDE,GF-1420
149746,8,2022-01-02,2022-01-02,EXCLUDE,GF-1420
37259161,8,2021-08-14,2021-08-14,EXCLUDE,GF-1424
37259161,8,2021-08-21,2021-08-21,EXCLUDE,GF-1424
37259161,8,2021-08-28,2021-08-28,EXCLUDE,GF-1424
37259161,8,2021-09-12,2021-09-12,EXCLUDE,GF-1424
37259161,8,2021-09-18,2021-09-18,EXCLUDE,GF-1424
37259161,8,2021-09-25,2021-09-25,EXCLUDE,GF-1424
37259161,8,2021-10-03,2021-10-03,EXCLUDE,GF-1424
37259161,8,2021-10-16,2021-10-16,EXCLUDE,GF-1424
37259161,8,2021-10-24,2021-10-24,EXCLUDE,GF-1424
37259161,8,2021-10-30,2021-10-30,EXCLUDE,GF-1424
37259161,8,2021-11-07,2021-11-07,EXCLUDE,GF-1424
37259161,8,2021-11-20,2021-11-20,EXCLUDE,GF-1424
37259161,8,2021-11-27,2021-11-27,EXCLUDE,GF-1424
37259161,8,2021-12-01,2021-12-01,EXCLUDE,GF-1424
37259161,8,2021-12-04,2021-12-04,EXCLUDE,GF-1424
37259161,8,2021-12-11,2021-12-11,EXCLUDE,GF-1424
37259161,8,2021-12-16,2021-12-16,EXCLUDE,GF-1424
37259161,8,2021-12-19,2021-12-19,EXCLUDE,GF-1424
37259161,8,2021-12-28,2021-12-28,EXCLUDE,GF-1424
37259161,8,2022-01-02,2022-01-02,EXCLUDE,GF-1424
37259161,8,2022-01-16,2022-01-16,EXCLUDE,GF-1424
37259161,8,2022-01-23,2022-01-23,EXCLUDE,GF-1424
37259161,8,2022-02-10,2022-02-10,EXCLUDE,GF-1424
37259161,8,2022-02-13,2022-02-13,EXCLUDE,GF-1424
37259161,8,2022-02-19,2022-02-19,EXCLUDE,GF-1424
37259161,8,2022-02-23,2022-02-23,EXCLUDE,GF-1424
37259161,8,2022-03-05,2022-03-05,EXCLUDE,GF-1424
37259161,8,2022-03-12,2022-03-12,EXCLUDE,GF-1424
37259161,8,2022-03-16,2022-03-16,EXCLUDE,GF-1424
37259161,8,2022-04-02,2022-04-02,EXCLUDE,GF-1424
37259161,8,2022-04-10,2022-04-10,EXCLUDE,GF-1424
37259161,8,2022-04-19,2022-04-19,EXCLUDE,GF-1424
37259161,8,2022-04-24,2022-04-24,EXCLUDE,GF-1424
37259161,8,2022-04-30,2022-04-30,EXCLUDE,GF-1424
37259161,8,2022-05-07,2022-05-07,EXCLUDE,GF-1424
37259161,8,2022-05-10,2022-05-10,EXCLUDE,GF-1424
37259161,8,2022-05-17,2022-05-17,EXCLUDE,GF-1424
37259161,8,2022-05-22,2022-05-22,EXCLUDE,GF-1424
25739,9,2021-08-15,2021-08-15,EXCLUDE,GF-1427
25739,9,2021-08-21,2021-08-21,EXCLUDE,GF-1427
25739,9,2021-08-28,2021-08-28,EXCLUDE,GF-1427
537353,9,2021-08-15,2021-08-15,EXCLUDE,GF-1429
537353,9,2021-08-21,2021-08-21,EXCLUDE,GF-1429
537353,9,2021-08-28,2021-08-28,EXCLUDE,GF-1429
537353,9,2022-04-30,2022-04-30,EXCLUDE,GF-1429
537353,9,2022-05-08,2022-05-08,EXCLUDE,GF-1429
537353,9,2022-05-11,2022-05-11,EXCLUDE,GF-1429
537353,9,2022-05-15,2022-05-15,EXCLUDE,GF-1429
537353,9,2022-05-22,2022-05-22,EXCLUDE,GF-1429
23311146,9,2021-08-15,2021-08-15,EXCLUDE,GF-1438
28912737,9,2021-08-15,2021-08-15,EXCLUDE,GF-1439
28912737,9,2021-08-21,2021-08-21,EXCLUDE,GF-1439
28912737,9,2021-08-28,2021-08-28,EXCLUDE,GF-1439
28912737,9,2021-09-11,2021-09-11,EXCLUDE,GF-1439
28912737,9,2021-09-18,2021-09-18,EXCLUDE,GF-1439
28912737,9,2021-09-25,2021-09-25,EXCLUDE,GF-1439
28912737,9,2021-10-03,2021-10-03,EXCLUDE,GF-1439
28912737,9,2021-10-16,2021-10-16,EXCLUDE,GF-1439
28912737,9,2021-10-23,2021-10-23,EXCLUDE,GF-1439
28912737,9,2021-10-30,2021-10-30,EXCLUDE,GF-1439
28912737,9,2021-11-06,2021-11-06,EXCLUDE,GF-1439
28912737,9,2021-11-21,2021-11-21,EXCLUDE,GF-1439
28912737,9,2021-11-28,2021-11-28,EXCLUDE,GF-1439
28912737,9,2021-12-01,2021-12-01,EXCLUDE,GF-1439
28912737,9,2021-12-04,2021-12-04,EXCLUDE,GF-1439
28912737,9,2021-12-11,2021-12-11,EXCLUDE,GF-1439
28912737,9,2021-12-14,2021-12-14,EXCLUDE,GF-1439
28912737,9,2021-12-19,2021-12-19,EXCLUDE,GF-1439
28912737,9,2021-12-26,2021-12-26,EXCLUDE,GF-1439
28912737,9,2021-12-29,2021-12-29,EXCLUDE,GF-1439
28912737,9,2022-01-01,2022-01-01,EXCLUDE,GF-1439
28912737,9,2022-01-15,2022-01-15,EXCLUDE,GF-1439
28912737,9,2022-01-22,2022-01-22,EXCLUDE,GF-1439
37341806,9,2021-08-15,2021-08-15,EXCLUDE,GF-1441
9939395,13,2021-08-14,2021-08-14,EXCLUDE,GF-1445
9939395,13,2021-08-21,2021-08-21,EXCLUDE,GF-1445
9939395,13,2021-08-28,2021-08-28,EXCLUDE,GF-1445
9939395,13,2021-09-13,2021-09-13,EXCLUDE,GF-1445
9939395,13,2021-09-18,2021-09-18,EXCLUDE,GF-1445
9939395,13,2021-09-25,2021-09-25,EXCLUDE,GF-1445
9939395,13,2021-10-02,2021-10-02,EXCLUDE,GF-1445
9939395,13,2021-10-17,2021-10-17,EXCLUDE,GF-1445
9939395,13,2021-10-23,2021-10-23,EXCLUDE,GF-1445
9939395,13,2021-11-01,2021-11-01,EXCLUDE,GF-1445
9939395,13,2021-11-07,2021-11-07,EXCLUDE,GF-1445
9939395,13,2021-11-21,2021-11-21,EXCLUDE,GF-1445
9939395,13,2021-11-28,2021-11-28,EXCLUDE,GF-1445
9939395,13,2021-12-01,2021-12-01,EXCLUDE,GF-1445
9939395,13,2021-12-06,2021-12-06,EXCLUDE,GF-1445
9939395,13,2021-12-12,2021-12-12,EXCLUDE,GF-1445
9939395,13,2021-12-16,2021-12-16,EXCLUDE,GF-1445
9939395,13,2022-01-02,2022-01-02,EXCLUDE,GF-1445
9939395,13,2022-01-15,2022-01-15,EXCLUDE,GF-1445
9939395,13,2022-01-22,2022-01-22,EXCLUDE,GF-1445
9939395,13,2022-02-08,2022-02-08,EXCLUDE,GF-1445
9939395,13,2022-02-12,2022-02-12,EXCLUDE,GF-1445
9939395,13,2022-02-19,2022-02-19,EXCLUDE,GF-1445
9939395,13,2022-02-26,2022-02-26,EXCLUDE,GF-1445
9939395,13,2022-03-07,2022-03-07,EXCLUDE,GF-1445
9939395,13,2022-03-13,2022-03-13,EXCLUDE,GF-1445
9939395,13,2022-03-17,2022-03-17,EXCLUDE,GF-1445
9939395,13,2022-04-03,2022-04-03,EXCLUDE,GF-1445
9939395,13,2022-04-06,2022-04-06,EXCLUDE,GF-1445
9939395,13,2022-04-09,2022-04-09,EXCLUDE,GF-1445
9939395,13,2022-04-20,2022-04-20,EXCLUDE,GF-1445
9939395,13,2022-04-24,2022-04-24,EXCLUDE,GF-1445
9939395,13,2022-05-01,2022-05-01,EXCLUDE,GF-1445
9939395,13,2022-05-08,2022-05-08,EXCLUDE,GF-1445
9939395,13,2022-05-11,2022-05-11,EXCLUDE,GF-1445
9939395,13,2022-05-15,2022-05-15,EXCLUDE,GF-1445
9939395,13,2022-05-19,2022-05-19,EXCLUDE,GF-1445
9939395,13,2022-05-22,2022-05-22,EXCLUDE,GF-1445
1947,14,2021-08-14,2021-08-14,EXCLUDE,GF-1446
1947,14,2021-08-22,2021-08-22,EXCLUDE,GF-1446
1947,14,2021-08-29,2021-08-29,EXCLUDE,GF-1446
1947,14,2021-09-11,2021-09-11,EXCLUDE,GF-1446
1947,14,2021-09-19,2021-09-19,EXCLUDE,GF-1446
1947,14,2021-09-25,2021-09-25,EXCLUDE,GF-1446
1947,14,2021-10-02,2021-10-02,EXCLUDE,GF-1446
1947,14,2021-10-16,2021-10-16,EXCLUDE,GF-1446
1947,14,2021-10-24,2021-10-24,EXCLUDE,GF-1446
1947,14,2021-10-30,2021-10-30,EXCLUDE,GF-1446
1947,14,2021-11-06,2021-11-06,EXCLUDE,GF-1446
1947,14,2021-11-20,2021-11-20,EXCLUDE,GF-1446
1947,14,2021-11-28,2021-11-28,EXCLUDE,GF-1446
1947,14,2021-12-02,2021-12-02,EXCLUDE,GF-1446
1947,14,2021-12-05,2021-12-05,EXCLUDE,GF-1446
1947,14,2021-12-11,2021-12-11,EXCLUDE,GF-1446
1947,14,2021-12-27,2021-12-27,EXCLUDE,GF-1446
1947,14,2021-12-30,2021-12-30,EXCLUDE,GF-1446
1947,14,2022-01-03,2022-01-03,EXCLUDE,GF-1446
1947,14,2022-01-15,2022-01-15,EXCLUDE,GF-1446
1947,14,2022-01-19,2022-01-19,EXCLUDE,GF-1446
1947,14,2022-01-22,2022-01-22,EXCLUDE,GF-1446
1947,14,2022-02-08,2022-02-08,EXCLUDE,GF-1446
1947,14,2022-02-12,2022-02-12,EXCLUDE,GF-1446
1947,14,2022-02-15,2022-02-15,EXCLUDE,GF-1446
1947,14,2022-02-20,2022-02-20,EXCLUDE,GF-1446
1947,14,2022-02-26,2022-02-26,EXCLUDE,GF-1446
1947,14,2022-03-06,2022-03-06,EXCLUDE,GF-1446
1947,14,2022-03-12,2022-03-12,EXCLUDE,GF-1446
1947,14,2022-04-02,2022-04-02,EXCLUDE,GF-1446
1947,14,2022-04-09,2022-04-09,EXCLUDE,GF-1446
1947,14,2022-04-16,2022-04-16,EXCLUDE,GF-1446
1947,14,2022-04-19,2022-04-19,EXCLUDE,GF-1446
1947,14,2022-04-23,2022-04-23,EXCLUDE,GF-1446
1947,14,2022-04-28,2022-04-28,EXCLUDE,GF-1446
1947,14,2022-05-02,2022-05-02,EXCLUDE,GF-1446
1947,14,2022-05-07,2022-05-07,EXCLUDE,GF-1446
1947,14,2022-05-22,2022-05-22,EXCLUDE,GF-1446
4536524,14,2021-08-14,2021-08-14,EXCLUDE,GF-1450
24469185,14,2021-08-14,2021-08-14,EXCLUDE,GF-1455
24469185,14,2021-08-22,2021-08-22,EXCLUDE,GF-1455
24469185,14,2021-08-29,2021-08-29,EXCLUDE,GF-1455
24469185,14,2021-09-11,2021-09-11,EXCLUDE,GF-1455
24469185,14,2021-09-19,2021-09-19,EXCLUDE,GF-1455
24469185,14,2021-09-25,2021-09-25,EXCLUDE,GF-1455
24469185,14,2021-10-02,2021-10-02,EXCLUDE,GF-1455
24469185,14,2021-10-16,2021-10-16,EXCLUDE,GF-1455
24469185,14,2021-10-24,2021-10-24,EXCLUDE,GF-1455
24469185,14,2021-10-30,2021-10-30,EXCLUDE,GF-1455
24469185,14,2021-11-06,2021-11-06,EXCLUDE,GF-1455
24469185,14,2021-11-20,2021-11-20,EXCLUDE,GF-1455
24469185,14,2021-11-28,2021-11-28,EXCLUDE,GF-1455
24469185,14,2021-12-02,2021-12-02,EXCLUDE,GF-1455
24469185,14,2021-12-05,2021-12-05,EXCLUDE,GF-1455
24469185,14,2021-12-11,2021-12-11,EXCLUDE,GF-1455
24469185,14,2021-12-27,2021-12-27,EXCLUDE,GF-1455
24469185,14,2021-12-30,2021-12-30,EXCLUDE,GF-1455
24469185,14,2022-01-03,2022-01-03,EXCLUDE,GF-1455
12759176,14,2021-08-14,2021-08-14,EXCLUDE,GF-1456
12759176,14,2021-08-22,2021-08-22,EXCLUDE,GF-1456
12759176,14,2021-08-29,2021-08-29,EXCLUDE,GF-1456
12759176,14,2021-09-11,2021-09-11,EXCLUDE,GF-1456
12759176,14,2021-09-19,2021-09-19,EXCLUDE,GF-1456
12759176,14,2021-09-25,2021-09-25,EXCLUDE,GF-1456
12759176,14,2021-10-02,2021-10-02,EXCLUDE,GF-1456
12759176,14,2021-10-16,2021-10-16,EXCLUDE,GF-1456
12759176,14,2021-10-24,2021-10-24,EXCLUDE,GF-1456
12759176,14,2021-10-30,2021-10-30,EXCLUDE,GF-1456
12759176,14,2021-11-06,2021-11-06,EXCLUDE,GF-1456
12759176,14,2021-11-20,2021-11-20,EXCLUDE,GF-1456
12759176,14,2021-11-28,2021-11-28,EXCLUDE,GF-1456
12759176,14,2021-12-02,2021-12-02,EXCLUDE,GF-1456
12759176,14,2021-12-05,2021-12-05,EXCLUDE,GF-1456
12759176,14,2021-12-11,2021-12-11,EXCLUDE,GF-1456
12759176,14,2021-12-27,2021-12-27,EXCLUDE,GF-1456
12759176,14,2021-12-30,2021-12-30,EXCLUDE,GF-1456
12759176,14,2022-01-03,2022-01-03,EXCLUDE,GF-1456
12759176,14,2022-01-15,2022-01-15,EXCLUDE,GF-1456
12759176,14,2022-01-19,2022-01-19,EXCLUDE,GF-1456
12759176,14,2022-01-22,2022-01-22,EXCLUDE,GF-1456
921,18,2021-08-14,2021-08-14,EXCLUDE,GF-1469
921,18,2021-08-22,2021-08-22,EXCLUDE,GF-1469
921,18,2021-08-28,2021-08-28,EXCLUDE,GF-1469
4219,18,2021-08-14,2021-08-14,EXCLUDE,GF-1470
4219,18,2021-08-22,2021-08-22,EXCLUDE,GF-1470
4219,18,2021-08-28,2021-08-28,EXCLUDE,GF-1470
4219,18,2021-09-11,2021-09-11,EXCLUDE,GF-1470
4219,18,2021-09-19,2021-09-19,EXCLUDE,GF-1470
4219,18,2021-09-25,2021-09-25,EXCLUDE,GF-1470
4219,18,2021-10-02,2021-10-02,EXCLUDE,GF-1470
4219,18,2021-10-16,2021-10-16,EXCLUDE,GF-1470
4219,18,2021-10-23,2021-10-23,EXCLUDE,GF-1470
4219,18,2021-10-30,2021-10-30,EXCLUDE,GF-1470
4219,18,2021-11-06,2021-11-06,EXCLUDE,GF-1470
4219,18,2021-11-20,2021-11-20,EXCLUDE,GF-1470
4219,18,2021-11-28,2021-11-28,EXCLUDE,GF-1470
4219,18,2021-12-01,2021-12-01,EXCLUDE,GF-1470
4219,18,2021-12-04,2021-12-04,EXCLUDE,GF-1470
4219,18,2021-12-11,2021-12-11,EXCLUDE,GF-1470
4219,18,2021-12-16,2021-12-16,EXCLUDE,GF-1470
4219,18,2021-12-19,2021-12-19,EXCLUDE,GF-1470
4219,18,2021-12-26,2021-12-26,EXCLUDE,GF-1470
4219,18,2021-12-29,2021-12-29,EXCLUDE,GF-1470
4219,18,2022-01-02,2022-01-02,EXCLUDE,GF-1470
4267,18,2021-08-14,2021-08-14,EXCLUDE,GF-1472
4267,18,2021-08-22,2021-08-22,EXCLUDE,GF-1472
22536394,20,2021-08-15,2021-08-15,EXCLUDE,GF-1494
22536394,20,2021-08-21,2021-08-21,EXCLUDE,GF-1494
22536394,20,2022-01-15,2022-01-15,EXCLUDE,GF-1494
22536394,20,2022-01-22,2022-01-22,EXCLUDE,GF-1494
1625,25,2021-08-14,2021-08-14,EXCLUDE,GF-1496
1625,25,2021-08-21,2021-08-21,EXCLUDE,GF-1496
1625,25,2021-08-29,2021-08-29,EXCLUDE,GF-1496
5246,25,2021-08-14,2021-08-14,EXCLUDE,GF-1499
5246,25,2021-08-21,2021-08-21,EXCLUDE,GF-1499
5246,25,2021-08-29,2021-08-29,EXCLUDE,GF-1499
5246,25,2022-04-30,2022-04-30,EXCLUDE,GF-1499
5246,25,2022-05-07,2022-05-07,EXCLUDE,GF-1499
5246,25,2022-05-11,2022-05-11,EXCLUDE,GF-1499
5246,25,2022-05-15,2022-05-15,EXCLUDE,GF-1499
5246,25,2022-05-22,2022-05-22,EXCLUDE,GF-1499
900522131,25,2021-08-14,2021-08-14,EXCLUDE,GF-1503
900522131,25,2021-08-21,2021-08-21,EXCLUDE,GF-1503
900522131,25,2021-08-29,2021-08-29,EXCLUDE,GF-1503
16136250,27,2022-01-02,2022-01-02,EXCLUDE,GF-1507
16136250,27,2022-01-23,2022-01-23,EXCLUDE,GF-1507
16136250,27,2022-02-05,2022-02-05,EXCLUDE,GF-1507
16136250,27,2022-02-08,2022-02-08,EXCLUDE,GF-1507
16136250,27,2022-02-13,2022-02-13,EXCLUDE,GF-1507
16136250,27,2022-02-19,2022-02-19,EXCLUDE,GF-1507
16136250,27,2022-02-23,2022-02-23,EXCLUDE,GF-1507
16136250,27,2022-02-26,2022-02-26,EXCLUDE,GF-1507
16136250,27,2022-03-01,2022-03-01,EXCLUDE,GF-1507
16136250,27,2022-03-05,2022-03-05,EXCLUDE,GF-1507
16136250,27,2022-03-12,2022-03-12,EXCLUDE,GF-1507
16136250,27,2022-04-02,2022-04-02,EXCLUDE,GF-1507
16136250,27,2022-04-06,2022-04-06,EXCLUDE,GF-1507
16136250,27,2022-04-10,2022-04-10,EXCLUDE,GF-1507
16136250,27,2022-04-17,2022-04-17,EXCLUDE,GF-1507
16136250,27,2022-04-21,2022-04-21,EXCLUDE,GF-1507
16136250,27,2022-04-24,2022-04-24,EXCLUDE,GF-1507
16136250,27,2022-04-30,2022-04-30,EXCLUDE,GF-1507
16136250,27,2022-05-07,2022-05-07,EXCLUDE,GF-1507
16136250,27,2022-05-15,2022-05-15,EXCLUDE,GF-1507
16136250,27,2022-05-19,2022-05-19,EXCLUDE,GF-1507
16136250,27,2022-05-22,2022-05-22,EXCLUDE,GF-1507
7566,29,2022-01-15,2022-01-15,EXCLUDE,GF-1508
7566,29,2022-01-22,2022-01-22,EXCLUDE,GF-1508
7566,29,2022-02-10,2022-02-10,EXCLUDE,GF-1508
7566,29,2022-02-13,2022-02-13,EXCLUDE,GF-1508
7566,29,2022-02-20,2022-02-20,EXCLUDE,GF-1508
7566,29,2022-02-24,2022-02-24,EXCLUDE,GF-1508
7566,29,2022-02-27,2022-02-27,EXCLUDE,GF-1508
7566,29,2022-03-05,2022-03-05,EXCLUDE,GF-1508
7566,29,2022-03-10,2022-03-10,EXCLUDE,GF-1508
7566,29,2022-03-13,2022-03-13,EXCLUDE,GF-1508
7566,29,2022-03-18,2022-03-18,EXCLUDE,GF-1508
7566,29,2022-04-02,2022-04-02,EXCLUDE,GF-1508
7566,29,2022-04-08,2022-04-08,EXCLUDE,GF-1508
7566,29,2022-04-24,2022-04-24,EXCLUDE,GF-1508
7566,29,2022-04-30,2022-04-30,EXCLUDE,GF-1508
7566,29,2022-05-07,2022-05-07,EXCLUDE,GF-1508
7566,29,2022-05-11,2022-05-11,EXCLUDE,GF-1508
7566,29,2022-05-15,2022-05-15,EXCLUDE,GF-1508
7566,29,2022-05-22,2022-05-22,EXCLUDE,GF-1508
7522,29,2021-08-14,2021-08-14,EXCLUDE,GF-1509
7522,29,2021-08-22,2021-08-22,EXCLUDE,GF-1509
7522,29,2021-08-29,2021-08-29,EXCLUDE,GF-1509
7522,29,2022-05-22,2022-05-22,EXCLUDE,GF-1509
12844021,29,2021-08-14,2021-08-14,EXCLUDE,GF-1512
12844021,29,2021-08-22,2021-08-22,EXCLUDE,GF-1512
12844021,29,2021-08-29,2021-08-29,EXCLUDE,GF-1512
12844021,29,2022-01-03,2022-01-03,EXCLUDE,GF-1512
12844021,29,2022-01-15,2022-01-15,EXCLUDE,GF-1512
12844021,29,2022-01-22,2022-01-22,EXCLUDE,GF-1512
581092,33,2021-08-14,2021-08-14,EXCLUDE,GF-1518
581092,33,2021-08-21,2021-08-21,EXCLUDE,GF-1518
581092,33,2021-08-28,2021-08-28,EXCLUDE,GF-1518
3495,33,2021-08-14,2021-08-14,EXCLUDE,GF-1519
3495,33,2021-08-21,2021-08-21,EXCLUDE,GF-1519
1452162,33,2021-08-14,2021-08-14,EXCLUDE,GF-1520
1452162,33,2021-08-21,2021-08-21,EXCLUDE,GF-1520
1452162,33,2021-08-28,2021-08-28,EXCLUDE,GF-1520
1452162,33,2021-09-11,2021-09-11,EXCLUDE,GF-1520
1452162,33,2021-09-18,2021-09-18,EXCLUDE,GF-1520
1452162,33,2021-09-25,2021-09-25,EXCLUDE,GF-1520
1452162,33,2021-10-02,2021-10-02,EXCLUDE,GF-1520
1452162,33,2021-10-16,2021-10-16,EXCLUDE,GF-1520
1452162,33,2021-10-23,2021-10-23,EXCLUDE,GF-1520
1452162,33,2021-10-31,2021-10-31,EXCLUDE,GF-1520
1452162,33,2021-11-06,2021-11-06,EXCLUDE,GF-1520
1452162,33,2021-11-20,2021-11-20,EXCLUDE,GF-1520
1452162,33,2021-11-27,2021-11-27,EXCLUDE,GF-1520
1452162,33,2021-11-30,2021-11-30,EXCLUDE,GF-1520
1452162,33,2021-12-05,2021-12-05,EXCLUDE,GF-1520
1452162,33,2021-12-11,2021-12-11,EXCLUDE,GF-1520
1452162,33,2021-12-14,2021-12-14,EXCLUDE,GF-1520
1452162,33,2021-12-26,2021-12-26,EXCLUDE,GF-1520
1452162,33,2021-12-28,2021-12-28,EXCLUDE,GF-1520
2206678,33,2021-08-14,2021-08-14,EXCLUDE,GF-1521
2206678,33,2022-02-12,2022-02-12,EXCLUDE,GF-1521
2206678,33,2022-02-19,2022-02-19,EXCLUDE,GF-1521
2206678,33,2022-02-25,2022-02-25,EXCLUDE,GF-1521
2206678,33,2022-03-05,2022-03-05,EXCLUDE,GF-1521
2206678,33,2022-03-10,2022-03-10,EXCLUDE,GF-1521
2206678,33,2022-03-13,2022-03-13,EXCLUDE,GF-1521
2206678,33,2022-04-02,2022-04-02,EXCLUDE,GF-1521
2206678,33,2022-04-10,2022-04-10,EXCLUDE,GF-1521
2206678,33,2022-04-16,2022-04-16,EXCLUDE,GF-1521
2206678,33,2022-04-23,2022-04-23,EXCLUDE,GF-1521
2206678,33,2022-04-30,2022-04-30,EXCLUDE,GF-1521
2206678,33,2022-05-08,2022-05-08,EXCLUDE,GF-1521
2206678,33,2022-05-11,2022-05-11,EXCLUDE,GF-1521
2206678,33,2022-05-15,2022-05-15,EXCLUDE,GF-1521
2206678,33,2022-05-22,2022-05-22,EXCLUDE,GF-1521
74008,42,2021-08-14,2021-08-14,EXCLUDE,GF-1524
74008,42,2021-08-23,2021-08-23,EXCLUDE,GF-1524
74008,42,2021-08-28,2021-08-28,EXCLUDE,GF-1524
74008,42,2021-09-11,2021-09-11,EXCLUDE,GF-1524
74008,42,2021-09-19,2021-09-19,EXCLUDE,GF-1524
74008,42,2021-09-25,2021-09-25,EXCLUDE,GF-1524
74008,42,2021-10-03,2021-10-03,EXCLUDE,GF-1524
74008,42,2021-10-16,2021-10-16,EXCLUDE,GF-1524
74008,42,2021-10-24,2021-10-24,EXCLUDE,GF-1524
74008,42,2021-10-30,2021-10-30,EXCLUDE,GF-1524
74008,42,2021-11-07,2021-11-07,EXCLUDE,GF-1524
74008,42,2021-11-20,2021-11-20,EXCLUDE,GF-1524
74008,42,2021-11-28,2021-11-28,EXCLUDE,GF-1524
74008,42,2021-12-01,2021-12-01,EXCLUDE,GF-1524
74008,42,2021-12-05,2021-12-05,EXCLUDE,GF-1524
74008,42,2021-12-12,2021-12-12,EXCLUDE,GF-1524
74008,42,2021-12-26,2021-12-26,EXCLUDE,GF-1524
74008,42,2021-12-28,2021-12-28,EXCLUDE,GF-1524
15422,42,2021-08-14,2021-08-14,EXCLUDE,GF-1526
15422,42,2021-08-23,2021-08-23,EXCLUDE,GF-1526
15422,42,2021-08-28,2021-08-28,EXCLUDE,GF-1526
15422,42,2021-11-28,2021-11-28,EXCLUDE,GF-1526
15422,42,2021-12-01,2021-12-01,EXCLUDE,GF-1526
15422,42,2021-12-05,2021-12-05,EXCLUDE,GF-1526
15422,42,2021-12-12,2021-12-12,EXCLUDE,GF-1526
15422,42,2021-12-26,2021-12-26,EXCLUDE,GF-1526
15422,42,2021-12-28,2021-12-28,EXCLUDE,GF-1526
15422,42,2022-01-19,2022-01-19,EXCLUDE,GF-1526
15422,42,2022-01-23,2022-01-23,EXCLUDE,GF-1526
13633370,42,2021-08-14,2021-08-14,EXCLUDE,GF-1528
13633370,42,2021-08-23,2021-08-23,EXCLUDE,GF-1528
13633370,42,2021-08-28,2021-08-28,EXCLUDE,GF-1528
13633370,42,2021-09-11,2021-09-11,EXCLUDE,GF-1528
13633370,42,2021-09-19,2021-09-19,EXCLUDE,GF-1528
13633370,42,2021-09-25,2021-09-25,EXCLUDE,GF-1528
13633370,42,2021-10-03,2021-10-03,EXCLUDE,GF-1528
13633370,42,2021-10-16,2021-10-16,EXCLUDE,GF-1528
13633370,42,2021-10-24,2021-10-24,EXCLUDE,GF-1528
13633370,42,2021-10-30,2021-10-30,EXCLUDE,GF-1528
13633370,42,2021-11-07,2021-11-07,EXCLUDE,GF-1528
13633370,42,2021-11-20,2021-11-20,EXCLUDE,GF-1528
13633370,42,2021-11-28,2021-11-28,EXCLUDE,GF-1528
13633370,42,2021-12-01,2021-12-01,EXCLUDE,GF-1528
13633370,42,2021-12-05,2021-12-05,EXCLUDE,GF-1528
13633370,42,2021-12-12,2021-12-12,EXCLUDE,GF-1528
13633370,42,2021-12-26,2021-12-26,EXCLUDE,GF-1528
13633370,42,2021-12-28,2021-12-28,EXCLUDE,GF-1528
13633370,42,2022-01-19,2022-01-19,EXCLUDE,GF-1528
13633370,42,2022-01-23,2022-01-23,EXCLUDE,GF-1528
13633370,42,2022-05-11,2022-05-11,EXCLUDE,GF-1528
13633370,42,2022-05-15,2022-05-15,EXCLUDE,GF-1528
13633370,42,2022-05-19,2022-05-19,EXCLUDE,GF-1528
13633370,42,2022-05-22,2022-05-22,EXCLUDE,GF-1528
37537855,51,2021-08-14,2021-08-14,EXCLUDE,GF-1533
37537855,51,2021-08-21,2021-08-21,EXCLUDE,GF-1533
37537855,51,2021-08-28,2021-08-28,EXCLUDE,GF-1533
37537855,51,2021-09-11,2021-09-11,EXCLUDE,GF-1533
37537855,51,2021-09-18,2021-09-18,EXCLUDE,GF-1533
37537855,51,2021-09-27,2021-09-27,EXCLUDE,GF-1533
37537855,51,2021-10-03,2021-10-03,EXCLUDE,GF-1533
37537855,51,2021-10-18,2021-10-18,EXCLUDE,GF-1533
37537855,51,2021-10-23,2021-10-23,EXCLUDE,GF-1533
37537855,51,2021-10-30,2021-10-30,EXCLUDE,GF-1533
37537855,51,2021-11-06,2021-11-06,EXCLUDE,GF-1533
37537855,51,2021-11-20,2021-11-20,EXCLUDE,GF-1533
37537855,51,2021-11-27,2021-11-27,EXCLUDE,GF-1533
37537855,51,2021-11-30,2021-11-30,EXCLUDE,GF-1533
37537855,51,2021-12-05,2021-12-05,EXCLUDE,GF-1533
37537855,51,2021-12-12,2021-12-12,EXCLUDE,GF-1533
37537855,51,2021-12-15,2021-12-15,EXCLUDE,GF-1533
37537855,51,2021-12-26,2021-12-26,EXCLUDE,GF-1533
37537855,51,2021-12-28,2021-12-28,EXCLUDE,GF-1533
37537855,51,2022-01-01,2022-01-01,EXCLUDE,GF-1533
37537855,51,2022-01-14,2022-01-14,EXCLUDE,GF-1533
37537855,51,2022-01-23,2022-01-23,EXCLUDE,GF-1533
37537855,51,2022-02-09,2022-02-09,EXCLUDE,GF-1533
37537855,51,2022-02-12,2022-02-12,EXCLUDE,GF-1533
37537855,51,2022-02-19,2022-02-19,EXCLUDE,GF-1533
37537855,51,2022-02-23,2022-02-23,EXCLUDE,GF-1533
37537855,51,2022-02-26,2022-02-26,EXCLUDE,GF-1533
37537855,51,2022-03-05,2022-03-05,EXCLUDE,GF-1533
37537855,51,2022-03-14,2022-03-14,EXCLUDE,GF-1533
37537855,51,2022-04-04,2022-04-04,EXCLUDE,GF-1533
37537855,51,2022-04-10,2022-04-10,EXCLUDE,GF-1533
37537855,51,2022-04-20,2022-04-20,EXCLUDE,GF-1533
37537855,51,2022-04-25,2022-04-25,EXCLUDE,GF-1533
37537855,51,2022-04-30,2022-04-30,EXCLUDE,GF-1533
37537855,51,2022-05-07,2022-05-07,EXCLUDE,GF-1533
37537855,51,2022-05-15,2022-05-15,EXCLUDE,GF-1533
37537855,51,2022-05-19,2022-05-19,EXCLUDE,GF-1533
37537855,51,2022-05-22,2022-05-22,EXCLUDE,GF-1533
581055,65,2021-08-14,2021-08-14,EXCLUDE,GF-1537
581055,65,2021-08-22,2021-08-22,EXCLUDE,GF-1537
581055,65,2021-08-28,2021-08-28,EXCLUDE,GF-1537
2823510,71,2021-08-14,2021-08-14,EXCLUDE,GF-1541
2823510,71,2021-08-21,2021-08-21,EXCLUDE,GF-1541
2965,78,2021-08-14,2021-08-14,EXCLUDE,GF-1545
2965,78,2021-08-21,2021-08-21,EXCLUDE,GF-1545
2965,78,2021-08-28,2021-08-28,EXCLUDE,GF-1545
2965,78,2022-01-18,2022-01-18,EXCLUDE,GF-1545
900503858,78,2021-08-14,2021-08-14,EXCLUDE,GF-1549
900503858,78,2021-08-21,2021-08-21,EXCLUDE,GF-1549
900503858,78,2021-08-28,2021-08-28,EXCLUDE,GF-1549
900503858,78,2021-09-11,2021-09-11,EXCLUDE,GF-1549
900503858,78,2021-09-19,2021-09-19,EXCLUDE,GF-1549
900503858,78,2021-09-27,2021-09-27,EXCLUDE,GF-1549
900503858,78,2021-10-02,2021-10-02,EXCLUDE,GF-1549
900503858,78,2021-10-16,2021-10-16,EXCLUDE,GF-1549
900503858,78,2021-10-23,2021-10-23,EXCLUDE,GF-1549
900503858,78,2021-10-30,2021-10-30,EXCLUDE,GF-1549
900503858,78,2021-11-06,2021-11-06,EXCLUDE,GF-1549
900503858,78,2021-11-20,2021-11-20,EXCLUDE,GF-1549
900503858,78,2021-11-27,2021-11-27,EXCLUDE,GF-1549
900503858,78,2021-12-01,2021-12-01,EXCLUDE,GF-1549
900503858,78,2021-12-04,2021-12-04,EXCLUDE,GF-1549
900503858,78,2021-12-15,2021-12-15,EXCLUDE,GF-1549
900503858,78,2021-12-26,2021-12-26,EXCLUDE,GF-1549
900503858,78,2021-12-29,2021-12-29,EXCLUDE,GF-1549
900503858,78,2022-01-02,2022-01-02,EXCLUDE,GF-1549
900503858,78,2022-01-14,2022-01-14,EXCLUDE,GF-1549
900503858,78,2022-01-18,2022-01-18,EXCLUDE,GF-1549
900503858,78,2022-01-23,2022-01-23,EXCLUDE,GF-1549
900503858,78,2022-02-12,2022-02-12,EXCLUDE,GF-1549
900503858,78,2022-02-15,2022-02-15,EXCLUDE,GF-1549
900503858,78,2022-02-19,2022-02-19,EXCLUDE,GF-1549
900503858,78,2022-02-26,2022-02-26,EXCLUDE,GF-1549
900503858,78,2022-03-05,2022-03-05,EXCLUDE,GF-1549
900503858,78,2022-03-12,2022-03-12,EXCLUDE,GF-1549
900503858,78,2022-03-16,2022-03-16,EXCLUDE,GF-1549
900503858,78,2022-04-02,2022-04-02,EXCLUDE,GF-1549
900503858,78,2022-04-09,2022-04-09,EXCLUDE,GF-1549
900503858,78,2022-04-16,2022-04-16,EXCLUDE,GF-1549
900503858,78,2022-04-20,2022-04-20,EXCLUDE,GF-1549
900503858,78,2022-04-24,2022-04-24,EXCLUDE,GF-1549
900503858,78,2022-04-30,2022-04-30,EXCLUDE,GF-1549
900503858,78,2022-05-07,2022-05-07,EXCLUDE,GF-1549
900503858,78,2022-05-15,2022-05-15,EXCLUDE,GF-1549
900503858,78,2022-05-22,2022-05-22,EXCLUDE,GF-1549
33577319,78,2021-08-14,2021-08-14,EXCLUDE,GF-1554
33577319,78,2021-08-21,2021-08-21,EXCLUDE,GF-1554
33577319,78,2021-08-28,2021-08-28,EXCLUDE,GF-1554
33577319,78,2021-09-11,2021-09-11,EXCLUDE,GF-1554
33577319,78,2021-09-19,2021-09-19,EXCLUDE,GF-1554
33577319,78,2021-09-27,2021-09-27,EXCLUDE,GF-1554
33577319,78,2021-10-02,2021-10-02,EXCLUDE,GF-1554
33577319,78,2021-10-16,2021-10-16,EXCLUDE,GF-1554
33577319,78,2021-10-23,2021-10-23,EXCLUDE,GF-1554
33577319,78,2021-10-30,2021-10-30,EXCLUDE,GF-1554
33577319,78,2021-11-06,2021-11-06,EXCLUDE,GF-1554
33577319,78,2021-11-20,2021-11-20,EXCLUDE,GF-1554
33577319,78,2021-11-27,2021-11-27,EXCLUDE,GF-1554
33577319,78,2021-12-01,2021-12-01,EXCLUDE,GF-1554
33577319,78,2021-12-04,2021-12-04,EXCLUDE,GF-1554
33577319,78,2021-12-15,2021-12-15,EXCLUDE,GF-1554
33577319,78,2021-12-26,2021-12-26,EXCLUDE,GF-1554
33577319,78,2021-12-29,2021-12-29,EXCLUDE,GF-1554
33577319,78,2022-01-02,2022-01-02,EXCLUDE,GF-1554
33577319,78,2022-01-14,2022-01-14,EXCLUDE,GF-1554
33577319,78,2022-01-18,2022-01-18,EXCLUDE,GF-1554
33577319,78,2022-01-23,2022-01-23,EXCLUDE,GF-1554
33577319,78,2022-02-12,2022-02-12,EXCLUDE,GF-1554
33577319,78,2022-02-15,2022-02-15,EXCLUDE,GF-1554
33577319,78,2022-02-19,2022-02-19,EXCLUDE,GF-1554
33577319,78,2022-02-26,2022-02-26,EXCLUDE,GF-1554
33577319,78,2022-03-05,2022-03-05,EXCLUDE,GF-1554
33577319,78,2022-03-12,2022-03-12,EXCLUDE,GF-1554
33577319,78,2022-03-16,2022-03-16,EXCLUDE,GF-1554
33577319,78,2022-04-02,2022-04-02,EXCLUDE,GF-1554
33577319,78,2022-04-09,2022-04-09,EXCLUDE,GF-1554
33577319,78,2022-04-16,2022-04-16,EXCLUDE,GF-1554
33577319,78,2022-04-20,2022-04-20,EXCLUDE,GF-1554
33577319,78,2022-04-24,2022-04-24,EXCLUDE,GF-1554
33577319,78,2022-04-30,2022-04-30,EXCLUDE,GF-1554
33577319,78,2022-05-07,2022-05-07,EXCLUDE,GF-1554
33577319,78,2022-05-15,2022-05-15,EXCLUDE,GF-1554
33577319,78,2022-05-22,2022-05-22,EXCLUDE,GF-1554
37287498,78,2021-08-14,2021-08-14,EXCLUDE,GF-1557
37287498,78,2021-08-21,2021-08-21,EXCLUDE,GF-1557
37287498,78,2021-08-28,2021-08-28,EXCLUDE,GF-1557
37287498,78,2021-09-11,2021-09-11,EXCLUDE,GF-1557
37287498,78,2021-09-19,2021-09-19,EXCLUDE,GF-1557
37287498,78,2021-09-27,2021-09-27,EXCLUDE,GF-1557
37287498,78,2021-10-02,2021-10-02,EXCLUDE,GF-1557
37287498,78,2021-10-16,2021-10-16,EXCLUDE,GF-1557
37287498,78,2021-10-23,2021-10-23,EXCLUDE,GF-1557
37287498,78,2021-10-30,2021-10-30,EXCLUDE,GF-1557
37287498,78,2021-11-06,2021-11-06,EXCLUDE,GF-1557
37287498,78,2021-11-20,2021-11-20,EXCLUDE,GF-1557
37287498,78,2021-11-27,2021-11-27,EXCLUDE,GF-1557
37287498,78,2021-12-01,2021-12-01,EXCLUDE,GF-1557
37287498,78,2021-12-04,2021-12-04,EXCLUDE,GF-1557
37287498,78,2021-12-15,2021-12-15,EXCLUDE,GF-1557
37287498,78,2021-12-26,2021-12-26,EXCLUDE,GF-1557
37287498,78,2021-12-29,2021-12-29,EXCLUDE,GF-1557
37287498,78,2022-01-02,2022-01-02,EXCLUDE,GF-1557
37287498,78,2022-01-14,2022-01-14,EXCLUDE,GF-1557
37287498,78,2022-01-18,2022-01-18,EXCLUDE,GF-1557
37287498,78,2022-01-23,2022-01-23,EXCLUDE,GF-1557
37287498,78,2022-02-12,2022-02-12,EXCLUDE,GF-1557
37287498,78,2022-02-15,2022-02-15,EXCLUDE,GF-1557
37287498,78,2022-02-19,2022-02-19,EXCLUDE,GF-1557
37287498,78,2022-02-26,2022-02-26,EXCLUDE,GF-1557
37287498,78,2022-03-05,2022-03-05,EXCLUDE,GF-1557
37287498,78,2022-03-12,2022-03-12,EXCLUDE,GF-1557
37287498,78,2022-03-16,2022-03-16,EXCLUDE,GF-1557
37287498,78,2022-04-02,2022-04-02,EXCLUDE,GF-1557
37287498,78,2022-04-09,2022-04-09,EXCLUDE,GF-1557
37287498,78,2022-04-16,2022-04-16,EXCLUDE,GF-1557
37287498,78,2022-04-20,2022-04-20,EXCLUDE,GF-1557
37287498,78,2022-04-24,2022-04-24,EXCLUDE,GF-1557
37287498,78,2022-04-30,2022-04-30,EXCLUDE,GF-1557
37287498,78,2022-05-07,2022-05-07,EXCLUDE,GF-1557
37287498,78,2022-05-15,2022-05-15,EXCLUDE,GF-1557
37287498,78,2022-05-22,2022-05-22,EXCLUDE,GF-1557
28575699,236,2021-08-13,2021-08-13,EXCLUDE,GF-1560
28575699,236,2021-08-21,2021-08-21,EXCLUDE,GF-1560
28575699,236,2021-08-28,2021-08-28,EXCLUDE,GF-1560
28575699,236,2021-09-11,2021-09-11,EXCLUDE,GF-1560
28575699,236,2021-09-18,2021-09-18,EXCLUDE,GF-1560
28575699,236,2021-09-25,2021-09-25,EXCLUDE,GF-1560
28575699,236,2021-10-03,2021-10-03,EXCLUDE,GF-1560
28575699,236,2021-10-16,2021-10-16,EXCLUDE,GF-1560
28575699,236,2021-10-24,2021-10-24,EXCLUDE,GF-1560
28575699,236,2021-10-30,2021-10-30,EXCLUDE,GF-1560
28575699,236,2021-11-06,2021-11-06,EXCLUDE,GF-1560
28575699,236,2021-11-20,2021-11-20,EXCLUDE,GF-1560
28575699,236,2021-11-28,2021-11-28,EXCLUDE,GF-1560
28575699,236,2021-12-02,2021-12-02,EXCLUDE,GF-1560
28575699,236,2021-12-05,2021-12-05,EXCLUDE,GF-1560
28575699,236,2021-12-10,2021-12-10,EXCLUDE,GF-1560
28575699,236,2021-12-26,2021-12-26,EXCLUDE,GF-1560
28575699,236,2021-12-29,2021-12-29,EXCLUDE,GF-1560
28575699,236,2022-01-02,2022-01-02,EXCLUDE,GF-1560
28575699,236,2022-01-11,2022-01-11,EXCLUDE,GF-1560
28575699,236,2022-01-16,2022-01-16,EXCLUDE,GF-1560
28575699,236,2022-01-19,2022-01-19,EXCLUDE,GF-1560
28575699,236,2022-01-22,2022-01-22,EXCLUDE,GF-1560
28575699,236,2022-02-09,2022-02-09,EXCLUDE,GF-1560
28575699,236,2022-02-12,2022-02-12,EXCLUDE,GF-1560
28575699,236,2022-02-19,2022-02-19,EXCLUDE,GF-1560
28575699,236,2022-02-26,2022-02-26,EXCLUDE,GF-1560
28575699,236,2022-03-05,2022-03-05,EXCLUDE,GF-1560
28575699,236,2022-03-12,2022-03-12,EXCLUDE,GF-1560
28575699,236,2022-03-20,2022-03-20,EXCLUDE,GF-1560
28575699,236,2022-04-02,2022-04-02,EXCLUDE,GF-1560
28575699,236,2022-04-10,2022-04-10,EXCLUDE,GF-1560
28575699,236,2022-04-16,2022-04-16,EXCLUDE,GF-1560
28575699,236,2022-04-23,2022-04-23,EXCLUDE,GF-1560
28575699,236,2022-05-02,2022-05-02,EXCLUDE,GF-1560
28575699,236,2022-05-07,2022-05-07,EXCLUDE,GF-1560
28575699,236,2022-05-15,2022-05-15,EXCLUDE,GF-1560
28575699,236,2022-05-22,2022-05-22,EXCLUDE,GF-1560
27453989,1,2022-08-07,2022-08-07,EXCLUDE,GF-1563
27453989,1,2022-08-14,2022-08-14,EXCLUDE,GF-1563
27453989,1,2022-08-21,2022-08-21,EXCLUDE,GF-1563
27453989,1,2022-08-28,2022-08-28,EXCLUDE,GF-1563
27453989,1,2022-08-31,2022-08-31,EXCLUDE,GF-1563
27453989,1,2022-09-03,2022-09-03,EXCLUDE,GF-1563
27453989,1,2022-09-18,2022-09-18,EXCLUDE,GF-1563
27453989,1,2022-10-01,2022-10-01,EXCLUDE,GF-1563
27453989,1,2022-10-09,2022-10-09,EXCLUDE,GF-1563
27453989,1,2022-10-16,2022-10-16,EXCLUDE,GF-1563
27453989,1,2022-10-19,2022-10-19,EXCLUDE,GF-1563
27453989,1,2022-10-24,2022-10-24,EXCLUDE,GF-1563
27453989,1,2022-10-30,2022-10-30,EXCLUDE,GF-1563
27453989,1,2022-11-06,2022-11-06,EXCLUDE,GF-1563
27453989,1,2022-11-12,2022-11-12,EXCLUDE,GF-1563
27453989,1,2022-12-26,2022-12-26,EXCLUDE,GF-1563
27453989,1,2022-12-30,2022-12-30,EXCLUDE,GF-1563
27453989,1,2023-01-04,2023-01-04,EXCLUDE,GF-1563
27453989,1,2023-01-14,2023-01-14,EXCLUDE,GF-1563
27453989,1,2023-01-21,2023-01-21,EXCLUDE,GF-1563
37337720,1,2022-08-07,2022-08-07,EXCLUDE,GF-1568
37337720,1,2022-08-14,2022-08-14,EXCLUDE,GF-1568
37337720,1,2022-08-21,2022-08-21,EXCLUDE,GF-1568
37337720,1,2022-08-28,2022-08-28,EXCLUDE,GF-1568
37337720,1,2022-08-31,2022-08-31,EXCLUDE,GF-1568
37337720,1,2022-09-03,2022-09-03,EXCLUDE,GF-1568
37337720,1,2022-09-18,2022-09-18,EXCLUDE,GF-1568
37337720,1,2022-10-01,2022-10-01,EXCLUDE,GF-1568
37337720,1,2022-10-09,2022-10-09,EXCLUDE,GF-1568
37337720,1,2022-10-16,2022-10-16,EXCLUDE,GF-1568
37337720,1,2022-10-19,2022-10-19,EXCLUDE,GF-1568
37337720,1,2022-10-24,2022-10-24,EXCLUDE,GF-1568
37337720,1,2022-10-30,2022-10-30,EXCLUDE,GF-1568
37337720,1,2022-11-06,2022-11-06,EXCLUDE,GF-1568
37337720,1,2022-11-12,2022-11-12,EXCLUDE,GF-1568
37337720,1,2022-12-26,2022-12-26,EXCLUDE,GF-1568
37337720,1,2022-12-30,2022-12-30,EXCLUDE,GF-1568
37337720,1,2023-01-04,2023-01-04,EXCLUDE,GF-1568
37337720,1,2023-01-14,2023-01-14,EXCLUDE,GF-1568
37337720,1,2023-01-21,2023-01-21,EXCLUDE,GF-1568
37337720,1,2023-02-04,2023-02-04,EXCLUDE,GF-1568
37337720,1,2023-02-11,2023-02-11,EXCLUDE,GF-1568
37337720,1,2023-02-19,2023-02-19,EXCLUDE,GF-1568
37337720,1,2023-02-25,2023-02-25,EXCLUDE,GF-1568
37337720,1,2023-03-04,2023-03-04,EXCLUDE,GF-1568
37337720,1,2023-03-12,2023-03-12,EXCLUDE,GF-1568
37337720,1,2023-04-02,2023-04-02,EXCLUDE,GF-1568
37337720,1,2023-04-05,2023-04-05,EXCLUDE,GF-1568
37337720,1,2023-04-08,2023-04-08,EXCLUDE,GF-1568
37337720,1,2023-04-16,2023-04-16,EXCLUDE,GF-1568
37337720,1,2023-04-23,2023-04-23,EXCLUDE,GF-1568
37337720,1,2023-04-26,2023-04-26,EXCLUDE,GF-1568
37337720,1,2023-04-29,2023-04-29,EXCLUDE,GF-1568
37337720,1,2023-05-03,2023-05-03,EXCLUDE,GF-1568
37337720,1,2023-05-07,2023-05-07,EXCLUDE,GF-1568
37337720,1,2023-05-14,2023-05-14,EXCLUDE,GF-1568
37337720,1,2023-05-21,2023-05-21,EXCLUDE,GF-1568
37337720,1,2023-05-28,2023-05-28,EXCLUDE,GF-1568
37259163,8,2022-08-06,2022-08-06,EXCLUDE,GF-1585
37259163,8,2022-08-15,2022-08-15,EXCLUDE,GF-1585
37259163,8,2022-08-22,2022-08-22,EXCLUDE,GF-1585
37259163,8,2022-08-27,2022-08-27,EXCLUDE,GF-1585
37259163,8,2022-08-31,2022-08-31,EXCLUDE,GF-1585
37259163,8,2022-09-03,2022-09-03,EXCLUDE,GF-1585
37259163,8,2022-10-01,2022-10-01,EXCLUDE,GF-1585
37259163,8,2022-10-09,2022-10-09,EXCLUDE,GF-1585
37259163,8,2022-10-16,2022-10-16,EXCLUDE,GF-1585
37259163,8,2022-10-19,2022-10-19,EXCLUDE,GF-1585
37259163,8,2022-10-22,2022-10-22,EXCLUDE,GF-1585
37259163,8,2022-10-29,2022-10-29,EXCLUDE,GF-1585
37259163,8,2022-11-06,2022-11-06,EXCLUDE,GF-1585
37259163,8,2022-11-12,2022-11-12,EXCLUDE,GF-1585
37259163,8,2022-12-26,2022-12-26,EXCLUDE,GF-1585
37259163,8,2022-12-30,2022-12-30,EXCLUDE,GF-1585
37259163,8,2023-01-02,2023-01-02,EXCLUDE,GF-1585
37259163,8,2023-01-14,2023-01-14,EXCLUDE,GF-1585
4579,15,2022-08-06,2022-08-06,EXCLUDE,GF-1614
37564717,15,2022-08-06,2022-08-06,EXCLUDE,GF-1623
37564717,15,2022-08-13,2022-08-13,EXCLUDE,GF-1623
37564717,15,2022-08-20,2022-08-20,EXCLUDE,GF-1623
37564717,15,2022-08-28,2022-08-28,EXCLUDE,GF-1623
37564717,15,2022-08-31,2022-08-31,EXCLUDE,GF-1623
37564717,15,2022-09-03,2022-09-03,EXCLUDE,GF-1623
37564717,15,2022-09-16,2022-09-16,EXCLUDE,GF-1623
37564717,15,2022-10-02,2022-10-02,EXCLUDE,GF-1623
37564717,15,2022-10-10,2022-10-10,EXCLUDE,GF-1623
37564717,15,2022-10-16,2022-10-16,EXCLUDE,GF-1623
37564717,15,2022-10-20,2022-10-20,EXCLUDE,GF-1623
37564717,15,2022-10-23,2022-10-23,EXCLUDE,GF-1623
37564717,15,2022-10-29,2022-10-29,EXCLUDE,GF-1623
37564717,15,2022-11-06,2022-11-06,EXCLUDE,GF-1623
37564717,15,2022-11-13,2022-11-13,EXCLUDE,GF-1623
37564717,15,2022-12-26,2022-12-26,EXCLUDE,GF-1623
37564717,15,2023-01-01,2023-01-01,EXCLUDE,GF-1623
37564717,15,2023-01-04,2023-01-04,EXCLUDE,GF-1623
37564717,15,2023-01-13,2023-01-13,EXCLUDE,GF-1623
37564717,15,2023-01-21,2023-01-21,EXCLUDE,GF-1623
37564717,15,2023-02-04,2023-02-04,EXCLUDE,GF-1623
37564717,15,2023-02-12,2023-02-12,EXCLUDE,GF-1623
37564717,15,2023-02-18,2023-02-18,EXCLUDE,GF-1623
37564717,15,2023-02-25,2023-02-25,EXCLUDE,GF-1623
37564717,15,2023-03-04,2023-03-04,EXCLUDE,GF-1623
37564717,15,2023-03-12,2023-03-12,EXCLUDE,GF-1623
37564717,15,2023-03-18,2023-03-18,EXCLUDE,GF-1623
37564717,15,2023-04-01,2023-04-01,EXCLUDE,GF-1623
37564717,15,2023-04-04,2023-04-04,EXCLUDE,GF-1623
37564717,15,2023-04-08,2023-04-08,EXCLUDE,GF-1623
37564717,15,2023-04-15,2023-04-15,EXCLUDE,GF-1623
37564717,15,2023-04-22,2023-04-22,EXCLUDE,GF-1623
37564717,15,2023-04-25,2023-04-25,EXCLUDE,GF-1623
37564717,15,2023-04-30,2023-04-30,EXCLUDE,GF-1623
37564717,15,2023-05-06,2023-05-06,EXCLUDE,GF-1623
37564717,15,2023-05-13,2023-05-13,EXCLUDE,GF-1623
37564717,15,2023-05-20,2023-05-20,EXCLUDE,GF-1623
37564717,15,2023-05-28,2023-05-28,EXCLUDE,GF-1623
24799914,65,2022-08-06,2022-08-06,EXCLUDE,GF-1665
24799914,65,2022-08-13,2022-08-13,EXCLUDE,GF-1665
24799914,65,2022-08-20,2022-08-20,EXCLUDE,GF-1665
24799914,65,2022-08-27,2022-08-27,EXCLUDE,GF-1665
24799914,65,2022-08-30,2022-08-30,EXCLUDE,GF-1665
24799914,65,2023-01-04,2023-01-04,EXCLUDE,GF-1665
37395398,71,2022-08-06,2022-08-06,EXCLUDE,GF-1672
37395398,71,2022-08-13,2022-08-13,EXCLUDE,GF-1672
37395398,71,2022-08-21,2022-08-21,EXCLUDE,GF-1672
37395398,71,2022-08-27,2022-08-27,EXCLUDE,GF-1672
37395398,71,2022-08-30,2022-08-30,EXCLUDE,GF-1672
37395398,71,2022-09-03,2022-09-03,EXCLUDE,GF-1672
37395398,71,2022-10-02,2022-10-02,EXCLUDE,GF-1672
37395398,71,2022-10-09,2022-10-09,EXCLUDE,GF-1672
37395398,71,2022-10-16,2022-10-16,EXCLUDE,GF-1672
37395398,71,2022-10-20,2022-10-20,EXCLUDE,GF-1672
37395398,71,2022-10-23,2022-10-23,EXCLUDE,GF-1672
37395398,71,2022-10-29,2022-10-29,EXCLUDE,GF-1672
37395398,71,2022-11-05,2022-11-05,EXCLUDE,GF-1672
37395398,71,2022-11-12,2022-11-12,EXCLUDE,GF-1672
37395398,71,2022-12-28,2022-12-28,EXCLUDE,GF-1672
37395398,71,2022-12-31,2022-12-31,EXCLUDE,GF-1672
37395398,71,2023-01-04,2023-01-04,EXCLUDE,GF-1672
37395398,71,2023-01-13,2023-01-13,EXCLUDE,GF-1672
37395398,71,2023-01-22,2023-01-22,EXCLUDE,GF-1672
37395398,71,2023-02-05,2023-02-05,EXCLUDE,GF-1672
37395398,71,2023-02-08,2023-02-08,EXCLUDE,GF-1672
37395398,71,2023-02-12,2023-02-12,EXCLUDE,GF-1672
37395398,71,2023-02-18,2023-02-18,EXCLUDE,GF-1672
37395398,71,2023-02-25,2023-02-25,EXCLUDE,GF-1672
37395398,71,2023-03-04,2023-03-04,EXCLUDE,GF-1672
37395398,71,2023-03-11,2023-03-11,EXCLUDE,GF-1672
37395398,71,2023-03-18,2023-03-18,EXCLUDE,GF-1672
37395398,71,2023-04-01,2023-04-01,EXCLUDE,GF-1672
37395398,71,2023-04-04,2023-04-04,EXCLUDE,GF-1672
37395398,71,2023-04-09,2023-04-09,EXCLUDE,GF-1672
37395398,71,2023-04-17,2023-04-17,EXCLUDE,GF-1672
37395398,71,2023-04-22,2023-04-22,EXCLUDE,GF-1672
37395398,71,2023-04-25,2023-04-25,EXCLUDE,GF-1672
37395398,71,2023-04-30,2023-04-30,EXCLUDE,GF-1672
37395398,71,2023-05-06,2023-05-06,EXCLUDE,GF-1672
37395398,71,2023-05-13,2023-05-13,EXCLUDE,GF-1672
37395398,71,2023-05-21,2023-05-21,EXCLUDE,GF-1672
37395398,71,2023-05-28,2023-05-28,EXCLUDE,GF-1672
9606060,8,2023-08-13,2023-08-13,EXCLUDE,GF-1698
9606060,8,2023-08-19,2023-08-19,EXCLUDE,GF-1698
9606060,8,2023-08-27,2023-08-27,EXCLUDE,GF-1698
9606060,8,2023-09-03,2023-09-03,EXCLUDE,GF-1698
9606060,8,2023-09-16,2023-09-16,EXCLUDE,GF-1698
9606060,8,2023-09-24,2023-09-24,EXCLUDE,GF-1698
9606060,8,2023-09-30,2023-09-30,EXCLUDE,GF-1698
9606060,8,2023-10-08,2023-10-08,EXCLUDE,GF-1698
9606060,8,2023-10-21,2023-10-21,EXCLUDE,GF-1698
9606060,8,2023-10-29,2023-10-29,EXCLUDE,GF-1698
9606060,8,2023-11-05,2023-11-05,EXCLUDE,GF-1698
9606060,8,2023-11-12,2023-11-12,EXCLUDE,GF-1698
9606060,8,2023-11-25,2023-11-25,EXCLUDE,GF-1698
9606060,8,2023-12-03,2023-12-03,EXCLUDE,GF-1698
9606060,8,2023-12-06,2023-12-06,EXCLUDE,GF-1698
9606060,8,2023-12-09,2023-12-09,EXCLUDE,GF-1698
9606060,8,2023-12-17,2023-12-17,EXCLUDE,GF-1698
9606060,8,2023-12-23,2023-12-23,EXCLUDE,GF-1698
9606060,8,2023-12-26,2023-12-26,EXCLUDE,GF-1698
9606060,8,2024-01-01,2024-01-01,EXCLUDE,GF-1698
37260590,8,2024-01-21,2024-01-21,EXCLUDE,GF-1704
47285,9,2023-08-11,2023-08-11,EXCLUDE,GF-1709
47285,9,2023-08-19,2023-08-19,EXCLUDE,GF-1709
47285,9,2023-08-27,2023-08-27,EXCLUDE,GF-1709
47285,9,2023-09-02,2023-09-02,EXCLUDE,GF-1709
47285,9,2023-09-16,2023-09-16,EXCLUDE,GF-1709
47285,9,2023-09-23,2023-09-23,EXCLUDE,GF-1709
47285,9,2023-09-30,2023-09-30,EXCLUDE,GF-1709
47285,9,2023-10-08,2023-10-08,EXCLUDE,GF-1709
47285,9,2023-10-21,2023-10-21,EXCLUDE,GF-1709
47285,9,2023-10-29,2023-10-29,EXCLUDE,GF-1709
47285,9,2023-11-04,2023-11-04,EXCLUDE,GF-1709
47285,9,2023-11-12,2023-11-12,EXCLUDE,GF-1709
47285,9,2023-11-25,2023-11-25,EXCLUDE,GF-1709
47285,9,2023-12-03,2023-12-03,EXCLUDE,GF-1709
47285,9,2023-12-06,2023-12-06,EXCLUDE,GF-1709
47285,9,2023-12-10,2023-12-10,EXCLUDE,GF-1709
47285,9,2023-12-16,2023-12-16,EXCLUDE,GF-1709
47285,9,2023-12-27,2023-12-27,EXCLUDE,GF-1709
47285,9,2023-12-30,2023-12-30,EXCLUDE,GF-1709
47285,9,2024-01-13,2024-01-13,EXCLUDE,GF-1709
33587292,15,2023-08-12,2023-08-12,EXCLUDE,GF-1733
33587292,15,2023-08-20,2023-08-20,EXCLUDE,GF-1733
33587292,15,2023-08-27,2023-08-27,EXCLUDE,GF-1733
37564236,15,2023-08-12,2023-08-12,EXCLUDE,GF-1738
37564236,15,2023-08-20,2023-08-20,EXCLUDE,GF-1738
37564236,15,2023-08-27,2023-08-27,EXCLUDE,GF-1738
37564236,15,2023-09-03,2023-09-03,EXCLUDE,GF-1738
37564236,15,2023-09-16,2023-09-16,EXCLUDE,GF-1738
37564236,15,2023-09-24,2023-09-24,EXCLUDE,GF-1738
37564236,15,2023-09-30,2023-09-30,EXCLUDE,GF-1738
37564236,15,2023-10-08,2023-10-08,EXCLUDE,GF-1738
37564236,15,2023-10-22,2023-10-22,EXCLUDE,GF-1738
37564236,15,2023-10-29,2023-10-29,EXCLUDE,GF-1738
37564236,15,2023-11-05,2023-11-05,EXCLUDE,GF-1738
37564236,15,2023-11-12,2023-11-12,EXCLUDE,GF-1738
37564236,15,2023-11-26,2023-11-26,EXCLUDE,GF-1738
37564236,15,2023-12-03,2023-12-03,EXCLUDE,GF-1738
37564236,15,2023-12-06,2023-12-06,EXCLUDE,GF-1738
37564236,15,2023-12-09,2023-12-09,EXCLUDE,GF-1738
37564236,15,2023-12-17,2023-12-17,EXCLUDE,GF-1738
37564236,15,2023-12-22,2023-12-22,EXCLUDE,GF-1738
37564236,15,2023-12-26,2023-12-26,EXCLUDE,GF-1738
37564236,15,2023-12-30,2023-12-30,EXCLUDE,GF-1738
37564236,15,2024-01-14,2024-01-14,EXCLUDE,GF-1738
37564236,15,2024-01-30,2024-01-30,EXCLUDE,GF-1738
37564236,15,2024-02-03,2024-02-03,EXCLUDE,GF-1738
37564236,15,2024-02-11,2024-02-11,EXCLUDE,GF-1738
37564236,15,2024-02-17,2024-02-17,EXCLUDE,GF-1738
37564236,15,2024-02-24,2024-02-24,EXCLUDE,GF-1738
37564236,15,2024-03-02,2024-03-02,EXCLUDE,GF-1738
37564236,15,2024-03-10,2024-03-10,EXCLUDE,GF-1738
37564236,15,2024-03-17,2024-03-17,EXCLUDE,GF-1738
37564236,15,2024-03-30,2024-03-30,EXCLUDE,GF-1738
37564236,15,2024-04-03,2024-04-03,EXCLUDE,GF-1738
37564236,15,2024-04-06,2024-04-06,EXCLUDE,GF-1738
37564236,15,2024-04-14,2024-04-14,EXCLUDE,GF-1738
37564236,15,2024-04-21,2024-04-21,EXCLUDE,GF-1738
37564236,15,2024-04-27,2024-04-27,EXCLUDE,GF-1738
37564236,15,2024-05-05,2024-05-05,EXCLUDE,GF-1738
37564236,15,2024-05-13,2024-05-13,EXCLUDE,GF-1738
37564236,15,2024-05-19,2024-05-19,EXCLUDE,GF-1738
37536817,19,2023-08-12,2023-08-12,EXCLUDE,GF-1753
37536817,19,2023-08-21,2023-08-21,EXCLUDE,GF-1753
37536817,19,2023-08-26,2023-08-26,EXCLUDE,GF-1753
37536817,19,2023-09-03,2023-09-03,EXCLUDE,GF-1753
37536817,19,2023-09-17,2023-09-17,EXCLUDE,GF-1753
37536817,19,2023-09-24,2023-09-24,EXCLUDE,GF-1753
37536817,19,2023-09-30,2023-09-30,EXCLUDE,GF-1753
37536817,19,2023-10-08,2023-10-08,EXCLUDE,GF-1753
37536817,19,2023-10-21,2023-10-21,EXCLUDE,GF-1753
37536817,19,2023-10-28,2023-10-28,EXCLUDE,GF-1753
37536817,19,2023-11-04,2023-11-04,EXCLUDE,GF-1753
37536817,19,2023-11-11,2023-11-11,EXCLUDE,GF-1753
37536817,19,2023-11-25,2023-11-25,EXCLUDE,GF-1753
37536817,19,2023-12-02,2023-12-02,EXCLUDE,GF-1753
37536817,19,2023-12-05,2023-12-05,EXCLUDE,GF-1753
37536817,19,2023-12-09,2023-12-09,EXCLUDE,GF-1753
37536817,19,2023-12-17,2023-12-17,EXCLUDE,GF-1753
37536817,19,2023-12-23,2023-12-23,EXCLUDE,GF-1753
37536817,19,2023-12-28,2023-12-28,EXCLUDE,GF-1753
37536817,19,2023-12-31,2023-12-31,EXCLUDE,GF-1753
37536817,19,2024-01-20,2024-01-20,EXCLUDE,GF-1753
37536817,19,2024-01-30,2024-01-30,EXCLUDE,GF-1753
37565028,19,2023-08-12,2023-08-12,EXCLUDE,GF-1754
37565028,19,2023-08-21,2023-08-21,EXCLUDE,GF-1754
37565028,19,2023-08-26,2023-08-26,EXCLUDE,GF-1754
37565028,19,2023-09-03,2023-09-03,EXCLUDE,GF-1754
37565028,19,2023-09-17,2023-09-17,EXCLUDE,GF-1754
37565028,19,2023-09-24,2023-09-24,EXCLUDE,GF-1754
37565028,19,2023-09-30,2023-09-30,EXCLUDE,GF-1754
37565028,19,2023-10-08,2023-10-08,EXCLUDE,GF-1754
37565028,19,2023-10-21,2023-10-21,EXCLUDE,GF-1754
37565028,19,2023-10-28,2023-10-28,EXCLUDE,GF-1754
37565028,19,2023-11-04,2023-11-04,EXCLUDE,GF-1754
37565028,19,2023-11-11,2023-11-11,EXCLUDE,GF-1754
37565028,19,2023-11-25,2023-11-25,EXCLUDE,GF-1754
37565028,19,2023-12-02,2023-12-02,EXCLUDE,GF-1754
37565028,19,2023-12-05,2023-12-05,EXCLUDE,GF-1754
37565028,19,2023-12-09,2023-12-09,EXCLUDE,GF-1754
37565028,19,2023-12-17,2023-12-17,EXCLUDE,GF-1754
37565028,19,2023-12-23,2023-12-23,EXCLUDE,GF-1754
37565028,19,2023-12-28,2023-12-28,EXCLUDE,GF-1754
37565028,19,2023-12-31,2023-12-31,EXCLUDE,GF-1754
37565028,19,2024-01-20,2024-01-20,EXCLUDE,GF-1754
37565028,19,2024-01-30,2024-01-30,EXCLUDE,GF-1754
37565028,19,2024-02-04,2024-02-04,EXCLUDE,GF-1754
37565028,19,2024-02-11,2024-02-11,EXCLUDE,GF-1754
37565028,19,2024-02-17,2024-02-17,EXCLUDE,GF-1754
37565028,19,2024-02-24,2024-02-24,EXCLUDE,GF-1754
37565028,19,2024-03-04,2024-03-04,EXCLUDE,GF-1754
37565028,19,2024-03-09,2024-03-09,EXCLUDE,GF-1754
37565028,19,2024-03-31,2024-03-31,EXCLUDE,GF-1754
37565028,19,2024-04-03,2024-04-03,EXCLUDE,GF-1754
37565028,19,2024-04-06,2024-04-06,EXCLUDE,GF-1754
37565028,19,2024-04-14,2024-04-14,EXCLUDE,GF-1754
37565028,19,2024-04-20,2024-04-20,EXCLUDE,GF-1754
37565028,19,2024-04-23,2024-04-23,EXCLUDE,GF-1754
37565028,19,2024-04-28,2024-04-28,EXCLUDE,GF-1754
37565028,19,2024-05-04,2024-05-04,EXCLUDE,GF-1754
37565028,19,2024-05-12,2024-05-12,EXCLUDE,GF-1754
37565028,19,2024-05-19,2024-05-19,EXCLUDE,GF-1754
2361,20,2023-08-12,2023-08-12,EXCLUDE,GF-1755
2361,20,2023-08-19,2023-08-19,EXCLUDE,GF-1755
2361,20,2023-08-27,2023-08-27,EXCLUDE,GF-1755
37537855,51,2023-08-12,2023-08-12,EXCLUDE,GF-1770
37537855,51,2023-08-21,2023-08-21,EXCLUDE,GF-1770
37537855,51,2023-08-26,2023-08-26,EXCLUDE,GF-1770
37537855,51,2023-09-03,2023-09-03,EXCLUDE,GF-1770
37537855,51,2023-09-16,2023-09-16,EXCLUDE,GF-1770
37537855,51,2023-09-23,2023-09-23,EXCLUDE,GF-1770
37537855,51,2023-09-30,2023-09-30,EXCLUDE,GF-1770
37537855,51,2023-10-07,2023-10-07,EXCLUDE,GF-1770
37537855,51,2023-10-21,2023-10-21,EXCLUDE,GF-1770
37537855,51,2023-10-27,2023-10-27,EXCLUDE,GF-1770
37537855,51,2023-11-04,2023-11-04,EXCLUDE,GF-1770
37537855,51,2023-11-11,2023-11-11,EXCLUDE,GF-1770
37537855,51,2023-11-25,2023-11-25,EXCLUDE,GF-1770
37537855,51,2023-12-03,2023-12-03,EXCLUDE,GF-1770
37537855,51,2023-12-06,2023-12-06,EXCLUDE,GF-1770
37537855,51,2023-12-09,2023-12-09,EXCLUDE,GF-1770
37537855,51,2023-12-16,2023-12-16,EXCLUDE,GF-1770
37537855,51,2023-12-21,2023-12-21,EXCLUDE,GF-1770
37537855,51,2023-12-27,2023-12-27,EXCLUDE,GF-1770
37537855,51,2023-12-30,2023-12-30,EXCLUDE,GF-1770
37537855,51,2024-01-20,2024-01-20,EXCLUDE,GF-1770
37537855,51,2024-01-30,2024-01-30,EXCLUDE,GF-1770
37537855,51,2024-02-03,2024-02-03,EXCLUDE,GF-1770
37537855,51,2024-02-12,2024-02-12,EXCLUDE,GF-1770
37537855,51,2024-02-19,2024-02-19,EXCLUDE,GF-1770
37537855,51,2024-02-24,2024-02-24,EXCLUDE,GF-1770
37537855,51,2024-03-02,2024-03-02,EXCLUDE,GF-1770
37537855,51,2024-03-09,2024-03-09,EXCLUDE,GF-1770
37537855,51,2024-03-30,2024-03-30,EXCLUDE,GF-1770
37537855,51,2024-04-02,2024-04-02,EXCLUDE,GF-1770
37537855,51,2024-04-06,2024-04-06,EXCLUDE,GF-1770
37537855,51,2024-04-14,2024-04-14,EXCLUDE,GF-1770
37537855,51,2024-04-21,2024-04-21,EXCLUDE,GF-1770
37537855,51,2024-04-24,2024-04-24,EXCLUDE,GF-1770
37537855,51,2024-04-27,2024-04-27,EXCLUDE,GF-1770
37537855,51,2024-05-06,2024-05-06,EXCLUDE,GF-1770
37537855,51,2024-05-11,2024-05-11,EXCLUDE,GF-1770
37537855,51,2024-05-19,2024-05-19,EXCLUDE,GF-1770
11541,52,2023-08-12,2023-08-12,EXCLUDE,GF-1772
11541,52,2023-08-19,2023-08-19,EXCLUDE,GF-1772
11541,52,2023-08-26,2023-08-26,EXCLUDE,GF-1772
37391326,52,2023-08-12,2023-08-12,EXCLUDE,GF-1774
37391326,52,2023-08-19,2023-08-19,EXCLUDE,GF-1774
37391326,52,2023-08-26,2023-08-26,EXCLUDE,GF-1774
37391326,52,2023-09-02,2023-09-02,EXCLUDE,GF-1774
37391326,52,2023-09-17,2023-09-17,EXCLUDE,GF-1774
37391326,52,2023-09-24,2023-09-24,EXCLUDE,GF-1774
37391326,52,2023-09-30,2023-09-30,EXCLUDE,GF-1774
37391326,52,2023-10-07,2023-10-07,EXCLUDE,GF-1774
37391326,52,2023-10-21,2023-10-21,EXCLUDE,GF-1774
37391326,52,2023-10-28,2023-10-28,EXCLUDE,GF-1774
37391326,52,2023-11-04,2023-11-04,EXCLUDE,GF-1774
37391326,52,2023-11-11,2023-11-11,EXCLUDE,GF-1774
37391326,52,2023-11-25,2023-11-25,EXCLUDE,GF-1774
37391326,52,2023-12-03,2023-12-03,EXCLUDE,GF-1774
37391326,52,2023-12-06,2023-12-06,EXCLUDE,GF-1774
37391326,52,2023-12-09,2023-12-09,EXCLUDE,GF-1774
37391326,52,2023-12-23,2023-12-23,EXCLUDE,GF-1774
37391326,52,2023-12-26,2023-12-26,EXCLUDE,GF-1774
37391326,52,2023-12-31,2023-12-31,EXCLUDE,GF-1774
37391326,52,2024-01-21,2024-01-21,EXCLUDE,GF-1774
37391326,52,2024-02-01,2024-02-01,EXCLUDE,GF-1774
37391326,52,2024-02-04,2024-02-04,EXCLUDE,GF-1774
37391326,52,2024-02-10,2024-02-10,EXCLUDE,GF-1774
37391326,52,2024-02-17,2024-02-17,EXCLUDE,GF-1774
37391326,52,2024-02-24,2024-02-24,EXCLUDE,GF-1774
37391326,52,2024-03-03,2024-03-03,EXCLUDE,GF-1774
37391326,52,2024-03-09,2024-03-09,EXCLUDE,GF-1774
37391326,52,2024-03-13,2024-03-13,EXCLUDE,GF-1774
37391326,52,2024-03-30,2024-03-30,EXCLUDE,GF-1774
37391326,52,2024-04-02,2024-04-02,EXCLUDE,GF-1774
37391326,52,2024-04-06,2024-04-06,EXCLUDE,GF-1774
37391326,52,2024-04-13,2024-04-13,EXCLUDE,GF-1774
37391326,52,2024-04-21,2024-04-21,EXCLUDE,GF-1774
37391326,52,2024-04-24,2024-04-24,EXCLUDE,GF-1774
37391326,52,2024-04-28,2024-04-28,EXCLUDE,GF-1774
37391326,52,2024-05-04,2024-05-04,EXCLUDE,GF-1774
37391326,52,2024-05-11,2024-05-11,EXCLUDE,GF-1774
37391326,52,2024-05-19,2024-05-19,EXCLUDE,GF-1774
37608777,52,2023-08-12,2023-08-12,EXCLUDE,GF-1780
37608777,52,2023-08-19,2023-08-19,EXCLUDE,GF-1780
37608777,52,2023-08-26,2023-08-26,EXCLUDE,GF-1780
37608777,52,2023-09-02,2023-09-02,EXCLUDE,GF-1780
37608777,52,2023-09-17,2023-09-17,EXCLUDE,GF-1780
37608777,52,2023-09-24,2023-09-24,EXCLUDE,GF-1780
37608777,52,2023-09-30,2023-09-30,EXCLUDE,GF-1780
37608777,52,2023-10-07,2023-10-07,EXCLUDE,GF-1780
37608777,52,2023-10-21,2023-10-21,EXCLUDE,GF-1780
37608777,52,2023-10-28,2023-10-28,EXCLUDE,GF-1780
37608777,52,2023-11-04,2023-11-04,EXCLUDE,GF-1780
37608777,52,2023-11-11,2023-11-11,EXCLUDE,GF-1780
37608777,52,2023-11-25,2023-11-25,EXCLUDE,GF-1780
37608777,52,2023-12-03,2023-12-03,EXCLUDE,GF-1780
37608777,52,2023-12-06,2023-12-06,EXCLUDE,GF-1780
37608777,52,2023-12-09,2023-12-09,EXCLUDE,GF-1780
37608777,52,2023-12-23,2023-12-23,EXCLUDE,GF-1780
37608777,52,2023-12-26,2023-12-26,EXCLUDE,GF-1780
37608777,52,2023-12-31,2023-12-31,EXCLUDE,GF-1780
37608777,52,2024-01-21,2024-01-21,EXCLUDE,GF-1780
1842,63,2023-08-12,2023-08-12,EXCLUDE,GF-1781
1842,63,2023-08-18,2023-08-18,EXCLUDE,GF-1781
1842,63,2023-08-26,2023-08-26,EXCLUDE,GF-1781
1842,63,2023-09-02,2023-09-02,EXCLUDE,GF-1781
1842,63,2023-09-18,2023-09-18,EXCLUDE,GF-1781
1842,63,2023-09-23,2023-09-23,EXCLUDE,GF-1781
1842,63,2023-10-01,2023-10-01,EXCLUDE,GF-1781
1842,63,2023-10-07,2023-10-07,EXCLUDE,GF-1781
1842,63,2023-10-21,2023-10-21,EXCLUDE,GF-1781
1842,63,2023-10-29,2023-10-29,EXCLUDE,GF-1781
1842,63,2023-11-05,2023-11-05,EXCLUDE,GF-1781
1842,63,2023-11-12,2023-11-12,EXCLUDE,GF-1781
1842,63,2023-11-25,2023-11-25,EXCLUDE,GF-1781
1842,63,2023-12-02,2023-12-02,EXCLUDE,GF-1781
1842,63,2023-12-06,2023-12-06,EXCLUDE,GF-1781
1842,63,2023-12-09,2023-12-09,EXCLUDE,GF-1781
1842,63,2023-12-15,2023-12-15,EXCLUDE,GF-1781
1842,63,2023-12-23,2023-12-23,EXCLUDE,GF-1781
1842,63,2023-12-26,2023-12-26,EXCLUDE,GF-1781
1842,63,2023-12-30,2023-12-30,EXCLUDE,GF-1781
1842,63,2024-01-20,2024-01-20,EXCLUDE,GF-1781
1842,63,2024-01-30,2024-01-30,EXCLUDE,GF-1781
1842,63,2024-02-04,2024-02-04,EXCLUDE,GF-1781
1842,63,2024-02-10,2024-02-10,EXCLUDE,GF-1781
1842,63,2024-02-17,2024-02-17,EXCLUDE,GF-1781
1842,63,2024-02-24,2024-02-24,EXCLUDE,GF-1781
1842,63,2024-03-02,2024-03-02,EXCLUDE,GF-1781
1842,63,2024-03-10,2024-03-10,EXCLUDE,GF-1781
1842,63,2024-03-16,2024-03-16,EXCLUDE,GF-1781
1842,63,2024-03-30,2024-03-30,EXCLUDE,GF-1781
1842,63,2024-04-02,2024-04-02,EXCLUDE,GF-1781
1842,63,2024-04-07,2024-04-07,EXCLUDE,GF-1781
1842,63,2024-04-13,2024-04-13,EXCLUDE,GF-1781
1842,63,2024-04-21,2024-04-21,EXCLUDE,GF-1781
1842,63,2024-04-28,2024-04-28,EXCLUDE,GF-1781
1842,63,2024-05-04,2024-05-04,EXCLUDE,GF-1781
1842,63,2024-05-11,2024-05-11,EXCLUDE,GF-1781
1842,63,2024-05-19,2024-05-19,EXCLUDE,GF-1781
37581770,14,2024-08-16,2024-08-16,EXCLUDE,GF-1835
37581770,14,2024-08-24,2024-08-24,EXCLUDE,GF-1835
37581770,14,2024-09-01,2024-09-01,EXCLUDE,GF-1835
37581770,14,2024-09-14,2024-09-14,EXCLUDE,GF-1835
37581770,14,2024-09-21,2024-09-21,EXCLUDE,GF-1835
37581770,14,2024-09-29,2024-09-29,EXCLUDE,GF-1835
37581770,14,2024-10-06,2024-10-06,EXCLUDE,GF-1835
37581770,14,2024-10-19,2024-10-19,EXCLUDE,GF-1835
37581770,14,2024-10-27,2024-10-27,EXCLUDE,GF-1835
37581770,14,2024-11-03,2024-11-03,EXCLUDE,GF-1835
37581770,14,2024-11-10,2024-11-10,EXCLUDE,GF-1835
37581770,14,2024-11-24,2024-11-24,EXCLUDE,GF-1835
37581770,14,2024-12-01,2024-12-01,EXCLUDE,GF-1835
37581770,14,2024-12-04,2024-12-04,EXCLUDE,GF-1835
37581770,14,2024-12-07,2024-12-07,EXCLUDE,GF-1835
37581770,14,2024-12-15,2024-12-15,EXCLUDE,GF-1835
37581770,14,2024-12-22,2024-12-22,EXCLUDE,GF-1835
37581770,14,2024-12-26,2024-12-26,EXCLUDE,GF-1835
37581770,14,2024-12-30,2024-12-30,EXCLUDE,GF-1835
37581770,14,2025-01-05,2025-01-05,EXCLUDE,GF-1835
37581770,14,2025-01-16,2025-01-16,EXCLUDE,GF-1835
37581770,14,2025-01-19,2025-01-19,EXCLUDE,GF-1835
37581770,14,2025-01-26,2025-01-26,EXCLUDE,GF-1835
37581770,14,2025-02-02,2025-02-02,EXCLUDE,GF-1835
37581770,14,2025-02-16,2025-02-16,EXCLUDE,GF-1835
37581770,14,2025-02-22,2025-02-22,EXCLUDE,GF-1835
37581770,14,2025-02-26,2025-02-26,EXCLUDE,GF-1835
37581770,14,2025-03-09,2025-03-09,EXCLUDE,GF-1835
37581770,14,2025-03-16,2025-03-16,EXCLUDE,GF-1835
37581770,14,2025-04-01,2025-04-01,EXCLUDE,GF-1835
37581770,14,2025-04-06,2025-04-06,EXCLUDE,GF-1835
37581770,14,2025-04-13,2025-04-13,EXCLUDE,GF-1835
37581770,14,2025-04-20,2025-04-20,EXCLUDE,GF-1835
37581770,14,2025-04-27,2025-04-27,EXCLUDE,GF-1835
37581770,14,2025-05-04,2025-05-04,EXCLUDE,GF-1835
37581770,14,2025-05-11,2025-05-11,EXCLUDE,GF-1835
37581770,14,2025-05-16,2025-05-16,EXCLUDE,GF-1835
37581770,14,2025-05-25,2025-05-25,EXCLUDE,GF-1835
6201,15,2024-08-17,2024-08-17,EXCLUDE,GF-1836
6201,15,2024-08-24,2024-08-24,EXCLUDE,GF-1836
6201,15,2024-08-31,2024-08-31,EXCLUDE,GF-1836
6201,15,2024-09-14,2024-09-14,EXCLUDE,GF-1836
6201,15,2024-09-21,2024-09-21,EXCLUDE,GF-1836
6201,15,2024-09-29,2024-09-29,EXCLUDE,GF-1836
6201,15,2024-10-06,2024-10-06,EXCLUDE,GF-1836
6201,15,2024-10-19,2024-10-19,EXCLUDE,GF-1836
6201,15,2024-10-26,2024-10-26,EXCLUDE,GF-1836
6201,15,2024-11-03,2024-11-03,EXCLUDE,GF-1836
6201,15,2024-11-09,2024-11-09,EXCLUDE,GF-1836
6201,15,2024-11-23,2024-11-23,EXCLUDE,GF-1836
6201,15,2024-12-01,2024-12-01,EXCLUDE,GF-1836
6201,15,2024-12-04,2024-12-04,EXCLUDE,GF-1836
6201,15,2024-12-07,2024-12-07,EXCLUDE,GF-1836
6201,15,2024-12-14,2024-12-14,EXCLUDE,GF-1836
6201,15,2024-12-21,2024-12-21,EXCLUDE,GF-1836
6201,15,2024-12-26,2024-12-26,EXCLUDE,GF-1836
6201,15,2024-12-30,2024-12-30,EXCLUDE,GF-1836
6201,15,2025-01-04,2025-01-04,EXCLUDE,GF-1836
6201,15,2025-01-15,2025-01-15,EXCLUDE,GF-1836
6201,15,2025-01-18,2025-01-18,EXCLUDE,GF-1836
6201,15,2025-01-26,2025-01-26,EXCLUDE,GF-1836
6201,15,2025-02-01,2025-02-01,EXCLUDE,GF-1836
6201,15,2025-02-15,2025-02-15,EXCLUDE,GF-1836
6201,15,2025-02-19,2025-02-19,EXCLUDE,GF-1836
6201,15,2025-02-22,2025-02-22,EXCLUDE,GF-1836
6201,15,2025-02-25,2025-02-25,EXCLUDE,GF-1836
6201,15,2025-03-08,2025-03-08,EXCLUDE,GF-1836
6201,15,2025-04-02,2025-04-02,EXCLUDE,GF-1836
6201,15,2025-04-05,2025-04-05,EXCLUDE,GF-1836
6201,15,2025-04-12,2025-04-12,EXCLUDE,GF-1836
6201,15,2025-04-19,2025-04-19,EXCLUDE,GF-1836
6201,15,2025-04-22,2025-04-22,EXCLUDE,GF-1836
6201,15,2025-05-03,2025-05-03,EXCLUDE,GF-1836
6201,15,2025-05-10,2025-05-10,EXCLUDE,GF-1836
6201,15,2025-05-16,2025-05-16,EXCLUDE,GF-1836
6201,15,2025-05-25,2025-05-25,EXCLUDE,GF-1836
37649279,15,2024-08-17,2024-08-17,EXCLUDE,GF-1846
37649279,15,2024-08-24,2024-08-24,EXCLUDE,GF-1846
37649279,15,2024-08-31,2024-08-31,EXCLUDE,GF-1846
37649279,15,2024-09-14,2024-09-14,EXCLUDE,GF-1846
37649279,15,2024-09-21,2024-09-21,EXCLUDE,GF-1846
37649279,15,2024-09-29,2024-09-29,EXCLUDE,GF-1846
37649279,15,2024-10-06,2024-10-06,EXCLUDE,GF-1846
37649279,15,2024-10-19,2024-10-19,EXCLUDE,GF-1846
37649279,15,2024-10-26,2024-10-26,EXCLUDE,GF-1846
37649279,15,2024-11-03,2024-11-03,EXCLUDE,GF-1846
37649279,15,2024-11-09,2024-11-09,EXCLUDE,GF-1846
37649279,15,2024-11-23,2024-11-23,EXCLUDE,GF-1846
37649279,15,2024-12-01,2024-12-01,EXCLUDE,GF-1846
37649279,15,2024-12-04,2024-12-04,EXCLUDE,GF-1846
37649279,15,2024-12-07,2024-12-07,EXCLUDE,GF-1846
37649279,15,2024-12-14,2024-12-14,EXCLUDE,GF-1846
37649279,15,2024-12-21,2024-12-21,EXCLUDE,GF-1846
37649279,15,2024-12-26,2024-12-26,EXCLUDE,GF-1846
37649279,15,2024-12-30,2024-12-30,EXCLUDE,GF-1846
37649279,15,2025-01-04,2025-01-04,EXCLUDE,GF-1846
37649279,15,2025-01-15,2025-01-15,EXCLUDE,GF-1846
37649279,15,2025-01-18,2025-01-18,EXCLUDE,GF-1846
37649279,15,2025-01-26,2025-01-26,EXCLUDE,GF-1846
37649279,15,2025-02-01,2025-02-01,EXCLUDE,GF-1846
37649279,15,2025-02-15,2025-02-15,EXCLUDE,GF-1846
37649279,15,2025-02-19,2025-02-19,EXCLUDE,GF-1846
37649279,15,2025-02-22,2025-02-22,EXCLUDE,GF-1846
37649279,15,2025-02-25,2025-02-25,EXCLUDE,GF-1846
37649279,15,2025-03-08,2025-03-08,EXCLUDE,GF-1846
37649279,15,2025-04-02,2025-04-02,EXCLUDE,GF-1846
37649279,15,2025-04-05,2025-04-05,EXCLUDE,GF-1846
37649279,15,2025-04-12,2025-04-12,EXCLUDE,GF-1846
37649279,15,2025-04-19,2025-04-19,EXCLUDE,GF-1846
37649279,15,2025-04-22,2025-04-22,EXCLUDE,GF-1846
37649279,15,2025-05-03,2025-05-03,EXCLUDE,GF-1846
37649279,15,2025-05-10,2025-05-10,EXCLUDE,GF-1846
37649279,15,2025-05-16,2025-05-16,EXCLUDE,GF-1846
37649279,15,2025-05-25,2025-05-25,EXCLUDE,GF-1846
24817084,18,2024-08-18,2024-08-18,EXCLUDE,GF-1848
24817084,18,2024-08-25,2024-08-25,EXCLUDE,GF-1848
24817084,18,2024-09-01,2024-09-01,EXCLUDE,GF-1848
24817084,18,2024-09-14,2024-09-14,EXCLUDE,GF-1848
24817084,18,2024-09-21,2024-09-21,EXCLUDE,GF-1848
24817084,18,2024-09-28,2024-09-28,EXCLUDE,GF-1848
24817084,18,2024-10-06,2024-10-06,EXCLUDE,GF-1848
24817084,18,2024-10-20,2024-10-20,EXCLUDE,GF-1848
24817084,18,2024-10-27,2024-10-27,EXCLUDE,GF-1848
24817084,18,2024-11-03,2024-11-03,EXCLUDE,GF-1848
24817084,18,2024-11-10,2024-11-10,EXCLUDE,GF-1848
24817084,18,2024-11-23,2024-11-23,EXCLUDE,GF-1848
24817084,18,2024-12-01,2024-12-01,EXCLUDE,GF-1848
24817084,18,2024-12-04,2024-12-04,EXCLUDE,GF-1848
24817084,18,2024-12-08,2024-12-08,EXCLUDE,GF-1848
24817084,18,2024-12-15,2024-12-15,EXCLUDE,GF-1848
24817084,18,2024-12-22,2024-12-22,EXCLUDE,GF-1848
24817084,18,2024-12-26,2024-12-26,EXCLUDE,GF-1848
24817084,18,2024-12-30,2024-12-30,EXCLUDE,GF-1848
24817084,18,2025-01-04,2025-01-04,EXCLUDE,GF-1848
24817084,18,2025-01-14,2025-01-14,EXCLUDE,GF-1848
24817084,18,2025-01-20,2025-01-20,EXCLUDE,GF-1848
24817084,18,2025-01-25,2025-01-25,EXCLUDE,GF-1848
24817084,18,2025-02-03,2025-02-03,EXCLUDE,GF-1848
24817084,18,2025-02-14,2025-02-14,EXCLUDE,GF-1848
24817084,18,2025-02-22,2025-02-22,EXCLUDE,GF-1848
24817084,18,2025-02-25,2025-02-25,EXCLUDE,GF-1848
24817084,18,2025-03-09,2025-03-09,EXCLUDE,GF-1848
24817084,18,2025-03-16,2025-03-16,EXCLUDE,GF-1848
24817084,18,2025-04-03,2025-04-03,EXCLUDE,GF-1848
24817084,18,2025-04-06,2025-04-06,EXCLUDE,GF-1848
24817084,18,2025-04-13,2025-04-13,EXCLUDE,GF-1848
24817084,18,2025-04-20,2025-04-20,EXCLUDE,GF-1848
24817084,18,2025-04-26,2025-04-26,EXCLUDE,GF-1848
24817084,18,2025-05-04,2025-05-04,EXCLUDE,GF-1848
24817084,18,2025-05-11,2025-05-11,EXCLUDE,GF-1848
24817084,18,2025-05-16,2025-05-16,EXCLUDE,GF-1848
24817084,18,2025-05-25,2025-05-25,EXCLUDE,GF-1848
37554470,18,2025-01-20,2025-01-20,EXCLUDE,GF-1856
37554470,18,2025-01-25,2025-01-25,EXCLUDE,GF-1856
37554470,18,2025-02-03,2025-02-03,EXCLUDE,GF-1856
37554470,18,2025-02-14,2025-02-14,EXCLUDE,GF-1856
37554470,18,2025-02-22,2025-02-22,EXCLUDE,GF-1856
37554470,18,2025-02-25,2025-02-25,EXCLUDE,GF-1856
37554470,18,2025-03-09,2025-03-09,EXCLUDE,GF-1856
37554470,18,2025-03-16,2025-03-16,EXCLUDE,GF-1856
37554470,18,2025-04-03,2025-04-03,EXCLUDE,GF-1856
37554470,18,2025-04-06,2025-04-06,EXCLUDE,GF-1856
37554470,18,2025-04-13,2025-04-13,EXCLUDE,GF-1856
37554470,18,2025-04-20,2025-04-20,EXCLUDE,GF-1856
37554470,18,2025-04-26,2025-04-26,EXCLUDE,GF-1856
37554470,18,2025-05-04,2025-05-04,EXCLUDE,GF-1856
37554470,18,2025-05-11,2025-05-11,EXCLUDE,GF-1856
37554470,18,2025-05-16,2025-05-16,EXCLUDE,GF-1856
37554470,18,2025-05-25,2025-05-25,EXCLUDE,GF-1856
37630500,18,2024-08-18,2024-08-18,EXCLUDE,GF-1858
37630500,18,2024-08-25,2024-08-25,EXCLUDE,GF-1858
37630500,18,2024-09-01,2024-09-01,EXCLUDE,GF-1858
37630500,18,2024-09-14,2024-09-14,EXCLUDE,GF-1858
37630500,18,2024-09-21,2024-09-21,EXCLUDE,GF-1858
37630500,18,2024-09-28,2024-09-28,EXCLUDE,GF-1858
37630500,18,2024-10-06,2024-10-06,EXCLUDE,GF-1858
37630500,18,2024-10-20,2024-10-20,EXCLUDE,GF-1858
37630500,18,2024-10-27,2024-10-27,EXCLUDE,GF-1858
37630500,18,2024-11-03,2024-11-03,EXCLUDE,GF-1858
37630500,18,2024-11-10,2024-11-10,EXCLUDE,GF-1858
37630500,18,2024-11-23,2024-11-23,EXCLUDE,GF-1858
37630500,18,2024-12-01,2024-12-01,EXCLUDE,GF-1858
37630500,18,2024-12-04,2024-12-04,EXCLUDE,GF-1858
37630500,18,2024-12-08,2024-12-08,EXCLUDE,GF-1858
37630500,18,2024-12-15,2024-12-15,EXCLUDE,GF-1858
37630500,18,2024-12-22,2024-12-22,EXCLUDE,GF-1858
37630500,18,2024-12-26,2024-12-26,EXCLUDE,GF-1858
37630500,18,2024-12-30,2024-12-30,EXCLUDE,GF-1858
37630500,18,2025-01-04,2025-01-04,EXCLUDE,GF-1858
37630500,18,2025-01-14,2025-01-14,EXCLUDE,GF-1858
37630500,18,2025-01-20,2025-01-20,EXCLUDE,GF-1858
37630500,18,2025-01-25,2025-01-25,EXCLUDE,GF-1858
37630500,18,2025-02-03,2025-02-03,EXCLUDE,GF-1858
37630500,18,2025-02-14,2025-02-14,EXCLUDE,GF-1858
37630500,18,2025-02-22,2025-02-22,EXCLUDE,GF-1858
37630500,18,2025-02-25,2025-02-25,EXCLUDE,GF-1858
37630500,18,2025-03-09,2025-03-09,EXCLUDE,GF-1858
37630500,18,2025-03-16,2025-03-16,EXCLUDE,GF-1858
37630500,18,2025-04-03,2025-04-03,EXCLUDE,GF-1858
37630500,18,2025-04-06,2025-04-06,EXCLUDE,GF-1858
37630500,18,2025-04-13,2025-04-13,EXCLUDE,GF-1858
37630500,18,2025-04-20,2025-04-20,EXCLUDE,GF-1858
37630500,18,2025-04-26,2025-04-26,EXCLUDE,GF-1858
37630500,18,2025-05-04,2025-05-04,EXCLUDE,GF-1858
37630500,18,2025-05-11,2025-05-11,EXCLUDE,GF-1858
37630500,18,2025-05-16,2025-05-16,EXCLUDE,GF-1858
37630500,18,2025-05-25,2025-05-25,EXCLUDE,GF-1858
2954,20,2024-08-17,2024-08-17,EXCLUDE,GF-1867
2954,20,2024-08-25,2024-08-25,EXCLUDE,GF-1867
2954,20,2024-09-01,2024-09-01,EXCLUDE,GF-1867
2954,20,2024-09-15,2024-09-15,EXCLUDE,GF-1867
2954,20,2024-09-21,2024-09-21,EXCLUDE,GF-1867
2954,20,2024-09-28,2024-09-28,EXCLUDE,GF-1867
2954,20,2024-10-05,2024-10-05,EXCLUDE,GF-1867
2954,20,2024-10-19,2024-10-19,EXCLUDE,GF-1867
2954,20,2024-10-27,2024-10-27,EXCLUDE,GF-1867
2954,20,2024-11-02,2024-11-02,EXCLUDE,GF-1867
2954,20,2024-11-10,2024-11-10,EXCLUDE,GF-1867
2954,20,2024-11-25,2024-11-25,EXCLUDE,GF-1867
2954,20,2024-11-30,2024-11-30,EXCLUDE,GF-1867
2954,20,2024-12-04,2024-12-04,EXCLUDE,GF-1867
2954,20,2024-12-07,2024-12-07,EXCLUDE,GF-1867
2954,20,2024-12-14,2024-12-14,EXCLUDE,GF-1867
2954,20,2024-12-21,2024-12-21,EXCLUDE,GF-1867
2954,20,2024-12-26,2024-12-26,EXCLUDE,GF-1867
2954,20,2024-12-30,2024-12-30,EXCLUDE,GF-1867
2954,20,2025-01-04,2025-01-04,EXCLUDE,GF-1867
1494666,20,2024-08-17,2024-08-17,EXCLUDE,GF-1868
1494666,20,2024-08-25,2024-08-25,EXCLUDE,GF-1868
1494666,20,2024-09-01,2024-09-01,EXCLUDE,GF-1868
1494666,20,2025-01-04,2025-01-04,EXCLUDE,GF-1868
1494666,20,2025-01-15,2025-01-15,EXCLUDE,GF-1868
1494666,20,2025-01-18,2025-01-18,EXCLUDE,GF-1868
1494666,20,2025-01-25,2025-01-25,EXCLUDE,GF-1868
1494666,20,2025-02-01,2025-02-01,EXCLUDE,GF-1868
1494666,20,2025-02-15,2025-02-15,EXCLUDE,GF-1868
1494666,20,2025-02-23,2025-02-23,EXCLUDE,GF-1868
1494666,20,2025-02-26,2025-02-26,EXCLUDE,GF-1868
1494666,20,2025-03-10,2025-03-10,EXCLUDE,GF-1868
1494666,20,2025-04-02,2025-04-02,EXCLUDE,GF-1868
1494666,20,2025-04-07,2025-04-07,EXCLUDE,GF-1868
1494666,20,2025-04-13,2025-04-13,EXCLUDE,GF-1868
1494666,20,2025-04-16,2025-04-16,EXCLUDE,GF-1868
1494666,20,2025-04-19,2025-04-19,EXCLUDE,GF-1868
1494666,20,2025-04-26,2025-04-26,EXCLUDE,GF-1868
1494666,20,2025-05-04,2025-05-04,EXCLUDE,GF-1868
1494666,20,2025-05-11,2025-05-11,EXCLUDE,GF-1868
1494666,20,2025-05-18,2025-05-18,EXCLUDE,GF-1868
1494666,20,2025-05-25,2025-05-25,EXCLUDE,GF-1868
28912742,29,2024-08-17,2024-08-17,EXCLUDE,GF-1873
28912742,29,2024-08-25,2024-08-25,EXCLUDE,GF-1873
37298063,51,2025-01-04,2025-01-04,EXCLUDE,GF-1878
37298063,51,2025-01-15,2025-01-15,EXCLUDE,GF-1878
37298063,51,2025-01-18,2025-01-18,EXCLUDE,GF-1878
37298063,51,2025-01-26,2025-01-26,EXCLUDE,GF-1878
37298063,51,2025-02-02,2025-02-02,EXCLUDE,GF-1878
37298063,51,2025-02-15,2025-02-15,EXCLUDE,GF-1878
37298063,51,2025-02-22,2025-02-22,EXCLUDE,GF-1878
37298063,51,2025-02-25,2025-02-25,EXCLUDE,GF-1878
37298063,51,2025-03-08,2025-03-08,EXCLUDE,GF-1878
37298063,51,2025-04-02,2025-04-02,EXCLUDE,GF-1878
37298063,51,2025-04-05,2025-04-05,EXCLUDE,GF-1878
37298063,51,2025-04-12,2025-04-12,EXCLUDE,GF-1878
37298063,51,2025-04-16,2025-04-16,EXCLUDE,GF-1878
37298063,51,2025-04-19,2025-04-19,EXCLUDE,GF-1878
37298063,51,2025-04-23,2025-04-23,EXCLUDE,GF-1878
37298063,51,2025-05-05,2025-05-05,EXCLUDE,GF-1878
37298063,51,2025-05-11,2025-05-11,EXCLUDE,GF-1878
37298063,51,2025-05-20,2025-05-20,EXCLUDE,GF-1878
37298063,51,2025-05-25,2025-05-25,EXCLUDE,GF-1878
262551,63,2024-08-17,2024-08-17,EXCLUDE,GF-1887
262551,63,2024-08-24,2024-08-24,EXCLUDE,GF-1887
205944,63,2024-08-17,2024-08-17,EXCLUDE,GF-1888
205944,63,2024-08-24,2024-08-24,EXCLUDE,GF-1888
205944,63,2024-08-31,2024-08-31,EXCLUDE,GF-1888
205944,63,2024-09-14,2024-09-14,EXCLUDE,GF-1888
205944,63,2024-09-22,2024-09-22,EXCLUDE,GF-1888
205944,63,2024-09-28,2024-09-28,EXCLUDE,GF-1888
205944,63,2024-10-06,2024-10-06,EXCLUDE,GF-1888
205944,63,2024-10-21,2024-10-21,EXCLUDE,GF-1888
205944,63,2024-10-25,2024-10-25,EXCLUDE,GF-1888
205944,63,2024-11-02,2024-11-02,EXCLUDE,GF-1888
205944,63,2024-11-10,2024-11-10,EXCLUDE,GF-1888
205944,63,2024-11-23,2024-11-23,EXCLUDE,GF-1888
205944,63,2024-11-30,2024-11-30,EXCLUDE,GF-1888
205944,63,2024-12-04,2024-12-04,EXCLUDE,GF-1888
205944,63,2024-12-07,2024-12-07,EXCLUDE,GF-1888
205944,63,2024-12-14,2024-12-14,EXCLUDE,GF-1888
205944,63,2024-12-21,2024-12-21,EXCLUDE,GF-1888
205944,63,2024-12-26,2024-12-26,EXCLUDE,GF-1888
205944,63,2024-12-29,2024-12-29,EXCLUDE,GF-1888
205944,63,2025-01-06,2025-01-06,EXCLUDE,GF-1888
205944,63,2025-01-14,2025-01-14,EXCLUDE,GF-1888
205944,63,2025-01-19,2025-01-19,EXCLUDE,GF-1888
205944,63,2025-01-25,2025-01-25,EXCLUDE,GF-1888
205944,63,2025-02-01,2025-02-01,EXCLUDE,GF-1888
518750,63,2024-08-17,2024-08-17,EXCLUDE,GF-1889
518750,63,2024-08-24,2024-08-24,EXCLUDE,GF-1889
10310312,63,2025-01-06,2025-01-06,EXCLUDE,GF-1890
10310312,63,2025-01-14,2025-01-14,EXCLUDE,GF-1890
10310312,63,2025-01-19,2025-01-19,EXCLUDE,GF-1890
10310312,63,2025-01-25,2025-01-25,EXCLUDE,GF-1890
10310312,63,2025-02-01,2025-02-01,EXCLUDE,GF-1890
28912814,78,2024-08-17,2024-08-17,EXCLUDE,GF-1899
28912814,78,2024-08-24,2024-08-24,EXCLUDE,GF-1899
28912814,78,2024-08-31,2024-08-31,EXCLUDE,GF-1899
28912814,78,2024-09-14,2024-09-14,EXCLUDE,GF-1899
28912814,78,2024-09-22,2024-09-22,EXCLUDE,GF-1899
28912814,78,2024-09-28,2024-09-28,EXCLUDE,GF-1899
28912814,78,2024-10-06,2024-10-06,EXCLUDE,GF-1899
28912814,78,2024-10-19,2024-10-19,EXCLUDE,GF-1899
28912814,78,2024-10-26,2024-10-26,EXCLUDE,GF-1899
28912814,78,2024-11-02,2024-11-02,EXCLUDE,GF-1899
28912814,78,2024-11-09,2024-11-09,EXCLUDE,GF-1899
28912814,78,2024-11-23,2024-11-23,EXCLUDE,GF-1899
28912814,78,2024-11-29,2024-11-29,EXCLUDE,GF-1899
28912814,78,2024-12-05,2024-12-05,EXCLUDE,GF-1899
28912814,78,2024-12-08,2024-12-08,EXCLUDE,GF-1899
28912814,78,2024-12-15,2024-12-15,EXCLUDE,GF-1899
28912814,78,2024-12-21,2024-12-21,EXCLUDE,GF-1899
28912814,78,2024-12-27,2024-12-27,EXCLUDE,GF-1899
28912814,78,2024-12-30,2024-12-30,EXCLUDE,GF-1899
28912814,78,2025-01-04,2025-01-04,EXCLUDE,GF-1899
28912814,78,2025-01-16,2025-01-16,EXCLUDE,GF-1899
28912814,78,2025-01-19,2025-01-19,EXCLUDE,GF-1899
28912814,78,2025-01-25,2025-01-25,EXCLUDE,GF-1899
28912814,78,2025-02-01,2025-02-01,EXCLUDE,GF-1899
3478,1,2025-08-16,2025-08-16,EXCLUDE,GF-1907
3478,1,2025-08-22,2025-08-22,EXCLUDE,GF-1907
3478,1,2025-08-31,2025-08-31,EXCLUDE,GF-1907
37728386,6,2025-08-16,2025-08-16,EXCLUDE,GF-1916
37728386,6,2025-08-23,2025-08-23,EXCLUDE,GF-1916
37728386,6,2025-08-30,2025-08-30,EXCLUDE,GF-1916
37728386,6,2025-09-13,2025-09-13,EXCLUDE,GF-1916
37728386,6,2025-09-20,2025-09-20,EXCLUDE,GF-1916
37728386,6,2025-09-27,2025-09-27,EXCLUDE,GF-1916
37728386,6,2025-10-04,2025-10-04,EXCLUDE,GF-1916
37728386,6,2025-10-19,2025-10-19,EXCLUDE,GF-1916
37728386,6,2025-10-26,2025-10-26,EXCLUDE,GF-1916
37728386,6,2025-11-01,2025-11-01,EXCLUDE,GF-1916
37728386,6,2025-11-08,2025-11-08,EXCLUDE,GF-1916
37728386,6,2025-11-23,2025-11-23,EXCLUDE,GF-1916
37728386,6,2025-11-29,2025-11-29,EXCLUDE,GF-1916
37728386,6,2025-12-02,2025-12-02,EXCLUDE,GF-1916
37728386,6,2025-12-06,2025-12-06,EXCLUDE,GF-1916
37728386,6,2025-12-14,2025-12-14,EXCLUDE,GF-1916
37728386,6,2025-12-20,2025-12-20,EXCLUDE,GF-1916
37728386,6,2025-12-28,2025-12-28,EXCLUDE,GF-1916
37728386,6,2026-01-01,2026-01-01,EXCLUDE,GF-1916
37728386,6,2026-01-04,2026-01-04,EXCLUDE,GF-1916
37728386,6,2026-01-07,2026-01-07,EXCLUDE,GF-1916
37728386,6,2026-01-17,2026-01-17,EXCLUDE,GF-1916
37728386,6,2026-01-24,2026-01-24,EXCLUDE,GF-1916
37728386,6,2026-02-01,2026-02-01,EXCLUDE,GF-1916
37728386,6,2026-02-07,2026-02-07,EXCLUDE,GF-1916
37728386,6,2026-02-10,2026-02-10,EXCLUDE,GF-1916
37728386,6,2026-02-22,2026-02-22,EXCLUDE,GF-1916
37728386,6,2026-03-01,2026-03-01,EXCLUDE,GF-1916
37728386,6,2026-03-05,2026-03-05,EXCLUDE,GF-1916
37728386,6,2026-03-15,2026-03-15,EXCLUDE,GF-1916
37728386,6,2026-03-22,2026-03-22,EXCLUDE,GF-1916
37728386,6,2026-04-12,2026-04-12,EXCLUDE,GF-1916
37728386,6,2026-04-18,2026-04-18,EXCLUDE,GF-1916
37728386,6,2026-04-25,2026-04-25,EXCLUDE,GF-1916
37728386,6,2026-05-03,2026-05-03,EXCLUDE,GF-1916
37728386,6,2026-05-11,2026-05-11,EXCLUDE,GF-1916
37728386,6,2026-05-19,2026-05-19,EXCLUDE,GF-1916
37728386,6,2026-05-24,2026-05-24,EXCLUDE,GF-1916
37567882,15,2025-08-16,2025-08-16,EXCLUDE,GF-1947
37567882,15,2025-08-23,2025-08-23,EXCLUDE,GF-1947
37567882,15,2025-08-31,2025-08-31,EXCLUDE,GF-1947
37567882,15,2025-09-13,2025-09-13,EXCLUDE,GF-1947
37567882,15,2025-09-21,2025-09-21,EXCLUDE,GF-1947
37567882,15,2025-09-28,2025-09-28,EXCLUDE,GF-1947
37567882,15,2025-10-05,2025-10-05,EXCLUDE,GF-1947
37567882,15,2025-10-19,2025-10-19,EXCLUDE,GF-1947
37567882,15,2025-10-26,2025-10-26,EXCLUDE,GF-1947
37567882,15,2025-11-01,2025-11-01,EXCLUDE,GF-1947
37567882,15,2025-11-09,2025-11-09,EXCLUDE,GF-1947
37567882,15,2025-11-23,2025-11-23,EXCLUDE,GF-1947
37567882,15,2025-11-30,2025-11-30,EXCLUDE,GF-1947
37567882,15,2025-12-03,2025-12-03,EXCLUDE,GF-1947
37567882,15,2025-12-06,2025-12-06,EXCLUDE,GF-1947
37567882,15,2025-12-14,2025-12-14,EXCLUDE,GF-1947
37567882,15,2025-12-21,2025-12-21,EXCLUDE,GF-1947
37567882,15,2025-12-27,2025-12-27,EXCLUDE,GF-1947
37567882,15,2025-12-30,2025-12-30,EXCLUDE,GF-1947
37567882,15,2026-01-03,2026-01-03,EXCLUDE,GF-1947
37567882,15,2026-01-07,2026-01-07,EXCLUDE,GF-1947
37567882,15,2026-01-18,2026-01-18,EXCLUDE,GF-1947
37567882,15,2026-01-25,2026-01-25,EXCLUDE,GF-1947
37567882,15,2026-02-01,2026-02-01,EXCLUDE,GF-1947
37649362,19,2025-08-17,2025-08-17,EXCLUDE,GF-1963
37649362,19,2025-08-23,2025-08-23,EXCLUDE,GF-1963
37649362,19,2025-08-31,2025-08-31,EXCLUDE,GF-1963
37649362,19,2025-09-13,2025-09-13,EXCLUDE,GF-1963
37649362,19,2025-09-21,2025-09-21,EXCLUDE,GF-1963
37649362,19,2025-09-28,2025-09-28,EXCLUDE,GF-1963
37649362,19,2025-10-04,2025-10-04,EXCLUDE,GF-1963
37649362,19,2025-10-18,2025-10-18,EXCLUDE,GF-1963
37649362,19,2025-10-26,2025-10-26,EXCLUDE,GF-1963
37649362,19,2025-11-01,2025-11-01,EXCLUDE,GF-1963
37649362,19,2025-11-08,2025-11-08,EXCLUDE,GF-1963
37649362,19,2025-11-23,2025-11-23,EXCLUDE,GF-1963
37649362,19,2025-11-30,2025-11-30,EXCLUDE,GF-1963
37649362,19,2025-12-03,2025-12-03,EXCLUDE,GF-1963
37649362,19,2025-12-06,2025-12-06,EXCLUDE,GF-1963
37649362,19,2025-12-13,2025-12-13,EXCLUDE,GF-1963
37649362,19,2025-12-20,2025-12-20,EXCLUDE,GF-1963
37649362,19,2025-12-27,2025-12-27,EXCLUDE,GF-1963
37649362,19,2025-12-30,2025-12-30,EXCLUDE,GF-1963
37649362,19,2026-01-03,2026-01-03,EXCLUDE,GF-1963
37649362,19,2026-01-08,2026-01-08,EXCLUDE,GF-1963
37649362,19,2026-01-17,2026-01-17,EXCLUDE,GF-1963
37649362,19,2026-01-25,2026-01-25,EXCLUDE,GF-1963
37649362,19,2026-01-31,2026-01-31,EXCLUDE,GF-1963
37649362,19,2026-02-07,2026-02-07,EXCLUDE,GF-1963
37649362,19,2026-02-12,2026-02-12,EXCLUDE,GF-1963
37649362,19,2026-02-18,2026-02-18,EXCLUDE,GF-1963
37649362,19,2026-02-22,2026-02-22,EXCLUDE,GF-1963
37649362,19,2026-03-01,2026-03-01,EXCLUDE,GF-1963
37649362,19,2026-03-04,2026-03-04,EXCLUDE,GF-1963
37649362,19,2026-03-14,2026-03-14,EXCLUDE,GF-1963
37649362,19,2026-04-11,2026-04-11,EXCLUDE,GF-1963
37649362,19,2026-04-19,2026-04-19,EXCLUDE,GF-1963
37649362,19,2026-04-25,2026-04-25,EXCLUDE,GF-1963
37649362,19,2026-05-02,2026-05-02,EXCLUDE,GF-1963
37649362,19,2026-05-10,2026-05-10,EXCLUDE,GF-1963
37649362,19,2026-05-18,2026-05-18,EXCLUDE,GF-1963
37649362,19,2026-05-24,2026-05-24,EXCLUDE,GF-1963
37693553,19,2025-08-17,2025-08-17,EXCLUDE,GF-1964
37693553,19,2025-08-23,2025-08-23,EXCLUDE,GF-1964
37693553,19,2025-08-31,2025-08-31,EXCLUDE,GF-1964
37693553,19,2025-09-13,2025-09-13,EXCLUDE,GF-1964
37693553,19,2025-09-21,2025-09-21,EXCLUDE,GF-1964
37693553,19,2025-09-28,2025-09-28,EXCLUDE,GF-1964
37693553,19,2025-10-04,2025-10-04,EXCLUDE,GF-1964
37693553,19,2025-10-18,2025-10-18,EXCLUDE,GF-1964
37693553,19,2025-10-26,2025-10-26,EXCLUDE,GF-1964
37693553,19,2025-11-01,2025-11-01,EXCLUDE,GF-1964
37693553,19,2025-11-08,2025-11-08,EXCLUDE,GF-1964
37693553,19,2025-11-23,2025-11-23,EXCLUDE,GF-1964
37693553,19,2025-11-30,2025-11-30,EXCLUDE,GF-1964
37693553,19,2025-12-03,2025-12-03,EXCLUDE,GF-1964
37693553,19,2025-12-06,2025-12-06,EXCLUDE,GF-1964
37693553,19,2025-12-13,2025-12-13,EXCLUDE,GF-1964
37693553,19,2025-12-20,2025-12-20,EXCLUDE,GF-1964
37693553,19,2025-12-27,2025-12-27,EXCLUDE,GF-1964
37693553,19,2025-12-30,2025-12-30,EXCLUDE,GF-1964
37693553,19,2026-01-03,2026-01-03,EXCLUDE,GF-1964
37693553,19,2026-01-08,2026-01-08,EXCLUDE,GF-1964
37693553,19,2026-01-17,2026-01-17,EXCLUDE,GF-1964
37693553,19,2026-01-25,2026-01-25,EXCLUDE,GF-1964
37693553,19,2026-01-31,2026-01-31,EXCLUDE,GF-1964
37693553,19,2026-02-07,2026-02-07,EXCLUDE,GF-1964
37693553,19,2026-02-12,2026-02-12,EXCLUDE,GF-1964
37693553,19,2026-02-18,2026-02-18,EXCLUDE,GF-1964
37693553,19,2026-02-22,2026-02-22,EXCLUDE,GF-1964
37693553,19,2026-03-01,2026-03-01,EXCLUDE,GF-1964
37693553,19,2026-03-04,2026-03-04,EXCLUDE,GF-1964
37693553,19,2026-03-14,2026-03-14,EXCLUDE,GF-1964
37693553,19,2026-04-11,2026-04-11,EXCLUDE,GF-1964
37693553,19,2026-04-19,2026-04-19,EXCLUDE,GF-1964
37693553,19,2026-04-25,2026-04-25,EXCLUDE,GF-1964
37693553,19,2026-05-02,2026-05-02,EXCLUDE,GF-1964
37693553,19,2026-05-10,2026-05-10,EXCLUDE,GF-1964
37693553,19,2026-05-18,2026-05-18,EXCLUDE,GF-1964
37693553,19,2026-05-24,2026-05-24,EXCLUDE,GF-1964
37619858,52,2025-08-15,2025-08-15,EXCLUDE,GF-1985
37619858,52,2025-08-23,2025-08-23,EXCLUDE,GF-1985
37619858,52,2025-08-30,2025-08-30,EXCLUDE,GF-1985
37619858,52,2025-09-13,2025-09-13,EXCLUDE,GF-1985
37619858,52,2025-09-21,2025-09-21,EXCLUDE,GF-1985
37619858,52,2025-09-27,2025-09-27,EXCLUDE,GF-1985
37619858,52,2025-10-03,2025-10-03,EXCLUDE,GF-1985
37619858,52,2025-10-18,2025-10-18,EXCLUDE,GF-1985
37619858,52,2025-10-26,2025-10-26,EXCLUDE,GF-1985
37619858,52,2025-11-02,2025-11-02,EXCLUDE,GF-1985
37619858,52,2025-11-09,2025-11-09,EXCLUDE,GF-1985
37619858,52,2025-11-22,2025-11-22,EXCLUDE,GF-1985
37619858,52,2025-11-29,2025-11-29,EXCLUDE,GF-1985
37619858,52,2025-12-02,2025-12-02,EXCLUDE,GF-1985
37619858,52,2025-12-06,2025-12-06,EXCLUDE,GF-1985
37619858,52,2025-12-15,2025-12-15,EXCLUDE,GF-1985
37619858,52,2025-12-20,2025-12-20,EXCLUDE,GF-1985
37619858,52,2025-12-27,2025-12-27,EXCLUDE,GF-1985
37619858,52,2025-12-30,2025-12-30,EXCLUDE,GF-1985
37619858,52,2026-01-03,2026-01-03,EXCLUDE,GF-1985
37619858,52,2026-01-07,2026-01-07,EXCLUDE,GF-1985
37619858,52,2026-01-19,2026-01-19,EXCLUDE,GF-1985
37619858,52,2026-01-24,2026-01-24,EXCLUDE,GF-1985
37619858,52,2026-01-31,2026-01-31,EXCLUDE,GF-1985
37619858,52,2026-02-07,2026-02-07,EXCLUDE,GF-1985
37619858,52,2026-02-10,2026-02-10,EXCLUDE,GF-1985
37619858,52,2026-02-21,2026-02-21,EXCLUDE,GF-1985
37619858,52,2026-02-28,2026-02-28,EXCLUDE,GF-1985
37619858,52,2026-03-03,2026-03-03,EXCLUDE,GF-1985
37619858,52,2026-03-14,2026-03-14,EXCLUDE,GF-1985
37619858,52,2026-03-20,2026-03-20,EXCLUDE,GF-1985
37619858,52,2026-04-11,2026-04-11,EXCLUDE,GF-1985
37619858,52,2026-04-18,2026-04-18,EXCLUDE,GF-1985
37619858,52,2026-04-22,2026-04-22,EXCLUDE,GF-1985
37619858,52,2026-05-03,2026-05-03,EXCLUDE,GF-1985
37619858,52,2026-05-09,2026-05-09,EXCLUDE,GF-1985
37619858,52,2026-05-19,2026-05-19,EXCLUDE,GF-1985
37619858,52,2026-05-24,2026-05-24,EXCLUDE,GF-1985
27422643,1,2014-07-01,2099-12-31,EXCLUDE,WHU-579825
28572982,1,2014-07-01,2099-12-31,EXCLUDE,WHU-579800
277544,1,2014-07-01,2099-12-31,EXCLUDE,WHU-579801
37540052,1,2014-07-01,2099-12-31,EXCLUDE,WHU-579802
37526367,1,2014-07-01,2099-12-31,EXCLUDE,WHU-579803
37614435,1,2014-07-01,2099-12-31,EXCLUDE,WHU-579804
537425,1,2014-07-01,2099-12-31,EXCLUDE,WHU-579806
18218798,1,2014-07-01,2099-12-31,EXCLUDE,WHU-579808
37526367,1,2014-07-01,2099-12-31,EXCLUDE,WHU-579810
5640881,1,2014-07-01,2099-12-31,EXCLUDE,WHU-579811
37460506,1,2014-07-01,2099-12-31,EXCLUDE,WHU-579813
537425,1,2014-07-01,2099-12-31,EXCLUDE,WHU-579814
37540052,1,2014-07-01,2099-12-31,EXCLUDE,WHU-579816
35260557,1,2014-07-01,2099-12-31,EXCLUDE,WHU-579817
27422643,1,2014-07-01,2099-12-31,EXCLUDE,WHU-579820
37460506,1,2014-07-01,2099-12-31,EXCLUDE,WHU-579821
28572710,1,2014-07-01,2099-12-31,EXCLUDE,WHU-579822
467552,1,2014-07-01,2099-12-31,EXCLUDE,WHU-579823
286501,1,2014-07-01,2099-12-31,EXCLUDE,WHU-579824
37582468,1,2014-07-01,2099-12-31,EXCLUDE,WHU-579791
37614435,1,2014-07-01,2099-12-31,EXCLUDE,WHU-579792
33628,1,2014-07-01,2099-12-31,EXCLUDE,WHU-579793
37460506,1,2014-07-01,2099-12-31,EXCLUDE,WHU-579794
467552,1,2014-07-01,2099-12-31,EXCLUDE,WHU-579795
37460506,1,2014-07-01,2099-12-31,EXCLUDE,WHU-579798
18218798,1,2014-07-01,2099-12-31,EXCLUDE,WHU-579799
36063616,1,2014-07-01,2099-12-31,EXCLUDE,WHU-579788
37526364,1,2014-07-01,2099-12-31,EXCLUDE,WHU-579789
37287223,1,2014-07-01,2099-12-31,EXCLUDE,WHU-579774
5640880,1,2014-07-01,2099-12-31,EXCLUDE,WHU-579776
28572982,1,2014-07-01,2099-12-31,EXCLUDE,WHU-579777
37460506,1,2014-07-01,2099-12-31,EXCLUDE,WHU-579778
286501,1,2014-07-01,2099-12-31,EXCLUDE,WHU-579779
37460505,1,2014-07-01,2099-12-31,EXCLUDE,WHU-579781
28572982,1,2014-07-01,2099-12-31,EXCLUDE,WHU-579783
37568732,1,2014-07-01,2099-12-31,EXCLUDE,WHU-579784
37540052,1,2014-07-01,2099-12-31,EXCLUDE,WHU-579786
37545468,1,2014-07-01,2099-12-31,EXCLUDE,WHU-579787
37568732,1,2014-07-01,2099-12-31,EXCLUDE,WHU-579770
277544,1,2014-07-01,2099-12-31,EXCLUDE,WHU-579772
5640881,1,2014-07-01,2099-12-31,EXCLUDE,WHU-579773
37545468,1,2014-07-01,2099-12-31,EXCLUDE,WHU-579768
37526359,1,2014-07-01,2099-12-31,EXCLUDE,WHU-579769
33628,1,2014-07-01,2099-12-31,EXCLUDE,WHU-579766
28572710,1,2014-07-01,2099-12-31,EXCLUDE,WHU-579767
18218798,1,2014-07-01,2099-12-31,EXCLUDE,WHU-579764
5640880,1,2014-07-01,2099-12-31,EXCLUDE,WHU-579765
37526186,1,2014-07-01,2099-12-31,EXCLUDE,WHU-579762
37526364,1,2014-07-01,2099-12-31,EXCLUDE,WHU-579763
24852161,1,2014-07-01,2099-12-31,EXCLUDE,WHU-579758
37630093,1,2014-07-01,2099-12-31,EXCLUDE,WHU-579759
36063616,1,2014-07-01,2099-12-31,EXCLUDE,WHU-579760
37526186,1,2014-07-01,2099-12-31,EXCLUDE,WHU-579761
24852161,1,2014-07-01,2099-12-31,EXCLUDE,WHU-579756
37526186,1,2014-07-01,2099-12-31,EXCLUDE,WHU-579757
18218798,1,2014-07-01,2099-12-31,EXCLUDE,WHU-579745
4700,1,2014-07-01,2099-12-31,EXCLUDE,WHU-550248
4700,1,2014-07-01,2099-12-31,EXCLUDE,WHU-550249
5795,1,2014-07-01,2099-12-31,EXCLUDE,WHU-550236
5795,1,2014-07-01,2099-12-31,EXCLUDE,WHU-550237
