team_id,club,player_id,player,name_verified,position_id,E,N,A,xU,NET,NETabsence,RET,NETavailability,xU_asof,sent_off_mins,sent_off_n,slots_actual,slots_carried,slots_unseen,slots_expired,slots_sentoff,slots_empty,slots_empty_filled,arrival_eff,fill,origin_tier,named_anywhere,is_gk,is_import,academy,origin_from,origin_date,origin_type,youth_promo_from,elig_basis,fixtures_blocked_by_transfers,named_in_allowance,named_while_blocked,elig_first,elig_last,data_flag,fixtures_excluded,minutes_excluded,fixtures_force_retained
52,AFC Bournemouth,262324,Tyler Adams,yes,26.0,36,5,31,0.8082,339.9,2255.0,2594.9,0.131,0.6179,0.0,0,12,7,0,0,0,0,0,2023-08-23,0.45,data_club,1,0,1,0,Leeds United,2023-08-20,219.0,,ac,0,0,0,2023-08-26,2024-05-19,,0,0.0,0
52,AFC Bournemouth,4371,Ryan Fredericks,yes,25.0,38,0,38,0.4356,0.0,1489.6,1489.6,0.0,0.4356,0.0,0,12,0,0,0,0,0,0,2022-07-04,0.45,data_club,1,0,1,0,West Ham United,2022-07-01,220.0,,b,0,0,0,2023-08-12,2024-05-19,,0,0.0,0
52,AFC Bournemouth,7655,Lloyd Kelly,yes,25.0,38,23,15,0.8655,1734.0,1168.4,2902.4,0.5974,0.72,0.0,0,12,0,0,0,0,0,0,2019-07-04,0.45,data_club,1,0,1,0,Bristol City,2019-07-01,219.0,,bc,0,0,0,2023-08-12,2024-05-19,,0,0.0,0
52,AFC Bournemouth,1494663,Max Aarons,yes,25.0,38,25,13,0.8017,1353.1,938.0,2291.0,0.5906,0.2667,0.0,0,12,0,0,0,0,0,0,2023-08-13,0.45,data_club,1,0,1,0,Norwich City,2023-08-10,219.0,,ac,1,1,0,2023-08-12,2024-05-19,,0,0.0,0
52,AFC Bournemouth,537493,Marcus Tavernier,yes,26.0,38,30,8,0.7673,2102.5,552.5,2655.0,0.7919,0.707,0.0,0,12,0,0,0,0,0,0,2022-08-04,0.45,data_club,1,0,1,0,Middlesbrough,2022-08-01,219.0,,ac,0,0,0,2023-08-12,2024-05-19,,0,0.0,0
52,AFC Bournemouth,339083,Chris Mepham,yes,25.0,38,24,14,0.4241,588.1,534.4,1122.5,0.5239,0.4069,0.0,0,12,0,0,0,0,0,0,2019-01-25,0.45,data_club,1,0,1,0,Brentford,2019-01-22,219.0,,bc,0,0,0,2023-08-12,2024-05-19,,0,0.0,0
52,AFC Bournemouth,37550443,Alex Scott,yes,26.0,37,25,12,0.4742,1049.2,512.1,1561.3,0.672,0.3589,0.0,0,12,0,0,0,0,0,0,2023-08-13,0.45,data_club,1,0,1,0,Bristol City,2023-08-10,219.0,,ac,1,0,0,2023-08-19,2024-05-19,,0,0.0,0
52,AFC Bournemouth,333989,Marcos Senesi,yes,25.0,38,32,6,0.8535,2176.9,460.9,2637.8,0.8253,0.7705,0.0,0,12,0,0,0,0,0,0,2022-08-11,0.5,tier1,1,0,1,0,Feyenoord,2022-08-08,219.0,,bc,0,0,0,2023-08-12,2024-05-19,,0,0.0,0
52,AFC Bournemouth,37381778,Milos Kerkez,yes,25.0,38,31,7,0.6792,1788.7,427.9,2216.6,0.807,0.6563,0.0,1,11,0,0,0,1,0,0,2023-07-23,0.5,tier1,1,0,1,0,AZ Alkmaar,2023-07-19,219.0,,bc,0,0,0,2023-08-12,2024-05-19,,0,0.0,0
52,AFC Bournemouth,130199,Ionut Radu,yes,24.0,38,13,25,0.1667,37.5,375.0,412.5,0.0909,0.1667,0.0,0,12,0,0,0,0,0,0,2023-07-30,0.0,none,1,1,1,0,Inter,2023-07-27,218.0,,bc,0,0,0,2023-08-12,2024-05-19,,0,0.0,0
52,AFC Bournemouth,239578,Luis Sinisterra,yes,27.0,34,24,10,0.3733,736.1,336.0,1072.1,0.6866,0.3755,0.0,0,12,0,0,0,0,0,0,2023-09-04,0.45,data_club,1,0,1,0,Leeds United,2023-09-01,218.0,,bc,4,0,0,2023-09-17,2024-05-19,,0,0.0,0
52,AFC Bournemouth,37543248,Dango Ouattara,yes,26.0,38,32,6,0.5152,1247.0,278.2,1525.2,0.8176,0.6443,0.0,0,12,0,0,0,0,0,0,2023-01-22,0.5,tier1,1,0,1,0,Lorient,2023-01-19,219.0,,bc,0,0,0,2023-08-12,2024-05-19,,0,0.0,0
52,AFC Bournemouth,1095,Adam Smith,yes,25.0,38,34,4,0.7359,2113.7,264.9,2378.6,0.8886,0.7844,0.0,0,12,0,0,0,0,0,0,2014-01-31,0.45,data_club,1,0,1,0,Tottenham Hotspur,2010-09-23,218.0,,ac,0,0,0,2023-08-12,2024-05-19,,0,0.0,0
52,AFC Bournemouth,1834,Lewis Cook,yes,26.0,38,33,5,0.5133,2364.8,231.0,2595.8,0.911,0.9924,0.0,1,12,0,0,0,0,0,0,2016-07-11,0.45,data_club,1,0,1,0,Leeds United,2016-07-08,219.0,,ac,0,0,0,2023-08-12,2024-05-19,,0,0.0,0
52,AFC Bournemouth,6087,Philip Billing,yes,26.0,38,33,5,0.4665,1816.9,209.9,2026.8,0.8964,0.2052,13.0,1,12,0,0,0,0,0,0,2019-08-01,0.45,data_club,1,0,1,0,Huddersfield Town,2019-07-29,219.0,,bc,0,0,0,2023-08-12,2024-05-19,,0,0.0,0
52,AFC Bournemouth,128798,Neto,yes,24.0,38,36,2,1.0,3165.0,180.0,3345.0,0.9462,0.6667,0.0,0,12,0,0,0,0,0,0,2022-08-10,0.0,none,1,1,1,0,FC Barcelona,2022-08-07,220.0,,bc,0,0,0,2023-08-12,2024-05-19,,0,0.0,0
52,AFC Bournemouth,2511082,Hamed Traoré,yes,26.0,19,10,9,0.1721,377.7,139.4,517.1,0.7304,0.1358,0.0,0,12,0,0,0,0,0,0,2023-07-04,0.5,tier1,1,0,1,0,Sassuolo,2023-01-31,218.0,,bc,19,0,0,2023-08-12,2023-12-31,,0,0.0,0
52,AFC Bournemouth,10990678,Antoine Semenyo,yes,27.0,38,36,2,0.6373,1617.8,114.7,1732.5,0.9338,0.879,0.0,0,12,0,0,0,0,0,0,2023-01-30,0.45,data_club,1,0,1,0,Bristol City,2023-01-27,219.0,,bc,0,0,0,2023-08-12,2024-05-19,,0,0.0,0
52,AFC Bournemouth,24065255,Illia Zabarnyi,yes,25.0,38,37,1,1.0,3009.4,90.0,3099.4,0.971,1.0,0.0,0,12,0,0,0,0,0,0,2023-02-03,0.35,tier2,1,0,1,0,Dynamo Kyiv,2023-01-31,219.0,,bc,0,0,0,2023-08-12,2024-05-19,,0,0.0,0
52,AFC Bournemouth,5681,Kieffer Moore,yes,27.0,21,16,5,0.1812,236.0,81.5,317.5,0.7433,0.0,0.0,0,0,0,0,12,0,0,0,2022-02-03,0.45,data_club,1,0,1,0,Cardiff City,2022-01-31,219.0,,bc,17,0,0,2023-08-12,2024-02-01,,0,0.0,0
52,AFC Bournemouth,172752,Ryan Christie,yes,26.0,38,37,1,0.8667,2798.6,78.0,2876.6,0.9729,0.845,0.0,0,12,0,0,0,0,0,0,2021-09-03,0.35,tier2,1,0,1,0,Celtic,2021-08-31,219.0,,ac,0,0,0,2023-08-12,2024-05-19,,0,0.0,0
52,AFC Bournemouth,26354,Enes Ünal,yes,27.0,17,16,1,0.5,423.8,45.0,468.8,0.904,0.3096,0.0,0,12,0,0,0,0,0,0,2024-02-04,0.5,tier1,1,0,1,0,Getafe,2024-02-01,218.0,,bc,21,0,0,2024-02-04,2024-05-19,,0,0.0,0
52,AFC Bournemouth,22169325,James Hill,yes,25.0,22,15,7,0.0475,57.6,29.9,87.6,0.6582,0.0655,0.0,0,12,0,0,0,0,0,0,2022-01-08,0.35,tier2,1,0,1,0,Fleetwood Town,2022-01-05,219.0,,ac,16,0,0,2023-08-12,2024-05-19,,0,0.0,0
52,AFC Bournemouth,434243,Romain Faivre,yes,26.0,18,13,5,0.0442,30.2,19.9,50.1,0.6032,0.0511,0.0,0,12,0,0,0,0,0,0,2023-07-16,0.5,tier1,1,0,1,0,Olympique Lyonnais,2023-07-13,219.0,,bc,20,0,0,2024-02-01,2024-05-19,,0,0.0,0
52,AFC Bournemouth,83927,Emiliano Marcondes,yes,26.0,20,1,19,0.0112,1.0,19.1,20.1,0.05,0.0112,0.0,0,11,0,0,0,0,1,0,2021-07-06,0.45,data_club,1,0,1,0,Brentford,2021-07-03,220.0,,bc,18,0,0,2023-08-12,2024-01-21,,0,0.0,0
52,AFC Bournemouth,37592022,Dominic Sadi,yes,26.0,38,5,33,0.0001,0.7,0.4,1.1,0.6667,0.0041,0.0,0,9,0,0,0,0,3,3,,0.0,none,1,0,0,1,,,,,bc,0,0,0,2023-08-12,2024-05-19,,0,0.0,0
52,AFC Bournemouth,1449,Darren Randolph,yes,24.0,38,1,37,0.0,0.0,0.0,0.0,,0.0,0.0,0,4,0,0,8,0,0,0,2023-01-29,0.0,none,1,1,1,0,West Ham United,2023-01-26,219.0,,bc,0,0,0,2023-08-12,2024-05-19,,0,0.0,0
52,AFC Bournemouth,4203,Dominic Solanke,yes,27.0,38,38,0,0.9164,3341.6,0.0,3341.6,1.0,0.9164,0.0,0,12,0,0,0,0,0,0,2019-01-07,0.45,data_club,1,0,1,0,Liverpool,2019-01-04,219.0,,bc,0,0,0,2023-08-12,2024-05-19,,0,0.0,0
52,AFC Bournemouth,4613,Joe Rothwell,yes,26.0,19,19,0,0.0,770.1,0.0,770.1,1.0,0.0,0.0,0,0,0,0,12,0,0,0,2022-07-04,0.45,data_club,1,0,1,0,Blackburn Rovers,2022-07-01,220.0,,bc,19,0,0,2023-08-12,2023-12-31,,0,0.0,0
52,AFC Bournemouth,9808,David Brooks,yes,26.0,20,20,0,0.0,395.6,0.0,395.6,1.0,0.0,0.0,0,0,0,0,12,0,0,0,2018-07-04,0.45,data_club,1,0,1,0,Sheffield United,2018-07-01,219.0,,ac,18,0,0,2023-08-12,2024-01-21,,0,0.0,0
52,AFC Bournemouth,26803,Justin Kluivert,yes,26.0,38,38,0,0.6653,1725.4,0.0,1725.4,1.0,0.6653,0.0,0,12,0,0,0,0,0,0,2023-07-04,0.5,tier1,1,0,1,0,Roma,2023-07-01,219.0,,ac,0,0,0,2023-08-12,2024-05-19,,0,0.0,0
52,AFC Bournemouth,22169319,Mark Travers,yes,24.0,29,29,0,0.3333,75.0,0.0,75.0,1.0,0.3333,0.0,0,12,0,0,0,0,0,0,,0.0,none,1,1,0,1,,,,AFC Bournemouth U21,bc,9,0,0,2023-10-28,2024-05-19,,0,0.0,0
52,AFC Bournemouth,28932248,Ben Greenwood,yes,25.0,38,4,34,0.0,0.0,0.0,0.0,,0.0,0.0,0,5,0,0,0,0,7,7,,0.0,none,1,0,0,1,,,,,bc,0,0,0,2023-08-12,2024-05-19,,0,0.0,0
52,AFC Bournemouth,37259101,Gavin Kilkenny,yes,26.0,21,7,14,0.0,0.0,0.0,0.0,,0.0,0.0,0,7,0,5,0,0,0,0,,0.0,none,1,0,0,1,,,,AFC Bournemouth U21,bc,17,0,0,2023-08-12,2024-02-01,,0,0.0,0
52,AFC Bournemouth,37392849,Jaidon Anthony,yes,27.0,3,3,0,0.0,82.3,0.0,82.3,1.0,0.0,0.0,0,0,0,12,0,0,0,0,,0.0,none,1,0,0,1,,,,AFC Bournemouth U21,bc,35,0,0,2023-08-12,2023-08-26,,0,0.0,0
52,AFC Bournemouth,37549913,Michael Dacosta,yes,27.0,38,4,34,0.0,0.0,0.0,0.0,,0.0,0.0,0,5,0,0,0,0,7,7,,0.0,none,1,0,0,1,,,,,bc,0,0,0,2023-08-12,2024-05-19,,0,0.0,0
52,AFC Bournemouth,37608765,Max Kinsey,yes,25.0,38,7,31,0.0,0.0,0.0,0.0,,0.0,0.0,0,8,0,0,0,0,4,4,,0.0,none,1,0,0,1,,,,,bc,0,0,0,2023-08-12,2024-05-19,,0,0.0,0
52,AFC Bournemouth,37619858,Callan McKenna,yes,24.0,17,3,14,0.0,0.0,0.0,0.0,,0.0,0.0,0,3,0,0,0,0,9,0,2024-02-04,0.0,none,1,1,1,0,Queen's Park,2024-02-01,219.0,AFC Bournemouth U21,bc,21,0,0,2024-02-04,2024-05-19,,0,0.0,0
19,Arsenal,186370,Thomas Partey,yes,26.0,38,17,21,0.6401,820.3,1209.8,2030.1,0.4041,0.4962,0.0,0,12,0,0,0,0,0,0,2020-10-08,0.5,tier1,1,0,1,0,Atlético de Madrid,2020-10-05,219.0,,bc,0,0,0,2023-08-12,2024-05-19,,0,0.0,0
19,Arsenal,310288,Takehiro Tomiyasu,yes,25.0,38,23,15,0.489,836.9,660.2,1497.1,0.559,0.677,0.0,1,12,0,0,0,0,0,0,2021-09-03,0.5,tier1,1,0,1,0,Bologna,2021-08-31,219.0,,bc,0,0,0,2023-08-12,2024-05-19,,0,0.0,0
19,Arsenal,5329,Gabriel Jesus,yes,27.0,38,30,8,0.7676,1807.6,552.7,2360.3,0.7658,0.364,0.0,0,12,0,0,0,0,0,0,2022-07-07,0.45,data_club,1,0,1,0,Manchester City,2022-07-04,219.0,,bc,0,0,0,2023-08-12,2024-05-19,,0,0.0,0
19,Arsenal,26603,Oleksandr Zinchenko,yes,25.0,38,32,6,0.8114,2051.3,438.2,2489.4,0.824,0.3107,0.0,0,12,0,0,0,0,0,0,2022-07-25,0.45,data_club,1,0,1,0,Manchester City,2022-07-22,219.0,,bc,0,0,0,2023-08-12,2024-05-19,,0,0.0,0
19,Arsenal,5270466,Jurriën Timber,yes,25.0,38,2,36,0.1206,49.0,390.6,439.6,0.1114,0.0654,0.0,0,2,0,0,0,0,10,0,2023-07-17,0.5,tier1,1,0,1,0,Ajax,2023-07-14,219.0,,ac,0,0,0,2023-08-12,2024-05-19,,0,0.0,0
19,Arsenal,5270497,Fábio Vieira,yes,26.0,38,24,14,0.2532,375.6,319.0,694.7,0.5407,0.0593,0.0,1,12,0,0,0,0,0,0,2022-07-04,0.5,tier1,1,0,1,0,Porto,2022-07-01,219.0,,bc,0,0,0,2023-08-12,2024-05-19,,0,0.0,0
19,Arsenal,16827155,Bukayo Saka,yes,27.0,38,35,3,0.8758,2856.0,236.5,3092.5,0.9235,0.8428,0.0,0,12,0,0,0,0,0,0,,0.0,none,1,0,0,1,,,,Arsenal U21,ac,0,0,0,2023-08-12,2024-05-19,,0,0.0,0
19,Arsenal,10959356,Gabriel Martinelli,yes,27.0,38,35,3,0.7224,2168.8,195.0,2363.8,0.9175,0.3873,0.0,0,12,0,0,0,0,0,0,2019-07-05,0.25,tier3,1,0,1,0,Ituano,2019-07-02,219.0,,bc,0,0,0,2023-08-12,2024-05-19,,0,0.0,0
19,Arsenal,1362,Cédric Soares,yes,25.0,38,18,20,0.0901,77.1,162.2,239.3,0.3221,0.0634,0.0,0,12,0,0,0,0,0,0,2020-07-04,0.45,data_club,1,0,1,0,Southampton,2020-01-31,218.0,,bc,0,0,0,2023-08-12,2024-05-19,,0,0.0,0
19,Arsenal,26823,Martin Ødegaard,yes,26.0,38,36,2,0.8651,3007.8,155.7,3163.6,0.9508,0.9694,0.0,0,12,0,0,0,0,0,0,2021-08-23,0.5,tier1,1,0,1,0,Real Madrid,2021-01-27,218.0,,ac,0,0,0,2023-08-12,2024-05-19,,0,0.0,0
19,Arsenal,3130,David Raya,yes,24.0,37,35,2,0.8333,2295.0,150.0,2445.0,0.9387,1.0,0.0,0,12,0,0,0,0,0,0,2023-08-18,0.0,none,1,1,1,0,Brentford,2023-08-15,218.0,,c,0,0,0,2023-08-21,2024-05-19,,0,0.0,0
19,Arsenal,537759,Reiss Nelson,yes,27.0,38,30,8,0.1934,296.7,139.2,436.0,0.6806,0.2011,0.0,0,12,0,0,0,0,0,0,,0.0,none,1,0,0,1,,,,Arsenal U21,bc,0,0,0,2023-08-12,2024-05-19,,0,0.0,0
19,Arsenal,1901,Rob Holding,yes,25.0,3,0,3,0.5086,0.0,137.3,137.3,0.0,0.0,0.0,0,12,10,0,0,0,0,0,2016-07-25,0.45,data_club,1,0,1,0,Bolton Wanderers,2016-07-22,219.0,,b,35,0,0,2023-08-12,2023-08-26,,0,0.0,0
19,Arsenal,1891,Mohamed Elneny,yes,26.0,38,16,22,0.0521,91.4,103.2,194.6,0.4699,0.0268,0.0,0,12,0,0,0,0,0,0,2016-01-17,0.35,tier2,1,0,1,0,Basel,2016-01-14,219.0,,bc,0,0,0,2023-08-12,2024-05-19,,0,0.0,0
19,Arsenal,3259,Ben White,yes,25.0,38,37,1,0.9521,3005.6,85.7,3091.3,0.9723,0.9279,0.0,0,12,0,0,0,0,0,0,2021-08-02,0.45,data_club,1,0,1,0,Brighton & Hove Albion,2021-07-30,219.0,,ac,0,0,0,2023-08-12,2024-05-19,,0,0.0,0
19,Arsenal,1494446,Emile Smith Rowe,yes,26.0,38,31,7,0.1313,367.7,82.7,450.4,0.8164,0.1128,0.0,0,12,0,0,0,0,0,0,,0.0,none,1,0,0,1,,,,Arsenal U21,bc,0,0,0,2023-08-12,2024-05-19,,0,0.0,0
19,Arsenal,172960,Kieran Tierney,yes,25.0,3,0,3,0.305,0.0,82.3,82.3,0.0,0.305,0.0,0,12,0,0,0,0,0,0,2019-08-11,0.35,tier2,1,0,1,0,Celtic,2019-08-08,219.0,,b,35,0,0,2023-08-12,2023-08-26,,0,0.0,0
19,Arsenal,32612,Kai Havertz,yes,27.0,38,37,1,0.6739,2516.4,60.6,2577.0,0.9765,0.9509,0.0,0,12,0,0,0,0,0,0,2023-07-04,0.45,data_club,1,0,1,0,Chelsea,2023-07-01,219.0,,ac,0,0,0,2023-08-12,2024-05-19,,0,0.0,0
19,Arsenal,9438,Aaron Ramsdale,yes,24.0,38,37,1,0.6667,1110.0,60.0,1170.0,0.9487,0.0833,0.0,0,12,0,0,0,0,0,0,2021-08-23,0.0,none,1,1,1,0,Sheffield United,2021-08-20,219.0,,bc,0,0,0,2023-08-12,2024-05-19,,0,0.0,0
19,Arsenal,538907,Albert Sambi Lokonga,yes,26.0,3,0,3,0.1998,0.0,54.0,54.0,0.0,0.6042,0.0,0,12,12,0,0,0,0,0,2021-07-22,0.5,tier1,1,0,1,0,Anderlecht,2021-07-19,219.0,,b,35,0,0,2023-08-12,2023-08-26,,0,0.0,0
19,Arsenal,61780,Leandro Trossard,yes,27.0,38,37,1,0.4464,1562.2,40.2,1602.4,0.9749,0.6503,0.0,0,12,0,0,0,0,0,0,2023-01-23,0.45,data_club,1,0,1,0,Brighton & Hove Albion,2023-01-20,219.0,,bc,0,0,0,2023-08-12,2024-05-19,,0,0.0,0
19,Arsenal,129511,Jorginho,yes,26.0,38,37,1,0.3373,1225.6,30.4,1256.0,0.9758,0.3082,0.0,0,12,0,0,0,0,0,0,2023-02-03,0.45,data_club,1,0,1,0,Chelsea,2023-01-31,219.0,,bc,0,0,0,2023-08-12,2024-05-19,,0,0.0,0
19,Arsenal,37568808,Ethan Nwaneri,yes,26.0,38,2,36,0.0069,0.3,22.4,22.7,0.0137,0.0151,0.0,0,3,0,0,0,0,9,9,,0.0,none,1,0,0,1,,,,Arsenal U21,bc,0,0,0,2023-08-12,2024-05-19,,0,0.0,0
19,Arsenal,5273,Declan Rice,yes,26.0,38,38,0,0.9221,3112.8,0.0,3112.8,1.0,0.9221,0.0,0,12,0,0,0,0,0,0,2023-07-18,0.45,data_club,1,0,1,0,West Ham United,2023-07-15,219.0,,ac,0,0,0,2023-08-12,2024-05-19,,0,0.0,0
19,Arsenal,97811,Gabriel Magalhães,yes,25.0,38,38,0,0.9706,3073.5,0.0,3073.5,1.0,0.9706,0.0,0,12,0,0,0,0,0,0,2020-09-04,0.5,tier1,1,0,1,0,LOSC Lille,2020-09-01,219.0,,ac,0,0,0,2023-08-12,2024-05-19,,0,0.0,0
19,Arsenal,539961,Eddie Nketiah,yes,27.0,38,38,0,0.037,1211.7,0.0,1211.7,1.0,0.037,0.0,0,12,0,0,0,0,0,0,,0.0,none,1,0,0,1,,,,Arsenal U21,bc,0,0,0,2023-08-12,2024-05-19,,0,0.0,0
19,Arsenal,8403613,Jakub Kiwior,yes,25.0,38,38,0,0.3025,1211.2,0.0,1211.2,1.0,0.3025,0.0,0,12,0,0,0,0,0,0,2023-01-26,0.5,tier1,1,0,1,0,Spezia,2023-01-23,219.0,,bc,0,0,0,2023-08-12,2024-05-19,,0,0.0,0
19,Arsenal,17544737,William Saliba,yes,25.0,38,38,0,1.0,3420.0,0.0,3420.0,1.0,1.0,0.0,0,12,0,0,0,0,0,0,2019-07-28,0.5,tier1,1,0,1,0,Saint-Étienne,2019-07-25,219.0,,ac,0,0,0,2023-08-12,2024-05-19,,0,0.0,0
19,Arsenal,21428649,Arthur Okonkwo,yes,24.0,3,0,3,0.0,0.0,0.0,0.0,,0.0,0.0,0,0,0,0,0,0,12,12,,0.0,none,1,1,0,1,,,,Arsenal U21,b,35,0,0,2023-08-12,2023-08-26,,0,0.0,0
19,Arsenal,22897102,Karl Hein,yes,24.0,38,5,33,0.0,0.0,0.0,0.0,,0.0,0.0,0,6,0,0,0,0,6,0,2018-07-04,0.0,none,1,1,1,0,Nomme United,2018-07-01,219.0,Arsenal U21,bc,0,0,0,2023-08-12,2024-05-19,,0,0.0,0
19,Arsenal,37436324,Mauro Bandeira,yes,26.0,38,2,36,0.0,0.0,0.0,0.0,,0.0,0.0,0,4,0,0,0,0,8,8,,0.0,none,1,0,0,1,,,,,bc,0,0,0,2023-08-12,2024-05-19,,0,0.0,0
19,Arsenal,37540212,James Sweet,yes,25.0,14,1,13,0.0,0.0,0.0,0.0,,0.0,0.0,0,1,0,0,0,0,11,11,,0.0,none,1,0,0,1,,,,,bc,0,0,0,2024-02-17,2024-05-19,,0,0.0,0
19,Arsenal,37540213,Charles Sagoe,yes,27.0,11,1,10,0.0,0.0,0.0,0.0,,0.0,0.0,0,1,0,5,0,0,6,6,,0.0,none,1,0,0,1,,,,,bc,16,0,0,2023-11-11,2024-01-30,,0,0.0,0
19,Arsenal,37565025,Reuell Walters,yes,25.0,38,8,30,0.0,0.0,0.0,0.0,,0.0,0.0,0,12,0,0,0,0,0,0,,0.0,none,1,0,0,1,,,,,bc,0,0,0,2023-08-12,2024-05-19,,0,0.0,0
19,Arsenal,37565027,Bradley Ibrahim,yes,26.0,11,1,10,0.0,0.0,0.0,0.0,,0.0,0.0,0,1,0,0,0,0,11,11,,0.0,none,1,0,0,1,,,,,bc,16,0,0,2023-11-11,2024-01-30,,0,0.0,0
19,Arsenal,37568815,Myles Lewis-Skelly,yes,25.0,22,1,21,0.0,0.0,0.0,0.0,,0.0,0.0,0,1,0,0,0,0,11,11,,0.0,none,1,0,0,1,,,,Arsenal U21,c,0,0,0,2023-12-17,2024-05-19,,0,0.0,0
15,Aston Villa,1094,Tyrone Mings,yes,25.0,38,1,37,0.9413,90.0,3134.4,3224.4,0.0279,0.9413,0.0,0,12,0,0,0,0,0,0,2019-07-11,0.45,data_club,1,0,1,0,AFC Bournemouth,2019-01-31,218.0,,ac,0,0,0,2023-08-12,2024-05-19,,0,0.0,0
15,Aston Villa,186660,Emiliano Buendía,yes,26.0,38,0,38,0.7959,0.0,2721.8,2721.8,0.0,0.7959,0.0,0,12,0,0,0,0,0,0,2021-07-04,0.45,data_club,1,0,1,0,Norwich City,2021-07-01,219.0,,a,0,0,0,2023-08-12,2024-05-19,,0,0.0,0
15,Aston Villa,11705406,Jacob Ramsey,yes,26.0,38,16,22,0.7881,993.6,1560.4,2553.9,0.389,0.6944,0.0,0,12,0,0,0,0,0,0,,0.0,none,1,0,0,1,,,,Aston Villa U21,bc,0,0,0,2023-08-12,2024-05-19,,0,0.0,0
15,Aston Villa,97626,Boubacar Kamara,yes,26.0,38,20,18,0.8824,1517.7,1429.5,2947.2,0.515,0.8827,0.0,1,11,0,0,0,1,0,0,2022-07-04,0.5,tier1,1,0,1,0,Olympique Marseille,2022-07-01,220.0,,ac,0,0,0,2023-08-12,2024-05-19,,0,0.0,0
15,Aston Villa,186585,Álex Moreno,yes,25.0,38,25,13,0.7281,1279.1,851.9,2131.0,0.6002,0.5461,0.0,0,12,0,0,0,0,0,0,2023-01-14,0.5,tier1,1,0,1,0,Real Betis,2023-01-11,219.0,,bc,0,0,0,2023-08-12,2024-05-19,,0,0.0,0
15,Aston Villa,6524,Matty Cash,yes,25.0,38,31,7,0.742,2130.0,467.5,2597.5,0.82,0.8028,0.0,0,12,0,0,0,0,0,0,2020-09-06,0.45,data_club,1,0,1,0,Nottingham Forest,2020-09-03,219.0,,ac,0,0,0,2023-08-12,2024-05-19,,0,0.0,0
15,Aston Villa,95368,Lucas Digne,yes,25.0,38,33,5,0.9159,2044.1,412.2,2456.3,0.8322,0.7742,0.0,0,12,0,0,0,0,0,0,2022-01-16,0.45,data_club,1,0,1,0,Everton,2022-01-13,219.0,,bc,0,0,0,2023-08-12,2024-05-19,,0,0.0,0
15,Aston Villa,1343,Emiliano Martínez,yes,24.0,38,34,4,0.9682,3033.0,348.6,3381.6,0.8969,0.9579,0.0,0,12,0,0,0,0,0,0,2020-09-19,0.0,none,1,1,1,0,Arsenal,2020-09-16,219.0,,bc,0,0,0,2023-08-12,2024-05-19,,0,0.0,0
15,Aston Villa,380970,Pau Torres,yes,25.0,38,34,4,0.8814,2306.2,317.3,2623.5,0.879,0.75,0.0,0,12,0,0,0,0,0,0,2023-07-15,0.5,tier1,1,0,1,0,Villarreal,2023-07-12,219.0,,ac,0,0,0,2023-08-12,2024-05-19,,0,0.0,0
15,Aston Villa,62342,Youri Tielemans,yes,26.0,38,32,6,0.5635,1611.7,304.3,1916.0,0.8412,0.7906,0.0,0,12,0,0,0,0,0,0,2023-07-04,0.45,data_club,1,0,1,0,Leicester City,2023-07-01,220.0,,bc,0,0,0,2023-08-12,2024-05-19,,0,0.0,0
15,Aston Villa,96689,Diego Carlos,yes,25.0,38,32,6,0.514,1414.7,277.6,1692.2,0.836,0.7035,0.0,0,12,0,0,0,0,0,0,2022-07-04,0.5,tier1,1,0,1,0,Sevilla,2022-07-01,219.0,,bc,0,0,0,2023-08-12,2024-05-19,,0,0.0,0
15,Aston Villa,172611,John McGinn,yes,26.0,38,35,3,0.9514,2996.5,256.9,3253.4,0.921,0.9845,20.0,1,11,0,0,0,1,0,0,2018-08-11,0.35,tier2,1,0,1,0,Hibernian,2018-08-08,219.0,,ac,0,0,0,2023-08-12,2024-05-19,,0,0.0,0
15,Aston Villa,225000,Douglas Luiz,yes,26.0,38,35,3,0.9509,3003.5,256.8,3260.2,0.9212,0.9415,0.0,0,12,0,0,0,0,0,0,2019-07-28,0.45,data_club,1,0,1,0,Manchester City,2019-07-25,219.0,,bc,0,0,0,2023-08-12,2024-05-19,,0,0.0,0
15,Aston Villa,7124,Ezri Konsa,yes,25.0,38,35,3,0.9278,3059.6,250.5,3310.1,0.9243,0.9804,0.0,0,12,0,0,0,0,0,0,2019-07-14,0.45,data_club,1,0,1,0,Brentford,2019-07-11,219.0,,bc,0,0,0,2023-08-12,2024-05-19,,0,0.0,0
15,Aston Villa,133127,Nicolò Zaniolo,yes,26.0,36,30,6,0.3216,838.9,173.7,1012.6,0.8285,0.3245,0.0,0,12,0,0,0,0,0,0,2023-08-21,0.35,tier2,1,0,1,0,Galatasaray,2023-08-18,218.0,,bc,2,0,0,2023-08-27,2024-05-19,,0,0.0,0
15,Aston Villa,30071882,Jhon Durán,yes,27.0,38,28,10,0.1412,415.1,127.1,542.3,0.7656,0.3128,0.0,0,12,0,0,0,0,0,0,2023-01-26,0.25,tier3,1,0,1,0,Chicago Fire,2023-01-23,219.0,,bc,0,0,0,2023-08-12,2024-05-19,,0,0.0,0
15,Aston Villa,33716,Leon Bailey,yes,26.0,38,36,2,0.6633,1916.3,119.4,2035.7,0.9413,0.819,0.0,0,12,0,0,0,0,0,0,2021-08-07,0.5,tier1,1,0,1,0,Bayer 04 Leverkusen,2021-08-04,219.0,,bc,0,0,0,2023-08-12,2024-05-19,,0,0.0,0
15,Aston Villa,4254,Bertrand Traoré,yes,27.0,22,8,14,0.0946,104.3,119.1,223.4,0.4667,0.0566,0.0,0,12,0,0,0,0,0,0,2020-09-22,0.5,tier1,1,0,1,0,Olympique Lyonnais,2020-09-19,219.0,,bc,16,0,0,2023-08-12,2024-01-30,,0,0.0,0
15,Aston Villa,4592198,Morgan Rogers,yes,26.0,16,14,2,0.57,482.5,102.6,585.1,0.8247,0.57,0.0,0,12,0,0,0,0,0,0,2024-02-04,0.45,data_club,1,0,1,0,Middlesbrough,2024-02-01,219.0,,bc,23,1,0,2024-02-03,2024-05-19,,0,0.0,0
15,Aston Villa,12145,Ollie Watkins,yes,27.0,38,37,1,0.9538,3222.6,85.8,3308.4,0.9741,0.931,0.0,0,12,0,0,0,0,0,0,2020-09-12,0.45,data_club,1,0,1,0,Brentford,2020-09-09,219.0,,bc,0,0,0,2023-08-12,2024-05-19,,0,0.0,0
15,Aston Villa,62423,Leander Dendoncker,yes,26.0,21,18,3,0.3119,224.2,84.2,308.5,0.727,0.1217,0.0,0,12,0,0,0,0,0,0,2022-09-04,0.45,data_club,1,0,1,0,Wolverhampton Wanderers,2022-09-01,219.0,,bc,17,0,0,2023-08-12,2024-01-14,,0,0.0,0
15,Aston Villa,96741,Clément Lenglet,yes,25.0,35,34,1,0.8096,1427.3,72.9,1500.1,0.9514,0.422,0.0,0,12,0,0,0,0,0,0,2023-09-04,0.5,tier1,1,0,1,0,FC Barcelona,2023-09-01,218.0,,bc,4,1,0,2023-09-03,2024-05-19,,0,0.0,0
15,Aston Villa,33186827,Jaden Philogene,yes,26.0,3,1,2,0.3272,31.5,58.9,90.4,0.3485,0.35,0.0,0,0,0,12,0,0,0,0,,0.35,tier2,1,0,1,0,Hull City,2024-07-19,219.0,Aston Villa U21,bc,35,0,0,2023-08-12,2023-08-27,,0,0.0,0
15,Aston Villa,84540,Robin Olsen,yes,24.0,38,31,7,0.0833,192.0,52.5,244.5,0.7853,0.2921,0.0,0,12,0,0,0,0,0,0,2022-07-04,0.0,none,1,1,1,0,Roma,2022-01-18,218.0,,bc,0,0,0,2023-08-12,2024-05-19,,0,0.0,0
15,Aston Villa,810,Philippe Coutinho,yes,26.0,4,2,2,0.262,47.3,47.2,94.5,0.5009,0.262,0.0,0,12,0,0,0,0,0,0,2022-07-04,0.5,tier1,1,0,1,0,FC Barcelona,2022-01-07,218.0,,bc,34,0,0,2023-08-12,2023-09-03,,0,0.0,0
15,Aston Villa,28912777,Cameron Archer,yes,27.0,3,2,1,0.3858,77.6,34.7,112.3,0.6909,0.3896,0.0,0,12,12,0,0,0,0,0,,0.45,data_club,1,0,1,0,Sheffield United,2024-07-11,219.0,Aston Villa U21,bc,35,0,0,2023-08-12,2023-08-27,,0,0.0,0
15,Aston Villa,1177,Calum Chambers,yes,25.0,38,31,7,0.0059,122.3,3.7,126.1,0.9706,0.1498,0.0,0,12,0,0,0,0,0,0,2022-01-30,0.45,data_club,1,0,1,0,Arsenal,2022-01-27,220.0,,bc,0,0,0,2023-08-12,2024-05-19,,0,0.0,0
15,Aston Villa,37583510,Omari Kellyman,yes,26.0,38,12,26,0.0006,7.8,1.3,9.1,0.8571,0.0372,0.0,0,12,0,0,0,0,0,0,2022-03-09,0.0,unknown+override,1,0,1,0,Derby U18,2022-03-06,219.0,,bc,0,0,0,2023-08-12,2024-05-19,,0,0.0,0
15,Aston Villa,6201,Kortney Hause,yes,25.0,38,0,38,0.0,0.0,0.0,0.0,,0.0,0.0,0,0,0,0,6,0,6,0,2019-07-04,0.45,data_club,1,0,1,0,Wolverhampton Wanderers,2019-01-07,218.0,,b,0,0,0,2023-08-12,2024-05-19,,0,0.0,0
15,Aston Villa,432913,Moussa Diaby,yes,27.0,38,38,0,0.6341,1993.5,0.0,1993.5,1.0,0.6341,0.0,0,12,0,0,0,0,0,0,2023-07-25,0.5,tier1,1,0,1,0,Bayer 04 Leverkusen,2023-07-22,219.0,,bc,0,0,0,2023-08-12,2024-05-19,,0,0.0,0
15,Aston Villa,24092472,Joe Gauci,yes,24.0,15,5,10,0.0,0.0,0.0,0.0,,0.0,0.0,0,5,0,0,0,0,7,0,2024-02-04,0.0,none,1,1,1,0,Adelaide United,2024-02-01,219.0,,bc,23,0,0,2024-02-11,2024-05-19,,0,0.0,0
15,Aston Villa,28575720,Filip Marschall,yes,24.0,21,10,11,0.0,0.0,0.0,0.0,,0.0,0.0,0,11,0,0,0,0,1,1,,0.0,none,1,1,0,1,,,,Aston Villa U21,bc,17,0,0,2023-08-12,2024-01-14,,0,0.0,0
15,Aston Villa,28912779,Kaine Kesler-Hayden,yes,25.0,17,17,0,0.0084,1.2,0.0,1.2,1.0,0.0084,0.0,0,12,0,0,0,0,0,0,,0.0,none,1,0,0,1,,,,Aston Villa U21,bc,21,0,0,2024-01-30,2024-05-19,,0,0.0,0
15,Aston Villa,37259239,Tim Iroegbunam,yes,26.0,38,25,13,0.0,117.3,0.0,117.3,1.0,0.1452,0.0,0,12,0,0,0,0,0,0,,0.0,none,1,0,0,1,,,,Aston Villa U21,bc,0,0,0,2023-08-12,2024-05-19,,0,0.0,0
15,Aston Villa,37316839,James Wright,yes,24.0,18,3,15,0.0,0.0,0.0,0.0,,0.0,0.0,0,4,0,0,0,0,8,8,,0.0,none,1,1,0,1,,,,,c,0,0,0,2024-01-14,2024-05-19,,0,0.0,0
15,Aston Villa,37425229,Oliwier Zych,yes,24.0,38,1,37,0.0,0.0,0.0,0.0,,0.0,0.0,0,3,0,0,0,0,9,9,,0.0,none,1,1,0,1,,,,Aston Villa U21,bc,0,0,0,2023-08-12,2024-05-19,,0,0.0,0
15,Aston Villa,37547541,Tommi O'Reilly,yes,26.0,38,1,37,0.0,0.0,0.0,0.0,,0.0,0.0,0,3,0,0,0,0,9,9,,0.0,none,1,0,0,1,,,,,bc,0,0,0,2023-08-12,2024-05-19,,0,0.0,0
15,Aston Villa,37549955,Finley Munroe,yes,25.0,5,3,2,0.0,0.0,0.0,0.0,,0.0067,0.0,0,3,0,0,0,0,9,9,,0.0,none,1,0,0,1,,,,,bc,0,0,0,2024-04-21,2024-05-19,,0,0.0,0
15,Aston Villa,37564717,Josh Feeney,yes,26.0,38,0,38,0.0,0.0,0.0,0.0,,0.0,0.0,0,0,0,0,0,0,12,0,2021-07-09,0.0,unknown+override,1,0,1,0,Fleetwood U18,2021-07-06,219.0,,b,0,0,0,2023-08-12,2024-05-19,,0,0.0,0
15,Aston Villa,37567882,Kadan Young,yes,26.0,38,1,37,0.0,0.0,0.0,0.0,,0.0,0.0,0,6,0,0,0,0,6,6,,0.0,none,1,0,0,1,,,,,bc,0,0,0,2023-08-12,2024-05-19,,0,0.0,0
15,Aston Villa,37649279,Sam Proctor,yes,24.0,22,3,19,0.0,0.0,0.0,0.0,,0.0,0.0,0,3,0,0,0,0,9,9,,0.0,none,1,1,0,1,,,,,bc,0,0,0,2023-12-17,2024-05-19,,0,0.0,0
15,Aston Villa,37736961,Lander Emery,yes,24.0,1,1,0,0.0,0.0,0.0,0.0,,0.0,0.0,0,1,0,0,0,0,11,11,,0.0,none,1,1,0,1,,,,,bc,0,0,0,2024-05-19,2024-05-19,,0,0.0,0
236,Brentford,7993,Rico Henry,yes,25.0,38,5,33,0.8973,417.6,2665.0,3082.7,0.1355,0.8973,0.0,0,12,0,0,0,0,0,0,2016-09-03,0.35,tier2,1,0,1,0,Walsall,2016-08-31,219.0,,ac,0,0,0,2023-08-13,2024-05-19,,0,0.0,0
236,Brentford,27440826,Aaron Hickey,yes,25.0,38,9,29,0.8452,647.4,2206.1,2853.4,0.2269,0.8451,0.0,0,12,0,0,0,0,0,0,2022-07-12,0.5,tier1,1,0,1,0,Bologna,2022-07-09,219.0,,ac,0,0,0,2023-08-13,2024-05-19,,0,0.0,0
236,Brentford,4341,Ivan Toney,yes,27.0,38,18,20,0.9832,1549.9,1769.7,3319.6,0.4669,0.8468,0.0,0,12,0,0,0,0,0,0,2020-09-04,0.45,data_club,1,0,1,0,Peterborough United,2020-09-01,219.0,,bc,0,0,0,2023-08-13,2024-05-19,,0,0.0,0
236,Brentford,1460,Ben Mee,yes,25.0,38,18,20,0.9412,1300.8,1694.1,2995.0,0.4343,0.9673,0.0,1,11,0,0,0,1,0,0,2022-07-25,0.45,data_club,1,0,1,0,Burnley,2022-07-22,220.0,,bc,0,0,0,2023-08-13,2024-05-19,,0,0.0,0
236,Brentford,27067062,Kevin Schade,yes,26.0,38,11,27,0.5571,509.6,1353.8,1863.3,0.2735,0.3489,0.0,0,12,0,0,0,0,0,0,2023-07-04,0.5,tier1,1,0,1,0,SC Freiburg,2023-01-04,218.0,,ac,0,0,0,2023-08-13,2024-05-19,,0,0.0,0
236,Brentford,529689,Bryan Mbeumo,yes,27.0,38,25,13,0.9327,1966.3,1091.2,3057.6,0.6431,0.723,0.0,0,12,0,0,0,0,0,0,2019-08-08,0.5,tier1,1,0,1,0,Troyes,2019-08-05,219.0,,bc,0,0,0,2023-08-13,2024-05-19,,0,0.0,0
236,Brentford,15665,Ethan Pinnock,yes,25.0,38,29,9,1.0,2575.5,810.0,3385.5,0.7607,0.9234,0.0,0,12,0,0,0,0,0,0,2019-07-05,0.45,data_club,1,0,1,0,Barnsley,2019-07-02,219.0,,bc,0,0,0,2023-08-13,2024-05-19,,0,0.0,0
236,Brentford,339093,Josh Dasilva,yes,26.0,38,4,34,0.2185,94.1,668.7,762.8,0.1234,0.1836,0.0,0,12,0,0,0,0,0,0,2018-08-24,0.0,tier2+override,1,0,1,0,Arsenal U21,2018-08-21,220.0,,c,0,0,0,2023-08-13,2024-05-19,,0,0.0,0
236,Brentford,31609,Christian Nørgaard,yes,26.0,38,31,7,0.9125,2537.3,574.8,3112.2,0.8153,0.7877,0.0,0,12,0,0,0,0,0,0,2019-07-04,0.5,tier1,1,0,1,0,Fiorentina,2019-07-01,219.0,,bc,0,0,0,2023-08-13,2024-05-19,,0,0.0,0
236,Brentford,151418,Kristoffer Ajer,yes,25.0,38,29,9,0.653,1426.2,528.9,1955.2,0.7295,0.8998,0.0,0,12,0,0,0,0,0,0,2021-07-24,0.35,tier2,1,0,1,0,Celtic,2021-07-21,219.0,,ac,0,0,0,2023-08-13,2024-05-19,,0,0.0,0
236,Brentford,8449373,Mikkel Damsgaard,yes,26.0,38,26,12,0.4184,816.1,451.9,1268.0,0.6436,0.4401,0.0,0,12,0,0,0,0,0,0,2022-08-13,0.5,tier1,1,0,1,0,Sampdoria,2022-08-10,219.0,,ac,0,0,0,2023-08-13,2024-05-19,,0,0.0,0
236,Brentford,84426,Mathias Jensen,yes,26.0,38,32,6,0.8058,2162.4,435.1,2597.5,0.8325,0.7586,0.0,0,12,0,0,0,0,0,0,2019-07-13,0.5,tier1,1,0,1,0,Celta de Vigo,2019-07-10,219.0,,ac,0,0,0,2023-08-13,2024-05-19,,0,0.0,0
236,Brentford,11705403,Nathan Collins,yes,25.0,38,33,5,0.9328,2343.0,419.7,2762.7,0.8481,0.9467,0.0,0,12,0,0,0,0,0,0,2023-07-07,0.45,data_club,1,0,1,0,Wolverhampton Wanderers,2023-07-04,219.0,,ac,0,0,0,2023-08-13,2024-05-19,,0,0.0,0
236,Brentford,537108,Frank Onyeka,yes,26.0,38,30,8,0.5216,1346.6,375.6,1722.2,0.7819,0.3613,0.0,0,12,0,0,0,0,0,0,2021-07-23,0.35,tier2,1,0,1,0,FC Midtjylland,2021-07-20,219.0,,bc,0,0,0,2023-08-13,2024-05-19,,0,0.0,0
236,Brentford,96928,Yoane Wissa,yes,27.0,38,34,4,0.8579,2352.9,308.8,2661.7,0.884,0.7441,0.0,0,12,0,0,0,0,0,0,2021-08-13,0.5,tier1,1,0,1,0,Lorient,2021-08-10,219.0,,bc,0,0,0,2023-08-13,2024-05-19,,0,0.0,0
236,Brentford,37655005,Benjamin Arthur,yes,25.0,34,1,33,0.0886,0.0,263.2,263.2,0.0,0.0,0.0,0,1,0,0,0,0,11,0,2023-09-03,0.45,data_club,1,0,1,0,Peterborough,2023-08-31,219.0,,bc,4,0,0,2023-09-16,2024-05-19,,0,0.0,0
236,Brentford,2510251,Shandon Baptiste,yes,26.0,38,21,17,0.1615,358.4,247.1,605.6,0.5919,0.0279,0.0,0,12,0,0,0,0,0,0,2020-02-03,0.45,data_club,1,0,1,0,Oxford United,2020-01-31,219.0,,bc,0,0,0,2023-08-13,2024-05-19,,0,0.0,0
236,Brentford,37709434,Yunus Konak,yes,26.0,19,1,18,0.1264,0.0,204.7,204.7,0.0,0.0,0.0,0,1,0,0,0,0,11,0,2024-01-14,0.35,tier2,1,0,1,0,Sivasspor,2024-01-11,219.0,,bc,19,0,0,2024-01-20,2024-05-19,,0,0.0,0
236,Brentford,191286,Saman Ghoddos,yes,27.0,38,32,6,0.3385,782.3,182.8,965.0,0.8106,0.0436,0.0,0,12,0,0,0,0,0,0,2021-01-17,0.5,tier1,1,0,1,0,Amiens SC,2020-09-21,218.0,,bc,0,0,0,2023-08-13,2024-05-19,,0,0.0,0
236,Brentford,380886,Sergio Reguilón,yes,25.0,19,16,3,0.6001,956.4,162.0,1118.5,0.8551,0.8316,51.7,1,11,0,0,0,1,0,0,2024-01-20,0.45,data_club,1,0,1,0,Tottenham Hotspur,2024-01-17,218.0,,bc,19,0,0,2024-01-20,2024-05-19,,0,0.0,0
236,Brentford,28552845,Keane Lewis-Potter,yes,27.0,38,33,5,0.2306,1219.2,103.8,1323.0,0.9215,0.486,0.0,0,12,0,0,0,0,0,0,2022-07-15,0.45,data_club,1,0,1,0,Hull City,2022-07-12,219.0,,ac,0,0,0,2023-08-13,2024-05-19,,0,0.0,0
236,Brentford,37389551,Michael Olakigbe,yes,26.0,38,17,21,0.0522,52.0,98.7,150.8,0.3451,0.0603,0.0,0,12,0,0,0,0,0,0,,0.0,none,1,0,0,1,,,,,bc,0,0,0,2023-08-13,2024-05-19,,0,0.0,0
236,Brentford,95776,Neal Maupay,yes,27.0,34,31,3,0.3311,1442.0,89.4,1531.4,0.9416,0.2432,0.0,0,12,0,0,0,0,0,0,2023-09-04,0.45,data_club,1,0,1,0,Saint-Étienne,2017-07-14,219.0,,bc,4,0,0,2023-09-16,2024-05-19,,0,0.0,0
236,Brentford,34737,Mark Flekken,yes,24.0,38,37,1,0.5833,2701.3,52.5,2753.8,0.9809,1.0,0.0,0,12,0,0,0,0,0,0,2023-07-04,0.0,none,1,1,1,0,SC Freiburg,2023-07-01,219.0,,bc,0,0,0,2023-08-13,2024-05-19,,0,0.0,0
236,Brentford,456067,Mads Roerslev,yes,25.0,38,37,1,0.4095,1729.1,36.9,1765.9,0.9791,0.6963,0.0,0,12,0,0,0,0,0,0,2019-08-10,0.35,tier2,1,0,1,0,FC København,2019-08-07,219.0,,bc,0,0,0,2023-08-13,2024-05-19,,0,0.0,0
236,Brentford,24613,Zanka,yes,25.0,38,37,1,0.3446,1038.9,31.0,1070.0,0.971,0.6608,0.0,0,12,0,0,0,0,0,0,2021-09-12,0.35,tier2,1,0,1,0,Fenerbahçe,2021-09-09,220.0,,bc,0,0,0,2023-08-13,2024-05-19,,0,0.0,0
236,Brentford,37627277,Kim Ji-Soo,yes,25.0,31,8,23,0.0076,23.6,15.7,39.4,0.6,0.0,0.0,0,8,0,0,0,0,4,0,2023-07-04,0.35,unknown+override,1,0,1,0,Seongnam FC,2023-07-01,219.0,,c,0,0,0,2023-10-07,2024-05-19,,0,0.0,0
236,Brentford,7306,Ellery Balcombe,yes,24.0,38,3,35,0.0,0.0,0.0,0.0,,0.0,0.0,0,3,0,0,0,0,9,9,,0.0,none,1,1,0,1,,,,,ac,0,0,0,2023-08-13,2024-05-19,,0,0.0,0
236,Brentford,9274,Charlie Goode,yes,25.0,20,5,15,0.0,0.0,0.0,0.0,,0.0,0.0,0,6,0,0,2,0,4,0,2020-08-22,0.35,tier2,1,0,1,0,Northampton Town,2020-08-19,219.0,,bc,18,0,0,2023-08-13,2024-01-20,,0,0.0,0
236,Brentford,36633,Vitaly Janelt,yes,26.0,38,38,0,0.8891,2956.0,0.0,2956.0,1.0,0.8891,0.0,0,12,0,0,0,0,0,0,2020-10-06,0.5,tier1,1,0,1,0,VfL Bochum 1848,2020-10-03,219.0,,ac,0,0,0,2023-08-13,2024-05-19,,0,0.0,0
236,Brentford,129394,Thomas Strakosha,yes,24.0,38,34,4,0.0,133.7,0.0,133.7,1.0,0.0,0.0,0,12,0,0,0,0,0,0,2022-07-17,0.0,none,1,1,1,0,Lazio,2022-07-14,220.0,,bc,0,0,0,2023-08-13,2024-05-19,,0,0.0,0
236,Brentford,531971,Hákon Valdimarsson,yes,24.0,18,4,14,0.0,0.0,0.0,0.0,,0.0,0.0,0,4,0,0,0,0,8,0,2024-01-29,0.0,none,1,1,1,0,Elfsborg,2024-01-26,219.0,,ac,0,0,0,2024-01-31,2024-05-19,,0,0.0,0
236,Brentford,31238191,Myles Peart-Harris,yes,26.0,20,9,11,0.0,8.2,0.0,8.2,1.0,0.0222,0.0,0,9,0,0,0,0,3,0,2021-07-26,0.0,tier2,1,0,1,0,Chelsea U21,2021-07-23,219.0,,bc,18,0,0,2023-08-13,2024-01-20,,0,0.0,0
236,Brentford,37326731,Ethan Brierley,yes,26.0,36,13,23,0.0,0.0,0.0,0.0,,0.0,0.0,0,12,0,0,0,0,0,0,,0.0,none,1,0,0,1,,,,,bc,0,0,0,2023-08-26,2024-05-19,,0,0.0,0
236,Brentford,37509395,Yehor Yarmoliuk,yes,26.0,38,38,0,0.2792,599.7,0.0,599.7,1.0,0.2792,0.0,0,12,0,0,0,0,0,0,2022-07-17,0.35,unknown+override,1,0,1,0,SC Dnipro-1,2022-07-14,219.0,,ac,0,0,0,2023-08-13,2024-05-19,,0,0.0,0
236,Brentford,37539850,Valintino Adedokun,yes,25.0,28,5,23,0.0,0.0,0.0,0.0,,0.0,0.0,0,5,0,0,0,0,7,7,,0.0,none,1,0,0,1,,,,,bc,0,0,0,2023-11-04,2024-05-19,,0,0.0,0
236,Brentford,37609281,Vincent Angelini,yes,24.0,25,2,23,0.0,0.0,0.0,0.0,,0.0,0.0,0,2,0,0,0,0,10,10,,0.0,none,1,1,0,1,,,,,bc,0,0,0,2023-12-02,2024-05-19,,0,0.0,0
236,Brentford,37653269,Ryan Trevitt,yes,26.0,19,2,17,0.0,0.0,0.0,0.0,,0.0,0.0,0,8,0,0,0,0,4,4,,0.0,none,1,0,0,1,,,,,bc,19,0,0,2024-01-20,2024-05-19,,0,0.0,0
236,Brentford,37683527,Benjamin Fredrick,yes,25.0,18,2,16,0.0,0.0,0.0,0.0,,0.0,0.0,0,2,0,0,0,0,10,10,,0.0,none,1,0,0,1,,,,,c,0,0,0,2024-01-31,2024-05-19,,0,0.0,0
78,Brighton & Hove Albion,2423,Solly March,yes,26.0,38,8,30,0.6935,558.0,1872.4,2430.4,0.2296,0.6897,0.0,0,12,0,0,0,0,0,0,,0.0,none,1,0,0,1,,,,Brighton U18,bc,0,0,0,2023-08-12,2024-05-19,,0,0.0,0
78,Brighton & Hove Albion,21437534,Kaoru Mitoma,yes,26.0,38,19,19,0.8414,1489.8,1438.8,2928.6,0.5087,0.8449,0.0,0,12,0,0,0,0,0,0,2021-08-13,0.25,tier3,1,0,1,0,Kawasaki Frontale,2021-08-10,219.0,,ac,0,0,0,2023-08-12,2024-05-19,,0,0.0,0
78,Brighton & Hove Albion,29419594,Julio Enciso,yes,26.0,38,13,25,0.6149,578.0,1383.5,1961.5,0.2947,0.4424,0.0,0,12,0,0,0,0,0,0,2022-07-04,0.25,tier3,1,0,1,0,Libertad,2022-07-01,219.0,,bc,0,0,0,2023-08-12,2024-05-19,,0,0.0,0
78,Brighton & Hove Albion,187969,Pervis Estupiñán,yes,25.0,38,20,18,0.8032,1449.9,1301.2,2751.0,0.527,0.5697,0.0,0,12,0,0,0,0,0,0,2022-08-19,0.5,tier1,1,0,1,0,Villarreal,2022-08-16,219.0,,bc,0,0,0,2023-08-12,2024-05-19,,0,0.0,0
78,Brighton & Hove Albion,37561625,Jack Hinshelwood,yes,26.0,38,16,22,0.5026,380.0,995.1,1375.0,0.2763,0.7294,0.0,0,12,0,0,0,0,0,0,,0.0,none,1,0,0,1,,,,Brighton U21,ac,0,0,0,2023-08-12,2024-05-19,,0,0.0,0
78,Brighton & Hove Albion,197,James Milner,yes,26.0,38,17,21,0.4911,708.9,928.3,1637.2,0.433,0.4953,0.0,0,12,0,0,0,0,0,0,2023-07-04,0.45,data_club,1,0,1,0,Liverpool,2023-07-01,220.0,,bc,0,0,0,2023-08-12,2024-05-19,,0,0.0,0
78,Brighton & Hove Albion,9308200,Tariq Lamptey,yes,25.0,38,19,19,0.3841,754.3,656.9,1411.1,0.5345,0.6136,0.0,0,12,0,0,0,0,0,0,2020-02-03,0.45,data_club,1,0,1,0,Chelsea,2020-01-31,219.0,,bc,0,0,0,2023-08-12,2024-05-19,,0,0.0,0
78,Brighton & Hove Albion,6599973,Billy Gilmour,yes,26.0,38,31,7,0.9225,1866.7,581.2,2447.9,0.7626,0.8464,0.6,1,11,0,0,0,1,0,0,2022-09-04,0.45,data_club,1,0,1,0,Chelsea,2022-09-01,219.0,,bc,0,0,0,2023-08-12,2024-05-19,,0,0.0,0
78,Brighton & Hove Albion,24655,Joël Veltman,yes,25.0,38,29,9,0.6966,1571.1,564.2,2135.4,0.7358,0.6184,0.0,0,12,0,0,0,0,0,0,2020-08-01,0.5,tier1,1,0,1,0,Ajax,2020-07-29,219.0,,bc,0,0,0,2023-08-12,2024-05-19,,0,0.0,0
78,Brighton & Hove Albion,28931574,João Pedro,yes,27.0,38,31,7,0.8048,1761.3,507.1,2268.3,0.7765,0.9052,0.0,0,12,0,0,0,0,0,0,2023-07-04,0.45,data_club,1,0,1,0,Watford,2023-07-01,219.0,,bc,0,0,0,2023-08-12,2024-05-19,,0,0.0,0
78,Brighton & Hove Albion,24818803,Jan Paul van Hecke,yes,25.0,38,32,6,0.9082,1971.6,490.4,2462.1,0.8008,1.0,0.0,0,12,0,0,0,0,0,0,2020-09-13,0.5,tier1,1,0,1,0,NAC Breda,2020-09-10,219.0,,bc,0,0,0,2023-08-12,2024-05-19,,0,0.0,0
78,Brighton & Hove Albion,6504,Adam Webster,yes,25.0,38,27,11,0.4827,1095.3,477.9,1573.2,0.6962,0.4779,0.0,0,12,0,0,0,0,0,0,2019-08-06,0.45,data_club,1,0,1,0,Bristol City,2019-08-03,219.0,,bc,0,0,0,2023-08-12,2024-05-19,,0,0.0,0
78,Brighton & Hove Albion,37555816,Simon Adingra,yes,27.0,38,32,6,0.853,1695.2,460.6,2155.8,0.7863,0.8106,0.0,0,12,0,0,0,0,0,0,2022-07-04,0.35,tier2,1,0,1,0,Nordsjælland,2022-07-01,219.0,,bc,0,0,0,2023-08-12,2024-05-19,,0,0.0,0
78,Brighton & Hove Albion,2461,Lewis Dunk,yes,25.0,38,33,5,0.9666,2757.8,435.0,3192.8,0.8638,0.9282,3.5,1,12,0,0,0,0,0,0,,0.0,none,1,0,0,1,,,,Brighton U18,ac,0,0,0,2023-08-12,2024-05-19,,0,0.0,0
78,Brighton & Hove Albion,37253456,Evan Ferguson,yes,27.0,38,28,10,0.4415,1433.4,397.3,1830.7,0.783,0.4217,0.0,0,12,0,0,0,0,0,0,2021-01-12,0.35,unknown+override,1,0,1,0,Bohemians,2021-01-09,219.0,Brighton U21,ac,0,0,0,2023-08-12,2024-05-19,,0,0.0,0
78,Brighton & Hove Albion,627,Danny Welbeck,yes,27.0,38,30,8,0.5075,1510.1,365.4,1875.5,0.8052,0.6394,0.0,0,12,0,0,0,0,0,0,2020-10-21,0.45,data_club,1,0,1,0,Watford,2020-10-18,220.0,,bc,0,0,0,2023-08-12,2024-05-19,,0,0.0,0
78,Brighton & Hove Albion,23269740,Ansu Fati,yes,27.0,34,24,10,0.311,759.9,279.9,1039.7,0.7308,0.1819,0.0,0,12,0,0,0,0,0,0,2023-09-04,0.5,tier1,1,0,1,0,FC Barcelona,2023-09-01,218.0,,bc,4,0,0,2023-09-16,2024-05-19,,0,0.0,0
78,Brighton & Hove Albion,54191,Igor Julio,yes,25.0,38,34,4,0.5912,1465.8,212.8,1678.7,0.8732,0.6036,0.0,0,12,0,0,0,0,0,0,2023-07-29,0.5,tier1,1,0,1,0,Fiorentina,2023-07-26,219.0,,bc,0,0,0,2023-08-12,2024-05-19,,0,0.0,0
78,Brighton & Hove Albion,37568149,Facundo Buonanotte,yes,26.0,38,33,5,0.4396,1426.5,197.8,1624.3,0.8782,0.4155,0.0,0,12,0,0,0,0,0,0,2023-01-04,0.25,tier3,1,0,1,0,Rosario Central,2023-01-01,219.0,,bc,0,0,0,2023-08-12,2024-05-19,,0,0.0,0
78,Brighton & Hove Albion,31504,Pascal Groß,yes,26.0,38,36,2,0.9543,3090.9,171.8,3262.7,0.9474,0.9464,0.0,0,12,0,0,0,0,0,0,2017-07-04,0.5,tier1,1,0,1,0,Ingolstadt,2017-07-01,219.0,,c,0,0,0,2023-08-12,2024-05-19,,0,0.0,0
78,Brighton & Hove Albion,1149,Adam Lallana,yes,26.0,38,33,5,0.3596,1012.9,161.8,1174.7,0.8623,0.2611,0.0,0,12,0,0,0,0,0,0,2020-07-30,0.45,data_club,1,0,1,0,Liverpool,2020-07-27,220.0,,bc,0,0,0,2023-08-12,2024-05-19,,0,0.0,0
78,Brighton & Hove Albion,32347,Mahmoud Dahoud,yes,26.0,22,17,5,0.2833,607.0,127.5,734.5,0.8264,0.2023,0.0,1,11,0,0,0,1,0,0,2023-07-04,0.5,tier1,1,0,1,0,Borussia Dortmund,2023-07-01,220.0,,bc,16,0,0,2023-08-12,2024-01-30,,0,0.0,0
78,Brighton & Hove Albion,37577727,Valentín Barco,yes,25.0,17,10,7,0.1862,104.2,117.3,221.5,0.4706,0.2873,0.0,0,10,0,0,0,0,2,0,2024-01-23,0.25,tier3,1,0,1,0,Boca Juniors,2024-01-20,219.0,,bc,21,0,0,2024-01-30,2024-05-19,,0,0.0,0
78,Brighton & Hove Albion,37588823,Carlos Baleba,yes,26.0,35,34,1,0.5,1267.9,45.0,1312.9,0.9657,0.686,0.0,0,12,0,0,0,0,0,0,2023-09-01,0.5,tier1,1,0,1,0,LOSC Lille,2023-08-29,219.0,,bc,3,0,0,2023-09-02,2024-05-19,,0,0.0,0
78,Brighton & Hove Albion,37341884,Cameron Peupion,yes,26.0,38,6,32,0.0108,5.8,31.2,37.1,0.1579,0.0108,0.0,0,11,0,0,0,0,1,1,,0.0,none,1,0,0,1,,,,,bc,0,0,0,2023-08-12,2024-05-19,,0,0.0,0
78,Brighton & Hove Albion,37259188,Odeluga Offiah,yes,25.0,17,8,9,0.0339,69.0,27.4,96.4,0.7155,0.1494,0.0,0,12,0,0,0,0,0,0,,0.0,none,1,0,0,1,,,,Brighton U21,bc,21,0,0,2023-08-12,2024-05-19,,0,0.0,0
78,Brighton & Hove Albion,37526157,Yasin Ayari,yes,26.0,2,0,2,0.0639,0.0,11.5,11.5,0.0,0.0,0.0,0,0,0,0,12,0,0,0,2023-02-02,0.35,tier2,1,0,1,0,AIK,2023-01-30,219.0,,a,36,0,0,2023-08-12,2023-08-19,,0,0.0,0
78,Brighton & Hove Albion,37599242,Mark O'Mahony,yes,27.0,27,11,16,0.008,14.1,11.5,25.5,0.5507,0.0638,0.0,0,11,0,0,0,0,1,1,,0.0,none,1,0,0,1,,,,,bc,0,0,0,2023-11-12,2024-05-19,,0,0.0,0
78,Brighton & Hove Albion,37287498,Andrew Moran,yes,26.0,38,0,38,0.0016,0.0,5.5,5.5,0.0,0.0,0.0,0,0,0,0,12,0,0,0,2020-07-04,0.35,unknown+override,1,0,1,0,Bray Wanderers,2020-07-01,219.0,Brighton U21,b,0,0,0,2023-08-12,2024-05-19,,0,0.0,0
78,Brighton & Hove Albion,2683,Jason Steele,yes,24.0,38,38,0,0.25,1965.0,0.0,1965.0,1.0,0.25,0.0,0,12,0,0,0,0,0,0,2018-07-04,0.0,none,1,1,1,0,Sunderland,2018-07-01,220.0,,ac,0,0,0,2023-08-12,2024-05-19,,0,0.0,0
78,Brighton & Hove Albion,14069,Steven Alzate,yes,26.0,4,1,3,0.0,0.0,0.0,0.0,,0.0,0.0,0,6,0,0,0,0,6,6,,0.0,none,1,0,0,1,,,,Brighton U21,bc,34,0,0,2023-08-12,2023-09-02,,0,0.0,0
78,Brighton & Hove Albion,581004,Tom McGill,yes,24.0,38,0,38,0.0,0.0,0.0,0.0,,0.0,0.0,0,6,0,0,0,0,6,6,,0.0,none,1,1,0,1,,,,Brighton U21,a,0,0,0,2023-08-12,2024-05-19,,0,0.0,0
78,Brighton & Hove Albion,1444078,Jakub Moder,yes,26.0,38,27,11,0.0,389.3,0.0,389.3,1.0,0.4492,0.0,0,12,0,0,0,0,0,0,2020-10-07,0.35,tier2,1,0,1,0,Lech Poznań,2020-10-04,219.0,,bc,0,0,0,2023-08-12,2024-05-19,,0,0.0,0
78,Brighton & Hove Albion,7392788,Jensen Weir,yes,26.0,1,0,1,0.0,0.0,0.0,0.0,,0.0,0.0,0,0,0,0,0,0,12,0,2020-07-30,0.45,data_club,1,0,1,0,Wigan,2020-07-27,219.0,Brighton U21,b,37,0,0,2024-01-02,2024-01-02,,0,0.0,0
78,Brighton & Hove Albion,28912814,Ed Turns,yes,25.0,38,0,38,0.0,0.0,0.0,0.0,,0.0,0.0,0,6,0,0,0,0,6,6,,0.0,none,1,0,0,1,,,,Brighton U21,b,0,0,0,2023-08-12,2024-05-19,,0,0.0,0
78,Brighton & Hove Albion,28912837,Imari Samuels,yes,25.0,38,1,37,0.0,0.0,0.0,0.0,,0.0,0.0,0,2,0,0,0,0,10,10,,0.0,none,1,0,0,1,,,,,bc,0,0,0,2023-08-12,2024-05-19,,0,0.0,0
78,Brighton & Hove Albion,35280539,Jeremy Sarmiento,yes,26.0,1,0,1,0.0,0.0,0.0,0.0,,0.0,0.0,0,0,0,0,12,0,0,0,2021-07-05,0.0,tier1,1,0,1,0,Benfica U19,2021-07-02,219.0,,b,37,0,0,2024-01-02,2024-01-02,,0,0.0,0
78,Brighton & Hove Albion,37257596,Bart Verbruggen,yes,24.0,38,38,0,0.75,1455.0,0.0,1455.0,1.0,0.75,0.0,0,12,0,0,0,0,0,0,2023-07-06,0.0,none,1,1,1,0,Anderlecht,2023-07-03,219.0,,ac,0,0,0,2023-08-12,2024-05-19,,0,0.0,0
78,Brighton & Hove Albion,37354793,Leigh Kavanagh,yes,25.0,25,4,21,0.0,0.0,0.0,0.0,,0.0,0.0,0,4,0,0,0,0,8,8,,0.0,none,1,0,0,1,,,,,bc,0,0,0,2023-12-03,2024-05-19,,0,0.0,0
78,Brighton & Hove Albion,37384295,Samy Chouchane,yes,26.0,10,1,9,0.0,0.0,0.0,0.0,,0.0,0.0,0,1,0,0,0,0,11,11,,0.0,none,1,0,0,1,,,,,bc,0,0,0,2024-03-31,2024-05-19,,0,0.0,0
78,Brighton & Hove Albion,37402363,Benicio Baker-Boaitey,yes,27.0,14,14,0,0.0502,24.4,0.0,24.4,1.0,0.0502,0.0,0,12,0,0,0,0,0,0,,0.0,none,1,0,0,1,,,,,bc,27,0,14,2023-11-12,2024-05-19,,0,0.0,0
78,Brighton & Hove Albion,37536790,Ben Jackson,yes,25.0,26,1,25,0.0,0.0,0.0,0.0,,0.0,0.0,0,1,0,0,0,0,11,11,,0.0,none,1,0,0,1,,,,,bc,0,0,0,2023-11-25,2024-05-19,,0,0.0,0
78,Brighton & Hove Albion,37561626,Joshua Duffus,yes,27.0,26,1,25,0.0,0.0,0.0,0.0,,0.0,0.0,0,1,0,0,0,0,11,11,,0.0,none,1,0,0,1,,,,,bc,0,0,0,2023-11-25,2024-05-19,,0,0.0,0
78,Brighton & Hove Albion,37581762,Luca Barrington,yes,27.0,24,2,22,0.0,0.0,0.0,0.0,,0.0,0.0,0,2,0,0,0,0,10,10,,0.0,none,1,0,0,1,,,,,bc,0,0,0,2023-12-06,2024-05-19,,0,0.0,0
78,Brighton & Hove Albion,37593255,Noël Atom,yes,25.0,2,1,1,0.0,0.0,0.0,0.0,,0.0,0.0,0,1,0,0,0,0,11,11,,0.0,none,1,0,0,1,,,,,bc,0,0,0,2024-05-15,2024-05-19,,0,0.0,0
78,Brighton & Hove Albion,900854689,Jack Hinchy,yes,,38,0,38,0.0,0.0,0.0,0.0,,0.0,0.0,0,0,0,0,0,0,12,0,2021-08-17,0.35,unknown+override,0,0,1,0,Stockport,2021-08-14,219.0,,b,0,0,0,2023-08-12,2024-05-19,,0,0.0,0
27,Burnley,3861826,Jordan Beyer,yes,25.0,38,15,23,0.9282,1283.9,1921.4,3205.3,0.4006,0.9232,0.0,0,12,0,0,0,0,0,0,2023-07-04,0.5,tier1,1,0,1,0,Borussia Mönchengladbach,2022-09-01,218.0,,ac,0,0,0,2023-08-11,2024-05-19,,0,0.0,0
27,Burnley,24817168,Ameen Al-Dakhil,yes,25.0,38,15,23,0.7816,1158.3,1617.9,2776.2,0.4172,0.7264,0.0,0,12,0,0,0,0,0,0,2023-01-16,0.5,tier1,1,0,1,0,Sint-Truiden,2023-01-13,219.0,,bc,0,0,0,2023-08-11,2024-05-19,,0,0.0,0
27,Burnley,37622998,Luca Koleosho,yes,26.0,38,15,23,0.6934,534.9,1435.4,1970.3,0.2715,0.6934,0.0,0,12,0,0,0,0,0,0,2023-07-28,0.0,tier1,1,0,1,0,Espanyol II,2023-07-25,219.0,,bc,0,0,0,2023-08-11,2024-05-19,,0,0.0,0
27,Burnley,459480,Hjalmar Ekdal,yes,25.0,38,20,18,0.5983,746.2,969.3,1715.5,0.435,0.1051,0.0,0,12,0,0,0,0,0,0,2023-01-24,0.35,tier2,1,0,1,0,Djurgården,2023-01-21,219.0,,ac,0,0,0,2023-08-11,2024-05-19,,0,0.0,0
27,Burnley,4243070,Lyle Foster,yes,27.0,38,24,14,0.7345,1505.0,925.4,2430.4,0.6192,0.8385,0.0,1,12,0,0,0,0,0,0,2023-01-28,0.5,tier1,1,0,1,0,Westerlo,2023-01-25,219.0,,bc,0,0,0,2023-08-11,2024-05-19,,0,0.0,0
27,Burnley,9606076,Han-Noah Massengo,yes,26.0,35,8,27,0.3296,236.0,801.0,1036.9,0.2276,0.176,0.0,0,8,0,4,0,0,0,0,2023-09-03,0.45,data_club,1,0,1,0,Bristol City,2023-08-31,220.0,,bc,3,0,0,2023-09-18,2024-05-19,,0,0.0,0
27,Burnley,62279,Manuel Benson,yes,27.0,38,21,17,0.3767,453.4,576.3,1029.7,0.4403,0.0527,0.0,0,12,0,0,0,0,0,0,2022-08-07,0.5,tier1,1,0,1,0,Antwerp,2022-08-04,219.0,,bc,0,0,0,2023-08-11,2024-05-19,,0,0.0,0
27,Burnley,3300,Charlie Taylor,yes,25.0,38,30,8,0.7622,2159.7,548.8,2708.5,0.7974,0.7304,0.0,0,12,0,0,0,0,0,0,2017-07-09,0.45,data_club,1,0,1,0,Leeds United,2017-07-06,220.0,,bc,0,0,0,2023-08-11,2024-05-19,,0,0.0,0
27,Burnley,28912768,Aaron Ramsey,yes,26.0,37,17,20,0.2823,284.6,508.1,792.7,0.359,0.3299,0.0,0,12,0,0,0,0,0,0,2023-08-25,0.0,tier2,1,0,1,0,Aston Villa U21,2023-08-22,219.0,,ac,0,0,0,2023-08-27,2024-05-19,,0,0.0,0
27,Burnley,64296,Hannes Delcroix,yes,25.0,37,22,15,0.3055,705.9,412.4,1118.3,0.6312,0.3308,0.0,0,12,0,0,0,0,0,0,2023-08-25,0.5,tier1,1,0,1,0,Anderlecht,2023-08-22,219.0,,bc,1,0,0,2023-08-27,2024-05-19,,0,0.0,0
27,Burnley,37259845,Anass Zaroury,yes,26.0,22,13,9,0.4871,588.4,394.5,983.0,0.5986,0.0,38.5,1,0,0,0,12,0,0,0,2022-09-02,0.5,tier1,1,0,1,0,Sporting Charleroi,2022-08-30,219.0,,bc,16,0,0,2023-08-11,2024-01-31,,0,0.0,0
27,Burnley,785996,Darko Churlinov,yes,26.0,21,0,21,0.1988,0.0,375.7,375.7,0.0,0.1988,0.0,0,11,0,0,0,0,1,0,2022-08-22,0.5,tier1,1,0,1,0,VfB Stuttgart,2022-08-19,219.0,,b,17,0,0,2023-08-11,2024-01-12,,0,0.0,0
27,Burnley,1611,Jóhann Gudmundsson,yes,26.0,38,31,7,0.5815,1469.5,366.3,1835.8,0.8005,0.1511,0.0,0,12,0,0,0,0,0,0,2016-07-22,0.45,data_club,1,0,1,0,Charlton Athletic,2016-07-19,219.0,,bc,0,0,0,2023-08-11,2024-05-19,,0,0.0,0
27,Burnley,4244,Josh Cullen,yes,26.0,38,33,5,0.7601,2045.4,342.0,2387.4,0.8567,0.9793,0.0,0,12,0,0,0,0,0,0,2022-07-15,0.5,tier1,1,0,1,0,Anderlecht,2022-07-12,219.0,,ac,0,0,0,2023-08-11,2024-05-19,,0,0.0,0
27,Burnley,979,Nathan Redmond,yes,26.0,38,15,23,0.1371,226.6,283.8,510.5,0.444,0.1042,0.0,0,12,0,0,0,0,0,0,2023-07-24,0.35,tier2,1,0,1,0,Beşiktaş,2023-07-21,220.0,,bc,0,0,0,2023-08-11,2024-05-19,,0,0.0,0
27,Burnley,581094,Dara O'Shea,yes,25.0,38,34,4,0.6799,2590.4,244.8,2835.2,0.9137,0.9947,20.6,1,11,0,0,0,1,0,0,2023-07-04,0.45,data_club,1,0,1,0,West Bromwich Albion,2023-07-01,219.0,,bc,0,0,0,2023-08-11,2024-05-19,,0,0.0,0
27,Burnley,538850,Mike Trésor,yes,27.0,35,25,10,0.2441,682.0,219.7,901.7,0.7564,0.1055,0.0,0,12,0,0,0,0,0,0,2023-09-04,0.5,tier1,1,0,1,0,Genk,2023-09-01,218.0,,c,0,0,0,2023-09-18,2024-05-19,,0,0.0,0
27,Burnley,581055,Michael Obafemi,yes,27.0,21,6,15,0.1549,79.5,209.1,288.6,0.2756,0.0,0.0,0,0,0,0,12,0,0,0,2023-07-04,0.45,data_club,1,0,1,0,Swansea City,2023-01-29,218.0,,ac,17,0,0,2023-08-11,2024-01-12,,0,0.0,0
27,Burnley,5410,Connor Roberts,yes,25.0,22,19,3,0.7526,1297.0,203.2,1500.2,0.8646,0.0,2.6,1,0,0,0,12,0,0,0,2021-09-03,0.45,data_club,1,0,1,0,Swansea City,2021-08-31,219.0,,ac,16,0,0,2023-08-11,2024-01-31,,0,0.0,0
27,Burnley,1152,Jay Rodriguez,yes,27.0,38,35,3,0.5803,1071.0,156.7,1227.7,0.8724,0.0977,0.0,0,12,0,0,0,0,0,0,2019-07-12,0.45,data_club,1,0,1,0,West Bromwich Albion,2019-07-09,219.0,Burnley U18,bc,0,0,0,2023-08-11,2024-05-19,,0,0.0,0
27,Burnley,28575686,James Trafford,yes,24.0,38,36,2,0.8333,2445.0,150.0,2595.0,0.9422,0.3333,0.0,0,12,0,0,0,0,0,0,2023-07-23,0.0,none,1,1,1,0,Manchester City,2023-07-20,219.0,,bc,0,0,0,2023-08-11,2024-05-19,,0,0.0,0
27,Burnley,9302767,Vitinho,yes,25.0,38,34,4,0.3771,2094.9,135.8,2230.6,0.9391,0.7971,0.0,0,12,0,0,0,0,0,0,2022-07-31,0.5,tier1,1,0,1,0,Cercle Brugge,2022-07-28,219.0,,bc,0,0,0,2023-08-11,2024-05-19,,0,0.0,0
27,Burnley,37593240,Wilson Odobert,yes,27.0,37,33,4,0.3728,1668.3,134.2,1802.5,0.9255,0.9345,0.0,0,12,0,0,0,0,0,0,2023-08-15,0.5,tier1,1,0,1,0,Troyes,2023-08-12,219.0,,bc,1,0,0,2023-08-27,2024-05-19,,0,0.0,0
27,Burnley,3143,Josh Brownhill,yes,26.0,38,37,1,0.9963,2658.3,89.7,2747.9,0.9674,0.2819,54.7,1,11,0,0,0,1,0,0,2020-02-02,0.45,data_club,1,0,1,0,Bristol City,2020-01-30,219.0,,bc,0,0,0,2023-08-11,2024-05-19,,0,0.0,0
27,Burnley,64193,Sander Berge,yes,26.0,38,37,1,0.9148,2710.3,82.3,2792.6,0.9705,1.0,20.0,1,12,0,0,0,0,0,0,2023-08-12,0.45,data_club,1,0,1,0,Sheffield United,2023-08-09,219.0,,bc,1,1,0,2023-08-11,2024-05-19,,0,0.0,0
27,Burnley,35281182,Lorenz Assignon,yes,25.0,16,15,1,0.81,1028.5,72.9,1101.4,0.9338,0.9447,29.4,1,11,0,0,0,1,0,0,2024-02-04,0.5,tier1,1,0,1,0,Rennes,2024-02-01,218.0,,bc,23,1,0,2024-02-03,2024-05-19,,0,0.0,0
27,Burnley,37555964,Datro Fofana,yes,27.0,17,16,1,0.6895,874.6,62.1,936.7,0.9337,0.5861,0.0,0,12,0,0,0,0,0,0,2024-01-16,0.45,data_club,1,0,1,0,Chelsea,2024-01-13,218.0,,bc,21,0,0,2024-01-31,2024-05-19,,0,0.0,0
27,Burnley,1156,Jack Cork,yes,26.0,38,22,16,0.0353,154.2,50.8,204.9,0.7522,0.0173,0.0,0,12,0,0,0,0,0,0,2017-07-14,0.45,data_club,1,0,1,0,Chelsea U21,2010-02-01,218.0,,bc,0,0,0,2023-08-11,2024-05-19,,0,0.0,0
27,Burnley,28575687,CJ Egan-Riley,yes,25.0,22,1,21,0.0258,2.3,48.7,51.1,0.0455,0.0258,0.0,0,12,0,0,0,0,0,0,2022-07-04,0.0,tier2,1,0,1,0,Manchester City U21,2022-07-01,220.0,,bc,16,0,0,2023-08-11,2024-01-31,,0,0.0,0
27,Burnley,9674,Scott Twine,yes,26.0,1,0,1,0.4676,0.0,42.1,42.1,0.0,0.0,0.0,0,0,0,0,12,0,0,0,2022-07-04,0.35,tier2,1,0,1,0,Milton Keynes Dons,2022-07-01,219.0,,b,37,0,0,2023-08-11,2023-08-11,,0,0.0,0
27,Burnley,32792,Jacob Bruun Larsen,yes,27.0,38,37,1,0.4393,1124.2,39.5,1163.7,0.966,0.686,0.0,0,12,0,0,0,0,0,0,2023-07-30,0.5,tier1,1,0,1,0,TSG Hoffenheim,2023-07-27,218.0,,c,0,0,0,2023-08-11,2024-05-19,,0,0.0,0
27,Burnley,538038,Arijanet Muric,yes,24.0,38,35,3,0.0833,727.5,22.5,750.0,0.97,0.8333,0.0,0,12,0,0,0,0,0,0,2022-07-25,0.0,none,1,1,1,0,Manchester City,2022-07-22,219.0,,bc,0,0,0,2023-08-11,2024-05-19,,0,0.0,0
27,Burnley,22515272,Dara Costelloe,yes,27.0,1,0,1,0.1906,0.0,17.2,17.2,0.0,0.1906,0.0,0,5,0,0,0,0,7,0,2021-02-04,0.35,unknown+override,1,0,1,0,Galway United,2021-02-01,219.0,Burnley U21,b,37,0,0,2023-08-11,2023-08-11,,0,0.0,0
27,Burnley,9372,Lawrence Vigouroux,yes,24.0,38,5,33,0.0,0.0,0.0,0.0,,0.0,0.0,0,5,0,0,0,0,7,0,2023-07-04,0.0,none,1,1,1,0,Leyton Orient,2023-07-01,220.0,,bc,0,0,0,2023-08-11,2024-05-19,,0,0.0,0
27,Burnley,37261110,Zeki Amdouni,yes,27.0,38,38,0,0.2164,1956.9,0.0,1956.9,1.0,0.2164,0.0,0,12,0,0,0,0,0,0,2023-07-22,0.35,tier2,1,0,1,0,Basel,2023-07-19,219.0,,ac,0,0,0,2023-08-11,2024-05-19,,0,0.0,0
27,Burnley,37317389,Denis Franchi,yes,24.0,22,0,22,0.0,0.0,0.0,0.0,,0.0,0.0,0,1,0,0,0,0,11,0,2022-08-29,0.0,none,1,1,1,0,Paris Saint Germain,2022-08-26,219.0,,b,16,0,0,2023-08-11,2024-01-31,,0,0.0,0
27,Burnley,37351292,Maxime Estève,yes,25.0,16,16,0,0.9538,1045.9,0.0,1045.9,1.0,0.9538,0.0,0,12,0,0,0,0,0,0,2024-02-04,0.5,tier1,1,0,1,0,Montpellier,2024-02-01,218.0,,bc,23,1,0,2024-02-03,2024-05-19,,0,0.0,0
27,Burnley,37624125,Enock Agyei,yes,27.0,0,0,0,0.0,0.0,0.0,0.0,,0.0,0.0,0,0,0,0,0,0,12,12,,0.0,none,0,0,0,1,,,,Burnley U21,,0,0,0,,,,0,0.0,0
18,Chelsea,11311795,Wesley Fofana,yes,25.0,38,0,38,0.8047,0.0,2752.1,2752.1,0.0,0.8047,0.0,0,12,0,0,0,0,0,0,2022-09-03,0.45,data_club,1,0,1,0,Leicester City,2022-08-31,219.0,,a,0,0,0,2023-08-13,2024-05-19,,0,0.0,0
18,Chelsea,37536874,Roméo Lavia,yes,26.0,36,2,34,0.5708,105.9,1746.8,1852.7,0.0572,0.5341,0.0,0,11,9,1,0,0,0,0,2023-08-21,0.45,data_club,1,0,1,0,Southampton,2023-08-18,219.0,,ac,1,0,0,2023-08-25,2024-05-19,,0,0.0,0
18,Chelsea,581220,Reece James,yes,25.0,38,10,28,0.6678,648.2,1682.9,2331.1,0.2781,0.5028,30.3,2,10,0,0,0,2,0,0,,0.0,none,1,0,0,1,,,,Chelsea U21,ac,0,0,0,2023-08-13,2024-05-19,,0,0.0,0
18,Chelsea,581000,Robert Sánchez,yes,24.0,38,18,20,0.8976,1025.6,1615.7,2641.3,0.3883,0.8226,0.0,0,12,0,0,0,0,0,0,2023-08-08,0.0,none,1,1,1,0,Brighton & Hove Albion,2023-08-05,219.0,,bc,0,0,0,2023-08-13,2024-05-19,,0,0.0,0
18,Chelsea,1601,Ben Chilwell,yes,25.0,38,14,24,0.6876,941.8,1485.2,2427.0,0.3881,0.5655,0.0,0,12,0,0,0,0,0,0,2020-08-29,0.45,data_club,1,0,1,0,Leicester City,2020-08-26,219.0,,bc,0,0,0,2023-08-13,2024-05-19,,0,0.0,0
18,Chelsea,537117,Trevoh Chalobah,yes,25.0,38,14,24,0.5963,855.7,1287.9,2143.7,0.3992,0.8672,0.0,0,12,0,0,0,0,0,0,,0.0,none,1,0,0,1,,,,Chelsea U21,bc,0,0,0,2023-08-13,2024-05-19,,0,0.0,0
18,Chelsea,37259180,Levi Colwill,yes,25.0,38,27,11,0.809,1895.5,800.9,2696.4,0.703,0.5468,0.0,0,12,0,0,0,0,0,0,,0.0,none,1,0,0,1,,,,Chelsea U21,ac,0,0,0,2023-08-13,2024-05-19,,0,0.0,0
18,Chelsea,29709995,Enzo Fernández,yes,26.0,38,28,10,0.8733,2205.3,786.0,2991.3,0.7373,0.8829,0.0,0,12,0,0,0,0,0,0,2023-02-03,0.5,tier1,1,0,1,0,Benfica,2023-01-31,219.0,,bc,0,0,0,2023-08-13,2024-05-19,,0,0.0,0
18,Chelsea,448448,Marc Cucurella,yes,25.0,38,27,11,0.6137,1535.7,607.6,2143.3,0.7165,0.9983,0.0,0,12,0,0,0,0,0,0,2022-08-08,0.45,data_club,1,0,1,0,Brighton & Hove Albion,2022-08-05,219.0,,bc,0,0,0,2023-08-13,2024-05-19,,0,0.0,0
18,Chelsea,31626713,Carney Chukwuemeka,yes,26.0,38,13,25,0.26,320.4,585.0,905.4,0.3539,0.1561,0.0,0,12,0,0,0,0,0,0,2022-08-07,0.45,data_club,1,0,1,0,Aston Villa,2022-08-04,219.0,,bc,0,0,0,2023-08-13,2024-05-19,,0,0.0,0
18,Chelsea,37317367,Malo Gusto,yes,25.0,38,28,10,0.6357,1356.3,572.2,1928.4,0.7033,0.7393,0.0,1,12,0,0,0,0,0,0,2023-02-01,0.5,tier1,1,0,1,0,Olympique Lyonnais,2023-01-29,219.0,,ac,0,0,0,2023-08-13,2024-05-19,,0,0.0,0
18,Chelsea,4545394,Benoît Badiashile,yes,25.0,38,25,13,0.4636,1143.5,542.4,1685.9,0.6783,0.7351,0.0,0,12,0,0,0,0,0,0,2023-01-08,0.5,tier1,1,0,1,0,Monaco,2023-01-05,219.0,,bc,0,0,0,2023-08-13,2024-05-19,,0,0.0,0
18,Chelsea,96884,Christopher Nkunku,yes,27.0,38,12,26,0.2315,202.4,541.8,744.2,0.272,0.4198,0.0,0,12,0,0,0,0,0,0,2023-07-04,0.5,tier1,1,0,1,0,RB Leipzig,2023-07-01,219.0,,bc,0,0,0,2023-08-13,2024-05-19,,0,0.0,0
18,Chelsea,37423141,Lesley Ugochukwu,yes,26.0,38,17,21,0.2562,484.7,484.2,968.8,0.5003,0.2007,0.0,0,12,0,0,0,0,0,0,2023-08-04,0.5,tier1,1,0,1,0,Rennes,2023-08-01,219.0,,bc,0,0,0,2023-08-13,2024-05-19,,0,0.0,0
18,Chelsea,100385,Axel Disasi,yes,25.0,38,35,3,0.8777,2599.3,237.0,2836.3,0.9164,0.6648,0.0,0,12,0,0,0,0,0,0,2023-08-07,0.5,tier1,1,0,1,0,Monaco,2023-08-04,219.0,,bc,0,0,0,2023-08-13,2024-05-19,,0,0.0,0
18,Chelsea,23697427,Armando Broja,yes,27.0,22,14,8,0.3056,440.0,220.0,660.0,0.6666,0.0,0.0,0,12,12,0,0,0,0,0,,0.0,none,1,0,0,1,,,,Chelsea U21,bc,16,0,0,2023-08-13,2024-01-31,,0,0.0,0
18,Chelsea,37540621,Nicolas Jackson,yes,27.0,38,35,3,0.7844,2463.7,211.8,2675.5,0.9208,0.9775,0.0,0,12,0,0,0,0,0,0,2023-07-04,0.5,tier1,1,0,1,0,Villarreal,2023-07-01,219.0,,bc,0,0,0,2023-08-13,2024-05-19,,0,0.0,0
18,Chelsea,802,Raheem Sterling,yes,27.0,38,34,4,0.5342,2211.3,192.3,2403.6,0.92,0.3123,0.0,0,12,0,0,0,0,0,0,2022-07-16,0.45,data_club,1,0,1,0,Manchester City,2022-07-13,219.0,,bc,0,0,0,2023-08-13,2024-05-19,,0,0.0,0
18,Chelsea,28912747,Cole Palmer,yes,26.0,35,33,2,0.9068,2147.4,163.2,2310.6,0.9294,0.9473,0.0,0,12,0,0,0,0,0,0,2023-09-04,0.45,data_club,1,0,1,0,Manchester City,2023-09-01,219.0,,ac,1,1,0,2023-09-02,2024-05-19,,0,0.0,0
18,Chelsea,37261500,Moisés Caicedo,yes,26.0,37,35,2,0.7897,2684.5,142.1,2826.7,0.9497,0.933,0.0,0,12,0,0,0,0,0,0,2023-08-17,0.45,data_club,1,0,1,0,Brighton & Hove Albion,2023-08-14,219.0,,ac,0,0,0,2023-08-20,2024-05-19,,0,0.0,0
18,Chelsea,95792,Thiago Silva,yes,25.0,38,36,2,0.7019,2625.5,126.3,2751.9,0.9541,0.5071,0.0,0,12,0,0,0,0,0,0,2020-08-31,0.5,tier1,1,0,1,0,Paris Saint Germain,2020-08-28,220.0,,bc,0,0,0,2023-08-13,2024-05-19,,0,0.0,0
18,Chelsea,9938919,Mykhailo Mudryk,yes,26.0,38,35,3,0.4567,1368.1,123.3,1491.4,0.9173,0.6312,0.0,0,12,0,0,0,0,0,0,2023-01-18,0.35,tier2,1,0,1,0,Shakhtar Donetsk,2023-01-15,219.0,,bc,0,0,0,2023-08-13,2024-05-19,,0,0.0,0
18,Chelsea,25217662,Noni Madueke,yes,27.0,38,33,5,0.2482,968.6,111.7,1080.3,0.8966,0.6392,0.0,0,12,0,0,0,0,0,0,2023-01-23,0.5,tier1,1,0,1,0,PSV,2023-01-20,219.0,,bc,0,0,0,2023-08-13,2024-05-19,,0,0.0,0
18,Chelsea,1494245,Conor Gallagher,yes,26.0,38,37,1,0.9435,3025.0,84.9,3109.9,0.9727,0.9503,38.8,1,12,0,0,0,0,0,0,,0.0,none,1,0,0,1,,,,Chelsea U21,bc,0,0,0,2023-08-13,2024-05-19,,0,0.0,0
18,Chelsea,37691410,Deivid Washington,yes,27.0,35,19,16,0.0305,134.6,43.9,178.4,0.754,0.0073,0.0,0,12,0,0,0,0,0,0,2023-08-27,0.25,tier3,1,0,1,0,Santos,2023-08-24,219.0,,bc,3,0,0,2023-09-02,2024-05-19,,0,0.0,0
18,Chelsea,37536793,Alfie Gilchrist,yes,25.0,38,25,13,0.0289,95.2,33.8,128.9,0.7382,0.1789,0.0,0,12,0,0,0,0,0,0,,0.0,none,1,0,0,1,,,,Chelsea U21,bc,0,0,0,2023-08-13,2024-05-19,,0,0.0,0
18,Chelsea,37563931,Mason Burstow,yes,27.0,38,3,35,0.0029,1.0,9.2,10.2,0.0941,0.0,0.0,0,0,0,12,0,0,0,0,,0.0,none,1,0,0,1,,,,,bc,0,0,0,2023-08-13,2024-05-19,,0,0.0,0
18,Chelsea,37555964,Datro Fofana,yes,27.0,1,0,1,0.0663,0.0,6.0,6.0,0.0,0.3581,0.0,0,12,12,0,0,0,0,0,2023-01-04,0.35,tier2,1,0,1,0,Molde,2023-01-01,219.0,,b,37,0,0,2024-01-13,2024-01-13,,0,0.0,0
18,Chelsea,37631362,Josh Acheampong,yes,25.0,12,4,8,0.0046,0.0,3.3,3.3,0.0,0.0092,0.0,0,4,0,0,0,0,8,8,,0.0,none,1,0,0,1,,,,Chelsea U21,c,0,0,0,2024-03-11,2024-05-19,,0,0.0,0
18,Chelsea,37536791,Jimi Tauriainen,yes,26.0,13,5,8,0.0008,0.0,0.6,0.6,0.0,0.0017,0.0,0,5,0,0,0,0,7,7,,0.0,none,1,0,0,1,,,,,bc,0,0,0,2024-03-02,2024-05-19,,0,0.0,0
18,Chelsea,37545764,Alex Matos,yes,26.0,34,13,21,0.0001,0.8,0.2,1.1,0.7857,0.0,0.0,0,0,0,12,0,0,0,0,,0.0,none,1,0,0,1,,,,,bc,0,0,0,2023-09-17,2024-05-19,,0,0.0,0
18,Chelsea,3268,Marcus Bettinelli,yes,24.0,38,18,20,0.0,0.0,0.0,0.0,,0.0,0.0,0,12,0,0,0,0,0,0,2021-07-31,0.0,none,1,1,1,0,Fulham,2021-07-28,220.0,,bc,0,0,0,2023-08-13,2024-05-19,,0,0.0,0
18,Chelsea,96765,Malang Sarr,yes,25.0,38,0,38,0.0,0.0,0.0,0.0,,0.0,0.0,0,0,0,0,0,0,12,0,2020-08-30,0.5,tier1,1,0,1,0,Nice,2020-08-27,220.0,,b,0,0,0,2023-08-13,2024-05-19,,0,0.0,0
18,Chelsea,538472,Djordje Petrovic,yes,24.0,35,35,0,1.0,1406.6,0.0,1406.6,1.0,1.0,0.0,0,12,0,0,0,0,0,0,2023-08-29,0.0,none,1,1,1,0,New England,2023-08-26,219.0,,bc,3,0,0,2023-09-02,2024-05-19,,0,0.0,0
18,Chelsea,23311159,Ian Maatsen,yes,25.0,20,20,0,0.1271,157.1,0.0,157.1,1.0,0.1271,0.0,0,12,0,0,0,0,0,0,,0.0,none,1,0,0,1,,,,Chelsea U21,bc,18,0,0,2023-08-13,2023-12-30,,0,0.0,0
18,Chelsea,24817084,Lucas Bergström,yes,24.0,25,15,10,0.0,0.0,0.0,0.0,,0.0,0.0,0,12,0,0,0,0,0,0,,0.0,none,1,1,0,1,,,,Chelsea U21,bc,13,0,0,2023-08-13,2024-02-17,,0,0.0,0
18,Chelsea,35659570,Gaga Slonina,yes,24.0,0,0,0,0.0,0.0,0.0,0.0,,0.0,0.0,0,0,0,0,0,0,12,0,2022-08-05,0.0,none,0,1,1,0,Chicago Fire,2022-08-02,219.0,,a,38,0,0,,,,0,0.0,0
18,Chelsea,37259181,Bashir Humphreys,yes,25.0,3,2,1,0.0,0.0,0.0,0.0,,0.0,0.0,0,0,0,0,12,0,0,0,2019-07-04,0.0,unknown+override,1,0,1,0,Reading U18,2019-07-01,219.0,Chelsea U21,bc,35,0,0,2023-08-13,2023-08-25,,0,0.0,0
18,Chelsea,37316843,Josh Brooking,yes,25.0,32,1,31,0.0,0.0,0.0,0.0,,0.0,0.0,0,1,0,0,0,0,11,11,,0.0,none,1,0,0,1,,,,,bc,0,0,0,2023-10-02,2024-05-19,,0,0.0,0
18,Chelsea,37350709,Zak Sturge,yes,25.0,5,1,4,0.0,0.0,0.0,0.0,,0.0,0.0,0,1,0,0,0,0,11,11,,0.0,none,1,0,0,1,,,,,bc,0,0,0,2024-05-02,2024-05-19,,0,0.0,0
18,Chelsea,37365878,D. Williams,no,25.0,38,0,38,0.0,0.0,0.0,0.0,,0.0,0.0,0,0,0,0,0,0,12,0,2022-01-27,0.45,data_club,1,0,1,0,Derby,2022-01-24,219.0,,b,0,0,0,2023-08-13,2024-05-19,,0,0.0,0
18,Chelsea,37373571,Eddie Beach,yes,24.0,36,2,34,0.0,0.0,0.0,0.0,,0.0,0.0,0,2,0,0,0,0,10,10,,0.0,none,1,1,0,1,,,,,bc,0,0,0,2023-08-25,2024-05-19,,0,0.0,0
18,Chelsea,37373590,Teddy Sharman-Lowe,yes,24.0,9,1,8,0.0,0.0,0.0,0.0,,0.0,0.0,0,1,0,0,0,0,11,11,,0.0,none,1,1,0,1,,,,Chelsea U21,c,0,0,0,2024-04-07,2024-05-19,,0,0.0,0
18,Chelsea,37445077,Cesare Casadei,yes,26.0,18,17,1,0.0,60.6,0.0,60.6,1.0,0.0851,0.0,0,12,0,0,0,0,0,0,2022-08-22,0.5,tier1,1,0,1,0,Inter,2022-08-19,219.0,,bc,20,0,0,2023-08-13,2024-05-19,,0,0.0,0
18,Chelsea,37543251,Leo Castledine,yes,26.0,24,4,20,0.0,0.0,0.0,0.0,,0.0,0.0,0,4,0,0,0,0,8,8,,0.0,none,1,0,0,1,,,,,bc,0,0,0,2023-12-06,2024-05-19,,0,0.0,0
18,Chelsea,37543252,Ronnie Stutter,yes,27.0,34,1,33,0.0,0.0,0.0,0.0,,0.0,0.0,0,1,0,0,0,0,11,11,,0.0,none,1,0,0,1,,,,,bc,0,0,0,2023-09-17,2024-05-19,,0,0.0,0
18,Chelsea,37554470,Ted Curd,yes,24.0,6,1,5,0.0,0.0,0.0,0.0,,0.0,0.0,0,1,0,0,0,0,11,11,,0.0,none,1,1,0,1,,,,,bc,0,0,0,2024-04-27,2024-05-19,,0,0.0,0
18,Chelsea,37562129,Andrey Santos,yes,26.0,5,1,4,0.0,0.0,0.0,0.0,,0.0,0.0,0,7,6,0,0,0,5,0,2023-01-04,0.25,tier3,1,0,1,0,Vasco da Gama,2023-01-01,219.0,,bc,33,0,0,2023-08-13,2024-01-31,,0,0.0,0
18,Chelsea,37581743,Ishé Samuels-Smith,yes,25.0,14,1,13,0.0,0.0,0.0,0.0,,0.0,0.0,0,2,1,0,0,0,10,10,,0.0,none,1,0,0,1,,,,,bc,0,0,0,2024-02-17,2024-05-19,,0,0.0,0
18,Chelsea,37592037,Tyrique George,yes,27.0,8,3,5,0.0,0.0,0.0,0.0,,0.0,0.0,0,3,0,0,0,0,9,9,,0.0,none,1,0,0,1,,,,Chelsea U21,bc,0,0,0,2024-04-15,2024-05-19,,0,0.0,0
18,Chelsea,37592734,Diego Moreira,yes,27.0,20,1,19,0.0,0.0,0.0,0.0,,0.0,0.0,0,1,0,0,0,0,11,0,2023-07-04,0.0,tier1,1,0,1,0,Benfica II,2023-07-01,220.0,,bc,18,0,0,2023-08-13,2024-05-19,,0,0.0,0
18,Chelsea,37630500,Kiano Dyer,yes,26.0,4,4,0,0.0,0.0,0.0,0.0,,0.0,0.0,0,4,0,0,0,0,8,8,,0.0,none,1,0,0,1,,,,,bc,8,0,4,2024-04-15,2024-05-02,,0,0.0,0
18,Chelsea,37666048,Ollie Harrison,yes,26.0,36,1,35,0.0,0.0,0.0,0.0,,0.0,0.0,0,1,0,0,0,0,11,0,2023-08-24,0.0,unknown+override,1,0,1,0,Newcastle U18,2023-08-21,219.0,,bc,2,0,0,2023-08-25,2024-05-19,,0,0.0,0
51,Crystal Palace,5640926,Cheick Doucouré,yes,26.0,38,12,26,0.8502,957.2,1989.4,2946.6,0.3249,0.8456,0.0,0,12,0,0,0,0,0,0,2022-07-14,0.5,tier1,1,0,1,0,Lens,2022-07-11,219.0,,ac,0,0,0,2023-08-12,2024-05-19,,0,0.0,0
51,Crystal Palace,24799984,Michael Olise,yes,26.0,38,19,19,0.8918,1414.6,1524.9,2939.6,0.4812,0.709,0.0,0,12,0,0,0,0,0,0,2021-07-11,0.45,data_club,1,0,1,0,Reading,2021-07-08,219.0,,bc,0,0,0,2023-08-12,2024-05-19,,0,0.0,0
51,Crystal Palace,4536500,Marc Guéhi,yes,25.0,38,25,13,0.9374,2209.0,1096.7,3305.8,0.6682,0.787,0.0,0,12,0,0,0,0,0,0,2021-07-21,0.45,data_club,1,0,1,0,Chelsea,2021-07-18,219.0,,bc,0,0,0,2023-08-12,2024-05-19,,0,0.0,0
51,Crystal Palace,1008,Sam Johnstone,yes,24.0,38,24,14,0.7516,1942.6,947.0,2889.6,0.6723,0.6563,0.0,0,12,0,0,0,0,0,0,2022-07-04,0.0,none,1,1,1,0,West Bromwich Albion,2022-07-01,220.0,,bc,0,0,0,2023-08-12,2024-05-19,,0,0.0,0
51,Crystal Palace,186766,Jefferson Lerma,yes,26.0,38,28,10,0.9616,2386.7,865.4,3252.2,0.7339,0.9327,0.0,0,12,0,0,0,0,0,0,2023-07-04,0.45,data_club,1,0,1,0,AFC Bournemouth,2023-07-01,220.0,,ac,0,0,0,2023-08-12,2024-05-19,,0,0.0,0
51,Crystal Palace,7643,Eberechi Eze,yes,26.0,38,27,11,0.864,2072.6,855.4,2928.0,0.7079,0.8641,0.0,0,12,0,0,0,0,0,0,2020-08-31,0.45,data_club,1,0,1,0,Queens Park Rangers,2020-08-28,219.0,,bc,0,0,0,2023-08-12,2024-05-19,,0,0.0,0
51,Crystal Palace,692,Joel Ward,yes,25.0,38,31,7,0.9141,2398.6,575.9,2974.4,0.8064,0.4426,0.0,0,12,0,0,0,0,0,0,2012-07-04,0.45,data_club,1,0,1,0,Portsmouth,2012-07-01,219.0,,bc,0,0,0,2023-08-12,2024-05-19,,0,0.0,0
51,Crystal Palace,37391506,Joe Whitworth,yes,24.0,38,1,37,0.1667,15.0,555.0,570.0,0.0263,0.1667,0.0,0,12,0,0,0,0,0,0,,0.0,none,1,1,0,1,,,,Crystal Palace U21,bc,0,0,0,2023-08-12,2024-05-19,,0,0.0,0
51,Crystal Palace,2332,Will Hughes,yes,26.0,38,31,7,0.576,1809.1,362.9,2171.9,0.8329,0.6267,0.0,0,12,0,0,0,0,0,0,2021-08-31,0.45,data_club,1,0,1,0,Watford,2021-08-28,219.0,,ac,0,0,0,2023-08-12,2024-05-19,,0,0.0,0
51,Crystal Palace,96792,Odsonne Édouard,yes,27.0,38,33,5,0.7393,1748.4,332.7,2081.0,0.8401,0.2303,0.0,0,12,0,0,0,0,0,0,2021-09-03,0.35,tier2,1,0,1,0,Celtic,2021-08-31,219.0,,bc,0,0,0,2023-08-12,2024-05-19,,0,0.0,0
51,Crystal Palace,37567285,Matheus França,yes,27.0,38,19,19,0.1923,121.2,328.9,450.1,0.2692,0.2034,0.0,0,12,0,0,0,0,0,0,2023-08-08,0.25,tier3,1,0,1,0,Flamengo,2023-08-05,219.0,,bc,0,0,0,2023-08-12,2024-05-19,,0,0.0,0
51,Crystal Palace,927,Jeffrey Schlupp,yes,26.0,38,32,6,0.5681,1725.0,306.8,2031.8,0.849,0.192,0.0,0,12,0,0,0,0,0,0,2017-01-16,0.45,data_club,1,0,1,0,Leicester City,2017-01-13,219.0,,bc,0,0,0,2023-08-12,2024-05-19,,0,0.0,0
51,Crystal Palace,34455847,Jesurun Rak-Sakyi,yes,26.0,38,13,25,0.1358,59.9,305.5,365.5,0.164,0.1358,0.0,0,12,0,0,0,0,0,0,,0.0,none,1,0,0,1,,,,Crystal Palace U21,bc,0,0,0,2023-08-12,2024-05-19,,0,0.0,0
51,Crystal Palace,18218609,Chris Richards,yes,25.0,38,35,3,1.0,1569.8,270.0,1839.8,0.8532,1.0,0.0,0,12,0,0,0,0,0,0,2022-07-30,0.5,tier1,1,0,1,0,FC Bayern München,2022-07-27,219.0,,ac,0,0,0,2023-08-12,2024-05-19,,0,0.0,0
51,Crystal Palace,1038,Jordan Ayew,yes,27.0,38,36,2,0.8994,2853.9,161.9,3015.8,0.9463,0.4988,0.6,1,12,0,0,0,0,0,0,2019-07-28,0.45,data_club,1,0,1,0,Swansea City,2018-08-09,218.0,,bc,0,0,0,2023-08-12,2024-05-19,,0,0.0,0
51,Crystal Palace,4598710,Tyrick Mitchell,yes,25.0,38,37,1,0.918,3223.8,82.6,3306.4,0.975,0.9478,0.0,0,12,0,0,0,0,0,0,,0.0,none,1,0,0,1,,,,Crystal Palace U21,ac,0,0,0,2023-08-12,2024-05-19,,0,0.0,0
51,Crystal Palace,25399,Jairo Riedewald,yes,26.0,38,29,9,0.0801,208.6,64.8,273.5,0.7629,0.0704,0.0,0,12,0,0,0,0,0,0,2017-07-27,0.5,tier1,1,0,1,0,Ajax,2017-07-24,219.0,,bc,0,0,0,2023-08-12,2024-05-19,,0,0.0,0
51,Crystal Palace,336,James Tomkins,yes,25.0,38,28,10,0.0719,107.3,64.7,172.0,0.6239,0.0146,0.0,0,12,0,0,0,0,0,0,2016-07-08,0.45,data_club,1,0,1,0,West Ham United,2016-07-05,219.0,,bc,0,0,0,2023-08-12,2024-05-19,,0,0.0,0
51,Crystal Palace,1202,Nathaniel Clyne,yes,25.0,38,37,1,0.5593,987.5,50.3,1037.8,0.9515,0.5714,0.0,0,12,0,0,0,0,0,0,2020-10-17,0.45,data_club,1,0,1,0,Liverpool,2020-10-14,220.0,Crystal Palace U18,bc,0,0,0,2023-08-12,2024-05-19,,0,0.0,0
51,Crystal Palace,1901,Rob Holding,yes,25.0,34,10,24,0.0233,244.7,50.3,294.9,0.8296,0.0167,0.0,0,12,2,0,0,0,0,0,2023-09-04,0.45,data_club,1,0,1,0,Arsenal,2023-09-01,219.0,,bc,4,0,0,2023-09-16,2024-05-19,,0,0.0,0
51,Crystal Palace,37316940,Naouirou Ahamada,yes,26.0,38,34,4,0.1198,370.3,43.1,413.5,0.8957,0.1104,0.0,1,11,0,0,0,1,0,0,2023-02-03,0.5,tier1,1,0,1,0,VfB Stuttgart,2023-01-31,219.0,,bc,0,0,0,2023-08-12,2024-05-19,,0,0.0,0
51,Crystal Palace,37561117,David Ozoh,yes,26.0,38,24,14,0.0136,174.3,17.1,191.4,0.9107,0.0305,0.0,0,12,0,0,0,0,0,0,,0.0,none,1,0,0,1,,,,Crystal Palace U21,bc,0,0,0,2023-08-12,2024-05-19,,0,0.0,0
51,Crystal Palace,9278,Remi Matthews,yes,24.0,38,29,9,0.0092,11.1,7.4,18.6,0.6,0.0,0.0,0,12,0,0,0,0,0,0,2021-07-15,0.0,none,1,1,1,0,Sunderland,2021-07-12,220.0,,ac,0,0,0,2023-08-12,2024-05-19,,0,0.0,0
51,Crystal Palace,96950,Jean-Philippe Mateta,yes,27.0,38,37,1,0.0812,1865.2,7.3,1872.5,0.9961,0.8538,0.0,0,12,0,0,0,0,0,0,2022-02-03,0.5,tier1,1,0,1,0,FSV Mainz 05,2021-01-21,218.0,,ac,0,0,0,2023-08-12,2024-05-19,,0,0.0,0
51,Crystal Palace,12647,Dean Henderson,yes,24.0,35,25,10,0.0,1057.5,0.0,1057.5,1.0,0.8333,0.0,0,12,0,0,0,0,0,0,2023-09-03,0.0,none,1,1,1,0,Manchester United,2023-08-31,219.0,,ac,0,0,0,2023-09-03,2024-05-19,,0,0.0,0
51,Crystal Palace,25284,Joachim Andersen,yes,25.0,38,38,0,0.9941,3383.8,0.0,3383.8,1.0,0.9941,0.0,0,12,0,0,0,0,0,0,2021-07-31,0.5,tier1,1,0,1,0,Olympique Lyonnais,2021-07-28,219.0,,bc,0,0,0,2023-08-12,2024-05-19,,0,0.0,0
51,Crystal Palace,524045,Daniel Muñoz,yes,26.0,16,16,0,0.9983,1146.9,0.0,1146.9,1.0,0.9983,0.0,0,12,0,0,0,0,0,0,2024-02-02,0.5,tier1,1,0,1,0,Genk,2024-01-30,219.0,,bc,22,0,0,2024-02-03,2024-05-19,,0,0.0,0
51,Crystal Palace,3188072,Nathan Ferguson,yes,25.0,38,0,38,0.0,0.0,0.0,0.0,,0.0,0.0,0,0,0,0,0,0,12,0,2020-07-30,0.45,data_club,1,0,1,0,West Bromwich Albion,2020-07-27,220.0,,b,0,0,0,2023-08-12,2024-05-19,,0,0.0,0
51,Crystal Palace,37259172,Luke Plange,yes,27.0,8,3,5,0.0,0.0,0.0,0.0,,0.0,0.0,0,5,0,0,0,0,7,0,2022-02-03,0.45,data_club,1,0,1,0,Derby County,2022-01-31,219.0,,bc,30,0,0,2024-01-20,2024-03-09,,0,0.0,0
51,Crystal Palace,37298063,Malcolm Ebiowei,yes,27.0,22,10,12,0.0,0.0,0.0,0.0,,0.0,0.0,0,10,0,0,2,0,0,0,2022-07-04,0.45,data_club,1,0,1,0,Derby County,2022-07-01,219.0,,bc,16,0,0,2023-08-12,2024-01-30,,0,0.0,0
51,Crystal Palace,37336930,Roshaun Mathurin,yes,27.0,10,2,8,0.0,0.0,0.0,0.0,,0.0,0.0,0,2,0,0,0,0,10,10,,0.0,none,1,0,0,1,,,,,bc,0,0,0,2024-03-30,2024-05-19,,0,0.0,0
51,Crystal Palace,37350704,Adam Wharton,yes,26.0,16,16,0,0.8984,988.8,0.0,988.8,1.0,0.8984,0.0,0,12,0,0,0,0,0,0,2024-02-04,0.45,data_club,1,0,1,0,Blackburn Rovers,2024-02-01,219.0,,ac,1,1,0,2024-02-03,2024-05-19,,0,0.0,0
51,Crystal Palace,37354790,Tayo Adaramola,yes,25.0,38,3,35,0.0,0.0,0.0,0.0,,0.0,0.0,0,5,0,0,0,0,7,7,,0.0,none,1,0,0,1,,,,,bc,0,0,0,2023-08-12,2024-05-19,,0,0.0,0
51,Crystal Palace,37391503,John-Kymani Gordon,yes,27.0,38,3,35,0.0,0.0,0.0,0.0,,0.0,0.0,0,8,0,0,0,0,4,4,,0.0,none,1,0,0,1,,,,,bc,0,0,0,2023-08-12,2024-05-19,,0,0.0,0
51,Crystal Palace,37459074,Jadan Raymond,yes,26.0,31,2,29,0.0,0.0,0.0,0.0,,0.0,0.0,0,2,0,0,0,0,10,10,,0.0,none,1,0,0,1,,,,,bc,0,0,0,2023-10-07,2024-05-19,,0,0.0,0
51,Crystal Palace,37554902,Kaden Rodney,yes,26.0,38,2,36,0.0,0.0,0.0,0.0,,0.0,0.0,0,4,0,0,0,0,8,8,,0.0,none,1,0,0,1,,,,,bc,0,0,0,2023-08-12,2024-05-19,,0,0.0,0
51,Crystal Palace,37561116,Ademola Ola-Adebomi,yes,27.0,32,3,29,0.0,0.0,0.0,0.0,,0.0,0.0,0,3,0,0,0,0,9,9,,0.0,none,1,0,0,1,,,,,bc,0,0,0,2023-09-30,2024-05-19,,0,0.0,0
51,Crystal Palace,37599249,Franco Umeh-Chibueze,yes,27.0,14,5,9,0.0,0.0,0.0,0.0,,0.0,0.0,0,5,0,0,0,0,7,7,,0.0,none,1,0,0,1,,,,,bc,0,0,0,2024-02-19,2024-05-19,,0,0.0,0
51,Crystal Palace,900875235,Seán Grehan,yes,,38,0,38,0.0,0.0,0.0,0.0,,0.0,0.0,0,0,0,0,0,0,12,0,2022-08-06,0.35,unknown+override,0,0,1,0,Without Club,2022-08-03,219.0,,b,0,0,0,2023-08-12,2024-05-19,,0,0.0,0
13,Everton,764,Séamus Coleman,yes,25.0,38,18,20,0.7323,827.8,1318.2,2146.0,0.3858,0.4587,0.0,0,12,0,0,0,0,0,0,2009-01-04,0.35,tier2,1,0,1,0,Sligo Rovers,2009-01-01,219.0,,bc,0,0,0,2023-08-12,2024-05-19,,0,0.0,0
13,Everton,1030,Idrissa Gueye,yes,26.0,38,28,10,0.6892,1873.8,620.3,2494.1,0.7513,0.7821,0.0,0,12,0,0,0,0,0,0,2022-09-04,0.5,tier1,1,0,1,0,Aston Villa,2016-08-02,219.0,,bc,0,0,0,2023-08-12,2024-05-19,,0,0.0,0
13,Everton,22878573,Amadou Onana,yes,26.0,38,31,7,0.8925,2117.4,562.3,2679.7,0.7902,0.6022,0.0,0,12,0,0,0,0,0,0,2022-08-12,0.5,tier1,1,0,1,0,LOSC Lille,2022-08-09,219.0,,bc,0,0,0,2023-08-12,2024-05-19,,0,0.0,0
13,Everton,537271,Vitalii Mykolenko,yes,25.0,38,32,6,0.9667,2383.9,522.0,2906.0,0.8204,0.9537,0.0,0,12,0,0,0,0,0,0,2022-01-04,0.35,tier2,1,0,1,0,Dynamo Kyiv,2022-01-01,219.0,,ac,0,0,0,2023-08-12,2024-05-19,,0,0.0,0
13,Everton,2144,Abdoulaye Doucouré,yes,26.0,38,32,6,0.9203,2670.7,497.0,3167.7,0.8431,0.8584,0.0,0,12,0,0,0,0,0,0,2020-09-11,0.45,data_club,1,0,1,0,Watford,2020-09-08,219.0,,bc,0,0,0,2023-08-12,2024-05-19,,0,0.0,0
13,Everton,165,Ashley Young,yes,25.0,38,32,6,0.8765,2104.9,473.3,2578.2,0.8164,0.7105,33.6,1,12,0,0,0,0,0,0,2023-07-16,0.45,data_club,1,0,1,0,Aston Villa,2023-07-13,220.0,,bc,0,0,0,2023-08-12,2024-05-19,,0,0.0,0
13,Everton,262274,Jack Harrison,yes,26.0,37,30,7,0.7488,2191.9,471.7,2663.6,0.8229,0.6827,0.0,0,12,0,0,0,0,0,0,2023-08-17,0.45,data_club,1,0,1,0,Leeds United,2023-08-14,218.0,,bc,1,0,0,2023-08-20,2024-05-19,,0,0.0,0
13,Everton,5141,Dominic Calvert-Lewin,yes,27.0,38,32,6,0.7396,2111.1,399.4,2510.5,0.8409,0.7227,0.0,0,12,0,0,0,0,0,0,2016-09-03,0.45,data_club,1,0,1,0,Sheffield United,2016-08-31,219.0,,bc,0,0,0,2023-08-12,2024-05-19,,0,0.0,0
13,Everton,4598726,Dwight McNeil,yes,26.0,38,35,3,1.0,2883.8,270.0,3153.8,0.9144,0.9752,0.0,0,12,0,0,0,0,0,0,2022-07-31,0.45,data_club,1,0,1,0,Burnley,2022-07-28,219.0,,bc,0,0,0,2023-08-12,2024-05-19,,0,0.0,0
13,Everton,26491,Arnaut Danjuma,yes,27.0,38,28,10,0.2106,712.1,189.5,901.6,0.7898,0.193,0.0,0,12,0,0,0,0,0,0,2023-07-26,0.5,tier1,1,0,1,0,Villarreal,2023-07-23,218.0,,bc,0,0,0,2023-08-12,2024-05-19,,0,0.0,0
13,Everton,922,Dele Alli,yes,26.0,38,0,38,0.0414,0.0,141.8,141.8,0.0,0.0414,0.0,0,3,0,0,0,0,9,0,2022-02-03,0.45,data_club,1,0,1,0,Tottenham Hotspur,2022-01-31,220.0,,b,0,0,0,2023-08-12,2024-05-19,,0,0.0,0
13,Everton,21773178,Beto,yes,27.0,35,32,3,0.4005,1111.5,108.1,1219.7,0.9113,0.3681,0.0,0,12,0,0,0,0,0,0,2023-09-01,0.5,tier1,1,0,1,0,Udinese,2023-08-29,219.0,,bc,3,0,0,2023-09-02,2024-05-19,,0,0.0,0
13,Everton,159372,André Gomes,yes,26.0,38,16,22,0.0491,319.3,97.3,416.6,0.7665,0.3312,0.0,0,12,0,0,0,0,0,0,2019-07-04,0.5,tier1,1,0,1,0,FC Barcelona,2018-08-09,218.0,,bc,0,0,0,2023-08-12,2024-05-19,,0,0.0,0
13,Everton,881,Michael Keane,yes,25.0,38,35,3,0.3508,755.7,94.7,850.4,0.8886,0.0335,0.0,0,12,0,0,0,0,0,0,2017-07-06,0.45,data_club,1,0,1,0,Burnley,2017-07-03,219.0,,ac,0,0,0,2023-08-12,2024-05-19,,0,0.0,0
13,Everton,32404895,Jarrad Branthwaite,yes,25.0,38,37,1,1.0,2547.4,90.0,2637.4,0.9659,0.9673,0.0,0,12,0,0,0,0,0,0,2020-01-16,0.35,tier2,1,0,1,0,Carlisle United,2020-01-13,219.0,,ac,0,0,0,2023-08-12,2024-05-19,,0,0.0,0
13,Everton,28912855,Lewis Dobbin,yes,27.0,38,28,10,0.0991,205.8,89.2,295.0,0.6977,0.0775,0.0,0,12,0,0,0,0,0,0,,0.0,none,1,0,0,1,,,,Everton U21,bc,0,0,0,2023-08-12,2024-05-19,,0,0.0,0
13,Everton,1881,Alex Iwobi,yes,26.0,3,2,1,0.9622,179.8,86.6,266.4,0.6749,0.7527,0.0,0,12,12,0,0,0,0,0,2019-08-11,0.45,data_club,1,0,1,0,Arsenal,2019-08-08,219.0,,bc,35,0,0,2023-08-12,2023-08-26,,0,0.0,0
13,Everton,4536524,James Garner,yes,26.0,38,37,1,0.9111,2993.0,82.0,3075.0,0.9733,0.7989,0.0,0,12,0,0,0,0,0,0,2022-09-04,0.45,data_club,1,0,1,0,Manchester United,2022-09-01,219.0,,ac,0,0,0,2023-08-12,2024-05-19,,0,0.0,0
13,Everton,37587573,Youssef Chermiti,yes,27.0,37,36,1,0.5,391.9,45.0,436.9,0.897,0.1478,0.0,0,12,0,0,0,0,0,0,2023-08-14,0.5,tier1,1,0,1,0,Sporting CP,2023-08-11,219.0,,bc,1,0,0,2023-08-20,2024-05-19,,0,0.0,0
13,Everton,37260638,Nathan Patterson,yes,25.0,38,32,6,0.0513,1286.1,27.7,1313.8,0.9789,0.0513,0.0,0,12,0,0,0,0,0,0,2022-01-07,0.35,tier2,1,0,1,0,Rangers,2022-01-04,219.0,,bc,0,0,0,2023-08-12,2024-05-19,,0,0.0,0
13,Everton,1692,Mason Holgate,yes,25.0,2,0,2,0.113,0.0,20.3,20.3,0.0,0.6098,0.0,0,11,11,0,0,1,0,0,2015-08-16,0.45,data_club,1,0,1,0,Barnsley,2015-08-13,219.0,,b,36,0,0,2023-08-12,2023-08-20,,0,0.0,0
13,Everton,32796058,Tyler Onyango,yes,26.0,38,5,33,0.0008,0.2,2.3,2.5,0.0833,0.0008,0.0,0,5,0,0,0,0,7,7,,0.0,none,1,0,0,1,,,,Everton U21,bc,0,0,0,2023-08-12,2024-05-19,,0,0.0,0
13,Everton,1639,James Tarkowski,yes,25.0,38,38,0,1.0,3415.5,0.0,3415.5,1.0,1.0,0.0,0,12,0,0,0,0,0,0,2022-07-05,0.45,data_club,1,0,1,0,Burnley,2022-07-02,220.0,,ac,0,0,0,2023-08-12,2024-05-19,,0,0.0,0
13,Everton,1791,Andy Lonergan,yes,24.0,38,10,28,0.0,0.0,0.0,0.0,,0.0,0.0,0,12,0,0,0,0,0,0,2021-08-23,0.0,none,1,1,1,0,West Bromwich Albion,2021-08-20,220.0,,bc,0,0,0,2023-08-12,2024-05-19,,0,0.0,0
13,Everton,1826,Jordan Pickford,yes,24.0,38,38,0,1.0,3420.0,0.0,3420.0,1.0,1.0,0.0,0,12,0,0,0,0,0,0,2017-07-04,0.0,none,1,1,1,0,Sunderland,2017-07-01,219.0,,ac,0,0,0,2023-08-12,2024-05-19,,0,0.0,0
13,Everton,7958,Ben Godfrey,yes,25.0,38,38,0,0.5801,1220.8,0.0,1220.8,1.0,0.5801,0.0,0,12,0,0,0,0,0,0,2020-10-08,0.45,data_club,1,0,1,0,Norwich City,2020-10-05,219.0,,bc,0,0,0,2023-08-12,2024-05-19,,0,0.0,0
13,Everton,95776,Neal Maupay,yes,27.0,3,3,0,0.1613,61.8,0.0,61.8,1.0,0.1613,0.0,0,12,12,0,0,0,0,0,2022-08-29,0.45,data_club,1,0,1,0,Brighton & Hove Albion,2022-08-26,219.0,,bc,35,0,0,2023-08-12,2023-08-26,,0,0.0,0
13,Everton,539969,João Virgínia,yes,24.0,38,38,0,0.0,0.0,0.0,0.0,,0.0,0.0,0,12,0,0,0,0,0,0,,0.0,none,1,1,0,1,,,,Everton U21,bc,0,0,0,2023-08-12,2024-05-19,,0,0.0,0
13,Everton,5666433,Billy Crellin,yes,24.0,38,1,37,0.0,0.0,0.0,0.0,,0.0,0.0,0,1,0,0,0,0,11,0,2022-02-03,0.0,none,1,1,1,0,Fleetwood,2022-01-31,219.0,Everton U21,bc,0,0,0,2023-08-12,2024-05-19,,0,0.0,0
13,Everton,28575644,Mackenzie Hunt,yes,26.0,33,17,16,0.0,0.0,0.0,0.0,,0.0,0.0,0,12,0,0,0,0,0,0,,0.0,none,1,0,0,1,,,,,bc,0,0,0,2023-09-23,2024-05-19,,0,0.0,0
13,Everton,29313203,Lewis Warrington,yes,26.0,38,8,30,0.0,0.1,0.0,0.1,1.0,0.0009,0.0,0,8,0,4,0,0,0,0,,0.0,none,1,0,0,1,,,,,bc,0,0,0,2023-08-12,2024-05-19,,0,0.0,0
13,Everton,33991824,Thomas Cannon,yes,27.0,3,3,0,0.0,0.0,0.0,0.0,,0.0,0.0,0,0,0,12,0,0,0,0,,0.0,none,1,0,0,1,,,,Everton U21,bc,35,0,0,2023-08-12,2023-08-26,,0,0.0,0
13,Everton,37436348,Elijah Campbell,yes,25.0,22,1,21,0.0,0.0,0.0,0.0,,0.0,0.0,0,1,0,0,0,0,11,11,,0.0,none,1,0,0,1,,,,,bc,0,0,0,2023-12-16,2024-05-19,,0,0.0,0
13,Everton,37553446,Jenson Metcalfe,yes,26.0,22,4,18,0.0,0.0,0.0,0.0,,0.0,0.0,0,4,0,0,0,0,8,8,,0.0,none,1,0,0,1,,,,,bc,0,0,0,2023-12-16,2024-05-19,,0,0.0,0
11,Fulham,5241,Tosin Adarabioyo,yes,25.0,38,22,16,0.8609,1632.8,1239.6,2872.4,0.5684,0.9016,0.0,0,12,0,0,0,0,0,0,2020-10-08,0.0,tier2,1,0,1,0,Manchester City U21,2020-10-05,219.0,,bc,0,0,0,2023-08-12,2024-05-19,,0,0.0,0
11,Fulham,96799,Issa Diop,yes,25.0,38,21,17,0.7944,1429.3,1215.5,2644.7,0.5404,0.5567,0.0,1,11,0,0,0,1,0,0,2022-08-13,0.45,data_club,1,0,1,0,West Ham United,2022-08-10,219.0,,bc,0,0,0,2023-08-12,2024-05-19,,0,0.0,0
11,Fulham,4241,Adama Traoré,yes,27.0,37,19,18,0.3473,519.1,562.6,1081.6,0.4799,0.3024,0.0,0,12,0,0,0,0,0,0,2023-08-15,0.45,data_club,1,0,1,0,Wolverhampton Wanderers,2023-08-12,220.0,,bc,1,0,0,2023-08-19,2024-05-19,,0,0.0,0
11,Fulham,25400,Kenny Tete,yes,25.0,38,28,10,0.6112,1206.7,550.1,1756.8,0.6869,0.2029,0.0,0,12,0,0,0,0,0,0,2020-09-13,0.5,tier1,1,0,1,0,Olympique Lyonnais,2020-09-10,219.0,,ac,0,0,0,2023-08-12,2024-05-19,,0,0.0,0
11,Fulham,160217,Raúl Jiménez,yes,27.0,38,29,9,0.6583,1600.1,533.2,2133.3,0.7501,0.3671,33.7,1,12,0,0,0,0,0,0,2023-07-28,0.45,data_club,1,0,1,0,Wolverhampton Wanderers,2023-07-25,219.0,,bc,0,0,0,2023-08-12,2024-05-19,,0,0.0,0
11,Fulham,2454,Tim Ream,yes,25.0,38,31,7,0.8232,1949.8,518.6,2468.4,0.7899,0.0833,18.0,1,12,0,0,0,0,0,0,2015-08-23,0.45,data_club,1,0,1,0,Bolton Wanderers,2015-08-20,219.0,,bc,0,0,0,2023-08-12,2024-05-19,,0,0.0,0
11,Fulham,160072,João Palhinha,yes,26.0,38,33,5,0.9396,2717.4,422.8,3140.3,0.8654,0.8531,0.0,0,12,0,0,0,0,0,0,2022-07-07,0.5,tier1,1,0,1,0,Sporting CP,2022-07-04,219.0,,bc,0,0,0,2023-08-12,2024-05-19,,0,0.0,0
11,Fulham,540027,Calvin Bassey,yes,25.0,38,33,5,0.8873,1959.9,399.3,2359.2,0.8308,1.0,0.0,1,12,0,0,0,0,0,0,2023-07-31,0.5,tier1,1,0,1,0,Ajax,2023-07-28,219.0,,ac,0,0,0,2023-08-12,2024-05-19,,0,0.0,0
11,Fulham,1317,Willian,yes,27.0,38,33,5,0.7594,2246.3,341.7,2588.0,0.868,0.5683,0.0,0,12,0,0,0,0,0,0,2022-09-04,0.25,tier3+override,1,0,1,0,Corinthians,2022-09-01,220.0,,bc,0,0,0,2023-08-12,2024-05-19,,0,0.0,0
11,Fulham,1881,Alex Iwobi,yes,26.0,34,30,4,0.8544,2168.9,307.6,2476.5,0.8758,0.8527,0.0,0,12,0,0,0,0,0,0,2023-09-04,0.45,data_club,1,0,1,0,Everton,2023-09-01,219.0,,ac,1,0,0,2023-09-16,2024-05-19,,0,0.0,0
11,Fulham,130248,Sasa Lukic,yes,26.0,38,33,5,0.5158,898.7,232.1,1130.8,0.7948,0.6584,0.0,0,12,0,0,0,0,0,0,2023-02-03,0.5,tier1,1,0,1,0,Torino,2023-01-31,219.0,,bc,0,0,0,2023-08-12,2024-05-19,,0,0.0,0
11,Fulham,23697427,Armando Broja,yes,27.0,16,12,4,0.5215,465.5,187.7,653.2,0.7126,0.1128,0.0,0,12,0,0,0,0,0,0,2024-02-04,0.45,data_club,1,0,1,0,Chelsea,2024-02-01,218.0,,bc,23,1,0,2024-02-03,2024-05-19,,0,0.0,0
11,Fulham,5403,Harry Wilson,yes,26.0,38,36,2,0.5544,1860.6,99.8,1960.4,0.9491,0.3707,0.0,0,12,0,0,0,0,0,0,2021-07-27,0.45,data_club,1,0,1,0,Liverpool,2021-07-24,219.0,,bc,0,0,0,2023-08-12,2024-05-19,,0,0.0,0
11,Fulham,37537755,Luke Harris,yes,26.0,20,5,15,0.0674,21.8,91.0,112.8,0.1936,0.0701,0.0,0,12,0,0,0,0,0,0,,0.0,none,1,0,0,1,,,,Fulham U21,bc,18,0,0,2023-08-12,2023-12-31,,0,0.0,0
11,Fulham,581067,Antonee Robinson,yes,25.0,38,37,1,1.0,3265.4,90.0,3355.4,0.9732,0.9855,0.0,0,12,0,0,0,0,0,0,2020-08-23,0.45,data_club,1,0,1,0,Wigan Athletic,2020-08-20,219.0,,ac,0,0,0,2023-08-12,2024-05-19,,0,0.0,0
11,Fulham,1366,Aleksandar Mitrovic,yes,27.0,2,1,1,0.8673,81.8,78.1,159.9,0.5118,0.8673,0.0,0,12,0,0,0,0,0,0,2018-08-02,0.45,data_club,1,0,1,0,Newcastle United,2018-01-31,218.0,,bc,36,0,0,2023-08-12,2023-08-19,,0,0.0,0
11,Fulham,97078,Fodé Ballo-Touré,yes,25.0,34,22,12,0.0679,346.1,73.3,419.3,0.8252,0.0839,0.0,0,12,0,0,0,0,0,0,2023-09-04,0.5,tier1,1,0,1,0,AC Milan,2023-09-01,218.0,,bc,4,0,0,2023-09-16,2024-05-19,,0,0.0,0
11,Fulham,37402350,Rodrigo Muniz,yes,27.0,38,33,5,0.1114,1158.5,50.2,1208.7,0.9585,0.8033,0.0,0,12,0,0,0,0,0,0,2021-08-23,0.25,tier3,1,0,1,0,Flamengo,2021-08-20,219.0,,ac,0,0,0,2023-08-12,2024-05-19,,0,0.0,0
11,Fulham,463153,Carlos Vinícius,yes,27.0,22,20,2,0.264,561.6,47.5,609.1,0.922,0.1678,0.0,0,12,0,0,0,0,0,0,2022-09-04,0.5,tier1,1,0,1,0,Benfica,2022-09-01,219.0,,bc,16,0,0,2023-08-12,2024-01-30,,0,0.0,0
11,Fulham,1409,Harrison Reed,yes,26.0,38,37,1,0.339,1560.5,30.5,1591.0,0.9808,0.3781,0.0,0,12,0,0,0,0,0,0,2020-09-02,0.45,data_club,1,0,1,0,Southampton,2019-08-08,218.0,,ac,0,0,0,2023-08-12,2024-05-19,,0,0.0,0
11,Fulham,37259158,Jay Stansfield,yes,27.0,2,1,1,0.0859,7.7,7.7,15.5,0.5,0.0,0.0,0,0,0,12,0,0,0,0,,0.0,none,1,0,0,1,,,,Fulham U21,bc,36,0,0,2023-08-12,2023-08-19,,0,0.0,0
11,Fulham,7340703,Tyrese Francois,yes,26.0,22,5,17,0.0042,1.9,6.4,8.3,0.2273,0.0042,0.0,0,12,0,0,0,0,0,0,,0.0,none,1,0,0,1,,,,Fulham U21,bc,16,0,0,2023-08-12,2024-01-30,,0,0.0,0
11,Fulham,1004,Andreas Pereira,yes,26.0,38,38,0,0.7132,2611.7,0.0,2611.7,1.0,0.7132,0.0,0,12,0,0,0,0,0,0,2022-07-14,0.45,data_club,1,0,1,0,Manchester United,2022-07-11,219.0,,bc,0,0,0,2023-08-12,2024-05-19,,0,0.0,0
11,Fulham,2285,Tom Cairney,yes,26.0,38,38,0,0.295,1729.2,0.0,1729.2,1.0,0.295,0.0,0,12,0,0,0,0,0,0,2015-07-04,0.45,data_club,1,0,1,0,Blackburn Rovers,2015-07-01,219.0,,ac,0,0,0,2023-08-12,2024-05-19,,0,0.0,0
11,Fulham,3140,Bobby De Cordova-Reid,yes,27.0,38,38,0,0.2678,1438.1,0.0,1438.1,1.0,0.2678,0.0,0,12,0,0,0,0,0,0,2020-01-27,0.45,data_club,1,0,1,0,Cardiff City,2019-08-08,218.0,,bc,0,0,0,2023-08-12,2024-05-19,,0,0.0,0
11,Fulham,4343,Kevin Mbabu,yes,25.0,3,3,0,0.1123,34.2,0.0,34.2,1.0,0.1123,0.0,0,12,0,0,0,0,0,0,2022-07-30,0.5,tier1,1,0,1,0,VfL Wolfsburg,2022-07-27,219.0,,bc,35,0,0,2023-08-12,2023-08-26,,0,0.0,0
11,Fulham,6351,Marek Rodák,yes,24.0,38,38,0,0.0,0.0,0.0,0.0,,0.0,0.0,0,12,0,0,0,0,0,0,,0.0,none,1,1,0,1,,,,Fulham U21,bc,0,0,0,2023-08-12,2024-05-19,,0,0.0,0
11,Fulham,31342,Bernd Leno,yes,24.0,38,38,0,1.0,3420.0,0.0,3420.0,1.0,1.0,0.0,0,12,0,0,0,0,0,0,2022-08-05,0.0,none,1,1,1,0,Arsenal,2022-08-02,219.0,,ac,0,0,0,2023-08-12,2024-05-19,,0,0.0,0
11,Fulham,62337,Timothy Castagne,yes,25.0,35,35,0,0.7938,2665.8,0.0,2665.8,1.0,0.7938,0.0,0,12,0,0,0,0,0,0,2023-09-01,0.45,data_club,1,0,1,0,Leicester City,2023-08-29,219.0,,ac,0,0,0,2023-09-02,2024-05-19,,0,0.0,0
11,Fulham,455687,Steven Benda,yes,24.0,35,0,35,0.0,0.0,0.0,0.0,,0.0,0.0,0,0,0,0,12,0,0,0,2023-09-02,0.0,none,1,1,1,0,Swansea City,2023-08-30,219.0,,b,3,0,0,2023-09-02,2024-05-19,,0,0.0,0
11,Fulham,37529823,Kristian Sekularac,yes,26.0,38,2,36,0.0,0.0,0.0,0.0,,0.0,0.0,0,3,0,0,0,0,9,9,,0.0,none,1,0,0,1,,,,,bc,0,0,0,2023-08-12,2024-05-19,,0,0.0,0
11,Fulham,37537754,Matt Dibley-Dias,yes,26.0,38,1,37,0.0,0.0,0.0,0.0,,0.0,0.0,0,3,0,0,0,0,9,9,,0.0,none,1,0,0,1,,,,,bc,0,0,0,2023-08-12,2024-05-19,,0,0.0,0
11,Fulham,37553443,Devan Tanton,yes,25.0,29,1,28,0.0,0.0,0.0,0.0,,0.0,0.0,0,1,0,0,0,0,11,11,,0.0,none,1,0,0,1,,,,,bc,0,0,0,2023-10-29,2024-05-19,,0,0.0,0
11,Fulham,37581727,Luc De Fougerolles,yes,25.0,30,5,25,0.0,0.0,0.0,0.0,,0.0,0.0,0,5,0,0,0,0,7,7,,0.0,none,1,0,0,1,,,,,bc,0,0,0,2023-10-23,2024-05-19,,0,0.0,0
11,Fulham,37656924,Josh King,yes,26.0,16,2,14,0.0,0.0,0.0,0.0,,0.0,0.0,0,2,0,0,0,0,10,10,,0.0,none,1,0,0,1,,,,Fulham U18,c,0,0,0,2024-02-03,2024-05-19,,0,0.0,0
8,Liverpool,31857,Thiago Alcântara,yes,26.0,38,1,37,0.7029,65.9,2340.6,2406.5,0.0274,0.6593,0.0,0,12,0,0,0,0,0,0,2020-09-21,0.5,tier1,1,0,1,0,FC Bayern München,2020-09-18,219.0,,bc,0,0,0,2023-08-13,2024-05-19,,0,0.0,0
8,Liverpool,1920,Joël Matip,yes,25.0,38,14,24,0.722,542.5,1559.6,2102.1,0.2581,0.722,0.0,0,12,0,0,0,0,0,0,2016-07-04,0.5,tier1,1,0,1,0,Schalke 04,2016-07-01,220.0,,bc,0,0,0,2023-08-13,2024-05-19,,0,0.0,0
8,Liverpool,37565677,Stefan Bajcetic,yes,25.0,38,7,31,0.4378,266.8,1221.4,1488.2,0.1793,0.2509,0.0,0,12,0,0,0,0,0,0,,0.0,none,1,0,0,1,,,,Liverpool U18,bc,0,0,0,2023-08-13,2024-05-19,,0,0.0,0
8,Liverpool,1078,Andy Robertson,yes,25.0,38,23,15,0.8904,1696.5,1202.0,2898.6,0.5853,0.7675,0.0,0,12,0,0,0,0,0,0,2017-07-24,0.45,data_club,1,0,1,0,Hull City,2017-07-21,219.0,,bc,0,0,0,2023-08-13,2024-05-19,,0,0.0,0
8,Liverpool,159917,Diogo Jota,yes,27.0,38,22,16,0.6385,1163.1,919.5,2082.6,0.5585,0.5873,18.3,1,12,0,0,0,0,0,0,2020-09-22,0.45,data_club,1,0,1,0,Wolverhampton Wanderers,2020-09-19,219.0,,bc,0,0,0,2023-08-13,2024-05-19,,0,0.0,0
8,Liverpool,129820,Alisson Becker,yes,24.0,38,28,10,1.0,2520.0,900.0,3420.0,0.7368,1.0,0.0,0,12,0,0,0,0,0,0,2018-07-22,0.0,none,1,1,1,0,Roma,2018-07-19,219.0,,ac,0,0,0,2023-08-13,2024-05-19,,0,0.0,0
8,Liverpool,1917,Trent Alexander-Arnold,yes,25.0,38,28,10,0.8929,2236.1,803.6,3039.7,0.7356,0.765,0.0,0,12,0,0,0,0,0,0,,0.0,none,1,0,0,1,,,,Liverpool U18,bc,0,0,0,2023-08-13,2024-05-19,,0,0.0,0
8,Liverpool,4545513,Curtis Jones,yes,26.0,38,27,11,0.7049,1504.3,697.8,2202.1,0.6831,0.3963,44.7,1,12,0,0,0,0,0,0,,0.0,none,1,0,0,1,,,,Liverpool U21,bc,0,0,0,2023-08-13,2024-05-19,,0,0.0,0
8,Liverpool,4545525,Rhys Williams,yes,25.0,16,0,16,0.375,0.0,540.0,540.0,0.0,0.375,0.0,0,2,0,10,0,0,0,0,2023-06-03,0.45,data_club,1,0,1,0,Blackpool,2023-05-31,218.0,Liverpool U21,b,22,0,0,2024-02-04,2024-05-19,,0,0.0,0
8,Liverpool,4125,Mohamed Salah,yes,27.0,38,32,6,0.9647,2627.7,520.9,3148.6,0.8346,0.7473,0.0,0,12,0,0,0,0,0,0,2017-07-04,0.5,tier1,1,0,1,0,Roma,2017-07-01,219.0,,bc,0,0,0,2023-08-13,2024-05-19,,0,0.0,0
8,Liverpool,216612,Alexis Mac Allister,yes,26.0,38,33,5,0.8562,2427.9,385.3,2813.2,0.863,0.8967,0.0,1,12,0,0,0,0,0,0,2023-07-04,0.45,data_club,1,0,1,0,Brighton & Hove Albion,2023-07-01,219.0,,ac,0,0,0,2023-08-13,2024-05-19,,0,0.0,0
8,Liverpool,100556,Ibrahima Konaté,yes,25.0,38,33,5,0.78,1917.0,351.0,2268.0,0.8452,0.3069,0.0,1,12,0,0,0,0,0,0,2021-07-04,0.5,tier1,1,0,1,0,RB Leipzig,2021-07-01,219.0,,bc,0,0,0,2023-08-13,2024-05-19,,0,0.0,0
8,Liverpool,785998,Dominik Szoboszlai,yes,26.0,38,33,5,0.7699,2195.2,346.4,2541.6,0.8637,0.4268,0.0,0,12,0,0,0,0,0,0,2023-07-05,0.5,tier1,1,0,1,0,RB Leipzig,2023-07-02,219.0,,ac,0,0,0,2023-08-13,2024-05-19,,0,0.0,0
8,Liverpool,84627,Kostas Tsimikas,yes,25.0,38,30,8,0.4153,812.8,299.0,1111.8,0.7311,0.0217,0.0,0,12,0,0,0,0,0,0,2020-08-13,0.35,tier2,1,0,1,0,Olympiacos F.C.,2020-08-10,219.0,,ac,0,0,0,2023-08-13,2024-05-19,,0,0.0,0
8,Liverpool,309344,Wataru Endo,yes,26.0,37,33,4,0.6382,1571.1,229.8,1800.9,0.8724,0.7646,0.0,0,12,0,0,0,0,0,0,2023-08-21,0.5,tier1,1,0,1,0,VfB Stuttgart,2023-08-18,219.0,,ac,1,1,0,2023-08-19,2024-05-19,,0,0.0,0
8,Liverpool,37316835,Conor Bradley,yes,25.0,38,19,19,0.1166,447.2,199.4,646.7,0.6916,0.6004,0.0,0,12,0,0,0,0,0,0,,0.0,none,1,0,0,1,,,,Liverpool U21,ac,0,0,0,2023-08-13,2024-05-19,,0,0.0,0
8,Liverpool,1743,Virgil van Dijk,yes,25.0,38,36,2,1.0,3240.0,180.0,3420.0,0.9474,1.0,62.0,1,12,0,0,0,0,0,0,2018-01-04,0.45,data_club,1,0,1,0,Southampton,2018-01-01,219.0,,ac,0,0,0,2023-08-13,2024-05-19,,0,0.0,0
8,Liverpool,30062,Cody Gakpo,yes,27.0,38,35,3,0.5514,1697.3,148.9,1846.2,0.9194,0.6277,0.0,0,12,0,0,0,0,0,0,2023-01-04,0.5,tier1,1,0,1,0,PSV,2023-01-01,219.0,,ac,0,0,0,2023-08-13,2024-05-19,,0,0.0,0
8,Liverpool,5270462,Ryan Gravenberch,yes,26.0,34,31,3,0.4343,1197.4,117.2,1314.7,0.9108,0.3834,0.0,0,12,0,0,0,0,0,0,2023-09-04,0.5,tier1,1,0,1,0,FC Bayern München,2023-09-01,219.0,,ac,1,0,0,2023-09-16,2024-05-19,,0,0.0,0
8,Liverpool,1453,Joe Gomez,yes,25.0,38,36,2,0.6186,1718.4,111.4,1829.8,0.9391,0.4868,0.0,0,12,0,0,0,0,0,0,2015-07-04,0.45,data_club,1,0,1,0,Charlton Athletic,2015-07-01,219.0,,ac,0,0,0,2023-08-13,2024-05-19,,0,0.0,0
8,Liverpool,37602125,Ben Gannon-Doak,yes,27.0,38,9,29,0.0417,32.4,108.8,141.3,0.2296,0.0417,0.0,0,12,0,0,0,0,0,0,2022-07-04,0.0,unknown+override,1,0,1,0,Celtic Youth,2022-07-01,219.0,Liverpool U18,bc,0,0,0,2023-08-13,2024-05-19,,0,0.0,0
8,Liverpool,37298102,Bobby Clark,yes,26.0,38,11,27,0.0324,52.7,78.8,131.5,0.4008,0.0922,0.0,0,12,0,0,0,0,0,0,,0.0,none,1,0,0,1,,,,Liverpool U21,bc,0,0,0,2023-08-13,2024-05-19,,0,0.0,0
8,Liverpool,241036,Luis Díaz,yes,27.0,38,37,1,0.7268,2397.2,65.4,2462.6,0.9734,0.8802,0.0,0,12,0,0,0,0,0,0,2022-02-02,0.5,tier1,1,0,1,0,Porto,2022-01-30,219.0,,bc,0,0,0,2023-08-13,2024-05-19,,0,0.0,0
8,Liverpool,6013424,Darwin Núñez,yes,27.0,38,37,1,0.716,2069.7,64.4,2134.1,0.9698,0.5418,0.0,0,12,0,0,0,0,0,0,2022-07-04,0.5,tier1,1,0,1,0,Benfica,2022-07-01,219.0,,bc,0,0,0,2023-08-13,2024-05-19,,0,0.0,0
8,Liverpool,24081647,Owen Beck,yes,25.0,38,1,37,0.0057,0.0,19.1,19.1,0.0,0.0125,0.0,0,1,0,0,0,0,11,11,,0.0,none,1,0,0,1,,,,Liverpool U21,bc,0,0,0,2023-08-13,2024-05-19,,0,0.0,0
8,Liverpool,37259163,Jarell Quansah,yes,25.0,38,34,4,0.0528,728.5,19.0,747.5,0.9746,0.6897,0.0,0,12,0,0,0,0,0,0,,0.0,none,1,0,0,1,,,,Liverpool U21,bc,0,0,0,2023-08-13,2024-05-19,,0,0.0,0
8,Liverpool,37573827,Jayden Danns,yes,27.0,13,6,7,0.0193,7.6,12.1,19.8,0.3854,0.0193,0.0,0,6,0,0,0,0,6,6,,0.0,none,1,0,0,1,,,,,bc,0,0,0,2024-02-21,2024-05-19,,0,0.0,0
8,Liverpool,896225,Caoimhín Kelleher,yes,24.0,38,37,1,0.0833,877.5,7.5,885.0,0.9915,0.4167,0.0,0,12,0,0,0,0,0,0,,0.0,none,1,1,0,1,,,,Liverpool U21,bc,0,0,0,2023-08-13,2024-05-19,,0,0.0,0
8,Liverpool,37543607,James McConnell,yes,26.0,38,18,20,0.004,4.2,7.2,11.3,0.3667,0.0083,0.0,0,12,0,0,0,0,0,0,,0.0,none,1,0,0,1,,,,,bc,0,0,0,2023-08-13,2024-05-19,,0,0.0,0
8,Liverpool,37373580,Kaide Gordon,yes,27.0,38,2,36,0.0019,0.4,6.0,6.4,0.0588,0.0042,0.0,0,2,0,0,0,0,10,0,2021-02-09,0.0,unknown+override,1,0,1,0,Derby U18,2021-02-06,219.0,,bc,0,0,0,2023-08-13,2024-05-19,,0,0.0,0
8,Liverpool,1494396,Nathaniel Phillips,yes,25.0,4,0,4,0.0061,0.0,2.2,2.2,0.0,0.0,0.0,0,0,0,12,0,0,0,0,,0.0,none,1,0,0,1,,,,Liverpool U21,b,34,0,0,2023-08-13,2024-01-21,,0,0.0,0
8,Liverpool,21412957,Fábio Carvalho,yes,26.0,1,0,1,0.0138,0.0,1.2,1.2,0.0,0.0,0.0,0,0,0,0,12,0,0,0,2022-07-04,0.45,data_club,1,0,1,0,Fulham,2022-07-01,219.0,,b,37,0,0,2024-01-01,2024-01-01,,0,0.0,0
8,Liverpool,1251,Adrián,yes,24.0,38,15,23,0.0,0.0,0.0,0.0,,0.0,0.0,0,12,0,0,0,0,0,0,2019-08-08,0.0,none,1,1,1,0,West Ham United,2019-08-05,220.0,,bc,0,0,0,2023-08-13,2024-05-19,,0,0.0,0
8,Liverpool,9606060,Vítezslav Jaros,yes,24.0,0,0,0,0.0,0.0,0.0,0.0,,0.0,0.0,0,0,0,0,0,0,12,12,,0.0,none,0,1,0,1,,,,Liverpool U21,,0,0,0,,,data mismatch: excluded,0,0.0,0
8,Liverpool,23269836,Harvey Elliott,yes,26.0,38,38,0,0.627,1102.9,0.0,1102.9,1.0,0.627,0.0,0,12,0,0,0,0,0,0,2019-07-31,0.0,unknown+override,1,0,1,0,Fulham U18,2019-07-28,219.0,Liverpool U21,bc,0,0,0,2023-08-13,2024-05-19,,0,0.0,0
8,Liverpool,37341803,Marcelo Pitaluga,yes,24.0,20,1,19,0.0,0.0,0.0,0.0,,0.0,0.0,0,1,0,0,0,0,11,0,2020-10-02,0.0,none,1,1,1,0,Fluminense U20,2020-09-29,219.0,,bc,18,0,0,2023-08-13,2024-01-01,,0,0.0,0
8,Liverpool,37389552,Luke Chambers,yes,26.0,38,4,34,0.0,0.0,0.0,0.0,,0.0,0.0,0,5,0,0,0,0,7,7,,0.0,none,1,0,0,1,,,,,bc,0,0,0,2023-08-13,2024-05-19,,0,0.0,0
8,Liverpool,37543609,Fabian Mrozek,yes,24.0,15,1,14,0.0,0.0,0.0,0.0,,0.0,0.0,0,1,0,0,0,0,11,11,,0.0,none,1,1,0,1,,,,,bc,0,0,0,2024-02-10,2024-05-19,,0,0.0,0
8,Liverpool,37565676,Calum Scanlon,yes,25.0,30,2,28,0.0,0.0,0.0,0.0,,0.0,0.0,0,2,0,0,0,0,10,10,,0.0,none,1,0,0,1,,,,,bc,0,0,0,2023-10-21,2024-05-19,,0,0.0,0
8,Liverpool,37657770,Lewis Koumas,yes,27.0,15,3,12,0.0,0.0,0.0,0.0,,0.0,0.0,0,3,0,0,0,0,9,9,,0.0,none,1,0,0,1,,,,,bc,0,0,0,2024-02-10,2024-05-19,,0,0.0,0
8,Liverpool,37669492,Trey Nyoni,yes,26.0,27,2,25,0.0,0.0,0.0,0.0,,0.0,0.0,0,2,0,0,0,0,10,0,2023-09-05,0.0,unknown+override,1,0,1,0,Leicester U18,2023-09-02,219.0,Liverpool U21,c,0,0,0,2023-11-12,2024-05-19,,0,0.0,0
8,Liverpool,37682555,Amara Nallo,yes,25.0,11,1,10,0.0,0.0,0.0,0.0,,0.0,0.0,0,1,0,0,0,0,11,11,,0.0,none,1,0,0,1,,,,,bc,0,0,0,2024-03-10,2024-05-19,,0,0.0,0
8,Liverpool,900655990,Tom Hill,yes,,0,0,0,0.0,0.0,0.0,0.0,,0.0,0.0,0,0,0,0,0,0,12,12,,0.0,none,0,0,0,1,,,,,,0,0,0,,,,0,0.0,0
115,Luton Town,25126,Marvelous Nakamba,yes,26.0,38,13,25,0.9554,1145.1,2149.7,3294.8,0.3476,0.953,0.0,0,12,0,0,0,0,0,0,2023-07-23,0.45,data_club,1,0,1,0,Aston Villa,2023-01-31,218.0,,bc,0,0,0,2023-08-12,2024-05-19,,0,0.0,0
115,Luton Town,9536,Tom Lockyer,yes,25.0,38,14,24,0.9088,1200.3,1963.0,3163.3,0.3794,0.9057,0.0,0,12,0,0,0,0,0,0,2020-09-04,0.45,data_club,1,0,1,0,Charlton Athletic,2020-09-01,219.0,,bc,0,0,0,2023-08-12,2024-05-19,,0,0.0,0
115,Luton Town,4229,Dan Potts,yes,25.0,38,4,34,0.4929,181.1,1508.2,1689.3,0.1072,0.3437,0.0,0,12,0,0,0,0,0,0,2015-07-04,0.45,data_club,1,0,1,0,West Ham United,2015-07-01,220.0,,bc,0,0,0,2023-08-12,2024-05-19,,0,0.0,0
115,Luton Town,6049,Amari'i Bell,yes,25.0,38,21,17,0.9123,1802.2,1395.9,3198.1,0.5635,0.9032,0.0,0,12,0,0,0,0,0,0,2021-07-04,0.45,data_club,1,0,1,0,Blackburn Rovers,2021-07-01,220.0,,bc,0,0,0,2023-08-12,2024-05-19,,0,0.0,0
115,Luton Town,581142,Gabriel Osho,yes,25.0,38,22,16,0.9555,1796.7,1375.9,3172.7,0.5663,0.9875,0.0,0,12,0,0,0,0,0,0,2020-11-21,0.35,unknown+override,1,0,1,0,TBC,2020-11-18,219.0,,bc,0,0,0,2023-08-12,2024-05-19,,0,0.0,0
115,Luton Town,85277,Mads Andersen,yes,25.0,38,12,26,0.3812,481.5,892.0,1373.5,0.3505,0.376,0.0,0,12,0,0,0,0,0,0,2023-07-06,0.45,data_club,1,0,1,0,Barnsley,2023-07-03,219.0,,ac,0,0,0,2023-08-12,2024-05-19,,0,0.0,0
115,Luton Town,538907,Albert Sambi Lokonga,yes,26.0,35,17,18,0.5493,930.1,889.9,1820.0,0.5111,0.9042,0.0,0,12,0,0,0,0,0,0,2023-09-04,0.45,data_club,1,0,1,0,Arsenal,2023-09-01,218.0,,bc,3,0,0,2023-09-16,2024-05-19,,0,0.0,0
115,Luton Town,1291,Reece Burke,yes,25.0,38,25,13,0.7232,1428.3,846.1,2274.4,0.628,0.8226,0.0,0,12,0,0,0,0,0,0,2021-07-04,0.45,data_club,1,0,1,0,Hull City,2021-07-01,220.0,,bc,0,0,0,2023-08-12,2024-05-19,,0,0.0,0
115,Luton Town,7278,Jacob Brown,yes,27.0,38,21,17,0.504,997.0,771.2,1768.2,0.5639,0.4918,0.0,0,12,0,0,0,0,0,0,2023-08-13,0.45,data_club,1,0,1,0,Stoke City,2023-08-10,219.0,,bc,1,1,0,2023-08-12,2024-05-19,,0,0.0,0
115,Luton Town,5557,Jordan Clark,yes,26.0,38,27,11,0.7323,1303.0,725.0,2028.0,0.6425,0.7484,0.0,0,12,0,0,0,0,0,0,2020-08-08,0.35,tier2,1,0,1,0,Accrington Stanley,2020-08-05,220.0,,ac,0,0,0,2023-08-12,2024-05-19,,0,0.0,0
115,Luton Town,1494694,Elijah Adebayo,yes,27.0,38,27,11,0.7186,1435.4,711.4,2146.8,0.6686,0.8361,0.0,0,12,0,0,0,0,0,0,2021-02-04,0.35,tier2,1,0,1,0,Walsall,2021-02-01,219.0,,bc,0,0,0,2023-08-12,2024-05-19,,0,0.0,0
115,Luton Town,122090,Chiedozie Ogbene,yes,27.0,38,30,8,0.8698,1766.9,626.3,2393.2,0.7383,0.8989,0.0,0,12,0,0,0,0,0,0,2023-07-04,0.45,data_club,1,0,1,0,Rotherham United,2023-07-01,220.0,,bc,0,0,0,2023-08-12,2024-05-19,,0,0.0,0
115,Luton Town,30446925,Issa Kaboré,yes,26.0,38,28,10,0.6893,1521.5,620.4,2141.8,0.7104,0.6331,0.0,0,12,0,0,0,0,0,0,2023-07-24,0.45,data_club,1,0,1,0,Manchester City,2023-07-21,218.0,,bc,0,0,0,2023-08-12,2024-05-19,,0,0.0,0
115,Luton Town,968,Ross Barkley,yes,26.0,38,32,6,0.5333,2227.1,288.0,2515.1,0.8855,0.9245,0.0,0,12,0,0,0,0,0,0,2023-08-12,0.5,tier1,1,0,1,0,Nice,2023-08-09,220.0,,bc,0,0,0,2023-08-12,2024-05-19,,0,0.0,0
115,Luton Town,3987,James Shea,yes,24.0,38,14,24,0.0799,90.0,172.5,262.5,0.3429,0.0162,0.0,0,12,0,0,0,0,0,0,2017-07-06,0.0,none,1,1,1,0,AFC Wimbledon,2017-07-03,220.0,,ac,0,0,0,2023-08-12,2024-05-19,,0,0.0,0
115,Luton Town,24469185,Teden Mengi,yes,25.0,35,33,2,0.935,2221.8,168.3,2390.1,0.9296,0.9028,0.0,0,12,0,0,0,0,0,0,2023-09-03,0.45,data_club,1,0,1,0,Manchester United,2023-08-31,219.0,,ac,1,0,0,2023-09-16,2024-05-19,,0,0.0,0
115,Luton Town,3876667,Daiki Hashioka,yes,25.0,17,13,4,0.4375,426.6,157.5,584.1,0.7303,0.5134,0.0,0,12,0,0,0,0,0,0,2024-02-02,0.5,tier1,1,0,1,0,Sint-Truiden,2024-01-30,219.0,,bc,21,0,0,2024-02-03,2024-05-19,,0,0.0,0
115,Luton Town,173056,Allan Campbell,yes,26.0,3,1,2,0.7606,76.0,136.9,212.9,0.3568,0.0,0.0,0,0,0,0,12,0,0,0,2021-07-04,0.35,tier2,1,0,1,0,Motherwell,2021-07-01,219.0,,bc,35,0,0,2023-08-12,2023-09-01,,0,0.0,0
115,Luton Town,2999,Cauley Woodrow,yes,27.0,38,32,6,0.2246,583.1,121.3,704.4,0.8278,0.221,0.0,0,12,0,0,0,0,0,0,2022-07-04,0.45,data_club,1,0,1,0,Barnsley,2022-07-01,219.0,,bc,0,0,0,2023-08-12,2024-05-19,,0,0.0,0
115,Luton Town,26706556,Elliot Thorpe,yes,26.0,19,0,19,0.0691,0.0,118.2,118.2,0.0,0.0691,0.0,0,6,0,0,0,0,6,0,2021-09-27,0.35,unknown,1,0,1,0,TBC,2021-09-24,219.0,,b,19,0,0,2024-01-12,2024-05-19,,0,0.0,0
115,Luton Town,21762789,Alfie Doughty,yes,26.0,38,37,1,0.7734,2812.7,69.6,2882.3,0.9759,0.9294,0.0,0,12,0,0,0,0,0,0,2022-07-04,0.45,data_club,1,0,1,0,Stoke City,2022-07-01,219.0,,bc,0,0,0,2023-08-12,2024-05-19,,0,0.0,0
115,Luton Town,37676740,Joe Johnson,yes,25.0,37,19,18,0.0391,43.9,63.3,107.3,0.4097,0.0749,0.0,0,12,0,0,0,0,0,0,,0.0,none,1,0,0,1,,,,Luton Town U21,c,0,0,0,2023-08-25,2024-05-19,,0,0.0,0
115,Luton Town,28913030,Louie Watson,yes,26.0,3,0,3,0.2025,0.0,54.7,54.7,0.0,0.2025,0.0,0,12,0,0,0,0,0,0,2022-07-04,0.45,data_club,1,0,1,0,Derby County,2022-07-01,219.0,,b,35,0,0,2023-08-12,2023-09-01,,0,0.0,0
115,Luton Town,8749,Luke Berry,yes,26.0,38,33,5,0.1152,438.8,51.8,490.6,0.8944,0.2707,0.0,0,12,0,0,0,0,0,0,2017-08-28,0.35,tier2,1,0,1,0,Cambridge United,2017-08-25,219.0,,bc,0,0,0,2023-08-12,2024-05-19,,0,0.0,0
115,Luton Town,539982,Admiral Muskwe,yes,27.0,3,0,3,0.0951,0.0,25.7,25.7,0.0,0.0951,0.0,0,4,0,0,0,0,8,0,2021-07-18,0.0,tier2,1,0,1,0,Leicester U21,2021-07-15,219.0,,b,35,0,0,2023-08-12,2023-09-01,,0,0.0,0
115,Luton Town,14338473,Ryan Giles,yes,25.0,21,20,1,0.226,613.4,20.3,633.7,0.9679,0.0,0.0,0,0,0,0,12,0,0,0,2023-07-31,0.45,data_club,1,0,1,0,Wolverhampton Wanderers,2023-07-28,219.0,,bc,17,0,0,2023-08-12,2024-01-30,,0,0.0,0
115,Luton Town,37609179,Zack Nelson,yes,26.0,38,16,22,0.0029,3.6,5.7,9.3,0.3868,0.0127,0.0,0,12,0,0,0,0,0,0,,0.0,none,1,0,0,1,,,,Luton Town U21,bc,0,0,0,2023-08-12,2024-05-19,,0,0.0,0
115,Luton Town,757,Tim Krul,yes,24.0,37,37,0,0.0,0.0,0.0,0.0,,0.0,0.0,0,12,0,0,0,0,0,0,2023-08-20,0.0,none,1,1,1,0,Norwich City,2023-08-17,219.0,,bc,1,0,0,2023-08-25,2024-05-19,,0,0.0,0
115,Luton Town,1249,Andros Townsend,yes,26.0,30,30,0,0.3597,1296.8,0.0,1296.8,1.0,0.3597,0.0,0,12,0,0,0,0,0,0,2023-10-14,0.45,unknown+override,1,0,1,0,TBC,2023-10-11,219.0,,bc,8,0,0,2023-10-21,2024-05-19,,0,0.0,0
115,Luton Town,5431,Dion Pereira,yes,26.0,4,0,4,0.0,0.0,0.0,0.0,,0.0,0.0,0,1,0,0,0,0,11,0,2020-11-06,0.35,unknown,1,0,1,0,TBC,2020-11-03,219.0,,b,34,0,0,2023-08-12,2024-01-12,,0,0.0,0
115,Luton Town,6039,Fred Onyedinma,yes,26.0,19,9,10,0.0,145.4,0.0,145.4,1.0,0.3804,0.0,0,9,0,0,3,0,0,0,2021-07-04,0.45,data_club,1,0,1,0,Wycombe Wanderers,2021-07-01,219.0,,bc,19,0,0,2024-01-12,2024-05-19,,0,0.0,0
115,Luton Town,6618,Carlton Morris,yes,27.0,38,38,0,1.0,2770.2,0.0,2770.2,1.0,1.0,0.0,0,12,0,0,0,0,0,0,2022-07-09,0.45,data_club,1,0,1,0,Barnsley,2022-07-06,219.0,,bc,0,0,0,2023-08-12,2024-05-19,,0,0.0,0
115,Luton Town,9428,Jack Walton,yes,24.0,2,0,2,0.0,0.0,0.0,0.0,,0.0,0.0,0,2,0,0,0,0,10,0,2023-02-02,0.0,none,1,1,1,0,Barnsley,2023-01-30,219.0,,b,36,0,0,2024-05-11,2024-05-19,,0,0.0,0
115,Luton Town,12129,Pelly Mpanzu,yes,26.0,38,38,0,0.2583,1366.2,0.0,1366.2,1.0,0.2583,0.0,0,12,0,0,0,0,0,0,2014-01-31,0.0,tier2,1,0,1,0,West Ham United U21,2013-11-28,218.0,,bc,0,0,0,2023-08-12,2024-05-19,,0,0.0,0
115,Luton Town,61107,Thomas Kaminski,yes,24.0,38,38,0,0.9838,2835.0,0.0,2835.0,1.0,0.9838,0.0,0,12,0,0,0,0,0,0,2023-08-06,0.0,none,1,1,1,0,Blackburn Rovers,2023-08-03,219.0,,bc,0,0,0,2023-08-12,2024-05-19,,0,0.0,0
115,Luton Town,488060,John McAtee,yes,26.0,1,1,0,0.0,0.0,0.0,0.0,,0.0,0.0,0,1,0,0,0,0,11,0,2022-08-05,0.35,tier2,1,0,1,0,Grimsby Town,2022-08-02,219.0,,bc,37,0,0,2023-08-12,2023-08-12,,0,0.0,0
115,Luton Town,1494236,Tahith Chong,yes,26.0,38,38,0,0.862,1705.5,0.0,1705.5,1.0,0.862,0.0,0,12,0,0,0,0,0,0,2023-07-17,0.45,data_club,1,0,1,0,Birmingham City,2023-07-14,219.0,,bc,0,0,0,2023-08-12,2024-05-19,,0,0.0,0
115,Luton Town,1494301,Tom Holmes,yes,25.0,0,0,0,0.45,0.0,0.0,0.0,,0.45,0.0,0,0,0,12,0,0,0,0,2024-01-20,0.45,data_club,1,0,1,0,Reading,2024-01-17,219.0,,b,38,0,0,,,,0,0.0,0
115,Luton Town,23241281,Jayden Nelson,yes,27.0,0,0,0,0.0,0.0,0.0,0.0,,0.0,0.0,0,0,0,0,0,0,12,12,,0.0,none,0,0,0,1,,,,,,0,0,0,,,,0,0.0,0
115,Luton Town,37391359,Aidan Francis-Clarke,yes,25.0,38,2,36,0.0,0.0,0.0,0.0,,0.0,0.0,0,2,0,0,0,0,10,10,,0.0,none,1,0,0,1,,,,,bc,0,0,0,2023-08-12,2024-05-19,,0,0.0,0
115,Luton Town,37586709,Axel Piesold,yes,25.0,13,9,4,0.0,0.0,0.0,0.0,,0.0,0.0,0,9,0,0,0,0,3,3,,0.0,none,1,0,0,1,,,,,bc,0,0,0,2024-03-02,2024-05-19,,0,0.0,0
115,Luton Town,37596062,Taylan Harris,yes,27.0,6,1,5,0.0,0.0,0.0,0.0,,0.0,0.0,0,1,0,0,0,0,11,11,,0.0,none,1,0,0,1,,,,,bc,0,0,0,2024-04-13,2024-05-19,,0,0.0,0
115,Luton Town,37676745,Jayden Luker,yes,26.0,30,4,26,0.0,0.0,0.0,0.0,,0.0,0.0,0,4,0,0,0,0,8,8,,0.0,none,1,0,0,1,,,,,bc,0,0,0,2023-10-21,2024-05-19,,0,0.0,0
115,Luton Town,37719720,Christian Chigozie,yes,25.0,8,2,6,0.0,0.0,0.0,0.0,,0.0,0.0,0,2,0,0,0,0,10,10,,0.0,none,1,0,0,1,,,,,bc,0,0,0,2024-04-03,2024-05-19,,0,0.0,0
115,Luton Town,37734095,Dominic Martins,yes,26.0,11,2,9,0.0,0.0,0.0,0.0,,0.0,0.0,0,2,0,0,0,0,10,10,,0.0,none,1,0,0,1,,,,,bc,0,0,0,2024-03-13,2024-05-19,,0,0.0,0
9,Manchester City,1371,Kevin De Bruyne,yes,26.0,38,21,17,0.5317,1055.7,813.6,1869.2,0.5648,0.7978,0.0,0,12,0,0,0,0,0,0,2015-09-02,0.5,tier1,1,0,1,0,VfL Wolfsburg,2015-08-30,219.0,,bc,0,0,0,2023-08-11,2024-05-19,,0,0.0,0
9,Manchester City,982,John Stones,yes,25.0,38,27,11,0.5805,1240.2,574.7,1814.8,0.6834,0.3546,0.0,0,12,0,0,0,0,0,0,2016-08-12,0.45,data_club,1,0,1,0,Everton,2016-08-09,219.0,,bc,0,0,0,2023-08-11,2024-05-19,,0,0.0,0
9,Manchester City,154421,Erling Haaland,yes,27.0,38,32,6,0.9323,2458.9,503.4,2962.3,0.8301,0.8074,0.0,0,12,0,0,0,0,0,0,2022-07-04,0.5,tier1,1,0,1,0,Borussia Dortmund,2022-07-01,219.0,,ac,0,0,0,2023-08-11,2024-05-19,,0,0.0,0
9,Manchester City,1116,Jack Grealish,yes,26.0,38,29,9,0.4467,1205.4,361.9,1567.3,0.7691,0.2943,0.0,0,12,0,0,0,0,0,0,2021-08-08,0.45,data_club,1,0,1,0,Aston Villa,2021-08-05,219.0,,bc,0,0,0,2023-08-11,2024-05-19,,0,0.0,0
9,Manchester City,23697990,Jérémy Doku,yes,27.0,36,31,5,0.6335,1622.2,285.1,1907.3,0.8505,0.4522,0.0,0,12,0,0,0,0,0,0,2023-08-27,0.5,tier1,1,0,1,0,Rennes,2023-08-24,219.0,,ac,0,0,0,2023-08-27,2024-05-19,,0,0.0,0
9,Manchester City,198062,Manuel Akanji,yes,25.0,38,34,4,0.7796,2427.3,280.7,2708.0,0.8964,0.8565,0.0,1,12,0,0,0,0,0,0,2022-09-04,0.5,tier1,1,0,1,0,Borussia Dortmund,2022-09-01,219.0,,bc,0,0,0,2023-08-11,2024-05-19,,0,0.0,0
9,Manchester City,159142,Ederson,yes,24.0,38,35,3,0.8642,2688.7,233.3,2922.0,0.9201,0.816,0.0,0,12,0,0,0,0,0,0,2017-07-04,0.0,none,1,1,1,0,Benfica,2017-07-01,219.0,,bc,0,0,0,2023-08-11,2024-05-19,,0,0.0,0
9,Manchester City,162536,Rúben Dias,yes,25.0,38,35,3,0.8383,2545.3,226.3,2771.6,0.9183,0.75,0.0,0,12,0,0,0,0,0,0,2020-10-02,0.5,tier1,1,0,1,0,Benfica,2020-09-29,219.0,,ac,0,0,0,2023-08-11,2024-05-19,,0,0.0,0
9,Manchester City,186910,Rodri,yes,26.0,38,35,3,0.7976,2780.6,215.4,2995.9,0.9281,0.8669,15.7,1,12,0,0,0,0,0,0,2019-07-07,0.5,tier1,1,0,1,0,Atlético de Madrid,2019-07-04,219.0,,bc,0,0,0,2023-08-11,2024-05-19,,0,0.0,0
9,Manchester City,24838191,Josko Gvardiol,yes,25.0,38,35,3,0.7666,2074.9,207.0,2281.9,0.9093,0.79,0.0,0,12,0,0,0,0,0,0,2023-08-08,0.5,tier1,1,0,1,0,RB Leipzig,2023-08-05,219.0,,ac,0,0,0,2023-08-11,2024-05-19,,0,0.0,0
9,Manchester City,911,Kyle Walker,yes,25.0,38,35,3,0.7626,2789.7,205.9,2995.6,0.9313,0.8005,0.0,0,12,0,0,0,0,0,0,2017-07-17,0.45,data_club,1,0,1,0,Tottenham Hotspur,2017-07-14,219.0,,bc,0,0,0,2023-08-11,2024-05-19,,0,0.0,0
9,Manchester City,1869,Nathan Aké,yes,25.0,38,35,3,0.7582,2158.6,204.7,2363.3,0.9134,0.5405,0.0,0,12,0,0,0,0,0,0,2020-08-08,0.45,data_club,1,0,1,0,AFC Bournemouth,2020-08-05,219.0,,bc,0,0,0,2023-08-11,2024-05-19,,0,0.0,0
9,Manchester City,73147,Mateo Kovacic,yes,26.0,38,34,4,0.5524,1465.5,198.9,1664.3,0.8805,0.5632,0.0,0,12,0,0,0,0,0,0,2023-07-04,0.45,data_club,1,0,1,0,Chelsea,2023-07-01,219.0,,ac,0,0,0,2023-08-11,2024-05-19,,0,0.0,0
9,Manchester City,96353,Bernardo Silva,yes,26.0,38,35,3,0.5209,2332.4,140.6,2473.0,0.9431,0.7941,0.0,0,12,0,0,0,0,0,0,2017-07-04,0.5,tier1,1,0,1,0,Monaco,2017-07-01,219.0,,bc,0,0,0,2023-08-11,2024-05-19,,0,0.0,0
9,Manchester City,336133,Phil Foden,yes,26.0,38,37,1,0.7702,2814.0,69.3,2883.3,0.976,0.7424,0.0,0,12,0,0,0,0,0,0,,0.0,none,1,0,0,1,,,,Manchester City U18,ac,0,0,0,2023-08-11,2024-05-19,,0,0.0,0
9,Manchester City,21781428,Matheus Nunes,yes,26.0,35,33,2,0.309,934.1,55.6,989.7,0.9438,0.156,0.0,0,12,0,0,0,0,0,0,2023-09-04,0.45,data_club,1,0,1,0,Wolverhampton Wanderers,2023-09-01,219.0,,ac,1,1,0,2023-09-02,2024-05-19,,0,0.0,0
9,Manchester City,186299,Aymeric Laporte,yes,25.0,2,1,1,0.4174,36.3,37.6,73.9,0.4915,0.4174,0.0,0,12,0,0,0,0,0,0,2018-02-02,0.5,tier1,1,0,1,0,Athletic Club,2018-01-30,219.0,,bc,36,0,0,2023-08-11,2023-08-19,,0,0.0,0
9,Manchester City,4536537,Sergio Gómez,yes,26.0,38,32,6,0.0529,221.1,28.6,249.7,0.8855,0.0384,0.0,0,12,0,0,0,0,0,0,2022-08-19,0.5,tier1,1,0,1,0,Anderlecht,2022-08-16,219.0,,bc,0,0,0,2023-08-11,2024-05-19,,0,0.0,0
9,Manchester City,37286732,Oscar Bobb,yes,26.0,37,35,2,0.1081,253.7,19.5,273.1,0.9287,0.1265,0.0,0,12,0,0,0,0,0,0,,0.0,none,1,0,0,1,,,,Manchester City U21,bc,0,0,0,2023-08-19,2024-05-19,,0,0.0,0
9,Manchester City,37545384,Máximo Perrone,yes,26.0,2,1,1,0.0184,1.7,1.7,3.3,0.5,0.0184,0.0,0,6,0,0,0,0,6,0,2023-01-26,0.25,tier3,1,0,1,0,Vélez Sarsfield,2023-01-23,219.0,,bc,36,0,0,2023-08-11,2023-08-19,,0,0.0,0
9,Manchester City,105,Scott Carson,yes,24.0,38,13,25,0.0,0.0,0.0,0.0,,0.0,0.0,0,12,0,0,0,0,0,0,2021-07-23,0.0,none,1,1,1,0,Derby County,2019-08-08,218.0,,bc,0,0,0,2023-08-11,2024-05-19,,0,0.0,0
9,Manchester City,3354,Kalvin Phillips,yes,26.0,20,20,0,0.1165,291.4,0.0,291.4,1.0,0.1165,0.0,0,11,11,0,0,1,0,0,2022-07-07,0.45,data_club,1,0,1,0,Leeds United,2022-07-04,219.0,,bc,18,0,0,2023-08-11,2024-01-13,,0,0.0,0
9,Manchester City,34594,Stefan Ortega,yes,24.0,38,38,0,0.434,611.6,0.0,611.6,1.0,0.434,0.0,0,12,0,0,0,0,0,0,2022-07-04,0.0,none,1,1,1,0,DSC Arminia Bielefeld,2022-07-01,220.0,,bc,0,0,0,2023-08-11,2024-05-19,,0,0.0,0
9,Manchester City,21394947,Julián Alvarez,yes,27.0,38,38,0,0.5078,2810.2,0.0,2810.2,1.0,0.5078,0.0,0,12,0,0,0,0,0,0,2022-02-03,0.25,tier3,1,0,1,0,River Plate,2022-01-31,219.0,,bc,0,0,0,2023-08-11,2024-05-19,,0,0.0,0
9,Manchester City,23278675,Taylor Harwood-Bellis,yes,25.0,3,0,3,0.0,0.0,0.0,0.0,,0.0,0.0,0,0,0,12,0,0,0,0,,0.0,none,1,0,0,1,,,,Manchester City U21,b,35,0,0,2023-08-11,2023-08-27,,0,0.0,0
9,Manchester City,24838234,Josh Wilson-Esbrand,yes,25.0,0,0,0,0.0,0.0,0.0,0.0,,0.0,0.0,0,0,0,12,0,0,0,0,,0.0,none,1,0,0,1,,,,Manchester City U21,a,38,0,0,,,,0,0.0,0
9,Manchester City,28575676,James McAtee,yes,26.0,3,3,0,0.1731,0.1,0.0,0.1,1.0,0.1731,0.0,0,12,12,0,0,0,0,0,,0.0,none,1,0,0,1,,,,Manchester City U21,bc,35,0,0,2023-08-11,2023-08-27,,0,0.0,0
9,Manchester City,28912747,Cole Palmer,yes,26.0,3,3,0,0.7973,65.6,0.0,65.6,1.0,0.7973,0.0,0,12,12,0,0,0,0,0,,0.0,none,1,0,0,1,,,,Manchester City U21,bc,35,0,0,2023-08-11,2023-08-27,,0,0.0,0
9,Manchester City,30467945,Micah Hamilton,yes,27.0,21,2,19,0.0,0.0,0.0,0.0,,0.0,0.0,0,2,0,0,0,0,10,10,,0.0,none,1,0,0,1,,,,,bc,0,0,0,2023-12-27,2024-05-19,,0,0.0,0
9,Manchester City,37459073,Rico Lewis,yes,25.0,38,38,0,0.3371,983.1,0.0,983.1,1.0,0.3371,0.0,0,12,0,0,0,0,0,0,,0.0,none,1,0,0,1,,,,Manchester City U18,ac,0,0,0,2023-08-11,2024-05-19,,0,0.0,0
9,Manchester City,37548599,Max Alleyne,yes,25.0,0,0,0,0.0,0.0,0.0,0.0,,0.0,0.0,0,0,0,0,0,0,12,12,,0.0,none,0,0,0,1,,,,,,0,0,0,,,,0,0.0,0
9,Manchester City,37581761,Mahamadou Susoho,yes,26.0,22,6,16,0.0,0.0,0.0,0.0,,0.0,0.0,0,6,0,0,0,0,6,6,,0.0,none,1,0,0,1,,,,,bc,0,0,0,2023-12-16,2024-05-19,,0,0.0,0
9,Manchester City,37612626,Jacob Wright,yes,26.0,16,1,15,0.0,0.0,0.0,0.0,,0.0,0.0,0,1,0,0,0,0,11,11,,0.0,none,1,0,0,1,,,,,bc,0,0,0,2024-02-10,2024-05-19,,0,0.0,0
14,Manchester United,955,Luke Shaw,yes,25.0,38,12,26,0.8527,904.9,1995.2,2900.1,0.312,0.8759,0.0,0,12,0,0,0,0,0,0,2014-07-04,0.45,data_club,1,0,1,0,Southampton,2014-07-01,219.0,,ac,0,0,0,2023-08-14,2024-05-19,,0,0.0,0
14,Manchester United,2206665,Lisandro Martínez,yes,25.0,38,11,27,0.8146,817.2,1979.4,2796.5,0.2922,0.6705,0.0,0,12,0,0,0,0,0,0,2022-07-30,0.5,tier1,1,0,1,0,Ajax,2022-07-27,219.0,,ac,0,0,0,2023-08-14,2024-05-19,,0,0.0,0
14,Manchester United,2158417,Tyrell Malacia,yes,25.0,38,0,38,0.4369,0.0,1494.3,1494.3,0.0,0.4369,0.0,0,12,0,0,0,0,0,0,2022-07-08,0.5,tier1,1,0,1,0,Feyenoord,2022-07-05,219.0,,b,0,0,0,2023-08-14,2024-05-19,,0,0.0,0
14,Manchester United,160206,Victor Lindelöf,yes,25.0,38,21,17,0.7265,1454.7,1111.5,2566.2,0.5669,0.6774,0.0,0,12,0,0,0,0,0,0,2017-07-04,0.5,tier1,1,0,1,0,Benfica,2017-07-01,219.0,,bc,0,0,0,2023-08-14,2024-05-19,,0,0.0,0
14,Manchester United,159700,Casemiro,yes,26.0,38,26,12,0.9063,1967.9,978.8,2946.6,0.6678,0.9139,0.0,0,12,0,0,0,0,0,0,2022-08-25,0.5,tier1,1,0,1,0,Real Madrid,2022-08-22,219.0,,bc,0,0,0,2023-08-14,2024-05-19,,0,0.0,0
14,Manchester United,538034,Jadon Sancho,yes,26.0,20,3,17,0.6274,186.1,959.9,1146.1,0.1624,0.6274,0.0,0,12,0,0,0,0,0,0,2021-07-26,0.5,tier1,1,0,1,0,Borussia Dortmund,2021-07-23,219.0,,bc,18,0,0,2023-08-14,2023-12-30,,0,0.0,0
14,Manchester United,2884,Harry Maguire,yes,25.0,38,25,13,0.7349,1312.7,859.8,2172.5,0.6042,0.8473,0.0,0,12,0,0,0,0,0,0,2019-08-08,0.45,data_club,1,0,1,0,Leicester City,2019-08-05,219.0,,ac,0,0,0,2023-08-14,2024-05-19,,0,0.0,0
14,Manchester United,537121,Mason Mount,yes,26.0,38,14,24,0.3947,513.6,852.6,1366.2,0.3759,0.358,0.0,0,12,0,0,0,0,0,0,2023-07-08,0.45,data_club,1,0,1,0,Chelsea,2023-07-05,219.0,,ac,0,0,0,2023-08-14,2024-05-19,,0,0.0,0
14,Manchester United,95807,Raphaël Varane,yes,25.0,38,26,12,0.7346,1347.7,793.3,2141.0,0.6295,0.7901,0.0,0,12,0,0,0,0,0,0,2021-08-17,0.5,tier1,1,0,1,0,Real Madrid,2021-08-14,219.0,,bc,0,0,0,2023-08-14,2024-05-19,,0,0.0,0
14,Manchester United,5252,Aaron Wan-Bissaka,yes,25.0,38,25,13,0.6554,1607.0,766.8,2373.8,0.677,0.9842,0.0,0,12,0,0,0,0,0,0,2019-07-04,0.45,data_club,1,0,1,0,Crystal Palace,2019-07-01,219.0,,bc,0,0,0,2023-08-14,2024-05-19,,0,0.0,0
14,Manchester United,612,Jonny Evans,yes,25.0,38,26,12,0.581,1292.1,627.5,1919.6,0.6731,0.5264,0.0,0,12,0,0,0,0,0,0,2023-07-21,0.45,data_club,1,0,1,0,Leicester City,2023-07-18,220.0,Manchester United U18,bc,0,0,0,2023-08-14,2024-05-19,,0,0.0,0
14,Manchester United,1829,Anthony Martial,yes,27.0,38,16,22,0.3013,551.8,596.6,1148.4,0.4805,0.3013,0.0,0,12,0,0,0,0,0,0,2015-09-04,0.5,tier1,1,0,1,0,Monaco,2015-09-01,219.0,,bc,0,0,0,2023-08-14,2024-05-19,,0,0.0,0
14,Manchester United,37325012,Rasmus Højlund,yes,27.0,38,30,8,0.6448,1879.6,464.3,2343.9,0.8019,0.7873,0.0,0,12,0,0,0,0,0,0,2023-08-08,0.5,tier1,1,0,1,0,Atalanta,2023-08-05,219.0,,bc,0,0,0,2023-08-14,2024-05-19,,0,0.0,0
14,Manchester United,1878,Marcus Rashford,yes,27.0,38,33,5,0.8456,2406.4,380.5,2786.9,0.8635,0.7252,0.0,0,12,0,0,0,0,0,0,,0.0,none,1,0,0,1,,,,Manchester United U18,ac,0,0,0,2023-08-14,2024-05-19,,0,0.0,0
14,Manchester United,12393293,Antony,yes,27.0,38,33,5,0.6193,1521.5,278.7,1800.1,0.8452,0.3767,0.0,0,12,0,0,0,0,0,0,2022-09-02,0.5,tier1,1,0,1,0,Ajax,2022-08-30,219.0,,bc,0,0,0,2023-08-14,2024-05-19,,0,0.0,0
14,Manchester United,129602,Bruno Fernandes,yes,26.0,38,35,3,1.0,3133.5,270.0,3403.5,0.9207,0.9636,0.0,0,12,0,0,0,0,0,0,2020-02-01,0.5,tier1,1,0,1,0,Sporting CP,2020-01-29,219.0,,ac,0,0,0,2023-08-14,2024-05-19,,0,0.0,0
14,Manchester United,992,Christian Eriksen,yes,26.0,38,33,5,0.5656,1339.2,254.5,1593.7,0.8403,0.2397,0.0,0,12,0,0,0,0,0,0,2022-07-18,0.45,data_club,1,0,1,0,Brentford,2022-07-15,220.0,,bc,0,0,0,2023-08-14,2024-05-19,,0,0.0,0
14,Manchester United,25489,Sofyan Amrabat,yes,26.0,34,29,5,0.5562,949.4,250.3,1199.7,0.7914,0.3091,0.0,0,12,0,0,0,0,0,0,2023-09-04,0.5,tier1,1,0,1,0,Fiorentina,2023-09-01,218.0,,bc,4,0,0,2023-09-16,2024-05-19,,0,0.0,0
14,Manchester United,455376,Scott McTominay,yes,26.0,38,34,4,0.4791,1801.8,172.5,1974.3,0.9126,0.6689,0.0,0,12,0,0,0,0,0,0,,0.0,none,1,0,0,1,,,,Manchester United U23,bc,0,0,0,2023-08-14,2024-05-19,,0,0.0,0
14,Manchester United,380886,Sergio Reguilón,yes,25.0,17,14,3,0.4695,478.7,126.8,605.4,0.7906,0.5395,0.0,0,11,11,0,0,1,0,0,2023-09-04,0.45,data_club,1,0,1,0,Tottenham Hotspur,2023-09-01,218.0,,bc,22,1,0,2023-09-03,2023-12-30,,0,0.0,0
14,Manchester United,26031,Donny van de Beek,yes,26.0,20,12,8,0.1566,133.0,112.8,245.8,0.5412,0.0052,0.0,0,12,0,0,0,0,0,0,2020-09-05,0.5,tier1,1,0,1,0,Ajax,2020-09-02,219.0,,bc,18,0,0,2023-08-14,2023-12-30,,0,0.0,0
14,Manchester United,37544311,Willy Kambwala,yes,25.0,22,16,6,0.1917,175.1,103.5,278.6,0.6284,0.2384,0.0,0,12,0,0,0,0,0,0,,0.0,none,1,0,0,1,,,,Manchester United U23,bc,0,0,0,2023-12-17,2024-05-19,,0,0.0,0
14,Manchester United,164061,Diogo Dalot,yes,25.0,38,37,1,1.0,2878.3,90.0,2968.3,0.9697,1.0,0.0,1,12,0,0,0,0,0,0,2018-07-04,0.5,tier1,1,0,1,0,Porto,2018-07-01,219.0,,ac,0,0,0,2023-08-14,2024-05-19,,0,0.0,0
14,Manchester United,37316858,Hannibal Mejbri,yes,26.0,21,14,7,0.0666,118.3,41.9,160.2,0.7382,0.1071,0.0,0,12,0,0,0,0,0,0,,0.0,none,1,0,0,1,,,,Manchester United U23,bc,17,0,0,2023-08-14,2024-01-14,,0,0.0,0
14,Manchester United,37286737,Omari Forson,yes,26.0,18,13,5,0.0707,46.9,31.8,78.7,0.5958,0.0768,0.0,0,12,0,0,0,0,0,0,,0.0,none,1,0,0,1,,,,Manchester United U23,bc,0,0,0,2024-01-14,2024-05-19,,0,0.0,0
14,Manchester United,20673398,Facundo Pellistri,yes,26.0,22,20,2,0.0961,169.3,17.3,186.6,0.9073,0.0911,0.0,0,12,0,0,0,0,0,0,2020-10-08,0.25,tier3,1,0,1,0,Peñarol,2020-10-05,219.0,,bc,16,0,0,2023-08-14,2024-02-01,,0,0.0,0
14,Manchester United,37540234,Kobbie Mainoo,yes,26.0,38,29,9,0.012,1355.9,9.8,1365.6,0.9929,0.8716,0.0,0,12,0,0,0,0,0,0,,0.0,none,1,0,0,1,,,,Manchester United U23,ac,0,0,0,2023-08-14,2024-05-19,,0,0.0,0
14,Manchester United,37317015,Amad Diallo,yes,26.0,38,17,21,0.0044,125.1,8.2,133.4,0.9382,0.3299,0.0,0,12,0,0,0,0,0,0,2021-01-05,0.5,tier1,1,0,1,0,Atalanta,2021-01-02,219.0,,ac,0,0,0,2023-08-14,2024-05-19,,0,0.0,0
14,Manchester United,37625047,Ethan Wheatley,yes,27.0,7,5,2,0.0267,3.0,4.8,7.8,0.3821,0.0267,0.0,0,5,0,0,0,0,7,7,,0.0,none,1,0,0,1,,,,Manchester United U23,bc,0,0,0,2024-04-13,2024-05-19,,0,0.0,0
14,Manchester United,37558976,Daniel Gore,yes,26.0,19,7,12,0.0003,0.4,0.4,0.7,0.5,0.004,0.0,0,7,0,0,0,0,5,5,,0.0,none,1,0,0,1,,,,Manchester United U23,bc,17,0,0,2023-08-26,2024-01-14,,0,0.0,0
14,Manchester United,1454,Tom Heaton,yes,24.0,38,4,34,0.0,0.0,0.0,0.0,,0.0,0.0,0,12,0,0,0,0,0,0,2021-07-05,0.0,none,1,1,1,0,Aston Villa,2021-07-02,220.0,Manchester United U18,ac,0,0,0,2023-08-14,2024-05-19,,0,0.0,0
14,Manchester United,12647,Dean Henderson,yes,24.0,3,3,0,0.0,0.0,0.0,0.0,,0.0,0.0,0,0,0,0,12,0,0,0,,0.0,none,1,1,0,1,,,,Manchester United U23,bc,35,0,0,2023-08-14,2023-08-26,,0,0.0,0
14,Manchester United,26393,André Onana,yes,24.0,38,38,0,1.0,2835.0,0.0,2835.0,1.0,1.0,0.0,0,12,0,0,0,0,0,0,2023-07-23,0.0,none,1,1,1,0,Inter,2023-07-20,219.0,,bc,0,0,0,2023-08-14,2024-05-19,,0,0.0,0
14,Manchester United,438751,Altay Bayindir,yes,24.0,35,33,2,0.0,0.0,0.0,0.0,,0.0,0.0,0,12,0,0,0,0,0,0,2023-09-04,0.0,none,1,1,1,0,Fenerbahçe,2023-09-01,219.0,,bc,4,1,0,2023-09-03,2024-05-19,,0,0.0,0
14,Manchester United,4536527,Brandon Williams,yes,25.0,2,0,2,0.0,0.0,0.0,0.0,,0.0,0.0,0,0,0,12,0,0,0,0,,0.0,none,1,0,0,1,,,,Manchester United U18,b,36,0,0,2023-08-14,2023-08-19,,0,0.0,0
14,Manchester United,27422646,Shola Shoretire,yes,27.0,0,0,0,0.0,0.0,0.0,0.0,,0.0,0.0,0,1,0,0,0,0,11,11,,0.0,none,1,0,0,1,,,,Manchester United U23,b,38,0,0,,,,0,0.0,0
14,Manchester United,28912799,Dermot Mee,yes,24.0,11,1,10,0.0,0.0,0.0,0.0,,0.0,0.0,0,1,0,0,0,0,11,11,,0.0,none,1,1,0,1,,,,,c,0,0,0,2024-03-09,2024-05-19,,0,0.0,0
14,Manchester United,30851415,Toby Collyer,yes,26.0,13,7,6,0.0,0.0,0.0,0.0,,0.0,0.0,0,7,0,0,0,0,5,5,,0.0,none,1,0,0,1,,,,Manchester United U23,bc,0,0,0,2024-02-24,2024-05-19,,0,0.0,0
14,Manchester United,31625938,Radek Vítek,yes,24.0,20,1,19,0.0,0.0,0.0,0.0,,0.0,0.0,0,1,0,0,0,0,11,11,,0.0,none,1,1,0,1,,,,,bc,17,0,0,2023-08-19,2024-01-14,,0,0.0,0
14,Manchester United,37316549,Alejandro Garnacho,yes,27.0,38,38,0,0.8683,2179.8,0.0,2179.8,1.0,0.8683,0.0,0,12,0,0,0,0,0,0,2020-10-05,0.0,unknown+override,1,0,1,0,Atlético Yth.,2020-10-02,219.0,Manchester United U23,bc,0,0,0,2023-08-14,2024-05-19,,0,0.0,0
14,Manchester United,37341761,Joe Hugill,yes,27.0,26,1,25,0.0,0.0,0.0,0.0,,0.0,0.0,0,1,0,0,0,0,11,11,,0.0,none,1,0,0,1,,,,,bc,0,0,0,2023-11-26,2024-05-19,,0,0.0,0
14,Manchester United,37537862,Rhys Bennett,yes,25.0,38,1,37,0.0,0.0,0.0,0.0,,0.0,0.0,0,2,0,0,0,0,10,10,,0.0,none,1,0,0,1,,,,,bc,0,0,0,2023-08-14,2024-05-19,,0,0.0,0
14,Manchester United,37537864,Álvaro Carreras,yes,26.0,3,1,2,0.0,0.0,0.0,0.0,,0.0,0.0,0,1,0,11,0,0,0,0,,0.0,none,1,0,0,1,,,,Manchester United U23,bc,35,0,0,2023-08-14,2023-08-26,,0,0.0,0
14,Manchester United,37554466,Louis Jackson,yes,25.0,6,3,3,0.0,0.0,0.0,0.0,,0.0,0.0,0,3,0,0,0,0,9,9,,0.0,none,1,0,0,1,,,,,bc,0,0,0,2024-04-24,2024-05-19,,0,0.0,0
14,Manchester United,37581770,Habeeb Ogunneye,yes,25.0,7,7,0,0.0,0.0,0.0,0.0,,0.0,0.0,0,7,0,0,0,0,5,5,,0.0,none,1,0,0,1,,,,,bc,12,0,7,2024-03-03,2024-05-12,,0,0.0,0
14,Manchester United,37675777,Harry Amass,yes,26.0,8,6,2,0.0,0.0,0.0,0.0,,0.0,0.0,0,6,0,0,0,0,6,0,2023-08-07,0.0,unknown+override,1,0,1,0,Watford Yth.,2023-08-04,219.0,Manchester United U18,c,0,0,0,2024-04-07,2024-05-19,,0,0.0,0
20,Newcastle United,1494447,Joe Willock,yes,26.0,38,9,29,0.7304,589.6,1906.3,2495.9,0.2362,0.5858,0.0,0,12,0,0,0,0,0,0,2021-08-16,0.45,data_club,1,0,1,0,Arsenal,2021-02-01,218.0,,ac,0,0,0,2023-08-12,2024-05-19,,0,0.0,0
20,Newcastle United,2763,Nick Pope,yes,24.0,38,18,20,0.9892,1571.1,1780.5,3351.6,0.4688,0.7392,0.0,0,12,0,0,0,0,0,0,2022-07-04,0.0,none,1,1,1,0,Burnley,2022-07-01,219.0,,ac,0,0,0,2023-08-12,2024-05-19,,0,0.0,0
20,Newcastle United,5270468,Sven Botman,yes,25.0,38,17,21,0.9313,1407.7,1760.2,3167.9,0.4444,0.8631,0.0,0,12,0,0,0,0,0,0,2022-07-04,0.5,tier1,1,0,1,0,LOSC Lille,2022-07-01,219.0,,ac,0,0,0,2023-08-12,2024-05-19,,0,0.0,0
20,Newcastle United,33645,Joelinton,yes,26.0,38,20,18,0.7958,1483.3,1289.1,2772.4,0.535,0.6741,0.0,0,12,0,0,0,0,0,0,2019-07-26,0.5,tier1,1,0,1,0,TSG Hoffenheim,2019-07-23,219.0,,ac,0,0,0,2023-08-12,2024-05-19,,0,0.0,0
20,Newcastle United,2823228,Sandro Tonali,yes,26.0,38,9,29,0.4122,440.0,1075.7,1515.8,0.2903,0.4035,0.0,0,9,0,0,0,0,3,0,2023-07-06,0.5,tier1,1,0,1,0,AC Milan,2023-07-03,219.0,,bc,0,0,0,2023-08-12,2024-05-19,,0,0.0,0
20,Newcastle United,1065,Callum Wilson,yes,27.0,38,20,18,0.6458,1062.7,1046.3,2109.0,0.5039,0.6194,0.0,0,12,0,0,0,0,0,0,2020-09-10,0.45,data_club,1,0,1,0,AFC Bournemouth,2020-09-07,219.0,,bc,0,0,0,2023-08-12,2024-05-19,,0,0.0,0
20,Newcastle United,1016,Kieran Trippier,yes,25.0,38,28,10,0.9568,2426.7,861.1,3287.8,0.7381,0.7843,0.0,0,12,0,0,0,0,0,0,2022-01-10,0.5,tier1,1,0,1,0,Atlético de Madrid,2022-01-07,219.0,,bc,0,0,0,2023-08-12,2024-05-19,,0,0.0,0
20,Newcastle United,332047,Elliot Anderson,yes,26.0,38,21,17,0.5525,860.5,845.3,1705.8,0.5045,0.564,0.0,0,12,0,0,0,0,0,0,,0.0,none,1,0,0,1,,,,Newcastle United U21,bc,0,0,0,2023-08-12,2024-05-19,,0,0.0,0
20,Newcastle United,10601,Harvey Barnes,yes,26.0,38,21,17,0.4841,917.1,740.6,1657.7,0.5532,0.4619,0.0,0,12,0,0,0,0,0,0,2023-07-26,0.45,data_club,1,0,1,0,Leicester City,2023-07-23,219.0,,ac,0,0,0,2023-08-12,2024-05-19,,0,0.0,0
20,Newcastle United,37581796,Lewis Miley,yes,26.0,38,18,20,0.3645,801.5,656.0,1457.5,0.5499,0.7135,0.0,0,12,0,0,0,0,0,0,,0.0,none,1,0,0,1,,,,Newcastle United U21,ac,0,0,0,2023-08-12,2024-05-19,,0,0.0,0
20,Newcastle United,2985,Jamaal Lascelles,yes,25.0,38,26,12,0.4448,1036.6,480.4,1517.0,0.6833,0.3168,0.0,0,12,0,0,0,0,0,0,2014-08-12,0.45,data_club,1,0,1,0,Nottingham Forest,2014-08-09,219.0,,bc,0,0,0,2023-08-12,2024-05-19,,0,0.0,0
20,Newcastle United,34053,Alexander Isak,yes,27.0,38,31,7,0.7404,2209.8,466.5,2676.2,0.8257,0.9281,0.0,0,12,0,0,0,0,0,0,2022-08-29,0.5,tier1,1,0,1,0,Real Sociedad,2022-08-26,219.0,,bc,0,0,0,2023-08-12,2024-05-19,,0,0.0,0
20,Newcastle United,2815,Dan Burn,yes,25.0,38,33,5,0.8888,2580.5,400.0,2980.5,0.8658,0.9775,0.0,0,12,0,0,0,0,0,0,2022-02-03,0.45,data_club,1,0,1,0,Brighton & Hove Albion,2022-01-31,219.0,,ac,0,0,0,2023-08-12,2024-05-19,,0,0.0,0
20,Newcastle United,1387,Matt Targett,yes,25.0,38,11,27,0.1415,165.8,343.9,509.7,0.3253,0.1415,0.0,0,12,0,0,0,0,0,0,2022-07-04,0.45,data_club,1,0,1,0,Aston Villa,2022-01-31,218.0,,bc,0,0,0,2023-08-12,2024-05-19,,0,0.0,0
20,Newcastle United,257663,Miguel Almirón,yes,26.0,38,33,5,0.6168,2086.4,277.5,2363.9,0.8826,0.4696,0.0,0,12,0,0,0,0,0,0,2019-02-03,0.25,tier3,1,0,1,0,Atlanta United,2019-01-31,219.0,,bc,0,0,0,2023-08-12,2024-05-19,,0,0.0,0
20,Newcastle United,24799911,Tino Livramento,yes,25.0,38,33,5,0.5604,1154.1,252.2,1406.3,0.8207,0.5647,0.0,0,12,0,0,0,0,0,0,2023-08-11,0.45,data_club,1,0,1,0,Southampton,2023-08-08,219.0,,ac,0,0,0,2023-08-12,2024-05-19,,0,0.0,0
20,Newcastle United,9611543,Anthony Gordon,yes,27.0,38,35,3,0.8006,2485.4,216.2,2701.6,0.92,0.914,0.0,1,11,0,0,0,1,0,0,2023-02-01,0.45,data_club,1,0,1,0,Everton,2023-01-29,219.0,,bc,0,0,0,2023-08-12,2024-05-19,,0,0.0,0
20,Newcastle United,173737,Sean Longstaff,yes,26.0,38,35,3,0.7599,2689.8,205.2,2895.0,0.9291,0.9409,0.0,0,12,0,0,0,0,0,0,,0.0,none,1,0,0,1,,,,Newcastle United U21,bc,0,0,0,2023-08-12,2024-05-19,,0,0.0,0
20,Newcastle United,3071,Jacob Murphy,yes,26.0,38,26,12,0.1812,996.3,195.7,1192.0,0.8358,0.7579,0.0,0,12,0,0,0,0,0,0,2017-07-22,0.45,data_club,1,0,1,0,Norwich City,2017-07-19,219.0,,ac,0,0,0,2023-08-12,2024-05-19,,0,0.0,0
20,Newcastle United,32372,Fabian Schär,yes,25.0,38,36,2,0.9554,3141.2,172.0,3313.1,0.9481,0.896,0.0,0,12,0,0,0,0,0,0,2018-07-29,0.5,tier1,1,0,1,0,Deportivo A Coruña,2018-07-26,219.0,,ac,0,0,0,2023-08-12,2024-05-19,,0,0.0,0
20,Newcastle United,459145,Bruno Guimarães,yes,26.0,38,37,1,0.9588,3244.0,86.3,3330.3,0.9741,0.9858,0.0,0,12,0,0,0,0,0,0,2022-02-02,0.5,tier1,1,0,1,0,Olympique Lyonnais,2022-01-30,219.0,,bc,0,0,0,2023-08-12,2024-05-19,,0,0.0,0
20,Newcastle United,80889,Martin Dúbravka,yes,24.0,38,37,1,0.9275,1586.7,83.5,1670.2,0.95,0.9167,0.0,0,12,0,0,0,0,0,0,2018-07-04,0.0,none,1,1,1,0,Sparta Praha,2018-01-31,218.0,,bc,0,0,0,2023-08-12,2024-05-19,,0,0.0,0
20,Newcastle United,1352,Javier Manquillo,yes,25.0,21,1,20,0.0287,2.6,51.6,54.2,0.0476,0.0287,0.0,0,12,0,0,0,0,0,0,2017-07-24,0.5,tier1,1,0,1,0,Atlético de Madrid,2017-07-21,219.0,,bc,17,0,0,2023-08-12,2024-01-13,,0,0.0,0
20,Newcastle United,37581775,Ben Parkinson,yes,27.0,27,9,18,0.0251,18.1,40.6,58.7,0.3077,0.0251,0.0,0,9,0,0,0,0,3,3,,0.0,none,1,0,0,1,,,,,bc,0,0,0,2023-11-11,2024-05-19,,0,0.0,0
20,Newcastle United,2712,Ryan Fraser,yes,26.0,2,0,2,0.1986,0.0,35.8,35.8,0.0,0.0,0.0,0,0,0,0,12,0,0,0,2020-09-10,0.45,data_club,1,0,1,0,AFC Bournemouth,2020-09-07,220.0,,b,36,0,0,2023-08-12,2023-08-19,,0,0.0,0
20,Newcastle United,37459072,Lewis Hall,yes,25.0,35,33,2,0.1874,800.6,33.7,834.3,0.9596,0.6133,0.0,0,12,0,0,0,0,0,0,2023-08-25,0.45,data_club,1,0,1,0,Chelsea,2023-08-22,218.0,,c,0,0,0,2023-09-02,2024-05-19,,0,0.0,0
20,Newcastle United,4817,Loris Karius,yes,24.0,38,22,16,0.0208,60.0,30.0,90.0,0.6667,0.0833,0.0,0,12,0,0,0,0,0,0,2022-09-15,0.0,none,1,1,1,0,TBC,2022-09-12,219.0,,bc,0,0,0,2023-08-12,2024-05-19,,0,0.0,0
20,Newcastle United,1061,Matt Ritchie,yes,26.0,38,31,7,0.0387,170.3,24.4,194.7,0.8746,0.035,0.0,0,12,0,0,0,0,0,0,2016-07-04,0.45,data_club,1,0,1,0,AFC Bournemouth,2016-07-01,219.0,,bc,0,0,0,2023-08-12,2024-05-19,,0,0.0,0
20,Newcastle United,37573066,Alex Murphy,yes,25.0,38,19,19,0.0029,11.8,4.9,16.7,0.7067,0.0124,0.0,0,12,0,0,0,0,0,0,2022-07-12,0.35,unknown+override,1,0,1,0,Galway United,2022-07-09,219.0,Newcastle United U21,bc,0,0,0,2023-08-12,2024-05-19,,0,0.0,0
20,Newcastle United,37259223,Michael Ndiweni,yes,27.0,26,1,25,0.0017,0.0,3.8,3.8,0.0,0.0017,0.0,0,1,0,0,0,0,11,11,,0.0,none,1,0,0,1,,,,,bc,0,0,0,2023-11-25,2024-05-19,,0,0.0,0
20,Newcastle United,25591494,Amadou Diallo,yes,27.0,27,6,21,0.0017,0.6,3.2,3.8,0.16,0.0017,0.0,0,6,0,0,0,0,6,6,,0.0,none,1,0,0,1,,,,,bc,0,0,0,2023-11-11,2024-05-19,,0,0.0,0
20,Newcastle United,28913014,Joe White,yes,26.0,20,14,6,0.0024,21.7,1.3,23.0,0.943,0.0267,0.0,0,12,0,0,0,0,0,0,,0.0,none,1,0,0,1,,,,Newcastle United U21,bc,18,0,0,2023-08-12,2024-05-19,,0,0.0,0
20,Newcastle United,129966,Emil Krafth,yes,25.0,38,28,10,0.0002,407.3,0.1,407.4,0.9996,0.7707,0.0,0,12,0,0,0,0,0,0,2019-08-11,0.5,tier1,1,0,1,0,Amiens SC,2019-08-08,219.0,,bc,0,0,0,2023-08-12,2024-05-19,,0,0.0,0
20,Newcastle United,1414,Paul Dummett,yes,25.0,38,29,9,0.0,22.9,0.0,22.9,1.0,0.0252,0.0,0,12,0,0,0,0,0,0,,0.0,none,1,0,0,1,,,,Newcastle United U21,bc,0,0,0,2023-08-12,2024-05-19,,0,0.0,0
20,Newcastle United,2954,Isaac Hayden,yes,26.0,6,0,6,0.0,0.0,0.0,0.0,,0.0,0.0,0,0,0,0,12,0,0,0,2016-07-14,0.0,tier2,1,0,1,0,Arsenal U21,2016-07-11,219.0,,b,32,0,0,2023-08-12,2024-01-30,,0,0.0,0
20,Newcastle United,7855,Mark Gillespie,yes,24.0,38,12,26,0.0,0.0,0.0,0.0,,0.0,0.0,0,12,0,0,0,0,0,0,2020-07-06,0.0,none,1,1,1,0,Motherwell,2020-07-03,220.0,,ac,0,0,0,2023-08-12,2024-05-19,,0,0.0,0
20,Newcastle United,28912996,Lucas De Bolle,yes,26.0,38,0,38,0.0,0.0,0.0,0.0,,0.0,0.0,0,0,0,0,0,0,12,12,,0.0,none,1,0,0,1,,,,,b,0,0,0,2023-08-12,2024-05-19,,0,0.0,0
20,Newcastle United,37654338,Travis Hernes,yes,26.0,17,1,16,0.0,0.0,0.0,0.0,,0.0,0.0,0,1,0,0,0,0,11,11,,0.0,none,1,0,0,1,,,,,bc,0,0,0,2024-01-30,2024-05-19,,0,0.0,0
20,Newcastle United,900712115,James Huntley,yes,,0,0,0,0.0,0.0,0.0,0.0,,0.0,0.0,0,0,0,0,0,0,12,12,,0.0,none,0,0,0,1,,,,,,0,0,0,,,,0,0.0,0
63,Nottingham Forest,160121,Felipe,yes,25.0,38,13,25,0.7038,729.7,1583.5,2313.2,0.3155,0.349,0.0,0,12,0,0,0,0,0,0,2023-02-03,0.5,tier1,1,0,1,0,Atlético de Madrid,2023-01-31,219.0,,bc,0,0,0,2023-08-12,2024-05-19,,0,0.0,0
63,Nottingham Forest,26506,Taiwo Awoniyi,yes,27.0,38,20,18,0.6909,1252.2,1119.3,2371.5,0.528,0.4974,0.0,0,12,0,0,0,0,0,0,2022-07-04,0.5,tier1,1,0,1,0,FC Union Berlin,2022-07-01,219.0,,bc,0,0,0,2023-08-12,2024-05-19,,0,0.0,0
63,Nottingham Forest,173047,Scott McKenna,yes,25.0,22,6,16,0.6625,265.1,954.0,1219.1,0.2174,0.5844,0.0,0,12,0,0,0,0,0,0,2020-09-26,0.35,tier2,1,0,1,0,Aberdeen,2020-09-23,219.0,,bc,16,0,0,2023-08-12,2024-01-30,,0,0.0,0
63,Nottingham Forest,95348,Willy Boly,yes,25.0,38,23,15,0.5423,1310.5,732.1,2042.6,0.6416,0.6556,36.7,1,11,0,0,0,1,0,0,2022-09-04,0.45,data_club,1,0,1,0,Wolverhampton Wanderers,2022-09-01,219.0,,bc,0,0,0,2023-08-12,2024-05-19,,0,0.0,0
63,Nottingham Forest,9308193,Nuno Tavares,yes,25.0,35,13,22,0.3423,318.8,677.7,996.5,0.3199,0.4081,0.0,0,12,0,0,0,0,0,0,2023-09-04,0.45,data_club,1,0,1,0,Arsenal,2023-09-01,218.0,,bc,4,1,0,2023-09-02,2024-05-19,,0,0.0,0
63,Nottingham Forest,1956,Ola Aina,yes,25.0,38,25,13,0.561,1317.1,656.4,1973.5,0.6674,0.8046,0.0,0,12,0,0,0,0,0,0,2023-07-25,0.5,tier1,1,0,1,0,Torino,2023-07-22,220.0,,ac,0,0,0,2023-08-12,2024-05-19,,0,0.0,0
63,Nottingham Forest,96943,Ibrahim Sangaré,yes,26.0,34,24,10,0.7222,1202.3,650.0,1852.3,0.6491,0.2047,0.0,0,12,0,0,0,0,0,0,2023-09-04,0.5,tier1,1,0,1,0,PSV,2023-09-01,219.0,,ac,1,0,0,2023-09-18,2024-05-19,,0,0.0,0
63,Nottingham Forest,24830085,Andrew Omobamidele,yes,25.0,34,19,15,0.4344,834.9,586.4,1421.3,0.5874,0.4756,0.0,0,12,0,0,0,0,0,0,2023-09-04,0.45,data_club,1,0,1,0,Norwich City,2023-09-01,219.0,,bc,4,0,0,2023-09-18,2024-05-19,,0,0.0,0
63,Nottingham Forest,95094,Sèrge Aurier,yes,25.0,22,13,9,0.7139,1036.4,578.3,1614.7,0.6419,0.6843,0.0,0,12,0,0,0,0,0,0,2022-09-10,0.5,unknown+override,1,0,1,0,TBC,2022-09-07,219.0,,bc,16,0,0,2023-08-12,2024-01-30,,0,0.0,0
63,Nottingham Forest,37533413,Danilo,yes,26.0,38,31,7,0.8498,1802.2,535.4,2337.6,0.771,0.6729,0.0,0,12,0,0,0,0,0,0,2023-01-19,0.25,tier3,1,0,1,0,Palmeiras,2023-01-16,219.0,,bc,0,0,0,2023-08-12,2024-05-19,,0,0.0,0
63,Nottingham Forest,11720838,Neco Williams,yes,25.0,38,31,7,0.751,1581.1,473.1,2054.2,0.7697,0.9386,0.0,0,12,0,0,0,0,0,0,2022-07-13,0.45,data_club,1,0,1,0,Liverpool,2022-07-10,219.0,,ac,0,0,0,2023-08-12,2024-05-19,,0,0.0,0
63,Nottingham Forest,31892,Odysseas Vlachodimos,yes,24.0,34,19,15,0.3333,375.0,450.0,825.0,0.4545,0.3333,0.0,0,12,0,0,0,0,0,0,2023-09-04,0.0,none,1,1,1,0,Benfica,2023-09-01,219.0,,bc,4,0,0,2023-09-18,2024-05-19,,0,0.0,0
63,Nottingham Forest,7176,Joe Worrall,yes,25.0,23,14,9,0.5182,809.7,419.7,1229.5,0.6586,0.2055,0.0,1,11,0,0,0,1,0,0,,0.0,none,1,0,0,1,,,,Nottingham Forest U18,bc,15,0,0,2023-08-12,2024-02-04,,0,0.0,0
63,Nottingham Forest,914,Chris Wood,yes,27.0,38,31,7,0.5962,1619.3,375.6,1994.9,0.8117,0.8987,0.0,0,12,0,0,0,0,0,0,2023-07-04,0.45,data_club,1,0,1,0,Newcastle United,2023-01-20,218.0,,ac,0,0,0,2023-08-12,2024-05-19,,0,0.0,0
63,Nottingham Forest,333781,Gonzalo Montiel,yes,25.0,36,24,12,0.33,741.2,356.3,1097.5,0.6753,0.3797,0.0,0,12,0,0,0,0,0,0,2023-08-26,0.5,tier1,1,0,1,0,Sevilla,2023-08-23,218.0,,bc,2,0,0,2023-08-26,2024-05-19,,0,0.0,0
63,Nottingham Forest,98874,Moussa Niakhaté,yes,25.0,38,33,5,0.6477,1755.7,291.5,2047.1,0.8576,0.359,0.0,1,12,0,0,0,0,0,0,2022-07-09,0.5,tier1,1,0,1,0,FSV Mainz 05,2022-07-06,219.0,,bc,0,0,0,2023-08-12,2024-05-19,,0,0.0,0
63,Nottingham Forest,519,Wayne Hennessey,yes,24.0,38,1,37,0.0833,7.5,277.5,285.0,0.0263,0.0833,0.0,0,12,0,0,0,0,0,0,2022-07-18,0.0,none,1,1,1,0,Burnley,2022-07-15,219.0,,bc,0,0,0,2023-08-12,2024-05-19,,0,0.0,0
63,Nottingham Forest,3463,Harry Toffolo,yes,25.0,38,32,6,0.3846,1434.9,207.7,1642.6,0.8736,0.3847,0.0,0,12,0,0,0,0,0,0,2022-07-23,0.45,data_club,1,0,1,0,Huddersfield Town,2022-07-20,219.0,,bc,0,0,0,2023-08-12,2024-05-19,,0,0.0,0
63,Nottingham Forest,2875858,Callum Hudson-Odoi,yes,27.0,34,30,4,0.4903,1555.2,176.5,1731.7,0.8981,0.8153,0.0,0,12,0,0,0,0,0,0,2023-09-04,0.45,data_club,1,0,1,0,Chelsea,2023-09-01,219.0,,ac,1,0,0,2023-09-18,2024-05-19,,0,0.0,0
63,Nottingham Forest,1472,Divock Origi,yes,27.0,34,27,7,0.2679,754.3,168.8,923.1,0.8171,0.3092,0.0,0,12,0,0,0,0,0,0,2023-09-04,0.5,tier1,1,0,1,0,AC Milan,2023-09-01,218.0,,bc,4,0,0,2023-09-18,2024-05-19,,0,0.0,0
63,Nottingham Forest,28912805,Anthony Elanga,yes,27.0,38,36,2,0.8845,2277.6,159.2,2436.8,0.9347,0.7435,0.0,0,12,0,0,0,0,0,0,2023-07-28,0.45,data_club,1,0,1,0,Manchester United,2023-07-25,219.0,,bc,0,0,0,2023-08-12,2024-05-19,,0,0.0,0
63,Nottingham Forest,37562129,Andrey Santos,yes,26.0,17,6,11,0.1467,174.1,145.2,319.3,0.5452,0.0427,0.0,0,7,1,0,0,0,5,0,2023-08-28,0.45,data_club,1,0,1,0,Chelsea,2023-08-25,218.0,,bc,21,0,0,2023-09-02,2023-12-30,,0,0.0,0
63,Nottingham Forest,205944,Emmanuel Dennis,yes,27.0,4,0,4,0.2924,0.0,105.2,105.2,0.0,0.0,0.0,0,0,0,0,12,0,0,0,2022-08-16,0.45,data_club,1,0,1,0,Watford,2022-08-13,219.0,,b,34,0,0,2023-08-12,2023-09-02,,0,0.0,0
63,Nottingham Forest,1243,Cheikhou Kouyaté,yes,26.0,38,30,8,0.131,412.6,94.3,506.9,0.814,0.0169,0.0,0,12,0,0,0,0,0,0,2022-08-16,0.45,data_club,1,0,1,0,Crystal Palace,2022-08-13,220.0,,bc,0,0,0,2023-08-12,2024-05-19,,0,0.0,0
63,Nottingham Forest,335653,Nicolás Domínguez,yes,26.0,34,32,2,0.4819,1567.5,86.7,1654.2,0.9476,0.4233,0.0,0,12,0,0,0,0,0,0,2023-09-04,0.5,tier1,1,0,1,0,Bologna,2023-09-01,219.0,,ac,1,0,0,2023-09-18,2024-05-19,,0,0.0,0
63,Nottingham Forest,7926,Morgan Gibbs-White,yes,26.0,38,37,1,0.9478,3154.9,85.3,3240.2,0.9737,0.9411,0.0,0,12,0,0,0,0,0,0,2022-08-22,0.45,data_club,1,0,1,0,Wolverhampton Wanderers,2022-08-19,219.0,,ac,0,0,0,2023-08-12,2024-05-19,,0,0.0,0
63,Nottingham Forest,34432365,Giovanni Reyna,yes,26.0,16,13,3,0.3153,352.0,85.1,437.2,0.8053,0.2136,0.0,0,12,0,0,0,0,0,0,2024-02-03,0.5,tier1,1,0,1,0,Borussia Dortmund,2024-01-31,218.0,,bc,22,0,0,2024-02-04,2024-05-19,,0,0.0,0
63,Nottingham Forest,523939,Orel Mangala,yes,26.0,22,21,1,0.7877,1642.0,70.9,1712.9,0.9586,0.7695,0.0,0,12,0,0,0,0,0,0,2022-08-03,0.5,tier1,1,0,1,0,VfB Stuttgart,2022-07-31,219.0,,bc,16,0,0,2023-08-12,2024-01-30,,0,0.0,0
63,Nottingham Forest,10831,Ryan Yates,yes,26.0,38,37,1,0.6633,2015.2,59.7,2074.9,0.9712,0.759,0.0,0,12,0,0,0,0,0,0,,0.0,none,1,0,0,1,,,,Nottingham Forest U18,ac,0,0,0,2023-08-12,2024-05-19,,0,0.0,0
63,Nottingham Forest,37597738,Rodrigo Ribeiro,yes,27.0,16,12,4,0.1315,261.5,47.3,308.9,0.8467,0.0323,0.0,0,12,0,0,0,0,0,0,2024-02-04,0.5,tier1,1,0,1,0,Sporting CP,2024-02-01,218.0,,bc,22,0,0,2024-02-04,2024-05-19,,0,0.0,0
63,Nottingham Forest,10310312,Lewis O'Brien,yes,26.0,3,1,2,0.2503,28.3,45.1,73.3,0.3857,0.0,0.0,0,0,0,0,12,0,0,0,2022-07-23,0.45,data_club,1,0,1,0,Huddersfield Town,2022-07-20,219.0,,bc,35,0,0,2023-08-12,2023-08-26,,0,0.0,0
63,Nottingham Forest,37627036,Murillo,yes,25.0,34,32,2,0.2396,2313.2,43.1,2356.3,0.9817,0.9823,0.0,0,12,0,0,0,0,0,0,2023-09-03,0.25,tier3,1,0,1,0,Corinthians,2023-08-31,219.0,,ac,1,0,0,2023-09-18,2024-05-19,,0,0.0,0
63,Nottingham Forest,32786894,Alex Mighten,yes,27.0,6,0,6,0.0103,0.0,5.6,5.6,0.0,0.0103,0.0,0,6,0,0,0,0,6,6,,0.0,none,1,0,0,1,,,,Nottingham Forest U18,b,32,0,0,2023-08-12,2024-01-30,,0,0.0,0
63,Nottingham Forest,2975,Matz Sels,yes,24.0,16,16,0,1.0,855.0,0.0,855.0,1.0,1.0,0.0,0,12,0,0,0,0,0,0,2024-02-04,0.0,none,1,1,1,0,Strasbourg,2024-02-01,219.0,,ac,0,0,0,2024-02-04,2024-05-19,,0,0.0,0
63,Nottingham Forest,62944,Ethan Horvath,yes,24.0,22,4,18,0.0,0.0,0.0,0.0,,0.0,0.0,0,0,0,0,12,0,0,0,2021-07-16,0.0,none,1,1,1,0,Club Brugge,2021-07-13,220.0,,bc,16,0,0,2023-08-12,2024-01-30,,0,0.0,0
63,Nottingham Forest,130145,Remo Freuler,yes,26.0,3,3,0,0.1812,82.1,0.0,82.1,1.0,0.1812,0.0,0,12,0,0,0,0,0,0,2022-08-17,0.5,tier1,1,0,1,0,Atalanta,2022-08-14,219.0,,bc,35,0,0,2023-08-12,2023-08-26,,0,0.0,0
63,Nottingham Forest,262551,Matt Turner,yes,24.0,38,38,0,0.0,1530.0,0.0,1530.0,1.0,0.0,0.0,0,12,0,0,0,0,0,0,2023-08-12,0.0,none,1,1,1,0,Arsenal,2023-08-09,219.0,,bc,0,0,0,2023-08-12,2024-05-19,,0,0.0,0
63,Nottingham Forest,320795,Hwang Ui-Jo,yes,27.0,6,2,4,0.0,0.0,0.0,0.0,,0.0,0.0,0,0,0,0,12,0,0,0,2022-08-29,0.5,tier1,1,0,1,0,Bordeaux,2022-08-26,219.0,,bc,32,0,0,2023-08-12,2024-02-04,,0,0.0,0
63,Nottingham Forest,25206251,Brandon Aguilera,yes,26.0,22,4,18,0.0,1.0,0.0,1.0,1.0,0.0112,0.0,0,4,0,0,0,0,8,0,2022-07-20,0.25,tier3,1,0,1,0,Alajuelense,2022-07-17,219.0,,bc,16,0,0,2023-08-12,2024-01-30,,0,0.0,0
63,Nottingham Forest,25930790,Brennan Johnson,yes,27.0,3,3,0,0.9855,197.6,0.0,197.6,1.0,0.9855,0.0,0,12,12,0,0,0,0,0,,0.0,none,1,0,0,1,,,,Nottingham Forest U18,bc,35,0,0,2023-08-12,2023-08-26,,0,0.0,0
63,Nottingham Forest,37344239,Jamie McDonnell,yes,26.0,18,1,17,0.0,0.0,0.0,0.0,,0.0,0.0,0,1,0,0,0,0,11,11,,0.0,none,1,0,0,1,,,,,bc,0,0,0,2024-01-20,2024-05-19,,0,0.0,0
63,Nottingham Forest,37581535,Joe Gardner,yes,27.0,18,2,16,0.0,0.0,0.0,0.0,,0.0,0.0,0,2,0,0,0,0,10,10,,0.0,none,1,0,0,1,,,,,bc,0,0,0,2024-01-20,2024-05-19,,0,0.0,0
63,Nottingham Forest,37581536,Esapa Osong,yes,27.0,18,1,17,0.0,0.0,0.0,0.0,,0.0,0.0,0,1,0,0,0,0,11,11,,0.0,none,1,0,0,1,,,,,bc,0,0,0,2024-01-20,2024-05-19,,0,0.0,0
63,Nottingham Forest,37583502,Zach Abbott,yes,25.0,0,0,0,0.0,0.0,0.0,0.0,,0.0,0.0,0,0,0,0,0,0,12,12,,0.0,none,0,0,0,1,,,,Nottingham Forest U21,,0,0,0,,,,0,0.0,0
21,Sheffield United,3305,John Egan,yes,25.0,38,6,32,0.8744,498.2,2518.2,3016.3,0.1652,0.8733,0.0,0,12,0,0,0,0,0,0,2018-07-22,0.45,data_club,1,0,1,0,Sunderland,2012-03-06,218.0,,bc,0,0,0,2023-08-12,2024-05-19,,0,0.0,0
21,Sheffield United,7714340,Rhys Norrington-Davies,yes,25.0,38,6,32,0.7505,402.1,2161.5,2563.6,0.1569,0.5401,0.0,0,12,0,0,0,0,0,0,,0.0,none,1,0,0,1,,,,Sheffield United U21,ac,0,0,0,2023-08-12,2024-05-19,,0,0.0,0
21,Sheffield United,3604,George Baldock,yes,26.0,38,14,24,0.7779,964.3,1680.3,2644.6,0.3646,0.7528,0.0,0,12,0,0,0,0,0,0,2017-07-04,0.35,tier2,1,0,1,0,Milton Keynes Dons,2017-07-01,219.0,,bc,0,0,0,2023-08-12,2024-05-19,,0,0.0,0
21,Sheffield United,506,Chris Basham,yes,25.0,38,8,30,0.556,333.1,1501.1,1834.3,0.1816,0.556,0.0,0,12,0,0,0,0,0,0,2014-07-04,0.45,data_club,1,0,1,0,Blackpool,2014-07-01,220.0,,bc,0,0,0,2023-08-12,2024-05-19,,0,0.0,0
21,Sheffield United,3248,Max Lowe,yes,25.0,38,13,25,0.5471,697.1,1231.0,1928.1,0.3615,0.3991,0.0,0,12,0,0,0,0,0,0,2020-09-10,0.45,data_club,1,0,1,0,Derby County,2020-09-07,219.0,,bc,0,0,0,2023-08-12,2024-05-19,,0,0.0,0
21,Sheffield United,37391641,Daniel Jebbison,yes,27.0,38,1,37,0.322,29.0,1072.3,1101.3,0.0263,0.3238,0.0,0,12,0,0,0,0,0,0,,0.0,none,1,0,0,1,,,,Sheffield United U18,bc,0,0,0,2023-08-12,2024-05-19,,0,0.0,0
21,Sheffield United,4746,Oliver McBurnie,yes,27.0,38,24,14,0.6143,1252.3,774.1,2026.4,0.618,0.5457,12.3,2,12,0,0,0,0,0,0,2019-08-05,0.45,data_club,1,0,1,0,Swansea City,2019-08-02,219.0,,bc,0,0,0,2023-08-12,2024-05-19,,0,0.0,0
21,Sheffield United,455354,Rhian Brewster,yes,27.0,38,14,24,0.3425,424.8,739.7,1164.5,0.3648,0.3245,18.3,1,11,0,0,0,1,0,0,2020-10-05,0.0,tier2,1,0,1,0,Liverpool U21,2020-10-02,219.0,,bc,0,0,0,2023-08-12,2024-05-19,,0,0.0,0
21,Sheffield United,7118,Anel Ahmedhodzic,yes,25.0,38,31,7,0.9753,2647.8,614.4,3262.3,0.8117,0.9068,0.0,1,11,0,0,0,1,0,0,2022-07-09,0.35,tier2,1,0,1,0,Malmö FF,2022-07-06,219.0,,bc,0,0,0,2023-08-12,2024-05-19,,0,0.0,0
21,Sheffield United,1706,Tom Davies,yes,26.0,37,10,27,0.2125,177.8,516.5,694.3,0.2561,0.2408,0.0,0,12,2,0,0,0,0,0,2023-08-19,0.45,data_club,1,0,1,0,Everton,2023-08-16,220.0,,bc,2,1,0,2023-08-18,2024-05-19,,0,0.0,0
21,Sheffield United,3230,Ben Osborn,yes,26.0,38,29,9,0.4972,1168.2,402.7,1570.9,0.7436,0.7886,0.0,0,12,0,0,0,0,0,0,2019-07-29,0.45,data_club,1,0,1,0,Nottingham Forest,2019-07-26,219.0,,bc,0,0,0,2023-08-12,2024-05-19,,0,0.0,0
21,Sheffield United,28912777,Cameron Archer,yes,27.0,35,29,6,0.6818,1699.7,368.1,2067.8,0.822,0.4881,0.0,0,12,0,0,0,0,0,0,2023-08-30,0.45,data_club,1,0,1,0,Aston Villa,2023-08-27,219.0,,bc,3,0,0,2023-09-02,2024-05-19,,0,0.0,0
21,Sheffield United,1022,Jack Robinson,yes,25.0,38,34,4,0.9455,2872.2,340.4,3212.6,0.894,0.938,0.0,0,12,0,0,0,0,0,0,2020-01-24,0.45,data_club,1,0,1,0,Nottingham Forest,2020-01-21,219.0,,bc,0,0,0,2023-08-12,2024-05-19,,0,0.0,0
21,Sheffield United,5858,John Fleck,yes,26.0,22,9,13,0.2697,206.1,315.5,521.7,0.3951,0.0969,0.0,0,8,0,0,4,0,0,0,2016-07-11,0.45,data_club,1,0,1,0,Coventry City,2016-07-08,220.0,,bc,16,0,0,2023-08-12,2024-01-30,,0,0.0,0
21,Sheffield United,37357411,Anis Ben Slimane,yes,26.0,38,28,10,0.2838,509.9,255.4,765.3,0.6662,0.1836,0.0,0,12,0,0,0,0,0,0,2023-07-16,0.35,tier2,1,0,1,0,Brøndby IF,2023-07-13,219.0,,bc,0,0,0,2023-08-12,2024-05-19,,0,0.0,0
21,Sheffield United,1692,Mason Holgate,yes,25.0,16,12,4,0.6181,692.4,222.5,915.0,0.7568,0.6917,35.8,1,11,0,0,0,1,0,0,2024-02-04,0.45,data_club,1,0,1,0,Everton,2024-02-01,218.0,,bc,23,1,0,2024-02-03,2024-05-19,,0,0.0,0
21,Sheffield United,581158,Jayden Bogle,yes,25.0,38,35,3,0.7117,2533.3,192.2,2725.4,0.9295,0.9406,0.0,0,12,0,0,0,0,0,0,2020-09-10,0.45,data_club,1,0,1,0,Derby County,2020-09-07,219.0,,bc,0,0,0,2023-08-12,2024-05-19,,0,0.0,0
21,Sheffield United,37559767,William Osula,yes,27.0,38,30,8,0.2649,798.2,190.7,988.9,0.8071,0.1301,0.0,0,12,0,0,0,0,0,0,,0.0,none,1,0,0,1,,,,Sheffield United U21,bc,0,0,0,2023-08-12,2024-05-19,,0,0.0,0
21,Sheffield United,7835,Ben Brereton,yes,27.0,18,15,3,0.5273,836.0,142.4,978.4,0.8545,0.8521,0.0,0,12,0,0,0,0,0,0,2024-01-08,0.5,tier1,1,0,1,0,Villarreal,2024-01-05,218.0,,c,0,0,0,2024-01-21,2024-05-19,,0,0.0,0
21,Sheffield United,28575676,James McAtee,yes,26.0,34,32,2,0.6481,1934.7,116.7,2051.3,0.9431,0.3939,0.0,0,12,0,0,0,0,0,0,2023-09-04,0.45,data_club,1,0,1,0,Manchester City U21,2022-08-04,218.0,,bc,4,0,0,2023-09-16,2024-05-19,,0,0.0,0
21,Sheffield United,2321,Oliver Norwood,yes,26.0,38,36,2,0.4534,1719.7,81.6,1801.3,0.9547,0.1499,0.0,0,12,0,0,0,0,0,0,2019-01-07,0.45,data_club,1,0,1,0,Brighton & Hove Albion,2018-08-13,218.0,,bc,0,0,0,2023-08-12,2024-05-19,,0,0.0,0
21,Sheffield United,26813,Gustavo Hamer,yes,26.0,37,36,1,0.85,2558.3,76.5,2634.7,0.971,0.9396,0.0,0,12,0,0,0,0,0,0,2023-08-15,0.45,data_club,1,0,1,0,Coventry City,2023-08-12,219.0,,bc,1,0,0,2023-08-18,2024-05-19,,0,0.0,0
21,Sheffield United,74092,Ivo Grbic,yes,24.0,17,14,3,0.2518,498.0,68.0,566.0,0.8799,0.6667,0.0,0,12,0,0,0,0,0,0,2024-01-29,0.0,none,1,1,1,0,Atlético de Madrid,2024-01-26,219.0,,bc,21,0,0,2024-01-30,2024-05-19,,0,0.0,0
21,Sheffield United,12759174,Yasser Larouci,yes,25.0,38,34,4,0.1835,735.7,66.1,801.7,0.9176,0.0987,0.0,0,12,0,0,0,0,0,0,2023-07-20,0.5,tier1,1,0,1,0,Troyes,2023-07-17,218.0,,bc,0,0,0,2023-08-12,2024-05-19,,0,0.0,0
21,Sheffield United,37391642,Antwoine Hackford,yes,27.0,38,2,36,0.0203,0.6,65.7,66.3,0.0094,0.0203,0.0,0,2,0,0,0,0,10,10,,0.0,none,1,0,0,1,,,,,bc,0,0,0,2023-08-12,2024-05-19,,0,0.0,0
21,Sheffield United,37668291,Jili Buyabu,yes,25.0,38,2,36,0.0174,3.1,56.2,59.4,0.0526,0.0174,0.0,0,4,0,0,0,0,8,8,,0.0,none,1,0,0,1,,,,,bc,0,0,0,2023-08-12,2024-05-19,,0,0.0,0
21,Sheffield United,10309700,Luke Thomas,yes,25.0,17,16,1,0.5758,987.5,51.8,1039.3,0.9501,0.0,0.0,0,0,0,0,12,0,0,0,2023-09-03,0.45,data_club,1,0,1,0,Leicester City,2023-08-31,218.0,,bc,22,1,0,2023-09-02,2023-12-30,,0,0.0,0
21,Sheffield United,37559762,Oliver Arblaster,yes,26.0,19,14,5,0.0785,472.8,35.3,508.1,0.9305,0.8578,0.0,0,12,0,0,0,0,0,0,,0.0,none,1,0,0,1,,,,Sheffield United U21,ac,19,0,0,2023-12-30,2024-05-19,,0,0.0,0
21,Sheffield United,37642293,Ryan Oné,yes,27.0,30,4,26,0.0138,2.5,32.2,34.6,0.0714,0.0138,0.0,0,4,0,0,0,0,8,8,,0.0,none,1,0,0,1,,,,Sheffield United U21,c,0,0,0,2023-10-21,2024-05-19,,0,0.0,0
21,Sheffield United,37392952,Jordan Amissah,yes,24.0,38,6,32,0.0085,5.8,24.5,30.2,0.1905,0.0,0.0,0,12,0,0,0,0,0,0,,0.0,none,1,1,0,1,,,,Sheffield United U21,bc,0,0,0,2023-08-12,2024-05-19,,0,0.0,0
21,Sheffield United,5699,Adam Davies,yes,24.0,38,18,20,0.0125,238.6,22.5,261.1,0.9138,0.0,0.0,0,12,0,0,0,0,0,0,2022-01-28,0.0,none,1,1,1,0,Stoke City,2022-01-25,219.0,,ac,0,0,0,2023-08-12,2024-05-19,,0,0.0,0
21,Sheffield United,37567879,Sydie Peck,yes,26.0,23,2,21,0.0112,1.0,21.1,22.1,0.0455,0.0112,0.0,0,2,0,0,0,0,10,10,,0.0,none,1,0,0,1,,,,Sheffield United U21,c,0,0,0,2023-12-09,2024-05-19,,0,0.0,0
21,Sheffield United,37391640,Andre Brooks,yes,26.0,38,31,7,0.0293,702.3,18.5,720.7,0.9744,0.3115,0.0,0,12,0,0,0,0,0,0,,0.0,none,1,0,0,1,,,,Sheffield United U21,bc,0,0,0,2023-08-12,2024-05-19,,0,0.0,0
21,Sheffield United,37553666,Bénie Traoré,yes,27.0,20,19,1,0.0683,550.0,6.1,556.1,0.9889,0.0683,0.0,0,12,0,0,0,0,0,0,2023-07-21,0.35,tier2,1,0,1,0,Häcken,2023-07-18,219.0,,bc,18,0,0,2023-08-12,2023-12-30,,0,0.0,0
21,Sheffield United,30468674,Ismaila Coulibaly,yes,26.0,22,1,21,0.0017,0.2,3.2,3.4,0.0455,0.0017,0.0,0,7,0,0,0,0,5,0,2020-09-11,0.35,tier2,1,0,1,0,Sarpsborg 08,2020-09-08,219.0,,bc,16,0,0,2023-08-12,2024-01-30,,0,0.0,0
21,Sheffield United,37437764,Sam Curtis,yes,25.0,13,9,4,0.0067,0.0,2.4,2.4,0.0,0.0266,0.0,0,9,0,0,0,0,3,3,,0.0,none,1,0,0,1,,,,Sheffield United U21,bc,0,0,0,2024-02-25,2024-05-19,,0,0.0,0
21,Sheffield United,3478,Wes Foderingham,yes,24.0,38,38,0,0.4167,2766.5,0.0,2766.5,1.0,0.4167,0.0,0,12,0,0,0,0,0,0,2020-07-30,0.0,none,1,1,1,0,Rangers,2020-07-27,220.0,,bc,0,0,0,2023-08-12,2024-05-19,,0,0.0,0
21,Sheffield United,262280,Auston Trusty,yes,25.0,38,38,0,0.9092,2285.4,0.0,2285.4,1.0,0.9092,0.0,0,12,0,0,0,0,0,0,2023-08-06,0.45,data_club,1,0,1,0,Arsenal,2023-08-03,219.0,,bc,0,0,0,2023-08-12,2024-05-19,,0,0.0,0
21,Sheffield United,26715430,Femi Seriki,yes,25.0,22,12,10,0.0,0.0,0.0,0.0,,0.0,0.0,0,0,0,12,0,0,0,0,,0.0,none,1,0,0,1,,,,Sheffield United U21,ac,16,0,0,2023-08-12,2024-01-30,,0,0.0,0
21,Sheffield United,32031212,Vinicius Souza,yes,26.0,38,38,0,0.5867,2598.0,0.0,2598.0,1.0,0.5867,0.0,0,12,0,0,0,0,0,0,2023-08-12,0.5,tier1,1,0,1,0,Lommel SK,2023-08-09,219.0,,bc,0,0,0,2023-08-12,2024-05-19,,0,0.0,0
21,Sheffield United,37559763,Louie Marsh,yes,27.0,38,4,34,0.0,0.0,0.0,0.0,,0.0,0.0,0,5,0,0,0,0,7,7,,0.0,none,1,0,0,1,,,,Sheffield United U21,bc,0,0,0,2023-08-12,2024-05-19,,0,0.0,0
21,Sheffield United,37610434,Owen Hampson,yes,26.0,5,1,4,0.0,0.0,0.0,0.0,,0.0,0.0,0,1,0,0,0,0,11,11,,0.0,none,1,0,0,1,,,,,bc,0,0,0,2024-04-24,2024-05-19,,0,0.0,0
21,Sheffield United,37610435,Billy Blacker,yes,27.0,14,1,13,0.0,0.0,0.0,0.0,,0.0,0.0,0,1,0,0,0,0,11,11,,0.0,none,1,0,0,1,,,,,bc,0,0,0,2024-02-18,2024-05-19,,0,0.0,0
21,Sheffield United,37723799,Dovydas Sasnauskas,yes,25.0,13,2,11,0.0,0.0,0.0,0.0,,0.0,0.0,0,2,0,0,0,0,10,10,,0.0,none,1,0,0,1,,,,,bc,0,0,0,2024-02-25,2024-05-19,,0,0.0,0
6,Tottenham Hotspur,1014,Hugo Lloris,yes,24.0,22,0,22,0.8746,0.0,1731.6,1731.6,0.0,0.8746,0.0,0,12,0,0,0,0,0,0,2012-09-03,0.0,none,1,1,1,0,Olympique Lyonnais,2012-08-31,219.0,,b,16,0,0,2023-08-13,2024-01-31,,0,0.0,0
6,Tottenham Hotspur,6610,Ryan Sessegnon,yes,26.0,38,0,38,0.3447,0.0,1178.8,1178.8,0.0,0.3447,0.0,0,12,0,0,0,0,0,0,2019-08-11,0.45,data_club,1,0,1,0,Fulham,2019-08-08,219.0,,b,0,0,0,2023-08-13,2024-05-19,,0,0.0,0
6,Tottenham Hotspur,333797,Rodrigo Bentancur,yes,26.0,38,23,15,0.8038,1219.9,1085.1,2305.0,0.5292,0.4869,0.0,0,12,0,0,0,0,0,0,2022-02-03,0.5,tier1,1,0,1,0,Juventus,2022-01-31,219.0,,ac,0,0,0,2023-08-13,2024-05-19,,0,0.0,0
6,Tottenham Hotspur,32777506,Destiny Udogie,yes,25.0,38,28,10,0.9233,1820.1,831.0,2651.1,0.6865,0.9869,0.0,1,12,0,0,0,0,0,0,2022-08-19,0.5,tier1,1,0,1,0,Udinese,2022-08-16,219.0,,ac,0,0,0,2023-08-13,2024-05-19,,0,0.0,0
6,Tottenham Hotspur,37296248,Micky van de Ven,yes,25.0,38,28,10,0.8693,2052.6,782.4,2835.0,0.724,0.8746,0.0,0,12,0,0,0,0,0,0,2023-08-11,0.5,tier1,1,0,1,0,VfL Wolfsburg,2023-08-08,219.0,,ac,0,0,0,2023-08-13,2024-05-19,,0,0.0,0
6,Tottenham Hotspur,96870,Yves Bissouma,yes,26.0,38,28,10,0.8667,1899.9,780.1,2680.0,0.7089,0.7476,25.1,2,12,0,0,0,0,0,0,2022-07-04,0.45,data_club,1,0,1,0,Brighton & Hove Albion,2022-07-01,219.0,,bc,0,0,0,2023-08-13,2024-05-19,,0,0.0,0
6,Tottenham Hotspur,6838,James Maddison,yes,26.0,38,28,10,0.8554,2095.4,769.9,2865.3,0.7313,0.7351,0.0,0,12,0,0,0,0,0,0,2023-07-04,0.45,data_club,1,0,1,0,Leicester City,2023-07-01,219.0,,ac,0,0,0,2023-08-13,2024-05-19,,0,0.0,0
6,Tottenham Hotspur,31002,Ivan Perisic,yes,26.0,21,5,16,0.4425,255.9,637.2,893.1,0.2865,0.4425,0.0,0,12,0,0,0,0,0,0,2022-07-04,0.5,tier1,1,0,1,0,Inter,2022-07-01,220.0,,bc,17,0,0,2023-08-13,2024-01-14,,0,0.0,0
6,Tottenham Hotspur,125482,Manor Solomon,yes,26.0,38,7,31,0.1927,86.8,537.7,624.6,0.139,0.1927,0.0,0,12,5,0,0,0,0,0,2023-07-14,0.35,tier2,1,0,1,0,Shakhtar Donetsk,2023-07-11,220.0,,bc,0,0,0,2023-08-13,2024-05-19,,0,0.0,0
6,Tottenham Hotspur,219633,Richarlison,yes,27.0,38,29,9,0.6342,1424.6,513.7,1938.3,0.735,0.6155,0.0,0,12,0,0,0,0,0,0,2022-07-04,0.45,data_club,1,0,1,0,Everton,2022-07-01,219.0,,ac,0,0,0,2023-08-13,2024-05-19,,0,0.0,0
6,Tottenham Hotspur,37582649,Ashley Phillips,yes,25.0,20,7,13,0.3635,212.6,425.2,637.9,0.3333,0.0,0.0,0,0,0,0,12,0,0,0,2023-08-08,0.45,data_club,1,0,1,0,Blackburn Rovers,2023-08-05,219.0,,bc,18,0,0,2023-08-13,2023-12-31,,0,0.0,0
6,Tottenham Hotspur,333731,Cristian Romero,yes,25.0,38,33,5,0.9344,2842.6,420.5,3263.1,0.8711,1.0,50.5,1,12,0,0,0,0,0,0,2022-09-02,0.5,tier1,1,0,1,0,Atalanta,2021-08-06,218.0,,bc,0,0,0,2023-08-13,2024-05-19,,0,0.0,0
6,Tottenham Hotspur,916,Eric Dier,yes,25.0,20,12,8,0.5798,479.8,417.5,897.3,0.5347,0.1951,0.0,0,12,0,0,0,0,0,0,2014-08-03,0.5,tier1,1,0,1,0,Sporting CP,2014-07-31,219.0,,bc,18,0,0,2023-08-13,2023-12-31,,0,0.0,0
6,Tottenham Hotspur,31823,Timo Werner,yes,27.0,18,13,5,0.6685,705.0,300.8,1005.8,0.7009,0.6685,0.0,0,12,0,0,0,0,0,0,2024-01-12,0.5,tier1,1,0,1,0,RB Leipzig,2024-01-09,218.0,,bc,20,0,0,2024-01-14,2024-05-19,,0,0.0,0
6,Tottenham Hotspur,4313,Son Heung-Min,yes,27.0,38,35,3,0.9691,2866.8,261.6,3128.5,0.9164,0.9438,0.0,0,12,0,0,0,0,0,0,2015-08-31,0.5,tier1,1,0,1,0,Bayer 04 Leverkusen,2015-08-28,219.0,,bc,0,0,0,2023-08-13,2024-05-19,,0,0.0,0
6,Tottenham Hotspur,37342694,Pape Matar Sarr,yes,26.0,38,34,4,0.7254,1667.2,261.1,1928.4,0.8646,0.6379,0.0,0,12,0,0,0,0,0,0,2021-08-30,0.5,tier1,1,0,1,0,Metz,2021-08-27,219.0,,bc,0,0,0,2023-08-13,2024-05-19,,0,0.0,0
6,Tottenham Hotspur,540579,Oliver Skipp,yes,26.0,38,31,7,0.3485,1159.4,219.5,1378.9,0.8408,0.2472,0.0,0,12,0,0,0,0,0,0,,0.0,none,1,0,0,1,,,,Tottenham U21,bc,0,0,0,2023-08-13,2024-05-19,,0,0.0,0
6,Tottenham Hotspur,989,Ben Davies,yes,25.0,38,30,8,0.2974,1441.0,214.1,1655.1,0.8706,0.1724,0.0,0,12,0,0,0,0,0,0,2014-07-26,0.45,data_club,1,0,1,0,Swansea City,2014-07-23,219.0,,ac,0,0,0,2023-08-13,2024-05-19,,0,0.0,0
6,Tottenham Hotspur,4545529,Bryan Gil,yes,27.0,38,24,14,0.1619,351.4,204.0,555.3,0.6327,0.0494,0.0,0,12,0,0,0,0,0,0,2021-07-29,0.5,tier1,1,0,1,0,Sevilla,2021-07-26,219.0,,bc,0,0,0,2023-08-13,2024-05-19,,0,0.0,0
6,Tottenham Hotspur,8456257,Pedro Porro,yes,25.0,38,36,2,1.0,3017.8,180.0,3197.8,0.9437,0.9436,0.0,0,12,0,0,0,0,0,0,2023-07-04,0.5,tier1,1,0,1,0,Sporting CP,2023-01-31,218.0,,ac,0,0,0,2023-08-13,2024-05-19,,0,0.0,0
6,Tottenham Hotspur,97664,Giovani Lo Celso,yes,26.0,38,28,10,0.1951,485.8,175.6,661.4,0.7345,0.1232,0.0,0,12,0,0,0,0,0,0,2020-07-04,0.5,tier1,1,0,1,0,Real Betis,2019-08-08,218.0,,bc,0,0,0,2023-08-13,2024-05-19,,0,0.0,0
6,Tottenham Hotspur,14338024,Dejan Kulusevski,yes,26.0,38,36,2,0.9623,2697.0,173.2,2870.2,0.9397,0.6791,0.0,0,12,0,0,0,0,0,0,2023-07-04,0.5,tier1,1,0,1,0,Juventus,2022-01-31,218.0,,ac,0,0,0,2023-08-13,2024-05-19,,0,0.0,0
6,Tottenham Hotspur,37568165,Alejo Veliz,yes,27.0,22,13,9,0.1467,70.4,118.8,189.2,0.3722,0.067,0.0,0,12,0,0,0,0,0,0,2023-08-11,0.25,tier3,1,0,1,0,Rosario Central,2023-08-08,219.0,,bc,16,0,0,2023-08-13,2024-01-31,,0,0.0,0
6,Tottenham Hotspur,25930790,Brennan Johnson,yes,27.0,34,32,2,0.3848,1765.6,69.3,1834.9,0.9622,0.8869,0.0,0,12,0,0,0,0,0,0,2023-09-04,0.45,data_club,1,0,1,0,Nottingham Forest,2023-09-01,219.0,,bc,4,0,0,2023-09-16,2024-05-19,,0,0.0,0
6,Tottenham Hotspur,1241,Fraser Forster,yes,24.0,38,23,15,0.0473,472.7,63.8,536.5,0.8811,0.0,0.0,0,12,0,0,0,0,0,0,2022-07-04,0.0,none,1,1,1,0,Southampton,2022-07-01,220.0,,bc,0,0,0,2023-08-13,2024-05-19,,0,0.0,0
6,Tottenham Hotspur,380886,Sergio Reguilón,yes,25.0,4,0,4,0.1013,0.0,36.5,36.5,0.0,0.6316,0.0,0,11,11,0,0,1,0,0,2020-09-22,0.5,tier1,1,0,1,0,Real Madrid,2020-09-19,219.0,,b,34,0,0,2023-08-13,2024-01-14,,0,0.0,0
6,Tottenham Hotspur,37548602,Jamie Donley,yes,26.0,32,13,19,0.0059,2.5,10.0,12.6,0.1996,0.0074,0.0,0,12,0,0,0,0,0,0,,0.0,none,1,0,0,1,,,,,bc,0,0,0,2023-09-30,2024-05-19,,0,0.0,0
6,Tottenham Hotspur,37259210,Dane Scarlett,yes,27.0,23,8,15,0.0039,7.1,5.3,12.4,0.5744,0.0361,0.0,0,8,0,4,0,0,0,0,,0.0,none,1,0,0,1,,,,Tottenham U21,bc,15,0,0,2023-08-13,2024-05-19,,0,0.0,0
6,Tottenham Hotspur,540290,Japhet Tanganga,yes,25.0,3,0,3,0.0094,0.0,2.5,2.5,0.0,0.0,0.0,0,0,0,11,0,1,0,0,,0.0,none,1,0,0,1,,,,Tottenham U21,b,35,0,0,2023-08-13,2023-08-26,,0,0.0,0
6,Tottenham Hotspur,1744,Pierre-Emile Højbjerg,yes,26.0,38,38,0,0.3214,1766.1,0.0,1766.1,1.0,0.3214,0.0,0,12,0,0,0,0,0,0,2020-08-14,0.45,data_club,1,0,1,0,Southampton,2020-08-11,219.0,,bc,0,0,0,2023-08-13,2024-05-19,,0,0.0,0
6,Tottenham Hotspur,26294,Davinson Sánchez,yes,25.0,4,4,0,0.3239,114.4,0.0,114.4,1.0,0.3239,0.0,0,12,0,0,0,0,0,0,2017-08-26,0.5,tier1,1,0,1,0,Ajax,2017-08-23,219.0,,bc,34,0,0,2023-08-13,2023-09-02,,0,0.0,0
6,Tottenham Hotspur,133779,Guglielmo Vicario,yes,24.0,38,38,0,1.0,2835.0,0.0,2835.0,1.0,1.0,0.0,0,12,0,0,0,0,0,0,2023-07-04,0.0,none,1,1,1,0,Empoli,2023-07-01,219.0,,bc,0,0,0,2023-08-13,2024-05-19,,0,0.0,0
6,Tottenham Hotspur,221615,Emerson Royal,yes,25.0,38,38,0,0.1844,1500.8,0.0,1500.8,1.0,0.1844,0.0,0,12,0,0,0,0,0,0,2021-09-03,0.5,tier1,1,0,1,0,FC Barcelona,2021-08-31,219.0,,bc,0,0,0,2023-08-13,2024-05-19,,0,0.0,0
6,Tottenham Hotspur,340346,Alfie Whiteman,yes,24.0,38,1,37,0.0,0.0,0.0,0.0,,0.0,0.0,0,1,0,0,0,0,11,11,,0.0,none,1,1,0,1,,,,Tottenham U21,bc,0,0,0,2023-08-13,2024-05-19,,0,0.0,0
6,Tottenham Hotspur,540476,Brandon Austin,yes,24.0,38,18,20,0.0,0.0,0.0,0.0,,0.0,0.0,0,12,0,0,0,0,0,0,,0.0,none,1,1,0,1,,,,Tottenham U21,ac,0,0,0,2023-08-13,2024-05-19,,0,0.0,0
6,Tottenham Hotspur,23715982,Radu Dragusin,yes,25.0,18,18,0,0.3936,511.5,0.0,511.5,1.0,0.3936,0.0,0,12,0,0,0,0,0,0,2024-01-14,0.5,tier1,1,0,1,0,Genoa,2024-01-11,219.0,,bc,20,0,0,2024-01-14,2024-05-19,,0,0.0,0
6,Tottenham Hotspur,37316864,Yago Santiago,yes,27.0,38,3,35,0.0,0.0,0.0,0.0,,0.0,0.0,0,4,0,0,0,0,8,8,,0.0,none,1,0,0,1,,,,,bc,0,0,0,2023-08-13,2024-05-19,,0,0.0,0
6,Tottenham Hotspur,37565269,Alfie Dorrington,yes,25.0,27,10,17,0.0,0.0,0.0,0.0,,0.0,0.0,0,10,0,0,0,0,2,2,,0.0,none,1,0,0,1,,,,,bc,0,0,0,2023-11-11,2024-05-19,,0,0.0,0
6,Tottenham Hotspur,37609326,Tyrese Hall,yes,26.0,2,1,1,0.0,0.0,0.0,0.0,,0.0,0.0,0,1,0,0,0,0,11,11,,0.0,none,1,0,0,1,,,,,bc,0,0,0,2024-05-14,2024-05-19,,0,0.0,0
6,Tottenham Hotspur,37651099,Mikey Moore,yes,27.0,5,5,0,0.0108,0.3,0.0,0.3,1.0,0.0108,0.0,0,5,0,0,0,0,7,7,,0.0,none,1,0,0,1,,,,Tottenham U18,bc,0,0,0,2024-05-02,2024-05-19,,0,0.0,0
1,West Ham United,516291,Nayef Aguerd,yes,25.0,38,24,14,0.8679,2056.2,1093.5,3149.7,0.6528,0.7368,9.5,1,12,0,0,0,0,0,0,2022-07-04,0.5,tier1,1,0,1,0,Rennes,2022-07-01,219.0,,bc,0,0,0,2023-08-12,2024-05-19,,0,0.0,0
1,West Ham United,1922,Michail Antonio,yes,27.0,38,26,12,0.7306,1585.1,789.1,2374.1,0.6676,0.7218,0.0,0,12,0,0,0,0,0,0,2015-09-04,0.45,data_club,1,0,1,0,Nottingham Forest,2015-09-01,219.0,,bc,0,0,0,2023-08-12,2024-05-19,,0,0.0,0
1,West Ham United,220052,Lucas Paquetá,yes,26.0,38,31,7,0.9048,2486.5,570.0,3056.5,0.8135,0.9415,0.0,0,12,0,0,0,0,0,0,2022-09-01,0.5,tier1,1,0,1,0,Olympique Lyonnais,2022-08-29,219.0,,bc,0,0,0,2023-08-12,2024-05-19,,0,0.0,0
1,West Ham United,95393,Alphonse Areola,yes,24.0,38,33,5,0.9492,2199.3,427.1,2626.4,0.8374,0.8758,0.0,0,12,0,0,0,0,0,0,2022-07-04,0.0,none,1,1,1,0,Paris Saint Germain,2021-07-29,218.0,,ac,0,0,0,2023-08-12,2024-05-19,,0,0.0,0
1,West Ham United,254052,Edson Álvarez,yes,26.0,37,32,5,0.8694,2268.8,391.2,2660.0,0.8529,0.7544,0.0,0,12,0,0,0,0,0,0,2023-08-13,0.5,tier1,1,0,1,0,Ajax,2023-08-10,219.0,,ac,1,0,0,2023-08-20,2024-05-19,,0,0.0,0
1,West Ham United,109417,Konstantinos Mavropanos,yes,25.0,36,29,7,0.6114,1161.7,385.2,1546.8,0.751,0.7568,0.0,0,12,0,0,0,0,0,0,2023-08-25,0.5,tier1,1,0,1,0,VfB Stuttgart,2023-08-22,219.0,,ac,0,0,0,2023-08-26,2024-05-19,,0,0.0,0
1,West Ham United,1592,Jarrod Bowen,yes,26.0,38,34,4,0.9712,2888.4,349.6,3238.0,0.892,0.9624,0.0,0,12,0,0,0,0,0,0,2020-02-03,0.45,data_club,1,0,1,0,Hull City,2020-01-31,219.0,,ac,0,0,0,2023-08-12,2024-05-19,,0,0.0,0
1,West Ham United,1316,Kurt Zouma,yes,25.0,38,34,4,0.9553,2620.4,343.9,2964.3,0.884,0.8665,0.0,0,12,0,0,0,0,0,0,2021-08-31,0.45,data_club,1,0,1,0,Chelsea,2021-08-28,219.0,,bc,0,0,0,2023-08-12,2024-05-19,,0,0.0,0
1,West Ham United,581199,Ben Johnson,yes,25.0,38,25,13,0.2457,678.3,287.5,965.8,0.7023,0.1487,0.0,0,12,0,0,0,0,0,0,,0.0,none,1,0,0,1,,,,West Ham United U21,bc,0,0,0,2023-08-12,2024-05-19,,0,0.0,0
1,West Ham United,1261,Aaron Cresswell,yes,25.0,38,32,6,0.4028,619.1,217.5,836.6,0.74,0.2824,0.0,0,12,0,0,0,0,0,0,2014-07-06,0.45,data_club,1,0,1,0,Ipswich Town,2014-07-03,219.0,,bc,0,0,0,2023-08-12,2024-05-19,,0,0.0,0
1,West Ham United,80304,Vladimír Coufal,yes,25.0,38,36,2,0.9948,3061.4,179.1,3240.4,0.9447,0.9253,0.0,1,12,0,0,0,0,0,0,2020-10-05,0.35,tier2,1,0,1,0,Slavia Praha,2020-10-02,219.0,,bc,0,0,0,2023-08-12,2024-05-19,,0,0.0,0
1,West Ham United,129794,Emerson,yes,25.0,38,36,2,0.9362,2862.6,168.5,3031.1,0.9444,0.9591,0.0,0,12,0,0,0,0,0,0,2022-08-26,0.45,data_club,1,0,1,0,Chelsea,2022-08-23,219.0,,bc,0,0,0,2023-08-12,2024-05-19,,0,0.0,0
1,West Ham United,5640849,Mohammed Kudus,yes,26.0,35,33,2,0.8287,2196.0,149.2,2345.2,0.9364,0.9911,0.0,0,12,0,0,0,0,0,0,2023-08-30,0.5,tier1,1,0,1,0,Ajax,2023-08-27,219.0,,bc,3,0,0,2023-09-01,2024-05-19,,0,0.0,0
1,West Ham United,3354,Kalvin Phillips,yes,26.0,17,12,5,0.2537,295.6,114.1,409.7,0.7214,0.2438,0.0,1,11,0,0,0,1,0,0,2024-01-29,0.45,data_club,1,0,1,0,Manchester City,2024-01-26,218.0,,bc,21,0,0,2024-02-01,2024-05-19,,0,0.0,0
1,West Ham United,80655,Tomás Soucek,yes,26.0,38,37,1,0.8347,2832.6,75.1,2907.8,0.9742,0.8385,0.0,0,12,0,0,0,0,0,0,2020-07-30,0.35,tier2,1,0,1,0,Slavia Praha,2020-01-29,218.0,,ac,0,0,0,2023-08-12,2024-05-19,,0,0.0,0
1,West Ham United,518749,Flynn Downes,yes,26.0,2,0,2,0.3428,0.0,61.7,61.7,0.0,0.0,0.0,0,0,0,0,12,0,0,0,2022-07-10,0.45,data_club,1,0,1,0,Swansea City,2022-07-07,219.0,,b,36,0,0,2023-08-12,2023-08-20,,0,0.0,0
1,West Ham United,96642,Maxwel Cornet,yes,27.0,38,28,10,0.0682,206.7,61.4,268.1,0.7711,0.0549,0.0,0,12,0,0,0,0,0,0,2022-08-08,0.45,data_club,1,0,1,0,Burnley,2022-08-05,219.0,,ac,0,0,0,2023-08-12,2024-05-19,,0,0.0,0
1,West Ham United,96426,Saïd Benrahma,yes,27.0,22,20,2,0.2652,752.5,47.7,800.2,0.9403,0.2652,0.0,0,12,0,0,0,0,0,0,2021-02-01,0.45,data_club,1,0,1,0,Brentford,2020-10-16,218.0,,bc,16,0,0,2023-08-12,2024-02-01,,0,0.0,0
1,West Ham United,32738,Thilo Kehrer,yes,25.0,20,18,2,0.2276,345.3,41.0,386.3,0.894,0.005,0.0,0,12,0,0,0,0,0,0,2022-08-20,0.5,tier1,1,0,1,0,Paris Saint Germain,2022-08-17,219.0,,bc,18,0,0,2023-08-12,2024-01-02,,0,0.0,0
1,West Ham United,733,Lukasz Fabianski,yes,24.0,38,37,1,0.4167,1096.8,37.5,1134.3,0.9669,0.3742,0.0,0,12,0,0,0,0,0,0,2018-07-04,0.0,none,1,1,1,0,Swansea City,2018-07-01,219.0,,bc,0,0,0,2023-08-12,2024-05-19,,0,0.0,0
1,West Ham United,186815,Pablo Fornals,yes,26.0,22,21,1,0.2741,560.3,24.7,584.9,0.9578,0.2741,0.0,0,12,0,0,0,0,0,0,2019-07-04,0.5,tier1,1,0,1,0,Villarreal,2019-07-01,219.0,,bc,16,0,0,2023-08-12,2024-02-01,,0,0.0,0
1,West Ham United,37365883,Divin Mubama,yes,27.0,38,31,7,0.0369,135.7,23.2,159.0,0.8538,0.0,0.0,0,12,0,0,0,0,0,0,,0.0,none,1,0,0,1,,,,West Ham United U21,bc,0,0,0,2023-08-12,2024-05-19,,0,0.0,0
1,West Ham United,37546780,George Earthy,yes,26.0,13,9,4,0.0036,3.5,1.3,4.8,0.729,0.0364,0.0,0,9,0,0,0,0,3,3,,0.0,none,1,0,0,1,,,,West Ham United U21,bc,0,0,0,2024-02-26,2024-05-19,,0,0.0,0
1,West Ham United,1155,James Ward-Prowse,yes,26.0,37,37,0,0.7152,2998.1,0.0,2998.1,1.0,0.7152,0.0,0,12,0,0,0,0,0,0,2023-08-17,0.45,data_club,1,0,1,0,Southampton,2023-08-14,219.0,,bc,1,0,0,2023-08-20,2024-05-19,,0,0.0,0
1,West Ham United,1416,Angelo Ogbonna,yes,25.0,38,38,0,0.2896,743.1,0.0,743.1,1.0,0.2896,0.0,0,12,0,0,0,0,0,0,2015-07-13,0.5,tier1,1,0,1,0,Juventus,2015-07-10,219.0,,bc,0,0,0,2023-08-12,2024-05-19,,0,0.0,0
1,West Ham United,1450,Danny Ings,yes,27.0,38,38,0,0.1561,602.8,0.0,602.8,1.0,0.1561,0.0,0,12,0,0,0,0,0,0,2023-01-23,0.45,data_club,1,0,1,0,Aston Villa,2023-01-20,219.0,,bc,0,0,0,2023-08-12,2024-05-19,,0,0.0,0
1,West Ham United,581197,Conor Coventry,yes,26.0,20,2,18,0.0,0.0,0.0,0.0,,0.0,0.0,0,2,0,10,0,0,0,0,,0.0,none,1,0,0,1,,,,West Ham United U21,bc,18,0,0,2023-08-12,2024-01-02,,0,0.0,0
1,West Ham United,12433159,Dan Chesters,yes,26.0,38,0,38,0.0,0.0,0.0,0.0,,0.0,0.0,0,0,0,0,0,0,12,12,,0.0,none,1,0,0,1,,,,,b,0,0,0,2023-08-12,2024-05-19,,0,0.0,0
1,West Ham United,15076349,Joseph Anang,yes,24.0,38,8,30,0.0,0.0,0.0,0.0,,0.0,0.0,0,12,0,0,0,0,0,0,,0.0,none,1,1,0,1,,,,West Ham United U21,bc,0,0,0,2023-08-12,2024-05-19,,0,0.0,0
1,West Ham United,37259176,Levi Laing,yes,25.0,19,1,18,0.0,0.0,0.0,0.0,,0.0,0.0,0,1,0,0,0,0,11,11,,0.0,none,1,0,0,1,,,,,bc,0,0,0,2024-01-02,2024-05-19,,0,0.0,0
1,West Ham United,37536788,Jacob Knightbridge,no,24.0,0,0,0,0.0,0.0,0.0,0.0,,0.0,0.0,0,0,0,0,0,0,12,12,,0.0,none,0,1,0,1,,,,,,0,0,0,,,,0,0.0,0
1,West Ham United,37544304,Kaelan Casey,yes,25.0,38,8,30,0.0,0.2,0.0,0.2,1.0,0.0025,0.0,0,9,0,0,0,0,3,3,,0.0,none,1,0,0,1,,,,West Ham United U21,bc,0,0,0,2023-08-12,2024-05-19,,0,0.0,0
1,West Ham United,37544306,Lewis Orford,yes,26.0,4,4,0,0.0,0.0,0.0,0.0,,0.0,0.0,0,4,0,0,0,0,8,8,,0.0,none,1,0,0,1,,,,West Ham United U21,c,19,0,4,2024-01-02,2024-04-21,,0,0.0,0
1,West Ham United,37581714,Ollie Scarles,yes,25.0,18,5,13,0.0,0.0,0.0,0.0,,0.0,0.0,0,5,0,0,0,0,7,7,,0.0,none,1,0,0,1,,,,West Ham United U21,c,0,0,0,2024-01-21,2024-05-19,,0,0.0,0
1,West Ham United,37602888,Callum Marshall,yes,27.0,21,1,20,0.0,0.0,0.0,0.0,,0.0,0.0,0,1,0,0,9,0,2,0,2022-01-07,0.0,unknown+override,1,0,1,0,Linfield U18,2022-01-04,219.0,West Ham United U21,bc,17,0,0,2023-08-12,2024-01-21,,0,0.0,0
1,West Ham United,900693066,Kamarai Swyer,yes,,0,0,0,0.0,0.0,0.0,0.0,,0.0,0.0,0,0,0,0,0,0,12,12,,0.0,none,0,0,0,1,,,,,,0,0,0,,,,0,0.0,0
29,Wolverhampton Wanderers,496775,Pedro Neto,yes,27.0,38,21,17,0.8152,1367.3,1247.3,2614.6,0.523,0.6427,0.0,0,12,0,0,0,0,0,0,2019-08-05,0.5,tier1,1,0,1,0,Lazio,2019-08-02,219.0,,bc,0,0,0,2023-08-14,2024-05-19,,0,0.0,0
29,Wolverhampton Wanderers,1183,Craig Dawson,yes,25.0,38,27,11,0.8842,2240.9,875.3,3116.3,0.7191,0.8083,0.0,0,12,0,0,0,0,0,0,2023-01-25,0.45,data_club,1,0,1,0,West Ham United,2023-01-22,219.0,,bc,0,0,0,2023-08-14,2024-05-19,,0,0.0,0
29,Wolverhampton Wanderers,52868,Hwang Hee-Chan,yes,27.0,38,29,9,0.9515,1929.7,770.7,2700.5,0.7146,0.8224,0.0,0,12,0,0,0,0,0,0,2022-07-04,0.5,tier1,1,0,1,0,RB Leipzig,2021-08-29,218.0,,bc,0,0,0,2023-08-14,2024-05-19,,0,0.0,0
29,Wolverhampton Wanderers,99076,Jean-Ricner Bellegarde,yes,26.0,34,22,12,0.4497,868.2,485.7,1353.9,0.6413,0.4285,8.2,1,12,0,0,0,0,0,0,2023-09-04,0.5,tier1,1,0,1,0,Strasbourg,2023-09-01,219.0,,ac,1,0,0,2023-09-16,2024-05-19,,0,0.0,0
29,Wolverhampton Wanderers,1846739,Matheus Cunha,yes,27.0,38,32,6,0.8676,2244.3,468.5,2712.8,0.8273,0.7103,0.0,0,12,0,0,0,0,0,0,2023-07-04,0.5,tier1,1,0,1,0,Atlético de Madrid,2023-01-01,218.0,,bc,0,0,0,2023-08-14,2024-05-19,,0,0.0,0
29,Wolverhampton Wanderers,13590962,Rayan Aït-Nouri,yes,25.0,38,33,5,0.7462,1990.3,335.8,2326.1,0.8556,0.8013,0.0,0,12,0,0,0,0,0,0,2021-07-12,0.5,tier1,1,0,1,0,Angers SCO,2020-10-04,218.0,,bc,0,0,0,2023-08-14,2024-05-19,,0,0.0,0
29,Wolverhampton Wanderers,159483,José Sá,yes,24.0,38,35,3,0.9427,2884.3,254.5,3138.9,0.9189,0.9575,0.0,0,12,0,0,0,0,0,0,2021-07-18,0.0,none,1,1,1,0,Olympiacos F.C.,2021-07-15,219.0,,ac,0,0,0,2023-08-14,2024-05-19,,0,0.0,0
29,Wolverhampton Wanderers,96017,Mario Lemina,yes,26.0,38,35,3,0.9361,2896.0,252.7,3148.7,0.9197,0.8805,0.0,1,12,0,0,0,0,0,0,2023-01-16,0.5,tier1,1,0,1,0,Nice,2023-01-13,219.0,,bc,0,0,0,2023-08-14,2024-05-19,,0,0.0,0
29,Wolverhampton Wanderers,37402348,João Gomes,yes,26.0,38,35,3,0.7763,2385.5,209.6,2595.1,0.9192,0.9274,0.0,0,12,0,0,0,0,0,0,2023-02-02,0.25,tier3,1,0,1,0,Flamengo,2023-01-30,219.0,,bc,0,0,0,2023-08-14,2024-05-19,,0,0.0,0
29,Wolverhampton Wanderers,186426,Jonny,yes,26.0,21,8,13,0.1756,131.4,205.5,336.9,0.3901,0.1666,0.0,0,11,0,0,0,1,0,0,2019-02-03,0.5,tier1,1,0,1,0,Atlético de Madrid,2018-07-26,218.0,,bc,17,0,0,2023-08-14,2024-01-22,,0,0.0,0
29,Wolverhampton Wanderers,459653,Santiago Bueno,yes,25.0,35,30,5,0.4038,628.8,181.7,810.5,0.7758,0.572,0.0,0,12,0,0,0,0,0,0,2023-09-03,0.5,tier1,1,0,1,0,Girona,2023-08-31,219.0,,ac,0,0,0,2023-09-03,2024-05-19,,0,0.0,0
29,Wolverhampton Wanderers,37595813,Noha Lemina,yes,27.0,16,5,11,0.1818,112.5,180.0,292.5,0.3846,0.0,0.0,0,5,0,0,0,0,7,0,2024-02-03,0.5,tier1,1,0,1,0,Paris Saint Germain,2024-01-31,218.0,,bc,22,0,0,2024-02-04,2024-05-19,,0,0.0,0
29,Wolverhampton Wanderers,160110,Nélson Semedo,yes,26.0,38,36,2,0.9801,3084.2,176.4,3260.6,0.9459,0.9792,60.3,1,11,0,0,0,1,0,0,2020-09-26,0.5,tier1,1,0,1,0,FC Barcelona,2020-09-23,219.0,,bc,0,0,0,2023-08-14,2024-05-19,,0,0.0,0
29,Wolverhampton Wanderers,37286738,Hugo Bueno,yes,25.0,38,33,5,0.3734,835.8,168.0,1003.9,0.8326,0.3307,0.0,0,12,0,0,0,0,0,0,,0.0,none,1,0,0,1,,,,Wolves U21,ac,0,0,0,2023-08-14,2024-05-19,,0,0.0,0
29,Wolverhampton Wanderers,36084757,Boubacar Traoré,yes,26.0,38,33,5,0.3333,821.0,150.0,971.0,0.8455,0.4167,0.0,0,12,0,0,0,0,0,0,2023-07-04,0.5,tier1,1,0,1,0,Metz,2022-09-01,218.0,,ac,0,0,0,2023-08-14,2024-05-19,,0,0.0,0
29,Wolverhampton Wanderers,37655932,Enso González,yes,27.0,35,5,30,0.0458,23.0,123.8,146.8,0.1568,0.0057,0.0,0,5,0,0,0,0,7,0,2023-09-03,0.25,tier3,1,0,1,0,Libertad,2023-08-31,219.0,,ac,0,0,0,2023-09-03,2024-05-19,,0,0.0,0
29,Wolverhampton Wanderers,37649397,Leon Chiwome,yes,27.0,11,4,7,0.1593,18.9,100.3,119.2,0.1584,0.1593,0.0,0,4,0,0,0,0,8,8,,0.0,none,1,0,0,1,,,,,bc,0,0,0,2024-03-09,2024-05-19,,0,0.0,0
29,Wolverhampton Wanderers,9605714,Tommy Doyle,yes,26.0,34,32,2,0.4728,1237.7,85.1,1322.8,0.9357,0.5424,0.0,0,12,0,0,0,0,0,0,2023-09-04,0.45,data_club,1,0,1,0,Manchester City,2023-09-01,218.0,,c,0,0,0,2023-09-16,2024-05-19,,0,0.0,0
29,Wolverhampton Wanderers,21781428,Matheus Nunes,yes,26.0,3,2,1,0.868,150.3,78.1,228.4,0.6581,0.3394,0.0,1,12,12,0,0,0,0,0,2022-08-21,0.5,tier1,1,0,1,0,Sporting CP,2022-08-18,219.0,,bc,35,0,0,2023-08-14,2023-08-26,,0,0.0,0
29,Wolverhampton Wanderers,186025,Pablo Sarabia,yes,26.0,38,37,1,0.6758,1558.1,60.8,1618.9,0.9624,0.6758,0.0,0,12,0,0,0,0,0,0,2023-01-20,0.5,tier1,1,0,1,0,Paris Saint Germain,2023-01-17,219.0,,bc,0,0,0,2023-08-14,2024-05-19,,0,0.0,0
29,Wolverhampton Wanderers,28912742,Joe Hodge,yes,26.0,22,9,13,0.0508,42.1,59.5,101.5,0.4142,0.0,0.0,0,0,0,12,0,0,0,0,,0.0,none,1,0,0,1,,,,Wolves U21,bc,16,0,0,2023-08-14,2024-02-01,,0,0.0,0
29,Wolverhampton Wanderers,24081648,Chem Campbell,yes,26.0,2,0,2,0.0712,0.0,12.8,12.8,0.0,0.0712,0.0,0,12,0,0,0,0,0,0,,0.0,none,1,0,0,1,,,,Wolves U21,b,36,0,0,2023-08-14,2023-08-19,,0,0.0,0
29,Wolverhampton Wanderers,23269679,Fábio Silva,yes,27.0,20,17,3,0.0336,266.5,9.1,275.5,0.9671,0.0336,0.0,0,12,0,0,0,0,0,0,2020-09-08,0.5,tier1,1,0,1,0,Porto,2020-09-05,219.0,,bc,18,0,0,2023-08-14,2023-12-30,,0,0.0,0
29,Wolverhampton Wanderers,1745,Jérémy Pied,yes,25.0,0,0,0,0.0,0.0,0.0,0.0,,0.0,0.0,0,0,0,0,0,0,12,12,,0.0,none,1,0,0,1,,,,,,0,0,0,,,,0,0.0,0
29,Wolverhampton Wanderers,3301,Dan Bentley,yes,24.0,38,38,0,0.1258,457.0,0.0,457.0,1.0,0.1258,0.0,0,12,0,0,0,0,0,0,2023-01-28,0.0,none,1,1,1,0,Bristol City,2023-01-25,219.0,,bc,0,0,0,2023-08-14,2024-05-19,,0,0.0,0
29,Wolverhampton Wanderers,3884,Matt Doherty,yes,25.0,38,38,0,0.5267,1183.4,0.0,1183.4,1.0,0.5267,0.0,0,12,0,0,0,0,0,0,2023-07-23,0.5,tier1,1,0,1,0,Bohemians,2010-08-22,219.0,,bc,0,0,0,2023-08-14,2024-05-19,,0,0.0,0
29,Wolverhampton Wanderers,6038,Tom King,yes,24.0,38,4,34,0.0,0.0,0.0,0.0,,0.0,0.0,0,4,0,0,0,0,8,0,2023-07-06,0.0,none,1,1,1,0,Northampton Town,2023-07-03,220.0,,bc,0,0,0,2023-08-14,2024-05-19,,0,0.0,0
29,Wolverhampton Wanderers,498161,Maximilian Kilman,yes,25.0,38,38,0,1.0,3313.1,0.0,3313.1,1.0,1.0,0.0,0,12,0,0,0,0,0,0,2018-08-12,0.35,tier2,1,0,1,0,Maidenhead United,2018-08-09,220.0,,bc,0,0,0,2023-08-14,2024-05-19,,0,0.0,0
29,Wolverhampton Wanderers,1548028,Sasa Kalajdzic,yes,27.0,20,20,0,0.1361,202.9,0.0,202.9,1.0,0.1361,0.0,0,12,0,0,0,0,0,0,2022-09-03,0.5,tier1,1,0,1,0,VfB Stuttgart,2022-08-31,219.0,,bc,18,0,0,2023-08-14,2023-12-30,,0,0.0,0
29,Wolverhampton Wanderers,24081644,Owen Hesketh,yes,26.0,21,1,20,0.0,0.0,0.0,0.0,,0.0,0.0,0,1,0,0,0,0,11,11,,0.0,none,1,0,0,1,,,,,bc,0,0,0,2023-12-24,2024-05-19,,0,0.0,0
29,Wolverhampton Wanderers,29303604,Toti Gomes,yes,25.0,38,38,0,0.9219,2583.4,0.0,2583.4,1.0,0.9219,0.0,0,12,0,0,0,0,0,0,2020-09-05,0.5,tier1,1,0,1,0,Estoril,2020-09-02,219.0,,ac,0,0,0,2023-08-14,2024-05-19,,0,0.0,0
29,Wolverhampton Wanderers,34455257,Harvey Griffiths,yes,26.0,38,2,36,0.0,0.0,0.0,0.0,,0.0,0.0,0,3,0,0,0,0,9,9,,0.0,none,1,0,0,1,,,,,bc,0,0,0,2023-08-14,2024-05-19,,0,0.0,0
29,Wolverhampton Wanderers,37357499,Tawanda Chirewa,yes,26.0,25,23,2,0.0,86.7,0.0,86.7,1.0,0.1533,0.0,0,12,0,0,0,0,0,0,2023-09-21,0.0,unknown+override,1,0,1,0,Without Club,2023-09-18,219.0,Wolves U21,ac,0,0,0,2023-12-02,2024-05-19,,0,0.0,0
29,Wolverhampton Wanderers,37400484,Yerson Mosquera,yes,25.0,1,1,0,0.0,0.0,0.0,0.0,,0.0,0.0,0,12,0,0,0,0,0,0,2021-07-04,0.25,tier3,1,0,1,0,Atlético Nacional,2021-07-01,219.0,,ac,37,0,0,2024-01-22,2024-01-22,,0,0.0,0
29,Wolverhampton Wanderers,37436321,Justin Hubner,yes,25.0,25,1,24,0.0,0.0,0.0,0.0,,0.0,0.0,0,1,0,0,0,0,11,11,,0.0,none,1,0,0,1,,,,,bc,0,0,0,2023-12-02,2024-05-19,,0,0.0,0
29,Wolverhampton Wanderers,37448818,Ty Barnett,yes,27.0,21,6,15,0.0,0.0,0.0,0.0,,0.0,0.0,0,6,0,0,0,0,6,6,,0.0,none,1,0,0,1,,,,,bc,0,0,0,2023-12-24,2024-05-19,,0,0.0,0
29,Wolverhampton Wanderers,37536877,Temple Ojinnaka,yes,26.0,6,1,5,0.0,0.0,0.0,0.0,,0.0,0.0,0,1,0,0,0,0,11,11,,0.0,none,1,0,0,1,,,,,bc,0,0,0,2024-04-20,2024-05-19,,0,0.0,0
29,Wolverhampton Wanderers,37560477,Nathan Fraser,yes,27.0,35,20,15,0.0,178.1,0.0,178.1,1.0,0.1338,0.0,0,12,0,0,0,0,0,0,,0.0,none,1,0,0,1,,,,Wolves U21,ac,0,0,0,2023-09-03,2024-05-19,,0,0.0,0
29,Wolverhampton Wanderers,37581763,Matthew Whittingham,yes,26.0,25,1,24,0.0,0.0,0.0,0.0,,0.0,0.0,0,1,0,0,0,0,11,11,,0.0,none,1,0,0,1,,,,,bc,0,0,0,2023-12-02,2024-05-19,,0,0.0,0
29,Wolverhampton Wanderers,37672028,Fletcher Holman,yes,27.0,10,3,7,0.0,0.0,0.0,0.0,,0.0,0.0,0,3,0,0,0,0,9,9,,0.0,none,1,0,0,1,,,,,bc,0,0,0,2024-03-30,2024-05-19,,0,0.0,0
29,Wolverhampton Wanderers,37684782,Wes Okoduwa,yes,25.0,12,5,7,0.0,0.0,0.0,0.0,,0.0,0.0,0,5,0,0,0,0,7,7,,0.0,none,1,0,0,1,,,,,bc,0,0,0,2024-03-02,2024-05-19,,0,0.0,0
