team_id,club,player_id,player,name_verified,position_id,E,N,A,xU,NET,NETabsence,RET,NETavailability,xU_asof,sent_off_mins,sent_off_n,slots_actual,slots_carried,slots_unseen,slots_expired,slots_sentoff,slots_empty,slots_empty_filled,arrival_eff,fill,origin_tier,named_anywhere,is_gk,is_import,academy,origin_from,origin_date,origin_type,youth_promo_from,elig_basis,fixtures_blocked_by_transfers,named_in_allowance,named_while_blocked,elig_first,elig_last,data_flag,fixtures_excluded,minutes_excluded,fixtures_force_retained
52,AFC Bournemouth,1052,Simon Francis,yes,25,38,18,20,0.9542,1240.3,1717.5,2957.9,0.4193,0.9571,0.0,0,12,0,0,0,0,0,0,2012-01-12,0.45,data_club,1,0,1,0,Charlton Athletic,2012-01-09,219.0,,bc,0,0,0,2018-08-11,2019-05-12,,0,0.0,0
52,AFC Bournemouth,1834,Lewis Cook,yes,26,38,15,23,0.6557,842.0,1357.4,2199.3,0.3828,0.6557,0.0,0,12,0,0,0,0,0,0,2016-07-11,0.45,data_club,1,0,1,0,Leeds United,2016-07-08,219.0,,ac,0,0,0,2018-08-11,2019-05-12,,0,0.0,0
52,AFC Bournemouth,1095,Adam Smith,yes,25,38,25,13,0.8942,2002.4,1046.2,3048.6,0.6568,0.932,13.5,1,12,0,0,0,0,0,0,2014-01-31,0.45,data_club,1,0,1,0,Tottenham Hotspur,2010-09-23,218.0,,ac,0,0,0,2018-08-11,2019-05-12,,0,0.0,0
52,AFC Bournemouth,513,Junior Stanislas,yes,26,38,23,15,0.6689,1215.3,903.0,2118.3,0.5737,0.5934,0.0,0,12,0,0,0,0,0,0,2014-07-04,0.45,data_club,1,0,1,0,Burnley,2014-07-01,220.0,,bc,0,0,0,2018-08-11,2019-05-12,,0,0.0,0
52,AFC Bournemouth,1054,Charlie Daniels,yes,25,38,25,13,0.7283,1822.0,852.1,2674.1,0.6814,0.5064,0.0,0,12,0,0,0,0,0,0,2012-01-04,0.35,tier2,1,0,1,0,Leyton Orient,2011-11-24,218.0,,bc,0,0,0,2018-08-11,2019-05-12,,0,0.0,0
52,AFC Bournemouth,568,Dan Gosling,yes,26,38,26,12,0.6964,1673.0,752.1,2425.1,0.6899,0.8271,0.0,0,12,0,0,0,0,0,0,2014-07-04,0.45,data_club,1,0,1,0,Newcastle United,2014-07-01,220.0,,bc,0,0,0,2018-08-11,2019-05-12,,0,0.0,0
52,AFC Bournemouth,1028,Steve Cook,yes,25,38,31,7,1.0,2785.4,630.0,3415.4,0.8155,0.9926,0.0,0,12,0,0,0,0,0,0,2012-01-06,0.45,data_club,1,0,1,0,Brighton & Hove Albion,2011-10-27,218.0,,bc,0,0,0,2018-08-11,2019-05-12,,0,0.0,0
52,AFC Bournemouth,1065,Callum Wilson,yes,27,38,30,8,0.8745,2358.5,629.6,2988.1,0.7893,0.9325,0.0,0,12,0,0,0,0,0,0,2014-07-07,0.45,data_club,1,0,1,0,Coventry City,2014-07-04,219.0,,bc,0,0,0,2018-08-11,2019-05-12,,0,0.0,0
52,AFC Bournemouth,867,Andrew Surman,yes,26,38,30,8,0.6667,1287.9,480.0,1767.9,0.7285,0.6667,0.0,0,12,0,0,0,0,0,0,,0.0,none,1,0,0,1,,,,,bc,0,0,0,2018-08-11,2019-05-12,,0,0.0,0
52,AFC Bournemouth,186766,Jefferson Lerma,yes,26,38,32,6,0.7124,2150.5,384.7,2535.2,0.8483,0.8724,0.0,0,12,0,0,0,0,0,0,2018-08-10,0.5,tier1,1,0,1,0,Levante,2018-08-07,219.0,,bc,0,0,0,2018-08-11,2019-05-12,,0,0.0,0
52,AFC Bournemouth,9808,David Brooks,yes,26,38,33,5,0.7518,1952.1,338.3,2290.5,0.8523,0.8359,0.0,0,12,0,0,0,0,0,0,2018-07-04,0.45,data_club,1,0,1,0,Sheffield United,2018-07-01,219.0,,ac,0,0,0,2018-08-11,2019-05-12,,0,0.0,0
52,AFC Bournemouth,1033,Marc Pugh,yes,26,23,3,20,0.1805,48.4,324.9,373.3,0.1297,0.0,0.0,0,0,0,12,0,0,0,0,,0.0,none,1,0,0,1,,,,,bc,15,0,0,2018-08-11,2019-01-19,,0,0.0,0
52,AFC Bournemouth,186954,Diego Rico,yes,25,38,27,11,0.2741,647.4,271.4,918.8,0.7046,0.1788,0.0,0,12,0,0,0,0,0,0,2018-07-27,0.5,tier1,1,0,1,0,Leganés,2018-07-24,219.0,,bc,0,0,0,2018-08-11,2019-05-12,,0,0.0,0
52,AFC Bournemouth,1029,Joshua King,yes,27,38,35,3,0.9497,2894.4,256.4,3150.8,0.9186,0.9316,0.0,0,12,0,0,0,0,0,0,2015-07-04,0.45,data_club,1,0,1,0,Blackburn Rovers,2015-07-01,220.0,,bc,0,0,0,2018-08-11,2019-05-12,,0,0.0,0
52,AFC Bournemouth,4203,Dominic Solanke,yes,27,17,11,6,0.4641,459.7,250.6,710.4,0.6472,0.4157,0.0,0,12,1,0,0,0,0,0,2019-01-07,0.45,data_club,1,0,1,0,Liverpool,2019-01-04,219.0,,bc,21,0,0,2019-01-13,2019-05-12,,0,0.0,0
52,AFC Bournemouth,3274,Emerson Hyndman,yes,26,17,4,13,0.2139,25.3,250.3,275.6,0.0919,0.0884,0.0,0,7,0,0,0,0,5,0,2019-01-04,0.35,tier2,1,0,1,0,Fulham,2016-07-01,220.0,,bc,21,0,0,2019-01-13,2019-05-12,,0,0.0,0
52,AFC Bournemouth,836,Jordon Ibe,yes,26,38,31,7,0.2897,931.6,182.5,1114.1,0.8362,0.4189,0.0,0,12,0,0,0,0,0,0,2016-07-17,0.45,data_club,1,0,1,0,Liverpool,2016-07-14,219.0,,bc,0,0,0,2018-08-11,2019-05-12,,0,0.0,0
52,AFC Bournemouth,1094,Tyrone Mings,yes,25,24,13,11,0.1713,216.6,169.5,386.2,0.561,0.0375,0.0,0,0,0,0,11,1,0,0,2015-07-04,0.45,data_club,1,0,1,0,Ipswich Town,2015-07-01,219.0,,bc,14,0,0,2018-08-11,2019-01-30,,0,0.0,0
52,AFC Bournemouth,1202,Nathaniel Clyne,yes,25,17,15,2,0.75,994.7,135.0,1129.7,0.8805,0.8003,0.0,0,12,0,0,0,0,0,0,2019-01-07,0.45,data_club,1,0,1,0,Liverpool,2019-01-04,218.0,,bc,21,0,0,2019-01-13,2019-05-12,,0,0.0,0
52,AFC Bournemouth,4901,Lys Mousset,yes,27,38,34,4,0.2388,594.5,86.0,680.5,0.8737,0.164,0.0,0,12,0,0,0,0,0,0,2016-07-04,0.5,tier1,1,0,1,0,Le Havre,2016-07-01,219.0,,bc,0,0,0,2018-08-11,2019-05-12,,0,0.0,0
52,AFC Bournemouth,681,Asmir Begovic,yes,24,38,36,2,0.1667,2617.5,30.0,2647.5,0.9887,0.1667,0.0,0,12,0,0,0,0,0,0,2017-07-04,0.0,none,1,1,1,0,Portsmouth,2007-08-10,218.0,,bc,0,0,0,2018-08-11,2019-05-12,,0,0.0,0
52,AFC Bournemouth,31,Jermain Defoe,yes,27,21,20,1,0.2711,230.0,24.4,254.4,0.9041,0.0173,0.0,0,12,0,0,0,0,0,0,2017-07-04,0.45,data_club,1,0,1,0,West Ham United,2000-10-25,218.0,,bc,17,0,0,2018-08-11,2019-01-02,,0,0.0,0
52,AFC Bournemouth,332147,Sam Surridge,yes,27,13,10,3,0.0133,8.4,3.6,12.0,0.7,0.019,0.0,0,10,0,0,0,0,2,2,,0.0,none,1,0,0,1,,,,AFC Bournemouth U21,bc,0,0,0,2019-02-09,2019-05-12,,0,0.0,0
52,AFC Bournemouth,1048,Artur Boruc,yes,24,38,38,0,0.6667,765.0,0.0,765.0,1.0,0.6667,0.0,0,12,0,0,0,0,0,0,2015-07-04,0.0,none,1,1,1,0,Southampton,2014-09-19,218.0,,bc,0,0,0,2018-08-11,2019-05-12,,0,0.0,0
52,AFC Bournemouth,1869,Nathan Aké,yes,25,38,38,0,1.0,3407.5,0.0,3407.5,1.0,1.0,0.0,0,12,0,0,0,0,0,0,2017-07-04,0.45,data_club,1,0,1,0,Chelsea,2016-07-01,218.0,,bc,0,0,0,2018-08-11,2019-05-12,,0,0.0,0
52,AFC Bournemouth,2712,Ryan Fraser,yes,26,38,38,0,0.9673,3065.4,0.0,3065.4,1.0,0.9673,0.0,0,12,0,0,0,0,0,0,2013-01-21,0.35,tier2,1,0,1,0,Aberdeen,2013-01-18,219.0,,bc,0,0,0,2018-08-11,2019-05-12,,0,0.0,0
52,AFC Bournemouth,4454,Matt Butcher,yes,26,38,1,37,0.0,0.0,0.0,0.0,,0.0,0.0,0,2,0,0,0,0,10,10,,0.0,none,1,0,0,1,,,,AFC Bournemouth U18,bc,0,0,0,2018-08-11,2019-05-12,,0,0.0,0
52,AFC Bournemouth,338951,Jack Simpson,yes,25,38,17,21,0.0,101.2,0.0,101.2,1.0,0.3722,0.0,0,12,0,0,0,0,0,0,,0.0,none,1,0,0,1,,,,AFC Bournemouth U21,bc,0,0,0,2018-08-11,2019-05-12,,0,0.0,0
52,AFC Bournemouth,339083,Chris Mepham,yes,25,15,15,0,0.7744,746.5,0.0,746.5,1.0,0.7744,0.0,0,12,0,0,0,0,0,0,2019-01-25,0.45,data_club,1,0,1,0,Brentford,2019-01-22,219.0,,bc,23,0,0,2019-01-30,2019-05-12,,0,0.0,0
52,AFC Bournemouth,10948332,Kyle Taylor,yes,26,38,6,32,0.0,0.0,0.0,0.0,,0.0,0.0,0,10,0,0,0,0,2,2,,0.0,none,1,0,0,1,,,,,bc,0,0,0,2018-08-11,2019-05-12,,0,0.0,0
52,AFC Bournemouth,22169319,Mark Travers,yes,24,2,2,0,0.1667,7.5,0.0,7.5,1.0,0.1667,0.0,0,2,0,0,0,0,10,10,,0.0,none,1,1,0,1,,,,AFC Bournemouth U21,bc,0,0,0,2019-05-04,2019-05-12,,0,0.0,0
52,AFC Bournemouth,22169320,Nnamdi Ofoborh,yes,26,4,2,2,0.0,0.0,0.0,0.0,,0.0,0.0,0,2,0,0,0,0,10,10,,0.0,none,1,0,0,1,,,,AFC Bournemouth U21,bc,0,0,0,2019-04-20,2019-05-12,,0,0.0,0
19,Arsenal,1901,Rob Holding,yes,25,38,14,24,0.7379,637.5,1593.9,2231.4,0.2857,0.7475,0.0,0,12,0,0,0,0,0,0,2016-07-25,0.45,data_club,1,0,1,0,Bolton Wanderers,2016-07-22,219.0,,bc,0,0,0,2018-08-12,2019-05-12,,0,0.0,0
19,Arsenal,716,Laurent Koscielny,yes,25,38,19,19,0.8847,1407.8,1512.9,2920.7,0.482,0.7976,0.0,0,12,0,0,0,0,0,0,2010-07-10,0.5,tier1,1,0,1,0,Lorient,2010-07-07,219.0,,bc,0,0,0,2018-08-12,2019-05-12,,0,0.0,0
19,Arsenal,1899,Héctor Bellerín,yes,25,38,19,19,0.8507,1609.8,1454.7,3064.5,0.5253,0.8337,0.0,0,12,0,0,0,0,0,0,,0.0,none,1,0,0,1,,,,Arsenal U21,bc,0,0,0,2018-08-12,2019-05-12,,0,0.0,0
19,Arsenal,1303,Nacho Monreal,yes,25,38,26,12,0.7709,1663.9,832.6,2496.5,0.6665,0.8333,0.0,0,12,0,0,0,0,0,0,2013-02-03,0.5,tier1,1,0,1,0,Málaga,2013-01-31,219.0,,bc,0,0,0,2018-08-12,2019-05-12,,0,0.0,0
19,Arsenal,1430,Mesut Özil,yes,26,38,27,11,0.7384,1738.4,731.0,2469.4,0.704,0.6963,0.0,0,12,0,0,0,0,0,0,2013-09-05,0.5,tier1,1,0,1,0,Real Madrid,2013-09-02,219.0,,bc,0,0,0,2018-08-12,2019-05-12,,0,0.0,0
19,Arsenal,31049,Sokratis Papastathopoulos,yes,25,38,28,10,0.8048,1858.0,724.3,2582.3,0.7195,1.0,0.0,0,12,0,0,0,0,0,0,2018-07-05,0.5,tier1,1,0,1,0,Borussia Dortmund,2018-07-02,219.0,,bc,0,0,0,2018-08-12,2019-05-12,,0,0.0,0
19,Arsenal,109417,Konstantinos Mavropanos,yes,25,38,7,31,0.2475,162.7,690.5,853.3,0.1907,0.336,0.0,0,9,0,0,0,1,2,0,2018-01-07,0.35,tier2,1,0,1,0,PAS Giannina,2018-01-04,219.0,,bc,0,0,0,2018-08-12,2019-05-12,,0,0.0,0
19,Arsenal,1887,Granit Xhaka,yes,26,38,31,7,0.902,2600.3,568.3,3168.6,0.8207,0.7865,0.0,0,12,0,0,0,0,0,0,2016-07-04,0.5,tier1,1,0,1,0,Borussia Mönchengladbach,2016-07-01,219.0,,bc,0,0,0,2018-08-12,2019-05-12,,0,0.0,0
19,Arsenal,31661,Sead Kolasinac,yes,25,38,29,9,0.6603,2009.0,534.8,2543.9,0.7898,0.5556,0.0,0,12,0,0,0,0,0,0,2017-07-04,0.5,tier1,1,0,1,0,Schalke 04,2017-07-01,220.0,,bc,0,0,0,2018-08-12,2019-05-12,,0,0.0,0
19,Arsenal,4344,Ainsley Maitland-Niles,yes,26,38,23,15,0.3929,928.7,530.4,1459.1,0.6365,0.6195,30.1,1,11,0,0,0,1,0,0,,0.0,none,1,0,0,1,,,,Arsenal U21,bc,0,0,0,2018-08-12,2019-05-12,,0,0.0,0
19,Arsenal,627,Danny Welbeck,yes,27,38,10,28,0.2101,299.7,529.4,829.2,0.3615,0.2008,0.0,0,12,0,0,0,0,0,0,2014-09-04,0.45,data_club,1,0,1,0,Manchester United,2014-09-01,219.0,,bc,0,0,0,2018-08-12,2019-05-12,,0,0.0,0
19,Arsenal,1835,Henrikh Mkhitaryan,yes,26,38,28,10,0.5646,1696.6,508.1,2204.8,0.7695,0.733,0.0,0,12,0,0,0,0,0,0,2018-01-25,0.45,data_club,1,0,1,0,Manchester United,2018-01-22,219.0,,bc,0,0,0,2018-08-12,2019-05-12,,0,0.0,0
19,Arsenal,94469,Stephan Lichtsteiner,yes,25,38,27,11,0.461,613.6,456.3,1069.9,0.5735,0.5557,0.0,0,12,0,0,0,0,0,0,,0.0,none,1,0,0,1,,,,,bc,0,0,0,2018-08-12,2019-05-12,,0,0.0,0
19,Arsenal,569,Aaron Ramsey,yes,26,38,31,7,0.4838,1492.6,304.8,1797.4,0.8304,0.5135,0.0,0,12,0,0,0,0,0,0,2008-07-04,0.45,data_club,1,0,1,0,Cardiff City,2008-07-01,219.0,,bc,0,0,0,2018-08-12,2019-05-12,,0,0.0,0
19,Arsenal,130022,Lucas Torreira,yes,26,38,34,4,0.8112,2253.2,292.0,2545.2,0.8853,0.8204,24.2,1,11,0,0,0,1,0,0,2018-07-13,0.5,tier1,1,0,1,0,Sampdoria,2018-07-10,219.0,,bc,0,0,0,2018-08-12,2019-05-12,,0,0.0,0
19,Arsenal,3817,Shkodran Mustafi,yes,25,38,35,3,0.954,2612.2,257.6,2869.8,0.9102,0.75,0.0,0,12,0,0,0,0,0,0,2016-09-02,0.5,tier1,1,0,1,0,Valencia,2016-08-30,219.0,,bc,0,0,0,2018-08-12,2019-05-12,,0,0.0,0
19,Arsenal,1494447,Joe Willock,yes,26,38,6,32,0.0784,43.1,225.9,269.1,0.1603,0.1381,0.0,0,11,0,0,0,0,1,1,,0.0,none,1,0,0,1,,,,Arsenal U21,bc,0,0,0,2018-08-12,2019-05-12,,0,0.0,0
19,Arsenal,1891,Mohamed Elneny,yes,26,38,29,9,0.2349,526.1,190.3,716.4,0.7344,0.2391,0.0,0,12,0,0,0,0,0,0,2016-01-17,0.35,tier2,1,0,1,0,Basel,2016-01-14,219.0,,bc,0,0,0,2018-08-12,2019-05-12,,0,0.0,0
19,Arsenal,84,Petr Cech,yes,24,38,36,2,0.8737,1087.8,157.3,1245.0,0.8737,0.0,0.0,0,12,0,0,0,0,0,0,,0.0,none,1,1,0,1,,,,,bc,0,0,0,2018-08-12,2019-05-12,,0,0.0,0
19,Arsenal,31739,Pierre-Emerick Aubameyang,yes,27,38,36,2,0.8673,2720.7,156.1,2876.8,0.9457,0.7556,0.0,0,12,0,0,0,0,0,0,2018-02-03,0.5,tier1,1,0,1,0,Borussia Dortmund,2018-01-31,219.0,,bc,0,0,0,2018-08-12,2019-05-12,,0,0.0,0
19,Arsenal,1881,Alex Iwobi,yes,26,38,36,2,0.6877,2073.0,123.8,2196.8,0.9436,0.5983,0.0,0,12,0,0,0,0,0,0,,0.0,none,1,0,0,1,,,,Arsenal U21,bc,0,0,0,2018-08-12,2019-05-12,,0,0.0,0
19,Arsenal,808,Carl Jenkinson,yes,25,38,5,33,0.0317,33.3,94.2,127.6,0.2614,0.154,0.0,0,5,0,0,7,0,0,0,2011-07-11,0.45,data_club,1,0,1,0,Charlton Athletic,2011-07-08,219.0,,bc,0,0,0,2018-08-12,2019-05-12,,0,0.0,0
19,Arsenal,4439,Denis Suárez,yes,26,14,8,6,0.1454,289.7,78.5,368.2,0.7868,0.0759,0.0,0,8,0,0,0,0,4,0,2019-02-03,0.5,tier1,1,0,1,0,FC Barcelona,2019-01-31,218.0,,bc,24,0,0,2019-02-03,2019-05-12,,0,0.0,0
19,Arsenal,95334,Alexandre Lacazette,yes,27,38,37,1,0.8322,2501.6,74.9,2576.5,0.9709,0.7209,0.0,0,12,0,0,0,0,0,0,2017-07-08,0.5,tier1,1,0,1,0,Olympique Lyonnais,2017-07-05,219.0,,bc,0,0,0,2018-08-12,2019-05-12,,0,0.0,0
19,Arsenal,97087,Mattéo Guendouzi,yes,26,38,37,1,0.528,2116.1,47.5,2163.6,0.978,0.5542,0.0,0,12,0,0,0,0,0,0,2018-07-14,0.5,tier1,1,0,1,0,Lorient,2018-07-11,219.0,,bc,0,0,0,2018-08-12,2019-05-12,,0,0.0,0
19,Arsenal,539961,Eddie Nketiah,yes,27,38,19,19,0.0211,36.6,36.1,72.7,0.5034,0.0717,0.0,0,12,0,0,0,0,0,0,,0.0,none,1,0,0,1,,,,Arsenal U21,bc,0,0,0,2018-08-12,2019-05-12,,0,0.0,0
19,Arsenal,16827155,Bukayo Saka,yes,27,21,3,18,0.0102,0.0,16.5,16.5,0.0,0.0108,0.0,0,3,0,0,0,0,9,9,,0.0,none,1,0,0,1,,,,Arsenal U21,c,0,0,0,2018-12-22,2019-05-12,,0,0.0,0
19,Arsenal,1343,Emiliano Martínez,yes,24,16,2,14,0.0,0.0,0.0,0.0,,0.0,0.0,0,0,0,0,12,0,0,0,,0.0,none,1,1,0,1,,,,Arsenal U21,bc,15,0,0,2018-10-07,2019-01-19,,0,0.0,0
19,Arsenal,31342,Bernd Leno,yes,24,38,38,0,1.0,2251.4,0.0,2251.4,1.0,1.0,0.0,0,12,0,0,0,0,0,0,2018-07-04,0.0,none,1,1,1,0,Bayer 04 Leverkusen,2018-07-01,219.0,,bc,0,0,0,2018-08-12,2019-05-12,,0,0.0,0
19,Arsenal,1494444,Zech Medley,yes,25,30,1,29,0.0,0.0,0.0,0.0,,0.0,0.0,0,1,0,0,0,0,11,11,,0.0,none,1,0,0,1,,,,,bc,0,0,0,2018-10-22,2019-05-12,,0,0.0,0
19,Arsenal,1494446,Emile Smith Rowe,yes,26,16,3,13,0.0,0.0,0.0,0.0,,0.0,0.0,0,3,0,0,0,0,9,9,,0.0,none,1,0,0,1,,,,Arsenal U21,bc,14,0,0,2018-10-22,2019-01-29,,0,0.0,0
78,Brighton & Hove Albion,62408,José Izquierdo,yes,27,38,18,20,0.7606,1109.6,1369.1,2478.8,0.4477,0.4303,0.0,0,12,0,0,0,0,0,0,2017-08-23,0.5,tier1,1,0,1,0,Club Brugge,2017-08-20,219.0,,bc,0,0,0,2018-08-11,2019-05-12,,0,0.0,0
78,Brighton & Hove Albion,128832,Ezequiel Schelotto,yes,25,23,0,23,0.6498,0.0,1345.2,1345.2,0.0,0.6498,0.0,0,12,0,0,0,0,0,0,2017-09-03,0.5,tier1,1,0,1,0,Sporting CP,2017-08-31,219.0,,b,15,0,0,2018-08-11,2019-01-19,,0,0.0,0
78,Brighton & Hove Albion,32472,Markus Suttner,yes,25,22,1,21,0.5116,46.0,967.0,1013.0,0.0455,0.5116,0.0,0,12,0,0,0,0,0,0,2017-07-16,0.5,tier1,1,0,1,0,Ingolstadt,2017-07-13,219.0,,bc,16,0,0,2018-08-11,2019-01-12,,0,0.0,0
78,Brighton & Hove Albion,31504,Pascal Groß,yes,26,38,25,13,0.7878,1784.3,921.7,2706.0,0.6594,0.8572,0.0,0,12,0,0,0,0,0,0,2017-07-04,0.5,tier1,1,0,1,0,Ingolstadt,2017-07-01,219.0,,c,0,0,0,2018-08-11,2019-05-12,,0,0.0,0
78,Brighton & Hove Albion,129839,Martín Montoya,yes,25,37,25,12,0.8021,1886.2,866.2,2752.5,0.6853,0.9266,0.0,0,12,0,0,0,0,0,0,2018-08-12,0.5,tier1,1,0,1,0,Valencia,2018-08-09,219.0,,bc,1,0,0,2018-08-19,2019-05-12,,0,0.0,0
78,Brighton & Hove Albion,23988,Davy Pröpper,yes,26,38,30,8,0.9223,2653.4,664.1,3317.4,0.7998,0.8791,0.0,0,12,0,0,0,0,0,0,2017-08-10,0.5,tier1,1,0,1,0,PSV,2017-08-07,219.0,,bc,0,0,0,2018-08-11,2019-05-12,,0,0.0,0
78,Brighton & Hove Albion,2723,Dale Stephens,yes,26,38,31,7,0.925,2526.3,582.7,3109.0,0.8126,0.9874,50.1,1,12,0,0,0,0,0,0,2014-02-02,0.45,data_club,1,0,1,0,Charlton Athletic,2014-01-30,219.0,,bc,0,0,0,2018-08-11,2019-05-12,,0,0.0,0
78,Brighton & Hove Albion,2922,Bruno,yes,25,38,23,15,0.4281,1005.4,577.9,1583.3,0.635,0.4683,0.0,0,12,0,0,0,0,0,0,,0.0,none,1,0,0,1,,,,,bc,0,0,0,2018-08-11,2019-05-12,,0,0.0,0
78,Brighton & Hove Albion,25147,Alireza Jahanbakhsh,yes,27,38,24,14,0.4307,991.3,542.7,1534.0,0.6462,0.5214,0.0,0,12,0,0,0,0,0,0,2018-07-28,0.5,tier1,1,0,1,0,AZ Alkmaar,2018-07-25,219.0,,bc,0,0,0,2018-08-11,2019-05-12,,0,0.0,0
78,Brighton & Hove Albion,31483,Leon Balogun,yes,25,38,25,13,0.4056,745.7,474.6,1220.4,0.6111,0.4057,0.0,0,12,0,0,0,0,0,0,2018-07-04,0.5,tier1,1,0,1,0,FSV Mainz 05,2018-07-01,220.0,,bc,0,0,0,2018-08-11,2019-05-12,,0,0.0,0
78,Brighton & Hove Albion,186805,Florin Andone,yes,27,38,28,10,0.4105,758.0,369.4,1127.4,0.6723,0.3833,0.0,0,12,0,0,0,0,0,0,2018-07-04,0.5,tier1,1,0,1,0,Deportivo A Coruña,2018-07-01,219.0,,bc,0,0,0,2018-08-11,2019-05-12,,0,0.0,0
78,Brighton & Hove Albion,62317,Mathew Ryan,yes,24,38,34,4,1.0,3060.0,360.0,3420.0,0.8947,1.0,0.0,0,12,0,0,0,0,0,0,2017-07-04,0.0,none,1,1,1,0,Valencia,2017-07-01,219.0,,bc,0,0,0,2018-08-11,2019-05-12,,0,0.0,0
78,Brighton & Hove Albion,1415,Shane Duffy,yes,25,38,35,3,1.0,3127.5,270.0,3397.5,0.9205,1.0,62.0,1,12,0,0,0,0,0,0,2016-08-29,0.45,data_club,1,0,1,0,Blackburn Rovers,2016-08-26,219.0,,bc,0,0,0,2018-08-11,2019-05-12,,0,0.0,0
78,Brighton & Hove Albion,32666,Bernardo,yes,25,38,34,4,0.7308,1545.9,263.1,1809.0,0.8546,0.7892,0.0,0,12,0,0,0,0,0,0,2018-07-08,0.5,tier1,1,0,1,0,RB Leipzig,2018-07-05,219.0,,bc,0,0,0,2018-08-11,2019-05-12,,0,0.0,0
78,Brighton & Hove Albion,524309,Leo Østigård,yes,25,38,0,38,0.0599,0.0,204.7,204.7,0.0,0.0,0.0,0,0,0,0,0,0,12,0,2018-08-11,0.35,tier2,0,0,1,0,Molde,2018-08-08,219.0,,b,0,0,0,2018-08-11,2019-05-12,,0,0.0,0
78,Brighton & Hove Albion,926,Anthony Knockaert,yes,26,38,34,4,0.5168,1930.7,186.0,2116.7,0.9121,0.6386,0.0,1,11,0,0,0,1,0,0,2016-01-10,0.5,tier1,1,0,1,0,Standard Liège,2016-01-07,219.0,,bc,0,0,0,2018-08-11,2019-05-12,,0,0.0,0
78,Brighton & Hove Albion,96870,Yves Bissouma,yes,26,38,34,4,0.4943,1557.4,178.0,1735.3,0.8974,0.8349,0.0,0,12,0,0,0,0,0,0,2018-07-20,0.5,tier1,1,0,1,0,LOSC Lille,2018-07-17,219.0,,bc,0,0,0,2018-08-11,2019-05-12,,0,0.0,0
78,Brighton & Hove Albion,2461,Lewis Dunk,yes,25,38,36,2,0.9667,3168.2,174.0,3342.2,0.9479,1.0,13.8,1,12,0,0,0,0,0,0,,0.0,none,1,0,0,1,,,,Brighton U18,ac,0,0,0,2018-08-11,2019-05-12,,0,0.0,0
78,Brighton & Hove Albion,24803,Jürgen Locadia,yes,27,38,35,3,0.5721,1224.2,154.5,1378.7,0.888,0.3759,0.0,0,12,0,0,0,0,0,0,2018-01-22,0.5,tier1,1,0,1,0,PSV,2018-01-19,219.0,,bc,0,0,0,2018-08-11,2019-05-12,,0,0.0,0
78,Brighton & Hove Albion,2423,Solly March,yes,26,38,36,2,0.5946,2293.5,107.0,2400.5,0.9554,0.5694,0.0,0,12,0,0,0,0,0,0,,0.0,none,1,0,0,1,,,,Brighton U18,bc,0,0,0,2018-08-11,2019-05-12,,0,0.0,0
78,Brighton & Hove Albion,2923,Beram Kayal,yes,26,38,37,1,0.0258,1098.3,2.3,1100.6,0.9979,0.2227,0.0,0,12,0,0,0,0,0,0,2015-01-26,0.35,tier2,1,0,1,0,Celtic,2015-01-23,220.0,,bc,0,0,0,2018-08-11,2019-05-12,,0,0.0,0
78,Brighton & Hove Albion,1129,Glenn Murray,yes,27,38,38,0,0.7584,2420.0,0.0,2420.0,1.0,0.7584,0.0,0,12,0,0,0,0,0,0,,0.0,none,1,0,0,1,,,,,bc,0,0,0,2018-08-11,2019-05-12,,0,0.0,0
78,Brighton & Hove Albion,2683,Jason Steele,yes,24,38,13,25,0.0,0.0,0.0,0.0,,0.0,0.0,0,12,0,0,0,0,0,0,2018-07-04,0.0,none,1,1,1,0,Sunderland,2018-07-01,220.0,,ac,0,0,0,2018-08-11,2019-05-12,,0,0.0,0
78,Brighton & Hove Albion,2815,Dan Burn,yes,25,18,15,3,0.0,0.0,0.0,0.0,,0.0,0.0,0,12,0,0,0,0,0,0,2018-08-12,0.45,data_club,1,0,1,0,Wigan Athletic,2018-08-09,219.0,,bc,20,0,0,2019-01-02,2019-05-12,,0,0.0,0
78,Brighton & Hove Albion,2823,David Button,yes,24,38,29,9,0.0,360.0,0.0,360.0,1.0,0.0,0.0,0,12,0,0,0,0,0,0,2018-07-19,0.0,none,1,1,1,0,Fulham,2018-07-16,219.0,,bc,0,0,0,2018-08-11,2019-05-12,,0,0.0,0
78,Brighton & Hove Albion,2936,Gaëtan Bong,yes,25,38,38,0,0.25,2285.7,0.0,2285.7,1.0,0.25,0.0,0,12,0,0,0,0,0,0,2015-07-05,0.45,data_club,1,0,1,0,Wigan Athletic,2015-07-02,220.0,,bc,0,0,0,2018-08-11,2019-05-12,,0,0.0,0
78,Brighton & Hove Albion,3259,Ben White,yes,25,6,1,5,0.0,0.0,0.0,0.0,,0.0,0.0,0,1,0,0,0,0,11,11,,0.0,none,1,0,0,1,,,,Brighton U21,bc,17,0,0,2018-12-08,2019-01-02,,0,0.0,0
78,Brighton & Hove Albion,194167,Viktor Gyökeres,yes,27,38,3,35,0.0,0.0,0.0,0.0,,0.0,0.0,0,3,0,0,0,0,9,0,2018-01-04,0.35,tier2,1,0,1,0,Brommapojkarna,2018-01-01,219.0,,bc,0,0,0,2018-08-11,2019-05-12,,0,0.0,0
78,Brighton & Hove Albion,581003,Jayson Molumby,yes,26,38,1,37,0.0,0.0,0.0,0.0,,0.0,0.0,0,4,0,0,0,0,8,8,,0.0,none,1,0,0,1,,,,,bc,0,0,0,2018-08-11,2019-05-12,,0,0.0,0
78,Brighton & Hove Albion,1494380,Max Sanders,yes,26,17,1,16,0.0,0.0,0.0,0.0,,0.0,0.0,0,1,0,0,0,0,11,11,,0.0,none,1,0,0,1,,,,,bc,0,0,0,2019-01-12,2019-05-12,,0,0.0,0
27,Burnley,2763,Nick Pope,yes,24,38,0,38,1.0,0.0,3420.0,3420.0,0.0,1.0,0.0,0,12,0,0,0,0,0,0,2016-07-22,0.0,none,1,1,1,0,Charlton Athletic,2016-07-19,219.0,,b,0,0,0,2018-08-12,2019-05-12,,0,0.0,0
27,Burnley,4665,Steven Defour,yes,26,38,9,29,0.7456,668.6,1946.0,2614.6,0.2557,0.6564,0.0,0,12,0,0,0,0,0,0,,0.0,none,1,0,0,1,,,,,bc,0,0,0,2018-08-12,2019-05-12,,0,0.0,0
27,Burnley,244,Aaron Lennon,yes,26,38,16,22,0.7957,1322.3,1575.5,2897.8,0.4563,0.7891,0.0,0,12,0,0,0,0,0,0,2018-01-26,0.45,data_club,1,0,1,0,Everton,2018-01-23,219.0,,bc,0,0,0,2018-08-12,2019-05-12,,0,0.0,0
27,Burnley,525,Stephen Ward,yes,25,38,15,23,0.7037,800.6,1456.7,2257.3,0.3547,0.0,0.0,0,12,0,0,0,0,0,0,2014-08-18,0.45,data_club,1,0,1,0,Wolverhampton Wanderers,2014-08-15,219.0,,bc,0,0,0,2018-08-12,2019-05-12,,0,0.0,0
27,Burnley,1101,Robert Brady,yes,26,38,21,17,0.8072,1156.9,1235.0,2391.9,0.4837,0.1843,40.0,1,12,0,0,0,0,0,0,2017-02-03,0.45,data_club,1,0,1,0,Norwich City,2017-01-31,219.0,,bc,0,0,0,2018-08-12,2019-05-12,,0,0.0,0
27,Burnley,1611,Jóhann Gudmundsson,yes,26,38,31,7,0.8772,2145.8,552.7,2698.5,0.7952,0.346,0.0,0,12,0,0,0,0,0,0,2016-07-22,0.45,data_club,1,0,1,0,Charlton Athletic,2016-07-19,219.0,,bc,0,0,0,2018-08-12,2019-05-12,,0,0.0,0
27,Burnley,361,Phil Bardsley,yes,25,38,31,7,0.8544,1086.2,538.3,1624.5,0.6686,0.969,0.0,0,12,0,0,0,0,0,0,2017-07-28,0.45,data_club,1,0,1,0,Manchester United,2006-03-16,218.0,,bc,0,0,0,2018-08-12,2019-05-12,,0,0.0,0
27,Burnley,1723,Ben Gibson,yes,25,38,24,14,0.2959,323.4,372.9,696.3,0.4645,0.0,0.0,0,12,0,0,0,0,0,0,2018-08-08,0.45,data_club,1,0,1,0,Middlesbrough,2018-08-05,219.0,,bc,0,0,0,2018-08-12,2019-05-12,,0,0.0,0
27,Burnley,1466,Kevin Long,yes,25,38,29,9,0.3981,1010.5,322.5,1333.0,0.7581,0.0,0.0,0,12,0,0,0,0,0,0,2010-01-04,0.35,tier2,1,0,1,0,Cork City,2010-01-01,219.0,,bc,0,0,0,2018-08-12,2019-05-12,,0,0.0,0
27,Burnley,1639,James Tarkowski,yes,25,38,36,2,0.9394,3084.5,169.1,3253.6,0.948,1.0,0.0,0,12,0,0,0,0,0,0,2016-02-04,0.45,data_club,1,0,1,0,Brentford,2016-02-01,219.0,,bc,0,0,0,2018-08-12,2019-05-12,,0,0.0,0
27,Burnley,1148,Matej Vydra,yes,27,38,34,4,0.4133,562.1,148.8,710.9,0.7907,0.0631,0.0,0,12,0,0,0,0,0,0,2018-08-10,0.45,data_club,1,0,1,0,Derby County,2018-08-07,219.0,,bc,0,0,0,2018-08-12,2019-05-12,,0,0.0,0
27,Burnley,896,Matthew Lowton,yes,25,38,35,3,0.5316,1912.7,143.5,2056.3,0.9302,0.5,0.0,0,12,0,0,0,0,0,0,2015-07-04,0.45,data_club,1,0,1,0,Aston Villa,2015-07-01,219.0,,bc,0,0,0,2018-08-12,2019-05-12,,0,0.0,0
27,Burnley,862,Ashley Westwood,yes,26,38,37,1,1.0,2810.9,90.0,2900.9,0.969,1.0,0.0,0,12,0,0,0,0,0,0,2017-02-03,0.45,data_club,1,0,1,0,Aston Villa,2017-01-31,219.0,,bc,0,0,0,2018-08-12,2019-05-12,,0,0.0,0
27,Burnley,1156,Jack Cork,yes,26,38,37,1,0.9808,3309.3,88.3,3397.5,0.974,1.0,0.0,0,12,0,0,0,0,0,0,2017-07-14,0.45,data_club,1,0,1,0,Chelsea U21,2010-02-01,218.0,,bc,0,0,0,2018-08-12,2019-05-12,,0,0.0,0
27,Burnley,4598726,Dwight McNeil,yes,26,38,25,13,0.0554,1092.7,64.8,1157.5,0.944,0.8249,0.0,0,12,0,0,0,0,0,0,,0.0,none,1,0,0,1,,,,Burnley U21,bc,0,0,0,2018-08-12,2019-05-12,,0,0.0,0
27,Burnley,239,Peter Crouch,yes,27,14,9,5,0.0859,33.6,38.6,72.2,0.4652,0.1017,0.0,0,9,0,3,0,0,0,0,,0.0,none,1,0,0,1,,,,,bc,0,0,0,2019-02-02,2019-05-12,,0,0.0,0
27,Burnley,823,Jonathan Walters,yes,27,3,1,2,0.0449,4.0,8.1,12.1,0.3333,0.0125,0.0,0,9,0,3,0,0,0,0,,0.0,none,1,0,0,1,,,,,bc,35,0,0,2018-08-12,2018-08-26,data mismatch: excluded,0,0.0,0
27,Burnley,275,Joe Hart,yes,24,38,38,0,0.0,1710.0,0.0,1710.0,1.0,0.0,0.0,0,12,0,0,0,0,0,0,2018-08-10,0.0,none,1,1,1,0,Manchester City,2018-08-07,219.0,,bc,0,0,0,2018-08-12,2019-05-12,,0,0.0,0
27,Burnley,505,Sam Vokes,yes,27,24,24,0,0.0,1021.4,0.0,1021.4,1.0,0.0,0.0,0,0,0,0,12,0,0,0,2012-08-03,0.45,data_club,1,0,1,0,Wolverhampton Wanderers,2011-11-18,218.0,,bc,14,0,0,2018-08-12,2019-01-29,,0,0.0,0
27,Burnley,914,Chris Wood,yes,27,38,38,0,0.9051,2449.5,0.0,2449.5,1.0,0.9051,0.0,0,12,0,0,0,0,0,0,2017-08-24,0.45,data_club,1,0,1,0,Leeds United,2017-08-21,219.0,,bc,0,0,0,2018-08-12,2019-05-12,,0,0.0,0
27,Burnley,1448,Ashley Barnes,yes,27,38,38,0,0.9508,2320.5,0.0,2320.5,1.0,0.9508,0.0,0,12,0,0,0,0,0,0,2014-01-13,0.45,data_club,1,0,1,0,Brighton & Hove Albion,2014-01-10,219.0,,c,0,0,0,2018-08-12,2019-05-12,,0,0.0,0
27,Burnley,1454,Tom Heaton,yes,24,38,38,0,1.0,1206.1,0.0,1206.1,1.0,1.0,0.0,0,12,0,0,0,0,0,0,2013-07-04,0.0,none,1,1,1,0,Bristol City,2013-07-01,220.0,,bc,0,0,0,2018-08-12,2019-05-12,,0,0.0,0
27,Burnley,1460,Ben Mee,yes,25,38,38,0,1.0,3420.0,0.0,3420.0,1.0,1.0,0.0,0,12,0,0,0,0,0,0,2012-01-20,0.45,data_club,1,0,1,0,Manchester City,2011-07-14,218.0,,bc,0,0,0,2018-08-12,2019-05-12,,0,0.0,0
27,Burnley,2361,Jeff Hendrick,yes,26,38,38,0,0.7365,1899.7,0.0,1899.7,1.0,0.7365,0.0,0,12,0,0,0,0,0,0,2016-09-03,0.45,data_club,1,0,1,0,Derby County,2016-08-31,219.0,,bc,0,0,0,2018-08-12,2019-05-12,,0,0.0,0
27,Burnley,3300,Charlie Taylor,yes,25,38,38,0,1.0,2710.5,0.0,2710.5,1.0,1.0,0.0,0,12,0,0,0,0,0,0,2017-07-09,0.45,data_club,1,0,1,0,Leeds United,2017-07-06,220.0,,bc,0,0,0,2018-08-12,2019-05-12,,0,0.0,0
27,Burnley,4598715,Ali Koiki,yes,25,21,2,19,0.0,0.0,0.0,0.0,,0.0,0.0,0,2,0,0,0,0,10,10,,0.0,none,1,0,0,1,,,,,bc,0,0,0,2018-12-22,2019-05-12,,0,0.0,0
27,Burnley,4969703,Josh Benson,yes,26,15,1,14,0.0,0.0,0.0,0.0,,0.0,0.0,0,1,0,0,0,0,11,11,,0.0,none,1,0,0,1,,,,Burnley U21,bc,0,0,0,2019-01-29,2019-05-12,,0,0.0,0
27,Burnley,6306101,Anthony Glennon,yes,25,3,1,2,0.0,0.0,0.0,0.0,,0.0,0.0,0,1,0,0,0,0,11,11,,0.0,none,1,0,0,1,,,,,bc,0,0,0,2019-04-28,2019-05-12,,0,0.0,0
69,Cardiff City,1107,Matthew Connolly,yes,25,38,1,37,0.3333,30.0,1110.0,1140.0,0.0263,0.3333,0.0,0,12,0,0,0,0,0,0,,0.0,none,1,0,0,1,,,,,bc,0,0,0,2018-08-11,2019-05-12,,0,0.0,0
69,Cardiff City,64860,Loïc Damour,yes,26,38,4,34,0.3333,120.9,1020.0,1140.9,0.1059,0.3363,0.0,0,12,0,0,0,0,0,0,2017-07-09,0.5,tier1,1,0,1,0,Bourg-en-Bresse,2017-07-06,220.0,,bc,0,0,0,2018-08-11,2019-05-12,,0,0.0,0
69,Cardiff City,899,Jazz Richards,yes,25,38,10,28,0.3454,301.5,870.3,1171.9,0.2573,0.2114,0.0,0,12,0,0,0,0,0,0,2016-07-22,0.45,data_club,1,0,1,0,Fulham,2016-07-19,219.0,,bc,0,0,0,2018-08-11,2019-05-12,,0,0.0,0
69,Cardiff City,2311,Sol Bamba,yes,25,38,29,9,0.9562,2447.3,774.5,3221.9,0.7596,0.9562,0.0,0,12,0,0,0,0,0,0,2016-10-14,0.45,unknown+override,1,0,1,0,TBC,2016-10-11,219.0,,bc,0,0,0,2018-08-11,2019-05-12,,0,0.0,0
69,Cardiff City,320,Danny Ward,yes,27,38,16,22,0.352,673.2,697.0,1370.2,0.4913,0.2248,0.0,0,12,0,0,0,0,0,0,2017-07-04,0.45,data_club,1,0,1,0,Rotherham United,2017-07-01,219.0,,bc,0,0,0,2018-08-11,2019-05-12,,0,0.0,0
69,Cardiff City,172757,Callum Paterson,yes,27,38,29,9,0.8253,2073.7,668.5,2742.2,0.7562,0.8077,0.0,0,12,0,0,0,0,0,0,2017-07-04,0.35,tier2,1,0,1,0,Hearts,2017-07-01,220.0,,bc,0,0,0,2018-08-11,2019-05-12,,0,0.0,0
69,Cardiff City,1842,Harry Arter,yes,26,37,27,10,0.7221,1663.0,649.9,2312.9,0.719,0.7044,0.0,0,12,0,0,0,0,0,0,2018-08-12,0.45,data_club,1,0,1,0,AFC Bournemouth,2018-08-09,218.0,,bc,1,0,0,2018-08-18,2019-05-12,,0,0.0,0
69,Cardiff City,3519,Nathaniel Méndez-Laing,yes,26,38,26,12,0.5822,1020.0,628.7,1648.7,0.6187,0.5293,0.0,0,12,0,0,0,0,0,0,2017-07-04,0.35,tier2,1,0,1,0,Rochdale,2017-07-01,220.0,,bc,0,0,0,2018-08-11,2019-05-12,,0,0.0,0
69,Cardiff City,3022,Joe Ralls,yes,26,38,31,7,0.821,2164.2,517.2,2681.5,0.8071,0.7483,27.5,1,12,0,0,0,0,0,0,,0.0,none,1,0,0,1,,,,Cardiff City U18,bc,0,0,0,2018-08-11,2019-05-12,,0,0.0,0
69,Cardiff City,3017,Kenneth Zohore,yes,27,38,25,13,0.4265,1010.4,499.0,1509.4,0.6694,0.4094,0.0,0,12,0,0,0,0,0,0,2016-07-09,0.5,tier1,1,0,1,0,KV Kortrijk,2016-02-01,218.0,,bc,0,0,0,2018-08-11,2019-05-12,,0,0.0,0
69,Cardiff City,1236,Aron Gunnarsson,yes,26,38,31,7,0.7734,2253.4,487.2,2740.7,0.8222,0.8306,0.0,0,12,0,0,0,0,0,0,2011-07-04,0.45,data_club,1,0,1,0,Coventry City,2011-07-01,220.0,,bc,0,0,0,2018-08-11,2019-05-12,,0,0.0,0
69,Cardiff City,186484,Víctor Camarasa,yes,26,38,33,5,0.8688,2390.1,390.9,2781.0,0.8594,0.7724,0.0,0,12,0,0,0,0,0,0,2018-08-12,0.5,tier1,1,0,1,0,Real Betis,2018-08-09,218.0,,bc,1,1,0,2018-08-11,2019-05-12,,0,0.0,0
69,Cardiff City,3762,Greg Cunningham,yes,25,38,27,11,0.3731,885.8,369.4,1255.1,0.7057,0.0833,0.0,0,12,0,0,0,0,0,0,2018-07-04,0.45,data_club,1,0,1,0,Preston North End,2018-07-01,219.0,,bc,0,0,0,2018-08-11,2019-05-12,,0,0.0,0
69,Cardiff City,2303,Lee Peltier,yes,25,38,31,7,0.576,1374.8,362.9,1737.6,0.7912,0.9167,0.0,0,12,0,0,0,0,0,0,2015-01-27,0.45,data_club,1,0,1,0,Huddersfield Town,2015-01-24,219.0,,bc,0,0,0,2018-08-11,2019-05-12,,0,0.0,0
69,Cardiff City,3057,Sean Morrison,yes,25,38,34,4,0.9783,3017.1,352.2,3369.3,0.8955,1.0,0.0,0,12,0,0,0,0,0,0,2014-08-18,0.45,data_club,1,0,1,0,Reading,2014-08-15,219.0,,bc,0,0,0,2018-08-11,2019-05-12,,0,0.0,0
69,Cardiff City,261,Junior Hoilett,yes,26,38,35,3,0.8405,2289.3,226.9,2516.2,0.9098,0.6734,0.0,0,12,0,0,0,0,0,0,2016-10-13,0.45,unknown+override,1,0,1,0,TBC,2016-10-10,219.0,,bc,0,0,0,2018-08-11,2019-05-12,,0,0.0,0
69,Cardiff City,2872,Josh Murphy,yes,26,38,33,5,0.4864,1688.6,218.9,1907.5,0.8852,0.5965,0.0,0,12,0,0,0,0,0,0,2018-07-04,0.45,data_club,1,0,1,0,Norwich City,2018-07-01,219.0,,bc,0,0,0,2018-08-11,2019-05-12,,0,0.0,0
69,Cardiff City,5887,Kadeem Harris,yes,26,38,26,12,0.1993,498.0,215.2,713.3,0.6983,0.0407,0.0,0,12,0,0,0,0,0,0,2012-02-02,0.45,data_club,1,0,1,0,Wycombe Wanderers,2012-01-30,219.0,,bc,0,0,0,2018-08-11,2019-05-12,,0,0.0,0
69,Cardiff City,4607,Oumar Niasse,yes,27,16,13,3,0.7091,731.0,191.5,922.4,0.7924,0.7816,0.0,0,12,0,0,0,0,0,0,2019-01-21,0.45,data_club,1,0,1,0,Everton,2019-01-18,218.0,,bc,23,1,0,2019-01-19,2019-05-12,,0,0.0,0
69,Cardiff City,4627,Rhys Healey,yes,27,19,8,11,0.142,107.2,140.6,247.8,0.4326,0.1746,0.0,0,12,0,0,0,0,0,0,2013-01-27,0.35,tier2,1,0,1,0,Connah's Quay,2013-01-24,219.0,,bc,19,0,0,2018-08-11,2019-05-12,,0,0.0,0
69,Cardiff City,2610,Gary Madine,yes,27,21,12,9,0.1156,162.3,93.6,256.0,0.6341,0.0375,0.0,0,0,0,0,11,1,0,0,2018-02-03,0.45,data_club,1,0,1,0,Bolton Wanderers,2018-01-31,219.0,,bc,17,0,0,2018-08-11,2019-01-01,,0,0.0,0
69,Cardiff City,2515,Joe Bennett,yes,25,38,37,1,0.5524,2646.1,49.7,2695.8,0.9816,0.9716,0.0,0,12,0,0,0,0,0,0,2016-08-30,0.45,data_club,1,0,1,0,Aston Villa,2016-08-27,220.0,,bc,0,0,0,2018-08-11,2019-05-12,,0,0.0,0
69,Cardiff City,871,Leandro Bacuna,yes,26,14,14,0,0.4968,521.9,0.0,521.9,1.0,0.4968,0.0,0,12,0,0,0,0,0,0,2019-02-03,0.45,data_club,1,0,1,0,Reading,2019-01-31,219.0,,bc,25,1,0,2019-02-02,2019-05-12,,0,0.0,0
69,Cardiff City,923,Neil Etheridge,yes,24,38,38,0,1.0,3420.0,0.0,3420.0,1.0,1.0,0.0,0,12,0,0,0,0,0,0,2017-07-04,0.0,none,1,1,1,0,Walsall,2017-07-01,220.0,,bc,0,0,0,2018-08-11,2019-05-12,,0,0.0,0
69,Cardiff City,1051,Brian Murphy,yes,24,38,12,26,0.0,0.0,0.0,0.0,,0.0,0.0,0,12,0,0,0,0,0,0,,0.0,none,1,1,0,1,,,,,bc,0,0,0,2018-08-11,2019-05-12,,0,0.0,0
69,Cardiff City,2313,Alex Smithies,yes,24,38,26,12,0.0,0.0,0.0,0.0,,0.0,0.0,0,12,0,0,0,0,0,0,2018-07-04,0.0,none,1,1,1,0,Queens Park Rangers,2018-07-01,219.0,,bc,0,0,0,2018-08-11,2019-05-12,,0,0.0,0
69,Cardiff City,3037,Bruno Ecuele Manga,yes,25,38,38,0,0.9604,3097.1,0.0,3097.1,1.0,0.9604,0.0,0,12,0,0,0,0,0,0,2014-09-04,0.5,tier1,1,0,1,0,Lorient,2014-09-01,219.0,,bc,0,0,0,2018-08-11,2019-05-12,,0,0.0,0
69,Cardiff City,3140,Bobby De Cordova-Reid,yes,27,38,38,0,0.333,1475.5,0.0,1475.5,1.0,0.333,0.0,0,12,0,0,0,0,0,0,2018-07-04,0.45,data_club,1,0,1,0,Bristol City,2018-07-01,219.0,,bc,0,0,0,2018-08-11,2019-05-12,,0,0.0,0
18,Chelsea,334,Gary Cahill,yes,25,38,10,28,0.3583,424.9,903.0,1327.9,0.32,0.1116,0.0,0,12,0,0,0,0,0,0,2012-01-19,0.45,data_club,1,0,1,0,Bolton Wanderers,2012-01-16,219.0,,bc,0,0,0,2018-08-11,2019-05-12,,0,0.0,0
18,Chelsea,921,Danny Drinkwater,yes,26,38,1,37,0.2675,24.1,890.8,914.9,0.0263,0.2675,0.0,0,12,0,0,0,0,0,0,2017-09-03,0.45,data_club,1,0,1,0,Leicester City,2017-08-31,219.0,,bc,0,0,0,2018-08-11,2019-05-12,,0,0.0,0
18,Chelsea,496,Victor Moses,yes,26,23,4,19,0.5169,216.7,883.8,1100.5,0.1969,0.5067,0.0,0,12,0,0,0,0,0,0,2012-08-27,0.45,data_club,1,0,1,0,Wigan Athletic,2012-08-24,219.0,,bc,15,0,0,2018-08-11,2019-01-19,,0,0.0,0
18,Chelsea,129794,Emerson,yes,25,38,16,22,0.3095,486.4,612.7,1099.1,0.4425,0.6025,0.0,0,12,0,0,0,0,0,0,2018-02-02,0.5,tier1,1,0,1,0,Roma,2018-01-30,219.0,,bc,0,0,0,2018-08-11,2019-05-12,,0,0.0,0
18,Chelsea,1953,Ruben Loftus-Cheek,yes,26,38,26,12,0.5034,1057.7,543.7,1601.4,0.6605,0.5744,0.0,0,12,0,0,0,0,0,0,,0.0,none,1,0,0,1,,,,Chelsea U21,bc,0,0,0,2018-08-11,2019-05-12,,0,0.0,0
18,Chelsea,1128,Marcos Alonso,yes,25,38,32,6,0.8975,2693.5,484.6,3178.2,0.8475,0.8975,0.0,0,12,0,0,0,0,0,0,2016-09-03,0.5,tier1,1,0,1,0,Fiorentina,2016-08-31,219.0,,bc,0,0,0,2018-08-11,2019-05-12,,0,0.0,0
18,Chelsea,510,Cesc Fàbregas,yes,26,21,15,6,0.6435,491.8,347.5,839.4,0.586,0.1793,0.0,0,12,0,0,0,0,0,0,2014-07-04,0.5,tier1,1,0,1,0,FC Barcelona,2014-07-01,219.0,,bc,17,0,0,2018-08-11,2019-01-02,,0,0.0,0
18,Chelsea,129660,Álvaro Morata,yes,27,23,17,6,0.5761,887.7,311.1,1198.7,0.7405,0.6067,0.0,0,12,0,0,0,0,0,0,2017-07-24,0.5,tier1,1,0,1,0,Real Madrid,2017-07-21,219.0,,bc,15,0,0,2018-08-11,2019-01-19,,0,0.0,0
18,Chelsea,1923,Pedro,yes,27,38,33,5,0.5629,1657.0,253.3,1910.3,0.8674,0.5783,0.0,0,12,0,0,0,0,0,0,2015-08-23,0.5,tier1,1,0,1,0,FC Barcelona,2015-08-20,219.0,,bc,0,0,0,2018-08-11,2019-05-12,,0,0.0,0
18,Chelsea,31837,Antonio Rüdiger,yes,25,38,35,3,0.7664,2916.5,206.9,3123.5,0.9338,0.7577,0.0,0,12,0,0,0,0,0,0,2017-07-12,0.5,tier1,1,0,1,0,Roma,2017-07-09,219.0,,bc,0,0,0,2018-08-11,2019-05-12,,0,0.0,0
18,Chelsea,2875858,Callum Hudson-Odoi,yes,27,38,13,25,0.0771,173.1,173.5,346.6,0.4994,0.3311,0.0,0,12,0,0,0,0,0,0,,0.0,none,1,0,0,1,,,,Chelsea U21,bc,0,0,0,2018-08-11,2019-05-12,,0,0.0,0
18,Chelsea,4460,Andreas Christensen,yes,25,38,30,8,0.2292,688.4,165.0,853.4,0.8067,0.4089,0.0,0,12,0,0,0,0,0,0,,0.0,none,1,0,0,1,,,,Chelsea U21,bc,0,0,0,2018-08-11,2019-05-12,,0,0.0,0
18,Chelsea,968,Ross Barkley,yes,26,38,36,2,0.4093,1185.8,73.7,1259.5,0.9415,0.315,0.0,0,12,0,0,0,0,0,0,2018-01-08,0.45,data_club,1,0,1,0,Everton,2018-01-05,219.0,,bc,0,0,0,2018-08-11,2019-05-12,,0,0.0,0
18,Chelsea,1193,N'Golo Kanté,yes,26,38,37,1,0.799,3248.6,71.9,3320.5,0.9783,0.799,0.0,0,12,0,0,0,0,0,0,2016-07-19,0.45,data_club,1,0,1,0,Leicester City,2016-07-16,219.0,,bc,0,0,0,2018-08-11,2019-05-12,,0,0.0,0
18,Chelsea,1331,Eden Hazard,yes,27,38,37,1,0.7971,2865.1,71.7,2936.8,0.9756,0.8335,0.0,0,12,0,0,0,0,0,0,2012-07-04,0.5,tier1,1,0,1,0,LOSC Lille,2012-07-01,219.0,,bc,0,0,0,2018-08-11,2019-05-12,,0,0.0,0
18,Chelsea,798,Olivier Giroud,yes,27,38,36,2,0.3867,1151.1,69.6,1220.8,0.943,0.1907,0.0,0,12,0,0,0,0,0,0,2018-02-03,0.45,data_club,1,0,1,0,Arsenal,2018-01-31,219.0,,bc,0,0,0,2018-08-11,2019-05-12,,0,0.0,0
18,Chelsea,73147,Mateo Kovacic,yes,26,37,36,1,0.5396,1744.9,48.6,1793.5,0.9729,0.4451,0.0,0,12,0,0,0,0,0,0,2018-08-12,0.5,tier1,1,0,1,0,Real Madrid,2018-08-09,218.0,,bc,1,0,0,2018-08-18,2019-05-12,,0,0.0,0
18,Chelsea,1317,Willian,yes,27,38,37,1,0.4827,2099.3,43.4,2142.8,0.9797,0.4443,0.0,0,12,0,0,0,0,0,0,,0.0,none,1,0,0,1,,,,,bc,0,0,0,2018-08-11,2019-05-12,,0,0.0,0
18,Chelsea,12542,Ethan Ampadu,yes,26,38,4,34,0.0133,4.8,40.7,45.5,0.1053,0.0133,0.0,0,12,0,0,0,0,0,0,2017-07-04,0.35,tier2,1,0,1,0,Exeter City,2017-07-01,219.0,,bc,0,0,0,2018-08-11,2019-05-12,,0,0.0,0
18,Chelsea,129440,Davide Zappacosta,yes,25,38,23,15,0.0195,251.3,26.4,277.7,0.9051,0.1175,0.0,0,12,0,0,0,0,0,0,2017-09-03,0.5,tier1,1,0,1,0,Torino,2017-08-31,219.0,,bc,0,0,0,2018-08-11,2019-05-12,,0,0.0,0
18,Chelsea,1330,César Azpilicueta,yes,25,38,38,0,0.9808,3409.6,0.0,3409.6,1.0,0.9808,0.0,0,12,0,0,0,0,0,0,2012-08-27,0.5,tier1,1,0,1,0,Olympique Marseille,2012-08-24,219.0,,bc,0,0,0,2018-08-11,2019-05-12,,0,0.0,0
18,Chelsea,1333,David Luiz,yes,25,38,38,0,0.9109,2991.1,0.0,2991.1,1.0,0.9109,0.0,0,12,0,0,0,0,0,0,2016-09-03,0.5,tier1,1,0,1,0,Benfica,2011-01-31,219.0,,bc,0,0,0,2018-08-11,2019-05-12,,0,0.0,0
18,Chelsea,1440,Willy Caballero,yes,24,38,38,0,0.1667,202.5,0.0,202.5,1.0,0.1667,0.0,0,12,0,0,0,0,0,0,2017-07-04,0.0,none,1,1,1,0,Manchester City,2017-07-01,220.0,,bc,0,0,0,2018-08-11,2019-05-12,,0,0.0,0
18,Chelsea,129501,Gonzalo Higuaín,yes,27,15,15,0,0.7594,915.7,0.0,915.7,1.0,0.7594,0.0,0,12,0,0,0,0,0,0,2019-01-26,0.5,tier1,1,0,1,0,Juventus,2019-01-23,218.0,,bc,23,0,0,2019-01-30,2019-05-12,,0,0.0,0
18,Chelsea,129511,Jorginho,yes,26,38,38,0,0.9114,2868.3,0.0,2868.3,1.0,0.9114,0.0,0,12,0,0,0,0,0,0,2018-07-17,0.5,tier1,1,0,1,0,Napoli,2018-07-14,219.0,,bc,0,0,0,2018-08-11,2019-05-12,,0,0.0,0
18,Chelsea,186606,Kepa Arrizabalaga,yes,24,38,38,0,0.8333,2752.5,0.0,2752.5,1.0,0.8333,0.0,0,12,0,0,0,0,0,0,2018-08-11,0.0,none,1,1,1,0,Athletic Club,2018-08-08,219.0,,bc,0,0,0,2018-08-11,2019-05-12,,0,0.0,0
18,Chelsea,4536500,Marc Guéhi,yes,25,1,1,0,0.0,0.0,0.0,0.0,,0.0,0.0,0,1,0,0,0,0,11,11,,0.0,none,1,0,0,1,,,,Chelsea U21,bc,0,0,0,2019-05-12,2019-05-12,,0,0.0,0
51,Crystal Palace,621,Scott Dann,yes,25,38,19,19,0.704,645.4,1203.8,1849.2,0.349,0.6183,0.0,0,12,0,0,0,0,0,0,2014-02-03,0.45,data_club,1,0,1,0,Blackburn Rovers,2014-01-31,219.0,,bc,0,0,0,2018-08-11,2019-05-12,,0,0.0,0
51,Crystal Palace,1386,Mamadou Sakho,yes,25,38,27,11,0.9842,2368.7,974.3,3343.0,0.7085,0.9842,0.0,0,12,0,0,0,0,0,0,2017-09-03,0.45,data_club,1,0,1,0,Liverpool,2017-01-31,218.0,,bc,0,0,0,2018-08-11,2019-05-12,,0,0.0,0
51,Crystal Palace,853,Christian Benteke,yes,27,38,20,18,0.5838,825.7,945.7,1771.4,0.4661,0.3874,0.0,0,12,0,0,0,0,0,0,2016-08-23,0.45,data_club,1,0,1,0,Liverpool,2016-08-20,219.0,,bc,0,0,0,2018-08-11,2019-05-12,,0,0.0,0
51,Crystal Palace,336,James Tomkins,yes,25,38,29,9,0.9813,2572.1,794.8,3366.9,0.7639,0.9768,0.0,0,12,0,0,0,0,0,0,2016-07-08,0.45,data_club,1,0,1,0,West Ham United,2016-07-05,219.0,,bc,0,0,0,2018-08-11,2019-05-12,,0,0.0,0
51,Crystal Palace,1325,Julian Speroni,yes,24,38,5,33,0.1566,52.5,465.0,517.5,0.1014,0.0833,0.0,0,12,0,0,0,0,0,0,,0.0,none,1,1,0,1,,,,,bc,0,0,0,2018-08-11,2019-05-12,,0,0.0,0
51,Crystal Palace,519,Wayne Hennessey,yes,24,38,33,5,0.8348,2134.1,375.7,2509.8,0.8503,0.0833,0.0,0,12,0,0,0,0,0,0,2014-02-03,0.0,none,1,1,1,0,Wolverhampton Wanderers,2014-01-31,219.0,,bc,0,0,0,2018-08-11,2019-05-12,,0,0.0,0
51,Crystal Palace,1108,Wilfried Zaha,yes,27,38,34,4,0.9845,3018.6,354.4,3373.0,0.8949,0.9785,0.0,1,12,0,0,0,0,0,0,2015-02-05,0.45,data_club,1,0,1,0,Manchester United,2013-01-26,218.0,Crystal Palace U18,bc,0,0,0,2018-08-11,2019-05-12,,0,0.0,0
51,Crystal Palace,927,Jeffrey Schlupp,yes,26,38,34,4,0.8029,1451.6,289.0,1740.7,0.834,0.8029,0.0,0,12,0,0,0,0,0,0,2017-01-16,0.45,data_club,1,0,1,0,Leicester City,2017-01-13,219.0,,bc,0,0,0,2018-08-11,2019-05-12,,0,0.0,0
51,Crystal Palace,4240,Bakary Sako,yes,26,15,7,8,0.3879,219.8,279.3,499.1,0.4404,0.2272,0.0,0,7,0,5,0,0,0,0,2019-01-30,0.45,data_club,1,0,1,0,Wolverhampton Wanderers,2015-08-05,220.0,,bc,23,0,0,2019-01-30,2019-05-12,,0,0.0,0
51,Crystal Palace,1243,Cheikhou Kouyaté,yes,26,38,34,4,0.7632,2085.8,274.8,2360.5,0.8836,0.5029,0.0,0,12,0,0,0,0,0,0,2018-08-05,0.45,data_club,1,0,1,0,West Ham United,2018-08-02,219.0,,bc,0,0,0,2018-08-11,2019-05-12,,0,0.0,0
51,Crystal Palace,5252,Aaron Wan-Bissaka,yes,25,38,35,3,0.8764,2833.3,236.6,3069.9,0.9229,1.0,0.0,1,12,0,0,0,0,0,0,,0.0,none,1,0,0,1,,,,Crystal Palace U21,bc,0,0,0,2018-08-11,2019-05-12,,0,0.0,0
51,Crystal Palace,692,Joel Ward,yes,25,38,32,6,0.1906,689.1,102.9,792.0,0.8701,0.4167,0.0,0,12,0,0,0,0,0,0,2012-07-04,0.45,data_club,1,0,1,0,Portsmouth,2012-07-01,219.0,,bc,0,0,0,2018-08-11,2019-05-12,,0,0.0,0
51,Crystal Palace,31840,Max Meyer,yes,26,38,35,3,0.345,1368.8,93.2,1461.9,0.9363,0.4098,0.0,0,12,0,0,0,0,0,0,2018-08-05,0.5,tier1,1,0,1,0,Schalke 04,2018-08-02,220.0,,bc,0,0,0,2018-08-11,2019-05-12,,0,0.0,0
51,Crystal Palace,841,Connor Wickham,yes,27,38,10,28,0.0337,40.5,85.0,125.6,0.3228,0.0806,0.0,0,10,0,0,0,0,2,0,2015-08-06,0.45,data_club,1,0,1,0,Sunderland,2015-08-03,219.0,,bc,0,0,0,2018-08-11,2019-05-12,,0,0.0,0
51,Crystal Palace,1111,Pape Souaré,yes,25,38,1,37,0.0148,1.0,49.3,50.4,0.0208,0.0148,0.0,0,12,0,0,0,0,0,0,2015-02-04,0.5,tier1,1,0,1,0,LOSC Lille,2015-02-01,219.0,,bc,0,0,0,2018-08-11,2019-05-12,,0,0.0,0
51,Crystal Palace,25514,Alexander Sørloth,yes,27,21,17,4,0.1349,341.7,48.6,390.2,0.8756,0.1457,0.0,0,12,0,0,0,0,0,0,2018-02-03,0.35,tier2,1,0,1,0,FC Midtjylland,2018-01-31,219.0,,bc,17,0,0,2018-08-11,2019-01-02,,0,0.0,0
51,Crystal Palace,729,Martin Kelly,yes,25,38,34,4,0.1343,778.8,48.3,827.2,0.9416,0.75,0.0,0,12,0,0,0,0,0,0,2014-08-17,0.45,data_club,1,0,1,0,Liverpool,2014-08-14,219.0,,bc,0,0,0,2018-08-11,2019-05-12,,0,0.0,0
51,Crystal Palace,185723,Vicente Guaita,yes,24,38,37,1,0.4545,1188.4,40.9,1229.3,0.9667,0.9167,0.0,0,12,0,0,0,0,0,0,2018-07-04,0.0,none,1,1,1,0,Getafe,2018-07-01,220.0,,bc,0,0,0,2018-08-11,2019-05-12,,0,0.0,0
51,Crystal Palace,25399,Jairo Riedewald,yes,26,38,17,21,0.0168,57.4,31.8,89.2,0.6438,0.0,0.0,0,12,0,0,0,0,0,0,2017-07-27,0.5,tier1,1,0,1,0,Ajax,2017-07-24,219.0,,bc,0,0,0,2018-08-11,2019-05-12,,0,0.0,0
51,Crystal Palace,4577,Sullay Kaikai,yes,26,23,2,21,0.0158,2.8,29.9,32.8,0.087,0.0158,0.0,0,7,0,0,0,0,5,5,,0.0,none,1,0,0,1,,,,Crystal Palace U21,bc,15,0,0,2018-08-11,2019-01-19,,0,0.0,0
51,Crystal Palace,790,Jason Puncheon,yes,26,21,16,5,0.0364,36.7,16.4,53.1,0.6911,0.2557,0.0,0,12,8,0,0,0,0,0,,0.0,none,1,0,0,1,,,,,bc,17,0,0,2018-08-11,2019-01-02,,0,0.0,0
51,Crystal Palace,1038,Jordan Ayew,yes,27,37,36,1,0.0916,1565.9,8.2,1574.1,0.9948,0.0916,0.0,0,12,0,0,0,0,0,0,2018-08-12,0.45,data_club,1,0,1,0,Swansea City,2018-08-09,218.0,,bc,1,0,0,2018-08-20,2019-05-12,,0,0.0,0
51,Crystal Palace,498,James McArthur,yes,26,38,38,0,0.8428,3026.5,0.0,3026.5,1.0,0.8428,0.0,0,12,0,0,0,0,0,0,2014-09-04,0.45,data_club,1,0,1,0,Wigan Athletic,2014-09-01,219.0,,bc,0,0,0,2018-08-11,2019-05-12,,0,0.0,0
51,Crystal Palace,712,Patrick van Aanholt,yes,25,38,38,0,0.8226,3327.2,0.0,3327.2,1.0,0.8226,0.0,0,12,0,0,0,0,0,0,2017-02-02,0.45,data_club,1,0,1,0,Sunderland,2017-01-30,219.0,,bc,0,0,0,2018-08-11,2019-05-12,,0,0.0,0
51,Crystal Palace,1249,Andros Townsend,yes,26,38,38,0,0.6487,3161.5,0.0,3161.5,1.0,0.6487,0.0,0,12,0,0,0,0,0,0,2016-07-04,0.45,data_club,1,0,1,0,Newcastle United,2016-07-01,219.0,,bc,0,0,0,2018-08-11,2019-05-12,,0,0.0,0
51,Crystal Palace,1921,Michy Batshuayi,yes,27,14,14,0,0.6335,599.3,0.0,599.3,1.0,0.6335,0.0,0,12,0,0,0,0,0,0,2019-02-03,0.45,data_club,1,0,1,0,Chelsea,2019-01-31,218.0,,bc,25,1,0,2019-02-02,2019-05-12,,0,0.0,0
51,Crystal Palace,4649,Luke Dreher,yes,26,1,1,0,0.0024,0.0,0.0,0.0,,0.0024,0.0,0,1,0,0,0,0,11,11,,0.0,none,1,0,0,1,,,,,bc,0,0,0,2019-05-12,2019-05-12,,0,0.0,0
51,Crystal Palace,5371,Luka Milivojevic,yes,26,38,38,0,1.0,3420.0,0.0,3420.0,1.0,1.0,0.0,0,12,0,0,0,0,0,0,2017-02-03,0.35,tier2,1,0,1,0,Olympiacos F.C.,2017-01-31,219.0,,bc,0,0,0,2018-08-11,2019-05-12,,0,0.0,0
51,Crystal Palace,332155,Joe Tupper,yes,24,16,1,15,0.0,0.0,0.0,0.0,,0.0,0.0,0,1,0,0,0,0,11,11,,0.0,none,1,1,0,1,,,,,bc,0,0,0,2019-01-19,2019-05-12,,0,0.0,0
51,Crystal Palace,4598716,Nikola Tavares,yes,25,1,1,0,0.0,0.0,0.0,0.0,,0.0,0.0,0,1,0,0,0,0,11,11,,0.0,none,1,0,0,1,,,,,bc,0,0,0,2019-05-12,2019-05-12,,0,0.0,0
51,Crystal Palace,4598717,Sam Woods,yes,25,6,1,5,0.0,0.0,0.0,0.0,,0.0,0.0,0,1,0,0,0,0,11,11,,0.0,none,1,0,0,1,,,,Crystal Palace U21,bc,0,0,0,2019-04-06,2019-05-12,,0,0.0,0
13,Everton,32,Phil Jagielka,yes,25,38,13,25,0.8328,760.2,1873.7,2633.9,0.2886,0.2798,41.3,1,12,0,0,0,0,0,0,2007-07-07,0.45,data_club,1,0,1,0,Sheffield United,2007-07-04,219.0,,bc,0,0,0,2018-08-11,2019-05-12,,0,0.0,0
13,Everton,5013,Jonjoe Kenny,yes,25,38,16,22,0.5806,818.3,1149.6,1968.0,0.4158,0.5665,0.0,0,12,0,0,0,0,0,0,,0.0,none,1,0,0,1,,,,Everton U21,bc,0,0,0,2018-08-11,2019-05-12,,0,0.0,0
13,Everton,967,Morgan Schneiderlin,yes,26,38,19,19,0.5145,880.8,879.7,1760.5,0.5003,0.5428,0.0,0,12,0,0,0,0,0,0,2017-01-15,0.45,data_club,1,0,1,0,Manchester United,2017-01-12,219.0,,bc,0,0,0,2018-08-11,2019-05-12,,0,0.0,0
13,Everton,220040,Yerry Mina,yes,25,37,19,18,0.4845,686.9,784.9,1471.8,0.4667,0.4939,0.0,0,12,0,0,0,0,0,0,2018-08-12,0.5,tier1,1,0,1,0,FC Barcelona,2018-08-09,219.0,,bc,1,0,0,2018-08-18,2019-05-12,,0,0.0,0
13,Everton,526,James McCarthy,yes,26,38,7,31,0.1874,118.9,523.0,641.9,0.1853,0.203,0.0,0,11,0,0,0,0,1,0,2013-09-05,0.45,data_club,1,0,1,0,Wigan Athletic,2013-09-02,219.0,,bc,0,0,0,2018-08-11,2019-05-12,,0,0.0,0
13,Everton,764,Séamus Coleman,yes,25,38,32,6,0.9242,2585.5,499.0,3084.6,0.8382,0.8141,0.0,0,12,0,0,0,0,0,0,2009-01-04,0.35,tier2,1,0,1,0,Sligo Rovers,2009-01-01,219.0,,bc,0,0,0,2018-08-11,2019-05-12,,0,0.0,0
13,Everton,1692,Mason Holgate,yes,25,21,8,13,0.3987,305.3,466.4,771.7,0.3956,0.0,0.0,0,0,0,0,12,0,0,0,2015-08-16,0.45,data_club,1,0,1,0,Barnsley,2015-08-13,219.0,,bc,17,0,0,2018-08-11,2019-01-01,,0,0.0,0
13,Everton,159372,André Gomes,yes,26,37,27,10,0.4861,1608.2,437.5,2045.7,0.7861,0.7205,0.0,0,12,0,0,0,0,0,0,2018-08-12,0.5,tier1,1,0,1,0,FC Barcelona,2018-08-09,218.0,,bc,1,0,0,2018-08-18,2019-05-12,,0,0.0,0
13,Everton,1030,Idrissa Gueye,yes,26,38,33,5,0.9303,2803.9,418.7,3222.6,0.8701,0.9574,0.0,0,12,0,0,0,0,0,0,2016-08-05,0.45,data_club,1,0,1,0,Aston Villa,2016-08-02,219.0,,bc,0,0,0,2018-08-11,2019-05-12,,0,0.0,0
13,Everton,4607,Oumar Niasse,yes,27,22,8,14,0.2182,158.9,275.0,433.9,0.3663,0.4917,0.0,0,12,12,0,0,0,0,0,2016-02-04,0.35,tier2,1,0,1,0,Lokomotiv Moskva,2016-02-01,219.0,,bc,16,0,0,2018-08-11,2019-01-13,,0,0.0,0
13,Everton,881,Michael Keane,yes,25,38,35,3,0.9968,3024.9,269.1,3294.0,0.9183,0.9167,0.0,0,12,0,0,0,0,0,0,2017-07-06,0.45,data_club,1,0,1,0,Burnley,2017-07-03,219.0,,ac,0,0,0,2018-08-11,2019-05-12,,0,0.0,0
13,Everton,1316,Kurt Zouma,yes,25,37,34,3,0.9102,2473.2,245.7,2718.9,0.9096,1.0,0.0,1,11,0,0,0,1,0,0,2018-08-12,0.45,data_club,1,0,1,0,Chelsea,2018-08-09,218.0,,bc,1,0,0,2018-08-18,2019-05-12,,0,0.0,0
13,Everton,581071,Beni Baningime,yes,26,24,0,24,0.1076,0.0,232.4,232.4,0.0,0.0985,0.0,0,10,0,2,0,0,0,0,,0.0,none,1,0,0,1,,,,Everton U21,b,14,0,0,2018-08-11,2019-01-29,,0,0.0,0
13,Everton,5321,Ademola Lookman,yes,27,38,30,8,0.2765,643.8,199.1,842.9,0.7638,0.1333,0.0,0,12,0,0,0,0,0,0,2017-01-08,0.45,data_club,1,0,1,0,Charlton Athletic,2017-01-05,219.0,,bc,0,0,0,2018-08-11,2019-05-12,,0,0.0,0
13,Everton,219633,Richarlison,yes,27,38,35,3,0.5434,2428.5,146.7,2575.2,0.943,0.7056,0.0,1,12,0,0,0,0,0,0,2018-07-27,0.45,data_club,1,0,1,0,Watford,2018-07-24,219.0,,bc,0,0,0,2018-08-11,2019-05-12,,0,0.0,0
13,Everton,95368,Lucas Digne,yes,25,38,36,2,0.7333,2714.6,132.0,2846.5,0.9536,0.9909,79.0,1,12,0,0,0,0,0,0,2018-08-04,0.5,tier1,1,0,1,0,FC Barcelona,2018-08-01,219.0,,bc,0,0,0,2018-08-11,2019-05-12,,0,0.0,0
13,Everton,5141,Dominic Calvert-Lewin,yes,27,38,37,1,0.8909,1522.7,80.2,1602.9,0.95,0.8909,0.0,0,12,0,0,0,0,0,0,2016-09-03,0.45,data_club,1,0,1,0,Sheffield United,2016-08-31,219.0,,bc,0,0,0,2018-08-11,2019-05-12,,0,0.0,0
13,Everton,1706,Tom Davies,yes,26,38,36,2,0.3986,1299.5,71.7,1371.2,0.9477,0.2714,0.0,0,12,0,0,0,0,0,0,,0.0,none,1,0,0,1,,,,Everton U21,bc,0,0,0,2018-08-11,2019-05-12,,0,0.0,0
13,Everton,205595,Bernard,yes,26,37,35,2,0.3276,1739.5,59.0,1798.4,0.9672,0.7896,0.0,0,12,0,0,0,0,0,0,2018-08-12,0.35,tier2,1,0,1,0,Shakhtar Donetsk,2018-08-09,220.0,,bc,1,0,0,2018-08-18,2019-05-12,,0,0.0,0
13,Everton,390,Leighton Baines,yes,25,38,31,7,0.0687,894.5,43.3,937.8,0.9539,0.0801,0.0,0,12,0,0,0,0,0,0,,0.0,none,1,0,0,1,,,,,bc,0,0,0,2018-08-11,2019-05-12,,0,0.0,0
13,Everton,45863,Cenk Tosun,yes,27,38,36,2,0.2027,1446.0,36.5,1482.5,0.9754,0.2207,0.0,0,12,0,0,0,0,0,0,2018-01-08,0.35,tier2,1,0,1,0,Beşiktaş,2018-01-05,219.0,,bc,0,0,0,2018-08-11,2019-05-12,,0,0.0,0
13,Everton,186474,Sandro Ramírez,yes,27,3,1,2,0.1968,23.8,35.4,59.2,0.4017,0.1968,0.0,0,12,0,0,0,0,0,0,2017-07-06,0.5,tier1,1,0,1,0,Málaga,2017-07-03,219.0,,bc,35,0,0,2018-08-11,2018-08-25,,0,0.0,0
13,Everton,53,Theo Walcott,yes,27,38,38,0,0.3717,2398.4,0.0,2398.4,1.0,0.3717,0.0,0,12,0,0,0,0,0,0,2018-01-20,0.45,data_club,1,0,1,0,Arsenal,2018-01-17,219.0,,bc,0,0,0,2018-08-11,2019-05-12,,0,0.0,0
13,Everton,814,Gylfi Sigurdsson,yes,26,38,38,0,0.9231,2980.2,0.0,2980.2,1.0,0.9231,0.0,0,12,0,0,0,0,0,0,2017-08-19,0.45,data_club,1,0,1,0,Swansea City,2017-08-16,219.0,,bc,0,0,0,2018-08-11,2019-05-12,,0,0.0,0
13,Everton,1072,Maarten Stekelenburg,yes,24,38,38,0,0.0,0.0,0.0,0.0,,0.0,0.0,0,12,0,0,0,0,0,0,2016-07-04,0.0,none,1,1,1,0,Fulham,2016-07-01,219.0,,bc,0,0,0,2018-08-11,2019-05-12,,0,0.0,0
13,Everton,1297,Jiang Guangtai,yes,25,24,1,23,0.0,0.0,0.0,0.0,,0.0,0.0,0,1,0,11,0,0,0,0,,0.0,none,1,0,0,1,,,,Everton U21,bc,11,0,0,2018-09-01,2019-02-09,,0,0.0,0
13,Everton,1826,Jordan Pickford,yes,24,38,38,0,1.0,3420.0,0.0,3420.0,1.0,1.0,0.0,0,12,0,0,0,0,0,0,2017-07-04,0.0,none,1,1,1,0,Sunderland,2017-07-01,219.0,,ac,0,0,0,2018-08-11,2019-05-12,,0,0.0,0
13,Everton,4892,Kieran Dowell,yes,26,19,3,16,0.0,0.0,0.0,0.0,,0.0,0.0,0,0,0,12,0,0,0,0,,0.0,none,1,0,0,1,,,,Everton U21,bc,17,0,0,2018-08-25,2019-01-01,,0,0.0,0
11,Fulham,4943,Alfie Mawson,yes,25,38,19,19,0.8004,1317.6,1368.7,2686.2,0.4905,0.7997,0.0,0,12,0,0,0,0,0,0,2018-08-05,0.45,data_club,1,0,1,0,Swansea City,2018-08-02,219.0,,bc,0,0,0,2018-08-11,2019-05-12,,0,0.0,0
11,Fulham,4601,Timothy Fosu-Mensah,yes,25,38,16,22,0.5056,833.2,1001.1,1834.2,0.4542,0.4816,0.0,0,12,0,0,0,0,0,0,2018-08-12,0.45,data_club,1,0,1,0,Manchester United,2018-08-09,218.0,,bc,1,1,0,2018-08-11,2019-05-12,,0,0.0,0
11,Fulham,1840,Kevin McDonald,yes,26,38,19,19,0.4978,1198.6,851.2,2049.8,0.5848,0.3726,0.0,1,11,0,0,0,1,0,0,2016-07-25,0.45,data_club,1,0,1,0,Wolverhampton Wanderers,2016-07-22,219.0,,bc,0,0,0,2018-08-11,2019-05-12,,0,0.0,0
11,Fulham,2454,Tim Ream,yes,25,38,31,7,0.9852,2145.9,620.7,2766.6,0.7756,0.8966,0.0,0,12,0,0,0,0,0,0,2015-08-23,0.45,data_club,1,0,1,0,Bolton Wanderers,2015-08-20,219.0,,bc,0,0,0,2018-08-11,2019-05-12,,0,0.0,0
11,Fulham,1372,André Schürrle,yes,27,38,28,10,0.5751,1424.6,517.6,1942.2,0.7335,0.431,0.0,0,12,0,0,0,0,0,0,,0.0,none,1,0,0,1,,,,,bc,0,0,0,2018-08-11,2019-05-12,,0,0.0,0
11,Fulham,96804,Frank Anguissa,yes,26,37,26,11,0.5008,1256.9,495.8,1752.6,0.7171,0.8032,0.0,1,12,0,0,0,0,0,0,2018-08-12,0.5,tier1,1,0,1,0,Olympique Marseille,2018-08-09,219.0,,bc,1,0,0,2018-08-18,2019-05-12,,0,0.0,0
11,Fulham,2285,Tom Cairney,yes,26,38,32,6,0.9003,2209.1,486.1,2695.3,0.8196,0.8559,0.0,0,12,0,0,0,0,0,0,2015-07-04,0.45,data_club,1,0,1,0,Blackburn Rovers,2015-07-01,219.0,,ac,0,0,0,2018-08-11,2019-05-12,,0,0.0,0
11,Fulham,2970,Floyd Ayité,yes,27,38,27,11,0.3432,534.9,339.8,874.6,0.6115,0.3007,0.0,0,12,0,0,0,0,0,0,2016-07-04,0.5,tier1,1,0,1,0,Bastia,2016-07-01,219.0,,bc,0,0,0,2018-08-11,2019-05-12,,0,0.0,0
11,Fulham,1177,Calum Chambers,yes,25,38,33,5,0.7202,2492.9,324.1,2817.0,0.8849,1.0,0.0,0,12,0,0,0,0,0,0,2018-08-10,0.45,data_club,1,0,1,0,Arsenal,2018-08-07,218.0,,bc,0,0,0,2018-08-11,2019-05-12,,0,0.0,0
11,Fulham,1931,Håvard Nordtveit,yes,25,13,6,7,0.5016,263.0,316.0,579.0,0.4542,0.3391,0.0,0,6,0,0,0,0,6,0,2019-02-03,0.5,tier1,1,0,1,0,TSG Hoffenheim,2019-01-31,218.0,,bc,25,0,0,2019-02-09,2019-05-12,,0,0.0,0
11,Fulham,2945,Denis Odoi,yes,25,38,34,4,0.8063,2912.2,290.3,3202.5,0.9094,0.6126,0.0,0,12,0,0,0,0,0,0,,0.0,none,1,0,0,1,,,,,bc,0,0,0,2018-08-11,2019-05-12,,0,0.0,0
11,Fulham,185866,Fabri,yes,24,38,19,19,0.1667,180.0,285.0,465.0,0.3871,0.0,0.0,0,12,0,0,0,0,0,0,2018-07-27,0.0,none,1,1,1,0,Beşiktaş,2018-07-24,219.0,,bc,0,0,0,2018-08-11,2019-05-12,,0,0.0,0
11,Fulham,3160,Joe Bryan,yes,25,38,32,6,0.4945,2001.2,267.0,2268.2,0.8823,1.0,0.0,0,12,0,0,0,0,0,0,2018-08-12,0.45,data_club,1,0,1,0,Bristol City,2018-08-09,219.0,,bc,1,1,0,2018-08-11,2019-05-12,,0,0.0,0
11,Fulham,63093,Aboubakar Kamara,yes,27,24,17,7,0.381,471.9,240.0,711.9,0.6629,0.5419,0.0,0,12,0,0,0,0,0,0,2017-08-03,0.5,tier1,1,0,1,0,Amiens SC,2017-07-31,219.0,,bc,14,0,0,2018-08-11,2019-01-29,,0,0.0,0
11,Fulham,96516,Maxime Le Marchand,yes,25,38,34,4,0.6611,2044.0,238.0,2282.0,0.8957,0.75,0.0,0,12,0,0,0,0,0,0,2018-07-15,0.5,tier1,1,0,1,0,Nice,2018-07-12,219.0,,bc,0,0,0,2018-08-11,2019-05-12,,0,0.0,0
11,Fulham,186488,Luciano Vietto,yes,27,38,30,8,0.3217,1160.8,231.6,1392.4,0.8336,0.2591,0.0,0,12,0,0,0,0,0,0,2018-08-12,0.5,tier1,1,0,1,0,Atlético de Madrid,2018-08-09,218.0,,bc,1,1,0,2018-08-11,2019-05-12,,0,0.0,0
11,Fulham,4101,Lazar Markovic,yes,26,13,2,11,0.2332,74.7,230.9,305.6,0.2445,0.0428,0.0,0,2,0,0,0,0,10,0,2019-02-03,0.45,data_club,1,0,1,0,Liverpool,2019-01-31,220.0,,bc,25,0,0,2019-02-09,2019-05-12,,0,0.0,0
11,Fulham,96518,Jean Seri,yes,26,38,34,4,0.6403,2273.5,230.5,2504.0,0.9079,0.5431,0.0,0,12,0,0,0,0,0,0,2018-07-15,0.5,tier1,1,0,1,0,Nice,2018-07-12,219.0,,bc,0,0,0,2018-08-11,2019-05-12,,0,0.0,0
11,Fulham,8333,Luca de la Torre,yes,26,38,1,37,0.0598,5.4,199.0,204.4,0.0263,0.0598,0.0,0,12,0,0,0,0,0,0,,0.0,none,1,0,0,1,,,,Fulham U21,bc,0,0,0,2018-08-11,2019-05-12,,0,0.0,0
11,Fulham,3268,Marcus Bettinelli,yes,24,38,22,16,0.125,1215.0,180.0,1395.0,0.871,0.0,0.0,0,12,0,0,0,0,0,0,,0.0,none,1,1,0,1,,,,Fulham U21,bc,0,0,0,2018-08-11,2019-05-12,,0,0.0,0
11,Fulham,6610,Ryan Sessegnon,yes,26,38,36,2,0.9572,2367.8,172.3,2540.1,0.9322,0.7631,0.0,0,12,0,0,0,0,0,0,,0.45,data_club,1,0,1,0,Tottenham Hotspur,2024-07-26,220.0,Fulham U18,c,0,0,0,2018-08-11,2019-05-12,,0,0.0,0
11,Fulham,7007,Stefan Johansen,yes,26,24,18,6,0.252,894.4,136.1,1030.5,0.868,0.0,0.0,0,0,0,0,12,0,0,0,2016-08-29,0.35,tier2,1,0,1,0,Celtic,2016-08-26,219.0,,bc,14,0,0,2018-08-11,2019-01-29,,0,0.0,0
11,Fulham,61694,Ibrahima Cissé,yes,26,38,11,27,0.0526,53.0,127.8,180.8,0.293,0.0857,0.0,0,12,0,0,0,0,0,0,2017-07-10,0.5,tier1,1,0,1,0,Standard Liège,2017-07-07,219.0,,bc,0,0,0,2018-08-11,2019-05-12,,0,0.0,0
11,Fulham,6853,Neeskens Kebano,yes,26,38,21,17,0.0714,158.4,109.2,267.6,0.5919,0.0709,0.0,0,12,0,0,0,0,0,0,2016-08-29,0.5,tier1,1,0,1,0,Genk,2016-08-26,219.0,,bc,0,0,0,2018-08-11,2019-05-12,,0,0.0,0
11,Fulham,1366,Aleksandar Mitrovic,yes,27,38,37,1,1.0,3267.0,90.0,3357.0,0.9732,1.0,0.0,0,12,0,0,0,0,0,0,2018-08-02,0.45,data_club,1,0,1,0,Newcastle United,2018-01-31,218.0,,bc,0,0,0,2018-08-11,2019-05-12,,0,0.0,0
11,Fulham,489,Ryan Babel,yes,27,16,16,0,0.8537,947.8,0.0,947.8,1.0,0.8537,0.0,0,12,0,0,0,0,0,0,2019-01-18,0.35,tier2,1,0,1,0,Beşiktaş,2019-01-15,219.0,,bc,22,0,0,2019-01-20,2019-05-12,,0,0.0,0
11,Fulham,2306,Cyrus Christie,yes,25,38,38,0,0.4256,1658.1,0.0,1658.1,1.0,0.4256,0.0,0,12,0,0,0,0,0,0,2018-02-03,0.45,data_club,1,0,1,0,Middlesbrough,2018-01-31,219.0,,bc,0,0,0,2018-08-11,2019-05-12,,0,0.0,0
11,Fulham,186187,Sergio Rico,yes,24,38,35,3,0.0,2025.0,0.0,2025.0,1.0,1.0,0.0,0,12,0,0,0,0,0,0,2018-08-12,0.0,none,1,1,1,0,Sevilla,2018-08-09,218.0,,bc,1,1,0,2018-08-11,2019-05-12,,0,0.0,0
11,Fulham,1494715,Steven Sessegnon,yes,25,38,5,33,0.0,0.0,0.0,0.0,,0.0,0.0,0,9,0,0,0,0,3,3,,0.0,none,1,0,0,1,,,,Fulham U21,bc,0,0,0,2018-08-11,2019-05-12,,0,0.0,0
11,Fulham,23269836,Harvey Elliott,yes,26,5,5,0,0.0249,0.6,0.0,0.6,1.0,0.0249,0.0,0,5,0,0,0,0,7,7,,0.0,none,1,0,0,1,,,,,bc,0,0,0,2019-04-13,2019-05-12,,0,0.0,0
251,Huddersfield Town,3298,Aaron Mooy,yes,26,38,29,9,0.9464,2409.0,766.6,3175.6,0.7586,0.8254,0.0,0,12,0,0,0,0,0,0,2017-07-04,0.45,data_club,1,0,1,0,Manchester City,2016-07-05,218.0,,bc,0,0,0,2018-08-11,2019-05-12,,0,0.0,0
251,Huddersfield Town,6087,Philip Billing,yes,26,38,28,10,0.8053,1973.1,724.8,2697.9,0.7314,0.7399,0.0,0,12,0,0,0,0,0,0,,0.0,none,1,0,0,1,,,,Huddersfield Town U18,bc,0,0,0,2018-08-11,2019-05-12,,0,0.0,0
251,Huddersfield Town,5701,Danny Williams,yes,26,38,10,28,0.2749,282.8,692.8,975.5,0.2899,0.2004,0.0,0,12,0,0,0,0,0,0,,0.0,none,1,0,0,1,,,,,bc,0,0,0,2018-08-11,2019-05-12,,0,0.0,0
251,Huddersfield Town,8031,Collin Quaner,yes,27,21,4,17,0.4242,137.4,649.1,786.5,0.1747,0.0,0.0,0,0,0,12,0,0,0,0,,0.0,none,1,0,0,1,,,,,bc,17,0,0,2018-08-11,2019-01-02,,0,0.0,0
251,Huddersfield Town,96775,Adama Diakhaby,yes,27,38,18,20,0.3261,599.0,587.0,1186.0,0.5051,0.2923,0.0,0,12,0,0,0,0,0,0,2018-07-23,0.5,tier1,1,0,1,0,Monaco,2018-07-20,219.0,,bc,0,0,0,2018-08-11,2019-05-12,,0,0.0,0
251,Huddersfield Town,2230,Jonathan Hogg,yes,26,38,31,7,0.8607,2392.9,542.2,2935.1,0.8153,0.8556,18.4,1,12,0,0,0,0,0,0,2013-08-01,0.45,data_club,1,0,1,0,Watford,2013-07-29,219.0,,bc,0,0,0,2018-08-11,2019-05-12,,0,0.0,0
251,Huddersfield Town,3264,Elias Kachunga,yes,27,38,30,8,0.6059,1335.6,436.3,1771.9,0.7538,0.45,0.0,0,12,0,0,0,0,0,0,2017-07-04,0.5,tier1,1,0,1,0,Ingolstadt,2016-07-01,218.0,,bc,0,0,0,2018-08-11,2019-05-12,,0,0.0,0
251,Huddersfield Town,2031,Ramadan Sobhi,yes,26,20,9,11,0.4086,348.7,404.5,753.2,0.4629,0.1938,0.0,0,12,3,0,0,0,0,0,2018-07-04,0.45,data_club,1,0,1,0,Stoke City,2018-07-01,219.0,,bc,18,0,0,2018-08-11,2018-12-29,,0,0.0,0
251,Huddersfield Town,24613,Zanka,yes,25,38,31,7,0.6407,2548.8,403.7,2952.5,0.8633,0.4167,0.0,0,12,0,0,0,0,0,0,2017-07-10,0.35,tier2,1,0,1,0,FC København,2017-07-07,219.0,,bc,0,0,0,2018-08-11,2019-05-12,,0,0.0,0
251,Huddersfield Town,36457,Abdelhamid Sabiri,yes,26,38,2,36,0.1226,30.8,397.2,428.1,0.072,0.1025,0.0,0,12,0,0,0,0,0,0,2017-08-26,0.5,tier1,1,0,1,0,Nürnberg,2017-08-23,219.0,,bc,0,0,0,2018-08-11,2019-05-12,,0,0.0,0
251,Huddersfield Town,3294,Rajiv van La Parra,yes,26,20,10,10,0.4362,556.4,392.6,949.0,0.5863,0.0524,0.0,0,4,0,0,8,0,0,0,2016-07-04,0.45,data_club,1,0,1,0,Wolverhampton Wanderers,2016-03-11,218.0,,bc,18,0,0,2018-08-11,2018-12-29,,0,0.0,0
251,Huddersfield Town,31746,Erik Durm,yes,25,38,30,8,0.5319,1691.4,383.0,2074.3,0.8154,0.8015,0.0,0,12,0,0,0,0,0,0,2018-07-16,0.5,tier1,1,0,1,0,Borussia Dortmund,2018-07-13,220.0,,bc,0,0,0,2018-08-11,2019-05-12,,0,0.0,0
251,Huddersfield Town,3101,Tommy Smith,yes,25,38,25,13,0.3199,915.5,374.2,1289.7,0.7098,0.7739,17.3,1,11,0,0,0,1,0,0,2012-09-07,0.35,unknown+override,1,0,1,0,TBC,2012-09-04,219.0,,bc,0,0,0,2018-08-11,2019-05-12,,0,0.0,0
251,Huddersfield Town,62250,Laurent Depoitre,yes,27,38,27,11,0.3769,1165.0,373.1,1538.1,0.7574,0.3741,0.0,0,12,0,0,0,0,0,0,2017-07-04,0.5,tier1,1,0,1,0,Porto,2017-07-01,219.0,,bc,0,0,0,2018-08-11,2019-05-12,,0,0.0,0
251,Huddersfield Town,32408,Jonas Lössl,yes,24,38,34,4,1.0,2868.2,360.0,3228.2,0.8885,0.9167,0.0,0,12,0,0,0,0,0,0,2018-07-04,0.0,none,1,1,1,0,FSV Mainz 05,2017-07-01,218.0,,bc,0,0,0,2018-08-11,2019-05-12,,0,0.0,0
251,Huddersfield Town,790,Jason Puncheon,yes,26,17,8,9,0.4266,268.6,345.6,614.2,0.4374,0.4224,0.0,0,12,4,0,0,0,0,0,2019-01-07,0.45,data_club,1,0,1,0,Crystal Palace,2019-01-04,218.0,,bc,21,0,0,2019-01-12,2019-05-12,,0,0.0,0
251,Huddersfield Town,3289,Chris Löwe,yes,25,38,33,5,0.7582,1935.3,341.2,2276.4,0.8501,0.6512,0.0,0,12,0,0,0,0,0,0,2016-07-04,0.5,tier1,1,0,1,0,Kaiserslautern,2016-07-01,220.0,,bc,0,0,0,2018-08-11,2019-05-12,,0,0.0,0
251,Huddersfield Town,24508,Terence Kongolo,yes,25,38,34,4,0.8907,2707.3,320.7,3028.0,0.8941,0.8832,0.0,0,12,0,0,0,0,0,0,2018-07-04,0.5,tier1,1,0,1,0,Monaco,2018-01-02,218.0,,bc,0,0,0,2018-08-11,2019-05-12,,0,0.0,0
251,Huddersfield Town,63050,Isaac Mbenza,yes,27,37,28,9,0.3742,849.4,303.1,1152.6,0.737,0.6865,0.0,0,12,0,0,0,0,0,0,2018-08-12,0.5,tier1,1,0,1,0,Montpellier,2018-08-09,218.0,,bc,1,0,0,2018-08-19,2019-05-12,,0,0.0,0
251,Huddersfield Town,96201,Steve Mounié,yes,27,38,33,5,0.6371,1974.4,286.7,2261.0,0.8732,0.4955,22.6,1,12,0,0,0,0,0,0,2017-07-08,0.5,tier1,1,0,1,0,Montpellier,2017-07-05,219.0,,bc,0,0,0,2018-08-11,2019-05-12,,0,0.0,0
251,Huddersfield Town,25515,Juninho Bacuna,yes,26,38,26,12,0.2575,963.1,278.1,1241.3,0.7759,0.8018,0.0,0,12,0,0,0,0,0,0,2018-07-04,0.5,tier1,1,0,1,0,FC Groningen,2018-07-01,219.0,,bc,0,0,0,2018-08-11,2019-05-12,,0,0.0,0
251,Huddersfield Town,32518,Florent Hadërgjonaj,yes,26,38,33,5,0.5021,2169.7,225.9,2395.7,0.9057,0.3374,0.0,0,12,0,0,0,0,0,0,2018-07-04,0.5,tier1,1,0,1,0,Ingolstadt,2017-08-24,218.0,,bc,0,0,0,2018-08-11,2019-05-12,,0,0.0,0
251,Huddersfield Town,999,Ben Hamer,yes,24,38,33,5,0.3022,274.3,136.0,410.3,0.6686,0.3333,0.0,0,12,0,0,0,0,0,0,2018-07-04,0.0,none,1,1,1,0,Leicester City,2018-07-01,220.0,,bc,0,0,0,2018-08-11,2019-05-12,,0,0.0,0
251,Huddersfield Town,3291,Christopher Schindler,yes,25,38,37,1,1.0,3307.5,90.0,3397.5,0.9735,1.0,49.0,1,12,0,0,0,0,0,0,2016-07-04,0.5,tier1,1,0,1,0,1860 München,2016-07-01,219.0,,bc,0,0,0,2018-08-11,2019-05-12,,0,0.0,0
251,Huddersfield Town,3339,Jon Gorenc Stankovic,yes,25,38,27,11,0.0619,375.1,61.3,436.4,0.8596,0.5655,0.0,0,12,0,0,0,0,0,0,2016-07-11,0.0,tier1,1,0,1,0,Borussia Dortmund II,2016-07-08,219.0,,bc,0,0,0,2018-08-11,2019-05-12,,0,0.0,0
251,Huddersfield Town,2829,Alex Pritchard,yes,26,38,37,1,0.612,2206.5,55.1,2261.6,0.9756,0.5958,0.0,0,12,0,0,0,0,0,0,2018-01-15,0.45,data_club,1,0,1,0,Norwich City,2018-01-12,219.0,,bc,0,0,0,2018-08-11,2019-05-12,,0,0.0,0
251,Huddersfield Town,537207,Demeaco Duhaney,yes,25,11,2,9,0.0406,3.7,32.9,36.5,0.1,0.0406,0.0,0,2,0,0,0,0,10,10,,0.0,none,1,0,0,1,,,,,bc,0,0,0,2019-02-26,2019-05-12,,0,0.0,0
251,Huddersfield Town,32013821,Aaron Rowe,yes,26,9,4,5,0.0657,13.3,29.5,42.9,0.3107,0.0657,0.0,0,4,0,0,0,0,8,8,,0.0,none,1,0,0,1,,,,,bc,0,0,0,2019-03-09,2019-05-12,,0,0.0,0
251,Huddersfield Town,3342,Joel Coleman,yes,24,17,8,9,0.0,0.0,0.0,0.0,,0.0833,0.0,0,12,0,0,0,0,0,0,2016-07-04,0.0,none,1,1,1,0,Oldham Athletic,2016-07-01,219.0,,bc,21,0,0,2019-01-12,2019-05-12,,0,0.0,0
251,Huddersfield Town,6073,Karlan Grant,yes,27,14,14,0,0.7835,645.5,0.0,645.5,1.0,0.7835,0.0,0,12,0,0,0,0,0,0,2019-02-02,0.45,data_club,1,0,1,0,Charlton Athletic,2019-01-30,219.0,,bc,24,0,0,2019-02-02,2019-05-12,,0,0.0,0
251,Huddersfield Town,22682,Ryan Schofield,yes,24,18,1,17,0.0,0.0,0.0,0.0,,0.0,0.0,0,1,0,0,0,0,11,11,,0.0,none,1,1,0,1,,,,,bc,17,0,0,2018-09-01,2019-01-02,,0,0.0,0
251,Huddersfield Town,16827156,Matty Daly,yes,26,10,8,2,0.0,13.2,0.0,13.2,1.0,0.0739,0.0,0,8,0,0,0,0,4,4,,0.0,none,1,0,0,1,,,,,bc,0,0,0,2019-03-02,2019-05-12,,0,0.0,0
42,Leicester City,2237,Matty James,yes,26,38,0,38,0.6724,0.0,2299.6,2299.6,0.0,0.6724,0.0,0,12,0,0,0,0,0,0,2012-07-04,0.0,tier2,1,0,1,0,Manchester United U23,2012-07-01,219.0,,b,0,0,0,2018-08-10,2019-05-12,,0,0.0,0
42,Leicester City,1573,Daniel Amartey,yes,25,38,10,28,0.6769,554.7,1705.9,2260.5,0.2454,0.6769,0.0,0,12,0,0,0,0,0,0,2016-01-25,0.35,tier2,1,0,1,0,FC København,2016-01-22,219.0,,bc,0,0,0,2018-08-10,2019-05-12,,0,0.0,0
42,Leicester City,956,Andy King,yes,26,24,0,24,0.528,0.0,1140.6,1140.6,0.0,0.3988,0.0,0,8,8,4,0,0,0,0,,0.0,none,1,0,0,1,,,,Leicester U18,b,14,0,0,2018-08-10,2019-01-30,,0,0.0,0
42,Leicester City,124871,Adrien Silva,yes,26,24,4,20,0.6256,246.5,1126.1,1372.6,0.1796,0.6204,0.0,0,12,0,0,0,0,0,0,2017-09-03,0.5,tier1,1,0,1,0,Sporting CP,2017-08-31,219.0,,bc,14,0,0,2018-08-10,2019-01-30,,0,0.0,0
42,Leicester City,1027,Danny Simpson,yes,25,38,13,25,0.4383,489.0,986.1,1475.0,0.3315,0.2508,0.0,0,12,0,0,0,0,0,0,2014-09-02,0.45,data_club,1,0,1,0,Queens Park Rangers,2014-08-30,219.0,,bc,0,0,0,2018-08-10,2019-05-12,,0,0.0,0
42,Leicester City,6518,Hamza Choudhury,yes,26,38,13,25,0.3977,565.8,894.8,1460.6,0.3874,0.5496,0.0,0,12,0,0,0,0,0,0,,0.0,none,1,0,0,1,,,,Leicester U21,bc,0,0,0,2018-08-10,2019-05-12,,0,0.0,0
42,Leicester City,97600,Fousseni Diabaté,yes,27,22,3,19,0.4139,105.7,707.8,813.5,0.1299,0.3886,0.0,0,12,0,0,0,0,0,0,2018-01-16,0.5,tier1,1,0,1,0,Gazélec Ajaccio,2018-01-13,219.0,,bc,16,0,0,2018-08-10,2019-01-12,,0,0.0,0
42,Leicester City,174,Marc Albrighton,yes,26,38,29,9,0.7454,1651.7,603.8,2255.5,0.7323,0.6702,0.0,0,12,0,0,0,0,0,0,2014-07-04,0.45,data_club,1,0,1,0,Aston Villa,2014-07-01,220.0,,bc,0,0,0,2018-08-10,2019-05-12,,0,0.0,0
42,Leicester City,1574,Eldin Jakupovic,yes,24,38,0,38,0.1667,0.0,570.0,570.0,0.0,0.1667,0.0,0,10,0,0,0,0,2,0,2017-07-22,0.0,none,1,1,1,0,Hull City,2017-07-19,219.0,,b,0,0,0,2018-08-10,2019-05-12,,0,0.0,0
42,Leicester City,32574,Çaglar Söyüncü,yes,25,37,15,22,0.2857,288.7,565.6,854.3,0.3379,0.2726,0.0,0,12,0,0,0,0,0,0,2018-08-12,0.5,tier1,1,0,1,0,SC Freiburg,2018-08-09,219.0,,bc,1,0,0,2018-08-18,2019-05-12,,0,0.0,0
42,Leicester City,2884,Harry Maguire,yes,25,38,32,6,0.945,2679.8,510.3,3190.1,0.84,1.0,82.4,1,11,0,0,0,1,0,0,2017-07-04,0.45,data_club,1,0,1,0,Hull City,2017-07-01,219.0,,bc,0,0,0,2018-08-10,2019-05-12,,0,0.0,0
42,Leicester City,944,Wes Morgan,yes,25,38,31,7,0.7726,2190.1,486.7,2676.8,0.8182,0.4116,10.2,2,12,0,0,0,0,0,0,,0.0,none,1,0,0,1,,,,,bc,0,0,0,2018-08-10,2019-05-12,,0,0.0,0
42,Leicester City,95860,Rachid Ghezzal,yes,26,38,26,12,0.3266,948.0,352.7,1300.7,0.7288,0.2474,0.0,0,12,0,0,0,0,0,0,2018-08-08,0.5,tier1,1,0,1,0,Monaco,2018-08-05,219.0,,bc,0,0,0,2018-08-10,2019-05-12,,0,0.0,0
42,Leicester City,1182,Jamie Vardy,yes,27,38,34,4,0.8595,2710.9,309.4,3020.3,0.8976,0.982,15.8,1,12,0,0,0,0,0,0,2012-07-04,0.35,tier2,1,0,1,0,Fleetwood Town,2012-07-01,219.0,,bc,0,0,0,2018-08-10,2019-05-12,,0,0.0,0
42,Leicester City,1212,Shinji Okazaki,yes,27,38,29,9,0.2762,594.3,223.7,818.1,0.7265,0.1225,0.0,0,12,0,0,0,0,0,0,2015-07-04,0.5,tier1,1,0,1,0,FSV Mainz 05,2015-07-01,219.0,,bc,0,0,0,2018-08-10,2019-05-12,,0,0.0,0
42,Leicester City,612,Jonny Evans,yes,25,38,34,4,0.5886,1744.2,211.9,1956.1,0.8917,0.9167,0.0,0,12,0,0,0,0,0,0,2018-07-04,0.45,data_club,1,0,1,0,West Bromwich Albion,2018-07-01,219.0,,bc,0,0,0,2018-08-10,2019-05-12,,0,0.0,0
42,Leicester City,1572,Demarai Gray,yes,26,38,35,3,0.7178,2004.4,193.8,2198.3,0.9118,0.5345,0.0,0,12,0,0,0,0,0,0,2016-01-07,0.45,data_club,1,0,1,0,Birmingham City,2016-01-04,219.0,,bc,0,0,0,2018-08-10,2019-05-12,,0,0.0,0
42,Leicester City,1601,Ben Chilwell,yes,25,38,36,2,1.0,3198.2,180.0,3378.2,0.9467,1.0,0.0,0,12,0,0,0,0,0,0,,0.0,none,1,0,0,1,,,,Leicester U21,bc,0,0,0,2018-08-10,2019-05-12,,0,0.0,0
42,Leicester City,185870,Vicente Iborra,yes,26,21,17,4,0.305,426.3,109.8,536.2,0.7952,0.2025,0.0,0,12,0,0,0,0,0,0,2017-07-09,0.5,tier1,1,0,1,0,Sevilla,2017-07-06,219.0,,bc,17,0,0,2018-08-10,2019-01-01,,0,0.0,0
42,Leicester City,4679,Nampalys Mendy,yes,26,38,35,3,0.3675,2027.1,99.2,2126.3,0.9533,0.1909,0.0,0,12,0,0,0,0,0,0,2016-07-06,0.5,tier1,1,0,1,0,Nice,2016-07-03,219.0,,bc,0,0,0,2018-08-10,2019-05-12,,0,0.0,0
42,Leicester City,1488,Kelechi Iheanacho,yes,27,38,36,2,0.4547,1259.5,81.8,1341.3,0.939,0.0796,0.0,0,12,0,0,0,0,0,0,2017-08-06,0.45,data_club,1,0,1,0,Manchester City,2017-08-03,219.0,,bc,0,0,0,2018-08-10,2019-05-12,,0,0.0,0
42,Leicester City,6838,James Maddison,yes,26,38,37,1,0.8286,2544.6,74.6,2619.1,0.9715,0.9333,46.6,1,12,0,0,0,0,0,0,2018-07-04,0.45,data_club,1,0,1,0,Norwich City,2018-07-01,219.0,,bc,0,0,0,2018-08-10,2019-05-12,,0,0.0,0
42,Leicester City,1191,Christian Fuchs,yes,25,38,32,6,0.1156,457.2,62.4,519.6,0.8799,0.1101,0.0,0,12,0,0,0,0,0,0,2015-07-04,0.5,tier1,1,0,1,0,Schalke 04,2015-07-01,220.0,,bc,0,0,0,2018-08-10,2019-05-12,,0,0.0,0
42,Leicester City,62342,Youri Tielemans,yes,26,14,13,1,0.5,768.3,45.0,813.3,0.9447,0.9091,0.0,0,12,0,0,0,0,0,0,2019-02-03,0.5,tier1,1,0,1,0,Monaco,2019-01-31,218.0,,bc,24,0,0,2019-02-03,2019-05-12,,0,0.0,0
42,Leicester City,169,Kasper Schmeichel,yes,24,38,38,0,1.0,3411.1,0.0,3411.1,1.0,1.0,0.0,0,12,0,0,0,0,0,0,2011-07-04,0.0,none,1,1,1,0,Leeds United,2011-07-01,219.0,,bc,0,0,0,2018-08-10,2019-05-12,,0,0.0,0
42,Leicester City,3282,Danny Ward,yes,24,38,38,0,0.0,0.0,0.0,0.0,,0.0,0.0,0,12,0,0,0,0,0,0,2018-07-23,0.0,none,1,1,1,0,Liverpool,2018-07-20,219.0,,bc,0,0,0,2018-08-10,2019-05-12,,0,0.0,0
42,Leicester City,5319,Wilfred Ndidi,yes,26,38,38,0,0.9047,3328.9,0.0,3328.9,1.0,0.9047,0.0,0,12,0,0,0,0,0,0,2017-01-06,0.5,tier1,1,0,1,0,Genk,2017-01-03,219.0,,bc,0,0,0,2018-08-10,2019-05-12,,0,0.0,0
42,Leicester City,10601,Harvey Barnes,yes,26,17,17,0,0.651,687.4,0.0,687.4,1.0,0.651,0.0,0,12,0,0,0,0,0,0,,0.0,none,1,0,0,1,,,,Leicester U21,bc,21,0,0,2019-01-12,2019-05-12,,0,0.0,0
42,Leicester City,96838,Ricardo Pereira,yes,25,38,38,0,1.0,2824.2,0.0,2824.2,1.0,1.0,0.0,0,12,0,0,0,0,0,0,2018-07-04,0.5,tier1,1,0,1,0,Porto,2018-07-01,219.0,,bc,0,0,0,2018-08-10,2019-05-12,,0,0.0,0
42,Leicester City,581060,Josh Knight,yes,25,24,1,23,0.0,0.0,0.0,0.0,,0.0,0.0,0,1,0,0,0,0,11,11,,0.0,none,1,0,0,1,,,,,bc,0,0,0,2018-12-05,2019-05-12,,0,0.0,0
8,Liverpool,850,Alex Oxlade-Chamberlain,yes,26,38,3,35,0.5362,136.5,1689.2,1825.6,0.0748,0.4654,0.0,0,12,0,0,0,0,0,0,2017-09-03,0.45,data_club,1,0,1,0,Arsenal,2017-08-31,219.0,,bc,0,0,0,2018-08-12,2019-05-12,,0,0.0,0
8,Liverpool,1453,Joe Gomez,yes,25,38,18,20,0.8069,1255.0,1452.4,2707.4,0.4635,0.5441,0.0,0,12,0,0,0,0,0,0,2015-07-04,0.45,data_club,1,0,1,0,Charlton Athletic,2015-07-01,219.0,,ac,0,0,0,2018-08-12,2019-05-12,,0,0.0,0
8,Liverpool,1168,Dejan Lovren,yes,25,38,19,19,0.7164,1162.6,1225.0,2387.6,0.4869,0.414,0.0,0,12,0,0,0,0,0,0,2014-07-30,0.45,data_club,1,0,1,0,Southampton,2014-07-27,219.0,,bc,0,0,0,2018-08-12,2019-05-12,,0,0.0,0
8,Liverpool,4203,Dominic Solanke,yes,27,21,0,21,0.2124,0.0,401.4,401.4,0.0,0.1864,0.0,0,12,11,0,0,0,0,0,2017-07-13,0.0,tier2,1,0,1,0,Chelsea U21,2017-07-10,220.0,,b,17,0,0,2018-08-12,2019-01-03,,0,0.0,0
8,Liverpool,1917,Trent Alexander-Arnold,yes,25,38,33,5,0.7787,2300.6,350.4,2651.0,0.8678,0.8626,0.0,0,12,0,0,0,0,0,0,,0.0,none,1,0,0,1,,,,Liverpool U18,bc,0,0,0,2018-08-12,2019-05-12,,0,0.0,0
8,Liverpool,1461,Roberto Firmino,yes,27,38,34,4,0.839,2535.0,302.0,2837.1,0.8935,0.833,0.0,0,12,0,0,0,0,0,0,2015-07-04,0.5,tier1,1,0,1,0,TSG Hoffenheim,2015-07-01,219.0,,bc,0,0,0,2018-08-12,2019-05-12,,0,0.0,0
8,Liverpool,323,Jordan Henderson,yes,26,38,33,5,0.6537,1982.8,294.2,2277.0,0.8708,0.6911,0.0,1,12,0,0,0,0,0,0,2011-07-04,0.45,data_club,1,0,1,0,Sunderland,2011-07-01,219.0,,bc,0,0,0,2018-08-12,2019-05-12,,0,0.0,0
8,Liverpool,197,James Milner,yes,26,38,33,5,0.615,1994.5,276.8,2271.3,0.8781,0.4453,0.0,1,12,0,0,0,0,0,0,2015-07-04,0.45,data_club,1,0,1,0,Manchester City,2015-07-01,220.0,,bc,0,0,0,2018-08-12,2019-05-12,,0,0.0,0
8,Liverpool,1471,Alberto Moreno,yes,25,38,18,20,0.1516,277.0,272.9,549.9,0.5037,0.1407,0.0,0,12,0,0,0,0,0,0,2014-08-16,0.5,tier1,1,0,1,0,Sevilla,2014-08-13,219.0,,bc,0,0,0,2018-08-12,2019-05-12,,0,0.0,0
8,Liverpool,32640,Naby Keïta,yes,26,38,32,6,0.4964,1322.0,268.0,1590.1,0.8314,0.5315,0.0,0,12,0,0,0,0,0,0,2018-07-04,0.5,tier1,1,0,1,0,RB Leipzig,2018-07-01,219.0,,bc,0,0,0,2018-08-12,2019-05-12,,0,0.0,0
8,Liverpool,1149,Adam Lallana,yes,26,38,24,14,0.2082,426.2,262.3,688.5,0.6191,0.264,0.0,0,12,0,0,0,0,0,0,2014-07-04,0.45,data_club,1,0,1,0,Southampton,2014-07-01,219.0,,bc,0,0,0,2018-08-12,2019-05-12,,0,0.0,0
8,Liverpool,1365,Georginio Wijnaldum,yes,26,38,35,3,0.8778,2759.3,237.0,2996.3,0.9209,0.799,0.0,0,12,0,0,0,0,0,0,2016-07-25,0.45,data_club,1,0,1,0,Newcastle United,2016-07-22,219.0,,bc,0,0,0,2018-08-12,2019-05-12,,0,0.0,0
8,Liverpool,1202,Nathaniel Clyne,yes,25,21,6,15,0.1692,112.2,228.4,340.5,0.3294,0.5253,0.0,0,12,12,0,0,0,0,0,2015-07-04,0.45,data_club,1,0,1,0,Southampton,2015-07-01,219.0,,bc,17,0,0,2018-08-12,2019-01-03,,0,0.0,0
8,Liverpool,1920,Joël Matip,yes,25,38,31,7,0.3261,1521.1,205.4,1726.6,0.881,0.8333,0.0,0,12,0,0,0,0,0,0,2016-07-04,0.5,tier1,1,0,1,0,Schalke 04,2016-07-01,220.0,,bc,0,0,0,2018-08-12,2019-05-12,,0,0.0,0
8,Liverpool,96099,Fabinho,yes,26,38,34,4,0.5109,1734.2,183.9,1918.1,0.9041,0.8525,0.0,0,12,0,0,0,0,0,0,2018-07-04,0.5,tier1,1,0,1,0,Monaco,2018-07-01,219.0,,bc,0,0,0,2018-08-12,2019-05-12,,0,0.0,0
8,Liverpool,1389,Sadio Mané,yes,27,38,36,2,0.9513,2953.5,171.2,3124.7,0.9452,0.9751,0.0,0,12,0,0,0,0,0,0,2016-07-04,0.45,data_club,1,0,1,0,Southampton,2016-07-01,219.0,,bc,0,0,0,2018-08-12,2019-05-12,,0,0.0,0
8,Liverpool,4817,Loris Karius,yes,24,3,1,2,0.9167,90.0,165.0,255.0,0.3529,0.9167,0.0,0,12,0,0,0,0,0,0,2016-07-04,0.0,none,1,1,1,0,FSV Mainz 05,2016-07-01,219.0,,bc,35,0,0,2018-08-12,2018-08-25,,0,0.0,0
8,Liverpool,1078,Andy Robertson,yes,25,38,37,1,0.9167,3050.6,82.5,3133.1,0.9737,0.9901,0.0,0,12,0,0,0,0,0,0,2017-07-24,0.45,data_club,1,0,1,0,Hull City,2017-07-21,219.0,,bc,0,0,0,2018-08-12,2019-05-12,,0,0.0,0
8,Liverpool,1714,Xherdan Shaqiri,yes,26,38,37,1,0.5732,1495.6,51.6,1547.2,0.9667,0.0692,0.0,0,12,0,0,0,0,0,0,2018-07-16,0.45,data_club,1,0,1,0,Stoke City,2018-07-13,219.0,,bc,0,0,0,2018-08-12,2019-05-12,,0,0.0,0
8,Liverpool,622,Daniel Sturridge,yes,27,38,35,3,0.1212,430.8,32.7,463.5,0.9294,0.221,0.0,0,12,0,0,0,0,0,0,2013-01-05,0.45,data_club,1,0,1,0,Chelsea,2013-01-02,219.0,,bc,0,0,0,2018-08-12,2019-05-12,,0,0.0,0
8,Liverpool,1472,Divock Origi,yes,27,38,25,13,0.0229,271.6,26.8,298.4,0.91,0.2648,0.0,0,12,0,0,0,0,0,0,2014-08-01,0.5,tier1,1,0,1,0,LOSC Lille,2014-07-29,219.0,,bc,0,0,0,2018-08-12,2019-05-12,,0,0.0,0
8,Liverpool,4545523,Rafael Camacho,yes,26,38,8,30,0.0006,0.5,1.5,2.0,0.2667,0.0015,0.0,0,9,0,0,0,0,3,3,,0.0,none,1,0,0,1,,,,,bc,0,0,0,2018-08-12,2019-05-12,,0,0.0,0
8,Liverpool,633,Simon Mignolet,yes,24,38,37,1,0.0,0.0,0.0,0.0,,0.0,0.0,0,12,0,0,0,0,0,0,2013-07-04,0.0,none,1,1,1,0,Sunderland,2013-07-01,219.0,,bc,0,0,0,2018-08-12,2019-05-12,,0,0.0,0
8,Liverpool,1743,Virgil van Dijk,yes,25,38,38,0,1.0,3382.9,0.0,3382.9,1.0,1.0,0.0,0,12,0,0,0,0,0,0,2018-01-04,0.45,data_club,1,0,1,0,Southampton,2018-01-01,219.0,,ac,0,0,0,2018-08-12,2019-05-12,,0,0.0,0
8,Liverpool,4125,Mohamed Salah,yes,27,38,38,0,0.9571,3225.5,0.0,3225.5,1.0,0.9571,0.0,0,12,0,0,0,0,0,0,2017-07-04,0.5,tier1,1,0,1,0,Roma,2017-07-01,219.0,,bc,0,0,0,2018-08-12,2019-05-12,,0,0.0,0
8,Liverpool,129820,Alisson Becker,yes,24,38,38,0,1.0,2835.0,0.0,2835.0,1.0,1.0,0.0,0,12,0,0,0,0,0,0,2018-07-22,0.0,none,1,1,1,0,Roma,2018-07-19,219.0,,ac,0,0,0,2018-08-12,2019-05-12,,0,0.0,0
8,Liverpool,4545513,Curtis Jones,yes,26,38,1,37,0.0,0.0,0.0,0.0,,0.0,0.0,0,2,0,0,0,0,10,10,,0.0,none,1,0,0,1,,,,Liverpool U21,bc,0,0,0,2018-08-12,2019-05-12,,0,0.0,0
9,Manchester City,96183,Benjamin Mendy,yes,25,38,11,27,0.7948,620.6,1931.5,2552.1,0.2432,0.85,0.0,0,12,0,0,0,0,0,0,2017-07-27,0.5,tier1,1,0,1,0,Monaco,2017-07-24,219.0,,bc,0,0,0,2018-08-12,2019-05-12,,0,0.0,0
9,Manchester City,1480,Eliaquim Mangala,yes,25,38,0,38,0.4847,0.0,1657.6,1657.6,0.0,0.4847,0.0,0,12,2,0,0,0,0,0,2014-08-14,0.5,tier1,1,0,1,0,Porto,2014-08-11,219.0,,b,0,0,0,2018-08-12,2019-05-12,,0,0.0,0
9,Manchester City,1371,Kevin De Bruyne,yes,26,38,20,18,0.6653,1018.6,1077.9,2096.4,0.4859,0.6855,0.0,0,12,0,0,0,0,0,0,2015-09-02,0.5,tier1,1,0,1,0,VfL Wolfsburg,2015-08-30,219.0,,bc,0,0,0,2018-08-12,2019-05-12,,0,0.0,0
9,Manchester City,166,Fabian Delph,yes,26,38,17,21,0.57,940.9,1077.2,2018.2,0.4662,0.4764,0.0,1,11,0,0,0,1,0,0,2015-07-20,0.45,data_club,1,0,1,0,Aston Villa,2015-07-17,219.0,,bc,0,0,0,2018-08-12,2019-05-12,,0,0.0,0
9,Manchester City,1408,Fernandinho,yes,26,38,29,9,0.8962,2511.5,725.9,3237.4,0.7758,0.8077,0.0,0,12,0,0,0,0,0,0,2013-07-04,0.35,tier2,1,0,1,0,Shakhtar Donetsk,2013-07-01,219.0,,bc,0,0,0,2018-08-12,2019-05-12,,0,0.0,0
9,Manchester City,26603,Oleksandr Zinchenko,yes,25,38,21,17,0.3945,862.2,603.6,1465.8,0.5882,0.8493,0.0,0,12,0,0,0,0,0,0,2016-07-07,0.35,tier2,1,0,1,0,Ufa,2016-07-04,219.0,,bc,0,0,0,2018-08-12,2019-05-12,,0,0.0,0
9,Manchester City,159208,Danilo,yes,25,38,26,12,0.5145,1111.3,555.7,1667.0,0.6666,0.179,0.0,0,12,0,0,0,0,0,0,2017-07-26,0.5,tier1,1,0,1,0,Real Madrid,2017-07-23,219.0,,bc,0,0,0,2018-08-12,2019-05-12,,0,0.0,0
9,Manchester City,4792,Claudio Bravo,yes,24,38,2,36,0.1667,30.0,540.0,570.0,0.0526,0.1667,0.0,0,12,0,0,0,0,0,0,2016-08-28,0.0,none,1,1,1,0,FC Barcelona,2016-08-25,219.0,,bc,0,0,0,2018-08-12,2019-05-12,,0,0.0,0
9,Manchester City,236,Vincent Kompany,yes,25,38,26,12,0.3589,1156.0,387.6,1543.6,0.7489,0.7754,0.0,0,12,0,0,0,0,0,0,,0.0,none,1,0,0,1,,,,,bc,0,0,0,2018-08-12,2019-05-12,,0,0.0,0
9,Manchester City,4842,Ilkay Gündogan,yes,26,38,32,6,0.7144,2038.7,385.8,2424.5,0.8409,0.9109,0.0,0,12,0,0,0,0,0,0,2016-07-04,0.5,tier1,1,0,1,0,Borussia Dortmund,2016-07-01,219.0,,bc,0,0,0,2018-08-12,2019-05-12,,0,0.0,0
9,Manchester City,25739,Philippe Sandler,yes,25,38,1,37,0.0878,0.0,292.5,292.5,0.0,0.0,0.0,0,1,0,0,0,0,11,0,2018-08-03,0.5,tier1,1,0,1,0,PEC Zwolle,2018-07-31,219.0,,bc,0,0,0,2018-08-12,2019-05-12,,0,0.0,0
9,Manchester City,1359,Sergio Agüero,yes,27,38,34,4,0.7952,2382.4,286.3,2668.7,0.8927,0.8343,0.0,0,12,0,0,0,0,0,0,2011-07-31,0.5,tier1,1,0,1,0,Atlético de Madrid,2011-07-28,219.0,,bc,0,0,0,2018-08-12,2019-05-12,,0,0.0,0
9,Manchester City,982,John Stones,yes,25,38,34,4,0.6263,1834.0,225.5,2059.5,0.8905,0.482,0.0,0,12,0,0,0,0,0,0,2016-08-12,0.45,data_club,1,0,1,0,Everton,2016-08-09,219.0,,bc,0,0,0,2018-08-12,2019-05-12,,0,0.0,0
9,Manchester City,294,David Silva,yes,26,38,35,3,0.7811,2457.8,210.9,2668.7,0.921,0.7317,0.0,0,12,0,0,0,0,0,0,2010-07-17,0.5,tier1,1,0,1,0,Valencia,2010-07-14,219.0,,bc,0,0,0,2018-08-12,2019-05-12,,0,0.0,0
9,Manchester City,186299,Aymeric Laporte,yes,25,38,36,2,0.9918,2918.9,178.5,3097.5,0.9424,0.9167,0.0,0,12,0,0,0,0,0,0,2018-02-02,0.5,tier1,1,0,1,0,Athletic Club,2018-01-30,219.0,,bc,0,0,0,2018-08-12,2019-05-12,,0,0.0,0
9,Manchester City,1822,Nicolás Otamendi,yes,25,38,35,3,0.4744,1556.0,128.1,1684.1,0.9239,0.4281,0.0,0,12,0,0,0,0,0,0,2015-08-23,0.5,tier1,1,0,1,0,Valencia,2015-08-20,219.0,,bc,0,0,0,2018-08-12,2019-05-12,,0,0.0,0
9,Manchester City,96353,Bernardo Silva,yes,26,38,37,1,0.8882,2696.4,79.9,2776.4,0.9712,0.8086,0.0,0,12,0,0,0,0,0,0,2017-07-04,0.5,tier1,1,0,1,0,Monaco,2017-07-01,219.0,,bc,0,0,0,2018-08-12,2019-05-12,,0,0.0,0
9,Manchester City,5329,Gabriel Jesus,yes,27,38,36,2,0.4379,1382.3,78.8,1461.1,0.9461,0.2308,0.0,0,12,0,0,0,0,0,0,2017-01-04,0.25,tier3,1,0,1,0,Palmeiras,2017-01-01,219.0,,bc,0,0,0,2018-08-12,2019-05-12,,0,0.0,0
9,Manchester City,336133,Phil Foden,yes,26,38,29,9,0.0819,217.6,66.3,283.9,0.7665,0.2214,0.0,0,12,0,0,0,0,0,0,,0.0,none,1,0,0,1,,,,Manchester City U18,ac,0,0,0,2018-08-12,2019-05-12,,0,0.0,0
9,Manchester City,911,Kyle Walker,yes,25,38,37,1,0.7207,2572.4,64.9,2637.3,0.9754,0.8941,0.0,0,12,0,0,0,0,0,0,2017-07-17,0.45,data_club,1,0,1,0,Tottenham Hotspur,2017-07-14,219.0,,bc,0,0,0,2018-08-12,2019-05-12,,0,0.0,0
9,Manchester City,4783,Leroy Sané,yes,27,38,37,1,0.6798,2132.3,61.2,2193.5,0.9721,0.3896,0.0,0,12,0,0,0,0,0,0,2016-08-05,0.5,tier1,1,0,1,0,Schalke 04,2016-08-02,219.0,,bc,0,0,0,2018-08-12,2019-05-12,,0,0.0,0
9,Manchester City,971,Riyad Mahrez,yes,27,38,37,1,0.4099,1623.5,36.9,1660.4,0.9778,0.3679,0.0,0,12,0,0,0,0,0,0,2018-07-13,0.45,data_club,1,0,1,0,Leicester City,2018-07-10,219.0,,bc,0,0,0,2018-08-12,2019-05-12,,0,0.0,0
9,Manchester City,802,Raheem Sterling,yes,27,38,38,0,0.8311,2776.5,0.0,2776.5,1.0,0.8311,0.0,0,12,0,0,0,0,0,0,2015-07-17,0.45,data_club,1,0,1,0,Liverpool,2015-07-14,219.0,,bc,0,0,0,2018-08-12,2019-05-12,,0,0.0,0
9,Manchester City,159142,Ederson,yes,24,38,38,0,1.0,3247.5,0.0,3247.5,1.0,1.0,0.0,0,12,0,0,0,0,0,0,2017-07-04,0.0,none,1,1,1,0,Benfica,2017-07-01,219.0,,bc,0,0,0,2018-08-12,2019-05-12,,0,0.0,0
9,Manchester City,538038,Arijanet Muric,yes,24,36,36,0,0.0,0.0,0.0,0.0,,0.0,0.0,0,12,0,0,0,0,0,0,,0.0,none,1,1,0,1,,,,Manchester City U21,bc,0,0,0,2018-08-25,2019-05-12,,0,0.0,0
14,Manchester United,208,Antonio Valencia,yes,25,38,9,29,0.7331,661.1,1913.3,2574.4,0.2568,0.597,0.0,0,12,0,0,0,0,0,0,,0.0,none,1,0,0,1,,,,,bc,0,0,0,2018-08-10,2019-05-12,,0,0.0,0
14,Manchester United,433,Phil Jones,yes,25,38,22,16,0.7746,1272.9,1115.5,2388.4,0.533,0.7786,0.0,0,12,0,0,0,0,0,0,2011-07-04,0.45,data_club,1,0,1,0,Blackburn Rovers,2011-07-01,219.0,,bc,0,0,0,2018-08-10,2019-05-12,,0,0.0,0
14,Manchester United,747,Chris Smalling,yes,25,38,28,10,0.9464,2208.1,851.7,3059.9,0.7216,0.9167,0.0,0,12,0,0,0,0,0,0,2010-07-04,0.45,data_club,1,0,1,0,Fulham,2010-07-01,219.0,,bc,0,0,0,2018-08-10,2019-05-12,,0,0.0,0
14,Manchester United,1876,Marcos Rojo,yes,25,38,11,27,0.3196,284.3,776.6,1060.9,0.268,0.281,0.0,0,12,0,0,0,0,0,0,2014-08-23,0.5,tier1,1,0,1,0,Sporting CP,2014-08-20,219.0,,bc,0,0,0,2018-08-10,2019-05-12,,0,0.0,0
14,Manchester United,955,Luke Shaw,yes,25,38,29,9,0.9383,2242.6,760.0,3002.6,0.7469,1.0,0.0,0,12,0,0,0,0,0,0,2014-07-04,0.45,data_club,1,0,1,0,Southampton,2014-07-01,219.0,,ac,0,0,0,2018-08-10,2019-05-12,,0,0.0,0
14,Manchester United,824,Ander Herrera,yes,26,38,25,13,0.6203,1286.0,725.8,2011.7,0.6392,0.703,0.0,0,12,0,0,0,0,0,0,2014-07-04,0.5,tier1,1,0,1,0,Athletic Club,2014-07-01,219.0,,bc,0,0,0,2018-08-10,2019-05-12,,0,0.0,0
14,Manchester United,1300,Alexis Sánchez,yes,27,38,23,15,0.5207,1155.0,702.9,1857.8,0.6217,0.3786,0.0,0,12,0,0,0,0,0,0,2018-01-25,0.45,data_club,1,0,1,0,Arsenal,2018-01-22,219.0,,bc,0,0,0,2018-08-10,2019-05-12,,0,0.0,0
14,Manchester United,1335,Nemanja Matic,yes,26,38,30,8,0.9248,2540.9,665.9,3206.8,0.7924,0.784,0.0,1,12,0,0,0,0,0,0,2017-08-03,0.45,data_club,1,0,1,0,Chelsea,2017-07-31,219.0,,bc,0,0,0,2018-08-10,2019-05-12,,0,0.0,0
14,Manchester United,933,Matteo Darmian,yes,25,38,16,22,0.3165,495.9,626.6,1122.5,0.4418,0.3241,0.0,0,12,0,0,0,0,0,0,2015-07-14,0.5,tier1,1,0,1,0,Torino,2015-07-11,219.0,,bc,0,0,0,2018-08-10,2019-05-12,,0,0.0,0
14,Manchester United,820,Jesse Lingard,yes,26,38,29,9,0.6117,1575.3,495.5,2070.8,0.7607,0.6098,0.0,0,12,0,0,0,0,0,0,,0.0,none,1,0,0,1,,,,Manchester United U23,bc,0,0,0,2018-08-10,2019-05-12,,0,0.0,0
14,Manchester United,160206,Victor Lindelöf,yes,25,38,32,6,0.9006,2437.7,486.3,2924.0,0.8337,0.9059,0.0,0,12,0,0,0,0,0,0,2017-07-04,0.5,tier1,1,0,1,0,Benfica,2017-07-01,219.0,,bc,0,0,0,2018-08-10,2019-05-12,,0,0.0,0
14,Manchester United,1829,Anthony Martial,yes,27,38,30,8,0.6507,1603.3,468.5,2071.8,0.7739,0.5503,0.0,0,12,0,0,0,0,0,0,2015-09-04,0.5,tier1,1,0,1,0,Monaco,2015-09-01,219.0,,bc,0,0,0,2018-08-10,2019-05-12,,0,0.0,0
14,Manchester United,1849,Eric Bailly,yes,25,38,21,17,0.2997,685.9,458.6,1144.5,0.5993,0.2771,0.0,1,11,0,0,0,1,0,0,2016-07-04,0.5,tier1,1,0,1,0,Villarreal,2016-07-01,219.0,,bc,0,0,0,2018-08-10,2019-05-12,,0,0.0,0
14,Manchester United,455376,Scott McTominay,yes,26,38,23,15,0.3352,802.1,452.6,1254.7,0.6393,0.5768,0.0,0,12,0,0,0,0,0,0,,0.0,none,1,0,0,1,,,,Manchester United U23,bc,0,0,0,2018-08-10,2019-05-12,,0,0.0,0
14,Manchester United,164061,Diogo Dalot,yes,25,38,22,16,0.2681,687.8,386.0,1073.8,0.6405,0.566,0.0,0,12,0,0,0,0,0,0,2018-07-04,0.5,tier1,1,0,1,0,Porto,2018-07-01,219.0,,ac,0,0,0,2018-08-10,2019-05-12,,0,0.0,0
14,Manchester United,995,Romelu Lukaku,yes,27,38,33,5,0.7885,2197.1,354.8,2551.9,0.861,0.7483,0.0,0,12,0,0,0,0,0,0,2017-07-13,0.45,data_club,1,0,1,0,Everton,2017-07-10,219.0,,bc,0,0,0,2018-08-10,2019-05-12,,0,0.0,0
14,Manchester United,420,Marouane Fellaini,yes,26,24,17,7,0.5455,845.1,343.7,1188.7,0.7109,0.4764,0.0,0,12,0,0,0,0,0,0,2013-09-05,0.45,data_club,1,0,1,0,Everton,2013-09-02,219.0,,bc,14,0,0,2018-08-10,2019-01-29,,0,0.0,0
14,Manchester United,846,Juan Mata,yes,26,38,33,5,0.4765,1361.7,214.4,1576.1,0.864,0.4466,0.0,0,12,0,0,0,0,0,0,2014-01-27,0.45,data_club,1,0,1,0,Chelsea,2014-01-24,219.0,,bc,0,0,0,2018-08-10,2019-05-12,,0,0.0,0
14,Manchester United,1004,Andreas Pereira,yes,26,38,24,14,0.1579,426.2,198.9,625.1,0.6818,0.3365,0.0,0,12,0,0,0,0,0,0,,0.0,none,1,0,0,1,,,,Manchester United U23,bc,0,0,0,2018-08-10,2019-05-12,,0,0.0,0
14,Manchester United,1878,Marcus Rashford,yes,27,38,35,3,0.5988,2189.8,161.7,2351.5,0.9312,0.7577,36.5,1,12,0,0,0,0,0,0,,0.0,none,1,0,0,1,,,,Manchester United U18,ac,0,0,0,2018-08-10,2019-05-12,,0,0.0,0
14,Manchester United,205411,Fred,yes,26,38,32,6,0.2795,976.8,151.0,1127.7,0.8661,0.438,0.0,0,12,0,0,0,0,0,0,2018-07-04,0.35,tier2,1,0,1,0,Shakhtar Donetsk,2018-07-01,219.0,,bc,0,0,0,2018-08-10,2019-05-12,,0,0.0,0
14,Manchester United,165,Ashley Young,yes,25,38,36,2,0.7841,2446.9,141.1,2588.1,0.9455,0.8648,14.8,1,11,0,0,0,1,0,0,2011-07-04,0.45,data_club,1,0,1,0,Aston Villa,2011-07-01,219.0,,bc,0,0,0,2018-08-10,2019-05-12,,0,0.0,0
14,Manchester United,1992,Paul Pogba,yes,26,38,37,1,0.8909,2873.2,80.2,2953.4,0.9729,1.0,0.0,0,12,0,0,0,0,0,0,2016-08-12,0.5,tier1,1,0,1,0,Juventus,2016-08-09,219.0,,bc,0,0,0,2018-08-10,2019-05-12,,0,0.0,0
14,Manchester United,945,Sergio Romero,yes,24,38,29,9,0.0648,90.0,52.5,142.5,0.6316,0.0,0.0,0,12,0,0,0,0,0,0,2015-07-30,0.0,none,1,1,1,0,Sampdoria,2015-07-27,220.0,,bc,0,0,0,2018-08-10,2019-05-12,,0,0.0,0
14,Manchester United,608285,Angel Gomes,yes,26,20,3,17,0.0125,2.2,19.1,21.3,0.1053,0.0308,0.0,0,3,0,0,0,0,9,9,,0.0,none,1,0,0,1,,,,Manchester United U23,bc,0,0,0,2018-12-26,2019-05-12,,0,0.0,0
14,Manchester United,20333643,Mason Greenwood,yes,27,9,3,6,0.025,4.0,13.5,17.5,0.2274,0.1141,0.0,0,3,0,0,0,0,9,9,,0.0,none,1,0,0,1,,,,Manchester United U18,bc,0,0,0,2019-03-10,2019-05-12,,0,0.0,0
14,Manchester United,4536524,James Garner,yes,26,11,2,9,0.0049,0.4,4.0,4.4,0.1,0.0049,0.0,0,2,0,0,0,0,10,10,,0.0,none,1,0,0,1,,,,Manchester United U23,bc,0,0,0,2019-02-27,2019-05-12,,0,0.0,0
14,Manchester United,1494236,Tahith Chong,yes,26,11,3,8,0.0051,0.1,3.7,3.7,0.0164,0.0359,0.0,0,3,0,0,0,0,9,9,,0.0,none,1,0,0,1,,,,Manchester United U23,bc,0,0,0,2019-02-27,2019-05-12,,0,0.0,0
14,Manchester United,832,David de Gea,yes,24,38,38,0,1.0,3420.0,0.0,3420.0,1.0,1.0,0.0,0,12,0,0,0,0,0,0,2011-07-04,0.0,none,1,1,1,0,Atlético de Madrid,2011-07-01,219.0,,bc,0,0,0,2018-08-10,2019-05-12,,0,0.0,0
14,Manchester United,1947,Lee Grant,yes,24,38,9,29,0.0,0.0,0.0,0.0,,0.0,0.0,0,9,0,0,3,0,0,0,2018-07-06,0.0,none,1,1,1,0,Stoke City,2018-07-03,219.0,,bc,0,0,0,2018-08-10,2019-05-12,,0,0.0,0
20,Newcastle United,96002,Florian Lejeune,yes,25,38,13,25,0.9948,1080.0,2238.3,3318.3,0.3255,0.9741,0.0,0,12,0,0,0,0,0,0,2017-07-07,0.5,tier1,1,0,1,0,SD Eibar,2017-07-04,219.0,,bc,0,0,0,2018-08-11,2019-05-12,,0,0.0,0
20,Newcastle United,1436,Robert Elliot,yes,24,38,0,38,0.5,0.0,1710.0,1710.0,0.0,0.5,0.0,0,12,0,0,0,0,0,0,2011-09-02,0.0,none,1,1,1,0,Charlton Athletic,2011-08-30,219.0,,b,0,0,0,2018-08-11,2019-05-12,,0,0.0,0
20,Newcastle United,813,Ki Sung-Yueng,yes,26,38,24,14,0.716,1426.1,902.2,2328.3,0.6125,0.5643,0.0,0,12,0,0,0,0,0,0,2018-07-04,0.45,data_club,1,0,1,0,Swansea City,2018-07-01,220.0,,bc,0,0,0,2018-08-11,2019-05-12,,0,0.0,0
20,Newcastle United,819,Jonjo Shelvey,yes,26,38,23,15,0.6475,1354.0,874.1,2228.1,0.6077,0.2392,0.0,0,12,0,0,0,0,0,0,2016-01-15,0.45,data_club,1,0,1,0,Swansea City,2016-01-12,219.0,,bc,0,0,0,2018-08-11,2019-05-12,,0,0.0,0
20,Newcastle United,1414,Paul Dummett,yes,25,38,28,10,0.9132,2073.3,821.8,2895.2,0.7161,0.6788,0.0,0,12,0,0,0,0,0,0,,0.0,none,1,0,0,1,,,,Newcastle United U21,bc,0,0,0,2018-08-11,2019-05-12,,0,0.0,0
20,Newcastle United,360,Ciaran Clark,yes,25,38,20,18,0.4317,782.6,699.3,1481.9,0.5281,0.3483,0.0,0,12,0,0,0,0,0,0,2016-08-06,0.45,data_club,1,0,1,0,Aston Villa,2016-08-03,219.0,,bc,0,0,0,2018-08-11,2019-05-12,,0,0.0,0
20,Newcastle United,173737,Sean Longstaff,yes,26,36,15,21,0.2735,223.0,517.0,740.0,0.3014,0.634,0.0,0,12,0,0,0,0,0,0,,0.0,none,1,0,0,1,,,,Newcastle United U21,bc,0,0,0,2018-08-26,2019-05-12,,0,0.0,0
20,Newcastle United,4265,Kenedy,yes,26,38,28,10,0.5625,1768.9,506.3,2275.1,0.7775,0.2338,0.0,0,12,0,0,0,0,0,0,2018-01-26,0.45,data_club,1,0,1,0,Chelsea,2018-01-23,218.0,,bc,0,0,0,2018-08-11,2019-05-12,,0,0.0,0
20,Newcastle United,1310,Federico Fernández,yes,25,37,29,8,0.6634,1781.0,477.7,2258.7,0.7885,0.2118,0.0,0,12,0,0,0,0,0,0,2018-08-12,0.45,data_club,1,0,1,0,Swansea City,2018-08-09,219.0,,bc,1,0,0,2018-08-18,2019-05-12,,0,0.0,0
20,Newcastle United,493,Mohamed Diamé,yes,26,38,32,6,0.8819,2499.9,476.2,2976.2,0.84,0.3732,0.0,0,12,0,0,0,0,0,0,2016-08-06,0.45,data_club,1,0,1,0,Hull City,2016-08-03,219.0,,bc,0,0,0,2018-08-11,2019-05-12,,0,0.0,0
20,Newcastle United,2985,Jamaal Lascelles,yes,25,38,33,5,0.9487,2764.6,426.9,3191.5,0.8662,0.9572,0.0,0,12,0,0,0,0,0,0,2014-08-12,0.45,data_club,1,0,1,0,Nottingham Forest,2014-08-09,219.0,,bc,0,0,0,2018-08-11,2019-05-12,,0,0.0,0
20,Newcastle United,32391,Yoshinori Muto,yes,27,38,27,11,0.3585,772.0,354.9,1126.9,0.6851,0.1648,0.0,0,12,0,0,0,0,0,0,2018-08-05,0.5,tier1,1,0,1,0,FSV Mainz 05,2018-08-02,219.0,,bc,0,0,0,2018-08-11,2019-05-12,,0,0.0,0
20,Newcastle United,32372,Fabian Schär,yes,25,38,31,7,0.5171,1597.1,325.8,1922.9,0.8306,0.9475,0.0,0,12,0,0,0,0,0,0,2018-07-29,0.5,tier1,1,0,1,0,Deportivo A Coruña,2018-07-26,219.0,,ac,0,0,0,2018-08-11,2019-05-12,,0,0.0,0
20,Newcastle United,129900,Antonio Barreca,yes,25,14,3,11,0.2886,57.7,285.7,343.4,0.1681,0.0083,0.0,0,3,0,0,0,0,9,0,2019-02-03,0.5,tier1,1,0,1,0,Monaco,2019-01-31,218.0,,bc,25,1,0,2019-02-02,2019-05-12,,0,0.0,0
20,Newcastle United,4317,DeAndre Yedlin,yes,25,38,34,4,0.7725,2753.9,278.1,3032.0,0.9083,0.5833,28.6,1,12,0,0,0,0,0,0,2016-08-27,0.45,data_club,1,0,1,0,Tottenham Hotspur,2016-08-24,219.0,,bc,0,0,0,2018-08-11,2019-05-12,,0,0.0,0
20,Newcastle United,3071,Jacob Murphy,yes,26,24,16,8,0.3521,479.2,253.5,732.7,0.654,0.0,0.0,0,0,0,0,12,0,0,0,2017-07-22,0.45,data_club,1,0,1,0,Norwich City,2017-07-19,219.0,,ac,14,0,0,2018-08-11,2019-01-29,,0,0.0,0
20,Newcastle United,1015,Christian Atsu,yes,26,38,33,5,0.5446,1486.1,245.1,1731.2,0.8584,0.4407,0.0,0,12,0,0,0,0,0,0,2017-07-04,0.45,data_club,1,0,1,0,Chelsea,2016-08-31,218.0,,bc,0,0,0,2018-08-11,2019-05-12,,0,0.0,0
20,Newcastle United,257663,Miguel Almirón,yes,26,13,10,3,0.7117,404.0,192.2,596.1,0.6776,0.6909,0.0,0,10,0,0,0,0,2,0,2019-02-03,0.25,tier3,1,0,1,0,Atlanta United,2019-01-31,219.0,,bc,25,0,0,2019-02-11,2019-05-12,,0,0.0,0
20,Newcastle United,1651,Salomón Rondón,yes,27,38,35,3,0.6673,2561.6,180.2,2741.8,0.9343,0.9901,0.0,0,12,0,0,0,0,0,0,2018-08-09,0.45,data_club,1,0,1,0,West Bromwich Albion,2018-08-06,218.0,,bc,0,0,0,2018-08-11,2019-05-12,,0,0.0,0
20,Newcastle United,1061,Matt Ritchie,yes,26,38,36,2,0.8536,2797.3,153.7,2951.0,0.9479,0.935,0.0,0,12,0,0,0,0,0,0,2016-07-04,0.45,data_club,1,0,1,0,AFC Bournemouth,2016-07-01,219.0,,bc,0,0,0,2018-08-11,2019-05-12,,0,0.0,0
20,Newcastle United,2954,Isaac Hayden,yes,26,38,29,9,0.126,1364.2,102.1,1466.3,0.9304,0.9241,0.0,1,12,0,0,0,0,0,0,2016-07-14,0.0,tier2,1,0,1,0,Arsenal U21,2016-07-11,219.0,,bc,0,0,0,2018-08-11,2019-05-12,,0,0.0,0
20,Newcastle United,1468,Joselu,yes,27,38,28,10,0.106,732.5,95.4,827.9,0.8848,0.1007,0.0,0,12,0,0,0,0,0,0,2017-08-19,0.45,data_club,1,0,1,0,Stoke City,2017-08-16,219.0,,bc,0,0,0,2018-08-11,2019-05-12,,0,0.0,0
20,Newcastle United,1352,Javier Manquillo,yes,25,38,35,3,0.2345,801.8,63.3,865.1,0.9268,0.504,0.0,0,12,0,0,0,0,0,0,2017-07-24,0.5,tier1,1,0,1,0,Atlético de Madrid,2017-07-21,219.0,,bc,0,0,0,2018-08-11,2019-05-12,,0,0.0,0
20,Newcastle United,1396,Ayoze Pérez,yes,27,38,38,0,0.9012,2905.5,0.0,2905.5,1.0,0.9012,0.0,0,12,0,0,0,0,0,0,2014-07-04,0.5,tier1,1,0,1,0,Tenerife,2014-07-01,219.0,,bc,0,0,0,2018-08-11,2019-05-12,,0,0.0,0
20,Newcastle United,1397,Karl Darlow,yes,24,38,23,15,0.0,0.0,0.0,0.0,,0.0,0.0,0,12,0,0,0,0,0,0,2014-08-12,0.0,none,1,1,1,0,Nottingham Forest,2014-08-09,219.0,,bc,0,0,0,2018-08-11,2019-05-12,,0,0.0,0
20,Newcastle United,3005,Jamie Sterry,yes,25,29,4,25,0.0,0.0,0.0,0.0,,0.0,0.0,0,4,0,0,0,0,8,8,,0.0,none,1,0,0,1,,,,Newcastle United U21,bc,7,0,0,2018-08-26,2019-05-12,,0,0.0,0
20,Newcastle United,4357,Freddie Woodman,yes,24,38,15,23,0.0,0.0,0.0,0.0,,0.0,0.0,0,12,0,0,0,0,0,0,,0.0,none,1,1,0,1,,,,Newcastle Utd U18,bc,0,0,0,2018-08-11,2019-05-12,,0,0.0,0
20,Newcastle United,15470,Callum Roberts,yes,26,16,2,14,0.0,0.0,0.0,0.0,,0.0,0.0,0,2,0,0,0,0,10,10,,0.0,none,1,0,0,1,,,,,bc,0,0,0,2019-01-19,2019-05-12,,0,0.0,0
20,Newcastle United,80889,Martin Dúbravka,yes,24,38,38,0,1.0,3420.0,0.0,3420.0,1.0,1.0,0.0,0,12,0,0,0,0,0,0,2018-07-04,0.0,none,1,1,1,0,Sparta Praha,2018-01-31,218.0,,bc,0,0,0,2018-08-11,2019-05-12,,0,0.0,0
20,Newcastle United,19996845,Kelland Watts,yes,26,1,1,0,0.0,0.0,0.0,0.0,,0.0,0.0,0,1,0,0,0,0,11,11,,0.0,none,1,0,0,1,,,,Newcastle United U21,bc,0,0,0,2019-05-12,2019-05-12,,0,0.0,0
20,Newcastle United,22536393,Lewis Cass,yes,25,1,1,0,0.0,0.0,0.0,0.0,,0.0,0.0,0,1,0,0,0,0,11,11,,0.0,none,1,0,0,1,,,,,bc,1,0,1,2019-05-12,2019-05-12,,0,0.0,0
65,Southampton,96017,Mario Lemina,yes,26,38,23,15,0.8756,1733.5,1182.0,2915.5,0.5946,0.5961,0.0,0,12,0,0,0,0,0,0,2017-08-11,0.5,tier1,1,0,1,0,Juventus,2017-08-08,219.0,,bc,0,0,0,2018-08-12,2019-05-12,,0,0.0,0
65,Southampton,1350,Ryan Bertrand,yes,25,38,25,13,1.0,2154.0,1170.0,3324.0,0.648,0.9167,0.0,0,12,0,0,0,0,0,0,2015-02-05,0.45,data_club,1,0,1,0,Chelsea,2014-07-30,218.0,,bc,0,0,0,2018-08-12,2019-05-12,,0,0.0,0
65,Southampton,1450,Danny Ings,yes,27,38,26,12,0.683,1475.7,737.6,2213.3,0.6667,0.5695,0.0,0,12,0,0,0,0,0,0,2018-08-12,0.45,data_club,1,0,1,0,Liverpool,2018-08-09,218.0,,bc,0,0,0,2018-08-12,2019-05-12,,0,0.0,0
65,Southampton,31129,Jannik Vestergaard,yes,25,38,30,8,0.8349,1711.9,601.1,2313.0,0.7401,0.9517,0.0,0,12,0,0,0,0,0,0,2018-07-16,0.5,tier1,1,0,1,0,Borussia Mönchengladbach,2018-07-13,219.0,,bc,0,0,0,2018-08-12,2019-05-12,,0,0.0,0
65,Southampton,1373,Maya Yoshida,yes,25,38,29,9,0.6652,1378.5,538.8,1917.4,0.719,0.7451,0.0,0,12,0,0,0,0,0,0,2012-09-02,0.5,tier1,1,0,1,0,VVV-Venlo,2012-08-30,219.0,,bc,0,0,0,2018-08-12,2019-05-12,,0,0.0,0
65,Southampton,155138,Jan Bednarek,yes,25,38,26,12,0.4366,1913.3,471.6,2384.9,0.8023,1.0,0.0,0,12,0,0,0,0,0,0,2017-07-04,0.35,tier2,1,0,1,0,Lech Poznań,2017-07-01,219.0,,bc,0,0,0,2018-08-12,2019-05-12,,0,0.0,0
65,Southampton,1362,Cédric Soares,yes,25,23,18,5,1.0,1579.3,450.0,2029.3,0.7782,0.9203,0.0,0,12,0,0,0,0,0,0,2015-07-04,0.5,tier1,1,0,1,0,Sporting CP,2015-07-01,219.0,,bc,15,0,0,2018-08-12,2019-01-19,,0,0.0,0
65,Southampton,722,Shane Long,yes,27,38,28,10,0.4806,1188.2,432.5,1620.8,0.7331,0.5446,0.0,0,12,0,0,0,0,0,0,2014-08-17,0.45,data_club,1,0,1,0,Hull City,2014-08-14,219.0,,bc,0,0,0,2018-08-12,2019-05-12,,0,0.0,0
65,Southampton,1744,Pierre-Emile Højbjerg,yes,26,38,33,5,0.9559,2659.7,430.1,3089.8,0.8608,1.0,1.2,2,12,0,0,0,0,0,0,2016-07-14,0.5,tier1,1,0,1,0,FC Bayern München,2016-07-11,219.0,,bc,0,0,0,2018-08-12,2019-05-12,,0,0.0,0
65,Southampton,1393,Jack Stephens,yes,25,38,32,6,0.7243,1774.4,391.1,2165.5,0.8194,0.4411,0.0,0,12,0,0,0,0,0,0,,0.0,none,1,0,0,1,,,,Southampton U21,ac,0,0,0,2018-08-12,2019-05-12,,0,0.0,0
65,Southampton,150759,Mohamed Elyounoussi,yes,26,38,24,14,0.3046,799.0,383.8,1182.8,0.6755,0.2375,0.0,0,12,0,0,0,0,0,0,2018-07-04,0.35,tier2,1,0,1,0,Basel,2018-07-01,219.0,,bc,0,0,0,2018-08-12,2019-05-12,,0,0.0,0
65,Southampton,25088,Wesley Hoedt,yes,25,23,17,6,0.6667,1485.0,360.0,1845.0,0.8049,0.6667,0.0,0,12,0,0,0,0,0,0,2017-08-25,0.5,tier1,1,0,1,0,Lazio,2017-08-22,219.0,,bc,15,0,0,2018-08-12,2019-01-19,,0,0.0,0
65,Southampton,1505,Oriol Romeu,yes,26,38,33,5,0.6902,2240.0,310.6,2550.5,0.8782,0.7546,0.0,0,12,0,0,0,0,0,0,2015-08-15,0.45,data_club,1,0,1,0,Chelsea,2015-08-12,219.0,,bc,0,0,0,2018-08-12,2019-05-12,,0,0.0,0
65,Southampton,581055,Michael Obafemi,yes,27,38,6,32,0.0968,32.5,278.8,311.3,0.1045,0.1475,0.0,0,7,0,0,0,0,5,5,,0.0,none,1,0,0,1,,,,Southampton U21,bc,0,0,0,2018-08-12,2019-05-12,,0,0.0,0
65,Southampton,5361,Manolo Gabbiadini,yes,27,21,12,9,0.3277,250.7,265.4,516.1,0.4857,0.4552,0.0,0,12,0,0,0,0,0,0,2017-02-03,0.5,tier1,1,0,1,0,Napoli,2017-01-31,219.0,,bc,17,0,0,2018-08-12,2019-01-02,,0,0.0,0
65,Southampton,483,Steven Davis,yes,26,21,10,11,0.2063,203.4,204.2,407.7,0.499,0.1416,0.0,0,12,0,0,0,0,0,0,2012-07-09,0.35,tier2,1,0,1,0,Rangers,2012-07-06,219.0,,bc,17,0,0,2018-08-12,2019-01-02,,0,0.0,0
65,Southampton,1131,Alex McCarthy,yes,24,38,33,5,0.4167,2722.5,187.5,2910.0,0.9356,0.4167,0.0,0,12,0,0,0,0,0,0,2016-08-04,0.0,none,1,1,1,0,Crystal Palace,2016-08-01,219.0,,bc,0,0,0,2018-08-12,2019-05-12,,0,0.0,0
65,Southampton,1387,Matt Targett,yes,25,38,28,10,0.1801,1073.1,162.1,1235.3,0.8688,0.2522,0.0,0,12,0,0,0,0,0,0,,0.0,none,1,0,0,1,,,,Southampton U21,bc,0,0,0,2018-08-12,2019-05-12,,0,0.0,0
65,Southampton,172357,Stuart Armstrong,yes,26,38,34,4,0.3991,1381.0,143.7,1524.7,0.9058,0.3387,0.0,0,12,0,0,0,0,0,0,2018-07-04,0.35,tier2,1,0,1,0,Celtic,2018-07-01,219.0,,bc,0,0,0,2018-08-12,2019-05-12,,0,0.0,0
65,Southampton,1068,Charlie Austin,yes,27,38,35,3,0.3527,1301.2,95.2,1396.4,0.9318,0.2287,0.0,0,12,0,0,0,0,0,0,2016-01-19,0.45,data_club,1,0,1,0,Queens Park Rangers,2016-01-16,219.0,,bc,0,0,0,2018-08-12,2019-05-12,,0,0.0,0
65,Southampton,581047,Callum Slattery,yes,26,18,10,8,0.1101,55.0,79.3,134.3,0.4096,0.1101,0.0,0,10,0,0,0,0,2,2,,0.0,none,1,0,0,1,,,,,bc,0,0,0,2019-01-02,2019-05-12,,0,0.0,0
65,Southampton,581043,Yan Valery,yes,25,25,24,1,0.8727,1210.7,78.5,1289.3,0.9391,0.9109,0.0,1,12,0,0,0,0,0,0,,0.0,none,1,0,0,1,,,,Southampton U21,bc,0,0,0,2018-12-01,2019-05-12,,0,0.0,0
65,Southampton,21413000,Kayne Ramsay,yes,25,21,11,10,0.0833,60.0,75.0,135.0,0.4444,0.0833,0.0,0,11,0,0,0,0,1,1,,0.0,none,1,0,0,1,,,,,bc,0,0,0,2018-12-22,2019-05-12,,0,0.0,0
65,Southampton,1155,James Ward-Prowse,yes,26,38,35,3,0.248,1653.1,67.0,1720.1,0.9611,0.9409,0.0,0,12,0,0,0,0,0,0,,0.45,data_club,1,0,1,0,West Ham United,2026-08-28,219.0,Southampton U18,c,0,0,0,2018-08-12,2019-05-12,,0,0.0,0
65,Southampton,5206,Josh Sims,yes,26,19,10,9,0.0573,78.2,46.4,124.6,0.6278,0.2067,0.0,0,10,0,2,0,0,0,0,,0.0,none,1,0,0,1,,,,Southampton U21,bc,19,0,0,2018-08-12,2019-05-12,,0,0.0,0
65,Southampton,4246,Sam Gallagher,yes,27,17,8,9,0.0319,8.4,25.9,34.3,0.2461,0.0423,0.0,0,8,0,4,0,0,0,0,,0.0,none,1,0,0,1,,,,Southampton U18,bc,0,0,0,2019-01-12,2019-05-12,,0,0.0,0
65,Southampton,581041,Tyreke Johnson,yes,27,22,1,21,0.0015,0.0,2.9,2.9,0.0,0.0015,0.0,0,1,0,0,0,0,11,11,,0.0,none,1,0,0,1,,,,,bc,0,0,0,2018-12-16,2019-05-12,,0,0.0,0
65,Southampton,979,Nathan Redmond,yes,26,38,38,0,0.9537,3033.1,0.0,3033.1,1.0,0.9537,0.0,0,12,0,0,0,0,0,0,2016-07-04,0.45,data_club,1,0,1,0,Norwich City,2016-07-01,219.0,,bc,0,0,0,2018-08-12,2019-05-12,,0,0.0,0
65,Southampton,1241,Fraser Forster,yes,24,38,5,33,0.0,7.5,0.0,7.5,1.0,0.0833,0.0,0,12,0,0,0,0,0,0,2014-08-12,0.0,none,1,1,1,0,Celtic,2014-08-09,219.0,,bc,0,0,0,2018-08-12,2019-05-12,,0,0.0,0
65,Southampton,336067,Angus Gunn,yes,24,38,38,0,0.9167,577.5,0.0,577.5,1.0,0.9167,0.0,0,12,0,0,0,0,0,0,2018-07-13,0.0,none,1,1,1,0,Manchester City,2018-07-10,219.0,,bc,0,0,0,2018-08-12,2019-05-12,,0,0.0,0
65,Southampton,581045,Alfie Jones,yes,25,14,2,12,0.0,0.0,0.0,0.0,,0.0,0.0,0,2,0,0,0,0,10,10,,0.0,none,1,0,0,1,,,,,bc,0,0,0,2019-02-02,2019-05-12,,0,0.0,0
6,Tottenham Hotspur,915,Jan Vertonghen,yes,25,38,23,15,0.9089,1898.4,1227.0,3125.4,0.6074,0.9768,0.0,1,12,0,0,0,0,0,0,2012-07-15,0.5,tier1,1,0,1,0,Ajax,2012-07-12,219.0,,bc,0,0,0,2018-08-11,2019-05-12,,0,0.0,0
6,Tottenham Hotspur,916,Eric Dier,yes,25,38,24,14,0.7285,1493.8,917.9,2411.7,0.6194,0.6145,0.0,0,12,0,0,0,0,0,0,2014-08-03,0.5,tier1,1,0,1,0,Sporting CP,2014-07-31,219.0,,bc,0,0,0,2018-08-11,2019-05-12,,0,0.0,0
6,Tottenham Hotspur,922,Dele Alli,yes,26,38,25,13,0.7786,1767.5,911.0,2678.5,0.6599,0.8622,0.0,0,12,0,0,0,0,0,0,2015-02-05,0.35,tier2,1,0,1,0,Milton Keynes Dons,2015-02-02,219.0,,bc,0,0,0,2018-08-11,2019-05-12,,0,0.0,0
6,Tottenham Hotspur,997,Harry Kane,yes,27,38,28,10,0.9582,2360.4,862.4,3222.7,0.7324,0.9842,0.0,0,12,0,0,0,0,0,0,,0.0,none,1,0,0,1,,,,Tottenham U18,bc,0,0,0,2018-08-11,2019-05-12,,0,0.0,0
6,Tottenham Hotspur,1172,Victor Wanyama,yes,26,38,20,18,0.5174,702.5,838.2,1540.7,0.456,0.3345,0.0,0,12,0,0,0,0,0,0,2016-07-04,0.45,data_club,1,0,1,0,Southampton,2016-07-01,219.0,,bc,0,0,0,2018-08-11,2019-05-12,,0,0.0,0
6,Tottenham Hotspur,1711,Harry Winks,yes,26,38,28,10,0.8453,1317.7,760.7,2078.4,0.634,0.8983,0.0,0,12,0,0,0,0,0,0,,0.0,none,1,0,0,1,,,,Tottenham U21,bc,0,0,0,2018-08-11,2019-05-12,,0,0.0,0
6,Tottenham Hotspur,941,Érik Lamela,yes,26,38,22,16,0.4808,995.2,692.3,1687.5,0.5897,0.4901,0.0,0,12,0,0,0,0,0,0,2013-09-02,0.5,tier1,1,0,1,0,Roma,2013-08-30,219.0,,bc,0,0,0,2018-08-11,2019-05-12,,0,0.0,0
6,Tottenham Hotspur,95094,Sèrge Aurier,yes,25,38,19,19,0.3852,673.9,658.7,1332.6,0.5057,0.4221,0.0,0,12,0,0,0,0,0,0,2017-09-03,0.5,tier1,1,0,1,0,Paris Saint Germain,2017-08-31,219.0,,bc,0,0,0,2018-08-11,2019-05-12,,0,0.0,0
6,Tottenham Hotspur,852,Mousa Dembélé,yes,26,22,10,12,0.5601,647.5,604.9,1252.4,0.517,0.5482,0.0,0,12,0,0,0,0,0,0,2012-09-01,0.45,data_club,1,0,1,0,Fulham,2012-08-29,219.0,,bc,16,0,0,2018-08-11,2019-01-13,,0,0.0,0
6,Tottenham Hotspur,1016,Kieran Trippier,yes,25,38,31,7,0.8425,2315.8,530.8,2846.6,0.8135,0.6892,0.0,0,12,0,0,0,0,0,0,2015-07-04,0.45,data_club,1,0,1,0,Burnley,2015-07-01,219.0,,bc,0,0,0,2018-08-11,2019-05-12,,0,0.0,0
6,Tottenham Hotspur,977,Michel Vorm,yes,24,38,6,32,0.1667,22.5,480.0,502.5,0.0448,0.1667,0.0,0,12,0,0,0,0,0,0,,0.0,none,1,1,0,1,,,,,bc,0,0,0,2018-08-11,2019-05-12,,0,0.0,0
6,Tottenham Hotspur,26294,Davinson Sánchez,yes,25,38,30,8,0.6355,2005.1,457.6,2462.6,0.8142,0.8108,0.0,0,12,0,0,0,0,0,0,2017-08-26,0.5,tier1,1,0,1,0,Ajax,2017-08-23,219.0,,bc,0,0,0,2018-08-11,2019-05-12,,0,0.0,0
6,Tottenham Hotspur,1380,Moussa Sissoko,yes,26,38,30,8,0.6328,2001.7,455.6,2457.3,0.8146,0.9384,0.0,0,12,0,0,0,0,0,0,2016-09-03,0.45,data_club,1,0,1,0,Newcastle United,2016-08-31,219.0,,bc,0,0,0,2018-08-11,2019-05-12,,0,0.0,0
6,Tottenham Hotspur,1014,Hugo Lloris,yes,24,38,33,5,1.0,2970.0,450.0,3420.0,0.8684,1.0,0.0,0,12,0,0,0,0,0,0,2012-09-03,0.0,none,1,1,1,0,Olympique Lyonnais,2012-08-31,219.0,,bc,0,0,0,2018-08-11,2019-05-12,,0,0.0,0
6,Tottenham Hotspur,1271,Danny Rose,yes,25,38,31,7,0.6355,1670.0,400.4,2070.4,0.8066,0.7339,0.0,0,12,0,0,0,0,0,0,2007-07-28,0.0,tier2,1,0,1,0,Leeds United U18,2007-07-25,219.0,,bc,0,0,0,2018-08-11,2019-05-12,,0,0.0,0
6,Tottenham Hotspur,4313,Son Heung-Min,yes,27,38,33,5,0.6406,1947.3,288.2,2235.6,0.8711,0.7364,24.7,1,11,0,0,0,1,0,0,2015-08-31,0.5,tier1,1,0,1,0,Bayer 04 Leverkusen,2015-08-28,219.0,,bc,0,0,0,2018-08-11,2019-05-12,,0,0.0,0
6,Tottenham Hotspur,989,Ben Davies,yes,25,38,34,4,0.646,1869.2,232.6,2101.8,0.8893,0.5467,0.0,0,12,0,0,0,0,0,0,2014-07-26,0.45,data_club,1,0,1,0,Swansea City,2014-07-23,219.0,,ac,0,0,0,2018-08-11,2019-05-12,,0,0.0,0
6,Tottenham Hotspur,335705,Juan Foyth,yes,25,38,23,15,0.1334,654.9,180.1,834.9,0.7843,0.3508,25.9,1,11,0,0,0,1,0,0,2017-09-02,0.25,tier3,1,0,1,0,Estudiantes,2017-08-30,219.0,,bc,0,0,0,2018-08-11,2019-05-12,,0,0.0,0
6,Tottenham Hotspur,992,Christian Eriksen,yes,26,38,36,2,1.0,2778.7,180.0,2958.7,0.9392,0.996,0.0,0,12,0,0,0,0,0,0,2013-09-02,0.5,tier1,1,0,1,0,Ajax,2013-08-30,219.0,,bc,0,0,0,2018-08-11,2019-05-12,,0,0.0,0
6,Tottenham Hotspur,4659,Kyle Walker-Peters,yes,25,38,23,15,0.1222,264.5,164.9,429.4,0.6159,0.2566,0.0,0,12,0,0,0,0,0,0,,0.0,none,1,0,0,1,,,,Tottenham U21,bc,0,0,0,2018-08-11,2019-05-12,,0,0.0,0
6,Tottenham Hotspur,4913,Georges-Kévin Nkoudou,yes,26,24,3,21,0.0728,19.5,137.6,157.1,0.1244,0.0806,0.0,0,12,9,0,0,0,0,0,2016-09-03,0.5,tier1,1,0,1,0,Olympique Marseille,2016-08-31,219.0,,bc,14,0,0,2018-08-11,2019-01-30,,0,0.0,0
6,Tottenham Hotspur,95998,Lucas Moura,yes,27,38,36,2,0.5157,1798.7,92.8,1891.5,0.9509,0.6277,0.0,0,12,0,0,0,0,0,0,2018-02-03,0.5,tier1,1,0,1,0,Paris Saint Germain,2018-01-31,219.0,,bc,0,0,0,2018-08-11,2019-05-12,,0,0.0,0
6,Tottenham Hotspur,988,Toby Alderweireld,yes,25,38,37,1,0.9375,2888.6,84.4,2973.0,0.9716,0.7965,0.0,0,12,0,0,0,0,0,0,2015-07-11,0.5,tier1,1,0,1,0,Atlético de Madrid,2015-07-08,219.0,,bc,0,0,0,2018-08-11,2019-05-12,,0,0.0,0
6,Tottenham Hotspur,540579,Oliver Skipp,yes,26,31,21,10,0.0842,182.7,75.8,258.4,0.7069,0.0966,0.0,0,12,0,0,0,0,0,0,,0.0,none,1,0,0,1,,,,Tottenham U21,bc,0,0,0,2018-10-06,2019-05-12,,0,0.0,0
6,Tottenham Hotspur,1632,Fernando Llorente,yes,27,38,30,8,0.0757,500.6,54.5,555.2,0.9018,0.4171,0.0,0,12,0,0,0,0,0,0,2017-09-03,0.45,data_club,1,0,1,0,Swansea City,2017-08-31,219.0,,bc,0,0,0,2018-08-11,2019-05-12,,0,0.0,0
6,Tottenham Hotspur,1411,Paulo Gazzaniga,yes,24,38,35,3,0.0833,292.5,22.5,315.0,0.9286,0.0833,0.0,0,12,0,0,0,0,0,0,2017-08-26,0.0,none,1,1,1,0,Southampton,2017-08-23,219.0,,bc,0,0,0,2018-08-11,2019-05-12,,0,0.0,0
6,Tottenham Hotspur,10680,Luke Amos,yes,26,38,2,36,0.0066,0.6,21.3,21.9,0.027,0.0066,0.0,0,2,0,0,0,0,10,10,,0.0,none,1,0,0,1,,,,,bc,0,0,0,2018-08-11,2019-05-12,,0,0.0,0
6,Tottenham Hotspur,1690,Vincent Janssen,yes,27,38,5,33,0.004,8.3,12.0,20.3,0.4076,0.049,0.0,0,8,0,0,0,0,4,0,2016-07-15,0.5,tier1,1,0,1,0,AZ Alkmaar,2016-07-12,219.0,,bc,0,0,0,2018-08-11,2019-05-12,,0,0.0,0
6,Tottenham Hotspur,340346,Alfie Whiteman,yes,24,38,2,36,0.0,0.0,0.0,0.0,,0.0,0.0,0,3,0,0,0,0,9,9,,0.0,none,1,1,0,1,,,,Tottenham U21,bc,0,0,0,2018-08-11,2019-05-12,,0,0.0,0
6,Tottenham Hotspur,540085,George Marsh,yes,26,6,2,4,0.0,0.0,0.0,0.0,,0.0,0.0,0,2,0,0,0,0,10,10,,0.0,none,1,0,0,1,,,,,bc,0,0,0,2019-04-13,2019-05-12,,0,0.0,0
6,Tottenham Hotspur,540103,Timothy Eyoma,yes,25,22,1,21,0.0,0.0,0.0,0.0,,0.0,0.0,0,1,0,0,0,0,11,11,,0.0,none,1,0,0,1,,,,,bc,0,0,0,2018-12-15,2019-05-12,,0,0.0,0
6,Tottenham Hotspur,540459,Kazaiah Sterling,yes,27,38,1,37,0.0,0.0,0.0,0.0,,0.0,0.0,0,2,0,0,0,0,10,10,,0.0,none,1,0,0,1,,,,,bc,0,0,0,2018-08-11,2019-05-12,,0,0.0,0
25,Watford,1279,Sebastian Prödl,yes,25,38,4,34,0.5782,270.5,1769.2,2039.7,0.1326,0.5675,0.0,0,12,0,0,0,0,0,0,,0.0,none,1,0,0,1,,,,,bc,0,0,0,2018-08-11,2019-05-12,,0,0.0,0
25,Watford,1272,Tom Cleverley,yes,26,38,15,23,0.7209,685.3,1492.3,2177.6,0.3147,0.4392,0.0,0,12,0,0,0,0,0,0,2017-07-04,0.45,data_club,1,0,1,0,Manchester United,2009-08-18,218.0,,bc,0,0,0,2018-08-11,2019-05-12,,0,0.0,0
25,Watford,5803,Marvin Zeegelaar,yes,25,21,0,21,0.6907,0.0,1305.5,1305.5,0.0,0.6907,0.0,0,11,0,0,0,1,0,0,2017-09-03,0.5,tier1,1,0,1,0,Sporting CP,2017-08-31,219.0,,b,17,0,0,2018-08-11,2019-01-02,,0,0.0,0
25,Watford,1374,Daryl Janmaat,yes,25,38,22,16,0.7998,1672.6,1151.7,2824.2,0.5922,0.5917,0.0,0,12,0,0,0,0,0,0,2016-08-26,0.45,data_club,1,0,1,0,Newcastle United,2016-08-23,219.0,,bc,0,0,0,2018-08-11,2019-05-12,,0,0.0,0
25,Watford,185579,Kiko Femenía,yes,25,38,31,7,0.9864,1892.6,621.5,2514.0,0.7528,0.8386,0.0,0,12,0,0,0,0,0,0,2017-07-04,0.5,tier1,1,0,1,0,Deportivo Alavés,2017-07-01,220.0,,bc,0,0,0,2018-08-11,2019-05-12,,0,0.0,0
25,Watford,1758,Miguel Britos,yes,25,38,12,26,0.2487,147.0,582.0,729.0,0.2016,0.1709,0.0,0,12,0,0,0,0,0,0,,0.0,none,1,0,0,1,,,,,bc,0,0,0,2018-08-11,2019-05-12,,0,0.0,0
25,Watford,1253,Jose Cholevas,yes,25,38,31,7,0.865,2547.7,545.0,3092.7,0.8238,0.8182,23.8,1,11,0,0,0,1,0,0,,0.0,none,1,0,0,1,,,,,bc,0,0,0,2018-08-11,2019-05-12,,0,0.0,0
25,Watford,1250,Troy Deeney,yes,27,38,32,6,0.8838,2509.9,477.2,2987.1,0.8402,0.9038,72.0,1,11,0,0,0,1,0,0,2010-08-09,0.35,tier2,1,0,1,0,Walsall,2010-08-06,219.0,,bc,0,0,0,2018-08-11,2019-05-12,,0,0.0,0
25,Watford,1276,Étienne Capoue,yes,26,38,33,5,0.9942,2950.3,447.4,3397.7,0.8683,0.9709,0.0,1,12,0,0,0,0,0,0,2015-07-09,0.45,data_club,1,0,1,0,Tottenham Hotspur,2015-07-06,219.0,,bc,0,0,0,2018-08-11,2019-05-12,,0,0.0,0
25,Watford,1057,Gerard Deulofeu,yes,27,38,30,8,0.6204,1924.0,446.7,2370.6,0.8116,0.7648,0.0,0,12,0,0,0,0,0,0,2018-07-04,0.5,tier1,1,0,1,0,FC Barcelona,2018-01-29,218.0,,bc,0,0,0,2018-08-11,2019-05-12,,0,0.0,0
25,Watford,4764,Roberto Pereyra,yes,26,38,33,5,0.9483,2732.0,426.7,3158.7,0.8649,0.9241,0.0,0,12,0,0,0,0,0,0,2016-08-22,0.5,tier1,1,0,1,0,Juventus,2016-08-19,219.0,,bc,0,0,0,2018-08-11,2019-05-12,,0,0.0,0
25,Watford,187225,Marc Navarro,yes,25,38,7,31,0.151,77.1,421.3,498.4,0.1548,0.0766,0.0,0,7,0,0,0,0,5,0,2018-07-04,0.5,tier1,1,0,1,0,Espanyol,2018-07-01,219.0,,bc,0,0,0,2018-08-11,2019-05-12,,0,0.0,0
25,Watford,2332,Will Hughes,yes,26,38,32,6,0.7693,2327.7,415.4,2743.1,0.8486,0.9162,0.0,0,12,0,0,0,0,0,0,2017-07-04,0.45,data_club,1,0,1,0,Derby County,2017-07-01,219.0,,bc,0,0,0,2018-08-11,2019-05-12,,0,0.0,0
25,Watford,2225,Nathaniel Chalobah,yes,26,38,20,18,0.2522,536.8,408.5,945.4,0.5678,0.1655,0.0,0,12,0,0,0,0,0,0,2017-07-16,0.45,data_club,1,0,1,0,Chelsea,2012-08-31,218.0,,bc,0,0,0,2018-08-11,2019-05-12,,0,0.0,0
25,Watford,740,Stefano Okaka,yes,27,21,7,14,0.301,158.9,379.3,538.2,0.2953,0.1458,0.0,0,12,0,0,0,0,0,0,2016-09-01,0.5,tier1,1,0,1,0,Anderlecht,2016-08-29,219.0,,bc,17,0,0,2018-08-11,2019-01-02,,0,0.0,0
25,Watford,1625,Andre Gray,yes,27,38,30,8,0.4707,1238.3,338.9,1577.2,0.7851,0.5503,0.0,0,12,0,0,0,0,0,0,2017-08-12,0.45,data_club,1,0,1,0,Burnley,2017-08-09,219.0,,bc,0,0,0,2018-08-11,2019-05-12,,0,0.0,0
25,Watford,4765,Christian Kabasele,yes,25,38,31,7,0.5376,1791.2,338.7,2129.9,0.841,0.4208,44.6,1,12,0,0,0,0,0,0,2016-07-04,0.5,tier1,1,0,1,0,Genk,2016-07-01,219.0,,bc,0,0,0,2018-08-11,2019-05-12,,0,0.0,0
25,Watford,2144,Abdoulaye Doucouré,yes,26,38,35,3,0.9184,3056.1,248.0,3304.0,0.925,1.0,0.0,0,12,0,0,0,0,0,0,2016-02-04,0.5,tier1,1,0,1,0,Rennes,2016-02-01,219.0,,bc,0,0,0,2018-08-11,2019-05-12,,0,0.0,0
25,Watford,13477,Ben Wilmot,yes,25,24,7,17,0.1236,24.5,189.1,213.6,0.1149,0.0316,0.0,0,7,0,0,0,0,5,0,2018-07-04,0.35,tier2,1,0,1,0,Stevenage,2018-07-01,219.0,,bc,14,0,0,2018-08-11,2019-01-30,,0,0.0,0
25,Watford,4766,Isaac Success,yes,27,38,33,5,0.4113,977.2,185.1,1162.3,0.8408,0.2236,0.0,0,12,0,0,0,0,0,0,2016-07-04,0.5,tier1,1,0,1,0,Granada,2016-07-01,219.0,,bc,0,0,0,2018-08-11,2019-05-12,,0,0.0,0
25,Watford,422,Adrian Mariappa,yes,25,38,36,2,0.9072,2063.1,163.3,2226.4,0.9267,0.765,0.0,0,12,0,0,0,0,0,0,2016-09-02,0.45,data_club,1,0,1,0,Crystal Palace,2016-08-30,220.0,Watford U18,bc,0,0,0,2018-08-11,2019-05-12,,0,0.0,0
25,Watford,191301,Ken Sema,yes,26,38,31,7,0.2407,833.6,151.6,985.2,0.8461,0.2628,0.0,0,12,0,0,0,0,0,0,2018-07-08,0.35,tier2,1,0,1,0,Östersunds FK,2018-07-05,219.0,,bc,0,0,0,2018-08-11,2019-05-12,,0,0.0,0
25,Watford,5246,Domingos Quina,yes,26,37,19,18,0.0887,356.4,143.7,500.1,0.7127,0.0965,0.0,0,12,0,0,0,0,0,0,2018-08-12,0.0,tier2,1,0,1,0,West Ham United U21,2018-08-09,219.0,,bc,1,0,0,2018-08-19,2019-05-12,,0,0.0,0
25,Watford,537,Craig Cathcart,yes,25,38,37,1,1.0,3006.3,90.0,3096.3,0.9709,0.7897,0.0,0,12,0,0,0,0,0,0,2014-07-04,0.45,data_club,1,0,1,0,Manchester United U23,2009-09-14,218.0,,bc,0,0,0,2018-08-11,2019-05-12,,0,0.0,0
25,Watford,254,Heurelho Gomes,yes,24,38,38,0,0.0,112.5,0.0,112.5,1.0,0.0,0.0,0,12,0,0,0,0,0,0,,0.0,none,1,1,0,1,,,,,bc,0,0,0,2018-08-11,2019-05-12,,0,0.0,0
25,Watford,450,Ben Foster,yes,24,38,38,0,1.0,2835.0,0.0,2835.0,1.0,1.0,0.0,0,12,0,0,0,0,0,0,2018-07-08,0.0,none,1,1,1,0,Manchester United,2005-08-01,218.0,,bc,0,0,0,2018-08-11,2019-05-12,,0,0.0,0
25,Watford,4904,Daniel Bachmann,yes,24,0,0,0,0.0,0.0,0.0,0.0,,0.0,0.0,0,8,0,0,0,0,4,0,2017-07-04,0.0,none,1,1,1,0,Stoke City U21,2017-07-01,220.0,,a,38,0,0,,,,0,0.0,0
25,Watford,129704,Adam Masina,yes,25,38,38,0,0.5993,1005.9,0.0,1005.9,1.0,0.5993,0.0,0,12,0,0,0,0,0,0,2018-07-05,0.5,tier1,1,0,1,0,Bologna,2018-07-02,219.0,,bc,0,0,0,2018-08-11,2019-05-12,,0,0.0,0
25,Watford,129799,Adalberto Peñaranda,yes,27,38,2,36,0.0,0.0,0.0,0.0,,0.0,0.0,0,2,0,0,0,0,10,0,2016-02-04,0.5,tier1,1,0,1,0,Udinese,2016-02-01,219.0,,bc,0,0,0,2018-08-11,2019-05-12,,0,0.0,0
1,West Ham United,383,Winston Reid,yes,25,38,0,38,0.6736,0.0,2303.6,2303.6,0.0,0.6736,0.0,0,12,0,0,0,0,0,0,2010-08-08,0.35,tier2,1,0,1,0,FC Midtjylland,2010-08-05,219.0,,b,0,0,0,2018-08-12,2019-05-12,,0,0.0,0
1,West Ham United,717,Jack Wilshere,yes,26,38,9,29,0.7781,627.5,2030.9,2658.3,0.236,0.5791,0.0,0,12,3,0,0,0,0,0,2018-07-12,0.45,data_club,1,0,1,0,Arsenal,2018-07-09,220.0,,bc,0,0,0,2018-08-12,2019-05-12,,0,0.0,0
1,West Ham United,1452,Manuel Lanzini,yes,26,38,10,28,0.7507,645.9,1891.8,2537.7,0.2545,0.7892,0.0,0,12,0,0,0,0,0,0,2016-07-04,0.25,tier3,1,0,1,0,Al Jazira,2015-07-22,218.0,,bc,0,0,0,2018-08-12,2019-05-12,,0,0.0,0
1,West Ham United,204697,Andrii Yarmolenko,yes,27,38,9,29,0.431,396.7,1124.9,1521.6,0.2607,0.4224,0.0,0,9,0,0,0,0,3,0,2018-07-14,0.5,tier1,1,0,1,0,Borussia Dortmund,2018-07-11,219.0,,bc,0,0,0,2018-08-12,2019-05-12,,0,0.0,0
1,West Ham United,219591,Fabián Balbuena,yes,25,38,27,11,0.862,1699.4,853.3,2552.8,0.6657,0.6953,0.0,0,12,0,0,0,0,0,0,2018-07-17,0.25,tier3,1,0,1,0,Corinthians,2018-07-14,219.0,,bc,0,0,0,2018-08-12,2019-05-12,,0,0.0,0
1,West Ham United,1261,Aaron Cresswell,yes,25,38,27,11,0.8369,1607.7,828.5,2436.2,0.6599,0.9453,0.0,0,12,0,0,0,0,0,0,2014-07-06,0.45,data_club,1,0,1,0,Ipswich Town,2014-07-03,219.0,,bc,0,0,0,2018-08-12,2019-05-12,,0,0.0,0
1,West Ham United,1139,Marko Arnautovic,yes,27,38,28,10,0.8278,2053.8,745.0,2798.9,0.7338,0.6896,0.0,0,12,0,0,0,0,0,0,2017-07-25,0.45,data_club,1,0,1,0,Stoke City,2017-07-22,219.0,,bc,0,0,0,2018-08-12,2019-05-12,,0,0.0,0
1,West Ham United,1043,Carlos Sánchez,yes,26,38,7,31,0.25,253.4,697.4,950.8,0.2665,0.2416,0.0,0,7,0,0,0,0,5,0,2018-08-12,0.5,tier1,1,0,1,0,Fiorentina,2018-08-09,220.0,,bc,0,0,0,2018-08-12,2019-05-12,,0,0.0,0
1,West Ham United,746,Andy Carroll,yes,27,38,16,22,0.2843,371.5,563.0,934.4,0.3975,0.3704,0.0,0,12,0,0,0,0,0,0,2013-07-04,0.45,data_club,1,0,1,0,Liverpool,2012-08-30,218.0,,bc,0,0,0,2018-08-12,2019-05-12,,0,0.0,0
1,West Ham United,4371,Ryan Fredericks,yes,25,38,23,15,0.3851,958.1,519.9,1478.0,0.6483,0.738,0.0,0,12,0,0,0,0,0,0,2018-07-04,0.45,data_club,1,0,1,0,Fulham,2018-07-01,220.0,,bc,0,0,0,2018-08-12,2019-05-12,,0,0.0,0
1,West Ham United,736,Chicharito,yes,27,38,29,9,0.4721,1329.9,382.4,1712.3,0.7767,0.4517,0.0,0,12,0,0,0,0,0,0,2017-07-27,0.5,tier1,1,0,1,0,Bayer 04 Leverkusen,2017-07-24,219.0,,bc,0,0,0,2018-08-12,2019-05-12,,0,0.0,0
1,West Ham United,4801,Lucas Pérez,yes,27,38,24,14,0.2819,557.7,355.2,912.8,0.6109,0.2547,0.0,0,12,0,0,0,0,0,0,2018-08-12,0.45,data_club,1,0,1,0,Arsenal,2018-08-09,219.0,,bc,0,0,0,2018-08-12,2019-05-12,,0,0.0,0
1,West Ham United,237,Pablo Zabaleta,yes,25,38,33,5,0.7725,2360.4,347.6,2708.1,0.8716,0.5396,0.0,0,12,0,0,0,0,0,0,,0.0,none,1,0,0,1,,,,,bc,0,0,0,2018-08-12,2019-05-12,,0,0.0,0
1,West Ham United,160336,Xande Silva,yes,27,38,5,33,0.1084,1.7,321.9,323.6,0.0053,0.0192,0.0,0,5,0,0,0,0,7,0,2018-08-05,0.5,tier1,1,0,1,0,Vitória Guimarães,2018-08-02,219.0,,bc,0,0,0,2018-08-12,2019-05-12,,0,0.0,0
1,West Ham United,156,Mark Noble,yes,26,38,35,3,0.8784,2406.6,237.2,2643.8,0.9103,0.7015,37.6,1,12,0,0,0,0,0,0,,0.0,none,1,0,0,1,,,,West Ham U18,bc,0,0,0,2018-08-12,2019-05-12,,0,0.0,0
1,West Ham United,1416,Angelo Ogbonna,yes,25,38,36,2,1.0,2126.1,180.0,2306.1,0.9219,0.7591,0.0,0,12,0,0,0,0,0,0,2015-07-13,0.5,tier1,1,0,1,0,Juventus,2015-07-10,219.0,,bc,0,0,0,2018-08-12,2019-05-12,,0,0.0,0
1,West Ham United,1922,Michail Antonio,yes,27,38,35,3,0.6267,2020.9,169.2,2190.1,0.9227,0.6985,0.0,0,12,0,0,0,0,0,0,2015-09-04,0.45,data_club,1,0,1,0,Nottingham Forest,2015-09-01,219.0,,bc,0,0,0,2018-08-12,2019-05-12,,0,0.0,0
1,West Ham United,129454,Felipe Anderson,yes,26,38,36,2,0.9199,2757.1,165.6,2922.7,0.9433,0.9199,0.0,0,12,0,0,0,0,0,0,2018-07-18,0.5,tier1,1,0,1,0,Lazio,2018-07-15,219.0,,bc,0,0,0,2018-08-12,2019-05-12,,0,0.0,0
1,West Ham United,5273,Declan Rice,yes,26,38,36,2,0.9007,2964.2,162.1,3126.3,0.9481,0.9859,0.0,0,12,0,0,0,0,0,0,,0.0,none,1,0,0,1,,,,West Ham United U21,bc,0,0,0,2018-08-12,2019-05-12,,0,0.0,0
1,West Ham United,45,Samir Nasri,yes,26,18,9,9,0.1896,93.9,153.6,247.5,0.3795,0.2241,0.0,0,9,0,0,0,0,3,3,,0.0,none,1,0,0,1,,,,,bc,0,0,0,2019-01-02,2019-05-12,,0,0.0,0
1,West Ham United,1941,Arthur Masuaku,yes,25,38,35,3,0.5586,1801.2,150.8,1952.0,0.9227,0.4754,0.0,0,12,0,0,0,0,0,0,2016-08-11,0.35,tier2,1,0,1,0,Olympiacos F.C.,2016-08-08,219.0,,bc,0,0,0,2018-08-12,2019-05-12,,0,0.0,0
1,West Ham United,337588,Grady Diangana,yes,26,38,23,15,0.0991,493.8,133.8,627.6,0.7868,0.1862,0.0,0,12,0,0,0,0,0,0,,0.0,none,1,0,0,1,,,,West Ham United U21,bc,0,0,0,2018-08-12,2019-05-12,,0,0.0,0
1,West Ham United,1517,Pedro Obiang,yes,26,38,34,4,0.3646,1257.8,131.3,1389.1,0.9055,0.3115,0.0,0,12,0,0,0,0,0,0,2015-07-04,0.5,tier1,1,0,1,0,Sampdoria,2015-07-01,219.0,,bc,0,0,0,2018-08-12,2019-05-12,,0,0.0,0
1,West Ham United,870,Robert Snodgrass,yes,26,38,36,2,0.6843,1850.5,123.2,1973.6,0.9376,0.6744,0.0,0,12,0,0,0,0,0,0,2017-01-30,0.45,data_club,1,0,1,0,Hull City,2017-01-27,219.0,,bc,0,0,0,2018-08-12,2019-05-12,,0,0.0,0
1,West Ham United,581199,Ben Johnson,yes,25,38,1,37,0.0151,0.0,50.2,50.2,0.0,0.0557,0.0,0,2,0,0,0,0,10,10,,0.0,none,1,0,0,1,,,,West Ham United U21,bc,0,0,0,2018-08-12,2019-05-12,,0,0.0,0
1,West Ham United,733,Lukasz Fabianski,yes,24,38,38,0,1.0,2835.0,0.0,2835.0,1.0,1.0,0.0,0,12,0,0,0,0,0,0,2018-07-04,0.0,none,1,1,1,0,Swansea City,2018-07-01,219.0,,bc,0,0,0,2018-08-12,2019-05-12,,0,0.0,0
1,West Ham United,1251,Adrián,yes,24,38,38,0,0.0,360.0,0.0,360.0,1.0,0.0,0.0,0,12,0,0,0,0,0,0,2013-07-04,0.0,none,1,1,1,0,Real Betis,2013-07-01,220.0,,bc,0,0,0,2018-08-12,2019-05-12,,0,0.0,0
1,West Ham United,96799,Issa Diop,yes,25,38,38,0,0.75,2857.5,0.0,2857.5,1.0,0.75,0.0,0,12,0,0,0,0,0,0,2018-07-04,0.5,tier1,1,0,1,0,Toulouse,2018-07-01,219.0,,bc,0,0,0,2018-08-12,2019-05-12,,0,0.0,0
1,West Ham United,129017,Nathan Holland,yes,26,5,1,4,0.0,0.0,0.0,0.0,,0.0,0.0,0,1,0,0,0,0,11,11,,0.0,none,1,0,0,1,,,,,bc,0,0,0,2019-04-13,2019-05-12,,0,0.0,0
1,West Ham United,581125,Joe Powell,yes,26,29,1,28,0.0,0.0,0.0,0.0,,0.0,0.0,0,1,0,0,0,0,11,11,,0.0,none,1,0,0,1,,,,,bc,0,0,0,2018-10-27,2019-05-12,,0,0.0,0
1,West Ham United,581197,Conor Coventry,yes,26,29,4,25,0.0,0.0,0.0,0.0,,0.0,0.0,0,4,0,0,0,0,8,8,,0.0,none,1,0,0,1,,,,West Ham United U21,bc,0,0,0,2018-10-27,2019-05-12,,0,0.0,0
29,Wolverhampton Wanderers,7055,Ivan Cavaleiro,yes,27,38,32,6,0.7228,1044.8,390.3,1435.2,0.728,0.1625,0.0,0,12,0,0,0,0,0,0,2016-09-03,0.5,tier1,1,0,1,0,Monaco,2016-08-31,219.0,,bc,0,0,0,2018-08-11,2019-05-12,,0,0.0,0
29,Wolverhampton Wanderers,186426,Jonny,yes,26,38,34,4,0.9224,2541.9,332.1,2873.9,0.8845,0.8143,0.0,0,12,0,0,0,0,0,0,2019-02-03,0.5,tier1,1,0,1,0,Atlético de Madrid,2018-07-26,218.0,,bc,1,1,0,2018-08-11,2019-05-12,,0,0.0,0
29,Wolverhampton Wanderers,159917,Diogo Jota,yes,27,38,33,5,0.7111,2230.0,320.0,2550.0,0.8745,0.8556,0.0,0,12,0,0,0,0,0,0,2018-07-04,0.5,tier1,1,0,1,0,Atlético de Madrid,2017-07-25,218.0,,bc,0,0,0,2018-08-11,2019-05-12,,0,0.0,0
29,Wolverhampton Wanderers,12112,Will Norris,yes,24,38,2,36,0.0834,15.0,270.2,285.2,0.0526,0.0857,0.0,0,12,0,0,0,0,0,0,2017-07-14,0.0,none,1,1,1,0,Cambridge United,2017-07-11,219.0,,bc,0,0,0,2018-08-11,2019-05-12,,0,0.0,0
29,Wolverhampton Wanderers,62423,Leander Dendoncker,yes,26,37,27,10,0.2846,978.0,256.1,1234.2,0.7925,0.8891,0.0,0,12,0,0,0,0,0,0,2018-08-12,0.5,tier1,1,0,1,0,Anderlecht,2018-08-09,218.0,,bc,1,0,0,2018-08-18,2019-05-12,,0,0.0,0
29,Wolverhampton Wanderers,498161,Maximilian Kilman,yes,25,37,6,31,0.0734,0.2,204.7,205.0,0.001,0.0024,0.0,0,6,0,0,0,0,6,0,2018-08-12,0.35,tier2,1,0,1,0,Maidenhead United,2018-08-09,220.0,,bc,1,0,0,2018-08-18,2019-05-12,,0,0.0,0
29,Wolverhampton Wanderers,898,Ryan Bennett,yes,25,38,36,2,1.0,2970.0,180.0,3150.0,0.9429,0.9167,0.0,0,12,0,0,0,0,0,0,2017-07-04,0.45,data_club,1,0,1,0,Norwich City,2017-07-01,220.0,,bc,0,0,0,2018-08-11,2019-05-12,,0,0.0,0
29,Wolverhampton Wanderers,95348,Willy Boly,yes,25,38,36,2,1.0,3239.8,180.0,3419.8,0.9474,0.9976,71.0,1,12,0,0,0,0,0,0,2018-07-04,0.5,tier1,1,0,1,0,Porto,2017-07-08,218.0,,bc,0,0,0,2018-08-11,2019-05-12,,0,0.0,0
29,Wolverhampton Wanderers,7144,Romain Saïss,yes,26,38,34,4,0.3251,1508.8,117.1,1625.9,0.928,0.3892,0.0,0,12,0,0,0,0,0,0,2016-09-02,0.5,tier1,1,0,1,0,Angers SCO,2016-08-30,219.0,,bc,0,0,0,2018-08-11,2019-05-12,,0,0.0,0
29,Wolverhampton Wanderers,158453,Rui Patrício,yes,24,38,37,1,1.0,2744.8,90.0,2834.8,0.9683,0.9976,0.0,0,12,0,0,0,0,0,0,2018-07-04,0.0,none,1,1,1,0,Sporting CP,2018-07-01,219.0,,bc,0,0,0,2018-08-11,2019-05-12,,0,0.0,0
29,Wolverhampton Wanderers,159699,Rúben Neves,yes,26,38,37,1,1.0,3026.1,90.0,3116.1,0.9711,0.8842,0.0,0,12,0,0,0,0,0,0,2017-07-11,0.5,tier1,1,0,1,0,Porto,2017-07-08,219.0,,bc,0,0,0,2018-08-11,2019-05-12,,0,0.0,0
29,Wolverhampton Wanderers,4241,Adama Traoré,yes,27,38,37,1,0.45,1108.5,40.5,1149.0,0.9648,0.2157,0.0,0,12,0,0,0,0,0,0,2018-08-11,0.45,data_club,1,0,1,0,Middlesbrough,2018-08-08,219.0,,bc,0,0,0,2018-08-11,2019-05-12,,0,0.0,0
29,Wolverhampton Wanderers,537514,Rúben Vinagre,yes,25,38,36,2,0.2232,675.7,40.2,715.8,0.9439,0.1857,0.0,0,12,0,0,0,0,0,0,2018-07-04,0.5,tier1,1,0,1,0,Monaco,2017-07-20,218.0,,bc,0,0,0,2018-08-11,2019-05-12,,0,0.0,0
29,Wolverhampton Wanderers,7926,Morgan Gibbs-White,yes,26,38,36,2,0.1706,755.5,30.7,786.2,0.9609,0.1948,0.0,0,12,0,0,0,0,0,0,,0.0,none,1,0,0,1,,,,Wolverhampton U18,bc,0,0,0,2018-08-11,2019-05-12,,0,0.0,0
29,Wolverhampton Wanderers,160116,Léo Bonatini,yes,27,24,19,5,0.0666,339.8,30.0,369.8,0.919,0.0,0.0,0,4,0,0,8,0,0,0,2018-07-04,0.25,tier3,1,0,1,0,Al Hilal,2017-08-01,218.0,,bc,14,0,0,2018-08-11,2019-01-29,,0,0.0,0
29,Wolverhampton Wanderers,6339,Bright Enobakhare,yes,27,3,1,2,0.0762,6.9,13.7,20.6,0.3333,0.0762,0.0,0,12,0,0,0,0,0,0,,0.0,none,1,0,0,1,,,,Wolverhampton U18,bc,35,0,0,2018-08-11,2018-08-25,,0,0.0,0
29,Wolverhampton Wanderers,890,John Ruddy,yes,24,38,37,1,0.0833,645.0,7.5,652.5,0.9885,0.0833,0.0,0,12,0,0,0,0,0,0,2017-07-13,0.0,none,1,1,1,0,Norwich City,2017-07-10,220.0,,c,0,0,0,2018-08-11,2019-05-12,,0,0.0,0
29,Wolverhampton Wanderers,3043,Conor Coady,yes,25,38,38,0,1.0,3420.0,0.0,3420.0,1.0,1.0,0.0,0,12,0,0,0,0,0,0,2015-07-06,0.45,data_club,1,0,1,0,Huddersfield Town,2015-07-03,219.0,,bc,0,0,0,2018-08-11,2019-05-12,,0,0.0,0
29,Wolverhampton Wanderers,3884,Matt Doherty,yes,25,38,38,0,0.852,3206.9,0.0,3206.9,1.0,0.852,0.0,0,12,0,0,0,0,0,0,2010-08-25,0.35,tier2,1,0,1,0,Bohemians,2010-08-22,219.0,,bc,0,0,0,2018-08-11,2019-05-12,,0,0.0,0
29,Wolverhampton Wanderers,6201,Kortney Hause,yes,25,21,11,10,0.0,0.0,0.0,0.0,,0.0,0.0,0,0,0,0,12,0,0,0,2014-02-03,0.45,data_club,1,0,1,0,Wycombe Wanderers,2014-01-31,219.0,,bc,17,0,0,2018-08-11,2019-01-02,,0,0.0,0
29,Wolverhampton Wanderers,6563,Hélder Costa,yes,27,38,38,0,0.0424,1781.1,0.0,1781.1,1.0,0.0424,0.0,0,12,0,0,0,0,0,0,2017-02-02,0.5,tier1,1,0,1,0,Benfica,2016-07-29,218.0,,bc,0,0,0,2018-08-11,2019-05-12,,0,0.0,0
29,Wolverhampton Wanderers,96102,João Moutinho,yes,26,38,38,0,0.9035,2748.9,0.0,2748.9,1.0,0.9035,0.0,0,12,0,0,0,0,0,0,2018-07-27,0.5,tier1,1,0,1,0,Monaco,2018-07-24,219.0,,bc,0,0,0,2018-08-11,2019-05-12,,0,0.0,0
29,Wolverhampton Wanderers,160217,Raúl Jiménez,yes,27,38,38,0,0.9004,2813.0,0.0,2813.0,1.0,0.9004,0.0,0,12,0,0,0,0,0,0,2018-07-04,0.5,tier1,1,0,1,0,Benfica,2018-07-01,218.0,,c,0,0,0,2018-08-11,2019-05-12,,0,0.0,0
29,Wolverhampton Wanderers,580992,Cameron John,yes,25,14,1,13,0.0,0.0,0.0,0.0,,0.0,0.0,0,1,0,0,0,0,11,11,,0.0,none,1,0,0,1,,,,,bc,0,0,0,2019-02-02,2019-05-12,,0,0.0,0
29,Wolverhampton Wanderers,14338473,Ryan Giles,yes,25,25,2,23,0.0,0.0,0.0,0.0,,0.0,0.0,0,2,0,0,0,0,10,10,,0.0,none,1,0,0,1,,,,Wolverhampton U18,bc,0,0,0,2018-11-30,2019-05-12,,0,0.0,0
