team_id,club,player_id,player,name_verified,position_id,E,N,A,xU,NET,NETabsence,RET,NETavailability,xU_asof,sent_off_mins,sent_off_n,slots_actual,slots_carried,slots_unseen,slots_expired,slots_sentoff,slots_empty,slots_empty_filled,arrival_eff,fill,origin_tier,named_anywhere,is_gk,is_import,academy,origin_from,origin_date,origin_type,youth_promo_from,elig_basis,fixtures_blocked_by_transfers,named_in_allowance,named_while_blocked,elig_first,elig_last,data_flag,fixtures_excluded,minutes_excluded,fixtures_force_retained
19,Arsenal,186370,Thomas Partey,yes,26.0,38,24,14,0.9108,1886.6,1147.6,3034.3,0.6218,0.9681,0.0,0,12,0,0,0,0,0,0,2020-10-08,0.5,tier1,1,0,1,0,Atlético de Madrid,2020-10-05,219.0,,bc,0,0,0,2021-08-13,2022-05-22,,0,0.0,0
19,Arsenal,172960,Kieran Tierney,yes,25.0,38,26,12,0.9794,1819.9,1057.7,2877.6,0.6324,0.9966,0.0,0,12,0,0,0,0,0,0,2019-08-11,0.35,tier2,1,0,1,0,Celtic,2019-08-08,219.0,,bc,0,0,0,2021-08-13,2022-05-22,,0,0.0,0
19,Arsenal,310288,Takehiro Tomiyasu,yes,25.0,35,22,13,0.8987,1570.0,1051.4,2621.5,0.5989,0.7452,0.0,0,12,0,0,0,0,0,0,2021-09-03,0.5,tier1,1,0,1,0,Bologna,2021-08-31,219.0,,bc,3,0,0,2021-09-11,2022-05-22,,0,0.0,0
19,Arsenal,1887,Granit Xhaka,yes,26.0,38,27,11,0.8966,2322.1,887.6,3209.6,0.7235,0.974,47.2,1,12,0,0,0,0,0,0,2016-07-04,0.5,tier1,1,0,1,0,Borussia Mönchengladbach,2016-07-01,219.0,,bc,0,0,0,2021-08-13,2022-05-22,,0,0.0,0
19,Arsenal,1177,Calum Chambers,yes,25.0,21,6,15,0.5929,349.8,800.4,1150.2,0.3041,0.4004,0.0,0,12,12,0,0,0,0,0,2014-07-31,0.45,data_club,1,0,1,0,Southampton,2014-07-28,219.0,,bc,17,0,0,2021-08-13,2022-01-23,,0,0.0,0
19,Arsenal,31739,Pierre-Emerick Aubameyang,yes,27.0,21,14,7,0.85,974.0,535.5,1509.5,0.6452,0.876,0.0,0,12,0,0,0,0,0,0,2018-02-03,0.5,tier1,1,0,1,0,Borussia Dortmund,2018-01-31,219.0,,bc,17,0,0,2021-08-13,2022-01-23,,0,0.0,0
19,Arsenal,186159,Pablo Marí,yes,25.0,20,6,14,0.4107,277.5,517.5,795.0,0.3491,0.3333,0.0,0,12,0,0,0,0,0,0,2020-07-04,0.25,tier3,1,0,1,0,Flamengo,2020-01-29,218.0,,bc,18,0,0,2021-08-13,2022-01-01,,0,0.0,0
19,Arsenal,3259,Ben White,yes,25.0,38,34,4,0.9091,2929.9,327.3,3257.2,0.8995,0.8333,0.0,0,12,0,0,0,0,0,0,2021-08-02,0.45,data_club,1,0,1,0,Brighton & Hove Albion,2021-07-30,219.0,,ac,0,0,0,2021-08-13,2022-05-22,,0,0.0,0
19,Arsenal,31661,Sead Kolasinac,yes,25.0,20,4,16,0.1641,45.0,236.4,281.4,0.1599,0.171,0.0,0,8,0,0,0,0,4,0,2017-07-04,0.5,tier1,1,0,1,0,Schalke 04,2017-07-01,220.0,,bc,18,0,0,2021-08-13,2022-01-01,,0,0.0,0
19,Arsenal,95334,Alexandre Lacazette,yes,27.0,38,35,3,0.6781,1859.6,183.1,2042.7,0.9104,0.4567,0.0,0,12,0,0,0,0,0,0,2017-07-08,0.5,tier1,1,0,1,0,Olympique Lyonnais,2017-07-05,219.0,,bc,0,0,0,2021-08-13,2022-05-22,,0,0.0,0
19,Arsenal,97811,Gabriel Magalhães,yes,25.0,38,35,3,0.6667,3002.8,180.0,3182.8,0.9434,0.9661,27.2,1,12,0,0,0,0,0,0,2020-09-04,0.5,tier1,1,0,1,0,LOSC Lille,2020-09-01,219.0,,ac,0,0,0,2021-08-13,2022-05-22,,0,0.0,0
19,Arsenal,1494446,Emile Smith Rowe,yes,26.0,38,35,3,0.6465,2111.2,174.6,2285.8,0.9236,0.49,0.0,0,12,0,0,0,0,0,0,,0.0,none,1,0,0,1,,,,Arsenal U21,bc,0,0,0,2021-08-13,2022-05-22,,0,0.0,0
19,Arsenal,1891,Mohamed Elneny,yes,26.0,38,33,5,0.3411,679.0,153.5,832.5,0.8156,0.5833,0.0,0,12,0,0,0,0,0,0,2016-01-17,0.35,tier2,1,0,1,0,Basel,2016-01-14,219.0,,bc,0,0,0,2021-08-13,2022-05-22,,0,0.0,0
19,Arsenal,10959356,Gabriel Martinelli,yes,27.0,38,36,2,0.8038,1656.5,144.7,1801.2,0.9197,0.7214,0.0,1,12,0,0,0,0,0,0,2019-07-05,0.25,tier3,1,0,1,0,Ituano,2019-07-02,219.0,,bc,0,0,0,2021-08-13,2022-05-22,,0,0.0,0
19,Arsenal,539961,Eddie Nketiah,yes,27.0,38,26,12,0.105,458.2,113.4,571.6,0.8016,0.6802,0.0,0,12,0,0,0,0,0,0,,0.0,none,1,0,0,1,,,,Arsenal U21,bc,0,0,0,2021-08-13,2022-05-22,,0,0.0,0
19,Arsenal,4969702,Folarin Balogun,yes,27.0,20,2,18,0.0644,4.7,104.3,109.0,0.043,0.0,0.0,0,0,0,12,0,0,0,0,,0.0,none,1,0,0,1,,,,Arsenal U21,bc,18,0,0,2021-08-13,2022-01-01,,0,0.0,0
19,Arsenal,1901,Rob Holding,yes,25.0,38,36,2,0.5683,1037.4,102.3,1139.7,0.9102,0.3895,0.0,1,11,0,0,0,1,0,0,2016-07-25,0.45,data_club,1,0,1,0,Bolton Wanderers,2016-07-22,219.0,,bc,0,0,0,2021-08-13,2022-05-22,,0,0.0,0
19,Arsenal,9438,Aaron Ramsdale,yes,24.0,37,36,1,1.0,2475.0,90.0,2565.0,0.9649,1.0,0.0,0,12,0,0,0,0,0,0,2021-08-23,0.0,none,1,1,1,0,Sheffield United,2021-08-20,219.0,,bc,2,1,0,2021-08-22,2022-05-22,,0,0.0,0
19,Arsenal,96656,Nicolas Pepe,yes,27.0,38,35,3,0.2858,1032.3,77.2,1109.5,0.9304,0.1406,0.0,0,12,0,0,0,0,0,0,2019-08-04,0.5,tier1,1,0,1,0,LOSC Lille,2019-08-01,219.0,,bc,0,0,0,2021-08-13,2022-05-22,,0,0.0,0
19,Arsenal,31342,Bernd Leno,yes,24.0,38,33,5,0.1333,825.0,60.0,885.0,0.9322,0.0833,0.0,0,12,0,0,0,0,0,0,2018-07-04,0.0,none,1,1,1,0,Bayer 04 Leverkusen,2018-07-01,219.0,,bc,0,0,0,2021-08-13,2022-05-22,,0,0.0,0
19,Arsenal,4344,Ainsley Maitland-Niles,yes,26.0,20,17,3,0.1936,564.3,52.3,616.6,0.9152,0.1466,0.0,0,12,0,0,0,0,0,0,,0.0,none,1,0,0,1,,,,Arsenal U21,bc,18,0,0,2021-08-13,2022-01-01,,0,0.0,0
19,Arsenal,1362,Cédric Soares,yes,25.0,38,33,5,0.1024,1081.6,46.1,1127.7,0.9592,0.7752,0.0,0,12,0,0,0,0,0,0,2020-07-04,0.45,data_club,1,0,1,0,Southampton,2020-01-31,218.0,,bc,0,0,0,2021-08-13,2022-05-22,,0,0.0,0
19,Arsenal,538907,Albert Sambi Lokonga,yes,26.0,38,37,1,0.51,1330.5,45.9,1376.4,0.9667,0.2113,0.0,0,12,0,0,0,0,0,0,2021-07-22,0.5,tier1,1,0,1,0,Anderlecht,2021-07-19,219.0,,bc,0,0,0,2021-08-13,2022-05-22,,0,0.0,0
19,Arsenal,1899,Héctor Bellerín,yes,25.0,3,1,2,0.2442,29.5,44.0,73.4,0.4014,0.2442,0.0,0,12,0,0,0,0,0,0,,0.0,none,1,0,0,1,,,,Arsenal U21,bc,35,0,0,2021-08-13,2021-08-28,,0,0.0,0
19,Arsenal,537759,Reiss Nelson,yes,27.0,3,2,1,0.0885,14.1,8.0,22.0,0.6383,0.0885,0.0,0,8,0,0,0,0,4,4,,0.0,none,1,0,0,1,,,,Arsenal U21,bc,35,0,0,2021-08-13,2021-08-28,,0,0.0,0
19,Arsenal,26823,Martin Ødegaard,yes,26.0,36,36,0,0.9687,2581.9,0.0,2581.9,1.0,0.9687,0.0,0,12,0,0,0,0,0,0,2021-08-23,0.5,tier1,1,0,1,0,Real Madrid,2021-01-27,218.0,,ac,1,0,0,2021-08-28,2022-05-22,,0,0.0,0
19,Arsenal,7026564,Zak Swanson,yes,25.0,15,15,0,0.0,0.0,0.0,0.0,,0.0,0.0,0,12,0,0,0,0,0,0,,0.0,none,1,0,0,1,,,,,bc,0,0,0,2022-02-24,2022-05-22,,0,0.0,0
19,Arsenal,9308193,Nuno Tavares,yes,25.0,38,38,0,0.5043,1129.9,0.0,1129.9,1.0,0.5043,0.0,0,12,0,0,0,0,0,0,2021-07-13,0.5,tier1,1,0,1,0,Benfica,2021-07-10,219.0,,bc,0,0,0,2021-08-13,2022-05-22,,0,0.0,0
19,Arsenal,16827155,Bukayo Saka,yes,27.0,38,38,0,0.9045,2789.4,0.0,2789.4,1.0,0.9045,0.0,0,12,0,0,0,0,0,0,,0.0,none,1,0,0,1,,,,Arsenal U21,ac,0,0,0,2021-08-13,2022-05-22,,0,0.0,0
19,Arsenal,17544737,William Saliba,yes,25.0,0,0,0,0.0,0.0,0.0,0.0,,0.0,0.0,0,0,0,0,0,0,12,0,2019-07-28,0.5,tier1,0,0,1,0,Saint-Étienne,2019-07-25,219.0,,a,38,0,0,,,,0,0.0,0
19,Arsenal,21428649,Arthur Okonkwo,yes,24.0,36,7,29,0.0,0.0,0.0,0.0,,0.0,0.0,0,7,0,0,0,0,5,5,,0.0,none,1,1,0,1,,,,Arsenal U21,bc,0,0,0,2021-08-28,2022-05-22,,0,0.0,0
19,Arsenal,22897102,Karl Hein,yes,24.0,21,1,20,0.0,0.0,0.0,0.0,,0.0,0.0,0,1,0,0,6,0,5,0,2018-07-04,0.0,none,1,1,1,0,Nomme United,2018-07-01,219.0,Arsenal U21,bc,17,0,0,2021-08-13,2022-01-23,,0,0.0,0
19,Arsenal,28575712,Mazeed Ogungbo,yes,25.0,10,2,8,0.0,0.0,0.0,0.0,,0.0,0.0,0,2,0,0,0,0,10,10,,0.0,none,1,0,0,1,,,,,bc,0,0,0,2022-04-04,2022-05-22,,0,0.0,0
19,Arsenal,28575730,Charlie Patino,yes,26.0,20,6,14,0.0,0.0,0.0,0.0,,0.0,0.0,0,6,0,0,0,0,6,6,,0.0,none,1,0,0,1,,,,,bc,0,0,0,2021-12-26,2022-05-22,,0,0.0,0
19,Arsenal,28912714,Ryan Alebiosu,yes,26.0,18,1,17,0.0,0.0,0.0,0.0,,0.0,0.0,0,1,0,0,0,0,11,11,,0.0,none,1,0,0,1,,,,,bc,0,0,0,2022-01-23,2022-05-22,,0,0.0,0
19,Arsenal,28912729,Miguel Azeez,yes,26.0,38,4,34,0.0,0.0,0.0,0.0,,0.0,0.0,0,5,0,0,0,0,7,7,,0.0,none,1,0,0,1,,,,,bc,0,0,0,2021-08-13,2022-05-22,,0,0.0,0
19,Arsenal,28912753,Mika Biereth,yes,27.0,18,1,17,0.0,0.0,0.0,0.0,,0.0,0.0,0,1,0,0,0,0,11,11,,0.0,none,1,0,0,1,,,,,bc,0,0,0,2022-01-23,2022-05-22,,0,0.0,0
19,Arsenal,37259173,Alex Kirk,yes,25.0,5,1,4,0.0,0.0,0.0,0.0,,0.0,0.0,0,1,0,0,0,0,11,11,,0.0,none,1,0,0,1,,,,,bc,0,0,0,2022-05-01,2022-05-22,,0,0.0,0
19,Arsenal,37298059,Zach Awe,yes,25.0,17,1,16,0.0,0.0,0.0,0.0,,0.0,0.0,0,1,0,0,0,0,11,11,,0.0,none,1,0,0,1,,,,,bc,0,0,0,2022-02-10,2022-05-22,,0,0.0,0
19,Arsenal,37326087,Marcelo Flores,yes,26.0,10,1,9,0.0,0.0,0.0,0.0,,0.0,0.0,0,1,0,0,0,0,11,11,,0.0,none,1,0,0,1,,,,,bc,0,0,0,2022-04-04,2022-05-22,,0,0.0,0
19,Arsenal,37430352,Salah-Eddine Oulad,yes,26.0,18,5,13,0.0,0.0,0.0,0.0,,0.0,0.0,0,5,0,0,0,0,7,7,,0.0,none,1,0,0,1,,,,,bc,0,0,0,2022-01-23,2022-05-22,,0,0.0,0
19,Arsenal,37536911,Omari Hutchinson,yes,26.0,18,8,10,0.0,0.0,0.0,0.0,,0.0,0.0,0,8,0,0,0,0,4,4,,0.0,none,1,0,0,1,,,,,bc,0,0,0,2022-01-23,2022-05-22,,0,0.0,0
15,Aston Villa,4254,Bertrand Traoré,yes,27.0,38,19,19,0.5491,674.8,938.9,1613.8,0.4182,0.0651,0.0,0,12,0,0,0,0,0,0,2020-09-22,0.5,tier1,1,0,1,0,Olympique Lyonnais,2020-09-19,219.0,,bc,0,0,0,2021-08-14,2022-05-22,,0,0.0,0
15,Aston Villa,25126,Marvelous Nakamba,yes,26.0,38,24,14,0.579,940.9,729.5,1670.5,0.5633,0.4219,0.0,0,12,0,0,0,0,0,0,2019-08-04,0.5,tier1,1,0,1,0,Club Brugge,2019-08-01,219.0,,bc,0,0,0,2021-08-14,2022-05-22,,0,0.0,0
15,Aston Villa,33716,Leon Bailey,yes,26.0,38,20,18,0.3761,659.9,609.3,1269.2,0.52,0.3472,0.0,0,12,0,0,0,0,0,0,2021-08-07,0.5,tier1,1,0,1,0,Bayer 04 Leverkusen,2021-08-04,219.0,,bc,0,0,0,2021-08-14,2022-05-22,,0,0.0,0
15,Aston Villa,62879,Trézéguet,yes,26.0,21,4,17,0.3926,137.7,600.6,738.3,0.1865,0.342,0.0,0,12,0,0,0,0,0,0,2019-07-27,0.35,tier2,1,0,1,0,Kasımpaşa,2019-07-24,219.0,,bc,17,0,0,2021-08-14,2022-01-22,,0,0.0,0
15,Aston Villa,7124,Ezri Konsa,yes,25.0,38,32,6,0.8691,2657.9,469.3,3127.2,0.8499,0.685,37.3,2,11,0,0,0,1,0,0,2019-07-14,0.45,data_club,1,0,1,0,Brentford,2019-07-11,219.0,,bc,0,0,0,2021-08-14,2022-05-22,,0,0.0,0
15,Aston Villa,1450,Danny Ings,yes,27.0,38,33,5,0.8077,2063.0,363.5,2426.5,0.8502,0.5468,0.0,0,12,0,0,0,0,0,0,2021-08-07,0.45,data_club,1,0,1,0,Southampton,2021-08-04,219.0,,bc,0,0,0,2021-08-14,2022-05-22,,0,0.0,0
15,Aston Villa,225000,Douglas Luiz,yes,26.0,38,34,4,0.8061,2588.2,290.2,2878.4,0.8992,0.8303,0.0,0,12,0,0,0,0,0,0,2019-07-28,0.45,data_club,1,0,1,0,Manchester City,2019-07-25,219.0,,bc,0,0,0,2021-08-14,2022-05-22,,0,0.0,0
15,Aston Villa,12145,Ollie Watkins,yes,27.0,38,35,3,1.0,2968.6,270.0,3238.6,0.9166,0.9645,0.0,0,12,0,0,0,0,0,0,2020-09-12,0.45,data_club,1,0,1,0,Brentford,2020-09-09,219.0,,bc,0,0,0,2021-08-14,2022-05-22,,0,0.0,0
15,Aston Villa,172611,John McGinn,yes,26.0,38,35,3,0.9961,3080.1,268.9,3349.0,0.9197,1.0,0.0,0,12,0,0,0,0,0,0,2018-08-11,0.35,tier2,1,0,1,0,Hibernian,2018-08-08,219.0,,ac,0,0,0,2021-08-14,2022-05-22,,0,0.0,0
15,Aston Villa,96090,Morgan Sanson,yes,26.0,38,27,11,0.2579,552.6,255.3,808.0,0.684,0.1238,0.0,0,12,0,0,0,0,0,0,2021-01-29,0.5,tier1,1,0,1,0,Olympique Marseille,2021-01-26,219.0,,bc,0,0,0,2021-08-14,2022-05-22,,0,0.0,0
15,Aston Villa,95368,Lucas Digne,yes,25.0,19,16,3,0.855,1261.5,230.8,1492.3,0.8453,0.8399,0.0,0,12,0,0,0,0,0,0,2022-01-16,0.45,data_club,1,0,1,0,Everton,2022-01-13,219.0,,bc,20,1,0,2022-01-15,2022-05-22,,0,0.0,0
15,Aston Villa,4579,Keinan Davis,yes,27.0,18,6,12,0.2036,105.1,219.9,325.0,0.3235,0.0,0.0,0,0,0,12,0,0,0,0,,0.0,none,1,0,0,1,,,,Aston Villa U21,bc,20,0,0,2021-08-14,2021-12-26,,0,0.0,0
15,Aston Villa,900742746,Caleb Chukwuemeka,yes,,19,0,19,0.1197,0.0,204.7,204.7,0.0,0.0,0.0,0,0,0,0,0,0,12,0,2021-08-19,0.35,unknown+override,0,0,1,0,Northampton,2021-08-16,219.0,,b,19,0,0,2021-08-21,2022-05-22,,0,0.0,0
15,Aston Villa,11705406,Jacob Ramsey,yes,26.0,38,35,3,0.7543,2119.0,203.7,2322.7,0.9123,0.8739,0.0,0,12,0,0,0,0,0,0,,0.0,none,1,0,0,1,,,,Aston Villa U21,bc,0,0,0,2021-08-14,2022-05-22,,0,0.0,0
15,Aston Villa,1343,Emiliano Martínez,yes,24.0,38,36,2,1.0,3240.0,180.0,3420.0,0.9474,1.0,0.0,0,12,0,0,0,0,0,0,2020-09-19,0.0,none,1,1,1,0,Arsenal,2020-09-16,219.0,,bc,0,0,0,2021-08-14,2022-05-22,,0,0.0,0
15,Aston Villa,1094,Tyrone Mings,yes,25.0,38,36,2,0.9766,3189.4,175.8,3365.2,0.9478,1.0,0.0,0,12,0,0,0,0,0,0,2019-07-11,0.45,data_club,1,0,1,0,AFC Bournemouth,2019-01-31,218.0,,ac,0,0,0,2021-08-14,2022-05-22,,0,0.0,0
15,Aston Villa,28912777,Cameron Archer,yes,27.0,21,12,9,0.198,278.0,160.4,438.3,0.6341,0.45,0.0,0,0,0,12,0,0,0,0,,0.45,data_club,1,0,1,0,Sheffield United,2024-07-11,219.0,Aston Villa U21,bc,17,0,0,2021-08-14,2022-01-22,,0,0.0,0
15,Aston Villa,6201,Kortney Hause,yes,25.0,38,26,12,0.1289,610.9,139.2,750.1,0.8145,0.1289,0.0,0,12,0,0,0,0,0,0,2019-07-04,0.45,data_club,1,0,1,0,Wolverhampton Wanderers,2019-01-07,218.0,,bc,0,0,0,2021-08-14,2022-05-22,,0,0.0,0
15,Aston Villa,1387,Matt Targett,yes,25.0,21,20,1,0.9485,1615.2,85.4,1700.6,0.9498,1.0,0.0,0,12,12,0,0,0,0,0,2019-07-04,0.45,data_club,1,0,1,0,Southampton,2019-07-01,219.0,,bc,17,0,0,2021-08-14,2022-01-22,,0,0.0,0
15,Aston Villa,165,Ashley Young,yes,25.0,38,36,2,0.4299,1423.6,77.4,1501.0,0.9484,0.3562,0.0,0,12,0,0,0,0,0,0,2021-07-04,0.5,tier1,1,0,1,0,Watford,2007-01-23,219.0,,bc,0,0,0,2021-08-14,2022-05-22,,0,0.0,0
15,Aston Villa,4391,Axel Tuanzebe,yes,25.0,19,17,2,0.4144,784.2,74.6,858.8,0.9131,0.222,0.0,0,12,0,0,0,0,0,0,2021-08-11,0.45,data_club,1,0,1,0,Manchester United,2018-01-25,218.0,,bc,19,0,0,2021-08-14,2022-01-02,,0,0.0,0
15,Aston Villa,31626713,Carney Chukwuemeka,yes,26.0,38,31,7,0.0966,256.8,60.8,317.6,0.8085,0.1001,0.0,0,12,0,0,0,0,0,0,,0.0,none,1,0,0,1,,,,Aston Villa U21,bc,0,0,0,2021-08-14,2022-05-22,,0,0.0,0
15,Aston Villa,186660,Emiliano Buendía,yes,26.0,38,37,1,0.5598,1845.3,50.4,1895.7,0.9734,0.4335,0.0,0,12,0,0,0,0,0,0,2021-07-04,0.45,data_club,1,0,1,0,Norwich City,2021-07-01,219.0,,ac,0,0,0,2021-08-14,2022-05-22,,0,0.0,0
15,Aston Villa,33186827,Jaden Philogene,yes,26.0,20,9,11,0.0269,46.7,26.6,73.3,0.6374,0.35,0.0,0,0,0,12,0,0,0,0,,0.35,tier2,1,0,1,0,Hull City,2024-07-19,219.0,Aston Villa U21,bc,18,0,0,2021-08-14,2022-01-15,,0,0.0,0
15,Aston Villa,25354,Anwar El Ghazi,yes,26.0,19,18,1,0.1266,803.3,11.4,814.7,0.986,0.199,0.0,0,12,10,0,0,0,0,0,2019-07-04,0.5,tier1,1,0,1,0,LOSC Lille,2018-08-22,218.0,,bc,19,0,0,2021-08-14,2022-01-02,,0,0.0,0
15,Aston Villa,62865,Wesley,yes,27.0,4,2,2,0.0275,4.2,4.9,9.1,0.4585,0.0275,0.0,0,9,0,0,0,0,3,0,2019-07-04,0.5,tier1,1,0,1,0,Club Brugge,2019-07-01,219.0,,bc,34,0,0,2021-08-14,2022-01-02,,0,0.0,0
15,Aston Villa,37259239,Tim Iroegbunam,yes,26.0,24,22,2,0.0031,45.4,0.6,46.0,0.988,0.0827,0.0,0,12,0,0,0,0,0,0,,0.0,none,1,0,0,1,,,,Aston Villa U21,bc,0,0,0,2021-12-05,2022-05-22,,0,0.0,0
15,Aston Villa,810,Philippe Coutinho,yes,26.0,19,19,0,0.7429,1203.8,0.0,1203.8,1.0,0.7429,0.0,0,12,0,0,0,0,0,0,2022-01-10,0.5,tier1,1,0,1,0,FC Barcelona,2022-01-07,218.0,,bc,19,0,0,2022-01-15,2022-05-22,,0,0.0,0
15,Aston Villa,957,Jed Steer,yes,24.0,21,19,2,0.0,90.0,0.0,90.0,1.0,0.0,0.0,0,6,0,0,6,0,0,0,2013-07-04,0.0,none,1,1,1,0,Norwich City,2013-07-01,219.0,,bc,17,0,0,2021-08-14,2022-01-22,,0,0.0,0
15,Aston Villa,1177,Calum Chambers,yes,25.0,17,17,0,0.5171,821.6,0.0,821.6,1.0,0.5171,0.0,0,12,0,0,0,0,0,0,2022-01-30,0.45,data_club,1,0,1,0,Arsenal,2022-01-27,220.0,,bc,21,0,0,2022-02-09,2022-05-22,,0,0.0,0
15,Aston Villa,3371,Conor Hourihane,yes,26.0,3,2,1,0.0,0.0,0.0,0.0,,0.0,0.0,0,0,0,0,12,0,0,0,2017-01-29,0.45,data_club,1,0,1,0,Barnsley,2017-01-26,219.0,,bc,35,0,0,2021-08-14,2021-08-28,,0,0.0,0
15,Aston Villa,6524,Matty Cash,yes,25.0,38,38,0,1.0,3269.1,0.0,3269.1,1.0,1.0,0.0,0,12,0,0,0,0,0,0,2020-09-06,0.45,data_club,1,0,1,0,Nottingham Forest,2020-09-03,219.0,,ac,0,0,0,2021-08-14,2022-05-22,,0,0.0,0
15,Aston Villa,84540,Robin Olsen,yes,24.0,18,18,0,0.0833,0.0,0.0,0.0,,0.0833,0.0,0,12,0,0,0,0,0,0,2022-01-21,0.0,none,1,1,1,0,Roma,2022-01-18,218.0,,bc,20,0,0,2022-01-22,2022-05-22,,0,0.0,0
15,Aston Villa,96575,Frédéric Guilbert,yes,25.0,3,1,2,0.0,0.0,0.0,0.0,,0.0,0.0,0,9,0,0,0,0,3,0,2019-02-03,0.5,tier1,1,0,1,0,Caen,2019-01-31,219.0,,bc,35,0,0,2021-08-14,2021-08-28,,0,0.0,0
15,Aston Villa,529045,Viljami Sinisalo,yes,24.0,35,2,33,0.0,0.0,0.0,0.0,,0.0,0.0,0,2,0,0,0,0,10,10,,0.0,none,1,1,0,1,,,,Aston Villa U21,bc,0,0,0,2021-09-11,2022-05-22,,0,0.0,0
15,Aston Villa,28575720,Filip Marschall,yes,24.0,5,1,4,0.0,0.0,0.0,0.0,,0.0,0.0,0,1,0,0,0,0,11,11,,0.0,none,1,1,0,1,,,,Aston Villa U21,bc,17,0,0,2021-12-14,2022-01-22,,0,0.0,0
15,Aston Villa,28912768,Aaron Ramsey,yes,26.0,17,3,14,0.0,0.0,0.0,0.0,,0.0,0.0,0,3,0,0,0,0,9,9,,0.0,none,1,0,0,1,,,,,bc,19,0,0,2021-08-28,2022-01-02,,0,0.0,0
15,Aston Villa,28912779,Kaine Kesler-Hayden,yes,25.0,38,2,36,0.0,0.0,0.0,0.0,,0.0,0.0,0,6,0,0,0,0,6,6,,0.0,none,1,0,0,1,,,,Aston Villa U21,bc,0,0,0,2021-08-14,2022-05-22,,0,0.0,0
15,Aston Villa,37282898,Ben Chrisene,yes,25.0,17,7,10,0.0,0.0,0.0,0.0,,0.0,0.0,0,7,0,0,0,0,5,5,,0.0,none,1,0,0,1,,,,,bc,0,0,0,2022-02-09,2022-05-22,,0,0.0,0
15,Aston Villa,37536795,Sil Swinkels,yes,25.0,38,0,38,0.0,0.0,0.0,0.0,,0.0,0.0,0,0,0,0,0,0,12,0,2020-08-06,0.0,unknown+override,0,0,1,0,Vitesse U17,2020-08-03,219.0,,b,0,0,0,2021-08-14,2022-05-22,,0,0.0,0
15,Aston Villa,37539349,Lamare Bogarde,yes,26.0,33,1,32,0.0,0.0,0.0,0.0,,0.0,0.0,0,1,0,0,0,0,11,11,,0.0,none,1,0,0,1,,,,Aston Villa U21,c,0,0,0,2021-09-25,2022-05-22,,0,0.0,0
15,Aston Villa,37547541,Tommi O'Reilly,yes,26.0,14,4,10,0.0,0.0,0.0,0.0,,0.0,0.0,0,4,0,0,0,0,8,8,,0.0,none,1,0,0,1,,,,,bc,0,0,0,2022-02-26,2022-05-22,,0,0.0,0
15,Aston Villa,37564717,Josh Feeney,yes,26.0,38,3,35,0.0,0.0,0.0,0.0,,0.0,0.0,0,3,0,0,0,0,9,0,2021-07-09,0.0,unknown+override,1,0,1,0,Fleetwood U18,2021-07-06,219.0,,bc,0,0,0,2021-08-14,2022-05-22,,0,0.0,0
15,Aston Villa,900698097,Hayden Lindley,yes,,0,0,0,0.0,0.0,0.0,0.0,,0.0,0.0,0,0,0,0,0,0,12,12,,0.0,none,0,0,0,1,,,,,,0,0,0,,,,0,0.0,0
236,Brentford,6022,Tariqe Fosu,yes,26.0,38,8,30,0.4994,326.9,1348.3,1675.2,0.1952,0.2321,0.0,0,12,0,0,0,0,0,0,2020-02-03,0.45,data_club,1,0,1,0,Oxford United,2020-01-31,219.0,,bc,0,0,0,2021-08-13,2022-05-22,,0,0.0,0
236,Brentford,3130,David Raya,yes,24.0,38,24,14,1.0,2160.0,1260.0,3420.0,0.6316,1.0,0.0,0,12,0,0,0,0,0,0,2019-07-09,0.0,none,1,1,1,0,Blackburn Rovers,2019-07-06,219.0,,bc,0,0,0,2021-08-13,2022-05-22,,0,0.0,0
236,Brentford,24613,Zanka,yes,25.0,35,14,21,0.4419,498.0,835.1,1333.1,0.3735,0.4735,0.0,0,12,0,0,0,0,0,0,2021-09-12,0.35,tier2,1,0,1,0,Fenerbahçe,2021-09-09,220.0,,bc,4,1,0,2021-09-11,2022-05-22,,0,0.0,0
236,Brentford,151418,Kristoffer Ajer,yes,25.0,38,27,11,0.58,1627.9,574.2,2202.1,0.7392,0.8822,0.0,0,12,0,0,0,0,0,0,2021-07-24,0.35,tier2,1,0,1,0,Celtic,2021-07-21,219.0,,ac,0,0,0,2021-08-13,2022-05-22,,0,0.0,0
236,Brentford,84594,Mads Bech,yes,25.0,38,25,13,0.4868,825.7,569.6,1395.3,0.5918,0.4192,0.0,0,12,0,0,0,0,0,0,,0.0,none,1,0,0,1,,,,,bc,0,0,0,2021-08-13,2022-05-22,,0,0.0,0
236,Brentford,15665,Ethan Pinnock,yes,25.0,38,32,6,0.9305,2660.9,502.5,3163.3,0.8412,0.9347,0.0,0,12,0,0,0,0,0,0,2019-07-05,0.45,data_club,1,0,1,0,Barnsley,2019-07-02,219.0,,bc,0,0,0,2021-08-13,2022-05-22,,0,0.0,0
236,Brentford,4341,Ivan Toney,yes,27.0,38,33,5,1.0,2873.8,450.0,3323.8,0.8646,0.9447,0.0,0,12,0,0,0,0,0,0,2020-09-04,0.45,data_club,1,0,1,0,Peterborough United,2020-09-01,219.0,,bc,0,0,0,2021-08-13,2022-05-22,,0,0.0,0
236,Brentford,36633,Vitaly Janelt,yes,26.0,38,32,6,0.823,2297.5,444.4,2742.0,0.8379,0.7712,0.0,0,12,0,0,0,0,0,0,2020-10-06,0.5,tier1,1,0,1,0,VfL Bochum 1848,2020-10-03,219.0,,ac,0,0,0,2021-08-13,2022-05-22,,0,0.0,0
236,Brentford,537108,Frank Onyeka,yes,26.0,38,26,12,0.4051,1109.8,437.5,1547.3,0.7172,0.2921,0.0,0,12,0,0,0,0,0,0,2021-07-23,0.35,tier2,1,0,1,0,FC Midtjylland,2021-07-20,219.0,,bc,0,0,0,2021-08-13,2022-05-22,,0,0.0,0
236,Brentford,7993,Rico Henry,yes,25.0,38,34,4,0.9285,2752.2,334.3,3086.4,0.8917,0.9498,0.0,0,12,0,0,0,0,0,0,2016-09-03,0.35,tier2,1,0,1,0,Walsall,2016-08-31,219.0,,ac,0,0,0,2021-08-13,2022-05-22,,0,0.0,0
236,Brentford,9274,Charlie Goode,yes,25.0,23,12,11,0.3152,207.6,312.1,519.6,0.3995,0.4884,0.0,0,6,0,0,5,1,0,0,2020-08-22,0.35,tier2,1,0,1,0,Northampton Town,2020-08-19,219.0,,bc,15,0,0,2021-08-13,2022-01-22,,0,0.0,0
236,Brentford,339093,Josh Dasilva,yes,26.0,15,10,5,0.654,489.6,294.3,783.9,0.6246,0.3326,49.4,1,11,0,0,0,1,0,0,2018-08-24,0.0,tier2+override,1,0,1,0,Arsenal U21,2018-08-21,220.0,,c,0,0,0,2022-02-09,2022-05-22,,0,0.0,0
236,Brentford,5007,Sergi Canós,yes,27.0,38,33,5,0.6164,2278.0,277.4,2555.4,0.8914,0.498,29.2,1,11,0,0,0,1,0,0,2017-02-03,0.45,data_club,1,0,1,0,Liverpool U21,2015-08-31,218.0,,bc,0,0,0,2021-08-13,2022-05-22,,0,0.0,0
236,Brentford,31609,Christian Nørgaard,yes,26.0,38,35,3,0.9523,3000.1,257.1,3257.2,0.9211,0.936,0.0,0,12,0,0,0,0,0,0,2019-07-04,0.5,tier1,1,0,1,0,Fiorentina,2019-07-01,219.0,,bc,0,0,0,2021-08-13,2022-05-22,,0,0.0,0
236,Brentford,187068,Álvaro Fernández,yes,24.0,37,31,6,0.3889,1072.5,210.0,1282.5,0.8363,0.0833,0.0,0,12,0,0,0,0,0,0,2021-08-20,0.0,none,1,1,1,0,Huesca,2021-08-17,218.0,,bc,1,0,0,2021-08-21,2022-05-22,,0,0.0,0
236,Brentford,84426,Mathias Jensen,yes,26.0,38,35,3,0.6813,1701.3,184.0,1885.3,0.9024,0.4938,0.0,0,12,0,0,0,0,0,0,2019-07-13,0.5,tier1,1,0,1,0,Celta de Vigo,2019-07-10,219.0,,ac,0,0,0,2021-08-13,2022-05-22,,0,0.0,0
236,Brentford,992,Christian Eriksen,yes,26.0,15,11,4,0.4571,516.7,164.5,681.2,0.7585,0.8699,0.0,0,11,0,0,0,0,1,0,2022-02-03,0.5,unknown+override,1,0,1,0,TBC,2022-01-31,219.0,,bc,23,0,0,2022-02-09,2022-05-22,,0,0.0,0
236,Brentford,529689,Bryan Mbeumo,yes,27.0,38,36,2,0.8255,2680.3,148.6,2828.9,0.9475,0.9504,0.0,0,12,0,0,0,0,0,0,2019-08-08,0.5,tier1,1,0,1,0,Troyes,2019-08-05,219.0,,bc,0,0,0,2021-08-13,2022-05-22,,0,0.0,0
236,Brentford,32408,Jonas Lössl,yes,24.0,19,12,7,0.1667,127.5,105.0,232.5,0.5484,0.1667,0.0,0,12,0,0,0,0,0,0,2022-01-04,0.0,none,1,1,1,0,FC Midtjylland,2022-01-01,218.0,,bc,19,0,0,2022-01-11,2022-05-22,,0,0.0,0
236,Brentford,6970,Pontus Jansson,yes,25.0,38,37,1,1.0,3316.8,90.0,3406.8,0.9736,1.0,0.0,0,12,0,0,0,0,0,0,2019-07-11,0.45,data_club,1,0,1,0,Leeds United,2019-07-08,219.0,,bc,0,0,0,2021-08-13,2022-05-22,,0,0.0,0
236,Brentford,456067,Mads Roerslev,yes,25.0,38,36,2,0.4847,1559.6,87.2,1646.8,0.947,0.3184,0.0,0,12,0,0,0,0,0,0,2019-08-10,0.35,tier2,1,0,1,0,FC København,2019-08-07,219.0,,bc,0,0,0,2021-08-13,2022-05-22,,0,0.0,0
236,Brentford,96928,Yoane Wissa,yes,27.0,38,33,5,0.1903,1180.6,85.7,1266.3,0.9324,0.5593,0.0,0,12,0,0,0,0,0,0,2021-08-13,0.5,tier1,1,0,1,0,Lorient,2021-08-10,219.0,,bc,0,0,0,2021-08-13,2022-05-22,,0,0.0,0
236,Brentford,191286,Saman Ghoddos,yes,27.0,38,33,5,0.1694,617.3,76.2,693.5,0.8901,0.1794,0.0,0,12,0,0,0,0,0,0,2021-01-17,0.5,tier1,1,0,1,0,Amiens SC,2020-09-21,218.0,,bc,0,0,0,2021-08-13,2022-05-22,,0,0.0,0
236,Brentford,16496779,Dominic Thompson,yes,25.0,23,13,10,0.0761,73.1,68.5,141.7,0.5163,0.1337,0.0,0,12,0,0,0,0,0,0,2019-08-11,0.0,tier2,1,0,1,0,Arsenal U21,2019-08-08,219.0,,bc,15,0,0,2021-08-13,2022-01-22,,0,0.0,0
236,Brentford,2510251,Shandon Baptiste,yes,26.0,38,32,6,0.1108,869.3,59.8,929.1,0.9356,0.0653,0.0,1,12,0,0,0,0,0,0,2020-02-03,0.45,data_club,1,0,1,0,Oxford United,2020-01-31,219.0,,bc,0,0,0,2021-08-13,2022-05-22,,0,0.0,0
236,Brentford,12790114,Mads Bidstrup,yes,26.0,23,18,5,0.1185,142.3,53.3,195.6,0.7274,0.016,0.0,0,12,0,0,0,0,0,0,,0.0,none,1,0,0,1,,,,,bc,15,0,0,2021-08-13,2022-01-22,,0,0.0,0
236,Brentford,28912806,Max Haygarth,yes,26.0,38,1,37,0.0051,0.5,17.1,17.6,0.0263,0.0051,0.0,0,6,0,0,0,0,6,6,,0.0,none,1,0,0,1,,,,,bc,0,0,0,2021-08-13,2022-05-22,,0,0.0,0
236,Brentford,37536520,Fin Stevens,yes,25.0,38,23,15,0.0123,24.3,16.6,40.9,0.5941,0.0,0.0,0,12,0,0,0,0,0,0,,0.0,none,1,0,0,1,,,,,bc,0,0,0,2021-08-13,2022-05-22,,0,0.0,0
236,Brentford,37316172,Nathan Young-Coombes,yes,27.0,24,8,16,0.0003,0.5,0.5,0.9,0.5,0.0053,0.0,0,8,0,0,0,0,4,4,,0.0,none,1,0,0,1,,,,,bc,0,0,0,2021-12-05,2022-05-22,,0,0.0,0
236,Brentford,7306,Ellery Balcombe,yes,24.0,4,0,4,0.0,0.0,0.0,0.0,,0.0,0.0,0,1,0,0,0,0,11,11,,0.0,none,1,1,0,1,,,,,a,34,0,0,2022-01-11,2022-01-22,,0,0.0,0
236,Brentford,62546,Julian Jeanvier,yes,25.0,38,6,32,0.0,0.0,0.0,0.0,,0.0,0.0,0,6,0,0,0,0,6,0,2018-08-02,0.5,tier1,1,0,1,0,Reims,2018-07-30,219.0,,bc,0,0,0,2021-08-13,2022-05-22,,0,0.0,0
236,Brentford,527450,Patrik Gunnarsson,yes,24.0,6,1,5,0.0,0.0,0.0,0.0,,0.0,0.0,0,1,0,0,0,0,11,0,2018-07-14,0.0,none,1,1,1,0,Breidablik,2018-07-11,219.0,,bc,32,0,0,2021-08-13,2022-01-16,,0,0.0,0
236,Brentford,581113,Marcus Forss,yes,27.0,23,23,0,0.0,558.1,0.0,558.1,1.0,0.0,0.0,0,0,0,12,0,0,0,0,,0.0,none,1,0,0,1,,,,,bc,15,0,0,2021-08-13,2022-01-22,,0,0.0,0
236,Brentford,3877087,Halil Dervisoglu,yes,27.0,3,3,0,0.0,0.0,0.0,0.0,,0.0,0.0,0,4,0,0,0,0,8,0,2020-01-06,0.5,tier1,1,0,1,0,Sparta Rotterdam,2020-01-03,219.0,,bc,35,0,0,2021-08-13,2021-08-28,,0,0.0,0
236,Brentford,8403173,Paris Maghoma,yes,26.0,31,4,27,0.0,0.0,0.0,0.0,,0.0,0.0,0,4,0,0,0,0,8,8,,0.0,none,1,0,0,1,,,,,bc,0,0,0,2021-10-16,2022-05-22,,0,0.0,0
236,Brentford,31238191,Myles Peart-Harris,yes,26.0,38,4,34,0.0,0.0,0.0,0.0,,0.0,0.0,0,4,0,0,0,0,8,0,2021-07-26,0.0,tier2,1,0,1,0,Chelsea U21,2021-07-23,219.0,,bc,0,0,0,2021-08-13,2022-05-22,,0,0.0,0
236,Brentford,37391634,Matthew Cox,yes,24.0,38,10,28,0.0,0.0,0.0,0.0,,0.0,0.0,0,10,0,0,0,0,2,0,2021-07-25,0.0,none,1,1,1,0,AFC Wimbledon,2021-07-22,219.0,,bc,0,0,0,2021-08-13,2022-05-22,,0,0.0,0
78,Brighton & Hove Albion,6504,Adam Webster,yes,25.0,38,26,12,0.7971,1683.3,860.8,2544.2,0.6616,0.5866,0.0,0,12,0,0,0,0,0,0,2019-08-06,0.45,data_club,1,0,1,0,Bristol City,2019-08-03,219.0,,bc,0,0,0,2021-08-14,2022-05-22,,0,0.0,0
78,Brighton & Hove Albion,627,Danny Welbeck,yes,27.0,38,26,12,0.7934,1426.4,856.9,2283.2,0.6247,0.8312,0.0,0,12,0,0,0,0,0,0,2020-10-21,0.45,data_club,1,0,1,0,Watford,2020-10-18,220.0,,bc,0,0,0,2021-08-14,2022-05-22,,0,0.0,0
78,Brighton & Hove Albion,2461,Lewis Dunk,yes,25.0,38,30,8,0.9886,2603.2,711.8,3315.0,0.7853,1.0,26.0,1,12,0,0,0,0,0,0,,0.0,none,1,0,0,1,,,,Brighton U18,ac,0,0,0,2021-08-14,2022-05-22,,0,0.0,0
78,Brighton & Hove Albion,1854914,Enock Mwepu,yes,26.0,38,24,14,0.4669,836.4,588.3,1424.7,0.5871,0.521,0.0,0,12,0,0,0,0,0,0,2021-07-09,0.35,tier2,1,0,1,0,Salzburg,2021-07-06,219.0,,bc,0,0,0,2021-08-14,2022-05-22,,0,0.0,0
78,Brighton & Hove Albion,96870,Yves Bissouma,yes,26.0,38,30,8,0.8105,2238.5,583.6,2822.1,0.7932,0.7199,0.0,0,12,0,0,0,0,0,0,2018-07-20,0.5,tier1,1,0,1,0,LOSC Lille,2018-07-17,219.0,,bc,0,0,0,2021-08-14,2022-05-22,,0,0.0,0
78,Brighton & Hove Albion,2815,Dan Burn,yes,25.0,22,15,7,0.7287,950.1,459.1,1409.2,0.6742,1.0,0.0,0,12,12,0,0,0,0,0,2018-08-12,0.45,data_club,1,0,1,0,Wigan Athletic,2018-08-09,219.0,,bc,16,0,0,2021-08-14,2022-01-23,,0,0.0,0
78,Brighton & Hove Albion,1415,Shane Duffy,yes,25.0,38,30,8,0.6062,1349.2,436.5,1785.6,0.7556,0.25,0.0,0,12,0,0,0,0,0,0,2016-08-29,0.45,data_club,1,0,1,0,Blackburn Rovers,2016-08-26,219.0,,bc,0,0,0,2021-08-14,2022-05-22,,0,0.0,0
78,Brighton & Hove Albion,1444078,Jakub Moder,yes,26.0,38,30,8,0.605,1827.5,435.6,2263.1,0.8075,0.605,0.0,0,12,0,0,0,0,0,0,2020-10-07,0.35,tier2,1,0,1,0,Lech Poznań,2020-10-04,219.0,,bc,0,0,0,2021-08-14,2022-05-22,,0,0.0,0
78,Brighton & Hove Albion,9308200,Tariq Lamptey,yes,25.0,38,33,5,0.7818,1844.4,351.8,2196.2,0.8398,0.504,0.0,0,12,0,0,0,0,0,0,2020-02-03,0.45,data_club,1,0,1,0,Chelsea,2020-01-31,219.0,,bc,0,0,0,2021-08-14,2022-05-22,,0,0.0,0
78,Brighton & Hove Albion,24655,Joël Veltman,yes,25.0,38,35,3,0.9491,2864.4,256.3,3120.6,0.9179,0.9861,0.0,0,12,0,0,0,0,0,0,2020-08-01,0.5,tier1,1,0,1,0,Ajax,2020-07-29,219.0,,bc,0,0,0,2021-08-14,2022-05-22,,0,0.0,0
78,Brighton & Hove Albion,1149,Adam Lallana,yes,26.0,38,34,4,0.6694,1905.0,241.0,2146.0,0.8877,0.1075,0.0,0,12,0,0,0,0,0,0,2020-07-30,0.45,data_club,1,0,1,0,Liverpool,2020-07-27,220.0,,bc,0,0,0,2021-08-14,2022-05-22,,0,0.0,0
78,Brighton & Hove Albion,31504,Pascal Groß,yes,26.0,38,35,3,0.8826,2128.3,238.3,2366.6,0.8993,0.8034,0.0,0,12,0,0,0,0,0,0,2017-07-04,0.5,tier1,1,0,1,0,Ingolstadt,2017-07-01,219.0,,c,0,0,0,2021-08-14,2022-05-22,,0,0.0,0
78,Brighton & Hove Albion,61780,Leandro Trossard,yes,27.0,38,35,3,0.8815,2662.5,238.0,2900.5,0.9179,0.9217,0.0,0,12,0,0,0,0,0,0,2019-07-04,0.5,tier1,1,0,1,0,Genk,2019-07-01,219.0,,bc,0,0,0,2021-08-14,2022-05-22,,0,0.0,0
78,Brighton & Hove Albion,14069,Steven Alzate,yes,26.0,38,27,11,0.2345,510.5,232.1,742.6,0.6874,0.1108,0.0,0,12,0,0,0,0,0,0,,0.0,none,1,0,0,1,,,,Brighton U21,bc,0,0,0,2021-08-14,2022-05-22,,0,0.0,0
78,Brighton & Hove Albion,1494381,Aaron Connolly,yes,27.0,19,9,10,0.1489,137.6,134.0,271.6,0.5066,0.0,0.0,0,0,0,12,0,0,0,0,,0.0,none,1,0,0,1,,,,Brighton U21,bc,19,0,0,2021-08-14,2022-01-02,,0,0.0,0
78,Brighton & Hove Albion,581000,Robert Sánchez,yes,24.0,38,37,1,1.0,3330.0,90.0,3420.0,0.9737,1.0,0.0,1,12,0,0,0,0,0,0,,0.0,none,1,1,0,1,,,,Brighton U21,bc,0,0,0,2021-08-14,2022-05-22,,0,0.0,0
78,Brighton & Hove Albion,2423,Solly March,yes,26.0,38,37,1,0.855,1840.9,77.0,1917.9,0.9599,0.6612,0.0,0,12,0,0,0,0,0,0,,0.0,none,1,0,0,1,,,,Brighton U18,bc,0,0,0,2021-08-14,2022-05-22,,0,0.0,0
78,Brighton & Hove Albion,95776,Neal Maupay,yes,27.0,38,37,1,0.7349,2603.1,66.1,2669.2,0.9752,0.408,0.0,0,12,0,0,0,0,0,0,2019-08-08,0.45,data_club,1,0,1,0,Brentford,2019-08-05,219.0,,bc,0,0,0,2021-08-14,2022-05-22,,0,0.0,0
78,Brighton & Hove Albion,35280539,Jeremy Sarmiento,yes,26.0,38,12,26,0.0189,15.4,44.1,59.5,0.2588,0.0509,0.0,0,12,0,0,0,0,0,0,2021-07-05,0.0,tier1,1,0,1,0,Benfica U19,2021-07-02,219.0,,bc,0,0,0,2021-08-14,2022-05-22,,0,0.0,0
78,Brighton & Hove Albion,2683,Jason Steele,yes,24.0,38,33,5,0.0833,90.0,37.5,127.5,0.7059,0.0,0.0,0,12,0,0,0,0,0,0,2018-07-04,0.0,none,1,1,1,0,Sunderland,2018-07-01,220.0,,ac,0,0,0,2021-08-14,2022-05-22,,0,0.0,0
78,Brighton & Hove Albion,37253456,Evan Ferguson,yes,27.0,23,17,6,0.015,18.3,8.1,26.4,0.6923,0.0226,0.0,0,12,0,0,0,0,0,0,2021-01-12,0.35,unknown+override,1,0,1,0,Bohemians,2021-01-09,219.0,Brighton U21,c,0,0,0,2021-12-15,2022-05-22,,0,0.0,0
78,Brighton & Hove Albion,24803,Jürgen Locadia,yes,27.0,19,9,10,0.0088,3.9,7.9,11.8,0.3333,0.0219,0.0,0,9,0,0,0,0,3,0,2018-01-22,0.5,tier1,1,0,1,0,PSV,2018-01-19,219.0,,bc,19,0,0,2021-08-14,2022-01-02,,0,0.0,0
78,Brighton & Hove Albion,2823511,Taylor Richards,yes,26.0,19,16,3,0.0187,23.9,5.1,28.9,0.8254,0.0136,0.0,0,4,0,0,8,0,0,0,2019-07-21,0.0,unknown+override,1,0,1,0,Man City U23,2019-07-18,219.0,Brighton U21,bc,19,0,0,2021-08-14,2022-01-02,,0,0.0,0
78,Brighton & Hove Albion,29470,Kjell Scherpen,yes,24.0,22,8,14,0.0,0.0,0.0,0.0,,0.0,0.0,0,8,0,0,0,0,4,0,2021-07-19,0.0,none,1,1,1,0,Ajax,2021-07-16,219.0,,bc,16,0,0,2021-08-14,2022-01-23,,0,0.0,0
78,Brighton & Hove Albion,165632,Tudor Baluta,yes,26.0,38,0,38,0.0,0.0,0.0,0.0,,0.0,0.0,0,0,0,0,0,0,12,0,2019-02-03,0.35,tier2,1,0,1,0,Farul Constanța,2019-01-31,219.0,,b,0,0,0,2021-08-14,2022-05-22,,0,0.0,0
78,Brighton & Hove Albion,186805,Florin Andone,yes,27.0,2,1,1,0.0,0.0,0.0,0.0,,0.0,0.0,0,2,0,0,0,0,10,0,2018-07-04,0.5,tier1,1,0,1,0,Deportivo A Coruña,2018-07-01,219.0,,bc,36,0,0,2021-08-14,2021-08-21,,0,0.0,0
78,Brighton & Hove Albion,199544,Andi Zeqiri,yes,27.0,3,3,0,0.0568,25.3,0.0,25.3,1.0,0.0568,0.0,0,12,0,0,0,0,0,0,2020-10-04,0.35,tier2,1,0,1,0,Lausanne Sport,2020-10-01,219.0,,bc,35,0,0,2021-08-14,2021-08-28,,0,0.0,0
78,Brighton & Hove Albion,216612,Alexis Mac Allister,yes,26.0,38,38,0,0.9067,1806.9,0.0,1806.9,1.0,0.9067,0.0,0,12,0,0,0,0,0,0,2019-01-27,0.25,tier3,1,0,1,0,Argentinos Juniors,2019-01-24,219.0,,bc,0,0,0,2021-08-14,2022-05-22,,0,0.0,0
78,Brighton & Hove Albion,448448,Marc Cucurella,yes,25.0,35,35,0,1.0,2793.1,0.0,2793.1,1.0,1.0,0.0,0,12,0,0,0,0,0,0,2021-09-03,0.5,tier1,1,0,1,0,Getafe,2021-08-31,219.0,,bc,3,0,0,2021-09-11,2022-05-22,,0,0.0,0
78,Brighton & Hove Albion,581004,Tom McGill,yes,24.0,18,3,15,0.0,0.0,0.0,0.0,,0.0,0.0,0,5,0,0,0,0,7,7,,0.0,none,1,1,0,1,,,,Brighton U21,c,0,0,0,2022-01-18,2022-05-22,,0,0.0,0
78,Brighton & Hove Albion,5283785,Michal Karbownik,yes,25.0,3,1,2,0.0,0.0,0.0,0.0,,0.0,0.0,0,8,0,0,0,0,4,0,2020-10-07,0.35,tier2,1,0,1,0,Legia Warszawa,2020-10-04,219.0,,bc,35,0,0,2021-08-14,2021-08-28,,0,0.0,0
78,Brighton & Hove Albion,21437534,Kaoru Mitoma,yes,26.0,0,0,0,0.0,0.0,0.0,0.0,,0.0,0.0,0,0,0,0,0,0,12,0,2021-08-13,0.25,tier3,0,0,1,0,Kawasaki Frontale,2021-08-10,219.0,,a,38,0,0,,,,0,0.0,0
78,Brighton & Hove Albion,21802858,Haydon Roberts,yes,25.0,37,14,23,0.0,0.0,0.0,0.0,,0.0,0.0,0,12,0,0,0,0,0,0,,0.0,none,1,0,0,1,,,,Brighton U21,bc,0,0,0,2021-08-21,2022-05-22,,0,0.0,0
78,Brighton & Hove Albion,24818803,Jan Paul van Hecke,yes,25.0,3,0,3,0.0,0.0,0.0,0.0,,0.0,0.0,0,0,0,0,12,0,0,0,2020-09-13,0.5,tier1,1,0,1,0,NAC Breda,2020-09-10,219.0,,b,35,0,0,2021-08-14,2021-08-28,,0,0.0,0
78,Brighton & Hove Albion,28575695,Marc Leonard,yes,26.0,38,10,28,0.0,0.0,0.0,0.0,,0.0,0.0,0,10,0,0,0,0,2,0,2018-07-05,0.0,unknown+override,1,0,1,0,Hearts FC U17,2018-07-02,219.0,Brighton U21,bc,0,0,0,2021-08-14,2022-05-22,,0,0.0,0
78,Brighton & Hove Albion,28912814,Ed Turns,yes,25.0,23,2,21,0.0,0.0,0.0,0.0,,0.0,0.0,0,2,0,0,0,0,10,10,,0.0,none,1,0,0,1,,,,Brighton U21,bc,0,0,0,2021-12-15,2022-05-22,,0,0.0,0
78,Brighton & Hove Albion,37259188,Odeluga Offiah,yes,25.0,13,9,4,0.0,0.0,0.0,0.0,,0.0,0.0,0,9,0,0,0,0,3,3,,0.0,none,1,0,0,1,,,,Brighton U21,bc,0,0,0,2022-02-26,2022-05-22,,0,0.0,0
78,Brighton & Hove Albion,37261500,Moisés Caicedo,yes,26.0,22,19,3,0.0,192.6,0.0,192.6,1.0,0.6037,0.0,0,12,0,0,0,0,0,0,2021-02-04,0.25,tier3,1,0,1,0,Independiente del Valle,2021-02-01,219.0,,bc,16,0,0,2021-08-14,2022-05-22,,0,0.0,0
78,Brighton & Hove Albion,37539430,Abdallah Sima,yes,27.0,0,0,0,0.0,0.0,0.0,0.0,,0.0,0.0,0,0,0,0,6,0,6,0,2021-09-03,0.35,tier2,1,0,1,0,Slavia Praha,2021-08-31,219.0,,b,38,0,0,,,,0,0.0,0
27,Burnley,1460,Ben Mee,yes,25.0,38,21,17,0.9631,1890.0,1473.6,3363.6,0.5619,0.9518,0.0,0,12,0,0,0,0,0,0,2012-01-20,0.45,data_club,1,0,1,0,Manchester City,2011-07-14,218.0,,bc,0,0,0,2021-08-14,2022-05-22,,0,0.0,0
27,Burnley,1611,Jóhann Gudmundsson,yes,26.0,38,18,20,0.6415,1033.3,1154.7,2188.0,0.4722,0.6415,0.0,0,12,0,0,0,0,0,0,2016-07-22,0.45,data_club,1,0,1,0,Charlton Athletic,2016-07-19,219.0,,bc,0,0,0,2021-08-14,2022-05-22,,0,0.0,0
27,Burnley,862,Ashley Westwood,yes,26.0,38,27,11,0.923,2372.7,913.7,3286.5,0.722,0.8847,0.0,0,12,0,0,0,0,0,0,2017-02-03,0.45,data_club,1,0,1,0,Aston Villa,2017-01-31,219.0,,bc,0,0,0,2021-08-14,2022-05-22,,0,0.0,0
27,Burnley,812,Erik Pieters,yes,25.0,38,25,13,0.565,398.4,661.1,1059.5,0.376,0.5791,0.0,0,12,0,0,0,0,0,0,2019-07-11,0.45,data_club,1,0,1,0,Stoke City,2019-07-08,219.0,,bc,0,0,0,2021-08-14,2022-05-22,,0,0.0,0
27,Burnley,3300,Charlie Taylor,yes,25.0,38,31,7,1.0,2677.8,630.0,3307.8,0.8095,1.0,0.0,0,12,0,0,0,0,0,0,2017-07-09,0.45,data_club,1,0,1,0,Leeds United,2017-07-06,220.0,,bc,0,0,0,2021-08-14,2022-05-22,,0,0.0,0
27,Burnley,1148,Matej Vydra,yes,27.0,38,22,16,0.4013,766.9,577.8,1344.7,0.5703,0.4305,0.0,0,12,0,0,0,0,0,0,2018-08-10,0.45,data_club,1,0,1,0,Derby County,2018-08-07,219.0,,bc,0,0,0,2021-08-14,2022-05-22,,0,0.0,0
27,Burnley,12112,Will Norris,yes,24.0,38,9,29,0.1667,135.0,435.0,570.0,0.2368,0.1667,0.0,0,12,0,0,0,0,0,0,2020-08-17,0.0,none,1,1,1,0,Wolverhampton Wanderers,2020-08-14,219.0,,bc,0,0,0,2021-08-14,2022-05-22,,0,0.0,0
27,Burnley,96642,Maxwel Cornet,yes,27.0,35,28,7,0.6085,1521.5,383.3,1904.8,0.7987,0.7888,0.0,0,12,0,0,0,0,0,0,2021-09-01,0.5,tier1,1,0,1,0,Olympique Lyonnais,2021-08-29,219.0,,bc,3,0,0,2021-09-13,2022-05-22,,0,0.0,0
27,Burnley,1152,Jay Rodriguez,yes,27.0,38,31,7,0.5648,1072.4,355.8,1428.3,0.7509,0.6936,0.0,0,12,0,0,0,0,0,0,2019-07-12,0.45,data_club,1,0,1,0,West Bromwich Albion,2019-07-09,219.0,Burnley U18,bc,0,0,0,2021-08-14,2022-05-22,,0,0.0,0
27,Burnley,5410,Connor Roberts,yes,25.0,35,25,10,0.3948,1474.4,355.4,1829.7,0.8058,0.7993,0.0,0,12,0,0,0,0,0,0,2021-09-03,0.45,data_club,1,0,1,0,Swansea City,2021-08-31,219.0,,ac,0,0,0,2021-09-13,2022-05-22,,0,0.0,0
27,Burnley,1639,James Tarkowski,yes,25.0,38,35,3,0.9867,3142.8,266.4,3409.2,0.9219,0.9601,0.0,0,12,0,0,0,0,0,0,2016-02-04,0.45,data_club,1,0,1,0,Brentford,2016-02-01,219.0,,bc,0,0,0,2021-08-14,2022-05-22,,0,0.0,0
27,Burnley,1448,Ashley Barnes,yes,27.0,38,30,8,0.3566,702.1,256.8,958.8,0.7322,0.3561,0.0,0,12,0,0,0,0,0,0,2014-01-13,0.45,data_club,1,0,1,0,Brighton & Hove Albion,2014-01-10,219.0,,c,0,0,0,2021-08-14,2022-05-22,,0,0.0,0
27,Burnley,3143,Josh Brownhill,yes,26.0,38,35,3,0.9366,2940.6,252.9,3193.5,0.9208,0.957,0.0,0,12,0,0,0,0,0,0,2020-02-02,0.45,data_club,1,0,1,0,Bristol City,2020-01-30,219.0,,bc,0,0,0,2021-08-14,2022-05-22,,0,0.0,0
27,Burnley,2763,Nick Pope,yes,24.0,38,36,2,1.0,3240.0,180.0,3420.0,0.9474,1.0,0.0,0,12,0,0,0,0,0,0,2016-07-22,0.0,none,1,1,1,0,Charlton Athletic,2016-07-19,219.0,,bc,0,0,0,2021-08-14,2022-05-22,,0,0.0,0
27,Burnley,1466,Kevin Long,yes,25.0,38,30,8,0.0805,169.0,58.0,227.0,0.7446,0.3812,0.0,0,12,0,0,0,0,0,0,2010-01-04,0.35,tier2,1,0,1,0,Cork City,2010-01-01,219.0,,bc,0,0,0,2021-08-14,2022-05-22,,0,0.0,0
27,Burnley,11705403,Nathan Collins,yes,25.0,38,36,2,0.286,1321.6,51.5,1373.0,0.9625,1.0,0.0,1,11,0,0,0,1,0,0,2021-07-04,0.45,data_club,1,0,1,0,Stoke City,2021-07-01,219.0,,bc,0,0,0,2021-08-14,2022-05-22,,0,0.0,0
27,Burnley,2723,Dale Stephens,yes,26.0,38,19,19,0.027,126.4,46.1,172.5,0.7329,0.0009,0.0,0,12,0,0,0,0,0,0,2020-09-27,0.45,data_club,1,0,1,0,Brighton & Hove Albion,2020-09-24,219.0,,bc,0,0,0,2021-08-14,2022-05-22,,0,0.0,0
27,Burnley,896,Matthew Lowton,yes,25.0,38,37,1,0.2617,2206.8,23.6,2230.3,0.9894,0.2617,15.6,1,11,0,0,0,1,0,0,2015-07-04,0.45,data_club,1,0,1,0,Aston Villa,2015-07-01,219.0,,bc,0,0,0,2021-08-14,2022-05-22,,0,0.0,0
27,Burnley,37296112,Lewis Richardson,yes,26.0,38,5,33,0.0067,3.9,20.0,23.9,0.1625,0.0034,0.0,0,12,0,0,0,0,0,0,,0.0,none,1,0,0,1,,,,,bc,0,0,0,2021-08-14,2022-05-22,,0,0.0,0
27,Burnley,244,Aaron Lennon,yes,26.0,36,35,1,0.2201,1513.5,19.8,1533.3,0.9871,0.527,0.0,0,12,0,0,0,0,0,0,2021-08-28,0.35,tier2,1,0,1,0,Everton,2018-01-23,219.0,,bc,2,0,0,2021-08-29,2022-05-22,,0,0.0,0
27,Burnley,361,Phil Bardsley,yes,25.0,38,32,6,0.0,0.5,0.0,0.5,1.0,0.0,0.0,0,12,0,0,0,0,0,0,2017-07-28,0.45,data_club,1,0,1,0,Manchester United,2006-03-16,218.0,,bc,0,0,0,2021-08-14,2022-05-22,,0,0.0,0
27,Burnley,519,Wayne Hennessey,yes,24.0,38,38,0,0.0,180.0,0.0,180.0,1.0,0.0,0.0,0,12,0,0,0,0,0,0,2021-07-23,0.0,none,1,1,1,0,Crystal Palace,2021-07-20,220.0,,bc,0,0,0,2021-08-14,2022-05-22,,0,0.0,0
27,Burnley,914,Chris Wood,yes,27.0,17,17,0,0.592,1403.9,0.0,1403.9,1.0,0.592,0.0,0,12,12,0,0,0,0,0,2017-08-24,0.45,data_club,1,0,1,0,Leeds United,2017-08-21,219.0,,bc,21,0,0,2021-08-14,2022-01-02,,0,0.0,0
27,Burnley,1156,Jack Cork,yes,26.0,38,38,0,0.7315,1642.6,0.0,1642.6,1.0,0.7315,0.0,0,12,0,0,0,0,0,0,2017-07-14,0.45,data_club,1,0,1,0,Chelsea U21,2010-02-01,218.0,,bc,0,0,0,2021-08-14,2022-05-22,,0,0.0,0
27,Burnley,13009,Kyle Storer,yes,,0,0,0,0.0,0.0,0.0,0.0,,0.0,0.0,0,0,0,0,0,0,12,12,,0.0,none,0,0,0,1,,,,,,0,0,0,,,,0,0.0,0
27,Burnley,25317,Wout Weghorst,yes,27.0,20,20,0,0.7029,1364.5,0.0,1364.5,1.0,0.7029,0.0,0,12,0,0,0,0,0,0,2022-02-03,0.5,tier1,1,0,1,0,VfL Wolfsburg,2022-01-31,219.0,,bc,18,0,0,2022-02-05,2022-05-22,,0,0.0,0
27,Burnley,4598726,Dwight McNeil,yes,26.0,38,38,0,0.7877,3119.0,0.0,3119.0,1.0,0.7877,0.0,0,12,0,0,0,0,0,0,,0.0,none,1,0,0,1,,,,Burnley U21,bc,0,0,0,2021-08-14,2022-05-22,,0,0.0,0
27,Burnley,22144837,Anthony Mancini,yes,26.0,38,1,37,0.0,0.0,0.0,0.0,,0.0,0.0,0,3,0,0,0,0,9,9,,0.0,none,1,0,0,1,,,,,bc,0,0,0,2021-08-14,2022-05-22,,0,0.0,0
27,Burnley,22515272,Dara Costelloe,yes,27.0,38,7,31,0.0,0.0,0.0,0.0,,0.0,0.0,0,7,0,0,0,0,5,0,2021-02-04,0.35,unknown+override,1,0,1,0,Galway United,2021-02-01,219.0,Burnley U21,bc,0,0,0,2021-08-14,2022-05-22,,0,0.0,0
27,Burnley,37365873,Owen Dodgson,yes,25.0,37,5,32,0.0,0.0,0.0,0.0,,0.0,0.0,0,5,0,0,0,0,7,7,,0.0,none,1,0,0,1,,,,Burnley U21,bc,0,0,0,2021-08-21,2022-05-22,,0,0.0,0
27,Burnley,37391612,Joe McGlynn,yes,27.0,3,2,1,0.0,0.0,0.0,0.0,,0.0,0.0,0,2,0,0,0,0,10,10,,0.0,none,1,0,0,1,,,,,bc,0,0,0,2022-05-15,2022-05-22,,0,0.0,0
27,Burnley,37391622,Sam Waller,yes,24.0,17,1,16,0.0,0.0,0.0,0.0,,0.0,0.0,0,1,0,0,0,0,11,11,,0.0,none,1,1,0,1,,,,,bc,0,0,0,2022-02-19,2022-05-22,,0,0.0,0
27,Burnley,37518832,Bobby Thomas,yes,25.0,38,24,14,0.0,0.0,0.0,0.0,,0.0,0.0,0,12,0,0,0,0,0,0,,0.0,none,1,0,0,1,,,,Burnley U21,bc,0,0,0,2021-08-14,2022-05-22,,0,0.0,0
18,Chelsea,1601,Ben Chilwell,yes,25.0,38,13,25,0.5,620.8,1125.0,1745.8,0.3556,0.5035,0.0,0,12,0,0,0,0,0,0,2020-08-29,0.45,data_club,1,0,1,0,Leicester City,2020-08-26,219.0,,bc,0,0,0,2021-08-14,2022-05-22,,0,0.0,0
18,Chelsea,73147,Mateo Kovacic,yes,26.0,38,25,13,0.7478,1630.0,874.9,2504.9,0.6507,0.5829,0.0,0,12,0,0,0,0,0,0,2019-07-04,0.5,tier1,1,0,1,0,Real Madrid,2018-08-09,218.0,,bc,0,0,0,2021-08-14,2022-05-22,,0,0.0,0
18,Chelsea,2875858,Callum Hudson-Odoi,yes,27.0,38,22,16,0.592,709.1,852.4,1561.6,0.4541,0.6092,0.0,0,12,0,0,0,0,0,0,,0.0,none,1,0,0,1,,,,Chelsea U21,bc,0,0,0,2021-08-14,2022-05-22,,0,0.0,0
18,Chelsea,581220,Reece James,yes,25.0,38,27,11,0.8288,1857.9,820.5,2678.3,0.6937,0.7994,17.9,1,12,0,0,0,0,0,0,,0.0,none,1,0,0,1,,,,Chelsea U21,ac,0,0,0,2021-08-14,2022-05-22,,0,0.0,0
18,Chelsea,32438,Christian Pulisic,yes,26.0,38,27,11,0.731,1500.3,723.7,2224.1,0.6746,0.4986,0.0,0,12,0,0,0,0,0,0,2019-01-05,0.5,tier1,1,0,1,0,Borussia Dortmund,2019-01-02,219.0,,bc,0,0,0,2021-08-14,2022-05-22,,0,0.0,0
18,Chelsea,1193,N'Golo Kanté,yes,26.0,38,27,11,0.6487,1583.0,642.2,2225.3,0.7114,0.7667,0.0,0,12,0,0,0,0,0,0,2016-07-19,0.45,data_club,1,0,1,0,Leicester City,2016-07-16,219.0,,bc,0,0,0,2021-08-14,2022-05-22,,0,0.0,0
18,Chelsea,37365878,D. Williams,no,25.0,14,0,14,0.45,0.0,567.0,567.0,0.0,0.45,0.0,0,0,0,12,0,0,0,0,2022-01-27,0.45,data_club,1,0,1,0,Derby,2022-01-24,219.0,,b,24,0,0,2022-02-19,2022-05-22,,0,0.0,0
18,Chelsea,995,Romelu Lukaku,yes,27.0,37,29,8,0.6755,1564.6,486.3,2050.9,0.7629,0.3787,0.0,0,12,0,0,0,0,0,0,2021-08-15,0.5,tier1,1,0,1,0,Anderlecht,2011-08-08,219.0,,bc,1,0,0,2021-08-22,2022-05-22,,0,0.0,0
18,Chelsea,4460,Andreas Christensen,yes,25.0,38,28,10,0.5303,1579.9,477.3,2057.1,0.768,0.5355,0.0,0,12,0,0,0,0,0,0,,0.0,none,1,0,0,1,,,,Chelsea U21,bc,0,0,0,2021-08-14,2022-05-22,,0,0.0,0
18,Chelsea,31823,Timo Werner,yes,27.0,38,28,10,0.5236,1289.0,471.3,1760.2,0.7323,0.6445,0.0,0,12,0,0,0,0,0,0,2020-07-04,0.5,tier1,1,0,1,0,RB Leipzig,2020-07-01,219.0,,bc,0,0,0,2021-08-14,2022-05-22,,0,0.0,0
18,Chelsea,99137,Édouard Mendy,yes,24.0,38,34,4,0.9476,2893.6,341.1,3234.7,0.8945,1.0,0.0,0,12,0,0,0,0,0,0,2020-09-27,0.0,none,1,1,1,0,Rennes,2020-09-24,219.0,,bc,0,0,0,2021-08-14,2022-05-22,,0,0.0,0
18,Chelsea,1953,Ruben Loftus-Cheek,yes,26.0,38,30,8,0.4472,1125.9,322.0,1447.9,0.7776,0.6107,0.0,0,12,0,0,0,0,0,0,,0.0,none,1,0,0,1,,,,Chelsea U21,bc,0,0,0,2021-08-14,2022-05-22,,0,0.0,0
18,Chelsea,1330,César Azpilicueta,yes,25.0,38,34,4,0.7233,2069.4,260.4,2329.7,0.8882,0.7941,0.0,0,12,0,0,0,0,0,0,2012-08-27,0.5,tier1,1,0,1,0,Olympique Marseille,2012-08-24,219.0,,bc,0,0,0,2021-08-14,2022-05-22,,0,0.0,0
18,Chelsea,537117,Trevoh Chalobah,yes,25.0,38,33,5,0.5762,1202.9,259.3,1462.2,0.8227,0.5,0.0,0,12,0,0,0,0,0,0,,0.0,none,1,0,0,1,,,,Chelsea U21,bc,0,0,0,2021-08-14,2022-05-22,,0,0.0,0
18,Chelsea,31837,Antonio Rüdiger,yes,25.0,38,35,3,0.9444,3007.5,255.0,3262.5,0.9218,0.8922,0.0,0,12,0,0,0,0,0,0,2017-07-12,0.5,tier1,1,0,1,0,Roma,2017-07-09,219.0,,bc,0,0,0,2021-08-14,2022-05-22,,0,0.0,0
18,Chelsea,1128,Marcos Alonso,yes,25.0,38,34,4,0.6811,1823.5,245.2,2068.7,0.8815,0.6856,0.0,0,12,0,0,0,0,0,0,2016-09-03,0.5,tier1,1,0,1,0,Fiorentina,2016-08-31,219.0,,bc,0,0,0,2021-08-14,2022-05-22,,0,0.0,0
18,Chelsea,537121,Mason Mount,yes,26.0,38,35,3,0.8133,2478.1,219.6,2697.7,0.9186,0.7828,0.0,0,12,0,0,0,0,0,0,,0.0,none,1,0,0,1,,,,Chelsea U21,bc,0,0,0,2021-08-14,2022-05-22,,0,0.0,0
18,Chelsea,32612,Kai Havertz,yes,27.0,38,35,3,0.6009,1788.2,162.2,1950.4,0.9168,0.638,0.0,0,12,0,0,0,0,0,0,2020-09-07,0.5,tier1,1,0,1,0,Bayer 04 Leverkusen,2020-09-04,219.0,,bc,0,0,0,2021-08-14,2022-05-22,,0,0.0,0
18,Chelsea,95792,Thiago Silva,yes,25.0,38,36,2,0.8442,2686.0,152.0,2837.9,0.9465,0.7675,0.0,0,12,0,0,0,0,0,0,2020-08-31,0.5,tier1,1,0,1,0,Paris Saint Germain,2020-08-28,220.0,,bc,0,0,0,2021-08-14,2022-05-22,,0,0.0,0
18,Chelsea,129511,Jorginho,yes,26.0,38,36,2,0.6857,2339.5,123.4,2463.0,0.9499,0.6229,0.0,0,12,0,0,0,0,0,0,2018-07-17,0.5,tier1,1,0,1,0,Napoli,2018-07-14,219.0,,bc,0,0,0,2021-08-14,2022-05-22,,0,0.0,0
18,Chelsea,968,Ross Barkley,yes,26.0,38,27,11,0.1038,295.2,102.8,397.9,0.7418,0.0244,0.0,0,12,0,0,0,0,0,0,2018-01-08,0.45,data_club,1,0,1,0,Everton,2018-01-05,219.0,,bc,0,0,0,2021-08-14,2022-05-22,,0,0.0,0
18,Chelsea,24288,Hakim Ziyech,yes,26.0,38,36,2,0.3505,1292.9,63.1,1355.9,0.9535,0.4183,0.0,0,12,0,0,0,0,0,0,2020-07-04,0.5,tier1,1,0,1,0,Ajax,2020-07-01,219.0,,bc,0,0,0,2021-08-14,2022-05-22,,0,0.0,0
18,Chelsea,1316,Kurt Zouma,yes,25.0,3,2,1,0.4644,98.6,41.8,140.4,0.7023,0.7418,0.0,0,12,12,0,0,0,0,0,2014-02-03,0.5,tier1,1,0,1,0,Saint-Étienne,2014-01-31,219.0,,bc,35,0,0,2021-08-14,2021-08-28,,0,0.0,0
18,Chelsea,186412,Saúl Ñíguez,yes,26.0,35,33,2,0.2123,612.3,38.2,650.5,0.9412,0.2925,0.0,0,12,0,0,0,0,0,0,2021-09-03,0.5,tier1,1,0,1,0,Atlético de Madrid,2021-08-31,218.0,,bc,3,0,0,2021-09-11,2022-05-22,,0,0.0,0
18,Chelsea,96765,Malang Sarr,yes,25.0,38,29,9,0.0185,458.5,15.0,473.5,0.9683,0.1899,0.0,0,12,0,0,0,0,0,0,2020-08-30,0.5,tier1,1,0,1,0,Nice,2020-08-27,220.0,,bc,0,0,0,2021-08-14,2022-05-22,,0,0.0,0
18,Chelsea,3139,Tammy Abraham,yes,27.0,1,1,0,0.1365,19.8,0.0,19.8,1.0,0.1365,0.0,0,12,0,0,0,0,0,0,,0.0,none,1,0,0,1,,,,Chelsea U21,bc,37,0,0,2021-08-14,2021-08-14,,0,0.0,0
18,Chelsea,3268,Marcus Bettinelli,yes,24.0,38,7,31,0.0,0.0,0.0,0.0,,0.0,0.0,0,7,0,0,5,0,0,0,2021-07-31,0.0,none,1,1,1,0,Fulham,2021-07-28,220.0,,bc,0,0,0,2021-08-14,2022-05-22,,0,0.0,0
18,Chelsea,4265,Kenedy,yes,26.0,18,8,10,0.0,0.0,0.0,0.0,,0.0537,0.0,0,8,0,0,0,0,4,0,2015-08-25,0.25,tier3,1,0,1,0,Fluminense,2015-08-22,219.0,,bc,20,0,0,2021-08-14,2022-05-22,,0,0.0,0
18,Chelsea,129794,Emerson,yes,25.0,1,1,0,0.005,0.0,0.0,0.0,,0.005,0.0,0,12,0,0,0,0,0,0,2018-02-02,0.5,tier1,1,0,1,0,Roma,2018-01-30,219.0,,bc,37,0,0,2021-08-14,2021-08-14,,0,0.0,0
18,Chelsea,186606,Kepa Arrizabalaga,yes,24.0,38,38,0,0.0,526.4,0.0,526.4,1.0,0.0,0.0,0,12,0,0,0,0,0,0,2018-08-11,0.0,none,1,1,1,0,Athletic Club,2018-08-08,219.0,,bc,0,0,0,2021-08-14,2022-05-22,,0,0.0,0
18,Chelsea,24817084,Lucas Bergström,yes,24.0,0,0,0,0.0,0.0,0.0,0.0,,0.0,0.0,0,0,0,0,0,0,12,12,,0.0,none,0,1,0,1,,,,Chelsea U21,,0,0,0,,,,0,0.0,0
18,Chelsea,37326106,Harvey Vale,yes,26.0,18,3,15,0.0,0.0,0.0,0.0,,0.0,0.0,0,3,0,0,0,0,9,9,,0.0,none,1,0,0,1,,,,,bc,0,0,0,2022-01-02,2022-05-22,,0,0.0,0
18,Chelsea,37459072,Lewis Hall,yes,25.0,18,2,16,0.0,0.0,0.0,0.0,,0.0,0.0,0,2,0,0,0,0,10,10,,0.0,none,1,0,0,1,,,,Chelsea U21,bc,0,0,0,2022-01-02,2022-05-22,,0,0.0,0
18,Chelsea,900640432,Xavier Mbuyamba,yes,,38,0,38,0.0,0.0,0.0,0.0,,0.0,0.0,0,0,0,0,0,0,12,0,2020-08-23,0.0,unknown+override,0,0,1,0,Barça U19,2020-08-20,220.0,,b,0,0,0,2021-08-14,2022-05-22,,0,0.0,0
51,Crystal Palace,498,James McArthur,yes,26.0,38,22,16,0.8647,1631.5,1245.2,2876.7,0.5672,0.5303,0.0,0,12,0,0,0,0,0,0,2014-09-04,0.45,data_club,1,0,1,0,Wigan Athletic,2014-09-01,219.0,,bc,0,0,0,2021-08-14,2022-05-22,,0,0.0,0
51,Crystal Palace,7643,Eberechi Eze,yes,26.0,38,25,13,0.8286,811.9,969.4,1781.3,0.4558,0.4252,0.0,0,12,0,0,0,0,0,0,2020-08-31,0.45,data_club,1,0,1,0,Queens Park Rangers,2020-08-28,219.0,,bc,0,0,0,2021-08-14,2022-05-22,,0,0.0,0
51,Crystal Palace,24799984,Michael Olise,yes,26.0,38,28,10,0.5214,1045.2,469.3,1514.5,0.6901,0.682,0.0,0,12,0,0,0,0,0,0,2021-07-11,0.45,data_club,1,0,1,0,Reading,2021-07-08,219.0,,bc,0,0,0,2021-08-14,2022-05-22,,0,0.0,0
51,Crystal Palace,692,Joel Ward,yes,25.0,38,33,5,1.0,2756.6,450.0,3206.6,0.8597,0.5541,0.0,0,12,0,0,0,0,0,0,2012-07-04,0.45,data_club,1,0,1,0,Portsmouth,2012-07-01,219.0,,bc,0,0,0,2021-08-14,2022-05-22,,0,0.0,0
51,Crystal Palace,1108,Wilfried Zaha,yes,27.0,38,33,5,0.9306,2848.1,418.8,3266.9,0.8718,0.9329,45.8,1,12,0,0,0,0,0,0,2015-02-05,0.45,data_club,1,0,1,0,Manchester United,2013-01-26,218.0,Crystal Palace U18,bc,0,0,0,2021-08-14,2022-05-22,,0,0.0,0
51,Crystal Palace,5371,Luka Milivojevic,yes,26.0,38,29,9,0.4931,1178.2,399.4,1577.6,0.7468,0.1874,0.0,0,12,0,0,0,0,0,0,2017-02-03,0.35,tier2,1,0,1,0,Olympiacos F.C.,2017-01-31,219.0,,bc,0,0,0,2021-08-14,2022-05-22,,0,0.0,0
51,Crystal Palace,336,James Tomkins,yes,25.0,38,27,11,0.3871,929.7,383.2,1313.0,0.7081,0.0918,0.0,0,12,0,0,0,0,0,0,2016-07-08,0.45,data_club,1,0,1,0,West Ham United,2016-07-05,219.0,,bc,0,0,0,2021-08-14,2022-05-22,,0,0.0,0
51,Crystal Palace,1243,Cheikhou Kouyaté,yes,26.0,38,33,5,0.8118,2334.8,365.3,2700.1,0.8647,0.44,0.0,0,12,0,0,0,0,0,0,2018-08-05,0.45,data_club,1,0,1,0,West Ham United,2018-08-02,219.0,,bc,0,0,0,2021-08-14,2022-05-22,,0,0.0,0
51,Crystal Palace,25284,Joachim Andersen,yes,25.0,38,34,4,0.9459,2768.4,340.5,3109.0,0.8905,1.0,0.0,0,12,0,0,0,0,0,0,2021-07-31,0.5,tier1,1,0,1,0,Olympique Lyonnais,2021-07-28,219.0,,bc,0,0,0,2021-08-14,2022-05-22,,0,0.0,0
51,Crystal Palace,1494245,Conor Gallagher,yes,26.0,38,34,4,0.9045,2824.9,325.6,3150.6,0.8966,0.8491,0.0,0,12,0,0,0,0,0,0,2021-08-02,0.0,tier2,1,0,1,0,Chelsea U21,2021-07-30,218.0,,bc,0,0,0,2021-08-14,2022-05-22,,0,0.0,0
51,Crystal Palace,25399,Jairo Riedewald,yes,26.0,38,18,20,0.1402,451.0,252.4,703.3,0.6412,0.0165,0.0,0,12,0,0,0,0,0,0,2017-07-27,0.5,tier1,1,0,1,0,Ajax,2017-07-24,219.0,,bc,0,0,0,2021-08-14,2022-05-22,,0,0.0,0
51,Crystal Palace,185723,Vicente Guaita,yes,24.0,38,35,3,0.8608,2755.8,232.4,2988.2,0.9222,0.7079,0.0,0,12,0,0,0,0,0,0,2018-07-04,0.0,none,1,1,1,0,Getafe,2018-07-01,220.0,,bc,0,0,0,2021-08-14,2022-05-22,,0,0.0,0
51,Crystal Palace,2332,Will Hughes,yes,26.0,35,31,4,0.4284,1087.8,154.2,1242.1,0.8758,0.2971,0.0,0,12,0,0,0,0,0,0,2021-08-31,0.45,data_club,1,0,1,0,Watford,2021-08-28,219.0,,ac,1,0,0,2021-09-11,2022-05-22,,0,0.0,0
51,Crystal Palace,927,Jeffrey Schlupp,yes,26.0,38,36,2,0.4949,1773.8,89.1,1862.9,0.9522,0.7576,0.0,0,12,0,0,0,0,0,0,2017-01-16,0.45,data_club,1,0,1,0,Leicester City,2017-01-13,219.0,,bc,0,0,0,2021-08-14,2022-05-22,,0,0.0,0
51,Crystal Palace,4536500,Marc Guéhi,yes,25.0,38,37,1,0.9823,2915.1,88.4,3003.5,0.9706,0.9823,0.0,0,12,0,0,0,0,0,0,2021-07-21,0.45,data_club,1,0,1,0,Chelsea,2021-07-18,219.0,,bc,0,0,0,2021-08-14,2022-05-22,,0,0.0,0
51,Crystal Palace,4598710,Tyrick Mitchell,yes,25.0,38,37,1,0.9459,3097.3,85.1,3182.4,0.9733,0.7969,0.0,0,12,0,0,0,0,0,0,,0.0,none,1,0,0,1,,,,Crystal Palace U21,ac,0,0,0,2021-08-14,2022-05-22,,0,0.0,0
51,Crystal Palace,1202,Nathaniel Clyne,yes,25.0,38,33,5,0.1823,967.7,82.0,1049.7,0.9219,1.0,0.0,0,12,0,0,0,0,0,0,2020-10-17,0.45,data_club,1,0,1,0,Liverpool,2020-10-14,220.0,Crystal Palace U18,bc,0,0,0,2021-08-14,2022-05-22,,0,0.0,0
51,Crystal Palace,1038,Jordan Ayew,yes,27.0,38,37,1,0.6752,2047.0,60.8,2107.7,0.9712,0.4529,0.0,0,12,0,0,0,0,0,0,2019-07-28,0.45,data_club,1,0,1,0,Swansea City,2018-08-09,218.0,,bc,0,0,0,2021-08-14,2022-05-22,,0,0.0,0
51,Crystal Palace,96950,Jean-Philippe Mateta,yes,27.0,38,30,8,0.083,846.1,59.8,905.9,0.934,0.6002,0.0,0,12,0,0,0,0,0,0,2022-02-03,0.5,tier1,1,0,1,0,FSV Mainz 05,2021-01-21,218.0,,ac,0,0,0,2021-08-14,2022-05-22,,0,0.0,0
51,Crystal Palace,853,Christian Benteke,yes,27.0,38,37,1,0.5918,1659.5,53.3,1712.8,0.9689,0.0571,0.0,0,12,0,0,0,0,0,0,2016-08-23,0.45,data_club,1,0,1,0,Liverpool,2016-08-20,219.0,,bc,0,0,0,2021-08-14,2022-05-22,,0,0.0,0
51,Crystal Palace,34455847,Jesurun Rak-Sakyi,yes,26.0,38,7,31,0.0134,7.2,37.3,44.6,0.1622,0.073,0.0,0,10,0,0,0,0,2,2,,0.0,none,1,0,0,1,,,,Crystal Palace U21,bc,0,0,0,2021-08-14,2022-05-22,,0,0.0,0
51,Crystal Palace,3188072,Nathan Ferguson,yes,25.0,38,4,34,0.0044,2.4,13.6,16.0,0.15,0.0089,0.0,0,4,0,0,0,0,8,0,2020-07-30,0.45,data_club,1,0,1,0,West Bromwich Albion,2020-07-27,220.0,,bc,0,0,0,2021-08-14,2022-05-22,,0,0.0,0
51,Crystal Palace,729,Martin Kelly,yes,25.0,38,29,9,0.0004,3.7,0.3,4.0,0.9231,0.0,0.0,0,12,0,0,0,0,0,0,2014-08-17,0.45,data_club,1,0,1,0,Liverpool,2014-08-14,219.0,,bc,0,0,0,2021-08-14,2022-05-22,,0,0.0,0
51,Crystal Palace,1462,Jack Butland,yes,24.0,38,38,0,0.3333,608.0,0.0,608.0,1.0,0.3333,0.0,0,12,0,0,0,0,0,0,2020-10-19,0.0,none,1,1,1,0,Stoke City,2020-10-16,219.0,,bc,0,0,0,2021-08-14,2022-05-22,,0,0.0,0
51,Crystal Palace,9278,Remi Matthews,yes,24.0,38,7,31,0.0,0.0,0.0,0.0,,0.0,0.0,0,7,0,0,0,0,5,0,2021-07-15,0.0,none,1,1,1,0,Sunderland,2021-07-12,220.0,,ac,0,0,0,2021-08-14,2022-05-22,,0,0.0,0
51,Crystal Palace,96792,Odsonne Édouard,yes,27.0,35,35,0,0.2984,1541.0,0.0,1541.0,1.0,0.2984,0.0,0,12,0,0,0,0,0,0,2021-09-03,0.35,tier2,1,0,1,0,Celtic,2021-08-31,219.0,,bc,3,0,0,2021-09-11,2022-05-22,,0,0.0,0
51,Crystal Palace,1494208,Reece Hannam,yes,25.0,38,2,36,0.0,0.0,0.0,0.0,,0.0,0.0,0,7,0,0,0,0,5,5,,0.0,none,1,0,0,1,,,,,bc,0,0,0,2021-08-14,2022-05-22,,0,0.0,0
51,Crystal Palace,21763134,Scott Banks,yes,27.0,38,1,37,0.0,0.0,0.0,0.0,,0.0,0.0,0,1,0,0,0,0,11,11,,0.0,none,1,0,0,1,,,,Crystal Palace U21,bc,0,0,0,2021-08-14,2022-05-22,,0,0.0,0
51,Crystal Palace,37354790,Tayo Adaramola,yes,25.0,14,1,13,0.0,0.0,0.0,0.0,,0.0,0.0,0,1,0,0,0,0,11,11,,0.0,none,1,0,0,1,,,,,bc,0,0,0,2022-02-19,2022-05-22,,0,0.0,0
51,Crystal Palace,37391497,Rob Street,yes,27.0,38,2,36,0.0,0.0,0.0,0.0,,0.0,0.0,0,2,0,0,0,0,10,10,,0.0,none,1,0,0,1,,,,,bc,0,0,0,2021-08-14,2022-05-22,,0,0.0,0
13,Everton,814,Gylfi Sigurdsson,yes,26.0,38,0,38,0.7511,0.0,2568.9,2568.9,0.0,0.7511,0.0,0,12,0,0,0,0,0,0,2017-08-19,0.45,data_club,1,0,1,0,Swansea City,2017-08-16,219.0,,b,0,0,0,2021-08-14,2022-05-22,,0,0.0,0
13,Everton,5141,Dominic Calvert-Lewin,yes,27.0,38,20,18,0.938,1486.2,1519.6,3005.8,0.4944,0.6471,0.0,0,12,0,0,0,0,0,0,2016-09-03,0.45,data_club,1,0,1,0,Sheffield United,2016-08-31,219.0,,bc,0,0,0,2021-08-14,2022-05-22,,0,0.0,0
13,Everton,220040,Yerry Mina,yes,25.0,38,14,24,0.6463,743.9,1396.0,2139.9,0.3476,0.6919,0.0,0,12,0,0,0,0,0,0,2018-08-12,0.5,tier1,1,0,1,0,FC Barcelona,2018-08-09,219.0,,bc,0,0,0,2021-08-14,2022-05-22,,0,0.0,0
13,Everton,7958,Ben Godfrey,yes,25.0,38,24,14,0.9795,2098.1,1234.2,3332.4,0.6296,0.9167,0.0,0,12,0,0,0,0,0,0,2020-10-08,0.45,data_club,1,0,1,0,Norwich City,2020-10-05,219.0,,bc,0,0,0,2021-08-14,2022-05-22,,0,0.0,0
13,Everton,219633,Richarlison,yes,27.0,38,30,8,0.9372,2494.0,674.8,3168.7,0.787,0.9666,0.0,0,12,0,0,0,0,0,0,2018-07-27,0.45,data_club,1,0,1,0,Watford,2018-07-24,219.0,,bc,0,0,0,2021-08-14,2022-05-22,,0,0.0,0
13,Everton,2144,Abdoulaye Doucouré,yes,26.0,38,31,7,0.9613,2528.7,605.6,3134.3,0.8068,0.7917,0.0,0,12,0,0,0,0,0,0,2020-09-11,0.45,data_club,1,0,1,0,Watford,2020-09-08,219.0,,bc,0,0,0,2021-08-14,2022-05-22,,0,0.0,0
13,Everton,159372,André Gomes,yes,26.0,38,21,17,0.3671,696.8,561.6,1258.4,0.5537,0.2165,0.0,0,12,0,0,0,0,0,0,2019-07-04,0.5,tier1,1,0,1,0,FC Barcelona,2018-08-09,218.0,,bc,0,0,0,2021-08-14,2022-05-22,,0,0.0,0
13,Everton,1249,Andros Townsend,yes,26.0,38,25,13,0.4655,1635.6,544.7,2180.3,0.7502,0.383,0.0,0,12,0,0,0,0,0,0,2021-07-23,0.45,data_club,1,0,1,0,Crystal Palace,2021-07-20,220.0,,bc,0,0,0,2021-08-14,2022-05-22,,0,0.0,0
13,Everton,1706,Tom Davies,yes,26.0,38,15,23,0.254,364.0,525.8,889.8,0.409,0.2234,0.0,0,12,0,0,0,0,0,0,,0.0,none,1,0,0,1,,,,Everton U21,bc,0,0,0,2021-08-14,2022-05-22,,0,0.0,0
13,Everton,166,Fabian Delph,yes,26.0,38,16,22,0.2222,354.7,440.0,794.8,0.4463,0.5002,0.0,0,12,0,0,0,0,0,0,2019-07-18,0.45,data_club,1,0,1,0,Manchester City,2019-07-15,219.0,,bc,0,0,0,2021-08-14,2022-05-22,,0,0.0,0
13,Everton,95368,Lucas Digne,yes,25.0,18,14,4,1.0,1260.0,360.0,1620.0,0.7778,0.654,0.0,0,12,12,0,0,0,0,0,2018-08-04,0.5,tier1,1,0,1,0,FC Barcelona,2018-08-01,219.0,,bc,20,0,0,2021-08-14,2022-01-02,,0,0.0,0
13,Everton,26031,Donny van de Beek,yes,26.0,18,9,9,0.444,264.1,359.6,623.7,0.4234,0.4748,0.0,0,12,3,0,0,0,0,0,2022-02-03,0.45,data_club,1,0,1,0,Manchester United,2022-01-31,218.0,,bc,20,0,0,2022-02-08,2022-05-22,,0,0.0,0
13,Everton,129245,Allan,yes,26.0,38,33,5,0.7465,2556.0,335.9,2892.0,0.8838,0.4365,0.0,1,11,0,0,0,1,0,0,2020-09-08,0.5,tier1,1,0,1,0,Napoli,2020-09-05,219.0,,bc,0,0,0,2021-08-14,2022-05-22,,0,0.0,0
13,Everton,764,Séamus Coleman,yes,25.0,38,34,4,0.8249,2616.9,296.9,2913.8,0.8981,0.8249,0.0,0,12,0,0,0,0,0,0,2009-01-04,0.35,tier2,1,0,1,0,Sligo Rovers,2009-01-01,219.0,,bc,0,0,0,2021-08-14,2022-05-22,,0,0.0,0
13,Everton,1572,Demarai Gray,yes,26.0,38,34,4,0.7794,2183.7,280.6,2464.3,0.8861,0.6589,0.0,0,12,0,0,0,0,0,0,2021-07-25,0.5,tier1,1,0,1,0,Bayer 04 Leverkusen,2021-07-22,219.0,,bc,0,0,0,2021-08-14,2022-05-22,,0,0.0,0
13,Everton,1826,Jordan Pickford,yes,24.0,38,35,3,1.0,3133.4,270.0,3403.4,0.9207,1.0,0.0,0,12,0,0,0,0,0,0,2017-07-04,0.0,none,1,1,1,0,Sunderland,2017-07-01,219.0,,ac,0,0,0,2021-08-14,2022-05-22,,0,0.0,0
13,Everton,1651,Salomón Rondón,yes,27.0,35,30,5,0.3737,894.3,168.2,1062.5,0.8417,0.0829,2.8,1,11,0,0,0,1,0,0,2021-09-03,0.25,tier3,1,0,1,0,Dalian Pro,2021-08-31,220.0,,bc,3,0,0,2021-09-13,2022-05-22,,0,0.0,0
13,Everton,881,Michael Keane,yes,25.0,38,36,2,0.7173,2882.6,129.1,3011.7,0.9571,0.6634,4.1,1,11,0,0,0,1,0,0,2017-07-06,0.45,data_club,1,0,1,0,Burnley,2017-07-03,219.0,,ac,0,0,0,2021-08-14,2022-05-22,,0,0.0,0
13,Everton,32404895,Jarrad Branthwaite,yes,25.0,38,26,12,0.1109,224.9,119.8,344.7,0.6525,0.2287,5.7,1,11,0,0,0,1,0,0,2020-01-16,0.35,tier2,1,0,1,0,Carlisle United,2020-01-13,219.0,,ac,0,0,0,2021-08-14,2022-05-22,,0,0.0,0
13,Everton,1881,Alex Iwobi,yes,26.0,38,35,3,0.4433,1607.4,119.7,1727.0,0.9307,1.0,0.0,0,12,0,0,0,0,0,0,2019-08-11,0.45,data_club,1,0,1,0,Arsenal,2019-08-08,219.0,,bc,0,0,0,2021-08-14,2022-05-22,,0,0.0,0
13,Everton,537271,Vitalii Mykolenko,yes,25.0,20,17,3,0.375,710.8,101.2,812.1,0.8753,0.8099,0.0,0,12,0,0,0,0,0,0,2022-01-04,0.35,tier2,1,0,1,0,Dynamo Kyiv,2022-01-01,219.0,,ac,1,0,0,2022-01-15,2022-05-22,,0,0.0,0
13,Everton,15076357,Ellis Simms,yes,27.0,38,7,31,0.0355,4.9,99.0,103.9,0.0476,0.055,0.0,0,8,0,0,0,0,4,4,,0.0,none,1,0,0,1,,,,Everton U21,bc,0,0,0,2021-08-14,2022-05-22,,0,0.0,0
13,Everton,1692,Mason Holgate,yes,25.0,38,35,3,0.3636,2083.7,98.2,2181.9,0.955,0.8273,20.3,1,12,0,0,0,0,0,0,2015-08-16,0.45,data_club,1,0,1,0,Barnsley,2015-08-13,219.0,,bc,0,0,0,2021-08-14,2022-05-22,,0,0.0,0
13,Everton,45863,Cenk Tosun,yes,27.0,38,8,30,0.0308,21.6,83.1,104.8,0.2064,0.0217,0.0,0,12,0,0,0,0,0,0,2018-01-08,0.35,tier2,1,0,1,0,Beşiktaş,2018-01-05,219.0,,bc,0,0,0,2021-08-14,2022-05-22,,0,0.0,0
13,Everton,37260638,Nathan Patterson,yes,25.0,20,6,14,0.0583,131.2,73.5,204.8,0.641,0.0,0.0,0,6,0,0,0,0,6,0,2022-01-07,0.35,tier2,1,0,1,0,Rangers,2022-01-04,219.0,,bc,18,0,0,2022-01-15,2022-05-22,,0,0.0,0
13,Everton,28912855,Lewis Dobbin,yes,27.0,33,11,22,0.0288,16.3,57.0,73.3,0.2218,0.0352,0.0,0,11,0,0,0,0,1,1,,0.0,none,1,0,0,1,,,,Everton U21,bc,0,0,0,2021-09-25,2022-05-22,,0,0.0,0
13,Everton,5013,Jonjoe Kenny,yes,25.0,38,37,1,0.6195,863.3,55.8,919.1,0.9393,0.3239,0.0,1,11,0,0,0,1,0,0,,0.0,none,1,0,0,1,,,,Everton U21,bc,0,0,0,2021-08-14,2022-05-22,,0,0.0,0
13,Everton,32421,Jean-Philippe Gbamin,yes,26.0,23,16,7,0.0343,56.9,21.6,78.5,0.7246,0.0627,0.0,0,12,0,0,0,0,0,0,2019-08-05,0.5,tier1,1,0,1,0,FSV Mainz 05,2019-08-02,219.0,,bc,15,0,0,2021-08-14,2022-02-19,,0,0.0,0
13,Everton,25354,Anwar El Ghazi,yes,26.0,20,10,10,0.0203,33.3,18.2,51.6,0.6463,0.0165,0.0,0,12,2,0,0,0,0,0,2022-01-16,0.45,data_club,1,0,1,0,Aston Villa,2022-01-13,218.0,,bc,19,1,0,2022-01-15,2022-05-22,,0,0.0,0
13,Everton,581062,Nathan Broadhead,yes,27.0,38,1,37,0.0036,0.3,11.9,12.3,0.0263,0.0036,0.0,0,9,0,0,0,0,3,3,,0.0,none,1,0,0,1,,,,Everton U21,bc,0,0,0,2021-08-14,2022-05-22,,0,0.0,0
13,Everton,133769,Moise Kean,yes,27.0,3,1,2,0.0199,1.6,3.6,5.2,0.3142,0.0215,0.0,0,4,0,0,0,0,8,0,2019-08-07,0.5,tier1,1,0,1,0,Juventus,2019-08-04,219.0,,bc,35,0,0,2021-08-14,2021-08-28,,0,0.0,0
13,Everton,10275430,Niels Nkounkou,yes,25.0,3,1,2,0.0124,1.1,2.2,3.4,0.3333,0.0124,0.0,0,12,0,0,0,0,0,0,2020-07-05,0.0,tier1,1,0,1,0,Olympique Marseille II,2020-07-02,219.0,,bc,35,0,0,2021-08-14,2021-08-28,,0,0.0,0
13,Everton,9611543,Anthony Gordon,yes,27.0,38,37,1,0.0033,1823.9,0.3,1824.2,0.9998,0.8027,0.0,0,12,0,0,0,0,0,0,,0.0,none,1,0,0,1,,,,Everton U21,bc,0,0,0,2021-08-14,2022-05-22,,0,0.0,0
13,Everton,681,Asmir Begovic,yes,24.0,38,38,0,0.1667,172.5,0.0,172.5,1.0,0.1667,0.0,0,12,0,0,0,0,0,0,2021-07-23,0.0,none,1,1,1,0,AFC Bournemouth,2021-07-20,220.0,,bc,0,0,0,2021-08-14,2022-05-22,,0,0.0,0
13,Everton,922,Dele Alli,yes,26.0,18,18,0,0.1559,384.7,0.0,384.7,1.0,0.1559,0.0,0,12,0,0,0,0,0,0,2022-02-03,0.45,data_club,1,0,1,0,Tottenham Hotspur,2022-01-31,220.0,,bc,20,0,0,2022-02-08,2022-05-22,,0,0.0,0
13,Everton,1791,Andy Lonergan,yes,24.0,36,11,25,0.0,0.0,0.0,0.0,,0.0,0.0,0,11,0,0,1,0,0,0,2021-08-23,0.0,none,1,1,1,0,West Bromwich Albion,2021-08-20,220.0,,bc,2,0,0,2021-08-28,2022-05-22,,0,0.0,0
13,Everton,28575660,Harry Tyrer,yes,24.0,38,2,36,0.0,0.0,0.0,0.0,,0.0,0.0,0,7,0,0,0,0,5,5,,0.0,none,1,1,0,1,,,,Everton U21,bc,0,0,0,2021-08-14,2022-05-22,,0,0.0,0
13,Everton,32796058,Tyler Onyango,yes,26.0,5,5,0,0.0327,1.7,0.0,1.7,1.0,0.0327,0.0,0,12,0,0,0,0,0,0,,0.0,none,1,0,0,1,,,,Everton U21,bc,38,0,5,2021-11-21,2022-01-22,,0,0.0,0
13,Everton,37259199,Reece Welch,yes,25.0,38,6,32,0.0,0.0,0.0,0.0,,0.0,0.0,0,8,0,0,0,0,4,4,,0.0,none,1,0,0,1,,,,,bc,0,0,0,2021-08-14,2022-05-22,,0,0.0,0
13,Everton,37344240,Isaac Price,yes,26.0,38,5,33,0.0,0.0,0.0,0.0,,0.013,0.0,0,7,0,0,0,0,5,5,,0.0,none,1,0,0,1,,,,,bc,0,0,0,2021-08-14,2022-05-22,,0,0.0,0
13,Everton,37356242,Charlie Whitaker,yes,26.0,32,1,31,0.0,0.0,0.0,0.0,,0.0,0.0,0,1,0,0,0,0,11,11,,0.0,none,1,0,0,1,,,,,bc,0,0,0,2021-10-02,2022-05-22,,0,0.0,0
71,Leeds United,1175,Patrick Bamford,yes,27.0,38,10,28,0.7808,691.6,1967.6,2659.1,0.2601,0.6406,0.0,0,12,0,0,0,0,0,0,2018-08-03,0.45,data_club,1,0,1,0,Middlesbrough,2018-07-31,219.0,,bc,0,0,0,2021-08-14,2022-05-22,,0,0.0,0
71,Leeds United,3344,Liam Cooper,yes,25.0,38,22,16,0.919,1809.4,1323.4,3132.8,0.5776,0.8461,0.0,0,12,0,0,0,0,0,0,2014-08-16,0.35,tier2,1,0,1,0,Chesterfield,2014-08-13,219.0,,bc,0,0,0,2021-08-14,2022-05-22,,0,0.0,0
71,Leeds United,3354,Kalvin Phillips,yes,26.0,38,23,15,0.8374,1586.3,1130.5,2716.7,0.5839,0.728,0.0,0,12,0,0,0,0,0,0,,0.0,none,1,0,0,1,,,,Leeds United U21,bc,0,0,0,2021-08-14,2022-05-22,,0,0.0,0
71,Leeds United,3158,Luke Ayling,yes,25.0,38,26,12,0.9954,2333.5,1075.0,3408.5,0.6846,0.9944,62.5,1,11,0,0,0,1,0,0,2016-08-14,0.45,data_club,1,0,1,0,Bristol City,2016-08-11,219.0,,bc,0,0,0,2021-08-14,2022-05-22,,0,0.0,0
71,Leeds United,449187,Junior Firpo,yes,25.0,38,25,13,0.6889,1453.4,806.0,2259.4,0.6433,0.7441,0.0,0,12,0,0,0,0,0,0,2021-07-09,0.5,tier1,1,0,1,0,FC Barcelona,2021-07-06,219.0,,bc,0,0,0,2021-08-14,2022-05-22,,0,0.0,0
71,Leeds United,35364,Robin Koch,yes,25.0,38,21,17,0.4893,1360.6,748.7,2109.3,0.6451,0.769,0.0,0,12,0,0,0,0,0,0,2020-09-01,0.5,tier1,1,0,1,0,SC Freiburg,2020-08-29,219.0,,bc,0,0,0,2021-08-14,2022-05-22,,0,0.0,0
71,Leeds United,186595,Diego Llorente,yes,25.0,38,30,8,0.9346,2368.5,672.9,3041.4,0.7788,0.7806,0.0,0,12,0,0,0,0,0,0,2020-09-27,0.5,tier1,1,0,1,0,Real Sociedad,2020-09-24,219.0,,bc,0,0,0,2021-08-14,2022-05-22,,0,0.0,0
71,Leeds United,1716,Adam Forshaw,yes,26.0,38,26,12,0.4922,1061.8,531.6,1593.4,0.6664,0.7349,0.0,0,12,0,0,0,0,0,0,2018-01-21,0.45,data_club,1,0,1,0,Middlesbrough,2018-01-18,219.0,,bc,0,0,0,2021-08-14,2022-05-22,,0,0.0,0
71,Leeds United,29478,Pascal Struijk,yes,25.0,38,31,7,0.825,2242.6,519.8,2762.4,0.8118,0.5951,40.7,1,12,0,0,0,0,0,0,,0.0,none,1,0,0,1,,,,Leeds United U21,bc,0,0,0,2021-08-14,2022-05-22,,0,0.0,0
71,Leeds United,4527,Tyler Roberts,yes,26.0,38,27,11,0.5167,1188.1,511.5,1699.6,0.699,0.4207,0.0,0,12,0,0,0,0,0,0,2018-02-03,0.0,tier2,1,0,1,0,West Brom U21,2018-01-31,219.0,,bc,0,0,0,2021-08-14,2022-05-22,,0,0.0,0
71,Leeds United,793,Rodrigo,yes,27.0,38,33,5,0.7729,2012.1,347.8,2359.9,0.8526,0.8184,0.0,0,12,0,0,0,0,0,0,2020-09-01,0.5,tier1,1,0,1,0,Valencia,2020-08-29,219.0,,bc,0,0,0,2021-08-14,2022-05-22,,0,0.0,0
71,Leeds United,20694519,Jamie Shackleton,yes,26.0,38,28,10,0.3547,672.1,319.3,991.3,0.6779,0.0786,0.0,0,12,0,0,0,0,0,0,,0.0,none,1,0,0,1,,,,Leeds United U21,bc,0,0,0,2021-08-14,2022-05-22,,0,0.0,0
71,Leeds United,2818,Stuart Dallas,yes,26.0,38,34,4,0.8859,2969.7,318.9,3288.6,0.903,0.8859,0.0,0,12,0,0,0,0,0,0,2015-08-07,0.45,data_club,1,0,1,0,Brentford,2015-08-04,219.0,,bc,0,0,0,2021-08-14,2022-05-22,,0,0.0,0
71,Leeds United,160258,Raphinha,yes,26.0,38,35,3,0.9079,2890.5,245.1,3135.6,0.9218,0.9506,0.0,0,12,0,0,0,0,0,0,2020-10-08,0.5,tier1,1,0,1,0,Rennes,2020-10-05,219.0,,bc,0,0,0,2021-08-14,2022-05-22,,0,0.0,0
71,Leeds United,5149,Daniel James,yes,26.0,35,32,3,0.8514,2415.1,229.9,2645.0,0.9131,0.8305,52.0,1,11,0,0,0,1,0,0,2021-09-03,0.45,data_club,1,0,1,0,Manchester United,2021-08-31,219.0,,ac,0,0,0,2021-09-12,2022-05-22,,0,0.0,0
71,Leeds United,37336214,Leo Hjelde,yes,25.0,35,16,19,0.0733,79.9,125.3,205.3,0.3893,0.1393,0.0,0,12,0,0,0,0,0,0,2021-08-30,0.0,tier2,1,0,1,0,Celtic II,2021-08-27,219.0,,bc,3,0,0,2021-09-12,2022-05-22,,0,0.0,0
71,Leeds United,9939203,Crysencio Summerville,yes,26.0,38,25,13,0.0747,124.0,87.4,211.4,0.5864,0.054,0.0,0,12,0,0,0,0,0,0,2020-09-19,0.0,unknown+override,1,0,1,0,Feyenoord U19,2020-09-16,219.0,Leeds United U21,bc,0,0,0,2021-08-14,2022-05-22,,0,0.0,0
71,Leeds United,262274,Jack Harrison,yes,26.0,38,37,1,0.9318,2656.7,83.9,2740.6,0.9694,0.8611,0.0,0,12,0,0,0,0,0,0,2021-07-05,0.45,data_club,1,0,1,0,Manchester City,2018-07-30,218.0,,bc,0,0,0,2021-08-14,2022-05-22,,0,0.0,0
71,Leeds United,37391226,Charlie Cresswell,yes,25.0,38,31,7,0.0788,129.6,49.7,179.3,0.723,0.0421,0.0,0,12,0,0,0,0,0,0,,0.0,none,1,0,0,1,,,,Leeds United U21,bc,0,0,0,2021-08-14,2022-05-22,,0,0.0,0
71,Leeds United,25063,Mateusz Klich,yes,26.0,38,37,1,0.4823,2029.6,43.4,2073.0,0.9791,0.5972,0.0,0,12,0,0,0,0,0,0,2017-07-04,0.5,tier1,1,0,1,0,FC Twente,2017-07-01,219.0,,bc,0,0,0,2021-08-14,2022-05-22,,0,0.0,0
71,Leeds United,21762788,Joe Gelhardt,yes,27.0,38,31,7,0.0654,523.3,41.2,564.5,0.927,0.3324,0.0,0,12,0,0,0,0,0,0,2020-08-13,0.45,data_club,1,0,1,0,Wigan Athletic,2020-08-10,219.0,,bc,0,0,0,2021-08-14,2022-05-22,,0,0.0,0
71,Leeds United,28912783,Lewis Bate,yes,26.0,38,16,22,0.0109,63.8,21.5,85.3,0.7479,0.0949,0.0,0,12,0,0,0,0,0,0,2021-07-25,0.0,unknown+override,1,0,1,0,Chelsea U23,2021-07-22,219.0,,bc,0,0,0,2021-08-14,2022-05-22,,0,0.0,0
71,Leeds United,22536416,Liam McCarron,yes,26.0,38,11,27,0.0069,1.9,16.9,18.7,0.1,0.0104,0.0,0,11,0,0,0,0,1,0,2019-07-04,0.35,tier2,1,0,1,0,Carlisle United,2019-07-01,219.0,,bc,0,0,0,2021-08-14,2022-05-22,,0,0.0,0
71,Leeds United,21412958,Cody Drameh,yes,25.0,19,10,9,0.0204,10.9,16.6,27.5,0.3977,0.0,0.0,0,0,0,0,12,0,0,0,2020-08-16,0.0,unknown+override,1,0,1,0,Fulham U23,2020-08-13,219.0,Leeds United U21,bc,19,0,0,2021-08-14,2022-01-02,,0,0.0,0
71,Leeds United,28176046,Stuart McKinstry,yes,26.0,34,9,25,0.0053,2.2,12.0,14.2,0.1538,0.0061,0.0,0,9,0,0,0,0,3,3,,0.0,none,1,0,0,1,,,,,bc,0,0,0,2021-09-17,2022-05-22,,0,0.0,0
71,Leeds United,28912710,Sam Greenwood,yes,27.0,38,21,17,0.0054,91.0,8.2,99.2,0.9173,0.2123,0.0,0,12,0,0,0,0,0,0,2020-08-31,0.0,unknown+override,1,0,1,0,Arsenal U18,2020-08-28,219.0,Leeds United U21,bc,0,0,0,2021-08-14,2022-05-22,,0,0.0,0
71,Leeds United,6563,Hélder Costa,yes,27.0,3,3,0,0.3943,115.3,0.0,115.3,1.0,0.3943,0.0,0,12,0,0,0,0,0,0,2020-07-04,0.45,data_club,1,0,1,0,Wolverhampton Wanderers,2019-07-03,218.0,,bc,35,0,0,2021-08-14,2021-08-29,,0,0.0,0
71,Leeds United,432881,Illan Meslier,yes,24.0,38,38,0,0.9671,3223.8,0.0,3223.8,1.0,0.9671,0.0,0,12,0,0,0,0,0,0,2020-07-30,0.0,none,1,1,1,0,Lorient,2019-08-08,218.0,,bc,0,0,0,2021-08-14,2022-05-22,,0,0.0,0
71,Leeds United,455794,Kristoffer Klaesson,yes,24.0,38,38,0,0.0329,23.7,0.0,23.7,1.0,0.0329,0.0,0,12,0,0,0,0,0,0,2021-08-03,0.0,none,1,1,1,0,Vålerenga,2021-07-31,219.0,,bc,0,0,0,2021-08-14,2022-05-22,,0,0.0,0
71,Leeds United,37391230,Nohan Kenneh,yes,26.0,34,14,20,0.0,0.0,0.0,0.0,,0.0,0.0,0,12,0,0,0,0,0,0,,0.0,none,1,0,0,1,,,,,bc,0,0,0,2021-09-17,2022-05-22,,0,0.0,0
71,Leeds United,37391231,Jack Jenkins,yes,26.0,38,9,29,0.0,0.0,0.0,0.0,,0.0,0.0,0,12,0,0,0,0,0,0,,0.0,none,1,0,0,1,,,,,bc,0,0,0,2021-08-14,2022-05-22,,0,0.0,0
71,Leeds United,37395398,Kris Moore,yes,25.0,21,4,17,0.0,0.0,0.0,0.0,,0.0,0.0,0,4,0,0,0,0,8,8,,0.0,none,1,0,0,1,,,,,bc,0,0,0,2021-12-18,2022-05-22,,0,0.0,0
71,Leeds United,37581741,Archie Gray,yes,26.0,21,6,15,0.0,0.0,0.0,0.0,,0.0,0.0,0,6,0,0,0,0,6,6,,0.0,none,1,0,0,1,,,,Leeds United U18,bc,0,0,0,2021-12-18,2022-05-22,,0,0.0,0
42,Leicester City,11311795,Wesley Fofana,yes,25.0,38,9,29,0.8029,624.5,2095.6,2720.0,0.2296,0.768,0.0,0,12,0,0,0,0,0,0,2020-10-05,0.5,tier1,1,0,1,0,Saint-Étienne,2020-10-02,219.0,,bc,0,0,0,2021-08-14,2022-05-22,,0,0.0,0
42,Leicester City,12514,James Justin,yes,25.0,38,15,23,0.9603,1134.4,1987.8,3122.2,0.3633,0.7228,0.0,0,12,0,0,0,0,0,0,2019-07-04,0.45,data_club,1,0,1,0,Luton Town,2019-07-01,219.0,,bc,0,0,0,2021-08-14,2022-05-22,,0,0.0,0
42,Leicester City,1350,Ryan Bertrand,yes,25.0,38,9,29,0.5687,639.4,1484.3,2123.7,0.3011,0.5226,0.0,0,12,3,0,0,0,0,0,2021-07-18,0.45,data_club,1,0,1,0,Southampton,2021-07-15,220.0,,bc,0,0,0,2021-08-14,2022-05-22,,0,0.0,0
42,Leicester City,612,Jonny Evans,yes,25.0,38,20,18,0.8184,1460.8,1325.8,2786.6,0.5242,0.7248,0.0,0,12,0,0,0,0,0,0,2018-07-04,0.45,data_club,1,0,1,0,West Bromwich Albion,2018-07-01,219.0,,bc,0,0,0,2021-08-14,2022-05-22,,0,0.0,0
42,Leicester City,5319,Wilfred Ndidi,yes,26.0,38,21,17,0.8554,1716.2,1308.7,3024.9,0.5673,0.8297,0.0,0,12,0,0,0,0,0,0,2017-01-06,0.5,tier1,1,0,1,0,Genk,2017-01-03,219.0,,bc,0,0,0,2021-08-14,2022-05-22,,0,0.0,0
42,Leicester City,10309700,Luke Thomas,yes,25.0,38,27,11,0.7888,2003.2,780.9,2784.0,0.7195,0.6667,0.0,0,12,0,0,0,0,0,0,,0.0,none,1,0,0,1,,,,Leicester U21,ac,0,0,0,2021-08-14,2022-05-22,,0,0.0,0
42,Leicester City,62337,Timothy Castagne,yes,25.0,38,29,9,0.9634,2206.5,780.3,2986.8,0.7387,0.7883,0.0,0,12,0,0,0,0,0,0,2020-09-06,0.5,tier1,1,0,1,0,Atalanta,2020-09-03,219.0,,bc,0,0,0,2021-08-14,2022-05-22,,0,0.0,0
42,Leicester City,1182,Jamie Vardy,yes,27.0,38,27,11,0.6802,1987.7,673.4,2661.1,0.7469,0.5339,0.0,0,12,0,0,0,0,0,0,2012-07-04,0.35,tier2,1,0,1,0,Fleetwood Town,2012-07-01,219.0,,bc,0,0,0,2021-08-14,2022-05-22,,0,0.0,0
42,Leicester City,96838,Ricardo Pereira,yes,25.0,38,24,14,0.5146,1028.3,648.4,1676.7,0.6133,0.368,0.0,0,12,0,0,0,0,0,0,2018-07-04,0.5,tier1,1,0,1,0,Porto,2018-07-01,219.0,,bc,0,0,0,2021-08-14,2022-05-22,,0,0.0,0
42,Leicester City,62342,Youri Tielemans,yes,26.0,38,33,5,0.9566,2686.0,430.4,3116.4,0.8619,0.8389,0.0,0,12,0,0,0,0,0,0,2019-07-11,0.5,tier1,1,0,1,0,Monaco,2019-01-31,218.0,,bc,0,0,0,2021-08-14,2022-05-22,,0,0.0,0
42,Leicester City,432912,Boubakary Soumaré,yes,26.0,38,26,12,0.3851,1234.4,415.9,1650.3,0.748,0.3089,0.0,0,12,0,0,0,0,0,0,2021-07-05,0.5,tier1,1,0,1,0,LOSC Lille,2021-07-02,219.0,,bc,0,0,0,2021-08-14,2022-05-22,,0,0.0,0
42,Leicester City,31129,Jannik Vestergaard,yes,25.0,38,25,13,0.2805,1037.3,328.2,1365.5,0.7596,0.171,0.0,0,12,0,0,0,0,0,0,2021-08-16,0.45,data_club,1,0,1,0,Southampton,2021-08-13,219.0,,bc,1,1,0,2021-08-14,2022-05-22,,0,0.0,0
42,Leicester City,4679,Nampalys Mendy,yes,26.0,38,17,21,0.1481,624.4,279.9,904.4,0.6905,0.8796,0.0,0,12,0,0,0,0,0,0,2016-07-06,0.5,tier1,1,0,1,0,Nice,2016-07-03,219.0,,bc,0,0,0,2021-08-14,2022-05-22,,0,0.0,0
42,Leicester City,6838,James Maddison,yes,26.0,38,35,3,0.7999,2299.6,216.0,2515.6,0.9141,0.8633,0.0,0,12,0,0,0,0,0,0,2018-07-04,0.45,data_club,1,0,1,0,Norwich City,2018-07-01,219.0,,bc,0,0,0,2021-08-14,2022-05-22,,0,0.0,0
42,Leicester City,1396,Ayoze Pérez,yes,27.0,38,32,6,0.3624,618.8,195.7,814.5,0.7597,0.2171,9.0,1,12,0,0,0,0,0,0,2019-07-07,0.45,data_club,1,0,1,0,Newcastle United,2019-07-04,219.0,,bc,0,0,0,2021-08-14,2022-05-22,,0,0.0,0
42,Leicester City,174,Marc Albrighton,yes,26.0,38,34,4,0.5198,1420.1,187.1,1607.2,0.8836,0.2075,0.0,0,12,0,0,0,0,0,0,2014-07-04,0.45,data_club,1,0,1,0,Aston Villa,2014-07-01,220.0,,bc,0,0,0,2021-08-14,2022-05-22,,0,0.0,0
42,Leicester City,10601,Harvey Barnes,yes,26.0,38,35,3,0.6675,2293.4,180.2,2473.6,0.9271,0.58,0.0,0,12,0,0,0,0,0,0,,0.0,none,1,0,0,1,,,,Leicester U21,bc,0,0,0,2021-08-14,2022-05-22,,0,0.0,0
42,Leicester City,32574,Çaglar Söyüncü,yes,25.0,38,36,2,0.9756,2921.1,175.6,3096.7,0.9433,0.4167,0.0,0,12,0,0,0,0,0,0,2018-08-12,0.5,tier1,1,0,1,0,SC Freiburg,2018-08-09,219.0,,bc,0,0,0,2021-08-14,2022-05-22,,0,0.0,0
42,Leicester City,1573,Daniel Amartey,yes,25.0,38,34,4,0.4204,1829.1,151.3,1980.5,0.9236,0.6633,0.0,0,12,0,0,0,0,0,0,2016-01-25,0.35,tier2,1,0,1,0,FC København,2016-01-22,219.0,,bc,0,0,0,2021-08-14,2022-05-22,,0,0.0,0
42,Leicester City,1488,Kelechi Iheanacho,yes,27.0,38,35,3,0.4317,1555.4,116.6,1671.9,0.9303,0.4766,0.0,0,12,0,0,0,0,0,0,2017-08-06,0.45,data_club,1,0,1,0,Manchester City,2017-08-03,219.0,,bc,0,0,0,2021-08-14,2022-05-22,,0,0.0,0
42,Leicester City,5321,Ademola Lookman,yes,27.0,35,33,2,0.5797,1645.0,104.4,1749.3,0.9403,0.2925,0.0,0,12,0,0,0,0,0,0,2021-09-03,0.5,tier1,1,0,1,0,RB Leipzig,2021-08-31,218.0,,bc,3,0,0,2021-09-11,2022-05-22,,0,0.0,0
42,Leicester City,540613,Kiernan Dewsbury-Hall,yes,26.0,38,36,2,0.4972,1554.5,89.5,1644.0,0.9456,0.9579,0.0,0,12,0,0,0,0,0,0,,0.0,none,1,0,0,1,,,,Leicester U21,bc,0,0,0,2021-08-14,2022-05-22,,0,0.0,0
42,Leicester City,55485,Patson Daka,yes,27.0,38,36,2,0.2507,1184.2,45.1,1229.3,0.9633,0.3666,0.0,0,12,0,0,0,0,0,0,2021-07-04,0.35,tier2,1,0,1,0,Salzburg,2021-07-01,219.0,,bc,0,0,0,2021-08-14,2022-05-22,,0,0.0,0
42,Leicester City,6518,Hamza Choudhury,yes,26.0,38,31,7,0.045,296.7,28.3,325.0,0.9128,0.0578,0.0,0,12,0,0,0,0,0,0,,0.0,none,1,0,0,1,,,,Leicester U21,bc,0,0,0,2021-08-14,2022-05-22,,0,0.0,0
42,Leicester City,539997,Thakgalo Leshabela,yes,26.0,18,0,18,0.0113,0.0,18.3,18.3,0.0,0.0113,0.0,0,5,0,0,0,0,7,7,,0.0,none,1,0,0,1,,,,,,0,0,0,2022-02-10,2022-05-22,,0,0.0,18
42,Leicester City,11705405,Lewis Brunt,yes,25.0,23,5,18,0.0063,0.0,10.2,10.2,0.0,0.0227,0.0,0,5,0,0,0,0,7,7,,0.0,none,1,0,0,1,,,,,bc,0,0,0,2021-12-12,2022-05-22,,0,0.0,0
42,Leicester City,28575743,Kasey McAteer,yes,26.0,23,5,18,0.0044,1.6,7.1,8.7,0.1818,0.0044,0.0,0,5,0,0,0,0,7,7,,0.0,none,1,0,0,1,,,,Leicester U21,bc,0,0,0,2021-12-12,2022-05-22,,0,0.0,0
42,Leicester City,169,Kasper Schmeichel,yes,24.0,38,38,0,0.9167,3405.0,0.0,3405.0,1.0,0.9167,0.0,0,12,0,0,0,0,0,0,2011-07-04,0.0,none,1,1,1,0,Leeds United,2011-07-01,219.0,,bc,0,0,0,2021-08-14,2022-05-22,,0,0.0,0
42,Leicester City,320,Danny Ward,yes,27.0,0,0,0,0.0,0.0,0.0,0.0,,0.0,0.0,0,0,0,12,0,0,0,0,,0.0,none,1,0,0,1,,,,,,0,0,0,,,,0,0.0,0
42,Leicester City,1574,Eldin Jakupovic,yes,24.0,38,9,29,0.0,0.0,0.0,0.0,,0.0,0.0,0,9,0,0,0,0,3,0,2017-07-22,0.0,none,1,1,1,0,Hull City,2017-07-19,219.0,,bc,0,0,0,2021-08-14,2022-05-22,,0,0.0,0
42,Leicester City,3282,Danny Ward,yes,24.0,38,32,6,0.0,15.0,0.0,15.0,1.0,0.0833,0.0,0,12,0,0,0,0,0,0,2018-07-23,0.0,none,1,1,1,0,Liverpool,2018-07-20,219.0,,bc,0,0,0,2021-08-14,2022-05-22,,0,0.0,0
42,Leicester City,61654,Dennis Praet,yes,26.0,3,3,0,0.0581,26.2,0.0,26.2,1.0,0.0581,0.0,0,12,0,0,0,0,0,0,2019-08-11,0.5,tier1,1,0,1,0,Sampdoria,2019-08-08,219.0,,bc,35,0,0,2021-08-14,2021-08-28,,0,0.0,0
42,Leicester City,12433172,Vontae Daley-Campbell,yes,25.0,38,5,33,0.0,0.0,0.0,0.0,,0.0,0.0,0,12,0,0,0,0,0,0,,0.0,none,1,0,0,1,,,,,bc,0,0,0,2021-08-14,2022-05-22,,0,0.0,0
42,Leicester City,37342596,Ben Nelson,yes,25.0,23,3,20,0.0,0.0,0.0,0.0,,0.0,0.0,0,3,0,0,0,0,9,9,,0.0,none,1,0,0,1,,,,Leicester U21,c,0,0,0,2021-12-12,2022-05-22,,0,0.0,0
42,Leicester City,37545771,Sammy Braybrooke,yes,26.0,0,0,0,0.0,0.0,0.0,0.0,,0.0,0.0,0,0,0,0,0,0,12,12,,0.0,none,0,0,0,1,,,,Leicester U21,,0,0,0,,,,0,0.0,0
42,Leicester City,37561629,Will Alves,yes,26.0,0,0,0,0.0,0.0,0.0,0.0,,0.0,0.0,0,0,0,0,0,0,12,12,,0.0,none,0,0,0,1,,,,Leicester U21,,0,0,0,,,,0,0.0,0
8,Liverpool,1494396,Nathaniel Phillips,yes,25.0,22,4,18,0.7879,302.8,1276.4,1579.2,0.1917,0.0,0.0,0,0,0,12,0,0,0,0,,0.0,none,1,0,0,1,,,,Liverpool U21,bc,16,0,0,2021-08-14,2022-01-23,,0,0.0,0
8,Liverpool,4545525,Rhys Williams,yes,25.0,20,1,19,0.5307,48.8,907.5,956.3,0.051,0.4583,0.0,0,2,0,10,0,0,0,0,,0.45,data_club,1,0,1,0,Blackpool,2023-05-31,218.0,Liverpool U21,bc,18,0,0,2021-08-14,2022-05-22,,0,0.0,0
8,Liverpool,1461,Roberto Firmino,yes,27.0,38,22,16,0.6226,1223.8,896.5,2120.3,0.5772,0.5252,0.0,0,12,0,0,0,0,0,0,2015-07-04,0.5,tier1,1,0,1,0,TSG Hoffenheim,2015-07-01,219.0,,bc,0,0,0,2021-08-14,2022-05-22,,0,0.0,0
8,Liverpool,31857,Thiago Alcântara,yes,26.0,38,26,12,0.7323,1713.3,790.9,2504.2,0.6842,0.6529,0.0,0,12,0,0,0,0,0,0,2020-09-21,0.5,tier1,1,0,1,0,FC Bayern München,2020-09-18,219.0,,bc,0,0,0,2021-08-14,2022-05-22,,0,0.0,0
8,Liverpool,96099,Fabinho,yes,26.0,38,30,8,0.8793,2459.7,633.1,3092.8,0.7953,0.7295,0.0,0,12,0,0,0,0,0,0,2018-07-04,0.5,tier1,1,0,1,0,Monaco,2018-07-01,219.0,,bc,0,0,0,2021-08-14,2022-05-22,,0,0.0,0
8,Liverpool,23269836,Harvey Elliott,yes,26.0,38,12,26,0.2378,212.9,556.5,769.4,0.2767,0.3157,0.0,0,12,0,0,0,0,0,0,2019-07-31,0.0,unknown+override,1,0,1,0,Fulham U18,2019-07-28,219.0,Liverpool U21,bc,0,0,0,2021-08-14,2022-05-22,,0,0.0,0
8,Liverpool,4545513,Curtis Jones,yes,26.0,38,25,13,0.3616,801.6,423.0,1224.6,0.6546,0.1975,0.0,0,12,0,0,0,0,0,0,,0.0,none,1,0,0,1,,,,Liverpool U21,bc,0,0,0,2021-08-14,2022-05-22,,0,0.0,0
8,Liverpool,1078,Andy Robertson,yes,25.0,38,33,5,0.9218,2638.1,414.8,3052.9,0.8641,0.8898,0.3,1,12,0,0,0,0,0,0,2017-07-24,0.45,data_club,1,0,1,0,Hull City,2017-07-21,219.0,,bc,0,0,0,2021-08-14,2022-05-22,,0,0.0,0
8,Liverpool,1917,Trent Alexander-Arnold,yes,25.0,38,34,4,0.9575,2942.7,344.7,3287.4,0.8951,0.8333,0.0,0,12,0,0,0,0,0,0,,0.0,none,1,0,0,1,,,,Liverpool U18,bc,0,0,0,2021-08-14,2022-05-22,,0,0.0,0
8,Liverpool,1389,Sadio Mané,yes,27.0,38,34,4,0.903,2773.7,325.1,3098.8,0.8951,0.8789,0.0,0,12,0,0,0,0,0,0,2016-07-04,0.45,data_club,1,0,1,0,Southampton,2016-07-01,219.0,,bc,0,0,0,2021-08-14,2022-05-22,,0,0.0,0
8,Liverpool,32640,Naby Keïta,yes,26.0,38,29,9,0.3434,986.2,278.2,1264.4,0.78,0.4608,0.0,0,12,0,0,0,0,0,0,2018-07-04,0.5,tier1,1,0,1,0,RB Leipzig,2018-07-01,219.0,,bc,0,0,0,2021-08-14,2022-05-22,,0,0.0,0
8,Liverpool,1743,Virgil van Dijk,yes,25.0,38,35,3,1.0,2860.3,270.0,3130.3,0.9137,0.9167,0.0,0,12,0,0,0,0,0,0,2018-01-04,0.45,data_club,1,0,1,0,Southampton,2018-01-01,219.0,,ac,0,0,0,2021-08-14,2022-05-22,,0,0.0,0
8,Liverpool,197,James Milner,yes,26.0,38,32,6,0.4868,973.9,262.9,1236.8,0.7875,0.2307,0.0,0,12,0,0,0,0,0,0,2015-07-04,0.45,data_club,1,0,1,0,Manchester City,2015-07-01,220.0,,bc,0,0,0,2021-08-14,2022-05-22,,0,0.0,0
8,Liverpool,4125,Mohamed Salah,yes,27.0,38,35,3,0.9087,2923.2,245.4,3168.5,0.9226,0.7087,0.0,0,12,0,0,0,0,0,0,2017-07-04,0.5,tier1,1,0,1,0,Roma,2017-07-01,219.0,,bc,0,0,0,2021-08-14,2022-05-22,,0,0.0,0
8,Liverpool,1920,Joël Matip,yes,25.0,38,35,3,0.8784,2710.2,237.2,2947.4,0.9195,0.9167,0.0,0,12,0,0,0,0,0,0,2016-07-04,0.5,tier1,1,0,1,0,Schalke 04,2016-07-01,220.0,,bc,0,0,0,2021-08-14,2022-05-22,,0,0.0,0
8,Liverpool,323,Jordan Henderson,yes,26.0,38,35,3,0.8641,2595.0,233.3,2828.3,0.9175,0.7904,0.0,0,12,0,0,0,0,0,0,2011-07-04,0.45,data_club,1,0,1,0,Sunderland,2011-07-01,219.0,,bc,0,0,0,2021-08-14,2022-05-22,,0,0.0,0
8,Liverpool,850,Alex Oxlade-Chamberlain,yes,26.0,38,29,9,0.2437,745.1,197.4,942.5,0.7905,0.2436,0.0,0,12,0,0,0,0,0,0,2017-09-03,0.45,data_club,1,0,1,0,Arsenal,2017-08-31,219.0,,bc,0,0,0,2021-08-14,2022-05-22,,0,0.0,0
8,Liverpool,129820,Alisson Becker,yes,24.0,38,36,2,1.0,3240.0,180.0,3420.0,0.9474,1.0,0.0,0,12,0,0,0,0,0,0,2018-07-22,0.0,none,1,1,1,0,Roma,2018-07-19,219.0,,ac,0,0,0,2021-08-14,2022-05-22,,0,0.0,0
8,Liverpool,159917,Diogo Jota,yes,27.0,38,36,2,0.8261,2290.9,148.7,2439.6,0.939,0.6596,0.0,0,12,0,0,0,0,0,0,2020-09-22,0.45,data_club,1,0,1,0,Wolverhampton Wanderers,2020-09-19,219.0,,bc,0,0,0,2021-08-14,2022-05-22,,0,0.0,0
8,Liverpool,1453,Joe Gomez,yes,25.0,38,29,9,0.1499,626.0,121.4,747.4,0.8376,0.2908,0.0,0,12,0,0,0,0,0,0,2015-07-04,0.45,data_club,1,0,1,0,Charlton Athletic,2015-07-01,219.0,,ac,0,0,0,2021-08-14,2022-05-22,,0,0.0,0
8,Liverpool,1472,Divock Origi,yes,27.0,38,18,20,0.0654,102.9,117.8,220.7,0.4662,0.1269,0.0,0,12,0,0,0,0,0,0,2014-08-01,0.5,tier1,1,0,1,0,LOSC Lille,2014-07-29,219.0,,bc,0,0,0,2021-08-14,2022-05-22,,0,0.0,0
8,Liverpool,37316836,Tyler Morton,yes,26.0,29,9,20,0.0531,18.6,95.5,114.1,0.1632,0.061,0.0,0,9,0,0,0,0,3,3,,0.0,none,1,0,0,1,,,,Liverpool U21,bc,0,0,0,2021-10-30,2022-05-22,,0,0.0,0
8,Liverpool,52671,Takumi Minamino,yes,27.0,38,26,12,0.0814,305.4,87.9,393.3,0.7765,0.1425,0.0,0,12,0,0,0,0,0,0,2020-01-04,0.35,tier2,1,0,1,0,Salzburg,2020-01-01,219.0,,bc,0,0,0,2021-08-14,2022-05-22,,0,0.0,0
8,Liverpool,11720838,Neco Williams,yes,25.0,22,13,9,0.0719,32.9,58.2,91.2,0.3615,0.0,0.0,0,0,0,12,0,0,0,0,,0.0,none,1,0,0,1,,,,Liverpool U21,bc,16,0,0,2021-08-14,2022-01-23,,0,0.0,0
8,Liverpool,84627,Kostas Tsimikas,yes,25.0,38,36,2,0.2618,697.0,47.1,744.1,0.9367,0.2769,0.0,0,12,0,0,0,0,0,0,2020-08-13,0.35,tier2,1,0,1,0,Olympiacos F.C.,2020-08-10,219.0,,ac,0,0,0,2021-08-14,2022-05-22,,0,0.0,0
8,Liverpool,100556,Ibrahima Konaté,yes,25.0,38,37,1,0.3333,1027.5,30.0,1057.5,0.9716,0.3333,0.0,0,12,0,0,0,0,0,0,2021-07-04,0.5,tier1,1,0,1,0,RB Leipzig,2021-07-01,219.0,,bc,0,0,0,2021-08-14,2022-05-22,,0,0.0,0
8,Liverpool,896225,Caoimhín Kelleher,yes,24.0,38,36,2,0.1667,262.5,30.0,292.5,0.8974,0.0,0.0,0,12,0,0,0,0,0,0,,0.0,none,1,1,0,1,,,,Liverpool U21,bc,0,0,0,2021-08-14,2022-05-22,,0,0.0,0
8,Liverpool,37373580,Kaide Gordon,yes,27.0,38,4,34,0.0051,1.0,15.5,16.5,0.0588,0.0108,0.0,0,4,0,4,0,0,4,0,2021-02-09,0.0,unknown+override,1,0,1,0,Derby U18,2021-02-06,219.0,,bc,0,0,0,2021-08-14,2022-05-22,,0,0.0,0
8,Liverpool,1251,Adrián,yes,24.0,38,5,33,0.0,0.0,0.0,0.0,,0.0,0.0,0,12,0,0,0,0,0,0,2019-08-08,0.0,none,1,1,1,0,West Ham United,2019-08-05,220.0,,bc,0,0,0,2021-08-14,2022-05-22,,0,0.0,0
8,Liverpool,4817,Loris Karius,yes,24.0,38,0,38,0.0,0.0,0.0,0.0,,0.0,0.0,0,0,0,0,0,0,12,0,2016-07-04,0.0,none,1,1,1,0,FSV Mainz 05,2016-07-01,219.0,,b,0,0,0,2021-08-14,2022-05-22,,0,0.0,0
8,Liverpool,5193,Ben Woodburn,yes,26.0,2,1,1,0.0,0.0,0.0,0.0,,0.0,0.0,0,4,0,0,0,0,8,8,,0.0,none,1,0,0,1,,,,Liverpool U18,bc,36,0,0,2021-08-14,2021-08-21,,0,0.0,0
8,Liverpool,241036,Luis Díaz,yes,27.0,16,16,0,0.6449,873.2,0.0,873.2,1.0,0.6449,0.0,0,12,0,0,0,0,0,0,2022-02-02,0.5,tier1,1,0,1,0,Porto,2022-01-30,219.0,,bc,22,0,0,2022-02-10,2022-05-22,,0,0.0,0
8,Liverpool,6306103,Elijah Dixon-Bonner,no,26.0,0,0,0,0.0,0.0,0.0,0.0,,0.0,0.0,0,0,0,0,0,0,12,12,,0.0,none,0,0,0,1,,,,,,0,0,0,,,,0,0.0,0
8,Liverpool,24081647,Owen Beck,yes,25.0,27,3,24,0.0,0.0,0.0,0.0,,0.0,0.0,0,3,0,0,0,0,9,9,,0.0,none,1,0,0,1,,,,Liverpool U21,bc,0,0,0,2021-11-20,2022-05-22,,0,0.0,0
8,Liverpool,37259163,Jarell Quansah,yes,25.0,21,1,20,0.0,0.0,0.0,0.0,,0.0,0.0,0,1,0,0,0,0,11,11,,0.0,none,1,0,0,1,,,,Liverpool U21,bc,0,0,0,2021-12-19,2022-05-22,,0,0.0,0
8,Liverpool,37259169,Max Woltman,no,26.0,0,0,0,0.0,0.0,0.0,0.0,,0.0,0.0,0,0,0,0,0,0,12,12,,0.0,none,0,0,0,1,,,,,,0,0,0,,,,0,0.0,0
8,Liverpool,37316834,Harvey Davies,yes,24.0,0,0,0,0.0,0.0,0.0,0.0,,0.0,0.0,0,0,0,0,0,0,12,12,,0.0,none,0,1,0,1,,,,Liverpool U21,,0,0,0,,,,0,0.0,0
8,Liverpool,37316835,Conor Bradley,yes,25.0,27,1,26,0.0,0.0,0.0,0.0,,0.0,0.0,0,1,0,0,0,0,11,11,,0.0,none,1,0,0,1,,,,Liverpool U21,c,0,0,0,2021-11-20,2022-05-22,,0,0.0,0
8,Liverpool,37341803,Marcelo Pitaluga,yes,24.0,38,2,36,0.0,0.0,0.0,0.0,,0.0,0.0,0,2,0,0,0,0,10,0,2020-10-02,0.0,none,1,1,1,0,Fluminense U20,2020-09-29,219.0,,bc,0,0,0,2021-08-14,2022-05-22,,0,0.0,0
8,Liverpool,900594721,Melkamu Frauendorf,yes,,0,0,0,0.0,0.0,0.0,0.0,,0.0,0.0,0,0,0,0,0,0,12,12,,0.0,none,0,0,0,1,,,,,,0,0,0,,,,0,0.0,0
8,Liverpool,900618495,James Norris,yes,,0,0,0,0.0,0.0,0.0,0.0,,0.0,0.0,0,0,0,0,0,0,12,12,,0.0,none,0,0,0,1,,,,,,0,0,0,,,,0,0.0,0
9,Manchester City,96183,Benjamin Mendy,yes,25.0,38,2,36,0.4864,81.2,1575.8,1656.9,0.049,0.4864,0.0,0,12,0,0,0,0,0,0,2017-07-27,0.5,tier1,1,0,1,0,Monaco,2017-07-24,219.0,,bc,0,0,0,2021-08-15,2022-05-22,,0,0.0,0
9,Manchester City,911,Kyle Walker,yes,25.0,38,27,11,0.7462,1686.8,738.8,2425.5,0.6954,0.6667,0.0,0,12,0,0,0,0,0,0,2017-07-17,0.45,data_club,1,0,1,0,Tottenham Hotspur,2017-07-14,219.0,,bc,0,0,0,2021-08-15,2022-05-22,,0,0.0,0
9,Manchester City,448389,Ferran Torres,yes,27.0,21,7,14,0.5389,367.1,679.0,1046.1,0.3509,0.5389,0.0,0,12,0,0,0,0,0,0,2020-08-07,0.5,tier1,1,0,1,0,Valencia,2020-08-04,219.0,,bc,17,0,0,2021-08-15,2022-01-01,,0,0.0,0
9,Manchester City,162536,Rúben Dias,yes,25.0,38,31,7,0.856,2317.8,539.3,2857.1,0.8112,0.8338,0.0,0,12,0,0,0,0,0,0,2020-10-02,0.5,tier1,1,0,1,0,Benfica,2020-09-29,219.0,,ac,0,0,0,2021-08-15,2022-05-22,,0,0.0,0
9,Manchester City,982,John Stones,yes,25.0,38,27,11,0.4965,1057.3,491.5,1548.8,0.6827,0.6526,0.0,0,12,0,0,0,0,0,0,2016-08-12,0.45,data_club,1,0,1,0,Everton,2016-08-09,219.0,,bc,0,0,0,2021-08-15,2022-05-22,,0,0.0,0
9,Manchester City,26603,Oleksandr Zinchenko,yes,25.0,38,32,6,0.4553,1097.5,245.8,1343.3,0.817,0.4174,0.0,0,12,0,0,0,0,0,0,2016-07-07,0.35,tier2,1,0,1,0,Ufa,2016-07-04,219.0,,bc,0,0,0,2021-08-15,2022-05-22,,0,0.0,0
9,Manchester City,186910,Rodri,yes,26.0,38,35,3,0.8916,2776.9,240.7,3017.6,0.9202,0.9712,0.0,0,12,0,0,0,0,0,0,2019-07-07,0.5,tier1,1,0,1,0,Atlético de Madrid,2019-07-04,219.0,,bc,0,0,0,2021-08-15,2022-05-22,,0,0.0,0
9,Manchester City,1371,Kevin De Bruyne,yes,26.0,38,33,5,0.5203,1988.0,234.1,2222.1,0.8946,0.8535,0.0,0,12,0,0,0,0,0,0,2015-09-02,0.5,tier1,1,0,1,0,VfL Wolfsburg,2015-08-30,219.0,,bc,0,0,0,2021-08-15,2022-05-22,,0,0.0,0
9,Manchester City,336133,Phil Foden,yes,26.0,38,33,5,0.4929,1987.3,221.8,2209.1,0.8996,0.7294,0.0,0,12,0,0,0,0,0,0,,0.0,none,1,0,0,1,,,,Manchester City U18,ac,0,0,0,2021-08-15,2022-05-22,,0,0.0,0
9,Manchester City,1116,Jack Grealish,yes,26.0,38,34,4,0.6108,1854.0,219.9,2073.9,0.894,0.6034,0.0,0,12,0,0,0,0,0,0,2021-08-08,0.45,data_club,1,0,1,0,Aston Villa,2021-08-05,219.0,,bc,0,0,0,2021-08-15,2022-05-22,,0,0.0,0
9,Manchester City,5329,Gabriel Jesus,yes,27.0,38,34,4,0.5862,1941.4,211.0,2152.4,0.902,0.5137,0.0,0,12,0,0,0,0,0,0,2017-01-04,0.25,tier3,1,0,1,0,Palmeiras,2017-01-01,219.0,,bc,0,0,0,2021-08-15,2022-05-22,,0,0.0,0
9,Manchester City,4842,Ilkay Gündogan,yes,26.0,38,35,3,0.6798,1776.5,183.6,1960.0,0.9064,0.5487,0.0,0,12,0,0,0,0,0,0,2016-07-04,0.5,tier1,1,0,1,0,Borussia Dortmund,2016-07-01,219.0,,bc,0,0,0,2021-08-15,2022-05-22,,0,0.0,0
9,Manchester City,186299,Aymeric Laporte,yes,25.0,38,35,3,0.6743,2602.4,182.1,2784.5,0.9346,0.9413,11.3,1,12,0,0,0,0,0,0,2018-02-02,0.5,tier1,1,0,1,0,Athletic Club,2018-01-30,219.0,,bc,0,0,0,2021-08-15,2022-05-22,,0,0.0,0
9,Manchester City,28912976,Liam Delap,yes,27.0,38,4,34,0.0407,15.3,124.6,140.0,0.1096,0.0479,0.0,0,10,0,0,0,0,2,2,,0.0,none,1,0,0,1,,,,,bc,0,0,0,2021-08-15,2022-05-22,,0,0.0,0
9,Manchester City,28912747,Cole Palmer,yes,26.0,38,24,14,0.0807,120.1,101.7,221.8,0.5416,0.0134,0.0,0,12,0,0,0,0,0,0,,0.0,none,1,0,0,1,,,,Manchester City U21,bc,0,0,0,2021-08-15,2022-05-22,,0,0.0,0
9,Manchester City,971,Riyad Mahrez,yes,27.0,38,36,2,0.5541,1529.9,99.7,1629.6,0.9388,0.4504,0.0,0,12,0,0,0,0,0,0,2018-07-13,0.45,data_club,1,0,1,0,Leicester City,2018-07-10,219.0,,bc,0,0,0,2021-08-15,2022-05-22,,0,0.0,0
9,Manchester City,159142,Ederson,yes,24.0,38,37,1,1.0,3330.0,90.0,3420.0,0.9737,1.0,0.0,0,12,0,0,0,0,0,0,2017-07-04,0.0,none,1,1,1,0,Benfica,2017-07-01,219.0,,bc,0,0,0,2021-08-15,2022-05-22,,0,0.0,0
9,Manchester City,160956,João Cancelo,yes,25.0,38,37,1,0.9854,3042.4,88.7,3131.1,0.9717,1.0,0.0,0,12,0,0,0,0,0,0,2019-08-10,0.5,tier1,1,0,1,0,Juventus,2019-08-07,219.0,,bc,0,0,0,2021-08-15,2022-05-22,,0,0.0,0
9,Manchester City,105,Scott Carson,yes,24.0,38,18,20,0.0458,90.0,82.5,172.5,0.5217,0.0,0.0,0,12,0,0,0,0,0,0,2021-07-23,0.0,none,1,1,1,0,Derby County,2019-08-08,218.0,,bc,0,0,0,2021-08-15,2022-05-22,,0,0.0,0
9,Manchester City,802,Raheem Sterling,yes,27.0,38,37,1,0.6782,2208.3,61.0,2269.4,0.9731,0.5837,0.0,0,12,0,0,0,0,0,0,2015-07-17,0.45,data_club,1,0,1,0,Liverpool,2015-07-14,219.0,,bc,0,0,0,2021-08-15,2022-05-22,,0,0.0,0
9,Manchester City,1869,Nathan Aké,yes,25.0,38,36,2,0.2817,1066.3,50.7,1117.0,0.9546,0.2338,0.0,0,12,0,0,0,0,0,0,2020-08-08,0.45,data_club,1,0,1,0,AFC Bournemouth,2020-08-05,219.0,,bc,0,0,0,2021-08-15,2022-05-22,,0,0.0,0
9,Manchester City,28575676,James McAtee,yes,26.0,27,13,14,0.0143,12.8,18.1,30.9,0.415,0.016,0.0,0,12,0,0,0,0,0,0,,0.0,none,1,0,0,1,,,,Manchester City U21,bc,0,0,0,2021-11-21,2022-05-22,,0,0.0,0
9,Manchester City,37562173,Kayky,yes,27.0,20,3,17,0.0061,0.0,9.3,9.3,0.0,0.008,0.0,0,3,0,0,0,0,9,9,,0.0,none,1,0,0,1,,,,,bc,0,0,0,2021-12-26,2022-05-22,,0,0.0,0
9,Manchester City,28575687,CJ Egan-Riley,yes,25.0,22,7,15,0.0003,0.8,0.4,1.2,0.6667,0.0044,0.0,0,7,0,0,0,0,5,5,,0.0,none,1,0,0,1,,,,,bc,0,0,0,2021-12-14,2022-05-22,,0,0.0,0
9,Manchester City,1408,Fernandinho,yes,26.0,38,38,0,0.328,971.3,0.0,971.3,1.0,0.328,0.0,0,12,0,0,0,0,0,0,2013-07-04,0.35,tier2,1,0,1,0,Shakhtar Donetsk,2013-07-01,219.0,,bc,0,0,0,2021-08-15,2022-05-22,,0,0.0,0
9,Manchester City,47285,Zack Steffen,yes,24.0,38,30,8,0.0,90.0,0.0,90.0,1.0,0.0,0.0,0,12,0,0,0,0,0,0,2019-07-12,0.0,none,1,1,1,0,Columbus Crew,2019-07-09,219.0,,bc,0,0,0,2021-08-15,2022-05-22,,0,0.0,0
9,Manchester City,96353,Bernardo Silva,yes,26.0,38,38,0,0.6681,2780.4,0.0,2780.4,1.0,0.6681,0.0,0,12,0,0,0,0,0,0,2017-07-04,0.5,tier1,1,0,1,0,Monaco,2017-07-01,219.0,,bc,0,0,0,2021-08-15,2022-05-22,,0,0.0,0
9,Manchester City,9605714,Tommy Doyle,yes,26.0,3,2,1,0.0,0.0,0.0,0.0,,0.0,0.0,0,0,0,12,0,0,0,0,,0.0,none,1,0,0,1,,,,Manchester City U21,bc,35,0,0,2021-08-15,2021-08-28,,0,0.0,0
9,Manchester City,24838234,Josh Wilson-Esbrand,yes,25.0,34,6,28,0.0,0.0,0.0,0.0,,0.0,0.0,0,6,0,0,0,0,6,6,,0.0,none,1,0,0,1,,,,Manchester City U21,c,0,0,0,2021-09-18,2022-05-22,,0,0.0,0
9,Manchester City,28912734,Cieran Slicker,yes,24.0,31,3,28,0.0,0.0,0.0,0.0,,0.0,0.0,0,3,0,0,0,0,9,9,,0.0,none,1,1,0,1,,,,,bc,0,0,0,2021-10-16,2022-05-22,,0,0.0,0
9,Manchester City,32796076,Luke Mbete,yes,25.0,38,14,24,0.0,0.0,0.0,0.0,,0.0,0.0,0,12,0,0,0,0,0,0,,0.0,none,1,0,0,1,,,,,bc,0,0,0,2021-08-15,2022-05-22,,0,0.0,0
9,Manchester City,37316841,Samuel Edozie,yes,26.0,30,1,29,0.0,0.0,0.0,0.0,,0.0,0.0,0,1,0,0,0,0,11,11,,0.0,none,1,0,0,1,,,,,bc,0,0,0,2021-10-23,2022-05-22,,0,0.0,0
9,Manchester City,37536874,Roméo Lavia,yes,26.0,34,9,25,0.0,0.0,0.0,0.0,,0.0,0.0,0,9,0,0,0,0,3,3,,0.0,none,1,0,0,1,,,,,bc,0,0,0,2021-09-18,2022-05-22,,0,0.0,0
14,Manchester United,1992,Paul Pogba,yes,26.0,38,20,18,0.7818,1429.2,1266.5,2695.7,0.5302,0.7251,58.8,1,11,0,0,0,1,0,0,2016-08-12,0.5,tier1,1,0,1,0,Juventus,2016-08-09,219.0,,bc,0,0,0,2021-08-14,2022-05-22,,0,0.0,0
14,Manchester United,96088,Edinson Cavani,yes,27.0,38,15,23,0.606,812.9,1254.4,2067.3,0.3932,0.6184,0.0,0,12,0,0,0,0,0,0,2020-10-08,0.5,tier1,1,0,1,0,Paris Saint Germain,2020-10-05,220.0,,bc,0,0,0,2021-08-14,2022-05-22,,0,0.0,0
14,Manchester United,955,Luke Shaw,yes,25.0,38,22,16,0.7533,1685.7,1084.8,2770.5,0.6085,0.6963,0.0,0,12,0,0,0,0,0,0,2014-07-04,0.45,data_club,1,0,1,0,Southampton,2014-07-01,219.0,,ac,0,0,0,2021-08-14,2022-05-22,,0,0.0,0
14,Manchester United,95807,Raphaël Varane,yes,25.0,37,24,13,0.6879,1595.3,804.9,2400.1,0.6647,0.8416,0.0,0,12,0,0,0,0,0,0,2021-08-17,0.5,tier1,1,0,1,0,Real Madrid,2021-08-14,219.0,,bc,1,0,0,2021-08-22,2022-05-22,,0,0.0,0
14,Manchester United,20333643,Mason Greenwood,yes,27.0,38,21,17,0.5091,1239.1,778.9,2018.0,0.614,0.4956,0.0,0,12,0,0,0,0,0,0,,0.0,none,1,0,0,1,,,,Manchester United U18,bc,0,0,0,2021-08-14,2022-05-22,,0,0.0,0
14,Manchester United,1878,Marcus Rashford,yes,27.0,38,28,10,0.6436,1336.7,579.3,1916.0,0.6977,0.393,0.0,0,12,0,0,0,0,0,0,,0.0,none,1,0,0,1,,,,Manchester United U18,ac,0,0,0,2021-08-14,2022-05-22,,0,0.0,0
14,Manchester United,455376,Scott McTominay,yes,26.0,38,31,7,0.8398,2234.0,529.1,2763.1,0.8085,0.8533,0.0,0,12,0,0,0,0,0,0,,0.0,none,1,0,0,1,,,,Manchester United U23,bc,0,0,0,2021-08-14,2022-05-22,,0,0.0,0
14,Manchester United,5252,Aaron Wan-Bissaka,yes,25.0,38,30,8,0.7048,1992.3,507.4,2499.7,0.797,0.4167,0.0,0,12,0,0,0,0,0,0,2019-07-04,0.45,data_club,1,0,1,0,Crystal Palace,2019-07-01,219.0,,bc,0,0,0,2021-08-14,2022-05-22,,0,0.0,0
14,Manchester United,12647,Dean Henderson,yes,24.0,38,30,8,0.6771,435.0,487.5,922.5,0.4715,0.0,0.0,0,12,0,0,0,0,0,0,,0.0,none,1,1,0,1,,,,Manchester United U23,bc,0,0,0,2021-08-14,2022-05-22,,0,0.0,0
14,Manchester United,205411,Fred,yes,26.0,38,31,7,0.6901,2145.6,434.8,2580.4,0.8315,0.7111,0.0,0,12,0,0,0,0,0,0,2018-07-04,0.35,tier2,1,0,1,0,Shakhtar Donetsk,2018-07-01,219.0,,bc,0,0,0,2021-08-14,2022-05-22,,0,0.0,0
14,Manchester United,538034,Jadon Sancho,yes,26.0,38,32,6,0.7873,1667.5,425.1,2092.7,0.7968,0.8894,0.0,0,12,0,0,0,0,0,0,2021-07-26,0.5,tier1,1,0,1,0,Borussia Dortmund,2021-07-23,219.0,,bc,0,0,0,2021-08-14,2022-05-22,,0,0.0,0
14,Manchester United,2884,Harry Maguire,yes,25.0,38,33,5,0.9113,2672.1,410.1,3082.2,0.8669,0.7702,14.4,1,12,0,0,0,0,0,0,2019-08-08,0.45,data_club,1,0,1,0,Leicester City,2019-08-05,219.0,,ac,0,0,0,2021-08-14,2022-05-22,,0,0.0,0
14,Manchester United,580,Cristiano Ronaldo,yes,27.0,35,30,5,0.9107,2170.8,409.8,2580.6,0.8412,0.9214,0.0,0,12,0,0,0,0,0,0,2021-09-03,0.5,tier1,1,0,1,0,Sporting CP,2003-08-12,219.0,,bc,3,0,0,2021-09-11,2022-05-22,,0,0.0,0
14,Manchester United,160206,Victor Lindelöf,yes,25.0,38,33,5,0.8334,2241.9,375.0,2616.9,0.8567,0.8429,0.0,0,12,0,0,0,0,0,0,2017-07-04,0.5,tier1,1,0,1,0,Benfica,2017-07-01,219.0,,bc,0,0,0,2021-08-14,2022-05-22,,0,0.0,0
14,Manchester United,1849,Eric Bailly,yes,25.0,38,21,17,0.2287,458.7,349.9,808.7,0.5673,0.0779,0.0,0,12,0,0,0,0,0,0,2016-07-04,0.5,tier1,1,0,1,0,Villarreal,2016-07-01,219.0,,bc,0,0,0,2021-08-14,2022-05-22,,0,0.0,0
14,Manchester United,37317015,Amad Diallo,yes,26.0,22,1,21,0.1519,13.7,287.1,300.8,0.0455,0.1519,0.0,0,12,0,0,0,0,0,0,2021-01-05,0.5,tier1,1,0,1,0,Atalanta,2021-01-02,219.0,,ac,16,0,0,2021-08-14,2022-01-22,,0,0.0,0
14,Manchester United,1829,Anthony Martial,yes,27.0,22,13,9,0.3018,494.3,244.5,738.8,0.6691,0.1887,0.0,0,12,0,0,0,0,0,0,2015-09-04,0.5,tier1,1,0,1,0,Monaco,2015-09-01,219.0,,bc,16,0,0,2021-08-14,2022-01-22,,0,0.0,0
14,Manchester United,1335,Nemanja Matic,yes,26.0,38,33,5,0.4467,1179.7,201.0,1380.7,0.8544,0.5654,0.0,0,12,0,0,0,0,0,0,2017-08-03,0.45,data_club,1,0,1,0,Chelsea,2017-07-31,219.0,,bc,0,0,0,2021-08-14,2022-05-22,,0,0.0,0
14,Manchester United,130177,Alex Telles,yes,25.0,38,29,9,0.2243,1314.1,181.7,1495.8,0.8786,0.8415,0.0,0,12,0,0,0,0,0,0,2020-10-08,0.5,tier1,1,0,1,0,Porto,2020-10-05,219.0,,bc,0,0,0,2021-08-14,2022-05-22,,0,0.0,0
14,Manchester United,28912805,Anthony Elanga,yes,27.0,38,24,14,0.143,901.2,180.2,1081.4,0.8334,0.7747,0.0,0,12,0,0,0,0,0,0,,0.0,none,1,0,0,1,,,,Manchester United U23,bc,0,0,0,2021-08-14,2022-05-22,,0,0.0,0
14,Manchester United,129602,Bruno Fernandes,yes,26.0,38,36,2,0.9356,3023.7,168.4,3192.1,0.9472,0.9916,0.0,0,12,0,0,0,0,0,0,2020-02-01,0.5,tier1,1,0,1,0,Sporting CP,2020-01-29,219.0,,ac,0,0,0,2021-08-14,2022-05-22,,0,0.0,0
14,Manchester United,820,Jesse Lingard,yes,26.0,38,32,6,0.2534,719.5,136.9,856.4,0.8402,0.2299,0.0,0,12,0,0,0,0,0,0,,0.0,none,1,0,0,1,,,,Manchester United U23,bc,0,0,0,2021-08-14,2022-05-22,,0,0.0,0
14,Manchester United,846,Juan Mata,yes,26.0,38,29,9,0.1185,197.8,96.0,293.7,0.6733,0.2227,0.0,0,12,0,0,0,0,0,0,2014-01-27,0.45,data_club,1,0,1,0,Chelsea,2014-01-24,219.0,,bc,0,0,0,2021-08-14,2022-05-22,,0,0.0,0
14,Manchester United,27422646,Shola Shoretire,yes,27.0,38,2,36,0.0155,2.8,50.2,53.0,0.0526,0.0322,0.0,0,7,0,0,0,0,5,5,,0.0,none,1,0,0,1,,,,Manchester United U23,bc,0,0,0,2021-08-14,2022-05-22,,0,0.0,0
14,Manchester United,37316858,Hannibal Mejbri,yes,26.0,38,7,31,0.0119,8.5,33.3,41.8,0.2027,0.0744,0.0,0,8,0,0,0,0,4,4,,0.0,none,1,0,0,1,,,,Manchester United U23,bc,0,0,0,2021-08-14,2022-05-22,,0,0.0,0
14,Manchester United,4536527,Brandon Williams,yes,25.0,2,1,1,0.1675,15.1,15.1,30.2,0.5,0.3858,0.0,0,12,12,0,0,0,0,0,,0.0,none,1,0,0,1,,,,Manchester United U18,bc,36,0,0,2021-08-14,2021-08-22,,0,0.0,0
14,Manchester United,433,Phil Jones,yes,25.0,38,24,14,0.006,114.8,7.5,122.3,0.9387,0.0706,0.0,0,12,0,0,0,0,0,0,2011-07-04,0.45,data_club,1,0,1,0,Blackburn Rovers,2011-07-01,219.0,,bc,0,0,0,2021-08-14,2022-05-22,,0,0.0,0
14,Manchester United,164061,Diogo Dalot,yes,25.0,38,37,1,0.0591,1299.3,5.3,1304.6,0.9959,0.7368,0.0,0,12,0,0,0,0,0,0,2018-07-04,0.5,tier1,1,0,1,0,Porto,2018-07-01,219.0,,ac,0,0,0,2021-08-14,2022-05-22,,0,0.0,0
14,Manchester United,832,David de Gea,yes,24.0,38,38,0,1.0,3075.0,0.0,3075.0,1.0,1.0,0.0,0,12,0,0,0,0,0,0,2011-07-04,0.0,none,1,1,1,0,Atlético de Madrid,2011-07-01,219.0,,bc,0,0,0,2021-08-14,2022-05-22,,0,0.0,0
14,Manchester United,1004,Andreas Pereira,yes,26.0,1,1,0,0.0,0.0,0.0,0.0,,0.0,0.0,0,1,0,0,0,0,11,11,,0.0,none,1,0,0,1,,,,Manchester United U23,bc,37,0,0,2021-08-14,2021-08-14,,0,0.0,0
14,Manchester United,1454,Tom Heaton,yes,24.0,38,14,24,0.0,0.0,0.0,0.0,,0.0,0.0,0,12,0,0,0,0,0,0,2021-07-05,0.0,none,1,1,1,0,Aston Villa,2021-07-02,220.0,Manchester United U18,ac,0,0,0,2021-08-14,2022-05-22,,0,0.0,0
14,Manchester United,5149,Daniel James,yes,26.0,3,3,0,0.4305,153.5,0.0,153.5,1.0,0.4305,0.0,0,11,11,0,0,1,0,0,2019-07-04,0.45,data_club,1,0,1,0,Swansea City,2019-07-01,219.0,,bc,35,0,0,2021-08-14,2021-08-29,,0,0.0,0
14,Manchester United,26031,Donny van de Beek,yes,26.0,22,22,0,0.3915,251.3,0.0,251.3,1.0,0.3915,0.0,0,12,9,0,0,0,0,0,2020-09-05,0.5,tier1,1,0,1,0,Ajax,2020-09-02,219.0,,bc,16,0,0,2021-08-14,2022-01-22,,0,0.0,0
14,Manchester United,37316549,Alejandro Garnacho,yes,27.0,38,7,31,0.0,0.5,0.0,0.5,1.0,0.0149,0.0,0,7,0,0,0,0,5,0,2020-10-05,0.0,unknown+override,1,0,1,0,Atlético Yth.,2020-10-02,219.0,Manchester United U23,bc,0,0,0,2021-08-14,2022-05-22,,0,0.0,0
14,Manchester United,37326110,Charlie Savage,yes,26.0,1,1,0,0.0,0.0,0.0,0.0,,0.0,0.0,0,1,0,0,0,0,11,11,,0.0,none,1,0,0,1,,,,,bc,0,0,0,2022-05-22,2022-05-22,,0,0.0,0
14,Manchester United,37365874,Zidane Iqbal,yes,26.0,0,0,0,0.0,0.0,0.0,0.0,,0.0,0.0,0,0,0,0,0,0,12,12,,0.0,none,0,0,0,1,,,,Manchester United U23,,0,0,0,,,,0,0.0,0
14,Manchester United,37537864,Álvaro Carreras,yes,26.0,4,4,0,0.0,0.0,0.0,0.0,,0.0,0.0,0,4,0,0,0,0,8,8,,0.0,none,1,0,0,1,,,,Manchester United U23,bc,4,0,4,2022-04-28,2022-05-22,,0,0.0,0
20,Newcastle United,1414,Paul Dummett,yes,25.0,38,16,22,0.9245,782.5,1830.6,2613.1,0.2995,0.0,0.0,0,12,0,0,0,0,0,0,,0.0,none,1,0,0,1,,,,Newcastle United U21,bc,0,0,0,2021-08-15,2022-05-22,,0,0.0,0
20,Newcastle United,1065,Callum Wilson,yes,27.0,38,18,20,0.8515,1356.5,1532.8,2889.2,0.4695,0.8251,0.0,0,12,0,0,0,0,0,0,2020-09-10,0.45,data_club,1,0,1,0,AFC Bournemouth,2020-09-07,219.0,,bc,0,0,0,2021-08-15,2022-05-22,,0,0.0,0
20,Newcastle United,360,Ciaran Clark,yes,25.0,38,17,21,0.7633,924.6,1442.6,2367.2,0.3906,0.7514,57.8,1,11,0,0,0,1,0,0,2016-08-06,0.45,data_club,1,0,1,0,Aston Villa,2016-08-03,219.0,,bc,0,0,0,2021-08-15,2022-05-22,,0,0.0,0
20,Newcastle United,819,Jonjo Shelvey,yes,26.0,38,25,13,0.9595,2119.2,1122.6,3241.9,0.6537,0.9167,65.1,1,12,0,0,0,0,0,0,2016-01-15,0.45,data_club,1,0,1,0,Swansea City,2016-01-12,219.0,,bc,0,0,0,2021-08-15,2022-05-22,,0,0.0,0
20,Newcastle United,2954,Isaac Hayden,yes,26.0,38,17,21,0.5744,1268.1,1085.6,2353.7,0.5388,0.5577,0.0,0,12,0,0,0,0,0,0,2016-07-14,0.0,tier2,1,0,1,0,Arsenal U21,2016-07-11,219.0,,bc,0,0,0,2021-08-15,2022-05-22,,0,0.0,0
20,Newcastle United,1310,Federico Fernández,yes,25.0,38,18,20,0.5255,989.3,945.8,1935.1,0.5112,0.165,0.0,0,12,0,0,0,0,0,0,2018-08-12,0.45,data_club,1,0,1,0,Swansea City,2018-08-09,219.0,,bc,0,0,0,2021-08-15,2022-05-22,,0,0.0,0
20,Newcastle United,80889,Martin Dúbravka,yes,24.0,38,29,9,1.0,2340.0,810.0,3150.0,0.7429,1.0,0.0,0,12,0,0,0,0,0,0,2018-07-04,0.0,none,1,1,1,0,Sparta Praha,2018-01-31,218.0,,bc,0,0,0,2021-08-15,2022-05-22,,0,0.0,0
20,Newcastle United,1061,Matt Ritchie,yes,26.0,38,30,8,0.7635,1856.9,549.7,2406.6,0.7716,0.0209,0.0,0,12,0,0,0,0,0,0,2016-07-04,0.45,data_club,1,0,1,0,AFC Bournemouth,2016-07-01,219.0,,bc,0,0,0,2021-08-15,2022-05-22,,0,0.0,0
20,Newcastle United,4357,Freddie Woodman,yes,24.0,21,5,16,0.3333,75.0,480.0,555.0,0.1351,0.0,0.0,0,0,0,0,12,0,0,0,,0.0,none,1,1,0,1,,,,Newcastle Utd U18,bc,17,0,0,2021-08-15,2022-01-22,,0,0.0,0
20,Newcastle United,2712,Ryan Fraser,yes,26.0,38,30,8,0.6655,1488.3,479.2,1967.5,0.7564,0.7137,0.0,0,12,0,0,0,0,0,0,2020-09-10,0.45,data_club,1,0,1,0,AFC Bournemouth,2020-09-07,220.0,,bc,0,0,0,2021-08-15,2022-05-22,,0,0.0,0
20,Newcastle United,1016,Kieran Trippier,yes,25.0,19,7,12,0.4157,284.6,449.0,733.6,0.388,0.3953,0.0,0,7,0,0,0,0,5,0,2022-01-10,0.5,tier1,1,0,1,0,Atlético de Madrid,2022-01-07,219.0,,bc,19,0,0,2022-01-15,2022-05-22,,0,0.0,0
20,Newcastle United,1494447,Joe Willock,yes,26.0,37,31,6,0.7649,1967.4,413.0,2380.5,0.8265,0.8228,0.0,0,12,0,0,0,0,0,0,2021-08-16,0.45,data_club,1,0,1,0,Arsenal,2021-02-01,218.0,,ac,1,0,0,2021-08-21,2022-05-22,,0,0.0,0
20,Newcastle United,1494666,Jamal Lewis,yes,25.0,38,19,19,0.2358,101.3,403.3,504.6,0.2008,0.2358,0.0,0,12,0,0,0,0,0,0,2020-09-11,0.45,data_club,1,0,1,0,Norwich City,2020-09-08,219.0,,bc,0,0,0,2021-08-15,2022-05-22,,0,0.0,0
20,Newcastle United,2985,Jamaal Lascelles,yes,25.0,38,34,4,0.932,2318.6,335.5,2654.2,0.8736,0.4225,0.0,0,12,0,0,0,0,0,0,2014-08-12,0.45,data_club,1,0,1,0,Nottingham Forest,2014-08-09,219.0,,bc,0,0,0,2021-08-15,2022-05-22,,0,0.0,0
20,Newcastle United,1352,Javier Manquillo,yes,25.0,38,30,8,0.3796,1224.1,273.3,1497.5,0.8175,0.1887,0.0,0,12,0,0,0,0,0,0,2017-07-24,0.5,tier1,1,0,1,0,Atlético de Madrid,2017-07-21,219.0,,bc,0,0,0,2021-08-15,2022-05-22,,0,0.0,0
20,Newcastle United,32508,Allan Saint-Maximin,yes,27.0,38,35,3,0.8901,2745.4,240.3,2985.7,0.9195,0.7712,0.0,0,12,0,0,0,0,0,0,2019-08-05,0.5,tier1,1,0,1,0,Nice,2019-08-02,219.0,,bc,0,0,0,2021-08-15,2022-05-22,,0,0.0,0
20,Newcastle United,1397,Karl Darlow,yes,24.0,38,34,4,0.5,877.5,180.0,1057.5,0.8298,0.0,0.0,0,12,0,0,0,0,0,0,2014-08-12,0.0,none,1,1,1,0,Nottingham Forest,2014-08-09,219.0,,bc,0,0,0,2021-08-15,2022-05-22,,0,0.0,0
20,Newcastle United,33645,Joelinton,yes,26.0,38,36,2,0.9519,2458.6,171.3,2629.9,0.9348,0.8733,0.0,0,12,0,0,0,0,0,0,2019-07-26,0.5,tier1,1,0,1,0,TSG Hoffenheim,2019-07-23,219.0,,ac,0,0,0,2021-08-15,2022-05-22,,0,0.0,0
20,Newcastle United,129966,Emil Krafth,yes,25.0,38,35,3,0.3872,1559.7,104.5,1664.3,0.9372,0.7073,0.0,0,12,0,0,0,0,0,0,2019-08-11,0.5,tier1,1,0,1,0,Amiens SC,2019-08-08,219.0,,bc,0,0,0,2021-08-15,2022-05-22,,0,0.0,0
20,Newcastle United,257663,Miguel Almirón,yes,26.0,38,36,2,0.5772,1799.8,103.9,1903.7,0.9454,0.6557,0.0,0,12,0,0,0,0,0,0,2019-02-03,0.25,tier3,1,0,1,0,Atlanta United,2019-01-31,219.0,,bc,0,0,0,2021-08-15,2022-05-22,,0,0.0,0
20,Newcastle United,914,Chris Wood,yes,27.0,19,18,1,0.7943,1388.4,71.5,1459.9,0.951,0.7295,0.0,0,12,0,0,0,0,0,0,2022-01-16,0.45,data_club,1,0,1,0,Burnley,2022-01-13,219.0,,bc,20,1,0,2022-01-15,2022-05-22,,0,0.0,0
20,Newcastle United,1387,Matt Targett,yes,25.0,17,16,1,0.7349,1213.6,66.1,1279.7,0.9483,1.0,0.0,0,12,0,0,0,0,0,0,2022-02-03,0.45,data_club,1,0,1,0,Aston Villa,2022-01-31,218.0,,bc,21,0,0,2022-02-08,2022-05-22,,0,0.0,0
20,Newcastle United,173737,Sean Longstaff,yes,26.0,38,37,1,0.5397,1496.6,48.6,1545.2,0.9686,0.447,0.0,0,12,0,0,0,0,0,0,,0.0,none,1,0,0,1,,,,Newcastle United U21,bc,0,0,0,2021-08-15,2022-05-22,,0,0.0,0
20,Newcastle United,2361,Jeff Hendrick,yes,26.0,21,17,4,0.069,89.2,24.8,114.1,0.7823,0.0,0.0,0,0,0,0,12,0,0,0,2020-08-27,0.45,data_club,1,0,1,0,Burnley,2020-08-24,220.0,,bc,17,0,0,2021-08-15,2022-01-22,,0,0.0,0
20,Newcastle United,332047,Elliot Anderson,yes,26.0,21,5,16,0.0061,2.7,8.7,11.5,0.2381,0.0061,0.0,0,12,0,0,0,0,0,0,,0.0,none,1,0,0,1,,,,Newcastle United U21,bc,17,0,0,2021-08-15,2022-01-22,,0,0.0,0
20,Newcastle United,1179,Dwight Gayle,yes,27.0,38,36,2,0.0254,191.0,4.6,195.6,0.9766,0.0121,0.0,0,12,0,0,0,0,0,0,2016-07-04,0.45,data_club,1,0,1,0,Crystal Palace,2016-07-01,219.0,,bc,0,0,0,2021-08-15,2022-05-22,,0,0.0,0
20,Newcastle United,2815,Dan Burn,yes,25.0,17,17,0,1.0,1328.4,0.0,1328.4,1.0,1.0,0.0,0,12,0,0,0,0,0,0,2022-02-03,0.45,data_club,1,0,1,0,Brighton & Hove Albion,2022-01-31,219.0,,ac,0,0,0,2022-02-08,2022-05-22,,0,0.0,0
20,Newcastle United,3071,Jacob Murphy,yes,26.0,38,38,0,0.4218,1826.5,0.0,1826.5,1.0,0.4218,0.0,0,12,0,0,0,0,0,0,2017-07-22,0.45,data_club,1,0,1,0,Norwich City,2017-07-19,219.0,,ac,0,0,0,2021-08-15,2022-05-22,,0,0.0,0
20,Newcastle United,7855,Mark Gillespie,yes,24.0,38,11,27,0.0,0.0,0.0,0.0,,0.0,0.0,0,12,0,0,0,0,0,0,2020-07-06,0.0,none,1,1,1,0,Motherwell,2020-07-03,220.0,,ac,0,0,0,2021-08-15,2022-05-22,,0,0.0,0
20,Newcastle United,32372,Fabian Schär,yes,25.0,38,38,0,0.681,2318.1,0.0,2318.1,1.0,0.681,0.0,0,12,0,0,0,0,0,0,2018-07-29,0.5,tier1,1,0,1,0,Deportivo A Coruña,2018-07-26,219.0,,ac,0,0,0,2021-08-15,2022-05-22,,0,0.0,0
20,Newcastle United,459145,Bruno Guimarães,yes,26.0,17,17,0,0.9109,775.3,0.0,775.3,1.0,0.9109,0.0,0,12,0,0,0,0,0,0,2022-02-02,0.5,tier1,1,0,1,0,Olympique Lyonnais,2022-01-30,219.0,,bc,21,0,0,2022-02-08,2022-05-22,,0,0.0,0
20,Newcastle United,28912996,Lucas De Bolle,yes,26.0,16,4,12,0.0,0.0,0.0,0.0,,0.0,0.0,0,4,0,0,0,0,8,8,,0.0,none,1,0,0,1,,,,,bc,0,0,0,2022-02-13,2022-05-22,,0,0.0,0
20,Newcastle United,28913014,Joe White,yes,26.0,18,3,15,0.0,0.0,0.0,0.0,,0.0,0.0,0,3,0,0,0,0,9,9,,0.0,none,1,0,0,1,,,,Newcastle United U21,bc,17,0,0,2021-09-11,2022-01-22,,0,0.0,0
33,Norwich City,3133,Michael McGovern,yes,24.0,38,6,32,0.6357,373.2,1830.9,2204.0,0.1693,0.4583,0.0,0,12,0,0,0,0,0,0,2016-07-22,0.0,none,1,1,1,0,Hamilton Academical,2016-07-19,220.0,,bc,0,0,0,2021-08-14,2022-05-22,,0,0.0,0
33,Norwich City,24830085,Andrew Omobamidele,yes,25.0,38,14,24,0.367,660.6,792.8,1453.4,0.4545,0.3546,0.0,0,12,0,0,0,0,0,0,,0.0,none,1,0,0,1,,,,Norwich City U21,bc,0,0,0,2021-08-14,2022-05-22,,0,0.0,0
33,Norwich City,5640884,Josh Sargent,yes,27.0,38,26,12,0.7193,1383.9,776.8,2160.8,0.6405,0.7721,0.0,0,12,0,0,0,0,0,0,2021-08-12,0.5,tier1,1,0,1,0,Werder Bremen,2021-08-09,219.0,,bc,0,0,0,2021-08-14,2022-05-22,,0,0.0,0
33,Norwich City,3533830,Adam Idah,yes,27.0,38,23,15,0.5246,304.2,708.3,1012.5,0.3005,0.5246,0.0,0,12,0,0,0,0,0,0,,0.0,none,1,0,0,1,,,,Norwich City U21,bc,0,0,0,2021-08-14,2022-05-22,,0,0.0,0
33,Norwich City,5640817,Ozan Kabak,yes,25.0,35,19,16,0.4804,1231.5,691.8,1923.3,0.6403,0.372,0.0,0,12,0,0,0,0,0,0,2021-09-02,0.5,tier1,1,0,1,0,Schalke 04,2021-08-30,218.0,,bc,3,0,0,2021-09-11,2022-05-22,,0,0.0,0
33,Norwich City,151562,Mathias Normann,yes,26.0,35,24,11,0.6675,1332.9,660.8,1993.8,0.6686,0.825,0.0,0,12,0,0,0,0,0,0,2021-09-01,0.35,tier2,1,0,1,0,Rostov,2021-08-29,218.0,,bc,3,0,0,2021-09-11,2022-05-22,,0,0.0,0
33,Norwich City,581086,Todd Cantwell,yes,26.0,22,12,10,0.7063,831.1,635.7,1466.8,0.5666,0.0,0.0,0,0,0,12,0,0,0,0,,0.0,none,1,0,0,1,,,,Norwich City U21,bc,16,0,0,2021-08-14,2022-01-21,,0,0.0,0
33,Norwich City,757,Tim Krul,yes,24.0,38,32,6,1.0,2767.5,540.0,3307.5,0.8367,0.8333,0.0,0,12,0,0,0,0,0,0,2018-07-27,0.0,none,1,1,1,0,Brighton & Hove Albion,2018-07-24,220.0,,bc,0,0,0,2021-08-14,2022-05-22,,0,0.0,0
33,Norwich City,172385,Kenny McLean,yes,26.0,38,32,6,0.9702,2677.7,523.9,3201.6,0.8364,0.9642,0.0,0,12,0,0,0,0,0,0,2018-01-25,0.35,tier2,1,0,1,0,Aberdeen,2018-01-22,219.0,,ac,0,0,0,2021-08-14,2022-05-22,,0,0.0,0
33,Norwich City,6599973,Billy Gilmour,yes,26.0,38,31,7,0.7113,1799.0,448.1,2247.1,0.8006,0.7167,0.0,0,12,0,0,0,0,0,0,2021-07-05,0.45,data_club,1,0,1,0,Chelsea,2021-07-02,218.0,,bc,0,0,0,2021-08-14,2022-05-22,,0,0.0,0
33,Norwich City,807,Grant Hanley,yes,25.0,38,33,5,0.9431,2893.1,424.4,3317.5,0.8721,1.0,0.0,0,12,0,0,0,0,0,0,2017-09-02,0.45,data_club,1,0,1,0,Newcastle United,2017-08-30,219.0,,bc,0,0,0,2021-08-14,2022-05-22,,0,0.0,0
33,Norwich City,37457,Christoph Zimmermann,yes,25.0,38,13,25,0.1702,125.9,382.9,508.8,0.2474,0.1481,0.0,0,12,0,0,0,0,0,0,2017-07-04,0.0,tier1,1,0,1,0,Borussia Dortmund II,2017-07-01,220.0,,bc,0,0,0,2021-08-14,2022-05-22,,0,0.0,0
33,Norwich City,25589,Milot Rashica,yes,26.0,38,32,6,0.6772,2086.4,365.7,2452.1,0.8509,0.7683,0.0,0,12,0,0,0,0,0,0,2021-07-04,0.5,tier1,1,0,1,0,Werder Bremen,2021-07-01,219.0,,bc,0,0,0,2021-08-14,2022-05-22,,0,0.0,0
33,Norwich City,4536527,Brandon Williams,yes,25.0,36,32,4,0.7807,2125.9,281.0,2406.9,0.8832,0.662,0.0,0,12,0,0,0,0,0,0,2021-08-26,0.45,data_club,1,0,1,0,Manchester United,2021-08-23,218.0,,bc,2,0,0,2021-08-28,2022-05-22,,0,0.0,0
33,Norwich City,31280,Lukas Rupp,yes,26.0,38,26,12,0.2463,846.1,266.0,1112.0,0.7608,0.3428,0.0,0,12,0,0,0,0,0,0,2020-01-16,0.5,tier1,1,0,1,0,TSG Hoffenheim,2020-01-13,219.0,,bc,0,0,0,2021-08-14,2022-05-22,,0,0.0,0
33,Norwich City,84680,Jacob Sørensen,yes,26.0,38,27,11,0.2189,540.2,216.7,756.9,0.7136,0.2171,0.0,0,12,0,0,0,0,0,0,2020-07-30,0.35,tier2,1,0,1,0,Esbjerg,2020-07-27,219.0,,bc,0,0,0,2021-08-14,2022-05-22,,0,0.0,0
33,Norwich City,1723,Ben Gibson,yes,25.0,38,35,3,0.7365,2806.8,198.8,3005.7,0.9338,0.5833,8.1,1,12,0,0,0,0,0,0,2021-07-04,0.45,data_club,1,0,1,0,Burnley,2020-09-04,218.0,,bc,0,0,0,2021-08-14,2022-05-22,,0,0.0,0
33,Norwich City,1494663,Max Aarons,yes,25.0,38,36,2,0.9415,3002.9,169.5,3172.3,0.9466,0.7047,0.0,0,12,0,0,0,0,0,0,,0.0,none,1,0,0,1,,,,Norwich City U21,bc,0,0,0,2021-08-14,2022-05-22,,0,0.0,0
33,Norwich City,12433161,Bali Mumba,yes,26.0,19,6,13,0.1304,57.3,152.6,209.8,0.273,0.0,0.0,0,0,0,0,12,0,0,0,2020-07-30,0.0,tier2,1,0,1,0,Sunderland U21,2020-07-27,219.0,,bc,19,0,0,2021-08-14,2021-12-28,,0,0.0,0
33,Norwich City,45565,Przemyslaw Placheta,yes,26.0,38,24,14,0.1206,518.7,152.0,670.7,0.7734,0.0732,0.0,0,12,0,0,0,0,0,0,2020-07-30,0.35,tier2,1,0,1,0,Śląsk Wrocław,2020-07-27,219.0,,bc,0,0,0,2021-08-14,2022-05-22,,0,0.0,0
33,Norwich City,24817182,Christos Tzolis,yes,27.0,38,30,8,0.191,543.7,137.5,681.2,0.7982,0.0323,0.0,0,12,0,0,0,0,0,0,2021-08-15,0.35,tier2,1,0,1,0,PAOK,2021-08-12,219.0,,bc,1,1,0,2021-08-14,2022-05-22,,0,0.0,0
33,Norwich City,31433,Teemu Pukki,yes,27.0,38,37,1,0.9718,3176.7,87.5,3264.2,0.9732,0.9948,0.0,0,12,0,0,0,0,0,0,2018-07-04,0.35,tier2,1,0,1,0,Brøndby IF,2018-07-01,220.0,,bc,0,0,0,2021-08-14,2022-05-22,,0,0.0,0
33,Norwich City,78282,Dimitris Giannoulis,yes,25.0,38,37,1,0.7999,1290.4,72.0,1362.4,0.9472,0.5739,0.0,0,12,0,0,0,0,0,0,2021-07-04,0.35,tier2,1,0,1,0,PAOK,2021-01-19,218.0,,bc,0,0,0,2021-08-14,2022-05-22,,0,0.0,0
33,Norwich City,4892,Kieran Dowell,yes,26.0,38,36,2,0.3778,898.7,68.0,966.7,0.9297,0.5088,0.0,0,12,0,0,0,0,0,0,2020-08-02,0.45,data_club,1,0,1,0,Everton,2020-07-30,219.0,,bc,0,0,0,2021-08-14,2022-05-22,,0,0.0,0
33,Norwich City,1928,Sam Byram,yes,25.0,38,21,17,0.0316,537.9,48.4,586.3,0.9174,0.7815,0.0,0,12,0,0,0,0,0,0,2019-07-19,0.45,data_club,1,0,1,0,West Ham United,2019-07-16,219.0,,bc,0,0,0,2021-08-14,2022-05-22,,0,0.0,0
33,Norwich City,96826,Pierre Lees-Melou,yes,26.0,38,37,1,0.488,2075.1,43.9,2119.0,0.9793,0.7828,0.0,0,12,0,0,0,0,0,0,2021-07-16,0.5,tier1,1,0,1,0,Nice,2021-07-13,219.0,,bc,0,0,0,2021-08-14,2022-05-22,,0,0.0,0
33,Norwich City,34706,Onel Hernández,yes,26.0,3,0,3,0.0764,0.0,20.6,20.6,0.0,0.0,0.0,0,0,0,0,12,0,0,0,2018-01-28,0.5,tier1,1,0,1,0,Eintracht Braunschweig,2018-01-25,219.0,,b,35,0,0,2021-08-14,2021-08-28,,0,0.0,0
33,Norwich City,336067,Angus Gunn,yes,24.0,38,38,0,0.1667,652.5,0.0,652.5,1.0,0.1667,0.0,0,12,0,0,0,0,0,0,2021-07-04,0.0,none,1,1,1,0,Manchester City,2017-07-01,218.0,,bc,0,0,0,2021-08-14,2022-05-22,,0,0.0,0
33,Norwich City,21427972,Jon McCracken,yes,24.0,38,1,37,0.0,0.0,0.0,0.0,,0.0,0.0,0,2,0,0,0,0,10,10,,0.0,none,1,1,0,1,,,,Norwich City U21,bc,0,0,0,2021-08-14,2022-05-22,,0,0.0,0
33,Norwich City,24817488,Thomas Dickson-Peters,yes,26.0,38,1,37,0.0,0.0,0.0,0.0,,0.0,0.0,0,5,0,0,0,0,7,7,,0.0,none,1,0,0,1,,,,,bc,0,0,0,2021-08-14,2022-05-22,,0,0.0,0
33,Norwich City,28575738,Tony Springett,yes,27.0,9,6,3,0.0,22.3,0.0,22.3,1.0,0.1323,0.0,0,6,0,0,0,0,6,6,,0.0,none,1,0,0,1,,,,Norwich City U21,bc,0,0,0,2022-04-02,2022-05-22,,0,0.0,0
33,Norwich City,34455209,Jonathan Rowe,yes,27.0,22,21,1,0.0,157.9,0.0,157.9,1.0,0.1739,0.0,0,12,0,0,0,0,0,0,,0.0,none,1,0,0,1,,,,Norwich City U21,bc,0,0,0,2021-12-14,2022-05-22,,0,0.0,0
33,Norwich City,37259217,Abu Kamara,yes,27.0,9,1,8,0.0,0.0,0.0,0.0,,0.0,0.0,0,1,0,0,0,0,11,11,,0.0,none,1,0,0,1,,,,Norwich City U21,bc,0,0,0,2022-04-02,2022-05-22,,0,0.0,0
33,Norwich City,37259219,Jonathan Tomkinson,yes,25.0,23,6,17,0.0,0.0,0.0,0.0,,0.0,0.0,0,6,0,0,0,0,6,6,,0.0,none,1,0,0,1,,,,Norwich City U21,bc,0,0,0,2021-12-11,2022-05-22,,0,0.0,0
33,Norwich City,37357498,Liam Gibbs,yes,26.0,19,4,15,0.0,0.0,0.0,0.0,,0.0,0.0,0,4,0,0,0,0,8,8,,0.0,none,1,0,0,1,,,,Norwich City U21,bc,0,0,0,2022-01-12,2022-05-22,,0,0.0,0
65,Southampton,1131,Alex McCarthy,yes,24.0,38,18,20,1.0,1380.0,1800.0,3180.0,0.434,0.9167,0.0,0,12,0,0,0,0,0,0,2016-08-04,0.0,none,1,1,1,0,Crystal Palace,2016-08-01,219.0,,bc,0,0,0,2021-08-14,2022-05-22,,0,0.0,0
65,Southampton,1393,Jack Stephens,yes,25.0,38,22,16,0.6206,938.3,893.6,1831.9,0.5122,0.3036,0.0,0,12,0,0,0,0,0,0,,0.0,none,1,0,0,1,,,,Southampton U21,ac,0,0,0,2021-08-14,2022-05-22,,0,0.0,0
65,Southampton,24799911,Tino Livramento,yes,25.0,38,28,10,0.8796,1884.7,791.6,2676.4,0.7042,0.7146,0.0,0,12,0,0,0,0,0,0,2021-08-05,0.0,tier2,1,0,1,0,Chelsea U21,2021-08-02,219.0,,bc,0,0,0,2021-08-14,2022-05-22,,0,0.0,0
65,Southampton,172357,Stuart Armstrong,yes,26.0,38,27,11,0.7229,1659.9,715.7,2375.6,0.6987,0.7171,0.0,0,12,0,0,0,0,0,0,2018-07-04,0.35,tier2,1,0,1,0,Celtic,2018-07-01,219.0,,bc,0,0,0,2021-08-14,2022-05-22,,0,0.0,0
65,Southampton,979,Nathan Redmond,yes,26.0,38,30,8,0.7537,1887.8,542.7,2430.5,0.7767,0.5844,0.0,0,12,0,0,0,0,0,0,2016-07-04,0.45,data_club,1,0,1,0,Norwich City,2016-07-01,219.0,,bc,0,0,0,2021-08-14,2022-05-22,,0,0.0,0
65,Southampton,219534,Lyanco,yes,25.0,36,24,12,0.4901,823.8,529.3,1353.1,0.6088,0.6246,0.0,0,12,0,0,0,0,0,0,2021-08-28,0.5,tier1,1,0,1,0,Torino,2021-08-25,219.0,,bc,2,0,0,2021-08-28,2022-05-22,,0,0.0,0
65,Southampton,1494225,Nathan Tella,yes,26.0,38,28,10,0.438,795.9,394.2,1190.1,0.6687,0.3977,0.0,0,12,0,0,0,0,0,0,,0.0,none,1,0,0,1,,,,Southampton U21,bc,0,0,0,2021-08-14,2022-05-22,,0,0.0,0
65,Southampton,978883,Moussa Djenepo,yes,26.0,38,22,16,0.2431,554.5,350.1,904.7,0.613,0.0538,0.0,0,12,0,0,0,0,0,0,2019-07-04,0.5,tier1,1,0,1,0,Standard Liège,2019-07-01,219.0,,bc,0,0,0,2021-08-14,2022-05-22,,0,0.0,0
65,Southampton,53,Theo Walcott,yes,27.0,38,23,15,0.2097,604.5,283.1,887.7,0.681,0.0945,0.0,0,12,0,0,0,0,0,0,2021-07-04,0.45,data_club,1,0,1,0,Everton,2020-10-05,218.0,Southampton U18,bc,0,0,0,2021-08-14,2022-05-22,,0,0.0,0
65,Southampton,581052,Will Smallbone,yes,26.0,38,16,22,0.1372,181.1,271.6,452.8,0.4001,0.1215,0.0,0,12,0,0,0,0,0,0,,0.0,none,1,0,0,1,,,,Southampton U21,bc,0,0,0,2021-08-14,2022-05-22,,0,0.0,0
65,Southampton,3596,Ché Adams,yes,27.0,38,34,4,0.6309,2212.2,227.1,2439.3,0.9069,0.6167,0.0,0,12,0,0,0,0,0,0,2019-07-04,0.45,data_club,1,0,1,0,Birmingham City,2019-07-01,219.0,,bc,0,0,0,2021-08-14,2022-05-22,,0,0.0,0
65,Southampton,37561126,Tyler Dibling,yes,26.0,38,1,37,0.0615,0.0,204.7,204.7,0.0,0.0,0.0,0,1,0,0,0,0,11,0,2021-07-04,0.35,unknown+override,1,0,1,0,Southampton Aca,2021-07-01,219.0,Southampton U21,bc,0,0,0,2021-08-14,2022-05-22,,0,0.0,0
65,Southampton,1155,James Ward-Prowse,yes,26.0,38,36,2,1.0,3225.8,180.0,3405.8,0.9471,1.0,10.0,1,12,0,0,0,0,0,0,,0.45,data_club,1,0,1,0,West Ham United,2026-08-28,219.0,Southampton U18,c,0,0,0,2021-08-14,2022-05-22,,0,0.0,0
65,Southampton,1241,Fraser Forster,yes,24.0,38,33,5,0.4,1350.0,180.0,1530.0,0.8824,1.0,0.0,0,12,0,0,0,0,0,0,2014-08-12,0.0,none,1,1,1,0,Celtic,2014-08-09,219.0,,bc,0,0,0,2021-08-14,2022-05-22,,0,0.0,0
65,Southampton,11347016,Mohammed Salisu,yes,25.0,38,36,2,0.9841,2928.7,177.1,3105.9,0.943,0.8333,51.0,1,12,0,0,0,0,0,0,2020-08-15,0.5,tier1,1,0,1,0,Real Valladolid,2020-08-12,219.0,,bc,0,0,0,2021-08-14,2022-05-22,,0,0.0,0
65,Southampton,23697427,Armando Broja,yes,27.0,38,32,6,0.3148,1529.5,170.0,1699.6,0.9,0.7555,0.0,0,12,0,0,0,0,0,0,2021-08-13,0.0,tier2,1,0,1,0,Chelsea U21,2021-08-10,218.0,,bc,0,0,0,2021-08-14,2022-05-22,,0,0.0,0
65,Southampton,337432,Romain Perraud,yes,25.0,38,35,3,0.5963,1510.0,161.0,1671.0,0.9037,0.6045,0.0,0,12,0,0,0,0,0,0,2021-07-05,0.5,tier1,1,0,1,0,Brest,2021-07-02,219.0,,bc,0,0,0,2021-08-14,2022-05-22,,0,0.0,0
65,Southampton,150759,Mohamed Elyounoussi,yes,26.0,38,35,3,0.5712,1671.5,154.2,1825.7,0.9155,0.6859,0.0,0,12,0,0,0,0,0,0,2018-07-04,0.35,tier2,1,0,1,0,Basel,2018-07-01,219.0,,bc,0,0,0,2021-08-14,2022-05-22,,0,0.0,0
65,Southampton,1505,Oriol Romeu,yes,26.0,38,37,1,0.9416,2958.8,84.7,3043.6,0.9722,0.7329,0.0,0,12,0,0,0,0,0,0,2015-08-15,0.45,data_club,1,0,1,0,Chelsea,2015-08-12,219.0,,bc,0,0,0,2021-08-14,2022-05-22,,0,0.0,0
65,Southampton,537558,Ibrahima Diallo,yes,26.0,38,35,3,0.2701,1114.3,72.9,1187.2,0.9386,0.2596,0.0,0,12,0,0,0,0,0,0,2020-10-07,0.5,tier1,1,0,1,0,Brest,2020-10-04,219.0,,bc,0,0,0,2021-08-14,2022-05-22,,0,0.0,0
65,Southampton,155138,Jan Bednarek,yes,25.0,38,37,1,0.783,2674.4,70.5,2744.9,0.9743,0.8333,0.0,0,12,0,0,0,0,0,0,2017-07-04,0.35,tier2,1,0,1,0,Lech Poznań,2017-07-01,219.0,,bc,0,0,0,2021-08-14,2022-05-22,,0,0.0,0
65,Southampton,4659,Kyle Walker-Peters,yes,25.0,38,37,1,0.7536,2592.0,67.8,2659.8,0.9745,0.9374,0.0,0,12,0,0,0,0,0,0,2020-08-14,0.45,data_club,1,0,1,0,Tottenham Hotspur,2020-01-29,218.0,,bc,0,0,0,2021-08-14,2022-05-22,,0,0.0,0
65,Southampton,2951,Adam Armstrong,yes,27.0,38,37,1,0.6913,1522.8,62.2,1585.0,0.9607,0.1992,0.0,0,12,0,0,0,0,0,0,2021-08-13,0.45,data_club,1,0,1,0,Blackburn Rovers,2021-08-10,219.0,,bc,0,0,0,2021-08-14,2022-05-22,,0,0.0,0
65,Southampton,722,Shane Long,yes,27.0,38,31,7,0.0342,204.3,21.6,225.9,0.9046,0.199,0.0,0,12,0,0,0,0,0,0,2014-08-17,0.45,data_club,1,0,1,0,Hull City,2014-08-14,219.0,,bc,0,0,0,2021-08-14,2022-05-22,,0,0.0,0
65,Southampton,1440,Willy Caballero,yes,24.0,23,21,2,0.0833,180.0,15.0,195.0,0.9231,0.0,0.0,0,12,0,0,0,0,0,0,2021-12-09,0.0,none,1,1,1,0,TBC,2021-12-06,219.0,,bc,15,0,0,2021-12-11,2022-05-22,,0,0.0,0
65,Southampton,581043,Yan Valery,yes,25.0,38,34,4,0.0208,262.8,7.5,270.3,0.9723,0.261,0.0,0,12,0,0,0,0,0,0,,0.0,none,1,0,0,1,,,,Southampton U21,bc,0,0,0,2021-08-14,2022-05-22,,0,0.0,0
65,Southampton,5299,Harry Lewis,yes,24.0,38,4,34,0.0,0.0,0.0,0.0,,0.0,0.0,0,6,0,0,0,0,6,6,,0.0,none,1,1,0,1,,,,Southampton U21,bc,0,0,0,2021-08-14,2022-05-22,,0,0.0,0
65,Southampton,24799914,Dynel Simeu,yes,25.0,22,3,19,0.0,0.0,0.0,0.0,,0.0,0.0,0,3,0,0,0,0,9,0,2021-07-30,0.0,unknown+override,1,0,1,0,Chelsea U23,2021-07-27,219.0,,bc,16,0,0,2021-08-14,2022-01-22,,0,0.0,0
65,Southampton,37298058,Kgaogelo Chauke,yes,26.0,38,1,37,0.0,0.0,0.0,0.0,,0.0,0.0,0,11,0,0,0,0,1,1,,0.0,none,1,0,0,1,,,,,bc,0,0,0,2021-08-14,2022-05-22,,0,0.0,0
65,Southampton,37436347,Thierry Small,yes,25.0,20,3,17,0.0,0.0,0.0,0.0,,0.0,0.0,0,3,0,0,0,0,9,9,,0.0,none,1,0,0,1,,,,,bc,0,0,0,2021-12-28,2022-05-22,,0,0.0,0
65,Southampton,900565406,Kazeem Olaigbe,yes,,0,0,0,0.0,0.0,0.0,0.0,,0.0,0.0,0,0,0,0,0,0,12,12,,0.0,none,0,0,0,1,,,,,,0,0,0,,,,0,0.0,0
6,Tottenham Hotspur,540579,Oliver Skipp,yes,26.0,38,19,19,0.7633,949.7,1305.2,2254.9,0.4212,0.7614,0.0,0,12,0,0,0,0,0,0,,0.0,none,1,0,0,1,,,,Tottenham U21,bc,0,0,0,2021-08-15,2022-05-22,,0,0.0,0
6,Tottenham Hotspur,333731,Cristian Romero,yes,25.0,38,24,14,0.5868,1482.1,739.3,2221.4,0.6672,0.9631,0.0,0,12,0,0,0,0,0,0,2021-08-09,0.5,tier1,1,0,1,0,Atalanta,2021-08-06,218.0,,bc,0,0,0,2021-08-15,2022-05-22,,0,0.0,0
6,Tottenham Hotspur,540290,Japhet Tanganga,yes,25.0,38,18,20,0.3716,758.9,669.0,1427.9,0.5315,0.3422,0.0,1,12,0,0,0,0,0,0,,0.0,none,1,0,0,1,,,,Tottenham U21,bc,0,0,0,2021-08-15,2022-05-22,,0,0.0,0
6,Tottenham Hotspur,3884,Matt Doherty,yes,25.0,38,28,10,0.5353,710.8,481.8,1192.5,0.596,0.6728,0.0,0,12,0,0,0,0,0,0,2020-09-02,0.45,data_club,1,0,1,0,Wolverhampton Wanderers,2020-08-30,219.0,,bc,0,0,0,2021-08-15,2022-05-22,,0,0.0,0
6,Tottenham Hotspur,380886,Sergio Reguilón,yes,25.0,38,31,7,0.5219,2107.0,328.8,2435.8,0.865,0.5074,0.0,0,12,0,0,0,0,0,0,2020-09-22,0.5,tier1,1,0,1,0,Real Madrid,2020-09-19,219.0,,bc,0,0,0,2021-08-15,2022-05-22,,0,0.0,0
6,Tottenham Hotspur,339112,Joe Rodon,yes,25.0,38,32,6,0.5103,457.3,275.6,732.8,0.624,0.0124,0.0,0,12,0,0,0,0,0,0,2020-10-19,0.45,data_club,1,0,1,0,Swansea City,2020-10-16,219.0,,bc,0,0,0,2021-08-15,2022-05-22,,0,0.0,0
6,Tottenham Hotspur,916,Eric Dier,yes,25.0,38,35,3,1.0,2906.5,270.0,3176.5,0.915,1.0,0.0,0,12,0,0,0,0,0,0,2014-08-03,0.5,tier1,1,0,1,0,Sporting CP,2014-07-31,219.0,,bc,0,0,0,2021-08-15,2022-05-22,,0,0.0,0
6,Tottenham Hotspur,4313,Son Heung-Min,yes,27.0,38,35,3,0.9599,2981.0,259.2,3240.1,0.92,0.9342,0.0,0,12,0,0,0,0,0,0,2015-08-31,0.5,tier1,1,0,1,0,Bayer 04 Leverkusen,2015-08-28,219.0,,bc,0,0,0,2021-08-15,2022-05-22,,0,0.0,0
6,Tottenham Hotspur,6610,Ryan Sessegnon,yes,26.0,38,22,16,0.1505,574.5,216.8,791.2,0.726,0.7297,0.0,0,12,0,0,0,0,0,0,2019-08-11,0.45,data_club,1,0,1,0,Fulham,2019-08-08,219.0,,bc,0,0,0,2021-08-15,2022-05-22,,0,0.0,0
6,Tottenham Hotspur,99148,Tanguy Ndombélé,yes,26.0,20,15,5,0.4354,613.6,195.9,809.5,0.7579,0.3253,0.0,0,12,0,0,0,0,0,0,2019-07-05,0.5,tier1,1,0,1,0,Olympique Lyonnais,2019-07-02,219.0,,bc,18,0,0,2021-08-15,2022-01-23,,0,0.0,0
6,Tottenham Hotspur,25776,Steven Bergwijn,yes,27.0,38,32,6,0.3539,722.8,191.1,913.9,0.7909,0.0856,0.0,0,12,0,0,0,0,0,0,2020-02-01,0.5,tier1,1,0,1,0,PSV,2020-01-29,219.0,,bc,0,0,0,2021-08-15,2022-05-22,,0,0.0,0
6,Tottenham Hotspur,97664,Giovani Lo Celso,yes,26.0,20,13,7,0.2724,461.1,171.6,632.7,0.7288,0.2199,0.0,0,12,0,0,0,0,0,0,2020-07-04,0.5,tier1,1,0,1,0,Real Betis,2019-08-08,218.0,,bc,18,0,0,2021-08-15,2022-01-23,,0,0.0,0
6,Tottenham Hotspur,95998,Lucas Moura,yes,27.0,38,36,2,0.551,1801.6,99.2,1900.8,0.9478,0.2513,0.0,0,12,0,0,0,0,0,0,2018-02-03,0.5,tier1,1,0,1,0,Paris Saint Germain,2018-01-31,219.0,,bc,0,0,0,2021-08-15,2022-05-22,,0,0.0,0
6,Tottenham Hotspur,1744,Pierre-Emile Højbjerg,yes,26.0,38,37,1,1.0,3190.0,90.0,3280.0,0.9726,1.0,0.0,0,12,0,0,0,0,0,0,2020-08-14,0.45,data_club,1,0,1,0,Southampton,2020-08-11,219.0,,bc,0,0,0,2021-08-15,2022-05-22,,0,0.0,0
6,Tottenham Hotspur,997,Harry Kane,yes,27.0,38,37,1,0.9879,3230.3,88.9,3319.2,0.9732,1.0,0.0,0,12,0,0,0,0,0,0,,0.0,none,1,0,0,1,,,,Tottenham U18,bc,0,0,0,2021-08-15,2022-05-22,,0,0.0,0
6,Tottenham Hotspur,221615,Emerson Royal,yes,25.0,35,34,1,0.8675,2051.0,78.1,2129.1,0.9633,0.7293,0.0,0,12,0,0,0,0,0,0,2021-09-03,0.5,tier1,1,0,1,0,FC Barcelona,2021-08-31,219.0,,bc,3,0,0,2021-09-11,2022-05-22,,0,0.0,0
6,Tottenham Hotspur,1711,Harry Winks,yes,26.0,38,35,3,0.2522,1087.7,68.1,1155.8,0.9411,0.0775,0.0,0,12,0,0,0,0,0,0,,0.0,none,1,0,0,1,,,,Tottenham U21,bc,0,0,0,2021-08-15,2022-05-22,,0,0.0,0
6,Tottenham Hotspur,333797,Rodrigo Bentancur,yes,26.0,18,17,1,0.5723,1075.0,51.5,1126.5,0.9543,0.9312,0.0,0,12,0,0,0,0,0,0,2022-02-03,0.5,tier1,1,0,1,0,Juventus,2022-01-31,219.0,,ac,0,0,0,2022-02-09,2022-05-22,,0,0.0,0
6,Tottenham Hotspur,26294,Davinson Sánchez,yes,25.0,38,37,1,0.5,1574.8,45.0,1619.8,0.9722,0.2816,0.0,0,12,0,0,0,0,0,0,2017-08-26,0.5,tier1,1,0,1,0,Ajax,2017-08-23,219.0,,bc,0,0,0,2021-08-15,2022-05-22,,0,0.0,0
6,Tottenham Hotspur,4545529,Bryan Gil,yes,27.0,20,16,4,0.1198,346.1,43.1,389.2,0.8892,0.1044,0.0,0,12,0,0,0,0,0,0,2021-07-29,0.5,tier1,1,0,1,0,Sevilla,2021-07-26,219.0,,bc,18,0,0,2021-08-15,2022-01-23,,0,0.0,0
6,Tottenham Hotspur,1380,Moussa Sissoko,yes,26.0,2,1,1,0.2048,18.4,18.4,36.9,0.5,0.7,0.0,0,12,12,0,0,0,0,0,2016-09-03,0.45,data_club,1,0,1,0,Newcastle United,2016-08-31,219.0,,bc,36,0,0,2021-08-15,2021-08-22,,0,0.0,0
6,Tottenham Hotspur,922,Dele Alli,yes,26.0,20,19,1,0.1489,863.7,13.4,877.1,0.9847,0.12,0.0,0,12,12,0,0,0,0,0,2015-02-05,0.35,tier2,1,0,1,0,Milton Keynes Dons,2015-02-02,219.0,,bc,18,0,0,2021-08-15,2022-01-23,,0,0.0,0
6,Tottenham Hotspur,989,Ben Davies,yes,25.0,38,37,1,0.145,2219.0,13.1,2232.1,0.9942,0.9851,0.0,0,12,0,0,0,0,0,0,2014-07-26,0.45,data_club,1,0,1,0,Swansea City,2014-07-23,219.0,,ac,0,0,0,2021-08-15,2022-05-22,,0,0.0,0
6,Tottenham Hotspur,37259210,Dane Scarlett,yes,27.0,38,24,14,0.0018,5.5,2.3,7.8,0.7047,0.0053,0.0,0,12,0,0,0,0,0,0,,0.0,none,1,0,0,1,,,,Tottenham U21,bc,0,0,0,2021-08-15,2022-05-22,,0,0.0,0
6,Tottenham Hotspur,1014,Hugo Lloris,yes,24.0,38,38,0,1.0,3420.0,0.0,3420.0,1.0,1.0,0.0,0,12,0,0,0,0,0,0,2012-09-03,0.0,none,1,1,1,0,Olympique Lyonnais,2012-08-31,219.0,,bc,0,0,0,2021-08-15,2022-05-22,,0,0.0,0
6,Tottenham Hotspur,6588,Pierluigi Gollini,yes,24.0,38,35,3,0.0,0.0,0.0,0.0,,0.0,0.0,0,12,0,0,0,0,0,0,2021-07-27,0.0,none,1,1,1,0,Atalanta,2021-07-24,218.0,,bc,0,0,0,2021-08-15,2022-05-22,,0,0.0,0
6,Tottenham Hotspur,540476,Brandon Austin,yes,24.0,38,4,34,0.0,0.0,0.0,0.0,,0.0,0.0,0,4,0,0,0,0,8,8,,0.0,none,1,1,0,1,,,,Tottenham U21,ac,0,0,0,2021-08-15,2022-05-22,,0,0.0,0
6,Tottenham Hotspur,4969701,Tobi Omole,yes,25.0,35,1,34,0.0,0.0,0.0,0.0,,0.0,0.0,0,1,0,0,0,0,11,11,,0.0,none,1,0,0,1,,,,,bc,0,0,0,2021-09-11,2022-05-22,,0,0.0,0
6,Tottenham Hotspur,8403175,Jamie Bowden,yes,26.0,9,1,8,0.0,0.0,0.0,0.0,,0.0,0.0,0,1,0,0,0,0,11,11,,0.0,none,1,0,0,1,,,,,bc,0,0,0,2022-04-03,2022-05-22,,0,0.0,0
6,Tottenham Hotspur,9308199,Marcel Lavinier,yes,25.0,7,1,6,0.0,0.0,0.0,0.0,,0.0,0.0,0,1,0,0,0,0,11,11,,0.0,none,1,0,0,1,,,,,bc,0,0,0,2022-04-16,2022-05-22,,0,0.0,0
6,Tottenham Hotspur,14338024,Dejan Kulusevski,yes,26.0,18,18,0,0.7617,1138.8,0.0,1138.8,1.0,0.7617,0.0,0,12,0,0,0,0,0,0,2022-02-03,0.5,tier1,1,0,1,0,Juventus,2022-01-31,218.0,,c,0,0,0,2022-02-09,2022-05-22,,0,0.0,0
6,Tottenham Hotspur,23277905,Malachi Fagan-Walcott,no,25.0,0,0,0,0.0,0.0,0.0,0.0,,0.0,0.0,0,0,0,0,0,0,12,12,,0.0,none,0,0,0,1,,,,,,0,0,0,,,,0,0.0,0
6,Tottenham Hotspur,23277906,Harvey White,yes,26.0,38,19,19,0.0,0.0,0.0,0.0,,0.0,0.0,0,12,0,0,0,0,0,0,,0.0,none,1,0,0,1,,,,,bc,0,0,0,2021-08-15,2022-05-22,,0,0.0,0
6,Tottenham Hotspur,23697536,Dilan Markanday,yes,27.0,35,1,34,0.0,0.0,0.0,0.0,,0.0,0.0,0,1,0,2,0,0,9,9,,0.0,none,1,0,0,1,,,,,bc,0,0,0,2021-09-11,2022-05-22,,0,0.0,0
6,Tottenham Hotspur,31238170,Matthew Craig,yes,26.0,5,5,0,0.0,0.0,0.0,0.0,,0.0,0.0,0,5,0,0,0,0,7,7,,0.0,none,1,0,0,1,,,,,bc,0,0,0,2022-05-01,2022-05-22,,0,0.0,0
6,Tottenham Hotspur,37259208,Romaine Mundle,yes,26.0,0,0,0,0.0,0.0,0.0,0.0,,0.0,0.0,0,0,0,0,0,0,12,12,,0.0,none,0,0,0,1,,,,,,0,0,0,,,,0,0.0,0
6,Tottenham Hotspur,37391514,Alfie Devine,yes,26.0,38,3,35,0.0,0.0,0.0,0.0,,0.0,0.0,0,5,0,0,0,0,7,0,2020-07-31,0.0,unknown+override,1,0,1,0,Wigan Youth,2020-07-28,219.0,Tottenham U21,bc,0,0,0,2021-08-15,2022-05-22,,0,0.0,0
6,Tottenham Hotspur,900462698,Brooklyn Lyons-Foster,yes,,0,0,0,0.0,0.0,0.0,0.0,,0.0,0.0,0,0,0,0,0,0,12,12,,0.0,none,0,0,0,1,,,,,,0,0,0,,,,0,0.0,0
6,Tottenham Hotspur,900488298,Maksim Paskotsi,yes,,38,0,38,0.0,0.0,0.0,0.0,,0.0,0.0,0,0,0,0,0,0,12,0,2020-09-24,0.35,unknown+override,0,0,1,0,FC Flora,2020-09-21,219.0,,b,0,0,0,2021-08-15,2022-05-22,,0,0.0,0
6,Tottenham Hotspur,900696183,Kallum Cesay,yes,,0,0,0,0.0,0.0,0.0,0.0,,0.0,0.0,0,0,0,0,0,0,12,12,,0.0,none,0,0,0,1,,,,,,0,0,0,,,,0,0.0,0
25,Watford,96722,Ismaïla Sarr,yes,27.0,38,22,16,0.9358,1873.4,1347.5,3220.9,0.5816,0.9113,0.0,0,12,0,0,0,0,0,0,2019-08-11,0.5,tier1,1,0,1,0,Rennes,2019-08-08,219.0,,bc,0,0,0,2021-08-14,2022-05-22,,0,0.0,0
25,Watford,1271,Danny Rose,yes,25.0,38,15,23,0.6338,643.7,1311.9,1955.5,0.3292,0.6368,0.0,0,12,0,0,0,0,0,0,2021-07-04,0.45,data_club,1,0,1,0,Tottenham Hotspur,2009-03-24,218.0,,bc,0,0,0,2021-08-14,2022-05-22,,0,0.0,0
25,Watford,467937,Francisco Sierralta,yes,25.0,38,16,22,0.5515,862.7,1091.9,1954.5,0.4414,0.2274,0.0,0,12,0,0,0,0,0,0,2020-09-12,0.5,tier1,1,0,1,0,Udinese,2020-09-09,219.0,,bc,0,0,0,2021-08-14,2022-05-22,,0,0.0,0
25,Watford,160568,Peter Etebo,yes,26.0,38,12,26,0.3795,488.0,888.0,1376.1,0.3547,0.3748,0.0,0,12,0,0,0,0,0,0,2021-07-12,0.45,data_club,1,0,1,0,Stoke City,2021-07-09,218.0,,bc,0,0,0,2021-08-14,2022-05-22,,0,0.0,0
25,Watford,185579,Kiko Femenía,yes,25.0,38,27,11,0.8674,2052.2,858.7,2910.9,0.705,0.9298,0.0,0,12,0,0,0,0,0,0,2017-07-04,0.5,tier1,1,0,1,0,Deportivo Alavés,2017-07-01,220.0,,bc,0,0,0,2021-08-14,2022-05-22,,0,0.0,0
25,Watford,79268,Juraj Kucka,yes,26.0,38,28,10,0.6706,1753.4,603.6,2357.0,0.7439,0.6212,0.0,1,12,0,0,0,0,0,0,2021-08-09,0.5,tier1,1,0,1,0,Parma,2021-08-06,218.0,,bc,0,0,0,2021-08-14,2022-05-22,,0,0.0,0
25,Watford,28931574,João Pedro,yes,27.0,38,29,9,0.7426,1595.4,601.5,2196.9,0.7262,0.7586,0.0,0,12,0,0,0,0,0,0,2020-01-04,0.25,tier3,1,0,1,0,Fluminense,2020-01-01,219.0,,bc,0,0,0,2021-08-14,2022-05-22,,0,0.0,0
25,Watford,25160,William Troost-Ekong,yes,25.0,38,28,10,0.6514,1773.3,586.2,2359.5,0.7516,0.0968,0.0,0,12,0,0,0,0,0,0,2020-10-02,0.5,tier1,1,0,1,0,Udinese,2020-09-29,219.0,,bc,0,0,0,2021-08-14,2022-05-22,,0,0.0,0
25,Watford,450,Ben Foster,yes,24.0,38,28,10,0.65,1867.5,585.0,2452.5,0.7615,1.0,0.0,0,12,0,0,0,0,0,0,2018-07-08,0.0,none,1,1,1,0,Manchester United,2005-08-01,218.0,,bc,0,0,0,2021-08-14,2022-05-22,,0,0.0,0
25,Watford,94939,Nicolas Nkoulou,yes,25.0,31,5,26,0.2137,168.1,500.1,668.3,0.2516,0.1556,0.0,0,5,0,0,0,0,7,0,2021-10-10,0.5,unknown+override,1,0,1,0,TBC,2021-10-07,219.0,,bc,7,0,0,2021-10-16,2022-05-22,,0,0.0,0
25,Watford,3876535,Imrân Louza,yes,26.0,38,29,9,0.5593,1093.3,453.1,1546.4,0.707,0.9025,0.0,0,12,0,0,0,0,0,0,2021-07-04,0.5,tier1,1,0,1,0,Nantes,2021-07-01,219.0,,bc,0,0,0,2021-08-14,2022-05-22,,0,0.0,0
25,Watford,205944,Emmanuel Dennis,yes,27.0,38,33,5,0.8261,2346.2,371.8,2717.9,0.8632,0.8612,0.0,1,12,0,0,0,0,0,0,2021-07-04,0.5,tier1,1,0,1,0,Club Brugge,2021-07-01,219.0,,bc,0,0,0,2021-08-14,2022-05-22,,0,0.0,0
25,Watford,568,Dan Gosling,yes,26.0,38,18,20,0.1952,350.4,351.4,701.8,0.4993,0.1355,0.0,0,12,0,0,0,0,0,0,2021-02-03,0.45,data_club,1,0,1,0,AFC Bournemouth,2021-01-31,219.0,,bc,0,0,0,2021-08-14,2022-05-22,,0,0.0,0
25,Watford,1029,Joshua King,yes,27.0,38,33,5,0.5452,2124.7,245.3,2370.0,0.8965,0.5039,0.0,0,12,0,0,0,0,0,0,2021-07-12,0.45,data_club,1,0,1,0,Everton,2021-07-09,220.0,,bc,0,0,0,2021-08-14,2022-05-22,,0,0.0,0
25,Watford,240195,Cucho Hernández,yes,27.0,38,32,6,0.4376,846.3,236.3,1082.6,0.7817,0.4201,0.0,0,12,0,0,0,0,0,0,2017-01-04,0.25,tier3,1,0,1,0,Deportivo Pereira,2017-01-01,219.0,,bc,0,0,0,2021-08-14,2022-05-22,,0,0.0,0
25,Watford,191301,Ken Sema,yes,26.0,38,31,7,0.3458,1120.4,217.8,1338.2,0.8372,0.302,0.0,0,12,0,0,0,0,0,0,2018-07-08,0.35,tier2,1,0,1,0,Östersunds FK,2018-07-05,219.0,,bc,0,0,0,2021-08-14,2022-05-22,,0,0.0,0
25,Watford,4765,Christian Kabasele,yes,25.0,38,31,7,0.3405,987.4,214.5,1201.9,0.8215,0.8082,0.0,0,12,0,0,0,0,0,0,2016-07-04,0.5,tier1,1,0,1,0,Genk,2016-07-01,219.0,,bc,0,0,0,2021-08-14,2022-05-22,,0,0.0,0
25,Watford,537,Craig Cathcart,yes,25.0,38,35,3,0.7624,2477.4,205.8,2683.3,0.9233,0.4574,0.0,0,12,0,0,0,0,0,0,2014-07-04,0.45,data_club,1,0,1,0,Manchester United U23,2009-09-14,218.0,,bc,0,0,0,2021-08-14,2022-05-22,,0,0.0,0
25,Watford,1272,Tom Cleverley,yes,26.0,38,34,4,0.5651,1725.2,203.4,1928.6,0.8945,0.6039,0.0,0,12,0,0,0,0,0,0,2017-07-04,0.45,data_club,1,0,1,0,Manchester United,2009-08-18,218.0,,bc,0,0,0,2021-08-14,2022-05-22,,0,0.0,0
25,Watford,129704,Adam Masina,yes,25.0,38,33,5,0.4246,1387.2,191.1,1578.3,0.8789,0.1974,0.0,0,12,0,0,0,0,0,0,2018-07-05,0.5,tier1,1,0,1,0,Bologna,2018-07-02,219.0,,bc,0,0,0,2021-08-14,2022-05-22,,0,0.0,0
25,Watford,37324014,Kwadwo Baah,yes,27.0,38,3,35,0.0558,28.9,175.9,204.7,0.141,0.0,0.0,0,3,0,0,0,0,9,0,2021-07-04,0.35,tier2,1,0,1,0,Rochdale,2021-07-01,220.0,,ac,0,0,0,2021-08-14,2022-05-22,,0,0.0,0
25,Watford,62927,Samuel Kalu,yes,27.0,18,11,7,0.2447,200.1,154.1,354.3,0.5649,0.2042,0.0,0,11,0,0,0,0,1,0,2022-01-29,0.5,tier1,1,0,1,0,Bordeaux,2022-01-26,219.0,,bc,20,0,0,2022-02-05,2022-05-22,,0,0.0,0
25,Watford,5666544,Jeremy Ngakia,yes,25.0,38,33,5,0.2605,726.6,117.2,843.9,0.8611,0.3072,0.0,0,12,0,0,0,0,0,0,2020-08-17,0.0,tier2,1,0,1,0,West Ham United U21,2020-08-14,220.0,,ac,0,0,0,2021-08-14,2022-05-22,,0,0.0,0
25,Watford,4701,Ashley Fletcher,yes,27.0,26,17,9,0.1268,287.8,102.7,390.5,0.7369,0.034,0.0,0,12,0,0,0,0,0,0,2021-07-04,0.45,data_club,1,0,1,0,Middlesbrough,2021-07-01,220.0,,bc,12,0,0,2021-08-14,2022-02-26,,0,0.0,0
25,Watford,97608,Hassane Kamara,yes,25.0,20,19,1,1.0,1395.7,90.0,1485.7,0.9394,0.9393,17.0,1,11,0,0,0,1,0,0,2022-01-07,0.5,tier1,1,0,1,0,Nice,2022-01-04,219.0,,bc,18,0,0,2022-01-15,2022-05-22,,0,0.0,0
25,Watford,129790,Samir,yes,25.0,20,19,1,0.9646,1404.4,86.8,1491.2,0.9418,0.9646,0.0,0,12,0,0,0,0,0,0,2022-01-09,0.5,tier1,1,0,1,0,Udinese,2022-01-06,219.0,,bc,18,0,0,2022-01-15,2022-05-22,,0,0.0,0
25,Watford,23739107,Mattie Pollock,yes,25.0,3,0,3,0.3208,0.0,86.6,86.6,0.0,0.0,0.0,0,0,0,0,0,0,12,0,2021-07-04,0.35,tier2,0,0,1,0,Grimsby Town,2021-07-01,219.0,,a,35,0,0,2021-08-14,2021-08-29,,0,0.0,0
25,Watford,4904,Daniel Bachmann,yes,24.0,38,37,1,0.8333,1485.0,75.0,1560.0,0.9519,0.0833,0.0,0,12,0,0,0,0,0,0,2017-07-04,0.0,none,1,1,1,0,Stoke City U21,2017-07-01,220.0,,ac,0,0,0,2021-08-14,2022-05-22,,0,0.0,0
25,Watford,1250,Troy Deeney,yes,27.0,3,2,1,0.6618,123.0,59.6,182.6,0.6738,0.0,0.0,0,0,0,0,12,0,0,0,2010-08-09,0.35,tier2,1,0,1,0,Walsall,2010-08-06,219.0,,bc,35,0,0,2021-08-14,2021-08-29,,0,0.0,0
25,Watford,201172,Ozan Tufan,yes,26.0,18,16,2,0.3208,394.4,57.7,452.2,0.8723,0.2148,0.0,0,12,0,0,0,0,0,0,2021-08-22,0.35,tier2,1,0,1,0,Fenerbahçe,2021-08-19,218.0,,bc,20,0,0,2021-08-29,2022-01-21,,0,0.0,0
25,Watford,1380,Moussa Sissoko,yes,26.0,36,36,0,1.0,2884.3,0.0,2884.3,1.0,1.0,0.0,0,12,0,0,0,0,0,0,2021-08-30,0.45,data_club,1,0,1,0,Tottenham Hotspur,2021-08-27,219.0,,bc,3,1,0,2021-08-29,2022-05-22,,0,0.0,0
25,Watford,1436,Robert Elliot,yes,24.0,38,9,29,0.0,0.0,0.0,0.0,,0.0,0.0,0,12,0,0,0,0,0,0,2021-01-31,0.0,none,1,1,1,0,TBC,2021-01-28,219.0,,bc,0,0,0,2021-08-14,2022-05-22,,0,0.0,0
25,Watford,9964067,Edo Kayembe,yes,26.0,20,20,0,0.3796,767.4,0.0,767.4,1.0,0.3796,0.0,0,12,0,0,0,0,0,0,2022-01-10,0.5,tier1,1,0,1,0,KAS Eupen,2022-01-07,219.0,,ac,0,0,0,2022-01-15,2022-05-22,,0,0.0,0
25,Watford,28575708,James Morris,yes,25.0,26,8,18,0.0,0.0,0.0,0.0,,0.0,0.0,0,8,0,0,0,0,4,4,,0.0,none,1,0,0,1,,,,Watford U21,bc,0,0,0,2021-11-28,2022-05-22,,0,0.0,0
25,Watford,37391182,Kamil Conteh,yes,26.0,22,1,21,0.0,0.0,0.0,0.0,,0.0,0.0,0,1,0,0,0,0,11,11,,0.0,none,1,0,0,1,,,,,bc,0,0,0,2021-12-28,2022-05-22,,0,0.0,0
25,Watford,37440607,Tiago Çukur,yes,27.0,3,2,1,0.0,0.0,0.0,0.0,,0.0,0.0,0,2,0,0,0,0,10,10,,0.0,none,1,0,0,1,,,,,bc,0,0,0,2022-05-11,2022-05-22,,0,0.0,0
25,Watford,37550839,Shaq Forde,yes,26.0,7,1,6,0.0,0.0,0.0,0.0,,0.0,0.0,0,1,0,0,0,0,11,11,,0.0,none,1,0,0,1,,,,,bc,0,0,0,2022-04-16,2022-05-22,,0,0.0,0
25,Watford,37566650,Adrian Blake,yes,26.0,3,1,2,0.0,0.0,0.0,0.0,,0.0,0.0,0,1,0,0,0,0,11,11,,0.0,none,1,0,0,1,,,,,bc,0,0,0,2022-05-11,2022-05-22,,0,0.0,0
25,Watford,37609281,Vincent Angelini,yes,24.0,23,3,20,0.0,0.0,0.0,0.0,,0.0,0.0,0,3,0,0,0,0,9,9,,0.0,none,1,1,0,1,,,,,bc,0,0,0,2021-12-10,2022-05-22,,0,0.0,0
25,Watford,37609363,Jack Grieves,yes,27.0,3,1,2,0.0,0.0,0.0,0.0,,0.0,0.0,0,1,0,0,0,0,11,11,,0.0,none,1,0,0,1,,,,,c,0,0,0,2022-05-11,2022-05-22,,0,0.0,0
25,Watford,900591360,Derek Agyakwa,yes,,38,0,38,0.0,0.0,0.0,0.0,,0.0,0.0,0,0,0,0,0,0,12,0,2020-02-02,0.0,unknown+override,0,0,1,0,Without Club,2020-01-30,219.0,,b,0,0,0,2021-08-14,2022-05-22,,0,0.0,0
1,West Ham United,1416,Angelo Ogbonna,yes,25.0,38,11,27,0.935,922.5,2272.0,3194.5,0.2888,0.935,0.0,0,12,0,0,0,0,0,0,2015-07-13,0.5,tier1,1,0,1,0,Juventus,2015-07-10,219.0,,bc,0,0,0,2021-08-15,2022-05-22,,0,0.0,0
1,West Ham United,1316,Kurt Zouma,yes,25.0,35,25,10,0.9101,1818.6,819.1,2637.7,0.6895,0.9418,0.0,0,12,0,0,0,0,0,0,2021-08-31,0.45,data_club,1,0,1,0,Chelsea,2021-08-28,219.0,,bc,3,0,0,2021-09-11,2022-05-22,,0,0.0,0
1,West Ham United,1449,Darren Randolph,yes,24.0,38,3,35,0.2214,60.0,697.5,757.5,0.0792,0.1667,0.0,0,12,0,0,0,0,0,0,2020-01-18,0.0,none,1,1,1,0,Birmingham City,2015-07-01,220.0,,bc,0,0,0,2021-08-15,2022-05-22,,0,0.0,0
1,West Ham United,1261,Aaron Cresswell,yes,25.0,38,31,7,0.971,2684.8,611.8,3296.5,0.8144,0.9675,0.0,0,12,0,0,0,0,0,0,2014-07-06,0.45,data_club,1,0,1,0,Ipswich Town,2014-07-03,219.0,,bc,0,0,0,2021-08-15,2022-05-22,,0,0.0,0
1,West Ham United,80304,Vladimír Coufal,yes,25.0,38,31,7,0.9661,2328.4,608.7,2937.0,0.7928,0.7792,0.0,1,12,0,0,0,0,0,0,2020-10-05,0.35,tier2,1,0,1,0,Slavia Praha,2020-10-02,219.0,,bc,0,0,0,2021-08-15,2022-05-22,,0,0.0,0
1,West Ham United,1941,Arthur Masuaku,yes,25.0,38,29,9,0.7126,1104.5,577.2,1681.7,0.6568,0.1332,0.0,0,12,0,0,0,0,0,0,2016-08-11,0.35,tier2,1,0,1,0,Olympiacos F.C.,2016-08-08,219.0,,bc,0,0,0,2021-08-15,2022-05-22,,0,0.0,0
1,West Ham United,96426,Saïd Benrahma,yes,27.0,38,33,5,0.6578,2006.2,296.0,2302.2,0.8714,0.611,0.0,0,12,0,0,0,0,0,0,2021-02-01,0.45,data_club,1,0,1,0,Brentford,2020-10-16,218.0,,bc,0,0,0,2021-08-15,2022-05-22,,0,0.0,0
1,West Ham United,581199,Ben Johnson,yes,25.0,38,32,6,0.4225,1187.9,228.1,1416.0,0.8389,0.5561,0.0,0,12,0,0,0,0,0,0,,0.0,none,1,0,0,1,,,,West Ham United U21,bc,0,0,0,2021-08-15,2022-05-22,,0,0.0,0
1,West Ham United,5273,Declan Rice,yes,26.0,38,36,2,1.0,3218.8,180.0,3398.8,0.947,0.9439,0.0,0,12,0,0,0,0,0,0,,0.0,none,1,0,0,1,,,,West Ham United U21,bc,0,0,0,2021-08-15,2022-05-22,,0,0.0,0
1,West Ham United,80655,Tomás Soucek,yes,26.0,38,36,2,1.0,3192.3,180.0,3372.3,0.9466,0.8481,0.0,0,12,0,0,0,0,0,0,2020-07-30,0.35,tier2,1,0,1,0,Slavia Praha,2020-01-29,218.0,,ac,0,0,0,2021-08-15,2022-05-22,,0,0.0,0
1,West Ham United,1592,Jarrod Bowen,yes,26.0,38,36,2,0.9631,2833.5,173.4,3006.8,0.9423,0.8768,0.0,0,12,0,0,0,0,0,0,2020-02-03,0.45,data_club,1,0,1,0,Hull City,2020-01-31,219.0,,ac,0,0,0,2021-08-15,2022-05-22,,0,0.0,0
1,West Ham United,1452,Manuel Lanzini,yes,26.0,38,36,2,0.8297,1504.0,149.4,1653.4,0.9097,0.8194,0.0,0,12,0,0,0,0,0,0,2016-07-04,0.25,tier3,1,0,1,0,Al Jazira,2015-07-22,218.0,,bc,0,0,0,2021-08-15,2022-05-22,,0,0.0,0
1,West Ham United,186815,Pablo Fornals,yes,26.0,38,36,2,0.7626,2828.4,137.3,2965.7,0.9537,0.8625,0.0,0,12,0,0,0,0,0,0,2019-07-04,0.5,tier1,1,0,1,0,Villarreal,2019-07-01,219.0,,bc,0,0,0,2021-08-15,2022-05-22,,0,0.0,0
1,West Ham United,4371,Ryan Fredericks,yes,25.0,38,25,13,0.0996,271.1,116.5,387.6,0.6994,0.2395,0.0,0,12,0,0,0,0,0,0,2018-07-04,0.45,data_club,1,0,1,0,Fulham,2018-07-01,220.0,,bc,0,0,0,2021-08-15,2022-05-22,,0,0.0,0
1,West Ham United,96799,Issa Diop,yes,25.0,38,34,4,0.2516,1144.1,90.6,1234.7,0.9266,0.2323,0.0,0,12,0,0,0,0,0,0,2018-07-04,0.5,tier1,1,0,1,0,Toulouse,2018-07-01,219.0,,bc,0,0,0,2021-08-15,2022-05-22,,0,0.0,0
1,West Ham United,733,Lukasz Fabianski,yes,24.0,38,37,1,1.0,3330.0,90.0,3420.0,0.9737,1.0,0.0,0,12,0,0,0,0,0,0,2018-07-04,0.0,none,1,1,1,0,Swansea City,2018-07-01,219.0,,bc,0,0,0,2021-08-15,2022-05-22,,0,0.0,0
1,West Ham United,1183,Craig Dawson,yes,25.0,38,37,1,1.0,2784.4,90.0,2874.4,0.9687,0.9756,0.0,1,11,0,0,0,1,0,0,2021-07-04,0.45,data_club,1,0,1,0,Watford,2020-10-12,218.0,,bc,0,0,0,2021-08-15,2022-05-22,,0,0.0,0
1,West Ham United,1922,Michail Antonio,yes,27.0,38,37,1,0.9149,3089.9,82.3,3172.3,0.974,0.7167,0.0,1,12,0,0,0,0,0,0,2015-09-04,0.45,data_club,1,0,1,0,Nottingham Forest,2015-09-01,219.0,,bc,0,0,0,2021-08-15,2022-05-22,,0,0.0,0
1,West Ham United,156,Mark Noble,yes,26.0,38,33,5,0.1462,400.6,65.8,466.4,0.8589,0.2238,0.0,0,12,0,0,0,0,0,0,,0.0,none,1,0,0,1,,,,West Ham U18,bc,0,0,0,2021-08-15,2022-05-22,,0,0.0,0
1,West Ham United,73906,Nikola Vlasic,yes,26.0,35,32,3,0.2423,667.5,65.4,732.9,0.9107,0.1947,0.0,0,12,0,0,0,0,0,0,2021-09-03,0.35,tier2,1,0,1,0,CSKA Moskva,2021-08-31,219.0,,bc,3,0,0,2021-09-11,2022-05-22,,0,0.0,0
1,West Ham United,82032,Alex Král,yes,26.0,35,32,3,0.2042,154.3,55.1,209.4,0.7367,0.0,0.0,0,12,0,0,0,0,0,0,2021-09-03,0.35,tier2,1,0,1,0,Spartak Moskva,2021-08-31,218.0,,bc,3,0,0,2021-09-11,2022-05-22,,0,0.0,0
1,West Ham United,31626620,Harrison Ashby,yes,25.0,31,8,23,0.0074,2.6,15.4,18.0,0.1429,0.0095,0.0,0,8,0,0,0,0,4,4,,0.0,none,1,0,0,1,,,,,bc,0,0,0,2021-10-17,2022-05-22,,0,0.0,0
1,West Ham United,204697,Andrii Yarmolenko,yes,27.0,38,35,3,0.0421,261.1,11.4,272.5,0.9583,0.2092,0.0,0,12,0,0,0,0,0,0,2018-07-14,0.5,tier1,1,0,1,0,Borussia Dortmund,2018-07-11,219.0,,bc,0,0,0,2021-08-15,2022-05-22,,0,0.0,0
1,West Ham United,37346914,Sonny Perkins,yes,26.0,25,5,20,0.004,1.7,7.2,8.9,0.1875,0.0062,0.0,0,5,0,0,0,0,7,7,,0.0,none,1,0,0,1,,,,,bc,0,0,0,2021-12-01,2022-05-22,,0,0.0,0
1,West Ham United,95393,Alphonse Areola,yes,24.0,38,38,0,0.0,90.0,0.0,90.0,1.0,0.0,0.0,0,12,0,0,0,0,0,0,2021-08-01,0.0,none,1,1,1,0,Paris Saint Germain,2021-07-29,218.0,,c,0,0,0,2021-08-15,2022-05-22,,0,0.0,0
1,West Ham United,581197,Conor Coventry,yes,26.0,5,3,2,0.0,0.0,0.0,0.0,,0.0,0.0,0,0,0,12,0,0,0,0,,0.0,none,1,0,0,1,,,,West Ham United U21,bc,33,0,0,2021-08-15,2022-01-16,,0,0.0,0
1,West Ham United,2875848,Aji Alese,yes,25.0,23,11,12,0.0,0.0,0.0,0.0,,0.0,0.0,0,11,0,0,0,0,1,1,,0.0,none,1,0,0,1,,,,,bc,0,0,0,2021-12-12,2022-05-22,,0,0.0,0
1,West Ham United,4969690,Emmanuel Longelo,no,25.0,0,0,0,0.0,0.0,0.0,0.0,,0.0,0.0,0,0,0,0,0,0,12,12,,0.0,none,0,0,0,1,,,,,,0,0,0,,,,0,0.0,0
1,West Ham United,12433159,Dan Chesters,yes,26.0,2,2,0,0.0026,0.0,0.0,0.0,,0.0026,0.0,0,2,0,0,0,0,10,10,,0.0,none,1,0,0,1,,,,,bc,13,0,2,2022-02-19,2022-03-05,,0,0.0,0
1,West Ham United,27453989,Pierre Ekwah,yes,26.0,38,1,37,0.0,0.0,0.0,0.0,,0.0,0.0,0,1,0,0,0,0,11,0,2021-07-04,0.0,unknown+override,1,0,1,0,Chelsea U23,2021-07-01,219.0,,bc,0,0,0,2021-08-15,2022-05-22,,0,0.0,0
1,West Ham United,30852045,Armstrong Oko-Flex,yes,27.0,22,10,12,0.0,0.0,0.0,0.0,,0.0,0.0,0,10,0,0,0,0,2,2,,0.0,none,1,0,0,1,,,,,bc,0,0,0,2021-12-15,2022-05-22,,0,0.0,0
1,West Ham United,37337720,Jamal Baptiste,yes,25.0,38,5,33,0.0,0.0,0.0,0.0,,0.0,0.0,0,6,0,0,0,0,6,6,,0.0,none,1,0,0,1,,,,,bc,0,0,0,2021-08-15,2022-05-22,,0,0.0,0
1,West Ham United,900554098,Keenan Appiah-Forson,yes,,0,0,0,0.0,0.0,0.0,0.0,,0.0,0.0,0,0,0,0,0,0,12,12,,0.0,none,0,0,0,1,,,,,,0,0,0,,,,0,0.0,0
29,Wolverhampton Wanderers,496775,Pedro Neto,yes,27.0,38,13,25,0.9155,708.6,2059.9,2768.5,0.256,0.4233,0.0,0,12,0,0,0,0,0,0,2019-08-05,0.5,tier1,1,0,1,0,Lazio,2019-08-02,219.0,,bc,0,0,0,2021-08-14,2022-05-22,,0,0.0,0
29,Wolverhampton Wanderers,186426,Jonny,yes,26.0,38,17,21,0.4567,862.7,863.2,1725.9,0.4998,0.9168,0.0,0,12,0,0,0,0,0,0,2019-02-03,0.5,tier1,1,0,1,0,Atlético de Madrid,2018-07-26,218.0,,bc,0,0,0,2021-08-14,2022-05-22,,0,0.0,0
29,Wolverhampton Wanderers,160110,Nélson Semedo,yes,26.0,38,29,9,0.7976,2236.9,646.0,2882.9,0.7759,0.6859,0.0,0,12,0,0,0,0,0,0,2020-09-26,0.5,tier1,1,0,1,0,FC Barcelona,2020-09-23,219.0,,bc,0,0,0,2021-08-14,2022-05-22,,0,0.0,0
29,Wolverhampton Wanderers,160834,Daniel Podence,yes,26.0,38,29,9,0.7079,1504.4,573.4,2077.7,0.724,0.7161,0.0,0,12,0,0,0,0,0,0,2020-02-02,0.35,tier2,1,0,1,0,Olympiacos F.C.,2020-01-30,219.0,,bc,0,0,0,2021-08-14,2022-05-22,,0,0.0,0
29,Wolverhampton Wanderers,498161,Maximilian Kilman,yes,25.0,38,32,6,0.8206,2399.4,443.1,2842.5,0.8441,0.8206,0.0,0,12,0,0,0,0,0,0,2018-08-12,0.35,tier2,1,0,1,0,Maidenhead United,2018-08-09,220.0,,bc,0,0,0,2021-08-14,2022-05-22,,0,0.0,0
29,Wolverhampton Wanderers,159699,Rúben Neves,yes,26.0,38,33,5,0.9133,2640.8,411.0,3051.8,0.8653,0.8787,0.0,0,12,0,0,0,0,0,0,2017-07-11,0.5,tier1,1,0,1,0,Porto,2017-07-08,219.0,,bc,0,0,0,2021-08-14,2022-05-22,,0,0.0,0
29,Wolverhampton Wanderers,7144,Romain Saïss,yes,26.0,38,33,5,0.8791,2710.5,395.6,3106.1,0.8726,0.7985,0.0,0,12,0,0,0,0,0,0,2016-09-02,0.5,tier1,1,0,1,0,Angers SCO,2016-08-30,219.0,,bc,0,0,0,2021-08-14,2022-05-22,,0,0.0,0
29,Wolverhampton Wanderers,96850,Marçal,yes,25.0,38,32,6,0.662,1523.6,357.5,1881.1,0.81,0.3258,0.0,0,12,0,0,0,0,0,0,2020-09-04,0.5,tier1,1,0,1,0,Olympique Lyonnais,2020-09-01,219.0,,bc,0,0,0,2021-08-14,2022-05-22,,0,0.0,0
29,Wolverhampton Wanderers,160217,Raúl Jiménez,yes,27.0,38,34,4,0.844,2665.1,303.8,2969.0,0.8977,0.7676,43.0,2,11,0,0,0,1,0,0,2019-07-04,0.5,tier1,1,0,1,0,Benfica,2018-07-01,218.0,,c,0,0,0,2021-08-14,2022-05-22,,0,0.0,0
29,Wolverhampton Wanderers,52868,Hwang Hee-Chan,yes,27.0,35,31,4,0.8196,1739.5,295.1,2034.5,0.855,0.5978,0.0,0,12,0,0,0,0,0,0,2021-09-01,0.5,tier1,1,0,1,0,RB Leipzig,2021-08-29,218.0,,bc,3,0,0,2021-09-11,2022-05-22,,0,0.0,0
29,Wolverhampton Wanderers,95348,Willy Boly,yes,25.0,38,24,14,0.215,760.5,270.9,1031.4,0.7373,0.8333,0.0,0,12,0,0,0,0,0,0,2018-07-04,0.5,tier1,1,0,1,0,Porto,2017-07-08,218.0,,bc,0,0,0,2021-08-14,2022-05-22,,0,0.0,0
29,Wolverhampton Wanderers,96102,João Moutinho,yes,26.0,38,36,2,0.931,2942.5,167.6,3110.1,0.9461,0.993,0.0,0,12,0,0,0,0,0,0,2018-07-27,0.5,tier1,1,0,1,0,Monaco,2018-07-24,219.0,,bc,0,0,0,2021-08-14,2022-05-22,,0,0.0,0
29,Wolverhampton Wanderers,13590962,Rayan Aït-Nouri,yes,25.0,38,35,3,0.597,1845.2,161.2,2006.4,0.9197,0.5909,0.0,0,12,0,0,0,0,0,0,2021-07-12,0.5,tier1,1,0,1,0,Angers SCO,2020-10-04,218.0,,bc,0,0,0,2021-08-14,2022-05-22,,0,0.0,0
29,Wolverhampton Wanderers,23269652,Ki-Jana Hoever,yes,25.0,38,29,9,0.1584,403.2,128.3,531.5,0.7586,0.1879,0.0,0,12,0,0,0,0,0,0,2020-09-22,0.0,tier2,1,0,1,0,Liverpool U21,2020-09-19,219.0,,bc,0,0,0,2021-08-14,2022-05-22,,0,0.0,0
29,Wolverhampton Wanderers,37400484,Yerson Mosquera,yes,25.0,38,5,33,0.0385,31.9,114.4,146.2,0.2179,0.0,0.0,0,5,0,0,0,0,7,0,2021-07-04,0.25,tier3,1,0,1,0,Atlético Nacional,2021-07-01,219.0,,ac,0,0,0,2021-08-14,2022-05-22,,0,0.0,0
29,Wolverhampton Wanderers,37404802,Chiquinho,yes,27.0,18,15,3,0.3614,282.6,97.6,380.1,0.7433,0.1762,0.0,0,12,0,0,0,0,0,0,2022-01-20,0.5,tier1,1,0,1,0,Estoril,2022-01-17,219.0,,bc,20,0,0,2022-01-22,2022-05-22,,0,0.0,0
29,Wolverhampton Wanderers,62423,Leander Dendoncker,yes,26.0,38,37,1,0.741,1916.4,66.7,1983.1,0.9664,0.7317,0.0,0,12,0,0,0,0,0,0,2019-07-04,0.5,tier1,1,0,1,0,Anderlecht,2018-08-09,218.0,,bc,0,0,0,2021-08-14,2022-05-22,,0,0.0,0
29,Wolverhampton Wanderers,163190,Trincão,yes,27.0,38,37,1,0.6392,1475.4,57.5,1532.9,0.9625,0.2609,0.0,0,12,0,0,0,0,0,0,2021-07-07,0.5,tier1,1,0,1,0,FC Barcelona,2021-07-04,218.0,,bc,0,0,0,2021-08-14,2022-05-22,,0,0.0,0
29,Wolverhampton Wanderers,29303604,Toti Gomes,yes,25.0,19,16,3,0.1667,187.5,45.0,232.5,0.8065,0.1667,0.0,0,12,0,0,0,0,0,0,2020-09-05,0.5,tier1,1,0,1,0,Estoril,2020-09-02,219.0,,ac,19,0,0,2022-01-15,2022-05-22,,0,0.0,0
29,Wolverhampton Wanderers,23739135,Luke Cundle,yes,26.0,38,33,5,0.0509,109.8,22.9,132.7,0.8274,0.0903,0.0,0,12,0,0,0,0,0,0,,0.0,none,1,0,0,1,,,,Wolves U21,bc,0,0,0,2021-08-14,2022-05-22,,0,0.0,0
29,Wolverhampton Wanderers,24081648,Chem Campbell,yes,26.0,38,7,31,0.0028,0.0,7.7,7.7,0.0,0.0143,0.0,0,7,0,0,0,0,5,5,,0.0,none,1,0,0,1,,,,Wolves U21,bc,0,0,0,2021-08-14,2022-05-22,,0,0.0,0
29,Wolverhampton Wanderers,23269679,Fábio Silva,yes,27.0,38,37,1,0.0232,855.6,2.1,857.7,0.9976,0.3108,0.0,0,12,0,0,0,0,0,0,2020-09-08,0.5,tier1,1,0,1,0,Porto,2020-09-05,219.0,,bc,0,0,0,2021-08-14,2022-05-22,,0,0.0,0
29,Wolverhampton Wanderers,890,John Ruddy,yes,24.0,38,38,0,0.1254,90.0,0.0,90.0,1.0,0.1254,0.0,0,12,0,0,0,0,0,0,2017-07-13,0.0,none,1,1,1,0,Norwich City,2017-07-10,220.0,,c,0,0,0,2021-08-14,2022-05-22,,0,0.0,0
29,Wolverhampton Wanderers,3043,Conor Coady,yes,25.0,38,38,0,0.957,3395.8,0.0,3395.8,1.0,0.957,0.0,0,12,0,0,0,0,0,0,2015-07-06,0.45,data_club,1,0,1,0,Huddersfield Town,2015-07-03,219.0,,bc,0,0,0,2021-08-14,2022-05-22,,0,0.0,0
29,Wolverhampton Wanderers,4241,Adama Traoré,yes,27.0,21,21,0,0.4209,1298.5,0.0,1298.5,1.0,0.4209,0.0,0,12,0,0,0,0,0,0,2018-08-11,0.45,data_club,1,0,1,0,Middlesbrough,2018-08-08,219.0,,bc,17,0,0,2021-08-14,2022-01-22,,0,0.0,0
29,Wolverhampton Wanderers,7926,Morgan Gibbs-White,yes,26.0,3,3,0,0.0,82.4,0.0,82.4,1.0,0.0,0.0,0,0,0,12,0,0,0,0,,0.0,none,1,0,0,1,,,,Wolverhampton U18,bc,35,0,0,2021-08-14,2021-08-29,,0,0.0,0
29,Wolverhampton Wanderers,159483,José Sá,yes,24.0,38,38,0,0.8746,2827.5,0.0,2827.5,1.0,0.8746,0.0,0,12,0,0,0,0,0,0,2021-07-18,0.0,none,1,1,1,0,Olympiacos F.C.,2021-07-15,219.0,,ac,0,0,0,2021-08-14,2022-05-22,,0,0.0,0
29,Wolverhampton Wanderers,163516,Bruno Jordão,yes,26.0,21,4,17,0.0,0.0,0.0,0.0,,0.0,0.0,0,4,0,0,0,0,8,0,2019-08-05,0.5,tier1,1,0,1,0,Lazio,2019-08-02,219.0,,bc,17,0,0,2021-08-14,2022-01-22,,0,0.0,0
29,Wolverhampton Wanderers,1494341,Dion Sanderson,yes,25.0,2,1,1,0.0,0.0,0.0,0.0,,0.0,0.0,0,0,0,11,0,1,0,0,,0.0,none,1,0,0,1,,,,Wolves U21,bc,17,0,0,2022-01-15,2022-01-22,,0,0.0,0
29,Wolverhampton Wanderers,14338473,Ryan Giles,yes,25.0,2,2,0,0.0,0.0,0.0,0.0,,0.0,0.0,0,0,0,12,0,0,0,0,,0.0,none,1,0,0,1,,,,Wolverhampton U18,bc,36,0,0,2022-01-15,2022-01-22,,0,0.0,0
29,Wolverhampton Wanderers,26715427,Louie Moulden,yes,24.0,21,9,12,0.0,0.0,0.0,0.0,,0.0,0.0,0,9,0,0,0,0,3,0,2021-07-04,0.0,none,1,1,1,0,Man City U23,2021-07-01,220.0,,bc,17,0,0,2021-08-14,2022-01-22,,0,0.0,0
29,Wolverhampton Wanderers,33186843,Christian Marques,yes,25.0,38,2,36,0.0,0.0,0.0,0.0,,0.0,0.0,0,6,0,0,0,0,6,6,,0.0,none,1,0,0,1,,,,,bc,0,0,0,2021-08-14,2022-05-22,,0,0.0,0
29,Wolverhampton Wanderers,37286738,Hugo Bueno,yes,25.0,25,4,21,0.0,0.0,0.0,0.0,,0.0,0.0,0,5,0,0,0,0,7,7,,0.0,none,1,0,0,1,,,,Wolves U21,c,0,0,0,2021-12-01,2022-05-22,,0,0.0,0
29,Wolverhampton Wanderers,37544382,James Storer,yes,24.0,29,1,28,0.0,0.0,0.0,0.0,,0.0,0.0,0,1,0,0,0,0,11,11,,0.0,none,1,1,0,1,,,,,bc,0,0,0,2021-11-01,2022-05-22,,0,0.0,0
