team_id,club,player_id,player,name_verified,position_id,E,N,A,xU,NET,NETabsence,RET,NETavailability,xU_asof,sent_off_mins,sent_off_n,slots_actual,slots_carried,slots_unseen,slots_expired,slots_sentoff,slots_empty,slots_empty_filled,arrival_eff,fill,origin_tier,named_anywhere,is_gk,is_import,academy,origin_from,origin_date,origin_type,youth_promo_from,elig_basis,fixtures_blocked_by_transfers,named_in_allowance,named_while_blocked,elig_first,elig_last,data_flag,fixtures_excluded,minutes_excluded,fixtures_force_retained
52,AFC Bournemouth,1834,Lewis Cook,yes,26.0,38,19,19,0.743,1042.4,1270.6,2313.0,0.4507,0.6858,0.0,1,11,0,0,0,1,0,0,2016-07-11,0.45,data_club,1,0,1,0,Leeds United,2016-07-08,219.0,,ac,0,0,0,2025-08-15,2026-05-24,,0,0.0,0
52,AFC Bournemouth,26803,Justin Kluivert,yes,26.0,38,21,17,0.6818,1109.5,1043.2,2152.7,0.5154,0.5704,0.0,0,12,0,0,0,0,0,0,2023-07-04,0.5,tier1,1,0,1,0,Roma,2023-07-01,219.0,,ac,0,0,0,2025-08-15,2026-05-24,,0,0.0,0
52,AFC Bournemouth,262324,Tyler Adams,yes,26.0,38,26,12,0.8346,1909.8,901.4,2811.2,0.6794,0.5449,0.0,0,12,0,0,0,0,0,0,2023-08-23,0.45,data_club,1,0,1,0,Leeds United,2023-08-20,219.0,,ac,0,0,0,2025-08-15,2026-05-24,,0,0.0,0
52,AFC Bournemouth,172752,Ryan Christie,yes,26.0,38,27,11,0.4608,1089.2,456.2,1545.4,0.7048,0.5815,9.1,1,11,0,0,0,1,0,0,2021-09-03,0.35,tier2,1,0,1,0,Celtic,2021-08-31,219.0,,ac,0,0,0,2025-08-15,2026-05-24,,0,0.0,0
52,AFC Bournemouth,537493,Marcus Tavernier,yes,26.0,38,34,4,0.9048,2578.9,325.7,2904.7,0.8879,0.8826,0.0,0,12,0,0,0,0,0,0,2022-08-04,0.45,data_club,1,0,1,0,Middlesbrough,2022-08-01,219.0,,ac,0,0,0,2025-08-15,2026-05-24,,0,0.0,0
52,AFC Bournemouth,1095,Adam Smith,yes,25.0,38,33,5,0.6842,1198.4,307.9,1506.3,0.7956,0.3202,0.0,0,12,0,0,0,0,0,0,2014-01-31,0.45,data_club,1,0,1,0,Tottenham Hotspur,2010-09-23,218.0,,ac,0,0,0,2025-08-15,2026-05-24,,0,0.0,0
52,AFC Bournemouth,26354,Enes Ünal,yes,27.0,38,27,11,0.2647,403.6,262.0,665.7,0.6063,0.1073,0.0,0,12,0,0,0,0,0,0,2024-07-04,0.5,tier1,1,0,1,0,Getafe,2024-02-01,218.0,,bc,0,0,0,2025-08-15,2026-05-24,,0,0.0,0
52,AFC Bournemouth,37584705,Álex Jiménez,yes,25.0,35,32,3,0.9012,2051.9,243.3,2295.3,0.894,0.9012,0.0,0,12,0,0,0,0,0,0,2025-09-04,0.5,tier1,1,0,1,0,AC Milan,2025-09-01,218.0,,bc,3,0,0,2025-09-13,2026-05-24,,0,0.0,0
52,AFC Bournemouth,37659710,Veljko Milosavljevic,yes,25.0,35,22,13,0.2052,564.5,240.1,804.6,0.7016,0.0833,0.0,0,12,0,0,0,0,0,0,2025-09-04,0.35,tier2,1,0,1,0,Crvena Zvezda,2025-09-01,219.0,,ac,0,0,0,2025-09-13,2026-05-24,,0,0.0,0
52,AFC Bournemouth,37602125,Ben Gannon-Doak,yes,27.0,37,19,18,0.1396,346.5,226.2,572.7,0.6051,0.081,0.0,0,12,0,0,0,0,0,0,2025-08-21,0.45,data_club,1,0,1,0,Liverpool,2025-08-18,219.0,,ac,0,0,0,2025-08-23,2026-05-24,,0,0.0,0
52,AFC Bournemouth,9808,David Brooks,yes,26.0,38,33,5,0.4978,1276.0,224.0,1500.0,0.8507,0.2524,0.0,0,12,0,0,0,0,0,0,2018-07-04,0.45,data_club,1,0,1,0,Sheffield United,2018-07-01,219.0,,ac,0,0,0,2025-08-15,2026-05-24,,0,0.0,0
52,AFC Bournemouth,11298616,Evanilson,yes,27.0,38,36,2,0.9506,2732.2,171.1,2903.3,0.9411,0.8233,0.0,0,12,0,0,0,0,0,0,2024-08-19,0.5,tier1,1,0,1,0,Porto,2024-08-16,219.0,,ac,0,0,0,2025-08-15,2026-05-24,,0,0.0,0
52,AFC Bournemouth,23260605,Julián Araujo,yes,25.0,19,8,11,0.1336,105.9,132.3,238.1,0.4446,0.1224,0.0,0,12,0,0,0,0,0,0,2024-08-16,0.5,tier1,1,0,1,0,FC Barcelona,2024-08-13,219.0,,ac,19,0,0,2025-08-15,2025-12-30,,0,0.0,0
52,AFC Bournemouth,22169325,James Hill,yes,25.0,38,34,4,0.2653,1596.8,95.5,1692.3,0.9436,1.0,0.0,0,12,0,0,0,0,0,0,2022-01-08,0.35,tier2,1,0,1,0,Fleetwood Town,2022-01-05,219.0,,ac,0,0,0,2025-08-15,2026-05-24,,0,0.0,0
52,AFC Bournemouth,10990678,Antoine Semenyo,yes,27.0,21,20,1,0.9991,1742.7,89.9,1832.6,0.9509,0.9818,0.0,0,12,12,0,0,0,0,0,2023-01-30,0.45,data_club,1,0,1,0,Bristol City,2023-01-27,219.0,,bc,17,0,0,2025-08-15,2026-01-07,,0,0.0,0
52,AFC Bournemouth,37550443,Alex Scott,yes,26.0,38,37,1,0.9966,2499.5,89.7,2589.2,0.9654,0.9966,0.0,0,12,0,0,0,0,0,0,2023-08-13,0.45,data_club,1,0,1,0,Bristol City,2023-08-10,219.0,,ac,0,0,0,2025-08-15,2026-05-24,,0,0.0,0
52,AFC Bournemouth,333989,Marcos Senesi,yes,25.0,38,37,1,0.985,2872.3,88.7,2960.9,0.9701,1.0,0.0,0,12,0,0,0,0,0,0,2022-08-11,0.5,tier1,1,0,1,0,Feyenoord,2022-08-08,219.0,,bc,0,0,0,2025-08-15,2026-05-24,,0,0.0,0
52,AFC Bournemouth,37627749,Julio Soler,yes,25.0,38,17,21,0.0327,34.7,61.8,96.5,0.3594,0.0366,0.0,0,12,0,0,0,0,0,0,2025-01-10,0.25,tier3,1,0,1,0,Lanús,2025-01-07,219.0,,ac,0,0,0,2025-08-15,2026-05-24,,0,0.0,0
52,AFC Bournemouth,22536030,Bafodé Diakité,yes,25.0,38,37,1,0.625,1579.3,56.2,1635.5,0.9656,0.0,0.0,0,12,0,0,0,0,0,0,2025-08-16,0.5,tier1,1,0,1,0,LOSC Lille,2025-08-13,219.0,,ac,1,1,0,2025-08-15,2026-05-24,,0,0.0,0
52,AFC Bournemouth,6087,Philip Billing,yes,26.0,2,1,1,0.1671,16.7,15.0,31.7,0.5256,0.1671,0.0,0,12,0,0,0,0,0,0,2019-08-01,0.45,data_club,1,0,1,0,Huddersfield Town,2019-07-29,219.0,,bc,36,0,0,2025-08-15,2025-08-23,,0,0.0,0
52,AFC Bournemouth,37549912,Ben Winterburn,yes,26.0,3,1,2,0.0279,1.6,5.0,6.6,0.242,0.0279,0.0,0,12,0,0,0,0,0,0,,0.0,none,1,0,0,1,,,,AFC Bournemouth U21,ac,35,0,0,2025-08-15,2025-08-30,,0,0.0,0
52,AFC Bournemouth,2511082,Hamed Traoré,yes,26.0,2,1,1,0.0185,0.0,1.7,1.7,0.0,0.0185,0.0,0,2,0,0,0,0,10,0,2023-07-04,0.5,tier1,1,0,1,0,Sassuolo,2023-01-31,218.0,,bc,36,0,0,2025-08-15,2025-08-23,,0,0.0,0
52,AFC Bournemouth,1241,Fraser Forster,yes,24.0,19,4,15,0.0,0.0,0.0,0.0,,0.0,0.0,0,4,0,0,8,0,0,0,2026-01-05,0.0,none,1,1,1,0,TBC,2026-01-02,219.0,,ac,1,1,0,2026-01-03,2026-05-24,,0,0.0,0
52,AFC Bournemouth,434243,Romain Faivre,yes,26.0,3,1,2,0.0,0.0,0.0,0.0,,0.0,0.0,0,1,0,0,0,0,11,0,2023-07-16,0.5,tier1,1,0,1,0,Olympique Lyonnais,2023-07-13,219.0,,bc,35,0,0,2025-08-15,2025-08-30,,0,0.0,0
52,AFC Bournemouth,538472,Djordje Petrovic,yes,24.0,38,38,0,1.0,2835.0,0.0,2835.0,1.0,1.0,0.0,0,12,0,0,0,0,0,0,2025-07-19,0.0,none,1,1,1,0,Chelsea,2025-07-16,219.0,,ac,0,0,0,2025-08-15,2026-05-24,,0,0.0,0
52,AFC Bournemouth,1494663,Max Aarons,yes,25.0,0,0,0,0.085,0.0,0.0,0.0,,0.085,0.0,0,12,0,0,0,0,0,0,2023-08-13,0.45,data_club,1,0,1,0,Norwich City,2023-08-10,219.0,,a,38,0,0,,,,0,0.0,0
52,AFC Bournemouth,4237168,Christos Mandas,yes,24.0,15,15,0,0.0,0.0,0.0,0.0,,0.0,0.0,0,12,0,0,0,0,0,0,2026-01-30,0.0,none,1,1,1,0,Lazio,2026-01-27,218.0,,bc,23,0,0,2026-01-31,2026-05-24,,0,0.0,0
52,AFC Bournemouth,14004542,Amine Adli,yes,27.0,37,37,0,0.2454,1313.8,0.0,1313.8,1.0,0.2454,0.0,0,12,0,0,0,0,0,0,2025-08-24,0.5,tier1,1,0,1,0,Bayer 04 Leverkusen,2025-08-21,219.0,,ac,1,1,0,2025-08-23,2026-05-24,,0,0.0,0
52,AFC Bournemouth,28543553,Adrien Truffert,yes,25.0,38,38,0,1.0,3082.6,0.0,3082.6,1.0,1.0,0.0,0,12,0,0,0,0,0,0,2025-07-04,0.5,tier1,1,0,1,0,Rennes,2025-07-01,219.0,,ac,0,0,0,2025-08-15,2026-05-24,,0,0.0,0
52,AFC Bournemouth,37325112,Will Dennis,yes,24.0,24,19,5,0.0,0.0,0.0,0.0,,0.0,0.0,0,12,0,0,0,0,0,0,,0.0,none,1,1,0,1,,,,AFC Bournemouth U21,bc,14,0,0,2025-08-15,2026-01-31,,0,0.0,0
52,AFC Bournemouth,37391641,Daniel Jebbison,yes,27.0,0,0,0,0.0,0.0,0.0,0.0,,0.0,0.0,0,0,0,0,12,0,0,0,2024-07-13,0.45,data_club,1,0,1,0,Sheffield United,2024-07-10,220.0,,a,38,0,0,,,,0,0.0,0
52,AFC Bournemouth,37549901,Owen Bevan,yes,25.0,38,0,38,0.0,0.0,0.0,0.0,,0.0,0.0,0,0,0,0,0,0,12,0,2020-07-04,0.35,unknown+override,1,0,1,0,Bournemouth Jgd,2020-07-01,219.0,AFC Bournemouth U21,b,0,0,0,2025-08-15,2026-05-24,,0,0.0,0
52,AFC Bournemouth,37592022,Dominic Sadi,yes,26.0,38,2,36,0.0,0.0,0.0,0.0,,0.0,0.0,0,3,0,0,0,0,9,9,,0.0,none,1,0,0,1,,,,,bc,0,0,0,2025-08-15,2026-05-24,,0,0.0,0
52,AFC Bournemouth,37616114,Remy Rees-Dottin,yes,27.0,38,7,31,0.0,0.0,0.0,0.0,,0.0,0.0,0,12,0,0,0,0,0,0,,0.0,none,1,0,0,1,,,,,bc,0,0,0,2025-08-15,2026-05-24,,0,0.0,0
52,AFC Bournemouth,37623493,Matai Akinmboni,yes,25.0,38,0,38,0.0,0.0,0.0,0.0,,0.0,0.0,0,8,0,0,0,0,4,0,2025-01-06,0.25,tier3,1,0,1,0,DC United,2025-01-03,219.0,,b,0,0,0,2025-08-15,2026-05-24,,0,0.0,0
52,AFC Bournemouth,37624325,Alex Tóth,yes,26.0,16,16,0,0.0834,297.5,0.0,297.5,1.0,0.0834,0.0,0,12,0,0,0,0,0,0,2026-01-23,0.35,tier2,1,0,1,0,Ferencvárosi,2026-01-20,219.0,,ac,0,0,0,2026-01-24,2026-05-24,,0,0.0,0
52,AFC Bournemouth,37632336,Junior Kroupi,yes,27.0,38,38,0,0.7091,1222.1,0.0,1222.1,1.0,0.7091,0.0,0,12,0,0,0,0,0,0,2025-02-06,0.5,tier1,1,0,1,0,Lorient,2025-02-03,219.0,,ac,0,0,0,2025-08-15,2026-05-24,,0,0.0,0
52,AFC Bournemouth,37679567,Rayan,yes,26.0,15,15,0,0.8136,765.7,0.0,765.7,1.0,0.8136,0.0,0,12,0,0,0,0,0,0,2026-01-30,0.25,tier3,1,0,1,0,Vasco da Gama,2026-01-27,219.0,,ac,0,0,0,2026-01-31,2026-05-24,,0,0.0,0
52,AFC Bournemouth,37732368,Charlie Stevens,yes,26.0,17,1,16,0.0,0.0,0.0,0.0,,0.0,0.0,0,1,0,0,0,0,11,11,,0.0,none,1,0,0,1,,,,,bc,0,0,0,2026-01-19,2026-05-24,,0,0.0,0
52,AFC Bournemouth,37904092,Malcom DaCosta,yes,26.0,25,6,19,0.0,0.0,0.0,0.0,,0.0,0.0,0,6,0,0,0,0,6,6,,0.0,none,1,0,0,1,,,,,bc,0,0,0,2025-12-02,2026-05-24,,0,0.0,0
19,Arsenal,32612,Kai Havertz,yes,27.0,38,14,24,0.7193,693.5,1553.7,2247.1,0.3086,0.5079,0.0,0,12,0,0,0,0,0,0,2023-07-04,0.45,data_club,1,0,1,0,Chelsea,2023-07-01,219.0,,ac,0,0,0,2025-08-17,2026-05-24,,0,0.0,0
19,Arsenal,26823,Martin Ødegaard,yes,26.0,38,25,13,0.6675,1483.6,781.0,2264.6,0.6551,0.5989,0.0,0,12,0,0,0,0,0,0,2021-08-23,0.5,tier1,1,0,1,0,Real Madrid,2021-01-27,218.0,,ac,0,0,0,2025-08-17,2026-05-24,,0,0.0,0
19,Arsenal,32710,Mikel Merino,yes,26.0,38,24,14,0.5483,1231.5,690.9,1922.4,0.6406,0.4993,0.0,0,12,0,0,0,0,0,0,2024-08-30,0.5,tier1,1,0,1,0,Real Sociedad,2024-08-27,219.0,,ac,0,0,0,2025-08-17,2026-05-24,,0,0.0,0
19,Arsenal,23278684,Riccardo Calafiori,yes,25.0,38,28,10,0.7537,1612.7,678.3,2291.0,0.7039,0.4097,0.0,0,12,0,0,0,0,0,0,2024-08-01,0.5,tier1,1,0,1,0,Bologna,2024-07-29,219.0,,ac,0,0,0,2025-08-17,2026-05-24,,0,0.0,0
19,Arsenal,5270466,Jurriën Timber,yes,25.0,38,30,8,0.9213,2257.7,663.3,2921.0,0.7729,0.9154,0.0,0,12,0,0,0,0,0,0,2023-07-17,0.5,tier1,1,0,1,0,Ajax,2023-07-14,219.0,,ac,0,0,0,2025-08-17,2026-05-24,,0,0.0,0
19,Arsenal,5329,Gabriel Jesus,yes,27.0,38,24,14,0.4609,701.5,580.7,1282.3,0.5471,0.1343,0.0,0,12,0,0,0,0,0,0,2022-07-07,0.45,data_club,1,0,1,0,Manchester City,2022-07-04,219.0,,bc,0,0,0,2025-08-17,2026-05-24,,0,0.0,0
19,Arsenal,17544737,William Saliba,yes,25.0,38,31,7,0.8937,2565.4,563.1,3128.5,0.82,1.0,0.0,0,12,0,0,0,0,0,0,2019-07-28,0.5,tier1,1,0,1,0,Saint-Étienne,2019-07-25,219.0,,ac,0,0,0,2025-08-17,2026-05-24,,0,0.0,0
19,Arsenal,97811,Gabriel Magalhães,yes,25.0,38,32,6,0.93,2718.2,502.2,3220.4,0.8441,0.96,0.0,0,12,0,0,0,0,0,0,2020-09-04,0.5,tier1,1,0,1,0,LOSC Lille,2020-09-01,219.0,,ac,0,0,0,2025-08-17,2026-05-24,,0,0.0,0
19,Arsenal,16827155,Bukayo Saka,yes,27.0,38,32,6,0.7145,2175.9,385.8,2561.7,0.8494,0.7039,0.0,0,12,0,0,0,0,0,0,,0.0,none,1,0,0,1,,,,Arsenal U21,ac,0,0,0,2025-08-17,2026-05-24,,0,0.0,0
19,Arsenal,25217662,Noni Madueke,yes,27.0,38,32,6,0.6697,1316.8,361.6,1678.4,0.7845,0.3982,0.0,0,12,0,0,0,0,0,0,2025-07-21,0.45,data_club,1,0,1,0,Chelsea,2025-07-18,219.0,,ac,0,0,0,2025-08-17,2026-05-24,,0,0.0,0
19,Arsenal,3259,Ben White,yes,25.0,38,29,9,0.3522,852.6,285.2,1137.9,0.7493,0.3835,0.0,0,12,0,0,0,0,0,0,2021-08-02,0.45,data_club,1,0,1,0,Brighton & Hove Albion,2021-07-30,219.0,,ac,0,0,0,2025-08-17,2026-05-24,,0,0.0,0
19,Arsenal,31609,Christian Nørgaard,yes,26.0,38,28,10,0.2904,465.0,261.3,726.3,0.6402,0.0791,0.0,0,12,0,0,0,0,0,0,2025-07-13,0.45,data_club,1,0,1,0,Brentford,2025-07-10,219.0,,bc,0,0,0,2025-08-17,2026-05-24,,0,0.0,0
19,Arsenal,37592228,Cristhian Mosquera,yes,25.0,38,31,7,0.3796,978.2,239.2,1217.4,0.8035,0.4393,0.0,0,12,0,0,0,0,0,0,2025-07-27,0.5,tier1,1,0,1,0,Valencia,2025-07-24,219.0,,ac,0,0,0,2025-08-17,2026-05-24,,0,0.0,0
19,Arsenal,61780,Leandro Trossard,yes,27.0,38,34,4,0.6404,2068.6,230.5,2299.1,0.8997,0.6124,0.0,0,12,0,0,0,0,0,0,2023-01-23,0.45,data_club,1,0,1,0,Brighton & Hove Albion,2023-01-20,219.0,,bc,0,0,0,2025-08-17,2026-05-24,,0,0.0,0
19,Arsenal,37261496,Piero Hincapié,yes,25.0,35,30,5,0.4796,1639.4,215.8,1855.2,0.8837,0.6244,0.0,0,12,0,0,0,0,0,0,2025-09-04,0.5,tier1,1,0,1,0,Bayer 04 Leverkusen,2025-09-01,218.0,,c,0,0,0,2025-09-13,2026-05-24,,0,0.0,0
19,Arsenal,194167,Viktor Gyökeres,yes,27.0,38,36,2,0.7985,2182.9,143.7,2326.6,0.9382,0.6082,0.0,0,12,0,0,0,0,0,0,2025-07-29,0.5,tier1,1,0,1,0,Sporting CP,2025-07-26,219.0,,ac,0,0,0,2025-08-17,2026-05-24,,0,0.0,0
19,Arsenal,8403613,Jakub Kiwior,yes,25.0,3,1,2,0.7367,66.3,132.6,198.9,0.3333,0.7367,0.0,0,12,0,0,0,0,0,0,2023-01-26,0.5,tier1,1,0,1,0,Spezia,2023-01-23,219.0,,bc,35,0,0,2025-08-17,2025-08-31,,0,0.0,0
19,Arsenal,3130,David Raya,yes,24.0,38,37,1,1.0,3330.0,90.0,3420.0,0.9737,1.0,0.0,0,12,0,0,0,0,0,0,2024-07-07,0.0,none,1,1,1,0,Brentford,2023-08-15,218.0,,ac,0,0,0,2025-08-17,2026-05-24,,0,0.0,0
19,Arsenal,5273,Declan Rice,yes,26.0,38,37,1,0.9624,3146.2,86.6,3232.8,0.9732,0.8723,0.0,0,12,0,0,0,0,0,0,2023-07-18,0.45,data_club,1,0,1,0,West Ham United,2023-07-15,219.0,,ac,0,0,0,2025-08-17,2026-05-24,,0,0.0,0
19,Arsenal,10959356,Gabriel Martinelli,yes,27.0,38,36,2,0.445,1403.1,80.1,1483.2,0.946,0.4332,0.0,0,12,0,0,0,0,0,0,2019-07-05,0.25,tier3,1,0,1,0,Ituano,2019-07-02,219.0,,bc,0,0,0,2025-08-17,2026-05-24,,0,0.0,0
19,Arsenal,37720618,Max Dowman,yes,26.0,37,17,20,0.0332,71.2,59.7,130.8,0.5439,0.1232,0.0,0,12,0,0,0,0,0,0,,0.0,none,1,0,0,1,,,,,ac,0,0,0,2025-08-23,2026-05-24,,0,0.0,0
19,Arsenal,37568808,Ethan Nwaneri,yes,26.0,22,17,5,0.0946,370.3,42.6,412.8,0.8969,0.0422,0.0,0,12,0,0,0,0,0,0,,0.0,none,1,0,0,1,,,,Arsenal U21,bc,16,0,0,2025-08-17,2026-01-17,,0,0.0,0
19,Arsenal,37568815,Myles Lewis-Skelly,yes,25.0,38,37,1,0.2199,868.9,19.8,888.7,0.9777,0.3669,0.0,0,12,0,0,0,0,0,0,,0.0,none,1,0,0,1,,,,Arsenal U21,ac,0,0,0,2025-08-17,2026-05-24,,0,0.0,0
19,Arsenal,7643,Eberechi Eze,yes,26.0,36,36,0,0.7003,1714.5,0.0,1714.5,1.0,0.7003,0.0,0,12,0,0,0,0,0,0,2025-08-26,0.45,data_club,1,0,1,0,Crystal Palace,2025-08-23,219.0,,ac,1,0,0,2025-08-31,2026-05-24,,0,0.0,0
19,Arsenal,186606,Kepa Arrizabalaga,yes,24.0,38,38,0,0.0833,0.0,0.0,0.0,,0.0833,0.0,0,12,0,0,0,0,0,0,2025-07-04,0.0,none,1,1,1,0,Chelsea,2025-07-01,219.0,,ac,0,0,0,2025-08-17,2026-05-24,,0,0.0,0
19,Arsenal,530762,Martín Zubimendi,yes,26.0,38,38,0,0.739,2880.2,0.0,2880.2,1.0,0.739,0.0,0,12,0,0,0,0,0,0,2025-07-09,0.5,tier1,1,0,1,0,Real Sociedad,2025-07-06,219.0,,ac,0,0,0,2025-08-17,2026-05-24,,0,0.0,0
19,Arsenal,37540213,Charles Sagoe,yes,27.0,0,0,0,0.0,0.0,0.0,0.0,,0.0,0.0,0,0,0,0,0,0,12,12,,0.0,none,1,0,0,1,,,,,b,38,0,0,,,,0,0.0,0
19,Arsenal,37600439,Tommy Setford,yes,24.0,38,1,37,0.0,0.0,0.0,0.0,,0.0,0.0,0,4,0,0,0,0,8,8,,0.0,none,1,1,0,1,,,,,bc,0,0,0,2025-08-17,2026-05-24,,0,0.0,0
19,Arsenal,37695666,Jaden Dixon,no,25.0,14,0,14,0.0,0.0,0.0,0.0,,0.0,0.0,0,0,0,12,0,0,0,0,2026-02-05,0.0,unknown+override,1,0,1,0,Stoke U21,2026-02-02,219.0,,b,24,0,0,2026-02-07,2026-05-24,,0,0.0,0
19,Arsenal,37739984,Andre Harriman-Annous,yes,27.0,36,2,34,0.0,0.0,0.0,0.0,,0.0,0.0,0,2,0,0,0,0,10,10,,0.0,none,1,0,0,1,,,,,bc,0,0,0,2025-08-31,2026-05-24,,0,0.0,0
19,Arsenal,37769798,Marli Salmon,yes,25.0,24,3,21,0.0,0.0,0.0,0.0,,0.0,0.0,0,3,0,0,0,0,9,9,,0.0,none,1,0,0,1,,,,,bc,0,0,0,2025-12-06,2026-05-24,,0,0.0,0
19,Arsenal,900843597,Louie Copley,yes,,0,0,0,0.0,0.0,0.0,0.0,,0.0,0.0,0,0,0,0,0,0,12,12,,0.0,none,0,0,0,1,,,,,,0,0,0,,,,0,0.0,0
19,Arsenal,900940915,Alexéi Rojas,yes,,0,0,0,0.0,0.0,0.0,0.0,,0.0,0.0,0,0,0,0,0,0,12,12,,0.0,none,0,0,0,1,,,,,,0,0,0,,,,0,0.0,0
19,Arsenal,901180733,Ceadach O'Neill,yes,,0,0,0,0.0,0.0,0.0,0.0,,0.0,0.0,0,0,0,0,0,0,12,12,,0.0,none,0,0,0,1,,,,,,0,0,0,,,,0,0.0,0
15,Aston Villa,97626,Boubacar Kamara,yes,26.0,38,18,20,0.9124,1316.9,1642.3,2959.2,0.445,0.9338,0.0,0,12,0,0,0,0,0,0,2022-07-04,0.5,tier1,1,0,1,0,Olympique Marseille,2022-07-01,220.0,,ac,0,0,0,2025-08-16,2026-05-24,,0,0.0,0
15,Aston Villa,62342,Youri Tielemans,yes,26.0,38,25,13,0.8694,1876.3,1017.2,2893.6,0.6485,0.8346,0.0,0,12,0,0,0,0,0,0,2023-07-04,0.45,data_club,1,0,1,0,Leicester City,2023-07-01,220.0,,bc,0,0,0,2025-08-16,2026-05-24,,0,0.0,0
15,Aston Villa,22878573,Amadou Onana,yes,26.0,38,26,12,0.7328,1666.8,791.5,2458.3,0.678,0.7998,0.0,0,12,0,0,0,0,0,0,2024-07-25,0.45,data_club,1,0,1,0,Everton,2024-07-22,219.0,,ac,0,0,0,2025-08-16,2026-05-24,,0,0.0,0
15,Aston Villa,1094,Tyrone Mings,yes,25.0,38,23,15,0.546,1150.8,737.1,1887.8,0.6096,0.75,0.0,0,12,0,0,0,0,0,0,2019-07-11,0.45,data_club,1,0,1,0,AFC Bournemouth,2019-01-31,218.0,,ac,0,0,0,2025-08-16,2026-05-24,,0,0.0,0
15,Aston Villa,23269836,Harvey Elliott,yes,26.0,35,8,27,0.2543,225.9,618.0,843.9,0.2677,0.1597,0.0,0,12,4,0,0,0,0,0,2025-09-04,0.45,data_club,1,0,1,0,Liverpool,2025-09-01,218.0,,bc,3,0,0,2025-09-13,2026-05-24,,0,0.0,0
15,Aston Villa,172611,John McGinn,yes,26.0,38,30,8,0.748,2015.9,538.6,2554.5,0.7892,0.6897,0.0,0,12,0,0,0,0,0,0,2018-08-11,0.35,tier2,1,0,1,0,Hibernian,2018-08-08,219.0,,ac,0,0,0,2025-08-16,2026-05-24,,0,0.0,0
15,Aston Villa,1343,Emiliano Martínez,yes,24.0,38,32,6,0.9775,2821.5,527.8,3349.4,0.8424,1.0,0.0,0,12,0,0,0,0,0,0,2020-09-19,0.0,none,1,1,1,0,Arsenal,2020-09-16,219.0,,bc,0,0,0,2025-08-16,2026-05-24,,0,0.0,0
15,Aston Villa,380970,Pau Torres,yes,25.0,38,32,6,0.7333,1776.6,396.0,2172.6,0.8177,0.4385,0.0,0,12,0,0,0,0,0,0,2023-07-15,0.5,tier1,1,0,1,0,Villarreal,2023-07-12,219.0,,ac,0,0,0,2025-08-16,2026-05-24,,0,0.0,0
15,Aston Villa,37921359,,no,27.0,17,0,17,0.1912,0.0,292.5,292.5,0.0,0.0,0.0,0,0,0,0,0,0,12,0,2026-01-15,0.5,tier1,0,0,1,0,Metz,2026-01-12,219.0,Aston Villa U21,a,0,0,0,2026-01-18,2026-05-24,,0,0.0,0
15,Aston Villa,6524,Matty Cash,yes,25.0,38,35,3,0.9707,2973.1,262.1,3235.2,0.919,0.8945,0.0,0,12,0,0,0,0,0,0,2020-09-06,0.45,data_club,1,0,1,0,Nottingham Forest,2020-09-03,219.0,,ac,0,0,0,2025-08-16,2026-05-24,,0,0.0,0
15,Aston Villa,968,Ross Barkley,yes,26.0,38,22,16,0.1681,552.0,242.1,794.1,0.6951,0.6255,0.0,0,12,0,0,0,0,0,0,2024-07-04,0.45,data_club,1,0,1,0,Chelsea,2020-09-30,218.0,,ac,0,0,0,2025-08-16,2026-05-24,,0,0.0,0
15,Aston Villa,538034,Jadon Sancho,yes,26.0,35,29,6,0.3961,950.9,213.9,1164.8,0.8164,0.4707,0.0,0,12,0,0,0,0,0,0,2025-09-04,0.45,data_club,1,0,1,0,Manchester United,2025-09-01,218.0,,bc,3,0,0,2025-09-13,2026-05-24,,0,0.0,0
15,Aston Villa,21782219,Evann Guessand,yes,27.0,23,18,5,0.3954,715.7,177.9,893.6,0.8009,0.3309,0.0,0,12,8,0,0,0,0,0,2025-08-11,0.5,tier1,1,0,1,0,Nice,2025-08-08,219.0,,bc,15,0,0,2025-08-16,2026-01-25,,0,0.0,0
15,Aston Villa,37656468,Andrés García,yes,25.0,38,15,23,0.0818,68.0,169.2,237.3,0.2868,0.0975,0.0,0,12,0,0,0,0,0,0,2025-01-24,0.5,tier1,1,0,1,0,Levante,2025-01-21,219.0,,bc,0,0,0,2025-08-16,2026-05-24,,0,0.0,0
15,Aston Villa,37747533,Alysson Edward,yes,27.0,18,3,15,0.1193,34.0,161.1,195.1,0.1744,0.0534,0.0,0,3,0,0,0,0,9,0,2026-01-04,0.25,tier3,1,0,1,0,Grêmio,2026-01-01,219.0,,ac,1,0,0,2026-01-07,2026-05-24,,0,0.0,0
15,Aston Villa,7124,Ezri Konsa,yes,25.0,38,36,2,0.8947,3168.0,161.0,3329.1,0.9516,0.8333,19.4,1,12,0,0,0,0,0,0,2019-07-14,0.45,data_club,1,0,1,0,Brentford,2019-07-11,219.0,,bc,0,0,0,2025-08-16,2026-05-24,,0,0.0,0
15,Aston Villa,4592198,Morgan Rogers,yes,26.0,38,37,1,0.9717,3244.1,87.4,3331.5,0.9738,0.9717,0.0,0,12,0,0,0,0,0,0,2024-02-04,0.45,data_club,1,0,1,0,Middlesbrough,2024-02-01,219.0,,bc,0,0,0,2025-08-16,2026-05-24,,0,0.0,0
15,Aston Villa,12145,Ollie Watkins,yes,27.0,38,37,1,0.8014,2718.1,72.1,2790.2,0.9742,0.8483,0.0,0,12,0,0,0,0,0,0,2020-09-12,0.45,data_club,1,0,1,0,Brentford,2020-09-09,219.0,,bc,0,0,0,2025-08-16,2026-05-24,,0,0.0,0
15,Aston Villa,37735423,Bradley Burrowes,yes,26.0,37,4,33,0.0192,3.5,56.9,60.4,0.0571,0.0192,0.0,0,4,0,0,0,0,8,8,,0.0,none,1,0,0,1,,,,,bc,0,0,0,2025-08-23,2026-05-24,,0,0.0,0
15,Aston Villa,37629595,George Hemmings,yes,26.0,27,12,15,0.0271,12.0,36.6,48.6,0.2471,0.0312,0.0,0,12,0,0,0,0,0,0,,0.0,none,1,0,0,1,,,,,c,0,0,0,2025-11-23,2026-05-24,,0,0.0,0
15,Aston Villa,186660,Emiliano Buendía,yes,26.0,38,37,1,0.3649,1481.8,32.8,1514.6,0.9783,0.5552,0.0,0,12,0,0,0,0,0,0,2021-07-04,0.45,data_club,1,0,1,0,Norwich City,2021-07-01,219.0,,ac,0,0,0,2025-08-16,2026-05-24,,0,0.0,0
15,Aston Villa,33716,Leon Bailey,yes,26.0,17,16,1,0.2999,434.1,27.0,461.1,0.9415,0.312,0.0,0,12,0,0,0,0,0,0,2021-08-07,0.5,tier1,1,0,1,0,Bayer 04 Leverkusen,2021-08-04,219.0,,bc,21,0,0,2025-08-16,2026-05-24,,0,0.0,0
15,Aston Villa,160206,Victor Lindelöf,yes,25.0,35,34,1,0.2667,1064.5,24.0,1088.5,0.9779,0.3419,0.0,0,12,0,0,0,0,0,0,2025-09-04,0.45,data_club,1,0,1,0,Manchester United,2025-09-01,220.0,,ac,0,0,0,2025-09-13,2026-05-24,,0,0.0,0
15,Aston Villa,3139,Tammy Abraham,yes,27.0,15,14,1,0.2015,412.6,18.1,430.8,0.9579,0.2015,0.0,0,12,0,0,0,0,0,0,2026-01-30,0.35,tier2,1,0,1,0,Chelsea,2018-08-31,218.0,,ac,0,0,0,2026-02-01,2026-05-24,,0,0.0,0
15,Aston Villa,24238,Marco Bizot,yes,24.0,38,37,1,0.1259,451.0,11.3,462.3,0.9755,0.1667,0.0,0,12,0,0,0,0,0,0,2025-07-18,0.0,none,1,1,1,0,Brest,2025-07-15,219.0,,ac,0,0,0,2025-08-16,2026-05-24,,0,0.0,0
15,Aston Villa,37623462,Jamaldeen Jimoh-Aloba,yes,26.0,38,9,29,0.0036,3.6,9.5,13.1,0.2727,0.0,0.0,0,0,0,12,0,0,0,0,,0.0,none,1,0,0,1,,,,,bc,0,0,0,2025-08-16,2026-05-24,,0,0.0,0
15,Aston Villa,95368,Lucas Digne,yes,25.0,38,38,0,0.4922,1790.2,0.0,1790.2,1.0,0.4922,0.0,0,12,0,0,0,0,0,0,2022-01-16,0.45,data_club,1,0,1,0,Everton,2022-01-13,219.0,,bc,0,0,0,2025-08-16,2026-05-24,,0,0.0,0
15,Aston Villa,225000,Douglas Luiz,yes,26.0,15,15,0,0.3332,529.5,0.0,529.5,1.0,0.3332,0.0,0,12,0,0,0,0,0,0,2026-01-31,0.5,tier1,1,0,1,0,Manchester City,2019-07-25,219.0,,bc,23,0,0,2026-02-01,2026-05-24,,0,0.0,0
15,Aston Villa,537758,Donyell Malen,yes,27.0,21,21,0,0.3411,579.2,0.0,579.2,1.0,0.3411,0.0,0,12,0,0,0,0,0,0,2025-01-17,0.5,tier1,1,0,1,0,Borussia Dortmund,2025-01-14,219.0,,bc,17,0,0,2025-08-16,2026-01-07,,0,0.0,0
15,Aston Villa,23311159,Ian Maatsen,yes,25.0,38,38,0,0.5186,1664.7,0.0,1664.7,1.0,0.5186,0.0,0,12,0,0,0,0,0,0,2024-07-04,0.45,data_club,1,0,1,0,Chelsea,2024-07-01,219.0,,ac,0,0,0,2025-08-16,2026-05-24,,0,0.0,0
15,Aston Villa,28912855,Lewis Dobbin,yes,27.0,1,0,1,0.0,0.0,0.0,0.0,,0.0,0.0,0,0,0,0,12,0,0,0,2024-07-04,0.45,data_club,1,0,1,0,Everton,2024-07-01,219.0,,b,37,0,0,2025-08-16,2025-08-16,,0,0.0,0
15,Aston Villa,33186836,Samuel Iling-Junior,yes,27.0,3,1,2,0.0,0.0,0.0,0.0,,0.0,0.0,0,0,0,0,12,0,0,0,2024-07-04,0.5,tier1,1,0,1,0,Juventus,2024-07-01,219.0,,bc,35,0,0,2025-08-16,2025-08-31,,0,0.0,0
15,Aston Villa,37316839,James Wright,yes,24.0,38,8,30,0.0,0.0,0.0,0.0,,0.0,0.0,0,8,0,0,0,0,4,4,,0.0,none,1,1,0,1,,,,,c,0,0,0,2025-08-16,2026-05-24,,0,0.0,0
15,Aston Villa,37539349,Lamare Bogarde,yes,26.0,38,38,0,0.3581,1014.9,0.0,1014.9,1.0,0.3581,0.0,0,12,0,0,0,0,0,0,,0.0,none,1,0,0,1,,,,Aston Villa U21,ac,0,0,0,2025-08-16,2026-05-24,,0,0.0,0
15,Aston Villa,37540217,Ronnie Hollingshead,yes,24.0,25,1,24,0.0,0.0,0.0,0.0,,0.0,0.0,0,1,0,0,0,0,11,11,,0.0,none,1,1,0,1,,,,,bc,0,0,0,2025-12-03,2026-05-24,,0,0.0,0
15,Aston Villa,37564236,Travis Patterson,yes,26.0,26,1,25,0.0,0.0,0.0,0.0,,0.0,0.0,0,1,0,0,0,0,11,11,,0.0,none,1,0,0,1,,,,,bc,12,0,0,2025-08-16,2026-02-11,,0,0.0,0
15,Aston Villa,37623466,Triston Rowe,yes,25.0,2,2,0,0.0,0.0,0.0,0.0,,0.0,0.0,0,2,0,0,0,0,10,10,,0.0,none,1,0,0,1,,,,,bc,35,0,0,2025-08-23,2025-08-31,,0,0.0,0
15,Aston Villa,37649279,Sam Proctor,yes,24.0,38,4,34,0.0,0.0,0.0,0.0,,0.0,0.0,0,4,0,0,0,0,8,8,,0.0,none,1,1,0,1,,,,,bc,0,0,0,2025-08-16,2026-05-24,,0,0.0,0
15,Aston Villa,37651108,Ben Broggio,yes,26.0,38,1,37,0.0,0.0,0.0,0.0,,0.0,0.0,0,2,0,0,0,0,10,10,,0.0,none,1,0,0,1,,,,,bc,0,0,0,2025-08-16,2026-05-24,,0,0.0,0
15,Aston Villa,37692956,TJ Carroll,yes,25.0,19,1,18,0.0,0.0,0.0,0.0,,0.0,0.0,0,1,0,0,0,0,11,11,,0.0,none,1,0,0,1,,,,,bc,0,0,0,2026-01-03,2026-05-24,,0,0.0,0
15,Aston Villa,37769446,Leon Routh,yes,25.0,22,2,20,0.0,0.0,0.0,0.0,,0.0,0.0,0,2,0,0,0,0,10,10,,0.0,none,1,0,0,1,,,,,bc,0,0,0,2025-12-21,2026-05-24,,0,0.0,0
15,Aston Villa,901049905,Aidan Borland,yes,,0,0,0,0.0,0.0,0.0,0.0,,0.0,0.0,0,0,0,0,0,0,12,12,,0.0,none,0,0,0,1,,,,,,0,0,0,,,,0,0.0,0
236,Brentford,36633,Vitaly Janelt,yes,26.0,38,28,10,0.8722,1422.4,784.9,2207.3,0.6444,0.7908,0.0,0,12,0,0,0,0,0,0,2020-10-06,0.5,tier1,1,0,1,0,VfL Bochum 1848,2020-10-03,219.0,,ac,0,0,0,2025-08-17,2026-05-24,,0,0.0,0
236,Brentford,7993,Rico Henry,yes,25.0,38,29,9,0.8032,955.3,650.6,1605.9,0.5949,0.8032,0.0,0,12,0,0,0,0,0,0,2016-09-03,0.35,tier2,1,0,1,0,Walsall,2016-08-31,219.0,,ac,0,0,0,2025-08-17,2026-05-24,,0,0.0,0
236,Brentford,37543248,Dango Ouattara,yes,26.0,37,32,5,0.7907,2220.9,355.8,2576.7,0.8619,0.8307,0.0,0,12,0,0,0,0,0,0,2025-08-19,0.45,data_club,1,0,1,0,AFC Bournemouth,2025-08-16,219.0,,ac,1,0,0,2025-08-23,2026-05-24,,0,0.0,0
236,Brentford,21412957,Fábio Carvalho,yes,26.0,38,10,28,0.131,129.2,330.1,459.3,0.2813,0.1309,0.0,0,12,0,0,0,0,0,0,2024-08-15,0.45,data_club,1,0,1,0,Liverpool,2024-08-12,219.0,,ac,0,0,0,2025-08-17,2026-05-24,,0,0.0,0
236,Brentford,537759,Reiss Nelson,yes,27.0,35,24,11,0.2834,457.8,280.6,738.4,0.62,0.077,0.0,0,12,0,0,0,0,0,0,2025-09-04,0.45,data_club,1,0,1,0,Arsenal,2025-09-01,218.0,,bc,3,0,0,2025-09-13,2026-05-24,,0,0.0,0
236,Brentford,37676667,Romelle Donovan,yes,26.0,38,23,15,0.2016,43.7,272.2,315.8,0.1383,0.0496,0.0,0,12,0,0,0,0,0,0,2025-07-04,0.45,data_club,1,0,1,0,Birmingham,2025-02-03,218.0,,bc,0,0,0,2025-08-17,2026-05-24,,0,0.0,0
236,Brentford,37575228,Antoni Milambo,yes,26.0,38,4,34,0.0878,161.1,268.7,429.8,0.3749,0.0412,0.0,0,4,0,0,0,0,8,0,2025-07-06,0.5,tier1,1,0,1,0,Feyenoord,2025-07-03,219.0,,ac,0,0,0,2025-08-17,2026-05-24,,0,0.0,0
236,Brentford,323,Jordan Henderson,yes,26.0,38,33,5,0.5772,1877.9,259.7,2137.6,0.8785,0.5268,0.0,0,12,0,0,0,0,0,0,2025-07-18,0.5,tier1,1,0,1,0,Ajax,2025-07-15,220.0,,bc,0,0,0,2025-08-17,2026-05-24,,0,0.0,0
236,Brentford,27067062,Kevin Schade,yes,26.0,38,35,3,0.9047,2744.7,244.3,2989.0,0.9183,0.809,38.9,1,12,0,0,0,0,0,0,2023-07-04,0.5,tier1,1,0,1,0,SC Freiburg,2023-01-04,218.0,,ac,0,0,0,2025-08-17,2026-05-24,,0,0.0,0
236,Brentford,8449373,Mikkel Damsgaard,yes,26.0,38,35,3,0.7391,2105.6,199.6,2305.1,0.9134,0.7176,0.0,0,12,0,0,0,0,0,0,2022-08-13,0.5,tier1,1,0,1,0,Sampdoria,2022-08-10,219.0,,ac,0,0,0,2025-08-17,2026-05-24,,0,0.0,0
236,Brentford,27440826,Aaron Hickey,yes,25.0,38,29,9,0.2244,592.2,181.8,774.0,0.7651,0.1764,0.0,0,12,0,0,0,0,0,0,2022-07-12,0.5,tier1,1,0,1,0,Bologna,2022-07-09,219.0,,ac,0,0,0,2025-08-17,2026-05-24,,0,0.0,0
236,Brentford,151418,Kristoffer Ajer,yes,25.0,38,36,2,0.6287,1810.5,113.2,1923.7,0.9412,0.4897,0.0,0,12,0,0,0,0,0,0,2021-07-24,0.35,tier2,1,0,1,0,Celtic,2021-07-21,219.0,,ac,0,0,0,2025-08-17,2026-05-24,,0,0.0,0
236,Brentford,896225,Caoimhín Kelleher,yes,24.0,38,37,1,1.0,2745.0,90.0,2835.0,0.9683,1.0,0.0,0,12,0,0,0,0,0,0,2025-07-04,0.0,none,1,1,1,0,Liverpool,2025-07-01,219.0,,ac,0,0,0,2025-08-17,2026-05-24,,0,0.0,0
236,Brentford,11658171,Sepp van den Berg,yes,25.0,38,37,1,1.0,2893.1,90.0,2983.1,0.9698,0.8478,0.0,0,12,0,0,0,0,0,0,2024-08-25,0.45,data_club,1,0,1,0,Liverpool,2024-08-22,219.0,,ac,0,0,0,2025-08-17,2026-05-24,,0,0.0,0
236,Brentford,37656906,Kaye Furo,yes,27.0,17,13,4,0.25,204.3,90.0,294.3,0.6942,0.0066,0.0,0,12,0,0,0,0,0,0,2026-01-14,0.5,tier1,1,0,1,0,Club Brugge,2026-01-11,219.0,,ac,0,0,0,2026-01-17,2026-05-24,,0,0.0,0
236,Brentford,37600942,Michael Kayode,yes,25.0,38,37,1,0.9605,3029.7,86.4,3116.1,0.9723,1.0,0.0,0,12,0,0,0,0,0,0,2025-07-04,0.5,tier1,1,0,1,0,Fiorentina,2025-01-24,218.0,,ac,0,0,0,2025-08-17,2026-05-24,,0,0.0,0
236,Brentford,37509395,Yehor Yarmoliuk,yes,26.0,38,37,1,0.7791,2576.2,70.1,2646.3,0.9735,0.7791,0.0,0,12,0,0,0,0,0,0,2022-07-17,0.35,unknown+override,1,0,1,0,SC Dnipro-1,2022-07-14,219.0,,ac,0,0,0,2025-08-17,2026-05-24,,0,0.0,0
236,Brentford,15665,Ethan Pinnock,yes,25.0,38,36,2,0.3207,340.6,57.7,398.3,0.8551,0.0833,0.0,0,12,0,0,0,0,0,0,2019-07-05,0.45,data_club,1,0,1,0,Barnsley,2019-07-02,219.0,,bc,0,0,0,2025-08-17,2026-05-24,,0,0.0,0
236,Brentford,37709434,Yunus Konak,yes,26.0,21,3,18,0.0321,8.9,52.0,61.0,0.1465,0.0,0.0,0,0,0,0,12,0,0,0,2024-01-14,0.35,tier2,1,0,1,0,Sivasspor,2024-01-11,219.0,,bc,17,0,0,2025-08-17,2026-01-07,,0,0.0,0
236,Brentford,37704861,Gustavo Nunes,yes,27.0,22,2,20,0.0163,2.9,29.3,32.2,0.0909,0.0,0.0,0,0,0,0,12,0,0,0,2024-08-31,0.25,tier3,1,0,1,0,Grêmio,2024-08-28,219.0,,ac,16,0,0,2025-08-17,2026-01-17,,0,0.0,0
236,Brentford,537108,Frank Onyeka,yes,26.0,24,16,8,0.033,127.7,23.7,151.4,0.8433,0.0,0.0,0,0,0,0,12,0,0,0,2021-07-23,0.35,tier2,1,0,1,0,FC Midtjylland,2021-07-20,219.0,,bc,14,0,0,2025-08-17,2026-02-01,,0,0.0,0
236,Brentford,7306,Ellery Balcombe,yes,24.0,38,1,37,0.0,0.0,0.0,0.0,,0.0,0.0,0,1,0,0,0,0,11,11,,0.0,none,1,1,0,1,,,,,ac,0,0,0,2025-08-17,2026-05-24,,0,0.0,0
236,Brentford,84426,Mathias Jensen,yes,26.0,38,38,0,0.9566,1820.5,0.0,1820.5,1.0,0.9566,0.0,0,12,0,0,0,0,0,0,2019-07-13,0.5,tier1,1,0,1,0,Celta de Vigo,2019-07-10,219.0,,ac,0,0,0,2025-08-17,2026-05-24,,0,0.0,0
236,Brentford,339093,Josh Dasilva,yes,26.0,29,5,24,0.0,2.4,0.0,2.4,1.0,0.0146,0.0,0,5,0,0,0,0,7,0,2025-10-26,0.0,unknown+override,1,0,1,0,Arsenal U21,2018-08-21,220.0,,ac,1,0,0,2025-11-01,2026-05-24,,0,0.0,0
236,Brentford,456067,Mads Roerslev,yes,25.0,1,1,0,0.0833,54.4,0.0,54.4,1.0,0.0833,0.0,0,2,0,0,10,0,0,0,2019-08-10,0.35,tier2,1,0,1,0,FC København,2019-08-07,219.0,,bc,37,0,0,2025-08-17,2025-08-17,,0,0.0,0
236,Brentford,531971,Hákon Valdimarsson,yes,24.0,38,38,0,0.0833,75.0,0.0,75.0,1.0,0.0833,0.0,0,12,0,0,0,0,0,0,2024-01-29,0.0,none,1,1,1,0,Elfsborg,2024-01-26,219.0,,ac,0,0,0,2025-08-17,2026-05-24,,0,0.0,0
236,Brentford,11705403,Nathan Collins,yes,25.0,38,38,0,0.8795,3002.9,0.0,3002.9,1.0,0.8795,0.0,0,12,0,0,0,0,0,0,2023-07-07,0.45,data_club,1,0,1,0,Wolverhampton Wanderers,2023-07-04,219.0,,ac,0,0,0,2025-08-17,2026-05-24,,0,0.0,0
236,Brentford,28552845,Keane Lewis-Potter,yes,27.0,38,38,0,0.8051,1951.2,0.0,1951.2,1.0,0.8051,0.0,0,12,0,0,0,0,0,0,2022-07-15,0.45,data_club,1,0,1,0,Hull City,2022-07-12,219.0,,ac,0,0,0,2025-08-17,2026-05-24,,0,0.0,0
236,Brentford,31238191,Myles Peart-Harris,yes,26.0,21,5,16,0.0,0.2,0.0,0.2,1.0,0.0,0.0,0,0,0,0,12,0,0,0,2021-07-26,0.0,tier2,1,0,1,0,Chelsea U21,2021-07-23,219.0,,bc,17,0,0,2025-08-17,2026-01-07,,0,0.0,0
236,Brentford,37391634,Matthew Cox,yes,24.0,21,0,21,0.0,0.0,0.0,0.0,,0.0,0.0,0,0,0,0,0,0,12,0,2021-07-25,0.0,none,1,1,1,0,AFC Wimbledon,2021-07-22,219.0,,b,17,0,0,2025-08-17,2026-01-07,,0,0.0,0
236,Brentford,37407204,Igor Thiago,yes,27.0,38,38,0,1.0,2801.3,0.0,2801.3,1.0,1.0,0.0,0,12,0,0,0,0,0,0,2024-07-04,0.5,tier1,1,0,1,0,Club Brugge,2024-07-01,219.0,,ac,0,0,0,2025-08-17,2026-05-24,,0,0.0,0
236,Brentford,37581725,Riley Owen,yes,26.0,7,1,6,0.0,0.0,0.0,0.0,,0.0,0.0,0,1,0,0,0,0,11,11,,0.0,none,1,0,0,1,,,,,bc,0,0,0,2026-04-11,2026-05-24,,0,0.0,0
236,Brentford,37610431,Joshua Stephenson,yes,25.0,8,3,5,0.0,0.0,0.0,0.0,,0.0,0.0,0,3,0,0,0,0,9,9,,0.0,none,1,0,0,1,,,,,bc,0,0,0,2026-03-21,2026-05-24,,0,0.0,0
236,Brentford,37614062,Jayden Meghoma,yes,25.0,1,0,1,0.0,0.0,0.0,0.0,,0.0,0.0,0,0,0,0,12,0,0,0,2024-09-02,0.0,tier2,1,0,1,0,Southampton U21,2024-08-30,219.0,,b,37,0,0,2025-08-17,2025-08-17,,0,0.0,0
236,Brentford,37627277,Kim Ji-Soo,yes,25.0,0,0,0,0.0321,0.0,0.0,0.0,,0.0321,0.0,0,12,0,0,0,0,0,0,2023-07-04,0.35,unknown+override,1,0,1,0,Seongnam FC,2023-07-01,219.0,,a,38,0,0,,,,0,0.0,0
236,Brentford,37630854,Conor McManus,yes,26.0,8,1,7,0.0,0.0,0.0,0.0,,0.0,0.0,0,1,0,0,0,0,11,11,,0.0,none,1,0,0,1,,,,,bc,0,0,0,2026-03-21,2026-05-24,,0,0.0,0
236,Brentford,37643341,Julian Eyestone,yes,24.0,38,0,38,0.0,0.0,0.0,0.0,,0.0,0.0,0,1,0,0,0,0,11,0,2024-07-04,0.0,none,1,1,1,0,Blue Devils,2024-07-01,220.0,Brentford 2,b,0,0,0,2025-08-17,2026-05-24,,0,0.0,0
236,Brentford,37655005,Benjamin Arthur,yes,25.0,38,2,36,0.0,0.0,0.0,0.0,,0.0,0.0,0,6,0,0,0,0,6,0,2023-09-03,0.45,data_club,1,0,1,0,Peterborough,2023-08-31,219.0,,bc,0,0,0,2025-08-17,2026-05-24,,0,0.0,0
236,Brentford,37732962,Ollie Shield,yes,25.0,11,7,4,0.0,0.0,0.0,0.0,,0.0,0.0,0,7,0,0,0,0,5,5,,0.0,none,1,0,0,1,,,,,bc,0,0,0,2026-02-28,2026-05-24,,0,0.0,0
236,Brentford,37909042,Luka Bentt,yes,26.0,15,8,7,0.0,0.0,0.0,0.0,,0.0,0.0,0,8,0,0,0,0,4,4,,0.0,none,1,0,0,1,,,,,bc,0,0,0,2026-02-01,2026-05-24,,0,0.0,0
78,Brighton & Hove Albion,6504,Adam Webster,yes,25.0,38,0,38,0.6722,0.0,2299.0,2299.0,0.0,0.6722,0.0,0,12,0,0,0,0,0,0,2019-08-06,0.45,data_club,1,0,1,0,Bristol City,2019-08-03,219.0,,b,0,0,0,2025-08-16,2026-05-24,,0,0.0,0
78,Brighton & Hove Albion,24082563,Mats Wieffer,yes,25.0,38,26,12,0.8223,1844.7,888.0,2732.8,0.675,0.7414,0.0,0,12,0,0,0,0,0,0,2024-07-08,0.5,tier1,1,0,1,0,Feyenoord,2024-07-05,219.0,,ac,0,0,0,2025-08-16,2026-05-24,,0,0.0,0
78,Brighton & Hove Albion,21437534,Kaoru Mitoma,yes,26.0,38,25,13,0.676,1620.7,790.9,2411.6,0.672,0.7222,0.0,0,12,0,0,0,0,0,0,2021-08-13,0.25,tier3,1,0,1,0,Kawasaki Frontale,2021-08-10,219.0,,ac,0,0,0,2025-08-16,2026-05-24,,0,0.0,0
78,Brighton & Hove Albion,2423,Solly March,yes,26.0,38,6,32,0.1812,99.1,521.7,620.9,0.1597,0.2054,0.0,0,12,0,0,0,0,0,0,,0.0,none,1,0,0,1,,,,Brighton U18,bc,0,0,0,2025-08-16,2026-05-24,,0,0.0,0
78,Brighton & Hove Albion,37561625,Jack Hinshelwood,yes,26.0,38,29,9,0.6263,1596.4,507.3,2103.7,0.7589,0.8737,0.0,0,12,0,0,0,0,0,0,,0.0,none,1,0,0,1,,,,Brighton U21,ac,0,0,0,2025-08-16,2026-05-24,,0,0.0,0
78,Brighton & Hove Albion,37526157,Yasin Ayari,yes,26.0,38,31,7,0.7967,2124.5,501.9,2626.4,0.8089,0.3978,0.0,0,12,0,0,0,0,0,0,2023-02-02,0.35,tier2,1,0,1,0,AIK,2023-01-30,219.0,,ac,0,0,0,2025-08-16,2026-05-24,,0,0.0,0
78,Brighton & Hove Albion,37563876,Diego Gómez,yes,26.0,38,32,6,0.7041,1860.7,380.2,2240.9,0.8303,0.7032,0.0,0,12,0,0,0,0,0,0,2025-01-04,0.25,tier3,1,0,1,0,Inter Miami,2025-01-01,219.0,,ac,0,0,0,2025-08-16,2026-05-24,,0,0.0,0
78,Brighton & Hove Albion,2461,Lewis Dunk,yes,25.0,38,34,4,0.9897,2776.7,356.3,3133.0,0.8863,0.8392,0.0,0,12,0,0,0,0,0,0,,0.0,none,1,0,0,1,,,,Brighton U18,ac,0,0,0,2025-08-16,2026-05-24,,0,0.0,0
78,Brighton & Hove Albion,37601748,Stefanos Tzimas,yes,27.0,38,11,27,0.1379,68.3,335.1,403.4,0.1692,0.1552,0.0,0,11,0,0,0,0,1,0,2025-02-06,0.5,tier1,1,0,1,0,Nürnberg,2025-02-03,219.0,,ac,0,0,0,2025-08-16,2026-05-24,,0,0.0,0
78,Brighton & Hove Albion,37583548,Tom Watson,yes,27.0,24,11,13,0.2822,287.3,330.2,617.4,0.4653,0.0,0.0,0,0,0,0,12,0,0,0,2025-07-04,0.45,data_club,1,0,1,0,Sunderland,2025-07-01,219.0,,bc,14,0,0,2025-08-16,2026-01-31,,0,0.0,0
78,Brighton & Hove Albion,37588823,Carlos Baleba,yes,26.0,38,32,6,0.6115,1830.9,330.2,2161.1,0.8472,0.4542,0.0,0,12,0,0,0,0,0,0,2023-09-01,0.5,tier1,1,0,1,0,LOSC Lille,2023-08-29,219.0,,bc,0,0,0,2025-08-16,2026-05-24,,0,0.0,0
78,Brighton & Hove Albion,197,James Milner,yes,26.0,38,28,10,0.3233,656.3,290.9,947.2,0.6929,0.4304,0.0,0,12,0,0,0,0,0,0,2023-07-04,0.45,data_club,1,0,1,0,Liverpool,2023-07-01,220.0,,bc,0,0,0,2025-08-16,2026-05-24,,0,0.0,0
78,Brighton & Hove Albion,24655,Joël Veltman,yes,25.0,38,33,5,0.4932,1217.6,221.9,1439.6,0.8458,0.2669,0.0,0,12,0,0,0,0,0,0,2020-08-01,0.5,tier1,1,0,1,0,Ajax,2020-07-29,219.0,,bc,0,0,0,2025-08-16,2026-05-24,,0,0.0,0
78,Brighton & Hove Albion,37664293,Charalampos Kostoulas,yes,27.0,38,29,9,0.2596,406.9,210.3,617.2,0.6593,0.1619,0.0,0,12,0,0,0,0,0,0,2025-07-04,0.35,tier2,1,0,1,0,Olympiacos F.C.,2025-07-01,219.0,,ac,0,0,0,2025-08-16,2026-05-24,,0,0.0,0
78,Brighton & Hove Albion,37558991,Brajan Gruda,yes,26.0,24,19,5,0.4182,674.1,188.2,862.3,0.7817,0.457,0.0,0,12,0,0,0,0,0,0,2024-08-17,0.5,tier1,1,0,1,0,FSV Mainz 05,2024-08-14,219.0,,bc,14,0,0,2025-08-16,2026-01-31,,0,0.0,0
78,Brighton & Hove Albion,24818803,Jan Paul van Hecke,yes,25.0,38,36,2,1.0,3208.8,180.0,3388.8,0.9469,1.0,0.0,0,12,0,0,0,0,0,0,2020-09-13,0.5,tier1,1,0,1,0,NAC Breda,2020-09-10,219.0,,bc,0,0,0,2025-08-16,2026-05-24,,0,0.0,0
78,Brighton & Hove Albion,54191,Igor Julio,yes,25.0,18,6,12,0.1633,54.7,176.4,231.1,0.2368,0.0833,0.0,0,12,6,0,0,0,0,0,2023-07-29,0.5,tier1,1,0,1,0,Fiorentina,2023-07-26,219.0,,bc,20,0,0,2025-08-16,2026-05-24,,0,0.0,0
78,Brighton & Hove Albion,1494712,Matt O'Riley,yes,26.0,17,13,4,0.4717,482.2,169.8,652.0,0.7395,0.1181,0.0,0,12,0,0,0,0,0,0,2024-08-29,0.35,tier2,1,0,1,0,Celtic,2024-08-26,219.0,,ac,21,0,0,2025-08-16,2026-05-24,,0,0.0,0
78,Brighton & Hove Albion,37655226,Yankuba Minteh,yes,26.0,38,36,2,0.8618,2330.9,155.1,2486.1,0.9376,0.6856,0.0,0,12,0,0,0,0,0,0,2024-07-04,0.45,data_club,1,0,1,0,Newcastle United,2024-07-01,219.0,,ac,0,0,0,2025-08-16,2026-05-24,,0,0.0,0
78,Brighton & Hove Albion,9308200,Tariq Lamptey,yes,25.0,3,0,3,0.5603,0.0,151.3,151.3,0.0,0.5603,0.0,0,12,0,0,0,0,0,0,2020-02-03,0.45,data_club,1,0,1,0,Chelsea,2020-01-31,219.0,,b,35,0,0,2025-08-16,2025-08-31,,0,0.0,0
78,Brighton & Hove Albion,21782390,Georginio Rutter,yes,27.0,38,36,2,0.6967,2026.9,125.4,2152.3,0.9417,0.2807,0.0,0,12,0,0,0,0,0,0,2024-08-22,0.45,data_club,1,0,1,0,Leeds United,2024-08-19,219.0,,ac,0,0,0,2025-08-16,2026-05-24,,0,0.0,0
78,Brighton & Hove Albion,37663883,Harry Howell,yes,26.0,38,7,31,0.0376,34.5,104.8,139.3,0.2474,0.1028,0.0,0,12,0,0,0,0,0,0,,0.0,none,1,0,0,1,,,,,bc,0,0,0,2025-08-16,2026-05-24,,0,0.0,0
78,Brighton & Hove Albion,23269659,Maxim De Cuyper,yes,25.0,38,36,2,0.5512,1455.3,99.2,1554.5,0.9362,0.286,0.0,0,12,0,0,0,0,0,0,2025-07-08,0.5,tier1,1,0,1,0,Club Brugge,2025-07-05,219.0,,ac,0,0,0,2025-08-16,2026-05-24,,0,0.0,0
78,Brighton & Hove Albion,627,Danny Welbeck,yes,27.0,38,37,1,0.6947,2302.3,62.5,2364.8,0.9736,0.7279,0.0,0,12,0,0,0,0,0,0,2020-10-21,0.45,data_club,1,0,1,0,Watford,2020-10-18,220.0,,bc,0,0,0,2025-08-16,2026-05-24,,0,0.0,0
78,Brighton & Hove Albion,37590697,Diego Coppola,yes,25.0,23,22,1,0.0228,398.2,2.1,400.3,0.9949,0.1597,0.0,0,12,0,0,0,0,0,0,2025-07-04,0.5,tier1,1,0,1,0,Hellas Verona,2025-07-01,219.0,,bc,15,0,0,2025-08-16,2026-01-24,,0,0.0,0
78,Brighton & Hove Albion,2683,Jason Steele,yes,24.0,38,38,0,0.0,0.0,0.0,0.0,,0.0,0.0,0,12,0,0,0,0,0,0,2018-07-04,0.0,none,1,1,1,0,Sunderland,2018-07-01,220.0,,ac,0,0,0,2025-08-16,2026-05-24,,0,0.0,0
78,Brighton & Hove Albion,25738,Ferdi Kadioglu,yes,25.0,38,38,0,1.0,2851.1,0.0,2851.1,1.0,1.0,0.0,0,12,0,0,0,0,0,0,2024-08-27,0.35,tier2,1,0,1,0,Fenerbahçe,2024-08-24,219.0,,ac,0,0,0,2025-08-16,2026-05-24,,0,0.0,0
78,Brighton & Hove Albion,31504,Pascal Groß,yes,26.0,19,19,0,1.0,1342.7,0.0,1342.7,1.0,1.0,0.0,0,12,0,0,0,0,0,0,2026-01-05,0.5,tier1,1,0,1,0,Ingolstadt,2017-07-01,219.0,,ac,1,1,0,2026-01-03,2026-05-24,,0,0.0,0
78,Brighton & Hove Albion,96513,Olivier Boscagli,yes,25.0,38,38,0,0.4167,855.8,0.0,855.8,1.0,0.4167,0.0,0,12,0,0,0,0,0,0,2025-07-05,0.5,tier1,1,0,1,0,PSV,2025-07-02,220.0,,ac,0,0,0,2025-08-16,2026-05-24,,0,0.0,0
78,Brighton & Hove Albion,581004,Tom McGill,yes,24.0,38,0,38,0.0,0.0,0.0,0.0,,0.0,0.0,0,0,0,0,0,0,12,12,,0.0,none,1,1,0,1,,,,Brighton U21,a,0,0,0,2025-08-16,2026-05-24,,0,0.0,0
78,Brighton & Hove Albion,28912974,Eiran Cashin,yes,25.0,0,0,0,0.0,0.0,0.0,0.0,,0.0,0.0,0,0,0,0,12,0,0,0,2025-02-03,0.45,data_club,1,0,1,0,Derby County,2025-01-31,219.0,,b,38,0,0,,,,0,0.0,0
78,Brighton & Hove Albion,37253456,Evan Ferguson,yes,27.0,0,0,0,0.1587,0.0,0.0,0.0,,0.1587,0.0,0,12,12,0,0,0,0,0,2021-01-12,0.35,unknown+override,1,0,1,0,Bohemians,2021-01-09,219.0,Brighton U21,a,38,0,0,,,,0,0.0,0
78,Brighton & Hove Albion,37257596,Bart Verbruggen,yes,24.0,38,38,0,1.0,3420.0,0.0,3420.0,1.0,1.0,0.0,0,12,0,0,0,0,0,0,2023-07-06,0.0,none,1,1,1,0,Anderlecht,2023-07-03,219.0,,ac,0,0,0,2025-08-16,2026-05-24,,0,0.0,0
78,Brighton & Hove Albion,37549513,Ibrahim Osman,yes,26.0,0,0,0,0.0,0.0,0.0,0.0,,0.0,0.0,0,0,0,0,12,0,0,0,2024-07-04,0.35,tier2,1,0,1,0,Nordsjælland,2024-07-01,219.0,,a,38,0,0,,,,0,0.0,0
78,Brighton & Hove Albion,37581778,Charlie Tasker,yes,25.0,38,1,37,0.0,0.0,0.0,0.0,,0.0,0.0,0,6,0,0,0,0,6,6,,0.0,none,1,0,0,1,,,,,bc,0,0,0,2025-08-16,2026-05-24,,0,0.0,0
78,Brighton & Hove Albion,37612636,Nehemiah Oriola,yes,27.0,31,7,24,0.0,0.0,0.0,0.0,,0.0,0.0,0,7,0,0,0,0,5,5,,0.0,none,1,0,0,1,,,,,bc,0,0,0,2025-10-18,2026-05-24,,0,0.0,0
78,Brighton & Hove Albion,37623129,Joe Knight,yes,26.0,38,5,33,0.0,0.0,0.0,0.0,,0.0,0.0,0,8,0,0,0,0,4,4,,0.0,none,1,0,0,1,,,,,bc,0,0,0,2025-08-16,2026-05-24,,0,0.0,0
78,Brighton & Hove Albion,37682332,Malick Yalcouyé,yes,26.0,0,0,0,0.0,0.0,0.0,0.0,,0.0,0.0,0,0,0,0,12,0,0,0,2024-07-15,0.35,tier2,1,0,1,0,IFK Göteborg,2024-07-12,219.0,,a,38,0,0,,,,0,0.0,0
78,Brighton & Hove Albion,37688011,Freddie Simmonds,yes,25.0,38,1,37,0.0,0.0,0.0,0.0,,0.0,0.0,0,2,0,0,0,0,10,10,,0.0,none,1,0,0,1,,,,,bc,0,0,0,2025-08-16,2026-05-24,,0,0.0,0
27,Burnley,5410,Connor Roberts,yes,25.0,38,1,37,1.0,90.0,3330.0,3420.0,0.0263,0.9167,0.0,0,12,0,0,0,0,0,0,2021-09-03,0.45,data_club,1,0,1,0,Swansea City,2021-08-31,219.0,,ac,0,0,0,2025-08-16,2026-05-24,,0,0.0,0
27,Burnley,4391,Axel Tuanzebe,yes,25.0,38,14,24,0.8768,1099.1,1894.0,2993.0,0.3672,0.9422,0.0,0,12,0,0,0,0,0,0,2025-07-04,0.45,data_club,1,0,1,0,Ipswich Town,2025-07-01,220.0,,bc,0,0,0,2025-08-16,2026-05-24,,0,0.0,0
27,Burnley,4244,Josh Cullen,yes,26.0,38,18,20,0.9249,1558.6,1664.8,3223.4,0.4835,0.9249,0.0,0,12,0,0,0,0,0,0,2022-07-15,0.5,tier1,1,0,1,0,Anderlecht,2022-07-12,219.0,,ac,0,0,0,2025-08-16,2026-05-24,,0,0.0,0
27,Burnley,37259181,Bashir Humphreys,yes,25.0,38,26,12,0.5696,1652.0,615.2,2267.2,0.7287,0.7111,0.0,0,12,0,0,0,0,0,0,2025-07-04,0.45,data_club,1,0,1,0,Chelsea,2024-08-21,218.0,,ac,0,0,0,2025-08-16,2026-05-24,,0,0.0,0
27,Burnley,4243070,Lyle Foster,yes,27.0,38,28,10,0.5607,1354.0,504.6,1858.6,0.7285,0.4466,0.0,0,12,0,0,0,0,0,0,2023-01-28,0.5,tier1,1,0,1,0,Westerlo,2023-01-25,219.0,,bc,0,0,0,2025-08-16,2026-05-24,,0,0.0,0
27,Burnley,37344112,Quilindschy Hartman,yes,25.0,38,30,8,0.6988,1804.2,503.1,2307.3,0.7819,0.4409,0.0,0,12,0,0,0,0,0,0,2025-07-04,0.5,tier1,1,0,1,0,Feyenoord,2025-07-01,219.0,,bc,0,0,0,2025-08-16,2026-05-24,,0,0.0,0
27,Burnley,23697427,Armando Broja,yes,27.0,38,29,9,0.4545,946.0,368.2,1314.2,0.7198,0.2922,0.0,0,12,0,0,0,0,0,0,2025-08-11,0.45,data_club,1,0,1,0,Chelsea,2025-08-08,219.0,,ac,0,0,0,2025-08-16,2026-05-24,,0,0.0,0
27,Burnley,37351292,Maxime Estève,yes,25.0,38,34,4,0.9742,2935.8,350.7,3286.5,0.8933,0.9678,0.0,0,12,0,0,0,0,0,0,2024-07-04,0.5,tier1,1,0,1,0,Montpellier,2024-02-01,218.0,,bc,0,0,0,2025-08-16,2026-05-24,,0,0.0,0
27,Burnley,537316,Zian Flemming,yes,27.0,38,32,6,0.5961,1680.3,321.9,2002.2,0.8392,0.9027,0.0,0,12,0,0,0,0,0,0,2025-07-04,0.45,data_club,1,0,1,0,Millwall,2024-08-30,218.0,,bc,0,0,0,2025-08-16,2026-05-24,,0,0.0,0
27,Burnley,37316858,Hannibal Mejbri,yes,26.0,38,29,9,0.3588,1192.8,290.6,1483.4,0.8041,0.6885,0.0,0,12,0,0,0,0,0,0,2024-08-31,0.45,data_club,1,0,1,0,Manchester United,2024-08-28,219.0,,ac,0,0,0,2025-08-16,2026-05-24,,0,0.0,0
27,Burnley,37584176,Lucas Pires,yes,25.0,38,33,5,0.5467,1635.2,246.0,1881.2,0.8692,0.6018,0.0,1,12,0,0,0,0,0,0,2024-07-19,0.25,tier3,1,0,1,0,Santos,2024-07-16,219.0,,ac,0,0,0,2025-08-16,2026-05-24,,0,0.0,0
27,Burnley,459480,Hjalmar Ekdal,yes,25.0,38,33,5,0.4302,1255.4,193.6,1449.0,0.8664,0.3333,0.0,0,12,0,0,0,0,0,0,2023-01-24,0.35,tier2,1,0,1,0,Djurgården,2023-01-21,219.0,,ac,0,0,0,2025-08-16,2026-05-24,,0,0.0,0
27,Burnley,1448,Ashley Barnes,yes,27.0,38,18,20,0.1041,143.3,187.4,330.7,0.4333,0.0513,0.0,0,12,0,0,0,0,0,0,2025-01-05,0.45,data_club,1,0,1,0,Brighton & Hove Albion,2014-01-10,219.0,,ac,0,0,0,2025-08-16,2026-05-24,,0,0.0,0
27,Burnley,340344,Marcus Edwards,yes,27.0,38,35,3,0.6893,1275.5,186.1,1461.6,0.8727,0.4525,0.0,0,12,0,0,0,0,0,0,2025-07-04,0.5,tier1,1,0,1,0,Sporting CP,2025-02-03,218.0,,ac,0,0,0,2025-08-16,2026-05-24,,0,0.0,0
27,Burnley,32792,Jacob Bruun Larsen,yes,27.0,38,32,6,0.3187,1180.0,172.1,1352.1,0.8727,0.1816,0.0,0,12,0,0,0,0,0,0,2025-07-14,0.5,tier1,1,0,1,0,TSG Hoffenheim,2023-07-27,218.0,,ac,0,0,0,2025-08-16,2026-05-24,,0,0.0,0
27,Burnley,7176,Joe Worrall,yes,25.0,38,24,14,0.1287,419.6,162.2,581.8,0.7212,0.319,0.0,0,12,0,0,0,0,0,0,2024-08-25,0.45,data_club,1,0,1,0,Nottingham Forest,2024-08-22,219.0,,bc,0,0,0,2025-08-16,2026-05-24,,0,0.0,0
27,Burnley,37624125,Enock Agyei,yes,27.0,38,1,37,0.0466,4.2,155.2,159.4,0.0263,0.0466,0.0,0,12,0,0,0,0,0,0,,0.0,none,1,0,0,1,,,,Burnley U21,bc,0,0,0,2025-08-16,2026-05-24,,0,0.0,0
27,Burnley,37260000,Oliver Sonne,yes,25.0,23,10,13,0.1066,102.9,124.7,227.6,0.4522,0.1689,0.0,0,12,0,0,0,0,0,0,2025-01-04,0.35,tier2,1,0,1,0,Silkeborg IF,2025-01-01,219.0,,ac,15,0,0,2025-08-16,2026-01-24,,0,0.0,0
27,Burnley,37261110,Zeki Amdouni,yes,27.0,38,4,34,0.0365,22.8,111.8,134.6,0.1692,0.1164,0.0,0,6,0,0,0,0,6,0,2023-07-22,0.35,tier2,1,0,1,0,Basel,2023-07-19,219.0,,ac,0,0,0,2025-08-16,2026-05-24,,0,0.0,0
27,Burnley,911,Kyle Walker,yes,25.0,38,37,1,1.0,3058.6,90.0,3148.6,0.9714,0.797,0.0,0,12,0,0,0,0,0,0,2025-07-08,0.45,data_club,1,0,1,0,Manchester City,2025-07-05,219.0,,ac,0,0,0,2025-08-16,2026-05-24,,0,0.0,0
27,Burnley,37423141,Lesley Ugochukwu,yes,26.0,38,37,1,0.7232,2361.9,65.1,2427.0,0.9732,0.5617,0.0,1,12,0,0,0,0,0,0,2025-08-09,0.45,data_club,1,0,1,0,Chelsea,2025-08-06,219.0,,bc,0,0,0,2025-08-16,2026-05-24,,0,0.0,0
27,Burnley,1155,James Ward-Prowse,yes,26.0,15,14,1,0.6888,811.8,62.0,873.8,0.9291,0.6305,0.0,0,12,0,0,0,0,0,0,2026-01-31,0.45,data_club,1,0,1,0,West Ham United,2026-01-28,218.0,,bc,23,0,0,2026-02-02,2026-05-24,,0,0.0,0
27,Burnley,538850,Mike Trésor,yes,27.0,38,8,30,0.0218,18.2,58.8,77.0,0.2364,0.0585,0.0,0,8,0,0,0,0,4,0,2024-07-04,0.5,tier1,1,0,1,0,Genk,2023-09-01,218.0,,ac,0,0,0,2025-08-16,2026-05-24,,0,0.0,0
27,Burnley,7987,Josh Laurent,yes,26.0,38,37,1,0.623,1762.0,56.1,1818.1,0.9692,0.5023,0.0,1,11,0,0,0,1,0,0,2024-09-02,0.45,data_club,1,0,1,0,Stoke City,2024-08-30,219.0,,ac,0,0,0,2025-08-16,2026-05-24,,0,0.0,0
27,Burnley,37593168,Jaydon Banel,yes,26.0,5,2,3,0.0105,0.0,2.8,2.8,0.0,0.0,0.0,0,0,0,0,12,0,0,0,2025-02-06,0.5,tier1,1,0,1,0,Jong Ajax,2025-02-03,219.0,Burnley U21,c,15,0,0,2025-12-30,2026-01-24,,0,0.0,0
27,Burnley,64296,Hannes Delcroix,yes,25.0,21,0,21,0.0,0.0,0.0,0.0,,0.0,0.0,0,0,0,0,12,0,0,0,2023-08-25,0.5,tier1,1,0,1,0,Anderlecht,2023-08-22,219.0,,b,17,0,0,2025-08-16,2026-01-07,,0,0.0,0
27,Burnley,79752,Václav Hladký,yes,24.0,38,0,38,0.0,0.0,0.0,0.0,,0.0,0.0,0,12,0,0,0,0,0,0,2024-07-22,0.0,none,1,1,1,0,Ipswich Town,2024-07-19,220.0,,b,0,0,0,2025-08-16,2026-05-24,,0,0.0,0
27,Burnley,80889,Martin Dúbravka,yes,24.0,38,38,0,0.75,2812.5,0.0,2812.5,1.0,0.75,0.0,0,12,0,0,0,0,0,0,2025-08-10,0.0,none,1,1,1,0,Newcastle United,2025-08-07,219.0,,bc,0,0,0,2025-08-16,2026-05-24,,0,0.0,0
27,Burnley,163210,Florentino,yes,26.0,35,35,0,0.4759,2013.7,0.0,2013.7,1.0,0.4759,0.0,0,12,0,0,0,0,0,0,2025-09-04,0.5,tier1,1,0,1,0,Benfica,2025-09-01,218.0,,bc,3,0,0,2025-09-14,2026-05-24,,0,0.0,0
27,Burnley,581055,Michael Obafemi,yes,27.0,3,0,3,0.0,0.0,0.0,0.0,,0.0,0.0,0,0,0,0,12,0,0,0,2023-07-04,0.45,data_club,1,0,1,0,Swansea City,2023-01-29,218.0,,a,35,0,0,2025-08-16,2025-08-30,,0,0.0,0
27,Burnley,3861826,Jordan Beyer,yes,25.0,38,0,38,0.0,0.0,0.0,0.0,,0.0,0.0,0,0,0,0,0,0,12,0,2023-07-04,0.5,tier1,1,0,1,0,Borussia Mönchengladbach,2022-09-01,218.0,,a,0,0,0,2025-08-16,2026-05-24,,0,0.0,0
27,Burnley,9939197,Shurandy Sambo,no,25.0,0,0,0,0.0189,0.0,0.0,0.0,,0.0189,0.0,0,5,0,0,0,0,7,0,2024-07-04,0.5,tier1,1,0,1,0,PSV,2024-07-01,220.0,,a,38,0,0,,,,0,0.0,0
27,Burnley,28912768,Aaron Ramsey,yes,26.0,3,3,0,0.0,2.1,0.0,2.1,1.0,0.0,0.0,0,2,0,0,9,1,0,0,2023-08-25,0.0,tier2,1,0,1,0,Aston Villa U21,2023-08-22,219.0,,ac,35,0,0,2025-08-16,2025-08-30,,0,0.0,0
27,Burnley,37291444,Andréas Hountondji,no,27.0,0,0,0,0.0831,0.0,0.0,0.0,,0.0831,0.0,0,12,0,0,0,0,0,0,2024-07-20,0.5,tier1,1,0,1,0,Caen,2024-07-17,219.0,,a,38,0,0,,,,0,0.0,0
27,Burnley,37337041,Loum Tchaouna,yes,27.0,38,38,0,0.4426,1222.2,0.0,1222.2,1.0,0.4426,0.0,0,12,0,0,0,0,0,0,2025-07-05,0.5,tier1,1,0,1,0,Lazio,2025-07-02,219.0,,bc,0,0,0,2025-08-16,2026-05-24,,0,0.0,0
27,Burnley,37392849,Jaidon Anthony,yes,27.0,38,38,0,0.9549,2691.1,0.0,2691.1,1.0,0.9549,0.0,0,12,0,0,0,0,0,0,2025-07-04,0.45,data_club,1,0,1,0,AFC Bournemouth,2024-08-29,218.0,,bc,0,0,0,2025-08-16,2026-05-24,,0,0.0,0
27,Burnley,37582278,Max Weiss,yes,24.0,38,38,0,0.25,22.5,0.0,22.5,1.0,0.25,0.0,0,12,0,0,0,0,0,0,2025-07-04,0.0,none,1,1,1,0,Karlsruher SC,2025-07-01,219.0,,ac,0,0,0,2025-08-16,2026-05-24,,0,0.0,0
27,Burnley,37732248,Oliver Pimlott,yes,26.0,20,2,18,0.0,0.0,0.0,0.0,,0.0,0.0,0,2,0,0,0,0,10,10,,0.0,none,1,0,0,1,,,,,bc,0,0,0,2025-12-30,2026-05-24,,0,0.0,0
27,Burnley,37788182,Kian McMahon-Brown,yes,27.0,10,1,9,0.0,0.0,0.0,0.0,,0.0,0.0,0,1,0,0,0,0,11,11,,0.0,none,1,0,0,1,,,,,bc,0,0,0,2026-03-03,2026-05-24,,0,0.0,0
27,Burnley,37908643,George Brierley,yes,26.0,19,1,18,0.0,0.0,0.0,0.0,,0.0,0.0,0,1,0,0,0,0,11,11,,0.0,none,1,0,0,1,,,,,bc,0,0,0,2026-01-03,2026-05-24,,0,0.0,0
27,Burnley,901092671,Marley Leuluai,yes,,0,0,0,0.0,0.0,0.0,0.0,,0.0,0.0,0,0,0,0,0,0,12,12,,0.0,none,0,0,0,1,,,,,,0,0,0,,,data mismatch: excluded,0,0.0,0
18,Chelsea,37259180,Levi Colwill,yes,25.0,38,3,35,0.9155,240.3,2883.9,3124.2,0.0769,0.8766,0.0,0,12,0,0,0,0,0,0,,0.0,none,1,0,0,1,,,,Chelsea U21,ac,0,0,0,2025-08-17,2026-05-24,,0,0.0,0
18,Chelsea,28912747,Cole Palmer,yes,26.0,38,27,11,0.8266,1910.8,818.3,2729.1,0.7002,0.9562,0.0,0,12,0,0,0,0,0,0,2023-09-04,0.45,data_club,1,0,1,0,Manchester City,2023-09-01,219.0,,ac,0,0,0,2025-08-17,2026-05-24,,0,0.0,0
18,Chelsea,37536874,Roméo Lavia,yes,26.0,38,15,23,0.3622,450.7,749.9,1200.5,0.3754,0.2814,0.0,0,12,0,0,0,0,0,0,2023-08-21,0.45,data_club,1,0,1,0,Southampton,2023-08-18,219.0,,ac,0,0,0,2025-08-17,2026-05-24,,0,0.0,0
18,Chelsea,9938919,Mykhailo Mudryk,yes,26.0,38,0,38,0.1563,0.0,534.7,534.7,0.0,0.1563,0.0,0,12,0,0,0,0,0,0,2023-01-18,0.35,tier2,1,0,1,0,Shakhtar Donetsk,2023-01-15,219.0,,b,0,0,0,2025-08-17,2026-05-24,,0,0.0,0
18,Chelsea,37701999,Estêvão,yes,27.0,38,25,13,0.3578,743.6,418.6,1162.3,0.6398,0.3784,0.0,0,12,0,0,0,0,0,0,2025-07-17,0.25,tier3,1,0,1,0,Palmeiras,2025-07-14,219.0,,ac,0,0,0,2025-08-17,2026-05-24,,0,0.0,0
18,Chelsea,581220,Reece James,yes,25.0,38,32,6,0.7744,1986.1,418.2,2404.2,0.8261,0.5776,0.0,0,12,0,0,0,0,0,0,,0.0,none,1,0,0,1,,,,Chelsea U21,ac,0,0,0,2025-08-17,2026-05-24,,0,0.0,0
18,Chelsea,4545394,Benoît Badiashile,yes,25.0,38,19,19,0.2278,387.3,389.5,776.9,0.4986,0.2893,0.0,0,12,0,0,0,0,0,0,2023-01-08,0.5,tier1,1,0,1,0,Monaco,2023-01-05,219.0,,bc,0,0,0,2025-08-17,2026-05-24,,0,0.0,0
18,Chelsea,5241,Tosin Adarabioyo,yes,25.0,38,28,10,0.4023,1001.6,362.1,1363.7,0.7345,0.2269,0.0,0,12,0,0,0,0,0,0,2024-07-04,0.45,data_club,1,0,1,0,Fulham,2024-07-01,220.0,,bc,0,0,0,2025-08-17,2026-05-24,,0,0.0,0
18,Chelsea,11311795,Wesley Fofana,yes,25.0,38,31,7,0.5592,1734.1,352.3,2086.4,0.8312,0.7033,1.7,2,10,0,0,0,2,0,0,2022-09-03,0.45,data_club,1,0,1,0,Leicester City,2022-08-31,219.0,,ac,0,0,0,2025-08-17,2026-05-24,,0,0.0,0
18,Chelsea,37316840,Jamie Gittens,yes,27.0,38,22,16,0.2389,697.4,344.0,1041.4,0.6697,0.2365,0.0,0,12,0,0,0,0,0,0,2025-07-08,0.5,tier1,1,0,1,0,Borussia Dortmund,2025-07-05,219.0,,ac,0,0,0,2025-08-17,2026-05-24,,0,0.0,0
18,Chelsea,448448,Marc Cucurella,yes,25.0,38,34,4,0.9318,2764.2,335.4,3099.6,0.8918,0.8874,66.0,1,12,0,0,0,0,0,0,2022-08-08,0.45,data_club,1,0,1,0,Brighton & Hove Albion,2022-08-05,219.0,,bc,0,0,0,2025-08-17,2026-05-24,,0,0.0,0
18,Chelsea,37261500,Moisés Caicedo,yes,26.0,38,34,4,0.8655,2853.7,311.6,3165.3,0.9016,0.9294,40.9,1,12,0,0,0,0,0,0,2023-08-17,0.45,data_club,1,0,1,0,Brighton & Hove Albion,2023-08-14,219.0,,ac,0,0,0,2025-08-17,2026-05-24,,0,0.0,0
18,Chelsea,496775,Pedro Neto,yes,27.0,38,34,4,0.8516,2631.0,306.6,2937.6,0.8956,0.825,2.8,1,11,0,0,0,1,0,0,2024-08-14,0.45,data_club,1,0,1,0,Wolverhampton Wanderers,2024-08-11,219.0,,ac,0,0,0,2025-08-17,2026-05-24,,0,0.0,0
18,Chelsea,37592037,Tyrique George,yes,27.0,24,8,16,0.2058,133.8,296.4,430.2,0.3111,0.0677,0.0,0,12,12,0,0,0,0,0,,0.0,none,1,0,0,1,,,,Chelsea U21,bc,14,0,0,2025-08-17,2026-01-31,,0,0.0,0
18,Chelsea,37568149,Facundo Buonanotte,yes,26.0,18,5,13,0.2262,117.5,264.6,382.1,0.3075,0.0033,0.0,0,12,8,0,0,0,0,0,2025-09-04,0.45,data_club,1,0,1,0,Brighton & Hove Albion,2025-09-01,218.0,,bc,20,0,0,2025-09-13,2026-01-07,,0,0.0,0
18,Chelsea,537117,Trevoh Chalobah,yes,25.0,38,35,3,0.9258,2836.5,250.0,3086.5,0.919,0.7258,16.6,1,12,0,0,0,0,0,0,,0.0,none,1,0,0,1,,,,Chelsea U21,bc,0,0,0,2025-08-17,2026-05-24,,0,0.0,0
18,Chelsea,28912976,Liam Delap,yes,27.0,38,29,9,0.2965,1028.5,240.2,1268.7,0.8107,0.3811,0.0,0,12,0,0,0,0,0,0,2025-06-07,0.45,data_club,1,0,1,0,Ipswich Town,2025-06-04,219.0,,bc,0,0,0,2025-08-17,2026-05-24,,0,0.0,0
18,Chelsea,28931574,João Pedro,yes,27.0,38,35,3,0.8231,2470.0,222.2,2692.2,0.9175,0.892,0.0,0,12,0,0,0,0,0,0,2025-07-05,0.45,data_club,1,0,1,0,Brighton & Hove Albion,2025-07-02,219.0,,ac,0,0,0,2025-08-17,2026-05-24,,0,0.0,0
18,Chelsea,37317367,Malo Gusto,yes,25.0,38,35,3,0.6431,1959.2,173.6,2132.9,0.9186,0.7871,0.0,1,12,0,0,0,0,0,0,2023-02-01,0.5,tier1,1,0,1,0,Olympique Lyonnais,2023-01-29,219.0,,ac,0,0,0,2025-08-17,2026-05-24,,0,0.0,0
18,Chelsea,29709995,Enzo Fernández,yes,26.0,38,36,2,0.9596,3094.1,172.7,3266.8,0.9471,0.9708,0.0,0,12,0,0,0,0,0,0,2023-02-03,0.5,tier1,1,0,1,0,Benfica,2023-01-31,219.0,,bc,0,0,0,2025-08-17,2026-05-24,,0,0.0,0
18,Chelsea,37564315,Dário Essugo,yes,26.0,38,10,28,0.0681,135.4,171.6,307.0,0.441,0.0387,0.0,0,10,0,0,0,0,2,0,2025-06-13,0.5,tier1,1,0,1,0,Sporting CP,2025-06-10,219.0,,bc,0,0,0,2025-08-17,2026-05-24,,0,0.0,0
18,Chelsea,581000,Robert Sánchez,yes,24.0,38,36,2,0.9451,3167.7,170.1,3337.9,0.949,0.8902,85.0,1,12,0,0,0,0,0,0,2023-08-08,0.0,none,1,1,1,0,Brighton & Hove Albion,2023-08-05,219.0,,bc,0,0,0,2025-08-17,2026-05-24,,0,0.0,0
18,Chelsea,23715941,Filip Jörgensen,yes,24.0,38,28,10,0.125,204.5,112.5,317.0,0.6452,0.2764,0.0,0,12,0,0,0,0,0,0,2024-08-02,0.0,none,1,1,1,0,Villarreal,2024-07-30,219.0,,bc,0,0,0,2025-08-17,2026-05-24,,0,0.0,0
18,Chelsea,37664041,Marc Guiu,yes,27.0,35,25,10,0.0986,282.9,88.8,371.6,0.7612,0.0193,0.0,0,12,0,0,0,0,0,0,2024-07-04,0.5,tier1,1,0,1,0,FC Barcelona,2024-07-01,219.0,,bc,3,0,0,2025-09-13,2026-05-24,,0,0.0,0
18,Chelsea,37316549,Alejandro Garnacho,yes,27.0,35,33,2,0.4265,1465.1,76.8,1541.8,0.9502,0.394,0.0,0,12,0,0,0,0,0,0,2025-09-02,0.45,data_club,1,0,1,0,Manchester United,2025-08-30,219.0,,bc,3,0,0,2025-09-13,2026-05-24,,0,0.0,0
18,Chelsea,37631362,Josh Acheampong,yes,25.0,38,35,3,0.1717,578.7,46.4,625.0,0.9258,0.19,0.0,0,12,0,0,0,0,0,0,,0.0,none,1,0,0,1,,,,Chelsea U21,ac,0,0,0,2025-08-17,2026-05-24,,0,0.0,0
18,Chelsea,37532344,Mamadou Sarr,yes,25.0,14,10,4,0.0862,45.3,31.0,76.3,0.5935,0.0964,0.0,0,10,0,0,0,0,2,0,2025-06-12,0.5,tier1,1,0,1,0,Strasbourg,2025-06-09,219.0,,bc,24,0,0,2026-02-07,2026-05-24,,0,0.0,0
18,Chelsea,37600243,Jorrel Hato,yes,25.0,38,35,3,0.1098,1013.3,29.7,1042.9,0.9716,0.7185,0.0,0,12,0,0,0,0,0,0,2025-08-06,0.5,tier1,1,0,1,0,Ajax,2025-08-03,219.0,,ac,0,0,0,2025-08-17,2026-05-24,,0,0.0,0
18,Chelsea,37562129,Andrey Santos,yes,26.0,38,37,1,0.1655,1034.0,14.9,1048.9,0.9858,0.4159,0.0,0,12,0,0,0,0,0,0,2023-01-04,0.25,tier3,1,0,1,0,Vasco da Gama,2023-01-01,219.0,,bc,0,0,0,2025-08-17,2026-05-24,,0,0.0,0
18,Chelsea,37714106,Shumaira Mheuka,yes,27.0,38,1,37,0.0037,0.3,12.2,12.5,0.025,0.0103,0.0,0,3,0,0,0,0,9,9,,0.0,none,1,0,0,1,,,,,bc,0,0,0,2025-08-17,2026-05-24,,0,0.0,0
18,Chelsea,37695244,Jesse Derry,yes,27.0,5,4,1,0.0433,7.8,3.9,11.7,0.6667,0.0433,0.0,0,4,0,0,0,0,8,8,,0.0,none,1,0,0,1,,,,,bc,0,0,0,2026-04-21,2026-05-24,,0,0.0,0
18,Chelsea,35659570,Gaga Slonina,yes,24.0,38,5,33,0.0,0.0,0.0,0.0,,0.0,0.0,0,5,0,0,0,0,7,0,2022-08-05,0.0,none,1,1,1,0,Chicago Fire,2022-08-02,219.0,,ac,0,0,0,2025-08-17,2026-05-24,,0,0.0,0
18,Chelsea,37373590,Teddy Sharman-Lowe,yes,24.0,16,9,7,0.0,0.0,0.0,0.0,,0.0,0.0,0,9,0,0,0,0,3,3,,0.0,none,1,1,0,1,,,,Chelsea U21,ac,0,0,0,2026-01-25,2026-05-24,,0,0.0,0
18,Chelsea,37525712,Caleb Wiley,yes,25.0,17,0,17,0.0,0.0,0.0,0.0,,0.0,0.0,0,0,0,0,12,0,0,0,2024-07-25,0.25,tier3,1,0,1,0,Atlanta United,2024-07-22,219.0,,b,21,0,0,2026-01-17,2026-05-24,,0,0.0,0
18,Chelsea,37544258,Max Merrick,yes,24.0,19,1,18,0.0,0.0,0.0,0.0,,0.0,0.0,0,1,0,0,0,0,11,11,,0.0,none,1,1,0,1,,,,,bc,0,0,0,2026-01-04,2026-05-24,,0,0.0,0
18,Chelsea,37554470,Ted Curd,yes,24.0,38,0,38,0.0,0.0,0.0,0.0,,0.0,0.0,0,0,0,0,0,0,12,12,,0.0,none,1,1,0,1,,,,,b,0,0,0,2025-08-17,2026-05-24,,0,0.0,0
18,Chelsea,37590621,Mike Penders,yes,24.0,0,0,0,0.0,0.0,0.0,0.0,,0.0,0.0,0,0,0,0,0,0,12,0,2024-08-30,0.0,none,0,1,1,0,Genk,2024-08-27,219.0,,a,38,0,0,,,,0,0.0,0
18,Chelsea,37666048,Ollie Harrison,yes,26.0,38,0,38,0.0,0.0,0.0,0.0,,0.0,0.0,0,0,0,0,0,0,12,0,2023-08-24,0.0,unknown+override,1,0,1,0,Newcastle U18,2023-08-21,219.0,,b,0,0,0,2025-08-17,2026-05-24,,0,0.0,0
18,Chelsea,37682244,,no,26.0,0,0,0,0.0,0.0,0.0,0.0,,0.0,0.0,0,0,0,0,0,0,12,0,2025-07-04,0.25,tier3,0,0,1,0,Independiente del Valle,2025-07-01,219.0,,a,38,0,0,,,,0,0.0,0
18,Chelsea,37700784,Aaron Anselmino,yes,25.0,2,0,2,0.0,0.0,0.0,0.0,,0.0,0.0,0,2,0,0,0,0,10,0,2024-08-11,0.25,tier3,1,0,1,0,Boca Juniors,2024-08-08,219.0,,a,36,0,0,2025-08-17,2025-08-22,,0,0.0,0
18,Chelsea,37721324,Landon Emenalo,yes,26.0,32,1,31,0.0,0.0,0.0,0.0,,0.0,0.0,0,1,0,0,0,0,11,11,,0.0,none,1,0,0,1,,,,,bc,0,0,0,2025-10-04,2026-05-24,,0,0.0,0
18,Chelsea,37741563,Ryan Kavuma-McQueen,yes,26.0,3,2,1,0.0,0.0,0.0,0.0,,0.0,0.0,0,2,0,0,0,0,10,10,,0.0,none,1,0,0,1,,,,,bc,0,0,0,2026-05-09,2026-05-24,,0,0.0,0
18,Chelsea,37782496,Mathis Eboué,yes,26.0,3,1,2,0.0,0.0,0.0,0.0,,0.0,0.0,0,1,0,0,0,0,11,11,,0.0,none,1,0,0,1,,,,,bc,0,0,0,2026-05-09,2026-05-24,,0,0.0,0
18,Chelsea,901108464,Reggie Walsh,yes,,0,0,0,0.0,0.0,0.0,0.0,,0.0,0.0,0,0,0,0,0,0,12,12,,0.0,none,0,0,0,1,,,,,,0,0,0,,,,0,0.0,0
51,Crystal Palace,5640926,Cheick Doucouré,yes,26.0,38,0,38,0.3291,0.0,1125.6,1125.6,0.0,0.3291,0.0,0,12,0,0,0,0,0,0,2022-07-14,0.5,tier1,1,0,1,0,Lens,2022-07-11,219.0,,a,0,0,0,2025-08-17,2026-05-24,,0,0.0,0
51,Crystal Palace,539961,Eddie Nketiah,yes,27.0,38,12,26,0.409,437.6,957.1,1394.8,0.3138,0.4114,0.0,0,12,0,0,0,0,0,0,2024-09-02,0.45,data_club,1,0,1,0,Arsenal,2024-08-30,219.0,,ac,0,0,0,2025-08-17,2026-05-24,,0,0.0,0
51,Crystal Palace,96722,Ismaïla Sarr,yes,27.0,38,28,10,0.9094,2242.3,818.5,3060.8,0.7326,0.7467,0.0,0,12,0,0,0,0,0,0,2024-08-04,0.5,tier1,1,0,1,0,Olympique Marseille,2024-08-01,219.0,,ac,0,0,0,2025-08-17,2026-05-24,,0,0.0,0
51,Crystal Palace,524045,Daniel Muñoz,yes,26.0,38,29,9,0.9839,2491.5,797.0,3288.5,0.7576,0.8119,0.0,0,12,0,0,0,0,0,0,2024-02-02,0.5,tier1,1,0,1,0,Genk,2024-01-30,219.0,,bc,0,0,0,2025-08-17,2026-05-24,,0,0.0,0
51,Crystal Palace,310131,Daichi Kamada,yes,26.0,38,28,10,0.8226,1875.3,740.4,2615.7,0.717,0.6089,0.0,0,12,0,0,0,0,0,0,2024-07-04,0.5,tier1,1,0,1,0,Lazio,2024-07-01,220.0,,ac,0,0,0,2025-08-17,2026-05-24,,0,0.0,0
51,Crystal Palace,96950,Jean-Philippe Mateta,yes,27.0,38,32,6,0.8553,2258.5,461.9,2720.3,0.8302,0.5372,0.0,0,12,0,0,0,0,0,0,2022-02-03,0.5,tier1,1,0,1,0,FSV Mainz 05,2021-01-21,218.0,,ac,0,0,0,2025-08-17,2026-05-24,,0,0.0,0
51,Crystal Palace,18218609,Chris Richards,yes,25.0,38,34,4,0.9622,2940.5,346.4,3286.9,0.8946,0.8799,0.0,0,12,0,0,0,0,0,0,2022-07-30,0.5,tier1,1,0,1,0,FC Bayern München,2022-07-27,219.0,,ac,0,0,0,2025-08-17,2026-05-24,,0,0.0,0
51,Crystal Palace,37350704,Adam Wharton,yes,26.0,38,34,4,0.8302,2564.2,298.9,2863.1,0.8956,0.6806,10.1,1,12,0,0,0,0,0,0,2024-02-04,0.45,data_club,1,0,1,0,Blackburn Rovers,2024-02-01,219.0,,ac,0,0,0,2025-08-17,2026-05-24,,0,0.0,0
51,Crystal Palace,21782219,Evann Guessand,yes,27.0,14,8,6,0.4851,301.9,261.9,563.9,0.5355,0.4282,0.0,0,12,4,0,0,0,0,0,2026-02-02,0.45,data_club,1,0,1,0,Aston Villa,2026-01-30,218.0,,ac,1,0,0,2026-02-08,2026-05-24,,0,0.0,0
51,Crystal Palace,4536500,Marc Guéhi,yes,25.0,22,20,2,1.0,1800.0,180.0,1980.0,0.9091,1.0,0.0,0,12,12,0,0,0,0,0,2021-07-21,0.45,data_club,1,0,1,0,Chelsea,2021-07-18,219.0,,bc,16,0,0,2025-08-17,2026-01-17,,0,0.0,0
51,Crystal Palace,5666458,Maxence Lacroix,yes,25.0,38,36,2,1.0,3222.3,180.0,3402.3,0.9471,0.875,30.0,1,11,0,0,0,1,0,0,2024-09-02,0.5,tier1,1,0,1,0,VfL Wolfsburg,2024-08-30,219.0,,bc,0,0,0,2025-08-17,2026-05-24,,0,0.0,0
51,Crystal Palace,186766,Jefferson Lerma,yes,26.0,38,35,3,0.6636,1850.4,179.2,2029.6,0.9117,0.6576,0.0,0,12,0,0,0,0,0,0,2023-07-04,0.45,data_club,1,0,1,0,AFC Bournemouth,2023-07-01,220.0,,ac,0,0,0,2025-08-17,2026-05-24,,0,0.0,0
51,Crystal Palace,37537937,Chadi Riad,yes,25.0,38,17,21,0.0833,375.5,157.5,533.0,0.7045,0.3918,0.0,0,12,0,0,0,0,0,0,2024-07-05,0.5,tier1,1,0,1,0,Real Betis,2024-07-02,219.0,,ac,0,0,0,2025-08-17,2026-05-24,,0,0.0,0
51,Crystal Palace,37678216,Christantus Uche,yes,26.0,35,25,10,0.1323,426.2,119.1,545.2,0.7816,0.108,0.0,0,12,0,0,0,0,0,0,2025-09-04,0.5,tier1,1,0,1,0,Getafe,2025-09-01,218.0,,bc,3,0,0,2025-09-13,2026-05-24,,0,0.0,0
51,Crystal Palace,1202,Nathaniel Clyne,yes,25.0,38,34,4,0.2804,502.3,100.9,603.2,0.8327,0.1666,0.0,0,12,0,0,0,0,0,0,2020-10-17,0.45,data_club,1,0,1,0,Liverpool,2020-10-14,220.0,Crystal Palace U18,bc,0,0,0,2025-08-17,2026-05-24,,0,0.0,0
51,Crystal Palace,12647,Dean Henderson,yes,24.0,38,37,1,1.0,3330.0,90.0,3420.0,0.9737,1.0,0.0,0,12,0,0,0,0,0,0,2023-09-03,0.0,none,1,1,1,0,Manchester United,2023-08-31,219.0,,ac,0,0,0,2025-08-17,2026-05-24,,0,0.0,0
51,Crystal Palace,37541456,Justin Devenny,yes,26.0,38,36,2,0.4117,817.4,74.1,891.5,0.9169,0.1803,0.0,0,12,0,0,0,0,0,0,2023-08-24,0.35,unknown+override,1,0,1,0,Airdrieonians,2023-08-21,219.0,Crystal Palace U21,bc,0,0,0,2025-08-17,2026-05-24,,0,0.0,0
51,Crystal Palace,37610432,Romain Esse,yes,26.0,21,15,6,0.1305,146.6,70.5,217.0,0.6753,0.0,0.0,0,0,0,0,12,0,0,0,2025-01-21,0.45,data_club,1,0,1,0,Millwall,2025-01-18,219.0,,bc,17,0,0,2025-08-17,2026-01-07,,0,0.0,0
51,Crystal Palace,2332,Will Hughes,yes,26.0,38,37,1,0.511,1704.3,46.0,1750.3,0.9737,0.3945,0.0,0,12,0,0,0,0,0,0,2021-08-31,0.45,data_club,1,0,1,0,Watford,2021-08-28,219.0,,ac,0,0,0,2025-08-17,2026-05-24,,0,0.0,0
51,Crystal Palace,74160,Borna Sosa,yes,25.0,38,30,8,0.0546,354.6,39.3,393.9,0.9001,0.0736,0.0,0,12,0,0,0,0,0,0,2025-07-14,0.5,tier1,1,0,1,0,Ajax,2025-07-11,219.0,,bc,0,0,0,2025-08-17,2026-05-24,,0,0.0,0
51,Crystal Palace,37784696,Joél Drakes-Thomas,yes,27.0,22,6,16,0.0157,5.3,22.7,28.0,0.189,0.0157,0.0,0,6,0,0,0,0,6,6,,0.0,none,1,0,0,1,,,,,bc,0,0,0,2025-12-20,2026-05-24,,0,0.0,0
51,Crystal Palace,37688184,Jaydee Canvot,yes,25.0,35,34,1,0.2466,1150.0,22.2,1172.2,0.9811,0.9033,0.0,0,12,0,0,0,0,0,0,2025-09-04,0.5,tier1,1,0,1,0,Toulouse,2025-09-01,219.0,,ac,0,0,0,2025-09-13,2026-05-24,,0,0.0,0
51,Crystal Palace,96792,Odsonne Édouard,yes,27.0,3,2,1,0.1453,25.1,13.1,38.1,0.6571,0.1453,0.0,0,11,7,0,0,0,1,0,2021-09-03,0.35,tier2,1,0,1,0,Celtic,2021-08-31,219.0,,bc,35,0,0,2025-08-17,2025-08-31,,0,0.0,0
51,Crystal Palace,37554902,Kaden Rodney,yes,26.0,38,11,27,0.0035,2.4,8.4,10.8,0.2222,0.0067,0.0,0,12,0,0,0,0,0,0,,0.0,none,1,0,0,1,,,,,bc,0,0,0,2025-08-17,2026-05-24,,0,0.0,0
51,Crystal Palace,7643,Eberechi Eze,yes,26.0,1,1,0,0.8466,69.4,0.0,69.4,1.0,0.8466,0.0,0,12,12,0,0,0,0,0,2020-08-31,0.45,data_club,1,0,1,0,Queens Park Rangers,2020-08-28,219.0,,bc,37,0,0,2025-08-17,2025-08-17,,0,0.0,0
51,Crystal Palace,9278,Remi Matthews,yes,24.0,38,10,28,0.0,0.0,0.0,0.0,,0.0,0.0,0,12,0,0,0,0,0,0,2021-07-15,0.0,none,1,1,1,0,Sunderland,2021-07-12,220.0,,ac,0,0,0,2025-08-17,2026-05-24,,0,0.0,0
51,Crystal Palace,97383,Walter Benítez,yes,24.0,38,36,2,0.0,60.0,0.0,60.0,1.0,0.0833,0.0,0,12,0,0,0,0,0,0,2025-07-04,0.0,none,1,1,1,0,PSV,2025-07-01,220.0,,ac,0,0,0,2025-08-17,2026-05-24,,0,0.0,0
51,Crystal Palace,458682,Jørgen Strand Larsen,yes,27.0,14,14,0,0.6573,786.9,0.0,786.9,1.0,0.6573,0.0,0,12,0,0,0,0,0,0,2026-02-05,0.45,data_club,1,0,1,0,Wolverhampton Wanderers,2026-02-02,219.0,,ac,0,0,0,2026-02-08,2026-05-24,,0,0.0,0
51,Crystal Palace,4598710,Tyrick Mitchell,yes,25.0,38,38,0,0.8754,3198.5,0.0,3198.5,1.0,0.8754,0.0,0,12,0,0,0,0,0,0,,0.0,none,1,0,0,1,,,,Crystal Palace U21,ac,0,0,0,2025-08-17,2026-05-24,,0,0.0,0
51,Crystal Palace,24468970,Yéremy Pino,yes,27.0,36,36,0,0.4184,2082.1,0.0,2082.1,1.0,0.4184,0.0,0,12,0,0,0,0,0,0,2025-09-01,0.5,tier1,1,0,1,0,Villarreal,2025-08-29,219.0,,ac,1,1,0,2025-08-31,2026-05-24,,0,0.0,0
51,Crystal Palace,25930790,Brennan Johnson,yes,27.0,19,19,0,0.6021,974.6,0.0,974.6,1.0,0.6021,0.0,0,12,0,0,0,0,0,0,2026-01-05,0.45,data_club,1,0,1,0,Tottenham Hotspur,2026-01-02,219.0,,bc,20,1,0,2026-01-04,2026-05-24,,0,0.0,0
51,Crystal Palace,34455847,Jesurun Rak-Sakyi,yes,26.0,6,1,5,0.0,0.0,0.0,0.0,,0.0,0.0,0,0,0,12,0,0,0,0,,0.0,none,1,0,0,1,,,,Crystal Palace U21,bc,32,0,0,2025-08-17,2026-02-01,,0,0.0,0
51,Crystal Palace,37416691,Danny Imray,yes,25.0,23,2,21,0.0,0.0,0.0,0.0,,0.0,0.0,0,0,0,0,12,0,0,0,2021-02-06,0.0,unknown+override,1,0,1,0,Chelmsford U19,2021-02-03,219.0,,bc,15,0,0,2025-08-17,2026-01-25,,0,0.0,0
51,Crystal Palace,37626915,Zach Marsh,yes,27.0,38,1,37,0.0,0.0,0.0,0.0,,0.0,0.0,0,2,0,0,0,0,10,10,,0.0,none,1,0,0,1,,,,,bc,0,0,0,2025-08-17,2026-05-24,,0,0.0,0
51,Crystal Palace,37651069,Caleb Kporha,yes,25.0,38,0,38,0.0,0.0,0.0,0.0,,0.0,0.0,0,12,0,0,0,0,0,0,,0.0,none,1,0,0,1,,,,Crystal Palace U18,b,0,0,0,2025-08-17,2026-05-24,,0,0.0,0
51,Crystal Palace,37651070,Rio Cardines,yes,26.0,38,13,25,0.0,0.0,0.0,0.0,,0.0833,0.0,0,12,0,0,0,0,0,0,,0.0,none,1,0,0,1,,,,Crystal Palace U21,bc,0,0,0,2025-08-17,2026-05-24,,0,0.0,0
51,Crystal Palace,37692961,George King,yes,25.0,18,1,17,0.0,0.0,0.0,0.0,,0.0,0.0,0,1,0,0,0,0,11,11,,0.0,none,1,0,0,1,,,,,bc,0,0,0,2026-01-07,2026-05-24,,0,0.0,0
51,Crystal Palace,37721332,Ben Casey,yes,27.0,20,2,18,0.0,0.0,0.0,0.0,,0.0,0.0,0,2,0,0,0,0,10,10,,0.0,none,1,0,0,1,,,,,bc,0,0,0,2026-01-01,2026-05-24,,0,0.0,0
51,Crystal Palace,37769466,Dean Benamar,yes,25.0,21,4,17,0.0,0.0,0.0,0.0,,0.0,0.0,0,4,0,0,0,0,8,8,,0.0,none,1,0,0,1,,,,,bc,0,0,0,2025-12-28,2026-05-24,,0,0.0,0
13,Everton,32404895,Jarrad Branthwaite,yes,25.0,38,10,28,0.9399,785.1,2368.7,3153.7,0.2489,0.7693,0.0,0,12,0,0,0,0,0,0,2020-01-16,0.35,tier2,1,0,1,0,Carlisle United,2020-01-13,219.0,,ac,0,0,0,2025-08-18,2026-05-24,,0,0.0,0
13,Everton,1116,Jack Grealish,yes,26.0,38,20,18,0.8843,1317.1,1432.5,2749.6,0.479,0.8943,0.0,1,11,0,0,0,1,0,0,2025-08-15,0.45,data_club,1,0,1,0,Manchester City,2025-08-12,218.0,,c,0,0,0,2025-08-18,2026-05-24,,0,0.0,0
13,Everton,1030,Idrissa Gueye,yes,26.0,38,25,13,0.9483,2154.5,1109.5,3264.0,0.6601,0.9471,72.8,1,12,0,0,0,0,0,0,2022-09-04,0.5,tier1,1,0,1,0,Aston Villa,2016-08-02,219.0,,bc,0,0,0,2025-08-18,2026-05-24,,0,0.0,0
13,Everton,540613,Kiernan Dewsbury-Hall,yes,26.0,38,31,7,0.8584,2186.6,540.8,2727.4,0.8017,0.9705,0.0,0,12,0,0,0,0,0,0,2025-08-09,0.45,data_club,1,0,1,0,Chelsea,2025-08-06,219.0,,ac,0,0,0,2025-08-18,2026-05-24,,0,0.0,0
13,Everton,23661272,Iliman Ndiaye,yes,26.0,38,32,6,0.9195,2576.0,496.5,3072.6,0.8384,0.9901,0.0,0,12,0,0,0,0,0,0,2024-07-06,0.5,tier1,1,0,1,0,Olympique Marseille,2024-07-03,219.0,,bc,0,0,0,2025-08-18,2026-05-24,,0,0.0,0
13,Everton,37410255,Charly Alcaraz,yes,26.0,38,28,10,0.4394,1008.9,395.5,1404.4,0.7184,0.1671,0.0,0,12,0,0,0,0,0,0,2025-07-04,0.25,tier3,1,0,1,0,Flamengo,2025-02-03,218.0,,ac,0,0,0,2025-08-18,2026-05-24,,0,0.0,0
13,Everton,537271,Vitalii Mykolenko,yes,25.0,38,34,4,1.0,2958.1,360.0,3318.1,0.8915,0.9167,0.0,0,12,0,0,0,0,0,0,2022-01-04,0.35,tier2,1,0,1,0,Dynamo Kyiv,2022-01-01,219.0,,ac,0,0,0,2025-08-18,2026-05-24,,0,0.0,0
13,Everton,881,Michael Keane,yes,25.0,38,34,4,0.9856,2341.6,354.8,2696.4,0.8684,0.699,3.4,1,12,0,0,0,0,0,0,2017-07-06,0.45,data_club,1,0,1,0,Burnley,2017-07-03,219.0,,ac,0,0,0,2025-08-18,2026-05-24,,0,0.0,0
13,Everton,37266009,Merlin Röhl,yes,26.0,35,27,8,0.2771,572.6,199.5,772.1,0.7416,0.2957,0.0,0,12,0,0,0,0,0,0,2025-09-04,0.5,tier1,1,0,1,0,SC Freiburg,2025-09-01,218.0,,c,0,0,0,2025-09-13,2026-05-24,,0,0.0,0
13,Everton,37260638,Nathan Patterson,yes,25.0,38,28,10,0.177,381.8,159.3,541.1,0.7056,0.0034,0.0,0,12,0,0,0,0,0,0,2022-01-07,0.35,tier2,1,0,1,0,Rangers,2022-01-04,219.0,,bc,0,0,0,2025-08-18,2026-05-24,,0,0.0,0
13,Everton,37259239,Tim Iroegbunam,yes,26.0,38,35,3,0.5217,1227.8,140.9,1368.7,0.8971,0.5034,0.0,0,12,0,0,0,0,0,0,2024-07-04,0.45,data_club,1,0,1,0,Aston Villa,2024-07-01,219.0,,bc,0,0,0,2025-08-18,2026-05-24,,0,0.0,0
13,Everton,37650058,Adam Aznou,yes,25.0,38,22,16,0.0859,168.8,123.8,292.5,0.5769,0.0,0.0,0,12,0,0,0,0,0,0,2025-08-01,0.5,tier1,1,0,1,0,FC Bayern München,2025-07-29,219.0,,bc,0,0,0,2025-08-18,2026-05-24,,0,0.0,0
13,Everton,4598726,Dwight McNeil,yes,26.0,38,36,2,0.5177,1194.1,93.2,1287.3,0.9276,0.4803,0.0,0,12,0,0,0,0,0,0,2022-07-31,0.45,data_club,1,0,1,0,Burnley,2022-07-28,219.0,,bc,0,0,0,2025-08-18,2026-05-24,,0,0.0,0
13,Everton,1639,James Tarkowski,yes,25.0,38,37,1,1.0,3290.5,90.0,3380.5,0.9734,1.0,0.0,0,12,0,0,0,0,0,0,2022-07-05,0.45,data_club,1,0,1,0,Burnley,2022-07-02,220.0,,ac,0,0,0,2025-08-18,2026-05-24,,0,0.0,0
13,Everton,37528754,Jake O'Brien,yes,25.0,38,37,1,1.0,3187.9,90.0,3277.9,0.9725,0.9297,18.0,1,11,0,0,0,1,0,0,2024-08-02,0.5,tier1,1,0,1,0,Olympique Lyonnais,2024-07-30,219.0,,ac,0,0,0,2025-08-18,2026-05-24,,0,0.0,0
13,Everton,37680389,Harrison Armstrong,yes,26.0,22,20,2,0.4592,457.3,82.7,539.9,0.8469,0.2077,0.0,0,12,0,0,0,0,0,0,,0.0,none,1,0,0,1,,,,Everton U18,ac,16,0,0,2025-08-18,2026-05-24,,0,0.0,0
13,Everton,21773178,Beto,yes,27.0,38,37,1,0.4762,1651.5,42.9,1694.4,0.9747,0.6276,0.0,0,12,0,0,0,0,0,0,2023-09-01,0.5,tier1,1,0,1,0,Udinese,2023-08-29,219.0,,bc,0,0,0,2025-08-18,2026-05-24,,0,0.0,0
13,Everton,37592037,Tyrique George,yes,27.0,14,13,1,0.2891,358.7,26.0,384.7,0.9324,0.2098,0.0,0,12,0,0,0,0,0,0,2026-02-05,0.45,data_club,1,0,1,0,Chelsea,2026-02-02,218.0,,c,0,0,0,2026-02-07,2026-05-24,,0,0.0,0
13,Everton,764,Séamus Coleman,yes,25.0,38,24,14,0.0085,57.1,10.7,67.8,0.8421,0.0189,0.0,0,12,0,0,0,0,0,0,2009-01-04,0.35,tier2,1,0,1,0,Sligo Rovers,2009-01-01,219.0,,bc,0,0,0,2025-08-18,2026-05-24,,0,0.0,0
13,Everton,37587573,Youssef Chermiti,yes,27.0,3,2,1,0.0526,9.5,4.7,14.2,0.6667,0.0526,0.0,0,12,0,0,0,0,0,0,2023-08-14,0.5,tier1,1,0,1,0,Sporting CP,2023-08-11,219.0,,bc,35,0,0,2025-08-18,2025-08-30,,0,0.0,0
13,Everton,1826,Jordan Pickford,yes,24.0,38,38,0,1.0,3420.0,0.0,3420.0,1.0,1.0,0.0,0,12,0,0,0,0,0,0,2017-07-04,0.0,none,1,1,1,0,Sunderland,2017-07-01,219.0,,ac,0,0,0,2025-08-18,2026-05-24,,0,0.0,0
13,Everton,6038,Tom King,yes,24.0,38,13,25,0.0,0.0,0.0,0.0,,0.0,0.0,0,12,0,0,0,0,0,0,2025-08-18,0.0,none,1,1,1,0,Wolverhampton Wanderers,2025-08-15,219.0,,ac,0,0,0,2025-08-18,2026-05-24,,0,0.0,0
13,Everton,4536524,James Garner,yes,26.0,38,38,0,1.0,3375.0,0.0,3375.0,1.0,1.0,0.0,0,12,0,0,0,0,0,0,2022-09-04,0.45,data_club,1,0,1,0,Manchester United,2022-09-01,219.0,,ac,0,0,0,2025-08-18,2026-05-24,,0,0.0,0
13,Everton,22169319,Mark Travers,yes,24.0,38,37,1,0.0,0.0,0.0,0.0,,0.0,0.0,0,12,0,0,0,0,0,0,2025-07-18,0.0,none,1,1,1,0,AFC Bournemouth,2025-07-15,219.0,,ac,0,0,0,2025-08-18,2026-05-24,,0,0.0,0
13,Everton,28575660,Harry Tyrer,yes,24.0,21,1,20,0.0,0.0,0.0,0.0,,0.0,0.0,0,1,0,0,0,0,11,11,,0.0,none,1,1,0,1,,,,Everton U21,bc,17,0,0,2025-08-18,2026-01-07,,0,0.0,0
13,Everton,32796058,Tyler Onyango,yes,26.0,3,3,0,0.0,0.0,0.0,0.0,,0.0,0.0,0,3,0,0,0,0,9,9,,0.0,none,1,0,0,1,,,,Everton U21,bc,35,0,0,2025-08-18,2025-08-30,,0,0.0,0
13,Everton,37259199,Reece Welch,yes,25.0,38,8,30,0.0,0.0,0.0,0.0,,0.0,0.0,0,9,0,0,0,0,3,3,,0.0,none,1,0,0,1,,,,,bc,0,0,0,2025-08-18,2026-05-24,,0,0.0,0
13,Everton,37436348,Elijah Campbell,yes,25.0,38,11,27,0.0,0.0,0.0,0.0,,0.0,0.0,0,11,0,0,0,0,1,1,,0.0,none,1,0,0,1,,,,,bc,0,0,0,2025-08-18,2026-05-24,,0,0.0,0
13,Everton,37561126,Tyler Dibling,yes,26.0,36,36,0,0.0049,675.6,0.0,675.6,1.0,0.0049,0.0,0,12,0,0,0,0,0,0,2025-08-28,0.45,data_club,1,0,1,0,Southampton,2025-08-25,219.0,,ac,0,0,0,2025-08-30,2026-05-24,,0,0.0,0
13,Everton,37590847,Thierno Barry,yes,27.0,38,38,0,0.4138,1958.4,0.0,1958.4,1.0,0.4138,0.0,0,12,0,0,0,0,0,0,2025-07-12,0.5,tier1,1,0,1,0,Villarreal,2025-07-09,219.0,,ac,0,0,0,2025-08-18,2026-05-24,,0,0.0,0
13,Everton,37624650,Callum Bates,yes,26.0,38,1,37,0.0,0.0,0.0,0.0,,0.0,0.0,0,3,0,0,0,0,9,9,,0.0,none,1,0,0,1,,,,,bc,0,0,0,2025-08-18,2026-05-24,,0,0.0,0
13,Everton,37689514,Braiden Graham,yes,27.0,20,1,19,0.0,0.0,0.0,0.0,,0.0,0.0,0,1,0,0,0,0,11,11,,0.0,none,1,0,0,1,,,,,bc,0,0,0,2025-12-30,2026-05-24,,0,0.0,0
11,Fulham,37402350,Rodrigo Muniz,yes,27.0,38,21,17,0.5097,873.6,779.9,1653.5,0.5283,0.5556,0.0,0,12,0,0,0,0,0,0,2021-08-23,0.25,tier3,1,0,1,0,Flamengo,2021-08-20,219.0,,ac,0,0,0,2025-08-16,2026-05-24,,0,0.0,0
11,Fulham,1881,Alex Iwobi,yes,26.0,38,29,9,0.9158,2282.0,741.8,3023.8,0.7547,0.9159,0.0,0,12,0,0,0,0,0,0,2023-09-04,0.45,data_club,1,0,1,0,Everton,2023-09-01,219.0,,ac,0,0,0,2025-08-16,2026-05-24,,0,0.0,0
11,Fulham,25400,Kenny Tete,yes,25.0,38,28,10,0.8144,2006.5,732.9,2739.4,0.7324,0.454,0.0,0,12,0,0,0,0,0,0,2020-09-13,0.5,tier1,1,0,1,0,Olympique Lyonnais,2020-09-10,219.0,,ac,0,0,0,2025-08-16,2026-05-24,,0,0.0,0
11,Fulham,6610,Ryan Sessegnon,yes,26.0,38,28,10,0.8077,1848.7,726.9,2575.6,0.7178,0.5637,0.0,0,12,0,0,0,0,0,0,2024-07-29,0.45,data_club,1,0,1,0,Tottenham Hotspur,2024-07-26,220.0,Fulham U18,ac,0,0,0,2025-08-16,2026-05-24,,0,0.0,0
11,Fulham,581067,Antonee Robinson,yes,25.0,38,27,11,0.6854,1615.3,678.6,2293.9,0.7042,0.6416,0.0,0,12,0,0,0,0,0,0,2020-08-23,0.45,data_club,1,0,1,0,Wigan Athletic,2020-08-20,219.0,,ac,0,0,0,2025-08-16,2026-05-24,,0,0.0,0
11,Fulham,540027,Calvin Bassey,yes,25.0,38,32,6,0.9302,2420.2,502.3,2922.4,0.8281,1.0,0.0,0,12,0,0,0,0,0,0,2023-07-31,0.5,tier1,1,0,1,0,Ajax,2023-07-28,219.0,,ac,0,0,0,2025-08-16,2026-05-24,,0,0.0,0
11,Fulham,130248,Sasa Lukic,yes,26.0,38,29,9,0.6095,1781.1,493.7,2274.8,0.783,0.6425,0.0,0,12,0,0,0,0,0,0,2023-02-03,0.5,tier1,1,0,1,0,Torino,2023-01-31,219.0,,bc,0,0,0,2025-08-16,2026-05-24,,0,0.0,0
11,Fulham,96799,Issa Diop,yes,25.0,38,25,13,0.3899,822.7,456.2,1278.9,0.6433,0.3657,0.0,0,12,0,0,0,0,0,0,2022-08-13,0.45,data_club,1,0,1,0,West Ham United,2022-08-10,219.0,,bc,0,0,0,2025-08-16,2026-05-24,,0,0.0,0
11,Fulham,15434627,Samuel Chukwueze,yes,27.0,35,24,11,0.4136,978.1,409.5,1387.6,0.7049,0.5308,0.0,0,12,0,0,0,0,0,0,2025-09-04,0.5,tier1,1,0,1,0,AC Milan,2025-09-01,218.0,,bc,3,0,0,2025-09-13,2026-05-24,,0,0.0,0
11,Fulham,784373,Jorge Cuenca,yes,25.0,38,31,7,0.5977,951.1,376.5,1327.7,0.7164,0.3881,0.0,0,12,0,0,0,0,0,0,2024-08-06,0.5,tier1,1,0,1,0,Villarreal,2024-08-03,219.0,,ac,0,0,0,2025-08-16,2026-05-24,,0,0.0,0
11,Fulham,25284,Joachim Andersen,yes,25.0,38,34,4,0.942,2953.5,339.1,3292.6,0.897,0.9091,30.5,1,11,0,0,0,1,0,0,2024-08-26,0.45,data_club,1,0,1,0,Olympique Lyonnais,2020-10-05,218.0,,ac,0,0,0,2025-08-16,2026-05-24,,0,0.0,0
11,Fulham,37430894,Kevin,yes,27.0,35,27,8,0.4492,1012.0,323.5,1335.4,0.7578,0.4427,0.0,0,12,0,0,0,0,0,0,2025-09-04,0.35,tier2,1,0,1,0,Shakhtar Donetsk,2025-09-01,219.0,,ac,0,0,0,2025-09-13,2026-05-24,,0,0.0,0
11,Fulham,5403,Harry Wilson,yes,26.0,38,36,2,0.7957,2607.7,143.2,2750.9,0.9479,0.7541,0.0,0,12,0,0,0,0,0,0,2021-07-27,0.45,data_club,1,0,1,0,Liverpool,2021-07-24,219.0,,bc,0,0,0,2025-08-16,2026-05-24,,0,0.0,0
11,Fulham,37656924,Josh King,yes,26.0,38,35,3,0.4433,1175.9,119.7,1295.6,0.9076,0.3702,0.0,0,12,0,0,0,0,0,0,,0.0,none,1,0,0,1,,,,Fulham U18,ac,0,0,0,2025-08-16,2026-05-24,,0,0.0,0
11,Fulham,160217,Raúl Jiménez,yes,27.0,38,36,2,0.6166,2412.0,111.0,2523.0,0.956,0.4988,0.0,0,12,0,0,0,0,0,0,2023-07-28,0.45,data_club,1,0,1,0,Wolverhampton Wanderers,2023-07-25,219.0,,bc,0,0,0,2025-08-16,2026-05-24,,0,0.0,0
11,Fulham,37714583,Jonah Kusi-Asare,yes,27.0,32,18,14,0.0708,171.6,89.2,260.8,0.6579,0.0483,0.0,0,12,0,0,0,0,0,0,2025-09-04,0.5,tier1,1,0,1,0,FC Bayern München,2025-09-01,218.0,,c,0,0,0,2025-10-03,2026-05-24,,0,0.0,0
11,Fulham,64193,Sander Berge,yes,26.0,38,37,1,0.8796,2875.6,79.2,2954.7,0.9732,0.7533,0.0,0,12,0,0,0,0,0,0,2024-08-25,0.45,data_club,1,0,1,0,Burnley,2024-08-22,219.0,,ac,0,0,0,2025-08-16,2026-05-24,,0,0.0,0
11,Fulham,1494446,Emile Smith Rowe,yes,26.0,38,37,1,0.7769,1795.5,69.9,1865.4,0.9625,0.6431,0.0,0,12,0,0,0,0,0,0,2024-08-05,0.45,data_club,1,0,1,0,Arsenal,2024-08-02,219.0,,ac,0,0,0,2025-08-16,2026-05-24,,0,0.0,0
11,Fulham,1004,Andreas Pereira,yes,26.0,2,1,1,0.6326,60.0,56.9,116.9,0.513,0.6326,0.0,0,12,0,0,0,0,0,0,2022-07-14,0.45,data_club,1,0,1,0,Manchester United,2022-07-11,219.0,,bc,36,0,0,2025-08-16,2025-08-24,,0,0.0,0
11,Fulham,2285,Tom Cairney,yes,26.0,38,36,2,0.2582,798.5,46.5,844.9,0.945,0.2921,0.0,0,12,0,0,0,0,0,0,2015-07-04,0.45,data_club,1,0,1,0,Blackburn Rovers,2015-07-01,219.0,,ac,0,0,0,2025-08-16,2026-05-24,,0,0.0,0
11,Fulham,1409,Harrison Reed,yes,26.0,38,29,9,0.033,79.6,26.7,106.4,0.7486,0.0732,0.0,0,12,0,0,0,0,0,0,2020-09-02,0.45,data_club,1,0,1,0,Southampton,2019-08-08,218.0,,ac,0,0,0,2025-08-16,2026-05-24,,0,0.0,0
11,Fulham,4241,Adama Traoré,yes,27.0,23,21,2,0.1457,576.8,26.2,603.0,0.9565,0.2416,0.0,0,12,12,0,0,0,0,0,2023-08-15,0.45,data_club,1,0,1,0,Wolverhampton Wanderers,2023-08-12,220.0,,bc,15,0,0,2025-08-16,2026-01-24,,0,0.0,0
11,Fulham,31342,Bernd Leno,yes,24.0,38,38,0,1.0,3420.0,0.0,3420.0,1.0,1.0,0.0,0,12,0,0,0,0,0,0,2022-08-05,0.0,none,1,1,1,0,Arsenal,2022-08-02,219.0,,ac,0,0,0,2025-08-16,2026-05-24,,0,0.0,0
11,Fulham,62337,Timothy Castagne,yes,25.0,38,38,0,0.6769,1734.2,0.0,1734.2,1.0,0.6769,0.0,0,12,0,0,0,0,0,0,2023-09-01,0.45,data_club,1,0,1,0,Leicester City,2023-08-29,219.0,,ac,0,0,0,2025-08-16,2026-05-24,,0,0.0,0
11,Fulham,95093,Benjamin Lecomte,yes,24.0,38,38,0,0.0,0.0,0.0,0.0,,0.0,0.0,0,12,0,0,0,0,0,0,2025-07-29,0.0,none,1,1,1,0,Montpellier,2025-07-26,219.0,,ac,0,0,0,2025-08-16,2026-05-24,,0,0.0,0
11,Fulham,37286732,Oscar Bobb,yes,26.0,14,14,0,0.5078,599.4,0.0,599.4,1.0,0.5078,0.0,0,12,0,0,0,0,0,0,2026-02-02,0.45,data_club,1,0,1,0,Manchester City,2026-01-30,219.0,,ac,1,0,0,2026-02-07,2026-05-24,,0,0.0,0
11,Fulham,37442684,Alfie McNally,yes,24.0,19,1,18,0.0,0.0,0.0,0.0,,0.0,0.0,0,1,0,0,0,0,11,11,,0.0,none,1,1,0,1,,,,,bc,0,0,0,2026-01-04,2026-05-24,,0,0.0,0
11,Fulham,37537755,Luke Harris,yes,26.0,1,0,1,0.0,0.0,0.0,0.0,,0.0,0.0,0,0,0,12,0,0,0,0,,0.0,none,1,0,0,1,,,,Fulham U21,b,37,0,0,2026-01-17,2026-01-17,,0,0.0,0
11,Fulham,37654108,Sam Amissah,yes,25.0,38,5,33,0.0,0.0,0.0,0.0,,0.0,0.0,0,6,0,0,0,0,6,6,,0.0,none,1,0,0,1,,,,,bc,0,0,0,2025-08-16,2026-05-24,,0,0.0,0
11,Fulham,37711705,Seth Ridgeon,yes,26.0,22,5,17,0.0,0.0,0.0,0.0,,0.0,0.0,0,5,0,0,0,0,7,7,,0.0,none,1,0,0,1,,,,,bc,0,0,0,2025-12-22,2026-05-24,,0,0.0,0
71,Leeds United,2178735,Anton Stach,yes,26.0,38,30,8,0.8876,2100.7,639.1,2739.7,0.7667,0.9089,0.0,0,12,0,0,0,0,0,0,2025-07-25,0.5,tier1,1,0,1,0,TSG Hoffenheim,2025-07-22,219.0,,ac,0,0,0,2025-08-18,2026-05-24,,0,0.0,0
71,Leeds United,173737,Sean Longstaff,yes,26.0,38,29,9,0.7305,1111.8,591.7,1703.5,0.6527,0.099,0.0,0,12,0,0,0,0,0,0,2025-07-21,0.45,data_club,1,0,1,0,Newcastle United,2025-07-18,219.0,,ac,0,0,0,2025-08-18,2026-05-24,,0,0.0,0
71,Leeds United,5149,Daniel James,yes,26.0,38,23,15,0.3751,914.2,506.4,1420.6,0.6435,0.2079,0.0,0,12,0,0,0,0,0,0,2021-09-03,0.45,data_club,1,0,1,0,Manchester United,2021-08-31,219.0,,ac,0,0,0,2025-08-18,2026-05-24,,0,0.0,0
71,Leeds United,193196,Gabriel Gudmundsson,yes,25.0,38,32,6,0.9319,2391.3,503.2,2894.5,0.8262,0.9329,34.8,1,11,0,0,0,1,0,0,2025-07-11,0.5,tier1,1,0,1,0,LOSC Lille,2025-07-08,219.0,,ac,0,0,0,2025-08-18,2026-05-24,,0,0.0,0
71,Leeds United,4536529,Noah Okafor,yes,27.0,37,29,8,0.5693,1492.7,409.9,1902.6,0.7846,0.5555,0.0,0,12,0,0,0,0,0,0,2025-08-24,0.5,tier1,1,0,1,0,AC Milan,2025-08-21,219.0,,ac,1,1,0,2025-08-23,2026-05-24,,0,0.0,0
71,Leeds United,37316986,Wilfried Gnonto,yes,27.0,38,31,7,0.6123,834.5,385.7,1220.3,0.6839,0.2027,0.0,0,12,0,0,0,0,0,0,2022-09-04,0.35,tier2,1,0,1,0,Zürich,2022-09-01,219.0,,bc,0,0,0,2025-08-18,2026-05-24,,0,0.0,0
71,Leeds United,581158,Jayden Bogle,yes,25.0,38,34,4,0.8825,2816.6,317.7,3134.4,0.8986,0.8649,0.0,0,12,0,0,0,0,0,0,2024-07-23,0.45,data_club,1,0,1,0,Sheffield United,2024-07-20,219.0,,ac,0,0,0,2025-08-18,2026-05-24,,0,0.0,0
71,Leeds United,3861741,Ilia Gruev,yes,26.0,38,33,5,0.619,1471.2,278.5,1749.7,0.8408,0.619,0.0,0,12,0,0,0,0,0,0,2023-09-03,0.5,tier1,1,0,1,0,Werder Bremen,2023-08-31,219.0,,ac,0,0,0,2025-08-18,2026-05-24,,0,0.0,0
71,Leeds United,1548632,Jaka Bijol,yes,25.0,38,34,4,0.7398,1635.0,266.3,1901.3,0.8599,0.7679,0.0,0,12,0,0,0,0,0,0,2025-07-04,0.5,tier1,1,0,1,0,Udinese,2025-07-01,219.0,,ac,0,0,0,2025-08-18,2026-05-24,,0,0.0,0
71,Leeds United,12542,Ethan Ampadu,yes,26.0,38,35,3,0.9532,3082.2,257.4,3339.6,0.9229,1.0,0.0,0,12,0,0,0,0,0,0,2023-07-22,0.45,data_club,1,0,1,0,Chelsea,2023-07-19,219.0,,ac,0,0,0,2025-08-18,2026-05-24,,0,0.0,0
71,Leeds United,339112,Joe Rodon,yes,25.0,38,35,3,0.9397,3029.2,253.7,3282.9,0.9227,0.8723,0.0,0,12,0,0,0,0,0,0,2024-07-05,0.45,data_club,1,0,1,0,Tottenham Hotspur,2023-08-10,218.0,,ac,0,0,0,2025-08-18,2026-05-24,,0,0.0,0
71,Leeds United,1928,Sam Byram,yes,25.0,38,18,20,0.111,143.4,199.7,343.2,0.418,0.0067,0.0,0,12,0,0,0,0,0,0,2023-08-08,0.45,data_club,1,0,1,0,Norwich City,2023-08-05,220.0,Leeds United U18,bc,0,0,0,2025-08-18,2026-05-24,,0,0.0,0
71,Leeds United,29478,Pascal Struijk,yes,25.0,38,36,2,0.9749,2870.7,175.5,3046.2,0.9424,0.9498,0.0,0,12,0,0,0,0,0,0,,0.0,none,1,0,0,1,,,,Leeds United U21,bc,0,0,0,2025-08-18,2026-05-24,,0,0.0,0
71,Leeds United,5141,Dominic Calvert-Lewin,yes,27.0,38,35,3,0.6244,2356.2,168.6,2524.8,0.9332,0.9717,0.0,0,12,0,0,0,0,0,0,2025-08-18,0.45,data_club,1,0,1,0,Everton,2025-08-15,220.0,,ac,0,0,0,2025-08-18,2026-05-24,,0,0.0,0
71,Leeds United,37568149,Facundo Buonanotte,yes,26.0,17,8,9,0.2073,183.2,167.9,351.1,0.5219,0.1083,0.0,0,12,4,0,0,0,0,0,2026-01-18,0.45,data_club,1,0,1,0,Brighton & Hove Albion,2026-01-15,218.0,,bc,22,1,0,2026-01-17,2026-05-24,,0,0.0,0
71,Leeds United,432881,Illan Meslier,yes,24.0,38,5,33,0.0505,112.5,150.0,262.5,0.4286,0.0,0.0,0,12,0,0,0,0,0,0,2020-07-30,0.0,none,1,1,1,0,Lorient,2019-08-08,218.0,,bc,0,0,0,2025-08-18,2026-05-24,,0,0.0,0
71,Leeds United,537217,Lukas Nmecha,yes,27.0,38,34,4,0.413,1161.1,148.7,1309.7,0.8865,0.3848,0.0,0,12,0,0,0,0,0,0,2025-07-04,0.5,tier1,1,0,1,0,VfL Wolfsburg,2025-07-01,220.0,,ac,0,0,0,2025-08-18,2026-05-24,,0,0.0,0
71,Leeds United,4536574,Sebastiaan Bornauw,yes,25.0,38,30,8,0.1771,480.1,127.5,607.6,0.7902,0.1166,0.0,0,12,0,0,0,0,0,0,2025-07-04,0.5,tier1,1,0,1,0,VfL Wolfsburg,2025-07-01,219.0,,bc,0,0,0,2025-08-18,2026-05-24,,0,0.0,0
71,Leeds United,460159,Lucas Perri,yes,24.0,38,34,4,0.25,1440.0,90.0,1530.0,0.9412,0.0,0.0,0,12,0,0,0,0,0,0,2025-07-29,0.0,none,1,1,1,0,Olympique Lyonnais,2025-07-26,219.0,,bc,0,0,0,2025-08-18,2026-05-24,,0,0.0,0
71,Leeds United,461027,Ao Tanaka,yes,26.0,38,37,1,0.8936,1447.9,80.4,1528.3,0.9474,0.5036,0.0,0,12,0,0,0,0,0,0,2024-09-02,0.5,tier1,1,0,1,0,Fortuna Düsseldorf,2024-08-30,219.0,,ac,0,0,0,2025-08-18,2026-05-24,,0,0.0,0
71,Leeds United,29382,Joël Piroe,yes,27.0,38,37,1,0.7848,785.3,70.6,855.9,0.9175,0.0625,0.0,0,12,0,0,0,0,0,0,2023-08-27,0.45,data_club,1,0,1,0,Swansea City,2023-08-24,219.0,,bc,0,0,0,2025-08-18,2026-05-24,,0,0.0,0
71,Leeds United,37614463,Sam Chambers,yes,26.0,38,1,37,0.0174,1.6,57.8,59.4,0.0263,0.0174,0.0,0,8,0,0,0,0,4,4,,0.0,none,1,0,0,1,,,,Leeds United U21,bc,0,0,0,2025-08-18,2026-05-24,,0,0.0,0
71,Leeds United,1397,Karl Darlow,yes,24.0,38,37,1,0.4167,1867.5,37.5,1905.0,0.9803,1.0,0.0,0,12,0,0,0,0,0,0,2023-08-01,0.0,none,1,1,1,0,Newcastle United,2023-07-29,219.0,,bc,0,0,0,2025-08-18,2026-05-24,,0,0.0,0
71,Leeds United,262274,Jack Harrison,yes,26.0,22,20,2,0.2057,674.8,37.0,711.8,0.948,0.0673,0.0,0,12,0,0,0,0,0,0,2021-07-05,0.45,data_club,1,0,1,0,Manchester City,2018-07-30,218.0,,bc,16,0,0,2025-08-18,2026-01-17,,0,0.0,0
71,Leeds United,37723121,Harry Gray,yes,27.0,38,1,37,0.006,0.5,20.0,20.6,0.0263,0.006,0.0,0,4,0,0,0,0,8,8,,0.0,none,1,0,0,1,,,,,bc,0,0,0,2025-08-18,2026-05-24,,0,0.0,0
71,Leeds United,37604648,Charlie Crew,yes,26.0,19,0,19,0.0069,0.0,11.9,11.9,0.0,0.0069,0.0,0,12,0,0,0,0,0,0,,0.0,none,1,0,0,1,,,,Leeds United U21,b,19,0,0,2026-01-04,2026-05-24,,0,0.0,0
71,Leeds United,13981024,Largie Ramazani,yes,27.0,2,1,1,0.1048,9.4,9.4,18.9,0.5,0.1048,0.0,0,12,0,0,0,0,0,0,2024-08-25,0.5,tier1,1,0,1,0,Almería,2024-08-22,219.0,,bc,36,0,0,2025-08-18,2025-08-23,,0,0.0,0
71,Leeds United,5569,Alex Cairns,yes,24.0,38,0,38,0.0,0.0,0.0,0.0,,0.0,0.0,0,2,0,0,0,0,10,0,2024-07-11,0.0,none,1,1,1,0,Salford City,2024-07-08,219.0,Leeds United U18,a,0,0,0,2025-08-18,2026-05-24,,0,0.0,0
71,Leeds United,12514,James Justin,yes,25.0,36,36,0,0.9703,1761.9,0.0,1761.9,1.0,0.9703,0.0,0,12,0,0,0,0,0,0,2025-08-28,0.45,data_club,1,0,1,0,Leicester City,2025-08-25,219.0,,ac,0,0,0,2025-08-30,2026-05-24,,0,0.0,0
71,Leeds United,4552689,Brenden Aaronson,yes,26.0,38,38,0,0.6971,2455.8,0.0,2455.8,1.0,0.6971,0.0,0,12,0,0,0,0,0,0,2022-07-04,0.35,tier2,1,0,1,0,Salzburg,2022-07-01,219.0,,ac,0,0,0,2025-08-18,2026-05-24,,0,0.0,0
71,Leeds United,37568967,Mateo Joseph,yes,27.0,0,0,0,0.1087,0.0,0.0,0.0,,0.1087,0.0,0,12,0,0,0,0,0,0,,0.0,none,1,0,0,1,,,,Leeds United U21,a,38,0,0,,,,0,0.0,0
71,Leeds United,37630805,Rhys Chadwick,yes,26.0,3,3,0,0.0,0.0,0.0,0.0,,0.0,0.0,0,3,0,0,0,0,9,9,,0.0,none,1,0,0,1,,,,,bc,0,0,0,2026-05-11,2026-05-24,,0,0.0,0
71,Leeds United,37657052,Alfie Cresswell,yes,26.0,2,2,0,0.0,0.0,0.0,0.0,,0.0,0.0,0,2,0,0,0,0,10,10,,0.0,none,1,0,0,1,,,,,bc,0,0,0,2026-05-17,2026-05-24,,0,0.0,0
71,Leeds United,37769337,Jayden Lienou,yes,25.0,3,2,1,0.0,0.0,0.0,0.0,,0.0,0.0,0,2,0,0,0,0,10,10,,0.0,none,1,0,0,1,,,,,bc,0,0,0,2026-05-11,2026-05-24,,0,0.0,0
8,Liverpool,37316835,Conor Bradley,yes,25.0,38,16,22,0.6785,797.2,1343.4,2140.6,0.3724,0.7105,0.0,0,12,0,0,0,0,0,0,,0.0,none,1,0,0,1,,,,Liverpool U21,ac,0,0,0,2025-08-15,2026-05-24,,0,0.0,0
8,Liverpool,129820,Alisson Becker,yes,24.0,38,26,12,1.0,2340.0,1080.0,3420.0,0.6842,1.0,0.0,0,12,0,0,0,0,0,0,2018-07-22,0.0,none,1,1,1,0,Roma,2018-07-19,219.0,,ac,0,0,0,2025-08-15,2026-05-24,,0,0.0,0
8,Liverpool,34053,Alexander Isak,yes,27.0,35,16,19,0.5632,916.9,963.1,1880.0,0.4877,0.4109,0.0,0,12,0,0,0,0,0,0,2025-09-04,0.45,data_club,1,0,1,0,Newcastle United,2025-09-01,219.0,,ac,0,0,0,2025-09-14,2026-05-24,,0,0.0,0
8,Liverpool,4125,Mohamed Salah,yes,27.0,38,29,9,0.7767,2290.9,629.1,2920.1,0.7846,0.7996,0.0,0,12,0,0,0,0,0,0,2017-07-04,0.5,tier1,1,0,1,0,Roma,2017-07-01,219.0,,bc,0,0,0,2025-08-15,2026-05-24,,0,0.0,0
8,Liverpool,37288979,Hugo Ekitiké,yes,27.0,38,29,9,0.6851,1707.1,555.0,2262.1,0.7547,0.6956,0.0,0,12,0,0,0,0,0,0,2025-07-26,0.5,tier1,1,0,1,0,Eintracht Frankfurt,2025-07-23,219.0,,ac,0,0,0,2025-08-15,2026-05-24,,0,0.0,0
8,Liverpool,8403182,Jeremie Frimpong,yes,25.0,38,23,15,0.3054,891.2,412.3,1303.4,0.6837,0.6064,0.0,0,12,0,0,0,0,0,0,2025-07-04,0.5,tier1,1,0,1,0,Bayer 04 Leverkusen,2025-07-01,219.0,,ac,0,0,0,2025-08-15,2026-05-24,,0,0.0,0
8,Liverpool,37429246,Florian Wirtz,yes,26.0,38,33,5,0.8623,2197.4,388.0,2585.5,0.8499,0.8119,0.0,0,12,0,0,0,0,0,0,2025-07-04,0.5,tier1,1,0,1,0,Bayer 04 Leverkusen,2025-07-01,219.0,,ac,0,0,0,2025-08-15,2026-05-24,,0,0.0,0
8,Liverpool,37685025,Giovanni Leoni,yes,25.0,37,1,36,0.0764,45.0,247.5,292.5,0.1538,0.0,0.0,0,1,0,0,0,0,11,0,2025-08-18,0.5,tier1,1,0,1,0,Parma,2025-08-15,219.0,,ac,1,0,0,2025-08-25,2026-05-24,,0,0.0,0
8,Liverpool,785998,Dominik Szoboszlai,yes,26.0,38,36,2,0.9871,3026.7,177.7,3204.3,0.9446,1.0,0.0,1,12,0,0,0,0,0,0,2023-07-05,0.5,tier1,1,0,1,0,RB Leipzig,2023-07-02,219.0,,ac,0,0,0,2025-08-15,2026-05-24,,0,0.0,0
8,Liverpool,5270462,Ryan Gravenberch,yes,26.0,38,36,2,0.9548,3075.5,171.9,3247.3,0.9471,0.7977,0.0,0,12,0,0,0,0,0,0,2023-09-04,0.5,tier1,1,0,1,0,FC Bayern München,2023-09-01,219.0,,ac,0,0,0,2025-08-15,2026-05-24,,0,0.0,0
8,Liverpool,309344,Wataru Endo,yes,26.0,38,20,18,0.1002,196.8,162.3,359.1,0.548,0.1334,0.0,0,12,0,0,0,0,0,0,2023-08-21,0.5,tier1,1,0,1,0,VfB Stuttgart,2023-08-18,219.0,,ac,0,0,0,2025-08-15,2026-05-24,,0,0.0,0
8,Liverpool,30062,Cody Gakpo,yes,27.0,38,36,2,0.7886,2544.7,141.9,2686.7,0.9472,0.8967,0.0,0,12,0,0,0,0,0,0,2023-01-04,0.5,tier1,1,0,1,0,PSV,2023-01-01,219.0,,ac,0,0,0,2025-08-15,2026-05-24,,0,0.0,0
8,Liverpool,1453,Joe Gomez,yes,25.0,38,32,6,0.2283,754.9,123.3,878.2,0.8596,0.3177,0.0,0,12,0,0,0,0,0,0,2015-07-04,0.45,data_club,1,0,1,0,Charlton Athletic,2015-07-01,219.0,,ac,0,0,0,2025-08-15,2026-05-24,,0,0.0,0
8,Liverpool,84627,Kostas Tsimikas,yes,25.0,3,0,3,0.434,0.0,117.2,117.2,0.0,0.434,0.0,0,12,0,0,0,0,0,0,2020-08-13,0.35,tier2,1,0,1,0,Olympiacos F.C.,2020-08-10,219.0,,a,35,0,0,2025-08-15,2025-08-31,,0,0.0,0
8,Liverpool,4545513,Curtis Jones,yes,26.0,38,36,2,0.5993,1815.2,107.9,1923.1,0.9439,0.7533,0.0,0,12,0,0,0,0,0,0,,0.0,none,1,0,0,1,,,,Liverpool U21,bc,0,0,0,2025-08-15,2026-05-24,,0,0.0,0
8,Liverpool,100556,Ibrahima Konaté,yes,25.0,38,37,1,0.9667,3018.0,87.0,3105.0,0.972,0.8534,0.0,0,12,0,0,0,0,0,0,2021-07-04,0.5,tier1,1,0,1,0,RB Leipzig,2021-07-01,219.0,,bc,0,0,0,2025-08-15,2026-05-24,,0,0.0,0
8,Liverpool,216612,Alexis Mac Allister,yes,26.0,38,37,1,0.7913,2583.2,71.2,2654.4,0.9732,0.8655,0.0,0,12,0,0,0,0,0,0,2023-07-04,0.45,data_club,1,0,1,0,Brighton & Hove Albion,2023-07-01,219.0,,ac,0,0,0,2025-08-15,2026-05-24,,0,0.0,0
8,Liverpool,14685650,Giorgi Mamardashvili,yes,24.0,38,36,2,0.2152,553.1,38.7,591.8,0.9345,0.3819,0.0,0,12,0,0,0,0,0,0,2024-08-30,0.0,none,1,1,1,0,Valencia,2024-08-27,219.0,,ac,0,0,0,2025-08-15,2026-05-24,,0,0.0,0
8,Liverpool,129836,Federico Chiesa,yes,27.0,38,36,2,0.1453,456.1,26.1,482.2,0.9458,0.1001,0.0,0,12,0,0,0,0,0,0,2024-09-01,0.5,tier1,1,0,1,0,Juventus,2024-08-29,219.0,,ac,0,0,0,2025-08-15,2026-05-24,,0,0.0,0
8,Liverpool,4357,Freddie Woodman,yes,24.0,38,19,19,0.0106,50.0,18.1,68.2,0.734,0.2015,0.0,0,12,0,0,0,0,0,0,2025-07-04,0.0,none,1,1,1,0,Preston North End,2025-07-01,220.0,,ac,0,0,0,2025-08-15,2026-05-24,,0,0.0,0
8,Liverpool,37721333,Rio Ngumoha,yes,27.0,38,37,1,0.0209,285.1,1.9,287.0,0.9934,0.4475,0.0,0,12,0,0,0,0,0,0,2024-09-07,0.0,unknown+override,1,0,1,0,Chelsea Youth,2024-09-04,219.0,Liverpool U18,ac,0,0,0,2025-08-15,2026-05-24,,0,0.0,0
8,Liverpool,1078,Andy Robertson,yes,25.0,38,38,0,0.4878,1182.9,0.0,1182.9,1.0,0.4878,0.0,0,12,0,0,0,0,0,0,2017-07-24,0.45,data_club,1,0,1,0,Hull City,2017-07-21,219.0,,bc,0,0,0,2025-08-15,2026-05-24,,0,0.0,0
8,Liverpool,1743,Virgil van Dijk,yes,25.0,38,38,0,1.0,3337.5,0.0,3337.5,1.0,1.0,0.0,0,12,0,0,0,0,0,0,2018-01-04,0.45,data_club,1,0,1,0,Southampton,2018-01-01,219.0,,ac,0,0,0,2025-08-15,2026-05-24,,0,0.0,0
8,Liverpool,4545525,Rhys Williams,yes,25.0,38,0,38,0.0,0.0,0.0,0.0,,0.0,0.0,0,0,0,0,0,0,12,0,2023-06-03,0.45,data_club,1,0,1,0,Blackpool,2023-05-31,218.0,Liverpool U21,b,0,0,0,2025-08-15,2026-05-24,,0,0.0,0
8,Liverpool,9606060,Vítezslav Jaros,yes,24.0,0,0,0,0.0145,0.0,0.0,0.0,,0.0145,0.0,0,12,0,0,0,0,0,0,,0.0,none,1,1,0,1,,,,Liverpool U21,a,38,0,0,,,,0,0.0,0
8,Liverpool,23269836,Harvey Elliott,yes,26.0,3,3,0,0.093,75.6,0.0,75.6,1.0,0.093,0.0,0,12,8,0,0,0,0,0,2019-07-31,0.0,unknown+override,1,0,1,0,Fulham U18,2019-07-28,219.0,Liverpool U21,bc,35,0,0,2025-08-15,2025-08-31,,0,0.0,0
8,Liverpool,37260590,Calvin Ramsay,yes,25.0,38,17,21,0.0,0.0,0.0,0.0,,0.0,0.0,0,12,0,0,0,0,0,0,2022-07-04,0.35,tier2,1,0,1,0,Aberdeen,2022-07-01,219.0,,bc,0,0,0,2025-08-15,2026-05-24,,0,0.0,0
8,Liverpool,37316834,Harvey Davies,yes,24.0,0,0,0,0.0,0.0,0.0,0.0,,0.0,0.0,0,3,0,0,0,0,9,9,,0.0,none,1,1,0,1,,,,Liverpool U21,a,38,0,0,,,,0,0.0,0
8,Liverpool,37373580,Kaide Gordon,yes,27.0,38,0,38,0.0,0.0,0.0,0.0,,0.0,0.0,0,0,0,0,12,0,0,0,2021-02-09,0.0,unknown+override,1,0,1,0,Derby U18,2021-02-06,219.0,,b,0,0,0,2025-08-15,2026-05-24,,0,0.0,0
8,Liverpool,37381778,Milos Kerkez,yes,25.0,38,38,0,0.5122,2366.9,0.0,2366.9,1.0,0.5122,0.0,0,12,0,0,0,0,0,0,2025-07-04,0.45,data_club,1,0,1,0,AFC Bournemouth,2025-07-01,219.0,,ac,0,0,0,2025-08-15,2026-05-24,,0,0.0,0
8,Liverpool,37543607,James McConnell,yes,26.0,38,1,37,0.0,0.0,0.0,0.0,,0.0,0.0,0,5,0,0,0,0,7,7,,0.0,none,1,0,0,1,,,,,bc,0,0,0,2025-08-15,2026-05-24,,0,0.0,0
8,Liverpool,37565677,Stefan Bajcetic,yes,25.0,38,0,38,0.0,0.0,0.0,0.0,,0.0,0.0,0,0,0,0,0,0,12,12,,0.0,none,1,0,0,1,,,,Liverpool U18,b,0,0,0,2025-08-15,2026-05-24,,0,0.0,0
8,Liverpool,37573827,Jayden Danns,yes,27.0,0,0,0,0.0123,0.0,0.0,0.0,,0.0123,0.0,0,2,0,0,0,0,10,10,,0.0,none,1,0,0,1,,,,,b,38,0,0,,,,0,0.0,0
8,Liverpool,37581734,Wellity Lucky,yes,25.0,23,4,19,0.0,0.0,0.0,0.0,,0.0,0.0,0,4,0,0,0,0,8,8,,0.0,none,1,0,0,1,,,,,bc,0,0,0,2025-12-13,2026-05-24,,0,0.0,0
8,Liverpool,37600791,Ármin Pécsi,yes,24.0,38,4,34,0.0,0.0,0.0,0.0,,0.0,0.0,0,4,0,0,0,0,8,0,2025-07-04,0.0,none,1,1,1,0,Puskás AFC,2025-07-01,219.0,,bc,0,0,0,2025-08-15,2026-05-24,,0,0.0,0
8,Liverpool,37602125,Ben Gannon-Doak,yes,27.0,1,0,1,0.0,0.0,0.0,0.0,,0.0099,0.0,0,12,12,0,0,0,0,0,2022-07-04,0.0,unknown+override,1,0,1,0,Celtic Youth,2022-07-01,219.0,Liverpool U18,b,37,0,0,2025-08-15,2025-08-15,,0,0.0,0
8,Liverpool,37661364,Kieran Morrison,yes,26.0,30,7,23,0.0,0.0,0.0,0.0,,0.0,0.0,0,7,0,0,0,0,5,5,,0.0,none,1,0,0,1,,,,,bc,0,0,0,2025-10-25,2026-05-24,,0,0.0,0
8,Liverpool,37669492,Trey Nyoni,yes,26.0,38,29,9,0.0,19.7,0.0,19.7,1.0,0.0371,0.0,0,12,0,0,0,0,0,0,2023-09-05,0.0,unknown+override,1,0,1,0,Leicester U18,2023-09-02,219.0,Liverpool U21,ac,0,0,0,2025-08-15,2026-05-24,,0,0.0,0
8,Liverpool,37682555,Amara Nallo,yes,25.0,38,1,37,0.0,0.0,0.0,0.0,,0.0,0.0,0,2,0,0,0,0,10,10,,0.0,none,1,0,0,1,,,,,bc,0,0,0,2025-08-15,2026-05-24,,0,0.0,0
8,Liverpool,37789432,Will Wright,yes,27.0,5,4,1,0.0,0.0,0.0,0.0,,0.0,0.0,0,4,0,0,0,0,8,8,,0.0,none,1,0,0,1,,,,,bc,0,0,0,2026-04-25,2026-05-24,,0,0.0,0
8,Liverpool,38200514,Talla Ndiaye,yes,25.0,4,3,1,0.0,0.0,0.0,0.0,,0.0,0.0,0,3,0,0,0,0,9,9,,0.0,none,1,0,0,1,,,,,bc,0,0,0,2026-05-03,2026-05-24,,0,0.0,0
8,Liverpool,900861577,Tommy Pilling,yes,,0,0,0,0.0,0.0,0.0,0.0,,0.0,0.0,0,0,0,0,0,0,12,12,,0.0,none,0,0,0,1,,,,,,0,0,0,,,,0,0.0,0
8,Liverpool,900947407,Michael Laffey,yes,,0,0,0,0.0,0.0,0.0,0.0,,0.0,0.0,0,0,0,0,0,0,12,12,,0.0,none,0,0,0,1,,,,,,0,0,0,,,,0,0.0,0
9,Manchester City,24838191,Josko Gvardiol,yes,25.0,38,20,18,0.9068,1630.4,1468.9,3099.4,0.526,0.7073,0.0,0,12,0,0,0,0,0,0,2023-08-08,0.5,tier1,1,0,1,0,RB Leipzig,2023-08-05,219.0,,ac,0,0,0,2025-08-16,2026-05-24,,0,0.0,0
9,Manchester City,73147,Mateo Kovacic,yes,26.0,38,12,26,0.4843,404.6,1133.2,1537.8,0.2631,0.1378,0.0,0,12,0,0,0,0,0,0,2023-07-04,0.45,data_club,1,0,1,0,Chelsea,2023-07-01,219.0,,ac,0,0,0,2025-08-16,2026-05-24,,0,0.0,0
9,Manchester City,186910,Rodri,yes,26.0,38,22,16,0.5043,995.5,726.2,1721.7,0.5782,0.969,0.0,0,12,0,0,0,0,0,0,2019-07-07,0.5,tier1,1,0,1,0,Atlético de Madrid,2019-07-04,219.0,,bc,0,0,0,2025-08-16,2026-05-24,,0,0.0,0
9,Manchester City,162536,Rúben Dias,yes,25.0,38,30,8,0.9,2467.6,648.0,3115.6,0.792,0.5627,0.0,0,12,0,0,0,0,0,0,2020-10-02,0.5,tier1,1,0,1,0,Benfica,2020-09-29,219.0,,ac,0,0,0,2025-08-16,2026-05-24,,0,0.0,0
9,Manchester City,3354,Kalvin Phillips,yes,26.0,24,0,24,0.2679,0.0,578.7,578.7,0.0,0.2536,0.0,0,9,9,0,2,1,0,0,2022-07-07,0.45,data_club,1,0,1,0,Leeds United,2022-07-04,219.0,,b,14,0,0,2025-08-16,2026-02-01,,0,0.0,0
9,Manchester City,13590962,Rayan Aït-Nouri,yes,25.0,38,26,12,0.5252,1128.2,567.2,1695.5,0.6654,0.5582,0.0,0,12,0,0,0,0,0,0,2025-06-12,0.45,data_club,1,0,1,0,Wolverhampton Wanderers,2025-06-09,219.0,,ac,0,0,0,2025-08-16,2026-05-24,,0,0.0,0
9,Manchester City,34594,Stefan Ortega,yes,24.0,24,1,23,0.2677,24.1,554.2,578.3,0.0417,0.0,0.0,0,1,0,0,11,0,0,0,2022-07-04,0.0,none,1,1,1,0,DSC Arminia Bielefeld,2022-07-01,220.0,,bc,14,0,0,2025-08-16,2026-02-01,,0,0.0,0
9,Manchester City,23697990,Jérémy Doku,yes,27.0,38,31,7,0.7028,1673.0,442.8,2115.8,0.7907,0.5681,0.0,0,12,0,0,0,0,0,0,2023-08-27,0.5,tier1,1,0,1,0,Rennes,2023-08-24,219.0,,ac,0,0,0,2025-08-16,2026-05-24,,0,0.0,0
9,Manchester City,294000,Omar Marmoush,yes,27.0,38,28,10,0.4445,1057.5,400.0,1457.5,0.7255,0.2901,0.0,0,12,0,0,0,0,0,0,2025-01-26,0.5,tier1,1,0,1,0,Eintracht Frankfurt,2025-01-23,219.0,,bc,0,0,0,2025-08-16,2026-05-24,,0,0.0,0
9,Manchester City,37623459,Abdukodir Khusanov,yes,25.0,38,30,8,0.5252,1165.0,378.1,1543.2,0.755,0.7207,0.0,0,12,0,0,0,0,0,0,2025-01-23,0.5,tier1,1,0,1,0,Lens,2025-01-20,219.0,,ac,0,0,0,2025-08-16,2026-05-24,,0,0.0,0
9,Manchester City,37527169,Sávio,yes,27.0,38,27,11,0.373,812.8,369.3,1182.1,0.6876,0.3403,0.0,0,12,0,0,0,0,0,0,2024-07-21,0.5,tier1,1,0,1,0,Troyes,2024-07-18,219.0,,bc,0,0,0,2025-08-16,2026-05-24,,0,0.0,0
9,Manchester City,37286732,Oscar Bobb,yes,26.0,23,13,10,0.3811,346.2,343.0,689.2,0.5023,0.2293,0.0,0,12,12,0,0,0,0,0,,0.0,none,1,0,0,1,,,,Manchester City U21,bc,15,0,0,2025-08-16,2026-01-24,,0,0.0,0
9,Manchester City,982,John Stones,yes,25.0,38,24,14,0.2612,673.1,329.1,1002.2,0.6716,0.1049,0.0,0,12,0,0,0,0,0,0,2016-08-12,0.45,data_club,1,0,1,0,Everton,2016-08-09,219.0,,bc,0,0,0,2025-08-16,2026-05-24,,0,0.0,0
9,Manchester City,23269737,Nico González,yes,26.0,38,33,5,0.5558,1666.2,250.1,1916.3,0.8695,0.2009,0.0,0,12,0,0,0,0,0,0,2025-02-06,0.5,tier1,1,0,1,0,Porto,2025-02-03,219.0,,bc,0,0,0,2025-08-16,2026-05-24,,0,0.0,0
9,Manchester City,37562487,Nico O'Reilly,yes,26.0,38,35,3,0.9134,2354.4,246.6,2601.0,0.9052,0.9493,0.0,0,12,0,0,0,0,0,0,,0.0,none,1,0,0,1,,,,Manchester City U21,ac,0,0,0,2025-08-16,2026-05-24,,0,0.0,0
9,Manchester City,154421,Erling Haaland,yes,27.0,38,36,2,0.8757,2930.2,157.6,3087.8,0.949,0.8746,0.0,0,12,0,0,0,0,0,0,2022-07-04,0.5,tier1,1,0,1,0,Borussia Dortmund,2022-07-01,219.0,,ac,0,0,0,2025-08-16,2026-05-24,,0,0.0,0
9,Manchester City,21072805,Rayan Cherki,yes,26.0,38,34,4,0.4241,1599.8,152.7,1752.5,0.9129,0.6469,0.0,0,12,0,0,0,0,0,0,2025-06-13,0.5,tier1,1,0,1,0,Olympique Lyonnais,2025-06-10,219.0,,ac,0,0,0,2025-08-16,2026-05-24,,0,0.0,0
9,Manchester City,37459073,Rico Lewis,yes,25.0,38,27,11,0.133,461.9,131.7,593.6,0.7782,0.2092,0.0,0,12,0,0,0,0,0,0,,0.0,none,1,0,0,1,,,,Manchester City U18,ac,0,0,0,2025-08-16,2026-05-24,,0,0.0,0
9,Manchester City,37548599,Max Alleyne,yes,25.0,38,7,31,0.0439,63.2,122.5,185.6,0.3403,0.1237,0.0,0,7,0,5,0,0,0,0,,0.0,none,1,0,0,1,,,,,bc,0,0,0,2025-08-16,2026-05-24,,0,0.0,0
9,Manchester City,129771,Gianluigi Donnarumma,yes,24.0,35,34,1,1.0,2475.0,90.0,2565.0,0.9649,1.0,0.0,0,12,0,0,0,0,0,0,2025-09-04,0.0,none,1,1,1,0,Paris Saint Germain,2025-09-01,219.0,,ac,0,0,0,2025-09-14,2026-05-24,,0,0.0,0
9,Manchester City,4536500,Marc Guéhi,yes,25.0,16,15,1,1.0,1233.0,90.0,1323.0,0.932,1.0,0.0,0,12,0,0,0,0,0,0,2026-01-22,0.45,data_club,1,0,1,0,Crystal Palace,2026-01-19,219.0,,ac,0,0,0,2026-01-24,2026-05-24,,0,0.0,0
9,Manchester City,159142,Ederson,yes,24.0,3,2,1,0.9823,169.3,88.4,257.7,0.657,0.8156,0.0,0,12,0,0,0,0,0,0,2017-07-04,0.0,none,1,1,1,0,Benfica,2017-07-01,219.0,,bc,35,0,0,2025-08-16,2025-08-31,,0,0.0,0
9,Manchester City,21781428,Matheus Nunes,yes,26.0,38,37,1,0.9815,2827.9,88.3,2916.3,0.9697,0.8845,0.0,0,12,0,0,0,0,0,0,2023-09-04,0.45,data_club,1,0,1,0,Wolverhampton Wanderers,2023-09-01,219.0,,ac,0,0,0,2025-08-16,2026-05-24,,0,0.0,0
9,Manchester City,4842,Ilkay Gündogan,yes,26.0,3,2,1,0.71,127.8,63.9,191.7,0.6667,0.71,0.0,0,12,0,0,0,0,0,0,2024-08-26,0.5,tier1,1,0,1,0,Borussia Dortmund,2016-07-01,219.0,,bc,35,0,0,2025-08-16,2025-08-31,,0,0.0,0
9,Manchester City,198062,Manuel Akanji,yes,25.0,3,2,1,0.6861,131.0,61.8,192.8,0.6796,0.6028,0.0,0,12,0,0,0,0,0,0,2022-09-04,0.5,tier1,1,0,1,0,Borussia Dortmund,2022-09-01,219.0,,bc,35,0,0,2025-08-16,2025-08-31,,0,0.0,0
9,Manchester City,1869,Nathan Aké,yes,25.0,38,35,3,0.2276,790.5,61.5,852.0,0.9279,0.1934,0.0,0,12,0,0,0,0,0,0,2020-08-08,0.45,data_club,1,0,1,0,AFC Bournemouth,2020-08-05,219.0,,bc,0,0,0,2025-08-16,2026-05-24,,0,0.0,0
9,Manchester City,336133,Phil Foden,yes,26.0,38,36,2,0.2809,1964.5,50.6,2015.0,0.9749,0.3573,0.0,0,12,0,0,0,0,0,0,,0.0,none,1,0,0,1,,,,Manchester City U18,ac,0,0,0,2025-08-16,2026-05-24,,0,0.0,0
9,Manchester City,37577660,Sverre Nypan,yes,26.0,15,0,15,0.0233,0.0,31.5,31.5,0.0,0.0,0.0,0,0,0,0,12,0,0,0,2025-07-20,0.35,tier2,1,0,1,0,Rosenborg,2025-07-17,219.0,,b,23,0,0,2025-08-16,2026-05-24,,0,0.0,0
9,Manchester City,37651092,Divine Mukasa,yes,26.0,35,11,24,0.0081,10.4,17.4,27.8,0.375,0.0,0.0,0,0,0,12,0,0,0,0,,0.0,none,1,0,0,1,,,,,bc,0,0,0,2025-09-14,2026-05-24,,0,0.0,0
9,Manchester City,3268,Marcus Bettinelli,yes,24.0,38,2,36,0.0,0.0,0.0,0.0,,0.0,0.0,0,2,0,0,5,0,5,0,2025-06-13,0.0,none,1,1,1,0,Chelsea,2025-06-10,219.0,,ac,0,0,0,2025-08-16,2026-05-24,,0,0.0,0
9,Manchester City,96353,Bernardo Silva,yes,26.0,38,38,0,0.8795,2806.8,0.0,2806.8,1.0,0.8795,0.0,0,12,0,0,0,0,0,0,2017-07-04,0.5,tier1,1,0,1,0,Monaco,2017-07-01,219.0,,bc,0,0,0,2025-08-16,2026-05-24,,0,0.0,0
9,Manchester City,3156873,Tijjani Reijnders,yes,26.0,38,38,0,0.1576,1785.7,0.0,1785.7,1.0,0.1576,0.0,0,12,0,0,0,0,0,0,2025-06-13,0.5,tier1,1,0,1,0,AC Milan,2025-06-10,219.0,,bc,0,0,0,2025-08-16,2026-05-24,,0,0.0,0
9,Manchester City,10990678,Antoine Semenyo,yes,27.0,17,17,0,0.863,1307.8,0.0,1307.8,1.0,0.863,0.0,0,12,0,0,0,0,0,0,2026-01-12,0.45,data_club,1,0,1,0,AFC Bournemouth,2026-01-09,219.0,,ac,0,0,0,2026-01-17,2026-05-24,,0,0.0,0
9,Manchester City,24838234,Josh Wilson-Esbrand,yes,25.0,3,0,3,0.0,0.0,0.0,0.0,,0.0,0.0,0,2,0,8,0,0,2,2,,0.0,none,1,0,0,1,,,,Manchester City U21,a,35,0,0,2025-08-16,2025-08-31,,0,0.0,0
9,Manchester City,28575686,James Trafford,yes,24.0,38,38,0,0.0833,270.0,0.0,270.0,1.0,0.0833,0.0,0,12,0,0,0,0,0,0,2025-08-01,0.0,none,1,1,1,0,Burnley,2025-07-29,219.0,Manchester City U21,bc,0,0,0,2025-08-16,2026-05-24,,0,0.0,0
9,Manchester City,37606891,Jaden Heskey,no,26.0,0,0,0,0.0,0.0,0.0,0.0,,0.0,0.0,0,0,0,12,0,0,0,0,,0.0,none,1,0,0,1,,,,,,0,0,0,,,,0,0.0,0
9,Manchester City,37652289,Charlie Gray,yes,26.0,22,1,21,0.0,0.0,0.0,0.0,,0.0,0.0,0,1,0,0,0,0,11,11,,0.0,none,1,0,0,1,,,,,bc,0,0,0,2025-12-20,2026-05-24,,0,0.0,0
9,Manchester City,37652995,Stephen Mfuni,yes,25.0,35,5,30,0.0,0.0,0.0,0.0,,0.0,0.0,0,3,0,9,0,0,0,0,,0.0,none,1,0,0,1,,,,,bc,0,0,0,2025-09-14,2026-05-24,,0,0.0,0
9,Manchester City,37656448,Reigan Heskey,yes,27.0,22,5,17,0.0,0.0,0.0,0.0,,0.0,0.0,0,5,0,0,0,0,7,7,,0.0,none,1,0,0,1,,,,,bc,0,0,0,2025-12-20,2026-05-24,,0,0.0,0
9,Manchester City,37689559,Vitor Reis,yes,25.0,0,0,0,0.0009,0.0,0.0,0.0,,0.0009,0.0,0,9,0,0,0,0,3,0,2025-01-24,0.25,tier3,1,0,1,0,Palmeiras,2025-01-21,219.0,,a,38,0,0,,,,0,0.0,0
9,Manchester City,37720620,Ryan McAidoo,yes,27.0,33,6,27,0.0,0.0,0.0,0.0,,0.0,0.0,0,6,0,0,0,0,6,6,,0.0,none,1,0,0,1,,,,,c,0,0,0,2025-09-27,2026-05-24,,0,0.0,0
9,Manchester City,37728383,Kaden Braithwaite,no,25.0,0,0,0,0.0,0.0,0.0,0.0,,0.0,0.0,0,0,0,0,0,0,12,12,,0.0,none,0,0,0,1,,,,,,0,0,0,,,,0,0.0,0
14,Manchester United,26768,Matthijs de Ligt,yes,25.0,38,13,25,1.0,1067.6,2250.0,3317.6,0.3218,1.0,0.0,0,12,0,0,0,0,0,0,2024-08-16,0.5,tier1,1,0,1,0,FC Bayern München,2024-08-13,219.0,,ac,0,0,0,2025-08-17,2026-05-24,,0,0.0,0
14,Manchester United,2206665,Lisandro Martínez,yes,25.0,38,19,19,0.8666,1169.4,1481.8,2651.2,0.4411,1.0,16.9,1,11,0,0,0,1,0,0,2022-07-30,0.5,tier1,1,0,1,0,Ajax,2022-07-27,219.0,,ac,0,0,0,2025-08-17,2026-05-24,,0,0.0,0
14,Manchester United,37653176,Patrick Dorgu,yes,26.0,38,28,10,0.665,1598.8,598.5,2197.3,0.7276,0.6827,0.0,0,12,0,0,0,0,0,0,2025-02-05,0.5,tier1,1,0,1,0,Lecce,2025-02-02,219.0,,ac,0,0,0,2025-08-17,2026-05-24,,0,0.0,0
14,Manchester United,2884,Harry Maguire,yes,25.0,38,26,12,0.5514,1441.4,595.5,2036.9,0.7076,0.9615,0.0,1,11,0,0,0,1,0,0,2019-08-08,0.45,data_club,1,0,1,0,Leicester City,2019-08-05,219.0,,ac,0,0,0,2025-08-17,2026-05-24,,0,0.0,0
14,Manchester United,28716,Noussair Mazraoui,yes,25.0,38,26,12,0.5473,1162.5,591.1,1753.6,0.6629,0.4878,0.0,0,12,0,0,0,0,0,0,2024-08-16,0.5,tier1,1,0,1,0,FC Bayern München,2024-08-13,219.0,,ac,0,0,0,2025-08-17,2026-05-24,,0,0.0,0
14,Manchester United,37723663,Chido Obi,yes,27.0,38,1,37,0.1736,15.6,578.1,593.7,0.0263,0.1736,0.0,0,12,0,0,0,0,0,0,,0.0,none,1,0,0,1,,,,Manchester United U18,bc,0,0,0,2025-08-17,2026-05-24,,0,0.0,0
14,Manchester United,37317015,Amad Diallo,yes,26.0,38,32,6,0.9295,2454.5,501.9,2956.4,0.8302,0.6405,0.0,0,12,0,0,0,0,0,0,2021-01-05,0.5,tier1,1,0,1,0,Atalanta,2021-01-02,219.0,,ac,0,0,0,2025-08-17,2026-05-24,,0,0.0,0
14,Manchester United,529689,Bryan Mbeumo,yes,27.0,38,33,5,0.9561,2624.1,430.2,3054.4,0.8591,0.716,0.0,0,12,0,0,0,0,0,0,2025-07-24,0.45,data_club,1,0,1,0,Brentford,2025-07-21,219.0,,ac,0,0,0,2025-08-17,2026-05-24,,0,0.0,0
14,Manchester United,537121,Mason Mount,yes,26.0,38,29,9,0.4716,1126.0,382.0,1508.0,0.7467,0.2265,0.0,0,12,0,0,0,0,0,0,2023-07-08,0.45,data_club,1,0,1,0,Chelsea,2023-07-05,219.0,,ac,0,0,0,2025-08-17,2026-05-24,,0,0.0,0
14,Manchester United,24818280,Benjamin Sesko,yes,27.0,38,31,7,0.5698,1564.1,359.0,1923.1,0.8133,0.5539,0.0,0,12,0,0,0,0,0,0,2025-08-12,0.5,tier1,1,0,1,0,RB Leipzig,2025-08-09,219.0,,ac,0,0,0,2025-08-17,2026-05-24,,0,0.0,0
14,Manchester United,159700,Casemiro,yes,26.0,38,34,4,0.7543,2253.4,271.6,2525.0,0.8925,0.9316,0.0,1,12,0,0,0,0,0,0,2022-08-25,0.5,tier1,1,0,1,0,Real Madrid,2022-08-22,219.0,,bc,0,0,0,2025-08-17,2026-05-24,,0,0.0,0
14,Manchester United,1846739,Matheus Cunha,yes,27.0,38,34,4,0.7296,2396.9,262.7,2659.6,0.9012,0.8456,0.0,0,12,0,0,0,0,0,0,2025-07-04,0.45,data_club,1,0,1,0,Wolverhampton Wanderers,2025-07-01,219.0,,ac,0,0,0,2025-08-17,2026-05-24,,0,0.0,0
14,Manchester United,129602,Bruno Fernandes,yes,26.0,38,35,3,0.9477,2931.8,255.9,3187.7,0.9197,1.0,0.0,0,12,0,0,0,0,0,0,2020-02-01,0.5,tier1,1,0,1,0,Sporting CP,2020-01-29,219.0,,ac,0,0,0,2025-08-17,2026-05-24,,0,0.0,0
14,Manchester United,164061,Diogo Dalot,yes,25.0,38,35,3,0.8,2622.4,216.0,2838.4,0.9239,0.788,0.0,0,12,0,0,0,0,0,0,2018-07-04,0.5,tier1,1,0,1,0,Porto,2018-07-01,219.0,,ac,0,0,0,2025-08-17,2026-05-24,,0,0.0,0
14,Manchester United,37540234,Kobbie Mainoo,yes,26.0,38,32,6,0.3062,1449.4,165.3,1614.7,0.8976,0.9836,0.0,0,12,0,0,0,0,0,0,,0.0,none,1,0,0,1,,,,Manchester United U23,ac,0,0,0,2025-08-17,2026-05-24,,0,0.0,0
14,Manchester United,37581768,Tyler Fredricson,yes,25.0,38,11,27,0.06,107.9,145.8,253.7,0.4252,0.0076,0.0,0,12,0,0,0,0,0,0,,0.0,none,1,0,0,1,,,,Manchester United U23,bc,0,0,0,2025-08-17,2026-05-24,,0,0.0,0
14,Manchester United,37654112,Jack Fletcher,yes,26.0,28,8,20,0.0788,45.0,141.8,186.8,0.2408,0.105,0.0,0,12,0,0,0,0,0,0,,0.0,none,1,0,0,1,,,,,c,0,0,0,2025-11-08,2026-05-24,,0,0.0,0
14,Manchester United,37761073,Diego León,yes,25.0,38,3,35,0.0333,41.2,105.0,146.2,0.2821,0.0,0.0,0,3,0,0,0,0,9,0,2025-07-08,0.25,tier3,1,0,1,0,Cerro Porteño,2025-07-05,219.0,,bc,0,0,0,2025-08-17,2026-05-24,,0,0.0,0
14,Manchester United,26393,André Onana,yes,24.0,3,2,1,1.0,172.5,90.0,262.5,0.6571,0.8333,0.0,0,12,0,0,0,0,0,0,2023-07-23,0.0,none,1,1,1,0,Inter,2023-07-20,219.0,,bc,35,0,0,2025-08-17,2025-08-30,,0,0.0,0
14,Manchester United,37675777,Harry Amass,yes,26.0,3,0,3,0.3251,0.0,87.8,87.8,0.0,0.0,0.0,0,0,0,0,12,0,0,0,2023-08-07,0.0,unknown+override,1,0,1,0,Watford Yth.,2023-08-04,219.0,Manchester United U18,a,35,0,0,2025-08-17,2025-08-30,,0,0.0,0
14,Manchester United,2158417,Tyrell Malacia,yes,25.0,38,28,10,0.0932,69.3,83.8,153.2,0.4527,0.0211,0.0,0,12,0,0,0,0,0,0,2022-07-08,0.5,tier1,1,0,1,0,Feyenoord,2022-07-05,219.0,,bc,0,0,0,2025-08-17,2026-05-24,,0,0.0,0
14,Manchester United,9605680,Joshua Zirkzee,yes,27.0,38,36,2,0.385,951.5,69.3,1020.8,0.9321,0.1363,0.0,0,12,0,0,0,0,0,0,2024-07-17,0.5,tier1,1,0,1,0,Bologna,2024-07-14,219.0,,ac,0,0,0,2025-08-17,2026-05-24,,0,0.0,0
14,Manchester United,37600357,Leny Yoro,yes,25.0,38,37,1,0.5563,1926.4,50.1,1976.4,0.9747,0.5621,0.0,0,12,0,0,0,0,0,0,2024-07-21,0.5,tier1,1,0,1,0,LOSC Lille,2024-07-18,219.0,,ac,0,0,0,2025-08-17,2026-05-24,,0,0.0,0
14,Manchester United,37665754,Bendito Mantato,yes,27.0,22,4,18,0.0174,1.6,28.1,29.7,0.0526,0.0174,0.0,0,4,0,0,0,0,8,8,,0.0,none,1,0,0,1,,,,,bc,0,0,0,2025-12-21,2026-05-24,,0,0.0,0
14,Manchester United,37665753,Shea Lacey,yes,27.0,27,14,13,0.0166,11.1,19.4,30.5,0.3649,0.0466,0.0,0,12,0,0,0,0,0,0,,0.0,none,1,0,0,1,,,,,c,0,0,0,2025-11-24,2026-05-24,,0,0.0,0
14,Manchester United,893705,Manuel Ugarte,yes,26.0,38,37,1,0.157,1162.2,14.1,1176.3,0.988,0.1307,0.0,0,12,0,0,0,0,0,0,2024-09-02,0.5,tier1,1,0,1,0,Paris Saint Germain,2024-08-30,219.0,,ac,0,0,0,2025-08-17,2026-05-24,,0,0.0,0
14,Manchester United,37678829,Tyler Fletcher,yes,26.0,21,14,7,0.0011,2.3,0.7,2.9,0.7692,0.021,0.0,0,12,0,0,0,0,0,0,,0.0,none,1,0,0,1,,,,,c,0,0,0,2025-12-26,2026-05-24,,0,0.0,0
14,Manchester United,955,Luke Shaw,yes,25.0,38,38,0,0.8776,2894.2,0.0,2894.2,1.0,0.8776,0.0,0,12,0,0,0,0,0,0,2014-07-04,0.45,data_club,1,0,1,0,Southampton,2014-07-01,219.0,,ac,0,0,0,2025-08-17,2026-05-24,,0,0.0,0
14,Manchester United,1454,Tom Heaton,yes,24.0,38,4,34,0.0,0.0,0.0,0.0,,0.0,0.0,0,12,0,0,0,0,0,0,2021-07-05,0.0,none,1,1,1,0,Aston Villa,2021-07-02,220.0,Manchester United U18,ac,0,0,0,2025-08-17,2026-05-24,,0,0.0,0
14,Manchester United,1878,Marcus Rashford,yes,27.0,0,0,0,0.4436,0.0,0.0,0.0,,0.4436,0.0,0,12,10,0,0,0,0,0,,0.0,none,1,0,0,1,,,,Manchester United U18,a,38,0,0,,,,0,0.0,0
14,Manchester United,438751,Altay Bayindir,yes,24.0,38,38,0,0.0,832.5,0.0,832.5,1.0,0.0,0.0,0,12,0,0,0,0,0,0,2023-09-04,0.0,none,1,1,1,0,Fenerbahçe,2023-09-01,219.0,,bc,0,0,0,2025-08-17,2026-05-24,,0,0.0,0
14,Manchester United,23269670,Senne Lammens,yes,24.0,35,35,0,1.0,2295.0,0.0,2295.0,1.0,1.0,0.0,0,12,0,0,0,0,0,0,2025-09-04,0.0,none,1,1,1,0,Antwerp,2025-09-01,219.0,,ac,0,0,0,2025-09-14,2026-05-24,,0,0.0,0
14,Manchester United,37602508,Jack Moorhouse,yes,26.0,38,2,36,0.0,0.0,0.0,0.0,,0.0,0.0,0,4,0,0,0,0,8,8,,0.0,none,1,0,0,1,,,,,bc,0,0,0,2025-08-17,2026-05-24,,0,0.0,0
14,Manchester United,37676786,Ayden Heaven,yes,25.0,38,38,0,0.2742,891.8,0.0,891.8,1.0,0.2742,0.0,0,12,0,0,0,0,0,0,2025-02-04,0.45,data_club,1,0,1,0,Arsenal,2025-02-01,219.0,,ac,0,0,0,2025-08-17,2026-05-24,,0,0.0,0
14,Manchester United,37690399,Jim Thwaites,yes,26.0,6,1,5,0.0,0.0,0.0,0.0,,0.0,0.0,0,1,0,0,0,0,11,11,,0.0,none,1,0,0,1,,,,,bc,0,0,0,2026-04-18,2026-05-24,,0,0.0,0
14,Manchester United,37718822,Godwill Kukonki,yes,25.0,38,2,36,0.0,0.0,0.0,0.0,,0.0,0.0,0,6,0,0,0,0,6,6,,0.0,none,1,0,0,1,,,,,bc,0,0,0,2025-08-17,2026-05-24,,0,0.0,0
20,Newcastle United,24799911,Tino Livramento,yes,25.0,38,17,21,0.9057,1461.6,1711.9,3173.5,0.4606,0.8103,0.0,0,12,0,0,0,0,0,0,2023-08-11,0.45,data_club,1,0,1,0,Southampton,2023-08-08,219.0,,ac,0,0,0,2025-08-16,2026-05-24,,0,0.0,0
20,Newcastle United,32372,Fabian Schär,yes,25.0,38,19,19,0.6931,1199.1,1185.1,2384.3,0.5029,0.6617,0.0,0,12,0,0,0,0,0,0,2018-07-29,0.5,tier1,1,0,1,0,Deportivo A Coruña,2018-07-26,219.0,,ac,0,0,0,2025-08-16,2026-05-24,,0,0.0,0
20,Newcastle United,96928,Yoane Wissa,yes,27.0,35,23,12,0.7643,930.0,825.4,1755.4,0.5298,0.1332,0.0,0,12,0,0,0,0,0,0,2025-09-04,0.45,data_club,1,0,1,0,Brentford,2025-09-01,219.0,,ac,0,0,0,2025-09-13,2026-05-24,,0,0.0,0
20,Newcastle United,37581796,Lewis Miley,yes,26.0,38,28,10,0.8151,1104.1,733.6,1837.7,0.6008,0.8582,0.0,0,12,0,0,0,0,0,0,,0.0,none,1,0,0,1,,,,Newcastle United U21,ac,0,0,0,2025-08-16,2026-05-24,,0,0.0,0
20,Newcastle United,459145,Bruno Guimarães,yes,26.0,38,30,8,0.9533,2491.7,686.4,3178.1,0.784,0.8938,0.0,0,12,0,0,0,0,0,0,2022-02-02,0.5,tier1,1,0,1,0,Olympique Lyonnais,2022-01-30,219.0,,bc,0,0,0,2025-08-16,2026-05-24,,0,0.0,0
20,Newcastle United,1016,Kieran Trippier,yes,25.0,38,29,9,0.7508,1843.5,608.2,2451.7,0.7519,0.4071,0.0,0,12,0,0,0,0,0,0,2022-01-10,0.5,tier1,1,0,1,0,Atlético de Madrid,2022-01-07,219.0,,bc,0,0,0,2025-08-16,2026-05-24,,0,0.0,0
20,Newcastle United,2815,Dan Burn,yes,25.0,38,31,7,0.9309,2401.6,586.5,2988.0,0.8037,0.7121,12.0,1,12,0,0,0,0,0,0,2022-02-03,0.45,data_club,1,0,1,0,Brighton & Hove Albion,2022-01-31,219.0,,ac,0,0,0,2025-08-16,2026-05-24,,0,0.0,0
20,Newcastle United,33645,Joelinton,yes,26.0,38,30,8,0.7625,1954.2,549.0,2503.2,0.7807,0.8368,0.0,0,12,0,0,0,0,0,0,2019-07-26,0.5,tier1,1,0,1,0,TSG Hoffenheim,2019-07-23,219.0,,ac,0,0,0,2025-08-16,2026-05-24,,0,0.0,0
20,Newcastle United,9611543,Anthony Gordon,yes,27.0,38,30,8,0.6898,1855.6,496.6,2352.2,0.7889,0.5989,7.8,1,12,0,0,0,0,0,0,2023-02-01,0.45,data_club,1,0,1,0,Everton,2023-01-29,219.0,,bc,0,0,0,2025-08-16,2026-05-24,,0,0.0,0
20,Newcastle United,5270468,Sven Botman,yes,25.0,38,30,8,0.6152,1542.1,443.0,1985.0,0.7768,0.7979,0.0,0,12,0,0,0,0,0,0,2022-07-04,0.5,tier1,1,0,1,0,LOSC Lille,2022-07-01,219.0,,ac,0,0,0,2025-08-16,2026-05-24,,0,0.0,0
20,Newcastle United,2763,Nick Pope,yes,24.0,38,33,5,0.9811,2597.1,441.5,3038.6,0.8547,0.5833,0.0,0,12,0,0,0,0,0,0,2022-07-04,0.0,none,1,1,1,0,Burnley,2022-07-01,219.0,,ac,0,0,0,2025-08-16,2026-05-24,,0,0.0,0
20,Newcastle United,37559767,William Osula,yes,27.0,38,26,12,0.2633,521.7,284.4,806.1,0.6472,0.5175,0.0,0,12,0,0,0,0,0,0,2024-08-11,0.45,data_club,1,0,1,0,Sheffield United,2024-08-08,219.0,,ac,0,0,0,2025-08-16,2026-05-24,,0,0.0,0
20,Newcastle United,37459072,Lewis Hall,yes,25.0,38,34,4,0.6837,2301.2,246.1,2547.4,0.9034,0.8115,0.0,0,12,0,0,0,0,0,0,2024-07-04,0.45,data_club,1,0,1,0,Chelsea,2023-08-22,218.0,,ac,0,0,0,2025-08-16,2026-05-24,,0,0.0,0
20,Newcastle United,2823228,Sandro Tonali,yes,26.0,38,35,3,0.8253,2559.3,222.8,2782.1,0.9199,0.876,0.0,0,12,0,0,0,0,0,0,2023-07-06,0.5,tier1,1,0,1,0,AC Milan,2023-07-03,219.0,,bc,0,0,0,2025-08-16,2026-05-24,,0,0.0,0
20,Newcastle United,11705406,Jacob Ramsey,yes,26.0,37,33,4,0.5012,1364.4,180.4,1544.8,0.8832,0.6942,0.7,1,11,0,0,0,1,0,0,2025-08-20,0.45,data_club,1,0,1,0,Aston Villa,2025-08-17,219.0,,ac,0,0,0,2025-08-25,2026-05-24,,0,0.0,0
20,Newcastle United,129966,Emil Krafth,yes,25.0,38,10,28,0.0705,80.2,177.6,257.9,0.3112,0.069,0.0,0,12,0,0,0,0,0,0,2019-08-11,0.5,tier1,1,0,1,0,Amiens SC,2019-08-08,219.0,,bc,0,0,0,2025-08-16,2026-05-24,,0,0.0,0
20,Newcastle United,28912805,Anthony Elanga,yes,27.0,38,34,4,0.4352,1576.9,156.7,1733.6,0.9096,0.3643,0.0,0,12,0,0,0,0,0,0,2025-07-14,0.45,data_club,1,0,1,0,Nottingham Forest,2025-07-11,219.0,,ac,0,0,0,2025-08-16,2026-05-24,,0,0.0,0
20,Newcastle United,3071,Jacob Murphy,yes,26.0,38,36,2,0.538,1738.0,96.8,1834.8,0.9472,0.4941,0.0,0,12,0,0,0,0,0,0,2017-07-22,0.45,data_club,1,0,1,0,Norwich City,2017-07-19,219.0,,ac,0,0,0,2025-08-16,2026-05-24,,0,0.0,0
20,Newcastle United,32777430,Nick Woltemade,yes,27.0,35,34,1,0.4732,1885.1,42.6,1927.7,0.9779,0.4479,0.0,0,12,0,0,0,0,0,0,2025-09-02,0.5,tier1,1,0,1,0,VfB Stuttgart,2025-08-30,219.0,,bc,3,0,0,2025-09-13,2026-05-24,,0,0.0,0
20,Newcastle United,1494447,Joe Willock,yes,26.0,38,37,1,0.4571,977.5,41.1,1018.6,0.9596,0.4856,0.0,0,12,0,0,0,0,0,0,2021-08-16,0.45,data_club,1,0,1,0,Arsenal,2021-02-01,218.0,,ac,0,0,0,2025-08-16,2026-05-24,,0,0.0,0
20,Newcastle United,2985,Jamaal Lascelles,yes,25.0,24,5,19,0.0218,5.5,37.3,42.8,0.1284,0.0,0.0,0,0,0,0,12,0,0,0,2014-08-12,0.45,data_club,1,0,1,0,Nottingham Forest,2014-08-09,219.0,,bc,14,0,0,2025-08-16,2026-01-31,,0,0.0,0
20,Newcastle United,1387,Matt Targett,yes,25.0,2,0,2,0.0261,0.0,4.7,4.7,0.0,0.0,0.0,0,0,0,0,12,0,0,0,2022-07-04,0.45,data_club,1,0,1,0,Aston Villa,2022-01-31,218.0,,b,36,0,0,2025-08-16,2025-08-25,,0,0.0,0
20,Newcastle United,37573066,Alex Murphy,yes,25.0,38,25,13,0.0008,5.4,0.9,6.3,0.8571,0.0113,0.0,0,12,0,0,0,0,0,0,2022-07-12,0.35,unknown+override,1,0,1,0,Galway United,2022-07-09,219.0,Newcastle United U21,bc,0,0,0,2025-08-16,2026-05-24,,0,0.0,0
20,Newcastle United,890,John Ruddy,yes,24.0,38,9,29,0.0,0.0,0.0,0.0,,0.0,0.0,0,12,0,0,0,0,0,0,2024-07-04,0.0,none,1,1,1,0,Birmingham City,2024-07-01,220.0,,bc,0,0,0,2025-08-16,2026-05-24,,0,0.0,0
20,Newcastle United,7855,Mark Gillespie,yes,24.0,38,0,38,0.0,0.0,0.0,0.0,,0.0,0.0,0,0,0,0,0,0,12,0,2020-07-06,0.0,none,1,1,1,0,Motherwell,2020-07-03,220.0,,a,0,0,0,2025-08-16,2026-05-24,,0,0.0,0
20,Newcastle United,9438,Aaron Ramsdale,yes,24.0,38,38,0,0.4167,822.9,0.0,822.9,1.0,0.4167,0.0,0,12,0,0,0,0,0,0,2025-08-05,0.0,none,1,1,1,0,Southampton,2025-08-02,218.0,,bc,0,0,0,2025-08-16,2026-05-24,,0,0.0,0
20,Newcastle United,10601,Harvey Barnes,yes,26.0,38,38,0,0.5469,2170.7,0.0,2170.7,1.0,0.5469,0.0,0,12,0,0,0,0,0,0,2023-07-26,0.45,data_club,1,0,1,0,Leicester City,2023-07-23,219.0,,ac,0,0,0,2025-08-16,2026-05-24,,0,0.0,0
20,Newcastle United,21762216,Malick Thiaw,yes,25.0,38,38,0,0.9521,2697.0,0.0,2697.0,1.0,0.9521,0.0,0,12,0,0,0,0,0,0,2025-08-15,0.5,tier1,1,0,1,0,AC Milan,2025-08-12,219.0,,ac,0,0,0,2025-08-16,2026-05-24,,0,0.0,0
20,Newcastle United,28913014,Joe White,yes,26.0,1,0,1,0.0,0.0,0.0,0.0,,0.0,0.0,0,0,0,0,0,0,12,12,,0.0,none,1,0,0,1,,,,Newcastle United U21,b,37,0,0,2026-01-07,2026-01-07,,0,0.0,0
20,Newcastle United,31626620,Harrison Ashby,yes,25.0,21,0,21,0.0,0.0,0.0,0.0,,0.0,0.0,0,0,0,0,12,0,0,0,2023-02-03,0.0,tier2,1,0,1,0,West Ham United U21,2023-01-31,219.0,,b,17,0,0,2025-08-16,2026-01-07,,0,0.0,0
20,Newcastle United,37594985,Leo Shahar,yes,25.0,38,11,27,0.0,0.0,0.0,0.0,,0.0,0.0,0,12,0,0,0,0,0,0,,0.0,none,1,0,0,1,,,,,bc,0,0,0,2025-08-16,2026-05-24,,0,0.0,0
20,Newcastle United,37666648,Sean Neave,yes,27.0,38,14,24,0.0,0.0,0.0,0.0,,0.017,0.0,0,12,0,0,0,0,0,0,,0.0,none,1,0,0,1,,,,,bc,0,0,0,2025-08-16,2026-05-24,,0,0.0,0
20,Newcastle United,37700510,Park Seung-Soo,yes,27.0,38,1,37,0.0,0.0,0.0,0.0,,0.0,0.0,0,1,0,0,0,0,11,11,,0.0,none,1,0,0,1,,,,,bc,0,0,0,2025-08-16,2026-05-24,,0,0.0,0
20,Newcastle United,37748764,Sam Alabi,yes,26.0,21,2,19,0.0,0.0,0.0,0.0,,0.0,0.0,0,2,0,0,0,0,10,10,,0.0,none,1,0,0,1,,,,,bc,0,0,0,2025-12-26,2026-05-24,,0,0.0,0
20,Newcastle United,900660768,Max Thompson,yes,,0,0,0,0.0,0.0,0.0,0.0,,0.0,0.0,0,0,0,0,0,0,12,12,,0.0,none,0,0,0,1,,,,,,0,0,0,,,,0,0.0,0
20,Newcastle United,901019169,Adam Harrison,yes,,0,0,0,0.0,0.0,0.0,0.0,,0.0,0.0,0,0,0,0,0,0,12,12,,0.0,none,0,0,0,1,,,,,,0,0,0,,,,0,0.0,0
20,Newcastle United,901019170,Aidan Harris,yes,,0,0,0,0.0,0.0,0.0,0.0,,0.0,0.0,0,0,0,0,0,0,12,12,,0.0,none,0,0,0,1,,,,,,0,0,0,,,,0,0.0,0
63,Nottingham Forest,914,Chris Wood,yes,27.0,38,15,23,0.8163,1106.3,1689.6,2795.9,0.3957,0.5987,0.0,0,12,0,0,0,0,0,0,2023-07-04,0.45,data_club,1,0,1,0,Newcastle United,2023-01-20,218.0,,ac,0,0,0,2025-08-17,2026-05-24,,0,0.0,0
63,Nottingham Forest,1956,Ola Aina,yes,25.0,38,18,20,0.9326,1528.7,1678.6,3207.3,0.4766,0.982,0.0,0,12,0,0,0,0,0,0,2023-07-25,0.5,tier1,1,0,1,0,Torino,2023-07-22,220.0,,ac,0,0,0,2025-08-17,2026-05-24,,0,0.0,0
63,Nottingham Forest,37627036,Murillo,yes,25.0,38,26,12,0.9296,2158.0,1004.0,3162.0,0.6825,0.9517,0.0,0,12,0,0,0,0,0,0,2023-09-03,0.25,tier3,1,0,1,0,Corinthians,2023-08-31,219.0,,ac,0,0,0,2025-08-17,2026-05-24,,0,0.0,0
63,Nottingham Forest,37376834,Nicolò Savona,yes,25.0,35,18,17,0.5457,1040.2,834.9,1875.2,0.5547,0.5531,0.0,0,12,0,0,0,0,0,0,2025-09-02,0.5,tier1,1,0,1,0,Juventus,2025-08-30,219.0,,ac,1,0,0,2025-09-13,2026-05-24,,0,0.0,0
63,Nottingham Forest,26603,Oleksandr Zinchenko,yes,25.0,20,8,12,0.5966,414.3,644.4,1058.7,0.3913,0.5026,0.0,0,12,4,0,0,0,0,0,2025-09-04,0.45,data_club,1,0,1,0,Arsenal,2025-09-01,218.0,,bc,17,0,0,2025-09-13,2026-01-25,data mismatch: excluded,1,45.2,0
63,Nottingham Forest,219900,John Victor,yes,24.0,35,18,17,0.4005,111.0,612.8,723.8,0.1534,0.4005,0.0,0,12,0,0,0,0,0,0,2025-09-03,0.0,none,1,1,1,0,Botafogo,2025-08-31,219.0,,ac,1,0,0,2025-09-13,2026-05-24,,0,0.0,0
63,Nottingham Forest,2875858,Callum Hudson-Odoi,yes,27.0,38,30,8,0.7022,1771.3,505.6,2276.9,0.7779,0.7393,0.0,0,12,0,0,0,0,0,0,2023-09-04,0.45,data_club,1,0,1,0,Chelsea,2023-09-01,219.0,,ac,0,0,0,2025-08-17,2026-05-24,,0,0.0,0
63,Nottingham Forest,5270372,Dilane Bakwa,yes,27.0,35,21,14,0.318,520.4,400.7,921.1,0.565,0.271,0.0,0,12,0,0,0,0,0,0,2025-09-04,0.5,tier1,1,0,1,0,Strasbourg,2025-09-01,219.0,,bc,3,0,0,2025-09-13,2026-05-24,,0,0.0,0
63,Nottingham Forest,335653,Nicolás Domínguez,yes,26.0,38,31,7,0.6244,1344.7,393.4,1738.0,0.7737,0.342,0.0,0,12,0,0,0,0,0,0,2023-09-04,0.5,tier1,1,0,1,0,Bologna,2023-09-01,219.0,,ac,0,0,0,2025-08-17,2026-05-24,,0,0.0,0
63,Nottingham Forest,96943,Ibrahim Sangaré,yes,26.0,38,31,7,0.6213,1855.6,391.4,2247.1,0.8258,0.8683,0.0,0,12,0,0,0,0,0,0,2023-09-04,0.5,tier1,1,0,1,0,PSV,2023-09-01,219.0,,ac,0,0,0,2025-08-17,2026-05-24,,0,0.0,0
63,Nottingham Forest,19978623,Dan Ndoye,yes,27.0,38,29,9,0.4367,1384.1,353.7,1737.9,0.7965,0.1687,0.0,0,12,0,0,0,0,0,0,2025-08-03,0.5,tier1,1,0,1,0,Bologna,2025-07-31,219.0,,ac,0,0,0,2025-08-17,2026-05-24,,0,0.0,0
63,Nottingham Forest,2975,Matz Sels,yes,24.0,38,34,4,0.7312,2676.6,263.2,2939.9,0.9105,0.9588,0.0,0,12,0,0,0,0,0,0,2024-02-04,0.0,none,1,1,1,0,Strasbourg,2024-02-01,219.0,,ac,0,0,0,2025-08-17,2026-05-24,,0,0.0,0
63,Nottingham Forest,26506,Taiwo Awoniyi,yes,27.0,38,25,13,0.213,438.0,249.2,687.2,0.6373,0.2848,0.0,0,12,0,0,0,0,0,0,2022-07-04,0.5,tier1,1,0,1,0,FC Union Berlin,2022-07-01,219.0,,bc,0,0,0,2025-08-17,2026-05-24,,0,0.0,0
63,Nottingham Forest,11669604,Lorenzo Lucca,yes,27.0,15,6,9,0.2811,194.7,227.7,422.4,0.4609,0.1283,0.0,0,6,0,0,0,0,6,0,2026-01-26,0.5,tier1,1,0,1,0,Napoli,2026-01-23,218.0,,bc,23,0,0,2026-02-01,2026-05-24,,0,0.0,0
63,Nottingham Forest,225000,Douglas Luiz,yes,26.0,22,14,8,0.2673,396.5,192.4,588.9,0.6733,0.5264,0.0,0,12,12,0,0,0,0,0,2025-08-24,0.5,tier1,1,0,1,0,Juventus,2025-08-21,218.0,,bc,16,0,0,2025-08-24,2026-01-25,,0,0.0,0
63,Nottingham Forest,37627298,Jair Cunha,yes,25.0,38,23,15,0.1153,311.4,155.6,467.1,0.6668,0.399,0.0,0,12,0,0,0,0,0,0,2025-07-14,0.25,tier3,1,0,1,0,Botafogo,2025-07-11,219.0,,ac,0,0,0,2025-08-17,2026-05-24,,0,0.0,0
63,Nottingham Forest,10831,Ryan Yates,yes,26.0,38,32,6,0.283,707.2,152.8,860.0,0.8223,0.2495,0.0,0,12,0,0,0,0,0,0,,0.0,none,1,0,0,1,,,,Nottingham Forest U18,ac,0,0,0,2025-08-17,2026-05-24,,0,0.0,0
63,Nottingham Forest,37583502,Zach Abbott,yes,25.0,38,16,22,0.0537,65.8,106.4,172.1,0.3822,0.1459,0.0,0,12,0,0,0,0,0,0,,0.0,none,1,0,0,1,,,,Nottingham Forest U21,bc,0,0,0,2025-08-17,2026-05-24,,0,0.0,0
63,Nottingham Forest,11720838,Neco Williams,yes,25.0,38,37,1,1.0,3278.9,90.0,3368.9,0.9733,0.9186,45.0,1,12,0,0,0,0,0,0,2022-07-13,0.45,data_club,1,0,1,0,Liverpool,2022-07-10,219.0,,ac,0,0,0,2025-08-17,2026-05-24,,0,0.0,0
63,Nottingham Forest,28575676,James McAtee,yes,26.0,37,35,2,0.44,566.6,79.2,645.8,0.8774,0.136,0.0,0,12,0,0,0,0,0,0,2025-08-19,0.45,data_club,1,0,1,0,Manchester City,2025-08-16,219.0,,ac,1,0,0,2025-08-24,2026-05-24,,0,0.0,0
63,Nottingham Forest,7926,Morgan Gibbs-White,yes,26.0,38,37,1,0.8618,3108.1,77.6,3185.7,0.9757,0.8885,0.0,0,12,0,0,0,0,0,0,2022-08-22,0.45,data_club,1,0,1,0,Wolverhampton Wanderers,2022-08-19,219.0,,ac,0,0,0,2025-08-17,2026-05-24,,0,0.0,0
63,Nottingham Forest,34594,Stefan Ortega,yes,24.0,14,11,3,0.25,202.5,67.5,270.0,0.75,0.25,0.0,0,11,0,0,1,0,0,0,2026-02-04,0.0,none,1,1,1,0,Manchester City,2026-02-01,219.0,,bc,24,0,0,2026-02-06,2026-05-24,,0,0.0,0
63,Nottingham Forest,23269650,Arnaud Kalimuendo,yes,27.0,20,18,2,0.3496,348.2,62.9,411.2,0.8469,0.0337,0.0,0,12,0,0,0,0,0,0,2025-08-21,0.5,tier1,1,0,1,0,Rennes,2025-08-18,219.0,,ac,17,0,0,2025-08-24,2026-01-06,,0,0.0,0
63,Nottingham Forest,37645422,Eric da Silva Moreira,yes,27.0,20,2,18,0.0312,5.6,50.6,56.2,0.1,0.0312,0.0,0,11,0,0,0,0,1,0,2024-07-04,0.5,tier1,1,0,1,0,St. Pauli,2024-07-01,219.0,,bc,18,0,0,2025-08-17,2026-05-24,,0,0.0,0
63,Nottingham Forest,37536911,Omari Hutchinson,yes,26.0,37,36,1,0.4411,1770.5,39.7,1810.2,0.9781,0.5796,0.0,0,12,0,0,0,0,0,0,2025-08-19,0.45,data_club,1,0,1,0,Ipswich Town,2025-08-16,219.0,,bc,1,0,0,2025-08-24,2026-05-24,,0,0.0,0
63,Nottingham Forest,23707367,Luca Netz,yes,25.0,14,13,1,0.4358,357.8,39.2,397.1,0.9012,0.3164,0.0,0,12,0,0,0,0,0,0,2026-02-05,0.5,tier1,1,0,1,0,Borussia Mönchengladbach,2026-02-02,219.0,,ac,0,0,0,2026-02-06,2026-05-24,,0,0.0,0
63,Nottingham Forest,336067,Angus Gunn,yes,24.0,38,14,24,0.0137,22.3,29.7,52.0,0.4286,0.0412,0.0,0,12,0,0,0,0,0,0,2025-08-09,0.0,none,1,1,1,0,Norwich City,2025-08-06,220.0,,bc,0,0,0,2025-08-17,2026-05-24,,0,0.0,0
63,Nottingham Forest,1498548,Jota Silva,yes,27.0,3,1,2,0.1625,13.4,29.2,42.7,0.3144,0.1625,0.0,0,12,0,0,0,0,0,0,2024-08-04,0.5,tier1,1,0,1,0,Vitória Guimarães,2024-08-01,219.0,,bc,35,0,0,2025-08-17,2025-08-31,,0,0.0,0
63,Nottingham Forest,29328429,Igor Jesus,yes,27.0,38,37,1,0.2287,1933.3,20.6,1953.9,0.9895,0.7732,0.0,0,12,0,0,0,0,0,0,2025-07-08,0.25,tier3,1,0,1,0,Botafogo,2025-07-05,219.0,,ac,0,0,0,2025-08-17,2026-05-24,,0,0.0,0
63,Nottingham Forest,36073933,Morato,yes,25.0,38,37,1,0.218,1191.1,19.6,1210.7,0.9838,0.4707,0.0,0,12,0,0,0,0,0,0,2024-09-02,0.5,tier1,1,0,1,0,Benfica,2024-08-30,219.0,,bc,0,0,0,2025-08-17,2026-05-24,,0,0.0,0
63,Nottingham Forest,95348,Willy Boly,yes,25.0,38,8,30,0.0039,17.9,10.5,28.4,0.6302,0.0,0.0,0,12,0,0,0,0,0,0,2022-09-04,0.45,data_club,1,0,1,0,Wolverhampton Wanderers,2022-09-01,219.0,,bc,0,0,0,2025-08-17,2026-05-24,,0,0.0,0
63,Nottingham Forest,178032,Nikola Milenkovic,yes,25.0,38,38,0,0.9599,3409.2,0.0,3409.2,1.0,0.9599,0.0,0,12,0,0,0,0,0,0,2024-07-21,0.5,tier1,1,0,1,0,Fiorentina,2024-07-18,219.0,,ac,0,0,0,2025-08-17,2026-05-24,,0,0.0,0
63,Nottingham Forest,332047,Elliot Anderson,yes,26.0,38,38,0,0.9062,3338.3,0.0,3338.3,1.0,0.9062,0.0,0,12,0,0,0,0,0,0,2024-07-04,0.45,data_club,1,0,1,0,Newcastle United,2024-07-01,219.0,,bc,0,0,0,2025-08-17,2026-05-24,,0,0.0,0
63,Nottingham Forest,37618315,Archie Whitehall,yes,26.0,3,1,2,0.0,0.0,0.0,0.0,,0.0,0.0,0,1,0,0,0,0,11,11,,0.0,none,1,0,0,1,,,,,bc,0,0,0,2026-05-10,2026-05-24,,0,0.0,0
63,Nottingham Forest,37651094,Jimmy Sinclair,yes,26.0,3,1,2,0.0,0.0,0.0,0.0,,0.0,0.0,0,1,0,0,0,0,11,11,,0.0,none,1,0,0,1,,,,,bc,0,0,0,2026-05-10,2026-05-24,,0,0.0,0
63,Nottingham Forest,37786422,Lamin Sillah,yes,25.0,1,1,0,0.0,0.0,0.0,0.0,,0.0,0.0,0,1,0,0,0,0,11,11,,0.0,none,1,0,0,1,,,,,bc,0,0,0,2026-05-24,2026-05-24,,0,0.0,0
63,Nottingham Forest,900667498,Ben Hammond,yes,,0,0,0,0.0,0.0,0.0,0.0,,0.0,0.0,0,0,0,0,0,0,12,12,,0.0,none,0,0,0,1,,,,,,0,0,0,,,,0,0.0,0
3,Sunderland,23697537,Dennis Cirkin,yes,25.0,38,19,19,0.7125,734.9,1218.3,1953.2,0.3762,0.0289,0.0,0,12,0,0,0,0,0,0,2021-08-14,0.0,tier2,1,0,1,0,Tottenham U21,2021-08-11,219.0,,bc,0,0,0,2025-08-16,2026-05-24,,0,0.0,0
3,Sunderland,163108,Reinildo Mandava,yes,25.0,38,25,13,0.9037,1764.7,1057.3,2822.1,0.6253,0.7912,27.0,1,12,0,0,0,0,0,0,2025-07-11,0.5,tier1,1,0,1,0,Atlético de Madrid,2025-07-08,220.0,,ac,0,0,0,2025-08-16,2026-05-24,,0,0.0,0
3,Sunderland,37259208,Romaine Mundle,yes,26.0,38,15,23,0.4756,542.4,984.4,1526.9,0.3553,0.3554,0.0,0,12,0,0,0,0,0,0,2024-02-04,0.5,tier1,1,0,1,0,Standard Liège,2024-02-01,219.0,,ac,0,0,0,2025-08-16,2026-05-24,,0,0.0,0
3,Sunderland,2875848,Aji Alese,yes,25.0,23,0,23,0.474,0.0,981.2,981.2,0.0,0.3074,0.0,0,10,0,0,2,0,0,0,2022-07-18,0.0,tier2,1,0,1,0,West Ham United U21,2022-07-15,219.0,,a,15,0,0,2025-08-16,2026-01-24,,0,0.0,0
3,Sunderland,4254,Bertrand Traoré,yes,27.0,35,16,19,0.5493,693.9,939.3,1633.2,0.4249,0.496,0.0,0,12,0,0,0,0,0,0,2025-09-04,0.5,tier1,1,0,1,0,Ajax,2025-09-01,219.0,,bc,3,0,0,2025-09-13,2026-05-24,,0,0.0,0
3,Sunderland,12433171,Dan Ballard,yes,25.0,38,29,9,0.8075,2000.5,654.1,2654.6,0.7536,0.9094,57.2,1,11,0,0,0,1,0,0,2022-07-04,0.0,tier2,1,0,1,0,Arsenal U21,2022-07-01,219.0,,ac,0,0,0,2025-08-16,2026-05-24,,0,0.0,0
3,Sunderland,37581992,Habib Diarra,yes,26.0,38,21,17,0.4043,1234.2,618.5,1852.7,0.6662,0.674,0.0,0,12,0,0,0,0,0,0,2025-07-04,0.5,tier1,1,0,1,0,Strasbourg,2025-07-01,219.0,,ac,0,0,0,2025-08-16,2026-05-24,,0,0.0,0
3,Sunderland,37336214,Leo Hjelde,yes,25.0,24,5,19,0.3356,141.0,573.9,714.8,0.1972,0.0,0.0,0,0,0,0,12,0,0,0,2024-02-02,0.45,data_club,1,0,1,0,Leeds United,2024-01-30,219.0,,bc,14,0,0,2025-08-16,2026-02-02,,0,0.0,0
3,Sunderland,5999,Luke O'Nien,yes,25.0,38,29,9,0.6946,855.7,562.6,1418.3,0.6033,0.509,23.5,1,12,0,0,0,0,0,0,2018-08-02,0.45,data_club,1,0,1,0,Wycombe Wanderers,2018-07-30,219.0,,ac,0,0,0,2025-08-16,2026-05-24,,0,0.0,0
3,Sunderland,37630179,Noah Sadiki,yes,26.0,38,33,5,0.9762,2613.9,439.3,3053.2,0.8561,0.966,0.0,0,12,0,0,0,0,0,0,2025-07-07,0.5,tier1,1,0,1,0,Union Saint-Gilloise,2025-07-04,219.0,,ac,0,0,0,2025-08-16,2026-05-24,,0,0.0,0
3,Sunderland,1887,Granit Xhaka,yes,26.0,38,34,4,0.9813,2633.0,353.3,2986.3,0.8817,0.8745,0.0,0,12,0,0,0,0,0,0,2025-08-02,0.5,tier1,1,0,1,0,Bayer 04 Leverkusen,2025-07-30,219.0,,ac,0,0,0,2025-08-16,2026-05-24,,0,0.0,0
3,Sunderland,37590634,Chemsdine Talbi,yes,27.0,38,31,7,0.5234,1539.3,329.7,1869.0,0.8236,0.4542,0.0,0,12,0,0,0,0,0,0,2025-07-12,0.5,tier1,1,0,1,0,Club Brugge,2025-07-09,219.0,,ac,0,0,0,2025-08-16,2026-05-24,,0,0.0,0
3,Sunderland,97669,Nordi Mukiele,yes,25.0,37,33,4,0.8125,2508.5,292.5,2801.0,0.8956,0.8278,0.0,0,12,0,0,0,0,0,0,2025-08-20,0.5,tier1,1,0,1,0,Paris Saint Germain,2025-08-17,219.0,,ac,0,0,0,2025-08-23,2026-05-24,,0,0.0,0
3,Sunderland,37397144,Robin Roefs,yes,24.0,38,35,3,1.0,2565.0,270.0,2835.0,0.9048,1.0,0.0,0,12,0,0,0,0,0,0,2025-08-04,0.0,none,1,1,1,0,NEC Nijmegen,2025-08-01,219.0,,ac,0,0,0,2025-08-16,2026-05-24,,0,0.0,0
3,Sunderland,37567350,Nilson Angulo,yes,26.0,14,8,6,0.4162,295.8,224.7,520.6,0.5683,0.3607,0.0,0,8,0,0,0,0,4,0,2026-02-05,0.5,tier1,1,0,1,0,Anderlecht,2026-02-02,219.0,,ac,1,0,0,2026-02-07,2026-05-24,,0,0.0,0
3,Sunderland,37781519,Djiamgone Jocelin Ta Bi,yes,27.0,16,5,11,0.2051,32.0,203.1,235.1,0.1363,0.0307,0.0,0,5,0,0,0,0,7,0,2026-01-19,0.35,tier2,1,0,1,0,Maccabi Netanya,2026-01-16,219.0,,ac,1,0,0,2026-01-24,2026-05-24,,0,0.0,0
3,Sunderland,258137,Omar Alderete,yes,25.0,38,35,3,0.7458,2630.5,201.4,2831.9,0.9289,0.8241,0.0,0,12,0,0,0,0,0,0,2025-08-15,0.5,tier1,1,0,1,0,Getafe,2025-08-12,219.0,,ac,0,0,0,2025-08-16,2026-05-24,,0,0.0,0
3,Sunderland,37705825,Milan Aleksic,yes,27.0,18,2,16,0.1356,24.4,195.3,219.7,0.1111,0.1356,0.0,0,12,0,0,0,0,0,0,2024-09-02,0.35,tier2,1,0,1,0,Radnički Kragujevac,2024-08-30,219.0,,bc,20,0,0,2025-08-16,2026-05-24,,0,0.0,0
3,Sunderland,37589618,Harrison Jones,yes,26.0,38,15,23,0.0825,95.9,170.9,266.8,0.3595,0.0,0.0,0,12,0,0,0,0,0,0,,0.0,none,1,0,0,1,,,,Sunderland U21,bc,0,0,0,2025-08-16,2026-05-24,,0,0.0,0
3,Sunderland,7330507,Brian Brobbey,yes,27.0,35,33,2,0.8555,1700.1,154.0,1854.1,0.9169,0.8689,0.0,0,12,0,0,0,0,0,0,2025-09-04,0.5,tier1,1,0,1,0,Ajax,2025-09-01,219.0,,ac,0,0,0,2025-09-13,2026-05-24,,0,0.0,0
3,Sunderland,3449,Alan Browne,no,26.0,3,0,3,0.5505,0.0,148.6,148.6,0.0,0.0,0.0,0,0,0,0,12,0,0,0,2024-07-14,0.45,data_club,1,0,1,0,Preston North End,2024-07-11,220.0,,a,35,0,0,2025-08-16,2025-08-30,,0,0.0,0
3,Sunderland,1941,Arthur Masuaku,yes,25.0,23,11,12,0.136,232.6,146.8,379.5,0.6131,0.1165,0.0,0,11,0,0,0,0,1,0,2025-08-13,0.35,tier2,1,0,1,0,Beşiktaş,2025-08-10,220.0,,bc,15,0,0,2025-08-16,2026-01-24,,0,0.0,0
3,Sunderland,7026744,Enzo Le Fée,yes,26.0,38,36,2,0.779,2732.9,140.2,2873.2,0.9512,0.9249,0.0,0,12,0,0,0,0,0,0,2025-07-04,0.5,tier1,1,0,1,0,Roma,2025-01-10,218.0,,ac,0,0,0,2025-08-16,2026-05-24,,0,0.0,0
3,Sunderland,5666460,Wilson Isidor,yes,27.0,38,36,2,0.5445,1486.2,98.0,1584.2,0.9381,0.1665,0.0,0,12,0,0,0,0,0,0,2025-02-04,0.35,tier2,1,0,1,0,Zenit,2024-08-23,218.0,,ac,0,0,0,2025-08-16,2026-05-24,,0,0.0,0
3,Sunderland,37555816,Simon Adingra,yes,27.0,24,22,2,0.4128,845.4,74.3,919.7,0.9192,0.3255,0.0,0,12,0,0,0,0,0,0,2025-07-13,0.45,data_club,1,0,1,0,Brighton & Hove Albion,2025-07-10,219.0,,bc,14,0,0,2025-08-16,2026-02-02,,0,0.0,0
3,Sunderland,37598297,Chris Rigg,yes,26.0,38,36,2,0.2038,1011.1,36.7,1047.8,0.965,0.3529,0.0,0,12,0,0,0,0,0,0,,0.0,none,1,0,0,1,,,,Sunderland U21,ac,0,0,0,2025-08-16,2026-05-24,,0,0.0,0
3,Sunderland,23680764,Dan Neil,yes,26.0,23,22,1,0.0146,459.6,1.3,461.0,0.9971,0.0,0.0,0,0,0,12,0,0,0,0,,0.0,none,1,0,0,1,,,,Sunderland U21,bc,15,0,0,2025-08-16,2026-01-24,,0,0.0,0
3,Sunderland,2891,Simon Moore,yes,24.0,38,4,34,0.0,0.0,0.0,0.0,,0.0,0.0,0,12,0,0,0,0,0,0,2024-07-04,0.0,none,1,1,1,0,Coventry City,2024-07-01,220.0,,ac,0,0,0,2025-08-16,2026-05-24,,0,0.0,0
3,Sunderland,4277,Patrick Roberts,yes,26.0,3,3,0,0.0,180.4,0.0,180.4,1.0,0.0,0.0,0,0,0,0,12,0,0,0,2022-01-24,0.45,data_club,1,0,1,0,Manchester City,2022-01-21,220.0,,bc,35,0,0,2025-08-16,2025-08-30,,0,0.0,0
3,Sunderland,4598752,Lutsharel Geertruida,yes,25.0,35,35,0,0.6203,1656.3,0.0,1656.3,1.0,0.6203,0.0,0,12,0,0,0,0,0,0,2025-09-04,0.5,tier1,1,0,1,0,RB Leipzig,2025-09-01,218.0,,bc,3,0,0,2025-09-13,2026-05-24,,0,0.0,0
3,Sunderland,4969692,Anthony Patterson,yes,24.0,23,23,0,0.0,585.0,0.0,585.0,1.0,0.0,0.0,0,0,0,0,12,0,0,0,,0.0,none,1,1,0,1,,,,Sunderland U21,bc,15,0,0,2025-08-16,2026-01-24,,0,0.0,0
3,Sunderland,24816771,Trai Hume,yes,25.0,38,38,0,0.8431,3130.3,0.0,3130.3,1.0,0.8431,0.0,0,12,0,0,0,0,0,0,2022-01-07,0.35,tier2,1,0,1,0,Linfield,2022-01-04,219.0,,ac,0,0,0,2025-08-16,2026-05-24,,0,0.0,0
3,Sunderland,37325016,Melker Ellborg,yes,24.0,14,14,0,0.25,180.0,0.0,180.0,1.0,0.25,0.0,0,12,0,0,0,0,0,0,2026-02-04,0.0,none,1,1,1,0,Malmö FF,2026-02-01,219.0,,ac,1,0,0,2026-02-07,2026-05-24,,0,0.0,0
3,Sunderland,37342615,Abdoullah Ba,yes,26.0,38,0,38,0.0,0.0,0.0,0.0,,0.0,0.0,0,6,0,0,0,0,6,0,2022-09-03,0.5,tier1,1,0,1,0,Le Havre,2022-08-31,219.0,,a,0,0,0,2025-08-16,2026-05-24,,0,0.0,0
3,Sunderland,37546753,Jenson Seelt,yes,25.0,3,3,0,0.1447,21.2,0.0,21.2,1.0,0.1447,0.0,0,9,0,0,0,0,3,0,2023-07-04,0.5,tier1,1,0,1,0,Jong PSV,2023-07-01,219.0,,bc,35,0,0,2025-08-16,2025-08-30,,0,0.0,0
3,Sunderland,37581710,Ben Middlemas,no,26.0,38,0,38,0.0,0.0,0.0,0.0,,0.0,0.0,0,7,0,0,0,0,5,5,,0.0,none,1,0,0,1,,,,,b,0,0,0,2025-08-16,2026-05-24,,0,0.0,0
3,Sunderland,37610895,Eliezer Mayenda,yes,27.0,38,38,0,0.1752,1126.5,0.0,1126.5,1.0,0.1752,0.0,0,12,0,0,0,0,0,0,2023-07-31,0.5,tier1,1,0,1,0,Sochaux,2023-07-28,219.0,,bc,0,0,0,2025-08-16,2026-05-24,,0,0.0,0
3,Sunderland,37625184,Jack Whittaker,yes,26.0,9,1,8,0.0,0.0,0.0,0.0,,0.0,0.0,0,1,0,0,0,0,11,11,,0.0,none,1,0,0,1,,,,,bc,0,0,0,2026-03-14,2026-05-24,,0,0.0,0
3,Sunderland,37625186,Jaydon Jones,yes,26.0,9,1,8,0.0,0.0,0.0,0.0,,0.0,0.0,0,1,0,0,0,0,11,11,,0.0,none,1,0,0,1,,,,,bc,0,0,0,2026-03-14,2026-05-24,,0,0.0,0
3,Sunderland,37651677,Jenson Jones,yes,25.0,21,7,14,0.0,0.0,0.0,0.0,,0.0,0.0,0,7,0,0,0,0,5,5,,0.0,none,1,0,0,1,,,,,bc,0,0,0,2025-12-28,2026-05-24,,0,0.0,0
3,Sunderland,37660283,Ahmed Abdullahi,yes,27.0,38,0,38,0.0,0.0,0.0,0.0,,0.0,0.0,0,0,0,0,0,0,12,0,2024-09-02,0.5,tier1,0,0,1,0,Gent,2024-08-30,219.0,,b,0,0,0,2025-08-16,2026-05-24,,0,0.0,0
3,Sunderland,37664041,Marc Guiu,yes,27.0,3,3,0,0.3193,88.9,0.0,88.9,1.0,0.3193,0.0,0,12,12,0,0,0,0,0,2025-08-09,0.45,data_club,1,0,1,0,Chelsea,2025-08-06,218.0,,bc,35,0,0,2025-08-16,2025-08-30,,0,0.0,0
3,Sunderland,37673230,Timur Tuterov,yes,27.0,38,4,34,0.0,0.0,0.0,0.0,,0.0,0.0,0,5,0,0,0,0,7,7,,0.0,none,1,0,0,1,,,,,bc,0,0,0,2025-08-16,2026-05-24,,0,0.0,0
6,Tottenham Hotspur,14338024,Dejan Kulusevski,yes,26.0,38,0,38,0.7392,0.0,2528.2,2528.2,0.0,0.7393,0.0,0,12,0,0,0,0,0,0,2023-07-04,0.5,tier1,1,0,1,0,Juventus,2022-01-31,218.0,,a,0,0,0,2025-08-16,2026-05-24,,0,0.0,0
6,Tottenham Hotspur,6838,James Maddison,yes,26.0,38,6,32,0.5892,246.8,1696.9,1943.7,0.127,0.3271,0.0,0,12,0,0,0,0,0,0,2023-07-04,0.45,data_club,1,0,1,0,Leicester City,2023-07-01,219.0,,ac,0,0,0,2025-08-16,2026-05-24,,0,0.0,0
6,Tottenham Hotspur,5640849,Mohammed Kudus,yes,26.0,38,19,19,0.8265,1459.4,1413.4,2872.8,0.508,0.8241,0.0,0,12,0,0,0,0,0,0,2025-07-13,0.45,data_club,1,0,1,0,West Ham United,2025-07-10,219.0,,ac,0,0,0,2025-08-16,2026-05-24,,0,0.0,0
6,Tottenham Hotspur,23715982,Radu Dragusin,yes,25.0,38,21,17,0.8665,945.0,1325.7,2270.7,0.4162,0.3406,0.0,0,12,0,0,0,0,0,0,2024-01-14,0.5,tier1,1,0,1,0,Genoa,2024-01-11,219.0,,bc,0,0,0,2025-08-16,2026-05-24,,0,0.0,0
6,Tottenham Hotspur,4203,Dominic Solanke,yes,27.0,38,16,22,0.6279,924.2,1243.3,2167.5,0.4264,0.7743,0.0,0,12,0,0,0,0,0,0,2024-08-13,0.45,data_club,1,0,1,0,AFC Bournemouth,2024-08-10,219.0,,ac,0,0,0,2025-08-16,2026-05-24,,0,0.0,0
6,Tottenham Hotspur,333731,Cristian Romero,yes,25.0,38,23,15,0.8785,1648.7,1186.0,2834.7,0.5816,0.9023,54.7,2,10,0,0,0,2,0,0,2022-09-02,0.5,tier1,1,0,1,0,Atalanta,2021-08-06,218.0,,bc,0,0,0,2025-08-16,2026-05-24,,0,0.0,0
6,Tottenham Hotspur,32777506,Destiny Udogie,yes,25.0,38,21,17,0.645,1163.9,986.9,2150.8,0.5412,0.7386,0.0,0,12,0,0,0,0,0,0,2022-08-19,0.5,tier1,1,0,1,0,Udinese,2022-08-16,219.0,,ac,0,0,0,2025-08-16,2026-05-24,,0,0.0,0
6,Tottenham Hotspur,333797,Rodrigo Bentancur,yes,26.0,38,27,11,0.7552,1665.3,747.6,2412.9,0.6902,0.8773,0.0,0,12,0,0,0,0,0,0,2022-02-03,0.5,tier1,1,0,1,0,Juventus,2022-01-31,219.0,,ac,0,0,0,2025-08-16,2026-05-24,,0,0.0,0
6,Tottenham Hotspur,96870,Yves Bissouma,yes,26.0,38,15,23,0.3582,650.7,741.4,1392.1,0.4674,0.3843,0.0,0,12,0,0,0,0,0,0,2022-07-04,0.45,data_club,1,0,1,0,Brighton & Hove Albion,2022-07-01,219.0,,bc,0,0,0,2025-08-16,2026-05-24,,0,0.0,0
6,Tottenham Hotspur,989,Ben Davies,yes,25.0,38,14,24,0.247,497.6,533.4,1031.0,0.4826,0.1228,0.0,0,12,0,0,0,0,0,0,2014-07-26,0.45,data_club,1,0,1,0,Swansea City,2014-07-23,219.0,,ac,0,0,0,2025-08-16,2026-05-24,,0,0.0,0
6,Tottenham Hotspur,37593240,Wilson Odobert,yes,27.0,38,26,12,0.4698,1090.8,507.4,1598.1,0.6825,0.4698,0.0,0,12,0,0,0,0,0,0,2024-08-19,0.45,data_club,1,0,1,0,Burnley,2024-08-16,219.0,,ac,0,0,0,2025-08-16,2026-05-24,,0,0.0,0
6,Tottenham Hotspur,133779,Guglielmo Vicario,yes,24.0,38,33,5,1.0,2805.0,450.0,3255.0,0.8618,0.8333,0.0,0,12,0,0,0,0,0,0,2023-07-04,0.0,none,1,1,1,0,Empoli,2023-07-01,219.0,,bc,0,0,0,2025-08-16,2026-05-24,,0,0.0,0
6,Tottenham Hotspur,37317392,Xavi Simons,yes,26.0,35,28,7,0.6967,1738.6,438.9,2177.5,0.7984,0.6936,27.4,1,12,0,0,0,0,0,0,2025-09-01,0.5,tier1,1,0,1,0,RB Leipzig,2025-08-29,219.0,,ac,1,0,0,2025-09-13,2026-05-24,,0,0.0,0
6,Tottenham Hotspur,37607151,Lucas Bergvall,yes,26.0,38,28,10,0.3969,1218.1,357.2,1575.3,0.7732,0.2911,0.0,0,12,0,0,0,0,0,0,2024-07-04,0.35,tier2,1,0,1,0,Djurgården,2024-07-01,219.0,,ac,0,0,0,2025-08-16,2026-05-24,,0,0.0,0
6,Tottenham Hotspur,37342694,Pape Matar Sarr,yes,26.0,38,29,9,0.4259,1536.6,345.0,1881.6,0.8167,0.6123,0.0,0,12,0,0,0,0,0,0,2021-08-30,0.5,tier1,1,0,1,0,Metz,2021-08-27,219.0,,bc,0,0,0,2025-08-16,2026-05-24,,0,0.0,0
6,Tottenham Hotspur,219633,Richarlison,yes,27.0,38,33,5,0.7275,1766.8,327.4,2094.2,0.8437,0.625,0.0,0,12,0,0,0,0,0,0,2022-07-04,0.45,data_club,1,0,1,0,Everton,2022-07-01,219.0,,ac,0,0,0,2025-08-16,2026-05-24,,0,0.0,0
6,Tottenham Hotspur,8456257,Pedro Porro,yes,25.0,38,34,4,0.8874,2457.9,319.5,2777.4,0.885,0.94,0.0,0,12,0,0,0,0,0,0,2023-07-04,0.5,tier1,1,0,1,0,Sporting CP,2023-01-31,218.0,,ac,0,0,0,2025-08-16,2026-05-24,,0,0.0,0
6,Tottenham Hotspur,7026573,Djed Spence,yes,25.0,38,34,4,0.7454,2266.8,268.3,2535.1,0.8942,0.6048,0.0,0,12,0,0,0,0,0,0,2022-07-22,0.45,data_club,1,0,1,0,Middlesbrough,2022-07-19,219.0,,bc,0,0,0,2025-08-16,2026-05-24,,0,0.0,0
6,Tottenham Hotspur,540476,Brandon Austin,yes,24.0,38,10,28,0.0774,60.0,195.0,255.0,0.2353,0.0,0.0,0,12,0,0,0,0,0,0,,0.0,none,1,1,0,1,,,,Tottenham U21,ac,0,0,0,2025-08-16,2026-05-24,,0,0.0,0
6,Tottenham Hotspur,37296248,Micky van de Ven,yes,25.0,38,36,2,0.9583,2673.6,172.5,2846.1,0.9394,0.9531,52.0,1,11,0,0,0,1,0,0,2023-08-11,0.5,tier1,1,0,1,0,VfL Wolfsburg,2023-08-08,219.0,,ac,0,0,0,2025-08-16,2026-05-24,,0,0.0,0
6,Tottenham Hotspur,160072,João Palhinha,yes,26.0,38,35,3,0.6119,2083.3,165.2,2248.5,0.9265,0.6745,0.0,0,12,0,0,0,0,0,0,2025-08-06,0.5,tier1,1,0,1,0,FC Bayern München,2025-08-03,218.0,,bc,0,0,0,2025-08-16,2026-05-24,,0,0.0,0
6,Tottenham Hotspur,37597409,Kota Takai,yes,25.0,19,1,18,0.0903,0.0,146.2,146.2,0.0,0.0,0.0,0,1,0,0,0,0,11,0,2025-07-11,0.25,tier3,1,0,1,0,Kawasaki Frontale,2025-07-08,219.0,,bc,19,0,0,2025-08-16,2026-01-01,,0,0.0,0
6,Tottenham Hotspur,33079,Kevin Danso,yes,25.0,38,34,4,0.3733,1523.9,134.4,1658.3,0.919,0.8481,0.0,0,12,0,0,0,0,0,0,2025-07-04,0.5,tier1,1,0,1,0,Lens,2025-02-02,218.0,,bc,0,0,0,2025-08-16,2026-05-24,,0,0.0,0
6,Tottenham Hotspur,37581741,Archie Gray,yes,26.0,38,35,3,0.4461,1735.9,120.4,1856.3,0.9351,0.506,0.0,0,12,0,0,0,0,0,0,2024-07-05,0.45,data_club,1,0,1,0,Leeds United,2024-07-02,219.0,,ac,0,0,0,2025-08-16,2026-05-24,,0,0.0,0
6,Tottenham Hotspur,432872,Randal Kolo Muani,yes,27.0,35,32,3,0.4167,1463.6,112.5,1576.1,0.9286,0.5847,0.0,0,12,0,0,0,0,0,0,2025-09-04,0.5,tier1,1,0,1,0,Paris Saint Germain,2025-09-01,218.0,,bc,3,0,0,2025-09-13,2026-05-24,,0,0.0,0
6,Tottenham Hotspur,1494245,Conor Gallagher,yes,26.0,17,16,1,0.6966,949.6,62.7,1012.3,0.9381,0.7613,0.0,0,12,0,0,0,0,0,0,2026-01-17,0.5,tier1,1,0,1,0,Atlético de Madrid,2026-01-14,219.0,,ac,0,0,0,2026-01-17,2026-05-24,,0,0.0,0
6,Tottenham Hotspur,37689556,Souza,yes,25.0,15,12,3,0.1801,212.8,48.6,261.4,0.814,0.1315,0.0,0,12,0,0,0,0,0,0,2026-01-25,0.25,tier3,1,0,1,0,Santos,2026-01-22,219.0,,bc,23,0,0,2026-02-01,2026-05-24,,0,0.0,0
6,Tottenham Hotspur,37259210,Dane Scarlett,yes,27.0,23,11,12,0.0373,30.5,40.3,70.9,0.4309,0.0198,0.0,0,12,0,0,0,0,0,0,,0.0,none,1,0,0,1,,,,Tottenham U21,bc,15,0,0,2025-08-16,2026-01-24,,0,0.0,0
6,Tottenham Hotspur,25930790,Brennan Johnson,yes,27.0,19,18,1,0.3331,745.0,30.0,775.0,0.9613,0.5105,0.0,0,12,12,0,0,0,0,0,2023-09-04,0.45,data_club,1,0,1,0,Nottingham Forest,2023-09-01,219.0,,bc,19,0,0,2025-08-16,2026-01-01,,0,0.0,0
6,Tottenham Hotspur,37651089,Callum Olusesi,yes,26.0,38,8,30,0.0044,0.0,12.0,12.0,0.0,0.0167,0.0,0,12,0,0,0,0,0,0,,0.0,none,1,0,0,1,,,,,bc,0,0,0,2025-08-16,2026-05-24,,0,0.0,0
6,Tottenham Hotspur,37728385,Jun'ai Byfield,yes,25.0,31,6,25,0.0035,1.3,7.9,9.2,0.1429,0.0073,0.0,0,6,0,0,0,0,6,6,,0.0,none,1,0,0,1,,,,,bc,0,0,0,2025-10-19,2026-05-24,,0,0.0,0
6,Tottenham Hotspur,125482,Manor Solomon,yes,26.0,3,1,2,0.0,0.0,0.0,0.0,,0.0,0.0,0,1,0,0,11,0,0,0,2023-07-14,0.35,tier2,1,0,1,0,Shakhtar Donetsk,2023-07-11,220.0,,bc,35,0,0,2025-08-16,2025-08-30,,0,0.0,0
6,Tottenham Hotspur,37430162,Antonín Kinsky,yes,24.0,38,37,1,0.0,315.0,0.0,315.0,1.0,0.5833,0.0,0,12,0,0,0,0,0,0,2025-01-08,0.0,none,1,1,1,0,Slavia Praha,2025-01-05,219.0,,ac,0,0,0,2025-08-16,2026-05-24,,0,0.0,0
6,Tottenham Hotspur,37531504,Mathys Tel,yes,27.0,38,38,0,0.6545,1417.7,0.0,1417.7,1.0,0.6545,0.0,0,12,0,0,0,0,0,0,2025-07-04,0.5,tier1,1,0,1,0,FC Bayern München,2025-02-03,218.0,,ac,0,0,0,2025-08-16,2026-05-24,,0,0.0,0
6,Tottenham Hotspur,37566469,Rio Kyerematen,yes,26.0,15,2,13,0.0,0.0,0.0,0.0,,0.0,0.0,0,2,0,0,0,0,10,10,,0.0,none,1,0,0,1,,,,,bc,0,0,0,2026-02-01,2026-05-24,,0,0.0,0
6,Tottenham Hotspur,37624645,James Rowswell,yes,25.0,28,7,21,0.0,0.0,0.0,0.0,,0.0,0.0,0,7,0,0,0,0,5,5,,0.0,none,1,0,0,1,,,,,bc,0,0,0,2025-11-08,2026-05-24,,0,0.0,0
6,Tottenham Hotspur,37651091,Yusuf Akhamrich,yes,27.0,28,1,27,0.0,0.0,0.0,0.0,,0.0,0.0,0,1,0,0,0,0,11,11,,0.0,none,1,0,0,1,,,,,bc,0,0,0,2025-11-08,2026-05-24,,0,0.0,0
6,Tottenham Hotspur,37657587,Luka Vuskovic,yes,25.0,2,2,0,0.0,60.4,0.0,60.4,1.0,0.0,0.0,0,2,0,0,0,0,10,0,2025-07-04,0.35,tier2,1,0,1,0,Hajduk Split,2025-07-01,219.0,,bc,36,0,0,2025-08-16,2025-08-23,,0,0.0,0
6,Tottenham Hotspur,37696485,James Wilson,yes,27.0,12,2,10,0.0,0.0,0.0,0.0,,0.0,0.0,0,2,0,0,0,0,10,10,,0.0,none,1,0,0,1,,,,,bc,0,0,0,2026-02-22,2026-05-24,,0,0.0,0
6,Tottenham Hotspur,37728388,Luca Williams-Barnett,yes,26.0,38,6,32,0.0,0.0,0.0,0.0,,0.0,0.0,0,7,0,0,0,0,5,5,,0.0,none,1,0,0,1,,,,,bc,0,0,0,2025-08-16,2026-05-24,,0,0.0,0
6,Tottenham Hotspur,900888637,Luca Gunter,yes,,0,0,0,0.0,0.0,0.0,0.0,,0.0,0.0,0,0,0,0,0,0,12,12,,0.0,none,0,0,0,1,,,,,,0,0,0,,,,0,0.0,0
6,Tottenham Hotspur,901255575,Tynan Thompson,yes,,0,0,0,0.0,0.0,0.0,0.0,,0.0,0.0,0,0,0,0,0,0,12,12,,0.0,none,0,0,0,1,,,,,,0,0,0,,,,0,0.0,0
1,West Ham United,1155,James Ward-Prowse,yes,26.0,23,6,17,0.7868,425.8,1203.8,1629.6,0.2613,0.5313,0.0,0,12,12,0,0,0,0,0,2023-08-17,0.45,data_club,1,0,1,0,Southampton,2023-08-14,219.0,,bc,15,0,0,2025-08-16,2026-01-24,,0,0.0,0
1,West Ham United,5252,Aaron Wan-Bissaka,yes,25.0,38,30,8,0.8729,2398.2,628.5,3026.6,0.7924,0.5728,0.0,0,12,0,0,0,0,0,0,2024-08-16,0.45,data_club,1,0,1,0,Manchester United,2024-08-13,219.0,,bc,0,0,0,2025-08-16,2026-05-24,,0,0.0,0
1,West Ham United,529856,Jean-Clair Todibo,yes,25.0,38,30,8,0.7757,2084.2,558.5,2642.7,0.7887,0.3864,0.0,1,11,0,0,0,1,0,0,2025-07-04,0.5,tier1,1,0,1,0,Nice,2024-08-10,218.0,,bc,0,0,0,2025-08-16,2026-05-24,,0,0.0,0
1,West Ham United,37685630,El Hadji Malick Diouf,yes,25.0,38,32,6,0.9451,2315.1,510.4,2825.5,0.8194,0.9744,0.0,0,12,0,0,0,0,0,0,2025-07-18,0.35,tier2,1,0,1,0,Slavia Praha,2025-07-15,219.0,,bc,0,0,0,2025-08-16,2026-05-24,,0,0.0,0
1,West Ham United,9939203,Crysencio Summerville,yes,26.0,38,31,7,0.7281,2185.8,458.7,2644.5,0.8265,0.9692,0.0,0,12,0,0,0,0,0,0,2024-08-06,0.45,data_club,1,0,1,0,Leeds United,2024-08-03,219.0,,bc,0,0,0,2025-08-16,2026-05-24,,0,0.0,0
1,West Ham United,31532,Niclas Füllkrug,yes,27.0,19,10,9,0.5253,506.3,425.5,931.8,0.5433,0.4787,0.0,0,12,0,0,0,0,0,0,2024-08-08,0.5,tier1,1,0,1,0,Borussia Dortmund,2024-08-05,219.0,,bc,19,0,0,2025-08-16,2025-12-30,,0,0.0,0
1,West Ham United,220052,Lucas Paquetá,yes,26.0,23,18,5,0.9176,1349.2,412.9,1762.1,0.7657,0.8996,0.0,1,11,0,0,0,1,0,0,2022-09-01,0.5,tier1,1,0,1,0,Olympique Lyonnais,2022-08-29,219.0,,bc,15,0,0,2025-08-16,2026-01-24,,0,0.0,0
1,West Ham United,733,Lukasz Fabianski,yes,24.0,35,1,34,0.0833,7.5,255.0,262.5,0.0286,0.0833,0.0,0,12,0,0,0,0,0,0,2025-09-13,0.0,none,1,1,1,0,Swansea City,2018-07-01,219.0,,bc,3,0,0,2025-09-13,2026-05-24,,0,0.0,0
1,West Ham United,37581714,Ollie Scarles,yes,25.0,38,30,8,0.2926,991.0,210.7,1201.7,0.8247,0.0227,0.0,0,12,0,0,0,0,0,0,,0.0,none,1,0,0,1,,,,West Ham United U21,ac,0,0,0,2025-08-16,2026-05-24,,0,0.0,0
1,West Ham United,109417,Konstantinos Mavropanos,yes,25.0,38,34,4,0.5486,2244.9,197.5,2442.4,0.9191,0.92,0.0,0,12,0,0,0,0,0,0,2023-08-25,0.5,tier1,1,0,1,0,VfB Stuttgart,2023-08-22,219.0,,ac,0,0,0,2025-08-16,2026-05-24,,0,0.0,0
1,West Ham United,80655,Tomás Soucek,yes,26.0,38,35,3,0.6557,2068.9,177.0,2246.0,0.9212,0.9364,0.0,1,12,0,0,0,0,0,0,2020-07-30,0.35,tier2,1,0,1,0,Slavia Praha,2020-01-29,218.0,,ac,0,0,0,2025-08-16,2026-05-24,,0,0.0,0
1,West Ham United,37259213,Freddie Potts,yes,26.0,38,33,5,0.3656,1089.8,164.5,1254.3,0.8688,0.1876,0.0,0,12,0,0,0,0,0,0,,0.0,none,1,0,0,1,,,,West Ham United U21,bc,0,0,0,2025-08-16,2026-05-24,,0,0.0,0
1,West Ham United,37554917,Pablo,yes,27.0,19,15,4,0.4494,681.2,161.8,843.0,0.8081,0.6544,0.0,0,12,0,0,0,0,0,0,2026-01-05,0.5,tier1,1,0,1,0,Gil Vicente,2026-01-02,219.0,,ac,1,1,0,2026-01-03,2026-05-24,,0,0.0,0
1,West Ham United,37679255,Luís Guilherme,yes,27.0,20,8,12,0.1264,86.4,136.5,222.9,0.3878,0.1415,0.0,0,12,0,0,0,0,0,0,2024-07-04,0.25,tier3,1,0,1,0,Palmeiras,2024-07-01,219.0,,bc,18,0,0,2025-08-16,2026-01-03,,0,0.0,0
1,West Ham United,37672209,Ezra Mayers,yes,25.0,29,14,15,0.0983,73.5,132.6,206.2,0.3566,0.1233,0.0,0,12,0,0,0,0,0,0,,0.0,none,1,0,0,1,,,,,c,0,0,0,2025-11-02,2026-05-24,,0,0.0,0
1,West Ham United,54191,Igor Julio,yes,25.0,20,13,7,0.1457,223.4,91.8,315.2,0.7088,0.0833,0.0,0,12,6,0,0,0,0,0,2025-09-04,0.45,data_club,1,0,1,0,Brighton & Hove Albion,2025-09-01,218.0,,bc,18,0,0,2025-09-13,2026-01-24,,0,0.0,0
1,West Ham United,378629,Andy Irving,yes,26.0,22,15,7,0.1202,167.1,75.7,242.9,0.6882,0.1304,0.0,0,12,0,0,0,0,0,0,2023-09-03,0.35,tier2,1,0,1,0,Austria Klagenfurt,2023-08-31,219.0,,bc,16,0,0,2025-08-16,2026-01-17,,0,0.0,0
1,West Ham United,37602888,Callum Marshall,yes,27.0,21,6,15,0.0411,12.7,55.5,68.3,0.1866,0.0561,0.0,0,6,0,0,0,0,6,0,2022-01-07,0.0,unknown+override,1,0,1,0,Linfield U18,2022-01-04,219.0,West Ham United U21,bc,17,0,0,2025-08-16,2026-01-06,,0,0.0,0
1,West Ham United,1065,Callum Wilson,yes,27.0,38,37,1,0.5926,1288.3,53.3,1341.6,0.9602,0.3188,0.0,0,12,0,0,0,0,0,0,2025-08-05,0.45,data_club,1,0,1,0,Newcastle United,2025-08-02,220.0,,bc,0,0,0,2025-08-16,2026-05-24,,0,0.0,0
1,West Ham United,37585962,Soungoutou Magassa,yes,26.0,35,34,1,0.5194,1233.5,46.7,1280.3,0.9635,0.2216,0.0,0,12,0,0,0,0,0,0,2025-09-01,0.5,tier1,1,0,1,0,Monaco,2025-08-29,219.0,,ac,1,0,0,2025-09-13,2026-05-24,,0,0.0,0
1,West Ham United,254052,Edson Álvarez,yes,26.0,2,1,1,0.4946,51.4,44.5,95.9,0.5361,0.4946,0.0,0,12,0,0,0,0,0,0,2023-08-13,0.5,tier1,1,0,1,0,Ajax,2023-08-10,219.0,,ac,36,0,0,2025-08-16,2025-08-22,,0,0.0,0
1,West Ham United,498161,Maximilian Kilman,yes,25.0,38,34,4,0.1117,2148.1,40.2,2188.3,0.9816,0.0284,0.0,0,12,0,0,0,0,0,0,2024-07-09,0.45,data_club,1,0,1,0,Wolverhampton Wanderers,2024-07-06,219.0,,ac,0,0,0,2025-08-16,2026-05-24,,0,0.0,0
1,West Ham United,4241,Adama Traoré,yes,27.0,15,12,3,0.1416,68.8,38.2,107.1,0.6429,0.1416,0.0,0,12,0,0,0,0,0,0,2026-01-31,0.45,data_club,1,0,1,0,Fulham,2026-01-28,219.0,,bc,23,0,0,2026-01-31,2026-05-24,,0,0.0,0
1,West Ham United,37625510,Keiber Lamadrid,yes,26.0,10,3,7,0.0595,15.0,37.5,52.5,0.2857,0.0,0.0,0,3,0,0,0,0,9,0,2026-01-25,0.25,tier3,1,0,1,0,Deportivo La Guaira,2026-01-22,218.0,,c,0,0,0,2026-03-04,2026-05-24,,0,0.0,0
1,West Ham United,254081,Guido Rodríguez,yes,26.0,23,21,2,0.1349,246.2,24.3,270.4,0.9102,0.0884,0.0,0,12,0,0,0,0,0,0,2024-08-09,0.5,tier1,1,0,1,0,Real Betis,2024-08-06,220.0,,bc,15,0,0,2025-08-16,2026-01-24,,0,0.0,0
1,West Ham United,516291,Nayef Aguerd,yes,25.0,3,2,1,0.1667,7.5,15.0,22.5,0.3333,0.1667,0.0,0,2,0,0,0,0,10,0,2022-07-04,0.5,tier1,1,0,1,0,Rennes,2022-07-01,219.0,,bc,35,0,0,2025-08-16,2025-08-31,,0,0.0,0
1,West Ham United,96642,Maxwel Cornet,yes,27.0,3,0,3,0.0512,0.0,13.8,13.8,0.0,0.0512,0.0,0,5,5,0,0,0,7,0,2022-08-08,0.45,data_club,1,0,1,0,Burnley,2022-08-05,219.0,,a,35,0,0,2025-08-16,2025-08-31,,0,0.0,0
1,West Ham United,37546780,George Earthy,yes,26.0,38,6,32,0.0026,2.8,7.6,10.4,0.2727,0.0,0.0,0,0,0,12,0,0,0,0,,0.0,none,1,0,0,1,,,,West Ham United U21,bc,0,0,0,2025-08-16,2026-05-24,,0,0.0,0
1,West Ham United,37675130,Mohamadou Kanté,yes,26.0,29,24,5,0.0021,58.7,0.9,59.6,0.9843,0.0706,0.0,0,12,0,0,0,0,0,0,2024-08-25,0.5,tier1,1,0,1,0,Paris,2024-08-22,219.0,,ac,0,0,0,2025-11-02,2026-05-24,,0,0.0,0
1,West Ham United,1592,Jarrod Bowen,yes,26.0,38,38,0,0.9892,3368.2,0.0,3368.2,1.0,0.9892,0.0,0,12,0,0,0,0,0,0,2020-02-03,0.45,data_club,1,0,1,0,Hull City,2020-01-31,219.0,,ac,0,0,0,2025-08-16,2026-05-24,,0,0.0,0
1,West Ham United,4659,Kyle Walker-Peters,yes,25.0,38,38,0,0.3894,1620.5,0.0,1620.5,1.0,0.3894,0.0,0,12,0,0,0,0,0,0,2025-07-23,0.45,data_club,1,0,1,0,Southampton,2025-07-20,220.0,,ac,0,0,0,2025-08-16,2026-05-24,,0,0.0,0
1,West Ham United,95393,Alphonse Areola,yes,24.0,38,38,0,0.0,2295.0,0.0,2295.0,1.0,0.0,0.0,0,12,0,0,0,0,0,0,2022-07-04,0.0,none,1,1,1,0,Paris Saint Germain,2021-07-29,218.0,,ac,0,0,0,2025-08-16,2026-05-24,,0,0.0,0
1,West Ham United,100385,Axel Disasi,yes,25.0,14,14,0,0.9907,908.3,0.0,908.3,1.0,0.9907,0.0,0,12,0,0,0,0,0,0,2026-02-05,0.45,data_club,1,0,1,0,Chelsea,2026-02-02,218.0,,bc,24,0,0,2026-02-07,2026-05-24,,0,0.0,0
1,West Ham United,524055,Valentín Castellanos,yes,27.0,18,18,0,0.8202,1170.6,0.0,1170.6,1.0,0.8202,0.0,0,12,0,0,0,0,0,0,2026-01-08,0.5,tier1,1,0,1,0,Lazio,2026-01-05,219.0,,ac,1,1,0,2026-01-06,2026-05-24,,0,0.0,0
1,West Ham United,23730717,Mads Hermansen,yes,24.0,38,38,0,1.0,1035.0,0.0,1035.0,1.0,1.0,0.0,0,12,0,0,0,0,0,0,2025-08-12,0.0,none,1,1,1,0,Leicester City,2025-08-09,219.0,,ac,0,0,0,2025-08-16,2026-05-24,,0,0.0,0
1,West Ham United,37544306,Lewis Orford,yes,26.0,0,0,0,0.0505,0.0,0.0,0.0,,0.0505,0.0,0,5,0,0,0,0,7,7,,0.0,none,1,0,0,1,,,,West Ham United U21,,0,0,0,,,,0,0.0,0
1,West Ham United,37593153,Mateus Fernandes,yes,26.0,36,36,0,0.9888,2796.6,0.0,2796.6,1.0,0.9888,0.0,0,12,0,0,0,0,0,0,2025-09-01,0.45,data_club,1,0,1,0,Southampton,2025-08-29,219.0,,bc,3,1,0,2025-08-31,2026-05-24,,0,0.0,0
1,West Ham United,37594981,Finlay Herrick,yes,24.0,8,1,7,0.0,0.0,0.0,0.0,,0.0,0.0,0,1,0,0,0,0,11,11,,0.0,none,1,1,0,1,,,,,c,0,0,0,2026-03-22,2026-05-24,,0,0.0,0
1,West Ham United,37709291,Joshua Ajala,no,27.0,0,0,0,0.0,0.0,0.0,0.0,,0.0,0.0,0,0,0,0,0,0,12,12,,0.0,none,0,0,0,1,,,,,,0,0,0,,,,0,0.0,0
1,West Ham United,37732924,Airidas Golambeckis,yes,25.0,28,4,24,0.0,0.0,0.0,0.0,,0.0,0.0,0,4,0,0,0,0,8,8,,0.0,none,1,0,0,1,,,,,c,0,0,0,2025-11-08,2026-05-24,,0,0.0,0
29,Wolverhampton Wanderers,29303604,Toti Gomes,yes,25.0,38,26,12,0.6794,1716.5,733.7,2450.2,0.7005,0.5159,36.0,1,12,0,0,0,0,0,0,2020-09-05,0.5,tier1,1,0,1,0,Estoril,2020-09-02,219.0,,ac,0,0,0,2025-08-16,2026-05-24,,0,0.0,0
29,Wolverhampton Wanderers,80902,Ladislav Krejcí,yes,25.0,36,30,6,0.8856,2190.8,478.2,2669.0,0.8208,0.822,19.2,1,11,0,0,0,1,0,0,2025-08-31,0.5,tier1,1,0,1,0,Girona,2025-08-28,218.0,,c,1,1,0,2025-08-30,2026-05-24,,0,0.0,0
29,Wolverhampton Wanderers,37354841,Rodrigo Gomes,yes,27.0,38,26,12,0.4318,870.3,466.4,1336.7,0.6511,0.3878,0.0,0,12,0,0,0,0,0,0,2024-07-04,0.5,tier1,1,0,1,0,Sporting Braga,2024-07-01,219.0,,ac,0,0,0,2025-08-16,2026-05-24,,0,0.0,0
29,Wolverhampton Wanderers,99076,Jean-Ricner Bellegarde,yes,26.0,38,28,10,0.5136,1330.4,462.2,1792.7,0.7422,0.4752,0.0,0,12,0,0,0,0,0,0,2023-09-04,0.5,tier1,1,0,1,0,Strasbourg,2023-09-01,219.0,,ac,0,0,0,2025-08-16,2026-05-24,,0,0.0,0
29,Wolverhampton Wanderers,3301,Dan Bentley,yes,24.0,38,9,29,0.1667,202.5,435.0,637.5,0.3176,0.3333,0.0,0,12,0,0,0,0,0,0,2023-01-28,0.0,none,1,1,1,0,Bristol City,2023-01-25,219.0,,bc,0,0,0,2025-08-16,2026-05-24,,0,0.0,0
29,Wolverhampton Wanderers,3884,Matt Doherty,yes,25.0,38,26,12,0.4015,1014.5,433.6,1448.1,0.7006,0.1655,0.0,0,12,0,0,0,0,0,0,2023-07-23,0.5,tier1,1,0,1,0,Bohemians,2010-08-22,219.0,,bc,0,0,0,2025-08-16,2026-05-24,,0,0.0,0
29,Wolverhampton Wanderers,289398,Marshall Munetsi,yes,26.0,21,14,7,0.6413,1059.5,404.0,1463.5,0.7239,0.6413,0.0,0,12,0,0,0,0,0,0,2025-02-06,0.5,tier1,1,0,1,0,Reims,2025-02-03,219.0,,ac,17,0,0,2025-08-16,2026-01-07,,0,0.0,0
29,Wolverhampton Wanderers,37261923,Emmanuel Agbadou,yes,25.0,24,18,6,0.7151,1335.9,386.1,1722.1,0.7758,0.5783,30.5,1,11,0,0,0,1,0,0,2025-01-12,0.5,tier1,1,0,1,0,Reims,2025-01-09,219.0,,bc,14,0,0,2025-08-16,2026-01-31,,0,0.0,0
29,Wolverhampton Wanderers,159483,José Sá,yes,24.0,38,34,4,0.9993,2067.2,359.8,2426.9,0.8518,1.0,0.0,0,12,0,0,0,0,0,0,2021-07-18,0.0,none,1,1,1,0,Olympiacos F.C.,2021-07-15,219.0,,ac,0,0,0,2025-08-16,2026-05-24,,0,0.0,0
29,Wolverhampton Wanderers,37400484,Yerson Mosquera,yes,25.0,38,33,5,0.6737,1938.2,303.2,2241.3,0.8647,0.9235,0.0,0,12,0,0,0,0,0,0,2021-07-04,0.25,tier3,1,0,1,0,Atlético Nacional,2021-07-01,219.0,,ac,0,0,0,2025-08-16,2026-05-24,,0,0.0,0
29,Wolverhampton Wanderers,52868,Hwang Hee-Chan,yes,27.0,38,33,5,0.5949,1183.8,267.7,1451.5,0.8156,0.4405,0.0,0,12,0,0,0,0,0,0,2022-07-04,0.5,tier1,1,0,1,0,RB Leipzig,2021-08-29,218.0,,bc,0,0,0,2025-08-16,2026-05-24,,0,0.0,0
29,Wolverhampton Wanderers,37526007,André,yes,26.0,38,35,3,0.9076,2681.7,245.1,2926.7,0.9163,0.9934,0.0,0,12,0,0,0,0,0,0,2024-09-02,0.25,tier3,1,0,1,0,Fluminense,2024-08-30,219.0,,ac,0,0,0,2025-08-16,2026-05-24,,0,0.0,0
29,Wolverhampton Wanderers,37286738,Hugo Bueno,yes,25.0,38,35,3,0.7221,2010.1,195.0,2205.1,0.9116,0.7312,0.0,0,12,0,0,0,0,0,0,,0.0,none,1,0,0,1,,,,Wolves U21,ac,0,0,0,2025-08-16,2026-05-24,,0,0.0,0
29,Wolverhampton Wanderers,37402348,João Gomes,yes,26.0,38,36,2,0.8345,2787.1,150.2,2937.3,0.9489,0.8277,0.0,0,12,0,0,0,0,0,0,2023-02-02,0.25,tier3,1,0,1,0,Flamengo,2023-01-30,219.0,,bc,0,0,0,2025-08-16,2026-05-24,,0,0.0,0
29,Wolverhampton Wanderers,458682,Jørgen Strand Larsen,yes,27.0,24,22,2,0.7611,1528.0,137.0,1665.0,0.9177,0.6573,0.0,0,12,12,0,0,0,0,0,2025-07-04,0.5,tier1,1,0,1,0,Celta de Vigo,2024-07-02,218.0,,bc,14,0,0,2025-08-16,2026-01-31,,0,0.0,0
29,Wolverhampton Wanderers,459653,Santiago Bueno,yes,25.0,38,37,1,0.5833,2077.7,52.5,2130.2,0.9754,1.0,0.0,0,12,0,0,0,0,0,0,2023-09-03,0.5,tier1,1,0,1,0,Girona,2023-08-31,219.0,,ac,0,0,0,2025-08-16,2026-05-24,,0,0.0,0
29,Wolverhampton Wanderers,23269652,Ki-Jana Hoever,yes,25.0,21,17,4,0.1359,290.2,48.9,339.1,0.8557,0.0,0.0,0,0,0,0,12,0,0,0,2020-09-22,0.0,tier2,1,0,1,0,Liverpool U21,2020-09-19,219.0,,bc,17,0,0,2025-08-16,2026-01-07,,0,0.0,0
29,Wolverhampton Wanderers,785373,Jhon Arias,yes,26.0,25,24,1,0.5182,1002.6,46.6,1049.2,0.9555,0.5182,0.0,0,12,0,0,0,0,0,0,2025-07-27,0.25,tier3,1,0,1,0,Fluminense,2025-07-24,219.0,,bc,13,0,0,2025-08-16,2026-02-07,,0,0.0,0
29,Wolverhampton Wanderers,33166012,David Møller Wolfe,yes,25.0,38,37,1,0.4552,1097.4,41.0,1138.3,0.964,0.2848,0.0,0,12,0,0,0,0,0,0,2025-08-05,0.5,tier1,1,0,1,0,AZ Alkmaar,2025-08-02,219.0,,bc,0,0,0,2025-08-16,2026-05-24,,0,0.0,0
29,Wolverhampton Wanderers,37663391,Fer López,yes,27.0,23,20,3,0.1487,483.5,40.2,523.7,0.9233,0.1132,0.0,0,12,0,0,0,0,0,0,2025-07-04,0.5,tier1,1,0,1,0,Celta de Vigo,2025-07-01,219.0,,ac,15,0,0,2025-08-16,2026-01-24,,0,0.0,0
29,Wolverhampton Wanderers,37357499,Tawanda Chirewa,yes,26.0,23,7,16,0.0087,11.8,12.5,24.3,0.4864,0.0321,0.0,0,8,0,0,4,0,0,0,2023-09-21,0.0,unknown+override,1,0,1,0,Without Club,2023-09-18,219.0,Wolves U21,ac,15,0,0,2025-08-16,2026-01-24,,0,0.0,0
29,Wolverhampton Wanderers,37738333,Mateus Mané,yes,27.0,38,27,11,0.0068,1329.0,6.7,1335.6,0.995,0.8243,0.0,0,12,0,0,0,0,0,0,,0.0,none,1,0,0,1,,,,Wolves U21,ac,0,0,0,2025-08-16,2026-05-24,,0,0.0,0
29,Wolverhampton Wanderers,37729609,Pedro Lima,yes,25.0,22,18,4,0.0167,92.6,6.0,98.6,0.9391,0.2382,0.0,0,12,0,0,0,0,0,0,2024-07-04,0.25,tier3,1,0,1,0,Sport Recife,2024-07-01,219.0,,ac,16,0,0,2025-08-16,2026-05-24,,0,0.0,0
29,Wolverhampton Wanderers,37661374,Tom Edozie,yes,27.0,38,11,27,0.0016,12.2,4.0,16.2,0.7552,0.0199,0.0,0,12,0,0,0,0,0,0,,0.0,none,1,0,0,1,,,,,bc,0,0,0,2025-08-16,2026-05-24,,0,0.0,0
29,Wolverhampton Wanderers,1008,Sam Johnstone,yes,24.0,38,30,8,0.0,1080.0,0.0,1080.0,1.0,0.0,0.0,0,12,0,0,0,0,0,0,2024-09-02,0.0,none,1,1,1,0,Crystal Palace,2024-08-30,219.0,,bc,0,0,0,2025-08-16,2026-05-24,,0,0.0,0
29,Wolverhampton Wanderers,2951,Adam Armstrong,yes,27.0,14,14,0,0.8727,870.3,0.0,870.3,1.0,0.8727,0.0,0,12,0,0,0,0,0,0,2026-02-05,0.45,data_club,1,0,1,0,Southampton,2026-02-02,219.0,,ac,0,0,0,2026-02-07,2026-05-24,,0,0.0,0
29,Wolverhampton Wanderers,608285,Angel Gomes,yes,26.0,14,14,0,0.2876,581.6,0.0,581.6,1.0,0.2876,0.0,0,12,0,0,0,0,0,0,2026-02-05,0.5,tier1,1,0,1,0,Olympique Marseille,2026-02-02,218.0,,bc,24,0,0,2026-02-07,2026-05-24,,0,0.0,0
29,Wolverhampton Wanderers,1548028,Sasa Kalajdzic,yes,27.0,3,2,1,0.0,0.0,0.0,0.0,,0.0168,0.0,0,2,0,0,0,0,10,0,2022-09-03,0.5,tier1,1,0,1,0,VfB Stuttgart,2022-08-31,219.0,,bc,35,0,0,2025-08-16,2025-08-30,,0,0.0,0
29,Wolverhampton Wanderers,9605714,Tommy Doyle,yes,26.0,0,0,0,0.0,0.0,0.0,0.0,,0.0,0.0,0,0,0,0,12,0,0,0,2024-07-04,0.45,data_club,1,0,1,0,Manchester City,2023-09-01,218.0,,a,38,0,0,,,,0,0.0,0
29,Wolverhampton Wanderers,36084757,Boubacar Traoré,yes,26.0,0,0,0,0.0042,0.0,0.0,0.0,,0.0042,0.0,0,8,0,0,0,0,4,0,2023-07-04,0.5,tier1,1,0,1,0,Metz,2022-09-01,218.0,,a,38,0,0,,,,0,0.0,0
29,Wolverhampton Wanderers,37260431,Tolu Arokodare,yes,27.0,35,35,0,0.3866,1570.6,0.0,1570.6,1.0,0.3866,0.0,0,12,0,0,0,0,0,0,2025-09-04,0.5,tier1,1,0,1,0,Genk,2025-09-01,219.0,,bc,3,0,0,2025-09-13,2026-05-24,,0,0.0,0
29,Wolverhampton Wanderers,37298115,Alfie Brooks,yes,24.0,6,1,5,0.0,0.0,0.0,0.0,,0.0,0.0,0,1,0,0,0,0,11,11,,0.0,none,1,1,0,1,,,,,bc,0,0,0,2026-04-18,2026-05-24,,0,0.0,0
29,Wolverhampton Wanderers,37536877,Temple Ojinnaka,yes,26.0,38,2,36,0.0,0.0,0.0,0.0,,0.0,0.0,0,2,0,0,0,0,10,10,,0.0,none,1,0,0,1,,,,,bc,0,0,0,2025-08-16,2026-05-24,,0,0.0,0
29,Wolverhampton Wanderers,37540689,Alfie Pond,yes,25.0,38,1,37,0.0,0.0,0.0,0.0,,0.0,0.0,0,9,0,0,0,0,3,0,2022-09-04,0.35,unknown+override,1,0,1,0,Exeter City,2022-09-01,219.0,,bc,0,0,0,2025-08-16,2026-05-24,,0,0.0,0
29,Wolverhampton Wanderers,37551836,Jackson Tchatchoua,yes,25.0,37,37,0,0.5243,1967.3,0.0,1967.3,1.0,0.5243,0.0,0,12,0,0,0,0,0,0,2025-08-22,0.5,tier1,1,0,1,0,Hellas Verona,2025-08-19,219.0,,ac,0,0,0,2025-08-23,2026-05-24,,0,0.0,0
29,Wolverhampton Wanderers,37560477,Nathan Fraser,yes,27.0,38,0,38,0.0,0.0,0.0,0.0,,0.0,0.0,0,0,0,0,0,0,12,12,,0.0,none,1,0,0,1,,,,Wolves U21,a,0,0,0,2025-08-16,2026-05-24,,0,0.0,0
29,Wolverhampton Wanderers,37560802,Nasser Djiga,yes,25.0,0,0,0,0.0673,0.0,0.0,0.0,,0.0673,0.0,0,12,0,0,0,0,0,0,2025-02-06,0.35,tier2,1,0,1,0,Crvena Zvezda,2025-02-03,219.0,,a,38,0,0,,,,0,0.0,0
29,Wolverhampton Wanderers,37648542,Ethan Sutherland,yes,26.0,20,3,17,0.0,0.0,0.0,0.0,,0.0,0.0,0,3,0,0,0,0,9,9,,0.0,none,1,0,0,1,,,,,bc,0,0,0,2025-12-30,2026-05-24,,0,0.0,0
29,Wolverhampton Wanderers,37655932,Enso González,yes,27.0,38,4,34,0.0,0.0,0.0,0.0,,0.0,0.0,0,4,0,0,0,0,8,0,2023-09-03,0.25,tier3,1,0,1,0,Libertad,2023-08-31,219.0,,ac,0,0,0,2025-08-16,2026-05-24,,0,0.0,0
29,Wolverhampton Wanderers,37669514,Saheed Olagunju,yes,25.0,22,5,17,0.0,0.0,0.0,0.0,,0.0,0.0,0,5,0,0,0,0,7,7,,0.0,none,1,0,0,1,,,,,bc,0,0,0,2025-12-20,2026-05-24,,0,0.0,0
29,Wolverhampton Wanderers,37674887,Luke Rawlings,yes,26.0,22,5,17,0.0,0.0,0.0,0.0,,0.0,0.0,0,5,0,0,0,0,7,7,,0.0,none,1,0,0,1,,,,,bc,0,0,0,2025-12-20,2026-05-24,,0,0.0,0
29,Wolverhampton Wanderers,37707003,Josh Gracey,yes,24.0,4,2,2,0.0,0.0,0.0,0.0,,0.0,0.0,0,2,0,0,0,0,10,10,,0.0,none,1,1,0,1,,,,,bc,0,0,0,2026-05-02,2026-05-24,,0,0.0,0
29,Wolverhampton Wanderers,37915388,Jerome Abbey,yes,26.0,15,2,13,0.0,0.0,0.0,0.0,,0.0178,0.0,0,2,0,0,0,0,10,10,,0.0,none,1,0,0,1,,,,,bc,0,0,0,2026-01-31,2026-05-24,,0,0.0,0
