team_id,club,player_id,player,name_verified,position_id,E,N,A,xU,NET,NETabsence,RET,NETavailability,xU_asof,sent_off_mins,sent_off_n,slots_actual,slots_carried,slots_unseen,slots_expired,slots_sentoff,slots_empty,slots_empty_filled,arrival_eff,fill,origin_tier,named_anywhere,is_gk,is_import,academy,origin_from,origin_date,origin_type,youth_promo_from,elig_basis,fixtures_blocked_by_transfers,named_in_allowance,named_while_blocked,elig_first,elig_last,data_flag,fixtures_excluded,minutes_excluded,fixtures_force_retained
52,AFC Bournemouth,7655,Lloyd Kelly,yes,25.0,38,23,15,1.0,2055.0,1350.0,3405.0,0.6035,0.9722,0.0,0,12,0,0,0,0,0,0,2019-07-04,0.45,data_club,1,0,1,0,Bristol City,2019-07-01,219.0,,bc,0,0,0,2022-08-06,2023-05-28,,0,0.0,0
52,AFC Bournemouth,537493,Marcus Tavernier,yes,26.0,38,23,15,0.8493,1570.8,1146.5,2717.3,0.5781,0.7314,0.0,0,12,0,0,0,0,0,0,2022-08-04,0.45,data_club,1,0,1,0,Middlesbrough,2022-08-01,219.0,,ac,0,0,0,2022-08-06,2023-05-28,,0,0.0,0
52,AFC Bournemouth,9808,David Brooks,yes,26.0,38,11,27,0.4314,276.6,1048.3,1324.9,0.2088,0.1629,0.0,0,12,0,0,0,0,0,0,2018-07-04,0.45,data_club,1,0,1,0,Sheffield United,2018-07-01,219.0,,ac,0,0,0,2022-08-06,2023-05-28,,0,0.0,0
52,AFC Bournemouth,25591503,Jordan Zemura,yes,25.0,38,24,14,0.713,1570.4,898.4,2468.8,0.6361,0.6932,0.0,0,12,0,0,0,0,0,0,,0.0,none,1,0,0,1,,,,AFC Bournemouth U21,bc,0,0,0,2022-08-06,2023-05-28,,0,0.0,0
52,AFC Bournemouth,4371,Ryan Fredericks,yes,25.0,38,14,24,0.409,526.3,883.5,1409.8,0.3733,0.4356,0.0,0,12,0,0,0,0,0,0,2022-07-04,0.45,data_club,1,0,1,0,West Ham United,2022-07-01,220.0,,bc,0,0,0,2022-08-06,2023-05-28,,0,0.0,0
52,AFC Bournemouth,4613,Joe Rothwell,yes,26.0,38,27,11,0.4976,855.4,492.6,1348.0,0.6346,0.7116,0.0,0,12,0,0,0,0,0,0,2022-07-04,0.45,data_club,1,0,1,0,Blackburn Rovers,2022-07-01,220.0,,bc,0,0,0,2022-08-06,2023-05-28,,0,0.0,0
52,AFC Bournemouth,2511082,Hamed Traoré,yes,26.0,18,7,11,0.4497,332.0,445.2,777.3,0.4272,0.3909,0.0,0,7,0,0,0,0,5,0,2023-02-03,0.5,tier1,1,0,1,0,Sassuolo,2023-01-31,218.0,,bc,20,0,0,2023-02-04,2023-05-28,,0,0.0,0
52,AFC Bournemouth,4203,Dominic Solanke,yes,27.0,38,33,5,0.9571,2831.4,430.7,3262.1,0.868,0.9778,0.0,0,12,0,0,0,0,0,0,2019-01-07,0.45,data_club,1,0,1,0,Liverpool,2019-01-04,219.0,,bc,0,0,0,2022-08-06,2023-05-28,,0,0.0,0
52,AFC Bournemouth,128798,Neto,yes,24.0,37,30,7,0.6778,1799.0,427.0,2226.0,0.8082,1.0,0.0,0,12,0,0,0,0,0,0,2022-08-10,0.0,none,1,1,1,0,FC Barcelona,2022-08-07,220.0,,bc,1,0,0,2022-08-13,2023-05-28,,0,0.0,0
52,AFC Bournemouth,513,Junior Stanislas,yes,26.0,38,9,29,0.1635,147.1,426.7,573.8,0.2564,0.1554,0.0,0,12,0,0,0,0,0,0,2014-07-04,0.45,data_club,1,0,1,0,Burnley,2014-07-01,220.0,,bc,0,0,0,2022-08-06,2023-05-28,,0,0.0,0
52,AFC Bournemouth,1834,Lewis Cook,yes,26.0,38,33,5,0.9347,2129.1,420.6,2549.7,0.835,0.2004,0.0,0,12,0,0,0,0,0,0,2016-07-11,0.45,data_club,1,0,1,0,Leeds United,2016-07-08,219.0,,ac,0,0,0,2022-08-06,2023-05-28,,0,0.0,0
52,AFC Bournemouth,339083,Chris Mepham,yes,25.0,38,33,5,0.7421,1970.2,334.0,2304.2,0.8551,0.5833,0.0,0,12,0,0,0,0,0,0,2019-01-25,0.45,data_club,1,0,1,0,Brentford,2019-01-22,219.0,,bc,0,0,0,2022-08-06,2023-05-28,,0,0.0,0
52,AFC Bournemouth,5917,Jack Stacey,yes,25.0,38,27,11,0.1687,557.6,167.1,724.6,0.7695,0.1155,0.0,0,12,0,0,0,0,0,0,2019-07-11,0.45,data_club,1,0,1,0,Luton Town,2019-07-08,219.0,,bc,0,0,0,2022-08-06,2023-05-28,,0,0.0,0
52,AFC Bournemouth,24065255,Illia Zabarnyi,yes,25.0,18,11,7,0.2625,79.6,165.4,244.9,0.3248,0.282,0.0,0,11,0,0,0,0,1,0,2023-02-03,0.35,tier2,1,0,1,0,Dynamo Kyiv,2023-01-31,219.0,,bc,20,0,0,2023-02-04,2023-05-28,,0,0.0,0
52,AFC Bournemouth,6087,Philip Billing,yes,26.0,38,36,2,0.8587,2614.1,154.6,2768.7,0.9442,0.8838,0.0,0,12,0,0,0,0,0,0,2019-08-01,0.45,data_club,1,0,1,0,Huddersfield Town,2019-07-29,219.0,,bc,0,0,0,2022-08-06,2023-05-28,,0,0.0,0
52,AFC Bournemouth,11541,Jamal Lowe,yes,27.0,18,10,8,0.2079,189.8,149.7,339.5,0.5591,0.0,0.0,0,0,0,0,12,0,0,0,2021-09-03,0.45,data_club,1,0,1,0,Swansea City,2021-08-31,219.0,,bc,20,0,0,2022-08-06,2023-01-03,,0,0.0,0
52,AFC Bournemouth,1393,Jack Stephens,yes,25.0,33,30,3,0.4625,1181.7,124.9,1306.5,0.9044,0.5833,0.0,0,12,0,0,0,0,0,0,2022-09-04,0.45,data_club,1,0,1,0,Southampton,2022-09-01,218.0,,bc,6,1,0,2022-09-03,2023-05-28,,0,0.0,0
52,AFC Bournemouth,6634,Ben Pearson,yes,26.0,20,14,6,0.2081,230.7,112.4,343.1,0.6725,0.0375,0.0,0,0,0,0,11,1,0,0,2021-02-01,0.45,data_club,1,0,1,0,Preston North End,2021-01-29,219.0,,bc,18,0,0,2022-08-06,2023-01-21,,0,0.0,0
52,AFC Bournemouth,1095,Adam Smith,yes,25.0,38,37,1,0.9737,3059.5,87.6,3147.1,0.9722,0.7547,0.0,0,12,0,0,0,0,0,0,2014-01-31,0.45,data_club,1,0,1,0,Tottenham Hotspur,2010-09-23,218.0,,ac,0,0,0,2022-08-06,2023-05-28,,0,0.0,0
52,AFC Bournemouth,186766,Jefferson Lerma,yes,26.0,38,37,1,0.9483,3201.7,85.3,3287.0,0.974,0.9844,0.0,0,12,0,0,0,0,0,0,2018-08-10,0.5,tier1,1,0,1,0,Levante,2018-08-07,219.0,,bc,0,0,0,2022-08-06,2023-05-28,,0,0.0,0
52,AFC Bournemouth,333989,Marcos Senesi,yes,25.0,37,36,1,0.8568,2356.8,77.1,2433.9,0.9683,0.7323,0.0,0,12,0,0,0,0,0,0,2022-08-11,0.5,tier1,1,0,1,0,Feyenoord,2022-08-08,219.0,,bc,1,0,0,2022-08-13,2023-05-28,,0,0.0,0
52,AFC Bournemouth,456276,Matías Viña,yes,25.0,18,16,2,0.3748,394.4,67.5,461.8,0.8539,0.4096,0.0,0,12,0,0,0,0,0,0,2023-02-02,0.5,tier1,1,0,1,0,Roma,2023-01-30,218.0,,bc,20,0,0,2023-02-04,2023-05-28,,0,0.0,0
52,AFC Bournemouth,5681,Kieffer Moore,yes,27.0,38,35,3,0.2486,1343.1,67.1,1410.2,0.9524,0.1549,0.0,0,12,0,0,0,0,0,0,2022-02-03,0.45,data_club,1,0,1,0,Cardiff City,2022-01-31,219.0,,bc,0,0,0,2022-08-06,2023-05-28,,0,0.0,0
52,AFC Bournemouth,1525103,Siriki Dembélé,yes,26.0,20,15,5,0.1167,153.5,52.5,206.0,0.7452,0.1136,0.0,0,12,0,0,0,0,0,0,2022-02-03,0.45,data_club,1,0,1,0,Peterborough United,2022-01-31,219.0,,bc,18,0,0,2022-08-06,2023-01-21,,0,0.0,0
52,AFC Bournemouth,83927,Emiliano Marcondes,yes,26.0,18,10,8,0.0722,137.0,52.0,189.0,0.7248,0.0722,0.0,0,12,0,0,0,0,0,0,2021-07-06,0.45,data_club,1,0,1,0,Brentford,2021-07-03,220.0,,bc,20,0,0,2022-08-06,2023-01-03,,0,0.0,0
52,AFC Bournemouth,10990678,Antoine Semenyo,yes,27.0,18,15,3,0.1329,494.3,35.9,530.2,0.9323,0.1329,0.0,0,12,0,0,0,0,0,0,2023-01-30,0.45,data_club,1,0,1,0,Bristol City,2023-01-27,219.0,,bc,20,0,0,2023-02-04,2023-05-28,,0,0.0,0
52,AFC Bournemouth,22169325,James Hill,yes,25.0,18,6,12,0.0035,1.9,3.8,5.7,0.3333,0.0035,0.0,0,11,0,0,0,0,1,0,2022-01-08,0.35,tier2,1,0,1,0,Fleetwood Town,2022-01-05,219.0,,ac,20,0,0,2022-08-06,2023-01-03,,0,0.0,0
52,AFC Bournemouth,37371069,Christian Saydee,yes,27.0,5,1,4,0.0047,0.4,1.7,2.1,0.2,0.0047,0.0,0,3,0,0,0,0,9,9,,0.0,none,1,0,0,1,,,,AFC Bournemouth U21,bc,33,0,0,2022-08-06,2022-08-31,,0,0.0,0
52,AFC Bournemouth,37549901,Owen Bevan,yes,25.0,5,1,4,0.0028,0.0,1.0,1.0,0.0,0.0112,0.0,0,1,0,0,0,0,11,0,2020-07-04,0.35,unknown+override,1,0,1,0,Bournemouth Jgd,2020-07-01,219.0,AFC Bournemouth U21,bc,33,0,0,2022-08-06,2022-08-31,,0,0.0,0
52,AFC Bournemouth,1449,Darren Randolph,yes,24.0,18,3,15,0.0,0.0,0.0,0.0,,0.0,0.0,0,3,0,0,9,0,0,0,2023-01-29,0.0,none,1,1,1,0,West Ham United,2023-01-26,219.0,,bc,20,0,0,2023-02-04,2023-05-28,,0,0.0,0
52,AFC Bournemouth,172752,Ryan Christie,yes,26.0,38,38,0,0.7006,1802.7,0.0,1802.7,1.0,0.7006,0.0,0,12,0,0,0,0,0,0,2021-09-03,0.35,tier2,1,0,1,0,Celtic,2021-08-31,219.0,,ac,0,0,0,2022-08-06,2023-05-28,,0,0.0,0
52,AFC Bournemouth,22169319,Mark Travers,yes,24.0,38,38,0,0.0833,1531.0,0.0,1531.0,1.0,0.0833,0.0,0,12,0,0,0,0,0,0,,0.0,none,1,1,0,1,,,,AFC Bournemouth U21,bc,0,0,0,2022-08-06,2023-05-28,,0,0.0,0
52,AFC Bournemouth,28932248,Ben Greenwood,yes,25.0,18,1,17,0.0,0.0,0.0,0.0,,0.0,0.0,0,1,0,0,0,0,11,11,,0.0,none,1,0,0,1,,,,,bc,0,0,0,2023-02-04,2023-05-28,,0,0.0,0
52,AFC Bournemouth,37259101,Gavin Kilkenny,yes,26.0,0,0,0,0.0,0.0,0.0,0.0,,0.0,0.0,0,0,0,12,0,0,0,0,,0.0,none,1,0,0,1,,,,AFC Bournemouth U21,b,38,0,0,,,,0,0.0,0
52,AFC Bournemouth,37325112,Will Dennis,yes,24.0,19,1,18,0.0,0.0,0.0,0.0,,0.0,0.0,0,8,0,0,0,0,4,4,,0.0,none,1,1,0,1,,,,AFC Bournemouth U21,bc,19,0,0,2022-08-06,2023-01-14,,0,0.0,0
52,AFC Bournemouth,37391326,Cameron Plain,yes,24.0,26,6,20,0.0,0.0,0.0,0.0,,0.0,0.0,0,6,0,0,0,0,6,6,,0.0,none,1,1,0,1,,,,,bc,0,0,0,2022-10-29,2023-05-28,,0,0.0,0
52,AFC Bournemouth,37391330,Euan Pollock,yes,27.0,19,3,16,0.0,0.0,0.0,0.0,,0.0,0.0,0,3,0,0,0,0,9,9,,0.0,none,1,0,0,1,,,,,bc,0,0,0,2023-01-21,2023-05-28,,0,0.0,0
52,AFC Bournemouth,37392849,Jaidon Anthony,yes,27.0,38,38,0,0.3,1563.1,0.0,1563.1,1.0,0.3,0.0,0,12,0,0,0,0,0,0,,0.0,none,1,0,0,1,,,,AFC Bournemouth U21,bc,0,0,0,2022-08-06,2023-05-28,,0,0.0,0
52,AFC Bournemouth,37543248,Dango Ouattara,yes,26.0,19,19,0,0.611,1149.3,0.0,1149.3,1.0,0.611,0.0,0,12,0,0,0,0,0,0,2023-01-22,0.5,tier1,1,0,1,0,Lorient,2023-01-19,219.0,,bc,20,1,0,2023-01-21,2023-05-28,,0,0.0,0
52,AFC Bournemouth,37549913,Michael Dacosta,yes,27.0,20,1,19,0.0,0.0,0.0,0.0,,0.0,0.0,0,1,0,0,0,0,11,11,,0.0,none,1,0,0,1,,,,,bc,0,0,0,2023-01-14,2023-05-28,,0,0.0,0
52,AFC Bournemouth,37592022,Dominic Sadi,yes,26.0,20,4,16,0.0,0.0,0.0,0.0,,0.0,0.0,0,4,0,0,0,0,8,8,,0.0,none,1,0,0,1,,,,,bc,0,0,0,2023-01-14,2023-05-28,,0,0.0,0
52,AFC Bournemouth,37608765,Max Kinsey,yes,25.0,18,1,17,0.0,0.0,0.0,0.0,,0.0,0.0,0,1,0,0,0,0,11,11,,0.0,none,1,0,0,1,,,,,bc,0,0,0,2023-02-04,2023-05-28,,0,0.0,0
52,AFC Bournemouth,37608777,Daniel Adu-Adjei,yes,27.0,6,3,3,0.0,0.0,0.0,0.0,,0.0,0.0,0,3,0,0,0,0,9,9,,0.0,none,1,0,0,1,,,,,bc,0,0,0,2023-01-14,2023-05-28,data mismatch: excluded,14,0.0,0
52,AFC Bournemouth,900655173,Brooklyn Genesini,yes,,0,0,0,0.0,0.0,0.0,0.0,,0.0,0.0,0,0,0,0,0,0,12,12,,0.0,none,0,0,0,1,,,,,,0,0,0,,,,0,0.0,0
52,AFC Bournemouth,900855087,Chris Francis,yes,,0,0,0,0.0,0.0,0.0,0.0,,0.0,0.0,0,0,0,0,0,0,12,12,,0.0,none,0,0,0,1,,,,,,0,0,0,,,data mismatch: excluded,0,0.0,0
19,Arsenal,1891,Mohamed Elneny,yes,26.0,38,9,29,0.4456,469.9,1163.0,1632.9,0.2878,0.3614,0.0,0,12,0,0,0,0,0,0,2016-01-17,0.35,tier2,1,0,1,0,Basel,2016-01-14,219.0,,bc,0,0,0,2022-08-05,2023-05-28,,0,0.0,0
19,Arsenal,5329,Gabriel Jesus,yes,27.0,38,26,12,0.9606,1920.9,1037.4,2958.3,0.6493,0.7686,0.0,0,12,0,0,0,0,0,0,2022-07-07,0.45,data_club,1,0,1,0,Manchester City,2022-07-04,219.0,,bc,0,0,0,2022-08-05,2023-05-28,,0,0.0,0
19,Arsenal,17544737,William Saliba,yes,25.0,38,27,11,1.0,1827.5,990.0,2817.5,0.6486,1.0,0.0,0,12,0,0,0,0,0,0,2019-07-28,0.5,tier1,1,0,1,0,Saint-Étienne,2019-07-25,219.0,,ac,0,0,0,2022-08-05,2023-05-28,,0,0.0,0
19,Arsenal,26603,Oleksandr Zinchenko,yes,25.0,38,27,11,0.8011,1981.0,793.1,2774.0,0.7141,0.8619,0.0,0,12,0,0,0,0,0,0,2022-07-25,0.45,data_club,1,0,1,0,Manchester City,2022-07-22,219.0,,bc,0,0,0,2022-08-05,2023-05-28,,0,0.0,0
19,Arsenal,186370,Thomas Partey,yes,26.0,38,33,5,0.97,2638.2,436.5,3074.7,0.858,0.7487,0.0,0,12,0,0,0,0,0,0,2020-10-08,0.5,tier1,1,0,1,0,Atlético de Madrid,2020-10-05,219.0,,bc,0,0,0,2022-08-05,2023-05-28,,0,0.0,0
19,Arsenal,310288,Takehiro Tomiyasu,yes,25.0,38,23,15,0.3167,953.6,427.5,1381.1,0.6905,0.247,0.0,0,12,0,0,0,0,0,0,2021-09-03,0.5,tier1,1,0,1,0,Bologna,2021-08-31,219.0,,bc,0,0,0,2022-08-05,2023-05-28,,0,0.0,0
19,Arsenal,1494446,Emile Smith Rowe,yes,26.0,38,23,15,0.2625,375.1,354.4,729.6,0.5142,0.0713,0.0,0,12,0,0,0,0,0,0,,0.0,none,1,0,0,1,,,,Arsenal U21,bc,0,0,0,2022-08-05,2023-05-28,,0,0.0,0
19,Arsenal,539961,Eddie Nketiah,yes,27.0,38,33,5,0.7868,1501.7,354.1,1855.8,0.8092,0.3095,0.0,0,12,0,0,0,0,0,0,,0.0,none,1,0,0,1,,,,Arsenal U21,bc,0,0,0,2022-08-05,2023-05-28,,0,0.0,0
19,Arsenal,1362,Cédric Soares,yes,25.0,19,12,7,0.3436,455.4,216.4,671.9,0.6778,0.0939,0.0,0,12,12,0,0,0,0,0,2020-07-04,0.45,data_club,1,0,1,0,Southampton,2020-01-31,218.0,,bc,19,0,0,2022-08-05,2023-01-22,,0,0.0,0
19,Arsenal,10959356,Gabriel Martinelli,yes,27.0,38,36,2,0.7949,2763.8,143.1,2906.9,0.9508,0.7949,0.0,0,12,0,0,0,0,0,0,2019-07-05,0.25,tier3,1,0,1,0,Ituano,2019-07-02,219.0,,bc,0,0,0,2022-08-05,2023-05-28,,0,0.0,0
19,Arsenal,537759,Reiss Nelson,yes,27.0,38,22,16,0.063,150.3,90.7,241.1,0.6236,0.1583,0.0,0,12,0,0,0,0,0,0,,0.0,none,1,0,0,1,,,,Arsenal U21,bc,0,0,0,2022-08-05,2023-05-28,,0,0.0,0
19,Arsenal,5270497,Fábio Vieira,yes,26.0,38,36,2,0.4792,679.7,86.2,765.9,0.8874,0.1202,0.0,0,12,0,0,0,0,0,0,2022-07-04,0.5,tier1,1,0,1,0,Porto,2022-07-01,219.0,,bc,0,0,0,2022-08-05,2023-05-28,,0,0.0,0
19,Arsenal,26823,Martin Ødegaard,yes,26.0,38,37,1,0.9485,3134.5,85.4,3219.8,0.9735,0.9074,0.0,0,12,0,0,0,0,0,0,2021-08-23,0.5,tier1,1,0,1,0,Real Madrid,2021-01-27,218.0,,ac,0,0,0,2022-08-05,2023-05-28,,0,0.0,0
19,Arsenal,1887,Granit Xhaka,yes,26.0,38,37,1,0.8649,3044.4,77.8,3122.2,0.9751,0.8134,0.0,0,12,0,0,0,0,0,0,2016-07-04,0.5,tier1,1,0,1,0,Borussia Mönchengladbach,2016-07-01,219.0,,bc,0,0,0,2022-08-05,2023-05-28,,0,0.0,0
19,Arsenal,4344,Ainsley Maitland-Niles,yes,26.0,5,0,5,0.1466,0.0,66.0,66.0,0.0,0.5333,0.0,0,12,12,0,0,0,0,0,,0.0,none,1,0,0,1,,,,Arsenal U21,b,33,0,0,2022-08-05,2022-08-31,,0,0.0,0
19,Arsenal,37567314,Marquinhos,yes,27.0,19,15,4,0.1723,86.1,62.0,148.1,0.5812,0.0208,0.0,0,0,0,0,11,1,0,0,2022-07-04,0.25,tier3,1,0,1,0,São Paulo,2022-07-01,219.0,,bc,19,0,0,2022-08-05,2023-01-22,,0,0.0,0
19,Arsenal,8403613,Jakub Kiwior,yes,25.0,19,18,1,0.2083,361.9,18.8,380.7,0.9507,0.3956,0.0,0,12,0,0,0,0,0,0,2023-01-26,0.5,tier1,1,0,1,0,Spezia,2023-01-23,219.0,,bc,19,0,0,2023-02-04,2023-05-28,,0,0.0,0
19,Arsenal,538907,Albert Sambi Lokonga,yes,26.0,19,18,1,0.1868,300.4,16.8,317.2,0.947,0.1998,0.0,0,12,12,0,0,0,0,0,2021-07-22,0.5,tier1,1,0,1,0,Anderlecht,2021-07-19,219.0,,bc,19,0,0,2022-08-05,2023-01-22,,0,0.0,0
19,Arsenal,96656,Nicolas Pepe,yes,27.0,3,2,1,0.1153,24.5,10.4,34.9,0.7026,0.1153,0.0,0,12,0,0,0,0,0,0,2019-08-04,0.5,tier1,1,0,1,0,LOSC Lille,2019-08-01,219.0,,bc,35,0,0,2022-08-05,2022-08-20,,0,0.0,0
19,Arsenal,37568808,Ethan Nwaneri,yes,26.0,32,1,31,0.0017,0.0,4.8,4.8,0.0,0.0017,0.0,0,1,0,0,0,0,11,11,,0.0,none,1,0,0,1,,,,Arsenal U21,bc,0,0,0,2022-09-18,2023-05-28,,0,0.0,0
19,Arsenal,1901,Rob Holding,yes,25.0,38,38,0,0.5086,696.0,0.0,696.0,1.0,0.5086,0.0,0,12,0,0,0,0,0,0,2016-07-25,0.45,data_club,1,0,1,0,Bolton Wanderers,2016-07-22,219.0,,bc,0,0,0,2022-08-05,2023-05-28,,0,0.0,0
19,Arsenal,3259,Ben White,yes,25.0,38,38,0,0.9792,2859.8,0.0,2859.8,1.0,0.9792,0.0,0,12,0,0,0,0,0,0,2021-08-02,0.45,data_club,1,0,1,0,Brighton & Hove Albion,2021-07-30,219.0,,ac,0,0,0,2022-08-05,2023-05-28,,0,0.0,0
19,Arsenal,9438,Aaron Ramsdale,yes,24.0,38,38,0,1.0,3420.0,0.0,3420.0,1.0,1.0,0.0,0,12,0,0,0,0,0,0,2021-08-23,0.0,none,1,1,1,0,Sheffield United,2021-08-20,219.0,,bc,0,0,0,2022-08-05,2023-05-28,,0,0.0,0
19,Arsenal,61780,Leandro Trossard,yes,27.0,20,20,0,0.5737,935.1,0.0,935.1,1.0,0.5737,0.0,0,12,0,0,0,0,0,0,2023-01-23,0.45,data_club,1,0,1,0,Brighton & Hove Albion,2023-01-20,219.0,,bc,19,1,0,2023-01-22,2023-05-28,,0,0.0,0
19,Arsenal,97811,Gabriel Magalhães,yes,25.0,38,38,0,0.9845,3378.4,0.0,3378.4,1.0,0.9845,0.0,0,12,0,0,0,0,0,0,2020-09-04,0.5,tier1,1,0,1,0,LOSC Lille,2020-09-01,219.0,,ac,0,0,0,2022-08-05,2023-05-28,,0,0.0,0
19,Arsenal,129511,Jorginho,yes,26.0,19,19,0,0.4707,925.6,0.0,925.6,1.0,0.4707,0.0,0,12,0,0,0,0,0,0,2023-02-03,0.45,data_club,1,0,1,0,Chelsea,2023-01-31,219.0,,bc,19,0,0,2023-02-04,2023-05-28,,0,0.0,0
19,Arsenal,172960,Kieran Tierney,yes,25.0,38,38,0,0.305,1218.6,0.0,1218.6,1.0,0.305,0.0,0,12,0,0,0,0,0,0,2019-08-11,0.35,tier2,1,0,1,0,Celtic,2019-08-08,219.0,,bc,0,0,0,2022-08-05,2023-05-28,,0,0.0,0
19,Arsenal,262551,Matt Turner,yes,24.0,38,37,1,0.0,0.0,0.0,0.0,,0.0,0.0,0,12,0,0,0,0,0,0,2022-07-04,0.0,none,1,1,1,0,New England,2022-07-01,219.0,,bc,0,0,0,2022-08-05,2023-05-28,,0,0.0,0
19,Arsenal,9939183,Paweł Żuk,yes,26.0,0,0,0,0.0,0.0,0.0,0.0,,0.0,0.0,0,0,0,1,0,0,11,11,,0.0,none,1,0,0,1,,,,,,0,0,0,,,,0,0.0,0
19,Arsenal,13633389,Matt Smith,yes,25.0,38,3,35,0.0,0.0,0.0,0.0,,0.0,0.0,0,3,0,0,0,0,9,9,,0.0,none,1,0,0,1,,,,,bc,0,0,0,2022-08-05,2023-05-28,,0,0.0,0
19,Arsenal,16827155,Bukayo Saka,yes,27.0,38,38,0,0.8596,3176.8,0.0,3176.8,1.0,0.8596,0.0,0,12,0,0,0,0,0,0,,0.0,none,1,0,0,1,,,,Arsenal U21,ac,0,0,0,2022-08-05,2023-05-28,,0,0.0,0
19,Arsenal,22897102,Karl Hein,yes,24.0,38,1,37,0.0,0.0,0.0,0.0,,0.0,0.0,0,2,0,0,6,0,4,0,2018-07-04,0.0,none,1,1,1,0,Nomme United,2018-07-01,219.0,Arsenal U21,bc,0,0,0,2022-08-05,2023-05-28,,0,0.0,0
19,Arsenal,28912715,Nathan Butler-Oyedeji,yes,27.0,22,1,21,0.0,0.0,0.0,0.0,,0.0,0.0,0,1,0,0,0,0,11,11,,0.0,none,1,0,0,1,,,,,bc,0,0,0,2023-01-03,2023-05-28,,0,0.0,0
19,Arsenal,37436324,Mauro Bandeira,yes,26.0,2,2,0,0.0,0.0,0.0,0.0,,0.0,0.0,0,2,0,0,0,0,10,10,,0.0,none,1,0,0,1,,,,,bc,0,0,0,2023-05-20,2023-05-28,,0,0.0,0
19,Arsenal,37536817,Lino Sousa,yes,25.0,38,1,37,0.0,0.0,0.0,0.0,,0.0,0.0,0,1,0,0,0,0,11,0,2022-01-23,0.0,unknown+override,1,0,1,0,West Brom U18,2022-01-20,219.0,,bc,0,0,0,2022-08-05,2023-05-28,,0,0.0,0
19,Arsenal,37565025,Reuell Walters,yes,25.0,11,8,3,0.0,0.0,0.0,0.0,,0.0,0.0,0,8,0,0,0,0,4,4,,0.0,none,1,0,0,1,,,,,bc,0,0,0,2023-03-19,2023-05-28,,0,0.0,0
19,Arsenal,37565027,Bradley Ibrahim,yes,26.0,0,0,0,0.0,0.0,0.0,0.0,,0.0,0.0,0,0,0,0,0,0,12,12,,0.0,none,0,0,0,1,,,,,,0,0,0,,,,0,0.0,0
19,Arsenal,37565028,Amario Cozier-Duberry,yes,26.0,24,5,19,0.0,0.0,0.0,0.0,,0.0,0.0,0,5,0,0,0,0,7,7,,0.0,none,1,0,0,1,,,,,bc,0,0,0,2022-12-26,2023-05-28,,0,0.0,0
19,Arsenal,900503765,James Hillson,yes,,38,0,38,0.0,0.0,0.0,0.0,,0.0,0.0,0,0,0,0,0,0,12,0,2019-02-10,0.0,unknown+override,0,0,1,0,Reading U18,2019-02-07,218.0,,b,0,0,0,2022-08-05,2023-05-28,,0,0.0,0
19,Arsenal,900575219,Cătălin Cîrjan,yes,,0,0,0,0.0,0.0,0.0,0.0,,0.0,0.0,0,0,0,0,0,0,12,12,,0.0,none,0,0,0,1,,,,,,0,0,0,,,,0,0.0,0
15,Aston Villa,97626,Boubacar Kamara,yes,26.0,38,24,14,0.781,1586.9,984.1,2571.0,0.6172,0.7793,0.0,0,12,0,0,0,0,0,0,2022-07-04,0.5,tier1,1,0,1,0,Olympique Marseille,2022-07-01,220.0,,ac,0,0,0,2022-08-06,2023-05-28,,0,0.0,0
15,Aston Villa,6524,Matty Cash,yes,25.0,38,27,11,0.7117,1958.8,704.6,2663.4,0.7354,0.7144,0.0,0,12,0,0,0,0,0,0,2020-09-06,0.45,data_club,1,0,1,0,Nottingham Forest,2020-09-03,219.0,,ac,0,0,0,2022-08-06,2023-05-28,,0,0.0,0
15,Aston Villa,96689,Diego Carlos,yes,25.0,38,14,24,0.2597,270.7,561.0,831.6,0.3255,0.0246,0.0,0,12,0,0,0,0,0,0,2022-07-04,0.5,tier1,1,0,1,0,Sevilla,2022-07-01,219.0,,bc,0,0,0,2022-08-06,2023-05-28,,0,0.0,0
15,Aston Villa,95368,Lucas Digne,yes,25.0,38,32,6,0.9686,1848.0,523.0,2371.1,0.7794,0.2079,0.0,0,12,0,0,0,0,0,0,2022-01-16,0.45,data_club,1,0,1,0,Everton,2022-01-13,219.0,,bc,0,0,0,2022-08-06,2023-05-28,,0,0.0,0
15,Aston Villa,810,Philippe Coutinho,yes,26.0,38,22,16,0.2974,1029.7,428.2,1458.0,0.7063,0.2598,0.0,0,12,0,0,0,0,0,0,2022-07-04,0.5,tier1,1,0,1,0,FC Barcelona,2022-01-07,218.0,,bc,0,0,0,2022-08-06,2023-05-28,,0,0.0,0
15,Aston Villa,33716,Leon Bailey,yes,26.0,38,33,5,0.6261,1862.4,281.8,2144.2,0.8686,0.5425,0.0,0,12,0,0,0,0,0,0,2021-08-07,0.5,tier1,1,0,1,0,Bayer 04 Leverkusen,2021-08-04,219.0,,bc,0,0,0,2022-08-06,2023-05-28,,0,0.0,0
15,Aston Villa,25126,Marvelous Nakamba,yes,26.0,20,9,11,0.2053,169.8,203.2,373.0,0.4552,0.0,0.0,0,0,0,0,12,0,0,0,2019-08-04,0.5,tier1,1,0,1,0,Club Brugge,2019-08-01,219.0,,bc,18,0,0,2022-08-06,2023-01-21,,0,0.0,0
15,Aston Villa,172611,John McGinn,yes,26.0,38,35,3,0.7453,2679.6,201.2,2880.8,0.9302,0.9974,0.0,0,12,0,0,0,0,0,0,2018-08-11,0.35,tier2,1,0,1,0,Hibernian,2018-08-08,219.0,,ac,0,0,0,2022-08-06,2023-05-28,,0,0.0,0
15,Aston Villa,11705406,Jacob Ramsey,yes,26.0,38,35,3,0.7272,2531.2,196.3,2727.5,0.928,0.9646,0.0,0,12,0,0,0,0,0,0,,0.0,none,1,0,0,1,,,,Aston Villa U21,bc,0,0,0,2022-08-06,2023-05-28,,0,0.0,0
15,Aston Villa,1094,Tyrone Mings,yes,25.0,38,36,2,0.9583,3150.0,172.5,3322.5,0.9481,1.0,0.0,0,12,0,0,0,0,0,0,2019-07-11,0.45,data_club,1,0,1,0,AFC Bournemouth,2019-01-31,218.0,,ac,0,0,0,2022-08-06,2023-05-28,,0,0.0,0
15,Aston Villa,62423,Leander Dendoncker,yes,26.0,32,27,5,0.3078,894.1,138.5,1032.6,0.8659,0.3119,0.0,0,12,0,0,0,0,0,0,2022-09-04,0.45,data_club,1,0,1,0,Wolverhampton Wanderers,2022-09-01,219.0,,bc,6,0,0,2022-09-16,2023-05-28,,0,0.0,0
15,Aston Villa,12145,Ollie Watkins,yes,27.0,38,37,1,0.973,3086.4,87.6,3174.0,0.9724,0.9865,0.0,0,12,0,0,0,0,0,0,2020-09-12,0.45,data_club,1,0,1,0,Brentford,2020-09-09,219.0,,bc,0,0,0,2022-08-06,2023-05-28,,0,0.0,0
15,Aston Villa,1343,Emiliano Martínez,yes,24.0,38,37,1,0.9442,3156.5,85.0,3241.5,0.9738,0.9571,0.0,0,12,0,0,0,0,0,0,2020-09-19,0.0,none,1,1,1,0,Arsenal,2020-09-16,219.0,,bc,0,0,0,2022-08-06,2023-05-28,,0,0.0,0
15,Aston Villa,84540,Robin Olsen,yes,24.0,38,34,4,0.2225,353.5,80.1,433.6,0.8153,0.0429,0.0,0,12,0,0,0,0,0,0,2022-07-04,0.0,none,1,1,1,0,Roma,2022-01-18,218.0,,bc,0,0,0,2022-08-06,2023-05-28,,0,0.0,0
15,Aston Villa,84462,Ludwig Augustinsson,yes,25.0,20,12,8,0.1036,272.1,74.6,346.7,0.7848,0.0771,0.0,0,12,0,0,0,0,0,0,2022-07-14,0.5,tier1,1,0,1,0,Sevilla,2022-07-11,218.0,,bc,18,0,0,2022-08-06,2023-01-21,,0,0.0,0
15,Aston Villa,186585,Álex Moreno,yes,25.0,20,19,1,0.8232,1149.1,74.1,1223.2,0.9394,0.8232,0.0,0,12,0,0,0,0,0,0,2023-01-14,0.5,tier1,1,0,1,0,Real Betis,2023-01-11,219.0,,bc,19,1,0,2023-01-13,2023-05-28,,0,0.0,0
15,Aston Villa,96090,Morgan Sanson,yes,26.0,20,13,7,0.1068,49.3,67.3,116.6,0.4229,0.0177,0.0,0,12,0,0,0,0,0,0,2021-01-29,0.5,tier1,1,0,1,0,Olympique Marseille,2021-01-26,219.0,,bc,18,0,0,2022-08-06,2023-01-21,,0,0.0,0
15,Aston Villa,155138,Jan Bednarek,yes,25.0,15,13,2,0.2867,295.5,51.6,347.2,0.8513,0.8929,0.0,0,12,12,0,0,0,0,0,2022-09-04,0.45,data_club,1,0,1,0,Southampton,2022-09-01,218.0,,bc,24,1,0,2022-09-03,2023-01-21,,0,0.0,0
15,Aston Villa,28912777,Cameron Archer,yes,27.0,18,14,4,0.1388,297.3,50.0,347.3,0.8561,0.45,0.0,0,0,0,12,0,0,0,0,,0.45,data_club,1,0,1,0,Sheffield United,2024-07-11,219.0,Aston Villa U21,bc,20,0,0,2022-08-06,2023-01-04,,0,0.0,0
15,Aston Villa,1177,Calum Chambers,yes,25.0,38,36,2,0.2553,643.4,46.0,689.3,0.9333,0.1295,0.0,0,12,0,0,0,0,0,0,2022-01-30,0.45,data_club,1,0,1,0,Arsenal,2022-01-27,220.0,,bc,0,0,0,2022-08-06,2023-05-28,,0,0.0,0
15,Aston Villa,6201,Kortney Hause,yes,25.0,3,0,3,0.1289,0.0,34.8,34.8,0.0,0.0034,0.0,0,6,0,0,6,0,0,0,2019-07-04,0.45,data_club,1,0,1,0,Wolverhampton Wanderers,2019-01-07,218.0,,b,35,0,0,2022-08-06,2022-08-20,,0,0.0,0
15,Aston Villa,4254,Bertrand Traoré,yes,27.0,21,16,5,0.0651,192.6,29.3,221.9,0.868,0.1993,0.0,0,12,0,0,0,0,0,0,2020-09-22,0.5,tier1,1,0,1,0,Olympique Lyonnais,2020-09-19,219.0,,bc,17,0,0,2022-08-06,2023-05-28,,0,0.0,0
15,Aston Villa,37259239,Tim Iroegbunam,yes,26.0,5,2,3,0.0827,14.9,22.3,37.2,0.4,0.0,0.0,0,0,0,12,0,0,0,0,,0.0,none,1,0,0,1,,,,Aston Villa U21,bc,33,0,0,2022-08-06,2022-08-31,,0,0.0,0
15,Aston Villa,30071882,Jhon Durán,yes,27.0,18,17,1,0.0877,249.0,7.9,256.9,0.9693,0.0877,0.0,0,12,0,0,0,0,0,0,2023-01-26,0.25,tier3,1,0,1,0,Chicago Fire,2023-01-23,219.0,,bc,20,0,0,2023-02-04,2023-05-28,,0,0.0,0
15,Aston Villa,165,Ashley Young,yes,25.0,38,38,0,0.6936,1786.1,0.0,1786.1,1.0,0.6936,0.0,0,12,0,0,0,0,0,0,2021-07-04,0.5,tier1,1,0,1,0,Watford,2007-01-23,219.0,,bc,0,0,0,2022-08-06,2023-05-28,,0,0.0,0
15,Aston Villa,957,Jed Steer,yes,24.0,38,0,38,0.0,0.0,0.0,0.0,,0.0,0.0,0,6,0,0,6,0,0,0,2013-07-04,0.0,none,1,1,1,0,Norwich City,2013-07-01,219.0,,b,0,0,0,2022-08-06,2023-05-28,,0,0.0,0
15,Aston Villa,1450,Danny Ings,yes,27.0,19,19,0,0.5078,831.8,0.0,831.8,1.0,0.5078,0.0,0,12,12,0,0,0,0,0,2021-08-07,0.45,data_club,1,0,1,0,Southampton,2021-08-04,219.0,,bc,19,0,0,2022-08-06,2023-01-13,,0,0.0,0
15,Aston Villa,7124,Ezri Konsa,yes,25.0,38,38,0,1.0,3153.0,0.0,3153.0,1.0,1.0,0.0,0,12,0,0,0,0,0,0,2019-07-14,0.45,data_club,1,0,1,0,Brentford,2019-07-11,219.0,,bc,0,0,0,2022-08-06,2023-05-28,,0,0.0,0
15,Aston Villa,186660,Emiliano Buendía,yes,26.0,38,38,0,0.7959,2279.8,0.0,2279.8,1.0,0.7959,0.0,0,12,0,0,0,0,0,0,2021-07-04,0.45,data_club,1,0,1,0,Norwich City,2021-07-01,219.0,,ac,0,0,0,2022-08-06,2023-05-28,,0,0.0,0
15,Aston Villa,225000,Douglas Luiz,yes,26.0,38,38,0,0.9803,2861.8,0.0,2861.8,1.0,0.9803,0.0,1,12,0,0,0,0,0,0,2019-07-28,0.45,data_club,1,0,1,0,Manchester City,2019-07-25,219.0,,bc,0,0,0,2022-08-06,2023-05-28,,0,0.0,0
15,Aston Villa,529045,Viljami Sinisalo,yes,24.0,21,15,6,0.0,0.0,0.0,0.0,,0.0,0.0,0,12,0,0,0,0,0,0,,0.0,none,1,1,0,1,,,,Aston Villa U21,bc,17,0,0,2023-01-04,2023-05-28,,0,0.0,0
15,Aston Villa,9939183,Paweł Żuk,yes,26.0,0,0,0,0.0,0.0,0.0,0.0,,0.0,0.0,0,0,0,1,0,0,11,11,,0.0,none,1,0,0,1,,,,,,0,0,0,,,,0,0.0,0
15,Aston Villa,28575720,Filip Marschall,yes,24.0,33,1,32,0.0,0.0,0.0,0.0,,0.0,0.0,0,2,0,0,0,0,10,10,,0.0,none,1,1,0,1,,,,Aston Villa U21,bc,5,0,0,2022-09-03,2023-05-28,,0,0.0,0
15,Aston Villa,33587292,Sebastian Revan,yes,25.0,10,7,3,0.0,0.0,0.0,0.0,,0.0,0.0,0,7,0,0,0,0,5,5,,0.0,none,1,0,0,1,,,,,bc,0,0,0,2023-04-04,2023-05-28,,0,0.0,0
15,Aston Villa,37282898,Ben Chrisene,yes,25.0,38,0,38,0.0,0.0,0.0,0.0,,0.0,0.0,0,7,0,0,0,0,5,5,,0.0,none,1,0,0,1,,,,,b,0,0,0,2022-08-06,2023-05-28,,0,0.0,0
15,Aston Villa,37316839,James Wright,yes,24.0,11,1,10,0.0,0.0,0.0,0.0,,0.0,0.0,0,1,0,0,0,0,11,11,,0.0,none,1,1,0,1,,,,,c,0,0,0,2023-04-01,2023-05-28,,0,0.0,0
15,Aston Villa,37425229,Oliwier Zych,yes,24.0,17,2,15,0.0,0.0,0.0,0.0,,0.0,0.0,0,2,0,0,0,0,10,10,,0.0,none,1,1,0,1,,,,Aston Villa U21,bc,0,0,0,2023-02-12,2023-05-28,,0,0.0,0
15,Aston Villa,37536795,Sil Swinkels,yes,25.0,38,1,37,0.0,0.0,0.0,0.0,,0.0,0.0,0,1,0,0,0,0,11,0,2020-08-06,0.0,unknown+override,1,0,1,0,Vitesse U17,2020-08-03,219.0,,bc,0,0,0,2022-08-06,2023-05-28,,0,0.0,0
15,Aston Villa,37539349,Lamare Bogarde,yes,26.0,31,3,28,0.0,0.0,0.0,0.0,,0.0,0.0,0,4,0,0,0,0,8,8,,0.0,none,1,0,0,1,,,,Aston Villa U21,c,0,0,0,2022-10-02,2023-05-28,,0,0.0,0
15,Aston Villa,37547541,Tommi O'Reilly,yes,26.0,38,2,36,0.0,0.0,0.0,0.0,,0.0,0.0,0,6,0,0,0,0,6,6,,0.0,none,1,0,0,1,,,,,bc,0,0,0,2022-08-06,2023-05-28,,0,0.0,0
15,Aston Villa,37564236,Travis Patterson,yes,26.0,8,3,5,0.0,0.0,0.0,0.0,,0.0,0.0,0,3,0,0,0,0,9,9,,0.0,none,1,0,0,1,,,,,bc,0,0,0,2023-04-15,2023-05-28,,0,0.0,0
15,Aston Villa,37567882,Kadan Young,yes,26.0,23,5,18,0.0,0.0,0.0,0.0,,0.0,0.0,0,5,0,0,0,0,7,7,,0.0,none,1,0,0,1,,,,,bc,0,0,0,2022-12-26,2023-05-28,,0,0.0,0
236,Brentford,6970,Pontus Jansson,yes,25.0,38,15,23,0.7419,1088.7,1535.7,2624.3,0.4148,0.4226,0.0,0,12,0,0,0,0,0,0,2019-07-11,0.45,data_club,1,0,1,0,Leeds United,2019-07-08,219.0,,bc,0,0,0,2022-08-07,2023-05-28,,0,0.0,0
236,Brentford,31609,Christian Nørgaard,yes,26.0,38,22,16,0.9093,1791.5,1309.4,3100.9,0.5777,0.8996,0.0,0,12,0,0,0,0,0,0,2019-07-04,0.5,tier1,1,0,1,0,Fiorentina,2019-07-01,219.0,,bc,0,0,0,2022-08-07,2023-05-28,,0,0.0,0
236,Brentford,151418,Kristoffer Ajer,yes,25.0,38,19,19,0.6953,1190.1,1188.9,2378.9,0.5002,0.3118,0.0,0,12,0,0,0,0,0,0,2021-07-24,0.35,tier2,1,0,1,0,Celtic,2021-07-21,219.0,,ac,0,0,0,2022-08-07,2023-05-28,,0,0.0,0
236,Brentford,9274,Charlie Goode,yes,25.0,20,1,19,0.4704,44.0,804.3,848.3,0.0518,0.3125,0.0,0,4,0,0,7,1,0,0,2020-08-22,0.35,tier2,1,0,1,0,Northampton Town,2020-08-19,219.0,,bc,18,0,0,2022-08-07,2023-01-22,,0,0.0,0
236,Brentford,15665,Ethan Pinnock,yes,25.0,38,30,8,0.9347,2629.5,673.0,3302.5,0.7962,1.0,0.0,0,12,0,0,0,0,0,0,2019-07-05,0.45,data_club,1,0,1,0,Barnsley,2019-07-02,219.0,,bc,0,0,0,2022-08-07,2023-05-28,,0,0.0,0
236,Brentford,27440826,Aaron Hickey,yes,25.0,38,28,10,0.6433,1689.8,578.9,2268.8,0.7448,0.7723,0.0,0,12,0,0,0,0,0,0,2022-07-12,0.5,tier1,1,0,1,0,Bologna,2022-07-09,219.0,,ac,0,0,0,2022-08-07,2023-05-28,,0,0.0,0
236,Brentford,4341,Ivan Toney,yes,27.0,38,33,5,0.9942,2952.1,447.4,3399.5,0.8684,0.9903,0.0,0,12,0,0,0,0,0,0,2020-09-04,0.45,data_club,1,0,1,0,Peterborough United,2020-09-01,219.0,,bc,0,0,0,2022-08-07,2023-05-28,,0,0.0,0
236,Brentford,537108,Frank Onyeka,yes,26.0,38,27,11,0.3958,688.2,391.8,1080.0,0.6372,0.3796,0.0,0,12,0,0,0,0,0,0,2021-07-23,0.35,tier2,1,0,1,0,FC Midtjylland,2021-07-20,219.0,,bc,0,0,0,2022-08-07,2023-05-28,,0,0.0,0
236,Brentford,2510251,Shandon Baptiste,yes,26.0,38,28,10,0.3901,582.5,351.1,933.6,0.6239,0.1891,8.2,1,11,0,0,0,1,0,0,2020-02-03,0.45,data_club,1,0,1,0,Oxford United,2020-01-31,219.0,,bc,0,0,0,2022-08-07,2023-05-28,,0,0.0,0
236,Brentford,5007,Sergi Canós,yes,27.0,20,12,8,0.4365,239.3,314.3,553.6,0.4322,0.0861,0.0,0,12,0,0,0,0,0,0,2017-02-03,0.45,data_club,1,0,1,0,Liverpool U21,2015-08-31,218.0,,bc,18,0,0,2022-08-07,2023-01-22,,0,0.0,0
236,Brentford,28552845,Keane Lewis-Potter,yes,27.0,38,19,19,0.1726,544.5,295.2,839.7,0.6484,0.1114,0.0,0,12,0,0,0,0,0,0,2022-07-15,0.45,data_club,1,0,1,0,Hull City,2022-07-12,219.0,,ac,0,0,0,2022-08-07,2023-05-28,,0,0.0,0
236,Brentford,24613,Zanka,yes,25.0,38,33,5,0.4521,1069.0,203.5,1272.5,0.8401,0.3367,0.0,0,12,0,0,0,0,0,0,2021-09-12,0.35,tier2,1,0,1,0,Fenerbahçe,2021-09-09,220.0,,bc,0,0,0,2022-08-07,2023-05-28,,0,0.0,0
236,Brentford,456067,Mads Roerslev,yes,25.0,38,35,3,0.6478,1238.1,174.9,1413.0,0.8762,0.1776,0.0,0,12,0,0,0,0,0,0,2019-08-10,0.35,tier2,1,0,1,0,FC København,2019-08-07,219.0,,bc,0,0,0,2022-08-07,2023-05-28,,0,0.0,0
236,Brentford,36633,Vitaly Janelt,yes,26.0,38,35,3,0.6003,2126.0,162.1,2288.1,0.9292,0.7138,0.0,0,12,0,0,0,0,0,0,2020-10-06,0.5,tier1,1,0,1,0,VfL Bochum 1848,2020-10-03,219.0,,ac,0,0,0,2022-08-07,2023-05-28,,0,0.0,0
236,Brentford,7993,Rico Henry,yes,25.0,38,37,1,0.9924,3227.1,89.3,3316.5,0.9731,0.9281,0.0,0,12,0,0,0,0,0,0,2016-09-03,0.35,tier2,1,0,1,0,Walsall,2016-08-31,219.0,,ac,0,0,0,2022-08-07,2023-05-28,,0,0.0,0
236,Brentford,84426,Mathias Jensen,yes,26.0,38,37,1,0.794,2617.4,71.5,2688.9,0.9734,0.794,0.0,0,12,0,0,0,0,0,0,2019-07-13,0.5,tier1,1,0,1,0,Celta de Vigo,2019-07-10,219.0,,ac,0,0,0,2022-08-07,2023-05-28,,0,0.0,0
236,Brentford,8449373,Mikkel Damsgaard,yes,26.0,37,35,2,0.3617,970.7,65.1,1035.8,0.9371,0.4843,0.0,0,12,0,0,0,0,0,0,2022-08-13,0.5,tier1,1,0,1,0,Sampdoria,2022-08-10,219.0,,ac,0,0,0,2022-08-13,2023-05-28,,0,0.0,0
236,Brentford,191286,Saman Ghoddos,yes,27.0,38,34,4,0.0993,275.4,35.7,311.1,0.8852,0.0588,0.0,0,12,0,0,0,0,0,0,2021-01-17,0.5,tier1,1,0,1,0,Amiens SC,2020-09-21,218.0,,bc,0,0,0,2022-08-07,2023-05-28,,0,0.0,0
236,Brentford,6022,Tariqe Fosu,yes,26.0,2,0,2,0.0175,0.0,3.2,3.2,0.0,0.0,0.0,0,0,0,0,12,0,0,0,2020-02-03,0.45,data_club,1,0,1,0,Oxford United,2020-01-31,219.0,,b,36,0,0,2022-08-07,2022-08-13,,0,0.0,0
236,Brentford,3877087,Halil Dervisoglu,yes,27.0,5,2,3,0.0104,0.9,2.8,3.8,0.25,0.0,0.0,0,0,0,0,12,0,0,0,2020-01-06,0.5,tier1,1,0,1,0,Sparta Rotterdam,2020-01-03,219.0,,bc,33,0,0,2022-08-07,2022-08-30,,0,0.0,0
236,Brentford,1460,Ben Mee,yes,25.0,38,38,0,0.9889,3232.1,0.0,3232.1,1.0,0.9889,0.0,0,12,0,0,0,0,0,0,2022-07-25,0.45,data_club,1,0,1,0,Burnley,2022-07-22,220.0,,bc,0,0,0,2022-08-07,2023-05-28,,0,0.0,0
236,Brentford,3130,David Raya,yes,24.0,38,38,0,1.0,3420.0,0.0,3420.0,1.0,1.0,0.0,0,12,0,0,0,0,0,0,2019-07-09,0.0,none,1,1,1,0,Blackburn Rovers,2019-07-06,219.0,,bc,0,0,0,2022-08-07,2023-05-28,,0,0.0,0
236,Brentford,7306,Ellery Balcombe,yes,24.0,0,0,0,0.0,0.0,0.0,0.0,,0.0,0.0,0,0,0,0,0,0,12,12,,0.0,none,1,1,0,1,,,,,a,38,0,0,,,,0,0.0,0
236,Brentford,84594,Mads Bech,yes,25.0,7,7,0,0.3788,275.8,0.0,275.8,1.0,0.3788,0.0,0,12,0,0,0,0,0,0,,0.0,none,1,0,0,1,,,,,bc,31,0,0,2022-08-07,2023-01-14,,0,0.0,0
236,Brentford,96928,Yoane Wissa,yes,27.0,38,38,0,0.4555,1659.1,0.0,1659.1,1.0,0.4555,0.0,0,12,0,0,0,0,0,0,2021-08-13,0.5,tier1,1,0,1,0,Lorient,2021-08-10,219.0,,bc,0,0,0,2022-08-07,2023-05-28,,0,0.0,0
236,Brentford,129394,Thomas Strakosha,yes,24.0,38,17,21,0.0,0.0,0.0,0.0,,0.0,0.0,0,12,0,0,0,0,0,0,2022-07-17,0.0,none,1,1,1,0,Lazio,2022-07-14,220.0,,bc,0,0,0,2022-08-07,2023-05-28,,0,0.0,0
236,Brentford,339093,Josh Dasilva,yes,26.0,38,38,0,0.2938,1450.8,0.0,1450.8,1.0,0.2938,0.0,0,12,0,0,0,0,0,0,2018-08-24,0.0,tier2+override,1,0,1,0,Arsenal U21,2018-08-21,220.0,,c,0,0,0,2022-08-07,2023-05-28,,0,0.0,0
236,Brentford,529689,Bryan Mbeumo,yes,27.0,38,38,0,0.832,2882.4,0.0,2882.4,1.0,0.832,0.0,0,12,0,0,0,0,0,0,2019-08-08,0.5,tier1,1,0,1,0,Troyes,2019-08-05,219.0,,bc,0,0,0,2022-08-07,2023-05-28,,0,0.0,0
236,Brentford,27067062,Kevin Schade,yes,26.0,20,20,0,0.5196,696.4,0.0,696.4,1.0,0.5196,0.0,0,12,0,0,0,0,0,0,2023-01-07,0.5,tier1,1,0,1,0,SC Freiburg,2023-01-04,218.0,,c,0,0,0,2023-01-14,2023-05-28,,0,0.0,0
236,Brentford,28913061,Alex Gilbert,no,27.0,38,0,38,0.0,0.0,0.0,0.0,,0.0,0.0,0,0,0,0,0,0,12,12,,0.0,none,1,0,0,1,,,,,b,0,0,0,2022-08-07,2023-05-28,,0,0.0,0
236,Brentford,37308208,Tristan Crama,yes,25.0,27,4,23,0.0,0.0,0.0,0.0,,0.0,0.0,0,4,0,0,0,0,8,8,,0.0,none,1,0,0,1,,,,,bc,0,0,0,2022-10-23,2023-05-28,,0,0.0,0
236,Brentford,37389551,Michael Olakigbe,yes,26.0,11,1,10,0.0,0.0,0.0,0.0,,0.0,0.0,0,1,0,0,0,0,11,11,,0.0,none,1,0,0,1,,,,,bc,0,0,0,2023-04-01,2023-05-28,,0,0.0,0
236,Brentford,37391634,Matthew Cox,yes,24.0,38,21,17,0.0,0.0,0.0,0.0,,0.0,0.0,0,12,0,0,0,0,0,0,2021-07-25,0.0,none,1,1,1,0,AFC Wimbledon,2021-07-22,219.0,,bc,0,0,0,2022-08-07,2023-05-28,,0,0.0,0
236,Brentford,37509395,Yehor Yarmoliuk,yes,26.0,26,3,23,0.0,0.0,0.0,0.0,,0.0,0.0,0,3,0,0,0,0,9,0,2022-07-17,0.35,unknown+override,1,0,1,0,SC Dnipro-1,2022-07-14,219.0,,c,0,0,0,2022-10-29,2023-05-28,,0,0.0,0
236,Brentford,37536520,Fin Stevens,yes,25.0,26,9,17,0.0,0.0,0.0,0.0,,0.0,0.0,0,7,0,5,0,0,0,0,,0.0,none,1,0,0,1,,,,,bc,12,0,0,2022-08-07,2023-05-28,,0,0.0,0
236,Brentford,37653269,Ryan Trevitt,yes,26.0,31,6,25,0.0,0.0,0.0,0.0,,0.0,0.0,0,6,0,0,0,0,6,6,,0.0,none,1,0,0,1,,,,,bc,0,0,0,2022-10-01,2023-05-28,,0,0.0,0
78,Brighton & Hove Albion,1444078,Jakub Moder,yes,26.0,38,0,38,0.605,0.0,2069.1,2069.1,0.0,0.605,0.0,0,12,0,0,0,0,0,0,2020-10-07,0.35,tier2,1,0,1,0,Lech Poznań,2020-10-04,219.0,,b,0,0,0,2022-08-07,2023-05-28,,0,0.0,0
78,Brighton & Hove Albion,1149,Adam Lallana,yes,26.0,38,16,22,0.433,477.4,857.3,1334.6,0.3577,0.4645,0.0,0,12,0,0,0,0,0,0,2020-07-30,0.45,data_club,1,0,1,0,Liverpool,2020-07-27,220.0,,bc,0,0,0,2022-08-07,2023-05-28,,0,0.0,0
78,Brighton & Hove Albion,6504,Adam Webster,yes,25.0,38,31,7,0.8375,1963.4,527.6,2491.0,0.7882,0.5309,0.0,0,12,0,0,0,0,0,0,2019-08-06,0.45,data_club,1,0,1,0,Bristol City,2019-08-03,219.0,,bc,0,0,0,2022-08-07,2023-05-28,,0,0.0,0
78,Brighton & Hove Albion,627,Danny Welbeck,yes,27.0,38,32,6,0.8132,2106.4,439.2,2545.5,0.8275,0.4821,0.0,0,12,0,0,0,0,0,0,2020-10-21,0.45,data_club,1,0,1,0,Watford,2020-10-18,220.0,,bc,0,0,0,2022-08-07,2023-05-28,,0,0.0,0
78,Brighton & Hove Albion,9308200,Tariq Lamptey,yes,25.0,38,23,15,0.2866,527.7,386.9,914.6,0.5769,0.2866,0.0,0,12,0,0,0,0,0,0,2020-02-03,0.45,data_club,1,0,1,0,Chelsea,2020-01-31,219.0,,bc,0,0,0,2022-08-07,2023-05-28,,0,0.0,0
78,Brighton & Hove Albion,2423,Solly March,yes,26.0,38,33,5,0.835,2649.4,375.7,3025.2,0.8758,0.835,0.0,0,12,0,0,0,0,0,0,,0.0,none,1,0,0,1,,,,Brighton U18,bc,0,0,0,2022-08-07,2023-05-28,,0,0.0,0
78,Brighton & Hove Albion,24655,Joël Veltman,yes,25.0,38,33,5,0.8166,2432.8,367.5,2800.3,0.8688,0.6615,0.0,0,12,0,0,0,0,0,0,2020-08-01,0.5,tier1,1,0,1,0,Ajax,2020-07-29,219.0,,bc,0,0,0,2022-08-07,2023-05-28,,0,0.0,0
78,Brighton & Hove Albion,37259180,Levi Colwill,yes,25.0,38,28,10,0.3878,1052.0,349.0,1401.0,0.7509,0.6972,0.0,0,12,0,0,0,0,0,0,2022-08-08,0.45,data_club,1,0,1,0,Chelsea,2022-08-05,218.0,,bc,1,1,0,2022-08-07,2023-05-28,,0,0.0,0
78,Brighton & Hove Albion,216612,Alexis Mac Allister,yes,26.0,38,35,3,0.9723,2962.5,262.5,3225.0,0.9186,0.8253,0.0,0,12,0,0,0,0,0,0,2019-01-27,0.25,tier3,1,0,1,0,Argentinos Juniors,2019-01-24,219.0,,bc,0,0,0,2022-08-07,2023-05-28,,0,0.0,0
78,Brighton & Hove Albion,37253456,Evan Ferguson,yes,27.0,38,21,17,0.1493,600.4,228.5,828.9,0.7244,0.5949,0.0,0,12,0,0,0,0,0,0,2021-01-12,0.35,unknown+override,1,0,1,0,Bohemians,2021-01-09,219.0,Brighton U21,ac,0,0,0,2022-08-07,2023-05-28,,0,0.0,0
78,Brighton & Hove Albion,35280539,Jeremy Sarmiento,yes,26.0,38,20,18,0.1346,160.6,218.0,378.6,0.4242,0.1677,0.0,0,12,0,0,0,0,0,0,2021-07-05,0.0,tier1,1,0,1,0,Benfica U19,2021-07-02,219.0,,bc,0,0,0,2022-08-07,2023-05-28,,0,0.0,0
78,Brighton & Hove Albion,29419594,Julio Enciso,yes,26.0,38,31,7,0.1763,499.6,111.1,610.7,0.8181,0.5885,0.0,0,12,0,0,0,0,0,0,2022-07-04,0.25,tier3,1,0,1,0,Libertad,2022-07-01,219.0,,bc,0,0,0,2022-08-07,2023-05-28,,0,0.0,0
78,Brighton & Hove Albion,1854914,Enock Mwepu,yes,26.0,8,6,2,0.5152,239.9,92.7,332.6,0.7212,0.5152,0.0,0,12,0,0,0,0,0,0,2021-07-09,0.35,tier2,1,0,1,0,Salzburg,2021-07-06,219.0,,bc,30,0,0,2022-08-07,2022-10-08,,0,0.0,0
78,Brighton & Hove Albion,31504,Pascal Groß,yes,26.0,38,37,1,1.0,3122.3,90.0,3212.3,0.972,0.9758,0.0,0,12,0,0,0,0,0,0,2017-07-04,0.5,tier1,1,0,1,0,Ingolstadt,2017-07-01,219.0,,c,0,0,0,2022-08-07,2023-05-28,,0,0.0,0
78,Brighton & Hove Albion,37261500,Moisés Caicedo,yes,26.0,38,37,1,0.9771,3073.1,87.9,3161.0,0.9722,0.8863,0.0,0,12,0,0,0,0,0,0,2021-02-04,0.25,tier3,1,0,1,0,Independiente del Valle,2021-02-01,219.0,,bc,0,0,0,2022-08-07,2023-05-28,,0,0.0,0
78,Brighton & Hove Albion,37526157,Yasin Ayari,yes,26.0,19,15,4,0.2293,141.7,82.6,224.3,0.6319,0.0639,0.0,0,12,0,0,0,0,0,0,2023-02-02,0.35,tier2,1,0,1,0,AIK,2023-01-30,219.0,,ac,0,0,0,2023-02-04,2023-05-28,,0,0.0,0
78,Brighton & Hove Albion,581000,Robert Sánchez,yes,24.0,38,33,5,0.1667,2587.5,75.0,2662.5,0.9718,0.1667,0.0,0,12,0,0,0,0,0,0,,0.0,none,1,1,0,1,,,,Brighton U21,bc,0,0,0,2022-08-07,2023-05-28,,0,0.0,0
78,Brighton & Hove Albion,61780,Leandro Trossard,yes,27.0,18,17,1,0.8229,1407.8,74.1,1481.8,0.95,0.7503,0.0,0,12,12,0,0,0,0,0,2019-07-04,0.5,tier1,1,0,1,0,Genk,2019-07-01,219.0,,bc,20,0,0,2022-08-07,2023-01-14,,0,0.0,0
78,Brighton & Hove Albion,21437534,Kaoru Mitoma,yes,26.0,38,35,3,0.2002,1813.6,54.1,1867.7,0.9711,0.8805,0.0,0,12,0,0,0,0,0,0,2021-08-13,0.25,tier3,1,0,1,0,Kawasaki Frontale,2021-08-10,219.0,,ac,0,0,0,2022-08-07,2023-05-28,,0,0.0,0
78,Brighton & Hove Albion,2683,Jason Steele,yes,24.0,38,37,1,0.5,765.0,45.0,810.0,0.9444,1.0,0.0,0,12,0,0,0,0,0,0,2018-07-04,0.0,none,1,1,1,0,Sunderland,2018-07-01,220.0,,ac,0,0,0,2022-08-07,2023-05-28,,0,0.0,0
78,Brighton & Hove Albion,37568149,Facundo Buonanotte,yes,26.0,21,19,2,0.2396,324.4,43.1,367.5,0.8827,0.4595,0.0,0,12,0,0,0,0,0,0,2023-01-04,0.25,tier3,1,0,1,0,Rosario Central,2023-01-01,219.0,,bc,17,0,0,2023-01-14,2023-05-28,,0,0.0,0
78,Brighton & Hove Albion,6599973,Billy Gilmour,yes,26.0,33,30,3,0.154,636.5,41.6,678.0,0.9387,0.3205,0.0,0,12,0,0,0,0,0,0,2022-09-04,0.45,data_club,1,0,1,0,Chelsea,2022-09-01,219.0,,bc,5,0,0,2022-09-04,2023-05-28,,0,0.0,0
78,Brighton & Hove Albion,95776,Neal Maupay,yes,27.0,3,2,1,0.378,70.7,34.0,104.8,0.6753,0.2796,0.0,0,12,12,0,0,0,0,0,2019-08-08,0.45,data_club,1,0,1,0,Brentford,2019-08-05,219.0,,bc,35,0,0,2022-08-07,2022-08-21,,0,0.0,0
78,Brighton & Hove Albion,41077,Deniz Undav,yes,27.0,38,36,2,0.112,400.9,20.2,421.1,0.9521,0.351,0.0,0,12,0,0,0,0,0,0,2022-02-02,0.5,tier1,1,0,1,0,Union Saint-Gilloise,2022-01-30,219.0,,bc,0,0,0,2022-08-07,2023-05-28,,0,0.0,0
78,Brighton & Hove Albion,37287498,Andrew Moran,yes,26.0,38,13,25,0.0058,9.9,13.1,23.0,0.4286,0.0122,0.0,0,12,0,0,0,0,0,0,2020-07-04,0.35,unknown+override,1,0,1,0,Bray Wanderers,2020-07-01,219.0,Brighton U21,bc,0,0,0,2022-08-07,2023-05-28,,0,0.0,0
78,Brighton & Hove Albion,14069,Steven Alzate,yes,26.0,6,5,1,0.1108,33.6,10.0,43.5,0.7709,0.0,0.0,0,12,0,0,0,0,0,0,,0.0,none,1,0,0,1,,,,Brighton U21,bc,32,0,0,2022-08-07,2022-09-04,,0,0.0,0
78,Brighton & Hove Albion,37259188,Odeluga Offiah,yes,25.0,38,7,31,0.0036,3.5,10.0,13.5,0.2586,0.0339,0.0,0,12,0,0,0,0,0,0,,0.0,none,1,0,0,1,,,,Brighton U21,bc,0,0,0,2022-08-07,2023-05-28,,0,0.0,0
78,Brighton & Hove Albion,24818803,Jan Paul van Hecke,yes,25.0,38,32,6,0.0049,124.6,2.7,127.3,0.9792,0.2068,0.0,0,12,0,0,0,0,0,0,2020-09-13,0.5,tier1,1,0,1,0,NAC Breda,2020-09-10,219.0,,bc,0,0,0,2022-08-07,2023-05-28,,0,0.0,0
78,Brighton & Hove Albion,37341884,Cameron Peupion,yes,26.0,7,5,2,0.0054,2.0,1.0,2.9,0.6667,0.0108,0.0,0,5,0,0,0,0,7,7,,0.0,none,1,0,0,1,,,,,bc,0,0,0,2023-05-04,2023-05-28,,0,0.0,0
78,Brighton & Hove Albion,2461,Lewis Dunk,yes,25.0,38,38,0,0.8333,3410.6,0.0,3410.6,1.0,0.8333,0.0,0,12,0,0,0,0,0,0,,0.0,none,1,0,0,1,,,,Brighton U18,ac,0,0,0,2022-08-07,2023-05-28,,0,0.0,0
78,Brighton & Hove Albion,187969,Pervis Estupiñán,yes,25.0,36,36,0,0.937,2412.3,0.0,2412.3,1.0,0.937,0.0,0,12,0,0,0,0,0,0,2022-08-19,0.5,tier1,1,0,1,0,Villarreal,2022-08-16,219.0,,bc,2,0,0,2022-08-21,2023-05-28,,0,0.0,0
78,Brighton & Hove Albion,581004,Tom McGill,yes,24.0,38,6,32,0.0,0.0,0.0,0.0,,0.0,0.0,0,9,0,0,0,0,3,3,,0.0,none,1,1,0,1,,,,Brighton U21,ac,0,0,0,2022-08-07,2023-05-28,,0,0.0,0
78,Brighton & Hove Albion,1494381,Aaron Connolly,yes,27.0,0,0,0,0.0,0.0,0.0,0.0,,0.0,0.0,0,0,0,12,0,0,0,0,,0.0,none,1,0,0,1,,,,Brighton U21,b,38,0,0,,,,0,0.0,0
78,Brighton & Hove Albion,28912814,Ed Turns,yes,25.0,38,6,32,0.0,0.0,0.0,0.0,,0.0,0.0,0,8,0,0,0,0,4,4,,0.0,none,1,0,0,1,,,,Brighton U21,bc,0,0,0,2022-08-07,2023-05-28,,0,0.0,0
78,Brighton & Hove Albion,28912837,Imari Samuels,yes,25.0,4,1,3,0.0,0.0,0.0,0.0,,0.0,0.0,0,1,0,1,0,0,10,10,,0.0,none,1,0,0,1,,,,,bc,0,0,0,2023-05-18,2023-05-28,,0,0.0,0
78,Brighton & Hove Albion,33577319,James Furlong,yes,25.0,19,1,18,0.0,0.0,0.0,0.0,,0.0,0.0,0,1,0,0,0,0,11,0,2019-07-15,0.35,unknown+override,1,0,1,0,Shamrock Rovers,2019-07-12,219.0,,bc,19,0,0,2022-08-07,2023-01-21,,0,0.0,0
78,Brighton & Hove Albion,37561625,Jack Hinshelwood,yes,26.0,23,3,20,0.0,0.0,0.0,0.0,,0.0059,0.0,0,3,0,0,0,0,9,9,,0.0,none,1,0,0,1,,,,Brighton U21,c,0,0,0,2022-12-31,2023-05-28,,0,0.0,0
78,Brighton & Hove Albion,900503858,Antef Tsoungui,yes,,0,0,0,0.0,0.0,0.0,0.0,,0.0,0.0,0,0,0,0,0,0,12,12,,0.0,none,0,0,0,1,,,,,,0,0,0,,,,0,0.0,0
78,Brighton & Hove Albion,900530916,Jack Spong,yes,,0,0,0,0.0,0.0,0.0,0.0,,0.0,0.0,0,0,0,0,0,0,12,12,,0.0,none,0,0,0,1,,,,,,0,0,0,,,,0,0.0,0
18,Chelsea,1193,N'Golo Kanté,yes,26.0,38,8,30,0.8266,576.4,2231.8,2808.2,0.2053,0.7787,0.0,0,12,0,0,0,0,0,0,2016-07-19,0.45,data_club,1,0,1,0,Leicester City,2016-07-16,219.0,,bc,0,0,0,2022-08-06,2023-05-28,,0,0.0,0
18,Chelsea,581220,Reece James,yes,25.0,38,16,22,0.8749,1271.6,1732.3,3003.9,0.4233,0.8193,0.0,0,12,0,0,0,0,0,0,,0.0,none,1,0,0,1,,,,Chelsea U21,ac,0,0,0,2022-08-06,2023-05-28,,0,0.0,0
18,Chelsea,11311795,Wesley Fofana,yes,25.0,33,16,17,0.7802,1192.9,1193.6,2386.5,0.4998,0.8047,0.0,0,12,0,0,0,0,0,0,2022-09-03,0.45,data_club,1,0,1,0,Leicester City,2022-08-31,219.0,,ac,0,0,0,2022-09-03,2023-05-28,,0,0.0,0
18,Chelsea,99137,Édouard Mendy,yes,24.0,38,23,15,0.6516,1351.9,879.7,2231.6,0.6058,0.25,0.0,0,12,0,0,0,0,0,0,2020-09-27,0.0,none,1,1,1,0,Rennes,2020-09-24,219.0,,bc,0,0,0,2022-08-06,2023-05-28,,0,0.0,0
18,Chelsea,95792,Thiago Silva,yes,25.0,38,29,9,0.9331,2346.4,755.8,3102.2,0.7564,0.8493,0.0,0,12,0,0,0,0,0,0,2020-08-31,0.5,tier1,1,0,1,0,Paris Saint Germain,2020-08-28,220.0,,bc,0,0,0,2022-08-06,2023-05-28,,0,0.0,0
18,Chelsea,537121,Mason Mount,yes,26.0,38,26,12,0.6397,1809.8,690.9,2500.7,0.7237,0.5639,0.0,0,12,0,0,0,0,0,0,,0.0,none,1,0,0,1,,,,Chelsea U21,bc,0,0,0,2022-08-06,2023-05-28,,0,0.0,0
18,Chelsea,1601,Ben Chilwell,yes,25.0,38,25,13,0.5506,1288.8,644.2,1933.0,0.6667,0.8751,0.0,0,12,0,0,0,0,0,0,2020-08-29,0.45,data_club,1,0,1,0,Leicester City,2020-08-26,219.0,,bc,0,0,0,2022-08-06,2023-05-28,,0,0.0,0
18,Chelsea,23697427,Armando Broja,yes,27.0,38,13,25,0.2787,373.8,627.2,1001.0,0.3735,0.2739,0.0,0,12,0,0,0,0,0,0,,0.0,none,1,0,0,1,,,,Chelsea U21,bc,0,0,0,2022-08-06,2023-05-28,,0,0.0,0
18,Chelsea,448448,Marc Cucurella,yes,25.0,38,27,11,0.6209,1723.5,614.7,2338.2,0.7371,0.5884,0.0,0,12,0,0,0,0,0,0,2022-08-08,0.45,data_club,1,0,1,0,Brighton & Hove Albion,2022-08-05,219.0,,bc,1,1,0,2022-08-06,2023-05-28,,0,0.0,0
18,Chelsea,802,Raheem Sterling,yes,27.0,38,29,9,0.6897,1792.1,558.7,2350.7,0.7623,0.6847,0.0,0,12,0,0,0,0,0,0,2022-07-16,0.45,data_club,1,0,1,0,Manchester City,2022-07-13,219.0,,bc,0,0,0,2022-08-06,2023-05-28,,0,0.0,0
18,Chelsea,61806,Kalidou Koulibaly,yes,25.0,38,29,9,0.6834,1704.5,553.6,2258.1,0.7548,0.6329,0.0,1,12,0,0,0,0,0,0,2022-07-19,0.5,tier1,1,0,1,0,Napoli,2022-07-16,219.0,,bc,0,0,0,2022-08-06,2023-05-28,,0,0.0,0
18,Chelsea,73147,Mateo Kovacic,yes,26.0,38,29,9,0.6423,1693.7,520.2,2213.9,0.765,0.7168,0.0,0,12,0,0,0,0,0,0,2019-07-04,0.5,tier1,1,0,1,0,Real Madrid,2018-08-09,218.0,,bc,0,0,0,2022-08-06,2023-05-28,,0,0.0,0
18,Chelsea,198051,Denis Zakaria,yes,26.0,32,16,16,0.3481,400.2,501.3,901.5,0.4439,0.3765,0.0,0,12,0,0,0,0,0,0,2022-09-04,0.5,tier1,1,0,1,0,Juventus,2022-09-01,218.0,,bc,6,0,0,2022-10-01,2023-05-28,,0,0.0,0
18,Chelsea,1953,Ruben Loftus-Cheek,yes,26.0,38,31,7,0.669,1644.3,421.5,2065.8,0.796,0.3349,0.0,0,12,0,0,0,0,0,0,,0.0,none,1,0,0,1,,,,Chelsea U21,bc,0,0,0,2022-08-06,2023-05-28,,0,0.0,0
18,Chelsea,32438,Christian Pulisic,yes,26.0,38,29,9,0.4627,1024.5,374.8,1399.4,0.7322,0.2052,0.0,0,12,0,0,0,0,0,0,2019-01-05,0.5,tier1,1,0,1,0,Borussia Dortmund,2019-01-02,219.0,,bc,0,0,0,2022-08-06,2023-05-28,,0,0.0,0
18,Chelsea,1330,César Azpilicueta,yes,25.0,38,31,7,0.5265,1592.1,331.7,1923.8,0.8276,0.5017,0.0,0,12,0,0,0,0,0,0,2012-08-27,0.5,tier1,1,0,1,0,Olympique Marseille,2012-08-24,219.0,,bc,0,0,0,2022-08-06,2023-05-28,,0,0.0,0
18,Chelsea,31739,Pierre-Emerick Aubameyang,yes,27.0,32,20,12,0.2808,824.9,303.3,1128.2,0.7312,0.2439,0.0,0,12,0,0,0,0,0,0,2022-09-04,0.5,tier1,1,0,1,0,FC Barcelona,2022-09-01,219.0,,bc,6,0,0,2022-10-01,2023-05-28,,0,0.0,0
18,Chelsea,37459072,Lewis Hall,yes,25.0,38,14,24,0.1359,248.5,293.5,542.0,0.4585,0.5313,0.0,0,12,0,0,0,0,0,0,,0.0,none,1,0,0,1,,,,Chelsea U21,bc,0,0,0,2022-08-06,2023-05-28,,0,0.0,0
18,Chelsea,24288,Hakim Ziyech,yes,26.0,38,31,7,0.3476,866.4,219.0,1085.4,0.7982,0.1697,0.0,0,12,0,0,0,0,0,0,2020-07-04,0.5,tier1,1,0,1,0,Ajax,2020-07-01,219.0,,bc,0,0,0,2022-08-06,2023-05-28,,0,0.0,0
18,Chelsea,31626713,Carney Chukwuemeka,yes,26.0,37,21,16,0.128,254.3,184.3,438.6,0.5798,0.2288,0.0,0,12,0,0,0,0,0,0,2022-08-07,0.45,data_club,1,0,1,0,Aston Villa,2022-08-04,219.0,,bc,1,0,0,2022-08-14,2023-05-28,,0,0.0,0
18,Chelsea,163152,João Félix,yes,27.0,21,17,4,0.511,919.9,184.0,1103.9,0.8333,0.5067,0.0,1,12,0,0,0,0,0,0,2023-01-14,0.5,tier1,1,0,1,0,Atlético de Madrid,2023-01-11,218.0,,bc,18,1,0,2023-01-12,2023-05-28,,0,0.0,0
18,Chelsea,32612,Kai Havertz,yes,27.0,38,36,2,0.8977,2443.8,161.6,2605.3,0.938,0.7949,0.0,0,12,0,0,0,0,0,0,2020-09-07,0.5,tier1,1,0,1,0,Bayer 04 Leverkusen,2020-09-04,219.0,,bc,0,0,0,2022-08-06,2023-05-28,,0,0.0,0
18,Chelsea,6599973,Billy Gilmour,yes,26.0,5,1,4,0.3913,35.2,140.9,176.1,0.2,0.173,0.0,0,12,12,0,0,0,0,0,,0.0,none,1,0,0,1,,,,Chelsea U21,bc,33,0,0,2022-08-06,2022-08-30,,0,0.0,0
18,Chelsea,37555964,Datro Fofana,yes,27.0,22,9,13,0.1133,152.2,132.6,284.8,0.5345,0.0663,0.0,0,9,0,0,0,0,3,0,2023-01-04,0.35,tier2,1,0,1,0,Molde,2023-01-01,219.0,,bc,16,0,0,2023-01-05,2023-05-28,,0,0.0,0
18,Chelsea,4545394,Benoît Badiashile,yes,25.0,21,18,3,0.4257,922.4,115.0,1037.3,0.8892,0.4257,0.0,0,12,0,0,0,0,0,0,2023-01-08,0.5,tier1,1,0,1,0,Monaco,2023-01-05,219.0,,bc,17,0,0,2023-01-12,2023-05-28,,0,0.0,0
18,Chelsea,537117,Trevoh Chalobah,yes,25.0,38,35,3,0.3668,1451.8,99.0,1550.8,0.9361,0.5902,0.0,0,12,0,0,0,0,0,0,,0.0,none,1,0,0,1,,,,Chelsea U21,bc,0,0,0,2022-08-06,2023-05-28,,0,0.0,0
18,Chelsea,2875858,Callum Hudson-Odoi,yes,27.0,5,3,2,0.4955,143.4,89.2,232.6,0.6165,0.3817,0.0,0,12,0,0,0,0,0,0,,0.0,none,1,0,0,1,,,,Chelsea U21,bc,33,0,0,2022-08-06,2022-08-30,,0,0.0,0
18,Chelsea,186606,Kepa Arrizabalaga,yes,24.0,38,36,2,0.4566,2045.6,82.2,2127.8,0.9614,0.9167,0.0,0,12,0,0,0,0,0,0,2018-08-11,0.0,none,1,1,1,0,Athletic Club,2018-08-08,219.0,,bc,0,0,0,2022-08-06,2023-05-28,,0,0.0,0
18,Chelsea,25217662,Noni Madueke,yes,27.0,18,16,2,0.3033,566.9,54.6,621.5,0.9122,0.4301,0.0,0,12,0,0,0,0,0,0,2023-01-23,0.5,tier1,1,0,1,0,PSV,2023-01-20,219.0,,bc,20,0,0,2023-02-03,2023-05-28,,0,0.0,0
18,Chelsea,1494245,Conor Gallagher,yes,26.0,38,37,1,0.4909,1576.0,44.2,1620.2,0.9727,0.6555,18.5,1,12,0,0,0,0,0,0,,0.0,none,1,0,0,1,,,,Chelsea U21,bc,0,0,0,2022-08-06,2023-05-28,,0,0.0,0
18,Chelsea,37536911,Omari Hutchinson,yes,26.0,27,5,22,0.0215,0.0,42.7,42.7,0.0,0.0226,0.0,0,12,7,0,0,0,0,0,,0.0,none,1,0,0,1,,,,Chelsea U21,bc,0,0,0,2022-10-29,2023-05-28,,0,0.0,0
18,Chelsea,3268,Marcus Bettinelli,yes,24.0,38,17,21,0.0,0.0,0.0,0.0,,0.0,0.0,0,12,0,0,0,0,0,0,2021-07-31,0.0,none,1,1,1,0,Fulham,2021-07-28,220.0,,bc,0,0,0,2022-08-06,2023-05-28,,0,0.0,0
18,Chelsea,4267,Abdul Baba,yes,25.0,5,0,5,0.0,0.0,0.0,0.0,,0.0,0.0,0,0,0,0,12,0,0,0,2015-08-19,0.5,tier1,1,0,1,0,FC Augsburg,2015-08-16,219.0,,b,33,0,0,2022-08-06,2022-08-30,,0,0.0,0
18,Chelsea,12542,Ethan Ampadu,yes,26.0,5,3,2,0.0,0.0,0.0,0.0,,0.0,0.0,0,3,0,0,0,0,9,0,2017-07-04,0.35,tier2,1,0,1,0,Exeter City,2017-07-01,219.0,,bc,33,0,0,2022-08-06,2022-08-30,,0,0.0,0
18,Chelsea,129511,Jorginho,yes,26.0,20,20,0,0.3957,1197.8,0.0,1197.8,1.0,0.3957,0.0,0,12,12,0,0,0,0,0,2018-07-17,0.5,tier1,1,0,1,0,Napoli,2018-07-14,219.0,,bc,18,0,0,2022-08-06,2023-01-21,,0,0.0,0
18,Chelsea,9938919,Mykhailo Mudryk,yes,26.0,19,19,0,0.3722,658.2,0.0,658.2,1.0,0.3722,0.0,0,12,0,0,0,0,0,0,2023-01-18,0.35,tier2,1,0,1,0,Shakhtar Donetsk,2023-01-15,219.0,,bc,19,0,0,2023-01-21,2023-05-28,,0,0.0,0
18,Chelsea,28912772,Ethan Wady,yes,24.0,3,1,2,0.0,0.0,0.0,0.0,,0.0,0.0,0,1,0,0,0,0,11,11,,0.0,none,1,1,0,1,,,,,bc,0,0,0,2023-05-21,2023-05-28,,0,0.0,0
18,Chelsea,29709995,Enzo Fernández,yes,26.0,18,18,0,0.9337,1281.3,0.0,1281.3,1.0,0.9337,0.0,0,12,0,0,0,0,0,0,2023-02-03,0.5,tier1,1,0,1,0,Benfica,2023-01-31,219.0,,bc,20,0,0,2023-02-03,2023-05-28,,0,0.0,0
18,Chelsea,35659570,Gaga Slonina,yes,24.0,23,0,23,0.0,0.0,0.0,0.0,,0.0,0.0,0,0,0,0,0,0,12,0,2022-08-05,0.0,none,0,1,1,0,Chicago Fire,2022-08-02,219.0,,a,15,0,0,2023-01-01,2023-05-28,,0,0.0,0
18,Chelsea,37259180,Levi Colwill,yes,25.0,0,0,0,0.4553,0.0,0.0,0.0,,0.4553,0.0,0,12,12,0,0,0,0,0,,0.0,none,1,0,0,1,,,,Chelsea U21,,0,0,0,,,,0,0.0,0
18,Chelsea,37259181,Bashir Humphreys,yes,25.0,20,4,16,0.0,0.0,0.0,0.0,,0.0,0.0,0,4,0,0,0,0,8,0,2019-07-04,0.0,unknown+override,1,0,1,0,Reading U18,2019-07-01,219.0,Chelsea U21,bc,18,0,0,2022-08-06,2023-01-21,,0,0.0,0
18,Chelsea,37317367,Malo Gusto,yes,25.0,0,0,0,0.0,0.0,0.0,0.0,,0.0,0.0,0,0,0,0,0,0,12,0,2023-02-01,0.5,tier1,0,0,1,0,Olympique Lyonnais,2023-01-29,219.0,,a,18,0,0,,,,0,0.0,0
18,Chelsea,37326106,Harvey Vale,yes,26.0,38,1,37,0.0,0.0,0.0,0.0,,0.0,0.0,0,4,0,2,0,0,6,6,,0.0,none,1,0,0,1,,,,,bc,0,0,0,2022-08-06,2023-05-28,,0,0.0,0
18,Chelsea,37536793,Alfie Gilchrist,yes,25.0,2,1,1,0.0,0.0,0.0,0.0,,0.0,0.0,0,1,0,0,0,0,11,11,,0.0,none,1,0,0,1,,,,Chelsea U21,bc,0,0,0,2023-05-25,2023-05-28,,0,0.0,0
51,Crystal Palace,498,James McArthur,yes,26.0,38,12,26,0.4859,337.7,1137.1,1474.8,0.229,0.0592,0.0,0,12,0,0,0,0,0,0,2014-09-04,0.45,data_club,1,0,1,0,Wigan Athletic,2014-09-01,219.0,,bc,0,0,0,2022-08-05,2023-05-28,,0,0.0,0
51,Crystal Palace,1108,Wilfried Zaha,yes,27.0,38,27,11,0.932,2321.0,922.7,3243.7,0.7156,0.8835,0.0,0,12,0,0,0,0,0,0,2015-02-05,0.45,data_club,1,0,1,0,Manchester United,2013-01-26,218.0,Crystal Palace U18,bc,0,0,0,2022-08-05,2023-05-28,,0,0.0,0
51,Crystal Palace,1202,Nathaniel Clyne,yes,25.0,38,30,8,0.7344,2109.8,528.8,2638.5,0.7996,0.4026,0.0,0,12,0,0,0,0,0,0,2020-10-17,0.45,data_club,1,0,1,0,Liverpool,2020-10-14,220.0,Crystal Palace U18,bc,0,0,0,2022-08-05,2023-05-28,,0,0.0,0
51,Crystal Palace,25284,Joachim Andersen,yes,25.0,38,32,6,0.9572,2805.4,516.9,3322.3,0.8444,0.9575,0.0,0,12,0,0,0,0,0,0,2021-07-31,0.5,tier1,1,0,1,0,Olympique Lyonnais,2021-07-28,219.0,,bc,0,0,0,2022-08-05,2023-05-28,,0,0.0,0
51,Crystal Palace,185723,Vicente Guaita,yes,24.0,38,32,6,0.8611,2628.7,465.0,3093.7,0.8497,0.5833,0.0,0,12,0,0,0,0,0,0,2018-07-04,0.0,none,1,1,1,0,Getafe,2018-07-01,220.0,,bc,0,0,0,2022-08-05,2023-05-28,,0,0.0,0
51,Crystal Palace,1462,Jack Butland,yes,24.0,17,2,15,0.3278,52.5,442.5,495.0,0.1061,0.0,0.0,0,0,0,0,12,0,0,0,2020-10-19,0.0,none,1,1,1,0,Stoke City,2020-10-16,219.0,,bc,21,0,0,2022-08-05,2023-01-04,,0,0.0,0
51,Crystal Palace,927,Jeffrey Schlupp,yes,26.0,38,34,4,0.8094,2425.2,291.4,2716.6,0.8927,0.8133,0.0,0,12,0,0,0,0,0,0,2017-01-16,0.45,data_club,1,0,1,0,Leicester City,2017-01-13,219.0,,bc,0,0,0,2022-08-05,2023-05-28,,0,0.0,0
51,Crystal Palace,5640926,Cheick Doucouré,yes,26.0,38,35,3,0.8469,2551.5,228.7,2780.1,0.9178,0.8001,19.1,1,12,0,0,0,0,0,0,2022-07-14,0.5,tier1,1,0,1,0,Lens,2022-07-11,219.0,,ac,0,0,0,2022-08-05,2023-05-28,,0,0.0,0
51,Crystal Palace,336,James Tomkins,yes,25.0,38,22,16,0.1418,222.8,204.2,427.0,0.5218,0.2198,0.0,1,12,0,0,0,0,0,0,2016-07-08,0.45,data_club,1,0,1,0,West Ham United,2016-07-05,219.0,,bc,0,0,0,2022-08-05,2023-05-28,,0,0.0,0
51,Crystal Palace,18218609,Chris Richards,yes,25.0,38,27,11,0.1925,619.2,190.5,809.7,0.7647,0.0833,0.0,0,12,0,0,0,0,0,0,2022-07-30,0.5,tier1,1,0,1,0,FC Bayern München,2022-07-27,219.0,,ac,0,0,0,2022-08-05,2023-05-28,,0,0.0,0
51,Crystal Palace,692,Joel Ward,yes,25.0,38,35,3,0.6173,2025.1,166.7,2191.7,0.924,0.8697,0.0,0,12,0,0,0,0,0,0,2012-07-04,0.45,data_club,1,0,1,0,Portsmouth,2012-07-01,219.0,,bc,0,0,0,2022-08-05,2023-05-28,,0,0.0,0
51,Crystal Palace,4598710,Tyrick Mitchell,yes,25.0,38,36,2,0.7257,2789.0,130.6,2919.7,0.9553,1.0,33.4,1,12,0,0,0,0,0,0,,0.0,none,1,0,0,1,,,,Crystal Palace U21,ac,0,0,0,2022-08-05,2023-05-28,,0,0.0,0
51,Crystal Palace,2332,Will Hughes,yes,26.0,38,33,5,0.2895,764.8,130.3,895.1,0.8545,0.4383,0.0,0,12,0,0,0,0,0,0,2021-08-31,0.45,data_club,1,0,1,0,Watford,2021-08-28,219.0,,ac,0,0,0,2022-08-05,2023-05-28,,0,0.0,0
51,Crystal Palace,37391506,Joe Whitworth,yes,24.0,36,14,22,0.053,52.5,105.0,157.5,0.3333,0.1667,0.0,0,12,0,0,0,0,0,0,,0.0,none,1,1,0,1,,,,Crystal Palace U21,bc,0,0,0,2022-08-20,2023-05-28,,0,0.0,0
51,Crystal Palace,37316940,Naouirou Ahamada,yes,26.0,18,11,7,0.1665,313.9,104.9,418.8,0.7495,0.1097,0.0,0,11,0,0,0,0,1,0,2023-02-03,0.5,tier1,1,0,1,0,VfB Stuttgart,2023-01-31,219.0,,bc,20,0,0,2023-02-04,2023-05-28,,0,0.0,0
51,Crystal Palace,4536500,Marc Guéhi,yes,25.0,38,37,1,1.0,3313.0,90.0,3403.0,0.9736,0.9983,0.0,0,12,0,0,0,0,0,0,2021-07-21,0.45,data_club,1,0,1,0,Chelsea,2021-07-18,219.0,,bc,0,0,0,2022-08-05,2023-05-28,,0,0.0,0
51,Crystal Palace,5371,Luka Milivojevic,yes,26.0,38,34,4,0.2149,552.8,77.4,630.2,0.8772,0.2072,0.0,0,12,0,0,0,0,0,0,2017-02-03,0.35,tier2,1,0,1,0,Olympiacos F.C.,2017-01-31,219.0,,bc,0,0,0,2022-08-05,2023-05-28,,0,0.0,0
51,Crystal Palace,96792,Odsonne Édouard,yes,27.0,38,37,1,0.6946,1689.8,62.5,1752.3,0.9643,0.6098,0.0,0,12,0,0,0,0,0,0,2021-09-03,0.35,tier2,1,0,1,0,Celtic,2021-08-31,219.0,,bc,0,0,0,2022-08-05,2023-05-28,,0,0.0,0
51,Crystal Palace,24799984,Michael Olise,yes,26.0,38,37,1,0.682,2516.4,61.4,2577.8,0.9762,0.9629,0.0,0,12,0,0,0,0,0,0,2021-07-11,0.45,data_club,1,0,1,0,Reading,2021-07-08,219.0,,bc,0,0,0,2022-08-05,2023-05-28,,0,0.0,0
51,Crystal Palace,538907,Albert Sambi Lokonga,yes,26.0,18,17,1,0.4724,537.3,42.5,579.8,0.9267,0.2332,0.0,0,12,0,0,0,0,0,0,2023-02-03,0.45,data_club,1,0,1,0,Arsenal,2023-01-31,218.0,,bc,20,0,0,2023-02-04,2023-05-28,,0,0.0,0
51,Crystal Palace,3188072,Nathan Ferguson,yes,25.0,38,0,38,0.0089,0.0,30.3,30.3,0.0,0.0089,0.0,0,4,0,0,0,0,8,0,2020-07-30,0.45,data_club,1,0,1,0,West Bromwich Albion,2020-07-27,220.0,,b,0,0,0,2022-08-05,2023-05-28,,0,0.0,0
51,Crystal Palace,96950,Jean-Philippe Mateta,yes,27.0,38,37,1,0.2435,1080.4,21.9,1102.3,0.9801,0.0979,0.0,0,12,0,0,0,0,0,0,2022-02-03,0.5,tier1,1,0,1,0,FSV Mainz 05,2021-01-21,218.0,,ac,0,0,0,2022-08-05,2023-05-28,,0,0.0,0
51,Crystal Palace,25399,Jairo Riedewald,yes,26.0,38,30,8,0.0218,74.1,15.7,89.8,0.8249,0.018,0.0,0,12,0,0,0,0,0,0,2017-07-27,0.5,tier1,1,0,1,0,Ajax,2017-07-24,219.0,,bc,0,0,0,2022-08-05,2023-05-28,,0,0.0,0
51,Crystal Palace,37561117,David Ozoh,yes,26.0,23,4,19,0.004,0.0,6.9,6.9,0.0,0.0043,0.0,0,4,0,0,0,0,8,8,,0.0,none,1,0,0,1,,,,Crystal Palace U21,bc,0,0,0,2022-12-31,2023-05-28,,0,0.0,0
51,Crystal Palace,37298063,Malcolm Ebiowei,yes,27.0,19,17,2,0.0318,284.8,5.7,290.5,0.9803,0.0,0.0,0,0,0,0,12,0,0,0,2022-07-04,0.45,data_club,1,0,1,0,Derby County,2022-07-01,219.0,,bc,19,0,0,2022-08-05,2023-01-18,,0,0.0,0
51,Crystal Palace,1008,Sam Johnstone,yes,24.0,38,30,8,0.0,270.0,0.0,270.0,1.0,0.75,0.0,0,12,0,0,0,0,0,0,2022-07-04,0.0,none,1,1,1,0,West Bromwich Albion,2022-07-01,220.0,,bc,0,0,0,2022-08-05,2023-05-28,,0,0.0,0
51,Crystal Palace,1038,Jordan Ayew,yes,27.0,38,38,0,0.8189,2428.6,0.0,2428.6,1.0,0.8189,0.0,0,12,0,0,0,0,0,0,2019-07-28,0.45,data_club,1,0,1,0,Swansea City,2018-08-09,218.0,,bc,0,0,0,2022-08-05,2023-05-28,,0,0.0,0
51,Crystal Palace,7643,Eberechi Eze,yes,26.0,38,38,0,0.8886,2389.2,0.0,2389.2,1.0,0.8886,0.0,0,12,0,0,0,0,0,0,2020-08-31,0.45,data_club,1,0,1,0,Queens Park Rangers,2020-08-28,219.0,,bc,0,0,0,2022-08-05,2023-05-28,,0,0.0,0
51,Crystal Palace,9278,Remi Matthews,yes,24.0,0,0,0,0.0,0.0,0.0,0.0,,0.0,0.0,0,7,0,0,0,0,5,0,2021-07-15,0.0,none,1,1,1,0,Sunderland,2021-07-12,220.0,,a,38,0,0,,,,0,0.0,0
51,Crystal Palace,456883,Kofi Balmer,yes,26.0,30,3,27,0.0,0.0,0.0,0.0,,0.0,0.0,0,3,0,0,0,0,9,9,,0.0,none,1,0,0,1,,,,,bc,0,0,0,2022-10-15,2023-05-28,,0,0.0,0
51,Crystal Palace,37259172,Luke Plange,yes,27.0,3,2,1,0.0,0.0,0.0,0.0,,0.0,0.0,0,2,0,0,10,0,0,0,2022-02-03,0.45,data_club,1,0,1,0,Derby County,2022-01-31,219.0,,bc,35,0,0,2022-08-05,2022-08-20,,0,0.0,0
51,Crystal Palace,37354790,Tayo Adaramola,yes,25.0,38,2,36,0.0,0.0,0.0,0.0,,0.0,0.0,0,3,0,0,0,0,9,9,,0.0,none,1,0,0,1,,,,,bc,0,0,0,2022-08-05,2023-05-28,,0,0.0,0
51,Crystal Palace,37391503,John-Kymani Gordon,yes,27.0,38,5,33,0.0,0.0,0.0,0.0,,0.0,0.0,0,5,0,0,0,0,7,7,,0.0,none,1,0,0,1,,,,,bc,0,0,0,2022-08-05,2023-05-28,,0,0.0,0
51,Crystal Palace,37529807,Killian Phillips,yes,26.0,34,2,32,0.0,0.0,0.0,0.0,,0.0,0.0,0,2,0,0,0,0,10,10,,0.0,none,1,0,0,1,,,,,bc,0,0,0,2022-08-30,2023-05-28,,0,0.0,0
51,Crystal Palace,37537855,Jack Wells-Morrison,yes,26.0,27,2,25,0.0,0.0,0.0,0.0,,0.0,0.0,0,2,0,0,0,0,10,10,,0.0,none,1,0,0,1,,,,,bc,0,0,0,2022-10-29,2023-05-28,,0,0.0,0
51,Crystal Palace,37537859,Owen Goodman,yes,24.0,29,4,25,0.0,0.0,0.0,0.0,,0.0,0.0,0,4,0,0,0,0,8,8,,0.0,none,1,1,0,1,,,,,bc,0,0,0,2022-10-18,2023-05-28,,0,0.0,0
51,Crystal Palace,37554902,Kaden Rodney,yes,26.0,35,2,33,0.0,0.0,0.0,0.0,,0.0,0.0,0,2,0,0,0,0,10,10,,0.0,none,1,0,0,1,,,,,bc,0,0,0,2022-08-27,2023-05-28,,0,0.0,0
51,Crystal Palace,900634706,David Boateng,yes,,0,0,0,0.0,0.0,0.0,0.0,,0.0,0.0,0,0,0,0,0,0,12,12,,0.0,none,0,0,0,1,,,,,,0,0,0,,,data mismatch: excluded,0,0.0,0
51,Crystal Palace,900879766,Adler Nascimento,yes,,0,0,0,0.0,0.0,0.0,0.0,,0.0,0.0,0,0,0,0,0,0,12,12,,0.0,none,0,0,0,1,,,,,,0,0,0,,,,0,0.0,0
13,Everton,7958,Ben Godfrey,yes,25.0,38,18,20,0.7639,904.3,1375.0,2279.3,0.3967,0.5464,0.0,0,12,0,0,0,0,0,0,2020-10-08,0.45,data_club,1,0,1,0,Norwich City,2020-10-05,219.0,,bc,0,0,0,2022-08-06,2023-05-28,,0,0.0,0
13,Everton,5141,Dominic Calvert-Lewin,yes,27.0,38,17,21,0.6961,1068.1,1315.7,2383.8,0.4481,0.7985,0.0,0,12,0,0,0,0,0,0,2016-09-03,0.45,data_club,1,0,1,0,Sheffield United,2016-08-31,219.0,,bc,0,0,0,2022-08-06,2023-05-28,,0,0.0,0
13,Everton,1249,Andros Townsend,yes,26.0,38,0,38,0.383,0.0,1309.9,1309.9,0.0,0.383,0.0,0,12,0,0,0,0,0,0,2021-07-23,0.45,data_club,1,0,1,0,Crystal Palace,2021-07-20,220.0,,b,0,0,0,2022-08-06,2023-05-28,,0,0.0,0
13,Everton,37260638,Nathan Patterson,yes,25.0,38,21,17,0.7407,981.3,1133.2,2114.5,0.4641,0.5513,0.0,0,12,0,0,0,0,0,0,2022-01-07,0.35,tier2,1,0,1,0,Rangers,2022-01-04,219.0,,bc,0,0,0,2022-08-06,2023-05-28,,0,0.0,0
13,Everton,220040,Yerry Mina,yes,25.0,38,24,14,0.6621,643.6,834.2,1477.9,0.4355,0.3333,0.0,0,12,0,0,0,0,0,0,2018-08-12,0.5,tier1,1,0,1,0,FC Barcelona,2018-08-09,219.0,,bc,0,0,0,2022-08-06,2023-05-28,,0,0.0,0
13,Everton,764,Séamus Coleman,yes,25.0,38,30,8,0.8617,1619.7,620.4,2240.1,0.723,0.8585,0.0,0,12,0,0,0,0,0,0,2009-01-04,0.35,tier2,1,0,1,0,Sligo Rovers,2009-01-01,219.0,,bc,0,0,0,2022-08-06,2023-05-28,,0,0.0,0
13,Everton,1692,Mason Holgate,yes,25.0,38,28,10,0.646,888.5,581.4,1469.9,0.6044,0.113,0.0,1,11,0,0,0,1,0,0,2015-08-16,0.45,data_club,1,0,1,0,Barnsley,2015-08-13,219.0,,bc,0,0,0,2022-08-06,2023-05-28,,0,0.0,0
13,Everton,2144,Abdoulaye Doucouré,yes,26.0,38,29,9,0.6662,1464.0,539.6,2003.6,0.7307,0.9869,2.3,1,11,0,0,0,1,0,0,2020-09-11,0.45,data_club,1,0,1,0,Watford,2020-09-08,219.0,,bc,0,0,0,2022-08-06,2023-05-28,,0,0.0,0
13,Everton,537271,Vitalii Mykolenko,yes,25.0,38,34,4,0.778,2668.1,280.1,2948.2,0.905,0.738,0.0,0,12,0,0,0,0,0,0,2022-01-04,0.35,tier2,1,0,1,0,Dynamo Kyiv,2022-01-01,219.0,,ac,0,0,0,2022-08-06,2023-05-28,,0,0.0,0
13,Everton,4536524,James Garner,yes,26.0,32,21,11,0.2509,577.9,248.4,826.2,0.6994,0.6173,0.0,0,12,0,0,0,0,0,0,2022-09-04,0.45,data_club,1,0,1,0,Manchester United,2022-09-01,219.0,,ac,1,0,0,2022-09-18,2023-05-28,,0,0.0,0
13,Everton,22878573,Amadou Onana,yes,26.0,37,34,3,0.9104,2388.0,245.8,2633.9,0.9067,0.7042,0.0,0,12,0,0,0,0,0,0,2022-08-12,0.5,tier1,1,0,1,0,LOSC Lille,2022-08-09,219.0,,bc,1,0,0,2022-08-13,2023-05-28,,0,0.0,0
13,Everton,9611543,Anthony Gordon,yes,27.0,20,17,3,0.7483,1249.2,202.0,1451.2,0.8608,0.3159,0.0,0,12,12,0,0,0,0,0,,0.0,none,1,0,0,1,,,,Everton U21,bc,18,0,0,2022-08-06,2023-01-21,,0,0.0,0
13,Everton,1651,Salomón Rondón,yes,27.0,20,10,10,0.1243,135.0,111.9,246.8,0.5468,0.1269,0.0,0,11,0,0,0,1,0,0,2021-09-03,0.25,tier3,1,0,1,0,Dalian Pro,2021-08-31,220.0,,bc,18,0,0,2022-08-06,2023-01-21,,0,0.0,0
13,Everton,37344240,Isaac Price,yes,26.0,38,3,35,0.0295,6.3,93.1,99.3,0.063,0.0435,0.0,0,8,0,0,0,0,4,4,,0.0,none,1,0,0,1,,,,,bc,0,0,0,2022-08-06,2023-05-28,,0,0.0,0
13,Everton,3043,Conor Coady,yes,25.0,37,35,2,0.5169,2426.5,93.0,2519.5,0.9631,0.1172,0.0,0,12,0,0,0,0,0,0,2022-08-11,0.45,data_club,1,0,1,0,Wolverhampton Wanderers,2022-08-08,218.0,,bc,1,0,0,2022-08-13,2023-05-28,,0,0.0,0
13,Everton,1826,Jordan Pickford,yes,24.0,38,37,1,1.0,3330.0,90.0,3420.0,0.9737,1.0,0.0,0,12,0,0,0,0,0,0,2017-07-04,0.0,none,1,1,1,0,Sunderland,2017-07-01,219.0,,ac,0,0,0,2022-08-06,2023-05-28,,0,0.0,0
13,Everton,159372,André Gomes,yes,26.0,5,1,4,0.2165,19.5,77.9,97.4,0.2,0.1624,0.0,0,12,0,0,0,0,0,0,2019-07-04,0.5,tier1,1,0,1,0,FC Barcelona,2018-08-09,218.0,,bc,33,0,0,2022-08-06,2022-08-30,,0,0.0,0
13,Everton,1706,Tom Davies,yes,26.0,38,34,4,0.1341,665.3,48.3,713.6,0.9324,0.1043,0.0,0,12,0,0,0,0,0,0,,0.0,none,1,0,0,1,,,,Everton U21,bc,0,0,0,2022-08-06,2023-05-28,,0,0.0,0
13,Everton,129245,Allan,yes,26.0,7,5,2,0.2478,137.2,44.6,181.9,0.7547,0.1501,0.0,0,12,0,0,0,0,0,0,2020-09-08,0.5,tier1,1,0,1,0,Napoli,2020-09-05,219.0,,bc,31,0,0,2022-08-06,2022-09-18,,0,0.0,0
13,Everton,95776,Neal Maupay,yes,27.0,34,33,1,0.2446,1117.6,22.0,1139.6,0.9807,0.1796,0.0,0,12,0,0,0,0,0,0,2022-08-29,0.45,data_club,1,0,1,0,Brighton & Hove Albion,2022-08-26,219.0,,bc,4,0,0,2022-08-30,2023-05-28,,0,0.0,0
13,Everton,537514,Rúben Vinagre,yes,25.0,38,21,17,0.0101,321.6,15.4,337.1,0.9543,0.0,0.0,0,12,0,0,0,0,0,0,2022-07-30,0.5,tier1,1,0,1,0,Sporting CP,2022-07-27,218.0,,bc,0,0,0,2022-08-06,2023-05-28,,0,0.0,0
13,Everton,881,Michael Keane,yes,25.0,38,32,6,0.0232,1097.1,12.5,1109.7,0.9887,0.7265,0.0,0,12,0,0,0,0,0,0,2017-07-06,0.45,data_club,1,0,1,0,Burnley,2017-07-03,219.0,,ac,0,0,0,2022-08-06,2023-05-28,,0,0.0,0
13,Everton,32421,Jean-Philippe Gbamin,yes,26.0,3,2,1,0.0627,11.3,5.6,16.9,0.6667,0.0223,0.0,0,12,0,0,0,0,0,0,2019-08-05,0.5,tier1,1,0,1,0,FSV Mainz 05,2019-08-02,219.0,,bc,35,0,0,2022-08-06,2022-08-20,,0,0.0,0
13,Everton,33991824,Thomas Cannon,yes,27.0,4,2,2,0.0274,1.5,4.9,6.5,0.2366,0.0,0.0,0,0,0,12,0,0,0,0,,0.0,none,1,0,0,1,,,,Everton U21,bc,20,0,0,2022-11-12,2023-01-03,,0,0.0,0
13,Everton,681,Asmir Begovic,yes,24.0,38,38,0,0.0,187.5,0.0,187.5,1.0,0.0,0.0,0,12,0,0,0,0,0,0,2021-07-23,0.0,none,1,1,1,0,AFC Bournemouth,2021-07-20,220.0,,bc,0,0,0,2022-08-06,2023-05-28,,0,0.0,0
13,Everton,922,Dele Alli,yes,26.0,3,3,0,0.1973,48.5,0.0,48.5,1.0,0.1973,0.0,0,12,0,0,0,0,0,0,2022-02-03,0.45,data_club,1,0,1,0,Tottenham Hotspur,2022-01-31,220.0,,bc,35,0,0,2022-08-06,2022-08-20,,0,0.0,0
13,Everton,1030,Idrissa Gueye,yes,26.0,33,33,0,0.8587,2323.7,0.0,2323.7,1.0,0.8587,0.0,0,12,0,0,0,0,0,0,2022-09-04,0.5,tier1,1,0,1,0,Aston Villa,2016-08-02,219.0,,bc,6,1,0,2022-09-03,2023-05-28,,0,0.0,0
13,Everton,1572,Demarai Gray,yes,26.0,38,38,0,0.5996,2578.7,0.0,2578.7,1.0,0.5996,0.0,0,12,0,0,0,0,0,0,2021-07-25,0.5,tier1,1,0,1,0,Bayer 04 Leverkusen,2021-07-22,219.0,,bc,0,0,0,2022-08-06,2023-05-28,,0,0.0,0
13,Everton,1574,Eldin Jakupovic,yes,24.0,14,1,13,0.0,0.0,0.0,0.0,,0.0,0.0,0,1,0,0,9,0,2,0,2022-09-16,0.0,none,1,1,1,0,TBC,2022-09-13,219.0,,bc,24,0,0,2022-09-18,2023-01-21,,0,0.0,0
13,Everton,1639,James Tarkowski,yes,25.0,38,38,0,1.0,3384.1,0.0,3384.1,1.0,1.0,0.0,0,12,0,0,0,0,0,0,2022-07-05,0.45,data_club,1,0,1,0,Burnley,2022-07-02,220.0,,ac,0,0,0,2022-08-06,2023-05-28,,0,0.0,0
13,Everton,1791,Andy Lonergan,yes,24.0,38,4,34,0.0,0.0,0.0,0.0,,0.0,0.0,0,12,0,0,0,0,0,0,2021-08-23,0.0,none,1,1,1,0,West Bromwich Albion,2021-08-20,220.0,,bc,0,0,0,2022-08-06,2023-05-28,,0,0.0,0
13,Everton,1881,Alex Iwobi,yes,26.0,38,38,0,0.9974,3367.8,0.0,3367.8,1.0,0.9974,0.0,0,12,0,0,0,0,0,0,2019-08-11,0.45,data_club,1,0,1,0,Arsenal,2019-08-08,219.0,,bc,0,0,0,2022-08-06,2023-05-28,,0,0.0,0
13,Everton,4598726,Dwight McNeil,yes,26.0,38,38,0,1.0,2426.0,0.0,2426.0,1.0,1.0,0.0,0,12,0,0,0,0,0,0,2022-07-31,0.45,data_club,1,0,1,0,Burnley,2022-07-28,219.0,,bc,0,0,0,2022-08-06,2023-05-28,,0,0.0,0
13,Everton,15076357,Ellis Simms,yes,27.0,21,21,0,0.1337,196.9,0.0,196.9,1.0,0.1337,0.0,0,12,0,0,0,0,0,0,,0.0,none,1,0,0,1,,,,Everton U21,bc,17,0,0,2023-01-03,2023-05-28,,0,0.0,0
13,Everton,23279211,Kyle John,yes,25.0,38,2,36,0.0,0.0,0.0,0.0,,0.0,0.0,0,2,0,0,0,0,10,10,,0.0,none,1,0,0,1,,,,,bc,0,0,0,2022-08-06,2023-05-28,,0,0.0,0
13,Everton,29313203,Lewis Warrington,yes,26.0,38,2,36,0.0,0.0,0.0,0.0,,0.0,0.0,0,2,0,0,0,0,10,10,,0.0,none,1,0,0,1,,,,,bc,0,0,0,2022-08-06,2023-05-28,,0,0.0,0
13,Everton,32404895,Jarrad Branthwaite,yes,25.0,0,0,0,0.2287,0.0,0.0,0.0,,0.2287,0.0,0,11,0,0,0,1,0,0,2020-01-16,0.35,tier2,1,0,1,0,Carlisle United,2020-01-13,219.0,,a,38,0,0,,,,0,0.0,0
13,Everton,37259199,Reece Welch,yes,25.0,38,5,33,0.0,0.0,0.0,0.0,,0.0,0.0,0,11,0,0,0,0,1,1,,0.0,none,1,0,0,1,,,,,bc,0,0,0,2022-08-06,2023-05-28,,0,0.0,0
13,Everton,37259201,Sean McAllister,yes,26.0,2,2,0,0.0,0.0,0.0,0.0,,0.0,0.0,0,2,0,0,0,0,10,10,,0.0,none,1,0,0,1,,,,,bc,0,0,0,2023-05-20,2023-05-28,,0,0.0,0
13,Everton,37536533,Stanley Mills,yes,26.0,38,7,31,0.0,0.0,0.0,0.0,,0.0,0.0,0,7,0,0,0,0,5,5,,0.0,none,1,0,0,1,,,,,bc,0,0,0,2022-08-06,2023-05-28,,0,0.0,0
13,Everton,37581743,Ishé Samuels-Smith,yes,25.0,8,1,7,0.0,0.0,0.0,0.0,,0.0,0.0,0,1,0,0,0,0,11,11,,0.0,none,1,0,0,1,,,,,bc,0,0,0,2023-04-15,2023-05-28,,0,0.0,0
11,Fulham,1366,Aleksandar Mitrovic,yes,27.0,38,24,14,0.9476,2016.8,1193.9,3210.7,0.6281,0.9094,0.0,0,12,0,0,0,0,0,0,2018-08-02,0.45,data_club,1,0,1,0,Newcastle United,2018-01-31,218.0,,bc,0,0,0,2022-08-06,2023-05-28,,0,0.0,0
11,Fulham,6853,Neeskens Kebano,yes,26.0,38,20,18,0.6448,1005.1,1044.6,2049.6,0.4904,0.2755,0.0,0,12,0,0,0,0,0,0,2016-08-29,0.5,tier1,1,0,1,0,Genk,2016-08-26,219.0,,bc,0,0,0,2022-08-06,2023-05-28,,0,0.0,0
11,Fulham,5403,Harry Wilson,yes,26.0,38,30,8,0.979,1270.0,704.8,1974.8,0.6431,0.601,0.0,0,12,0,0,0,0,0,0,2021-07-27,0.45,data_club,1,0,1,0,Liverpool,2021-07-24,219.0,,bc,0,0,0,2022-08-06,2023-05-28,,0,0.0,0
11,Fulham,25400,Kenny Tete,yes,25.0,38,32,6,0.8883,2373.8,479.7,2853.5,0.8319,0.822,0.0,0,12,0,0,0,0,0,0,2020-09-13,0.5,tier1,1,0,1,0,Olympique Lyonnais,2020-09-10,219.0,,ac,0,0,0,2022-08-06,2023-05-28,,0,0.0,0
11,Fulham,2454,Tim Ream,yes,25.0,38,33,5,0.9337,2963.4,420.1,3383.6,0.8758,0.9337,0.0,0,12,0,0,0,0,0,0,2015-08-23,0.45,data_club,1,0,1,0,Bolton Wanderers,2015-08-20,219.0,,bc,0,0,0,2022-08-06,2023-05-28,,0,0.0,0
11,Fulham,95746,Layvin Kurzawa,yes,25.0,32,9,23,0.1988,121.8,411.6,533.4,0.2284,0.123,0.0,0,9,0,0,0,0,3,0,2022-09-04,0.5,tier1,1,0,1,0,Paris Saint Germain,2022-09-01,218.0,,bc,6,0,0,2022-09-16,2023-05-28,,0,0.0,0
11,Fulham,1004,Andreas Pereira,yes,26.0,38,33,5,0.8709,2398.5,391.9,2790.5,0.8596,0.8709,0.0,0,12,0,0,0,0,0,0,2022-07-14,0.45,data_club,1,0,1,0,Manchester United,2022-07-11,219.0,,bc,0,0,0,2022-08-06,2023-05-28,,0,0.0,0
11,Fulham,1317,Willian,yes,27.0,33,27,6,0.6819,1660.1,368.2,2028.3,0.8185,0.8926,0.0,0,12,0,0,0,0,0,0,2022-09-04,0.25,tier3+override,1,0,1,0,Corinthians,2022-09-01,220.0,,bc,6,1,0,2022-09-03,2023-05-28,,0,0.0,0
11,Fulham,3160,Joe Bryan,yes,25.0,5,0,5,0.5981,0.0,269.2,269.2,0.0,0.5981,0.0,0,12,0,0,0,0,0,0,2018-08-12,0.45,data_club,1,0,1,0,Bristol City,2018-08-09,219.0,,b,33,0,0,2022-08-06,2022-08-30,,0,0.0,0
11,Fulham,1708,Josh Onomah,yes,26.0,21,5,16,0.173,77.4,249.1,326.5,0.237,0.0,0.0,0,0,0,0,12,0,0,0,2019-08-11,0.45,data_club,1,0,1,0,Tottenham Hotspur,2019-08-08,220.0,,bc,17,0,0,2022-08-06,2023-01-23,,0,0.0,0
11,Fulham,160072,João Palhinha,yes,26.0,38,35,3,0.9144,2796.7,246.9,3043.6,0.9189,0.9791,0.0,0,12,0,0,0,0,0,0,2022-07-07,0.5,tier1,1,0,1,0,Sporting CP,2022-07-04,219.0,,bc,0,0,0,2022-08-06,2023-05-28,,0,0.0,0
11,Fulham,581067,Antonee Robinson,yes,25.0,38,35,3,0.8012,2881.2,216.3,3097.5,0.9302,1.0,0.0,0,12,0,0,0,0,0,0,2020-08-23,0.45,data_club,1,0,1,0,Wigan Athletic,2020-08-20,219.0,,ac,0,0,0,2022-08-06,2023-05-28,,0,0.0,0
11,Fulham,125482,Manor Solomon,yes,26.0,38,22,16,0.1451,488.0,209.0,697.0,0.7002,0.3552,0.0,0,12,0,0,0,0,0,0,2022-07-28,0.35,tier2,1,0,1,0,Shakhtar Donetsk,2022-07-25,218.0,,bc,0,0,0,2022-08-06,2023-05-28,,0,0.0,0
11,Fulham,7340703,Tyrese Francois,yes,26.0,25,7,18,0.0843,52.4,136.6,189.0,0.2771,0.0843,0.0,0,12,0,0,0,0,0,0,,0.0,none,1,0,0,1,,,,Fulham U21,bc,13,0,0,2022-08-06,2023-05-28,,0,0.0,0
11,Fulham,5149,Daniel James,yes,26.0,33,28,5,0.289,864.0,130.0,994.0,0.8692,0.2499,0.0,0,12,0,0,0,0,0,0,2022-09-04,0.45,data_club,1,0,1,0,Leeds United,2022-09-01,218.0,,bc,6,1,0,2022-09-03,2023-05-28,,0,0.0,0
11,Fulham,2285,Tom Cairney,yes,26.0,38,33,5,0.2698,1080.9,121.4,1202.4,0.899,0.4883,0.0,0,12,0,0,0,0,0,0,2015-07-04,0.45,data_club,1,0,1,0,Blackburn Rovers,2015-07-01,219.0,,ac,0,0,0,2022-08-06,2023-05-28,,0,0.0,0
11,Fulham,4343,Kevin Mbabu,yes,25.0,23,14,9,0.1404,389.3,113.8,503.1,0.7739,0.1415,0.0,0,12,0,0,0,0,0,0,2022-07-30,0.5,tier1,1,0,1,0,VfL Wolfsburg,2022-07-27,219.0,,bc,15,0,0,2022-08-06,2023-02-11,,0,0.0,0
11,Fulham,3140,Bobby De Cordova-Reid,yes,27.0,38,37,1,0.9473,2660.4,85.3,2745.7,0.9689,0.4683,0.0,0,12,0,0,0,0,0,0,2020-01-27,0.45,data_club,1,0,1,0,Cardiff City,2019-08-08,218.0,,bc,0,0,0,2022-08-06,2023-05-28,,0,0.0,0
11,Fulham,1409,Harrison Reed,yes,26.0,38,37,1,0.9116,2823.8,82.0,2905.8,0.9718,0.7448,0.0,0,12,0,0,0,0,0,0,2020-09-02,0.45,data_club,1,0,1,0,Southampton,2019-08-08,218.0,,ac,0,0,0,2022-08-06,2023-05-28,,0,0.0,0
11,Fulham,2225,Nathaniel Chalobah,yes,26.0,21,14,7,0.0869,132.4,54.7,187.1,0.7074,0.0,0.0,1,0,0,0,12,0,0,0,2021-09-03,0.45,data_club,1,0,1,0,Watford,2021-08-31,220.0,,bc,17,0,0,2022-08-06,2023-01-23,,0,0.0,0
11,Fulham,1362,Cédric Soares,yes,25.0,17,15,2,0.2872,313.7,51.7,365.4,0.8585,0.1901,0.0,0,12,0,0,0,0,0,0,2023-02-03,0.45,data_club,1,0,1,0,Arsenal,2023-01-31,218.0,,bc,21,0,0,2023-02-03,2023-05-28,,0,0.0,0
11,Fulham,130248,Sasa Lukic,yes,26.0,17,16,1,0.5,513.2,45.0,558.2,0.9194,0.2891,0.0,0,12,0,0,0,0,0,0,2023-02-03,0.5,tier1,1,0,1,0,Torino,2023-01-31,219.0,,bc,21,0,0,2023-02-03,2023-05-28,,0,0.0,0
11,Fulham,1411,Paulo Gazzaniga,yes,24.0,5,0,5,0.0833,0.0,37.5,37.5,0.0,0.0833,0.0,0,12,0,0,0,0,0,0,2021-07-27,0.0,none,1,1,1,0,Tottenham Hotspur,2021-07-24,220.0,,b,33,0,0,2022-08-06,2022-08-30,,0,0.0,0
11,Fulham,37537755,Luke Harris,yes,26.0,38,23,15,0.0187,20.9,25.2,46.1,0.4537,0.0151,0.0,0,12,0,0,0,0,0,0,,0.0,none,1,0,0,1,,,,Fulham U21,bc,0,0,0,2022-08-06,2023-05-28,,0,0.0,0
11,Fulham,926,Anthony Knockaert,yes,26.0,6,0,6,0.0435,0.0,23.5,23.5,0.0,0.0435,0.0,0,4,0,0,6,0,2,0,2020-07-30,0.45,data_club,1,0,1,0,Brighton & Hove Albion,2019-07-21,218.0,,b,32,0,0,2022-08-06,2022-09-03,,0,0.0,0
11,Fulham,1415,Shane Duffy,yes,25.0,38,30,8,0.0266,157.1,19.1,176.3,0.8915,0.0163,0.0,0,12,0,0,0,0,0,0,2023-02-03,0.45,data_club,1,0,1,0,Brighton & Hove Albion,2022-08-05,218.0,,bc,1,1,0,2022-08-06,2023-05-28,,0,0.0,0
11,Fulham,37402350,Rodrigo Muniz,yes,27.0,3,2,1,0.1081,21.7,9.7,31.4,0.6905,0.0,0.0,0,0,0,0,12,0,0,0,2021-08-23,0.25,tier3,1,0,1,0,Flamengo,2021-08-20,219.0,,ac,35,0,0,2022-08-06,2022-08-20,,0,0.0,0
11,Fulham,5241,Tosin Adarabioyo,yes,25.0,38,38,0,0.9167,2012.3,0.0,2012.3,1.0,0.9167,0.0,0,12,0,0,0,0,0,0,2020-10-08,0.0,tier2,1,0,1,0,Manchester City U21,2020-10-05,219.0,,bc,0,0,0,2022-08-06,2023-05-28,,0,0.0,0
11,Fulham,6351,Marek Rodák,yes,24.0,38,38,0,0.0,765.0,0.0,765.0,1.0,0.0,0.0,0,12,0,0,0,0,0,0,,0.0,none,1,1,0,1,,,,Fulham U21,bc,0,0,0,2022-08-06,2023-05-28,,0,0.0,0
11,Fulham,31342,Bernd Leno,yes,24.0,38,38,0,1.0,2655.0,0.0,2655.0,1.0,1.0,0.0,0,12,0,0,0,0,0,0,2022-08-05,0.0,none,1,1,1,0,Arsenal,2022-08-02,219.0,,ac,0,0,0,2022-08-06,2023-05-28,,0,0.0,0
11,Fulham,96799,Issa Diop,yes,25.0,37,37,0,0.55,1856.5,0.0,1856.5,1.0,0.55,0.0,0,12,0,0,0,0,0,0,2022-08-13,0.45,data_club,1,0,1,0,West Ham United,2022-08-10,219.0,,bc,1,0,0,2022-08-13,2023-05-28,,0,0.0,0
11,Fulham,463153,Carlos Vinícius,yes,27.0,33,33,0,0.5165,1155.6,0.0,1155.6,1.0,0.5165,0.0,0,12,0,0,0,0,0,0,2022-09-04,0.5,tier1,1,0,1,0,Benfica,2022-09-01,219.0,,bc,6,1,0,2022-09-03,2023-05-28,,0,0.0,0
11,Fulham,518596,Terry Ablade,yes,27.0,36,2,34,0.0,0.0,0.0,0.0,,0.0,0.0,0,2,0,0,0,0,10,10,,0.0,none,1,0,0,1,,,,,bc,0,0,0,2022-08-20,2023-05-28,,0,0.0,0
11,Fulham,7026572,George Wickens,yes,24.0,13,2,11,0.0,0.0,0.0,0.0,,0.0,0.0,0,2,0,0,0,0,10,10,,0.0,none,1,1,0,1,,,,,bc,0,0,0,2023-03-06,2023-05-28,,0,0.0,0
11,Fulham,31238187,Stefan Parkes,yes,25.0,31,1,30,0.0,0.0,0.0,0.0,,0.0,0.0,0,1,0,0,0,0,11,11,,0.0,none,1,0,0,1,,,,,bc,0,0,0,2022-10-01,2023-05-28,,0,0.0,0
11,Fulham,37259158,Jay Stansfield,yes,27.0,5,5,0,0.0868,16.4,0.0,16.4,1.0,0.0868,0.0,0,12,0,0,0,0,0,0,,0.0,none,1,0,0,1,,,,Fulham U21,bc,33,0,0,2022-08-06,2022-08-30,,0,0.0,0
11,Fulham,37529823,Kristian Sekularac,yes,26.0,24,1,23,0.0,0.0,0.0,0.0,,0.0,0.0,0,1,0,0,0,0,11,11,,0.0,none,1,0,0,1,,,,,bc,0,0,0,2022-11-13,2023-05-28,,0,0.0,0
11,Fulham,37537754,Matt Dibley-Dias,yes,26.0,4,2,2,0.0,0.0,0.0,0.0,,0.0,0.0,0,2,0,0,0,0,10,10,,0.0,none,1,0,0,1,,,,,bc,0,0,0,2023-05-08,2023-05-28,,0,0.0,0
11,Fulham,37581721,Charlie Robinson,yes,25.0,12,1,11,0.0,0.0,0.0,0.0,,0.0,0.0,0,1,0,0,0,0,11,11,,0.0,none,1,0,0,1,,,,,bc,0,0,0,2023-03-12,2023-05-28,,0,0.0,0
11,Fulham,37622796,Martial Godo,yes,27.0,30,1,29,0.0,0.0,0.0,0.0,,0.0,0.0,0,1,0,0,0,0,11,11,,0.0,none,1,0,0,1,,,,Fulham U21,bc,0,0,0,2022-10-09,2023-05-28,,0,0.0,0
11,Fulham,900408562,Marlon Fossey,yes,,0,0,0,0.0,0.0,0.0,0.0,,0.0,0.0,0,0,0,0,0,0,12,12,,0.0,none,0,0,0,1,,,,,,0,0,0,,,,0,0.0,0
11,Fulham,900610786,Ollie O'Neill,yes,,0,0,0,0.0,0.0,0.0,0.0,,0.0,0.0,0,0,0,0,0,0,12,12,,0.0,none,0,0,0,1,,,,,,0,0,0,,,,0,0.0,0
11,Fulham,900610789,Luciano D'Auria-Henry,yes,,0,0,0,0.0,0.0,0.0,0.0,,0.0,0.0,0,0,0,0,0,0,12,12,,0.0,none,0,0,0,1,,,,,,0,0,0,,,,0,0.0,0
11,Fulham,900626301,Adrion Pajaziti,yes,,0,0,0,0.0,0.0,0.0,0.0,,0.0,0.0,0,0,0,0,0,0,12,12,,0.0,none,0,0,0,1,,,,,,0,0,0,,,,0,0.0,0
71,Leeds United,2818,Stuart Dallas,yes,26.0,38,0,38,0.8859,0.0,3029.8,3029.8,0.0,0.8859,0.0,0,12,0,0,0,0,0,0,2015-08-07,0.45,data_club,1,0,1,0,Brentford,2015-08-04,219.0,,b,0,0,0,2022-08-06,2023-05-28,,0,0.0,0
71,Leeds United,262324,Tyler Adams,yes,26.0,38,24,14,0.994,1860.0,1252.5,3112.5,0.5976,1.0,1.0,1,11,0,0,0,1,0,0,2022-07-09,0.5,tier1,1,0,1,0,RB Leipzig,2022-07-06,219.0,,bc,0,0,0,2022-08-06,2023-05-28,,0,0.0,0
71,Leeds United,1716,Adam Forshaw,yes,26.0,38,16,22,0.5184,674.2,1026.4,1700.6,0.3965,0.4022,0.0,0,12,0,0,0,0,0,0,2018-01-21,0.45,data_club,1,0,1,0,Middlesbrough,2018-01-18,219.0,,bc,0,0,0,2022-08-06,2023-05-28,,0,0.0,0
71,Leeds United,3344,Liam Cooper,yes,25.0,38,25,13,0.8108,1675.1,948.6,2623.7,0.6384,0.3788,0.0,0,12,0,0,0,0,0,0,2014-08-16,0.35,tier2,1,0,1,0,Chesterfield,2014-08-13,219.0,,bc,0,0,0,2022-08-06,2023-05-28,,0,0.0,0
71,Leeds United,239578,Luis Sinisterra,yes,27.0,38,20,18,0.4456,809.6,721.9,1531.5,0.5286,0.4359,0.0,1,12,0,0,0,0,0,0,2022-07-10,0.5,tier1,1,0,1,0,Feyenoord,2022-07-07,219.0,,bc,0,0,0,2022-08-06,2023-05-28,,0,0.0,0
71,Leeds United,449187,Junior Firpo,yes,25.0,38,30,8,0.7485,1431.2,538.9,1970.1,0.7265,0.7115,0.0,1,11,0,0,0,1,0,0,2021-07-09,0.5,tier1,1,0,1,0,FC Barcelona,2021-07-06,219.0,,bc,0,0,0,2022-08-06,2023-05-28,,0,0.0,0
71,Leeds United,793,Rodrigo,yes,27.0,38,31,7,0.7978,2021.9,502.6,2524.5,0.8009,0.5705,0.0,0,12,0,0,0,0,0,0,2020-09-01,0.5,tier1,1,0,1,0,Valencia,2020-08-29,219.0,,bc,0,0,0,2022-08-06,2023-05-28,,0,0.0,0
71,Leeds United,1175,Patrick Bamford,yes,27.0,38,28,10,0.5434,1377.7,489.0,1866.7,0.738,0.7012,0.0,0,12,0,0,0,0,0,0,2018-08-03,0.45,data_club,1,0,1,0,Middlesbrough,2018-07-31,219.0,,bc,0,0,0,2022-08-06,2023-05-28,,0,0.0,0
71,Leeds United,3158,Luke Ayling,yes,25.0,38,33,5,0.9944,2114.4,447.5,2561.9,0.8253,0.8333,0.0,0,12,0,0,0,0,0,0,2016-08-14,0.45,data_club,1,0,1,0,Bristol City,2016-08-11,219.0,,bc,0,0,0,2022-08-06,2023-05-28,,0,0.0,0
71,Leeds United,29478,Pascal Struijk,yes,25.0,38,34,4,0.8763,2244.0,315.5,2559.5,0.8767,0.4894,0.0,0,12,0,0,0,0,0,0,,0.0,none,1,0,0,1,,,,Leeds United U21,bc,0,0,0,2022-08-06,2023-05-28,,0,0.0,0
71,Leeds United,52850,Max Wöber,yes,25.0,21,17,4,0.7746,981.0,278.9,1259.8,0.7786,0.8149,0.0,0,12,0,0,0,0,0,0,2023-01-06,0.35,tier2,1,0,1,0,Salzburg,2023-01-03,219.0,,bc,17,0,0,2023-01-13,2023-05-28,,0,0.0,0
71,Leeds United,186922,Marc Roca,yes,26.0,38,35,3,0.7904,2258.1,213.4,2471.5,0.9136,0.7295,0.0,0,12,0,0,0,0,0,0,2022-07-04,0.5,tier1,1,0,1,0,FC Bayern München,2022-07-01,219.0,,bc,0,0,0,2022-08-06,2023-05-28,,0,0.0,0
71,Leeds United,37316986,Wilfried Gnonto,yes,27.0,32,29,3,0.4385,1292.2,118.4,1410.6,0.9161,0.3595,0.0,0,12,0,0,0,0,0,0,2022-09-04,0.35,tier2,1,0,1,0,Zürich,2022-09-01,219.0,,bc,6,0,0,2022-10-02,2023-05-28,,0,0.0,0
71,Leeds United,37346914,Sonny Perkins,yes,26.0,25,2,23,0.0479,8.6,99.1,107.7,0.08,0.0479,0.0,0,7,5,0,0,0,5,5,,0.0,none,1,0,0,1,,,,,bc,0,0,0,2022-11-12,2023-05-28,,0,0.0,0
71,Leeds United,9939203,Crysencio Summerville,yes,26.0,38,36,2,0.5155,1250.2,92.8,1343.0,0.9309,0.4011,0.0,0,12,0,0,0,0,0,0,2020-09-19,0.0,unknown+override,1,0,1,0,Feyenoord U19,2020-09-16,219.0,Leeds United U21,bc,0,0,0,2022-08-06,2023-05-28,,0,0.0,0
71,Leeds United,35364,Robin Koch,yes,25.0,38,37,1,0.9507,3127.0,85.6,3212.6,0.9734,0.8995,0.0,0,12,0,0,0,0,0,0,2020-09-01,0.5,tier1,1,0,1,0,SC Freiburg,2020-08-29,219.0,,bc,0,0,0,2022-08-06,2023-05-28,,0,0.0,0
71,Leeds United,37336214,Leo Hjelde,yes,25.0,17,5,12,0.0754,56.9,81.5,138.4,0.4113,0.0,0.0,0,0,0,0,12,0,0,0,2021-08-30,0.0,tier2,1,0,1,0,Celtic II,2021-08-27,219.0,,bc,21,0,0,2022-08-06,2023-01-04,,0,0.0,0
71,Leeds United,5149,Daniel James,yes,26.0,5,4,1,0.8305,290.1,74.7,364.8,0.7951,0.1837,0.0,0,12,12,0,0,0,0,0,2021-09-03,0.45,data_club,1,0,1,0,Manchester United,2021-08-31,219.0,,ac,33,0,0,2022-08-06,2022-08-30,,0,0.0,0
71,Leeds United,21412958,Cody Drameh,yes,25.0,19,6,13,0.0602,0.0,70.5,70.5,0.0,0.0,0.0,0,0,0,0,12,0,0,0,2020-08-16,0.0,unknown+override,1,0,1,0,Fulham U23,2020-08-13,219.0,Leeds United U21,bc,19,0,0,2022-08-06,2023-01-22,,0,0.0,0
71,Leeds United,262274,Jack Harrison,yes,26.0,38,37,1,0.7684,2692.6,69.2,2761.8,0.975,0.8752,0.0,0,12,0,0,0,0,0,0,2021-07-05,0.45,data_club,1,0,1,0,Manchester City,2018-07-30,218.0,,bc,0,0,0,2022-08-06,2023-05-28,,0,0.0,0
71,Leeds United,21762788,Joe Gelhardt,yes,27.0,19,17,2,0.3322,423.7,59.8,483.5,0.8763,0.0,0.0,0,0,0,0,12,0,0,0,2020-08-13,0.45,data_club,1,0,1,0,Wigan Athletic,2020-08-10,219.0,,bc,19,0,0,2022-08-06,2023-01-22,,0,0.0,0
71,Leeds United,84528,Rasmus Kristensen,yes,25.0,38,37,1,0.6208,1660.2,55.9,1716.1,0.9674,0.7309,0.0,0,12,0,0,0,0,0,0,2022-07-04,0.35,tier2,1,0,1,0,Salzburg,2022-07-01,219.0,,bc,0,0,0,2022-08-06,2023-05-28,,0,0.0,0
71,Leeds United,25063,Mateusz Klich,yes,26.0,19,16,3,0.2008,519.4,54.2,573.7,0.9055,0.2104,0.0,0,12,0,0,0,0,0,0,2017-07-04,0.5,tier1,1,0,1,0,FC Twente,2017-07-01,219.0,,bc,19,0,0,2022-08-06,2023-01-22,,0,0.0,0
71,Leeds United,37568967,Mateo Joseph,yes,27.0,26,8,18,0.0245,4.3,39.7,44.1,0.098,0.032,0.0,0,8,0,0,0,0,4,4,,0.0,none,1,0,0,1,,,,Leeds United U21,c,0,0,0,2022-11-05,2023-05-28,,0,0.0,0
71,Leeds United,28912710,Sam Greenwood,yes,27.0,38,36,2,0.1019,537.5,18.3,555.9,0.967,0.0941,0.0,0,12,0,0,0,0,0,0,2020-08-31,0.0,unknown+override,1,0,1,0,Arsenal U18,2020-08-28,219.0,Leeds United U21,bc,0,0,0,2022-08-06,2023-05-28,,0,0.0,0
71,Leeds United,32796077,Darko Gyabi,yes,26.0,38,13,25,0.0062,7.5,14.1,21.6,0.3478,0.0104,0.0,0,12,0,0,0,0,0,0,2022-07-07,0.0,tier2,1,0,1,0,Manchester City U21,2022-07-04,219.0,,bc,0,0,0,2022-08-06,2023-05-28,,0,0.0,0
71,Leeds United,1011,Joel Robles,yes,24.0,37,27,10,0.0,45.0,0.0,45.0,1.0,0.3333,0.0,0,12,0,0,0,0,0,0,2022-08-12,0.0,none,1,1,1,0,Real Betis,2022-08-09,220.0,,bc,1,0,0,2022-08-13,2023-05-28,,0,0.0,0
71,Leeds United,186595,Diego Llorente,yes,25.0,19,19,0,0.1033,1105.7,0.0,1105.7,1.0,0.1033,0.0,0,12,0,0,0,0,0,0,2020-09-27,0.5,tier1,1,0,1,0,Real Sociedad,2020-09-24,219.0,,bc,19,0,0,2022-08-06,2023-01-22,,0,0.0,0
71,Leeds United,432881,Illan Meslier,yes,24.0,38,38,0,0.6667,3363.2,0.0,3363.2,1.0,0.6667,0.0,0,12,0,0,0,0,0,0,2020-07-30,0.0,none,1,1,1,0,Lorient,2019-08-08,218.0,,bc,0,0,0,2022-08-06,2023-05-28,,0,0.0,0
71,Leeds United,455794,Kristoffer Klaesson,yes,24.0,38,11,27,0.0,11.8,0.0,11.8,1.0,0.0,0.0,0,12,0,0,0,0,0,0,2021-08-03,0.0,none,1,1,1,0,Vålerenga,2021-07-31,219.0,,bc,0,0,0,2022-08-06,2023-05-28,,0,0.0,0
71,Leeds United,608189,Weston McKennie,yes,26.0,19,19,0,0.8641,1202.0,0.0,1202.0,1.0,0.8641,0.0,0,12,0,0,0,0,0,0,2023-02-02,0.5,tier1,1,0,1,0,Juventus,2023-01-30,218.0,,bc,19,0,0,2023-02-05,2023-05-28,,0,0.0,0
71,Leeds United,2823510,Ian Poveda,yes,27.0,4,0,4,0.0,0.0,0.0,0.0,,0.0,0.0,0,0,0,0,12,0,0,0,2020-01-27,0.0,tier2,1,0,1,0,Manchester City U21,2020-01-24,220.0,,b,34,0,0,2022-08-06,2022-08-27,,0,0.0,0
71,Leeds United,4552689,Brenden Aaronson,yes,26.0,38,38,0,0.4622,2339.2,0.0,2339.2,1.0,0.4622,0.0,0,12,0,0,0,0,0,0,2022-07-04,0.35,tier2,1,0,1,0,Salzburg,2022-07-01,219.0,,ac,0,0,0,2022-08-06,2023-05-28,,0,0.0,0
71,Leeds United,21782390,Georginio Rutter,yes,27.0,20,20,0,0.0847,529.2,0.0,529.2,1.0,0.0847,0.0,0,12,0,0,0,0,0,0,2023-01-17,0.5,tier1,1,0,1,0,TSG Hoffenheim,2023-01-14,219.0,,bc,18,0,0,2023-01-22,2023-05-28,,0,0.0,0
71,Leeds United,25931162,A. McCalmont,no,26.0,38,0,38,0.0,0.0,0.0,0.0,,0.0,0.0,0,0,0,0,0,0,12,12,,0.0,none,1,0,0,1,,,,,b,0,0,0,2022-08-06,2023-05-28,,0,0.0,0
71,Leeds United,37536407,Jeremiah Chilokoa-Mullen,yes,25.0,17,3,14,0.0,0.0,0.0,0.0,,0.0,0.0,0,3,0,0,0,0,9,9,,0.0,none,1,0,0,1,,,,,bc,0,0,0,2023-02-12,2023-05-28,,0,0.0,0
71,Leeds United,37551480,Diogo Monteiro,yes,25.0,17,3,14,0.0,0.0,0.0,0.0,,0.0,0.0,0,3,0,0,0,0,9,9,,0.0,none,1,0,0,1,,,,,bc,0,0,0,2023-02-12,2023-05-28,,0,0.0,0
71,Leeds United,37581741,Archie Gray,yes,26.0,38,6,32,0.0,0.0,0.0,0.0,,0.0,0.0,0,12,0,0,0,0,0,0,,0.0,none,1,0,0,1,,,,Leeds United U18,bc,0,0,0,2022-08-06,2023-05-28,,0,0.0,0
71,Leeds United,900745692,Joe Snowdon,yes,,38,0,38,0.0,0.0,0.0,0.0,,0.0,0.0,0,0,0,0,0,0,12,0,2020-07-04,0.0,unknown+override,0,0,1,0,Man City Youth,2020-07-01,219.0,,b,0,0,0,2022-08-06,2023-05-28,,0,0.0,0
42,Leicester City,12514,James Justin,yes,25.0,38,14,24,0.987,1121.0,2132.0,3253.0,0.3446,0.987,0.0,0,12,0,0,0,0,0,0,2019-07-04,0.45,data_club,1,0,1,0,Luton Town,2019-07-01,219.0,,bc,0,0,0,2022-08-07,2023-05-28,,0,0.0,0
42,Leicester City,612,Jonny Evans,yes,25.0,38,16,22,0.8889,1178.7,1760.0,2938.7,0.4011,0.6418,0.0,0,12,0,0,0,0,0,0,2018-07-04,0.45,data_club,1,0,1,0,West Bromwich Albion,2018-07-01,219.0,,bc,0,0,0,2022-08-07,2023-05-28,,0,0.0,0
42,Leicester City,1350,Ryan Bertrand,yes,25.0,38,0,38,0.3101,0.0,1060.7,1060.7,0.0,0.3101,0.0,0,9,0,0,0,0,3,0,2021-07-18,0.45,data_club,1,0,1,0,Southampton,2021-07-15,220.0,,b,0,0,0,2022-08-07,2023-05-28,,0,0.0,0
42,Leicester City,96838,Ricardo Pereira,yes,25.0,38,12,26,0.3743,357.2,875.8,1233.0,0.2897,0.4307,0.0,0,12,0,0,0,0,0,0,2018-07-04,0.5,tier1,1,0,1,0,Porto,2018-07-01,219.0,,bc,0,0,0,2022-08-07,2023-05-28,,0,0.0,0
42,Leicester City,6838,James Maddison,yes,26.0,38,30,8,0.9109,2454.3,655.9,3110.1,0.7891,0.9421,0.0,0,12,0,0,0,0,0,0,2018-07-04,0.45,data_club,1,0,1,0,Norwich City,2018-07-01,219.0,,bc,0,0,0,2022-08-07,2023-05-28,,0,0.0,0
42,Leicester City,62342,Youri Tielemans,yes,26.0,38,31,7,0.8156,2348.6,513.8,2862.5,0.8205,0.8099,0.0,0,12,0,0,0,0,0,0,2019-07-11,0.5,tier1,1,0,1,0,Monaco,2019-01-31,218.0,,bc,0,0,0,2022-08-07,2023-05-28,,0,0.0,0
42,Leicester City,5319,Wilfred Ndidi,yes,26.0,38,31,7,0.6962,1763.4,438.6,2202.1,0.8008,0.624,0.0,0,12,0,0,0,0,0,0,2017-01-06,0.5,tier1,1,0,1,0,Genk,2017-01-03,219.0,,bc,0,0,0,2022-08-07,2023-05-28,,0,0.0,0
42,Leicester City,432912,Boubakary Soumaré,yes,26.0,38,29,9,0.4898,1283.3,396.7,1680.0,0.7639,0.6931,0.0,0,12,0,0,0,0,0,0,2021-07-05,0.5,tier1,1,0,1,0,LOSC Lille,2021-07-02,219.0,,bc,0,0,0,2022-08-07,2023-05-28,,0,0.0,0
42,Leicester City,540613,Kiernan Dewsbury-Hall,yes,26.0,38,33,5,0.7635,2551.1,343.6,2894.6,0.8813,0.6479,9.2,1,11,0,0,0,1,0,0,,0.0,none,1,0,0,1,,,,Leicester U21,bc,0,0,0,2022-08-07,2023-05-28,,0,0.0,0
42,Leicester City,10601,Harvey Barnes,yes,26.0,38,34,4,0.7302,2572.4,262.9,2835.2,0.9073,0.7706,0.0,0,12,0,0,0,0,0,0,,0.0,none,1,0,0,1,,,,Leicester U21,bc,0,0,0,2022-08-07,2023-05-28,,0,0.0,0
42,Leicester City,32574,Çaglar Söyüncü,yes,25.0,38,22,16,0.1621,307.9,233.4,541.3,0.5688,0.4262,0.0,0,12,0,0,0,0,0,0,2018-08-12,0.5,tier1,1,0,1,0,SC Freiburg,2018-08-09,219.0,,bc,0,0,0,2022-08-07,2023-05-28,,0,0.0,0
42,Leicester City,4679,Nampalys Mendy,yes,26.0,38,33,5,0.4542,1180.3,204.4,1384.7,0.8524,0.2033,0.0,0,12,0,0,0,0,0,0,2016-07-06,0.5,tier1,1,0,1,0,Nice,2016-07-03,219.0,,bc,0,0,0,2022-08-07,2023-05-28,,0,0.0,0
42,Leicester City,32796825,Victor Kristiansen,yes,25.0,18,14,4,0.5612,734.1,202.0,936.1,0.7842,0.6663,0.0,0,12,0,0,0,0,0,0,2023-01-23,0.35,tier2,1,0,1,0,FC København,2023-01-20,219.0,,bc,20,0,0,2023-02-04,2023-05-28,,0,0.0,0
42,Leicester City,31129,Jannik Vestergaard,yes,25.0,38,7,31,0.0636,32.3,177.5,209.8,0.154,0.0,0.0,0,12,0,0,0,0,0,0,2021-08-16,0.45,data_club,1,0,1,0,Southampton,2021-08-13,219.0,,bc,0,0,0,2022-08-07,2023-05-28,,0,0.0,0
42,Leicester City,1573,Daniel Amartey,yes,25.0,38,35,3,0.6194,1926.8,167.2,2094.0,0.9201,0.2244,0.0,0,12,0,0,0,0,0,0,2016-01-25,0.35,tier2,1,0,1,0,FC København,2016-01-22,219.0,,bc,0,0,0,2022-08-07,2023-05-28,,0,0.0,0
42,Leicester City,1488,Kelechi Iheanacho,yes,27.0,38,35,3,0.5845,1028.4,157.8,1186.2,0.867,0.5578,0.0,0,12,0,0,0,0,0,0,2017-08-06,0.45,data_club,1,0,1,0,Manchester City,2017-08-03,219.0,,bc,0,0,0,2022-08-07,2023-05-28,,0,0.0,0
42,Leicester City,26955,Wout Faes,yes,25.0,33,31,2,0.75,2452.5,135.0,2587.5,0.9478,1.0,0.0,1,11,0,0,0,1,0,0,2022-09-04,0.5,tier1,1,0,1,0,Reims,2022-09-01,219.0,,ac,1,0,0,2022-09-04,2023-05-28,,0,0.0,0
42,Leicester City,11311795,Wesley Fofana,yes,25.0,4,2,2,0.75,112.5,135.0,247.5,0.4545,0.8609,0.0,0,12,12,0,0,0,0,0,2020-10-05,0.5,tier1,1,0,1,0,Saint-Étienne,2020-10-02,219.0,,bc,34,0,0,2022-08-07,2022-08-27,,0,0.0,0
42,Leicester City,11705405,Lewis Brunt,yes,25.0,38,7,31,0.0348,20.6,97.1,117.7,0.1752,0.0461,0.0,0,12,0,0,0,0,0,0,,0.0,none,1,0,0,1,,,,,bc,0,0,0,2022-08-07,2023-05-28,,0,0.0,0
42,Leicester City,61654,Dennis Praet,yes,26.0,38,34,4,0.2483,599.3,89.4,688.7,0.8702,0.1358,0.0,0,12,0,0,0,0,0,0,2019-08-11,0.5,tier1,1,0,1,0,Sampdoria,2019-08-08,219.0,,bc,0,0,0,2022-08-07,2023-05-28,,0,0.0,0
42,Leicester City,3282,Danny Ward,yes,24.0,38,35,3,0.25,2370.0,67.5,2437.5,0.9723,0.25,0.0,0,12,0,0,0,0,0,0,2018-07-23,0.0,none,1,1,1,0,Liverpool,2018-07-20,219.0,,bc,0,0,0,2022-08-07,2023-05-28,,0,0.0,0
42,Leicester City,10309700,Luke Thomas,yes,25.0,38,36,2,0.3196,1104.3,57.5,1161.8,0.9505,0.356,0.0,0,12,0,0,0,0,0,0,,0.0,none,1,0,0,1,,,,Leicester U21,ac,0,0,0,2022-08-07,2023-05-28,,0,0.0,0
42,Leicester City,55485,Patson Daka,yes,27.0,38,37,1,0.5744,1205.8,51.7,1257.5,0.9589,0.3801,0.0,0,12,0,0,0,0,0,0,2021-07-04,0.35,tier2,1,0,1,0,Salzburg,2021-07-01,219.0,,bc,0,0,0,2022-08-07,2023-05-28,,0,0.0,0
42,Leicester City,1396,Ayoze Pérez,yes,27.0,20,18,2,0.2658,283.8,47.8,331.6,0.8557,0.2658,0.0,0,12,0,0,0,0,0,0,2019-07-07,0.45,data_club,1,0,1,0,Newcastle United,2019-07-04,219.0,,bc,18,0,0,2022-08-07,2023-01-21,,0,0.0,0
42,Leicester City,28575743,Kasey McAteer,yes,26.0,38,3,35,0.0044,1.2,13.8,15.0,0.0789,0.0044,0.0,0,8,0,0,0,0,4,4,,0.0,none,1,0,0,1,,,,Leicester U21,bc,0,0,0,2022-08-07,2023-05-28,,0,0.0,0
42,Leicester City,6518,Hamza Choudhury,yes,26.0,1,0,1,0.0578,0.0,5.2,5.2,0.0,0.0,0.0,0,0,0,12,0,0,0,0,,0.0,none,1,0,0,1,,,,Leicester U21,b,37,0,0,2022-08-07,2022-08-07,,0,0.0,0
42,Leicester City,174,Marc Albrighton,yes,26.0,20,19,1,0.0086,142.1,0.8,142.8,0.9946,0.0,0.0,0,0,0,0,12,0,0,0,2014-07-04,0.45,data_club,1,0,1,0,Aston Villa,2014-07-01,220.0,,bc,18,0,0,2022-08-07,2023-01-21,,0,0.0,0
42,Leicester City,1182,Jamie Vardy,yes,27.0,38,38,0,0.5528,1900.8,0.0,1900.8,1.0,0.5528,0.0,0,12,0,0,0,0,0,0,2012-07-04,0.35,tier2,1,0,1,0,Fleetwood Town,2012-07-01,219.0,,bc,0,0,0,2022-08-07,2023-05-28,,0,0.0,0
42,Leicester City,2313,Alex Smithies,yes,24.0,36,3,33,0.0,0.0,0.0,0.0,,0.0,0.0,0,3,0,0,9,0,0,0,2022-08-15,0.0,none,1,1,1,0,Cardiff City,2022-08-12,220.0,,bc,2,0,0,2022-08-20,2023-05-28,,0,0.0,0
42,Leicester City,7577,George Hirst,yes,27.0,4,0,4,0.0,0.0,0.0,0.0,,0.0,0.0,0,0,0,0,12,0,0,0,2019-07-08,0.5,tier1,1,0,1,0,OH Leuven,2019-07-05,219.0,,b,34,0,0,2022-08-07,2022-08-27,,0,0.0,0
42,Leicester City,62337,Timothy Castagne,yes,25.0,38,38,0,0.9957,3173.8,0.0,3173.8,1.0,0.9957,0.0,0,12,0,0,0,0,0,0,2020-09-06,0.5,tier1,1,0,1,0,Atalanta,2020-09-03,219.0,,bc,0,0,0,2022-08-07,2023-05-28,,0,0.0,0
42,Leicester City,173121,Harry Souttar,yes,25.0,18,18,0,0.4201,1088.9,0.0,1088.9,1.0,0.4201,0.0,0,12,0,0,0,0,0,0,2023-02-03,0.45,data_club,1,0,1,0,Stoke City,2023-01-31,219.0,,ac,0,0,0,2023-02-04,2023-05-28,,0,0.0,0
42,Leicester City,581238,Daniel Iversen,yes,24.0,38,38,0,1.0,495.0,0.0,495.0,1.0,1.0,0.0,0,12,0,0,0,0,0,0,,0.0,none,1,1,0,1,,,,Leicester U21,bc,0,0,0,2022-08-07,2023-05-28,,0,0.0,0
42,Leicester City,29313293,Tetê,yes,27.0,18,18,0,0.3216,861.6,0.0,861.6,1.0,0.3216,0.0,0,12,0,0,0,0,0,0,2023-02-01,0.5,tier1,1,0,1,0,Olympique Lyonnais,2023-01-29,218.0,,bc,20,0,0,2023-02-04,2023-05-28,,0,0.0,0
42,Leicester City,33991810,Wanya Marçal,yes,26.0,18,4,14,0.0,0.0,0.0,0.0,,0.0,0.0,0,4,0,0,0,0,8,8,,0.0,none,1,0,0,1,,,,Leicester U21,bc,0,0,0,2023-02-04,2023-05-28,,0,0.0,0
42,Leicester City,37536798,Joe Wormleighton,yes,25.0,28,1,27,0.0,0.0,0.0,0.0,,0.0,0.0,0,1,0,0,0,0,11,11,,0.0,none,1,0,0,1,,,,,bc,0,0,0,2022-10-20,2023-05-28,,0,0.0,0
42,Leicester City,37545771,Sammy Braybrooke,yes,26.0,3,3,0,0.0,0.0,0.0,0.0,,0.0,0.0,0,3,0,0,0,0,9,9,,0.0,none,1,0,0,1,,,,Leicester U21,c,30,0,3,2022-10-08,2023-01-14,,0,0.0,0
42,Leicester City,37561629,Will Alves,yes,26.0,0,0,0,0.0,0.0,0.0,0.0,,0.0,0.0,0,0,0,0,0,0,12,12,,0.0,none,0,0,0,1,,,,Leicester U21,,0,0,0,,,,0,0.0,0
8,Liverpool,241036,Luis Díaz,yes,27.0,38,17,21,0.7937,1059.1,1500.1,2559.2,0.4138,0.518,0.0,0,12,0,0,0,0,0,0,2022-02-02,0.5,tier1,1,0,1,0,Porto,2022-01-30,219.0,,bc,0,0,0,2022-08-06,2023-05-28,,0,0.0,0
8,Liverpool,31857,Thiago Alcântara,yes,26.0,38,18,20,0.7865,1235.4,1415.8,2651.2,0.466,0.7326,0.0,0,12,0,0,0,0,0,0,2020-09-21,0.5,tier1,1,0,1,0,FC Bayern München,2020-09-18,219.0,,bc,0,0,0,2022-08-06,2023-05-28,,0,0.0,0
8,Liverpool,32640,Naby Keïta,yes,26.0,38,10,28,0.4007,385.7,1009.7,1395.4,0.2764,0.3486,0.0,0,12,0,0,0,0,0,0,2018-07-04,0.5,tier1,1,0,1,0,RB Leipzig,2018-07-01,219.0,,bc,0,0,0,2022-08-06,2023-05-28,,0,0.0,0
8,Liverpool,159917,Diogo Jota,yes,27.0,38,22,16,0.6671,1233.8,960.6,2194.4,0.5623,0.6262,0.0,0,12,0,0,0,0,0,0,2020-09-22,0.45,data_club,1,0,1,0,Wolverhampton Wanderers,2020-09-19,219.0,,bc,0,0,0,2022-08-06,2023-05-28,,0,0.0,0
8,Liverpool,100556,Ibrahima Konaté,yes,25.0,38,21,17,0.4378,1313.2,669.9,1983.0,0.6622,0.9167,0.0,0,12,0,0,0,0,0,0,2021-07-04,0.5,tier1,1,0,1,0,RB Leipzig,2021-07-01,219.0,,bc,0,0,0,2022-08-06,2023-05-28,,0,0.0,0
8,Liverpool,1461,Roberto Firmino,yes,27.0,38,25,13,0.5675,1304.6,663.9,1968.5,0.6627,0.2746,0.0,0,12,0,0,0,0,0,0,2015-07-04,0.5,tier1,1,0,1,0,TSG Hoffenheim,2015-07-01,219.0,,bc,0,0,0,2022-08-06,2023-05-28,,0,0.0,0
8,Liverpool,1920,Joël Matip,yes,25.0,38,29,9,0.8003,1462.8,648.2,2111.1,0.6929,0.25,0.0,0,12,0,0,0,0,0,0,2016-07-04,0.5,tier1,1,0,1,0,Schalke 04,2016-07-01,220.0,,bc,0,0,0,2022-08-06,2023-05-28,,0,0.0,0
8,Liverpool,4545525,Rhys Williams,yes,25.0,19,2,17,0.4191,77.6,641.2,718.9,0.108,0.375,0.0,0,2,0,10,0,0,0,0,,0.45,data_club,1,0,1,0,Blackpool,2023-05-31,218.0,Liverpool U21,bc,19,0,0,2023-02-04,2023-05-28,,0,0.0,0
8,Liverpool,850,Alex Oxlade-Chamberlain,yes,26.0,38,13,25,0.2844,234.5,639.8,874.3,0.2682,0.3136,0.0,0,12,0,0,0,0,0,0,2017-09-03,0.45,data_club,1,0,1,0,Arsenal,2017-08-31,219.0,,bc,0,0,0,2022-08-06,2023-05-28,,0,0.0,0
8,Liverpool,37565677,Stefan Bajcetic,yes,25.0,38,21,17,0.3343,194.0,511.5,705.5,0.275,0.463,0.0,0,12,0,0,0,0,0,0,,0.0,none,1,0,0,1,,,,Liverpool U18,bc,0,0,0,2022-08-06,2023-05-28,,0,0.0,0
8,Liverpool,6013424,Darwin Núñez,yes,27.0,38,29,9,0.5459,1588.5,442.2,2030.7,0.7822,0.5347,0.0,1,12,0,0,0,0,0,0,2022-07-04,0.5,tier1,1,0,1,0,Benfica,2022-07-01,219.0,,bc,0,0,0,2022-08-06,2023-05-28,,0,0.0,0
8,Liverpool,1743,Virgil van Dijk,yes,25.0,38,33,5,0.949,2743.6,427.0,3170.7,0.8653,1.0,0.0,0,12,0,0,0,0,0,0,2018-01-04,0.45,data_club,1,0,1,0,Southampton,2018-01-01,219.0,,ac,0,0,0,2022-08-06,2023-05-28,,0,0.0,0
8,Liverpool,4545513,Curtis Jones,yes,26.0,38,23,15,0.2266,711.8,305.9,1017.8,0.6994,0.7655,0.0,0,12,0,0,0,0,0,0,,0.0,none,1,0,0,1,,,,Liverpool U21,bc,0,0,0,2022-08-06,2023-05-28,,0,0.0,0
8,Liverpool,1453,Joe Gomez,yes,25.0,38,33,5,0.6127,1511.8,275.7,1787.5,0.8457,0.25,0.0,0,12,0,0,0,0,0,0,2015-07-04,0.45,data_club,1,0,1,0,Charlton Athletic,2015-07-01,219.0,,ac,0,0,0,2022-08-06,2023-05-28,,0,0.0,0
8,Liverpool,219920,Arthur,yes,26.0,33,7,26,0.1042,86.2,243.8,330.0,0.2614,0.0,0.0,0,7,0,0,0,0,5,0,2022-09-04,0.5,tier1,1,0,1,0,Juventus,2022-09-01,218.0,,bc,6,1,0,2022-09-03,2023-05-28,,0,0.0,0
8,Liverpool,1078,Andy Robertson,yes,25.0,38,35,3,0.7837,2562.7,211.6,2774.3,0.9237,0.8323,0.0,0,12,0,0,0,0,0,0,2017-07-24,0.45,data_club,1,0,1,0,Hull City,2017-07-21,219.0,,bc,0,0,0,2022-08-06,2023-05-28,,0,0.0,0
8,Liverpool,37260590,Calvin Ramsay,yes,25.0,38,1,37,0.0615,0.0,204.7,204.7,0.0,0.0,0.0,0,1,0,0,0,0,11,0,2022-07-04,0.35,tier2,1,0,1,0,Aberdeen,2022-07-01,219.0,,bc,0,0,0,2022-08-06,2023-05-28,,0,0.0,0
8,Liverpool,323,Jordan Henderson,yes,26.0,38,35,3,0.6456,2123.6,174.3,2297.9,0.9241,0.754,0.0,0,12,0,0,0,0,0,0,2011-07-04,0.45,data_club,1,0,1,0,Sunderland,2011-07-01,219.0,,bc,0,0,0,2022-08-06,2023-05-28,,0,0.0,0
8,Liverpool,197,James Milner,yes,26.0,38,34,4,0.4139,978.1,149.0,1127.1,0.8678,0.1991,0.0,0,12,0,0,0,0,0,0,2015-07-04,0.45,data_club,1,0,1,0,Manchester City,2015-07-01,220.0,,bc,0,0,0,2022-08-06,2023-05-28,,0,0.0,0
8,Liverpool,96099,Fabinho,yes,26.0,38,36,2,0.7886,2557.2,141.9,2699.2,0.9474,0.9021,0.0,0,12,0,0,0,0,0,0,2018-07-04,0.5,tier1,1,0,1,0,Monaco,2018-07-01,219.0,,bc,0,0,0,2022-08-06,2023-05-28,,0,0.0,0
8,Liverpool,129820,Alisson Becker,yes,24.0,38,37,1,1.0,3330.0,90.0,3420.0,0.9737,1.0,0.0,0,12,0,0,0,0,0,0,2018-07-22,0.0,none,1,1,1,0,Roma,2018-07-19,219.0,,ac,0,0,0,2022-08-06,2023-05-28,,0,0.0,0
8,Liverpool,23269836,Harvey Elliott,yes,26.0,38,37,1,0.5625,1620.7,50.6,1671.3,0.9697,0.216,0.0,0,12,0,0,0,0,0,0,2019-07-31,0.0,unknown+override,1,0,1,0,Fulham U18,2019-07-28,219.0,Liverpool U21,bc,0,0,0,2022-08-06,2023-05-28,,0,0.0,0
8,Liverpool,37602125,Ben Gannon-Doak,yes,27.0,38,4,34,0.0159,0.9,48.8,49.7,0.0185,0.0268,0.0,0,4,0,0,0,0,8,0,2022-07-04,0.0,unknown+override,1,0,1,0,Celtic Youth,2022-07-01,219.0,Liverpool U18,bc,0,0,0,2022-08-06,2023-05-28,,0,0.0,0
8,Liverpool,21412957,Fábio Carvalho,yes,26.0,38,31,7,0.07,619.8,44.1,663.8,0.9336,0.0138,0.0,0,12,0,0,0,0,0,0,2022-07-04,0.45,data_club,1,0,1,0,Fulham,2022-07-01,219.0,,bc,0,0,0,2022-08-06,2023-05-28,,0,0.0,0
8,Liverpool,37298102,Bobby Clark,yes,26.0,37,6,31,0.0103,2.8,28.8,31.5,0.0882,0.0103,0.0,0,6,0,0,0,0,6,6,,0.0,none,1,0,0,1,,,,Liverpool U21,bc,0,0,0,2022-08-15,2023-05-28,,0,0.0,0
8,Liverpool,84627,Kostas Tsimikas,yes,25.0,38,37,1,0.2769,828.5,24.9,853.5,0.9708,0.2174,0.0,0,12,0,0,0,0,0,0,2020-08-13,0.35,tier2,1,0,1,0,Olympiacos F.C.,2020-08-10,219.0,,ac,0,0,0,2022-08-06,2023-05-28,,0,0.0,0
8,Liverpool,1494396,Nathaniel Phillips,yes,25.0,38,18,20,0.0083,63.9,14.9,78.8,0.811,0.0061,0.0,0,12,0,0,0,0,0,0,,0.0,none,1,0,0,1,,,,Liverpool U21,bc,0,0,0,2022-08-06,2023-05-28,,0,0.0,0
8,Liverpool,1251,Adrián,yes,24.0,38,12,26,0.0,0.0,0.0,0.0,,0.0,0.0,0,12,0,0,0,0,0,0,2019-08-08,0.0,none,1,1,1,0,West Ham United,2019-08-05,220.0,,bc,0,0,0,2022-08-06,2023-05-28,,0,0.0,0
8,Liverpool,1917,Trent Alexander-Arnold,yes,25.0,38,38,0,0.9167,2822.7,0.0,2822.7,1.0,0.9167,0.0,0,12,0,0,0,0,0,0,,0.0,none,1,0,0,1,,,,Liverpool U18,bc,0,0,0,2022-08-06,2023-05-28,,0,0.0,0
8,Liverpool,4125,Mohamed Salah,yes,27.0,38,38,0,0.8984,3090.6,0.0,3090.6,1.0,0.8984,0.0,0,12,0,0,0,0,0,0,2017-07-04,0.5,tier1,1,0,1,0,Roma,2017-07-01,219.0,,bc,0,0,0,2022-08-06,2023-05-28,,0,0.0,0
8,Liverpool,30062,Cody Gakpo,yes,27.0,21,21,0,0.7378,1301.0,0.0,1301.0,1.0,0.7378,0.0,0,12,0,0,0,0,0,0,2023-01-04,0.5,tier1,1,0,1,0,PSV,2023-01-01,219.0,,ac,1,0,0,2023-01-14,2023-05-28,,0,0.0,0
8,Liverpool,896225,Caoimhín Kelleher,yes,24.0,38,29,9,0.0,0.0,0.0,0.0,,0.0833,0.0,0,12,0,0,0,0,0,0,,0.0,none,1,1,0,1,,,,Liverpool U21,bc,0,0,0,2022-08-06,2023-05-28,,0,0.0,0
8,Liverpool,9606060,Vítezslav Jaros,yes,24.0,0,0,0,0.0,0.0,0.0,0.0,,0.0,0.0,0,0,0,0,0,0,12,12,,0.0,none,0,1,0,1,,,,Liverpool U21,,0,0,0,,,,0,0.0,0
8,Liverpool,11658171,Sepp van den Berg,yes,25.0,4,4,0,0.0,0.0,0.0,0.0,,0.0,0.0,0,4,0,0,8,0,0,0,2019-07-04,0.5,tier1,1,0,1,0,PEC Zwolle,2019-07-01,219.0,,bc,34,0,0,2022-08-06,2022-08-27,,0,0.0,0
8,Liverpool,23269643,Jake Cain,yes,26.0,38,0,38,0.0,0.0,0.0,0.0,,0.0,0.0,0,0,0,0,0,0,12,12,,0.0,none,1,0,0,1,,,,,b,0,0,0,2022-08-06,2023-05-28,,0,0.0,0
8,Liverpool,28952241,Layton Stewart,no,27.0,0,0,0,0.0,0.0,0.0,0.0,,0.0,0.0,0,0,0,0,0,0,12,12,,0.0,none,0,0,0,1,,,,,,0,0,0,,,,0,0.0,0
8,Liverpool,37316834,Harvey Davies,yes,24.0,36,3,33,0.0,0.0,0.0,0.0,,0.0,0.0,0,3,0,0,0,0,9,9,,0.0,none,1,1,0,1,,,,Liverpool U21,c,0,0,0,2022-08-22,2023-05-28,,0,0.0,0
8,Liverpool,37389552,Luke Chambers,yes,26.0,38,1,37,0.0,0.0,0.0,0.0,,0.0,0.0,0,1,0,0,0,0,11,11,,0.0,none,1,0,0,1,,,,,bc,0,0,0,2022-08-06,2023-05-28,,0,0.0,0
8,Liverpool,900594721,Melkamu Frauendorf,yes,,0,0,0,0.0,0.0,0.0,0.0,,0.0,0.0,0,0,0,0,0,0,12,12,,0.0,none,0,0,0,1,,,,,,0,0,0,,,,0,0.0,0
9,Manchester City,186299,Aymeric Laporte,yes,25.0,38,27,11,0.7845,1194.6,776.6,1971.2,0.606,0.4034,0.0,0,12,0,0,0,0,0,0,2018-02-02,0.5,tier1,1,0,1,0,Athletic Club,2018-01-30,219.0,,bc,0,0,0,2022-08-07,2023-05-28,,0,0.0,0
9,Manchester City,982,John Stones,yes,25.0,38,29,9,0.8478,1971.6,686.7,2658.3,0.7417,0.6105,0.0,0,12,0,0,0,0,0,0,2016-08-12,0.45,data_club,1,0,1,0,Everton,2016-08-09,219.0,,bc,0,0,0,2022-08-07,2023-05-28,,0,0.0,0
9,Manchester City,1869,Nathan Aké,yes,25.0,38,30,8,0.6038,1606.4,434.7,2041.2,0.787,0.6618,0.0,0,12,0,0,0,0,0,0,2020-08-08,0.45,data_club,1,0,1,0,AFC Bournemouth,2020-08-05,219.0,,bc,0,0,0,2022-08-07,2023-05-28,,0,0.0,0
9,Manchester City,911,Kyle Walker,yes,25.0,38,32,6,0.7621,1848.4,411.6,2259.9,0.8179,0.7388,0.0,0,12,0,0,0,0,0,0,2017-07-17,0.45,data_club,1,0,1,0,Tottenham Hotspur,2017-07-14,219.0,,bc,0,0,0,2022-08-07,2023-05-28,,0,0.0,0
9,Manchester City,162536,Rúben Dias,yes,25.0,38,32,6,0.7228,2065.3,390.3,2455.7,0.841,0.8307,0.0,0,12,0,0,0,0,0,0,2020-10-02,0.5,tier1,1,0,1,0,Benfica,2020-09-29,219.0,,ac,0,0,0,2022-08-07,2023-05-28,,0,0.0,0
9,Manchester City,3354,Kalvin Phillips,yes,26.0,38,27,11,0.3889,443.6,385.0,828.6,0.5353,0.2286,0.0,0,12,0,0,0,0,0,0,2022-07-07,0.45,data_club,1,0,1,0,Leeds United,2022-07-04,219.0,,bc,0,0,0,2022-08-07,2023-05-28,,0,0.0,0
9,Manchester City,1116,Jack Grealish,yes,26.0,38,33,5,0.6746,2040.4,303.6,2344.0,0.8705,0.7184,0.0,0,12,0,0,0,0,0,0,2021-08-08,0.45,data_club,1,0,1,0,Aston Villa,2021-08-05,219.0,,bc,0,0,0,2022-08-07,2023-05-28,,0,0.0,0
9,Manchester City,96183,Benjamin Mendy,yes,25.0,38,0,38,0.0709,0.0,242.3,242.3,0.0,0.0709,0.0,0,2,0,0,0,0,10,0,2017-07-27,0.5,tier1,1,0,1,0,Monaco,2017-07-24,219.0,,b,0,0,0,2022-08-07,2023-05-28,,0,0.0,0
9,Manchester City,336133,Phil Foden,yes,26.0,38,33,5,0.5263,1810.6,236.8,2047.5,0.8843,0.7111,0.0,0,12,0,0,0,0,0,0,,0.0,none,1,0,0,1,,,,Manchester City U18,ac,0,0,0,2022-08-07,2023-05-28,,0,0.0,0
9,Manchester City,1371,Kevin De Bruyne,yes,26.0,38,35,3,0.6655,2560.7,179.7,2740.4,0.9344,0.5909,0.0,0,12,0,0,0,0,0,0,2015-09-02,0.5,tier1,1,0,1,0,VfL Wolfsburg,2015-08-30,219.0,,bc,0,0,0,2022-08-07,2023-05-28,,0,0.0,0
9,Manchester City,154421,Erling Haaland,yes,27.0,38,36,2,0.8958,2638.2,161.2,2799.5,0.9424,0.7725,0.0,0,12,0,0,0,0,0,0,2022-07-04,0.5,tier1,1,0,1,0,Borussia Dortmund,2022-07-01,219.0,,ac,0,0,0,2022-08-07,2023-05-28,,0,0.0,0
9,Manchester City,198062,Manuel Akanji,yes,25.0,32,30,2,0.8586,2107.1,154.5,2261.7,0.9317,0.8586,0.0,0,12,0,0,0,0,0,0,2022-09-04,0.5,tier1,1,0,1,0,Borussia Dortmund,2022-09-01,219.0,,bc,6,0,0,2022-09-17,2023-05-28,,0,0.0,0
9,Manchester City,37545384,Máximo Perrone,yes,26.0,18,5,13,0.0975,53.7,114.1,167.8,0.3202,0.0184,0.0,0,5,0,0,0,0,7,0,2023-01-26,0.25,tier3,1,0,1,0,Vélez Sarsfield,2023-01-23,219.0,,bc,20,0,0,2023-02-05,2023-05-28,,0,0.0,0
9,Manchester City,186910,Rodri,yes,26.0,38,37,1,0.9397,3110.0,84.6,3194.5,0.9735,0.702,0.0,0,12,0,0,0,0,0,0,2019-07-07,0.5,tier1,1,0,1,0,Atlético de Madrid,2019-07-04,219.0,,bc,0,0,0,2022-08-07,2023-05-28,,0,0.0,0
9,Manchester City,28912747,Cole Palmer,yes,26.0,38,31,7,0.0518,177.3,32.6,209.9,0.8447,0.2343,0.0,0,12,0,0,0,0,0,0,,0.0,none,1,0,0,1,,,,Manchester City U21,bc,0,0,0,2022-08-07,2023-05-28,,0,0.0,0
9,Manchester City,21394947,Julián Alvarez,yes,27.0,38,37,1,0.3272,1050.8,29.4,1080.3,0.9727,0.6902,0.0,0,12,0,0,0,0,0,0,2022-02-03,0.25,tier3,1,0,1,0,River Plate,2022-01-31,219.0,,bc,0,0,0,2022-08-07,2023-05-28,,0,0.0,0
9,Manchester City,4536537,Sergio Gómez,yes,26.0,36,32,4,0.0573,483.7,20.6,504.3,0.9591,0.2258,0.0,0,12,0,0,0,0,0,0,2022-08-19,0.5,tier1,1,0,1,0,Anderlecht,2022-08-16,219.0,,bc,2,0,0,2022-08-21,2023-05-28,,0,0.0,0
9,Manchester City,37459073,Rico Lewis,yes,25.0,38,37,1,0.0283,591.8,2.5,594.3,0.9957,0.3333,0.0,0,12,0,0,0,0,0,0,,0.0,none,1,0,0,1,,,,Manchester City U18,ac,0,0,0,2022-08-07,2023-05-28,,0,0.0,0
9,Manchester City,28912976,Liam Delap,yes,27.0,2,1,1,0.0106,1.0,1.0,1.9,0.5,0.0,0.0,0,0,0,12,0,0,0,0,,0.0,none,1,0,0,1,,,,,bc,36,0,0,2022-08-07,2022-08-13,,0,0.0,0
9,Manchester City,105,Scott Carson,yes,24.0,38,5,33,0.0,0.0,0.0,0.0,,0.0,0.0,0,12,0,0,0,0,0,0,2021-07-23,0.0,none,1,1,1,0,Derby County,2019-08-08,218.0,,bc,0,0,0,2022-08-07,2023-05-28,,0,0.0,0
9,Manchester City,971,Riyad Mahrez,yes,27.0,38,38,0,0.7903,1653.0,0.0,1653.0,1.0,0.7903,0.0,0,12,0,0,0,0,0,0,2018-07-13,0.45,data_club,1,0,1,0,Leicester City,2018-07-10,219.0,,bc,0,0,0,2022-08-07,2023-05-28,,0,0.0,0
9,Manchester City,4842,Ilkay Gündogan,yes,26.0,38,38,0,0.6322,2360.8,0.0,2360.8,1.0,0.6322,0.0,0,12,0,0,0,0,0,0,2016-07-04,0.5,tier1,1,0,1,0,Borussia Dortmund,2016-07-01,219.0,,bc,0,0,0,2022-08-07,2023-05-28,,0,0.0,0
9,Manchester City,34594,Stefan Ortega,yes,24.0,38,38,0,0.25,60.0,0.0,60.0,1.0,0.25,0.0,0,12,0,0,0,0,0,0,2022-07-04,0.0,none,1,1,1,0,DSC Arminia Bielefeld,2022-07-01,220.0,,bc,0,0,0,2022-08-07,2023-05-28,,0,0.0,0
9,Manchester City,96353,Bernardo Silva,yes,26.0,38,38,0,0.4696,2332.0,0.0,2332.0,1.0,0.4696,0.0,0,12,0,0,0,0,0,0,2017-07-04,0.5,tier1,1,0,1,0,Monaco,2017-07-01,219.0,,bc,0,0,0,2022-08-07,2023-05-28,,0,0.0,0
9,Manchester City,159142,Ederson,yes,24.0,38,38,0,0.75,3360.0,0.0,3360.0,1.0,0.75,0.0,0,12,0,0,0,0,0,0,2017-07-04,0.0,none,1,1,1,0,Benfica,2017-07-01,219.0,,bc,0,0,0,2022-08-07,2023-05-28,,0,0.0,0
9,Manchester City,160956,João Cancelo,yes,25.0,20,20,0,0.58,1630.9,0.0,1630.9,1.0,0.58,57.4,1,11,0,0,0,1,0,0,2019-08-10,0.5,tier1,1,0,1,0,Juventus,2019-08-07,219.0,,bc,18,0,0,2022-08-07,2023-01-22,,0,0.0,0
9,Manchester City,537353,Claudio Gomes,yes,26.0,5,2,3,0.0,0.0,0.0,0.0,,0.0,0.0,0,2,0,0,10,0,0,0,2018-07-26,0.0,unknown+override,1,0,1,0,Paris SG B,2018-07-23,220.0,,bc,33,0,0,2022-08-07,2022-08-31,,0,0.0,0
9,Manchester City,23311146,Ben Knight,yes,26.0,35,4,31,0.0,0.0,0.0,0.0,,0.0,0.0,0,4,0,0,0,0,8,8,,0.0,none,1,0,0,1,,,,,bc,0,0,0,2022-08-27,2023-05-28,,0,0.0,0
9,Manchester City,24838234,Josh Wilson-Esbrand,yes,25.0,17,8,9,0.0,0.0,0.0,0.0,,0.0,0.0,0,0,0,12,0,0,0,0,,0.0,none,1,0,0,1,,,,Manchester City U21,ac,21,0,0,2022-08-07,2023-01-05,,0,0.0,0
9,Manchester City,28912759,Alex Robertson,yes,26.0,2,2,0,0.0,0.0,0.0,0.0,,0.0,0.0,0,2,0,0,0,0,10,10,,0.0,none,1,0,0,1,,,,,bc,0,0,0,2023-05-24,2023-05-28,,0,0.0,0
9,Manchester City,32796076,Luke Mbete,yes,25.0,38,2,36,0.0,0.0,0.0,0.0,,0.0,0.0,0,4,0,8,0,0,0,0,,0.0,none,1,0,0,1,,,,,bc,0,0,0,2022-08-07,2023-05-28,,0,0.0,0
9,Manchester City,37442672,Shea Charles,yes,26.0,2,2,0,0.0278,0.0,0.0,0.0,,0.0278,0.0,0,2,0,0,0,0,10,10,,0.0,none,1,0,0,1,,,,,bc,0,0,0,2023-05-24,2023-05-28,,0,0.0,0
9,Manchester City,37562487,Nico O'Reilly,yes,26.0,2,1,1,0.0,0.0,0.0,0.0,,0.0,0.0,0,1,0,0,0,0,11,11,,0.0,none,1,0,0,1,,,,Manchester City U21,c,0,0,0,2023-05-24,2023-05-28,,0,0.0,0
14,Manchester United,20333643,Mason Greenwood,yes,27.0,38,0,38,0.4956,0.0,1694.9,1694.9,0.0,0.4956,0.0,0,12,0,0,0,0,0,0,,0.0,none,1,0,0,1,,,,Manchester United U18,b,0,0,0,2022-08-07,2023-05-28,,0,0.0,0
14,Manchester United,4536527,Brandon Williams,yes,25.0,38,7,31,0.307,152.4,856.6,1009.0,0.151,0.1,0.0,0,12,5,0,0,0,0,0,,0.0,none,1,0,0,1,,,,Manchester United U18,bc,0,0,0,2022-08-07,2023-05-28,,0,0.0,0
14,Manchester United,2206665,Lisandro Martínez,yes,25.0,38,27,11,0.8622,1874.7,853.6,2728.3,0.6871,0.8344,0.0,0,12,0,0,0,0,0,0,2022-07-30,0.5,tier1,1,0,1,0,Ajax,2022-07-27,219.0,,ac,0,0,0,2022-08-07,2023-05-28,,0,0.0,0
14,Manchester United,992,Christian Eriksen,yes,26.0,38,29,9,0.797,1980.6,645.5,2626.1,0.7542,0.6609,0.0,0,12,0,0,0,0,0,0,2022-07-18,0.45,data_club,1,0,1,0,Brentford,2022-07-15,220.0,,bc,0,0,0,2022-08-07,2023-05-28,,0,0.0,0
14,Manchester United,159700,Casemiro,yes,26.0,35,28,7,0.9861,1936.7,621.3,2557.9,0.7571,0.9538,70.9,2,10,0,0,0,2,0,0,2022-08-25,0.5,tier1,1,0,1,0,Real Madrid,2022-08-22,219.0,,bc,3,0,0,2022-08-27,2023-05-28,,0,0.0,0
14,Manchester United,26031,Donny van de Beek,yes,26.0,38,11,27,0.2173,264.0,527.9,792.0,0.3334,0.1999,0.0,0,12,1,0,0,0,0,0,2020-09-05,0.5,tier1,1,0,1,0,Ajax,2020-09-02,219.0,,bc,0,0,0,2022-08-07,2023-05-28,,0,0.0,0
14,Manchester United,455376,Scott McTominay,yes,26.0,38,26,12,0.4874,1397.2,526.4,1923.6,0.7264,0.4883,0.0,0,12,0,0,0,0,0,0,,0.0,none,1,0,0,1,,,,Manchester United U23,bc,0,0,0,2022-08-07,2023-05-28,,0,0.0,0
14,Manchester United,12393293,Antony,yes,27.0,33,25,8,0.7291,1592.2,525.0,2117.1,0.752,0.7276,0.0,0,12,0,0,0,0,0,0,2022-09-02,0.5,tier1,1,0,1,0,Ajax,2022-08-30,219.0,,bc,5,0,0,2022-09-04,2023-05-28,,0,0.0,0
14,Manchester United,164061,Diogo Dalot,yes,25.0,38,32,6,0.961,2379.5,519.0,2898.4,0.821,0.5926,0.0,0,12,0,0,0,0,0,0,2018-07-04,0.5,tier1,1,0,1,0,Porto,2018-07-01,219.0,,ac,0,0,0,2022-08-07,2023-05-28,,0,0.0,0
14,Manchester United,95807,Raphaël Varane,yes,25.0,38,30,8,0.6977,1983.6,502.3,2485.9,0.7979,0.6435,0.0,0,12,0,0,0,0,0,0,2021-08-17,0.5,tier1,1,0,1,0,Real Madrid,2021-08-14,219.0,,bc,0,0,0,2022-08-07,2023-05-28,,0,0.0,0
14,Manchester United,160206,Victor Lindelöf,yes,25.0,38,30,8,0.6613,1374.2,476.1,1850.3,0.7427,0.7674,0.0,0,12,0,0,0,0,0,0,2017-07-04,0.5,tier1,1,0,1,0,Benfica,2017-07-01,219.0,,bc,0,0,0,2022-08-07,2023-05-28,,0,0.0,0
14,Manchester United,1829,Anthony Martial,yes,27.0,38,21,17,0.3077,752.1,470.8,1222.9,0.615,0.4843,0.0,0,12,0,0,0,0,0,0,2015-09-04,0.5,tier1,1,0,1,0,Monaco,2015-09-01,219.0,,bc,0,0,0,2022-08-07,2023-05-28,,0,0.0,0
14,Manchester United,538034,Jadon Sancho,yes,26.0,38,30,8,0.643,1743.2,463.0,2206.2,0.7902,0.7044,0.0,0,12,0,0,0,0,0,0,2021-07-26,0.5,tier1,1,0,1,0,Borussia Dortmund,2021-07-23,219.0,,bc,0,0,0,2022-08-07,2023-05-28,,0,0.0,0
14,Manchester United,5252,Aaron Wan-Bissaka,yes,25.0,38,26,12,0.3181,1233.4,343.5,1576.9,0.7822,0.7208,0.0,0,12,0,0,0,0,0,0,2019-07-04,0.45,data_club,1,0,1,0,Crystal Palace,2019-07-01,219.0,,bc,0,0,0,2022-08-07,2023-05-28,,0,0.0,0
14,Manchester United,32582,Marcel Sabitzer,yes,26.0,18,12,6,0.579,575.0,312.7,887.6,0.6477,0.583,0.0,0,12,0,0,0,0,0,0,2023-02-03,0.5,tier1,1,0,1,0,FC Bayern München,2023-01-31,218.0,,bc,20,0,0,2023-02-04,2023-05-28,,0,0.0,0
14,Manchester United,2884,Harry Maguire,yes,25.0,38,31,7,0.4582,1042.2,288.7,1330.9,0.7831,0.2732,0.0,0,12,0,0,0,0,0,0,2019-08-08,0.45,data_club,1,0,1,0,Leicester City,2019-08-05,219.0,,ac,0,0,0,2022-08-07,2023-05-28,,0,0.0,0
14,Manchester United,1878,Marcus Rashford,yes,27.0,38,35,3,0.9527,2583.2,257.2,2840.4,0.9094,0.9149,0.0,0,12,0,0,0,0,0,0,,0.0,none,1,0,0,1,,,,Manchester United U18,ac,0,0,0,2022-08-07,2023-05-28,,0,0.0,0
14,Manchester United,433,Phil Jones,yes,25.0,38,0,38,0.0706,0.0,241.3,241.3,0.0,0.0706,0.0,0,12,0,0,0,0,0,0,2011-07-04,0.45,data_club,1,0,1,0,Blackburn Rovers,2011-07-01,219.0,,b,0,0,0,2022-08-07,2023-05-28,,0,0.0,0
14,Manchester United,4391,Axel Tuanzebe,yes,25.0,20,0,20,0.1325,0.0,238.4,238.4,0.0,0.0583,0.0,0,8,8,4,0,0,0,0,,0.0,none,1,0,0,1,,,,Manchester United U18,b,18,0,0,2022-08-07,2023-01-22,,0,0.0,0
14,Manchester United,955,Luke Shaw,yes,25.0,38,35,3,0.8442,2526.9,227.9,2754.9,0.9173,0.8246,0.0,0,12,0,0,0,0,0,0,2014-07-04,0.45,data_club,1,0,1,0,Southampton,2014-07-01,219.0,,ac,0,0,0,2022-08-07,2023-05-28,,0,0.0,0
14,Manchester United,37316549,Alejandro Garnacho,yes,27.0,38,28,10,0.2442,406.9,219.8,626.7,0.6493,0.3045,0.0,0,12,0,0,0,0,0,0,2020-10-05,0.0,unknown+override,1,0,1,0,Atlético Yth.,2020-10-02,219.0,Manchester United U23,bc,0,0,0,2022-08-07,2023-05-28,,0,0.0,0
14,Manchester United,28912805,Anthony Elanga,yes,27.0,38,27,11,0.0975,877.9,96.5,974.5,0.9009,0.054,0.0,0,12,0,0,0,0,0,0,,0.0,none,1,0,0,1,,,,Manchester United U23,bc,0,0,0,2022-08-07,2023-05-28,,0,0.0,0
14,Manchester United,129602,Bruno Fernandes,yes,26.0,38,37,1,0.9957,3316.8,89.6,3406.4,0.9737,0.9846,0.0,0,12,0,0,0,0,0,0,2020-02-01,0.5,tier1,1,0,1,0,Sporting CP,2020-01-29,219.0,,ac,0,0,0,2022-08-07,2023-05-28,,0,0.0,0
14,Manchester United,580,Cristiano Ronaldo,yes,27.0,14,12,2,0.4937,782.5,88.9,871.3,0.898,0.4937,0.0,0,12,0,0,0,0,0,0,2021-09-03,0.5,tier1,1,0,1,0,Sporting CP,2003-08-12,219.0,,bc,24,0,0,2022-08-07,2022-11-13,,0,0.0,0
14,Manchester United,27422646,Shola Shoretire,yes,27.0,19,1,18,0.0167,1.5,27.0,28.5,0.0526,0.0167,0.0,0,3,0,0,0,0,9,9,,0.0,none,1,0,0,1,,,,Manchester United U23,bc,19,0,0,2022-08-07,2023-01-18,,0,0.0,0
14,Manchester United,2158417,Tyrell Malacia,yes,25.0,38,37,1,0.2973,1409.4,26.8,1436.1,0.9814,0.4369,0.0,0,12,0,0,0,0,0,0,2022-07-08,0.5,tier1,1,0,1,0,Feyenoord,2022-07-05,219.0,,bc,0,0,0,2022-08-07,2023-05-28,,0,0.0,0
14,Manchester United,37316858,Hannibal Mejbri,yes,26.0,4,0,4,0.0632,0.0,22.8,22.8,0.0,0.0,0.0,0,0,0,12,0,0,0,0,,0.0,none,1,0,0,1,,,,Manchester United U23,b,34,0,0,2022-08-07,2022-08-27,,0,0.0,0
14,Manchester United,37540234,Kobbie Mainoo,yes,26.0,30,8,22,0.0071,1.1,14.1,15.2,0.0714,0.012,0.0,0,8,0,0,0,0,4,4,,0.0,none,1,0,0,1,,,,Manchester United U23,c,0,0,0,2022-10-16,2023-05-28,,0,0.0,0
14,Manchester United,20673398,Facundo Pellistri,yes,26.0,38,23,15,0.0078,57.4,10.6,67.9,0.8446,0.0366,0.0,0,12,0,0,0,0,0,0,2020-10-08,0.25,tier3,1,0,1,0,Peñarol,2020-10-05,219.0,,bc,0,0,0,2022-08-07,2023-05-28,,0,0.0,0
14,Manchester United,832,David de Gea,yes,24.0,38,38,0,1.0,3420.0,0.0,3420.0,1.0,1.0,0.0,0,12,0,0,0,0,0,0,2011-07-04,0.0,none,1,1,1,0,Atlético de Madrid,2011-07-01,219.0,,bc,0,0,0,2022-08-07,2023-05-28,,0,0.0,0
14,Manchester United,1454,Tom Heaton,yes,24.0,38,23,15,0.0,0.0,0.0,0.0,,0.0,0.0,0,12,0,0,0,0,0,0,2021-07-05,0.0,none,1,1,1,0,Aston Villa,2021-07-02,220.0,Manchester United U18,ac,0,0,0,2022-08-07,2023-05-28,,0,0.0,0
14,Manchester United,1462,Jack Butland,yes,24.0,21,12,9,0.0,0.0,0.0,0.0,,0.0,0.0,0,12,0,0,0,0,0,0,2023-01-09,0.0,none,1,1,1,0,Crystal Palace,2023-01-06,218.0,,bc,17,0,0,2023-01-14,2023-05-28,,0,0.0,0
14,Manchester United,10907,Nathan Bishop,yes,24.0,38,4,34,0.0,0.0,0.0,0.0,,0.0,0.0,0,4,0,0,0,0,8,8,,0.0,none,1,1,0,1,,,,,bc,0,0,0,2022-08-07,2023-05-28,,0,0.0,0
14,Manchester United,25317,Wout Weghorst,yes,27.0,20,20,0,0.2326,922.3,0.0,922.3,1.0,0.2326,0.0,0,12,0,0,0,0,0,0,2023-01-16,0.45,data_club,1,0,1,0,Burnley,2023-01-13,218.0,,bc,18,0,0,2023-01-18,2023-05-28,,0,0.0,0
14,Manchester United,80889,Martin Dúbravka,yes,24.0,11,4,7,0.0,0.0,0.0,0.0,,0.0,0.0,0,0,0,0,12,0,0,0,2022-09-04,0.0,none,1,1,1,0,Newcastle United,2022-09-01,218.0,,bc,27,0,0,2022-09-04,2022-12-31,,0,0.0,0
14,Manchester United,205411,Fred,yes,26.0,38,38,0,0.2791,1496.6,0.0,1496.6,1.0,0.2791,0.0,0,12,0,0,0,0,0,0,2018-07-04,0.35,tier2,1,0,1,0,Shakhtar Donetsk,2018-07-01,219.0,,bc,0,0,0,2022-08-07,2023-05-28,,0,0.0,0
14,Manchester United,4536524,James Garner,yes,26.0,5,2,3,0.0,0.0,0.0,0.0,,0.4628,0.0,0,12,12,0,0,0,0,0,,0.0,none,1,0,0,1,,,,Manchester United U23,bc,33,0,0,2022-08-07,2022-09-01,,0,0.0,0
14,Manchester United,12759176,Matej Kovár,yes,24.0,2,1,1,0.0,0.0,0.0,0.0,,0.0,0.0,0,1,0,0,0,0,11,11,,0.0,none,1,1,0,1,,,,Manchester United U23,bc,32,0,0,2022-09-01,2022-09-04,,0,0.0,0
14,Manchester United,24469185,Teden Mengi,yes,25.0,0,0,0,0.0,0.0,0.0,0.0,,0.0,0.0,0,0,0,10,0,0,2,2,,0.0,none,1,0,0,1,,,,Manchester United U23,,0,0,0,,,,0,0.0,0
14,Manchester United,30467944,Charlie McNeill,no,27.0,0,0,0,0.0,0.0,0.0,0.0,,0.0,0.0,0,0,0,0,0,0,12,12,,0.0,none,0,0,0,1,,,,,,0,0,0,,,,0,0.0,0
14,Manchester United,37317015,Amad Diallo,yes,26.0,4,0,4,0.0,0.0,0.0,0.0,,0.0,0.0,0,0,0,0,12,0,0,0,2021-01-05,0.5,tier1,1,0,1,0,Atalanta,2021-01-02,219.0,,a,34,0,0,2022-08-07,2022-08-27,,0,0.0,0
14,Manchester United,37365874,Zidane Iqbal,yes,26.0,30,7,23,0.0,0.0,0.0,0.0,,0.0,0.0,0,7,0,0,0,0,5,5,,0.0,none,1,0,0,1,,,,Manchester United U23,bc,0,0,0,2022-10-16,2023-05-28,,0,0.0,0
14,Manchester United,37537862,Rhys Bennett,yes,25.0,24,1,23,0.0,0.0,0.0,0.0,,0.0,0.0,0,1,0,0,0,0,11,11,,0.0,none,1,0,0,1,,,,,bc,0,0,0,2022-12-27,2023-05-28,,0,0.0,0
14,Manchester United,37537864,Álvaro Carreras,yes,26.0,38,0,38,0.0,0.0,0.0,0.0,,0.0,0.0,0,0,0,12,0,0,0,0,,0.0,none,1,0,0,1,,,,Manchester United U23,b,0,0,0,2022-08-07,2023-05-28,,0,0.0,0
14,Manchester United,37544312,Marc Jurado,yes,25.0,9,1,8,0.0,0.0,0.0,0.0,,0.0,0.0,0,1,0,0,0,0,11,11,,0.0,none,1,0,0,1,,,,,bc,0,0,0,2023-04-16,2023-05-28,,0,0.0,0
20,Newcastle United,129966,Emil Krafth,yes,25.0,38,1,37,0.6324,63.7,2106.0,2169.6,0.0293,0.6281,0.0,0,12,0,0,0,0,0,0,2019-08-11,0.5,tier1,1,0,1,0,Amiens SC,2019-08-08,219.0,,bc,0,0,0,2022-08-06,2023-05-28,,0,0.0,0
20,Newcastle United,819,Jonjo Shelvey,yes,26.0,20,6,14,0.7526,387.9,948.3,1336.2,0.2903,0.3878,0.0,0,12,10,0,0,0,0,0,2016-01-15,0.45,data_club,1,0,1,0,Swansea City,2016-01-12,219.0,,bc,18,0,0,2022-08-06,2023-01-21,,0,0.0,0
20,Newcastle United,32508,Allan Saint-Maximin,yes,27.0,38,26,12,0.7577,1380.0,818.3,2198.3,0.6278,0.5258,0.0,0,12,0,0,0,0,0,0,2019-08-05,0.5,tier1,1,0,1,0,Nice,2019-08-02,219.0,,bc,0,0,0,2022-08-06,2023-05-28,,0,0.0,0
20,Newcastle United,459145,Bruno Guimarães,yes,26.0,38,32,6,0.9236,2691.0,498.8,3189.7,0.8436,0.9798,0.0,0,12,0,0,0,0,0,0,2022-02-02,0.5,tier1,1,0,1,0,Olympique Lyonnais,2022-01-30,219.0,,bc,0,0,0,2022-08-06,2023-05-28,,0,0.0,0
20,Newcastle United,2712,Ryan Fraser,yes,26.0,38,16,22,0.2382,620.6,471.6,1092.2,0.5682,0.1986,0.0,0,12,0,0,0,0,0,0,2020-09-10,0.45,data_club,1,0,1,0,AFC Bournemouth,2020-09-07,220.0,,bc,0,0,0,2022-08-06,2023-05-28,,0,0.0,0
20,Newcastle United,1065,Callum Wilson,yes,27.0,38,32,6,0.7847,1926.7,423.7,2350.5,0.8197,0.5858,0.0,0,12,0,0,0,0,0,0,2020-09-10,0.45,data_club,1,0,1,0,AFC Bournemouth,2020-09-07,219.0,,bc,0,0,0,2022-08-06,2023-05-28,,0,0.0,0
20,Newcastle United,34053,Alexander Isak,yes,27.0,34,22,12,0.3812,1119.9,411.7,1531.5,0.7312,0.8225,0.0,0,12,0,0,0,0,0,0,2022-08-29,0.5,tier1,1,0,1,0,Real Sociedad,2022-08-26,219.0,,bc,4,0,0,2022-08-31,2023-05-28,,0,0.0,0
20,Newcastle United,33645,Joelinton,yes,26.0,38,33,5,0.913,2586.6,410.9,2997.5,0.8629,0.8942,0.0,0,12,0,0,0,0,0,0,2019-07-26,0.5,tier1,1,0,1,0,TSG Hoffenheim,2019-07-23,219.0,,ac,0,0,0,2022-08-06,2023-05-28,,0,0.0,0
20,Newcastle United,173737,Sean Longstaff,yes,26.0,38,33,5,0.852,2370.6,383.4,2754.0,0.8608,0.8519,0.0,0,12,0,0,0,0,0,0,,0.0,none,1,0,0,1,,,,Newcastle United U21,bc,0,0,0,2022-08-06,2023-05-28,,0,0.0,0
20,Newcastle United,1387,Matt Targett,yes,25.0,38,29,9,0.4533,1093.1,367.2,1460.3,0.7486,0.1726,0.0,0,12,0,0,0,0,0,0,2022-07-04,0.45,data_club,1,0,1,0,Aston Villa,2022-01-31,218.0,,bc,0,0,0,2022-08-06,2023-05-28,,0,0.0,0
20,Newcastle United,257663,Miguel Almirón,yes,26.0,38,34,4,0.8071,2479.3,290.6,2769.8,0.8951,0.62,0.0,0,12,0,0,0,0,0,0,2019-02-03,0.25,tier3,1,0,1,0,Atlanta United,2019-01-31,219.0,,bc,0,0,0,2022-08-06,2023-05-28,,0,0.0,0
20,Newcastle United,1494447,Joe Willock,yes,26.0,38,35,3,0.8095,2460.7,218.6,2679.3,0.9184,0.84,0.0,0,12,0,0,0,0,0,0,2021-08-16,0.45,data_club,1,0,1,0,Arsenal,2021-02-01,218.0,,ac,0,0,0,2022-08-06,2023-05-28,,0,0.0,0
20,Newcastle United,80889,Martin Dúbravka,yes,24.0,26,24,2,0.75,427.7,135.0,562.7,0.7601,0.0833,0.0,0,12,0,0,0,0,0,0,2018-07-04,0.0,none,1,1,1,0,Sparta Praha,2018-01-31,218.0,,bc,12,0,0,2022-08-06,2023-05-28,,0,0.0,0
20,Newcastle United,1494666,Jamal Lewis,yes,25.0,38,22,16,0.08,180.4,115.1,295.5,0.6104,0.0043,0.0,0,12,0,0,0,0,0,0,2020-09-11,0.45,data_club,1,0,1,0,Norwich City,2020-09-08,219.0,,bc,0,0,0,2022-08-06,2023-05-28,,0,0.0,0
20,Newcastle United,2985,Jamaal Lascelles,yes,25.0,38,30,8,0.1346,489.2,96.9,586.1,0.8346,0.1068,0.0,0,12,0,0,0,0,0,0,2014-08-12,0.45,data_club,1,0,1,0,Nottingham Forest,2014-08-09,219.0,,bc,0,0,0,2022-08-06,2023-05-28,,0,0.0,0
20,Newcastle United,9611543,Anthony Gordon,yes,27.0,18,16,2,0.5301,624.8,95.4,720.2,0.8675,0.3159,0.0,0,12,0,0,0,0,0,0,2023-02-01,0.45,data_club,1,0,1,0,Everton,2023-01-29,219.0,,bc,20,0,0,2023-02-04,2023-05-28,,0,0.0,0
20,Newcastle United,2763,Nick Pope,yes,24.0,38,37,1,1.0,2745.0,90.0,2835.0,0.9683,1.0,68.0,1,12,0,0,0,0,0,0,2022-07-04,0.0,none,1,1,1,0,Burnley,2022-07-01,219.0,,ac,0,0,0,2022-08-06,2023-05-28,,0,0.0,0
20,Newcastle United,32372,Fabian Schär,yes,25.0,38,37,1,0.9898,2915.9,89.1,3005.0,0.9704,0.9833,0.0,0,12,0,0,0,0,0,0,2018-07-29,0.5,tier1,1,0,1,0,Deportivo A Coruña,2018-07-26,219.0,,ac,0,0,0,2022-08-06,2023-05-28,,0,0.0,0
20,Newcastle United,1310,Federico Fernández,yes,25.0,5,0,5,0.165,0.0,74.2,74.2,0.0,0.165,0.0,0,12,0,0,0,0,0,0,2018-08-12,0.45,data_club,1,0,1,0,Swansea City,2018-08-09,219.0,,b,33,0,0,2022-08-06,2022-08-31,,0,0.0,0
20,Newcastle United,1352,Javier Manquillo,yes,25.0,38,28,10,0.0671,107.4,60.4,167.8,0.64,0.0287,0.0,0,12,0,0,0,0,0,0,2017-07-24,0.5,tier1,1,0,1,0,Atlético de Madrid,2017-07-21,219.0,,bc,0,0,0,2022-08-06,2023-05-28,,0,0.0,0
20,Newcastle United,3071,Jacob Murphy,yes,26.0,38,37,1,0.5723,1255.3,51.5,1306.8,0.9606,0.5188,0.0,0,12,0,0,0,0,0,0,2017-07-22,0.45,data_club,1,0,1,0,Norwich City,2017-07-19,219.0,,ac,0,0,0,2022-08-06,2023-05-28,,0,0.0,0
20,Newcastle United,1061,Matt Ritchie,yes,26.0,38,25,13,0.0286,50.8,33.5,84.3,0.6029,0.041,0.0,0,12,0,0,0,0,0,0,2016-07-04,0.45,data_club,1,0,1,0,AFC Bournemouth,2016-07-01,219.0,,bc,0,0,0,2022-08-06,2023-05-28,,0,0.0,0
20,Newcastle United,332047,Elliot Anderson,yes,26.0,38,34,4,0.0911,262.1,32.8,294.9,0.8888,0.2254,0.0,0,12,0,0,0,0,0,0,,0.0,none,1,0,0,1,,,,Newcastle United U21,bc,0,0,0,2022-08-06,2023-05-28,,0,0.0,0
20,Newcastle United,31626620,Harrison Ashby,yes,25.0,18,2,16,0.0095,1.7,13.7,15.4,0.1111,0.0095,0.0,0,12,10,0,0,0,0,0,2023-02-03,0.0,tier2,1,0,1,0,West Ham United U21,2023-01-31,219.0,,bc,20,0,0,2023-02-04,2023-05-28,,0,0.0,0
20,Newcastle United,914,Chris Wood,yes,27.0,19,19,0,0.4608,591.3,0.0,591.3,1.0,0.4608,0.0,0,12,7,0,0,0,0,0,2022-01-16,0.45,data_club,1,0,1,0,Burnley,2022-01-13,219.0,,bc,19,0,0,2022-08-06,2023-01-15,,0,0.0,0
20,Newcastle United,1016,Kieran Trippier,yes,25.0,38,38,0,0.9713,3055.0,0.0,3055.0,1.0,0.9713,0.0,0,12,0,0,0,0,0,0,2022-01-10,0.5,tier1,1,0,1,0,Atlético de Madrid,2022-01-07,219.0,,bc,0,0,0,2022-08-06,2023-05-28,,0,0.0,0
20,Newcastle United,1397,Karl Darlow,yes,24.0,20,7,13,0.0,0.0,0.0,0.0,,0.0,0.0,0,0,0,0,12,0,0,0,2014-08-12,0.0,none,1,1,1,0,Nottingham Forest,2014-08-09,219.0,,bc,18,0,0,2022-08-06,2023-01-21,,0,0.0,0
20,Newcastle United,1414,Paul Dummett,yes,25.0,38,16,22,0.0,0.0,0.0,0.0,,0.0,0.0,0,12,0,0,0,0,0,0,,0.0,none,1,0,0,1,,,,Newcastle United U21,bc,0,0,0,2022-08-06,2023-05-28,,0,0.0,0
20,Newcastle United,2815,Dan Burn,yes,25.0,38,38,0,0.8299,3221.9,0.0,3221.9,1.0,0.8299,0.0,0,12,0,0,0,0,0,0,2022-02-03,0.45,data_club,1,0,1,0,Brighton & Hove Albion,2022-01-31,219.0,,ac,0,0,0,2022-08-06,2023-05-28,,0,0.0,0
20,Newcastle United,4817,Loris Karius,yes,24.0,32,8,24,0.0,0.0,0.0,0.0,,0.0,0.0,0,8,0,0,0,0,4,0,2022-09-15,0.0,none,1,1,1,0,TBC,2022-09-12,219.0,,bc,6,0,0,2022-09-17,2023-05-28,,0,0.0,0
20,Newcastle United,7855,Mark Gillespie,yes,24.0,38,1,37,0.0,0.0,0.0,0.0,,0.0,0.0,0,12,0,0,0,0,0,0,2020-07-06,0.0,none,1,1,1,0,Motherwell,2020-07-03,220.0,,ac,0,0,0,2022-08-06,2023-05-28,,0,0.0,0
20,Newcastle United,5270468,Sven Botman,yes,25.0,38,38,0,1.0,2829.9,0.0,2829.9,1.0,1.0,0.0,0,12,0,0,0,0,0,0,2022-07-04,0.5,tier1,1,0,1,0,LOSC Lille,2022-07-01,219.0,,ac,0,0,0,2022-08-06,2023-05-28,,0,0.0,0
20,Newcastle United,19996845,Kelland Watts,yes,26.0,5,0,5,0.0,0.0,0.0,0.0,,0.0,0.0,0,0,0,0,0,0,12,12,,0.0,none,1,0,0,1,,,,Newcastle United U21,b,33,0,0,2022-08-06,2022-08-31,,0,0.0,0
20,Newcastle United,22536394,Matty Longstaff,yes,26.0,26,0,26,0.0,0.0,0.0,0.0,,0.0,0.0,0,0,0,0,0,0,12,12,,0.0,none,1,0,0,1,,,,Newcastle United U21,b,12,0,0,2022-08-06,2023-05-28,,0,0.0,0
20,Newcastle United,37581796,Lewis Miley,yes,26.0,17,4,13,0.0,0.0,0.0,0.0,,0.0155,0.0,0,4,0,0,0,0,8,8,,0.0,none,1,0,0,1,,,,Newcastle United U21,c,0,0,0,2023-02-11,2023-05-28,,0,0.0,0
63,Nottingham Forest,12647,Dean Henderson,yes,24.0,38,18,20,1.0,1035.0,1800.0,2835.0,0.3651,1.0,0.0,0,12,0,0,0,0,0,0,2022-07-05,0.0,none,1,1,1,0,Manchester United,2022-07-02,218.0,,bc,0,0,0,2022-08-06,2023-05-28,,0,0.0,0
63,Nottingham Forest,784,Jack Colback,yes,26.0,38,18,20,0.5512,862.4,992.2,1854.7,0.465,0.3254,0.0,0,12,0,0,0,0,0,0,2020-08-14,0.45,data_club,1,0,1,0,Newcastle United,2018-01-31,218.0,,bc,0,0,0,2022-08-06,2023-05-28,,0,0.0,0
63,Nottingham Forest,10831,Ryan Yates,yes,26.0,38,26,12,0.8483,2004.9,916.2,2921.1,0.6864,0.6589,0.0,0,12,0,0,0,0,0,0,,0.0,none,1,0,0,1,,,,Nottingham Forest U18,ac,0,0,0,2022-08-06,2023-05-28,,0,0.0,0
63,Nottingham Forest,1028,Steve Cook,yes,25.0,38,19,19,0.5117,1245.9,875.0,2120.8,0.5874,0.4951,0.0,0,12,0,0,0,0,0,0,2022-01-07,0.45,data_club,1,0,1,0,AFC Bournemouth,2022-01-04,220.0,,bc,0,0,0,2022-08-06,2023-05-28,,0,0.0,0
63,Nottingham Forest,1243,Cheikhou Kouyaté,yes,26.0,36,22,14,0.6185,1037.0,779.3,1816.3,0.5709,0.3798,0.0,0,12,0,0,0,0,0,0,2022-08-16,0.45,data_club,1,0,1,0,Crystal Palace,2022-08-13,220.0,,bc,2,0,0,2022-08-20,2023-05-28,,0,0.0,0
63,Nottingham Forest,914,Chris Wood,yes,27.0,19,7,12,0.6332,377.4,683.8,1061.2,0.3556,0.6332,0.0,0,12,5,0,0,0,0,0,2023-01-23,0.45,data_club,1,0,1,0,Newcastle United,2023-01-20,218.0,,c,1,1,0,2023-01-21,2023-05-28,,0,0.0,0
63,Nottingham Forest,95094,Sèrge Aurier,yes,25.0,32,24,8,0.8052,1592.2,579.7,2171.9,0.7331,0.9183,0.0,0,12,0,0,0,0,0,0,2022-09-10,0.5,unknown+override,1,0,1,0,TBC,2022-09-07,219.0,,bc,6,0,0,2022-09-16,2023-05-28,,0,0.0,0
63,Nottingham Forest,95348,Willy Boly,yes,25.0,33,20,13,0.482,782.4,563.9,1346.3,0.5811,0.584,0.0,0,12,0,0,0,0,0,0,2022-09-04,0.45,data_club,1,0,1,0,Wolverhampton Wanderers,2022-09-01,219.0,,bc,6,1,0,2022-09-03,2023-05-28,,0,0.0,0
63,Nottingham Forest,173047,Scott McKenna,yes,25.0,38,25,13,0.4518,1811.4,528.5,2339.9,0.7741,0.3697,0.0,0,12,0,0,0,0,0,0,2020-09-26,0.35,tier2,1,0,1,0,Aberdeen,2020-09-23,219.0,,bc,0,0,0,2022-08-06,2023-05-28,,0,0.0,0
63,Nottingham Forest,98874,Moussa Niakhaté,yes,25.0,38,15,23,0.2411,696.6,499.0,1195.7,0.5826,0.9211,0.0,0,12,0,0,0,0,0,0,2022-07-09,0.5,tier1,1,0,1,0,FSV Mainz 05,2022-07-06,219.0,,bc,0,0,0,2022-08-06,2023-05-28,,0,0.0,0
63,Nottingham Forest,96714,Cafú,yes,26.0,38,2,36,0.1292,27.2,418.7,445.9,0.061,0.1292,0.0,0,12,0,0,0,0,0,0,2021-02-05,0.35,tier2,1,0,1,0,Olympiacos F.C.,2020-10-05,218.0,,bc,0,0,0,2022-08-06,2023-05-28,,0,0.0,0
63,Nottingham Forest,10310312,Lewis O'Brien,yes,26.0,27,15,12,0.3804,718.7,410.8,1129.5,0.6363,0.3143,0.0,0,12,0,0,0,0,0,0,2022-07-23,0.45,data_club,1,0,1,0,Huddersfield Town,2022-07-20,219.0,,bc,11,0,0,2022-08-06,2023-03-17,,0,0.0,0
63,Nottingham Forest,819,Jonjo Shelvey,yes,26.0,18,10,8,0.5569,476.9,401.0,877.9,0.5432,0.5545,0.0,0,12,2,0,0,0,0,0,2023-02-03,0.45,data_club,1,0,1,0,Newcastle United,2023-01-31,219.0,,bc,20,0,0,2023-02-05,2023-05-28,,0,0.0,0
63,Nottingham Forest,3463,Harry Toffolo,yes,25.0,38,29,9,0.4892,1092.9,396.2,1489.2,0.7339,0.2917,0.0,0,12,0,0,0,0,0,0,2022-07-23,0.45,data_club,1,0,1,0,Huddersfield Town,2022-07-20,219.0,,bc,0,0,0,2022-08-06,2023-05-28,,0,0.0,0
63,Nottingham Forest,26506,Taiwo Awoniyi,yes,27.0,38,29,9,0.4605,1234.9,373.0,1607.9,0.768,0.6666,0.0,0,12,0,0,0,0,0,0,2022-07-04,0.5,tier1,1,0,1,0,FC Union Berlin,2022-07-01,219.0,,bc,0,0,0,2022-08-06,2023-05-28,,0,0.0,0
63,Nottingham Forest,820,Jesse Lingard,yes,26.0,38,29,9,0.3958,1237.6,320.6,1558.2,0.7942,0.0615,0.0,0,12,0,0,0,0,0,0,2022-07-24,0.45,data_club,1,0,1,0,Manchester United,2022-07-21,220.0,,bc,0,0,0,2022-08-06,2023-05-28,,0,0.0,0
63,Nottingham Forest,581206,Omar Richards,yes,25.0,38,0,38,0.0855,0.0,292.5,292.5,0.0,0.0,0.0,0,0,0,0,0,0,12,0,2022-07-13,0.5,tier1,1,0,1,0,FC Bayern München,2022-07-10,219.0,,b,0,0,0,2022-08-06,2023-05-28,,0,0.0,0
63,Nottingham Forest,11720838,Neco Williams,yes,25.0,38,33,5,0.6208,1712.0,279.3,1991.4,0.8597,0.6208,0.0,0,12,0,0,0,0,0,0,2022-07-13,0.45,data_club,1,0,1,0,Liverpool,2022-07-10,219.0,,ac,0,0,0,2022-08-06,2023-05-28,,0,0.0,0
63,Nottingham Forest,10279739,Loïc Badé,yes,25.0,10,1,9,0.3056,33.8,247.5,281.2,0.12,0.0,0.0,0,1,0,0,0,0,11,0,2022-09-04,0.5,tier1,1,0,1,0,Rennes,2022-09-01,218.0,,bc,28,0,0,2022-09-16,2022-12-27,,0,0.0,0
63,Nottingham Forest,221450,Renan Lodi,yes,25.0,34,30,4,0.6786,1948.5,244.3,2192.8,0.8886,0.7996,0.0,0,12,0,0,0,0,0,0,2022-09-01,0.5,tier1,1,0,1,0,Atlético de Madrid,2022-08-29,218.0,,bc,5,1,0,2022-08-31,2023-05-28,,0,0.0,0
63,Nottingham Forest,523939,Orel Mangala,yes,26.0,38,32,6,0.4167,1224.2,225.0,1449.3,0.8447,0.7663,0.0,0,12,0,0,0,0,0,0,2022-08-03,0.5,tier1,1,0,1,0,VfB Stuttgart,2022-07-31,219.0,,bc,0,0,0,2022-08-06,2023-05-28,,0,0.0,0
63,Nottingham Forest,219172,Gustavo Scarpa,yes,26.0,21,9,12,0.1843,204.6,199.0,403.6,0.5069,0.1706,0.0,0,9,0,0,0,0,3,0,2023-01-04,0.25,tier3,1,0,1,0,Palmeiras,2023-01-01,220.0,,bc,17,0,0,2023-01-04,2023-05-28,,0,0.0,0
63,Nottingham Forest,32786894,Alex Mighten,yes,27.0,24,6,18,0.12,63.9,194.5,258.4,0.2473,0.12,0.0,0,12,0,0,0,0,0,0,,0.0,none,1,0,0,1,,,,Nottingham Forest U18,bc,14,0,0,2022-08-06,2023-05-28,,0,0.0,0
63,Nottingham Forest,4536583,Loïc Mbe Soh,yes,25.0,20,2,18,0.103,18.5,166.8,185.4,0.1,0.103,0.0,0,8,0,0,0,0,4,0,2020-09-14,0.0,tier1,1,0,1,0,Paris SG U19,2020-09-11,219.0,,bc,18,0,0,2022-08-06,2023-01-21,,0,0.0,0
63,Nottingham Forest,205944,Emmanuel Dennis,yes,27.0,36,31,5,0.2908,1063.6,130.9,1194.5,0.8904,0.2924,0.0,0,12,0,0,0,0,0,0,2022-08-16,0.45,data_club,1,0,1,0,Watford,2022-08-13,219.0,,bc,2,0,0,2022-08-20,2023-05-28,,0,0.0,0
63,Nottingham Forest,37533413,Danilo,yes,26.0,19,16,3,0.4422,560.3,119.4,679.8,0.8243,0.748,0.0,0,12,0,0,0,0,0,0,2023-01-19,0.25,tier3,1,0,1,0,Palmeiras,2023-01-16,219.0,,bc,19,0,0,2023-01-21,2023-05-28,,0,0.0,0
63,Nottingham Forest,186029,Keylor Navas,yes,24.0,18,17,1,1.0,945.0,90.0,1035.0,0.913,1.0,0.0,0,12,0,0,0,0,0,0,2023-02-03,0.0,none,1,1,1,0,Paris Saint Germain,2023-01-31,218.0,,bc,20,0,0,2023-02-05,2023-05-28,,0,0.0,0
63,Nottingham Forest,6306131,Giulian Biancone,yes,25.0,38,10,28,0.0354,266.1,89.2,355.3,0.7489,0.0226,0.0,0,10,0,0,0,0,2,0,2022-07-06,0.5,tier1,1,0,1,0,Troyes,2022-07-03,219.0,,bc,0,0,0,2022-08-06,2023-05-28,,0,0.0,0
63,Nottingham Forest,160121,Felipe,yes,25.0,18,17,1,0.977,1138.0,87.9,1225.9,0.9283,0.977,0.0,0,12,0,0,0,0,0,0,2023-02-03,0.5,tier1,1,0,1,0,Atlético de Madrid,2023-01-31,219.0,,bc,20,0,0,2023-02-05,2023-05-28,,0,0.0,0
63,Nottingham Forest,7926,Morgan Gibbs-White,yes,26.0,36,35,1,0.9243,2741.9,83.2,2825.1,0.9706,0.9706,0.0,0,12,0,0,0,0,0,0,2022-08-22,0.45,data_club,1,0,1,0,Wolverhampton Wanderers,2022-08-19,219.0,,ac,1,1,0,2022-08-20,2023-05-28,,0,0.0,0
63,Nottingham Forest,332147,Sam Surridge,yes,27.0,38,36,2,0.3233,704.0,58.2,762.2,0.9237,0.0632,0.0,0,12,0,0,0,0,0,0,2022-02-03,0.45,data_club,1,0,1,0,Stoke City,2022-01-31,219.0,,bc,0,0,0,2022-08-06,2023-05-28,,0,0.0,0
63,Nottingham Forest,519,Wayne Hennessey,yes,24.0,38,37,1,0.1667,180.0,15.0,195.0,0.9231,0.0833,0.0,0,12,0,0,0,0,0,0,2022-07-18,0.0,none,1,1,1,0,Burnley,2022-07-15,219.0,,bc,0,0,0,2022-08-06,2023-05-28,,0,0.0,0
63,Nottingham Forest,1309,André Ayew,yes,27.0,18,18,0,0.1665,427.8,0.0,427.8,1.0,0.1665,0.0,0,12,0,0,0,0,0,0,2023-02-05,0.25,tier3,1,0,1,0,Al Sadd,2023-02-02,220.0,,bc,20,0,0,2023-02-05,2023-05-28,,0,0.0,0
63,Nottingham Forest,1842,Harry Arter,yes,26.0,38,0,38,0.0,0.0,0.0,0.0,,0.0,0.0,0,0,0,0,0,0,12,0,2020-09-25,0.45,data_club,1,0,1,0,AFC Bournemouth,2020-09-22,219.0,,b,0,0,0,2022-08-06,2023-05-28,,0,0.0,0
63,Nottingham Forest,6590,Jordan Smith,yes,24.0,20,2,18,0.0,0.0,0.0,0.0,,0.0,0.0,0,5,0,0,1,0,6,6,,0.0,none,1,1,0,1,,,,Nottingham Forest U21,bc,18,0,0,2022-08-06,2023-01-21,,0,0.0,0
63,Nottingham Forest,7176,Joe Worrall,yes,25.0,38,38,0,0.5729,2392.2,0.0,2392.2,1.0,0.5729,0.0,0,12,0,0,0,0,0,0,,0.0,none,1,0,0,1,,,,Nottingham Forest U18,bc,0,0,0,2022-08-06,2023-05-28,,0,0.0,0
63,Nottingham Forest,8191,Lyle Taylor,yes,27.0,38,2,36,0.0,0.0,0.0,0.0,,0.0,0.0,0,2,0,0,10,0,0,0,2020-08-18,0.45,data_club,1,0,1,0,Charlton Athletic,2020-08-15,220.0,,bc,0,0,0,2022-08-06,2023-05-28,,0,0.0,0
63,Nottingham Forest,130145,Remo Freuler,yes,26.0,36,36,0,0.3532,2324.3,0.0,2324.3,1.0,0.3532,0.0,0,12,0,0,0,0,0,0,2022-08-17,0.5,tier1,1,0,1,0,Atalanta,2022-08-14,219.0,,bc,2,0,0,2022-08-20,2023-05-28,,0,0.0,0
63,Nottingham Forest,453022,Talal Al Shorooqi,no,,0,0,0,0.0,0.0,0.0,0.0,,0.0,0.0,0,0,0,0,0,0,12,12,,0.0,none,0,0,0,1,,,,,,0,0,0,,,,0,0.0,0
63,Nottingham Forest,518750,Josh Bowler,yes,26.0,0,0,0,0.0,0.0,0.0,0.0,,0.0,0.0,0,0,0,0,12,0,0,0,2022-09-04,0.45,data_club,1,0,1,0,Blackpool,2022-09-01,219.0,,b,38,0,0,,,,0,0.0,0
63,Nottingham Forest,14338066,Adnan Kanuric,yes,24.0,13,0,13,0.0,0.0,0.0,0.0,,0.0,0.0,0,0,0,0,0,0,12,0,2022-09-23,0.0,none,0,1,1,0,Sarajevo,2022-09-20,220.0,,b,25,0,0,2022-10-03,2023-01-21,,0,0.0,0
63,Nottingham Forest,24816767,Dale Taylor,yes,27.0,38,1,37,0.0,0.0,0.0,0.0,,0.0,0.0,0,2,0,0,0,0,10,10,,0.0,none,1,0,0,1,,,,,bc,0,0,0,2022-08-06,2023-05-28,,0,0.0,0
63,Nottingham Forest,25930790,Brennan Johnson,yes,27.0,38,38,0,0.7432,3023.3,0.0,3023.3,1.0,0.7432,0.0,0,12,0,0,0,0,0,0,,0.0,none,1,0,0,1,,,,Nottingham Forest U18,bc,0,0,0,2022-08-06,2023-05-28,,0,0.0,0
63,Nottingham Forest,37391019,George Shelvey,yes,24.0,38,2,36,0.0,0.0,0.0,0.0,,0.0,0.0,0,2,0,0,0,0,10,10,,0.0,none,1,1,0,1,,,,,bc,0,0,0,2022-08-06,2023-05-28,,0,0.0,0
63,Nottingham Forest,37391683,Oli Hammond,yes,26.0,38,3,35,0.0,0.0,0.0,0.0,,0.0,0.0,0,4,0,0,0,0,8,8,,0.0,none,1,0,0,1,,,,,bc,0,0,0,2022-08-06,2023-05-28,,0,0.0,0
63,Nottingham Forest,37581536,Esapa Osong,yes,27.0,0,0,0,0.0,0.0,0.0,0.0,,0.0,0.0,0,0,0,0,0,0,12,12,,0.0,none,0,0,0,1,,,,,,0,0,0,,,,0,0.0,0
65,Southampton,24799911,Tino Livramento,yes,25.0,38,2,36,0.7146,122.6,2315.4,2438.0,0.0503,0.5812,0.0,0,12,0,0,0,0,0,0,2021-08-05,0.0,tier2,1,0,1,0,Chelsea U21,2021-08-02,219.0,,bc,0,0,0,2022-08-06,2023-05-28,,0,0.0,0
65,Southampton,11347016,Mohammed Salisu,yes,25.0,38,26,12,0.7802,2102.1,842.7,2944.8,0.7138,0.7376,0.0,0,12,0,0,0,0,0,0,2020-08-15,0.5,tier1,1,0,1,0,Real Valladolid,2020-08-12,219.0,,bc,0,0,0,2022-08-06,2023-05-28,,0,0.0,0
65,Southampton,27066567,Armel Bella-Kotchap,yes,25.0,38,26,12,0.7724,1674.4,834.2,2508.6,0.6675,0.8166,0.0,0,12,0,0,0,0,0,0,2022-07-04,0.5,tier1,1,0,1,0,VfL Bochum 1848,2022-07-01,219.0,,bc,0,0,0,2022-08-06,2023-05-28,,0,0.0,0
65,Southampton,3596,Ché Adams,yes,27.0,38,29,9,0.774,1894.7,626.9,2521.6,0.7514,0.6876,0.0,0,12,0,0,0,0,0,0,2019-07-04,0.45,data_club,1,0,1,0,Birmingham City,2019-07-01,219.0,,bc,0,0,0,2022-08-06,2023-05-28,,0,0.0,0
65,Southampton,6513,James Bree,yes,25.0,18,6,12,0.5243,269.6,566.3,835.9,0.3225,0.5602,0.0,0,6,0,6,0,0,0,0,2023-01-29,0.45,data_club,1,0,1,0,Luton Town,2023-01-26,219.0,,ac,0,0,0,2023-02-04,2023-05-28,,0,0.0,0
65,Southampton,4659,Kyle Walker-Peters,yes,25.0,38,32,6,0.9595,2634.9,518.1,3153.0,0.8357,0.9683,0.0,0,12,0,0,0,0,0,0,2020-08-14,0.45,data_club,1,0,1,0,Tottenham Hotspur,2020-01-29,218.0,,bc,0,0,0,2022-08-06,2023-05-28,,0,0.0,0
65,Southampton,37316841,Samuel Edozie,yes,26.0,33,19,14,0.411,397.8,517.8,915.6,0.4344,0.4364,0.0,0,12,0,0,0,0,0,0,2022-09-04,0.0,tier2,1,0,1,0,Manchester City U21,2022-09-01,219.0,,ac,1,1,0,2022-09-03,2023-05-28,,0,0.0,0
65,Southampton,37536874,Roméo Lavia,yes,26.0,38,29,9,0.5702,1830.0,461.9,2291.8,0.7985,0.8874,0.0,0,12,0,0,0,0,0,0,2022-07-09,0.0,tier2,1,0,1,0,Manchester City U21,2022-07-06,219.0,,bc,0,0,0,2022-08-06,2023-05-28,,0,0.0,0
65,Southampton,219534,Lyanco,yes,25.0,38,29,9,0.5621,1154.1,455.3,1609.4,0.7171,0.555,0.0,0,12,0,0,0,0,0,0,2021-08-28,0.5,tier1,1,0,1,0,Torino,2021-08-25,219.0,,bc,0,0,0,2022-08-06,2023-05-28,,0,0.0,0
65,Southampton,337432,Romain Perraud,yes,25.0,38,31,7,0.6334,1882.3,399.0,2281.4,0.8251,0.6705,0.0,0,12,0,0,0,0,0,0,2021-07-05,0.5,tier1,1,0,1,0,Brest,2021-07-02,219.0,,bc,0,0,0,2022-08-06,2023-05-28,,0,0.0,0
65,Southampton,37537876,Juan Larios,yes,25.0,33,9,24,0.1436,63.0,310.1,373.1,0.1689,0.1436,0.0,0,9,0,0,0,0,3,0,2022-09-04,0.0,tier2,1,0,1,0,Manchester City U21,2022-09-01,219.0,,bc,6,1,0,2022-09-03,2023-05-28,,0,0.0,0
65,Southampton,52573,Duje Caleta-Car,yes,25.0,32,26,6,0.5665,1144.4,305.9,1450.3,0.7891,0.2182,0.0,0,12,0,0,0,0,0,0,2022-09-04,0.5,tier1,1,0,1,0,Olympique Marseille,2022-09-01,219.0,,bc,6,0,0,2022-09-16,2023-05-28,,0,0.0,0
65,Southampton,4344,Ainsley Maitland-Niles,yes,26.0,33,27,6,0.5299,1209.1,286.2,1495.2,0.8086,0.7166,0.0,0,12,0,0,0,0,0,0,2022-09-04,0.45,data_club,1,0,1,0,Arsenal,2022-09-01,218.0,,bc,6,1,0,2022-09-03,2023-05-28,,0,0.0,0
65,Southampton,9826,Joe Aribo,yes,26.0,38,29,9,0.3361,1310.1,272.3,1582.3,0.8279,0.156,0.0,0,12,0,0,0,0,0,0,2022-07-12,0.35,tier2,1,0,1,0,Rangers,2022-07-09,219.0,,bc,0,0,0,2022-08-06,2023-05-28,,0,0.0,0
65,Southampton,537558,Ibrahima Diallo,yes,26.0,38,30,8,0.3319,924.3,239.0,1163.3,0.7946,0.312,0.0,0,12,0,0,0,0,0,0,2020-10-07,0.5,tier1,1,0,1,0,Brest,2020-10-04,219.0,,bc,0,0,0,2022-08-06,2023-05-28,,0,0.0,0
65,Southampton,979,Nathan Redmond,yes,26.0,6,1,5,0.5036,52.6,226.6,279.2,0.1884,0.5036,0.0,0,12,0,0,0,0,0,0,2016-07-04,0.45,data_club,1,0,1,0,Norwich City,2016-07-01,219.0,,bc,32,0,0,2022-08-06,2022-09-03,,0,0.0,0
65,Southampton,978883,Moussa Djenepo,yes,26.0,38,26,12,0.1665,630.0,179.8,809.8,0.778,0.1741,0.0,0,12,0,0,0,0,0,0,2019-07-04,0.5,tier1,1,0,1,0,Standard Liège,2019-07-01,219.0,,bc,0,0,0,2022-08-06,2023-05-28,,0,0.0,0
65,Southampton,72977,Mislav Orsic,yes,27.0,20,4,16,0.1052,67.2,151.5,218.7,0.3072,0.0086,0.0,0,4,0,0,0,0,8,0,2023-01-09,0.35,tier2,1,0,1,0,Dinamo Zagreb,2023-01-06,219.0,,bc,18,0,0,2023-01-14,2023-05-28,,0,0.0,0
65,Southampton,172357,Stuart Armstrong,yes,26.0,38,35,3,0.5315,1526.0,143.5,1669.5,0.914,0.4398,0.0,0,12,0,0,0,0,0,0,2018-07-04,0.35,tier2,1,0,1,0,Celtic,2018-07-01,219.0,,bc,0,0,0,2022-08-06,2023-05-28,,0,0.0,0
65,Southampton,37289022,Sékou Mara,yes,27.0,38,33,5,0.2519,747.3,113.4,860.7,0.8683,0.1883,0.0,0,12,0,0,0,0,0,0,2022-07-28,0.5,tier1,1,0,1,0,Bordeaux,2022-07-25,219.0,,bc,0,0,0,2022-08-06,2023-05-28,,0,0.0,0
65,Southampton,2951,Adam Armstrong,yes,27.0,38,34,4,0.2413,1312.5,86.9,1399.3,0.9379,0.2991,0.0,0,12,0,0,0,0,0,0,2021-08-13,0.45,data_club,1,0,1,0,Blackburn Rovers,2021-08-10,219.0,,bc,0,0,0,2022-08-06,2023-05-28,,0,0.0,0
65,Southampton,1393,Jack Stephens,yes,25.0,5,2,3,0.3073,58.5,83.0,141.5,0.4134,0.5833,0.0,0,12,12,0,0,0,0,0,,0.0,none,1,0,0,1,,,,Southampton U21,ac,33,0,0,2022-08-06,2022-08-30,,0,0.0,0
65,Southampton,150759,Mohamed Elyounoussi,yes,26.0,38,37,1,0.8573,2224.2,77.2,2301.4,0.9665,0.5128,0.0,0,12,0,0,0,0,0,0,2018-07-04,0.35,tier2,1,0,1,0,Basel,2018-07-01,219.0,,bc,0,0,0,2022-08-06,2023-05-28,,0,0.0,0
65,Southampton,84143,Paul Onuachu,yes,27.0,18,15,3,0.2818,574.6,76.1,650.7,0.8831,0.2261,0.0,0,12,0,0,0,0,0,0,2023-02-03,0.5,tier1,1,0,1,0,Genk,2023-01-31,219.0,,bc,20,0,0,2023-02-04,2023-05-28,,0,0.0,0
65,Southampton,53,Theo Walcott,yes,27.0,38,29,9,0.0911,724.4,73.8,798.1,0.9076,0.7133,0.0,0,12,0,0,0,0,0,0,2021-07-04,0.45,data_club,1,0,1,0,Everton,2020-10-05,218.0,Southampton U18,bc,0,0,0,2022-08-06,2023-05-28,,0,0.0,0
65,Southampton,1505,Oriol Romeu,yes,26.0,5,4,1,0.5403,244.9,48.6,293.5,0.8343,0.5403,0.0,0,12,0,0,0,0,0,0,2015-08-15,0.45,data_club,1,0,1,0,Chelsea,2015-08-12,219.0,,bc,33,0,0,2022-08-06,2022-08-30,,0,0.0,0
65,Southampton,1494225,Nathan Tella,yes,26.0,1,0,1,0.3977,0.0,35.8,35.8,0.0,0.0,0.0,0,0,0,12,0,0,0,0,,0.0,none,1,0,0,1,,,,Southampton U21,b,37,0,0,2022-08-06,2022-08-06,,0,0.0,0
65,Southampton,1131,Alex McCarthy,yes,24.0,38,27,11,0.0,622.5,0.0,622.5,1.0,0.5,0.0,0,12,0,0,0,0,0,0,2016-08-04,0.0,none,1,1,1,0,Crystal Palace,2016-08-01,219.0,,bc,0,0,0,2022-08-06,2023-05-28,,0,0.0,0
65,Southampton,1155,James Ward-Prowse,yes,26.0,38,38,0,0.9491,3400.9,0.0,3400.9,1.0,0.9491,0.0,0,12,0,0,0,0,0,0,,0.45,data_club,1,0,1,0,West Ham United,2026-08-28,219.0,Southampton U18,c,0,0,0,2022-08-06,2023-05-28,,0,0.0,0
65,Southampton,1440,Willy Caballero,yes,24.0,38,11,27,0.0,0.0,0.0,0.0,,0.0,0.0,0,12,0,0,0,0,0,0,2021-12-09,0.0,none,1,1,1,0,TBC,2021-12-06,219.0,,bc,0,0,0,2022-08-06,2023-05-28,,0,0.0,0
65,Southampton,155138,Jan Bednarek,yes,25.0,23,23,0,0.8929,1333.4,0.0,1333.4,1.0,0.8929,0.0,0,12,0,0,0,0,0,0,2017-07-04,0.35,tier2,1,0,1,0,Lech Poznań,2017-07-01,219.0,,bc,15,0,0,2022-08-06,2023-05-28,,0,0.0,0
65,Southampton,581043,Yan Valery,yes,25.0,5,5,0,0.2075,116.8,0.0,116.8,1.0,0.2075,0.0,0,12,0,0,0,0,0,0,,0.0,none,1,0,0,1,,,,Southampton U21,bc,33,0,0,2022-08-06,2022-08-30,,0,0.0,0
65,Southampton,581122,Dan Nlundulu,yes,27.0,0,0,0,0.0,0.0,0.0,0.0,,0.0,0.0,0,0,0,0,0,0,12,12,,0.0,none,1,0,0,1,,,,Southampton U21,b,38,0,0,,,,0,0.0,0
65,Southampton,16845996,Gavin Bazunu,yes,24.0,38,38,0,0.5,2722.5,0.0,2722.5,1.0,0.5,0.0,0,12,0,0,0,0,0,0,2022-07-04,0.0,none,1,1,1,0,Manchester City U21,2022-07-01,219.0,,bc,0,0,0,2022-08-06,2023-05-28,,0,0.0,0
65,Southampton,37350712,Lewis Payne,yes,26.0,27,2,25,0.0,0.0,0.0,0.0,,0.0,0.0,0,2,0,0,0,0,10,10,,0.0,none,1,0,0,1,,,,,bc,0,0,0,2022-10-23,2023-05-28,,0,0.0,0
65,Southampton,37410255,Charly Alcaraz,yes,26.0,20,20,0,0.7118,703.8,0.0,703.8,1.0,0.7118,0.0,0,12,0,0,0,0,0,0,2023-01-14,0.25,tier3,1,0,1,0,Racing Club,2023-01-11,219.0,,bc,18,0,0,2023-01-14,2023-05-28,,0,0.0,0
65,Southampton,37438667,Kamaldeen Sulemana,yes,26.0,18,18,0,0.5172,962.8,0.0,962.8,1.0,0.5172,0.0,0,12,0,0,0,0,0,0,2023-02-03,0.5,tier1,1,0,1,0,Rennes,2023-01-31,219.0,,bc,20,0,0,2023-02-04,2023-05-28,,0,0.0,0
65,Southampton,37536910,Ryan Finnigan,yes,26.0,38,2,36,0.0,0.0,0.0,0.0,,0.0,0.0,0,2,0,0,0,0,10,10,,0.0,none,1,0,0,1,,,,,bc,0,0,0,2022-08-06,2023-05-28,,0,0.0,0
65,Southampton,37558443,Kamari Doyle,yes,26.0,2,2,0,0.0106,1.0,0.0,1.0,1.0,0.0106,0.0,0,2,0,0,0,0,10,10,,0.0,none,1,0,0,1,,,,,bc,0,0,0,2023-05-21,2023-05-28,,0,0.0,0
65,Southampton,37560892,Dom Ballard,yes,27.0,2,2,0,0.0313,2.0,0.0,2.0,1.0,0.0313,0.0,0,2,0,0,0,0,10,10,,0.0,none,1,0,0,1,,,,,bc,0,0,0,2023-05-21,2023-05-28,,0,0.0,0
65,Southampton,37589606,Jimmy-Jay Morgan,yes,27.0,23,1,22,0.0,0.0,0.0,0.0,,0.0,0.0,0,1,0,0,0,0,11,11,,0.0,none,1,0,0,1,,,,,bc,0,0,0,2022-12-26,2023-05-28,,0,0.0,0
65,Southampton,37592030,Sam Amo-Ameyaw,yes,27.0,36,1,35,0.0,0.0,0.0,0.0,,0.0084,0.0,0,1,0,0,0,0,11,0,2022-08-20,0.0,unknown+override,1,0,1,0,Tottenham Yth.,2022-08-17,220.0,Southampton U18,bc,2,0,0,2022-08-20,2023-05-28,,0,0.0,0
6,Tottenham Hotspur,333797,Rodrigo Bentancur,yes,26.0,38,18,20,0.9075,1508.7,1633.6,3142.2,0.4801,0.899,0.0,0,12,0,0,0,0,0,0,2022-02-03,0.5,tier1,1,0,1,0,Juventus,2022-01-31,219.0,,ac,0,0,0,2022-08-06,2023-05-28,,0,0.0,0
6,Tottenham Hotspur,1014,Hugo Lloris,yes,24.0,38,26,12,0.8956,2265.0,967.3,3232.3,0.7007,0.8746,0.0,0,12,0,0,0,0,0,0,2012-09-03,0.0,none,1,1,1,0,Olympique Lyonnais,2012-08-31,219.0,,bc,0,0,0,2022-08-06,2023-05-28,,0,0.0,0
6,Tottenham Hotspur,333731,Cristian Romero,yes,25.0,37,27,10,0.9565,2354.9,860.9,3215.7,0.7323,1.0,0.0,1,12,0,0,0,0,0,0,2022-09-02,0.5,tier1,1,0,1,0,Atalanta,2021-08-06,218.0,,bc,1,0,0,2022-08-06,2023-05-28,,0,0.0,0
6,Tottenham Hotspur,96870,Yves Bissouma,yes,26.0,38,25,13,0.547,1045.2,640.0,1685.2,0.6202,0.4792,0.0,0,12,0,0,0,0,0,0,2022-07-04,0.45,data_club,1,0,1,0,Brighton & Hove Albion,2022-07-01,219.0,,bc,0,0,0,2022-08-06,2023-05-28,,0,0.0,0
6,Tottenham Hotspur,6610,Ryan Sessegnon,yes,26.0,38,21,17,0.3541,1092.1,541.8,1634.0,0.6684,0.3447,0.0,0,12,0,0,0,0,0,0,2019-08-11,0.45,data_club,1,0,1,0,Fulham,2019-08-08,219.0,,bc,0,0,0,2022-08-06,2023-05-28,,0,0.0,0
6,Tottenham Hotspur,221615,Emerson Royal,yes,25.0,38,28,10,0.6004,1804.9,540.4,2345.3,0.7696,0.7513,17.9,1,12,0,0,0,0,0,0,2021-09-03,0.5,tier1,1,0,1,0,FC Barcelona,2021-08-31,219.0,,bc,0,0,0,2022-08-06,2023-05-28,,0,0.0,0
6,Tottenham Hotspur,14338024,Dejan Kulusevski,yes,26.0,38,30,8,0.6996,2073.6,503.7,2577.3,0.8046,0.6351,0.0,0,12,0,0,0,0,0,0,2022-02-03,0.5,tier1,1,0,1,0,Juventus,2022-01-31,218.0,,c,0,0,0,2022-08-06,2023-05-28,,0,0.0,0
6,Tottenham Hotspur,219633,Richarlison,yes,27.0,38,29,9,0.5515,1266.5,446.7,1713.2,0.7392,0.333,0.0,0,12,0,0,0,0,0,0,2022-07-04,0.45,data_club,1,0,1,0,Everton,2022-07-01,219.0,,ac,0,0,0,2022-08-06,2023-05-28,,0,0.0,0
6,Tottenham Hotspur,989,Ben Davies,yes,25.0,38,33,5,0.8228,2397.0,370.3,2767.3,0.8662,0.7713,0.0,0,12,0,0,0,0,0,0,2014-07-26,0.45,data_club,1,0,1,0,Swansea City,2014-07-23,219.0,,ac,0,0,0,2022-08-06,2023-05-28,,0,0.0,0
6,Tottenham Hotspur,95998,Lucas Moura,yes,27.0,38,22,16,0.2115,329.6,304.6,634.2,0.5198,0.0691,4.7,1,11,0,0,0,1,0,0,2018-02-03,0.5,tier1,1,0,1,0,Paris Saint Germain,2018-01-31,219.0,,bc,0,0,0,2022-08-06,2023-05-28,,0,0.0,0
6,Tottenham Hotspur,540579,Oliver Skipp,yes,26.0,38,33,5,0.6481,1346.8,291.6,1638.4,0.822,0.9339,0.0,0,12,0,0,0,0,0,0,,0.0,none,1,0,0,1,,,,Tottenham U21,bc,0,0,0,2022-08-06,2023-05-28,,0,0.0,0
6,Tottenham Hotspur,1744,Pierre-Emile Højbjerg,yes,26.0,38,35,3,0.9943,3123.3,268.5,3391.7,0.9209,1.0,0.0,0,12,0,0,0,0,0,0,2020-08-14,0.45,data_club,1,0,1,0,Southampton,2020-08-11,219.0,,bc,0,0,0,2022-08-06,2023-05-28,,0,0.0,0
6,Tottenham Hotspur,7026573,Djed Spence,yes,25.0,21,12,9,0.1984,272.5,160.7,433.2,0.629,0.0203,0.0,0,12,0,0,0,0,0,0,2022-07-22,0.45,data_club,1,0,1,0,Middlesbrough,2022-07-19,219.0,,bc,17,0,0,2022-08-06,2023-01-23,,0,0.0,0
6,Tottenham Hotspur,4313,Son Heung-Min,yes,27.0,38,36,2,0.855,2847.1,153.9,3001.0,0.9487,0.9409,0.0,0,12,0,0,0,0,0,0,2015-08-31,0.5,tier1,1,0,1,0,Bayer 04 Leverkusen,2015-08-28,219.0,,bc,0,0,0,2022-08-06,2023-05-28,,0,0.0,0
6,Tottenham Hotspur,916,Eric Dier,yes,25.0,38,36,2,0.7977,3001.0,143.6,3144.6,0.9543,0.7561,0.0,0,12,0,0,0,0,0,0,2014-08-03,0.5,tier1,1,0,1,0,Sporting CP,2014-07-31,219.0,,bc,0,0,0,2022-08-06,2023-05-28,,0,0.0,0
6,Tottenham Hotspur,540290,Japhet Tanganga,yes,25.0,38,30,8,0.158,392.4,113.7,506.1,0.7752,0.0094,0.0,0,12,0,0,0,0,0,0,,0.0,none,1,0,0,1,,,,Tottenham U21,bc,0,0,0,2022-08-06,2023-05-28,,0,0.0,0
6,Tottenham Hotspur,31002,Ivan Perisic,yes,26.0,38,37,1,0.6296,2080.6,56.7,2137.2,0.9735,0.6296,0.0,0,12,0,0,0,0,0,0,2022-07-04,0.5,tier1,1,0,1,0,Inter,2022-07-01,220.0,,bc,0,0,0,2022-08-06,2023-05-28,,0,0.0,0
6,Tottenham Hotspur,96741,Clément Lenglet,yes,25.0,38,37,1,0.466,1807.6,41.9,1849.6,0.9773,0.7574,0.0,0,12,0,0,0,0,0,0,2022-07-11,0.5,tier1,1,0,1,0,FC Barcelona,2022-07-08,218.0,,bc,0,0,0,2022-08-06,2023-05-28,,0,0.0,0
6,Tottenham Hotspur,4545529,Bryan Gil,yes,27.0,21,16,5,0.0856,67.3,38.5,105.8,0.6358,0.1392,0.0,0,12,0,0,0,0,0,0,2021-07-29,0.5,tier1,1,0,1,0,Sevilla,2021-07-26,219.0,,bc,17,0,0,2022-08-06,2023-01-23,,0,0.0,0
6,Tottenham Hotspur,37342694,Pape Matar Sarr,yes,26.0,38,26,12,0.0176,177.0,19.0,196.0,0.9032,0.0838,0.0,0,12,0,0,0,0,0,0,2021-08-30,0.5,tier1,1,0,1,0,Metz,2021-08-27,219.0,,bc,0,0,0,2022-08-06,2023-05-28,,0,0.0,0
6,Tottenham Hotspur,23277906,Harvey White,yes,26.0,38,3,35,0.0035,0.0,11.2,11.2,0.0,0.0062,0.0,0,12,0,0,0,0,0,0,,0.0,none,1,0,0,1,,,,,bc,0,0,0,2022-08-06,2023-05-28,,0,0.0,0
6,Tottenham Hotspur,997,Harry Kane,yes,27.0,38,38,0,1.0,3398.5,0.0,3398.5,1.0,1.0,0.0,0,12,0,0,0,0,0,0,,0.0,none,1,0,0,1,,,,Tottenham U18,bc,0,0,0,2022-08-06,2023-05-28,,0,0.0,0
6,Tottenham Hotspur,1241,Fraser Forster,yes,24.0,38,38,0,0.7088,742.7,0.0,742.7,1.0,0.7088,0.0,0,12,0,0,0,0,0,0,2022-07-04,0.0,none,1,1,1,0,Southampton,2022-07-01,220.0,,bc,0,0,0,2022-08-06,2023-05-28,,0,0.0,0
6,Tottenham Hotspur,3884,Matt Doherty,yes,25.0,21,21,0,0.5072,823.1,0.0,823.1,1.0,0.5072,0.0,0,12,0,0,0,0,0,0,2020-09-02,0.45,data_club,1,0,1,0,Wolverhampton Wanderers,2020-08-30,219.0,,bc,17,0,0,2022-08-06,2023-01-23,,0,0.0,0
6,Tottenham Hotspur,26294,Davinson Sánchez,yes,25.0,38,38,0,0.2677,924.4,0.0,924.4,1.0,0.2677,0.0,0,12,0,0,0,0,0,0,2017-08-26,0.5,tier1,1,0,1,0,Ajax,2017-08-23,219.0,,bc,0,0,0,2022-08-06,2023-05-28,,0,0.0,0
6,Tottenham Hotspur,26491,Arnaut Danjuma,yes,27.0,17,17,0,0.16,366.1,0.0,366.1,1.0,0.16,0.0,0,12,0,0,0,0,0,0,2023-01-28,0.5,tier1,1,0,1,0,Villarreal,2023-01-25,218.0,,bc,21,0,0,2023-02-05,2023-05-28,,0,0.0,0
6,Tottenham Hotspur,340346,Alfie Whiteman,yes,24.0,22,0,22,0.0,0.0,0.0,0.0,,0.0,0.0,0,0,0,0,0,0,12,12,,0.0,none,1,1,0,1,,,,Tottenham U21,b,16,0,0,2023-01-01,2023-05-28,,0,0.0,0
6,Tottenham Hotspur,540476,Brandon Austin,yes,24.0,38,15,23,0.0,0.0,0.0,0.0,,0.0,0.0,0,12,0,0,0,0,0,0,,0.0,none,1,1,0,1,,,,Tottenham U21,ac,0,0,0,2022-08-06,2023-05-28,,0,0.0,0
6,Tottenham Hotspur,8456257,Pedro Porro,yes,25.0,17,17,0,0.8927,921.3,0.0,921.3,1.0,0.8927,0.0,0,12,0,0,0,0,0,0,2023-02-03,0.5,tier1,1,0,1,0,Sporting CP,2023-01-31,218.0,,c,0,0,0,2023-02-05,2023-05-28,,0,0.0,0
6,Tottenham Hotspur,31238170,Matthew Craig,yes,26.0,38,3,35,0.0,0.0,0.0,0.0,,0.0155,0.0,0,8,0,0,0,0,4,4,,0.0,none,1,0,0,1,,,,,bc,0,0,0,2022-08-06,2023-05-28,,0,0.0,0
6,Tottenham Hotspur,32777506,Destiny Udogie,yes,25.0,0,0,0,0.0,0.0,0.0,0.0,,0.0,0.0,0,0,0,0,0,0,12,0,2022-08-19,0.5,tier1,0,0,1,0,Udinese,2022-08-16,219.0,,a,36,0,0,,,,0,0.0,0
6,Tottenham Hotspur,37259208,Romaine Mundle,yes,26.0,12,5,7,0.0,0.0,0.0,0.0,,0.0,0.0,0,5,0,0,0,0,7,7,,0.0,none,1,0,0,1,,,,,bc,0,0,0,2023-03-11,2023-05-28,,0,0.0,0
6,Tottenham Hotspur,37316864,Yago Santiago,yes,27.0,1,1,0,0.0,0.0,0.0,0.0,,0.0,0.0,0,1,0,0,0,0,11,11,,0.0,none,1,0,0,1,,,,,bc,0,0,0,2023-05-28,2023-05-28,,0,0.0,0
6,Tottenham Hotspur,37391514,Alfie Devine,yes,26.0,38,5,33,0.0,0.0,0.0,0.0,,0.0,0.0,0,8,0,0,0,0,4,0,2020-07-31,0.0,unknown+override,1,0,1,0,Wigan Youth,2020-07-28,219.0,Tottenham U21,bc,0,0,0,2022-08-06,2023-05-28,,0,0.0,0
6,Tottenham Hotspur,37586707,George Abbott,yes,26.0,8,2,6,0.0,0.0,0.0,0.0,,0.0034,0.0,0,2,0,0,0,0,10,10,,0.0,none,1,0,0,1,,,,,bc,0,0,0,2023-04-15,2023-05-28,,0,0.0,0
1,West Ham United,1183,Craig Dawson,yes,25.0,20,9,11,0.9361,724.8,926.7,1651.5,0.4389,0.8059,0.0,0,12,12,0,0,0,0,0,2021-07-04,0.45,data_club,1,0,1,0,Watford,2020-10-12,218.0,,bc,18,0,0,2022-08-07,2023-01-21,,0,0.0,0
1,West Ham United,30178,Gianluca Scamacca,yes,27.0,38,20,18,0.5285,977.7,856.1,1833.8,0.5331,0.484,0.0,0,12,0,0,0,0,0,0,2022-07-29,0.5,tier1,1,0,1,0,Sassuolo,2022-07-26,219.0,,bc,0,0,0,2022-08-07,2023-05-28,,0,0.0,0
1,West Ham United,1316,Kurt Zouma,yes,25.0,38,28,10,0.8602,2212.5,774.2,2986.7,0.7408,0.6604,0.0,0,12,0,0,0,0,0,0,2021-08-31,0.45,data_club,1,0,1,0,Chelsea,2021-08-28,219.0,,bc,0,0,0,2022-08-07,2023-05-28,,0,0.0,0
1,West Ham United,96642,Maxwel Cornet,yes,27.0,37,20,17,0.4163,656.6,637.0,1293.7,0.5076,0.1514,0.0,0,12,0,0,0,0,0,0,2022-08-08,0.45,data_club,1,0,1,0,Burnley,2022-08-05,219.0,,ac,1,0,0,2022-08-14,2023-05-28,,0,0.0,0
1,West Ham United,516291,Nayef Aguerd,yes,25.0,38,21,17,0.3556,1052.9,544.1,1597.0,0.6593,0.9167,0.0,0,12,0,0,0,0,0,0,2022-07-04,0.5,tier1,1,0,1,0,Rennes,2022-07-01,219.0,,bc,0,0,0,2022-08-07,2023-05-28,,0,0.0,0
1,West Ham United,581199,Ben Johnson,yes,25.0,38,27,11,0.3843,974.6,380.5,1355.1,0.7192,0.3497,0.0,0,12,0,0,0,0,0,0,,0.0,none,1,0,0,1,,,,West Ham United U21,bc,0,0,0,2022-08-07,2023-05-28,,0,0.0,0
1,West Ham United,220052,Lucas Paquetá,yes,26.0,34,29,5,0.6928,1900.1,311.7,2211.9,0.8591,0.8278,0.0,0,12,0,0,0,0,0,0,2022-09-01,0.5,tier1,1,0,1,0,Olympique Lyonnais,2022-08-29,219.0,,bc,5,1,0,2022-08-31,2023-05-28,,0,0.0,0
1,West Ham United,80304,Vladimír Coufal,yes,25.0,38,34,4,0.7307,2101.6,263.0,2364.6,0.8888,0.7795,0.0,0,12,0,0,0,0,0,0,2020-10-05,0.35,tier2,1,0,1,0,Slavia Praha,2020-10-02,219.0,,bc,0,0,0,2022-08-07,2023-05-28,,0,0.0,0
1,West Ham United,1416,Angelo Ogbonna,yes,25.0,38,35,3,0.7794,1388.4,210.4,1598.8,0.8684,0.484,0.0,0,12,0,0,0,0,0,0,2015-07-13,0.5,tier1,1,0,1,0,Juventus,2015-07-10,219.0,,bc,0,0,0,2022-08-07,2023-05-28,,0,0.0,0
1,West Ham United,1922,Michail Antonio,yes,27.0,38,34,4,0.5801,1827.5,208.8,2036.4,0.8975,0.6431,0.0,0,12,0,0,0,0,0,0,2015-09-04,0.45,data_club,1,0,1,0,Nottingham Forest,2015-09-01,219.0,,bc,0,0,0,2022-08-07,2023-05-28,,0,0.0,0
1,West Ham United,733,Lukasz Fabianski,yes,24.0,38,36,2,0.9341,3105.2,168.1,3273.3,0.9486,1.0,0.0,0,12,0,0,0,0,0,0,2018-07-04,0.0,none,1,1,1,0,Swansea City,2018-07-01,219.0,,bc,0,0,0,2022-08-07,2023-05-28,,0,0.0,0
1,West Ham United,1261,Aaron Cresswell,yes,25.0,38,36,2,0.8773,2457.4,157.9,2615.4,0.9396,0.6092,0.0,0,12,0,0,0,0,0,0,2014-07-06,0.45,data_club,1,0,1,0,Ipswich Town,2014-07-03,219.0,,bc,0,0,0,2022-08-07,2023-05-28,,0,0.0,0
1,West Ham United,5273,Declan Rice,yes,26.0,38,37,1,1.0,3280.2,90.0,3370.2,0.9733,0.9478,0.0,0,12,0,0,0,0,0,0,,0.0,none,1,0,0,1,,,,West Ham United U21,bc,0,0,0,2022-08-07,2023-05-28,,0,0.0,0
1,West Ham United,80655,Tomás Soucek,yes,26.0,38,37,1,0.9244,2808.7,83.2,2891.9,0.9712,0.8372,0.0,0,12,0,0,0,0,0,0,2020-07-30,0.35,tier2,1,0,1,0,Slavia Praha,2020-01-29,218.0,,ac,0,0,0,2022-08-07,2023-05-28,,0,0.0,0
1,West Ham United,32738,Thilo Kehrer,yes,25.0,36,35,1,0.6249,2212.8,56.2,2269.0,0.9752,0.525,0.0,0,12,0,0,0,0,0,0,2022-08-20,0.5,tier1,1,0,1,0,Paris Saint Germain,2022-08-17,219.0,,bc,2,0,0,2022-08-21,2023-05-28,,0,0.0,0
1,West Ham United,518749,Flynn Downes,yes,26.0,38,37,1,0.2835,766.5,25.5,792.0,0.9678,0.3428,0.0,0,12,0,0,0,0,0,0,2022-07-10,0.45,data_club,1,0,1,0,Swansea City,2022-07-07,219.0,,bc,0,0,0,2022-08-07,2023-05-28,,0,0.0,0
1,West Ham United,37365883,Divin Mubama,yes,27.0,23,3,20,0.0083,4.0,15.0,19.0,0.2104,0.0403,0.0,0,3,0,0,0,0,9,9,,0.0,none,1,0,0,1,,,,West Ham United U21,bc,0,0,0,2022-12-26,2023-05-28,,0,0.0,0
1,West Ham United,31626620,Harrison Ashby,yes,25.0,20,3,17,0.0095,2.6,14.5,17.1,0.15,0.0095,0.0,0,12,2,0,0,0,0,0,,0.0,none,1,0,0,1,,,,,bc,18,0,0,2022-08-07,2023-01-21,,0,0.0,0
1,West Ham United,95393,Alphonse Areola,yes,24.0,38,35,3,0.0426,314.8,11.5,326.3,0.9648,0.0,0.0,0,12,0,0,0,0,0,0,2022-07-04,0.0,none,1,1,1,0,Paris Saint Germain,2021-07-29,218.0,,ac,0,0,0,2022-08-07,2023-05-28,,0,0.0,0
1,West Ham United,12433159,Dan Chesters,yes,26.0,21,0,21,0.0026,0.0,4.9,4.9,0.0,0.0026,0.0,0,2,0,0,0,0,10,10,,0.0,none,1,0,0,1,,,,,b,17,0,0,2023-01-04,2023-05-28,,0,0.0,0
1,West Ham United,581197,Conor Coventry,yes,26.0,20,11,9,0.0025,2.3,2.0,4.3,0.5263,0.0,0.0,0,0,0,12,0,0,0,0,,0.0,none,1,0,0,1,,,,West Ham United U21,bc,18,0,0,2022-08-07,2023-01-21,,0,0.0,0
1,West Ham United,1449,Darren Randolph,yes,24.0,20,8,12,0.0,0.0,0.0,0.0,,0.0,0.0,0,9,0,0,3,0,0,0,2020-01-18,0.0,none,1,1,1,0,Birmingham City,2015-07-01,220.0,,bc,18,0,0,2022-08-07,2023-01-21,,0,0.0,0
1,West Ham United,1450,Danny Ings,yes,27.0,19,19,0,0.4137,754.5,0.0,754.5,1.0,0.4137,0.0,0,12,0,0,0,0,0,0,2023-01-23,0.45,data_club,1,0,1,0,Aston Villa,2023-01-20,219.0,,bc,20,1,0,2023-01-21,2023-05-28,,0,0.0,0
1,West Ham United,1452,Manuel Lanzini,yes,26.0,38,38,0,0.1027,642.5,0.0,642.5,1.0,0.1027,0.0,0,12,0,0,0,0,0,0,2016-07-04,0.25,tier3,1,0,1,0,Al Jazira,2015-07-22,218.0,,bc,0,0,0,2022-08-07,2023-05-28,,0,0.0,0
1,West Ham United,1592,Jarrod Bowen,yes,26.0,38,38,0,0.8347,3302.4,0.0,3302.4,1.0,0.8347,0.0,0,12,0,0,0,0,0,0,2020-02-03,0.45,data_club,1,0,1,0,Hull City,2020-01-31,219.0,,ac,0,0,0,2022-08-07,2023-05-28,,0,0.0,0
1,West Ham United,73906,Nikola Vlasic,yes,26.0,1,1,0,0.1818,17.5,0.0,17.5,1.0,0.1818,0.0,0,12,0,0,0,0,0,0,2021-09-03,0.35,tier2,1,0,1,0,CSKA Moskva,2021-08-31,219.0,,bc,37,0,0,2022-08-07,2022-08-07,,0,0.0,0
1,West Ham United,96426,Saïd Benrahma,yes,27.0,38,38,0,0.585,2167.0,0.0,2167.0,1.0,0.585,0.0,0,12,0,0,0,0,0,0,2021-02-01,0.45,data_club,1,0,1,0,Brentford,2020-10-16,218.0,,bc,0,0,0,2022-08-07,2023-05-28,,0,0.0,0
1,West Ham United,129794,Emerson,yes,25.0,35,35,0,0.4741,1278.4,0.0,1278.4,1.0,0.4741,0.0,0,12,0,0,0,0,0,0,2022-08-26,0.45,data_club,1,0,1,0,Chelsea,2022-08-23,219.0,,bc,3,0,0,2022-08-28,2023-05-28,,0,0.0,0
1,West Ham United,186815,Pablo Fornals,yes,26.0,38,38,0,0.4349,1679.9,0.0,1679.9,1.0,0.4349,0.0,0,12,0,0,0,0,0,0,2019-07-04,0.5,tier1,1,0,1,0,Villarreal,2019-07-01,219.0,,bc,0,0,0,2022-08-07,2023-05-28,,0,0.0,0
1,West Ham United,581129,Nathan Trott,yes,24.0,3,0,3,0.0,0.0,0.0,0.0,,0.0,0.0,0,0,0,0,0,0,12,12,,0.0,none,1,1,0,1,,,,West Ham United U21,b,35,0,0,2022-08-07,2022-08-21,,0,0.0,0
1,West Ham United,15076349,Joseph Anang,yes,24.0,19,7,12,0.0,0.0,0.0,0.0,,0.0,0.0,0,7,0,0,0,0,5,5,,0.0,none,1,1,0,1,,,,West Ham United U21,bc,0,0,0,2022-08-07,2023-05-28,data mismatch: excluded,19,0.0,0
1,West Ham United,23697794,Krisztián Hegyi,yes,24.0,18,3,15,0.0,0.0,0.0,0.0,,0.0,0.0,0,3,0,0,0,0,9,9,,0.0,none,1,1,0,1,,,,West Ham United U21,bc,0,0,0,2023-02-04,2023-05-28,,0,0.0,0
1,West Ham United,30852045,Armstrong Oko-Flex,yes,27.0,38,1,37,0.0,0.0,0.0,0.0,,0.0,0.0,0,0,0,12,0,0,0,0,,0.0,none,1,0,0,1,,,,,bc,0,0,0,2022-08-07,2023-05-28,,0,0.0,0
1,West Ham United,37259176,Levi Laing,yes,25.0,0,0,0,0.0,0.0,0.0,0.0,,0.0,0.0,0,0,0,0,0,0,12,12,,0.0,none,0,0,0,1,,,,,,0,0,0,,,,0,0.0,0
1,West Ham United,37544304,Kaelan Casey,yes,25.0,16,1,15,0.0,0.0,0.0,0.0,,0.0,0.0,0,1,0,0,0,0,11,11,,0.0,none,1,0,0,1,,,,West Ham United U21,bc,0,0,0,2023-02-19,2023-05-28,,0,0.0,0
1,West Ham United,37544306,Lewis Orford,yes,26.0,0,0,0,0.0,0.0,0.0,0.0,,0.0,0.0,0,0,0,0,0,0,12,12,,0.0,none,0,0,0,1,,,,West Ham United U21,,0,0,0,,,,0,0.0,0
1,West Ham United,900554098,Keenan Appiah-Forson,yes,,0,0,0,0.0,0.0,0.0,0.0,,0.0,0.0,0,0,0,0,0,0,12,12,,0.0,none,0,0,0,1,,,,,,0,0,0,,,,0,0.0,0
1,West Ham United,900693066,Kamarai Swyer,yes,,0,0,0,0.0,0.0,0.0,0.0,,0.0,0.0,0,0,0,0,0,0,12,12,,0.0,none,0,0,0,1,,,,,,0,0,0,,,,0,0.0,0
1,West Ham United,900701006,Michael Forbes,yes,,38,0,38,0.0,0.0,0.0,0.0,,0.0,0.0,0,0,0,0,0,0,12,0,2020-07-27,0.0,unknown+override,0,0,1,0,Dungannon U18,2020-07-24,219.0,,b,0,0,0,2022-08-07,2023-05-28,,0,0.0,0
1,West Ham United,900845717,Regan Clayton,yes,,0,0,0,0.0,0.0,0.0,0.0,,0.0,0.0,0,0,0,0,0,0,12,12,,0.0,none,0,0,0,1,,,,,,0,0,0,,,,0,0.0,0
29,Wolverhampton Wanderers,496775,Pedro Neto,yes,27.0,38,21,17,0.6947,1000.3,1062.9,2063.2,0.4848,0.3466,0.0,0,12,0,0,0,0,0,0,2019-08-05,0.5,tier1,1,0,1,0,Lazio,2019-08-02,219.0,,bc,0,0,0,2022-08-06,2023-05-28,,0,0.0,0
29,Wolverhampton Wanderers,160217,Raúl Jiménez,yes,27.0,36,20,16,0.7133,1031.2,1027.1,2058.4,0.501,0.5136,0.0,0,12,0,0,0,0,0,0,2019-07-04,0.5,tier1,1,0,1,0,Benfica,2018-07-01,218.0,,c,0,0,0,2022-08-20,2023-05-28,,0,0.0,0
29,Wolverhampton Wanderers,36084757,Boubacar Traoré,yes,26.0,32,11,21,0.376,412.7,710.6,1123.3,0.3674,0.3951,0.0,0,11,0,0,0,0,1,0,2022-09-04,0.5,tier1,1,0,1,0,Metz,2022-09-01,218.0,,c,0,0,0,2022-09-17,2023-05-28,,0,0.0,0
29,Wolverhampton Wanderers,37404802,Chiquinho,yes,27.0,38,0,38,0.1762,0.0,602.6,602.6,0.0,0.1762,0.0,0,12,0,0,0,0,0,0,2022-01-20,0.5,tier1,1,0,1,0,Estoril,2022-01-17,219.0,,b,0,0,0,2022-08-06,2023-05-28,,0,0.0,0
29,Wolverhampton Wanderers,1548028,Sasa Kalajdzic,yes,27.0,33,1,32,0.1272,45.0,366.3,411.3,0.1094,0.0412,0.0,0,1,0,0,0,0,11,0,2022-09-03,0.5,tier1,1,0,1,0,VfB Stuttgart,2022-08-31,219.0,,bc,5,0,0,2022-09-03,2023-05-28,,0,0.0,0
29,Wolverhampton Wanderers,52868,Hwang Hee-Chan,yes,27.0,38,29,9,0.4369,1183.1,353.9,1537.0,0.7698,0.485,0.0,0,12,0,0,0,0,0,0,2022-07-04,0.5,tier1,1,0,1,0,RB Leipzig,2021-08-29,218.0,,bc,0,0,0,2022-08-06,2023-05-28,,0,0.0,0
29,Wolverhampton Wanderers,13590962,Rayan Aït-Nouri,yes,25.0,38,28,10,0.3821,1324.2,343.9,1668.1,0.7938,0.3389,0.0,0,12,0,0,0,0,0,0,2021-07-12,0.5,tier1,1,0,1,0,Angers SCO,2020-10-04,218.0,,bc,0,0,0,2022-08-06,2023-05-28,,0,0.0,0
29,Wolverhampton Wanderers,186426,Jonny,yes,26.0,38,26,12,0.297,1571.5,320.8,1892.3,0.8305,0.2071,0.0,1,11,0,0,0,1,0,0,2019-02-03,0.5,tier1,1,0,1,0,Atlético de Madrid,2018-07-26,218.0,,bc,0,0,0,2022-08-06,2023-05-28,,0,0.0,0
29,Wolverhampton Wanderers,1339,Diego Costa,yes,27.0,32,25,7,0.4519,941.7,284.7,1226.4,0.7678,0.5198,0.0,1,12,0,0,0,0,0,0,2022-09-15,0.25,unknown+override,1,0,1,0,TBC,2022-09-12,219.0,,bc,6,0,0,2022-09-17,2023-05-28,,0,0.0,0
29,Wolverhampton Wanderers,11705403,Nathan Collins,yes,25.0,38,35,3,1.0,2241.3,270.0,2511.3,0.8925,0.283,57.0,1,12,0,0,0,0,0,0,2022-07-15,0.45,data_club,1,0,1,0,Burnley,2022-07-12,219.0,,bc,0,0,0,2022-08-06,2023-05-28,,0,0.0,0
29,Wolverhampton Wanderers,29303604,Toti Gomes,yes,25.0,38,28,10,0.2978,772.2,268.0,1040.2,0.7423,0.6217,0.0,0,12,0,0,0,0,0,0,2020-09-05,0.5,tier1,1,0,1,0,Estoril,2020-09-02,219.0,,ac,0,0,0,2022-08-06,2023-05-28,,0,0.0,0
29,Wolverhampton Wanderers,159699,Rúben Neves,yes,26.0,38,35,3,0.9662,3011.0,260.9,3271.9,0.9203,0.8662,0.0,0,12,0,0,0,0,0,0,2017-07-11,0.5,tier1,1,0,1,0,Porto,2017-07-08,219.0,,bc,0,0,0,2022-08-06,2023-05-28,,0,0.0,0
29,Wolverhampton Wanderers,96102,João Moutinho,yes,26.0,38,33,5,0.5794,2223.5,260.7,2484.3,0.895,0.3037,0.0,0,12,0,0,0,0,0,0,2018-07-27,0.5,tier1,1,0,1,0,Monaco,2018-07-24,219.0,,bc,0,0,0,2022-08-06,2023-05-28,,0,0.0,0
29,Wolverhampton Wanderers,37286738,Hugo Bueno,yes,25.0,38,30,8,0.3195,1079.4,230.0,1309.4,0.8243,0.4113,0.0,0,12,0,0,0,0,0,0,,0.0,none,1,0,0,1,,,,Wolves U21,ac,0,0,0,2022-08-06,2023-05-28,,0,0.0,0
29,Wolverhampton Wanderers,160834,Daniel Podence,yes,26.0,38,35,3,0.51,1926.3,137.7,2064.0,0.9333,0.3783,0.0,0,12,0,0,0,0,0,0,2020-02-02,0.35,tier2,1,0,1,0,Olympiacos F.C.,2020-01-30,219.0,,bc,0,0,0,2022-08-06,2023-05-28,,0,0.0,0
29,Wolverhampton Wanderers,28912742,Joe Hodge,yes,26.0,38,17,21,0.0724,137.5,136.9,274.4,0.5011,0.0909,0.0,0,12,0,0,0,0,0,0,,0.0,none,1,0,0,1,,,,Wolves U21,bc,0,0,0,2022-08-06,2023-05-28,,0,0.0,0
29,Wolverhampton Wanderers,95348,Willy Boly,yes,25.0,5,3,2,0.75,217.5,135.0,352.5,0.617,0.4319,0.0,0,12,12,0,0,0,0,0,2018-07-04,0.5,tier1,1,0,1,0,Porto,2017-07-08,218.0,,bc,33,0,0,2022-08-06,2022-08-31,,0,0.0,0
29,Wolverhampton Wanderers,21781428,Matheus Nunes,yes,26.0,36,35,1,0.8099,2349.3,72.9,2422.2,0.9699,0.8024,69.3,1,11,0,0,0,1,0,0,2022-08-21,0.5,tier1,1,0,1,0,Sporting CP,2022-08-18,219.0,,bc,3,1,0,2022-08-20,2023-05-28,,0,0.0,0
29,Wolverhampton Wanderers,4241,Adama Traoré,yes,27.0,38,36,2,0.3807,1519.6,68.5,1588.1,0.9569,0.3769,0.0,0,12,0,0,0,0,0,0,2018-08-11,0.45,data_club,1,0,1,0,Middlesbrough,2018-08-08,219.0,,bc,0,0,0,2022-08-06,2023-05-28,,0,0.0,0
29,Wolverhampton Wanderers,160110,Nélson Semedo,yes,26.0,38,37,1,0.6859,2485.5,61.7,2547.3,0.9758,0.9211,0.0,1,12,0,0,0,0,0,0,2020-09-26,0.5,tier1,1,0,1,0,FC Barcelona,2020-09-23,219.0,,bc,0,0,0,2022-08-06,2023-05-28,,0,0.0,0
29,Wolverhampton Wanderers,186025,Pablo Sarabia,yes,26.0,19,18,1,0.6395,891.1,57.6,948.6,0.9393,0.3357,0.0,0,12,0,0,0,0,0,0,2023-01-20,0.5,tier1,1,0,1,0,Paris Saint Germain,2023-01-17,219.0,,bc,19,0,0,2023-01-22,2023-05-28,,0,0.0,0
29,Wolverhampton Wanderers,1846739,Matheus Cunha,yes,27.0,21,20,1,0.5501,951.4,49.5,1000.9,0.9505,0.5176,0.0,0,12,0,0,0,0,0,0,2023-01-04,0.5,tier1,1,0,1,0,Atlético de Madrid,2023-01-01,218.0,,bc,17,0,0,2023-01-04,2023-05-28,,0,0.0,0
29,Wolverhampton Wanderers,96017,Mario Lemina,yes,26.0,20,19,1,0.5388,1166.9,48.5,1215.4,0.9601,0.8104,20.6,1,12,0,0,0,0,0,0,2023-01-16,0.5,tier1,1,0,1,0,Nice,2023-01-13,219.0,,bc,19,1,0,2023-01-14,2023-05-28,,0,0.0,0
29,Wolverhampton Wanderers,37316869,Dexter Lembikisa,yes,25.0,24,2,22,0.0226,2.0,44.7,46.7,0.0435,0.0226,0.0,0,2,0,0,0,0,10,10,,0.0,none,1,0,0,1,,,,,bc,0,0,0,2022-11-12,2023-05-28,,0,0.0,0
29,Wolverhampton Wanderers,24081648,Chem Campbell,yes,26.0,20,14,6,0.0646,59.5,34.9,94.4,0.6306,0.0712,0.0,0,12,0,0,0,0,0,0,,0.0,none,1,0,0,1,,,,Wolves U21,bc,18,0,0,2022-08-06,2023-01-22,,0,0.0,0
29,Wolverhampton Wanderers,97692,Gonçalo Guedes,yes,27.0,18,17,1,0.367,814.6,33.0,847.6,0.961,0.367,0.0,0,12,0,0,0,0,0,0,2022-08-11,0.5,tier1,1,0,1,0,Valencia,2022-08-08,219.0,,bc,20,0,0,2022-08-13,2023-01-14,,0,0.0,0
29,Wolverhampton Wanderers,37402348,João Gomes,yes,26.0,18,17,1,0.25,452.9,22.5,475.4,0.9527,0.5383,0.0,0,12,0,0,0,0,0,0,2023-02-02,0.25,tier3,1,0,1,0,Flamengo,2023-01-30,219.0,,bc,20,0,0,2023-02-04,2023-05-28,,0,0.0,0
29,Wolverhampton Wanderers,23739135,Luke Cundle,yes,26.0,4,3,1,0.0903,24.4,8.1,32.5,0.75,0.0,0.0,0,0,0,12,0,0,0,0,,0.0,none,1,0,0,1,,,,Wolves U21,bc,34,0,0,2022-08-06,2022-08-28,,0,0.0,0
29,Wolverhampton Wanderers,7522,Connor Ronan,yes,26.0,20,11,9,0.0018,0.7,1.4,2.2,0.3333,0.004,0.0,0,11,0,0,0,0,1,1,,0.0,none,1,0,0,1,,,,Wolves U21,bc,18,0,0,2022-08-06,2023-01-22,,0,0.0,0
29,Wolverhampton Wanderers,1183,Craig Dawson,yes,25.0,18,18,0,0.8059,1512.4,0.0,1512.4,1.0,0.8059,0.0,0,12,0,0,0,0,0,0,2023-01-25,0.45,data_club,1,0,1,0,West Ham United,2023-01-22,219.0,,bc,20,0,0,2023-02-04,2023-05-28,,0,0.0,0
29,Wolverhampton Wanderers,1745,Jérémy Pied,yes,25.0,0,0,0,0.0,0.0,0.0,0.0,,0.0,0.0,0,0,0,0,0,0,12,12,,0.0,none,1,0,0,1,,,,,,0,0,0,,,,0,0.0,0
29,Wolverhampton Wanderers,3043,Conor Coady,yes,25.0,1,1,0,0.1172,86.1,0.0,86.1,1.0,0.1172,0.0,0,12,12,0,0,0,0,0,2015-07-06,0.45,data_club,1,0,1,0,Huddersfield Town,2015-07-03,219.0,,bc,37,0,0,2022-08-06,2022-08-06,,0,0.0,0
29,Wolverhampton Wanderers,3301,Dan Bentley,yes,24.0,18,18,0,0.1667,22.5,0.0,22.5,1.0,0.1667,0.0,0,12,0,0,0,0,0,0,2023-01-28,0.0,none,1,1,1,0,Bristol City,2023-01-25,219.0,,bc,20,0,0,2023-02-04,2023-05-28,,0,0.0,0
29,Wolverhampton Wanderers,7566,Matija Sarkic,yes,24.0,20,20,0,0.0,0.0,0.0,0.0,,0.0,0.0,0,4,0,0,8,0,0,0,2020-07-30,0.0,none,1,1,1,0,Aston Villa U21,2020-07-27,220.0,,bc,18,0,0,2022-08-06,2023-01-22,,0,0.0,0
29,Wolverhampton Wanderers,7926,Morgan Gibbs-White,yes,26.0,2,2,0,0.7706,7.5,0.0,7.5,1.0,0.7706,0.0,0,12,12,0,0,0,0,0,,0.0,none,1,0,0,1,,,,Wolverhampton U18,bc,36,0,0,2022-08-06,2022-08-13,,0,0.0,0
29,Wolverhampton Wanderers,62423,Leander Dendoncker,yes,26.0,5,5,0,0.2567,350.8,0.0,350.8,1.0,0.2567,0.0,0,12,12,0,0,0,0,0,2019-07-04,0.5,tier1,1,0,1,0,Anderlecht,2018-08-09,218.0,,bc,33,0,0,2022-08-06,2022-08-31,,0,0.0,0
29,Wolverhampton Wanderers,159483,José Sá,yes,24.0,38,38,0,0.8333,3269.5,0.0,3269.5,1.0,0.8333,0.0,0,12,0,0,0,0,0,0,2021-07-18,0.0,none,1,1,1,0,Olympiacos F.C.,2021-07-15,219.0,,ac,0,0,0,2022-08-06,2023-05-28,,0,0.0,0
29,Wolverhampton Wanderers,498161,Maximilian Kilman,yes,25.0,38,38,0,0.8941,3269.5,0.0,3269.5,1.0,0.8941,0.0,0,12,0,0,0,0,0,0,2018-08-12,0.35,tier2,1,0,1,0,Maidenhead United,2018-08-09,220.0,,bc,0,0,0,2022-08-06,2023-05-28,,0,0.0,0
29,Wolverhampton Wanderers,23739134,Lewis Richards,yes,25.0,21,0,21,0.0,0.0,0.0,0.0,,0.0,0.0,0,0,0,0,0,0,12,12,,0.0,none,1,0,0,1,,,,,b,0,0,0,2023-01-04,2023-05-28,,17,0.0,0
29,Wolverhampton Wanderers,26715427,Louie Moulden,yes,24.0,0,0,0,0.0,0.0,0.0,0.0,,0.0,0.0,0,9,0,0,0,0,3,0,2021-07-04,0.0,none,1,1,1,0,Man City U23,2021-07-01,220.0,,b,38,0,0,,,,0,0.0,0
29,Wolverhampton Wanderers,34455257,Harvey Griffiths,yes,26.0,25,1,24,0.0,0.0,0.0,0.0,,0.0,0.0,0,1,0,0,0,0,11,11,,0.0,none,1,0,0,1,,,,,bc,0,0,0,2022-11-05,2023-05-28,,0,0.0,0
29,Wolverhampton Wanderers,37400484,Yerson Mosquera,yes,25.0,20,11,9,0.0,0.0,0.0,0.0,,0.0,0.0,0,12,0,0,0,0,0,0,2021-07-04,0.25,tier3,1,0,1,0,Atlético Nacional,2021-07-01,219.0,,ac,18,0,0,2022-08-06,2023-01-22,,0,0.0,0
29,Wolverhampton Wanderers,37560477,Nathan Fraser,yes,27.0,25,1,24,0.0,0.0,0.0,0.0,,0.0,0.0,0,1,0,0,0,0,11,11,,0.0,none,1,0,0,1,,,,Wolves U21,c,0,0,0,2022-11-05,2023-05-28,,0,0.0,0
29,Wolverhampton Wanderers,900511964,Jackson Smith,yes,,0,0,0,0.0,0.0,0.0,0.0,,0.0,0.0,0,0,0,0,0,0,12,12,,0.0,none,0,0,0,1,,,,,,0,0,0,,,,0,0.0,0
