team_id,club,player_id,player,name_verified,position_id,E,N,A,xU,NET,NETabsence,RET,NETavailability,xU_asof,sent_off_mins,sent_off_n,slots_actual,slots_carried,slots_unseen,slots_expired,slots_sentoff,slots_empty,slots_empty_filled,arrival_eff,fill,origin_tier,named_anywhere,is_gk,is_import,academy,origin_from,origin_date,origin_type,youth_promo_from,elig_basis,fixtures_blocked_by_transfers,named_in_allowance,named_while_blocked,elig_first,elig_last,data_flag,fixtures_excluded,minutes_excluded,fixtures_force_retained
19,Arsenal,1177,Calum Chambers,yes,25.0,38,18,20,0.76,772.5,1368.1,2140.6,0.3609,0.6995,0.0,0,12,0,0,0,0,0,0,2014-07-31,0.45,data_club,1,0,1,0,Southampton,2014-07-28,219.0,,bc,0,0,0,2020-09-12,2021-05-23,,0,0.0,0
19,Arsenal,1333,David Luiz,yes,25.0,38,22,16,0.8053,1483.1,1159.7,2642.8,0.5612,0.8816,14.4,1,11,0,0,0,1,0,0,2019-08-12,0.45,data_club,1,0,1,0,Chelsea,2019-08-09,219.0,,bc,0,0,0,2020-09-12,2021-05-23,,0,0.0,0
19,Arsenal,172960,Kieran Tierney,yes,25.0,38,27,11,0.9602,2250.7,950.6,3201.3,0.7031,0.8873,0.0,0,12,0,0,0,0,0,0,2019-08-11,0.35,tier2,1,0,1,0,Celtic,2019-08-08,219.0,,bc,0,0,0,2020-09-12,2021-05-23,,0,0.0,0
19,Arsenal,31661,Sead Kolasinac,yes,25.0,17,4,13,0.6176,217.0,722.6,939.6,0.2309,0.5535,0.0,0,12,0,0,0,0,0,0,2017-07-04,0.5,tier1,1,0,1,0,Schalke 04,2017-07-01,220.0,,bc,21,0,0,2020-09-12,2021-01-02,,0,0.0,0
19,Arsenal,10959356,Gabriel Martinelli,yes,27.0,38,23,15,0.5013,607.7,676.8,1284.5,0.4731,0.3553,0.0,0,12,0,0,0,0,0,0,2019-07-05,0.25,tier3,1,0,1,0,Ituano,2019-07-02,219.0,,bc,0,0,0,2020-09-12,2021-05-23,,0,0.0,0
19,Arsenal,1362,Cédric Soares,yes,25.0,38,25,13,0.5687,1010.8,665.3,1676.2,0.6031,0.2101,0.0,0,12,0,0,0,0,0,0,2020-07-04,0.45,data_club,1,0,1,0,Southampton,2020-01-31,218.0,,bc,0,0,0,2020-09-12,2021-05-23,,0,0.0,0
19,Arsenal,537759,Reiss Nelson,yes,27.0,38,6,32,0.2303,118.4,663.2,781.6,0.1515,0.2006,0.0,0,12,0,0,0,0,0,0,,0.0,none,1,0,0,1,,,,Arsenal U21,bc,0,0,0,2020-09-12,2021-05-23,,0,0.0,0
19,Arsenal,3817,Shkodran Mustafi,yes,25.0,21,9,12,0.5715,473.8,617.3,1091.0,0.4343,0.2135,0.0,0,12,0,0,0,0,0,0,2016-09-02,0.5,tier1,1,0,1,0,Valencia,2016-08-30,219.0,,bc,17,0,0,2020-09-12,2021-01-30,,0,0.0,0
19,Arsenal,31739,Pierre-Emerick Aubameyang,yes,27.0,38,32,6,0.8133,2444.0,439.2,2883.2,0.8477,0.6941,0.0,0,12,0,0,0,0,0,0,2018-02-03,0.5,tier1,1,0,1,0,Borussia Dortmund,2018-01-31,219.0,,bc,0,0,0,2020-09-12,2021-05-23,,0,0.0,0
19,Arsenal,186159,Pablo Marí,yes,25.0,38,17,21,0.2305,749.3,435.7,1185.1,0.6323,0.5833,0.0,0,12,0,0,0,0,0,0,2020-07-04,0.25,tier3,1,0,1,0,Flamengo,2020-01-29,218.0,,bc,0,0,0,2020-09-12,2021-05-23,,0,0.0,0
19,Arsenal,186370,Thomas Partey,yes,26.0,34,24,10,0.4479,1285.2,403.1,1688.3,0.7612,0.7731,0.0,0,12,0,0,0,0,0,0,2020-10-08,0.5,tier1,1,0,1,0,Atlético de Madrid,2020-10-05,219.0,,bc,4,0,0,2020-10-17,2021-05-23,,0,0.0,0
19,Arsenal,1887,Granit Xhaka,yes,26.0,38,33,5,0.8574,2544.1,385.9,2930.0,0.8683,0.9137,4.6,1,12,0,0,0,0,0,0,2016-07-04,0.5,tier1,1,0,1,0,Borussia Mönchengladbach,2016-07-01,219.0,,bc,0,0,0,2020-09-12,2021-05-23,,0,0.0,0
19,Arsenal,97811,Gabriel Magalhães,yes,25.0,38,33,5,0.8275,1818.3,372.4,2190.7,0.83,0.6667,18.4,1,12,0,0,0,0,0,0,2020-09-04,0.5,tier1,1,0,1,0,LOSC Lille,2020-09-01,219.0,,ac,0,0,0,2020-09-12,2021-05-23,,0,0.0,0
19,Arsenal,1317,Willian,yes,27.0,38,33,5,0.5991,1709.0,269.6,1978.6,0.8637,0.358,0.0,0,12,0,0,0,0,0,0,2020-08-17,0.45,data_club,1,0,1,0,Chelsea,2020-08-14,220.0,,bc,0,0,0,2020-09-12,2021-05-23,,0,0.0,0
19,Arsenal,1899,Héctor Bellerín,yes,25.0,38,34,4,0.5633,2244.3,202.8,2447.1,0.9171,0.3276,0.0,0,12,0,0,0,0,0,0,,0.0,none,1,0,0,1,,,,Arsenal U21,bc,0,0,0,2020-09-12,2021-05-23,,0,0.0,0
19,Arsenal,1494446,Emile Smith Rowe,yes,26.0,38,23,15,0.1483,1000.0,200.2,1200.2,0.8332,0.6515,0.0,0,12,0,0,0,0,0,0,,0.0,none,1,0,0,1,,,,Arsenal U21,bc,0,0,0,2020-09-12,2021-05-23,,0,0.0,0
19,Arsenal,1901,Rob Holding,yes,25.0,38,35,3,0.6098,2390.8,164.6,2555.4,0.9356,0.6667,0.0,0,12,0,0,0,0,0,0,2016-07-25,0.45,data_club,1,0,1,0,Bolton Wanderers,2016-07-22,219.0,,bc,0,0,0,2020-09-12,2021-05-23,,0,0.0,0
19,Arsenal,16827155,Bukayo Saka,yes,27.0,38,36,2,0.8771,2499.5,157.9,2657.4,0.9406,0.6344,0.0,0,12,0,0,0,0,0,0,,0.0,none,1,0,0,1,,,,Arsenal U21,ac,0,0,0,2020-09-12,2021-05-23,,0,0.0,0
19,Arsenal,186734,Dani Ceballos,yes,26.0,38,35,3,0.5807,1836.6,156.8,1993.4,0.9213,0.4644,0.0,0,12,0,0,0,0,0,0,2019-07-28,0.5,tier1,1,0,1,0,Real Madrid,2019-07-25,218.0,,bc,0,0,0,2020-09-12,2021-05-23,,0,0.0,0
19,Arsenal,539961,Eddie Nketiah,yes,27.0,38,28,10,0.1521,723.8,136.9,860.7,0.8409,0.1044,0.0,0,12,0,0,0,0,0,0,,0.0,none,1,0,0,1,,,,Arsenal U21,bc,0,0,0,2020-09-12,2021-05-23,,0,0.0,0
19,Arsenal,95334,Alexandre Lacazette,yes,27.0,38,36,2,0.6802,2019.1,122.4,2141.5,0.9428,0.5597,0.0,0,12,0,0,0,0,0,0,2017-07-08,0.5,tier1,1,0,1,0,Olympique Lyonnais,2017-07-05,219.0,,bc,0,0,0,2020-09-12,2021-05-23,,0,0.0,0
19,Arsenal,96656,Nicolas Pepe,yes,27.0,38,35,3,0.4332,1559.1,117.0,1676.1,0.9302,0.6018,0.0,1,12,0,0,0,0,0,0,2019-08-04,0.5,tier1,1,0,1,0,LOSC Lille,2019-08-01,219.0,,bc,0,0,0,2020-09-12,2021-05-23,,0,0.0,0
19,Arsenal,26823,Martin Ødegaard,yes,26.0,18,16,2,0.5851,756.0,105.3,861.3,0.8777,0.6977,0.0,0,12,0,0,0,0,0,0,2021-01-30,0.5,tier1,1,0,1,0,Real Madrid,2021-01-27,218.0,,c,0,0,0,2021-01-30,2021-05-23,,0,0.0,0
19,Arsenal,31342,Bernd Leno,yes,24.0,38,37,1,1.0,3198.6,90.0,3288.6,0.9726,0.8333,15.9,1,12,0,0,0,0,0,0,2018-07-04,0.0,none,1,1,1,0,Bayer 04 Leverkusen,2018-07-01,219.0,,bc,0,0,0,2020-09-12,2021-05-23,,0,0.0,0
19,Arsenal,1891,Mohamed Elneny,yes,26.0,38,36,2,0.487,1213.4,87.7,1301.1,0.9326,0.4381,0.0,0,12,0,0,0,0,0,0,2016-01-17,0.35,tier2,1,0,1,0,Basel,2016-01-14,219.0,,bc,0,0,0,2020-09-12,2021-05-23,,0,0.0,0
19,Arsenal,1494447,Joe Willock,yes,26.0,21,17,4,0.222,370.1,79.9,450.0,0.8224,0.4925,0.0,0,12,12,0,0,0,0,0,,0.0,none,1,0,0,1,,,,Arsenal U21,bc,17,0,0,2020-09-12,2021-01-30,,0,0.0,0
19,Arsenal,4344,Ainsley Maitland-Niles,yes,26.0,21,19,2,0.2848,474.0,51.3,525.3,0.9024,0.6857,0.0,0,12,12,0,0,0,0,0,,0.0,none,1,0,0,1,,,,Arsenal U21,bc,17,0,0,2020-09-12,2021-01-30,,0,0.0,0
19,Arsenal,62317,Mathew Ryan,yes,24.0,19,15,4,0.1042,135.0,37.5,172.5,0.7826,0.1667,0.0,0,12,0,0,0,0,0,0,2021-01-25,0.0,none,1,1,1,0,Brighton & Hove Albion,2021-01-22,218.0,,bc,19,0,0,2021-01-26,2021-05-23,,0,0.0,0
19,Arsenal,84224,Rúnar Rúnarsson,yes,24.0,36,22,14,0.0161,4.7,20.3,25.0,0.1875,0.0173,0.0,0,12,0,0,0,0,0,0,2020-09-24,0.0,none,1,1,1,0,Dijon,2020-09-21,219.0,,bc,2,0,0,2020-09-28,2021-05-23,,0,0.0,0
19,Arsenal,4307,Matt Macey,yes,24.0,17,2,15,0.0,0.0,0.0,0.0,,0.0,0.0,0,10,0,0,0,0,2,2,,0.0,none,1,1,0,1,,,,Arsenal U21,bc,21,0,0,2020-09-12,2021-01-02,,0,0.0,0
19,Arsenal,17544737,William Saliba,yes,25.0,17,0,17,0.0,0.0,0.0,0.0,,0.0,0.0,0,0,0,0,0,0,12,0,2019-07-28,0.5,tier1,0,0,1,0,Saint-Étienne,2019-07-25,219.0,,a,21,0,0,2020-09-12,2021-01-02,,0,0.0,0
19,Arsenal,28912729,Miguel Azeez,yes,26.0,8,1,7,0.0,0.0,0.0,0.0,,0.0,0.0,0,1,0,0,0,0,11,11,,0.0,none,1,0,0,1,,,,,bc,0,0,0,2021-04-11,2021-05-23,,0,0.0,0
15,Aston Villa,62865,Wesley,yes,27.0,38,7,31,0.9274,449.7,2587.6,3037.2,0.1481,0.3965,0.0,0,12,0,0,0,0,0,0,2019-07-04,0.5,tier1,1,0,1,0,Club Brugge,2019-07-01,219.0,,bc,0,0,0,2020-09-21,2021-05-23,,0,0.0,0
15,Aston Villa,6201,Kortney Hause,yes,25.0,38,17,21,0.5722,790.5,1081.5,1872.0,0.4223,0.4167,0.0,0,12,0,0,0,0,0,0,2019-07-04,0.45,data_club,1,0,1,0,Wolverhampton Wanderers,2019-01-07,218.0,,bc,0,0,0,2020-09-21,2021-05-23,,0,0.0,0
15,Aston Villa,1116,Jack Grealish,yes,26.0,38,26,12,0.9939,2305.7,1073.4,3379.1,0.6823,0.853,0.0,0,12,0,0,0,0,0,0,,0.0,none,1,0,0,1,,,,Aston Villa U21,bc,0,0,0,2020-09-21,2021-05-23,,0,0.0,0
15,Aston Villa,1454,Tom Heaton,yes,24.0,38,23,15,0.7927,575.2,1070.2,1645.4,0.3496,0.0,0.0,0,12,0,0,0,0,0,0,2019-08-04,0.0,none,1,1,1,0,Burnley,2019-08-01,219.0,,bc,0,0,0,2020-09-21,2021-05-23,,0,0.0,0
15,Aston Villa,33186827,Jaden Philogene,yes,26.0,38,7,31,0.3406,165.6,950.2,1115.9,0.1484,0.1484,0.0,0,7,0,0,0,0,5,5,,0.35,tier2,1,0,1,0,Hull City,2024-07-19,219.0,Aston Villa U21,bc,0,0,0,2020-09-21,2021-05-23,,0,0.0,0
15,Aston Villa,62879,Trézéguet,yes,26.0,38,23,15,0.6187,1297.7,835.3,2133.0,0.6084,0.3993,0.0,0,12,0,0,0,0,0,0,2019-07-27,0.35,tier2,1,0,1,0,Kasımpaşa,2019-07-24,219.0,,bc,0,0,0,2020-09-21,2021-05-23,,0,0.0,0
15,Aston Villa,6524,Matty Cash,yes,25.0,38,29,9,0.9028,2168.4,731.3,2899.7,0.7478,0.8314,18.9,1,11,0,0,0,1,0,0,2020-09-06,0.45,data_club,1,0,1,0,Nottingham Forest,2020-09-03,219.0,,ac,0,0,0,2020-09-21,2021-05-23,,0,0.0,0
15,Aston Villa,96575,Frédéric Guilbert,yes,25.0,19,8,11,0.538,250.3,532.7,783.0,0.3197,0.129,0.0,0,12,0,0,0,0,0,0,2019-02-03,0.5,tier1,1,0,1,0,Caen,2019-01-31,219.0,,bc,19,0,0,2020-09-21,2021-01-30,,0,0.0,0
15,Aston Villa,968,Ross Barkley,yes,26.0,36,28,8,0.665,1646.6,478.8,2125.4,0.7747,0.4076,0.0,0,12,0,0,0,0,0,0,2020-10-03,0.45,data_club,1,0,1,0,Chelsea,2020-09-30,218.0,,c,0,0,0,2020-10-04,2021-05-23,,0,0.0,0
15,Aston Villa,62122,Björn Engels,yes,25.0,38,23,15,0.2833,348.4,382.4,730.9,0.4767,0.0,0.0,0,12,0,0,0,0,0,0,2019-07-19,0.5,tier1,1,0,1,0,Reims,2019-07-16,219.0,,bc,0,0,0,2020-09-21,2021-05-23,,0,0.0,0
15,Aston Villa,96090,Morgan Sanson,yes,26.0,20,11,9,0.283,354.0,229.2,583.2,0.607,0.2783,0.0,0,11,0,0,0,0,1,0,2021-01-29,0.5,tier1,1,0,1,0,Olympique Marseille,2021-01-26,219.0,,bc,18,0,0,2021-01-30,2021-05-23,,0,0.0,0
15,Aston Villa,1094,Tyrone Mings,yes,25.0,38,36,2,1.0,3240.0,180.0,3420.0,0.9474,1.0,45.0,1,12,0,0,0,0,0,0,2019-07-11,0.45,data_club,1,0,1,0,AFC Bournemouth,2019-01-31,218.0,,ac,0,0,0,2020-09-21,2021-05-23,,0,0.0,0
15,Aston Villa,7124,Ezri Konsa,yes,25.0,38,36,2,1.0,3150.2,180.0,3330.2,0.9459,1.0,0.0,0,12,0,0,0,0,0,0,2019-07-14,0.45,data_club,1,0,1,0,Brentford,2019-07-11,219.0,,bc,0,0,0,2020-09-21,2021-05-23,,0,0.0,0
15,Aston Villa,817,Neil Taylor,yes,25.0,38,27,11,0.1528,251.9,151.2,403.1,0.6249,0.0,0.0,0,12,0,0,0,0,0,0,2017-02-03,0.45,data_club,1,0,1,0,Swansea City,2017-01-31,219.0,,bc,0,0,0,2020-09-21,2021-05-23,,0,0.0,0
15,Aston Villa,25354,Anwar El Ghazi,yes,26.0,38,34,4,0.3527,1322.5,127.0,1449.5,0.9124,0.737,0.0,0,12,0,0,0,0,0,0,2019-07-04,0.5,tier1,1,0,1,0,LOSC Lille,2018-08-22,218.0,,bc,0,0,0,2020-09-21,2021-05-23,,0,0.0,0
15,Aston Villa,4579,Keinan Davis,yes,27.0,38,33,5,0.239,399.1,107.6,506.7,0.7877,0.2105,0.0,0,12,0,0,0,0,0,0,,0.0,none,1,0,0,1,,,,Aston Villa U21,bc,0,0,0,2020-09-21,2021-05-23,,0,0.0,0
15,Aston Villa,12145,Ollie Watkins,yes,27.0,38,37,1,1.0,3008.2,90.0,3098.2,0.971,1.0,0.0,1,11,0,0,0,1,0,0,2020-09-12,0.45,data_club,1,0,1,0,Brentford,2020-09-09,219.0,,bc,0,0,0,2020-09-21,2021-05-23,,0,0.0,0
15,Aston Villa,172611,John McGinn,yes,26.0,38,37,1,1.0,3248.6,90.0,3338.6,0.973,1.0,0.0,0,12,0,0,0,0,0,0,2018-08-11,0.35,tier2,1,0,1,0,Hibernian,2018-08-08,219.0,,ac,0,0,0,2020-09-21,2021-05-23,,0,0.0,0
15,Aston Villa,225000,Douglas Luiz,yes,26.0,38,37,1,0.9614,2939.9,86.5,3026.4,0.9714,0.7948,0.0,1,12,0,0,0,0,0,0,2019-07-28,0.45,data_club,1,0,1,0,Manchester City,2019-07-25,219.0,,bc,0,0,0,2020-09-21,2021-05-23,,0,0.0,0
15,Aston Villa,4254,Bertrand Traoré,yes,27.0,37,36,1,0.3671,2059.9,33.0,2093.0,0.9842,0.7932,0.0,0,12,0,0,0,0,0,0,2020-09-22,0.5,tier1,1,0,1,0,Olympique Lyonnais,2020-09-19,219.0,,bc,1,0,0,2020-09-28,2021-05-23,,0,0.0,0
15,Aston Villa,11705406,Jacob Ramsey,yes,26.0,38,30,8,0.031,490.9,22.3,513.2,0.9565,0.2828,0.0,0,12,0,0,0,0,0,0,,0.0,none,1,0,0,1,,,,Aston Villa U21,bc,0,0,0,2020-09-21,2021-05-23,,0,0.0,0
15,Aston Villa,3371,Conor Hourihane,yes,26.0,16,15,1,0.0832,566.3,7.5,573.7,0.987,0.0,0.0,0,0,0,0,12,0,0,0,2017-01-29,0.45,data_club,1,0,1,0,Barnsley,2017-01-26,219.0,,bc,22,0,0,2020-09-21,2021-01-20,,0,0.0,0
15,Aston Villa,628,Ahmed El Mohamady,yes,25.0,38,38,0,0.2926,915.1,0.0,915.1,1.0,0.2926,0.0,0,12,0,0,0,0,0,0,,0.0,none,1,0,0,1,,,,,bc,0,0,0,2020-09-21,2021-05-23,,0,0.0,0
15,Aston Villa,957,Jed Steer,yes,24.0,38,15,23,0.0,6.7,0.0,6.7,1.0,0.0,0.0,0,12,0,0,0,0,0,0,2013-07-04,0.0,none,1,1,1,0,Norwich City,2013-07-01,219.0,,bc,0,0,0,2020-09-21,2021-05-23,,0,0.0,0
15,Aston Villa,1343,Emiliano Martínez,yes,24.0,38,38,0,1.0,2835.0,0.0,2835.0,1.0,1.0,0.0,0,12,0,0,0,0,0,0,2020-09-19,0.0,none,1,1,1,0,Arsenal,2020-09-16,219.0,,bc,0,0,0,2020-09-21,2021-05-23,,0,0.0,0
15,Aston Villa,1387,Matt Targett,yes,25.0,38,38,0,1.0,3323.7,0.0,3323.7,1.0,1.0,0.0,0,12,0,0,0,0,0,0,2019-07-04,0.45,data_club,1,0,1,0,Southampton,2019-07-01,219.0,,bc,0,0,0,2020-09-21,2021-05-23,,0,0.0,0
15,Aston Villa,25126,Marvelous Nakamba,yes,26.0,38,38,0,0.277,680.5,0.0,680.5,1.0,0.277,0.0,0,12,0,0,0,0,0,0,2019-08-04,0.5,tier1,1,0,1,0,Club Brugge,2019-08-01,219.0,,bc,0,0,0,2020-09-21,2021-05-23,,0,0.0,0
15,Aston Villa,28912777,Cameron Archer,yes,27.0,0,0,0,0.45,0.0,0.0,0.0,,0.45,0.0,0,0,0,0,0,0,12,12,,0.45,data_club,0,0,1,0,Sheffield United,2024-07-11,219.0,Aston Villa U21,b,36,0,0,,,data mismatch: excluded,2,81.0,0
15,Aston Villa,28912779,Kaine Kesler-Hayden,yes,25.0,38,4,34,0.0,0.0,0.0,0.0,,0.0,0.0,0,5,0,0,0,0,7,7,,0.0,none,1,0,0,1,,,,Aston Villa U21,bc,0,0,0,2020-09-21,2021-05-23,,0,0.0,0
15,Aston Villa,31626713,Carney Chukwuemeka,yes,26.0,16,7,9,0.0,0.5,0.0,0.5,1.0,0.0248,0.0,0,7,0,0,0,0,5,5,,0.0,none,1,0,0,1,,,,Aston Villa U21,bc,0,0,0,2021-02-21,2021-05-23,,0,0.0,0
78,Brighton & Hove Albion,9308200,Tariq Lamptey,yes,25.0,38,11,27,0.8898,773.9,2162.1,2936.1,0.2636,0.8903,0.0,1,11,0,0,0,1,0,0,2020-02-03,0.45,data_club,1,0,1,0,Chelsea,2020-01-31,219.0,,bc,0,0,0,2020-09-14,2021-05-23,,0,0.0,0
78,Brighton & Hove Albion,2423,Solly March,yes,26.0,38,21,17,0.8456,1465.1,1293.7,2758.9,0.5311,0.855,0.0,0,12,0,0,0,0,0,0,,0.0,none,1,0,0,1,,,,Brighton U18,bc,0,0,0,2020-09-14,2021-05-23,,0,0.0,0
78,Brighton & Hove Albion,23988,Davy Pröpper,yes,26.0,38,21,17,0.4487,555.6,686.5,1242.2,0.4473,0.0182,0.0,0,12,0,0,0,0,0,0,2017-08-10,0.5,tier1,1,0,1,0,PSV,2017-08-07,219.0,,bc,0,0,0,2020-09-14,2021-05-23,,0,0.0,0
78,Brighton & Hove Albion,62317,Mathew Ryan,yes,24.0,19,12,7,0.9167,1042.5,577.5,1620.0,0.6435,0.0,0.0,0,0,0,0,12,0,0,0,2017-07-04,0.0,none,1,1,1,0,Valencia,2017-07-01,219.0,,bc,19,0,0,2020-09-14,2021-01-16,,0,0.0,0
78,Brighton & Hove Albion,6504,Adam Webster,yes,25.0,38,31,7,0.9002,2594.0,567.1,3161.2,0.8206,0.9002,0.0,0,12,0,0,0,0,0,0,2019-08-06,0.45,data_club,1,0,1,0,Bristol City,2019-08-03,219.0,,bc,0,0,0,2020-09-14,2021-05-23,,0,0.0,0
78,Brighton & Hove Albion,2461,Lewis Dunk,yes,25.0,38,33,5,0.9918,2963.2,446.3,3409.5,0.8691,1.0,36.0,2,11,0,0,0,1,0,0,,0.0,none,1,0,0,1,,,,Brighton U18,ac,0,0,0,2020-09-14,2021-05-23,,0,0.0,0
78,Brighton & Hove Albion,24655,Joël Veltman,yes,25.0,38,33,5,0.9571,1987.9,430.7,2418.6,0.8219,1.0,0.0,0,12,0,0,0,0,0,0,2020-08-01,0.5,tier1,1,0,1,0,Ajax,2020-07-29,219.0,,bc,0,0,0,2020-09-14,2021-05-23,,0,0.0,0
78,Brighton & Hove Albion,627,Danny Welbeck,yes,27.0,33,26,7,0.669,1481.4,421.5,1902.9,0.7785,0.7665,0.0,0,12,0,0,0,0,0,0,2020-10-21,0.45,data_club,1,0,1,0,Watford,2020-10-18,220.0,,bc,5,0,0,2020-10-26,2021-05-23,,0,0.0,0
78,Brighton & Hove Albion,1149,Adam Lallana,yes,26.0,38,31,7,0.6194,1469.3,390.2,1859.6,0.7901,0.6922,0.0,0,12,0,0,0,0,0,0,2020-07-30,0.45,data_club,1,0,1,0,Liverpool,2020-07-27,220.0,,bc,0,0,0,2020-09-14,2021-05-23,,0,0.0,0
78,Brighton & Hove Albion,95776,Neal Maupay,yes,27.0,38,34,4,0.9029,2459.0,325.0,2784.1,0.8833,0.8951,0.0,1,11,0,0,0,1,0,0,2019-08-08,0.45,data_club,1,0,1,0,Brentford,2019-08-05,219.0,,bc,0,0,0,2020-09-14,2021-05-23,,0,0.0,0
78,Brighton & Hove Albion,1494381,Aaron Connolly,yes,27.0,38,28,10,0.333,953.7,299.7,1253.4,0.7609,0.1987,0.0,0,12,0,0,0,0,0,0,,0.0,none,1,0,0,1,,,,Brighton U21,bc,0,0,0,2020-09-14,2021-05-23,,0,0.0,0
78,Brighton & Hove Albion,900369098,Lars Dendoncker,yes,,38,0,38,0.0855,0.0,292.5,292.5,0.0,0.0,0.0,0,0,0,0,0,0,12,0,2020-08-10,0.5,unknown+override,0,0,1,0,Club NXT,2020-08-07,220.0,,b,0,0,0,2020-09-14,2021-05-23,,0,0.0,0
78,Brighton & Hove Albion,7392788,Jensen Weir,yes,26.0,38,2,36,0.0812,0.0,263.2,263.2,0.0,0.0,0.0,0,2,0,0,0,0,10,0,2020-07-30,0.45,data_club,1,0,1,0,Wigan,2020-07-27,219.0,Brighton U21,bc,0,0,0,2020-09-14,2021-05-23,,0,0.0,0
78,Brighton & Hove Albion,216612,Alexis Mac Allister,yes,26.0,38,30,8,0.3218,1125.5,231.7,1357.1,0.8293,0.3437,0.0,0,12,0,0,0,0,0,0,2019-01-27,0.25,tier3,1,0,1,0,Argentinos Juniors,2019-01-24,219.0,,bc,0,0,0,2020-09-14,2021-05-23,,0,0.0,0
78,Brighton & Hove Albion,186805,Florin Andone,yes,27.0,38,1,37,0.0673,6.1,224.0,230.1,0.0265,0.0602,0.0,0,3,0,0,0,1,8,0,2018-07-04,0.5,tier1,1,0,1,0,Deportivo A Coruña,2018-07-01,219.0,,bc,0,0,0,2020-09-14,2021-05-23,,0,0.0,0
78,Brighton & Hove Albion,25147,Alireza Jahanbakhsh,yes,27.0,38,27,11,0.2069,420.7,204.9,625.6,0.6725,0.2496,0.0,0,12,0,0,0,0,0,0,2018-07-28,0.5,tier1,1,0,1,0,AZ Alkmaar,2018-07-25,219.0,,bc,0,0,0,2020-09-14,2021-05-23,,0,0.0,0
78,Brighton & Hove Albion,199544,Andi Zeqiri,yes,27.0,34,26,8,0.226,173.0,162.7,335.8,0.5153,0.1079,0.0,0,12,0,0,0,0,0,0,2020-10-04,0.35,tier2,1,0,1,0,Lausanne Sport,2020-10-01,219.0,,bc,4,0,0,2020-10-18,2021-05-23,,0,0.0,0
78,Brighton & Hove Albion,96870,Yves Bissouma,yes,26.0,38,36,2,0.8556,2933.3,154.0,3087.3,0.9501,0.9965,0.0,1,12,0,0,0,0,0,0,2018-07-20,0.5,tier1,1,0,1,0,LOSC Lille,2018-07-17,219.0,,bc,0,0,0,2020-09-14,2021-05-23,,0,0.0,0
78,Brighton & Hove Albion,61780,Leandro Trossard,yes,27.0,38,36,2,0.8341,2546.1,150.1,2696.3,0.9443,0.7945,0.0,0,12,0,0,0,0,0,0,2019-07-04,0.5,tier1,1,0,1,0,Genk,2019-07-01,219.0,,bc,0,0,0,2020-09-14,2021-05-23,,0,0.0,0
78,Brighton & Hove Albion,37261500,Moisés Caicedo,yes,26.0,16,4,12,0.1267,9.4,136.9,146.2,0.0641,0.0,0.0,0,4,0,0,0,0,8,0,2021-02-04,0.25,tier3,1,0,1,0,Independiente del Valle,2021-02-01,219.0,,bc,22,0,0,2021-02-06,2021-05-23,,0,0.0,0
78,Brighton & Hove Albion,32666,Bernardo,yes,25.0,19,12,7,0.1865,214.3,117.5,331.8,0.6458,0.1909,0.0,0,12,0,0,0,0,0,0,2018-07-08,0.5,tier1,1,0,1,0,RB Leipzig,2018-07-05,219.0,,bc,19,0,0,2020-09-14,2021-01-16,,0,0.0,0
78,Brighton & Hove Albion,3259,Ben White,yes,25.0,38,37,1,0.9896,2598.3,89.1,2687.4,0.9669,0.9896,0.0,1,11,0,0,0,1,0,0,,0.0,none,1,0,0,1,,,,Brighton U21,bc,0,0,0,2020-09-14,2021-05-23,,0,0.0,0
78,Brighton & Hove Albion,14069,Steven Alzate,yes,26.0,38,35,3,0.2456,1029.4,66.3,1095.7,0.9395,0.1642,0.0,0,12,0,0,0,0,0,0,,0.0,none,1,0,0,1,,,,Brighton U21,bc,0,0,0,2020-09-14,2021-05-23,,0,0.0,0
78,Brighton & Hove Albion,2815,Dan Burn,yes,25.0,38,37,1,0.7266,2136.6,65.4,2202.0,0.9703,0.712,0.0,0,12,0,0,0,0,0,0,2018-08-12,0.45,data_club,1,0,1,0,Wigan Athletic,2018-08-09,219.0,,bc,0,0,0,2020-09-14,2021-05-23,,0,0.0,0
78,Brighton & Hove Albion,2723,Dale Stephens,yes,26.0,2,1,1,0.5583,57.7,50.2,108.0,0.5347,0.0113,0.0,0,12,12,0,0,0,0,0,2014-02-02,0.45,data_club,1,0,1,0,Charlton Athletic,2014-01-30,219.0,,bc,36,0,0,2020-09-14,2020-09-20,,0,0.0,0
78,Brighton & Hove Albion,581000,Robert Sánchez,yes,24.0,32,27,5,0.0833,1845.0,37.5,1882.5,0.9801,1.0,0.0,0,12,0,0,0,0,0,0,,0.0,none,1,1,0,1,,,,Brighton U21,bc,0,0,0,2020-11-01,2021-05-23,,0,0.0,0
78,Brighton & Hove Albion,288858,Percy Tau,yes,27.0,21,16,5,0.079,88.6,35.5,124.1,0.7136,0.0182,0.0,0,12,0,0,0,0,0,0,2018-07-23,0.25,tier3,1,0,1,0,Mamelodi Sundowns,2018-07-20,219.0,,bc,17,0,0,2021-01-13,2021-05-23,,0,0.0,0
78,Brighton & Hove Albion,21437417,Reda Khadra,yes,26.0,21,2,19,0.0069,0.6,11.9,12.5,0.05,0.0069,0.0,0,2,0,0,0,0,10,10,,0.0,none,1,0,0,1,,,,Brighton U21,bc,0,0,0,2021-01-13,2021-05-23,,0,0.0,0
78,Brighton & Hove Albion,62408,José Izquierdo,yes,27.0,38,10,28,0.0011,1.9,2.8,4.7,0.4,0.0105,0.0,0,10,0,0,0,0,2,0,2017-08-23,0.5,tier1,1,0,1,0,Club Brugge,2017-08-20,219.0,,bc,0,0,0,2020-09-14,2021-05-23,,0,0.0,0
78,Brighton & Hove Albion,2683,Jason Steele,yes,24.0,38,30,8,0.0,0.0,0.0,0.0,,0.0,0.0,0,12,0,0,0,0,0,0,2018-07-04,0.0,none,1,1,1,0,Sunderland,2018-07-01,220.0,,ac,0,0,0,2020-09-14,2021-05-23,,0,0.0,0
78,Brighton & Hove Albion,2965,Christian Walton,yes,24.0,21,8,13,0.0,0.0,0.0,0.0,,0.0,0.0,0,8,0,0,4,0,0,0,,0.0,none,1,1,0,1,,,,Brighton U18,bc,0,0,0,2021-01-13,2021-05-23,,0,0.0,0
78,Brighton & Hove Albion,31504,Pascal Groß,yes,26.0,38,38,0,0.9764,2128.6,0.0,2128.6,1.0,0.9764,0.0,0,12,0,0,0,0,0,0,2017-07-04,0.5,tier1,1,0,1,0,Ingolstadt,2017-07-01,219.0,,c,0,0,0,2020-09-14,2021-05-23,,0,0.0,0
78,Brighton & Hove Albion,581003,Jayson Molumby,yes,26.0,17,6,11,0.0,0.0,0.0,0.0,,0.0,0.0,0,0,0,12,0,0,0,0,,0.0,none,1,0,0,1,,,,,bc,21,0,0,2020-09-14,2021-01-02,,0,0.0,0
78,Brighton & Hove Albion,581004,Tom McGill,yes,24.0,17,2,15,0.0,0.0,0.0,0.0,,0.0,0.0,0,2,0,0,0,0,10,10,,0.0,none,1,1,0,1,,,,Brighton U21,c,0,0,0,2021-02-03,2021-05-23,,0,0.0,0
78,Brighton & Hove Albion,1444078,Jakub Moder,yes,26.0,22,19,3,0.0,249.2,0.0,249.2,1.0,0.5947,0.0,0,12,0,0,0,0,0,0,2020-10-07,0.35,tier2,1,0,1,0,Lech Poznań,2020-10-04,219.0,,bc,16,0,0,2021-01-02,2021-05-23,,0,0.0,0
78,Brighton & Hove Albion,1494380,Max Sanders,yes,26.0,21,2,19,0.0,0.0,0.0,0.0,,0.0,0.0,0,2,0,0,0,0,10,10,,0.0,none,1,0,0,1,,,,,bc,17,0,0,2020-09-14,2021-01-31,,0,0.0,0
78,Brighton & Hove Albion,5283785,Michal Karbownik,yes,25.0,19,7,12,0.0,0.0,0.0,0.0,,0.0,0.0,0,7,0,0,0,0,5,0,2020-10-07,0.35,tier2,1,0,1,0,Legia Warszawa,2020-10-04,219.0,,bc,19,0,0,2021-01-27,2021-05-23,,0,0.0,0
78,Brighton & Hove Albion,28562717,Teddy Jenks,yes,26.0,21,2,19,0.0,0.0,0.0,0.0,,0.0,0.0,0,2,0,0,0,0,10,10,,0.0,none,1,0,0,1,,,,,bc,0,0,0,2021-01-13,2021-05-23,,0,0.0,0
78,Brighton & Hove Albion,37253456,Evan Ferguson,yes,27.0,0,0,0,0.0,0.0,0.0,0.0,,0.0,0.0,0,0,0,0,0,0,12,0,2021-01-12,0.35,unknown+override,0,0,1,0,Bohemians,2021-01-09,219.0,Brighton U21,,0,0,0,,,,0,0.0,0
27,Burnley,1156,Jack Cork,yes,26.0,38,21,17,0.9394,1404.4,1437.3,2841.6,0.4942,0.807,0.0,0,12,0,0,0,0,0,0,2017-07-14,0.45,data_club,1,0,1,0,Chelsea U21,2010-02-01,218.0,,bc,0,0,0,2020-09-20,2021-05-23,,0,0.0,0
27,Burnley,1101,Robert Brady,yes,26.0,38,21,17,0.6114,805.7,935.5,1741.1,0.4627,0.6358,0.0,0,12,0,0,0,0,0,0,2017-02-03,0.45,data_club,1,0,1,0,Norwich City,2017-01-31,219.0,,bc,0,0,0,2020-09-20,2021-05-23,,0,0.0,0
27,Burnley,1448,Ashley Barnes,yes,27.0,36,25,11,0.7342,1517.4,726.9,2244.2,0.6761,0.5097,0.0,0,12,0,0,0,0,0,0,2014-01-13,0.45,data_club,1,0,1,0,Brighton & Hove Albion,2014-01-10,219.0,,c,0,0,0,2020-10-03,2021-05-23,,0,0.0,0
27,Burnley,1460,Ben Mee,yes,25.0,38,30,8,0.9989,2690.6,719.2,3409.9,0.7891,1.0,0.0,0,12,0,0,0,0,0,0,2012-01-20,0.45,data_club,1,0,1,0,Manchester City,2011-07-14,218.0,,bc,0,0,0,2020-09-20,2021-05-23,,0,0.0,0
27,Burnley,3300,Charlie Taylor,yes,25.0,38,30,8,0.8925,2419.8,642.6,3062.4,0.7902,0.8614,0.0,0,12,0,0,0,0,0,0,2017-07-09,0.45,data_club,1,0,1,0,Leeds United,2017-07-06,220.0,,bc,0,0,0,2020-09-20,2021-05-23,,0,0.0,0
27,Burnley,361,Phil Bardsley,yes,25.0,38,27,11,0.5628,823.5,557.2,1380.7,0.5964,0.0061,0.0,0,12,0,0,0,0,0,0,2017-07-28,0.45,data_club,1,0,1,0,Manchester United,2006-03-16,218.0,,bc,0,0,0,2020-09-20,2021-05-23,,0,0.0,0
27,Burnley,2763,Nick Pope,yes,24.0,38,32,6,1.0,2880.0,540.0,3420.0,0.8421,1.0,0.0,0,12,0,0,0,0,0,0,2016-07-22,0.0,none,1,1,1,0,Charlton Athletic,2016-07-19,219.0,,bc,0,0,0,2020-09-20,2021-05-23,,0,0.0,0
27,Burnley,1611,Jóhann Gudmundsson,yes,26.0,38,26,12,0.4409,1257.2,476.2,1733.4,0.7253,0.5922,0.0,0,12,0,0,0,0,0,0,2016-07-22,0.45,data_club,1,0,1,0,Charlton Athletic,2016-07-19,219.0,,bc,0,0,0,2020-09-20,2021-05-23,,0,0.0,0
27,Burnley,812,Erik Pieters,yes,25.0,38,32,6,0.7451,1661.5,402.4,2063.8,0.805,0.2219,0.0,0,12,0,0,0,0,0,0,2019-07-11,0.45,data_club,1,0,1,0,Stoke City,2019-07-08,219.0,,bc,0,0,0,2020-09-20,2021-05-23,,0,0.0,0
27,Burnley,914,Chris Wood,yes,27.0,38,33,5,0.8857,2600.8,398.5,2999.3,0.8671,0.9609,0.0,0,12,0,0,0,0,0,0,2017-08-24,0.45,data_club,1,0,1,0,Leeds United,2017-08-21,219.0,,bc,0,0,0,2020-09-20,2021-05-23,,0,0.0,0
27,Burnley,3143,Josh Brownhill,yes,26.0,38,34,4,0.9659,2806.5,347.7,3154.3,0.8898,0.9526,0.0,0,12,0,0,0,0,0,0,2020-02-02,0.45,data_club,1,0,1,0,Bristol City,2020-01-30,219.0,,bc,0,0,0,2020-09-20,2021-05-23,,0,0.0,0
27,Burnley,2723,Dale Stephens,yes,26.0,37,26,11,0.327,641.2,323.7,964.9,0.6645,0.0113,0.0,0,12,0,0,0,0,0,0,2020-09-27,0.45,data_club,1,0,1,0,Brighton & Hove Albion,2020-09-24,219.0,,bc,2,1,0,2020-09-26,2021-05-23,,0,0.0,0
27,Burnley,1152,Jay Rodriguez,yes,27.0,38,34,4,0.6904,1669.8,248.5,1918.3,0.8704,0.2336,0.0,0,12,0,0,0,0,0,0,2019-07-12,0.45,data_club,1,0,1,0,West Bromwich Albion,2019-07-09,219.0,Burnley U18,bc,0,0,0,2020-09-20,2021-05-23,,0,0.0,0
27,Burnley,1639,James Tarkowski,yes,25.0,38,36,2,1.0,3240.0,180.0,3420.0,0.9474,1.0,0.0,0,12,0,0,0,0,0,0,2016-02-04,0.45,data_club,1,0,1,0,Brentford,2016-02-01,219.0,,bc,0,0,0,2020-09-20,2021-05-23,,0,0.0,0
27,Burnley,4598726,Dwight McNeil,yes,26.0,38,36,2,0.9939,3117.0,178.9,3295.9,0.9457,0.9419,0.0,0,12,0,0,0,0,0,0,,0.0,none,1,0,0,1,,,,Burnley U21,bc,0,0,0,2020-09-20,2021-05-23,,0,0.0,0
27,Burnley,1148,Matej Vydra,yes,27.0,38,33,5,0.2308,1325.9,103.8,1429.7,0.9274,0.6828,0.0,0,12,0,0,0,0,0,0,2018-08-10,0.45,data_club,1,0,1,0,Derby County,2018-08-07,219.0,,bc,0,0,0,2020-09-20,2021-05-23,,0,0.0,0
27,Burnley,896,Matthew Lowton,yes,25.0,38,36,2,0.4167,2857.5,75.0,2932.5,0.9744,1.0,0.0,0,12,0,0,0,0,0,0,2015-07-04,0.45,data_club,1,0,1,0,Aston Villa,2015-07-01,219.0,,bc,0,0,0,2020-09-20,2021-05-23,,0,0.0,0
27,Burnley,1466,Kevin Long,yes,25.0,38,29,9,0.092,1021.4,74.5,1095.9,0.932,0.092,0.0,0,12,0,0,0,0,0,0,2010-01-04,0.35,tier2,1,0,1,0,Cork City,2010-01-01,219.0,,bc,0,0,0,2020-09-20,2021-05-23,,0,0.0,0
27,Burnley,539622,Jimmy Dunne,yes,25.0,38,33,5,0.1167,180.0,52.5,232.5,0.7742,0.0833,0.0,0,12,0,0,0,0,0,0,,0.0,none,1,0,0,1,,,,Burnley U21,bc,0,0,0,2020-09-20,2021-05-23,,0,0.0,0
27,Burnley,1846775,Joel Mumbongo,yes,27.0,38,9,29,0.0178,16.1,46.6,62.6,0.2566,0.0442,0.0,0,11,0,0,0,0,1,1,,0.0,none,1,0,0,1,,,,,bc,0,0,0,2020-09-20,2021-05-23,,0,0.0,0
27,Burnley,4969703,Josh Benson,yes,26.0,38,23,15,0.0337,264.0,45.5,309.4,0.8531,0.0113,0.0,0,12,0,0,0,0,0,0,,0.0,none,1,0,0,1,,,,Burnley U21,bc,0,0,0,2020-09-20,2021-05-23,,0,0.0,0
27,Burnley,28912859,Max Thompson,yes,27.0,38,2,36,0.0066,1.2,21.3,22.5,0.0526,0.0066,0.0,0,11,0,0,0,0,1,1,,0.0,none,1,0,0,1,,,,,bc,0,0,0,2020-09-20,2021-05-23,,0,0.0,0
27,Burnley,6656,Bailey Peacock-Farrell,yes,24.0,38,35,3,0.0556,202.5,15.0,217.5,0.931,0.25,0.0,0,12,0,0,0,0,0,0,2019-08-05,0.0,none,1,1,1,0,Leeds United,2019-08-02,219.0,,bc,0,0,0,2020-09-20,2021-05-23,,0,0.0,0
27,Burnley,37296112,Lewis Richardson,yes,26.0,33,9,24,0.0015,4.8,3.3,8.1,0.5961,0.0086,0.0,0,9,0,0,0,0,3,3,,0.0,none,1,0,0,1,,,,,bc,0,0,0,2020-10-31,2021-05-23,,0,0.0,0
27,Burnley,862,Ashley Westwood,yes,26.0,38,38,0,1.0,3407.8,0.0,3407.8,1.0,1.0,0.0,0,12,0,0,0,0,0,0,2017-02-03,0.45,data_club,1,0,1,0,Aston Villa,2017-01-31,219.0,,bc,0,0,0,2020-09-20,2021-05-23,,0,0.0,0
27,Burnley,12112,Will Norris,yes,24.0,38,17,21,0.0,7.5,0.0,7.5,1.0,0.1667,0.0,0,12,0,0,0,0,0,0,2020-08-17,0.0,none,1,1,1,0,Wolverhampton Wanderers,2020-08-14,219.0,,bc,0,0,0,2020-09-20,2021-05-23,,0,0.0,0
27,Burnley,1494243,Richard Nartey,yes,25.0,18,9,9,0.0,0.0,0.0,0.0,,0.0,0.0,0,9,0,0,0,0,3,3,,0.0,none,1,0,0,1,,,,,bc,0,0,0,2021-02-03,2021-05-23,,0,0.0,0
27,Burnley,6306101,Anthony Glennon,yes,25.0,38,12,26,0.0,0.0,0.0,0.0,,0.0,0.0,0,12,0,0,0,0,0,0,,0.0,none,1,0,0,1,,,,,bc,0,0,0,2020-09-20,2021-05-23,,0,0.0,0
27,Burnley,22144837,Anthony Mancini,yes,26.0,25,2,23,0.0,0.0,0.0,0.0,,0.0,0.0,0,2,0,0,0,0,10,10,,0.0,none,1,0,0,1,,,,,bc,0,0,0,2020-12-27,2021-05-23,,0,0.0,0
27,Burnley,37374537,Mace Goodridge,yes,26.0,38,2,36,0.0,0.0,0.0,0.0,,0.0,0.0,0,12,0,0,0,0,0,0,,0.0,none,1,0,0,1,,,,,bc,0,0,0,2020-09-20,2021-05-23,,0,0.0,0
27,Burnley,37518832,Bobby Thomas,yes,25.0,38,2,36,0.0,0.0,0.0,0.0,,0.0,0.0,0,6,0,0,0,0,6,6,,0.0,none,1,0,0,1,,,,Burnley U21,bc,0,0,0,2020-09-20,2021-05-23,,0,0.0,0
18,Chelsea,1128,Marcos Alonso,yes,25.0,38,22,16,0.7304,1229.4,1051.8,2281.2,0.5389,0.3217,0.0,0,12,0,0,0,0,0,0,2016-09-03,0.5,tier1,1,0,1,0,Fiorentina,2016-08-31,219.0,,bc,0,0,0,2020-09-14,2021-05-23,,0,0.0,0
18,Chelsea,95792,Thiago Silva,yes,25.0,38,25,13,0.7226,1630.5,845.4,2475.9,0.6585,0.8522,41.3,1,11,0,0,0,1,0,0,2020-08-31,0.5,tier1,1,0,1,0,Paris Saint Germain,2020-08-28,220.0,,bc,0,0,0,2020-09-14,2021-05-23,,0,0.0,0
18,Chelsea,4460,Andreas Christensen,yes,25.0,38,23,15,0.6247,1238.1,843.4,2081.5,0.5948,0.7638,10.2,1,12,0,0,0,0,0,0,,0.0,none,1,0,0,1,,,,Chelsea U21,bc,0,0,0,2020-09-14,2021-05-23,,0,0.0,0
18,Chelsea,32438,Christian Pulisic,yes,26.0,38,29,9,0.7151,1709.5,579.3,2288.8,0.7469,0.6957,0.0,0,12,0,0,0,0,0,0,2019-01-05,0.5,tier1,1,0,1,0,Borussia Dortmund,2019-01-02,219.0,,bc,0,0,0,2020-09-14,2021-05-23,,0,0.0,0
18,Chelsea,73147,Mateo Kovacic,yes,26.0,38,30,8,0.7306,1806.0,526.0,2332.0,0.7744,0.7391,0.0,0,12,0,0,0,0,0,0,2019-07-04,0.5,tier1,1,0,1,0,Real Madrid,2018-08-09,218.0,,bc,0,0,0,2020-09-14,2021-05-23,,0,0.0,0
18,Chelsea,1440,Willy Caballero,yes,24.0,38,7,31,0.1667,105.0,465.0,570.0,0.1842,0.1667,0.0,0,12,0,0,0,0,0,0,2017-07-04,0.0,none,1,1,1,0,Manchester City,2017-07-01,220.0,,bc,0,0,0,2020-09-14,2021-05-23,,0,0.0,0
18,Chelsea,1193,N'Golo Kanté,yes,26.0,38,32,6,0.7746,2334.0,418.3,2752.3,0.848,0.591,0.0,0,12,0,0,0,0,0,0,2016-07-19,0.45,data_club,1,0,1,0,Leicester City,2016-07-16,219.0,,bc,0,0,0,2020-09-14,2021-05-23,,0,0.0,0
18,Chelsea,31837,Antonio Rüdiger,yes,25.0,38,32,6,0.6952,1624.6,375.4,2000.0,0.8123,0.8333,0.0,0,12,0,0,0,0,0,0,2017-07-12,0.5,tier1,1,0,1,0,Roma,2017-07-09,219.0,,bc,0,0,0,2020-09-14,2021-05-23,,0,0.0,0
18,Chelsea,32612,Kai Havertz,yes,27.0,38,31,7,0.4999,1484.5,314.9,1799.4,0.825,0.4964,0.0,0,12,0,0,0,0,0,0,2020-09-07,0.5,tier1,1,0,1,0,Bayer 04 Leverkusen,2020-09-04,219.0,,bc,0,0,0,2020-09-14,2021-05-23,,0,0.0,0
18,Chelsea,6599973,Billy Gilmour,yes,26.0,38,17,21,0.1624,228.8,306.8,535.6,0.4271,0.2322,0.0,0,12,0,0,0,0,0,0,,0.0,none,1,0,0,1,,,,Chelsea U21,bc,0,0,0,2020-09-14,2021-05-23,,0,0.0,0
18,Chelsea,1601,Ben Chilwell,yes,25.0,38,34,4,0.7915,2346.1,284.9,2631.0,0.8917,0.7386,0.0,0,12,0,0,0,0,0,0,2020-08-29,0.45,data_club,1,0,1,0,Leicester City,2020-08-26,219.0,,bc,0,0,0,2020-09-14,2021-05-23,,0,0.0,0
18,Chelsea,129794,Emerson,yes,25.0,38,21,17,0.1841,218.1,281.7,499.9,0.4364,0.0,0.0,0,12,0,0,0,0,0,0,2018-02-02,0.5,tier1,1,0,1,0,Roma,2018-01-30,219.0,,bc,0,0,0,2020-09-14,2021-05-23,,0,0.0,0
18,Chelsea,24288,Hakim Ziyech,yes,26.0,38,28,10,0.3107,948.0,279.6,1227.6,0.7722,0.4168,0.0,0,12,0,0,0,0,0,0,2020-07-04,0.5,tier1,1,0,1,0,Ajax,2020-07-01,219.0,,bc,0,0,0,2020-09-14,2021-05-23,,0,0.0,0
18,Chelsea,3139,Tammy Abraham,yes,27.0,38,30,8,0.3394,1202.6,244.3,1446.9,0.8311,0.2198,0.0,0,12,0,0,0,0,0,0,,0.0,none,1,0,0,1,,,,Chelsea U21,bc,0,0,0,2020-09-14,2021-05-23,,0,0.0,0
18,Chelsea,581220,Reece James,yes,25.0,38,35,3,0.8394,2278.1,226.6,2504.7,0.9095,0.7947,0.0,0,12,0,0,0,0,0,0,,0.0,none,1,0,0,1,,,,Chelsea U21,ac,0,0,0,2020-09-14,2021-05-23,,0,0.0,0
18,Chelsea,1316,Kurt Zouma,yes,25.0,38,35,3,0.8056,2183.2,217.5,2400.7,0.9094,0.5477,0.0,0,12,0,0,0,0,0,0,2014-02-03,0.5,tier1,1,0,1,0,Saint-Étienne,2014-01-31,219.0,,bc,0,0,0,2020-09-14,2021-05-23,,0,0.0,0
18,Chelsea,186606,Kepa Arrizabalaga,yes,24.0,38,35,3,0.75,892.5,202.5,1095.0,0.8151,0.2096,0.0,0,12,0,0,0,0,0,0,2018-08-11,0.0,none,1,1,1,0,Athletic Club,2018-08-08,219.0,,bc,0,0,0,2020-09-14,2021-05-23,,0,0.0,0
18,Chelsea,4655,Fikayo Tomori,yes,25.0,19,5,14,0.1117,97.1,140.7,237.8,0.4083,0.0991,0.0,0,12,0,0,0,0,0,0,,0.0,none,1,0,0,1,,,,Chelsea U21,bc,19,0,0,2020-09-14,2021-01-19,,0,0.0,0
18,Chelsea,2875858,Callum Hudson-Odoi,yes,27.0,38,33,5,0.2347,1145.4,105.6,1251.1,0.9156,0.2227,0.0,0,12,0,0,0,0,0,0,,0.0,none,1,0,0,1,,,,Chelsea U21,bc,0,0,0,2020-09-14,2021-05-23,,0,0.0,0
18,Chelsea,537121,Mason Mount,yes,26.0,38,37,1,0.838,2740.5,75.4,2815.9,0.9732,0.8588,0.0,0,12,0,0,0,0,0,0,,0.0,none,1,0,0,1,,,,Chelsea U21,bc,0,0,0,2020-09-14,2021-05-23,,0,0.0,0
18,Chelsea,798,Olivier Giroud,yes,27.0,38,35,3,0.2586,1105.7,69.8,1175.5,0.9406,0.1024,0.0,0,12,0,0,0,0,0,0,2018-02-03,0.45,data_club,1,0,1,0,Arsenal,2018-01-31,219.0,,bc,0,0,0,2020-09-14,2021-05-23,,0,0.0,0
18,Chelsea,1953,Ruben Loftus-Cheek,yes,26.0,4,1,3,0.2571,18.2,69.4,87.6,0.2078,0.2238,0.0,0,12,12,0,0,0,0,0,,0.0,none,1,0,0,1,,,,Chelsea U21,bc,34,0,0,2020-09-14,2020-10-03,,0,0.0,0
18,Chelsea,6599974,Tino Anjorin,yes,26.0,38,3,35,0.0209,5.6,65.8,71.4,0.0789,0.0209,0.0,0,4,0,0,0,0,8,8,,0.0,none,1,0,0,1,,,,Chelsea U21,bc,0,0,0,2020-09-14,2021-05-23,,0,0.0,0
18,Chelsea,99137,Édouard Mendy,yes,24.0,35,34,1,0.0833,2325.0,7.5,2332.5,0.9968,0.7904,0.0,0,12,0,0,0,0,0,0,2020-09-27,0.0,none,1,1,1,0,Rennes,2020-09-24,219.0,,bc,3,0,0,2020-10-03,2021-05-23,,0,0.0,0
18,Chelsea,968,Ross Barkley,yes,26.0,3,3,0,0.1858,154.6,0.0,154.6,1.0,0.1858,0.0,0,12,12,0,0,0,0,0,2018-01-08,0.45,data_club,1,0,1,0,Everton,2018-01-05,219.0,,bc,35,0,0,2020-09-14,2020-09-26,,0,0.0,0
18,Chelsea,1330,César Azpilicueta,yes,25.0,38,38,0,0.7862,2312.5,0.0,2312.5,1.0,0.7862,0.0,1,11,0,0,0,1,0,0,2012-08-27,0.5,tier1,1,0,1,0,Olympique Marseille,2012-08-24,219.0,,bc,0,0,0,2020-09-14,2021-05-23,,0,0.0,0
18,Chelsea,31823,Timo Werner,yes,27.0,38,38,0,0.695,2251.3,0.0,2251.3,1.0,0.695,0.0,0,12,0,0,0,0,0,0,2020-07-04,0.5,tier1,1,0,1,0,RB Leipzig,2020-07-01,219.0,,bc,0,0,0,2020-09-14,2021-05-23,,0,0.0,0
18,Chelsea,129511,Jorginho,yes,26.0,38,38,0,0.7787,1964.1,0.0,1964.1,1.0,0.7787,0.0,0,12,0,0,0,0,0,0,2018-07-17,0.5,tier1,1,0,1,0,Napoli,2018-07-14,219.0,,bc,0,0,0,2020-09-14,2021-05-23,,0,0.0,0
18,Chelsea,1494245,Conor Gallagher,yes,26.0,0,0,0,0.6565,0.0,0.0,0.0,,0.6565,0.0,0,12,12,0,0,0,0,0,,0.0,none,1,0,0,1,,,,Chelsea U21,,0,0,0,,,,0,0.0,0
18,Chelsea,14726287,Karlo Ziger,yes,24.0,32,1,31,0.0,0.0,0.0,0.0,,0.0,0.0,0,1,0,0,0,0,11,11,,0.0,none,1,1,0,1,,,,,bc,0,0,0,2020-10-31,2021-05-23,,0,0.0,0
18,Chelsea,24799911,Tino Livramento,yes,25.0,4,2,2,0.0,0.0,0.0,0.0,,0.0,0.0,0,2,0,0,0,0,10,10,,0.0,none,1,0,0,1,,,,,bc,0,0,0,2021-05-08,2021-05-23,,0,0.0,0
51,Crystal Palace,336,James Tomkins,yes,25.0,38,12,26,0.7276,718.5,1702.7,2421.2,0.2968,0.5153,0.0,0,12,0,0,0,0,0,0,2016-07-08,0.45,data_club,1,0,1,0,West Ham United,2016-07-05,219.0,,bc,0,0,0,2020-09-12,2021-05-23,,0,0.0,0
51,Crystal Palace,3188072,Nathan Ferguson,yes,25.0,38,0,38,0.45,0.0,1539.0,1539.0,0.0,0.45,0.0,0,0,0,11,0,1,0,0,2020-07-30,0.45,data_club,1,0,1,0,West Bromwich Albion,2020-07-27,220.0,,b,0,0,0,2020-09-12,2021-05-23,,0,0.0,0
51,Crystal Palace,498,James McArthur,yes,26.0,38,19,19,0.8718,1411.2,1490.8,2902.0,0.4863,0.8728,0.0,0,12,0,0,0,0,0,0,2014-09-04,0.45,data_club,1,0,1,0,Wigan Athletic,2014-09-01,219.0,,bc,0,0,0,2020-09-12,2021-05-23,,0,0.0,0
51,Crystal Palace,334,Gary Cahill,yes,25.0,38,27,11,0.8546,1837.3,846.1,2683.3,0.6847,0.8333,0.0,0,12,0,0,0,0,0,0,2019-08-08,0.45,data_club,1,0,1,0,Chelsea,2019-08-05,220.0,,bc,0,0,0,2020-09-12,2021-05-23,,0,0.0,0
51,Crystal Palace,1108,Wilfried Zaha,yes,27.0,38,30,8,0.972,2588.6,699.9,3288.4,0.7872,0.9279,0.0,0,12,0,0,0,0,0,0,2015-02-05,0.45,data_club,1,0,1,0,Manchester United,2013-01-26,218.0,Crystal Palace U18,bc,0,0,0,2020-09-12,2021-05-23,,0,0.0,0
51,Crystal Palace,1386,Mamadou Sakho,yes,25.0,38,12,26,0.2904,632.7,679.5,1312.2,0.4821,0.2578,0.0,0,12,0,0,0,0,0,0,2017-09-03,0.45,data_club,1,0,1,0,Liverpool,2017-01-31,218.0,,bc,0,0,0,2020-09-12,2021-05-23,,0,0.0,0
51,Crystal Palace,526,James McCarthy,yes,26.0,38,24,14,0.5172,959.0,651.6,1610.6,0.5954,0.3684,0.0,0,12,0,0,0,0,0,0,2019-08-11,0.45,data_club,1,0,1,0,Everton,2019-08-08,219.0,,bc,0,0,0,2020-09-12,2021-05-23,,0,0.0,0
51,Crystal Palace,927,Jeffrey Schlupp,yes,26.0,38,27,11,0.6513,1396.5,644.8,2041.3,0.6841,0.4258,0.0,0,12,0,0,0,0,0,0,2017-01-16,0.45,data_club,1,0,1,0,Leicester City,2017-01-13,219.0,,bc,0,0,0,2020-09-12,2021-05-23,,0,0.0,0
51,Crystal Palace,1202,Nathaniel Clyne,yes,25.0,34,22,12,0.5723,1191.7,618.0,1809.8,0.6585,0.4089,0.0,0,12,0,0,0,0,0,0,2020-10-17,0.45,data_club,1,0,1,0,Liverpool,2020-10-14,220.0,Crystal Palace U18,bc,4,0,0,2020-10-18,2021-05-23,,0,0.0,0
51,Crystal Palace,621,Scott Dann,yes,25.0,38,30,8,0.6979,1635.0,502.5,2137.5,0.7649,0.25,0.0,0,12,0,0,0,0,0,0,2014-02-03,0.45,data_club,1,0,1,0,Blackburn Rovers,2014-01-31,219.0,,bc,0,0,0,2020-09-12,2021-05-23,,0,0.0,0
51,Crystal Palace,4598710,Tyrick Mitchell,yes,25.0,38,30,8,0.6443,1455.7,463.9,1919.6,0.7583,0.5833,0.0,0,12,0,0,0,0,0,0,,0.0,none,1,0,0,1,,,,Crystal Palace U21,ac,0,0,0,2020-09-12,2021-05-23,,0,0.0,0
51,Crystal Palace,712,Patrick van Aanholt,yes,25.0,38,33,5,0.9168,2130.3,412.5,2542.8,0.8378,0.5876,0.0,0,12,0,0,0,0,0,0,2017-02-02,0.45,data_club,1,0,1,0,Sunderland,2017-01-30,219.0,,bc,0,0,0,2020-09-12,2021-05-23,,0,0.0,0
51,Crystal Palace,5371,Luka Milivojevic,yes,26.0,38,32,6,0.7324,2176.8,395.5,2572.3,0.8463,0.9652,0.0,1,12,0,0,0,0,0,0,2017-02-03,0.35,tier2,1,0,1,0,Olympiacos F.C.,2017-01-31,219.0,,bc,0,0,0,2020-09-12,2021-05-23,,0,0.0,0
51,Crystal Palace,692,Joel Ward,yes,25.0,38,33,5,0.8031,2258.4,361.4,2619.8,0.8621,1.0,0.0,0,12,0,0,0,0,0,0,2012-07-04,0.45,data_club,1,0,1,0,Portsmouth,2012-07-01,219.0,,bc,0,0,0,2020-09-12,2021-05-23,,0,0.0,0
51,Crystal Palace,853,Christian Benteke,yes,27.0,38,34,4,0.7349,1766.2,264.6,2030.8,0.8697,0.919,0.0,1,12,0,0,0,0,0,0,2016-08-23,0.45,data_club,1,0,1,0,Liverpool,2016-08-20,219.0,,bc,0,0,0,2020-09-12,2021-05-23,,0,0.0,0
51,Crystal Palace,519,Wayne Hennessey,yes,24.0,38,5,33,0.0833,37.5,247.5,285.0,0.1316,0.0833,0.0,0,12,0,0,0,0,0,0,2014-02-03,0.0,none,1,1,1,0,Wolverhampton Wanderers,2014-01-31,219.0,,bc,0,0,0,2020-09-12,2021-05-23,,0,0.0,0
51,Crystal Palace,1038,Jordan Ayew,yes,27.0,38,36,2,0.9311,2332.2,167.6,2499.8,0.933,0.6405,0.0,0,12,0,0,0,0,0,0,2019-07-28,0.45,data_club,1,0,1,0,Swansea City,2018-08-09,218.0,,bc,0,0,0,2020-09-12,2021-05-23,,0,0.0,0
51,Crystal Palace,7643,Eberechi Eze,yes,26.0,38,36,2,0.8864,2276.3,159.6,2435.9,0.9345,0.8864,0.0,0,12,0,0,0,0,0,0,2020-08-31,0.45,data_club,1,0,1,0,Queens Park Rangers,2020-08-28,219.0,,bc,0,0,0,2020-09-12,2021-05-23,,0,0.0,0
51,Crystal Palace,1243,Cheikhou Kouyaté,yes,26.0,38,37,1,0.9731,2939.8,87.6,3027.4,0.9711,0.9966,0.0,0,12,0,0,0,0,0,0,2018-08-05,0.45,data_club,1,0,1,0,West Ham United,2018-08-02,219.0,,bc,0,0,0,2020-09-12,2021-05-23,,0,0.0,0
51,Crystal Palace,31840,Max Meyer,yes,26.0,20,5,15,0.0439,49.2,59.2,108.4,0.4538,0.0392,0.0,0,12,0,0,0,0,0,0,2018-08-05,0.5,tier1,1,0,1,0,Schalke 04,2018-08-02,220.0,,bc,18,0,0,2020-09-12,2021-01-26,,0,0.0,0
51,Crystal Palace,1921,Michy Batshuayi,yes,27.0,38,35,3,0.1667,848.0,45.0,893.0,0.9496,0.0278,0.0,0,12,0,0,0,0,0,0,2020-09-13,0.45,data_club,1,0,1,0,Chelsea,2019-01-31,218.0,,bc,1,1,0,2020-09-12,2021-05-23,,0,0.0,0
51,Crystal Palace,25399,Jairo Riedewald,yes,26.0,38,36,2,0.2097,1613.0,37.7,1650.7,0.9771,0.635,0.0,0,12,0,0,0,0,0,0,2017-07-27,0.5,tier1,1,0,1,0,Ajax,2017-07-24,219.0,,bc,0,0,0,2020-09-12,2021-05-23,,0,0.0,0
51,Crystal Palace,729,Martin Kelly,yes,25.0,38,25,13,0.0,63.8,0.0,63.8,1.0,0.0034,0.0,0,12,0,0,0,0,0,0,2014-08-17,0.45,data_club,1,0,1,0,Liverpool,2014-08-14,219.0,,bc,0,0,0,2020-09-12,2021-05-23,,0,0.0,0
51,Crystal Palace,841,Connor Wickham,yes,27.0,38,3,35,0.0,0.0,0.0,0.0,,0.0,0.0,0,3,0,0,9,0,0,0,2015-08-06,0.45,data_club,1,0,1,0,Sunderland,2015-08-03,219.0,,bc,0,0,0,2020-09-12,2021-05-23,,0,0.0,0
51,Crystal Palace,1249,Andros Townsend,yes,26.0,38,38,0,0.5695,2247.0,0.0,2247.0,1.0,0.5695,0.0,0,12,0,0,0,0,0,0,2016-07-04,0.45,data_club,1,0,1,0,Newcastle United,2016-07-01,219.0,,bc,0,0,0,2020-09-12,2021-05-23,,0,0.0,0
51,Crystal Palace,1263,Stephen Henderson,yes,24.0,38,3,35,0.0,0.0,0.0,0.0,,0.0,0.0,0,7,0,0,0,0,5,0,2019-07-09,0.0,none,1,1,1,0,Nottingham Forest,2019-07-06,220.0,,bc,0,0,0,2020-09-12,2021-05-23,,0,0.0,0
51,Crystal Palace,1462,Jack Butland,yes,24.0,33,31,2,0.0,15.0,0.0,15.0,1.0,0.0833,0.0,0,12,0,0,0,0,0,0,2020-10-19,0.0,none,1,1,1,0,Stoke City,2020-10-16,219.0,,bc,5,0,0,2020-10-24,2021-05-23,,0,0.0,0
51,Crystal Palace,4189,Ryan Inniss,yes,25.0,3,1,2,0.0,0.0,0.0,0.0,,0.0,0.0,0,1,0,0,0,0,11,11,,0.0,none,1,0,0,1,,,,Crystal Palace U18,bc,34,0,0,2020-09-19,2020-10-03,,0,0.0,0
51,Crystal Palace,96950,Jean-Philippe Mateta,yes,27.0,18,18,0,0.0681,439.4,0.0,439.4,1.0,0.0681,0.0,0,12,0,0,0,0,0,0,2021-01-24,0.5,tier1,1,0,1,0,FSV Mainz 05,2021-01-21,218.0,,c,0,0,0,2021-01-30,2021-05-23,,0,0.0,0
51,Crystal Palace,185723,Vicente Guaita,yes,24.0,38,38,0,0.9167,3405.0,0.0,3405.0,1.0,0.9167,0.0,0,12,0,0,0,0,0,0,2018-07-04,0.0,none,1,1,1,0,Getafe,2018-07-01,220.0,,bc,0,0,0,2020-09-12,2021-05-23,,0,0.0,0
51,Crystal Palace,1494208,Reece Hannam,yes,25.0,13,5,8,0.0,0.0,0.0,0.0,,0.0,0.0,0,5,0,0,0,0,7,7,,0.0,none,1,0,0,1,,,,,bc,0,0,0,2021-02-28,2021-05-23,,0,0.0,0
51,Crystal Palace,4598717,Sam Woods,yes,25.0,26,1,25,0.0,0.0,0.0,0.0,,0.0,0.0,0,12,0,0,0,0,0,0,,0.0,none,1,0,0,1,,,,Crystal Palace U21,bc,12,0,0,2020-09-12,2021-05-23,,0,0.0,0
51,Crystal Palace,34455847,Jesurun Rak-Sakyi,yes,26.0,8,3,5,0.0,0.0,0.0,0.0,,0.0,0.0,0,3,0,0,0,0,9,9,,0.0,none,1,0,0,1,,,,Crystal Palace U21,bc,0,0,0,2021-04-10,2021-05-23,,0,0.0,0
13,Everton,129245,Allan,yes,26.0,38,26,12,0.8776,1730.6,947.8,2678.3,0.6461,0.9479,0.0,0,12,0,0,0,0,0,0,2020-09-08,0.5,tier1,1,0,1,0,Napoli,2020-09-05,219.0,,bc,0,0,0,2020-09-13,2021-05-23,,0,0.0,0
13,Everton,96091,James Rodríguez,yes,27.0,38,24,14,0.7376,1544.5,929.4,2474.0,0.6243,0.7413,0.0,0,12,0,0,0,0,0,0,2020-09-10,0.5,tier1,1,0,1,0,Real Madrid,2020-09-07,220.0,,bc,0,0,0,2020-09-13,2021-05-23,,0,0.0,0
13,Everton,166,Fabian Delph,yes,26.0,38,15,23,0.4391,589.5,909.0,1498.5,0.3934,0.1894,0.0,0,12,0,0,0,0,0,0,2019-07-18,0.45,data_club,1,0,1,0,Manchester City,2019-07-15,219.0,,bc,0,0,0,2020-09-13,2021-05-23,,0,0.0,0
13,Everton,95368,Lucas Digne,yes,25.0,38,30,8,0.9763,2675.5,702.9,3378.4,0.7919,1.0,13.9,1,12,0,0,0,0,0,0,2018-08-04,0.5,tier1,1,0,1,0,FC Barcelona,2018-08-01,219.0,,bc,0,0,0,2020-09-13,2021-05-23,,0,0.0,0
13,Everton,2144,Abdoulaye Doucouré,yes,26.0,38,30,8,0.9621,2429.6,692.7,3122.3,0.7782,0.831,0.0,0,12,0,0,0,0,0,0,2020-09-11,0.45,data_club,1,0,1,0,Watford,2020-09-08,219.0,,bc,0,0,0,2020-09-13,2021-05-23,,0,0.0,0
13,Everton,764,Séamus Coleman,yes,25.0,38,28,10,0.6822,1597.3,614.0,2211.3,0.7223,0.7535,0.0,0,12,0,0,0,0,0,0,2009-01-04,0.35,tier2,1,0,1,0,Sligo Rovers,2009-01-01,219.0,,bc,0,0,0,2020-09-13,2021-05-23,,0,0.0,0
13,Everton,1692,Mason Holgate,yes,25.0,38,31,7,0.802,2289.4,505.3,2794.7,0.8192,0.8039,0.0,0,12,0,0,0,0,0,0,2015-08-16,0.45,data_club,1,0,1,0,Barnsley,2015-08-13,219.0,,bc,0,0,0,2020-09-13,2021-05-23,,0,0.0,0
13,Everton,220040,Yerry Mina,yes,25.0,38,30,8,0.6374,1998.2,459.0,2457.2,0.8132,0.4617,0.0,0,12,0,0,0,0,0,0,2018-08-12,0.5,tier1,1,0,1,0,FC Barcelona,2018-08-09,219.0,,bc,0,0,0,2020-09-13,2021-05-23,,0,0.0,0
13,Everton,32421,Jean-Philippe Gbamin,yes,26.0,38,1,37,0.1311,11.5,436.6,448.1,0.0257,0.141,0.0,0,3,0,0,0,0,9,0,2019-08-05,0.5,tier1,1,0,1,0,FSV Mainz 05,2019-08-02,219.0,,bc,0,0,0,2020-09-13,2021-05-23,,0,0.0,0
13,Everton,5141,Dominic Calvert-Lewin,yes,27.0,38,33,5,0.9587,2771.6,431.4,3203.0,0.8653,1.0,0.0,0,12,0,0,0,0,0,0,2016-09-03,0.45,data_club,1,0,1,0,Sheffield United,2016-08-31,219.0,,bc,0,0,0,2020-09-13,2021-05-23,,0,0.0,0
13,Everton,1826,Jordan Pickford,yes,24.0,38,33,5,0.9316,2756.8,419.2,3176.1,0.868,0.954,0.0,0,12,0,0,0,0,0,0,2017-07-04,0.0,none,1,1,1,0,Sunderland,2017-07-01,219.0,,ac,0,0,0,2020-09-13,2021-05-23,,0,0.0,0
13,Everton,32404895,Jarrad Branthwaite,yes,25.0,17,4,13,0.2793,100.5,326.8,427.3,0.2353,0.0,0.0,0,0,0,0,12,0,0,0,2020-01-16,0.35,tier2,1,0,1,0,Carlisle United,2020-01-13,219.0,,ac,21,0,0,2020-09-13,2021-01-12,,0,0.0,0
13,Everton,219633,Richarlison,yes,27.0,38,34,4,0.859,2790.5,309.2,3099.7,0.9002,0.9745,0.0,1,12,0,0,0,0,0,0,2018-07-27,0.45,data_club,1,0,1,0,Watford,2018-07-24,219.0,,bc,0,0,0,2020-09-13,2021-05-23,,0,0.0,0
13,Everton,9611543,Anthony Gordon,yes,27.0,19,11,8,0.395,293.1,284.4,577.5,0.5075,0.0,0.0,0,0,0,12,0,0,0,0,,0.0,none,1,0,0,1,,,,Everton U21,bc,19,0,0,2020-09-13,2021-01-30,,0,0.0,0
13,Everton,159372,André Gomes,yes,26.0,38,34,4,0.7216,1911.9,259.8,2171.7,0.8804,0.5049,0.0,0,12,0,0,0,0,0,0,2019-07-04,0.5,tier1,1,0,1,0,FC Barcelona,2018-08-09,218.0,,bc,0,0,0,2020-09-13,2021-05-23,,0,0.0,0
13,Everton,1706,Tom Davies,yes,26.0,38,35,3,0.6038,1636.6,163.0,1799.6,0.9094,0.5147,0.0,0,12,0,0,0,0,0,0,,0.0,none,1,0,0,1,,,,Everton U21,bc,0,0,0,2020-09-13,2021-05-23,,0,0.0,0
13,Everton,1881,Alex Iwobi,yes,26.0,38,35,3,0.5471,1655.3,147.7,1803.0,0.9181,0.3879,0.0,0,12,0,0,0,0,0,0,2019-08-11,0.45,data_club,1,0,1,0,Arsenal,2019-08-08,219.0,,bc,0,0,0,2020-09-13,2021-05-23,,0,0.0,0
13,Everton,1012,Muhamed Besic,yes,26.0,18,0,18,0.0851,0.0,137.9,137.9,0.0,0.0851,0.0,0,12,12,0,0,0,0,0,2014-07-31,0.35,tier2,1,0,1,0,Ferencvárosi,2014-07-28,219.0,,b,0,0,0,2021-02-06,2021-05-23,data mismatch: excluded,20,153.2,0
13,Everton,84540,Robin Olsen,yes,24.0,34,28,6,0.25,577.5,135.0,712.5,0.8105,0.1667,0.0,0,12,0,0,0,0,0,0,2020-10-08,0.0,none,1,1,1,0,Roma,2020-10-05,218.0,,bc,4,0,0,2020-10-17,2021-05-23,,0,0.0,0
13,Everton,45863,Cenk Tosun,yes,27.0,19,11,8,0.1561,163.7,112.4,276.1,0.5928,0.052,0.0,0,12,1,0,0,0,0,0,2018-01-08,0.35,tier2,1,0,1,0,Beşiktaş,2018-01-05,219.0,,bc,19,0,0,2020-09-13,2021-01-30,,0,0.0,0
13,Everton,53,Theo Walcott,yes,27.0,4,2,2,0.5342,102.0,96.2,198.2,0.5148,0.4765,0.0,0,12,12,0,0,0,0,0,2018-01-20,0.45,data_club,1,0,1,0,Arsenal,2018-01-17,219.0,,bc,34,0,0,2020-09-13,2020-10-03,,0,0.0,0
13,Everton,205595,Bernard,yes,26.0,38,33,5,0.206,565.7,92.7,658.5,0.8592,0.1482,0.0,0,12,0,0,0,0,0,0,2018-08-12,0.35,tier2,1,0,1,0,Shakhtar Donetsk,2018-08-09,220.0,,bc,0,0,0,2020-09-13,2021-05-23,,0,0.0,0
13,Everton,881,Michael Keane,yes,25.0,38,37,1,0.8784,3037.5,79.1,3116.5,0.9746,0.9167,0.0,0,12,0,0,0,0,0,0,2017-07-06,0.45,data_club,1,0,1,0,Burnley,2017-07-03,219.0,,ac,0,0,0,2020-09-13,2021-05-23,,0,0.0,0
13,Everton,7958,Ben Godfrey,yes,25.0,34,33,1,0.6606,2468.7,59.5,2528.2,0.9765,0.9323,0.0,0,12,0,0,0,0,0,0,2020-10-08,0.45,data_club,1,0,1,0,Norwich City,2020-10-05,219.0,,bc,4,0,0,2020-10-17,2021-05-23,,0,0.0,0
13,Everton,10275430,Niels Nkounkou,yes,25.0,38,26,12,0.0411,66.6,44.4,111.0,0.6,0.0124,0.0,0,12,0,0,0,0,0,0,2020-07-05,0.0,tier1,1,0,1,0,Olympique Marseille II,2020-07-02,219.0,,bc,0,0,0,2020-09-13,2021-05-23,,0,0.0,0
13,Everton,1029,Joshua King,yes,27.0,19,16,3,0.1299,388.3,35.1,423.4,0.9171,0.0824,0.0,0,12,0,0,0,0,0,0,2021-02-04,0.45,data_club,1,0,1,0,AFC Bournemouth,2021-02-01,219.0,,bc,20,1,0,2021-02-03,2021-05-23,,0,0.0,0
13,Everton,5013,Jonjoe Kenny,yes,25.0,19,11,8,0.0432,45.9,31.1,77.0,0.5963,0.0747,0.0,0,11,0,0,0,0,1,1,,0.0,none,1,0,0,1,,,,Everton U21,bc,19,0,0,2020-09-13,2021-01-30,,0,0.0,0
13,Everton,133769,Moise Kean,yes,27.0,4,3,1,0.2133,59.9,19.2,79.1,0.7574,0.2133,0.0,0,12,0,0,0,0,0,0,2019-08-07,0.5,tier1,1,0,1,0,Juventus,2019-08-04,219.0,,bc,34,0,0,2020-09-13,2020-10-03,,0,0.0,0
13,Everton,539969,João Virgínia,yes,24.0,38,17,21,0.0066,29.0,12.4,41.4,0.7,0.046,0.0,0,12,0,0,0,0,0,0,,0.0,none,1,1,0,1,,,,Everton U21,bc,0,0,0,2020-09-13,2021-05-23,,0,0.0,0
13,Everton,581062,Nathan Broadhead,yes,27.0,14,8,6,0.0036,0.6,1.9,2.6,0.25,0.0036,0.0,0,8,0,0,0,0,4,4,,0.0,none,1,0,0,1,,,,Everton U21,bc,0,0,0,2021-03-01,2021-05-23,,0,0.0,0
13,Everton,814,Gylfi Sigurdsson,yes,26.0,38,38,0,0.7511,2241.5,0.0,2241.5,1.0,0.7511,0.0,0,12,0,0,0,0,0,0,2017-08-19,0.45,data_club,1,0,1,0,Swansea City,2017-08-16,219.0,,bc,0,0,0,2020-09-13,2021-05-23,,0,0.0,0
13,Everton,32408,Jonas Lössl,yes,24.0,19,8,11,0.0,0.0,0.0,0.0,,0.0,0.0,0,8,0,0,4,0,0,0,2019-07-04,0.0,none,1,1,1,0,Huddersfield Town,2019-07-01,220.0,,bc,19,0,0,2020-09-13,2021-01-30,,0,0.0,0
13,Everton,9939395,Ryan Astley,yes,25.0,14,1,13,0.0,0.0,0.0,0.0,,0.0,0.0,0,1,0,0,0,0,11,11,,0.0,none,1,0,0,1,,,,,bc,0,0,0,2021-03-01,2021-05-23,,0,0.0,0
13,Everton,15076357,Ellis Simms,yes,27.0,38,1,37,0.0,0.0,0.0,0.0,,0.0,0.0,0,3,0,0,0,0,9,9,,0.0,none,1,0,0,1,,,,Everton U21,bc,0,0,0,2020-09-13,2021-05-23,,0,0.0,0
13,Everton,23279211,Kyle John,yes,25.0,14,6,8,0.0,0.0,0.0,0.0,,0.0,0.0,0,6,0,0,0,0,6,6,,0.0,none,1,0,0,1,,,,,bc,0,0,0,2021-03-01,2021-05-23,,0,0.0,0
13,Everton,28575660,Harry Tyrer,yes,24.0,13,5,8,0.0,0.0,0.0,0.0,,0.0,0.0,0,5,0,0,0,0,7,7,,0.0,none,1,1,0,1,,,,Everton U21,bc,0,0,0,2021-03-04,2021-05-23,,0,0.0,0
13,Everton,32796058,Tyler Onyango,yes,26.0,8,8,0,0.0,0.0,0.0,0.0,,0.0,0.0,0,8,0,0,0,0,4,4,,0.0,none,1,0,0,1,,,,Everton U21,bc,21,0,8,2021-01-27,2021-03-13,,0,0.0,0
13,Everton,37259199,Reece Welch,yes,25.0,9,2,7,0.0,0.0,0.0,0.0,,0.0,0.0,0,2,0,0,0,0,10,10,,0.0,none,1,0,0,1,,,,,bc,0,0,0,2021-04-12,2021-05-23,,0,0.0,0
13,Everton,37344240,Isaac Price,yes,26.0,9,2,7,0.0,0.0,0.0,0.0,,0.0,0.0,0,2,0,0,0,0,10,10,,0.0,none,1,0,0,1,,,,,bc,0,0,0,2021-04-12,2021-05-23,,0,0.0,0
11,Fulham,2285,Tom Cairney,yes,26.0,38,15,23,0.5356,1037.9,1108.8,2146.7,0.4835,0.5356,0.0,0,12,0,0,0,0,0,0,2015-07-04,0.45,data_club,1,0,1,0,Blackburn Rovers,2015-07-01,219.0,,ac,0,0,0,2020-09-12,2021-05-23,,0,0.0,0
11,Fulham,1708,Josh Onomah,yes,26.0,38,24,14,0.5598,641.7,705.4,1347.1,0.4764,0.2172,0.0,0,12,0,0,0,0,0,0,2019-08-11,0.45,data_club,1,0,1,0,Tottenham Hotspur,2019-08-08,220.0,,bc,0,0,0,2020-09-12,2021-05-23,,0,0.0,0
11,Fulham,24508,Terence Kongolo,yes,25.0,33,10,23,0.2964,196.6,613.6,810.2,0.2426,0.0955,0.0,0,12,0,0,0,0,0,0,2020-10-19,0.45,data_club,1,0,1,0,Huddersfield Town,2020-01-16,218.0,,bc,5,0,0,2020-10-24,2021-05-23,,0,0.0,0
11,Fulham,3384,Michael Hector,yes,25.0,38,27,11,0.6108,849.4,604.7,1454.1,0.5841,0.0,0.0,0,12,0,0,0,0,0,0,2020-01-04,0.45,data_club,1,0,1,0,Chelsea,2020-01-01,219.0,,bc,0,0,0,2020-09-12,2021-05-23,,0,0.0,0
11,Fulham,1409,Harrison Reed,yes,26.0,38,32,6,0.8861,2340.6,478.5,2819.1,0.8303,0.8416,0.0,0,12,0,0,0,0,0,0,2020-09-02,0.45,data_club,1,0,1,0,Southampton,2019-08-08,218.0,,ac,0,0,0,2020-09-12,2021-05-23,,0,0.0,0
11,Fulham,581067,Antonee Robinson,yes,25.0,38,31,7,0.6907,2027.5,435.1,2462.7,0.8233,0.6449,46.0,1,12,0,0,0,0,0,0,2020-08-23,0.45,data_club,1,0,1,0,Wigan Athletic,2020-08-20,219.0,,ac,0,0,0,2020-09-12,2021-05-23,,0,0.0,0
11,Fulham,25400,Kenny Tete,yes,25.0,37,24,13,0.3403,1192.9,398.2,1591.1,0.7497,0.6556,0.0,0,12,0,0,0,0,0,0,2020-09-13,0.5,tier1,1,0,1,0,Olympique Lyonnais,2020-09-10,219.0,,ac,1,0,0,2020-09-19,2021-05-23,,0,0.0,0
11,Fulham,1366,Aleksandar Mitrovic,yes,27.0,38,30,8,0.5038,1759.6,362.8,2122.4,0.8291,0.3915,0.0,0,12,0,0,0,0,0,0,2018-08-02,0.45,data_club,1,0,1,0,Newcastle United,2018-01-31,218.0,,bc,0,0,0,2020-09-12,2021-05-23,,0,0.0,0
11,Fulham,2945,Denis Odoi,yes,25.0,38,21,17,0.2181,670.8,333.8,1004.6,0.6677,0.0,0.0,0,12,0,0,0,0,0,0,,0.0,none,1,0,0,1,,,,,bc,0,0,0,2020-09-12,2021-05-23,,0,0.0,0
11,Fulham,96017,Mario Lemina,yes,26.0,38,30,8,0.4469,1373.5,321.8,1695.3,0.8102,0.7915,0.0,0,12,0,0,0,0,0,0,2020-09-02,0.45,data_club,1,0,1,0,Southampton,2020-08-30,218.0,,bc,0,0,0,2020-09-12,2021-05-23,,0,0.0,0
11,Fulham,96516,Maxime Le Marchand,yes,25.0,20,5,15,0.2195,101.1,296.4,397.5,0.2544,0.2188,0.0,0,12,0,0,0,0,0,0,2018-07-15,0.5,tier1,1,0,1,0,Nice,2018-07-12,219.0,,bc,18,0,0,2020-09-12,2021-01-30,,0,0.0,0
11,Fulham,7007,Stefan Johansen,yes,26.0,18,1,17,0.1706,15.4,261.0,276.4,0.0556,0.0,0.0,0,0,0,0,12,0,0,0,2016-08-29,0.35,tier2,1,0,1,0,Celtic,2016-08-26,219.0,,bc,20,0,0,2020-09-12,2021-01-20,,0,0.0,0
11,Fulham,6853,Neeskens Kebano,yes,26.0,20,13,7,0.414,447.5,260.8,708.3,0.6318,0.0,0.0,0,0,0,0,12,0,0,0,2016-08-29,0.5,tier1,1,0,1,0,Genk,2016-08-26,219.0,,bc,18,0,0,2020-09-12,2021-01-30,,0,0.0,0
11,Fulham,3140,Bobby De Cordova-Reid,yes,27.0,38,35,3,0.7289,2240.0,196.8,2436.8,0.9192,0.7865,0.0,0,12,0,0,0,0,0,0,2020-01-27,0.45,data_club,1,0,1,0,Cardiff City,2019-08-08,218.0,,bc,0,0,0,2020-09-12,2021-05-23,,0,0.0,0
11,Fulham,7055,Ivan Cavaleiro,yes,27.0,38,36,2,0.762,2300.8,137.2,2437.9,0.9437,0.8169,0.0,0,12,0,0,0,0,0,0,2020-01-10,0.45,data_club,1,0,1,0,Wolverhampton Wanderers,2019-07-13,218.0,,bc,0,0,0,2020-09-12,2021-05-23,,0,0.0,0
11,Fulham,1953,Ruben Loftus-Cheek,yes,26.0,34,32,2,0.6818,2026.0,122.7,2148.7,0.9429,0.4816,0.0,0,12,0,0,0,0,0,0,2020-10-08,0.45,data_club,1,0,1,0,Chelsea,2020-10-05,218.0,,bc,4,0,0,2020-10-18,2021-05-23,,0,0.0,0
11,Fulham,63093,Aboubakar Kamara,yes,27.0,20,17,3,0.3856,495.3,104.1,599.4,0.8263,0.1114,15.4,1,11,0,0,0,1,0,0,2017-08-03,0.5,tier1,1,0,1,0,Amiens SC,2017-07-31,219.0,,bc,18,0,0,2020-09-12,2021-01-30,,0,0.0,0
11,Fulham,25284,Joachim Andersen,yes,25.0,32,31,1,0.9722,2411.2,87.5,2498.8,0.965,0.9722,0.0,1,12,0,0,0,0,0,0,2020-10-08,0.5,tier1,1,0,1,0,Olympique Lyonnais,2020-10-05,218.0,,c,0,0,0,2020-11-02,2021-05-23,,0,0.0,0
11,Fulham,1956,Ola Aina,yes,25.0,37,35,2,0.4792,2548.6,86.2,2634.9,0.9673,0.6951,0.0,0,12,0,0,0,0,0,0,2020-09-14,0.5,tier1,1,0,1,0,Torino,2020-09-11,218.0,,bc,1,0,0,2020-09-19,2021-05-23,,0,0.0,0
11,Fulham,5321,Ademola Lookman,yes,27.0,35,34,1,0.9384,2558.0,84.5,2642.5,0.968,0.8406,0.0,0,12,0,0,0,0,0,0,2020-10-03,0.5,tier1,1,0,1,0,RB Leipzig,2020-09-30,218.0,,bc,3,0,0,2020-10-04,2021-05-23,,0,0.0,0
11,Fulham,3160,Joe Bryan,yes,25.0,38,34,4,0.1673,910.8,60.2,971.0,0.938,0.2084,0.0,0,12,0,0,0,0,0,0,2018-08-12,0.45,data_club,1,0,1,0,Bristol City,2018-08-09,219.0,,bc,0,0,0,2020-09-12,2021-05-23,,0,0.0,0
11,Fulham,926,Anthony Knockaert,yes,26.0,4,3,1,0.5888,180.9,53.0,233.9,0.7734,0.0,0.0,0,0,0,0,12,0,0,0,2020-07-30,0.45,data_club,1,0,1,0,Brighton & Hove Albion,2019-07-21,218.0,,bc,34,0,0,2020-09-12,2020-10-04,,0,0.0,0
11,Fulham,28912780,Sylvester Jasper,yes,27.0,38,1,37,0.0122,1.1,40.6,41.7,0.0263,0.0122,0.0,0,5,0,0,0,0,7,7,,0.0,none,1,0,0,1,,,,,bc,0,0,0,2020-09-12,2021-05-23,,0,0.0,0
11,Fulham,2306,Cyrus Christie,yes,25.0,1,1,0,0.0,45.7,0.0,45.7,1.0,0.0,0.0,0,0,0,0,12,0,0,0,2018-02-03,0.45,data_club,1,0,1,0,Middlesbrough,2018-01-31,219.0,,bc,37,0,0,2020-09-12,2020-09-12,,0,0.0,0
11,Fulham,2454,Tim Ream,yes,25.0,38,38,0,0.1667,1035.4,0.0,1035.4,1.0,0.1667,0.0,0,12,0,0,0,0,0,0,2015-08-23,0.45,data_club,1,0,1,0,Bolton Wanderers,2015-08-20,219.0,,bc,0,0,0,2020-09-12,2021-05-23,,0,0.0,0
11,Fulham,5241,Tosin Adarabioyo,yes,25.0,34,34,0,0.8993,2425.3,0.0,2425.3,1.0,0.8993,0.0,0,12,0,0,0,0,0,0,2020-10-08,0.0,tier2,1,0,1,0,Manchester City U21,2020-10-05,219.0,,bc,4,0,0,2020-10-18,2021-05-23,,0,0.0,0
11,Fulham,5249,Josh Maja,yes,27.0,17,17,0,0.4235,890.6,0.0,890.6,1.0,0.4235,0.0,0,12,0,0,0,0,0,0,2021-02-04,0.5,tier1,1,0,1,0,Bordeaux,2021-02-01,218.0,,bc,21,0,0,2021-02-06,2021-05-23,,0,0.0,0
11,Fulham,6351,Marek Rodák,yes,24.0,38,30,8,0.0,675.0,0.0,675.0,1.0,0.0833,0.0,0,12,0,0,0,0,0,0,,0.0,none,1,1,0,1,,,,Fulham U21,bc,0,0,0,2020-09-12,2021-05-23,,0,0.0,0
11,Fulham,95393,Alphonse Areola,yes,24.0,38,38,0,0.9167,2745.0,0.0,2745.0,1.0,0.9167,0.0,0,12,0,0,0,0,0,0,2020-09-12,0.0,none,1,1,1,0,Paris Saint Germain,2020-09-09,218.0,,bc,0,0,0,2020-09-12,2021-05-23,,0,0.0,0
11,Fulham,96804,Frank Anguissa,yes,26.0,38,38,0,0.65,2163.7,0.0,2163.7,1.0,0.65,0.0,0,12,0,0,0,0,0,0,2018-08-12,0.5,tier1,1,0,1,0,Olympique Marseille,2018-08-09,219.0,,bc,0,0,0,2020-09-12,2021-05-23,,0,0.0,0
11,Fulham,185866,Fabri,yes,24.0,38,8,30,0.0,0.0,0.0,0.0,,0.0,0.0,0,8,0,0,0,0,4,0,2018-07-27,0.0,none,1,1,1,0,Beşiktaş,2018-07-24,219.0,,bc,0,0,0,2020-09-12,2021-05-23,,0,0.0,0
11,Fulham,7340703,Tyrese Francois,yes,26.0,1,1,0,0.0136,0.0,0.0,0.0,,0.0136,0.0,0,1,0,0,0,0,11,11,,0.0,none,1,0,0,1,,,,Fulham U21,bc,0,0,0,2021-05-23,2021-05-23,,0,0.0,0
11,Fulham,21412957,Fábio Carvalho,yes,26.0,5,5,0,0.2371,25.1,0.0,25.1,1.0,0.2371,0.0,0,5,0,0,0,0,7,7,,0.0,none,1,0,0,1,,,,Fulham U21,bc,0,0,0,2021-05-01,2021-05-23,,0,0.0,0
71,Leeds United,1716,Adam Forshaw,yes,26.0,38,0,38,0.5383,0.0,1841.0,1841.0,0.0,0.5383,0.0,0,7,0,0,0,0,5,0,2018-01-21,0.45,data_club,1,0,1,0,Middlesbrough,2018-01-18,219.0,,b,0,0,0,2020-09-12,2021-05-23,,0,0.0,0
71,Leeds United,35364,Robin Koch,yes,25.0,38,19,19,0.7848,1171.2,1342.0,2513.3,0.466,0.4705,0.0,0,12,0,0,0,0,0,0,2020-09-01,0.5,tier1,1,0,1,0,SC Freiburg,2020-08-29,219.0,,bc,0,0,0,2020-09-12,2021-05-23,,0,0.0,0
71,Leeds United,3344,Liam Cooper,yes,25.0,38,26,12,0.9505,2174.1,1026.6,3200.7,0.6793,0.9091,42.3,1,11,0,0,0,1,0,0,2014-08-16,0.35,tier2,1,0,1,0,Chesterfield,2014-08-13,219.0,,bc,0,0,0,2020-09-12,2021-05-23,,0,0.0,0
71,Leeds United,21762788,Joe Gelhardt,yes,27.0,38,8,30,0.37,229.5,999.0,1228.5,0.1868,0.15,0.0,0,8,0,4,0,0,0,0,2020-08-13,0.45,data_club,1,0,1,0,Wigan Athletic,2020-08-10,219.0,,bc,0,0,0,2020-09-12,2021-05-23,,0,0.0,0
71,Leeds United,3354,Kalvin Phillips,yes,26.0,38,29,9,0.9735,2509.3,788.5,3297.8,0.7609,0.8712,0.0,0,12,0,0,0,0,0,0,,0.0,none,1,0,0,1,,,,Leeds United U21,bc,0,0,0,2020-09-12,2021-05-23,,0,0.0,0
71,Leeds United,3216,Gaetano Berardi,yes,25.0,38,11,27,0.3158,186.7,767.3,954.0,0.1957,0.1346,0.0,0,12,0,0,0,0,0,0,2014-07-21,0.5,tier1,1,0,1,0,Sampdoria,2014-07-18,219.0,,bc,0,0,0,2020-09-12,2021-05-23,,0,0.0,0
71,Leeds United,793,Rodrigo,yes,27.0,38,26,12,0.6165,1268.0,665.9,1933.9,0.6557,0.4936,0.0,0,12,0,0,0,0,0,0,2020-09-01,0.5,tier1,1,0,1,0,Valencia,2020-08-29,219.0,,bc,0,0,0,2020-09-12,2021-05-23,,0,0.0,0
71,Leeds United,1267,Pablo Hernández,yes,26.0,38,26,12,0.396,709.9,427.7,1137.6,0.624,0.1437,0.0,0,12,0,0,0,0,0,0,,0.0,none,1,0,0,1,,,,,bc,0,0,0,2020-09-12,2021-05-23,,0,0.0,0
71,Leeds United,186595,Diego Llorente,yes,25.0,36,18,18,0.2422,728.8,392.3,1121.1,0.6501,0.9438,0.0,0,12,0,0,0,0,0,0,2020-09-27,0.5,tier1,1,0,1,0,Real Sociedad,2020-09-24,219.0,,bc,2,0,0,2020-09-27,2021-05-23,,0,0.0,0
71,Leeds United,160258,Raphinha,yes,26.0,34,30,4,0.85,2077.4,306.0,2383.5,0.8716,0.937,0.0,0,12,0,0,0,0,0,0,2020-10-08,0.5,tier1,1,0,1,0,Rennes,2020-10-05,219.0,,bc,4,0,0,2020-10-19,2021-05-23,,0,0.0,0
71,Leeds United,6563,Hélder Costa,yes,27.0,38,32,6,0.4593,1367.0,248.0,1615.1,0.8464,0.4277,0.0,0,12,0,0,0,0,0,0,2020-07-04,0.45,data_club,1,0,1,0,Wolverhampton Wanderers,2019-07-03,218.0,,bc,0,0,0,2020-09-12,2021-05-23,,0,0.0,0
71,Leeds United,185653,Kiko Casilla,yes,24.0,38,34,4,0.6458,600.0,232.5,832.5,0.7207,0.1667,0.0,0,12,0,0,0,0,0,0,2019-01-20,0.0,none,1,1,1,0,Real Madrid,2019-01-17,220.0,,bc,0,0,0,2020-09-12,2021-05-23,,0,0.0,0
71,Leeds United,20694519,Jamie Shackleton,yes,26.0,38,31,7,0.2596,602.0,163.5,765.5,0.7864,0.059,0.0,0,12,0,0,0,0,0,0,,0.0,none,1,0,0,1,,,,Leeds United U21,bc,0,0,0,2020-09-12,2021-05-23,,0,0.0,0
71,Leeds United,262274,Jack Harrison,yes,26.0,38,36,2,0.8162,2732.9,146.9,2879.8,0.949,0.853,0.0,0,12,0,0,0,0,0,0,2018-08-02,0.45,data_club,1,0,1,0,Manchester City,2018-07-30,218.0,,bc,0,0,0,2020-09-12,2021-05-23,,0,0.0,0
71,Leeds United,432881,Illan Meslier,yes,24.0,38,37,1,1.0,3300.0,90.0,3390.0,0.9735,0.8333,0.0,0,12,0,0,0,0,0,0,2020-07-30,0.0,none,1,1,1,0,Lorient,2019-08-08,218.0,,bc,0,0,0,2020-09-12,2021-05-23,,0,0.0,0
71,Leeds United,25063,Mateusz Klich,yes,26.0,38,36,2,0.4803,2525.0,86.5,2611.5,0.9669,0.4803,0.0,0,12,0,0,0,0,0,0,2017-07-04,0.5,tier1,1,0,1,0,FC Twente,2017-07-01,219.0,,bc,0,0,0,2020-09-12,2021-05-23,,0,0.0,0
71,Leeds United,29478,Pascal Struijk,yes,25.0,38,37,1,0.9558,1846.4,86.0,1932.5,0.9555,0.7385,0.0,0,12,0,0,0,0,0,0,,0.0,none,1,0,0,1,,,,Leeds United U21,bc,0,0,0,2020-09-12,2021-05-23,,0,0.0,0
71,Leeds United,2823510,Ian Poveda,yes,27.0,38,32,6,0.1179,415.2,63.7,478.9,0.867,0.1001,0.0,0,12,0,0,0,0,0,0,2020-01-27,0.0,tier2,1,0,1,0,Manchester City U21,2020-01-24,220.0,,bc,0,0,0,2020-09-12,2021-05-23,,0,0.0,0
71,Leeds United,37391787,Niall Huggins,yes,25.0,22,9,13,0.0273,16.0,32.0,48.0,0.3333,0.0355,0.0,0,9,0,0,0,0,3,3,,0.0,none,1,0,0,1,,,,,bc,0,0,0,2021-01-02,2021-05-23,,0,0.0,0
71,Leeds United,25567988,Leif Davis,yes,25.0,38,25,13,0.0175,45.5,20.5,66.0,0.6892,0.0,0.0,0,12,0,0,0,0,0,0,,0.0,none,1,0,0,1,,,,,bc,0,0,0,2020-09-12,2021-05-23,,0,0.0,0
71,Leeds United,4527,Tyler Roberts,yes,26.0,38,37,1,0.0701,1385.4,6.3,1391.7,0.9955,0.6766,0.0,0,12,0,0,0,0,0,0,2018-02-03,0.0,tier2,1,0,1,0,West Brom U21,2018-01-31,219.0,,bc,0,0,0,2020-09-12,2021-05-23,,0,0.0,0
71,Leeds United,9939186,Mateusz Bogusz,yes,26.0,4,1,3,0.019,1.7,5.1,6.8,0.25,0.019,0.0,0,9,0,0,0,0,3,0,2019-02-01,0.35,tier2,1,0,1,0,Ruch Chorzów,2019-01-29,219.0,,bc,34,0,0,2020-09-12,2020-10-03,,0,0.0,0
71,Leeds United,1175,Patrick Bamford,yes,27.0,38,38,0,0.748,3035.3,0.0,3035.3,1.0,0.748,0.0,0,12,0,0,0,0,0,0,2018-08-03,0.45,data_club,1,0,1,0,Middlesbrough,2018-07-31,219.0,,bc,0,0,0,2020-09-12,2021-05-23,,0,0.0,0
71,Leeds United,2818,Stuart Dallas,yes,26.0,38,38,0,0.9983,3359.2,0.0,3359.2,1.0,0.9983,0.0,0,12,0,0,0,0,0,0,2015-08-07,0.45,data_club,1,0,1,0,Brentford,2015-08-04,219.0,,bc,0,0,0,2020-09-12,2021-05-23,,0,0.0,0
71,Leeds United,3158,Luke Ayling,yes,25.0,38,38,0,1.0,3359.5,0.0,3359.5,1.0,1.0,0.0,0,12,0,0,0,0,0,0,2016-08-14,0.45,data_club,1,0,1,0,Bristol City,2016-08-11,219.0,,bc,0,0,0,2020-09-12,2021-05-23,,0,0.0,0
71,Leeds United,197870,Ezgjan Alioski,yes,26.0,38,38,0,0.9036,2243.1,0.0,2243.1,1.0,0.9036,0.0,0,12,0,0,0,0,0,0,2017-07-16,0.35,tier2,1,0,1,0,Lugano,2017-07-13,219.0,,bc,0,0,0,2020-09-12,2021-05-23,,0,0.0,0
71,Leeds United,9939203,Crysencio Summerville,yes,26.0,37,1,36,0.0,0.0,0.0,0.0,,0.0,0.0,0,1,0,0,0,0,11,0,2020-09-19,0.0,unknown+override,1,0,1,0,Feyenoord U19,2020-09-16,219.0,Leeds United U21,bc,1,0,0,2020-09-19,2021-05-23,,0,0.0,0
71,Leeds United,21412958,Cody Drameh,yes,25.0,38,1,37,0.0,0.0,0.0,0.0,,0.0,0.0,0,1,0,0,0,0,11,0,2020-08-16,0.0,unknown+override,1,0,1,0,Fulham U23,2020-08-13,219.0,Leeds United U21,bc,0,0,0,2020-09-12,2021-05-23,,0,0.0,0
71,Leeds United,22146095,Elia Caprile,yes,24.0,38,5,33,0.0,0.0,0.0,0.0,,0.0,0.0,0,7,0,0,0,0,5,5,,0.0,none,1,1,0,1,,,,,bc,0,0,0,2020-09-12,2021-05-23,,0,0.0,0
71,Leeds United,28912710,Sam Greenwood,yes,27.0,38,1,37,0.0,0.0,0.0,0.0,,0.0,0.0,0,1,0,0,0,0,11,0,2020-08-31,0.0,unknown+override,1,0,1,0,Arsenal U18,2020-08-28,219.0,Leeds United U21,bc,0,0,0,2020-09-12,2021-05-23,,0,0.0,0
71,Leeds United,37374545,Oliver Casey,yes,25.0,38,9,29,0.0,0.0,0.0,0.0,,0.0,0.0,0,12,0,0,0,0,0,0,,0.0,none,1,0,0,1,,,,,bc,0,0,0,2020-09-12,2021-05-23,,0,0.0,0
71,Leeds United,37391226,Charlie Cresswell,yes,25.0,22,7,15,0.0,0.0,0.0,0.0,,0.0,0.0,0,7,0,0,0,0,5,5,,0.0,none,1,0,0,1,,,,Leeds United U21,bc,0,0,0,2021-01-02,2021-05-23,,0,0.0,0
71,Leeds United,37391231,Jack Jenkins,yes,26.0,31,18,13,0.0,0.0,0.0,0.0,,0.0,0.0,0,12,0,0,0,0,0,0,,0.0,none,1,0,0,1,,,,,bc,0,0,0,2020-11-07,2021-05-23,,0,0.0,0
42,Leicester City,96838,Ricardo Pereira,yes,25.0,38,21,17,1.0,1367.2,1530.0,2897.2,0.4719,0.4242,0.0,0,12,0,0,0,0,0,0,2018-07-04,0.5,tier1,1,0,1,0,Porto,2018-07-01,219.0,,bc,0,0,0,2020-09-13,2021-05-23,,0,0.0,0
42,Leicester City,12514,James Justin,yes,25.0,38,23,15,1.0,2047.5,1350.0,3397.5,0.6026,1.0,0.0,0,12,0,0,0,0,0,0,2019-07-04,0.45,data_club,1,0,1,0,Luton Town,2019-07-01,219.0,,bc,0,0,0,2020-09-13,2021-05-23,,0,0.0,0
42,Leicester City,32574,Çaglar Söyüncü,yes,25.0,38,25,13,0.963,1809.0,1126.7,2935.7,0.6162,1.0,0.0,0,12,0,0,0,0,0,0,2018-08-12,0.5,tier1,1,0,1,0,SC Freiburg,2018-08-09,219.0,,bc,0,0,0,2020-09-13,2021-05-23,,0,0.0,0
42,Leicester City,10601,Harvey Barnes,yes,26.0,38,26,12,0.9471,1702.1,1022.9,2724.9,0.6246,0.9471,0.0,0,12,0,0,0,0,0,0,,0.0,none,1,0,0,1,,,,Leicester U21,bc,0,0,0,2020-09-13,2021-05-23,,0,0.0,0
42,Leicester City,5319,Wilfred Ndidi,yes,26.0,38,27,11,0.9123,2149.9,903.1,3053.1,0.7042,0.9639,0.0,0,12,0,0,0,0,0,0,2017-01-06,0.5,tier1,1,0,1,0,Genk,2017-01-03,219.0,,bc,0,0,0,2020-09-13,2021-05-23,,0,0.0,0
42,Leicester City,612,Jonny Evans,yes,25.0,38,28,10,0.9814,2478.2,883.3,3361.4,0.7372,0.9783,0.0,0,12,0,0,0,0,0,0,2018-07-04,0.45,data_club,1,0,1,0,West Bromwich Albion,2018-07-01,219.0,,bc,0,0,0,2020-09-13,2021-05-23,,0,0.0,0
42,Leicester City,62337,Timothy Castagne,yes,25.0,38,27,11,0.7061,1970.6,699.1,2669.7,0.7381,1.0,0.0,0,12,0,0,0,0,0,0,2020-09-06,0.5,tier1,1,0,1,0,Atalanta,2020-09-03,219.0,,bc,0,0,0,2020-09-13,2021-05-23,,0,0.0,0
42,Leicester City,6838,James Maddison,yes,26.0,38,31,7,0.8772,2229.0,552.7,2781.7,0.8013,0.7384,0.0,0,12,0,0,0,0,0,0,2018-07-04,0.45,data_club,1,0,1,0,Norwich City,2018-07-01,219.0,,bc,0,0,0,2020-09-13,2021-05-23,,0,0.0,0
42,Leicester City,11311795,Wesley Fofana,yes,25.0,35,29,6,0.9464,2087.7,511.0,2598.7,0.8034,0.8065,0.0,0,12,0,0,0,0,0,0,2020-10-05,0.5,tier1,1,0,1,0,Saint-Étienne,2020-10-02,219.0,,bc,4,1,0,2020-10-04,2021-05-23,,0,0.0,0
42,Leicester City,1396,Ayoze Pérez,yes,27.0,38,29,9,0.5352,1350.7,433.5,1784.3,0.757,0.5414,0.0,0,12,0,0,0,0,0,0,2019-07-07,0.45,data_club,1,0,1,0,Newcastle United,2019-07-04,219.0,,bc,0,0,0,2020-09-13,2021-05-23,,0,0.0,0
42,Leicester City,61654,Dennis Praet,yes,26.0,38,25,13,0.3418,851.8,399.9,1251.7,0.6805,0.1163,0.0,0,12,0,0,0,0,0,0,2019-08-11,0.5,tier1,1,0,1,0,Sampdoria,2019-08-08,219.0,,bc,0,0,0,2020-09-13,2021-05-23,,0,0.0,0
42,Leicester City,1572,Demarai Gray,yes,26.0,21,1,20,0.2033,17.9,366.0,383.9,0.0466,0.2176,0.0,0,12,0,0,0,0,0,0,2016-01-07,0.45,data_club,1,0,1,0,Birmingham City,2016-01-04,219.0,,bc,17,0,0,2020-09-13,2021-01-31,,0,0.0,0
42,Leicester City,1182,Jamie Vardy,yes,27.0,38,34,4,0.9447,2829.5,340.1,3169.5,0.8927,0.9824,0.0,0,12,0,0,0,0,0,0,2012-07-04,0.35,tier2,1,0,1,0,Fleetwood Town,2012-07-01,219.0,,bc,0,0,0,2020-09-13,2021-05-23,,0,0.0,0
42,Leicester City,944,Wes Morgan,yes,25.0,38,13,25,0.1301,265.4,292.6,558.0,0.4756,0.0199,0.0,0,12,0,0,0,0,0,0,,0.0,none,1,0,0,1,,,,,bc,0,0,0,2020-09-13,2021-05-23,,0,0.0,0
42,Leicester City,1191,Christian Fuchs,yes,25.0,38,29,9,0.3089,920.6,250.2,1170.8,0.7863,0.0,0.0,0,12,0,0,0,0,0,0,2015-07-04,0.5,tier1,1,0,1,0,Schalke 04,2015-07-01,220.0,,bc,0,0,0,2020-09-13,2021-05-23,,0,0.0,0
42,Leicester City,10309700,Luke Thomas,yes,25.0,38,31,7,0.2897,792.7,182.5,975.2,0.8129,0.5225,0.0,0,12,0,0,0,0,0,0,,0.0,none,1,0,0,1,,,,Leicester U21,ac,0,0,0,2020-09-13,2021-05-23,,0,0.0,0
42,Leicester City,202002,Cengiz Ünder,yes,27.0,36,26,10,0.1394,508.3,125.5,633.8,0.802,0.072,0.0,0,12,0,0,0,0,0,0,2020-09-23,0.5,tier1,1,0,1,0,Roma,2020-09-20,218.0,,bc,2,0,0,2020-09-27,2021-05-23,,0,0.0,0
42,Leicester City,1573,Daniel Amartey,yes,25.0,38,27,11,0.1087,655.1,107.6,762.7,0.8589,0.29,0.0,0,12,0,0,0,0,0,0,2016-01-25,0.35,tier2,1,0,1,0,FC København,2016-01-22,219.0,,bc,0,0,0,2020-09-13,2021-05-23,,0,0.0,0
42,Leicester City,25548855,Sidnei Tavares,yes,26.0,13,4,9,0.079,8.4,64.0,72.4,0.1165,0.079,0.0,0,4,0,0,0,0,8,8,,0.0,none,1,0,0,1,,,,,bc,0,0,0,2021-02-28,2021-05-23,,0,0.0,0
42,Leicester City,6518,Hamza Choudhury,yes,26.0,38,31,7,0.098,425.9,61.7,487.6,0.8734,0.0826,0.0,0,12,0,0,0,0,0,0,,0.0,none,1,0,0,1,,,,Leicester U21,bc,0,0,0,2020-09-13,2021-05-23,,0,0.0,0
42,Leicester City,4679,Nampalys Mendy,yes,26.0,38,37,1,0.5348,1434.6,48.1,1482.7,0.9675,0.1481,0.0,0,12,0,0,0,0,0,0,2016-07-06,0.5,tier1,1,0,1,0,Nice,2016-07-03,219.0,,bc,0,0,0,2020-09-13,2021-05-23,,0,0.0,0
42,Leicester City,4833,Islam Slimani,yes,27.0,17,1,16,0.015,0.0,21.5,21.5,0.0,0.0199,0.0,0,1,0,0,0,0,11,0,2016-09-03,0.5,tier1,1,0,1,0,Sporting CP,2016-08-31,219.0,,bc,21,0,0,2020-09-13,2021-01-03,,0,0.0,0
42,Leicester City,539997,Thakgalo Leshabela,yes,26.0,17,5,12,0.0075,1.0,8.1,9.1,0.1111,0.0113,0.0,0,5,0,0,0,0,7,7,,0.0,none,1,0,0,1,,,,,bc,0,0,0,2021-02-03,2021-05-23,,0,0.0,0
42,Leicester City,169,Kasper Schmeichel,yes,24.0,38,38,0,1.0,3420.0,0.0,3420.0,1.0,1.0,0.0,0,12,0,0,0,0,0,0,2011-07-04,0.0,none,1,1,1,0,Leeds United,2011-07-01,219.0,,bc,0,0,0,2020-09-13,2021-05-23,,0,0.0,0
42,Leicester City,174,Marc Albrighton,yes,26.0,38,38,0,0.5469,1694.7,0.0,1694.7,1.0,0.5469,0.0,0,12,0,0,0,0,0,0,2014-07-04,0.45,data_club,1,0,1,0,Aston Villa,2014-07-01,220.0,,bc,0,0,0,2020-09-13,2021-05-23,,0,0.0,0
42,Leicester City,1488,Kelechi Iheanacho,yes,27.0,38,38,0,0.9021,1223.3,0.0,1223.3,1.0,0.9021,0.0,0,12,0,0,0,0,0,0,2017-08-06,0.45,data_club,1,0,1,0,Manchester City,2017-08-03,219.0,,bc,0,0,0,2020-09-13,2021-05-23,,0,0.0,0
42,Leicester City,3282,Danny Ward,yes,24.0,38,38,0,0.0,0.0,0.0,0.0,,0.0,0.0,0,12,0,0,0,0,0,0,2018-07-23,0.0,none,1,1,1,0,Liverpool,2018-07-20,219.0,,bc,0,0,0,2020-09-13,2021-05-23,,0,0.0,0
42,Leicester City,62342,Youri Tielemans,yes,26.0,38,38,0,1.0,3236.2,0.0,3236.2,1.0,1.0,0.0,0,12,0,0,0,0,0,0,2019-07-11,0.5,tier1,1,0,1,0,Monaco,2019-01-31,218.0,,bc,0,0,0,2020-09-13,2021-05-23,,0,0.0,0
42,Leicester City,530924,Thanawat Suengchitthawon,yes,26.0,9,2,7,0.0,0.0,0.0,0.0,,0.0,0.0,0,2,0,0,0,0,10,10,,0.0,none,1,0,0,1,,,,,bc,0,0,0,2021-04-03,2021-05-23,,0,0.0,0
42,Leicester City,581238,Daniel Iversen,yes,24.0,0,0,0,0.0,0.0,0.0,0.0,,0.0,0.0,0,0,0,0,12,0,0,0,,0.0,none,1,1,0,1,,,,Leicester U21,,0,0,0,,,,0,0.0,0
42,Leicester City,12433172,Vontae Daley-Campbell,yes,25.0,17,10,7,0.0,0.0,0.0,0.0,,0.0,0.0,0,10,0,0,0,0,2,2,,0.0,none,1,0,0,1,,,,,bc,0,0,0,2021-02-03,2021-05-23,,0,0.0,0
42,Leicester City,14018804,Shane Flynn,yes,26.0,11,1,10,0.0,0.0,0.0,0.0,,0.0,0.0,0,1,0,0,0,0,11,11,,0.0,none,1,0,0,1,,,,,bc,0,0,0,2021-03-06,2021-05-23,,0,0.0,0
42,Leicester City,33991811,Tawanda Maswanhise,yes,26.0,3,1,2,0.0,0.0,0.0,0.0,,0.0,0.0,0,1,0,0,0,0,11,11,,0.0,none,1,0,0,1,,,,,bc,0,0,0,2021-05-11,2021-05-23,,0,0.0,0
8,Liverpool,1743,Virgil van Dijk,yes,25.0,38,5,33,0.9262,450.0,2750.8,3200.8,0.1406,0.9262,0.0,0,12,0,0,0,0,0,0,2018-01-04,0.45,data_club,1,0,1,0,Southampton,2018-01-01,219.0,,ac,0,0,0,2020-09-12,2021-05-23,,0,0.0,0
8,Liverpool,1453,Joe Gomez,yes,25.0,38,7,31,0.9605,581.0,2679.9,3260.9,0.1782,0.9618,0.0,0,12,0,0,0,0,0,0,2015-07-04,0.45,data_club,1,0,1,0,Charlton Athletic,2015-07-01,219.0,,ac,0,0,0,2020-09-12,2021-05-23,,0,0.0,0
8,Liverpool,1920,Joël Matip,yes,25.0,38,10,28,0.5999,388.9,1511.8,1900.7,0.2046,0.7036,0.0,0,12,0,0,0,0,0,0,2016-07-04,0.5,tier1,1,0,1,0,Schalke 04,2016-07-01,220.0,,bc,0,0,0,2020-09-12,2021-05-23,,0,0.0,0
8,Liverpool,323,Jordan Henderson,yes,26.0,38,23,15,0.9234,1754.4,1246.6,3001.0,0.5846,0.8594,0.0,0,12,0,0,0,0,0,0,2011-07-04,0.45,data_club,1,0,1,0,Sunderland,2011-07-01,219.0,,bc,0,0,0,2020-09-12,2021-05-23,,0,0.0,0
8,Liverpool,159917,Diogo Jota,yes,27.0,36,19,17,0.5417,905.8,828.8,1734.6,0.5222,0.6554,0.0,0,12,0,0,0,0,0,0,2020-09-22,0.45,data_club,1,0,1,0,Wolverhampton Wanderers,2020-09-19,219.0,,bc,2,0,0,2020-09-28,2021-05-23,,0,0.0,0
8,Liverpool,32640,Naby Keïta,yes,26.0,38,18,20,0.4582,748.7,824.8,1573.5,0.4758,0.217,0.0,0,12,0,0,0,0,0,0,2018-07-04,0.5,tier1,1,0,1,0,RB Leipzig,2018-07-01,219.0,,bc,0,0,0,2020-09-12,2021-05-23,,0,0.0,0
8,Liverpool,96099,Fabinho,yes,26.0,38,30,8,0.9444,2431.7,680.0,3111.6,0.7815,0.9323,0.0,0,12,0,0,0,0,0,0,2018-07-04,0.5,tier1,1,0,1,0,Monaco,2018-07-01,219.0,,bc,0,0,0,2020-09-12,2021-05-23,,0,0.0,0
8,Liverpool,850,Alex Oxlade-Chamberlain,yes,26.0,38,25,13,0.4515,524.5,528.3,1052.8,0.4982,0.0713,0.0,0,12,0,0,0,0,0,0,2017-09-03,0.45,data_club,1,0,1,0,Arsenal,2017-08-31,219.0,,bc,0,0,0,2020-09-12,2021-05-23,,0,0.0,0
8,Liverpool,129820,Alisson Becker,yes,24.0,38,33,5,1.0,2970.0,450.0,3420.0,0.8684,1.0,0.0,0,12,0,0,0,0,0,0,2018-07-22,0.0,none,1,1,1,0,Roma,2018-07-19,219.0,,ac,0,0,0,2020-09-12,2021-05-23,,0,0.0,0
8,Liverpool,4545525,Rhys Williams,yes,25.0,38,25,13,0.3693,539.8,432.1,971.9,0.5554,0.5,0.0,0,12,0,0,0,0,0,0,,0.45,data_club,1,0,1,0,Blackpool,2023-05-31,218.0,Liverpool U21,bc,0,0,0,2020-09-12,2021-05-23,,0,0.0,0
8,Liverpool,6285,Ben Davies,yes,25.0,17,4,13,0.3462,141.8,405.0,546.8,0.2593,0.3,0.0,0,4,0,8,0,0,0,0,2021-02-04,0.45,data_club,1,0,1,0,Preston North End,2021-02-01,219.0,,bc,22,1,0,2021-02-03,2021-05-23,,0,0.0,0
8,Liverpool,5640817,Ozan Kabak,yes,25.0,16,10,6,0.7246,529.2,391.3,920.5,0.5749,0.7362,0.0,0,10,0,0,0,0,2,0,2021-02-04,0.5,tier1,1,0,1,0,Schalke 04,2021-02-01,218.0,,bc,22,0,0,2021-02-07,2021-05-23,,0,0.0,0
8,Liverpool,31857,Thiago Alcântara,yes,26.0,37,25,12,0.3446,1399.0,372.1,1771.2,0.7899,0.8008,0.0,0,12,0,0,0,0,0,0,2020-09-21,0.5,tier1,1,0,1,0,FC Bayern München,2020-09-18,219.0,,bc,2,1,0,2020-09-20,2021-05-23,,0,0.0,0
8,Liverpool,197,James Milner,yes,26.0,38,30,8,0.4565,1087.1,328.7,1415.8,0.7678,0.4599,0.0,0,12,0,0,0,0,0,0,2015-07-04,0.45,data_club,1,0,1,0,Manchester City,2015-07-01,220.0,,bc,0,0,0,2020-09-12,2021-05-23,,0,0.0,0
8,Liverpool,1389,Sadio Mané,yes,27.0,38,35,3,0.8885,2798.6,239.9,3038.5,0.9211,0.7902,0.0,0,12,0,0,0,0,0,0,2016-07-04,0.45,data_club,1,0,1,0,Southampton,2016-07-01,219.0,,bc,0,0,0,2020-09-12,2021-05-23,,0,0.0,0
8,Liverpool,896225,Caoimhín Kelleher,yes,24.0,38,15,23,0.0978,97.5,202.5,300.0,0.325,0.0833,0.0,0,12,0,0,0,0,0,0,,0.0,none,1,1,0,1,,,,Liverpool U21,bc,0,0,0,2020-09-12,2021-05-23,,0,0.0,0
8,Liverpool,1472,Divock Origi,yes,27.0,38,26,12,0.1586,305.2,171.2,476.5,0.6406,0.1614,0.0,0,12,0,0,0,0,0,0,2014-08-01,0.5,tier1,1,0,1,0,LOSC Lille,2014-07-29,219.0,,bc,0,0,0,2020-09-12,2021-05-23,,0,0.0,0
8,Liverpool,1494396,Nathaniel Phillips,yes,25.0,38,30,8,0.2251,885.4,162.1,1047.5,0.8453,0.8906,0.0,0,12,0,0,0,0,0,0,,0.0,none,1,0,0,1,,,,Liverpool U21,bc,0,0,0,2020-09-12,2021-05-23,,0,0.0,0
8,Liverpool,1461,Roberto Firmino,yes,27.0,38,36,2,0.8594,2715.1,154.7,2869.8,0.9461,0.8866,0.0,0,12,0,0,0,0,0,0,2015-07-04,0.5,tier1,1,0,1,0,TSG Hoffenheim,2015-07-01,219.0,,bc,0,0,0,2020-09-12,2021-05-23,,0,0.0,0
8,Liverpool,84627,Kostas Tsimikas,yes,25.0,38,22,16,0.1067,61.0,153.7,214.7,0.2842,0.0009,0.0,0,12,0,0,0,0,0,0,2020-08-13,0.35,tier2,1,0,1,0,Olympiacos F.C.,2020-08-10,219.0,,ac,0,0,0,2020-09-12,2021-05-23,,0,0.0,0
8,Liverpool,1917,Trent Alexander-Arnold,yes,25.0,38,36,2,0.8338,2893.5,150.1,3043.6,0.9507,0.9323,0.0,0,12,0,0,0,0,0,0,,0.0,none,1,0,0,1,,,,Liverpool U18,bc,0,0,0,2020-09-12,2021-05-23,,0,0.0,0
8,Liverpool,1714,Xherdan Shaqiri,yes,26.0,38,27,11,0.1496,583.7,148.1,731.9,0.7976,0.1188,0.0,0,12,0,0,0,0,0,0,2018-07-16,0.45,data_club,1,0,1,0,Stoke City,2018-07-13,219.0,,bc,0,0,0,2020-09-12,2021-05-23,,0,0.0,0
8,Liverpool,1251,Adrián,yes,24.0,38,30,8,0.1667,292.5,120.0,412.5,0.7091,0.0,0.0,0,12,0,0,0,0,0,0,2019-08-08,0.0,none,1,1,1,0,West Ham United,2019-08-05,220.0,,bc,0,0,0,2020-09-12,2021-05-23,,0,0.0,0
8,Liverpool,11720838,Neco Williams,yes,25.0,38,31,7,0.1623,409.1,102.2,511.4,0.8001,0.0694,0.0,0,12,0,0,0,0,0,0,,0.0,none,1,0,0,1,,,,Liverpool U21,bc,0,0,0,2020-09-12,2021-05-23,,0,0.0,0
8,Liverpool,4125,Mohamed Salah,yes,27.0,38,37,1,0.915,2997.1,82.4,3079.4,0.9733,0.901,0.0,0,12,0,0,0,0,0,0,2017-07-04,0.5,tier1,1,0,1,0,Roma,2017-07-01,219.0,,bc,0,0,0,2020-09-12,2021-05-23,,0,0.0,0
8,Liverpool,4545513,Curtis Jones,yes,26.0,38,36,2,0.3705,1169.5,66.7,1236.2,0.946,0.269,0.0,0,12,0,0,0,0,0,0,,0.0,none,1,0,0,1,,,,Liverpool U21,bc,0,0,0,2020-09-12,2021-05-23,,0,0.0,0
8,Liverpool,52671,Takumi Minamino,yes,27.0,21,20,1,0.1622,371.8,14.6,386.4,0.9622,0.3264,0.0,0,12,12,0,0,0,0,0,2020-01-04,0.35,tier2,1,0,1,0,Salzburg,2020-01-01,219.0,,bc,17,0,0,2020-09-12,2021-01-31,,0,0.0,0
8,Liverpool,23269836,Harvey Elliott,yes,26.0,4,0,4,0.0111,0.0,4.0,4.0,0.0,0.0,0.0,0,0,0,0,12,0,0,0,2019-07-31,0.0,unknown+override,1,0,1,0,Fulham U18,2019-07-28,219.0,Liverpool U21,b,34,0,0,2020-09-12,2020-10-04,,0,0.0,0
8,Liverpool,1078,Andy Robertson,yes,25.0,38,38,0,0.9705,3357.2,0.0,3357.2,1.0,0.9705,0.0,0,12,0,0,0,0,0,0,2017-07-24,0.45,data_club,1,0,1,0,Hull City,2017-07-21,219.0,,bc,0,0,0,2020-09-12,2021-05-23,,0,0.0,0
8,Liverpool,1365,Georginio Wijnaldum,yes,26.0,38,38,0,0.7438,2955.6,0.0,2955.6,1.0,0.7438,0.0,0,12,0,0,0,0,0,0,2016-07-25,0.45,data_club,1,0,1,0,Newcastle United,2016-07-22,219.0,,bc,0,0,0,2020-09-12,2021-05-23,,0,0.0,0
8,Liverpool,5193,Ben Woodburn,yes,26.0,24,3,21,0.0,0.0,0.0,0.0,,0.0,0.0,0,3,0,0,0,0,9,9,,0.0,none,1,0,0,1,,,,Liverpool U18,bc,14,0,0,2020-09-12,2021-05-23,,0,0.0,0
8,Liverpool,149746,Liam Hughes,yes,24.0,16,1,15,0.0,0.0,0.0,0.0,,0.0,0.0,0,1,0,0,0,0,11,0,2021-02-04,0.0,none,1,1,1,0,Celtic B,2021-02-01,219.0,,bc,22,0,0,2021-02-07,2021-05-23,,0,0.0,0
8,Liverpool,13590982,Jakub Ojrzynski,yes,24.0,13,1,12,0.0,0.0,0.0,0.0,,0.0,0.0,0,1,0,0,0,0,11,11,,0.0,none,1,1,0,1,,,,,bc,0,0,0,2021-02-28,2021-05-23,,0,0.0,0
8,Liverpool,23269643,Jake Cain,yes,26.0,27,2,25,0.0,0.0,0.0,0.0,,0.0,0.0,0,2,0,0,0,0,10,10,,0.0,none,1,0,0,1,,,,,bc,0,0,0,2020-12-13,2021-05-23,,0,0.0,0
8,Liverpool,23269654,Leighton Clarkson,yes,26.0,30,3,27,0.0,0.0,0.0,0.0,,0.0,0.0,0,3,0,0,0,0,9,9,,0.0,none,1,0,0,1,,,,,bc,0,0,0,2020-11-22,2021-05-23,,0,0.0,0
8,Liverpool,37259161,Billy Koumetio,yes,25.0,5,3,2,0.0,0.0,0.0,0.0,,0.0,0.0,0,3,0,0,0,0,9,9,,0.0,none,1,0,0,1,,,,,bc,0,0,0,2021-05-08,2021-05-23,,0,0.0,0
9,Manchester City,1869,Nathan Aké,yes,25.0,38,17,21,0.5346,868.6,1010.3,1878.9,0.4623,0.468,0.0,0,12,0,0,0,0,0,0,2020-08-08,0.45,data_club,1,0,1,0,AFC Bournemouth,2020-08-05,219.0,,bc,0,0,0,2020-09-21,2021-05-23,,0,0.0,0
9,Manchester City,1359,Sergio Agüero,yes,27.0,38,19,19,0.4598,609.9,786.3,1396.2,0.4368,0.3845,0.0,0,12,0,0,0,0,0,0,2011-07-31,0.5,tier1,1,0,1,0,Atlético de Madrid,2011-07-28,219.0,,bc,0,0,0,2020-09-21,2021-05-23,,0,0.0,0
9,Manchester City,1371,Kevin De Bruyne,yes,26.0,38,29,9,0.8129,2137.6,658.4,2796.0,0.7645,0.5451,0.0,0,12,0,0,0,0,0,0,2015-09-02,0.5,tier1,1,0,1,0,VfL Wolfsburg,2015-08-30,219.0,,bc,0,0,0,2020-09-21,2021-05-23,,0,0.0,0
9,Manchester City,5329,Gabriel Jesus,yes,27.0,38,30,8,0.8113,2075.4,584.2,2659.6,0.7804,0.7712,0.0,0,12,0,0,0,0,0,0,2017-01-04,0.25,tier3,1,0,1,0,Palmeiras,2017-01-01,219.0,,bc,0,0,0,2020-09-21,2021-05-23,,0,0.0,0
9,Manchester City,186299,Aymeric Laporte,yes,25.0,38,28,10,0.5772,1445.4,519.4,1964.9,0.7356,0.5412,0.0,0,12,0,0,0,0,0,0,2018-02-02,0.5,tier1,1,0,1,0,Athletic Club,2018-01-30,219.0,,bc,0,0,0,2020-09-21,2021-05-23,,0,0.0,0
9,Manchester City,4545389,Eric García,yes,25.0,38,22,16,0.2734,576.1,393.7,969.8,0.594,0.1706,0.0,0,12,0,0,0,0,0,0,,0.0,none,1,0,0,1,,,,Manchester City U21,bc,0,0,0,2020-09-21,2021-05-23,,0,0.0,0
9,Manchester City,26603,Oleksandr Zinchenko,yes,25.0,38,28,10,0.3984,1317.4,358.5,1676.0,0.7861,0.6897,0.0,0,12,0,0,0,0,0,0,2016-07-07,0.35,tier2,1,0,1,0,Ufa,2016-07-04,219.0,,bc,0,0,0,2020-09-21,2021-05-23,,0,0.0,0
9,Manchester City,911,Kyle Walker,yes,25.0,38,33,5,0.7809,2028.1,351.4,2379.5,0.8523,0.6085,0.0,0,12,0,0,0,0,0,0,2017-07-17,0.45,data_club,1,0,1,0,Tottenham Hotspur,2017-07-14,219.0,,bc,0,0,0,2020-09-21,2021-05-23,,0,0.0,0
9,Manchester City,96183,Benjamin Mendy,yes,25.0,38,32,6,0.4908,997.6,265.0,1262.7,0.7901,0.4155,0.0,0,12,0,0,0,0,0,0,2017-07-27,0.5,tier1,1,0,1,0,Monaco,2017-07-24,219.0,,bc,0,0,0,2020-09-21,2021-05-23,,0,0.0,0
9,Manchester City,4842,Ilkay Gündogan,yes,26.0,38,34,4,0.6579,2079.4,236.8,2316.2,0.8977,0.4456,0.0,0,12,0,0,0,0,0,0,2016-07-04,0.5,tier1,1,0,1,0,Borussia Dortmund,2016-07-01,219.0,,bc,0,0,0,2020-09-21,2021-05-23,,0,0.0,0
9,Manchester City,1408,Fernandinho,yes,26.0,38,32,6,0.434,1201.9,234.3,1436.3,0.8368,0.4521,0.0,0,12,0,0,0,0,0,0,2013-07-04,0.35,tier2,1,0,1,0,Shakhtar Donetsk,2013-07-01,219.0,,bc,0,0,0,2020-09-21,2021-05-23,,0,0.0,0
9,Manchester City,160956,João Cancelo,yes,25.0,38,34,4,0.5874,2361.6,211.5,2573.0,0.9178,0.59,46.2,1,11,0,0,0,1,0,0,2019-08-10,0.5,tier1,1,0,1,0,Juventus,2019-08-07,219.0,,bc,0,0,0,2020-09-21,2021-05-23,,0,0.0,0
9,Manchester City,982,John Stones,yes,25.0,38,34,4,0.5263,1793.9,189.5,1983.4,0.9045,0.6364,16.0,1,11,0,0,0,1,0,0,2016-08-12,0.45,data_club,1,0,1,0,Everton,2016-08-09,219.0,,bc,0,0,0,2020-09-21,2021-05-23,,0,0.0,0
9,Manchester City,159142,Ederson,yes,24.0,38,36,2,1.0,3240.0,180.0,3420.0,0.9474,1.0,0.0,0,12,0,0,0,0,0,0,2017-07-04,0.0,none,1,1,1,0,Benfica,2017-07-01,219.0,,bc,0,0,0,2020-09-21,2021-05-23,,0,0.0,0
9,Manchester City,802,Raheem Sterling,yes,27.0,38,36,2,0.7,2518.4,126.0,2644.4,0.9524,0.6933,0.0,0,12,0,0,0,0,0,0,2015-07-17,0.45,data_club,1,0,1,0,Liverpool,2015-07-14,219.0,,bc,0,0,0,2020-09-21,2021-05-23,,0,0.0,0
9,Manchester City,96353,Bernardo Silva,yes,26.0,38,36,2,0.637,2120.4,114.7,2235.1,0.9487,0.5345,0.0,0,12,0,0,0,0,0,0,2017-07-04,0.5,tier1,1,0,1,0,Monaco,2017-07-01,219.0,,bc,0,0,0,2020-09-21,2021-05-23,,0,0.0,0
9,Manchester City,28912976,Liam Delap,yes,27.0,38,6,32,0.0373,13.4,107.4,120.8,0.1111,0.0373,0.0,0,6,0,0,0,0,6,6,,0.0,none,1,0,0,1,,,,,bc,0,0,0,2020-09-21,2021-05-23,,0,0.0,0
9,Manchester City,971,Riyad Mahrez,yes,27.0,38,37,1,0.6804,2013.1,61.2,2074.4,0.9705,0.5158,0.0,0,12,0,0,0,0,0,0,2018-07-13,0.45,data_club,1,0,1,0,Leicester City,2018-07-10,219.0,,bc,0,0,0,2020-09-21,2021-05-23,,0,0.0,0
9,Manchester City,9605714,Tommy Doyle,yes,26.0,38,5,33,0.0175,7.9,52.0,59.9,0.1316,0.0175,0.0,0,11,0,0,0,0,1,1,,0.0,none,1,0,0,1,,,,Manchester City U21,bc,0,0,0,2020-09-21,2021-05-23,,0,0.0,0
9,Manchester City,448389,Ferran Torres,yes,27.0,38,37,1,0.4853,1288.8,43.7,1332.5,0.9672,0.4671,0.0,0,12,0,0,0,0,0,0,2020-08-07,0.5,tier1,1,0,1,0,Valencia,2020-08-04,219.0,,bc,0,0,0,2020-09-21,2021-05-23,,0,0.0,0
9,Manchester City,1822,Nicolás Otamendi,yes,25.0,2,1,1,0.3658,35.8,32.9,68.7,0.5208,0.3658,0.0,0,12,0,0,0,0,0,0,2015-08-23,0.5,tier1,1,0,1,0,Valencia,2015-08-20,219.0,,bc,36,0,0,2020-09-21,2020-09-27,,0,0.0,0
9,Manchester City,105,Scott Carson,yes,24.0,38,4,34,0.0049,0.0,15.0,15.0,0.0,0.0833,0.0,0,12,0,0,0,0,0,0,2019-08-11,0.0,none,1,1,1,0,Derby County,2019-08-08,218.0,,bc,0,0,0,2020-09-21,2021-05-23,,0,0.0,0
9,Manchester City,47285,Zack Steffen,yes,24.0,38,35,3,0.0,90.0,0.0,90.0,1.0,0.0,0.0,0,12,0,0,0,0,0,0,2019-07-12,0.0,none,1,1,1,0,Columbus Crew,2019-07-09,219.0,,bc,0,0,0,2020-09-21,2021-05-23,,0,0.0,0
9,Manchester City,162536,Rúben Dias,yes,25.0,36,36,0,0.7335,2733.2,0.0,2733.2,1.0,0.7335,0.0,0,12,0,0,0,0,0,0,2020-10-02,0.5,tier1,1,0,1,0,Benfica,2020-09-29,219.0,,ac,0,0,0,2020-10-03,2021-05-23,,0,0.0,0
9,Manchester City,186910,Rodri,yes,26.0,38,38,0,0.7819,2640.9,0.0,2640.9,1.0,0.7819,0.0,0,12,0,0,0,0,0,0,2019-07-07,0.5,tier1,1,0,1,0,Atlético de Madrid,2019-07-04,219.0,,bc,0,0,0,2020-09-21,2021-05-23,,0,0.0,0
9,Manchester City,336133,Phil Foden,yes,26.0,38,38,0,0.3643,1767.3,0.0,1767.3,1.0,0.3643,0.0,0,12,0,0,0,0,0,0,,0.0,none,1,0,0,1,,,,Manchester City U18,ac,0,0,0,2020-09-21,2021-05-23,,0,0.0,0
9,Manchester City,537353,Claudio Gomes,yes,26.0,38,1,37,0.0,0.0,0.0,0.0,,0.0,0.0,0,1,0,0,0,0,11,0,2018-07-26,0.0,unknown+override,1,0,1,0,Paris SG B,2018-07-23,220.0,,bc,0,0,0,2020-09-21,2021-05-23,,0,0.0,0
9,Manchester City,6306127,Felix Nmecha,yes,26.0,26,1,25,0.0,0.0,0.0,0.0,,0.0,0.0,0,1,0,0,0,0,11,11,,0.0,none,1,0,0,1,,,,,bc,0,0,0,2020-12-19,2021-05-23,,0,0.0,0
9,Manchester City,16837816,Adrián Bernabé,yes,26.0,38,5,33,0.0,0.0,0.0,0.0,,0.0,0.0,0,5,0,0,0,0,7,0,2018-07-04,0.0,unknown+override,1,0,1,0,Barça U18,2018-07-01,220.0,,bc,0,0,0,2020-09-21,2021-05-23,,0,0.0,0
9,Manchester City,23278675,Taylor Harwood-Bellis,yes,25.0,20,2,18,0.0,0.0,0.0,0.0,,0.0,0.0,0,0,0,12,0,0,0,0,,0.0,none,1,0,0,1,,,,Manchester City U21,bc,18,0,0,2020-09-21,2021-01-30,,0,0.0,0
9,Manchester City,28575686,James Trafford,yes,24.0,38,1,37,0.0,0.0,0.0,0.0,,0.0,0.0,0,1,0,0,0,0,11,11,,0.0,none,1,1,1,0,Burnley,2025-07-29,219.0,Manchester City U21,bc,0,0,0,2020-09-21,2021-05-23,,0,0.0,0
9,Manchester City,28912747,Cole Palmer,yes,26.0,38,6,32,0.0,0.0,0.0,0.0,,0.0,0.0,0,8,0,0,0,0,4,4,,0.0,none,1,0,0,1,,,,Manchester City U21,bc,0,0,0,2020-09-21,2021-05-23,,0,0.0,0
9,Manchester City,32796076,Luke Mbete,yes,25.0,24,2,22,0.0,0.0,0.0,0.0,,0.0,0.0,0,2,0,0,0,0,10,10,,0.0,none,1,0,0,1,,,,,bc,0,0,0,2021-01-03,2021-05-23,,0,0.0,0
14,Manchester United,1829,Anthony Martial,yes,27.0,38,23,15,0.7462,1703.7,1007.4,2711.1,0.6284,0.6859,54.1,1,12,0,0,0,0,0,0,2015-09-04,0.5,tier1,1,0,1,0,Monaco,2015-09-01,219.0,,bc,0,0,0,2020-09-19,2021-05-23,,0,0.0,0
14,Manchester United,1992,Paul Pogba,yes,26.0,38,29,9,0.7325,1981.4,593.4,2574.8,0.7696,0.7076,0.0,0,12,0,0,0,0,0,0,2016-08-12,0.5,tier1,1,0,1,0,Juventus,2016-08-09,219.0,,bc,0,0,0,2020-09-19,2021-05-23,,0,0.0,0
14,Manchester United,96088,Edinson Cavani,yes,27.0,35,26,9,0.548,1216.4,443.9,1660.3,0.7326,0.6924,0.0,0,12,0,0,0,0,0,0,2020-10-08,0.5,tier1,1,0,1,0,Paris Saint Germain,2020-10-05,220.0,,bc,3,0,0,2020-10-17,2021-05-23,,0,0.0,0
14,Manchester United,4536527,Brandon Williams,yes,25.0,38,20,18,0.2739,289.5,443.7,733.2,0.3949,0.1675,0.0,0,12,0,0,0,0,0,0,,0.0,none,1,0,0,1,,,,Manchester United U18,bc,0,0,0,2020-09-19,2021-05-23,,0,0.0,0
14,Manchester United,433,Phil Jones,yes,25.0,38,0,38,0.1239,0.0,423.8,423.8,0.0,0.1239,0.0,0,12,0,0,0,0,0,0,2011-07-04,0.45,data_club,1,0,1,0,Blackburn Rovers,2011-07-01,219.0,,b,0,0,0,2020-09-19,2021-05-23,,0,0.0,0
14,Manchester United,832,David de Gea,yes,24.0,38,33,5,0.8915,2639.1,401.2,3040.3,0.868,0.5,0.0,0,12,0,0,0,0,0,0,2011-07-04,0.0,none,1,1,1,0,Atlético de Madrid,2011-07-01,219.0,,bc,0,0,0,2020-09-19,2021-05-23,,0,0.0,0
14,Manchester United,2884,Harry Maguire,yes,25.0,38,34,4,0.9845,3060.0,354.4,3414.4,0.8962,0.9845,0.0,0,12,0,0,0,0,0,0,2019-08-08,0.45,data_club,1,0,1,0,Leicester City,2019-08-05,219.0,,ac,0,0,0,2020-09-19,2021-05-23,,0,0.0,0
14,Manchester United,5149,Daniel James,yes,26.0,38,27,11,0.3532,654.6,349.7,1004.3,0.6518,0.5432,0.0,0,12,0,0,0,0,0,0,2019-07-04,0.45,data_club,1,0,1,0,Swansea City,2019-07-01,219.0,,bc,0,0,0,2020-09-19,2021-05-23,,0,0.0,0
14,Manchester United,955,Luke Shaw,yes,25.0,38,34,4,0.9284,2683.5,334.2,3017.7,0.8892,0.9167,0.0,0,12,0,0,0,0,0,0,2014-07-04,0.45,data_club,1,0,1,0,Southampton,2014-07-01,219.0,,ac,0,0,0,2020-09-19,2021-05-23,,0,0.0,0
14,Manchester United,160206,Victor Lindelöf,yes,25.0,38,34,4,0.9132,2716.4,328.8,3045.2,0.892,0.75,0.0,0,12,0,0,0,0,0,0,2017-07-04,0.5,tier1,1,0,1,0,Benfica,2017-07-01,219.0,,bc,0,0,0,2020-09-19,2021-05-23,,0,0.0,0
14,Manchester United,1849,Eric Bailly,yes,25.0,38,26,12,0.2494,698.4,269.4,967.8,0.7216,0.3419,0.0,0,12,0,0,0,0,0,0,2016-07-04,0.5,tier1,1,0,1,0,Villarreal,2016-07-01,219.0,,bc,0,0,0,2020-09-19,2021-05-23,,0,0.0,0
14,Manchester United,37317015,Amad Diallo,yes,26.0,22,11,11,0.2576,57.3,255.0,312.3,0.1835,0.1519,0.0,0,11,0,0,0,0,1,0,2021-01-05,0.5,tier1,1,0,1,0,Atalanta,2021-01-02,219.0,,ac,0,0,0,2021-01-12,2021-05-23,,0,0.0,0
14,Manchester United,4601,Timothy Fosu-Mensah,yes,25.0,17,3,14,0.196,46.4,246.9,293.3,0.1583,0.196,0.0,0,6,0,0,0,0,6,6,,0.0,none,1,0,0,1,,,,Manchester United U18,bc,21,0,0,2020-09-19,2021-01-12,,0,0.0,0
14,Manchester United,205411,Fred,yes,26.0,38,35,3,0.7689,1978.1,207.6,2185.7,0.905,0.9087,0.0,0,12,0,0,0,0,0,0,2018-07-04,0.35,tier2,1,0,1,0,Shakhtar Donetsk,2018-07-01,219.0,,bc,0,0,0,2020-09-19,2021-05-23,,0,0.0,0
14,Manchester United,20333643,Mason Greenwood,yes,27.0,38,35,3,0.7566,1919.3,204.3,2123.6,0.9038,0.6719,0.0,0,12,0,0,0,0,0,0,,0.0,none,1,0,0,1,,,,Manchester United U18,bc,0,0,0,2020-09-19,2021-05-23,,0,0.0,0
14,Manchester United,820,Jesse Lingard,yes,26.0,20,4,16,0.1313,60.5,189.1,249.6,0.2424,0.8848,0.0,0,12,12,0,0,0,0,0,,0.0,none,1,0,0,1,,,,Manchester United U23,bc,18,0,0,2020-09-19,2021-01-27,,0,0.0,0
14,Manchester United,1248,Odion Ighalo,yes,27.0,21,2,19,0.0998,21.4,170.6,191.9,0.1113,0.0976,0.0,0,12,0,0,0,0,0,0,2020-02-03,0.25,tier3,1,0,1,0,Shanghai Shenhua,2020-01-31,218.0,,bc,17,0,0,2020-09-19,2021-01-30,,0,0.0,0
14,Manchester United,20673398,Facundo Pellistri,yes,26.0,18,0,18,0.0903,0.0,146.2,146.2,0.0,0.0,0.0,0,0,0,0,0,0,12,0,2020-10-08,0.25,tier3,0,0,1,0,Peñarol,2020-10-05,219.0,,b,20,0,0,2020-10-17,2021-01-30,,0,0.0,0
14,Manchester United,130177,Alex Telles,yes,25.0,35,31,4,0.3307,707.4,119.1,826.5,0.8559,0.1667,0.0,0,12,0,0,0,0,0,0,2020-10-08,0.5,tier1,1,0,1,0,Porto,2020-10-05,219.0,,bc,3,0,0,2020-10-17,2021-05-23,,0,0.0,0
14,Manchester United,455376,Scott McTominay,yes,26.0,38,36,2,0.5673,1920.4,102.1,2022.5,0.9495,0.6649,0.0,0,12,0,0,0,0,0,0,,0.0,none,1,0,0,1,,,,Manchester United U23,bc,0,0,0,2020-09-19,2021-05-23,,0,0.0,0
14,Manchester United,846,Juan Mata,yes,26.0,38,26,12,0.0879,376.1,94.9,471.0,0.7985,0.1607,0.0,0,12,0,0,0,0,0,0,2014-01-27,0.45,data_club,1,0,1,0,Chelsea,2014-01-24,219.0,,bc,0,0,0,2020-09-19,2021-05-23,,0,0.0,0
14,Manchester United,5252,Aaron Wan-Bissaka,yes,25.0,38,37,1,1.0,3159.3,90.0,3249.3,0.9723,0.8333,0.0,0,12,0,0,0,0,0,0,2019-07-04,0.45,data_club,1,0,1,0,Crystal Palace,2019-07-01,219.0,,bc,0,0,0,2020-09-19,2021-05-23,,0,0.0,0
14,Manchester United,4391,Axel Tuanzebe,yes,25.0,38,30,8,0.1222,255.7,88.0,343.7,0.744,0.25,0.0,0,12,0,0,0,0,0,0,,0.0,none,1,0,0,1,,,,Manchester United U18,bc,0,0,0,2020-09-19,2021-05-23,,0,0.0,0
14,Manchester United,129602,Bruno Fernandes,yes,26.0,38,37,1,0.9153,3097.2,82.4,3179.6,0.9741,0.9153,0.0,0,12,0,0,0,0,0,0,2020-02-01,0.5,tier1,1,0,1,0,Sporting CP,2020-01-29,219.0,,ac,0,0,0,2020-09-19,2021-05-23,,0,0.0,0
14,Manchester United,1335,Nemanja Matic,yes,26.0,38,37,1,0.8266,1417.2,74.4,1491.6,0.9501,0.2757,0.0,0,12,0,0,0,0,0,0,2017-08-03,0.45,data_club,1,0,1,0,Chelsea,2017-07-31,219.0,,bc,0,0,0,2020-09-19,2021-05-23,,0,0.0,0
14,Manchester United,26031,Donny van de Beek,yes,26.0,38,34,4,0.0709,669.4,25.5,695.0,0.9633,0.2093,0.0,0,12,0,0,0,0,0,0,2020-09-05,0.5,tier1,1,0,1,0,Ajax,2020-09-02,219.0,,bc,0,0,0,2020-09-19,2021-05-23,,0,0.0,0
14,Manchester United,164061,Diogo Dalot,yes,25.0,3,0,3,0.0704,0.0,19.0,19.0,0.0,0.0704,0.0,0,8,0,0,0,0,4,0,2018-07-04,0.5,tier1,1,0,1,0,Porto,2018-07-01,219.0,,a,35,0,0,2020-09-19,2020-10-04,,0,0.0,0
14,Manchester United,28912805,Anthony Elanga,yes,27.0,4,2,2,0.0597,5.4,10.7,16.1,0.3333,0.143,0.0,0,2,0,0,0,0,10,10,,0.0,none,1,0,0,1,,,,Manchester United U23,bc,0,0,0,2021-05-11,2021-05-23,,0,0.0,0
14,Manchester United,27422646,Shola Shoretire,yes,27.0,14,5,9,0.0043,1.6,3.5,5.1,0.3077,0.0155,0.0,0,5,0,0,0,0,7,7,,0.0,none,1,0,0,1,,,,Manchester United U23,bc,0,0,0,2021-02-21,2021-05-23,,0,0.0,0
14,Manchester United,1878,Marcus Rashford,yes,27.0,38,38,0,0.7281,3084.3,0.0,3084.3,1.0,0.7281,0.0,0,12,0,0,0,0,0,0,,0.0,none,1,0,0,1,,,,Manchester United U18,ac,0,0,0,2020-09-19,2021-05-23,,0,0.0,0
14,Manchester United,1947,Lee Grant,yes,24.0,38,6,32,0.0,0.0,0.0,0.0,,0.0,0.0,0,9,0,0,0,0,3,0,2018-07-06,0.0,none,1,1,1,0,Stoke City,2018-07-03,219.0,,bc,0,0,0,2020-09-19,2021-05-23,,0,0.0,0
14,Manchester United,10907,Nathan Bishop,yes,24.0,10,1,9,0.0,0.0,0.0,0.0,,0.0,0.0,0,1,0,0,0,0,11,11,,0.0,none,1,1,0,1,,,,,bc,0,0,0,2021-03-14,2021-05-23,,0,0.0,0
14,Manchester United,12647,Dean Henderson,yes,24.0,38,38,0,0.8333,690.9,0.0,690.9,1.0,0.8333,0.0,0,12,0,0,0,0,0,0,,0.0,none,1,1,0,1,,,,Manchester United U23,bc,0,0,0,2020-09-19,2021-05-23,,0,0.0,0
14,Manchester United,27422645,Will Fish,yes,25.0,1,1,0,0.0,0.0,0.0,0.0,,0.0,0.0,0,1,0,0,0,0,11,11,,0.0,none,1,0,0,1,,,,,bc,0,0,0,2021-05-23,2021-05-23,,0,0.0,0
14,Manchester United,37316549,Alejandro Garnacho,yes,27.0,35,0,35,0.0,0.0,0.0,0.0,,0.0,0.0,0,0,0,0,0,0,12,0,2020-10-05,0.0,unknown+override,0,0,1,0,Atlético Yth.,2020-10-02,219.0,Manchester United U23,b,3,0,0,2020-10-17,2021-05-23,,0,0.0,0
14,Manchester United,37316858,Hannibal Mejbri,yes,26.0,1,1,0,0.0112,0.0,0.0,0.0,,0.0112,0.0,0,1,0,0,0,0,11,11,,0.0,none,1,0,0,1,,,,Manchester United U23,bc,0,0,0,2021-05-23,2021-05-23,,0,0.0,0
20,Newcastle United,2985,Jamaal Lascelles,yes,25.0,38,19,19,0.9352,1632.5,1599.3,3231.7,0.5051,0.9228,0.0,0,12,0,0,0,0,0,0,2014-08-12,0.45,data_club,1,0,1,0,Nottingham Forest,2014-08-09,219.0,,bc,0,0,0,2020-09-12,2021-05-23,,0,0.0,0
20,Newcastle United,32372,Fabian Schär,yes,25.0,38,18,20,0.7472,1098.3,1345.0,2443.3,0.4495,0.8237,59.7,1,11,0,0,0,1,0,0,2018-07-29,0.5,tier1,1,0,1,0,Deportivo A Coruña,2018-07-26,219.0,,ac,0,0,0,2020-09-12,2021-05-23,,0,0.0,0
20,Newcastle United,80889,Martin Dúbravka,yes,24.0,38,24,14,1.0,1170.0,1260.0,2430.0,0.4815,1.0,0.0,0,12,0,0,0,0,0,0,2018-07-04,0.0,none,1,1,1,0,Sparta Praha,2018-01-31,218.0,,bc,0,0,0,2020-09-12,2021-05-23,,0,0.0,0
20,Newcastle United,2712,Ryan Fraser,yes,26.0,38,20,18,0.6045,1053.1,979.3,2032.4,0.5181,0.6145,3.3,1,11,0,0,0,1,0,0,2020-09-10,0.45,data_club,1,0,1,0,AFC Bournemouth,2020-09-07,220.0,,bc,0,0,0,2020-09-12,2021-05-23,,0,0.0,0
20,Newcastle United,1414,Paul Dummett,yes,25.0,38,20,18,0.593,1077.2,960.6,2037.8,0.5286,1.0,0.0,0,12,0,0,0,0,0,0,,0.0,none,1,0,0,1,,,,Newcastle United U21,bc,0,0,0,2020-09-12,2021-05-23,,0,0.0,0
20,Newcastle United,1310,Federico Fernández,yes,25.0,38,27,11,0.9252,2159.2,916.0,3075.2,0.7021,0.711,0.0,0,12,0,0,0,0,0,0,2018-08-12,0.45,data_club,1,0,1,0,Swansea City,2018-08-09,219.0,,bc,0,0,0,2020-09-12,2021-05-23,,0,0.0,0
20,Newcastle United,32508,Allan Saint-Maximin,yes,27.0,38,25,13,0.7572,1545.7,885.9,2431.6,0.6357,0.7434,0.0,0,12,0,0,0,0,0,0,2019-08-05,0.5,tier1,1,0,1,0,Nice,2019-08-02,219.0,,bc,0,0,0,2020-09-12,2021-05-23,,0,0.0,0
20,Newcastle United,1065,Callum Wilson,yes,27.0,38,27,11,0.8485,2196.3,840.1,3036.3,0.7233,0.7874,0.0,0,12,0,0,0,0,0,0,2020-09-10,0.45,data_club,1,0,1,0,AFC Bournemouth,2020-09-07,219.0,,bc,0,0,0,2020-09-12,2021-05-23,,0,0.0,0
20,Newcastle United,2954,Isaac Hayden,yes,26.0,38,27,11,0.8226,1745.6,814.4,2560.0,0.6819,0.8689,0.0,0,12,0,0,0,0,0,0,2016-07-14,0.0,tier2,1,0,1,0,Arsenal U21,2016-07-11,219.0,,bc,0,0,0,2020-09-12,2021-05-23,,0,0.0,0
20,Newcastle United,360,Ciaran Clark,yes,25.0,38,30,8,0.8627,2194.3,621.1,2815.4,0.7794,0.5486,0.0,0,12,0,0,0,0,0,0,2016-08-06,0.45,data_club,1,0,1,0,Aston Villa,2016-08-03,219.0,,bc,0,0,0,2020-09-12,2021-05-23,,0,0.0,0
20,Newcastle United,1015,Christian Atsu,yes,26.0,38,0,38,0.1733,0.0,592.5,592.5,0.0,0.1733,0.0,0,12,0,0,0,0,0,0,2017-07-04,0.45,data_club,1,0,1,0,Chelsea,2016-08-31,218.0,,b,0,0,0,2020-09-12,2021-05-23,,0,0.0,0
20,Newcastle United,1179,Dwight Gayle,yes,27.0,38,27,11,0.5852,766.1,579.4,1345.5,0.5694,0.3178,0.0,0,12,0,0,0,0,0,0,2016-07-04,0.45,data_club,1,0,1,0,Crystal Palace,2016-07-01,219.0,,bc,0,0,0,2020-09-12,2021-05-23,,0,0.0,0
20,Newcastle United,22536394,Matty Longstaff,yes,26.0,38,18,20,0.2908,462.7,523.5,986.2,0.4692,0.0695,0.0,0,12,0,0,0,0,0,0,,0.0,none,1,0,0,1,,,,Newcastle United U21,bc,0,0,0,2020-09-12,2021-05-23,,0,0.0,0
20,Newcastle United,173737,Sean Longstaff,yes,26.0,38,31,7,0.6651,1355.6,419.0,1774.6,0.7639,0.5435,0.0,0,12,0,0,0,0,0,0,,0.0,none,1,0,0,1,,,,Newcastle United U21,bc,0,0,0,2020-09-12,2021-05-23,,0,0.0,0
20,Newcastle United,1061,Matt Ritchie,yes,26.0,38,30,8,0.5789,1268.1,416.8,1685.0,0.7526,0.7413,0.0,0,12,0,0,0,0,0,0,2016-07-04,0.45,data_club,1,0,1,0,AFC Bournemouth,2016-07-01,219.0,,bc,0,0,0,2020-09-12,2021-05-23,,0,0.0,0
20,Newcastle United,819,Jonjo Shelvey,yes,26.0,38,33,5,0.8709,2587.7,391.9,2979.6,0.8685,1.0,0.0,0,12,0,0,0,0,0,0,2016-01-15,0.45,data_club,1,0,1,0,Swansea City,2016-01-12,219.0,,bc,0,0,0,2020-09-12,2021-05-23,,0,0.0,0
20,Newcastle United,1352,Javier Manquillo,yes,25.0,38,29,9,0.4646,1234.8,376.3,1611.1,0.7664,0.1232,0.0,0,12,0,0,0,0,0,0,2017-07-24,0.5,tier1,1,0,1,0,Atlético de Madrid,2017-07-21,219.0,,bc,0,0,0,2020-09-12,2021-05-23,,0,0.0,0
20,Newcastle United,1397,Karl Darlow,yes,24.0,38,31,7,0.5,2092.5,315.0,2407.5,0.8692,0.5,0.0,0,12,0,0,0,0,0,0,2014-08-12,0.0,none,1,1,1,0,Nottingham Forest,2014-08-09,219.0,,bc,0,0,0,2020-09-12,2021-05-23,,0,0.0,0
20,Newcastle United,4317,DeAndre Yedlin,yes,25.0,21,9,12,0.2293,224.3,247.7,472.0,0.4752,0.4509,0.0,0,12,0,0,0,0,0,0,2016-08-27,0.45,data_club,1,0,1,0,Tottenham Hotspur,2016-08-24,219.0,,bc,17,0,0,2020-09-12,2021-01-30,,0,0.0,0
20,Newcastle United,129966,Emil Krafth,yes,25.0,38,33,5,0.4958,1310.4,223.1,1533.5,0.8545,0.6078,0.0,0,12,0,0,0,0,0,0,2019-08-11,0.5,tier1,1,0,1,0,Amiens SC,2019-08-08,219.0,,bc,0,0,0,2020-09-12,2021-05-23,,0,0.0,0
20,Newcastle United,1494666,Jamal Lewis,yes,25.0,38,36,2,0.7595,2353.4,136.7,2490.1,0.9451,0.0087,0.0,0,12,0,0,0,0,0,0,2020-09-11,0.45,data_club,1,0,1,0,Norwich City,2020-09-08,219.0,,bc,0,0,0,2020-09-12,2021-05-23,,0,0.0,0
20,Newcastle United,257663,Miguel Almirón,yes,26.0,38,36,2,0.757,2341.6,136.3,2477.8,0.945,0.8876,0.0,0,12,0,0,0,0,0,0,2019-02-03,0.25,tier3,1,0,1,0,Atlanta United,2019-01-31,219.0,,bc,0,0,0,2020-09-12,2021-05-23,,0,0.0,0
20,Newcastle United,3071,Jacob Murphy,yes,26.0,38,33,5,0.2614,1086.9,117.7,1204.5,0.9023,0.7804,0.0,0,12,0,0,0,0,0,0,2017-07-22,0.45,data_club,1,0,1,0,Norwich City,2017-07-19,219.0,,ac,0,0,0,2020-09-12,2021-05-23,,0,0.0,0
20,Newcastle United,2361,Jeff Hendrick,yes,26.0,38,36,2,0.586,1900.6,105.5,2006.1,0.9474,0.1099,0.0,1,12,0,0,0,0,0,0,2020-08-27,0.45,data_club,1,0,1,0,Burnley,2020-08-24,220.0,,bc,0,0,0,2020-09-12,2021-05-23,,0,0.0,0
20,Newcastle United,33645,Joelinton,yes,26.0,38,37,1,0.7484,1913.7,67.4,1981.1,0.966,0.7484,0.0,0,12,0,0,0,0,0,0,2019-07-26,0.5,tier1,1,0,1,0,TSG Hoffenheim,2019-07-23,219.0,,ac,0,0,0,2020-09-12,2021-05-23,,0,0.0,0
20,Newcastle United,1494447,Joe Willock,yes,26.0,16,15,1,0.6141,755.2,55.3,810.4,0.9318,0.6705,0.0,0,12,0,0,0,0,0,0,2021-02-04,0.45,data_club,1,0,1,0,Arsenal,2021-02-01,218.0,,c,0,0,0,2021-02-06,2021-05-23,,0,0.0,0
20,Newcastle United,746,Andy Carroll,yes,27.0,38,35,3,0.1335,565.0,36.1,601.0,0.94,0.0145,0.0,0,12,0,0,0,0,0,0,2019-08-11,0.45,data_club,1,0,1,0,West Ham United,2019-08-08,220.0,Newcastle Utd U18,bc,0,0,0,2020-09-12,2021-05-23,,0,0.0,0
20,Newcastle United,332047,Elliot Anderson,yes,26.0,29,9,20,0.0046,2.7,8.2,10.9,0.25,0.0061,0.0,0,9,0,0,0,0,3,3,,0.0,none,1,0,0,1,,,,Newcastle United U21,bc,0,0,0,2020-11-27,2021-05-23,,0,0.0,0
20,Newcastle United,7855,Mark Gillespie,yes,24.0,38,20,18,0.0,0.0,0.0,0.0,,0.0,0.0,0,12,0,0,0,0,0,0,2020-07-06,0.0,none,1,1,1,0,Motherwell,2020-07-03,220.0,,ac,0,0,0,2020-09-12,2021-05-23,,0,0.0,0
20,Newcastle United,22536395,Daniel Langley,yes,24.0,28,1,27,0.0,0.0,0.0,0.0,,0.0,0.0,0,1,0,0,0,0,11,11,,0.0,none,1,1,0,1,,,,,bc,0,0,0,2020-12-12,2021-05-23,,0,0.0,0
21,Sheffield United,5953,Jack O'Connell,yes,25.0,38,2,36,0.951,171.2,3081.3,3252.4,0.0526,0.951,0.0,0,12,0,0,0,0,0,0,2016-07-11,0.45,data_club,1,0,1,0,Brentford,2016-07-08,219.0,,bc,0,0,0,2020-09-14,2021-05-23,,0,0.0,0
21,Sheffield United,64193,Sander Berge,yes,26.0,38,15,23,0.9177,1150.5,1899.7,3050.2,0.3772,0.8553,0.0,0,12,0,0,0,0,0,0,2020-02-02,0.5,tier1,1,0,1,0,Genk,2020-01-30,219.0,,bc,0,0,0,2020-09-14,2021-05-23,,0,0.0,0
21,Sheffield United,1022,Jack Robinson,yes,25.0,38,18,20,0.537,739.1,966.7,1705.7,0.4333,0.5781,0.0,0,12,0,0,0,0,0,0,2020-01-24,0.45,data_club,1,0,1,0,Nottingham Forest,2020-01-21,219.0,,bc,0,0,0,2020-09-14,2021-05-23,,0,0.0,0
21,Sheffield United,4746,Oliver McBurnie,yes,27.0,38,24,14,0.6028,1475.1,759.5,2234.7,0.6601,0.5083,0.0,0,12,0,0,0,0,0,0,2019-08-05,0.45,data_club,1,0,1,0,Swansea City,2019-08-02,219.0,,bc,0,0,0,2020-09-14,2021-05-23,,0,0.0,0
21,Sheffield United,4220,Enda Stevens,yes,26.0,38,30,8,1.0,2690.9,720.0,3410.9,0.7889,1.0,0.0,0,12,0,0,0,0,0,0,2017-07-04,0.45,data_club,1,0,1,0,Portsmouth,2017-07-01,220.0,,bc,0,0,0,2020-09-14,2021-05-23,,0,0.0,0
21,Sheffield United,581158,Jayden Bogle,yes,25.0,38,23,15,0.4788,1167.8,646.3,1814.1,0.6437,0.3765,0.0,0,12,0,0,0,0,0,0,2020-09-10,0.45,data_club,1,0,1,0,Derby County,2020-09-07,219.0,,bc,0,0,0,2020-09-14,2021-05-23,,0,0.0,0
21,Sheffield United,3305,John Egan,yes,25.0,38,31,7,0.9944,2734.6,626.5,3361.1,0.8136,0.924,78.0,1,12,0,0,0,0,0,0,2018-07-22,0.45,data_club,1,0,1,0,Sunderland,2012-03-06,218.0,,bc,0,0,0,2020-09-14,2021-05-23,,0,0.0,0
21,Sheffield United,12542,Ethan Ampadu,yes,26.0,38,29,9,0.736,1861.0,596.2,2457.2,0.7574,0.8693,0.0,0,12,0,0,0,0,0,0,2020-09-10,0.45,data_club,1,0,1,0,Chelsea,2020-09-07,218.0,,bc,0,0,0,2020-09-14,2021-05-23,,0,0.0,0
21,Sheffield United,506,Chris Basham,yes,25.0,38,31,7,0.8942,2501.2,563.3,3064.6,0.8162,0.9488,0.0,0,12,0,0,0,0,0,0,2014-07-04,0.45,data_club,1,0,1,0,Blackpool,2014-07-01,220.0,,bc,0,0,0,2020-09-14,2021-05-23,,0,0.0,0
21,Sheffield United,1384,Billy Sharp,yes,27.0,38,25,13,0.4063,685.1,475.4,1160.5,0.5904,0.5095,0.0,0,12,0,0,0,0,0,0,2015-07-28,0.45,data_club,1,0,1,0,Scunthorpe United,2007-07-04,219.0,Sheffield United U18,bc,0,0,0,2020-09-14,2021-05-23,,0,0.0,0
21,Sheffield United,4901,Lys Mousset,yes,27.0,38,19,19,0.2265,424.1,387.3,811.3,0.5227,0.0929,0.0,0,12,0,0,0,0,0,0,2019-07-24,0.45,data_club,1,0,1,0,AFC Bournemouth,2019-07-21,219.0,,bc,0,0,0,2020-09-14,2021-05-23,,0,0.0,0
21,Sheffield United,5858,John Fleck,yes,26.0,38,33,5,0.7386,2470.4,332.4,2802.7,0.8814,1.0,0.0,0,12,0,0,0,0,0,0,2016-07-11,0.45,data_club,1,0,1,0,Coventry City,2016-07-08,220.0,,bc,0,0,0,2020-09-14,2021-05-23,,0,0.0,0
21,Sheffield United,2891,Simon Moore,yes,24.0,38,0,38,0.0833,0.0,285.0,285.0,0.0,0.0833,0.0,0,12,0,0,0,0,0,0,2016-08-22,0.0,none,1,1,1,0,Cardiff City,2016-08-19,219.0,,b,0,0,0,2020-09-14,2021-05-23,,0,0.0,0
21,Sheffield United,3604,George Baldock,yes,26.0,38,35,3,0.8865,2802.6,239.3,3041.9,0.9213,0.9545,0.0,0,12,0,0,0,0,0,0,2017-07-04,0.35,tier2,1,0,1,0,Milton Keynes Dons,2017-07-01,219.0,,bc,0,0,0,2020-09-14,2021-05-23,,0,0.0,0
21,Sheffield United,3262,John Lundstram,yes,26.0,38,34,4,0.6523,2250.5,234.8,2485.3,0.9055,0.4396,20.7,1,12,0,0,0,0,0,0,2017-07-28,0.45,data_club,1,0,1,0,Oxford United,2017-07-25,219.0,,bc,0,0,0,2020-09-14,2021-05-23,,0,0.0,0
21,Sheffield United,3248,Max Lowe,yes,25.0,38,33,5,0.4625,811.8,208.1,1019.9,0.7959,0.0,0.0,0,12,0,0,0,0,0,0,2020-09-10,0.45,data_club,1,0,1,0,Derby County,2020-09-07,219.0,,bc,0,0,0,2020-09-14,2021-05-23,,0,0.0,0
21,Sheffield United,9726,Kean Bryan,yes,25.0,38,23,15,0.1239,696.4,167.3,863.7,0.8063,0.6551,0.0,0,12,0,0,0,0,0,0,2018-08-05,0.0,tier2,1,0,1,0,Manchester City U21,2018-08-02,220.0,,bc,0,0,0,2020-09-14,2021-05-23,,0,0.0,0
21,Sheffield United,3230,Ben Osborn,yes,26.0,38,34,4,0.461,1474.3,166.0,1640.3,0.8988,0.6542,0.0,0,12,0,0,0,0,0,0,2019-07-29,0.45,data_club,1,0,1,0,Nottingham Forest,2019-07-26,219.0,,bc,0,0,0,2020-09-14,2021-05-23,,0,0.0,0
21,Sheffield United,6286,Oliver Burke,yes,27.0,38,33,5,0.3674,1276.8,165.3,1442.1,0.8854,0.3388,0.0,0,12,0,0,0,0,0,0,2020-09-12,0.45,data_club,1,0,1,0,West Bromwich Albion,2020-09-09,219.0,,bc,0,0,0,2020-09-14,2021-05-23,,0,0.0,0
21,Sheffield United,32,Phil Jagielka,yes,25.0,38,31,7,0.1311,500.8,82.6,583.4,0.8584,0.1562,0.0,1,11,0,0,0,1,0,0,2019-07-07,0.45,data_club,1,0,1,0,Everton,2019-07-04,220.0,Sheffield United U18,bc,0,0,0,2020-09-14,2021-05-23,,0,0.0,0
21,Sheffield United,2191,David McGoldrick,yes,27.0,38,37,1,0.7283,2232.3,65.5,2297.9,0.9715,0.8826,0.0,0,12,0,0,0,0,0,0,2018-07-27,0.45,data_club,1,0,1,0,Ipswich Town,2018-07-24,220.0,,bc,0,0,0,2020-09-14,2021-05-23,,0,0.0,0
21,Sheffield United,2321,Oliver Norwood,yes,26.0,38,37,1,0.4048,2093.4,36.4,2129.8,0.9829,0.9193,0.0,0,12,0,0,0,0,0,0,2019-01-07,0.45,data_club,1,0,1,0,Brighton & Hove Albion,2018-08-13,218.0,,bc,0,0,0,2020-09-14,2021-05-23,,0,0.0,0
21,Sheffield United,37391642,Antwoine Hackford,yes,27.0,22,1,21,0.0129,0.0,24.3,24.3,0.0,0.0129,0.0,0,1,0,0,0,0,11,11,,0.0,none,1,0,0,1,,,,,bc,0,0,0,2021-01-02,2021-05-23,,0,0.0,0
21,Sheffield United,23661272,Iliman Ndiaye,yes,26.0,17,7,10,0.0091,2.3,8.2,10.5,0.2222,0.013,0.0,0,7,0,0,0,0,5,5,,0.0,none,1,0,0,1,,,,Sheffield United U21,bc,0,0,0,2021-02-02,2021-05-23,,0,0.0,0
21,Sheffield United,26715430,Femi Seriki,yes,25.0,2,1,1,0.0017,0.0,0.2,0.2,0.0,0.0017,0.0,0,1,0,0,0,0,11,11,,0.0,none,1,0,0,1,,,,Sheffield United U21,c,0,0,0,2021-05-19,2021-05-23,,0,0.0,0
21,Sheffield United,3478,Wes Foderingham,yes,24.0,38,25,13,0.0,0.0,0.0,0.0,,0.0,0.0,0,12,0,0,0,0,0,0,2020-07-30,0.0,none,1,1,1,0,Rangers,2020-07-27,220.0,,bc,0,0,0,2020-09-14,2021-05-23,,0,0.0,0
21,Sheffield United,9438,Aaron Ramsdale,yes,24.0,38,38,0,1.0,2835.0,0.0,2835.0,1.0,1.0,0.0,0,12,0,0,0,0,0,0,2020-08-22,0.0,none,1,1,1,0,AFC Bournemouth,2020-08-19,219.0,Sheffield United U18,bc,0,0,0,2020-09-14,2021-05-23,,0,0.0,0
21,Sheffield United,26085,Michael Verrips,yes,24.0,21,13,8,0.0,0.0,0.0,0.0,,0.0,0.0,0,12,0,0,0,0,0,0,2019-08-11,0.0,none,1,1,1,0,Mechelen,2019-08-08,220.0,,bc,17,0,0,2020-09-14,2021-01-30,,0,0.0,0
21,Sheffield United,455354,Rhian Brewster,yes,27.0,34,34,0,0.3624,966.8,0.0,966.8,1.0,0.3624,0.0,0,12,0,0,0,0,0,0,2020-10-05,0.0,tier2,1,0,1,0,Liverpool U21,2020-10-02,219.0,,bc,4,0,0,2020-10-18,2021-05-23,,0,0.0,0
21,Sheffield United,7714340,Rhys Norrington-Davies,yes,25.0,1,0,1,0.0,0.0,0.0,0.0,,0.0,0.0,0,0,0,12,0,0,0,0,,0.0,none,1,0,0,1,,,,Sheffield United U21,a,37,0,0,2021-01-12,2021-01-12,,0,0.0,0
21,Sheffield United,37391625,Harry Boyes,yes,25.0,2,1,1,0.0,0.0,0.0,0.0,,0.0,0.0,0,1,0,0,0,0,11,11,,0.0,none,1,0,0,1,,,,,bc,0,0,0,2021-05-19,2021-05-23,,0,0.0,0
21,Sheffield United,37391626,Kyron Gordon,yes,25.0,18,6,12,0.0,0.0,0.0,0.0,,0.0,0.0,0,6,0,0,0,0,6,6,,0.0,none,1,0,0,1,,,,Sheffield United U21,bc,0,0,0,2021-01-30,2021-05-23,,0,0.0,0
21,Sheffield United,37391628,Zak Brunt,yes,26.0,17,7,10,0.0,0.0,0.0,0.0,,0.0,0.0,0,7,0,0,0,0,5,5,,0.0,none,1,0,0,1,,,,,bc,0,0,0,2021-02-02,2021-05-23,,0,0.0,0
21,Sheffield United,37391630,Frankie Maguire,yes,26.0,15,4,11,0.0,0.0,0.0,0.0,,0.0,0.0,0,4,0,0,0,0,8,8,,0.0,none,1,0,0,1,,,,,bc,0,0,0,2021-02-15,2021-05-23,,0,0.0,0
21,Sheffield United,37391641,Daniel Jebbison,yes,27.0,4,4,0,0.2619,29.2,0.0,29.2,1.0,0.2619,0.0,0,4,0,0,0,0,8,8,,0.0,none,1,0,0,1,,,,Sheffield United U18,bc,0,0,0,2021-05-08,2021-05-23,data mismatch: excluded,0,0.0,0
21,Sheffield United,37559767,William Osula,yes,27.0,1,1,0,0.0,0.0,0.0,0.0,,0.0,0.0,0,1,0,0,0,0,11,11,,0.0,none,1,0,0,1,,,,Sheffield United U21,bc,0,0,0,2021-05-23,2021-05-23,,0,0.0,0
65,Southampton,1505,Oriol Romeu,yes,26.0,38,21,17,0.972,1649.2,1487.2,3136.4,0.5258,0.9122,0.0,0,12,0,0,0,0,0,0,2015-08-15,0.45,data_club,1,0,1,0,Chelsea,2015-08-12,219.0,,bc,0,0,0,2020-09-12,2021-05-23,,0,0.0,0
65,Southampton,581052,Will Smallbone,yes,26.0,38,8,30,0.3092,239.7,834.8,1074.6,0.2231,0.3061,0.0,0,12,0,0,0,0,0,0,,0.0,none,1,0,0,1,,,,Southampton U21,bc,0,0,0,2020-09-12,2021-05-23,,0,0.0,0
65,Southampton,1350,Ryan Bertrand,yes,25.0,38,29,9,0.9879,2521.0,800.2,3321.1,0.7591,1.0,0.0,0,12,0,0,0,0,0,0,2015-02-05,0.45,data_club,1,0,1,0,Chelsea,2014-07-30,218.0,,bc,0,0,0,2020-09-12,2021-05-23,,0,0.0,0
65,Southampton,53,Theo Walcott,yes,27.0,34,24,10,0.8554,1642.0,769.9,2411.9,0.6808,0.5515,0.0,0,12,0,0,0,0,0,0,2020-10-08,0.45,data_club,1,0,1,0,Everton,2020-10-05,218.0,Southampton U18,bc,4,0,0,2020-10-17,2021-05-23,,0,0.0,0
65,Southampton,1450,Danny Ings,yes,27.0,38,29,9,0.8738,2305.9,707.8,3013.7,0.7651,0.7265,0.0,0,12,0,0,0,0,0,0,2019-07-04,0.45,data_club,1,0,1,0,Liverpool,2018-08-09,218.0,,bc,0,0,0,2020-09-12,2021-05-23,,0,0.0,0
65,Southampton,31129,Jannik Vestergaard,yes,25.0,38,31,7,1.0,2404.4,630.0,3034.4,0.7924,1.0,80.0,1,11,0,0,0,1,0,0,2018-07-16,0.5,tier1,1,0,1,0,Borussia Mönchengladbach,2018-07-13,219.0,,bc,0,0,0,2020-09-12,2021-05-23,,0,0.0,0
65,Southampton,4659,Kyle Walker-Peters,yes,25.0,38,31,7,0.9918,2567.3,624.8,3192.2,0.8043,0.8798,0.0,0,12,0,0,0,0,0,0,2020-08-14,0.45,data_club,1,0,1,0,Tottenham Hotspur,2020-01-29,218.0,,bc,0,0,0,2020-09-12,2021-05-23,,0,0.0,0
65,Southampton,979,Nathan Redmond,yes,26.0,38,30,8,0.7175,1874.0,516.6,2390.5,0.7839,0.7392,0.0,0,12,0,0,0,0,0,0,2016-07-04,0.45,data_club,1,0,1,0,Norwich City,2016-07-01,219.0,,bc,0,0,0,2020-09-12,2021-05-23,,0,0.0,0
65,Southampton,581040,Jake Vokins,yes,25.0,38,8,30,0.1207,60.0,326.0,386.0,0.1555,0.1424,0.0,0,12,0,0,0,0,0,0,,0.0,none,1,0,0,1,,,,,bc,0,0,0,2020-09-12,2021-05-23,,0,0.0,0
65,Southampton,172357,Stuart Armstrong,yes,26.0,38,34,4,0.7855,2586.6,282.8,2869.4,0.9014,0.949,0.0,0,12,0,0,0,0,0,0,2018-07-04,0.35,tier2,1,0,1,0,Celtic,2018-07-01,219.0,,bc,0,0,0,2020-09-12,2021-05-23,,0,0.0,0
65,Southampton,11347016,Mohammed Salisu,yes,25.0,38,23,15,0.2083,467.1,281.2,748.3,0.6242,0.5415,0.0,0,12,0,0,0,0,0,0,2020-08-15,0.5,tier1,1,0,1,0,Real Valladolid,2020-08-12,219.0,,bc,0,0,0,2020-09-12,2021-05-23,,0,0.0,0
65,Southampton,581043,Yan Valery,yes,25.0,20,9,11,0.231,165.2,228.7,393.9,0.4194,0.0894,0.0,0,3,0,9,0,0,0,0,,0.0,none,1,0,0,1,,,,Southampton U21,bc,18,0,0,2020-09-12,2021-01-30,,0,0.0,0
65,Southampton,537558,Ibrahima Diallo,yes,26.0,34,28,6,0.393,1069.2,212.2,1281.5,0.8344,0.5457,0.0,0,12,0,0,0,0,0,0,2020-10-07,0.5,tier1,1,0,1,0,Brest,2020-10-04,219.0,,bc,4,0,0,2020-10-17,2021-05-23,,0,0.0,0
65,Southampton,978883,Moussa Djenepo,yes,26.0,38,34,4,0.484,1397.5,174.3,1571.8,0.8891,0.2028,0.0,0,12,0,0,0,0,0,0,2019-07-04,0.5,tier1,1,0,1,0,Standard Liège,2019-07-01,219.0,,bc,0,0,0,2020-09-12,2021-05-23,,0,0.0,0
65,Southampton,3596,Ché Adams,yes,27.0,38,36,2,0.855,2489.6,153.9,2643.5,0.9418,0.7716,0.0,0,12,0,0,0,0,0,0,2019-07-04,0.45,data_club,1,0,1,0,Birmingham City,2019-07-01,219.0,,bc,0,0,0,2020-09-12,2021-05-23,,0,0.0,0
65,Southampton,581055,Michael Obafemi,yes,27.0,38,14,24,0.063,135.1,136.2,271.2,0.498,0.0629,0.0,0,12,0,0,0,0,0,0,,0.0,none,1,0,0,1,,,,Southampton U21,bc,0,0,0,2020-09-12,2021-05-23,,0,0.0,0
65,Southampton,1131,Alex McCarthy,yes,24.0,38,37,1,1.0,2925.0,90.0,3015.0,0.9701,0.5,0.0,0,12,0,0,0,0,0,0,2016-08-04,0.0,none,1,1,1,0,Crystal Palace,2016-08-01,219.0,,bc,0,0,0,2020-09-12,2021-05-23,,0,0.0,0
65,Southampton,1494225,Nathan Tella,yes,26.0,38,28,10,0.1,513.7,90.0,603.7,0.851,0.444,0.0,0,12,0,0,0,0,0,0,,0.0,none,1,0,0,1,,,,Southampton U21,bc,0,0,0,2020-09-12,2021-05-23,,0,0.0,0
65,Southampton,155138,Jan Bednarek,yes,25.0,38,37,1,0.9575,3125.6,86.2,3211.7,0.9732,0.8742,1.9,1,12,0,0,0,0,0,0,2017-07-04,0.35,tier2,1,0,1,0,Lech Poznań,2017-07-01,219.0,,bc,0,0,0,2020-09-12,2021-05-23,,0,0.0,0
65,Southampton,52671,Takumi Minamino,yes,27.0,17,15,2,0.453,597.9,81.5,679.5,0.88,0.443,0.0,0,12,0,0,0,0,0,0,2021-02-04,0.45,data_club,1,0,1,0,Liverpool,2021-02-01,218.0,,bc,21,0,0,2021-02-06,2021-05-23,,0,0.0,0
65,Southampton,21413000,Kayne Ramsay,yes,25.0,38,14,24,0.0278,67.5,60.0,127.5,0.5294,0.0833,0.0,0,12,0,0,0,0,0,0,,0.0,none,1,0,0,1,,,,,bc,0,0,0,2020-09-12,2021-05-23,,0,0.0,0
65,Southampton,28575692,Caleb Watts,yes,26.0,21,9,12,0.036,13.6,38.9,52.4,0.2589,0.0416,0.0,0,9,0,0,0,0,3,3,,0.0,none,1,0,0,1,,,,,bc,0,0,0,2021-01-16,2021-05-23,,0,0.0,0
65,Southampton,23739034,Allan Tchaptchet,yes,25.0,21,2,19,0.0124,0.0,21.2,21.2,0.0,0.0139,0.0,0,2,0,0,0,0,10,10,,0.0,none,1,0,0,1,,,,,bc,0,0,0,2021-01-16,2021-05-23,,0,0.0,0
65,Southampton,581122,Dan Nlundulu,yes,27.0,38,29,9,0.0206,122.8,16.7,139.5,0.8802,0.0225,0.0,0,12,0,0,0,0,0,0,,0.0,none,1,0,0,1,,,,Southampton U21,bc,0,0,0,2020-09-12,2021-05-23,,0,0.0,0
65,Southampton,722,Shane Long,yes,27.0,20,18,2,0.0897,365.3,16.2,381.5,0.9577,0.0,0.0,0,0,0,0,12,0,0,0,2014-08-17,0.45,data_club,1,0,1,0,Hull City,2014-08-14,219.0,,bc,18,0,0,2020-09-12,2021-01-30,,0,0.0,0
65,Southampton,23638505,Alexandre Jankewitz,yes,26.0,38,12,26,0.0021,6.0,4.8,10.8,0.553,0.0065,0.0,1,11,0,0,0,1,0,0,,0.0,none,1,0,0,1,,,,,bc,0,0,0,2020-09-12,2021-05-23,,0,0.0,0
65,Southampton,1155,James Ward-Prowse,yes,26.0,38,38,0,1.0,3420.0,0.0,3420.0,1.0,1.0,0.0,0,12,0,0,0,0,0,0,,0.45,data_club,1,0,1,0,West Ham United,2026-08-28,219.0,Southampton U18,c,0,0,0,2020-09-12,2021-05-23,,0,0.0,0
65,Southampton,1241,Fraser Forster,yes,24.0,38,38,0,0.5,495.0,0.0,495.0,1.0,0.5,0.0,0,12,0,0,0,0,0,0,2014-08-12,0.0,none,1,1,1,0,Celtic,2014-08-09,219.0,,bc,0,0,0,2020-09-12,2021-05-23,,0,0.0,0
65,Southampton,1393,Jack Stephens,yes,25.0,38,38,0,0.4731,1688.8,0.0,1688.8,1.0,0.4731,0.0,0,12,0,0,0,0,0,0,,0.0,none,1,0,0,1,,,,Southampton U21,ac,0,0,0,2020-09-12,2021-05-23,,0,0.0,0
65,Southampton,5299,Harry Lewis,yes,24.0,38,2,36,0.0,0.0,0.0,0.0,,0.0,0.0,0,3,0,0,0,0,9,9,,0.0,none,1,1,0,1,,,,Southampton U21,bc,0,0,0,2020-09-12,2021-05-23,,0,0.0,0
65,Southampton,455498,Will Ferry,yes,26.0,38,16,22,0.0,0.0,0.0,0.0,,0.0,0.0,0,12,0,0,0,0,0,0,,0.0,none,1,0,0,1,,,,,bc,0,0,0,2020-09-12,2021-05-23,,0,0.0,0
65,Southampton,37298058,Kgaogelo Chauke,yes,26.0,22,10,12,0.0,0.0,0.0,0.0,,0.0,0.0,0,10,0,0,0,0,2,2,,0.0,none,1,0,0,1,,,,,bc,0,0,0,2021-01-04,2021-05-23,,0,0.0,0
65,Southampton,37536910,Ryan Finnigan,yes,26.0,18,2,16,0.0,0.0,0.0,0.0,,0.0,0.0,0,2,0,0,0,0,10,10,,0.0,none,1,0,0,1,,,,,bc,0,0,0,2021-02-02,2021-05-23,,0,0.0,0
6,Tottenham Hotspur,1271,Danny Rose,yes,25.0,38,0,38,0.53,0.0,1812.5,1812.5,0.0,0.53,0.0,0,12,12,0,0,0,0,0,2007-07-28,0.0,tier2,1,0,1,0,Leeds United U18,2007-07-25,219.0,,b,0,0,0,2020-09-13,2021-05-23,,0,0.0,0
6,Tottenham Hotspur,95094,Sèrge Aurier,yes,25.0,38,25,13,0.7766,1713.9,908.6,2622.5,0.6535,0.7563,0.0,0,12,0,0,0,0,0,0,2017-09-03,0.5,tier1,1,0,1,0,Paris Saint Germain,2017-08-31,219.0,,bc,0,0,0,2020-09-13,2021-05-23,,0,0.0,0
6,Tottenham Hotspur,540290,Japhet Tanganga,yes,25.0,38,14,24,0.4028,386.4,870.1,1256.5,0.3075,0.4466,0.0,0,12,0,0,0,0,0,0,,0.0,none,1,0,0,1,,,,Tottenham U21,bc,0,0,0,2020-09-13,2021-05-23,,0,0.0,0
6,Tottenham Hotspur,97664,Giovani Lo Celso,yes,26.0,38,20,18,0.5144,1037.9,833.3,1871.2,0.5547,0.5754,0.0,0,12,0,0,0,0,0,0,2020-07-04,0.5,tier1,1,0,1,0,Real Betis,2019-08-08,218.0,,bc,0,0,0,2020-09-13,2021-05-23,,0,0.0,0
6,Tottenham Hotspur,922,Dele Alli,yes,26.0,38,23,15,0.5182,661.1,699.5,1360.6,0.4859,0.3741,0.0,0,12,0,0,0,0,0,0,2015-02-05,0.35,tier2,1,0,1,0,Milton Keynes Dons,2015-02-02,219.0,,bc,0,0,0,2020-09-13,2021-05-23,,0,0.0,0
6,Tottenham Hotspur,26294,Davinson Sánchez,yes,25.0,38,28,10,0.6479,1666.7,583.1,2249.7,0.7408,0.5,0.0,0,12,0,0,0,0,0,0,2017-08-26,0.5,tier1,1,0,1,0,Ajax,2017-08-23,219.0,,bc,0,0,0,2020-09-13,2021-05-23,,0,0.0,0
6,Tottenham Hotspur,25776,Steven Bergwijn,yes,27.0,38,26,12,0.5087,1242.8,549.4,1792.2,0.6935,0.3372,0.0,0,12,0,0,0,0,0,0,2020-02-01,0.5,tier1,1,0,1,0,PSV,2020-01-29,219.0,,bc,0,0,0,2020-09-13,2021-05-23,,0,0.0,0
6,Tottenham Hotspur,989,Ben Davies,yes,25.0,38,29,9,0.6158,1674.9,498.8,2173.7,0.7705,0.6158,0.0,0,12,0,0,0,0,0,0,2014-07-26,0.45,data_club,1,0,1,0,Swansea City,2014-07-23,219.0,,ac,0,0,0,2020-09-13,2021-05-23,,0,0.0,0
6,Tottenham Hotspur,3884,Matt Doherty,yes,25.0,38,28,10,0.5237,1254.7,471.3,1726.0,0.7269,0.4209,0.0,1,12,0,0,0,0,0,0,2020-09-02,0.45,data_club,1,0,1,0,Wolverhampton Wanderers,2020-08-30,219.0,,bc,0,0,0,2020-09-13,2021-05-23,,0,0.0,0
6,Tottenham Hotspur,339112,Joe Rodon,yes,25.0,33,21,12,0.4223,624.2,456.1,1080.3,0.5778,0.585,0.0,0,12,0,0,0,0,0,0,2020-10-19,0.45,data_club,1,0,1,0,Swansea City,2020-10-16,219.0,,bc,5,0,0,2020-10-26,2021-05-23,,0,0.0,0
6,Tottenham Hotspur,1711,Harry Winks,yes,26.0,38,30,8,0.5882,1130.2,423.5,1553.7,0.7274,0.2721,0.0,0,12,0,0,0,0,0,0,,0.0,none,1,0,0,1,,,,Tottenham U21,bc,0,0,0,2020-09-13,2021-05-23,,0,0.0,0
6,Tottenham Hotspur,380886,Sergio Reguilón,yes,25.0,36,31,5,0.8134,1970.1,366.0,2336.2,0.8433,0.9424,0.0,0,12,0,0,0,0,0,0,2020-09-22,0.5,tier1,1,0,1,0,Real Madrid,2020-09-19,219.0,,bc,2,0,0,2020-09-27,2021-05-23,,0,0.0,0
6,Tottenham Hotspur,941,Érik Lamela,yes,26.0,38,28,10,0.3184,819.8,286.6,1106.4,0.741,0.169,0.0,1,11,0,0,0,1,0,0,2013-09-02,0.5,tier1,1,0,1,0,Roma,2013-08-30,219.0,,bc,0,0,0,2020-09-13,2021-05-23,,0,0.0,0
6,Tottenham Hotspur,997,Harry Kane,yes,27.0,38,35,3,0.949,3068.4,256.2,3324.7,0.9229,0.9879,0.0,0,12,0,0,0,0,0,0,,0.0,none,1,0,0,1,,,,Tottenham U18,bc,0,0,0,2020-09-13,2021-05-23,,0,0.0,0
6,Tottenham Hotspur,463153,Carlos Vinícius,yes,27.0,34,25,9,0.2286,432.8,185.1,617.9,0.7004,0.1363,0.0,0,12,0,0,0,0,0,0,2020-10-05,0.5,tier1,1,0,1,0,Benfica,2020-10-02,218.0,,bc,4,0,0,2020-10-18,2021-05-23,,0,0.0,0
6,Tottenham Hotspur,988,Toby Alderweireld,yes,25.0,38,35,3,0.6351,2146.5,171.5,2318.0,0.926,0.9167,0.0,0,12,0,0,0,0,0,0,2015-07-11,0.5,tier1,1,0,1,0,Atlético de Madrid,2015-07-08,219.0,,bc,0,0,0,2020-09-13,2021-05-23,,0,0.0,0
6,Tottenham Hotspur,251,Gareth Bale,yes,27.0,36,30,6,0.2815,831.4,152.0,983.4,0.8454,0.4527,0.0,0,12,0,0,0,0,0,0,2020-09-22,0.5,tier1,1,0,1,0,Southampton,2007-07-01,219.0,,bc,2,0,0,2020-09-27,2021-05-23,,0,0.0,0
6,Tottenham Hotspur,1380,Moussa Sissoko,yes,26.0,38,35,3,0.411,2033.4,111.0,2144.4,0.9483,0.2048,0.0,0,12,0,0,0,0,0,0,2016-09-03,0.45,data_club,1,0,1,0,Newcastle United,2016-08-31,219.0,,bc,0,0,0,2020-09-13,2021-05-23,,0,0.0,0
6,Tottenham Hotspur,99148,Tanguy Ndombélé,yes,26.0,38,36,2,0.5254,1935.3,94.6,2029.9,0.9534,0.5088,0.0,0,12,0,0,0,0,0,0,2019-07-05,0.5,tier1,1,0,1,0,Olympique Lyonnais,2019-07-02,219.0,,bc,0,0,0,2020-09-13,2021-05-23,,0,0.0,0
6,Tottenham Hotspur,4313,Son Heung-Min,yes,27.0,38,37,1,0.9305,3067.7,83.7,3151.4,0.9734,0.8906,0.0,0,12,0,0,0,0,0,0,2015-08-31,0.5,tier1,1,0,1,0,Bayer 04 Leverkusen,2015-08-28,219.0,,bc,0,0,0,2020-09-13,2021-05-23,,0,0.0,0
6,Tottenham Hotspur,916,Eric Dier,yes,25.0,38,37,1,0.9167,2600.3,82.5,2682.8,0.9692,0.5833,0.0,0,12,0,0,0,0,0,0,2014-08-03,0.5,tier1,1,0,1,0,Sporting CP,2014-07-31,219.0,,bc,0,0,0,2020-09-13,2021-05-23,,0,0.0,0
6,Tottenham Hotspur,164132,Gedson Fernandes,yes,26.0,20,3,17,0.043,12.6,65.8,78.4,0.1609,0.0315,0.0,0,12,0,0,0,0,0,0,2020-01-18,0.5,tier1,1,0,1,0,Benfica,2020-01-15,218.0,,bc,18,0,0,2020-09-13,2021-01-31,,0,0.0,0
6,Tottenham Hotspur,95998,Lucas Moura,yes,27.0,38,37,1,0.2855,1664.0,25.7,1689.6,0.9848,0.5342,0.0,0,12,0,0,0,0,0,0,2018-02-03,0.5,tier1,1,0,1,0,Paris Saint Germain,2018-01-31,219.0,,bc,0,0,0,2020-09-13,2021-05-23,,0,0.0,0
6,Tottenham Hotspur,37259210,Dane Scarlett,yes,27.0,17,4,13,0.0009,0.2,1.0,1.3,0.1875,0.0009,0.0,0,4,0,0,0,0,8,8,,0.0,none,1,0,0,1,,,,Tottenham U21,bc,0,0,0,2021-02-07,2021-05-23,,0,0.0,0
6,Tottenham Hotspur,275,Joe Hart,yes,24.0,38,38,0,0.0,0.0,0.0,0.0,,0.0,0.0,0,12,0,0,0,0,0,0,2020-08-21,0.0,none,1,1,1,0,Burnley,2020-08-18,220.0,,bc,0,0,0,2020-09-13,2021-05-23,,0,0.0,0
6,Tottenham Hotspur,1014,Hugo Lloris,yes,24.0,38,38,0,1.0,3420.0,0.0,3420.0,1.0,1.0,0.0,0,12,0,0,0,0,0,0,2012-09-03,0.0,none,1,1,1,0,Olympique Lyonnais,2012-08-31,219.0,,bc,0,0,0,2020-09-13,2021-05-23,,0,0.0,0
6,Tottenham Hotspur,1744,Pierre-Emile Højbjerg,yes,26.0,38,38,0,1.0,3118.9,0.0,3118.9,1.0,1.0,0.0,0,12,0,0,0,0,0,0,2020-08-14,0.45,data_club,1,0,1,0,Southampton,2020-08-11,219.0,,bc,0,0,0,2020-09-13,2021-05-23,,0,0.0,0
6,Tottenham Hotspur,340346,Alfie Whiteman,yes,24.0,38,0,38,0.0,0.0,0.0,0.0,,0.0,0.0,0,4,0,0,0,0,8,8,,0.0,none,1,1,0,1,,,,Tottenham U21,b,0,0,0,2020-09-13,2021-05-23,,0,0.0,0
6,Tottenham Hotspur,540476,Brandon Austin,yes,24.0,0,0,0,0.0,0.0,0.0,0.0,,0.0,0.0,0,4,0,0,0,0,8,8,,0.0,none,1,1,0,1,,,,Tottenham U21,,0,0,0,,,,0,0.0,0
6,Tottenham Hotspur,31626619,Nile John,yes,26.0,1,1,0,0.0,0.0,0.0,0.0,,0.0,0.0,0,1,0,0,0,0,11,11,,0.0,none,1,0,0,1,,,,,bc,0,0,0,2021-05-23,2021-05-23,,0,0.0,0
6,Tottenham Hotspur,37391514,Alfie Devine,yes,26.0,38,2,36,0.0,0.0,0.0,0.0,,0.0,0.0,0,2,0,0,0,0,10,0,2020-07-31,0.0,unknown+override,1,0,1,0,Wigan Youth,2020-07-28,219.0,Tottenham U21,bc,0,0,0,2020-09-13,2021-05-23,,0,0.0,0
10,West Bromwich Albion,732,Kieran Gibbs,yes,25.0,38,17,21,0.6215,839.3,1174.6,2013.9,0.4167,0.6258,12.7,1,12,0,0,0,0,0,0,2017-09-02,0.45,data_club,1,0,1,0,Arsenal,2017-08-30,219.0,,bc,0,0,0,2020-09-13,2021-05-23,,0,0.0,0
10,West Bromwich Albion,5801,Conor Townsend,yes,25.0,36,27,9,0.8815,2060.5,714.0,2774.4,0.7427,1.0,0.0,0,12,0,0,0,0,0,0,2018-07-31,0.35,tier2,1,0,1,0,Scunthorpe United,2018-07-28,219.0,,c,0,0,0,2020-09-26,2021-05-23,,0,0.0,0
10,West Bromwich Albion,5359,Kamil Grosicki,yes,26.0,38,10,28,0.2657,293.6,669.7,963.3,0.3048,0.1913,0.0,0,12,0,0,0,0,0,0,2020-02-03,0.45,data_club,1,0,1,0,Hull City,2020-01-31,219.0,,bc,0,0,0,2020-09-13,2021-05-23,,0,0.0,0
10,West Bromwich Albion,870,Robert Snodgrass,yes,26.0,21,10,11,0.4737,329.5,469.0,798.5,0.4127,0.5018,0.0,0,12,2,0,0,0,0,0,2021-01-11,0.45,data_club,1,0,1,0,West Ham United,2021-01-08,219.0,,bc,17,0,0,2021-01-16,2021-05-23,,0,0.0,0
10,West Bromwich Albion,337588,Grady Diangana,yes,26.0,38,29,9,0.5747,1443.0,465.5,1908.5,0.7561,0.1565,0.0,0,12,0,0,0,0,0,0,2020-09-07,0.45,data_club,1,0,1,0,West Ham United,2019-08-08,218.0,,bc,0,0,0,2020-09-13,2021-05-23,,0,0.0,0
10,West Bromwich Albion,1083,Jake Livermore,yes,26.0,38,30,8,0.6385,1674.9,459.7,2134.6,0.7846,0.0207,34.5,1,12,0,0,0,0,0,0,2017-01-23,0.45,data_club,1,0,1,0,Hull City,2017-01-20,219.0,,bc,0,0,0,2020-09-13,2021-05-23,,0,0.0,0
10,West Bromwich Albion,160194,Matheus Pereira,yes,26.0,38,33,5,0.9232,2593.1,415.4,3008.5,0.8619,0.9433,49.2,1,12,0,0,0,0,0,0,2020-08-20,0.5,tier1,1,0,1,0,Sporting CP,2019-08-08,218.0,,bc,0,0,0,2020-09-13,2021-05-23,,0,0.0,0
10,West Bromwich Albion,2303,Lee Peltier,yes,25.0,38,27,11,0.3989,453.4,394.9,848.3,0.5345,0.0,0.0,0,12,0,0,0,0,0,0,2020-02-03,0.45,data_club,1,0,1,0,Cardiff City,2020-01-31,220.0,,bc,0,0,0,2020-09-13,2021-05-23,,0,0.0,0
10,West Bromwich Albion,20216,Cédric Kipré,yes,25.0,21,8,13,0.3317,229.5,388.1,617.6,0.3716,0.15,0.0,0,8,0,4,0,0,0,0,2020-09-07,0.45,data_club,1,0,1,0,Wigan Athletic,2020-09-04,219.0,,bc,17,0,0,2020-09-13,2021-01-30,,0,0.0,0
10,West Bromwich Albion,340214,Kyle Edwards,yes,27.0,38,11,27,0.1442,211.4,350.3,561.7,0.3764,0.1173,0.0,0,12,0,0,0,0,0,0,,0.0,none,1,0,0,1,,,,West Brom U21,bc,0,0,0,2020-09-13,2021-05-23,,0,0.0,0
10,West Bromwich Albion,897,Kyle Bartley,yes,25.0,38,33,5,0.75,2338.8,337.5,2676.3,0.8739,0.9907,0.0,0,12,0,0,0,0,0,0,2018-07-19,0.45,data_club,1,0,1,0,Swansea City,2018-07-16,219.0,,bc,0,0,0,2020-09-13,2021-05-23,,0,0.0,0
10,West Bromwich Albion,690,Branislav Ivanovic,yes,25.0,37,20,17,0.2193,828.1,335.6,1163.7,0.7116,0.142,0.0,0,12,0,0,0,0,0,0,2020-09-18,0.35,unknown+override,1,0,1,0,Zenit S-Pb,2020-09-15,220.0,,bc,1,0,0,2020-09-19,2021-05-23,,0,0.0,0
10,West Bromwich Albion,1076,Hal Robson-Kanu,yes,27.0,38,27,11,0.3076,581.1,304.5,885.6,0.6561,0.3092,0.0,0,12,0,0,0,0,0,0,,0.0,none,1,0,0,1,,,,,bc,0,0,0,2020-09-13,2021-05-23,,0,0.0,0
10,West Bromwich Albion,1068,Charlie Austin,yes,27.0,17,8,9,0.3523,263.9,285.4,549.2,0.4804,0.0,0.0,0,0,0,0,12,0,0,0,2019-08-11,0.45,data_club,1,0,1,0,Southampton,2019-08-08,219.0,,bc,21,0,0,2020-09-13,2021-01-02,,0,0.0,0
10,West Bromwich Albion,3306,Romaine Sawyers,yes,26.0,38,30,8,0.3293,1992.5,237.1,2229.6,0.8937,0.1526,0.0,0,12,0,0,0,0,0,0,2019-07-30,0.45,data_club,1,0,1,0,Brentford,2019-07-27,219.0,,bc,0,0,0,2020-09-13,2021-05-23,,0,0.0,0
10,West Bromwich Albion,6073,Karlan Grant,yes,27.0,34,31,3,0.7771,1342.8,209.8,1552.7,0.8649,0.0519,0.0,0,12,0,0,0,0,0,0,2020-10-18,0.45,data_club,1,0,1,0,Huddersfield Town,2020-10-15,219.0,,bc,4,0,0,2020-10-19,2021-05-23,,0,0.0,0
10,West Bromwich Albion,129064,Ahmed Hegazy,yes,25.0,5,2,3,0.6763,121.7,182.6,304.3,0.4,0.6763,0.0,0,11,0,0,0,1,0,0,2018-01-04,0.25,tier3,1,0,1,0,Al Ahly,2017-07-17,218.0,,bc,33,0,0,2020-09-13,2020-10-19,,0,0.0,0
10,West Bromwich Albion,581094,Dara O'Shea,yes,25.0,38,36,2,0.9167,2403.4,165.0,2568.4,0.9358,0.5265,0.0,0,12,0,0,0,0,0,0,,0.0,none,1,0,0,1,,,,West Brom U21,bc,0,0,0,2020-09-13,2021-05-23,,0,0.0,0
10,West Bromwich Albion,1494245,Conor Gallagher,yes,26.0,36,32,4,0.4555,2020.7,164.0,2184.7,0.9249,0.8399,0.0,0,12,0,0,0,0,0,0,2020-09-20,0.0,tier2,1,0,1,0,Chelsea U21,2020-09-17,218.0,,bc,2,0,0,2020-09-26,2021-05-23,,0,0.0,0
10,West Bromwich Albion,795,Matt Phillips,yes,26.0,38,34,4,0.4295,1491.6,154.6,1646.2,0.9061,0.8645,0.0,0,12,0,0,0,0,0,0,2016-07-09,0.45,data_club,1,0,1,0,Queens Park Rangers,2016-07-06,219.0,,bc,0,0,0,2020-09-13,2021-05-23,,0,0.0,0
10,West Bromwich Albion,1008,Sam Johnstone,yes,24.0,38,37,1,1.0,3330.0,90.0,3420.0,0.9737,1.0,0.0,0,12,0,0,0,0,0,0,2018-07-06,0.0,none,1,1,1,0,Manchester United,2018-07-03,219.0,,bc,0,0,0,2020-09-13,2021-05-23,,0,0.0,0
10,West Bromwich Albion,3066,Semi Ajayi,yes,25.0,38,37,1,1.0,2825.0,90.0,2915.0,0.9691,0.6343,60.0,1,12,0,0,0,0,0,0,2019-07-23,0.45,data_club,1,0,1,0,Rotherham United,2019-07-20,219.0,,bc,0,0,0,2020-09-13,2021-05-23,,0,0.0,0
10,West Bromwich Albion,4344,Ainsley Maitland-Niles,yes,26.0,16,15,1,0.9799,1018.3,88.2,1106.5,0.9203,0.8857,0.0,0,12,0,0,0,0,0,0,2021-02-04,0.45,data_club,1,0,1,0,Arsenal,2021-02-01,218.0,,bc,22,0,0,2021-02-07,2021-05-23,,0,0.0,0
10,West Bromwich Albion,1685,Sam Field,yes,26.0,21,5,16,0.0577,14.3,83.1,97.4,0.1466,0.0,0.0,0,0,0,12,0,0,0,0,,0.0,none,1,0,0,1,,,,West Brom U21,bc,17,0,0,2020-09-13,2021-01-30,,0,0.0,0
10,West Bromwich Albion,5255,Rekeem Harper,yes,26.0,19,10,9,0.0919,145.6,74.4,220.0,0.6617,0.0,0.0,0,0,0,12,0,0,0,0,,0.0,none,1,0,0,1,,,,West Brom U21,bc,19,0,0,2020-09-13,2021-01-19,,0,0.0,0
10,West Bromwich Albion,1791,Andy Lonergan,yes,24.0,21,1,20,0.0,0.0,0.0,0.0,,0.0,0.0,0,1,0,0,9,0,2,0,2021-01-12,0.0,none,1,1,1,0,Stoke City,2021-01-09,220.0,,bc,17,0,0,2021-01-16,2021-05-23,,0,0.0,0
10,West Bromwich Albion,2823,David Button,yes,24.0,38,38,0,0.0,90.0,0.0,90.0,1.0,0.0,0.0,0,12,0,0,0,0,0,0,2020-09-08,0.0,none,1,1,1,0,Brighton & Hove Albion,2020-09-05,219.0,,bc,0,0,0,2020-09-13,2021-05-23,,0,0.0,0
10,West Bromwich Albion,3530,Callum Robinson,yes,27.0,38,38,0,0.3453,1554.6,0.0,1554.6,1.0,0.3453,0.0,0,12,0,0,0,0,0,0,2020-09-12,0.45,data_club,1,0,1,0,Sheffield United,2020-01-29,218.0,,bc,0,0,0,2020-09-13,2021-05-23,,0,0.0,0
10,West Bromwich Albion,4507,Darnell Furlong,yes,25.0,38,38,0,1.0,2534.5,0.0,2534.5,1.0,1.0,0.0,0,12,0,0,0,0,0,0,2019-07-26,0.45,data_club,1,0,1,0,Queens Park Rangers,2019-07-23,219.0,,bc,0,0,0,2020-09-13,2021-05-23,,0,0.0,0
10,West Bromwich Albion,62258,Mbaye Diagne,yes,27.0,18,18,0,0.6665,1096.3,0.0,1096.3,1.0,0.6665,0.0,0,12,0,0,0,0,0,0,2021-02-01,0.35,tier2,1,0,1,0,Galatasaray,2021-01-29,218.0,,bc,21,1,0,2021-01-30,2021-05-23,,0,0.0,0
10,West Bromwich Albion,73871,Filip Krovinovic,yes,26.0,16,16,0,0.0,801.7,0.0,801.7,1.0,0.0,0.0,0,0,0,0,12,0,0,0,2020-10-02,0.5,tier1,1,0,1,0,Benfica,2019-07-05,218.0,,bc,22,0,0,2020-10-04,2021-01-19,,0,0.0,0
10,West Bromwich Albion,201060,Okay Yokuslu,yes,26.0,16,16,0,0.9765,1043.8,0.0,1043.8,1.0,0.9765,0.0,0,12,0,0,0,0,0,0,2021-02-04,0.5,tier1,1,0,1,0,Celta de Vigo,2021-02-01,218.0,,bc,22,0,0,2021-02-07,2021-05-23,,0,0.0,0
10,West Bromwich Albion,784407,Cheikh Diaby,yes,27.0,22,1,21,0.0,0.0,0.0,0.0,,0.0,0.0,0,1,0,0,0,0,11,11,,0.0,none,1,0,0,1,,,,,bc,0,0,0,2021-01-02,2021-05-23,,0,0.0,0
10,West Bromwich Albion,25217725,Taylor Gardner-Hickman,yes,25.0,4,4,0,0.0,0.0,0.0,0.0,,0.0,0.0,0,4,0,0,0,0,8,8,,0.0,none,1,0,0,1,,,,West Brom U21,bc,0,0,0,2021-05-09,2021-05-23,,0,0.0,0
10,West Bromwich Albion,28913062,Toby King,yes,26.0,2,1,1,0.0,0.0,0.0,0.0,,0.0,0.0,0,1,0,0,0,0,11,11,,0.0,none,1,0,0,1,,,,,bc,0,0,0,2021-05-19,2021-05-23,,0,0.0,0
10,West Bromwich Albion,33991728,Caleb Taylor,yes,25.0,4,2,2,0.0,0.0,0.0,0.0,,0.0,0.0,0,2,0,0,0,0,10,10,,0.0,none,1,0,0,1,,,,West Brom U21,bc,0,0,0,2021-05-09,2021-05-23,,0,0.0,0
10,West Bromwich Albion,37259239,Tim Iroegbunam,yes,26.0,1,1,0,0.0,0.0,0.0,0.0,,0.0,0.0,0,1,0,0,0,0,11,11,,0.0,none,1,0,0,1,,,,,bc,0,0,0,2021-05-23,2021-05-23,,0,0.0,0
1,West Ham United,1941,Arthur Masuaku,yes,25.0,38,12,26,0.8128,606.4,1901.9,2508.3,0.2418,0.9222,0.0,0,12,0,0,0,0,0,0,2016-08-11,0.35,tier2,1,0,1,0,Olympiacos F.C.,2016-08-08,219.0,,bc,0,0,0,2020-09-12,2021-05-23,,0,0.0,0
1,West Ham United,1922,Michail Antonio,yes,27.0,38,26,12,0.8413,1938.3,908.6,2846.9,0.6809,0.8983,0.0,0,12,0,0,0,0,0,0,2015-09-04,0.45,data_club,1,0,1,0,Nottingham Forest,2015-09-01,219.0,,bc,0,0,0,2020-09-12,2021-05-23,,0,0.0,0
1,West Ham United,1416,Angelo Ogbonna,yes,25.0,38,29,9,1.0,2515.0,810.0,3325.0,0.7564,0.9167,0.0,0,12,0,0,0,0,0,0,2015-07-13,0.5,tier1,1,0,1,0,Juventus,2015-07-10,219.0,,bc,0,0,0,2020-09-12,2021-05-23,,0,0.0,0
1,West Ham United,3544,David Martin,yes,24.0,38,15,23,0.2986,288.6,618.2,906.8,0.3183,0.0,0.0,0,12,0,0,0,0,0,0,2019-07-04,0.0,none,1,1,1,0,Millwall,2019-07-01,220.0,,bc,0,0,0,2020-09-12,2021-05-23,,0,0.0,0
1,West Ham United,1183,Craig Dawson,yes,25.0,34,26,8,0.8469,1877.6,609.8,2487.4,0.7549,1.0,54.0,1,11,0,0,0,1,0,0,2020-10-15,0.45,data_club,1,0,1,0,Watford,2020-10-12,218.0,,bc,4,0,0,2020-10-18,2021-05-23,,0,0.0,0
1,West Ham United,5273,Declan Rice,yes,26.0,38,32,6,1.0,2880.0,540.0,3420.0,0.8421,0.9991,0.0,0,12,0,0,0,0,0,0,,0.0,none,1,0,0,1,,,,West Ham United U21,bc,0,0,0,2020-09-12,2021-05-23,,0,0.0,0
1,West Ham United,4371,Ryan Fredericks,yes,25.0,38,29,9,0.4298,1034.6,348.1,1382.8,0.7482,0.1392,0.0,0,12,0,0,0,0,0,0,2018-07-04,0.45,data_club,1,0,1,0,Fulham,2018-07-01,220.0,,bc,0,0,0,2020-09-12,2021-05-23,,0,0.0,0
1,West Ham United,870,Robert Snodgrass,yes,26.0,17,11,6,0.6018,352.8,325.0,677.7,0.5205,0.4184,0.0,0,12,10,0,0,0,0,0,2017-01-30,0.45,data_club,1,0,1,0,Hull City,2017-01-27,219.0,,bc,21,0,0,2020-09-12,2021-01-01,,0,0.0,0
1,West Ham United,219591,Fabián Balbuena,yes,25.0,38,34,4,0.8125,1150.7,292.5,1443.2,0.7973,0.0399,0.0,1,11,0,0,0,1,0,0,2018-07-17,0.25,tier3,1,0,1,0,Corinthians,2018-07-14,219.0,,bc,0,0,0,2020-09-12,2021-05-23,,0,0.0,0
1,West Ham United,733,Lukasz Fabianski,yes,24.0,38,35,3,1.0,3150.0,270.0,3420.0,0.9211,1.0,0.0,0,12,0,0,0,0,0,0,2018-07-04,0.0,none,1,1,1,0,Swansea City,2018-07-01,219.0,,bc,0,0,0,2020-09-12,2021-05-23,,0,0.0,0
1,West Ham United,204697,Andrii Yarmolenko,yes,27.0,38,25,13,0.2228,489.6,260.7,750.3,0.6525,0.1282,0.0,0,12,0,0,0,0,0,0,2018-07-14,0.5,tier1,1,0,1,0,Borussia Dortmund,2018-07-11,219.0,,bc,0,0,0,2020-09-12,2021-05-23,,0,0.0,0
1,West Ham United,156,Mark Noble,yes,26.0,38,32,6,0.4607,956.1,248.8,1204.8,0.7935,0.3599,0.0,0,12,0,0,0,0,0,0,,0.0,none,1,0,0,1,,,,West Ham U18,bc,0,0,0,2020-09-12,2021-05-23,,0,0.0,0
1,West Ham United,96799,Issa Diop,yes,25.0,38,35,3,0.8145,1626.8,219.9,1846.8,0.8809,0.7544,0.0,0,12,0,0,0,0,0,0,2018-07-04,0.5,tier1,1,0,1,0,Toulouse,2018-07-01,219.0,,bc,0,0,0,2020-09-12,2021-05-23,,0,0.0,0
1,West Ham United,1261,Aaron Cresswell,yes,25.0,38,36,2,0.9634,3196.4,173.4,3369.9,0.9485,0.9331,0.0,0,12,0,0,0,0,0,0,2014-07-06,0.45,data_club,1,0,1,0,Ipswich Town,2014-07-03,219.0,,bc,0,0,0,2020-09-12,2021-05-23,,0,0.0,0
1,West Ham United,581199,Ben Johnson,yes,25.0,38,33,5,0.2923,712.5,131.5,844.0,0.8442,0.188,0.0,0,12,0,0,0,0,0,0,,0.0,none,1,0,0,1,,,,West Ham United U21,bc,0,0,0,2020-09-12,2021-05-23,,0,0.0,0
1,West Ham United,1449,Darren Randolph,yes,24.0,38,27,11,0.1288,127.5,127.5,255.0,0.5,0.25,0.0,0,12,0,0,0,0,0,0,2020-01-18,0.0,none,1,1,1,0,Birmingham City,2015-07-01,220.0,,bc,0,0,0,2020-09-12,2021-05-23,,0,0.0,0
1,West Ham United,186815,Pablo Fornals,yes,26.0,38,36,2,0.6459,2482.5,116.3,2598.8,0.9553,0.9489,0.0,0,12,0,0,0,0,0,0,2019-07-04,0.5,tier1,1,0,1,0,Villarreal,2019-07-01,219.0,,bc,0,0,0,2020-09-12,2021-05-23,,0,0.0,0
1,West Ham United,24436859,Frederik Alves,yes,25.0,21,11,10,0.1196,97.1,107.6,204.7,0.4744,0.0,0.0,0,11,0,0,0,0,1,0,2021-01-04,0.35,tier2,1,0,1,0,Silkeborg IF,2021-01-01,219.0,,bc,17,0,0,2021-01-16,2021-05-23,,0,0.0,0
1,West Ham United,1452,Manuel Lanzini,yes,26.0,38,32,6,0.1912,510.7,103.2,613.9,0.8318,0.2366,0.0,0,12,0,0,0,0,0,0,2016-07-04,0.25,tier3,1,0,1,0,Al Jazira,2015-07-22,218.0,,bc,0,0,0,2020-09-12,2021-05-23,,0,0.0,0
1,West Ham United,820,Jesse Lingard,yes,26.0,17,16,1,0.5476,922.2,49.3,971.5,0.9493,0.9848,0.0,0,12,0,0,0,0,0,0,2021-02-01,0.45,data_club,1,0,1,0,Manchester United,2021-01-29,218.0,,bc,21,0,0,2021-02-03,2021-05-23,,0,0.0,0
1,West Ham United,96426,Saïd Benrahma,yes,27.0,33,32,1,0.45,1385.7,40.5,1426.2,0.9716,0.4771,0.0,0,12,0,0,0,0,0,0,2021-02-01,0.45,data_club,1,0,1,0,Brentford,2020-10-16,218.0,,bc,6,1,0,2020-10-24,2021-05-23,,0,0.0,0
1,West Ham United,25499,Sébastien Haller,yes,27.0,17,16,1,0.3528,699.3,31.8,731.0,0.9566,0.8351,0.0,0,12,0,0,0,0,0,0,2019-07-20,0.5,tier1,1,0,1,0,Eintracht Frankfurt,2019-07-17,219.0,,bc,21,0,0,2020-09-12,2021-01-01,,0,0.0,0
1,West Ham United,1592,Jarrod Bowen,yes,26.0,38,38,0,0.6707,2640.2,0.0,2640.2,1.0,0.6707,0.0,0,12,0,0,0,0,0,0,2020-02-03,0.45,data_club,1,0,1,0,Hull City,2020-01-31,219.0,,ac,0,0,0,2020-09-12,2021-05-23,,0,0.0,0
1,West Ham United,80304,Vladimír Coufal,yes,25.0,35,35,0,1.0,2671.3,0.0,2671.3,1.0,1.0,0.0,0,12,0,0,0,0,0,0,2020-10-05,0.35,tier2,1,0,1,0,Slavia Praha,2020-10-02,219.0,,bc,4,1,0,2020-10-04,2021-05-23,,0,0.0,0
1,West Ham United,80655,Tomás Soucek,yes,26.0,38,38,0,1.0,3393.5,0.0,3393.5,1.0,1.0,0.0,1,12,0,0,0,0,0,0,2020-07-30,0.35,tier2,1,0,1,0,Slavia Praha,2020-01-29,218.0,,ac,0,0,0,2020-09-12,2021-05-23,,0,0.0,0
1,West Ham United,129454,Felipe Anderson,yes,26.0,4,4,0,0.1058,78.1,0.0,78.1,1.0,0.1058,0.0,0,12,0,0,0,0,0,0,2018-07-18,0.5,tier1,1,0,1,0,Lazio,2018-07-15,219.0,,bc,34,0,0,2020-09-12,2020-10-04,,0,0.0,0
1,West Ham United,581129,Nathan Trott,yes,24.0,38,10,28,0.0,0.0,0.0,0.0,,0.0,0.0,0,10,0,0,0,0,2,2,,0.0,none,1,1,0,1,,,,West Ham United U21,bc,0,0,0,2020-09-12,2021-05-23,,0,0.0,0
1,West Ham United,581197,Conor Coventry,yes,26.0,38,7,31,0.0,0.0,0.0,0.0,,0.0,0.0,0,10,0,0,0,0,2,2,,0.0,none,1,0,0,1,,,,West Ham United U21,bc,0,0,0,2020-09-12,2021-05-23,,0,0.0,0
1,West Ham United,31238121,Mipo Odubeko,yes,27.0,21,18,3,0.0,0.0,0.0,0.0,,0.0,0.0,0,12,0,0,0,0,0,0,,0.0,none,1,0,0,1,,,,,bc,0,0,0,2021-01-16,2021-05-23,,0,0.0,0
1,West Ham United,37337720,Jamal Baptiste,yes,25.0,15,1,14,0.0,0.0,0.0,0.0,,0.0,0.0,0,1,0,0,0,0,11,11,,0.0,none,1,0,0,1,,,,,bc,0,0,0,2021-02-15,2021-05-23,,0,0.0,0
29,Wolverhampton Wanderers,186426,Jonny,yes,26.0,38,7,31,0.8451,509.1,2357.9,2867.0,0.1776,0.7682,0.0,0,12,0,0,0,0,0,0,2019-02-03,0.5,tier1,1,0,1,0,Atlético de Madrid,2018-07-26,218.0,,bc,0,0,0,2020-09-14,2021-05-23,,0,0.0,0
29,Wolverhampton Wanderers,160217,Raúl Jiménez,yes,27.0,38,10,28,0.9271,867.6,2336.2,3203.8,0.2708,0.9271,0.0,0,12,0,0,0,0,0,0,2019-07-04,0.5,tier1,1,0,1,0,Benfica,2018-07-01,218.0,,c,0,0,0,2020-09-14,2021-05-23,,0,0.0,0
29,Wolverhampton Wanderers,160834,Daniel Podence,yes,26.0,38,24,14,0.7478,1468.6,942.2,2410.8,0.6092,0.6934,0.0,0,12,0,0,0,0,0,0,2020-02-02,0.35,tier2,1,0,1,0,Olympiacos F.C.,2020-01-30,219.0,,bc,0,0,0,2020-09-14,2021-05-23,,0,0.0,0
29,Wolverhampton Wanderers,96850,Marçal,yes,25.0,38,17,21,0.497,640.2,939.4,1579.5,0.4053,0.4521,0.0,0,12,0,0,0,0,0,0,2020-09-04,0.5,tier1,1,0,1,0,Olympique Lyonnais,2020-09-01,219.0,,bc,0,0,0,2020-09-14,2021-05-23,,0,0.0,0
29,Wolverhampton Wanderers,95348,Willy Boly,yes,25.0,38,26,12,0.7778,2046.4,840.0,2886.4,0.709,0.7379,0.0,0,12,0,0,0,0,0,0,2018-07-04,0.5,tier1,1,0,1,0,Porto,2017-07-08,218.0,,bc,0,0,0,2020-09-14,2021-05-23,,0,0.0,0
29,Wolverhampton Wanderers,496775,Pedro Neto,yes,27.0,38,31,7,0.9382,2181.0,591.1,2772.0,0.7868,0.9382,0.0,0,12,0,0,0,0,0,0,2019-08-05,0.5,tier1,1,0,1,0,Lazio,2019-08-02,219.0,,bc,0,0,0,2020-09-14,2021-05-23,,0,0.0,0
29,Wolverhampton Wanderers,96102,João Moutinho,yes,26.0,38,34,4,0.8188,2409.7,294.8,2704.4,0.891,0.9603,0.0,1,12,0,0,0,0,0,0,2018-07-27,0.5,tier1,1,0,1,0,Monaco,2018-07-24,219.0,,bc,0,0,0,2020-09-14,2021-05-23,,0,0.0,0
29,Wolverhampton Wanderers,62423,Leander Dendoncker,yes,26.0,38,34,4,0.7904,2498.0,284.6,2782.5,0.8977,0.7687,0.0,0,12,0,0,0,0,0,0,2019-07-04,0.5,tier1,1,0,1,0,Anderlecht,2018-08-09,218.0,,bc,0,0,0,2020-09-14,2021-05-23,,0,0.0,0
29,Wolverhampton Wanderers,7144,Romain Saïss,yes,26.0,38,34,4,0.6971,2473.1,250.9,2724.1,0.9079,0.8333,0.0,0,12,0,0,0,0,0,0,2016-09-02,0.5,tier1,1,0,1,0,Angers SCO,2016-08-30,219.0,,bc,0,0,0,2020-09-14,2021-05-23,,0,0.0,0
29,Wolverhampton Wanderers,13590962,Rayan Aït-Nouri,yes,25.0,34,29,5,0.4738,1200.6,213.2,1413.8,0.8492,0.6424,0.0,0,12,0,0,0,0,0,0,2020-10-07,0.5,tier1,1,0,1,0,Angers SCO,2020-10-04,218.0,,bc,4,0,0,2020-10-19,2021-05-23,,0,0.0,0
29,Wolverhampton Wanderers,4545430,Vitinha,yes,26.0,38,34,4,0.296,533.1,106.6,639.7,0.8334,0.2659,0.0,0,12,0,0,0,0,0,0,2020-09-13,0.5,tier1,1,0,1,0,Porto,2020-09-10,218.0,,bc,0,0,0,2020-09-14,2021-05-23,,0,0.0,0
29,Wolverhampton Wanderers,3043,Conor Coady,yes,25.0,38,37,1,1.0,3301.9,90.0,3391.9,0.9735,1.0,0.0,0,12,0,0,0,0,0,0,2015-07-06,0.45,data_club,1,0,1,0,Huddersfield Town,2015-07-03,219.0,,bc,0,0,0,2020-09-14,2021-05-23,,0,0.0,0
29,Wolverhampton Wanderers,159699,Rúben Neves,yes,26.0,38,37,1,0.8763,2728.5,78.9,2807.3,0.9719,0.8602,0.0,0,12,0,0,0,0,0,0,2017-07-11,0.5,tier1,1,0,1,0,Porto,2017-07-08,219.0,,bc,0,0,0,2020-09-14,2021-05-23,,0,0.0,0
29,Wolverhampton Wanderers,4241,Adama Traoré,yes,27.0,38,37,1,0.7091,2567.0,63.8,2630.9,0.9757,0.8871,0.0,0,12,0,0,0,0,0,0,2018-08-11,0.45,data_club,1,0,1,0,Middlesbrough,2018-08-08,219.0,,bc,0,0,0,2020-09-14,2021-05-23,,0,0.0,0
29,Wolverhampton Wanderers,14350643,Owen Otasowie,yes,26.0,38,23,15,0.0427,122.5,57.6,180.0,0.6802,0.0675,0.0,0,12,0,0,0,0,0,0,,0.0,none,1,0,0,1,,,,Wolves U21,bc,0,0,0,2020-09-14,2021-05-23,,0,0.0,0
29,Wolverhampton Wanderers,537514,Rúben Vinagre,yes,25.0,5,3,2,0.2698,75.3,48.6,123.9,0.6079,0.2698,0.0,0,12,0,0,0,0,0,0,2018-07-04,0.5,tier1,1,0,1,0,Monaco,2017-07-20,218.0,,bc,33,0,0,2020-09-14,2021-01-02,,0,0.0,0
29,Wolverhampton Wanderers,84448,Oskar Buur,yes,25.0,17,3,14,0.0226,4.1,28.4,32.5,0.125,0.0226,0.0,0,12,0,0,0,0,0,0,,0.0,none,1,0,0,1,,,,Wolves U21,bc,21,0,0,2020-09-14,2021-01-02,,0,0.0,0
29,Wolverhampton Wanderers,23269652,Ki-Jana Hoever,yes,25.0,36,34,2,0.0571,463.4,10.3,473.7,0.9783,0.2534,0.0,0,12,0,0,0,0,0,0,2020-09-22,0.0,tier2,1,0,1,0,Liverpool U21,2020-09-19,219.0,,bc,2,0,0,2020-09-27,2021-05-23,,0,0.0,0
29,Wolverhampton Wanderers,7926,Morgan Gibbs-White,yes,26.0,21,20,1,0.0868,174.6,7.8,182.4,0.9572,0.3012,0.0,0,12,0,0,0,0,0,0,,0.0,none,1,0,0,1,,,,Wolverhampton U18,bc,17,0,0,2021-01-12,2021-05-23,,0,0.0,0
29,Wolverhampton Wanderers,133805,Patrick Cutrone,yes,27.0,4,3,1,0.0523,15.5,4.7,20.2,0.7667,0.0523,0.0,0,12,0,0,0,0,0,0,2019-08-02,0.5,tier1,1,0,1,0,AC Milan,2019-07-30,219.0,,bc,34,0,0,2021-01-12,2021-01-30,,0,0.0,0
29,Wolverhampton Wanderers,23716002,Theo Corbeanu,yes,27.0,25,11,14,0.0015,0.0,1.9,1.9,0.0,0.0104,0.0,0,11,0,0,0,0,1,1,,0.0,none,1,0,0,1,,,,,bc,0,0,0,2020-12-21,2021-05-23,,0,0.0,0
29,Wolverhampton Wanderers,890,John Ruddy,yes,24.0,38,38,0,0.0833,7.5,0.0,7.5,1.0,0.0833,0.0,0,12,0,0,0,0,0,0,2017-07-13,0.0,none,1,1,1,0,Norwich City,2017-07-10,220.0,,c,0,0,0,2020-09-14,2021-05-23,,0,0.0,0
29,Wolverhampton Wanderers,158453,Rui Patrício,yes,24.0,38,38,0,0.9167,3412.5,0.0,3412.5,1.0,0.9167,0.0,0,12,0,0,0,0,0,0,2018-07-04,0.0,none,1,1,1,0,Sporting CP,2018-07-01,219.0,,bc,0,0,0,2020-09-14,2021-05-23,,0,0.0,0
29,Wolverhampton Wanderers,159917,Diogo Jota,yes,27.0,1,1,0,0.8367,60.2,0.0,60.2,1.0,0.8367,0.0,0,12,12,0,0,0,0,0,2018-07-04,0.5,tier1,1,0,1,0,Atlético de Madrid,2017-07-25,218.0,,bc,37,0,0,2020-09-14,2020-09-14,,0,0.0,0
29,Wolverhampton Wanderers,160110,Nélson Semedo,yes,26.0,36,36,0,0.8729,2767.5,0.0,2767.5,1.0,0.8729,0.0,0,12,0,0,0,0,0,0,2020-09-26,0.5,tier1,1,0,1,0,FC Barcelona,2020-09-23,219.0,,bc,2,0,0,2020-09-27,2021-05-23,,0,0.0,0
29,Wolverhampton Wanderers,186680,Willian José,yes,27.0,19,19,0,0.5476,1085.4,0.0,1085.4,1.0,0.5476,0.0,0,12,0,0,0,0,0,0,2021-01-26,0.5,tier1,1,0,1,0,Real Sociedad,2021-01-23,218.0,,bc,19,0,0,2021-01-27,2021-05-23,,0,0.0,0
29,Wolverhampton Wanderers,498161,Maximilian Kilman,yes,25.0,38,37,1,0.0,1157.5,0.0,1157.5,1.0,0.1763,0.0,0,12,0,0,0,0,0,0,2018-08-12,0.35,tier2,1,0,1,0,Maidenhead United,2018-08-09,220.0,,bc,0,0,0,2020-09-14,2021-05-23,,0,0.0,0
29,Wolverhampton Wanderers,539683,Meritan Shabani,yes,26.0,21,3,18,0.0,0.0,0.0,0.0,,0.0,0.0,0,3,0,0,0,0,9,0,2019-08-11,0.0,unknown+override,1,0,1,0,FC Bayern II,2019-08-08,219.0,,bc,17,0,0,2020-09-14,2021-01-30,,0,0.0,0
29,Wolverhampton Wanderers,12844021,Andreas Söndergaard,yes,24.0,22,3,19,0.0,0.0,0.0,0.0,,0.0,0.0,0,3,0,0,0,0,9,9,,0.0,none,1,1,0,1,,,,,bc,0,0,0,2021-01-02,2021-05-23,,0,0.0,0
29,Wolverhampton Wanderers,21414144,Taylor Perry,yes,26.0,38,3,35,0.0,0.0,0.0,0.0,,0.0,0.0,0,6,0,0,0,0,6,6,,0.0,none,1,0,0,1,,,,,bc,0,0,0,2020-09-14,2021-05-23,,0,0.0,0
29,Wolverhampton Wanderers,23269679,Fábio Silva,yes,27.0,38,38,0,0.5781,1259.2,0.0,1259.2,1.0,0.5781,0.0,0,12,0,0,0,0,0,0,2020-09-08,0.5,tier1,1,0,1,0,Porto,2020-09-05,219.0,,bc,0,0,0,2020-09-14,2021-05-23,,0,0.0,0
29,Wolverhampton Wanderers,23739134,Lewis Richards,yes,25.0,23,10,13,0.0,0.0,0.0,0.0,,0.0,0.0,0,10,0,0,0,0,2,2,,0.0,none,1,0,0,1,,,,,bc,0,0,0,2020-12-29,2021-05-23,,0,0.0,0
29,Wolverhampton Wanderers,23739135,Luke Cundle,yes,26.0,38,6,32,0.0,0.0,0.0,0.0,,0.0,0.0,0,7,0,0,0,0,5,5,,0.0,none,1,0,0,1,,,,Wolves U21,bc,0,0,0,2020-09-14,2021-05-23,,0,0.0,0
29,Wolverhampton Wanderers,29303604,Toti Gomes,yes,25.0,0,0,0,0.0,0.0,0.0,0.0,,0.0,0.0,0,0,0,0,0,0,12,0,2020-09-05,0.5,tier1,0,0,1,0,Estoril,2020-09-02,219.0,,a,38,0,0,,,,0,0.0,0
29,Wolverhampton Wanderers,33186843,Christian Marques,yes,25.0,23,4,19,0.0,0.0,0.0,0.0,,0.0,0.0,0,4,0,0,0,0,8,8,,0.0,none,1,0,0,1,,,,,bc,0,0,0,2020-12-29,2021-05-23,,0,0.0,0
29,Wolverhampton Wanderers,37286738,Hugo Bueno,yes,25.0,18,1,17,0.0,0.0,0.0,0.0,,0.0,0.0,0,1,0,0,0,0,11,11,,0.0,none,1,0,0,1,,,,Wolves U21,c,0,0,0,2021-01-30,2021-05-23,,0,0.0,0
29,Wolverhampton Wanderers,37400403,Nigel Lonwijk,yes,25.0,21,3,18,0.0,0.0,0.0,0.0,,0.0,0.0,0,3,0,0,0,0,9,9,,0.0,none,1,0,0,1,,,,,bc,0,0,0,2021-01-12,2021-05-23,,0,0.0,0
