sim,icc_all,icc_ge6,perm_stat,split_half_r,flags_raw,flags_adj,lag1_r,sd_c
0,0.007790838459039423,0.0,0.0002633671143315873,0.4118723629957723,1,0,0.3199067651683599,0.04830133888407639
1,0.28227969770329137,0.2443791765691816,0.0009697377535286486,0.6991226059283083,3,0,0.4636940023864203,0.05385367899367216
2,0.1177575101444245,0.12902082932292006,0.0005001454241715756,0.026416345136082674,2,1,0.10614524849558075,0.046576564914706395
3,0.12177348658908134,0.11930551590194892,0.0005919525788703515,0.5195502156127442,2,1,0.3434132490652514,0.051759149658175185
4,0.18753319240917196,0.2364912943987421,0.0008311625184246479,0.6913157206370715,5,0,0.4083788217996146,0.050977480232941255
5,0.15097186086020487,0.18360360894264424,0.0006478027488709282,0.8083097292575002,3,0,0.3550908947516946,0.04753640308710635
6,0.0270554215948879,0.005726966343974652,0.00027521182691257935,0.2287856277533302,1,0,0.25273491499306283,0.046911349618393335
7,0.12735528572652718,0.13494407092245542,0.00065648568792916,0.7250112897785171,3,0,0.43741331285648666,0.05089536229675419
8,0.15562229454198984,0.12289916400085187,0.0005087050511034168,0.44174948782532264,3,0,0.33724816290603166,0.04763894388932502
9,0.1441371930615346,0.1785260286697448,0.0007389356097108732,0.7883890906121469,4,0,0.4401979875321942,0.04997733758355393
10,0.1508126334594085,0.18489490271932468,0.000665953257348723,0.757048898075104,3,0,0.3399431499370579,0.04813266387275998
11,0.11202630180946906,0.10083629054989404,0.0004821247807192336,0.4255302877685961,1,0,0.32569223430693567,0.047613245010162314
12,0.0,0.05410436592360136,0.0003547097984586392,0.34842082401691066,1,1,0.22075407947356923,0.045547456162091535
13,0.15984867977887304,0.15045415940963142,0.0005825216931717925,0.7029959642620484,0,0,0.4250843862148441,0.0482502817867296
14,0.062048559493209476,0.0706683845618323,0.00043285909334809137,0.35693430824095757,1,0,0.2473252730551723,0.047612474345189434
15,0.16881046562817875,0.19708963567582133,0.0006909548910271953,0.7391508712358378,4,0,0.35347196359997163,0.05119785596866113
16,0.2382671457847816,0.2523309477489322,0.0006856875919635544,0.6513915308255068,3,0,0.36727907903841434,0.04683887839480427
17,0.11150606378178243,0.09083440727696299,0.0005058952624218086,0.4166404263298926,3,0,0.24358610426368205,0.048791807677789754
18,0.10181559896713535,0.10215966823921623,0.0005704335151688921,0.036768460975835186,3,0,0.27473954633309655,0.05193017261343463
19,0.14551400898953354,0.08308242035970452,0.0005172099732946806,0.3648284783829975,2,1,0.3600185220780867,0.05164920859698521
20,0.019100979895214493,0.005435125677936143,0.0002931349748289055,-0.21730912322143126,1,0,0.33122615059579213,0.0461346428487673
21,0.024891247328223693,0.006633482291972103,0.00024946427329389595,0.340960099843736,1,0,0.2943341083866777,0.04559528222524089
22,0.1326589151034254,0.15419385328047613,0.0008374716217081784,0.46052648365989796,1,0,0.40609951892926566,0.055239171320889964
23,0.07175343150146508,0.05486675418045812,0.0003312598591833411,0.287487206967763,1,0,0.2940867389102733,0.044047826874404734
24,0.10110302732162611,0.12733325525011258,0.0006245250931689452,0.8462267423945278,1,0,0.4252363343579078,0.049744062955391306
25,0.24885008369091238,0.25751446162919206,0.0008184921519674627,0.7391382485388193,5,0,0.4465400151424396,0.04932518461932551
26,0.14931367362949288,0.1019633153273793,0.00044151301962344223,0.4116531851122341,4,0,0.3513756570452517,0.04652920184015207
27,0.11322598140766718,0.07274617489467518,0.00047475313263778586,0.339479302223681,2,1,0.3819818676534141,0.04982946758693984
28,0.10651870178933956,0.09441770043082466,0.0005434336664841798,0.4514131150753857,2,0,0.30781238031532054,0.05019187975056042
29,0.07004238511506596,0.0536325227304909,0.0004367379883233994,0.06044469213808405,1,0,0.35711810016774154,0.05012913869516612
30,0.10159281642080605,0.14731032372411446,0.0006699636825055736,0.706636406974465,1,0,0.38681416677985675,0.049824973563664735
31,0.17367696196120508,0.15541046767805672,0.0007230133713674138,0.583248914241801,2,0,0.33739314242155866,0.052409736143587286
32,0.05856471608337943,0.0,0.0002821175996766138,0.305576220356507,2,0,0.22175009940509197,0.049989118502683505
33,0.21681546451165903,0.20945923903227223,0.0007087520455803632,0.7885336156612242,4,0,0.40616268244242787,0.04820653766523738
34,0.012540970547349197,0.0,0.00027470828152837773,0.2592844695244186,1,0,0.37410103636647707,0.0492255161808057
35,0.12918170949789978,0.09017759429087849,0.0005253842294787394,0.6174895402371021,1,0,0.5211560932968125,0.05108371130099989
36,0.02928247753526122,0.043220457753544626,0.0005478672107425174,0.6269418753737914,1,0,0.49111565741217766,0.05581466749307054
37,0.13383956448009998,0.06794201532414207,0.0004419444452062906,0.1779045780020992,1,0,0.2529593050688765,0.049046427329023125
38,0.11831947127036416,0.11123644258946147,0.00041612358444123896,0.6429639657790381,0,0,0.32575667152631105,0.04216851582109647
39,0.10670579831024905,0.02884034576255268,0.00033343456757030924,0.6801424355535551,2,1,0.36770386954015877,0.048828963776209856
40,0.04463364252890929,0.046636749893961243,0.00037873293757230165,0.4118634662815402,2,0,0.2915014269743988,0.04926572315235089
41,0.19487093267089256,0.15298328000631528,0.0005375344515334439,0.6926595011029894,3,0,0.3775066131275702,0.046947528910971516
42,0.14977578743199732,0.12228520387599698,0.0004763838721148992,0.5654342300022981,3,0,0.3300760461658466,0.044944936495938836
43,0.10185170039615414,0.09064623440721074,0.00047559969093772977,0.527962014950175,1,0,0.3442255627555219,0.048692759392594966
44,0.2251563904377818,0.13390215775077194,0.00053770530319007,0.7386579762656308,3,0,0.3796413386023265,0.05037569664273719
45,0.25545179241672433,0.22391633902399843,0.0008196181804194983,0.5327705269904357,4,1,0.4748695537291669,0.05402778113200467
46,0.14256120526604513,0.10720149613654055,0.0005437078369314226,0.7615248300128783,2,0,0.33454074026545594,0.05277071749118388
47,0.1204115065089455,0.08735261641574622,0.0005715972008653955,0.5363286465408509,2,0,0.30763118748833856,0.05302195632444257
48,0.17201560343954905,0.10096199631510883,0.0005435956385878858,0.5249011227129322,2,1,0.33239846969374476,0.051656435829162343
49,0.1329788636313607,0.044682186147845256,0.0003386026680654028,0.4569801925161498,1,0,0.3096491122761481,0.04864089315466068
50,0.17463599339609714,0.14645452498855419,0.0007920349844699289,0.555338636968388,2,0,0.44025877995523904,0.05638894169270795
51,0.04057353509036085,0.0942163127251484,0.0006763412766500442,0.6419944972621923,4,0,0.46501999198147836,0.053912771571951894
52,0.2199649425396716,0.1814168086917932,0.0005117867706481957,0.4673634628813847,2,0,0.2957223388887288,0.04354315194520957
53,0.07513794600072356,0.04832954708474499,0.00037892972587099966,0.5125693450094063,1,0,0.31687333806072576,0.04757262061147647
54,0.16330263361242484,0.1550155631788265,0.0007553685937050456,0.6546381695569194,3,0,0.42281149409523805,0.054492777465742784
55,0.04145329610353476,0.09502341304415052,0.0004460344782281228,0.5956750980237426,3,1,0.2832998189886626,0.044881680544140316
56,0.2165444973325569,0.21731753893526953,0.0008181534240125448,0.4284897571269984,4,0,0.47342276278002654,0.05267432524706763
57,0.2298894242955076,0.18255621182925286,0.0006373342203904803,0.5859211708422568,3,0,0.40229339352216437,0.04963277135404357
58,0.12242824762507692,0.06059211120782886,0.00036644546588286036,0.6395341092512968,2,0,0.3100268184386926,0.048190156526714586
59,0.15372170138099064,0.19063046008586776,0.0007435015103431008,0.5279914225893383,3,1,0.372069889225617,0.048620384265502886
60,0.06258017808000656,0.08819706030758706,0.0006484501296712391,0.32146291016778616,1,0,0.401060320915634,0.05496381683163749
61,0.0681299197279538,0.022319333351228186,0.0004641361439242222,0.2544343767115304,1,0,0.4476963308431197,0.057252093975443834
62,0.21966719162885834,0.20125307209207094,0.0007636628887066612,0.7785510312750394,3,1,0.4670808794902069,0.050366042932987035
63,0.0,0.014212807190820437,0.0003679454428867649,0.20374773559649992,1,0,0.2966579929189384,0.050905121917725026
64,0.04016053566337148,0.03478145889734536,0.00035132985776398793,0.2959077902663137,2,1,0.17154617900642358,0.045644569487406
65,0.021339765068336514,0.009565218677583845,0.00028516811241082547,0.21767881465940397,0,0,0.24080480143534788,0.044768216899891
66,0.17150891373907962,0.11045995472877844,0.0005524785425316606,0.4210486696808831,3,0,0.4588284803016248,0.050487271575911846
67,0.1254669919790875,0.08456289805163193,0.0004790505076954428,0.3951688452022706,1,0,0.3674327255641344,0.04981965786177391
68,0.19419983362847365,0.18661212681712647,0.0007058206134821212,0.5207299932562155,5,0,0.3987662673000478,0.049419925766245765
69,0.11959369877901126,0.045675435286928696,0.00031000257018300376,0.4681911283179857,1,0,0.2774727942448285,0.046891292927604335
70,0.04738081136342831,0.006636678578661579,0.00033733986034544027,0.20934129881156952,2,0,0.24697632922133264,0.05017151944208356
71,0.1676957020100554,0.257888688512223,0.0008224424728458304,0.7918170595828824,3,0,0.47999832246830576,0.05028179012822244
72,0.12016530542212082,0.1871162720416946,0.0005395933082077066,0.8499160691956689,4,0,0.3745422984160952,0.04337032204304424
73,0.204063908550514,0.18808492931471268,0.0006204680108292457,0.8330312428567689,3,0,0.3329304571906301,0.04732960419411445
74,0.17363110613660904,0.2086163354806227,0.000700130433925034,0.3823104270427181,3,0,0.2644943228034209,0.04859046991097334
75,0.111723777019065,0.05683448830836107,0.00040813522959913637,0.39432371032880015,3,0,0.42378283966693325,0.04947044584683854
76,0.22744056049689465,0.18306957311199368,0.0004985951957002163,0.8105584834167808,3,0,0.4188059635922189,0.043073965135074874
77,0.24807947274490777,0.16100424821846462,0.000583554066208164,0.7206944689335002,2,0,0.29571046206826346,0.05051804907620574
78,0.01193687443276162,0.05917204264867411,0.0005027113483729702,0.44450085225681,2,0,0.2864457687442197,0.05210409895326727
79,0.19112083693370807,0.1606908909975994,0.0006231378885325066,0.5861605602679751,2,0,0.2734743775996087,0.04789169672460966
80,0.022780956220068205,0.055437454525487415,0.0003937111940828586,0.33195690425569035,2,0,0.3542887023903483,0.04677090544596332
81,0.11277177789940057,0.09938605091419671,0.0003935719078488439,0.5370556455853125,2,0,0.33840827694876524,0.04466110114139279
82,0.11790454475201576,0.11133170420320039,0.0004735911778330188,0.6275322081579576,1,0,0.1797232749900397,0.045279109556506776
83,0.04939966189110176,0.08132489802319068,0.0004926221573093338,0.4048109428061498,2,0,0.31954437492807064,0.05018430564689075
84,0.18081873668188198,0.20072306733368384,0.0007248513089459788,0.8252881400438505,5,0,0.23480206081946603,0.049631367402687136
85,0.22505857384531203,0.23076270896464363,0.0007360765484162422,0.695441101146749,6,1,0.43240567357325144,0.046891911906038336
86,0.03516753318102104,0.047106125951386996,0.0002981297698873289,0.3137626138639253,3,0,0.21179413004268566,0.04160123494151114
87,0.14525417839022667,0.1531685217651941,0.000611753252761173,0.6527086177142614,2,0,0.3742970718198848,0.048688202848254626
88,0.1464749081833188,0.08655602434817207,0.0005488853442758362,0.4775441913182648,2,1,0.3214172014521896,0.05402720392794487
89,0.0,0.007735409797017992,0.0002844016408135118,0.5251210162940388,2,0,0.3893785508192181,0.04607395643147233
90,0.032177108725638566,0.034497662979494546,0.00043362660158732444,0.1699868776743704,0,0,0.3315030755001049,0.051249568797203146
91,0.052717395732542534,0.05781396082817743,0.00043398140039991413,0.49619347330238756,0,0,0.3430585436838846,0.0509537942652932
92,0.107603862251675,0.08200202074880582,0.00044792086194851585,0.4628630426644866,2,0,0.3605114060263238,0.04875890017972618
93,0.14100643947521643,0.13880404340822647,0.00045046020640926904,0.5033872751613381,3,0,0.34693701274589533,0.04495617139190789
94,0.3102460666517934,0.3311785328914017,0.0012099829890064025,0.5883828996780947,6,1,0.40078969955978055,0.054225066858486125
95,0.2591396955361901,0.2734878187086422,0.0008805012075555528,0.7708937682108773,7,1,0.4378892611731193,0.048075953188447866
96,0.1789027172194671,0.22237872875989412,0.0006717597466941502,0.6861479060649306,4,1,0.19149914966719467,0.04590744373368911
97,0.13199889780608612,0.10916668776900507,0.0006233312228174691,0.7423867142304572,2,0,0.36954395599156853,0.052511223735335955
98,0.19936900680924174,0.19059398185369134,0.000745166954142484,0.8176849913188656,2,0,0.4120278356679061,0.05181061260959765
99,0.15687979117098394,0.1587319025303615,0.0005901671045551001,0.9092093403716599,6,1,0.4160237819597537,0.04640043899137072
100,0.05618535436908472,0.059859138708828336,0.00035100595581576946,0.6547469487315388,1,0,0.288539526723629,0.04722966883814389
101,0.033489515940955006,0.08119232571219409,0.00042143757374016544,0.7545065475021011,1,0,0.21120278840373072,0.04517827365440871
102,0.1517796578356027,0.1729112331614104,0.0009540724674198754,0.5472966856901451,3,1,0.41052501240795897,0.05853951095054256
103,0.06432405610919095,0.10244496280976673,0.0004905563043724262,0.6700438476199089,3,0,0.4177393561973839,0.04679377616277232
104,0.10032108797338211,0.034044968300001754,0.00034692883851294737,0.49823352991433456,0,0,0.32601581460679985,0.048150805493835484
105,0.18787101514820942,0.22051293244177048,0.0007568577887831346,0.6833784599204625,4,0,0.27910209754662146,0.04856581756283696
106,0.16106284789270203,0.13084019963329555,0.0005623795580717674,0.6982021025580869,2,0,0.35768915754864816,0.04993406592055112
107,0.0,0.035579966175873286,0.00039825703194273243,0.4580966344082148,1,0,0.31144609000546447,0.04883740250279512
108,0.09149932082324888,0.10541357910738151,0.0005789828245588561,0.7129210404822192,1,0,0.44092551797442125,0.05160748950898187
109,0.1849043752339997,0.20405764438992863,0.0006922767797762773,0.3902203527020518,3,1,0.3009629333808905,0.04909333896209013
110,0.10336430479270425,0.12377581117138615,0.0006399844182955173,0.6345577423468387,3,0,0.35119776886043885,0.0510031999991135
111,0.16119049263396895,0.1448443411368139,0.0006267778037234397,0.4302314454938164,3,0,0.2588587721908252,0.05071794157504711
112,0.1285939373157707,0.14260853531906204,0.0006397769241353652,0.15653950067159464,3,0,0.35177084506858763,0.05223472495081595
113,0.16250528947562745,0.10246160991105004,0.0005073123327274933,0.2551307072601199,2,0,0.21553288770209128,0.04965917458060495
114,0.17561601307201127,0.15939730672517313,0.0006218838194300854,0.5940090794602273,4,0,0.36087647925654454,0.04918394056049216
115,0.1513138313905831,0.18516462053344016,0.0007618481209876124,0.6217684813404529,3,1,0.5015433490904878,0.05027637227539354
116,0.10827578950545148,0.09706255293377099,0.0004797486738206202,0.42615544440916,4,0,0.2554954493446584,0.04962612717537599
117,0.04706472706640672,0.0,0.0002428945268430783,0.35366434278166853,0,0,0.24794097986911104,0.047900074291154414
118,0.1538676745883818,0.14482140701439256,0.0006392497374396359,0.465214574709057,4,0,0.33083434551501617,0.05150866114418446
119,0.12191184941651052,0.15334406563630917,0.00047293598301923704,0.6927340696432207,4,0,0.4077453977949309,0.04254206105213492
120,0.1336448260783787,0.17422668876026037,0.0006062398577046152,0.538627086847897,3,0,0.26012930310600146,0.04792411970156383
121,0.09769747080297161,0.09531114177083883,0.0005060375330854016,0.4548566185381154,3,0,0.40057818764438513,0.049291391923943856
122,0.14791420769053937,0.11556102974254913,0.0006450009847672853,0.3329160983019164,1,0,0.3514539829218007,0.05324258192667685
123,0.10432912039551229,0.11535470621012736,0.0006991264053488822,0.6191660183722166,2,0,0.34402994618838395,0.054685675713748765
124,0.19975239665141123,0.16003942652724534,0.0006077807765812665,0.4732995149833138,5,0,0.28454158089995785,0.0493036901011624
125,0.12947435012465178,0.07644233248205443,0.00036548974634909584,0.5616676591263128,2,0,0.22409948629110013,0.04469050101780738
126,0.14846076559030927,0.17420638051650397,0.0005724413480272355,0.5806178976158739,4,0,0.36407913088066424,0.04789574189958242
127,0.15221271130796873,0.1591934794686485,0.0007047823768451811,0.46465689762867346,4,1,0.3746545334019918,0.05192106952395095
128,0.08810205406423378,0.1400690323566963,0.0006795123042479997,0.7852883232361444,2,1,0.40036895439363857,0.05258394335513515
129,0.08601449709625977,0.10086935283894062,0.0005235068784937123,0.6076098903703199,3,0,0.3597481050856346,0.04890202023587375
130,0.15295370009056908,0.17835491970962575,0.0006351892046952426,0.745043819989717,4,0,0.4456179610229728,0.0493129334475687
131,0.2070643920633638,0.10637743662614806,0.00045739596806667834,0.4787604617927516,2,1,0.3342857510956243,0.04786922184875232
132,0.0,0.0027917777963123013,0.0002671062913369037,0.09398114583465053,0,0,0.17506576567596643,0.044050078889768536
133,0.1536115987747679,0.16283567957714157,0.0008258046891568004,0.5621830525602114,2,0,0.3360383770911018,0.05434701963870014
134,0.20012978276693566,0.248055506691156,0.000759633888354062,0.6623326837531868,5,0,0.37852464697109084,0.04781109410640514
135,0.2221208091160617,0.2391119882387774,0.0009482148397832333,0.7127685923120446,4,1,0.4452604305762018,0.055254288790803234
136,0.1754104916523499,0.07636432478375028,0.0004346452434643738,0.5181022903307329,2,0,0.3803751030723671,0.04949359890469633
137,0.05740087836851536,0.016182825532549797,0.00035160253986783377,0.24230843446171726,1,0,0.3567013975353248,0.050792891245734086
138,0.1259230527918868,0.1420246718434077,0.0006505731193915403,0.6135007351473735,0,0,0.35357440333368345,0.05085727119606596
139,0.15747360240228536,0.14975870557455925,0.0005416987583067778,0.5033947933027512,2,1,0.3752731863949685,0.047421899323686935
140,0.0488091872993823,0.05990178323920571,0.00042237241111827426,0.5668432172637331,1,0,0.27208097829923245,0.048874498488387916
141,0.226922936235471,0.3201849293795869,0.0010152464723112505,0.7759145680365699,5,0,0.4305938718900259,0.051365875992450995
142,0.009770094519693271,0.05068907022042757,0.00030251505343141755,0.25541615101843984,1,0,0.14004408772260724,0.04172390296733281
143,0.15582752168390454,0.16684675950578132,0.0007370116905163206,0.15003045865507622,2,0,0.2462345078761756,0.05162720686536779
144,0.16571280648089276,0.16225563947935184,0.0006032321334544527,0.5999607515582482,2,1,0.3039945660393773,0.04742570832420606
145,0.043844704085546145,0.030820562271586163,0.0003857407609714158,0.47770301841178364,1,0,0.2956150739633308,0.05021281209603433
146,0.06817127152333889,0.02024589195807144,0.00027213072757598436,0.3684702776641324,1,0,0.3134134310213729,0.04419469954516224
147,0.011664431909202104,0.017631848454048832,0.00035039529775310113,0.395225758894901,2,0,0.29994334736019007,0.049985204230939245
148,0.1918759438522518,0.18597595723588015,0.0007688937069346747,0.5355622720326532,4,0,0.3329344606119248,0.051189649811089116
149,0.06938178671705066,0.1566912331587187,0.0005789556546804663,0.6058281267390055,4,0,0.2501190899718803,0.047679839602694465
150,0.05487315416018778,0.07620017473254588,0.0004757623665294703,0.579478538151367,2,0,0.3329916832786301,0.047942741373463556
151,0.10179911029294797,0.06169128426951163,0.00044378820988757615,0.07151727098070068,1,0,0.27644669263721827,0.05047178471327467
152,0.05122658002719222,0.07169273534045217,0.00036030173381630274,0.46816882905253027,2,0,0.23857576058290184,0.04654027430357242
153,0.06199425634125637,0.08467244558405561,0.00046086619434908846,0.6773712575591648,1,0,0.28532328137523133,0.04819671499410831
154,0.2704497301602399,0.18661577785181374,0.0006539973402784489,0.7736112464883086,5,1,0.36618978366731897,0.05133955223843734
155,0.16719194369732399,0.22247645078803718,0.0007546411717873391,0.7473819144988613,4,1,0.28711666639779876,0.046141301213491
156,0.12644001887797876,0.11818996757527776,0.0005353859723743443,0.4593094795532212,2,0,0.3968844780166236,0.047800248627524876
157,0.1506808299354484,0.20363753329942186,0.0007456512920662718,0.6526769925959243,4,1,0.3293817553397758,0.04827754370160554
158,0.1522514221681604,0.18145053419281104,0.000831257134560347,0.49468413741882505,5,0,0.4095012083198048,0.05211043684554516
159,0.11100531496234603,0.14595194014691965,0.0006580260859725239,0.7192733668464448,3,0,0.3731558494992494,0.05016148599115788
160,0.20885578601137167,0.1918020874899879,0.000664496044248327,0.612040044590752,3,0,0.36128911725678714,0.046823405856790054
161,0.1497162624094259,0.09031570207760269,0.0007005682636083929,0.5678084653052037,1,0,0.4225090598350318,0.05885858936847353
162,0.24725029047012467,0.2085444722062108,0.0006678703046162019,0.5943481294875048,2,1,0.4596294045204269,0.04750714716455872
163,0.1784969891735314,0.09636168754947058,0.0004408881617609889,0.3524241125010933,2,1,0.34041674466930294,0.04869243453891724
164,0.15088528446946017,0.1741580423180808,0.000658869736473245,0.6259122896169966,4,1,0.37138289744809083,0.05070747491279855
165,0.06127555986932306,0.0959983357273427,0.0004558310290478193,0.25159999855582665,1,0,0.2014994531279083,0.04570929060363915
166,0.1644013465707406,0.12818602888638395,0.0006015499742410369,0.5089831217314885,2,0,0.45216706847484667,0.05112862618692746
167,0.1317197023958585,0.17878667829815034,0.0006590850024495869,0.5413009797720082,2,0,0.2633202928347089,0.04951741180396663
168,0.09975433112202081,0.042760570462050784,0.000316685858290725,-0.03820366122646848,0,0,0.21583724673734725,0.04522108403583029
169,0.08317023531864925,0.12163617056183139,0.0006396388540115256,0.8401212185212882,1,0,0.4024662878954453,0.05043568941991
170,0.21491461212006502,0.1983066947236926,0.0006806588257267741,0.669765078042143,3,0,0.497701603847035,0.05054976203866833
171,0.23513375809176273,0.2012072517632368,0.0008432427111858769,0.7660292181516422,2,1,0.45832077165798024,0.052997423695141335
172,0.2717417526296634,0.324646963625288,0.001381003963026014,0.6417055766038547,7,0,0.3771479181107388,0.05694021247304463
173,0.04472722936477274,0.05921828455217142,0.000344254889168895,0.2496861545740827,3,0,0.2117753199750939,0.0447512777304981
174,0.13692597026869466,0.17544210792223874,0.0006679621194699492,0.7498127553232118,3,0,0.45106146919324186,0.048411820185350084
175,0.16050214801516757,0.16818087653346772,0.0007119847345096785,0.4769490294281372,2,0,0.31422667150217554,0.05036205861462516
176,0.20318309480925809,0.2682920850771605,0.0008365247118212167,0.55478397981147,6,0,0.4093168822250691,0.047085609813716955
177,0.23926939712652806,0.23394263269678278,0.0008066087111202311,0.6958216638512331,4,0,0.4479854168728279,0.04982922365423202
178,0.10913382905100114,0.058366017423533346,0.0004014824221406996,0.41536715837794985,0,0,0.43638827323750445,0.047645668015834586
179,0.16557270427934576,0.2014449182180663,0.0007110769518718905,0.7179731566183345,4,0,0.335472995998769,0.04875417388367901
180,0.14691354647896612,0.15601938898763315,0.000562764742409426,0.37765306258898224,3,1,0.25354282287833496,0.04623663131185968
181,0.12000616236391619,0.10627161007602533,0.0005515829562470473,0.45988255363508734,2,0,0.3006099566491813,0.05110077307002194
182,0.1612900065485199,0.1020518173744159,0.00043369582935102075,0.45882496298698805,3,0,0.43699353010032577,0.046952398291350776
183,0.15366082362593084,0.12135975744843973,0.0004340692760125444,0.595609939977555,1,0,0.36318459271002085,0.04480615814367723
184,0.1390810065788185,0.13993158969693645,0.0006473136853261855,0.4045827412844833,3,0,0.3450123055234656,0.05122800746646249
185,0.14687912999536976,0.16395775486862885,0.0005878795625717205,0.5471314385133333,3,2,0.45955948612240094,0.0479174619590076
186,0.12470210396883533,0.13801446720399418,0.0006521506829145014,0.314353367931664,3,0,0.28893165342977684,0.05092966495391201
187,0.039324272205925166,0.07664301069699489,0.00033436980833161323,0.5695032652693726,1,0,0.32201421391201623,0.04180917230075226
188,0.2164178176788706,0.2594321506241306,0.0008238699367671342,0.8263301338133743,5,0,0.34590689224574195,0.04812224832194339
189,0.09394476644722181,0.09248127518810026,0.00046294875076927317,0.6219670690085267,2,0,0.36353623362921905,0.04787697989718661
190,0.08192664384847904,0.025847743639730067,0.0003136314488460674,0.5762893445002902,2,0,0.300493792378049,0.046880313845040614
191,0.14022498645130174,0.1698947097331397,0.0005375885465629402,0.6689855583861689,2,1,0.26023266347099344,0.04587623952113227
192,0.16881653368835114,0.2105112474111535,0.0007840641503024979,0.6306346316191955,3,1,0.3555323653205936,0.049357613018780125
193,0.17301289510521078,0.20691823603181217,0.0007483755880335076,0.47838283408360405,4,0,0.3203875522264828,0.04976338121373482
194,0.13623033832739956,0.111141180493585,0.0004397909156296801,0.4671661404595796,3,0,0.3114879997784791,0.0452467630432615
195,0.18070728290855795,0.2311979110409768,0.000953041820130093,0.6737036781451601,3,1,0.4174371199553145,0.05304635510856654
196,0.11958901597828954,0.10299486965589681,0.00043877210786979104,0.643193544731028,1,0,0.28366673090904104,0.04536130333844037
197,0.10952775295734554,0.1406677579268906,0.0005332773485613377,0.44285796736633326,2,0,0.24725990491642505,0.04435534152265466
198,0.1391517453957947,0.12985836026053046,0.00046804643751328397,0.6638154002195127,2,0,0.33991199471588307,0.04410574236594443
199,0.16482332406379052,0.16644718869031286,0.0005341184947500855,0.2924397442705817,2,1,0.28617572929825624,0.045872417013982564
200,0.30186604852095483,0.34056623664156543,0.0015162395537890933,0.7754810293878924,7,2,0.3958554371203054,0.057284054974284244
201,0.1794940898075402,0.14199563533783724,0.0006084972446956448,0.5633524340081976,2,0,0.41123738145770095,0.051050895206753294
202,0.2051739657640161,0.06807550656418435,0.0003695454647226435,0.5399372092361694,2,0,0.3587126913549911,0.04876460162056702
203,0.08515002714147846,0.0064161266221626585,0.00028262210467032596,0.403438159406216,0,0,0.2794084187793364,0.047725630709592404
204,0.008134272276833452,0.0,0.0002467871644098226,0.45942213289710215,0,0,0.2753779677727721,0.04452357559857362
205,0.1905138819614809,0.2176789307202066,0.0007969526395521723,0.7985024998298708,6,1,0.4221870795421286,0.05328290770710674
206,0.3331703075897991,0.3568101019494834,0.0011113833827026444,0.7855088926472764,6,3,0.440273688181818,0.05138700619687754
207,0.09642426302186262,0.15533453784854878,0.0007374089795840581,0.3485927461383636,2,0,0.3842816672507821,0.05159794956026028
208,0.08282314939545832,0.013695568986475662,0.0002931497866755473,0.3424418588617936,0,0,0.3218057642356039,0.04644751717655385
209,0.24134403591329373,0.27968434341157006,0.0008952545179415351,0.7947217159763367,5,0,0.4518992700547831,0.04900119866108181
210,0.01842187313090699,0.0,0.0002613255283316926,0.08877215782919828,0,0,0.20736444592832703,0.0460153694627394
211,0.09229744887793248,0.12094923182658723,0.000557279644567335,0.32221626209817905,4,0,0.2585478210326333,0.04827064320036414
212,0.16963898091254687,0.23649118335046102,0.0007705951133885934,0.7832755567840876,5,0,0.4399235813806538,0.046908143427504864
213,0.3138452895357003,0.27114170320025316,0.0008160975008602116,0.7490303575625464,6,0,0.44155244945142363,0.04945770454352319
214,0.13872000811873128,0.0461180901130978,0.00037146448539333914,0.025239030274364957,1,0,0.23996991864039843,0.04943891401003438
215,0.17248096116081668,0.19626217735367,0.0006845760489699058,0.5778539549884157,3,0,0.3764928816524211,0.05113255660271995
216,0.08270336592106235,0.03838392278464029,0.0003790762366903532,0.5954630637165729,3,0,0.35165503255650227,0.04864992327670605
217,0.10405516606955528,0.09110584625684318,0.0004540661807489036,0.5365116973908067,3,1,0.4947800496296393,0.047373201567996744
218,0.20078422961745768,0.2529589622289316,0.0009060982122171005,0.7905595720944611,3,1,0.45364413990349906,0.051464097844412374
219,0.04343066215842447,0.045942432464161694,0.00037019337432142645,0.3391994617177678,3,0,0.1832306270594893,0.046511032681780445
220,0.0564645618290937,0.07869959675361529,0.0005301543942406065,0.7293036400533973,1,0,0.44402057059575906,0.0506379183152271
221,0.2114755396566822,0.06812624540530063,0.0003773137127491947,0.5666837276802679,1,0,0.2363063591539573,0.04890516533415907
222,0.11507087628072914,0.1214253231372043,0.0005857892496210877,0.5715514343136492,2,0,0.4046711170551102,0.050208468072638096
223,0.25830731901194287,0.2462035841694761,0.0005823535403710445,0.5980582176902162,6,0,0.37430116724059365,0.043398189055331375
224,0.24805353020252208,0.2548258515985892,0.0007146733840427644,0.7060665323969142,4,0,0.352123934372446,0.04587436397555997
225,0.11531840884953917,0.13291253967771083,0.0006120160020467716,0.42832459239828435,4,0,0.36359191740594643,0.04903981276746029
226,0.25204267284040616,0.19819895365442264,0.0009814147128380246,0.6872577764257628,3,0,0.4437552469672101,0.05763815873526402
227,0.13184353559245648,0.12074833819090695,0.0005274354977722438,0.45037873450678745,3,0,0.26166074154996727,0.048720557405859066
228,0.10502181953366174,0.05430480133806177,0.00040879377532791885,0.4313673826372194,1,0,0.3642391889626639,0.050069852534719
229,0.14796043134697953,0.12386626497572083,0.0004642824813439133,0.6671797002096942,4,0,0.31361990875446927,0.04463701501100259
230,0.14409306167678243,0.1812788305569479,0.0007554131740527023,0.8590864477454022,2,0,0.3992558563418062,0.05197745321042797
231,0.17242641381377222,0.15263326473673053,0.0005765564673038162,0.3221959969368065,3,1,0.2846178567199083,0.047987442014597294
232,0.20114888895620234,0.16175845971768463,0.000638823886427577,0.7367910947378116,2,1,0.23427669826316252,0.04898625577674566
233,0.1763628639272493,0.11304249422433554,0.00048767650199029453,0.41689266488015014,2,0,0.296041143052867,0.04720263702027053
234,0.08891120981034874,0.06876149198681278,0.0004736742027587566,0.4432924577312885,2,1,0.3652318166271491,0.04961714517307102
235,0.18696728987495423,0.18514285296986072,0.0008060987128676427,0.6556157563546268,4,1,0.4134230749399461,0.05341539078847929
236,0.12915607714149965,0.12799059959564477,0.0005121114404280697,0.6977963351340478,4,0,0.28279220118019144,0.046809205144548977
237,0.29032542349204477,0.28203134557710097,0.0008721533571864536,0.6420950340664253,4,1,0.33303364797895135,0.04835660122811641
238,0.22692391869877662,0.17009543294223467,0.0005707440583716997,0.5959269177035572,3,0,0.3582378922612066,0.048968579162897
239,0.14234882230628387,0.09621605922306949,0.0004529556986870621,0.5304766362967135,2,0,0.3793372702328766,0.0486489179163889
240,0.03426348312021267,0.0,0.00029114538079973563,0.2499973315823945,0,0,0.2625063430494244,0.052241723524258335
241,0.232352278327706,0.1492485425613492,0.0004704166540887333,0.6642827948993432,6,2,0.3668558011250094,0.04531644453461123
242,0.2428047986831315,0.2593361242749958,0.000767989993284665,0.5495653317900405,5,0,0.3411874683714453,0.046840119341133704
243,0.14854033614439863,0.16666995261228038,0.000692037979667845,0.8342628887950039,3,0,0.46154002711536035,0.05039199563207022
244,0.10666909355379342,0.09791837796001643,0.000476683962273922,0.25758209326999937,4,1,0.3129217087414971,0.047384235673958455
245,0.162174258838577,0.16310931766616416,0.0008573957963016462,0.444679249405607,1,0,0.43795858336207955,0.055456006226665674
246,0.09053193572787122,0.13162201203385476,0.0005839789071088899,0.26591166892330176,2,1,0.25724149632584675,0.049041976058349784
247,0.064988143717002,0.07128969541659584,0.0004689404654357967,0.2676443839665301,0,0,0.2352912305031116,0.04994816010473628
248,0.013969825442118536,0.024240230045917,0.0003300407652589173,0.4892035630059698,2,0,0.4067600132031909,0.047234062141142376
249,0.20337021133681166,0.1845595426805094,0.000624722381343647,0.779722256734075,5,1,0.3390955173894225,0.048212760692879164
250,0.12118485071221395,0.13970210576301967,0.0007103184299494497,0.7883182111589074,2,1,0.4655671114520986,0.05232147041016643
251,0.3245622837790625,0.37919846751833813,0.0010476904542123804,0.8226050422548794,6,2,0.4222149295238606,0.04792658183161544
252,0.2771769502321656,0.3144079952568408,0.001005012909682307,0.6425725582886611,6,1,0.3641463115922106,0.05046308891629077
253,0.15460026147972122,0.19981420091672505,0.0009166735826929534,0.5763754432667045,2,1,0.27430022060665465,0.05213058278822675
254,0.15003080841319433,0.13887433133617957,0.0005796898772134864,0.5702203398529173,2,0,0.3417938470520555,0.04875717467818817
255,0.004243395843925159,0.0,0.00022193652442332033,-0.02945917746078169,1,0,0.29426552916376275,0.04225989636298449
256,0.11453420068073951,0.09204215865194218,0.00040945188671244134,0.4761052068829675,2,0,0.3919212807341787,0.044399355491574595
257,0.11306410329269546,0.08157067587728763,0.00043234063311671316,0.5572094691124898,0,0,0.2684276829238137,0.047542100541182686
258,0.051341853955398156,0.026138361342969003,0.0003258000107075685,0.3070925221542512,2,0,0.19169958919056979,0.04706517301009108
259,0.08660905057175719,0.0434962468489431,0.0003611302475355849,0.613992826802736,0,0,0.3933285629353924,0.04713438978138801
260,0.06682020520570733,0.11709028618456357,0.0006128194299285518,0.6879484977060668,3,1,0.44522204640427315,0.05148534827435649
261,0.07613268667688985,0.04117456531580159,0.00040066943642636785,0.3485684759051416,0,0,0.2703447733458152,0.04944607620242957
262,0.11468732125783578,0.10866585336258279,0.0005368052229854217,0.443434408890211,3,0,0.36097640975465534,0.04965567746862978
263,0.22772070697349633,0.28114380443327974,0.0008125603316523785,0.8254727449818279,3,0,0.48557492124861856,0.04800440947892046
264,0.3029318371726311,0.20813177017663015,0.000690279188938888,0.764046815913303,4,3,0.42217290600621327,0.05004361566718464
265,0.07536554594343338,0.09502633585158629,0.0005938689102139042,0.3901852076899441,1,0,0.3324878991099967,0.05375600959417816
266,0.07556429043518155,0.1363622665654808,0.0005013064875934823,0.7710696509832894,1,0,0.38680407844904635,0.04797961651426453
267,0.1247746777844245,0.10412999724512345,0.0004298912264352465,0.45012462662482716,1,1,0.3251857991784377,0.04640190119834542
268,0.1189358759562919,0.16731111184853587,0.0006754630303754235,0.6276648307558529,3,1,0.4014290279360445,0.04962096616093116
269,0.198995360243503,0.12926108708313375,0.00039751469722984885,0.3762377800904895,3,1,0.2543992088456161,0.042320035285389024
270,0.19670076393513056,0.17214926452625084,0.0007235438795257645,0.5289305370660273,3,0,0.3662707832025893,0.05123105405350009
271,0.08653480635948417,0.09890457968835542,0.0005316992493334742,0.5945573136272374,3,0,0.2792898405077572,0.049055915653563736
272,0.22051013967464797,0.2381745728158513,0.0008948825158246722,0.49151326454109345,2,1,0.2768149464295531,0.052814735745295376
273,0.12942419414019163,0.0811541446030407,0.0005268509287916015,0.6596548324397482,2,0,0.3506901872617609,0.052192394682288694
274,0.10768980233537458,0.11840279300766064,0.0005386144243565838,0.4428609541408241,0,0,0.27657433253245944,0.047984076659882066
275,0.0,0.0,0.00027261682139878335,-0.0404916187864013,1,0,0.30407414935517235,0.04892666574711549
276,0.16190837694357124,0.1539787725197578,0.0005645525483924746,0.36076335394837233,4,0,0.2741341407345363,0.04714864435961648
277,0.03127877791226467,0.06790011096871973,0.0004287982858534794,0.3722300749843676,1,0,0.31932269174699746,0.04885817622684821
278,0.2687609944288332,0.17361783177027154,0.0005512884378050564,0.5840124915456841,5,0,0.3745487002052468,0.0488839586458465
279,0.13302827034010165,0.08060393908781514,0.0004975127280255503,0.4705230397473659,1,0,0.42611175775476745,0.050833244688308875
280,0.08156901895941257,0.057638298969060184,0.0004271842644818628,0.4194888318809056,1,0,0.3990083084891027,0.049030682715372545
281,0.2577680335937607,0.22081170221093158,0.0007166147834779332,0.5397349580210941,4,1,0.32106789844510814,0.050575990053990647
282,0.2193521908887882,0.16474243934707702,0.000571903573191239,0.717369762492223,5,0,0.3897794667902039,0.04924070089700611
283,0.10959217839537093,0.12181667838336468,0.0004826888992304351,0.4720844931640377,2,0,0.25696199914881873,0.04527376596860145
284,0.13819334272809272,0.18742982911503941,0.0006867324761605836,0.5501819507370687,4,0,0.30092078392756505,0.04970551428408411
285,0.3495359759062667,0.33581736797357586,0.0013048372530659231,0.872715182925411,5,1,0.481320997274814,0.057017519477614256
286,0.11060970049479621,0.09719978380686185,0.0004507796812378873,0.7259658431013581,2,0,0.3328077941855217,0.04716627986909156
287,0.13941531149793537,0.02074852839906055,0.0003009716344404504,0.47742139488968366,3,0,0.4212578618936597,0.04925191211039627
288,0.0508874156167394,0.08928248604014011,0.0005035992576174626,0.5992165236250567,2,0,0.3216020032520513,0.050333334244457704
289,0.1445815206947084,0.037215978191952236,0.0004369729935843024,0.3943302809386003,1,0,0.39941194171935457,0.054824090131536975
290,0.20154382447333355,0.18135487140975304,0.000643791786526393,0.6174616439677812,4,0,0.4208113268038982,0.048789058508622994
291,0.18295137483463061,0.11231884843238599,0.0004301011974738866,0.7762155160345005,2,0,0.32891435175871736,0.045585599715671825
292,0.07959161779425705,0.055066684511051185,0.0004484032549035019,0.795617285828601,2,0,0.36691398899451255,0.05138749925808878
293,0.09913652030189368,0.04403109174778343,0.00030264275764138924,0.1779978487189256,2,0,0.30513350101343595,0.04372998211096081
294,0.14705186465468403,0.157454292376108,0.0006323747416831147,0.6032425726997884,4,0,0.34049651042523527,0.049353979767538414
295,0.05665837061181046,0.05230423939626501,0.00039371192336423694,0.49520011455860824,2,0,0.24619409445894672,0.04819557982676063
296,0.15639238103599987,0.14532415448124397,0.0006186384628296682,0.6045173982759832,2,1,0.3460445187906987,0.05070863235857872
297,0.11745251530960026,0.09800773511070769,0.0003815923031456456,0.707378472918603,4,0,0.3101481016756504,0.042314277081253494
298,0.2227652167872433,0.25684274529639795,0.0007253300620101014,0.8046550199255378,5,0,0.4028130738740601,0.045405710885028164
299,0.1230774031671303,0.1569994431796438,0.0006105602939954316,0.5772113393138066,1,1,0.20865083991512487,0.04955089962034048
300,0.07098982891353653,0.09600711472893626,0.0005982531342694728,0.7545668202955499,2,1,0.2911794633072884,0.05332022833428107
301,0.29752325243174027,0.29958538353616804,0.0011250749526724097,0.8050720950867047,5,1,0.5496291882659224,0.05403496638302095
302,0.0713804212258923,0.08796841190143277,0.0004934865738933746,0.45553076196140013,1,0,0.4036550878554337,0.049539572218221424
303,0.07507186870155819,0.09499894448692593,0.0006037899906049063,0.7093718482291653,2,1,0.44509672018112784,0.053392727750062555
304,0.1193712060841092,0.03204252550881194,0.00029246112187757915,0.6384566175586969,0,0,0.31715202784648194,0.044861894398627124
305,0.11758230119932156,0.01839890942896358,0.0002870006635846439,0.1433923922836739,0,0,0.19814825637542544,0.04740859696198036
306,0.3048696681287458,0.3133507815549644,0.0008636457952129781,0.5817734162032568,5,0,0.39624937052826914,0.04695356929754797
307,0.0796579246890573,0.10688960737303928,0.0006886693343027345,0.5285098339748991,3,0,0.3421101218217474,0.05473252621258824
308,0.09934851110713472,0.0940135912309742,0.0004584625991093366,0.6031569930903521,3,0,0.24137978583320152,0.046551624347588985
309,0.16526517193714607,0.1579400016251717,0.0006150060737459933,0.7946716591971361,3,0,0.433368016089159,0.04834218477422173
310,0.18166209514546594,0.22272132033786038,0.00099851677922361,0.6238323404137934,5,0,0.448527349735987,0.055530104506858864
311,0.1752116823419822,0.18610987977612814,0.000789476954003611,0.5746884547769386,4,0,0.3268929288162532,0.05240416278076205
312,0.13111905394010426,0.14706729372467794,0.000670299968562607,0.6030256443934001,4,0,0.3578577017025341,0.05023778106143828
313,0.24849799665598774,0.28746617569434285,0.0008315521566439025,0.7962350125689883,4,0,0.3785240813492711,0.04727956561340007
314,0.12946723953846834,0.05188260055773751,0.00038221702269029215,0.5423681570315673,2,0,0.31416983284533384,0.050100344581308416
315,0.08808987186098392,0.04580579124074464,0.00035329140608841825,0.15924177816995305,2,0,0.23264979410271625,0.04690605045775834
316,0.17950924962564146,0.21168927522005188,0.0008070329822549397,0.6772430143355566,5,0,0.42080870320428865,0.04913374504244716
317,0.08822565520049534,0.07011265246409658,0.00036697883484621967,0.4255092117361557,1,0,0.30282491575992165,0.0493104395598974
318,0.0023923032524378377,0.018973897414528523,0.0004108625409887787,0.5562813630866847,1,0,0.1878397275770752,0.05214974546842123
319,0.1835442437659916,0.19708147982745872,0.0007687189674430362,0.8291294153850002,4,0,0.4665987957555452,0.05045605025944932
320,0.11876113633485796,0.1462091010687965,0.0007149033876948473,0.770677134690207,3,0,0.43100101570157895,0.052955850116743974
321,0.04385913697505215,0.07212396140774095,0.0005266197725481833,0.4079042065939764,2,0,0.22127796757801377,0.053539980715396736
322,0.12932648348223105,0.14322922460709583,0.0005397738275642923,0.3771121553363808,3,0,0.16791759859845493,0.046664427997808386
323,0.12582447000461103,0.14036036847732405,0.0005351359506371339,0.666166751875076,3,0,0.27942946903021243,0.04794381603952892
324,0.1305846731576409,0.12066646449501427,0.0005516507499511681,0.4446257559027829,5,0,0.2841572233710352,0.05066636365940739
325,0.1915921638507709,0.17469452847237543,0.0008544416377231335,0.8536808927274177,3,0,0.42506649390533413,0.055586732326607574
326,0.2081172931805865,0.1972224852190931,0.0007316084746870903,0.5088702303518866,3,1,0.3669248331820613,0.050794646132584866
327,0.15256488535041526,0.1852161605718013,0.0006124891927322836,0.6874943081419209,4,0,0.27050808833710743,0.04470557946701393
328,0.08393753369798686,0.07915790684697754,0.000465442360469296,0.22413375554668494,0,0,0.23832172322453232,0.051341099249543144
329,0.08783290187592033,0.052433800326058565,0.00047581470011488476,0.29219739134542827,0,0,0.1932479215116074,0.05315189178261332
330,0.038234358678953466,0.052887651619686976,0.0003921785864810353,0.41384901734027474,2,0,0.3254396472652469,0.04861642679020512
331,0.2960845911575204,0.15694918131496677,0.0005399122197783341,0.6901336442573354,4,1,0.32268696429337995,0.04824446025720476
332,0.24467351742268326,0.2407145113740379,0.0005741276092659142,0.7659714552099594,5,1,0.2922995030093803,0.04236087335246944
333,0.12931981325730407,0.07629701535013977,0.00048768331577980637,0.5722535956221572,1,0,0.31019199104385525,0.05049038538597868
334,0.08891434034904266,0.0,0.0002640473472998403,0.407212019275284,0,0,0.250910165779727,0.04754758169131304
335,0.1520363605697537,0.1434412804589083,0.0008255708215958737,0.6522104266504474,2,0,0.48025737169046306,0.05658304348325625
336,0.15491835247076302,0.16876435376218754,0.0007357372818140234,0.5901017804203806,4,0,0.38365453528398774,0.05364085696468607
337,0.14670316800188424,0.1687938034589902,0.0005673726371758166,0.6789386530805509,2,1,0.38482784872822773,0.04707816919251436
338,0.03076088142638386,0.06106815493820812,0.0004689679707653141,0.8193248855763251,2,0,0.32993776907177297,0.049807704176985976
339,0.286227420075043,0.24894049962003859,0.0008930473857740113,0.64394016786942,5,1,0.32274415381580984,0.052943813204546435
340,0.15687370941567727,0.19230596999694202,0.0006185830808335878,0.8683574076616496,3,1,0.31953209209745254,0.04546894907861149
341,0.20819564262834467,0.1999929769470332,0.0007470733331191454,0.7583070542634094,3,0,0.3922410383957681,0.05100525203161394
342,0.16017518202693287,0.19271342140414272,0.0006362006833064745,0.9391173910231166,3,0,0.4505964687812806,0.04734252761428014
343,0.028452909322408623,0.04121135442192138,0.0003770855144876174,0.23084924256328793,3,0,0.2274686563545975,0.04872266653724615
344,0.08983237991108536,0.1166935418256414,0.0005643727166747687,0.5707542958236307,2,1,0.3330591124492053,0.0491312650142374
345,0.10730470536517286,0.10493834092435879,0.0005452165518192202,0.7839673931576269,3,0,0.38945678107816545,0.04835972801248899
346,0.08141794726931946,0.08185531919860516,0.0004972589971887647,0.4346742488997046,2,1,0.31172024107070684,0.04879514943502854
347,0.20244244290508345,0.12013303247895074,0.000565955549828025,0.4939853328362759,3,0,0.3035341417309808,0.050783671550348915
348,0.08786493896489254,0.09739905550269683,0.0005291405003487713,0.4729727699546763,1,0,0.340496454755963,0.050274520086353226
349,0.11600954525647454,0.14377398495464047,0.0004872055909224279,0.7180838227850165,3,0,0.3049987820630275,0.04388604056312894
350,0.13154851315451416,0.11722918311703834,0.0005115981063555,0.2947661334460441,2,1,0.2057492359263761,0.04884384615389632
351,0.0,0.011428924967538338,0.0003078413993197947,0.203720074636505,0,0,0.3598181308861358,0.046104963242466095
352,0.10349727077282811,0.12035585061413982,0.0006136843184535709,0.6395320937177381,3,0,0.3694071774665005,0.05149478236073018
353,0.06420451301899761,0.10379779638350453,0.0005117930121669586,0.5727225987965945,3,0,0.3227318074579467,0.048606813576634426
354,0.028282061141373438,0.008491725638283622,0.000364650888589827,0.4161709026296394,2,0,0.2100488441436953,0.05136703719597077
355,0.23552831639472396,0.23143558442698278,0.0009105221389314674,0.7448278923153325,3,1,0.5270286436148691,0.05325638078792989
356,0.1909198751566506,0.2475035409725469,0.0007160090161340782,0.6998052755502646,6,0,0.44546948314429,0.04568183589962324
357,0.3049633097565365,0.32022599350377373,0.0010247943419215235,0.6843625715558669,5,2,0.39916606333442367,0.051027870100139476
358,0.05196726741159371,0.01009113670660284,0.00025587373289785926,0.23051031886261322,1,0,0.12437474213284365,0.04315951441870683
359,0.14246019181179392,0.1231523756830402,0.0005139614820719855,0.4889487584092429,4,0,0.34189949031703415,0.04742789136209784
360,0.05764216211812228,0.012255400367853218,0.0003186582151730643,0.03132518645582592,2,1,0.3238046814338127,0.04797361352468892
361,0.10557232614397298,0.10771637435936687,0.00039579516480339684,0.6469395062749155,2,0,0.2824980370121653,0.04349643418786095
362,0.05198493684327427,0.12064890304666051,0.0005301072583337123,0.3529755797127149,3,0,0.33893719833509417,0.04694356109939668
363,0.17665919034001185,0.18881759430673195,0.0008212020783180934,0.39991427854709083,3,0,0.3111285435143554,0.05347009351873658
364,0.03381146944885463,0.06986313325912892,0.00040111319980199996,0.02494883189114267,1,0,0.24585577271695597,0.045917295002441814
365,0.36485951771347397,0.31528977344785974,0.0009574557225485946,0.7306244126245025,7,1,0.45795669339959866,0.050910986489455606
366,0.2195497007411251,0.18489080861508686,0.0006975832315993568,0.6424858679858167,5,2,0.40887456770949065,0.04951455028703263
367,0.20838292458575325,0.16700365384070706,0.0007131516671459907,0.6888004039601177,3,1,0.4285602210828756,0.05168439000675496
368,0.1079827087954625,0.11293727731558165,0.0005333715080622607,0.6661078589867173,2,0,0.4316972005689195,0.049568860385159175
369,0.022806153588152717,0.048802320521695725,0.00038044728249347437,0.26282081893964643,1,0,0.22125590495852793,0.04586472080912814
370,0.017905586343565056,0.05798238146448517,0.00041034602534345104,0.5557095848714413,2,1,0.2721842037572236,0.04907912764010432
371,0.1357091243729566,0.1491351617692224,0.0005552254812540539,0.5697262783890478,4,0,0.3626435801770334,0.04639589871355806
372,0.24358043350161254,0.22800642843364205,0.0007913059666170376,0.6710752413430775,2,0,0.4323517861806744,0.05005068151711241
373,0.18307534553525076,0.11111933648580995,0.000541988545724724,0.4089003477721215,2,0,0.22835289428230843,0.050382557440433344
374,0.09939786100933905,0.10902920559926732,0.0005423495302593503,0.5327247498951794,3,1,0.14788907446505187,0.04832164323149921
375,0.26746014078789154,0.3109423110196024,0.0009572565819744326,0.8729035806800017,5,0,0.47377789225767636,0.0481382221606736
376,0.18932616786535905,0.15293032985383853,0.0006198088221084225,0.6524741577812051,1,0,0.3710743519037818,0.049229208094075154
377,0.11138261788372406,0.04513850774258208,0.00038721743691164497,0.33876348035692094,4,0,0.3307458197449598,0.049305666632550496
378,0.12593304560023183,0.12131313672446176,0.0004867199114714298,0.467556147069635,2,0,0.2441747403678724,0.047459106419352026
379,0.20267891339512445,0.19759772862767994,0.000686406139310337,0.4753587338684441,5,0,0.36550008193710276,0.04723056435816363
380,0.07308019846551748,0.14438132857357,0.0006373917643947485,0.3496562115502313,2,0,0.2687253710266317,0.051779945030994326
381,0.1598324763338332,0.2134487498428039,0.0007942048882974583,0.47541072912741295,2,1,0.4781051814095413,0.05152147269880598
382,0.24292394318193153,0.21808411472970549,0.0007388962320438053,0.402289940795624,5,0,0.4047151491509041,0.049421528435031295
383,0.1827397551180104,0.1251404958165893,0.0004203281437872408,0.5117440337702015,1,1,0.3579135975266496,0.044353900818357835
384,0.1968615746869566,0.18839874107688193,0.0006842199639077817,0.2866772954440406,3,0,0.4034053471112392,0.04940257971946413
385,0.03701133490986782,0.0,0.00017081598435984128,0.31413409314046076,0,0,0.2505855973955815,0.04324683555534353
386,0.0,0.0,0.0003134248645813927,0.5657110633051876,0,0,0.3544605183256533,0.05310077569430615
387,0.1518002069279499,0.19598304065648162,0.00062413895748216,0.2671052232844483,4,0,0.18236562130119577,0.04679991737411498
388,0.19289963789111744,0.16630134670852526,0.0007464474129166669,0.7925117233197809,2,0,0.37914343117326693,0.053832790801745925
389,0.12504264637634369,0.1647477100466248,0.0007153617888181169,0.3252672040110825,2,1,0.3607366311855618,0.05059394357824532
390,0.041824920463732054,0.012470770512698792,0.00028019356353194683,0.3137347382428904,1,0,0.20267247037889538,0.04515543815633513
391,0.08578888606096992,0.09746954985739253,0.00042606644116092296,0.3824781595431472,2,0,0.28333143556191337,0.04636903434110584
392,0.17262478434753983,0.1839287963263519,0.0006192729445753575,0.7739781453935153,3,0,0.3255119441392665,0.046654190211975574
393,0.1568374947488016,0.105918970795836,0.0006176929728224138,0.5654904110422385,4,0,0.36298198952542265,0.054062209609668614
394,0.24090819447580333,0.26071382869500836,0.0009074908819989106,0.6848767361111106,4,0,0.49139673520880617,0.05169938515774022
395,0.07490338557231438,0.07405453086878806,0.00044460251429704944,0.28201395846954697,1,0,0.3042517687560515,0.04710489529445769
396,0.01094886758868528,0.07036250230125338,0.0005572443752104236,0.3101438858967462,1,0,0.35098166856877205,0.053360577017522795
397,0.0763045414299254,0.07469841808556972,0.0004072719423898985,0.7368997632381328,2,0,0.35502212659077587,0.046032170725838394
398,0.2616699749664996,0.2631753554605358,0.0008733166071900457,0.838584860732785,6,1,0.6013761100653335,0.049088069626722346
399,0.13858817170707996,0.14778525675543547,0.0006259876818124042,0.7239129191501307,2,0,0.3206559371458112,0.04882085291406654
400,0.15664220272149643,0.09854297307031815,0.00045573680474586764,0.7158267544508182,3,0,0.3797151641781766,0.04859877978327067
401,0.2705920846115708,0.19808651683271672,0.0006656687339591008,0.565604355319544,3,0,0.3579339551547511,0.04958958300804215
402,0.06335389723863921,0.05694416825478544,0.00033269345335061124,0.4612086607610953,0,0,0.2835576635450003,0.04346615778194034
403,0.22112581125344774,0.09577709387520691,0.0006696797132112737,0.5734204550531059,2,0,0.5327276876177768,0.05940191070724318
404,0.07146990463815826,0.04210387669882477,0.0005239837062503979,0.5736037930363244,0,0,0.27727625613660567,0.05711168769488687
405,0.060770078160925355,0.07114693813444332,0.0004042552031374494,0.4818649464856821,2,0,0.26953437272828157,0.045922473106947186
406,0.26360495456836947,0.3165472098944995,0.0010679881023389424,0.8743902004788159,7,2,0.5191343030951623,0.05021335652697545
407,0.20140379907797082,0.168331967046979,0.0007021034496981581,0.4502082606873114,4,0,0.38390606199631944,0.051909481538842894
408,0.05141401600178343,0.07400081986815704,0.00040826759464407993,0.4372498839046509,3,0,0.3693669052042781,0.04821228630956895
409,0.14615544750119844,0.11741795137543533,0.00046996195451816744,0.7180031832215228,2,0,0.2490750587367458,0.04607023345212259
410,0.20855446506898784,0.2248539682509952,0.0008575802165544726,0.8483018774503098,4,1,0.484840557157201,0.051060101771720386
411,0.20032322217833676,0.16675015612020597,0.0005396853921668411,0.3979614577395656,2,1,0.2113233683867369,0.04636645137970841
412,0.27637904983987693,0.28050143027316216,0.0009250698624405888,0.8731463324218707,4,1,0.30468560965533115,0.05070764920948107
413,0.12530459163450605,0.108750121746441,0.0006504615610968479,0.638584379887544,1,1,0.3796867894468559,0.05476638143582213
414,0.18280131357255644,0.15709149877725123,0.0005251484929015619,0.34209870184169183,1,0,0.3137176466108637,0.04595270702059496
415,0.10029847748957463,0.13484781563923526,0.0005326481170427112,0.7332203816361874,1,1,0.3458992775013782,0.04627525804879118
416,0.058043399818414054,0.09155093487694306,0.0005397052624901139,0.39938298920695414,1,0,0.27061640432651396,0.048821281499801625
417,0.18201689041412006,0.20292863930899868,0.0006267558025573771,0.5206081016613104,5,0,0.3088421362541972,0.04586328127237024
418,0.18590882316031135,0.23337366207981985,0.0007351232114595148,0.4756588128101485,3,0,0.3625611357253688,0.04616302966167806
419,0.1368173943636626,0.16940506751371565,0.0007533647514606173,0.7016113699139138,2,1,0.3626514259770143,0.05154931262628109
420,0.10135682460449846,0.12763361206053908,0.0006982181896327821,0.4494418393037336,1,0,0.23818074934604347,0.05409490600658097
421,0.3113050734054973,0.1472082861712065,0.0005649033700732295,0.38317453007187086,3,0,0.40946722578171396,0.05187417656264154
422,0.0,0.003973529938198489,0.0002016223804251197,0.3179299110962565,1,0,0.1834004429017487,0.04141520952979569
423,0.06240727814451901,0.048087621260350016,0.00041932708875795465,0.32725786204900137,1,0,0.2581423821291653,0.049858201796725364
424,0.0946813288220738,0.09534078921040658,0.00048084871013086744,0.7502726833926417,1,0,0.3348804140558711,0.04829644282160189
425,0.05640382162604585,0.06137909390121283,0.00048616630094201264,0.3925727740339615,1,0,0.2704189187739981,0.05227751461062383
426,0.19693578776810633,0.20708605490942958,0.0009357662891189366,0.5906865319654218,3,0,0.4290930705152521,0.056937034841153006
427,0.12414583828811172,0.10613228297984148,0.0004935049892577241,0.5607369902857124,3,0,0.3932412423127359,0.0482658778458368
428,0.1027462109102429,0.12296043029735955,0.0004182592285053875,0.4085777344521519,2,0,0.2996778135867508,0.043851414133908494
429,0.10662360278446714,0.13934962540053739,0.0005893133556104017,0.675139388029659,2,0,0.28583376465135596,0.048922176953293664
430,0.2290265989311969,0.18368537742168764,0.0005974593776247337,0.8087661511200157,3,0,0.4022449952393165,0.04664288306736364
431,0.18322405149238702,0.19059793769988131,0.0008198728620330766,0.6398347401819903,3,0,0.31057683428545085,0.05147076803137476
432,0.13104688609897044,0.11286479374896675,0.0005553838761513181,0.321149943179376,0,0,0.22044779182210308,0.04979542705498851
433,0.1766483138073481,0.11601617393012065,0.0005112359945543764,0.27828571920933554,2,0,0.21219739092096468,0.04834901952335008
434,0.2971589270096408,0.3174690395414349,0.0011134157385444727,0.7418662018022518,4,1,0.4667976730451521,0.05298204712726286
435,0.0,0.0,0.00025972700218649655,0.047410056484713116,0,0,0.27361611201592817,0.0473945258383789
436,0.1646502601313569,0.17115875121721225,0.0006633205098060624,0.7231316347894492,1,0,0.39537204653252694,0.052590998787564375
437,0.11030090815871178,0.0811342600560805,0.000434334969889893,0.581191490199856,1,0,0.4372865217404627,0.047309558904864206
438,0.1487381068457072,0.20931539779522673,0.000609067659167262,0.6295029430464113,4,0,0.32614013672149006,0.04380294782304002
439,0.1154076931143984,0.09477356502713873,0.0006318419618951139,0.5606842313220439,2,0,0.41662977284880753,0.056096036390509973
440,0.0,0.0,0.00026522766894114747,0.4028644517307348,0,0,0.3462129785498779,0.04686537950940406
441,0.3595928795243532,0.3442443220278899,0.001051086635888017,0.7379727197970011,5,1,0.5204350095895084,0.052837249282493066
442,0.23579056876065982,0.2333101701151113,0.0007447452196715302,0.5407679269274954,4,0,0.2755168781745374,0.04762193707570591
443,0.1716481516889227,0.11588904090986674,0.0004924414532665141,0.47032863848259154,1,0,0.3927639684868173,0.04738295816569446
444,0.0887830000178357,0.08359937758729594,0.0005755512712383923,0.6568724287663696,2,0,0.2007236555327095,0.054448488462437654
445,0.06855417054311509,0.09187159714307389,0.0005330194354976524,0.3282317093118869,2,0,0.1730414975211464,0.05136367894887936
446,0.10981657691183362,0.0999817461379402,0.0004706930518657812,0.5621425028836405,2,0,0.3946545067729188,0.04779844700879962
447,0.06990431362178913,0.07931837788336359,0.0004713045661603398,0.46482862619603776,2,1,0.27623139548243403,0.04753010308446434
448,0.3022430155231712,0.32154840906395155,0.001174727187493975,0.7794940297890065,6,0,0.37972445132849736,0.05259918277293264
449,0.1053473905561597,0.10834733699851823,0.0005227397132795152,0.34534084161283884,2,0,0.20861180804222137,0.0496549422484178
450,0.08143518605341224,0.08129619659957248,0.0004906044894503457,0.4178706304067591,1,0,0.28672349166448013,0.04937926386711305
451,0.15147628823183332,0.14818675473190793,0.000493756584328535,0.2608204862390481,5,0,0.26384423498276666,0.044033657434461144
452,0.07039978761084832,0.04636544761463619,0.00029163192011476963,0.16358367561182838,2,0,0.32947403764578637,0.04289715113461509
453,0.04231974883979557,0.05883241234381147,0.0004343478071196929,0.3010082326324293,1,1,0.2711435409165855,0.05005244109463608
454,0.12858978705524476,0.13257779940324568,0.0005700538504259373,0.7342165149273029,2,0,0.37665896378166874,0.047471884638093084
455,0.12644469989388782,0.14128115947973188,0.0007624013693549566,0.7085031479327193,3,0,0.5431749121161047,0.0543935160589027
456,0.04944144771597794,0.045258521881975655,0.00036395078652330643,0.4162411280595625,1,0,0.3390967811050769,0.0468086328577488
457,0.1606624025381851,0.18342776100768393,0.0007633879710038334,0.6787518323530148,2,0,0.3048242586662801,0.050454564184174905
458,0.22142716041288435,0.16514612044209012,0.0006348222855159176,0.5753441723770066,3,1,0.3764777360633308,0.0510671856362205
459,0.09834734026291753,0.140888582853345,0.0007675327008444384,0.4871015876042659,2,1,0.41334134728633976,0.05524771826967608
460,0.10363921224867575,0.1137458363643565,0.0005223385931827599,0.5188150035236131,2,1,0.2522155791671635,0.0492541416523725
461,0.22060641065319414,0.14965005994148164,0.0005973604614978967,0.6422369315067923,2,1,0.4635882442121304,0.050347118999837424
462,0.1698349605955835,0.21585584994361506,0.0008033269844369014,0.594347669845006,3,0,0.41154458381674097,0.05053225230731166
463,0.14285843814431926,0.158531111817402,0.0008960922421531232,0.5787700369847352,3,0,0.3603254985909151,0.05775976160467633
464,0.03439765317560095,0.014317156490556496,0.00035986574088530315,0.3103217510530887,1,0,0.35492821419336384,0.050739556963152035
465,0.08967246993181055,0.08229264428472861,0.00043976533760313284,0.5939875480306713,1,0,0.35358988240300876,0.04805860540912536
466,0.08345267049018384,0.04261521430273239,0.0003784244763935998,0.3499372218875222,1,0,0.3163154378422522,0.04920691981217864
467,0.09491524509842218,0.14644100463052628,0.0006585220170965708,0.5908746182022978,2,1,0.36325948948743075,0.05077757263730248
468,0.02971279534230513,0.03310823443848631,0.0003002289306445053,0.39031083471961475,2,0,0.1939500746550904,0.04471971289805389
469,0.06073918362448582,0.059474158265698705,0.0003490198278826003,0.4887142003398368,1,0,0.30059455155602166,0.045248001163581304
470,0.2580256415495681,0.2504028427567245,0.001031399358513081,0.7347596842270553,4,1,0.4344536807767695,0.055321731593351894
471,0.03228116357100498,0.056297193009579985,0.00044867950202602134,0.5703863486605699,2,0,0.1989211744070589,0.049098982913261514
472,0.16564945665145478,0.17202918099701944,0.0005993378524695477,0.658772120835985,2,1,0.28231571016726387,0.04672231380299112
473,0.14731100543216497,0.15430801433551738,0.0006292825475577871,0.34815278399383653,1,0,0.27566758917357703,0.047956900075447846
474,0.22889760440723625,0.2113667863304567,0.0006809355810354978,0.6874237495623214,5,0,0.3692348688863648,0.049159419418975225
475,0.10516547064473589,0.12355655973509437,0.0006122110358845463,0.6845156220973384,3,0,0.40146477732195557,0.05090658248013586
476,0.15353374556594865,0.18536447534852504,0.0007346453752894787,0.6809609388132158,3,1,0.38450467531633015,0.04918757254408404
477,0.17279990556231933,0.14362807071481934,0.0006284177073739916,0.8093019085236023,5,1,0.29604025235425696,0.04996559593674954
478,0.2937014180249971,0.22635039042775815,0.0006645371095721197,0.5686021262792225,4,1,0.39659613613098116,0.04722470221292373
479,0.1831357957143236,0.11269341248061329,0.0005647226194869453,0.9021577299461134,3,0,0.442964716784008,0.051551219820337946
480,0.06549307735300913,0.04712260422267854,0.00042845024942106614,0.16839713536304024,2,0,0.22746784921755636,0.050189621584350794
481,0.2832445214493139,0.26971975117916197,0.0009845813973571398,0.6471082705035524,5,0,0.4072645759908728,0.053874619825266465
482,0.1664736171650894,0.14877750342747975,0.0006257697722251486,0.6885039465996049,4,0,0.394676296854407,0.051196598642020495
483,0.13846919152330558,0.10585885560149398,0.0005383785776796685,0.6598681587257256,1,0,0.33624763821203535,0.050017245478553636
484,0.14700461254298725,0.18595554666389968,0.0005830598298475918,0.6176751686789713,5,0,0.3566984636019226,0.045766925257004674
485,0.3223539579747904,0.30093911405525203,0.000918253971811934,0.6217959665668173,5,1,0.4715433023804208,0.049215063363236534
486,0.13461861782701157,0.15435981606006993,0.0004886684707543701,0.6947224932490984,3,1,0.2155361787132295,0.04299626368802547
487,0.1117571349659374,0.06209623069924653,0.00040898529583302805,0.7078675551825467,3,0,0.38340874204322406,0.050434134228962514
488,0.13255863192091455,0.07651717779017016,0.0005357673118024469,0.6690062023643251,2,1,0.41026886798833784,0.054057075893934846
489,0.12187559656219903,0.16040532307481645,0.0007010073557179822,0.6655465267669415,2,1,0.45741770146728505,0.05144775935788054
490,0.14729272916669808,0.17862378530514025,0.0007767528052455269,0.6038470624247706,4,1,0.36974352396184024,0.05163681457956434
491,0.15292561629229856,0.18226833332075124,0.0007808211956654524,0.732469205477503,3,1,0.3892488681453165,0.05309224749400097
492,0.023677946089937094,0.0,0.0002721794329865866,0.29598303223583333,0,0,0.310824109499661,0.0508026119916627
493,0.053933344859005146,0.0544384827684888,0.0004691439125143264,0.5912930006557477,1,0,0.4331974366552599,0.05086283553954964
494,0.1344144343710249,0.18578273180018723,0.0007776688795600492,0.5923821747602239,4,0,0.3153878876023771,0.0497975278307698
495,0.18021894287247178,0.11985915488085222,0.0005439591909681957,0.25751963584944965,2,0,0.18734113502797103,0.051716609744981455
496,0.11948830003430956,0.13502038563126198,0.0006237665332873247,0.7841707238787017,3,0,0.32238973911266505,0.04901066035492619
497,0.17501007617816572,0.164461453727753,0.0006922967502982069,0.6570135315397422,3,1,0.34834172214472253,0.051085488066330544
498,0.09760851788445968,0.08922694355304825,0.0005426832057766952,0.5431378858470887,4,0,0.4469925408205437,0.05012941630303744
499,0.039443072737971256,0.0693302078332691,0.0004349995437686369,0.543723818156584,1,0,0.26228540943901907,0.047195917304054195
500,0.16183809201880012,0.18239994935969933,0.0007266611225044072,0.5607232689560658,4,0,0.24418086281914025,0.050844277851228165
501,0.09896619996367677,0.08246658717731856,0.00045234058546739415,0.4510284774564368,1,0,0.332953336697127,0.04737737274525545
502,0.18960212090289777,0.14873433788515422,0.0005872064201532844,0.42669089030646945,5,0,0.3064904207850876,0.048469355688127914
503,0.21647571325322143,0.2606631690160863,0.0007228402060527109,0.743249485970317,5,1,0.3579459662609572,0.04589830342531794
504,0.038559353649944346,0.0836355626424513,0.0003615671973987998,0.79679567809204,2,0,0.36057955776822065,0.04375900554058411
505,0.13745467714041004,0.11758287093777207,0.0005441113976954984,0.5155698153361944,3,0,0.40396709712766754,0.05056261618551143
506,0.12673776705097856,0.11765739642214977,0.0006047189316360735,0.5724146075413461,3,0,0.34578391786313417,0.04998748000253209
507,0.09575805230302074,0.059678664372361245,0.0004214667792742173,0.15091783075313275,2,0,0.3024278312384006,0.05126286410826642
508,0.26150714019515015,0.26952938528945564,0.0008423583320546172,0.5905032780207177,7,0,0.36080273071425617,0.04811933775133881
509,0.12410061450613694,0.15260202121573943,0.0005831564447261053,0.5859520692040117,3,1,0.3794886894678987,0.04736423013877695
510,0.19329067622693272,0.22417660950833876,0.0007602990971146069,0.5528086709322559,3,1,0.3314439741671026,0.04884553247654861
511,0.11896859431182856,0.1601238899889626,0.0006948358671829342,0.1680794397427615,3,0,0.36264279497410906,0.05071412616638886
512,0.230565836363067,0.2674806762692847,0.0008325747418661411,0.6687742075224177,4,0,0.3193873237970919,0.04847751846217692
513,0.27100765536939125,0.2099920549915614,0.0007072427738711928,0.4706630168287244,3,0,0.29436624337524164,0.052200527636137056
514,0.11122338807783229,0.10818940789102303,0.0004190707985170149,0.42809802337697284,3,0,0.2647638310165247,0.04462219575312923
515,0.13234844643701726,0.12823360224589425,0.0006677709841778414,0.5999695793949051,1,0,0.41068453320344106,0.0528831367998922
516,0.06414008054039788,0.09777315713917958,0.0004577503389032751,0.5127705516065991,1,0,0.31177879650269846,0.04613750259537805
517,0.08474104396223277,0.044426835303471426,0.00037419871631260077,0.6458923273167538,1,0,0.29407248219319754,0.04902052100142403
518,0.28093057091239554,0.28492721405973936,0.0010734574840836452,0.717886286774534,5,0,0.5097092907319839,0.05403962154083212
519,0.09371664520788182,0.06843000056908168,0.0003892852273019611,0.6318482934489235,2,0,0.2885795144253001,0.04609007973309129
520,0.19650925132768815,0.2175722625028453,0.0007100050006468783,0.5479892611346703,2,1,0.37448315157270995,0.04689907277580633
521,0.024168270032455908,0.0,0.00020711342635914044,-0.2607114597296586,0,0,0.23451201924827178,0.049740137123637354
522,0.1791847501064289,0.16676568343622758,0.0006613657480039961,0.7269634235389915,4,1,0.37635305215681686,0.04927054721775353
523,0.1421431382921892,0.1947373708956512,0.0007942024126295426,0.7039768212094447,4,0,0.45517701287441736,0.052142551539786273
524,0.11297843726489737,0.07127492933429963,0.0003820380328754591,0.3829747264012287,1,0,0.20292963769634478,0.045693423618565265
525,0.1362822777775342,0.12905202663320664,0.0007447285303054408,0.4748430257060743,3,0,0.46093902224525923,0.05545323365051933
526,0.23757522280267782,0.25870545545025686,0.0009107314768868249,0.6940305330099754,3,0,0.3758280025318711,0.05113521454711285
527,0.1904511600216916,0.1775474236207581,0.0006080810337593345,0.4238830573667767,3,0,0.31408327013357956,0.047928581062121084
528,0.017878523032810165,0.038600962397018816,0.0003580692403020409,0.3357744541608159,1,0,0.19901877946467122,0.046052718126675926
529,0.16208842164676876,0.1694275707358835,0.0006685188860803777,0.6690201674409386,3,0,0.30038810811976185,0.049791373904161856
530,0.14304412802961985,0.15399138477221072,0.0006594913318250886,0.591189714631022,3,1,0.2280735199002386,0.050280680584498666
531,0.14701777891260634,0.044753634358213376,0.0003644306011129762,0.5442041105720388,2,0,0.4566868826434395,0.0520509633733016
532,0.08496259175236819,0.13760296265519026,0.0006736943477816914,0.7881045710091071,2,0,0.45288357247754013,0.049880759547704594
533,0.14539352163501218,0.1111639376990271,0.00048607933069172237,0.4429882249723451,3,0,0.2707202488836308,0.04745001495449181
534,0.192379437741047,0.17335289453503225,0.0005838873758545944,0.6561466886808373,3,0,0.3315172593754864,0.04628531037137214
535,0.06987947084489975,0.045790068790133004,0.00044374030291546195,0.47076172646891107,1,0,0.33971256243369113,0.05110164083655068
536,0.1881790941688749,0.23271886687542434,0.0008587168496522503,0.6734119045197278,6,1,0.36498415674918366,0.05241293316774837
537,0.14617293601767187,0.1458810093762072,0.0006436827979213398,0.4668781082376772,4,1,0.2950514784443802,0.05185312966707898
538,0.14025143125004372,0.09429023832943399,0.0003999253305777224,0.7346155784818335,2,0,0.4319621396914468,0.04605407951341524
539,0.15302472339455403,0.190404688770633,0.0006920551784769378,0.8076425181261573,3,1,0.37469035363501557,0.048938082536622976
540,0.07581294556473243,0.11604938284529054,0.0004945539472939229,0.522278442687008,2,0,0.3160641225966814,0.04570524381463647
541,0.20507987970435426,0.1983071862702604,0.0006199226487359933,0.690721685781169,3,0,0.37970131739263324,0.04756196117221627
542,0.04451896408203765,0.008790934023958136,0.00033982765033822404,0.4029037444155772,1,0,0.3951565440435705,0.050068246492060244
543,0.1049542453709786,0.15185145589346655,0.0006866166072497799,0.7749225506718458,2,0,0.2610348111790857,0.050567415041525794
544,0.17129199471034545,0.20339689478950887,0.0007685047247802853,0.7967373010957938,2,1,0.43466767806478684,0.05139950142722243
545,0.05410896357789857,0.0,0.00020746338995422314,-0.05962410120348191,0,0,0.17683723235105756,0.047092871030678864
546,0.0,0.0,0.000244694525073151,0.13552310972849027,0,0,0.15634831950259703,0.04309026194043166
547,0.01830978122166043,0.03917129103847656,0.0003325036859019666,0.4839012186201462,4,0,0.2622232103966227,0.044757270826530714
548,0.19516443144681472,0.21647675748482514,0.0010433663402896515,0.6073915281713392,4,1,0.4070582609941363,0.05841248364308993
549,0.12288756068318243,0.18521254038666032,0.0008052978143070612,0.5467804084986133,3,1,0.4633946852625215,0.05490761768915576
550,0.19972338349572558,0.23352975730217457,0.0007837072144758465,0.6929060321799888,4,1,0.397352035004891,0.04852288541083141
551,0.19625834396617245,0.2330124315108107,0.0008183335431072263,0.5595163025917512,4,1,0.2795639222478128,0.050189133893156775
552,0.08905377840488794,0.0616734792669193,0.0004558931248071732,0.3565784444855619,1,0,0.33081526689570023,0.0515821598891448
553,0.10236866338592689,0.07898722771518259,0.0005899099736752654,0.6774387194882876,3,0,0.4325461672891606,0.05703169812889702
554,0.08975130883396736,0.08707311845930318,0.0004961816294846687,0.5037274134536046,3,0,0.3700137364723773,0.04972620670369367
555,0.17512634985548473,0.14328885739723501,0.0006197483467139737,0.7866476187733505,3,0,0.3971977355565749,0.0504889056695185
556,0.22547702804740458,0.1006703973196772,0.0003715879703224239,0.6438009189426189,2,0,0.3688404143921874,0.04478030527500687
557,0.10474610157670206,0.12896857535275708,0.0006147986721524005,0.620652259688812,3,1,0.3741230376923582,0.05162299701342993
558,0.18205025940990352,0.19395054592060373,0.0007437190457957284,0.7220067618850302,3,1,0.5034876979112834,0.05176247114216684
559,0.057956088562356185,0.08332946393113916,0.0004906229568829686,0.3251403174662707,1,0,0.30743976662017186,0.0496310889325726
560,0.16684630704248005,0.12860498045203647,0.0005435652816879677,0.4403590775566559,2,0,0.28709236709782077,0.049468059796501554
561,0.0597880195021694,0.0426135433801311,0.00038242146538277125,0.6287170173845164,1,0,0.4583416601154273,0.04868049907309236
562,0.021045250478878653,0.014405739661565763,0.0003739973244701101,0.10319134563125039,1,0,0.32681849419047565,0.05118652778309049
563,0.22586366306360126,0.2206196338599581,0.0011722641994824697,0.7000706964358056,4,0,0.5023856195937454,0.05989635748147963
564,0.10351787383252586,0.10794596545228381,0.00047664237355595705,0.6901322000939761,2,0,0.40788215159116586,0.04633530357360172
565,0.14696451841677083,0.14836299797148728,0.0006263928171925209,0.528413308536478,5,0,0.4020071869401629,0.051668010077640956
566,0.15343270817767213,0.14612940706028585,0.0007011222440109653,0.514842631847156,2,0,0.34065962857576676,0.051983888788773865
567,0.1430552980907195,0.15575338137903919,0.0006144506101208544,0.47625574680227,3,0,0.23216640171989872,0.048214008706772116
568,0.18533127639062302,0.10444626431537525,0.0005752844780276771,0.7307739066727957,0,0,0.5725099447059653,0.053342780256451255
569,0.09467362023313927,0.12543971470992393,0.0004615505292758389,0.5519987031411905,3,0,0.23527967291155513,0.04478264799540505
570,0.14852288625619545,0.170370596263383,0.0007536091463900129,0.41825775317583025,5,1,0.2995302466359378,0.051281328590192646
571,0.016219418950911727,0.04944913096386545,0.00044921818181475464,0.5004468720121444,2,0,0.3600209694148758,0.05016414527213139
572,0.2238738773104629,0.22732850455165213,0.0008140217296562245,0.4306499490048565,4,1,0.3727770037026094,0.05037165901160032
573,0.013654819291038511,0.0,0.000271323696424921,0.5666936683668916,1,0,0.219812881619568,0.04943440637960647
574,0.23225230487824994,0.1917812001480297,0.0006585497533564949,0.6935521491017624,3,0,0.52468611785639,0.048086382348214995
575,0.3182699101650212,0.34455662695526057,0.0011821888446003788,0.7946788761737353,5,3,0.4558258408608692,0.052026183124396955
576,0.20196851495709006,0.22490129759813934,0.0007342253526404536,0.6968531968673228,4,0,0.48252782766807906,0.04872373533559775
577,0.030855873016953535,0.040597711460118,0.0004527264639496111,0.41575409416568576,1,0,0.3767564292733978,0.05369715812732669
578,0.05256391572715168,0.08471883779680786,0.0005896006831963583,0.4609254522299626,1,0,0.26731368826666657,0.05545465411567804
579,0.13119194874681459,0.14564734994898318,0.0005525690308547281,0.4406457771159089,2,1,0.21698489511270944,0.046021224673515986
580,0.1544010700477955,0.21836284307386672,0.000858041769714393,0.4580319600576145,5,1,0.3466434784377899,0.051744389275237716
581,0.22868733926374668,0.18872813086437876,0.0007280407590617748,0.6103051742373216,2,0,0.4384050852506622,0.05278438706621052
582,0.10150468680608382,0.1623809650418645,0.0006644695684043166,0.5341542568579689,3,0,0.3615217456186397,0.05061535079612462
583,0.18514669663123873,0.21563804629023223,0.0009347374369976552,0.5363381732304751,4,0,0.4500703289359186,0.05234805097662084
584,0.22762256712182274,0.12443511324413162,0.0005827210614342462,0.2198742383189691,2,0,0.3353450150547273,0.05208349807910291
585,0.24046358975140267,0.27223476479163883,0.0009059135132142168,0.5090244985257042,5,1,0.2911802118327394,0.04910695820847959
586,0.07614019330641622,0.028414558063604,0.0003619389123905515,0.5184061890717092,1,0,0.2954052427004348,0.04877700339875581
587,0.0,0.03330213671685531,0.00028835032572628345,0.4537821192896468,1,0,0.37035413686282365,0.042701571637400626
588,0.08518946362982784,0.0460209213108493,0.0003646454691358866,0.5210013655916919,1,0,0.33866177183121,0.04802788619956122
589,0.013385615052443026,0.016980401468673086,0.0003581395523050354,0.2676148839266438,1,0,0.2393084368918947,0.049034028572351604
590,0.21150121018647733,0.1796469176750958,0.0005478112199208705,0.6193102175808503,3,1,0.3499150232140181,0.04456276736641104
591,0.16357814979661306,0.15904970395811593,0.0006004551402888636,0.3554640605972178,3,1,0.24980238595894522,0.04873461608232963
592,0.11163391076740341,0.1180241668853676,0.0005719195229836846,0.6517980272803497,3,0,0.44154111136126994,0.04881703270296263
593,0.08180739046390062,0.10043839179626285,0.0006217138812687079,0.8232949869360262,3,0,0.46328741467285317,0.05266273336405199
594,0.11874343495268538,0.10466097830777704,0.0004909324724354986,0.6260693293794398,2,0,0.3907501106032023,0.04881649570452438
595,0.13812992349490572,0.12997530326020057,0.0007127450618551013,0.5996461995368827,2,0,0.42285494999181267,0.055386965854101404
596,0.04544640489127793,0.018334627438668847,0.00031266128039540307,0.12944783661260506,2,0,0.2814643002809868,0.04841135968399683
597,0.08203917267393754,0.08280196242238738,0.0004742246764890052,0.4950764130003412,2,0,0.3631095160392325,0.04802486858994245
598,0.20217886558390336,0.2116288073980736,0.0007490521617186677,0.6353161874338142,4,0,0.34462857838724026,0.04875526133842825
599,0.0,0.0,0.0002859318503899614,0.2988552280127006,0,0,0.34386586850663825,0.05169342063101106
600,0.15009403927115025,0.1279593822680299,0.0005927102262610681,0.7316472168582434,3,1,0.35921912444067516,0.051897591445375285
601,0.06289869164223608,0.07983789280912922,0.0004916211893147047,0.6738377426908766,2,1,0.32593284488196367,0.0511801834991558
602,0.17600693087904112,0.12872055374926003,0.0005104605535874335,0.3820506996083059,3,0,0.32667214673272466,0.0465991644331467
603,0.07573728870492123,0.07193556884055313,0.00045725130802761377,0.5603992045619329,1,0,0.32912183543903706,0.0488408264971611
604,0.14330690108298913,0.13789621699558455,0.0005836338048295354,0.5105872886370612,2,1,0.3898349772390325,0.0483543330210011
605,0.12407845094052956,0.1633752661971632,0.0008634575517664124,0.5948379675511641,1,0,0.332046052028227,0.05651860528487101
606,0.1895181158802635,0.20107510569959636,0.0006889533271548568,0.6535574895512574,3,1,0.4205969289344924,0.0489560750631327
607,0.12414172528100145,0.10421109092737092,0.0005252747783890119,0.6998064216588745,2,0,0.2314046413761585,0.05019612390575142
608,0.12522413781128305,0.14080001136917894,0.0005810343357810652,0.7173939208432975,2,0,0.34698623768422654,0.048108030841402534
609,0.2269251573230655,0.0704543533111399,0.00035181200023052416,0.36706641999033424,2,0,0.28200560213823594,0.04665544997476463
610,0.07711649240653244,0.0612568435388731,0.00038008739230041707,0.47537957400658154,2,1,0.3384847005096193,0.0465888948909143
611,0.21114544844243108,0.21677740260201858,0.0010144502921110926,0.7104972133610444,4,0,0.4906061717155829,0.05576013732768922
612,0.021760940011163014,0.018399723195144768,0.00030706028916697834,0.3309936865770464,0,0,0.16935271770917817,0.04742080029165678
613,0.14680883545753634,0.11462952182836449,0.00047299970705641005,0.465371848215857,2,1,0.3146134328522329,0.04582496010864254
614,0.1794051910483354,0.16224668902740622,0.000614593289710201,0.44989442245496514,3,0,0.4033751634548922,0.04798367879894282
615,0.008793019397351009,0.010780129062586656,0.00031478964659632753,0.118082517598269,2,0,0.16237382830191113,0.04673041831778488
616,0.24610836430357738,0.2118518659544629,0.0006695771833329248,0.614860408703202,5,0,0.2518953924880578,0.04884412112389678
617,0.1884422994499292,0.16402752305187487,0.0006897808644980172,0.6902173518674312,2,0,0.44637752212555926,0.05147704608163871
618,0.2575952504323357,0.2932149020364305,0.0009930238288586447,0.4746980056823019,6,0,0.3749772707661167,0.050582356563194576
619,0.08091703113529496,0.06311534576755155,0.0004774389304506396,0.2893271179755101,2,0,0.35845784472051473,0.049749197217767535
620,0.27015058063610614,0.2410693198632365,0.000775998745902257,0.6710406961315935,4,1,0.43606476354089885,0.04858464664919026
621,0.16458468767477563,0.10135341400377926,0.0004782571627362469,0.7425450642629735,3,0,0.34344594396403744,0.049773797307224595
622,0.12148755502903148,0.09726625818962292,0.0005348902914613887,0.6115522750094039,2,0,0.29390106628174784,0.04991466889768107
623,0.10551210634478707,0.08881973881164723,0.00045887801352241845,0.44745160027605796,1,0,0.32381319110018464,0.049261591113988215
624,0.10037347313735447,0.1426342237213098,0.0007026400926051246,0.6485725049244178,3,0,0.3074938439183895,0.050736738621820494
625,0.09909779562659808,0.13434940679310886,0.0006047119622078587,0.23962974359869743,4,1,0.28570566124951496,0.04910163815462301
626,0.09180715078328908,0.13073385452036743,0.0005311656449322553,0.67591526880245,4,0,0.27691815407965215,0.04786948616940881
627,0.19770481615151458,0.18290890243899824,0.0009079497759209768,0.7341351797665516,4,1,0.4193982850144677,0.05674488847589688
628,0.25795661490533967,0.20225992812223986,0.0006142555712019799,0.46476056492128187,4,0,0.37704784143024744,0.048271432247267425
629,0.06116372563638967,0.09469004057681542,0.0005499636809870084,0.4166359444374936,3,1,0.1891801319585289,0.05096394617002334
630,0.24465186679194464,0.24642109372761486,0.0010779520244504326,0.7495173029951537,6,0,0.5089945226609056,0.05555780385578774
631,0.022956922140727778,0.0,0.00024030558789356495,-0.00010941352894937264,1,0,0.28590219041662696,0.04864974918595413
632,0.14290869076236862,0.17144129674831873,0.0007271034199582074,0.6631428662810414,2,0,0.2828677762832549,0.05273232489504114
633,0.1684362664218405,0.22342627233502174,0.0008069511926647924,0.5170565859658348,5,1,0.4299706378799773,0.05112301294600224
634,0.2937203005417025,0.3190681255398217,0.0010869654362784008,0.8521243683582123,5,1,0.43583973634596895,0.053252503837968417
635,0.10059261843525177,0.14525598693772157,0.0006649345184459383,0.6417550195349079,4,0,0.23965233897677482,0.05156727516426818
636,0.28923637201996094,0.27890571735336145,0.0010064311819141766,0.6518804758683284,6,0,0.5000814935560391,0.0534043370713141
637,0.005066344674855241,0.0,0.00042728160250021747,0.1977044692842999,0,0,0.2732961871566868,0.056273097801589844
638,0.22370802276530746,0.2077446932751104,0.0008221740391242689,0.44258250614097655,3,0,0.3249469410826703,0.05269730316656026
639,0.033685473860316444,0.05325548370989275,0.0003717768327473978,0.6550688013638668,3,0,0.16701477660549058,0.045367214571130715
640,0.11762272896211423,0.13997550498871322,0.00045918921299120593,0.6758757288660445,2,0,0.4006258376183448,0.04290499087549134
641,0.17691898858070904,0.1734615919159215,0.0006265744171223861,0.5178854202139626,2,1,0.287533400995536,0.048700022432065844
642,0.1677853812994435,0.19718075073588961,0.000746102891216905,0.5863133749675908,3,0,0.4042101686838512,0.04902648817290676
643,0.15487776515406634,0.09802107994531345,0.0005684280174079043,0.45445206988293974,2,0,0.448105560560304,0.0535439315185097
644,0.24336736892424854,0.21952863316023694,0.0008379143576071629,0.5456975304414988,4,1,0.35343732319989013,0.051707311277613834
645,0.22824418407901845,0.17894628324228815,0.0006298582111005491,0.5354419141414076,3,1,0.387426209379424,0.04792591661227463
646,0.1923010251245091,0.18262822145730978,0.0006467607289665085,0.7276996952170595,2,1,0.33199374635993373,0.04956329043177869
647,0.08483537373120785,0.10789350732743906,0.0004915218712154501,0.4682403412208227,3,1,0.3196054536418943,0.04857327722005933
648,0.28051755607199963,0.2505846372670455,0.0008844343132374096,0.32975952128203606,4,0,0.38736066764287086,0.05156117478176135
649,0.1302812248073508,0.17238085478115248,0.0005983954308705855,0.4029148039152107,2,0,0.2000649699232161,0.04666792885977345
650,0.15830908885429154,0.15862559630754308,0.0005287278881383989,0.46605419859996033,3,0,0.3222608723007062,0.04347366667121176
651,0.18090903845246492,0.12679586965959141,0.0004840900987267177,0.5144663636753164,3,0,0.3289925843556032,0.046706585384953744
652,0.1557885286587385,0.10951942419314209,0.000540360976322068,0.39794100216103845,3,0,0.3005779309864403,0.05068684889024847
653,0.29418245181588,0.21835968526389013,0.0008328428887923785,0.4639531919535444,3,0,0.3654518167288116,0.05433515079893654
654,0.1572857462701074,0.1074073640146338,0.000513668518549396,0.4264625563572811,2,1,0.44966722373546075,0.04946675215582969
655,0.18214842469332057,0.15018702672720174,0.0006414871330669939,0.724131677509178,5,0,0.3991120630417863,0.050429357164950145
656,0.16530149957197376,0.14752769462362586,0.0006406718119783994,0.6959550688723163,1,0,0.31679990153133897,0.049350326523862294
657,0.026891749940652382,0.05714078940275773,0.00042925036376209277,0.21150333375926447,0,0,0.35601858509947365,0.04774264207928122
658,0.08439247780733698,0.10110304831107504,0.0005366735635176205,0.6617194944960434,2,0,0.34010034613260437,0.05091727663147116
659,0.056383676346053534,0.08895134706578761,0.0005154132827542886,0.7023969844402727,1,0,0.34251872999942756,0.04858667763314552
660,0.21030245323654023,0.15522833932470323,0.0005927669666996058,0.36650225730602,2,0,0.3167469241663636,0.04879589261781982
661,0.047944741266013266,0.03491646469738337,0.00025504713720268124,-0.044970684284602894,1,0,0.09836817040730099,0.04024977461768494
662,0.029538693281507124,0.050641438317574616,0.0005172733116275012,0.2661635245004369,3,0,0.3851812970701568,0.055715370086605535
663,0.18587610958017795,0.2402142195159594,0.0008915507654570052,0.5057089088830227,4,0,0.38255958844567306,0.050201373321929456
664,0.22361743445920368,0.1932698586332809,0.0007092150770855884,0.5613306380804668,2,0,0.39739096338200747,0.050297651501124065
665,0.16624884859345657,0.14386164003882765,0.0006685805003565331,0.5206535768741017,3,0,0.3110476258974483,0.052821260065316254
666,0.28345748240555657,0.26315926888509444,0.0008053582204388166,0.6592370980437152,4,1,0.46879976436853144,0.04857630510361458
667,0.1511145850968659,0.11519030895711982,0.000562696395899946,0.4523418748942328,2,1,0.24154107132932037,0.051124288083384324
668,0.22555613546913642,0.2668709667462571,0.0009807349344110724,0.5559792020802041,4,1,0.40265439374897766,0.05153445766553365
669,0.07558842114633808,0.12322906385149139,0.0006643747324740032,0.7259354618218409,4,0,0.312716908992472,0.05125061061832209
670,0.12528209484783567,0.12186701247340964,0.0004783591704512603,0.6505945997045195,3,0,0.3306739301251316,0.04679388218453546
671,0.12726044903085046,0.10711985753376559,0.000591393942261558,0.5975681531609641,3,0,0.3017925738712926,0.05158293646628102
672,0.11938820957728259,0.1287049645389687,0.0005677933425585445,0.5961668934020548,3,0,0.44005944239993317,0.048320935412287706
673,0.15301018408995215,0.13785919190192894,0.0005784882678853919,0.791680261567382,1,0,0.3585494826841576,0.04907719532472481
674,0.056814713925723785,0.07976456927285766,0.0003866382979295341,0.15291642237455055,1,1,0.319148963534692,0.04821391093561335
675,0.13962217478052658,0.13465568955820845,0.0005764739988156617,0.47691283750157143,2,1,0.2985990477809377,0.04713307614815269
676,0.18530486186931275,0.12823863505870525,0.0005154096558989034,0.5916564971069757,3,0,0.3032241312696628,0.04737290032050318
677,0.1609244220140369,0.1357501063617016,0.0006586141782510276,0.48569303499088423,2,0,0.2995852113661559,0.051886997419230266
678,0.0983951420941569,0.04370389169936204,0.0002649187462580825,0.334367565443887,1,0,0.13942357751170492,0.04274987684227645
679,0.14662842591164385,0.08401382613159805,0.0004207391408876994,0.3367054985559513,2,0,0.26434902759574536,0.04774326804376318
680,0.04888975635370059,0.002149438968127208,0.0002547823918688597,0.700277772614731,1,1,0.24728319274689906,0.04358281382618911
681,0.15639803078975784,0.21250676366205729,0.0006749917629762771,0.7740507736594586,4,1,0.4580667906144925,0.04825793661799379
682,0.06869437837164191,0.029365219498741543,0.0003531582355553003,0.22384172246680994,1,0,0.2899399921426125,0.04892023243524045
683,0.16895532688198495,0.1660084381044826,0.0006525586999437497,0.5410188414199834,2,0,0.3704435420885193,0.04922584649784271
684,0.17748479491532612,0.16184132852303615,0.0005484553671351405,0.49066125166594243,2,0,0.30182144956618817,0.044616253366850586
685,0.16003517292072092,0.1386307570526561,0.0006412454085393462,0.7105288588079883,2,0,0.4497511648577831,0.051225289548028546
686,0.1568434640989341,0.18616938446171805,0.0008082673857495823,0.7002340913678435,1,0,0.481736103708763,0.05177598091577665
687,0.06769123759511457,0.06421312498188705,0.00044095484111815204,0.13250741657657628,2,0,0.3434350272804374,0.048977372213307814
688,0.23458181794863567,0.2849824073106061,0.0012148443734907397,0.5113120660847348,4,1,0.35878589872649524,0.055494329415830615
689,0.18126255041772127,0.1505444660735033,0.0005632740179576145,0.6022962401540495,3,1,0.23935119304711838,0.0472325316485755
690,0.07096538485631429,0.07061145024126428,0.0003804415094192482,0.19077404855739932,2,0,0.2656621016855974,0.04601732266680577
691,0.15251094250988284,0.12048290784756008,0.0004973528689918765,0.4710467230772499,1,1,0.4126842303833006,0.04770779401228458
692,0.15559340296138274,0.16956645229570536,0.0006705717744733229,0.45384341956327884,4,0,0.327375895269227,0.050094563792644396
693,0.05990819583062255,0.025917913776517594,0.0003591726677416556,0.783518460761748,1,0,0.4166766215362641,0.04927594464625391
694,0.03668585024180513,0.0073489759832231156,0.00033435371066236773,0.16268779476754183,0,0,0.1872336476992669,0.04964742719389558
695,0.12649169957419887,0.022205227926605606,0.00028853164745021065,0.22067538179128998,0,0,0.21827051873570893,0.04678009653726325
696,0.09277838288477834,0.06069121825329771,0.0004612101145630519,0.6852781628115011,1,0,0.39673158590784424,0.050246824862399314
697,0.05916703120798446,0.020798457961122584,0.0003503072916077119,0.6204954776527394,0,0,0.45568622555948735,0.049028135458733677
698,0.11362468504098898,0.1602750713952015,0.000637160854879992,0.7845169630372201,2,1,0.4321281958000327,0.0491943227763872
699,0.005461079524765586,0.005037011147966912,0.000264155497919568,0.2819626088241141,0,0,0.2722779523929098,0.04381318453255359
700,0.18637989281579717,0.11153571114716716,0.0004437493327872638,0.4057900500559272,4,0,0.252546374492201,0.046113093960150196
701,0.14345503355852926,0.07032295676182726,0.00041991266724727993,0.34473562599507157,1,0,0.3533347916609324,0.04768133164923689
702,0.22669444473260192,0.15580674176268894,0.0006252343804378535,0.6631238509754512,1,0,0.3858576304342434,0.05075714492151228
703,0.2645916094163955,0.2627047799593528,0.0008635580981940922,0.6329903504221317,5,0,0.47071878372767423,0.04874399219409342
704,0.12652166000137466,0.11279250249296549,0.0004785915731387545,0.6973338293031539,3,0,0.3008250785516087,0.04630550836429275
705,0.04475594710795037,0.037630327528752054,0.0003295442574793599,0.23030259314387058,1,0,0.14256482905618897,0.04488610208477957
706,0.06929107217389463,0.09539957760419972,0.0005588363452508043,0.30281601424127313,3,1,0.32367504774399064,0.04941685182638248
707,0.008970491237358998,0.0,0.0002088393564169771,-0.13837614819165062,1,0,0.31051846353565854,0.04213742401210705
708,0.12146410229541336,0.09706569095663897,0.00048130438778358703,0.5141836342532827,3,0,0.3171029014293607,0.048223137122016146
709,0.19174425560448388,0.20804361138050395,0.0006733562586948884,0.7822187260234139,3,1,0.34023109677357305,0.046894299655231064
710,0.18988312288769874,0.1067529685977246,0.00038106327044630685,0.24496954512876665,2,1,0.22958188134931,0.043744504007005726
711,0.15118984968289942,0.09365310342603943,0.0004472618211113446,0.4657714992640322,4,0,0.3262590866464738,0.04902373641299204
712,0.15923696003777066,0.1963867683726339,0.0006948328963807831,0.37972674872676987,5,1,0.2911891447602995,0.04758022813554637
713,0.204153183658926,0.2287435179348455,0.0009414709627316152,0.5552309531550353,4,1,0.266385018407195,0.053848345527536035
714,0.1620194757281908,0.15131245430795637,0.0004701783071362098,0.5528728753815293,4,0,0.30021422259838104,0.04469221473982025
715,0.14603475231937413,0.19919164695838285,0.0006546420895462763,0.8092180052312247,2,0,0.3225705909045822,0.04697708989676214
716,0.15275299267457312,0.10235545692861071,0.0005084346597213977,0.5337580859241005,1,0,0.3755267893861646,0.04948987004561733
717,0.18810322741650634,0.17503448230187776,0.0006300691227085579,0.6870918107811247,3,1,0.4372475805053966,0.04685243412719597
718,0.2438329505568382,0.19723247545725903,0.0007168991993440408,0.6415393028203445,5,1,0.3623863122985933,0.048951330512775636
719,0.21762612008815665,0.25627869357037425,0.000746453769789861,0.11918901735735188,3,1,0.3481520842130938,0.04796450909626829
720,0.16474121726977245,0.14596773921122078,0.00064256867725251,0.46969464825586643,4,0,0.2984980057619054,0.04987887602543902
721,0.15986384558697442,0.13050111835012518,0.0004812327904652205,0.7290976760802904,4,1,0.33741269845525534,0.0450562782948287
722,0.0,0.04539723501589432,0.00040708616202540196,0.3691162363879214,1,0,0.14037811926066077,0.049629292908899676
723,0.28454783527745137,0.2792452461464064,0.0007964863002707279,0.7562762980739298,4,0,0.37833209647714516,0.04716625424233523
724,0.155816650489076,0.16846036371771492,0.0007241115093012828,0.5437224144140531,1,0,0.34137711217733235,0.05021580022114057
725,0.0,0.038592952643061715,0.00040467564656906105,0.6594365962033089,3,0,0.33932646473254474,0.04939126856469809
726,0.08926088716199708,0.057044508017979674,0.00038897346312228404,0.5485936966334461,1,0,0.3136159549447659,0.04789260029434216
727,0.18812272783618283,0.1254084791413581,0.000510949067309347,0.32834474763983523,2,0,0.34378759021393684,0.050173830748226664
728,0.10132429360049713,0.09037695591700394,0.0004907311071468548,0.3804079810652289,1,0,0.23415246048978042,0.04842726919164729
729,0.03916068528012274,0.016844947464371957,0.00034742622682838986,0.4769171601160139,3,0,0.2653818670554254,0.04876590782094826
730,0.22628099618143638,0.22457172306785125,0.000891850999769738,0.60901693771971,3,0,0.32158223561538574,0.053120599309252725
731,0.11907157516605046,0.12889407629112934,0.0005131340752522271,0.5991739132716455,4,0,0.31703071232994573,0.04710796274699222
732,0.03130527679417936,0.0744309510159756,0.00047050681803172893,0.42923446806168086,2,0,0.4050304424933752,0.04958366715747059
733,0.021116009289718192,0.008645993167453143,0.0003188878106016301,0.6513371583794741,2,0,0.303399505754786,0.04760611108220171
734,0.06498820592971222,0.11526178055341141,0.0006509087695185864,0.6661618363534617,5,0,0.3103114264618864,0.0530307148104036
735,0.03926265092785294,0.0208702357303057,0.0003548556812752172,0.11350548130718631,0,0,0.2240388198710538,0.049534613689572224
736,0.1237072233251071,0.12893587283826097,0.0006959048152972579,0.7349820336270976,1,0,0.3744790360417553,0.05437676617227226
737,0.12591113723810426,0.11550969257696285,0.0004547024996691151,0.710149451320306,3,1,0.3592701281945351,0.04679115035542049
738,0.09126708145672371,0.082143154617319,0.0004504525968546335,0.3693379839773417,1,0,0.23558044423791183,0.04770250720328174
739,0.10130459717783957,0.052596861712129954,0.00045964084759270033,0.37492545231858526,3,0,0.346568956331728,0.05150957824624158
740,0.2558176438680259,0.17400493999068933,0.0006422761035745136,0.7107823121908023,4,0,0.5064530328166389,0.050605802891161504
741,0.19665157921270301,0.1774793542827974,0.0006842961217572536,0.6989769944083252,1,0,0.4243293200151426,0.05010278648019333
742,0.21970345591326612,0.12280009375455667,0.0005222715973895322,0.28634482676233375,2,0,0.35584003442479756,0.04861325099458719
743,0.2679961674013566,0.3100853615395079,0.0010162150543718909,0.7607277476044676,6,1,0.32865899876859883,0.05204963340065564
744,0.2164890663108176,0.2625464496723365,0.001013929809934812,0.5750898795916753,6,0,0.33771849085202604,0.05278870424969856
745,0.04706720744397275,0.05111701833081269,0.0004508428534343796,0.6447875733373024,3,0,0.3724331450845111,0.05112137795445609
746,0.09109424186724385,0.09294095870432398,0.0004889974343848415,0.6563411401095658,2,0,0.2630490537714868,0.04709974975857822
747,0.15475366791852155,0.14126308660454884,0.0004922928710230045,0.6097116337463925,3,0,0.2811561145850703,0.044807620615050905
748,0.11555672196805472,0.03560152093101075,0.0003413182277205891,0.2741613517598671,0,0,0.24432776252456326,0.049691723012336333
749,0.07214688671474058,0.0876785832634684,0.0006088876630424526,0.6305280805821071,2,0,0.372313545453645,0.05384751655899759
750,0.1313004727200701,0.09823752701304053,0.00047264727362858347,0.1092873682468898,3,0,0.24297964576752817,0.04846681399023939
751,0.03005221045267496,0.04222295008834085,0.0003386385846770942,0.5757793786303007,1,0,0.22219436453128247,0.04527266346721294
752,0.011679333413114909,0.044574730413515576,0.0005547709787080291,0.13962772410411323,2,0,0.28904119978447373,0.05527345852759919
753,0.17595579193465205,0.15494848990568197,0.00042642932070611095,0.637318914193645,4,1,0.3997397289139054,0.04212851026972015
754,0.1569630415474978,0.08191898605715783,0.0004358678563560757,0.6841416603237748,4,0,0.35109428625616335,0.04872868206810709
755,0.1457635492744251,0.20054824087413925,0.0009861159221791376,0.6478493695669529,3,2,0.40395253110897245,0.05604546701760934
756,0.06320564283167303,0.10267701493749769,0.000486251207506071,0.5526069787549767,1,0,0.26404249879996167,0.04653883062179916
757,0.2556980982264498,0.21057285078394528,0.0008166882761069242,0.6336046212563646,3,0,0.4063606697173014,0.052695054981969636
758,0.13106293571195346,0.11637756496853856,0.0004731784586810963,0.6035775225379884,1,0,0.43091198249942864,0.0468429578304374
759,0.06980055889564071,0.10560797099136304,0.000622999674747875,0.52447406111938,4,1,0.3890183662903833,0.051244288415172125
760,0.2335594842343494,0.1953256218767129,0.0007962476605669663,0.8368685633783931,5,1,0.39284344998721843,0.05274162262042731
761,0.14531262557552527,0.16641114224943282,0.0006494178252259124,0.6264753949483386,4,1,0.3616282978730973,0.0495155077629676
762,0.14172372600089395,0.1399211205982039,0.0006498599700835425,0.4232708667622562,3,0,0.24507282844425143,0.05089200009629826
763,0.20389204100265196,0.17254899750098343,0.0005275361822038216,0.7646261517481904,1,0,0.42807158995579553,0.04509838623756072
764,0.11746780569329451,0.04323213750544487,0.0004405974323832891,0.2119505807608004,0,0,0.25266613292309686,0.05382672916327158
765,0.04573067166355427,0.09538510334853689,0.0005305680831141057,0.40709033261149696,2,0,0.21140720754895687,0.0489219227750659
766,0.10168685448504373,0.043054744196123325,0.0003662346705662978,0.4285382860757667,3,1,0.22457145838286202,0.04736282889537122
767,0.1926742061654503,0.16492065232794825,0.0005936684473591391,0.7366614247109698,3,0,0.33986989428230546,0.05066798973430809
768,0.21452006832680606,0.15699615503424516,0.0007211030760629753,0.5273120258900504,3,0,0.44492233167052037,0.05355217335497871
769,0.21126502773729547,0.19898743167926877,0.0007606723937457891,0.7475767166231664,2,0,0.48102039808825736,0.050977065754842864
770,0.26220386206900465,0.24458859630546437,0.0009504487587524465,0.7041525337605612,4,1,0.4994330540074511,0.0539567571919546
771,0.09833840637146592,0.0759889291160898,0.0003456888015710773,0.4206447855130411,1,0,0.19726576273279423,0.04276063094487576
772,0.14584135864472292,0.17701085208948336,0.0006890967244990371,0.724224112838452,3,0,0.30516781010045213,0.04961486728463039
773,0.20496219785316214,0.23433044557663196,0.0007899396543435529,0.8018757026701228,4,1,0.382433282975597,0.049288068154514246
774,0.06653737733412561,0.07505547182060746,0.00047233788882931633,0.5068898033559462,3,0,0.3702423164623175,0.048407832561976095
775,0.07029470994281865,0.12666977092341708,0.0005393544533714458,0.39325039213578816,2,0,0.31503614956242526,0.04985718577213224
776,0.19822354634243217,0.1783517655768542,0.0010307383256891625,0.7065090233953989,4,0,0.5245945349546772,0.06036916161390898
777,0.3308942607320728,0.3424331626730137,0.0010804004810095174,0.7782381917753968,6,1,0.4405733273430471,0.05073502858932974
778,0.14690979875970842,0.1451022705677672,0.000668007901474879,0.539564591945493,3,0,0.40843255932125394,0.051345067779209504
779,0.10944964212553776,0.0515568521661058,0.0003527870138911763,0.372244307181576,2,0,0.2515687442098891,0.046001584961775706
780,0.12056451673606913,0.150414284260918,0.0006729546768422545,0.5205080529215967,3,0,0.36127569801206233,0.0503587379705667
781,0.19210688369932555,0.2410651297384048,0.0008990856203972736,0.7975423703641384,2,0,0.3030290448598381,0.05187662830471073
782,0.08420119640041145,0.10180065486381043,0.0005676150004077379,0.5654832209449355,1,0,0.2736930142869458,0.050500620880537944
783,0.1409289436022626,0.1315255827812268,0.000601551334991113,0.6059557165284085,2,0,0.40290041377109176,0.05006454219391582
784,0.08230523999505647,0.09745309225695159,0.0005061846791749806,0.1881427989816771,2,0,0.24506453293868732,0.04938491607175522
785,0.04445866599196894,0.023992130455326527,0.00032772240796968816,0.3375583972793389,2,0,0.2218158323731751,0.04601129946503557
786,0.07571681848008248,0.08152623582709487,0.0004052008651359497,0.5163028834720818,2,0,0.32272376966403576,0.04715806607961393
787,0.21915294040103053,0.1748809468551809,0.0006687879151981793,0.7483116734786476,3,0,0.4488725024004805,0.05141548345916803
788,0.0649206742091129,0.0,0.0002754079372316011,0.35456950890276917,2,0,0.3475195984924811,0.04828272836205907
789,0.09576953813347469,0.08159426232458872,0.00043378885650527854,0.3311866551013874,3,0,0.31241911713217607,0.0482411455263491
790,0.07368975046775779,0.06798049865498185,0.0004331085508230792,0.25933500248570446,0,0,0.3922607514405286,0.04920554541537453
791,0.2791186488062197,0.25716008531006335,0.0007106304258893353,0.7041270685192151,4,1,0.4142763639678972,0.046441929144100086
792,0.15252056367415218,0.17485711059438377,0.000780614957633491,0.6273774345164922,2,0,0.3597411724107077,0.05200188229015496
793,0.16650375102585663,0.17521362129466564,0.0007043243977765515,0.7658904374053613,5,0,0.41038986476558714,0.05171045250646547
794,0.10130444702405038,0.07381623338272948,0.00042513290785363287,0.17775618942974233,3,1,0.2836421897952249,0.048226787541389135
795,0.08267883768017067,0.11171747376304722,0.000577771123218825,0.474017838767446,1,0,0.3733561388998366,0.049217590092913405
796,0.17544951277732213,0.1396841272639253,0.0005306650969133491,0.5970783338764915,3,0,0.292136165659841,0.04854201316118898
797,0.1709761354581946,0.19226405915919634,0.0008915431301507562,0.7025570800836386,2,0,0.44900635995850113,0.057273455430136525
798,0.06959573644344579,0.0,0.00016376505098723257,-0.21740475860065492,1,0,0.1723124337137442,0.04610725377556379
799,0.1744622983844091,0.16390685642897723,0.0004663642828377568,0.6501035909741817,3,0,0.3983789669259498,0.042032581024799086
800,0.09344390856313892,0.03804649776289628,0.0002996792834839906,0.17630650771456968,2,0,0.2882124505151294,0.04651683551857439
801,0.043938225233032875,0.07630179229099984,0.0005052850886743678,0.4077222170969132,1,0,0.4098225389107565,0.048517283056506835
802,0.0,0.0,0.0002337566317662859,0.4694502351943463,0,0,0.3111742481500298,0.044534964161284246
803,0.11372146010393641,0.1776922497061701,0.000585758604874161,0.4657665384162437,2,0,0.36382005315557653,0.045159643442643733
804,0.15938321004998046,0.12290951746286992,0.0004860499257180315,0.5656533862031403,3,0,0.3221498762754229,0.04743351571430424
805,0.05020998620303987,0.029286388228707074,0.00039265209875675593,0.5442063154572699,1,0,0.2905007050558575,0.05096630668166818
806,0.3248496518396632,0.30389349923701275,0.0009579590761976602,0.6076302611632646,5,1,0.4213127524875387,0.0489682968285058
807,0.07225051814226802,0.08013146395025537,0.0004252452189821658,-0.07607731373588177,1,1,0.29780454382476096,0.04665260445992087
808,0.24661609045648392,0.23216917513283788,0.0010154976261277837,0.6825685189367611,4,0,0.49022962108824003,0.05620422966503485
809,0.1915962260368812,0.2534946550319794,0.0010094063764237082,0.7839415647962433,5,1,0.3706998394423835,0.052957293277395144
810,0.2987185485097117,0.2802999408203082,0.0009049494211208805,0.7996225008462431,4,2,0.4674369719478864,0.051946207032134796
811,0.11331162793947544,0.08271207662882837,0.0004989125213163123,0.24860922490324128,3,0,0.3007494689804395,0.050457809427305864
812,0.11434889516227326,0.12050061448643656,0.00043162401143654884,0.2149547188549242,2,0,0.16079381052576405,0.044143536547446766
813,0.02266621400569671,0.06597621766317685,0.00046211935053578013,0.4331602126178776,0,0,0.289335186015746,0.051888389463711986
814,0.23729578385999103,0.30610118610218906,0.0010894253878610245,0.6284430505304122,6,0,0.35079691954632414,0.05261884067552701
815,0.19676987012643457,0.18566206530885912,0.0006811653496329098,0.6489383845514237,3,0,0.34590012941768017,0.048266818738961034
816,0.1525491275650891,0.142843566941656,0.0006403564122796871,0.532509687591118,2,1,0.3883836371183247,0.051291897869646885
817,0.12353280159929017,0.07671743042253577,0.00044015912964208225,0.5226292909606367,2,0,0.2976721497094797,0.051242789488966003
818,0.04628775758998915,0.054903653984570505,0.0004020670212269674,0.0011960494524596078,2,0,0.20002732414498,0.04674750548960294
819,0.2906034957862848,0.32843024897491574,0.0009987432298818367,0.6949522250637034,4,0,0.43382090303519105,0.05045294450591116
820,0.06410952350660484,0.03925879705554263,0.00035429063627128934,0.4543466175260181,1,0,0.18561345639509988,0.04572535637545321
821,0.1985713196878104,0.13469556255778495,0.0005345039450248909,0.40812434653674445,2,0,0.29024922601419206,0.049118136453753854
822,0.33552147526535286,0.3449845861888219,0.0011210344114081167,0.7332024063969473,5,2,0.45062559155456283,0.05232557513577654
823,0.1813261377239417,0.17978604065624015,0.0006690460180730946,0.7585238777429963,4,1,0.3845569656349117,0.05082676086960298
824,0.10963320973692386,0.08543878467021757,0.0005459823624110549,0.019627259063089375,1,0,0.27893525400797464,0.05257912397932111
825,0.2784146856804941,0.27048943361855854,0.0008702258178988686,0.8052760611809048,5,0,0.4824711353644862,0.04783728284640096
826,0.08743226861538635,0.11290565959263421,0.0005756102342207396,0.3526966157513647,1,0,0.27442686346020084,0.04893563291099981
827,0.004635749403616725,0.01682113614281146,0.0002535515596215807,0.2362509725645112,0,0,0.29310821669795767,0.042069313094032
828,0.09769606757634097,0.0808227102660574,0.0004738636609673548,0.4792530284357471,2,0,0.4081404551331662,0.049943089303298084
829,0.12937060403460057,0.11444340169922991,0.0005011606658355643,0.5106010615670143,2,1,0.3151694234683296,0.04648173708743058
830,0.04046586745373801,0.04803784017464855,0.0005004409091480754,0.4024636938387338,2,0,0.37905313644241256,0.053558989052264534
831,0.09198123003293793,0.12712263378516908,0.0005319287227437784,0.6000106652864955,2,0,0.39082556894191467,0.048222423850337294
832,0.008742531325862883,0.015999231164613412,0.0003885807609702311,0.28186037146513293,0,0,0.13708861044302406,0.05160877506243278
833,0.20824264549334912,0.1867716103907541,0.0005673616520673444,0.6842689875160354,4,0,0.3729312320125732,0.044292301953804805
834,0.13159392063635975,0.05067488017810468,0.0004208864032540109,0.19462452487727275,1,0,0.28151183609163677,0.050164193281747045
835,0.14549726816760203,0.10704264085047697,0.00046551229254879103,0.6317081477234177,1,0,0.31260254067427024,0.04656602618916793
836,0.25972972526439536,0.30276218163129015,0.0011635447842418434,0.7333563926388307,5,2,0.40503940352466045,0.05382031059599007
837,0.08106575868868027,0.1155982300849012,0.0004978978523233629,0.4580005838257835,3,0,0.20834822426681177,0.0460739197054523
838,0.16891067420865502,0.18907816812620046,0.0007759803544366225,0.6945961069199896,3,1,0.4625561732356684,0.05152204391972934
839,0.15584594630740695,0.10321678252503218,0.00041753254202622287,0.07745467961372833,3,0,0.04289074937665455,0.04455989814618873
840,0.23847241591663873,0.1993627657324296,0.000820258732557562,0.8086005914331168,5,0,0.483649335871633,0.053125947870669106
841,0.16004080337548282,0.05926996169396603,0.00036065743961856205,0.2711857270794615,0,0,0.24499718513181626,0.04715249617818367
842,0.057339849728241986,0.07639888061186999,0.00045528013240263927,0.38730556762687063,1,0,0.38233290294310146,0.049441017315645146
843,0.3585020710646367,0.4070720607190538,0.001793026765038011,0.9690822318425721,8,3,0.6383530771978216,0.05957214599975338
844,0.13369145565587975,0.13250628546200743,0.0006182740439698072,0.7643471764664983,2,0,0.4316244201230528,0.050990783630045805
845,0.2947680611211297,0.22520951908260017,0.0007575604775319646,0.7900318318114585,4,0,0.5538715213823614,0.05173017775546729
846,0.10760033695350982,0.13908618602115694,0.00056897721092325,0.5380325214530786,2,0,0.3836792815899461,0.04749940112912379
847,0.3026217092345592,0.33910203878404216,0.001025418956332751,0.7735925049592415,6,0,0.4475439855609957,0.04868609661823212
848,0.15986766238327313,0.13819306625338731,0.00046011534417416403,0.4755498340066523,2,1,0.11748270108247713,0.04481503354307598
849,0.08346814525310918,0.052221593897913074,0.0004283480752323364,0.4183668798171827,1,0,0.393600402654744,0.050181225939984274
850,0.12824062465317498,0.105303446170531,0.000560153818828117,0.44621390333203165,1,0,0.4362343214201025,0.0538676589524046
851,0.3147722510523195,0.3542391472049077,0.0011144004441790178,0.6909269134146652,6,0,0.4162037035738776,0.0512069414965302
852,0.2688911692363411,0.18153917328006378,0.0005441322389580263,0.607917664617819,3,0,0.2925366184898696,0.04700473744138261
853,0.35822893877161466,0.31498153195810064,0.0012012652977279462,0.6686085280181465,7,0,0.5229384776198537,0.054821748633046403
854,0.06729441442211209,0.06101414321400918,0.0004580100285120191,0.27347140507510403,2,0,0.34824431840865044,0.051707500463078
855,0.0693604549821273,0.09170645040214906,0.0005373796047104231,0.6081199926823938,3,1,0.2953377542337648,0.05048041907314394
856,0.16726826279817159,0.18901937975687033,0.0007327654536737077,0.6888445150529044,3,0,0.473386665002293,0.05149704552041461
857,0.11410628105113542,0.061882216928961654,0.0003782100943681906,0.28930935828437426,4,0,0.3380908540960841,0.046794598810962526
858,0.1717146568859864,0.10649629861809355,0.00047259302051092417,0.5880138711313276,2,0,0.2403918879033504,0.04838459390435016
859,0.15017386059833499,0.1749963754924637,0.0006922942861637019,0.6492254408908616,5,0,0.4256951826694134,0.04845768266538494
860,0.1706879489083486,0.1945975086268075,0.0008774520761719334,0.6111363371222597,4,0,0.3841763064162711,0.055006560756593076
861,0.16727516933361558,0.10979683842441118,0.0005929722521001339,0.5397165557330096,3,1,0.4697468902774789,0.05180076394692054
862,0.23610775247868943,0.22024400078441475,0.0006501701028047689,0.7139681396452315,6,0,0.47029687304981893,0.04595121608895927
863,0.1361578877955771,0.11268110084639314,0.0005443332048639888,0.5910030718365263,2,0,0.3259046672632516,0.048309533713731756
864,0.24550464733398858,0.2087063270467195,0.0007381635746411786,0.5292167597581773,4,0,0.2716032009623167,0.05061657041388422
865,0.021552786785776424,0.0,0.0002506123755787976,0.10217732402497866,0,0,0.21076953587631334,0.046104655474880796
866,0.0738497812680031,0.03263759751646252,0.00035881020583879375,0.24211700240700043,2,0,0.31641736965623735,0.04829951981529943
867,0.1725931037852667,0.11866406387826389,0.0006057778343287083,0.4265250401441011,3,0,0.34946730039767854,0.05271698605721012
868,0.3452396234747025,0.35249258109837595,0.0009934029055121264,0.8825428527805506,8,0,0.5082697169221472,0.04917880234419955
869,0.14482994988647888,0.15729652409807432,0.0007239742512418127,0.591957233363623,3,0,0.38623027509092683,0.05265686782005705
870,0.1932448230483199,0.19886999532826874,0.0008912000205501603,0.6642610316347769,3,1,0.4631182490786553,0.055836933738051445
871,0.22220461343606449,0.2325729544700799,0.0008937248791097274,0.6147134341906824,4,0,0.3922333441682057,0.051893380661302536
872,0.2064052665963357,0.24416328664014111,0.0009480196261186348,0.4726830200435634,4,1,0.42589629444860555,0.05167676577719026
873,0.07394666565097488,0.06288936320609936,0.00048140014670090126,0.48828577033466647,1,0,0.2867510868313217,0.05213344826072977
874,0.09398837652247774,0.0694441490995799,0.00046650546109609726,0.7739462102302487,1,0,0.2764769197761711,0.053091661384162166
875,0.038434451875900284,0.0,0.0001883761788517434,-0.006690701833925976,0,0,0.28360160155788633,0.0453504624379043
876,0.11426907936561706,0.0,0.00018110028593883805,0.0006552701423727176,0,0,0.19076372325173377,0.04309739979816311
877,0.10911269815629994,0.14108087883318104,0.00048546533946003606,0.8698597392761964,2,0,0.33197726899853314,0.04439083136462692
878,0.03050488668872526,0.015264189679276396,0.00040872139279516734,0.42966921753634046,1,0,0.23329482511491448,0.05297580048832974
879,0.1914921092939105,0.19831967111858168,0.0009022067412925092,0.6371712688140048,4,1,0.3695735379140319,0.053583447594955605
880,0.12006271880440722,0.11291366567932004,0.000674377504473564,0.709659028811354,1,0,0.35089973924031975,0.05387201491558205
881,0.19359478651523615,0.10934423091723419,0.0004963866365834493,0.7088297978541915,1,0,0.3370866302235147,0.050963743801037346
882,0.10510277892566695,0.0706961870629918,0.00039451425760265345,0.37445000520907434,2,1,0.2347728108835501,0.04657367043234505
883,0.2665749550305308,0.25683245556674955,0.0008484953179872289,0.6458053837594309,5,1,0.4211566722645781,0.04928908944897334
884,0.1091057418121882,0.10672003577242016,0.0005136482684451114,0.7336004983770329,2,0,0.34391706566348784,0.04951787656670718
885,0.13525043704286197,0.08495275573976994,0.00040212860368089235,0.6001848485455452,3,0,0.3433648136668846,0.04582937412012209
886,0.028275582416078058,0.07389159637454148,0.00047714402045984295,0.4707430942845272,2,0,0.2829271443050906,0.04888389691461134
887,0.06666561512205182,0.10612032464248075,0.0005102526847693136,0.38393209536061745,1,0,0.3489886850154412,0.04940424062671364
888,2.032549332087159e-05,0.013769477728089277,0.00024945525261321105,0.10473476465576988,0,0,0.3206328498978077,0.04397768878936577
889,0.266665656046085,0.23610988372822167,0.000941044513874326,0.8415557083638562,5,1,0.5111820536201375,0.053565780698591636
890,0.3371444668296133,0.3684574870626503,0.0011347673315950887,0.5505170866725229,4,3,0.40569493376393256,0.04832784590920032
891,0.033638792370657124,0.048926989002755446,0.0004799530451760149,0.6400444943524807,2,0,0.2521007199614573,0.05263791948923082
892,0.08887086884163588,0.08795579918768821,0.0006040469858117171,0.6869570874373973,3,0,0.2894437798800403,0.05392737691570984
893,0.10701528065280944,0.13548769429810928,0.0005092566244432103,0.7760053224428236,1,1,0.329828097554954,0.04459085322776465
894,0.029221074075715666,0.06372131217117594,0.0004662218928610286,0.08447048427678824,2,0,0.29114523822804594,0.0506780101129929
895,0.14913209747985529,0.18723282365231178,0.000609287588969657,0.7104037080281208,2,0,0.4961297699745423,0.0453772892369131
896,0.26216734196816327,0.26094595780451213,0.0008684764858454766,0.6706108328993382,3,1,0.43320184218445273,0.05005750975241919
897,0.1520485225882325,0.12370943760681606,0.0004872146084864581,0.6183317401190848,0,0,0.3659597227262439,0.04746132180572124
898,0.11806097718833988,0.1197644555503498,0.0005708489539018211,0.6032965377844627,3,0,0.421520136131357,0.05012427778931827
899,0.11454422805575525,0.11199103884781213,0.0005768970155306422,0.6084686559404381,3,0,0.29081034796330674,0.05081471560185892
900,0.0,0.02731414286284561,0.00041221515588537645,0.32410459485281357,0,0,0.2569655157430048,0.05060413693547122
901,0.017105364496910934,0.017689566273959748,0.0005000385464473542,0.2843665176770641,0,0,0.405283415142405,0.05790546442035058
902,0.22527648870591277,0.18116497650834257,0.0005966396671738497,0.7581160449480188,3,0,0.36553806702278274,0.04757254380806603
903,0.1096825845406874,0.13148104294430216,0.0006234782067181,0.41494295889377375,2,1,0.3527173557706982,0.050988062094700366
904,0.09487236739617345,0.0680614342137938,0.0003945902400857193,0.622472108880594,3,0,0.27165771511251957,0.047300461256111544
905,0.19771679448471327,0.11470480966823657,0.000520595601489375,0.6133271538460099,4,0,0.3055225082058986,0.05119590938628185
906,0.13989883965385133,0.1456379150799672,0.0005827098551052058,0.6604049499787422,2,1,0.3641539649414755,0.047078408277163176
907,0.10539030604270906,0.12370834705569163,0.0006221889286303421,0.3341163720930009,3,0,0.3731242141053965,0.05219965883854285
908,0.05738286742010612,0.030082918547773327,0.0003410511777017712,0.1890123038791832,0,0,0.28225389468697154,0.046961134365379534
909,0.11539238309871877,0.15098679183411579,0.0007106352773344219,0.38799995944904087,3,0,0.36780356019130994,0.05128864348682618
910,0.1780088130002708,0.21578265945294586,0.0006487264542271767,0.5325617054236935,6,1,0.2368942634436224,0.0454148014918675
911,0.10606109592069299,0.17054062583870588,0.0007923931903452261,0.5807459711479439,4,0,0.3832828001127308,0.052194676234961095
912,0.2478808115326435,0.2675916160274142,0.0009372199576928515,0.643203085908159,5,0,0.4643699439755594,0.05113914919383324
913,0.08953969567269615,0.0652439227564581,0.00036317102758576757,0.33966223981709115,2,0,0.363112787003088,0.04388932141044106
914,0.16245378603087898,0.15634050489698867,0.0007795436220216905,0.7061963418341962,3,1,0.384780409424834,0.05541335892238798
915,0.14959070634753746,0.12089189422593069,0.0005420667775220345,0.8337401645748107,4,0,0.4252110488173087,0.04980205400208994
916,0.2305206606199597,0.178716702324701,0.0008411411367704575,0.59394378945823,3,1,0.3781376633309532,0.05584265128426525
917,0.026626444283936034,0.03617021915028086,0.0004657887000636483,0.5920277815241348,2,0,0.44199679065507536,0.05349431788911986
918,0.2779916850502184,0.32324167903866713,0.0010587761160652462,0.8522740063340619,6,0,0.4504258700001151,0.05023161611623757
919,0.09134316027576607,0.0908954095811714,0.0006590931132774199,0.49879835190058425,3,0,0.342988417261549,0.056263279267643705
920,0.11513001258166838,0.14999063703648172,0.0005302348198168056,0.41191442499091374,4,0,0.22061211820710533,0.04700542043008864
921,0.006080172731293672,0.018456847095897,0.00034420525627327657,0.1343803066829177,1,0,0.2451509530875699,0.04949604566598596
922,0.12254151999991528,0.06327829225843518,0.0003559239779964494,0.1620033522494074,2,0,0.21565570185211116,0.04725674134826855
923,0.061343703947118126,0.07626128460338163,0.00048173360242231383,0.3552015534255011,2,0,0.3031740266361102,0.05119361723872715
924,0.03941625587643374,0.017721485715873068,0.00035175140055803116,0.27928188749815736,1,0,0.30337469939977146,0.05034916178865923
925,0.22364035556117032,0.21071759512504248,0.0006852795431891314,0.6856570160933244,6,1,0.42174640058581536,0.047249703476590944
926,0.07933697156674878,0.09401445354630437,0.0004565354817240096,0.45569158837937185,2,0,0.303998882158676,0.04747252364600929
927,0.1720594138578237,0.13423123318839952,0.0005489761918494918,0.6790151638405468,4,0,0.3452613741478702,0.049438259566094545
928,0.16040882578627533,0.17096770657984184,0.0005054833541923038,0.5896870351203413,4,0,0.22170980819447247,0.044900096274196166
929,0.06575036714406121,0.11105911594427514,0.0004772088626637066,0.568407205285284,2,0,0.38920473608438266,0.04729731145507379
930,0.18678380177571804,0.14589128802459977,0.000705423913096912,0.7736644732735668,3,1,0.4903507896913186,0.05220083434987325
931,0.07831821483802551,0.012543901758523816,0.0002409726043081199,0.022010620689267575,2,0,0.2507864000560004,0.043960241782858615
932,0.08114181361889358,0.1036221676149739,0.000493034715056687,0.8363529136659839,3,0,0.26200313300698796,0.04738199282165142
933,0.12390421495494415,0.16910573776050977,0.0008062175930775201,0.8069874864040975,4,0,0.39074871693776697,0.05309705059511106
934,0.10844479039604304,0.15453829498979593,0.0006078359096812097,0.3065855251747896,1,0,0.40224764210329045,0.04594337460892717
935,0.056952755743294864,0.019392246928744306,0.0002972728186908716,0.5862697130812272,1,0,0.32468190454410945,0.04713265120235838
936,0.21848732193019443,0.23139101261441197,0.0006995791341212338,0.5790835428072214,4,0,0.3308770487711555,0.04858811782599201
937,0.22029731009399134,0.2174311115854702,0.0007748153430572598,0.6020255332028508,3,0,0.349041449746883,0.05037157883769657
938,0.17022478687961676,0.2003467588833205,0.000806242236655943,0.56350831843227,4,0,0.3825500895361087,0.050621704600654356
939,0.12674231099156527,0.1376727143715649,0.0006773414647872163,0.6386659832268137,4,0,0.38122395547352655,0.05068129649795657
940,0.18216049019870523,0.12213822240415591,0.00041527299884629615,0.5043208588064069,2,0,0.22817749266502216,0.045997171630929236
941,0.12423655315721327,0.10910300160245948,0.00046239386747453563,0.24237451422045764,3,0,0.2609268547659789,0.04632742101680581
942,0.2833165640513906,0.33183892351178035,0.0009355287520388428,0.7394023732152627,4,0,0.45713355362332353,0.048100657083578933
943,0.17372555506442802,0.22449603787878372,0.0005689799464015247,0.7400727319001573,4,0,0.489023887027288,0.041593854245579744
944,0.23974369587729472,0.2772372557162768,0.001394371727111313,0.6446090215562185,7,0,0.5002862488826016,0.059858131052932285
945,0.15561672620957212,0.16613531459697842,0.0005797712161581373,0.3268256295004653,4,0,0.3642668934427283,0.045020798661380076
946,0.2143312157362006,0.2305171517250082,0.0009297947719612324,0.6282472753126931,3,0,0.4598525708796187,0.05412109273216781
947,0.16690001197576754,0.1523387643562163,0.0007011724902223401,0.7339657304993771,2,0,0.36524264473553764,0.05203636473433368
948,0.16030629257701703,0.17427028222640426,0.0009868683365003115,0.6993457833022282,5,0,0.4224733988867506,0.058953552807845
949,0.19198309750443068,0.17498782994325043,0.0006532041983601777,0.6550973444986118,3,2,0.40476403637402847,0.0482684572996739
950,0.2963242645497004,0.295830219994021,0.000876818656338194,0.7991947841304435,4,1,0.5041981306782313,0.04790237817560183
951,0.15259132304882458,0.10175705708261133,0.0004861674324334229,0.4812488125061911,3,0,0.4156242370845951,0.049415037814107596
952,0.25371632453780046,0.25244188292691744,0.000823919800760496,0.712757836504151,5,1,0.29336089560047807,0.05028127358093365
953,0.12694227901252705,0.15037503375012176,0.0006085457751537325,0.7616135284156389,2,1,0.41373954303963245,0.04870006128180891
954,0.09175628199096204,0.1352241789001514,0.0007657487864198763,0.5061417769340828,3,0,0.3179742689526413,0.05508195953822653
955,0.1841322417086163,0.2309725073828407,0.000729040471388169,0.7954631323361228,4,1,0.3997316385619032,0.0467838158265281
956,0.23185355653182874,0.29509801877696035,0.0008723730406116346,0.6820751258333652,6,1,0.44909629136832663,0.04873838110651793
957,0.146066967086489,0.0600430603071502,0.0004463127078418639,0.562035086488442,2,0,0.3411052985189006,0.051054539901689344
958,0.14244541876449177,0.15661561182734846,0.0004845008776767226,0.6360422987477635,3,1,0.4255051257980954,0.04220886089202345
959,0.1359563534598203,0.1327028565178409,0.0005850290373573734,0.45050813785456023,3,0,0.3359048538392079,0.05074686957473878
960,0.015787051140659793,0.03798710983101681,0.00041343317293119025,0.4475844439402354,0,0,0.1639373593157775,0.0496390483952241
961,0.19356947294964402,0.17870943135274603,0.000680116110137326,0.5486189737950161,3,0,0.3122066411165443,0.049713098851055536
962,0.048896553080196435,0.08964140179060251,0.0004751295472728607,0.5972318144899886,2,0,0.3737518999256354,0.0496100705922357
963,0.018225998264212742,0.0,0.00029587254703450453,0.8510456133960097,2,0,0.3583907213620193,0.048178410773069544
964,0.10432455817127674,0.1688354378665635,0.0008733656943268219,0.6039134269656752,4,0,0.2564744746269727,0.055120309611405544
965,0.08401599369746228,0.0,0.0002261344151163151,0.42388309334617336,1,0,0.39107416710414133,0.049486772342312
966,0.08204163340687885,0.06065859169973861,0.0003794783557209403,0.31547986193174404,2,0,0.07729624627567042,0.045975627308732614
967,0.09598049910856084,0.1093228105297075,0.0005176379887877893,0.5413222904311803,2,0,0.2961680755640348,0.048293028445360334
968,0.09308426203973712,0.11878032390711601,0.0006091555773390632,0.6032374704983492,2,0,0.3966661515984745,0.05004223202310569
969,0.0,0.008359313003053419,0.0003384158841970301,0.6062735027477789,2,0,0.3307608634579879,0.050375372222298674
970,0.15550300416598545,0.10827378322940294,0.00043681911996486326,0.49492094369863615,2,0,0.3568329479655218,0.04664437222872906
971,0.12041856298439976,0.10793676397394739,0.0006031039356221016,0.03491546362571076,2,0,0.3404242670225983,0.05309147219401621
972,0.08938115075720449,0.11970261149303657,0.0005583029224046518,0.6875933837860484,3,0,0.35017350408676223,0.04911430886603934
973,0.0,0.012946011323143922,0.00038014270680412454,0.46393830449787865,2,0,0.3273222981829856,0.05065962223390913
974,0.1272724486532904,0.03693062010191261,0.00034584359305704106,0.47060164792806336,1,0,0.35584558500844826,0.0476105415138725
975,0.03807515634565476,0.07064651224343964,0.0005278102441126048,0.4962680911657326,1,0,0.31715149678104493,0.05097123285440685
976,0.019289178599403076,0.05948958244049351,0.0003360278265524252,0.3483999253088071,2,0,0.18981142250137847,0.04401542385667519
977,0.20372576458974323,0.18414263174487033,0.0006520655344393255,0.749519257302832,2,1,0.3920456451100244,0.05079110617782547
978,0.18633087022180844,0.20180399591704742,0.0009011678579897273,0.8265979656415916,4,1,0.41445485114706754,0.053077161868872895
979,0.18055262177371836,0.16218528462063697,0.0007069528556768785,0.7632876407994378,2,0,0.42717188299756204,0.05058161747849737
980,0.2927285460831369,0.2917880045558529,0.0009746177656904867,0.5791151725251024,3,1,0.4651574233757424,0.053915616316611806
981,0.04381512942765028,0.07980872236507594,0.0004370541981504839,0.49758365851989955,1,0,0.20171603537860058,0.04745229244163878
982,0.0829646880600356,0.08028626198552256,0.0005021299863653394,0.5752600983450991,1,1,0.2169296255665275,0.051416914945629756
983,0.2944625052484032,0.32391908633997346,0.0010414721477353531,0.7922141494227909,3,1,0.49965359305173396,0.05119297908264609
984,0.2025183893642491,0.22927335214101496,0.0009358552107135225,0.7376094939507333,4,2,0.48493961142997255,0.05253532202803019
985,0.06988265855425974,0.09775419591537558,0.0005101613772032253,0.7463581965790895,3,1,0.3802083675493217,0.04832645655032584
986,0.1756949080269767,0.17106675425872375,0.000625769053695533,0.432006783976413,2,0,0.20247058925595188,0.04746321539942089
987,0.08976225465249003,0.12528978155191314,0.000611707669483462,0.474776261992375,3,0,0.4275841635222901,0.05006143166978301
988,0.21267305819403962,0.20155694851909342,0.000839731281208112,0.8372515814390853,4,1,0.4222346694546734,0.052613309711077444
989,0.27067463151368704,0.2943406406493412,0.001126840203791238,0.8105912419097122,3,1,0.3525209454758368,0.05293183776631261
990,0.13573635730535408,0.14249606567671635,0.0005137401441469908,0.7370933197753649,2,0,0.31990770427929127,0.04741410506433184
991,0.19163689370475034,0.1503524298481856,0.0005208550873695713,0.5877291765730581,2,0,0.3664695682624927,0.04741796705984543
992,0.30122065443075846,0.2751442543609944,0.000737139701861048,0.6996482246306144,4,1,0.4517904097007551,0.04750079607178067
993,0.20835127838819184,0.19395664676940205,0.000707268245772219,0.5834680493575815,4,0,0.33687899690430434,0.05061358334023852
994,0.11951199785423461,0.1318881631610731,0.000664356218509389,0.305679967277712,3,0,0.4279744188648782,0.052321311496881226
995,0.07025055096507658,0.09351710998464564,0.0005000102546298829,0.3205017628371108,2,0,0.32990180122946294,0.0492851598500974
996,0.15522703261091855,0.1117277649304215,0.0005351869586649028,0.34361560217681875,2,0,0.28321928811488056,0.050897706508755365
997,0.0,0.0,0.00016093532794779657,0.09183735932459938,0,0,0.2432062752382471,0.04713098176828628
998,0.16143783530988554,0.18208801800806382,0.000708751221753303,0.6750473278339363,5,0,0.4525494633835345,0.050557866059849875
999,0.2245080151278068,0.17215477834166393,0.0007098010096103396,0.7152353780076643,6,0,0.46928276163144544,0.05218311855158359
1000,0.041938445622495185,0.03776704409541796,0.000310008425342645,0.17249966291420468,2,0,0.2575227997403852,0.04528120872817593
1001,0.09824710760038827,0.09273248354994394,0.00042399774093286575,0.4441795843145542,3,0,0.2693928740044317,0.04666321685515799
1002,0.18333536213396795,0.1683586050733595,0.0006738320172794581,0.4714889299692938,4,0,0.45550858661280896,0.051835079843222616
1003,0.1883120585063664,0.1614177055900112,0.0005146105006008151,0.6734143444035152,0,0,0.3659008793853202,0.04388527001012445
1004,0.2549764528398809,0.2313577323031408,0.0009605902229463417,0.7925885933982516,5,0,0.5188682937959274,0.054911329760294315
1005,0.17677866836959794,0.12617736743420518,0.0004955305965417225,0.7040187192700993,1,0,0.31996631800508474,0.04787709686309445
1006,0.11738356579670169,0.13461826293883813,0.0005607146054344625,0.709492866438621,4,0,0.28524400637456326,0.047498793589210456
1007,0.15159606473009526,0.1410915343687849,0.0006517083086794441,0.20371436222563669,3,0,0.25781921713374345,0.05031616592900215
1008,0.28981632980844074,0.19929949651857715,0.0007351707071010939,0.3883192360794465,4,0,0.3117429163655486,0.05364221178711527
1009,0.01996542934151769,0.05380174227441295,0.0005242568203694246,-0.0973919225777752,3,0,0.3761310547000414,0.054762903164677294
1010,0.09280584962758999,0.10771597785123367,0.0004295939561382587,0.6661607806011371,2,0,0.23496412919090745,0.044529499240276924
1011,0.2115941818188147,0.11260282066897338,0.00042722704791195085,0.35145020831501755,2,0,0.26082263679224327,0.047172670133336043
1012,0.028215217641172154,0.05670528330458054,0.0004385475695195588,0.5025776127141942,1,0,0.30987550797306157,0.04971146009051106
1013,0.040139325836720696,0.004582265404746364,0.0002793006526048179,0.344906366226825,2,0,0.2623165861709108,0.04715387447586034
1014,0.06760987113705244,0.10579466313359465,0.0006163386821741694,0.6881689707658936,4,0,0.38846559207543796,0.05164830506050751
1015,0.029716920851761877,0.0,0.00018904773614121325,-0.08694820352523902,1,0,0.33250981982236744,0.047413618944243445
1016,0.030541262779692137,0.04118639043896933,0.0003740429266057286,0.626570218898094,2,0,0.229166616541272,0.047398063438411575
1017,0.24807812341919003,0.2609513114709757,0.0012113461322127194,0.7476764223860312,6,0,0.3924425745054236,0.057640427624925106
1018,0.15234481355224466,0.10748524266750811,0.0004297818192904673,0.753639139851635,3,0,0.35048602585936733,0.046775829037204945
1019,0.032794575983355424,0.038047303114856094,0.00036524846504437707,0.42019179863386236,1,0,0.2560842844317097,0.047069361098638456
1020,0.018470964931690138,0.0,0.00029111552749440866,0.33796515841207553,1,0,0.23253014409674974,0.047352528493218464
1021,0.18829769544172723,0.14484890877697817,0.000684414385308871,0.49509780433649336,3,0,0.3893099298039102,0.052908495707159685
1022,0.18263396619424155,0.17208641987698123,0.0004897487278725599,0.643644832764094,3,1,0.36648982212236797,0.044072000382243154
1023,0.168981527967573,0.11391315539788635,0.0006009311969951912,0.8036098329269069,0,0,0.49712000909675497,0.054434392128951556
1024,0.0,0.0,0.00020404044951070663,-0.009331049782502782,0,0,0.16004580474500532,0.05149720871455188
1025,0.19134629242405726,0.17439704731752728,0.00040022542577296814,0.29135873475179846,3,0,0.17253442195831536,0.04012061312282624
1026,0.08393693180707562,0.07207609726303248,0.0004257241399832995,0.31133581023601276,1,0,0.2644515227071141,0.046707193076559135
1027,0.01894825365936435,0.01661840227439744,0.0003210856648776512,0.26095155853447294,1,0,0.2444616872308684,0.04783116624234184
1028,0.2148260754887211,0.2200841516386412,0.0007244198335341618,0.666797952739652,2,1,0.3805901800380048,0.04722515862553943
1029,0.1002763631215117,0.13432525973906898,0.0005096130822581121,0.7155205037059548,2,0,0.3679341679135704,0.04767043625552387
1030,0.1194017754204759,0.16014237433864303,0.0005429916339468113,0.3844062555639804,3,0,0.22518013779145327,0.04573571872960956
1031,0.09807863240777345,0.11590606277970525,0.0005447589978308056,0.6823847888172065,3,0,0.3377571624401963,0.04794890265566126
1032,0.2504320270936995,0.19054303677841283,0.0006430760022071535,0.7314270749661477,3,1,0.4593027346555655,0.04826058516516861
1033,0.10874194743442966,0.10647947724370177,0.0004495982204137585,0.4319864503654377,2,0,0.2226787062333147,0.048267953547301734
1034,0.19755960038722423,0.15816670902077123,0.0006402283927739384,0.5562267868756635,5,1,0.30862190003591855,0.04981114102163967
1035,0.27753241918788585,0.21553607330903188,0.0005838079972195085,0.8869230124089447,5,0,0.5254918605026377,0.04614161314585959
1036,0.18107987903891848,0.15432347001380445,0.0005573439481755173,0.5067705082942587,3,0,0.3287302208017796,0.04625710305714008
1037,0.18820041958139472,0.07970229305727104,0.0004603447142178246,0.39679505639422796,3,0,0.3581650471818494,0.05165618634637267
1038,0.04039758698166413,0.029171176319815376,0.0003750375674920779,0.33706783377487687,1,0,0.2198569195412227,0.05080164790297862
1039,0.15883689670140322,0.13322812485276045,0.0006407370205900604,0.6142142278016082,3,0,0.3324155796668205,0.05187259690355526
1040,0.2203673945816747,0.18143703811137057,0.000772543999833959,0.7306967788145717,3,0,0.5134690811808348,0.05411058171315147
1041,0.0805048101514381,0.10647774352635239,0.0006017997306596705,0.45663762245337924,3,1,0.2715511094619939,0.05162601873433001
1042,0.1765349668104704,0.20751283823341352,0.0007234921825523369,0.6552981512207062,3,0,0.44377553739615155,0.04715528326475113
1043,0.2749507120829667,0.23423445536087198,0.0007981519036977725,0.4326718180393132,3,0,0.3585130584041187,0.049966980284849735
1044,0.08557306337645453,0.11273917700458984,0.00043512023185889465,0.3243245389563731,2,0,0.17471980138096077,0.04710763504297498
1045,0.20363521013030714,0.22991820174167413,0.0007865092456961311,0.6317768681370075,2,0,0.2747611475205963,0.0483978989922861
1046,0.25394322801632996,0.10606025244242862,0.0003440809362421875,0.7331906995815891,2,1,0.3662619060513141,0.04314622866690896
1047,0.044478429206074935,0.05127436673208154,0.0003412025342956293,0.27973443415594806,1,0,0.28471173662284754,0.04368819560658601
1048,0.08401337483825559,0.04166856463015096,0.00038620220726078773,0.6284056267541578,2,0,0.2801393503011768,0.0497343662801658
1049,0.18044929581988045,0.1975401489807211,0.0007065650176286852,0.6828171431860672,4,0,0.3113099831226479,0.049303459979103195
1050,0.15373185598396566,0.10944194209523128,0.0004993256837432337,0.3431856631847089,1,0,0.2790822980001382,0.050355885005757356
1051,0.11955052850941772,0.1283493794852649,0.0005681060150895501,0.7311780714453504,3,0,0.48469200084299124,0.04870690124255011
1052,0.2804474998499796,0.19189543795467284,0.0006744593213831393,0.7787130748821616,3,0,0.5521399615290697,0.05004009941121846
1053,0.16863163333867823,0.19357055311296645,0.0007497705537929743,0.4303135277992643,3,1,0.22718523179847736,0.050412313508697834
1054,0.0824148499244171,0.043780991972566255,0.00039906781392483114,0.4432566609219388,1,0,0.4415257473745151,0.04979852209151148
1055,0.09224549632266103,0.09187015973262462,0.00045257383215492733,0.6481996664973245,2,0,0.337513465604581,0.04665055044084138
1056,0.058280976002728115,0.059153434113914806,0.00047599282334849345,0.569980589309197,2,0,0.27237262148520835,0.050065888909241345
1057,0.07143357268309228,0.08979029562604236,0.00040517210209277746,0.5461146186302807,2,0,0.39913913915301963,0.04528101065109128
1058,0.12128654156075919,0.13022473605115442,0.0006167453570250358,0.4754264106972285,1,0,0.30425718684682385,0.05029642412430693
1059,0.14491872289708604,0.10499521547683593,0.0006104322495052442,0.30802647745319917,1,0,0.2901113361617035,0.05318587029146371
1060,0.10467680012421926,0.1357984385354117,0.0007010788529993912,0.783014037110498,2,1,0.45816384026544876,0.053080380051936486
1061,0.015710846123269746,0.01888438835844633,0.0003655489913420358,0.19426536709167544,1,0,0.21316420853934986,0.050112283857840605
1062,0.1313163308347541,0.03182809835472848,0.0004219740400402194,0.6546644051236932,1,1,0.43466189469435496,0.053971987622928555
1063,0.14228177421909988,0.14789428780939695,0.0007229487740937332,0.7619133519148706,1,0,0.3113382997269858,0.05287210751410071
1064,0.10961563025434579,0.11074814084183886,0.0005238090267563764,0.40733238286012324,3,0,0.3267598156236494,0.04929857241019161
1065,0.17150410078083528,0.18163697841069634,0.0007991319030002172,0.6837307103914343,6,0,0.4631452533134268,0.05388739308714596
1066,0.29585494898198056,0.32204608038528476,0.0013530111826444955,0.7403131701512597,8,0,0.5341227241759802,0.056228526624902325
1067,0.10874912123017519,0.1286383748071861,0.0007190122873843461,0.4572050741319334,2,0,0.37575158349818444,0.05460934166506695
1068,0.23091065319291523,0.2707319058462253,0.000933344592258823,0.5804783444734266,5,2,0.40961768226496653,0.05129795735708102
1069,0.14975135749605095,0.08519407774352225,0.0004085507251588348,0.5080209058207853,2,0,0.3272750232481106,0.04806996634670417
1070,0.024214754279545895,0.07472149865076243,0.00043720715138142275,0.32858319375459266,3,0,0.15643779529694626,0.046999474399446906
1071,0.0972953607234324,0.15199942568644897,0.0006295763493810231,0.3821050767312775,2,0,0.41829821126360306,0.04909383649054739
1072,0.19174581008403438,0.1746828117150727,0.0008977252648051015,0.4765698103222009,2,0,0.37117239218938003,0.05747018306954974
1073,0.06205183894969992,0.07004012069581862,0.0004670520143702577,0.5195748252240969,2,0,0.30252595170997987,0.04972706997860506
1074,0.10910497781532609,0.03997717530770243,0.00035394186144088144,0.4825381667765599,0,0,0.4443643846877523,0.04758463767304115
1075,0.02379089248457547,0.055439374927811674,0.00033933321789188063,0.5374726934979907,1,0,0.31517281303907,0.04450716017074722
1076,0.05119353669082297,0.05369855040783697,0.000404154734563676,0.44436205019953906,1,0,0.361655184081313,0.048913704811611704
1077,0.21755477371062948,0.24588897754514594,0.0009264875952123551,0.5952158435814815,3,0,0.38513177791189906,0.050471263639203894
1078,0.03442437863925847,0.06736101818576072,0.0005255652429951717,0.5903730380702084,0,0,0.3099130280600648,0.052374234379256944
1079,0.2598418830623906,0.2747545282608065,0.0010390429038579954,0.8159583431715055,6,0,0.3634176193089427,0.0550392076545767
1080,0.09542795966432871,0.06412413449764393,0.00035274475580204177,0.40922213524786466,2,0,0.27953526074841684,0.04734471655038712
1081,0.08417581770453311,0.12439000299932278,0.0006821307269756457,0.4769553303867021,1,0,0.3303649462152363,0.053961363754453304
1082,0.0,0.0,0.0002177363083674406,-0.03229221215500836,1,0,0.17907009715361966,0.04629728140972792
1083,0.3065662762611868,0.3047262874825206,0.0011102032834958509,0.8383636714374991,7,1,0.49662230384169764,0.05404420291129254
1084,0.13617530954278365,0.17664803261703463,0.0008481303533853513,0.8064440176767548,4,0,0.467410493262929,0.05364490115819139
1085,0.03739876248577478,0.07203572802487632,0.0004639623927127816,0.3394633340388447,2,0,0.31739697582742005,0.04840351189242321
1086,0.05679015250489589,0.04798804568512915,0.00046388400306779495,0.37093717747058014,3,0,0.26589562734261946,0.053056891502035984
1087,0.24779062547122177,0.25057524937546954,0.0010145573755014363,0.7718106480787865,3,0,0.2549555850549,0.0541107825752951
1088,0.20884882853740597,0.28570359697591874,0.001021512691655756,0.7320020786414777,5,0,0.3675372402856443,0.052810422118850245
1089,0.004102667575637567,0.015649895774996266,0.00032145705887312115,0.4767733543681087,2,0,0.2505067747354968,0.04696953110619485
1090,0.12432709618305171,0.16216560055121576,0.0005447994390323712,0.6113885813060677,2,1,0.3561283783408093,0.04495426415309773
1091,0.054700609496476586,0.08160604043099451,0.0005212693903811752,0.46899363102534264,2,1,0.30217034239651375,0.05044920544179159
1092,0.07356178075776447,0.0,0.0002612228661742799,0.1888570376468548,1,0,0.4284366587703481,0.04911512605490597
1093,0.13689971283036034,0.1351884437405679,0.000605009405300317,0.5857836323587938,3,1,0.14603030272776174,0.050536188235920355
1094,0.25027669346650855,0.2319399762803237,0.0009891085811494665,0.5247468352264195,3,0,0.4232755498482686,0.05597521532497577
1095,0.15397646816423224,0.09812082492514075,0.0003718647479834533,0.5485983831585294,1,0,0.27055337511821703,0.04295253293981429
1096,0.16983196434207723,0.09618241815816328,0.0004554114603382443,0.444081339780515,1,0,0.27568476737162984,0.049495428532422885
1097,0.22453436163175197,0.2175153696504638,0.000731617616018748,0.5071054631370467,2,1,0.3753920030578797,0.04812624642532404
1098,0.08638842170921977,0.08191050338516534,0.0004927064925769882,0.5921654119069334,0,0,0.23032338515854942,0.04869171148531388
1099,0.06845398812287291,0.10201162183147539,0.0006089332295841144,0.5227491241054462,2,0,0.2960965889793755,0.05162191203702636
1100,0.2290554491680557,0.2234750952679513,0.0007645733177467167,0.6144216208131741,4,0,0.47535868853479873,0.04887017249692971
1101,0.21284462669046922,0.18219011438389507,0.0006260147024589215,0.3823315109753315,2,1,0.283114582668858,0.04801511755701759
1102,0.16030003263709533,0.18311186844091348,0.0007771137742560243,0.8383425237302169,2,1,0.3727917609483651,0.05172285059550545
1103,0.12867323219198307,0.07532432933991942,0.00040271681943857777,0.6343471191066807,1,1,0.3925754321406384,0.046838175946723265
1104,0.22541603055606402,0.21507976405588658,0.0007535446087330427,0.7292070567505959,5,1,0.27502184194304546,0.049943259805292274
1105,0.11158629917120637,0.11302072368939368,0.0005160629239981602,0.6557548265884627,2,0,0.45258669565078835,0.047892643419816784
1106,0.05031952164698154,0.09544858239933782,0.0005557594733477127,0.28122094086398675,3,0,0.26675461214107554,0.050151104622984305
1107,0.005897763095407367,0.009579134259878674,0.0003203444998705134,0.6120137578670537,1,0,0.19964817547989042,0.05025385421283504
1108,0.15905588574845866,0.02671165690413355,0.00030769968219900885,0.5007675207326872,2,0,0.30779572805014793,0.04886158770558394
1109,0.037023832707435984,0.06244994011158089,0.0004592973968722152,0.5478721907504859,1,0,0.2362860103224492,0.05065145749865776
1110,0.18415833692744302,0.13430384653646238,0.0005577933173053095,0.4745621642307517,4,0,0.26218106495194865,0.04840975770485226
1111,0.09744547113312481,0.01220355659021766,0.00027379014613040323,0.2536910225197619,1,0,0.15407753935151883,0.04610692656737175
1112,0.18826144372199236,0.14041475378708732,0.0005885002162368845,0.7293569165764753,3,0,0.36266185985174293,0.04963196648537604
1113,0.14271144872619315,0.12811450906035374,0.0004973284478556784,0.5113330137842993,2,0,0.23703005726450546,0.046239783610691386
1114,0.030132840679281618,0.04986429398378788,0.0004901723381208084,0.4058219117035917,0,0,0.3366640645079198,0.05173335628715868
1115,0.11552210684390231,0.12014477565236399,0.0006230376551636293,0.7326616289214612,1,1,0.38401665367701987,0.050826844773756756
1116,0.08720547329909158,0.0603790284594428,0.00029189672334756456,0.25283148087940005,1,0,0.23903202530790296,0.0401388558312944
1117,0.08733026666082377,0.061347445054808346,0.0005533537099653338,0.6679736378729041,1,0,0.42538283989086106,0.05497777840112415
1118,0.19045610351644923,0.14002537654262326,0.0005871529406570348,0.5947905491119164,3,0,0.3789801877151729,0.05011545286486421
1119,0.1272812716661605,0.11230298838664085,0.0005545017631147661,0.567753924635086,2,0,0.3933680691971044,0.04893491161387744
1120,0.1812240482530542,0.16349656967856874,0.0004683785925559143,0.6482763338628809,4,0,0.32824807648155513,0.04130408216508931
1121,0.1608902732076531,0.16718109675600015,0.0007017804971171828,0.47550416286097863,2,0,0.3001643672532752,0.05045273540298037
1122,0.30109064162316124,0.31430059728670967,0.0008982310069862204,0.8416947049370763,4,0,0.42463886797653533,0.04685850111707318
1123,0.17616310317896758,0.15478590978179968,0.0006616654259728162,0.4036501608826283,3,1,0.26093611732148225,0.050346965372548375
1124,0.06865755319332344,0.0463628401695285,0.0003472936359711594,0.37544413169398344,2,0,0.1630597148577501,0.045921439076467965
1125,0.26732817293495487,0.277863301982474,0.000876262681258325,0.7384230574184596,4,1,0.4401842291315331,0.047549788253475084
1126,0.13438966129207605,0.14115896070333514,0.0007038563167829714,0.6140019293002127,4,0,0.3105757403935966,0.05210228294234767
1127,0.1589505284807651,0.11611157058085429,0.0005781074254912557,0.670321034902695,2,0,0.37245635493724627,0.05280167156318952
1128,0.06946776583450921,0.03231012865975958,0.00040233207026883815,0.6313399313881838,1,0,0.3797544685430883,0.050440575347587994
1129,0.022413037177826195,0.04988059437209417,0.0004115440453055131,0.3255571526798241,1,1,0.23361247983689667,0.0483312083794609
1130,0.2654043779173347,0.2990308771110119,0.0008802898885872226,0.7682478480865165,4,2,0.49510265961399946,0.04781331193792213
1131,0.15654514624963103,0.19089530639378008,0.0008234162639141094,0.5323575789178153,4,0,0.3934731044679844,0.05750872547141973
1132,0.04462516782218923,0.06217620220585338,0.00038728927659017825,0.4570505364661576,1,0,0.3682179781679849,0.045741218328005456
1133,0.1517792261667382,0.05108191791102664,0.00033225087888290496,0.3353796717533443,1,0,0.18049684298205357,0.045846236234409074
1134,0.13742154624483996,0.13814625970595115,0.0005663628735470131,0.6145346461088186,2,0,0.4382514035754223,0.049971858281498346
1135,0.06238251423830279,0.06543099763051016,0.00037752287535381383,0.6106107604109279,1,0,0.28506108718465795,0.04518476827177529
1136,0.132158255338217,0.08785643647784769,0.0005216135681041026,0.551542145995815,2,0,0.39804258922582475,0.051908226496807715
1137,0.25146800573629663,0.1844983444958812,0.0007720070054428593,0.6543948109244272,1,0,0.3942573073249538,0.052622941977837866
1138,0.2789256264256839,0.3292676312958294,0.0011934369375363155,0.9103676328869427,5,1,0.48522905778446845,0.054607693012310964
1139,0.0032106246039367995,0.05364236843103811,0.00041051179515283123,0.1643742505912781,1,0,0.3043450830989707,0.04695941200588755
1140,0.24037489091678602,0.2124565121093464,0.0007596345932692301,0.7450907094971417,4,1,0.46628037440412284,0.05067839316164372
1141,0.1623727559678376,0.10021404122430598,0.0005584356686316017,0.592185836464867,1,0,0.39665619331827284,0.05210036511459353
1142,0.20375156962230112,0.19575867058047955,0.0008112721329835979,0.6850251728359011,3,0,0.48078400784066044,0.051938993102288514
1143,0.151446267944353,0.10777848814320196,0.0004944290724765338,0.5014078751512279,2,0,0.34531263903419257,0.048165153540496164
1144,0.13721746654642974,0.17835385431734918,0.0009424646561084236,0.6278222953944589,5,0,0.40227177293741867,0.055878307029466695
1145,0.26003094293365014,0.2997067630731618,0.001003192002466311,0.842147497280412,4,2,0.5871123006283842,0.049994751403542544
1146,0.14755449485927405,0.19785454827682,0.000866482257240992,0.6371191817071088,4,1,0.4087643189492553,0.05268471089040571
1147,0.25794231919494615,0.21636441603664128,0.0005635886539832703,0.1959398281790271,3,0,0.35222969522580233,0.043797273072892356
1148,0.12377639288171202,0.07050871222815731,0.0004070923261983613,0.24392735941770732,3,0,0.09794618384161713,0.04743678105874592
1149,0.020429502773081414,0.0,0.00026843374591290116,-0.03495605783566653,1,0,0.16280070982285333,0.046022467252885876
1150,0.027052775770222515,0.0387552457322219,0.00045456077609161725,0.4152220585591337,2,0,0.26353688793068225,0.05193826486880841
1151,0.17597013778170478,0.15841871328144524,0.0005148256951406048,0.5720357313851184,2,0,0.2796072613060096,0.044059750974739915
1152,0.2291949105471157,0.22189590530484793,0.0007488900162186564,0.572287560985971,2,0,0.36549756344961853,0.05000834968887099
1153,0.006464009372621784,0.02053676304293728,0.0003891888497374894,0.46969786945088143,1,0,0.29487253103707434,0.05018553179217895
1154,0.0931876216201318,0.1415167941847987,0.0005751763295861717,0.45430387542512324,3,0,0.2659348473657778,0.04655118671680983
1155,0.06926410951718534,0.0740931520192401,0.00040380385680163864,0.3243567503250452,4,0,0.2886142409523869,0.04565154547414643
1156,0.15210299964676838,0.10833607603558505,0.0005829478137226736,0.4921631629666143,2,0,0.35511886851489705,0.05238020182543371
1157,0.05679155756250831,0.013053841658541988,0.00032012051999712773,0.452384069321453,0,0,0.2419048453182118,0.04814840134828104
1158,0.2904290848027006,0.2865264349342626,0.0010975211443083827,0.7929462053706221,5,2,0.3919942738805408,0.054109419026410005
1159,0.23159771489883715,0.2365903709926621,0.0007192857817117532,0.7034162818297781,3,0,0.42969924294867257,0.04729560835574396
1160,0.16527206561306673,0.13592404136407032,0.0005282608160846429,0.33014088644977346,3,0,0.3572250008550671,0.046971655772252735
1161,0.07015415978689375,0.052248337916980886,0.00035975922572799936,0.13389121812954696,2,0,0.20962996104199896,0.046348183873539846
1162,0.15250311513412665,0.15395894479648065,0.0006272588324869561,0.4535971820035345,4,0,0.3857318436154584,0.049645462749361324
1163,0.1786485518935832,0.12993458203855046,0.00046388149651928177,0.6912887871811562,4,0,0.31014732873148737,0.04815108029961513
1164,0.11937251072054929,0.18150262566385192,0.0006211146459783142,0.23503423351369757,3,0,0.273497492283113,0.045273416388673854
1165,0.16003220997604153,0.17696698243964315,0.000664423771970624,0.6881055282131263,4,0,0.4650624992272256,0.05030623737680449
1166,0.22401904152962912,0.26829139867724194,0.00083721589943448,0.5313863654338975,7,0,0.29836586052065217,0.0500045104835926
1167,0.0,0.05481670475149441,0.0002961730290160861,0.1817121798791984,1,0,0.1283425329678612,0.04244060647079423
1168,0.20471769925745295,0.1667694732771314,0.0006594080750898684,0.2877596585415199,3,1,0.4154500289412973,0.048921694574993395
1169,0.13287893855064623,0.0747741289127806,0.00036566188677719116,0.2604751640244067,2,0,0.18615103061795907,0.04750935225550613
1170,0.13106301214426616,0.18218613614475038,0.0008816036896564537,0.7213981679928985,4,0,0.48082240771865403,0.05388647050458521
1171,0.17005144814958334,0.15899166714115662,0.0005634861294366233,0.47867078555955755,4,0,0.29276725510663554,0.045455291085226286
1172,0.21701521709602326,0.22653488578635156,0.000765327145088401,0.6740378644672346,3,1,0.31238998489202985,0.047927430448668776
1173,0.0761366010747731,0.05293840361807239,0.00040070960944721206,0.2911529236284983,1,0,0.3009340790480744,0.04818598913562853
1174,0.18108047936023094,0.12682634081960883,0.0005481485907538209,0.6083231516102908,3,0,0.26883748304415983,0.04872190784044893
1175,0.11301785821637042,0.12424720274439621,0.0005038381158907899,0.7086492866542949,4,1,0.5014862820850357,0.04613497894217677
1176,0.0862110764642425,0.09139483083292474,0.0004702654885219752,0.5548974880937979,2,0,0.29897435547336715,0.047836284601712124
1177,0.16275658886491914,0.17462865089995236,0.0006109072300470255,0.7765479472352895,3,2,0.47565701095556007,0.04566304190850719
1178,0.145132033928042,0.15511295405965364,0.0007145167751685958,0.4384586377099674,2,0,0.32143251498728664,0.05280442253784116
1179,0.07938881570980705,0.10211255219791954,0.0004638369094276685,0.5375591490958602,4,0,0.3143746116115948,0.04480189871868676
1180,0.08011450278643875,0.09648438763497472,0.0005307904474557133,0.5882464772603107,2,0,0.39877323388681746,0.04981538832500256
1181,0.018857256733871685,0.01098210599781903,0.00029583644817327486,0.4929991230225504,1,0,0.283603799103279,0.046840335783134214
1182,0.12425203934317879,0.15951145542922196,0.0007408076590159643,0.6476515317815524,3,1,0.46998816496436224,0.05115963467150599
1183,0.20023133346311403,0.1829339729276659,0.000685634264605811,0.5907250956757144,4,0,0.30253292243912594,0.05020179106151051
1184,0.09812177068823329,0.1389157437716363,0.0005738653776992268,0.4671048298172699,2,0,0.2140306634638834,0.04763762292160252
1185,0.12107312381172261,0.09773767206673668,0.0005609164377108674,0.702086309963111,2,1,0.288501926681232,0.052022973363129395
1186,0.11454567737017192,0.08903827629439079,0.0004717671753413681,0.17610370687331248,4,0,0.2559063977725877,0.048725358492930984
1187,0.0,0.0,0.0002227296061656335,-0.1447883123697318,0,0,0.28468923614949493,0.0483325748404922
1188,0.25242999834031904,0.2548905491798,0.0010606666707416695,0.7206214607292981,3,0,0.30572078138152753,0.05506623786398317
1189,0.11506215556930305,0.09747877041020393,0.000416977317302524,0.3494180169702724,2,0,0.32660118390189713,0.04458830919989969
1190,0.14168738592888347,0.18119796318244177,0.0005774320332838032,0.707698152272361,4,0,0.3605449883200034,0.04569906084014633
1191,0.08597640045107431,0.13938136363691386,0.0007066190113937127,0.36798185973982783,3,0,0.37583904747108493,0.05290532168601089
1192,0.14593080762757774,0.13209375692088338,0.0005096339407229888,0.5994248328473469,3,0,0.40823147214580324,0.04630152433998409
1193,0.025033908179236408,0.025470247564791135,0.00031138803256700574,0.30293836571925653,2,0,0.3423066802722397,0.04580623532089399
1194,0.024835199445572366,0.05662492547110509,0.0004190433787848939,0.1836555274754561,1,0,0.2836015727355157,0.04706953450037622
1195,0.18343977736514627,0.13391171208259098,0.0005481884833254465,0.5373719102494154,1,0,0.4050353732060389,0.04751374022861203
1196,0.09757462101731025,0.12905598717305747,0.0006465658119449256,0.6204022454746292,2,0,0.36846162288515594,0.050954321363759714
1197,0.18451772803444152,0.17113078260833028,0.0006924246971167543,0.4772985518979447,2,0,0.28261772083936915,0.05056818318190447
1198,0.0,0.0,0.00022502565971334405,0.2016270189134712,0,0,0.21315992197249395,0.045102715115625885
1199,0.08012605063001496,0.0005299503044699894,0.0002791611980102634,0.15153089891394192,1,0,0.21712610207320202,0.04881386475622582
1200,0.20588994503635705,0.18526673726658074,0.0006675082761932946,0.5313493193519327,3,0,0.37603900812439267,0.04787772231396561
1201,0.23183702828367034,0.20251855373778807,0.0006006262021131438,0.459731205965558,5,0,0.31489705885513425,0.04702556859241093
1202,0.10311336685992481,0.0547223448255097,0.00044940121849200925,0.4809088502754356,2,0,0.3189497625091921,0.05232349959715628
1203,0.20511432769542517,0.23651991319702356,0.0008532424105086073,0.7263186782990013,6,0,0.3883200044145493,0.05008798766106383
1204,0.14795514988447983,0.16611688758914211,0.0006091443760368085,0.6690804611564213,3,1,0.28633338804708525,0.04903728569734878
1205,0.1398991428150979,0.10874631887039878,0.00046645672289176925,0.412492402085624,1,0,0.23797754977006408,0.047011587620168764
1206,0.13013923771578026,0.09816458151981193,0.0004722773111440566,0.6275098793033289,2,0,0.3707351834567494,0.04847689592633256
1207,0.23209940159777828,0.2482794144322733,0.0007913644861948393,0.6921108730839513,5,1,0.4188452816331273,0.048587325523618684
1208,0.17598018830627796,0.14193937396465559,0.0005169488960157793,0.7263234730155084,2,0,0.297001765382931,0.04571807232896574
1209,0.23127284116352514,0.22980547702403253,0.0007051781543574587,0.6652799993717435,3,1,0.29674867354869827,0.04644502823679146
1210,0.0746748422063153,0.061404776439716674,0.00035080428043514816,0.4374694672027541,1,0,0.26854881458548163,0.04468906883819227
1211,0.08611749871578661,0.0017369170797573723,0.0002502964379070829,0.1392299272495884,0,0,0.10167058466712187,0.04421441875434391
1212,0.0784662409514756,0.0768934441894375,0.0005157105338567667,0.2725482296640045,2,1,0.3597308056305432,0.051032649883073856
1213,0.08993481445517786,0.11828551457783258,0.0006621480738486743,0.7623205966331077,4,0,0.3274235769630138,0.051769296364534007
1214,0.0,0.0,0.00037394551657808406,0.41611139119026447,1,0,0.2927308222545973,0.05256668551722867
1215,0.0911257712750467,0.04424231802263092,0.000482402726898547,0.4641895427790496,2,0,0.3047010486175609,0.05395477893155069
1216,0.0342785111257512,0.04610959444159987,0.00027969214332239405,0.5752345994454224,0,0,0.20193268859349367,0.040749955293088905
1217,0.08920212807222605,0.07670997974106092,0.0004822206915637601,0.17696785222043104,2,0,0.2685807974308129,0.05177083492395781
1218,0.16971941860842385,0.08216160255306847,0.00036743158979699996,0.42239136333371813,1,0,0.339482664922684,0.04562369611888872
1219,0.16040021525529072,0.16720654594906795,0.0005995796632784081,0.44652865012897897,3,0,0.2874830410963277,0.04685277332051157
1220,0.17012511301358346,0.20153976702129478,0.0006835179170197136,0.6198235014546918,3,0,0.3877858689905521,0.04629670598102331
1221,0.0033954336149465037,0.055404700802292546,0.0003582968318817108,0.3777457174484972,3,0,0.2548386302778066,0.04404601917474432
1222,0.0705642547068612,0.08086820253303036,0.0005255667536089951,0.5401130353756556,1,0,0.41801151654945456,0.05114024890248074
1223,0.22167467345642583,0.29906827194945296,0.0007745947620023551,0.8160497858859093,5,1,0.4725816271379996,0.04667194988937819
1224,0.02946231613115493,0.0,0.00021206462185948836,0.44917763320157766,0,0,0.15524552914112225,0.04254401150663942
1225,0.10223964960238344,0.06966825618880625,0.00043388194625766744,0.6233870881413611,2,0,0.26193524856806133,0.0480444806487594
1226,0.08325852862815832,0.10087558081796492,0.0005281848405257158,0.7172986783357447,1,0,0.3455838078776378,0.04849562833647136
1227,0.11168634978384427,0.06027551464202157,0.00038594392860974387,0.4085177115910288,1,0,0.37054906659065195,0.04733687248370906
1228,0.05450305843312655,0.1028817696024822,0.0004845678327847174,0.7519218742196774,1,0,0.3202279264125039,0.047003267243019446
1229,0.10317743455868585,0.11176138897059394,0.0006156353922939878,0.7715424106099897,4,1,0.33169476842818135,0.05183225276939302
1230,0.09693999908685756,0.0820875754265977,0.00041978525615065146,0.725017856857296,0,0,0.3895069731426702,0.045097104838712244
1231,0.03410040691538685,0.05251900646024975,0.0003952557329924234,-0.4698903751772488,2,0,0.14695202515408506,0.046987744113589504
1232,0.10444746134682592,0.13694328349234708,0.0005194023451453124,0.5188975786519042,3,0,0.3802348780107071,0.04619731135147256
1233,0.1425520154436778,0.11410178534866183,0.0006274817786695382,0.7651400349414003,3,1,0.4530592839494014,0.05513165696551506
1234,0.10122618054584301,0.10900402075826235,0.0006192456505140517,0.3189098429451577,2,0,0.19975956698004457,0.052191024272171156
1235,0.06537126246552971,0.07657225786491866,0.0005276908021480747,0.39673155532189913,2,0,0.4484352802922164,0.05020905993009924
1236,0.23159244404893287,0.2076106598198815,0.0007528711273432911,0.5736001378787907,6,1,0.3588627363033296,0.05234530121232566
1237,0.32138232000593386,0.29592439493013684,0.001001423598860278,0.7305505783009666,6,0,0.5019038739588565,0.05240076849464674
1238,0.061762286834688304,0.07090383151053571,0.0005352101422466412,0.2716808572566832,3,0,0.27152290792197453,0.05115764862092196
1239,0.22033398947535893,0.2071947905741546,0.0008931938843252412,0.620744934261886,3,0,0.4456265585962904,0.053845034847576384
1240,0.05286794376315464,0.052520256319059926,0.00042101953807839826,0.501188705967892,2,0,0.29161005431372805,0.048481342777790926
1241,0.1542262315196147,0.12207121949302203,0.0004927310582454778,0.8942334749138998,3,2,0.3957557595243881,0.04703463442887511
1242,0.11295032479767067,0.07009991021139828,0.0003751887795062663,0.5952923476062794,3,0,0.3370022246716628,0.04493850130966107
1243,0.10235623496078125,0.14616797812205762,0.0005875558519754642,0.37789321810621923,2,0,0.3102974342056311,0.04773049566076411
1244,0.2032914386787808,0.19363028688286302,0.0007591384561678028,0.6139188252223923,4,0,0.44025274813040854,0.05151020657965225
1245,0.04685001852318186,0.07478331592645428,0.000494644711895076,0.37809122832985237,1,1,0.3714331071327882,0.049367170160964736
1246,0.17680637251709644,0.1887597796040838,0.0008472093574792788,0.8202100014576443,2,0,0.4669273600860284,0.053490493560221036
1247,0.02098521644881788,0.04312916854756275,0.00034895532542152634,-0.3169304791639687,1,0,0.20305967055210056,0.046456760864004014
1248,0.097775390244108,0.08786668677427258,0.0004276436444539715,0.1899546161802398,1,0,0.15669162908868023,0.04745362989296895
1249,0.11997253060519898,0.07762026115922559,0.0005592034219875385,0.30806496373827125,3,0,0.3233481852584631,0.05466855880831557
1250,0.07061146714281989,0.08275887624793175,0.000520052728978364,0.6021298169144474,3,0,0.27241448398455664,0.05052941537829642
1251,0.10531089251642298,0.1412264521508315,0.000553678680226301,0.6732341899178649,2,0,0.4601346079896188,0.04726820288699585
1252,0.06217848393323354,0.057359213462904214,0.000399792724505031,0.6417999752200055,1,0,0.29849564301749243,0.04848920105767586
1253,0.18932557962683877,0.10954040717243588,0.0005604393068404615,0.5036977434963567,2,0,0.37434317100215214,0.053930275433390185
1254,0.11638080157686315,0.14633492530695544,0.0006310638338116074,0.6929546391515994,2,0,0.3378117732140492,0.050145378128659795
1255,0.19297549090636837,0.1703030756014067,0.0006469309802087485,0.7754880372400499,3,0,0.4466544992995535,0.04931134115287047
1256,0.27630608966448483,0.2872280735093185,0.0008600940907971206,0.4375727204336079,4,1,0.4279254567083669,0.04973162649749952
1257,0.03459336930026558,0.03923507507054089,0.0005077115640721802,0.5752688110398185,2,0,0.4118284242686909,0.054351679341746686
1258,0.1704420641074718,0.16811283249578354,0.0006049020423217915,0.7857535666468889,5,0,0.4058630798644584,0.048040032953203235
1259,0.15057854585270994,0.20749962850400175,0.0008355709857919785,0.7945946145891107,3,0,0.5043909933764849,0.051082655316537516
1260,0.2094443828709722,0.21017637641220369,0.0006408706702880065,0.3823936459889352,5,0,0.36804571259663,0.04587904860394553
1261,0.17460740200643082,0.1490510977809203,0.000581544266695396,0.8498103981329015,3,0,0.3894142150989283,0.04746599998355791
1262,0.14757529168948133,0.13280963516734906,0.00048578652036520355,0.39310265777537046,3,0,0.25155964912657236,0.046859503220821754
1263,0.09296674590808356,0.12139234430983808,0.0005082830909693966,0.7056042998923095,4,0,0.32548495025378693,0.04812312971752219
1264,0.1643085432207613,0.12197095514122903,0.0004860681352764921,0.5456183946634555,3,1,0.30951352095725365,0.04747423377804811
1265,0.07828974201949351,0.08692251263774939,0.0005341505988698634,0.43368791529501016,3,0,0.47625074237859694,0.05109253383515546
1266,0.12055082423422564,0.10336183119676133,0.0005860827541795129,0.44626460966949844,1,0,0.382343690673881,0.05182370018756606
1267,0.1814917990912855,0.21241178827552795,0.0009861350079983522,0.7458917132997874,3,1,0.4866851300387506,0.05502675422572924
1268,0.055137807455855684,0.07734764199481337,0.0004382427830327538,0.46679363180504063,0,0,0.29457766928723805,0.048061334979957696
1269,0.2384632591740091,0.2476602136576602,0.0009369062950253264,0.6360665946916696,5,0,0.3866669949939675,0.053749212712330546
1270,0.12390712495774676,0.14772112150370562,0.000599572015293351,0.5719232983891973,3,0,0.23522381859402067,0.048516547808907906
1271,0.0035057015429763912,0.016183848177681277,0.000470092388008341,0.4236468655038379,3,1,0.4000290462313264,0.055438564226377066
1272,0.0,0.006342992486913817,0.00027131365663711005,0.26447403741869885,2,0,0.20636022584543284,0.044760970785809075
1273,0.035533681383344354,0.07173502872601886,0.00043669703518101115,0.37671377609430196,1,0,0.24634701915472976,0.04598529022211965
1274,0.20147389250673672,0.21210425613805778,0.0006079872000667201,0.7977256809498231,5,0,0.3072547586132239,0.04445614458293572
1275,0.039266888238345295,0.07669787378480154,0.000468540666132251,0.3799628477828421,1,1,0.27570149819891115,0.048881835847730266
1276,0.020915064796605203,0.0546030628355934,0.00044579256656888743,0.5348378433448058,2,0,0.30624945979673723,0.049035806234021415
1277,0.22475464370032097,0.1815394002099815,0.0007506127277543917,0.7707137737076905,5,1,0.4224321254607333,0.05252062833843554
1278,0.06544824756246118,0.07265625273840289,0.00042748854419700637,0.08784215713095224,2,0,0.29091923677339787,0.048144946545962644
1279,0.1441797470817348,0.09390554230963491,0.00044078243709435406,0.41254093155295357,1,0,0.25539585831701156,0.04741207665233579
1280,0.23592090488095666,0.269350580572602,0.0008644764058159664,0.6936361390306642,6,1,0.3366937538391664,0.048630053948065737
1281,0.4241948068339968,0.38900777851091317,0.0011320592651734452,0.7220173839790781,5,2,0.48049015735882294,0.050821389726129915
1282,0.053738694167364535,0.009919495852757832,0.000261718553681531,0.30719033748316016,1,0,0.270798706509307,0.0441115546011365
1283,0.10939802169871399,0.13904628346337794,0.0007521972449446819,0.4660699783600497,4,0,0.42772604574745143,0.053776210219267526
1284,0.0559576644771122,0.05904721532093772,0.0004230640598090153,0.5522131740751638,2,0,0.29937855880324915,0.048295284676977954
1285,0.26155470098342287,0.28700000431959366,0.0008877421340265847,0.5691862261193186,3,1,0.3925340392244145,0.048625590524573485
1286,0.18918239140411214,0.24417432191040606,0.0008610109846391628,0.6837236729439649,3,0,0.3241604674700925,0.04825860548974932
1287,0.0797196448294068,0.01655945704940591,0.0003097452740659763,0.13336530912738154,2,0,0.36180834635679665,0.04862692744916404
1288,0.1759250306494514,0.18705509229654915,0.0007690899384418284,0.6776306881796816,3,0,0.24709404918775246,0.053896067343267136
1289,0.15222725396567785,0.15194609813336554,0.0005902717038148069,0.6037527096763723,3,0,0.37809120037783334,0.04788265837692516
1290,0.14211692170137877,0.11306282606557946,0.0005283052330734392,0.681398333476155,3,0,0.41732884373401546,0.048281291595310354
1291,0.10204648023687228,0.12444892722341325,0.0005235535994962134,0.6266472544067057,3,0,0.35023906575279756,0.04752536974378817
1292,0.17491589618885608,0.15394833436518635,0.0006595262931963763,0.6173532379631929,2,1,0.42776465442778955,0.05043617319984424
1293,0.06540251759153766,0.0786431225046088,0.0005585796848313308,0.5749930357213344,1,1,0.33547627720613343,0.0534096784818193
1294,0.18830063325985452,0.1583862462193738,0.0006927233216457314,0.4615536690341131,2,0,0.4181363259442718,0.05238066102465577
1295,0.16233676012428688,0.05227545411131686,0.00046099915287068505,0.33436285566764484,2,0,0.3314172632251028,0.05444756758582341
1296,0.21351054986367282,0.21055765171878185,0.0006511368302690133,0.551634643803475,3,0,0.4038307171901609,0.04657156468741037
1297,0.11371614872506328,0.15836119367865467,0.0007193270230427447,0.5433366118906663,5,1,0.28107589077942075,0.052022083395390176
1298,0.17112626581031518,0.2067182201424232,0.0008512005146995218,0.71364777495502,6,0,0.4411208515067399,0.05128564303605929
1299,0.13227952059063486,0.1519927863882242,0.0008012431677949887,0.70476177191839,2,0,0.40260240751745013,0.05388803519324485
1300,0.0,0.027981908079384346,0.0003917241746066263,0.40072539350657566,2,0,0.36404896919652385,0.04835226997469023
1301,0.13440812991944823,0.13293327959267226,0.0005590593078315902,0.7562953636210692,3,0,0.5468306484529093,0.04843077215513797
1302,0.13131494651569148,0.11865408692743962,0.0004476527828674105,0.49417459156866345,3,0,0.3856824294838622,0.04595780847534479
1303,0.33443896174590504,0.2966769402831596,0.0011100606278808959,0.8662975006437666,6,0,0.48989765634544685,0.057340087146225384
1304,0.09434164351355649,0.09650999466765885,0.00045920072117226594,0.38377831473105234,1,0,0.3276099461414916,0.04643506092824613
1305,0.2053455633126679,0.10423091748610035,0.0004466748925177447,0.4881581698778675,3,0,0.33569208322323574,0.04744828167336634
1306,0.08287687832424917,0.06687990639299074,0.0004113472647742901,0.6296936738280706,2,0,0.3729091048505331,0.048011634175564255
1307,0.1194900018387093,0.06899412315151877,0.0004746827737118384,0.4347319203852395,2,0,0.41106760648586754,0.05098797081996812
1308,0.2076767768412012,0.25408272753530803,0.0008727377898565417,0.6013232735875146,6,0,0.4852783270678392,0.05022937372659916
1309,0.05562637817879554,0.04779056702089864,0.0003783718793784252,0.14878591758203896,0,0,0.19192940021400273,0.046220204555362174
1310,0.03287252779596064,0.03213638642377296,0.00034598986159582675,0.12449414642277573,3,0,0.12003424406404609,0.0485289440134714
1311,0.12870757974457234,0.15254062897629944,0.000674398019540925,0.6590278796801957,3,0,0.368724132945816,0.05161310579469847
1312,0.0887539442796874,0.015675885024302814,0.0002934763053157412,0.42874988060282637,1,0,0.19909005230189833,0.04783984945646336
1313,0.06897718347604351,0.08746592283916067,0.0006801435429508982,0.5630706900662179,3,0,0.3704453050709335,0.05617023716704099
1314,0.0638563086398778,0.10338732486176747,0.0005080832131381079,0.45504282269378554,4,0,0.3267085910838404,0.0475628566797054
1315,0.21914489864503656,0.24239822889349008,0.0010467220936708301,0.7296756805420127,3,0,0.4515412640195079,0.053803842744495595
1316,0.28173300342000535,0.1830305301092592,0.0006250414506143592,0.7135296618861294,4,0,0.5082432511753073,0.04957640304955837
1317,0.1799842018918464,0.192339089497606,0.0006491173302154669,0.6703675837944217,3,0,0.4253609602336636,0.047725156345289184
1318,0.14656893494333087,0.11162608100244917,0.0004536152508088466,0.48621318320219586,3,1,0.20110434396314142,0.046647985313166815
1319,0.18056200118208873,0.1896652399075972,0.0005834054477337236,0.6986580527215861,4,0,0.3215080987791189,0.04654691601356419
1320,0.12174386985195261,0.1282997804311646,0.0005486288757189314,0.39554350014866296,1,0,0.26311681591117303,0.04789948104175517
1321,0.1820692725163176,0.06125904638557724,0.00035836526014293343,0.5736136884062676,1,0,0.3122902198509487,0.046595070353720375
1322,0.19346674019317528,0.2028688937108274,0.0008915556987879751,0.7469962890408043,6,0,0.4100767242275241,0.053783795888655846
1323,0.15509834500162778,0.10220600582973122,0.00048484985427216953,0.7338380790411955,2,0,0.33805301273754157,0.05013511711401794
1324,0.20478263348661851,0.2194783071123218,0.0010116717080858309,0.6163087107849795,3,0,0.37192146364324863,0.0568435036018302
1325,0.09747484401862683,0.11969565821345954,0.0006452293405577855,0.5735230651199686,2,0,0.32672996065359694,0.05080415894652646
1326,0.07977288178710981,0.03217972420794592,0.0003497241395149953,0.3132244689633662,1,0,0.33895225919496497,0.04811987192775669
1327,0.09105505694454384,0.1057823519354185,0.0005793246082373101,0.6032126911230236,3,0,0.30161855139976906,0.05126819680419002
1328,0.05073489522806975,0.024482511542341434,0.0003310751661416147,0.2539897941183396,0,0,0.30714669062657346,0.04962448732535187
1329,0.04547658465867665,0.06338792997755496,0.0004947097505989744,0.30956553216443866,2,0,0.05059826128421149,0.05088749949374458
1330,0.09665219099347055,0.16355069049742565,0.0005981693505686939,0.7398968482689475,2,0,0.3294750699501902,0.04700270784678548
1331,0.26446040841144663,0.218211589879307,0.0008482983692758362,0.5299047297120656,4,1,0.35105803820944187,0.053683568797728384
1332,0.15343743491849707,0.1256413020640079,0.00038478500574547024,0.5764118821988772,2,0,0.3209964112043116,0.04209044893040166
1333,0.1843140464365306,0.2294187195016084,0.0007913411856594801,0.8634308306034121,5,0,0.3727072728479319,0.04891202595816575
1334,0.14984358247115642,0.19110750994559306,0.0007926030094545165,0.5194337913057275,3,0,0.406290372250684,0.05154932593194433
1335,0.06180288162820563,0.011475120836462802,0.0003474919276053463,0.10736750696804336,1,0,0.2905306509296887,0.050148562406875916
1336,0.053032873341936494,0.09662469764708354,0.0004541505820249932,0.6433915077331626,1,0,0.12217368630136237,0.04551743519078895
1337,0.06636954839805495,0.06753054117432992,0.0005132583491227429,0.364201030287141,2,0,0.3552599393272973,0.05137252063965993
1338,0.23104274781491219,0.2111265899519835,0.0006747271100341694,0.7095698907020707,4,0,0.2837876087365985,0.04799372431868888
1339,0.013036897049532875,0.012768304498397795,0.00029978198351191286,0.4458438630632885,0,0,0.3137696184996855,0.046203456625615855
1340,0.08997151712248369,0.10442395095083558,0.0004865095924754155,0.3297793095294193,1,0,0.22680711824239871,0.04624329549439488
1341,0.0,0.0,0.00016083934055095993,-0.47214740813651257,1,0,0.20622951479861584,0.04826543164144821
1342,0.07609518451934061,0.06943560150138155,0.0003870689616105811,0.712010527494787,2,0,0.2662304268282962,0.047112433460259805
1343,0.14283710881889447,0.13114067721123077,0.0006013202719346609,0.5672106373948096,2,0,0.35491579812053975,0.04939948844776038
1344,0.1561817428458242,0.17706492592573206,0.0005346896148963858,0.6755728329086754,2,0,0.3479958161476453,0.0461298419158232
1345,0.14981420246991642,0.17267193084116517,0.0005956394732950662,0.22190587377561877,4,1,0.19969292002993136,0.046160987966561484
1346,0.22367008348764955,0.1401234917478449,0.0004964682757993001,0.5395514824847083,3,0,0.3099945375043383,0.045917813643194395
1347,0.22985827885556578,0.2841345006345377,0.0009378281810457204,0.8133337956157135,5,1,0.3882042503005094,0.050657932455865654
1348,0.0922974697562278,0.058867165056446104,0.0003487796707636157,0.49848373325187756,2,0,0.3186715361814582,0.04476929576025101
1349,0.00851618040861268,0.0,0.0002632401056542564,-0.029792953405097227,2,0,0.282057499667978,0.04767661650271455
1350,0.09260996236323897,0.06661845788910542,0.0004440213822044127,0.12780189482922025,2,0,0.23623252582722687,0.05219516181417809
1351,0.11478496546717731,0.170588570799247,0.0007632804811785112,0.6194742400918585,4,0,0.24455471839576423,0.0519734344927516
1352,0.1976294217157627,0.18903575155524516,0.0006377205123677304,0.751893937572786,4,0,0.33081485492046203,0.047520923359120795
1353,0.10089429188705573,0.08499567990717957,0.0003730071745991531,0.39456381524220036,4,0,0.29798046961788,0.042694994721671514
1354,0.07413141406103872,0.1065431750383194,0.0006072423807240202,0.5553979698125979,2,1,0.4063166778220235,0.05062564704988594
1355,0.11885185302737335,0.08558072809560337,0.00034919510588541535,0.5412412694169468,2,0,0.2834669039478701,0.04392606063294934
1356,0.07244332991234545,0.03300868203916939,0.000408168356571776,0.10459502164888249,1,1,0.2949010695273172,0.05386937153114158
1357,0.22935164983706455,0.20278363684952,0.0008585649889485935,0.6106634863674437,3,0,0.5093424503891575,0.05409463804714219
1358,0.09522822572158293,0.11341862439669743,0.0005578030819318195,0.40011972975740645,1,0,0.31867663121120166,0.0495442039487976
1359,0.18616796024286172,0.17423658524737057,0.0006869846025104587,0.6300685559835514,3,0,0.3804301633160634,0.05085923788518053
1360,0.0807686057179242,0.06305105159996544,0.00036500415080953293,0.5045342277347985,2,0,0.36986721698034347,0.04634816564307256
1361,0.009747001718928104,0.04882722848242712,0.0005033224210792284,0.5474934193189976,1,0,0.30946558824781784,0.05384879001557303
1362,0.09374387713773842,0.1042070357822858,0.00044303301462439453,0.6477451892404478,3,0,0.1729962805584852,0.04492807778648994
1363,0.1441501194521464,0.16067612657664337,0.000706500481542137,0.7430416575321438,4,0,0.5077457335741341,0.05256661654902424
1364,0.06713796814267134,0.08726392205210284,0.00045887089382049603,0.4408771356547069,2,0,0.2794423984113602,0.047076161892915976
1365,0.06473347182296253,0.061254900991995875,0.00043499141205406337,0.5075461066634405,2,0,0.26498299246428675,0.04764258458118873
1366,0.026885682589073926,0.02878669485976721,0.0003402619063333402,0.282867126552239,1,0,0.14443372721493974,0.046850957923022754
1367,0.21144785107453218,0.1860675717387236,0.0007082278505457218,0.5330031158074603,4,1,0.2664148461605543,0.050247382502550515
1368,0.0991160567051904,0.10050271271471184,0.00039251521831614106,0.47087697845121074,2,1,0.17774152263910029,0.04350840929752851
1369,0.28364942531327436,0.2172974549249547,0.0005940038669434441,0.6206833082246387,5,1,0.3939066819960788,0.0445291134798638
1370,0.14850633751510928,0.17083945039809026,0.0005211899632835385,0.6176721203024934,3,0,0.2684472480092406,0.04359043139651851
1371,0.19773967276013005,0.14722500045203282,0.0006806790955854578,0.8000604260313788,3,1,0.4013181659753209,0.054126142010860946
1372,0.224110261912785,0.1851219663604543,0.0006755799636801674,0.7587937340507049,3,1,0.4247937994356819,0.04883778227451106
1373,0.06964065044468656,0.10930105971248942,0.0005164473061785275,0.41681218235403167,2,0,0.23761040240845197,0.04849394090006107
1374,0.1918162763438278,0.1275469027652492,0.0006101170318505439,0.7700270810260422,3,0,0.54456873562689,0.05145576626663369
1375,0.05003815480898289,0.0666652986815552,0.0004460709636065314,0.6377418400322994,2,1,0.3735449723656829,0.04951312289674634
1376,0.26595663687003096,0.28632735642342355,0.000983265540818458,0.8115954823184222,3,2,0.44358010472489007,0.05146606046986138
1377,0.02128079557742046,0.0032804548133616596,0.00031113997626502834,0.44583768915496796,1,0,0.3337642979435104,0.04983449209482346
1378,0.14875176118915784,0.1436788578099676,0.0006400066037440047,0.6456748835915971,4,0,0.3652385128693098,0.05004144911991049
1379,0.04767644802580875,0.045961110245475445,0.0003725381691653604,0.3426553961131664,3,0,0.3571594008850577,0.048628791286544654
1380,0.08743131846148643,0.08150861336833012,0.0004658918067198897,0.5625272962628147,3,0,0.45288270318772084,0.04762259568279511
1381,0.18671086197988282,0.17604954362660916,0.0006411770869239955,0.7090143832253836,4,0,0.41790005563322286,0.04768607569625999
1382,0.23325451351039042,0.1599893495210217,0.0007735933911629954,0.8258003431453937,3,0,0.4461477636894096,0.05682957538706862
1383,0.11770574055547518,0.0810018700002536,0.00045834383177714466,0.42835192319891796,0,0,0.2046168430746076,0.04902322098330025
1384,0.04269034344288994,0.06529781444162634,0.000459466507847822,0.2723851153325569,2,0,0.26435657876386975,0.050326296296720016
1385,0.0,0.0,0.0002986392458685502,0.5150177313442842,0,0,0.32981493590425215,0.04907342276712824
1386,0.13441761587519074,0.06755826789575968,0.0005150173302770184,0.6677393756808744,3,0,0.3452610792987298,0.05413859973187995
1387,0.1406513538498466,0.07172202068893499,0.00040340568032355803,0.6533586617331104,2,0,0.43020958217060346,0.049593834791788444
1388,0.12164537823635188,0.1331069645995822,0.0006470757101569155,0.5086592824175749,2,0,0.4733409524633396,0.05189680938225696
1389,0.11965307630766348,0.07706657158296493,0.00035205061060619806,0.42931083947001375,2,0,0.18154413604510167,0.04453237094328715
1390,0.26849663747928604,0.3036100248775854,0.0010467513165319854,0.74709018680004,6,0,0.4658101487164983,0.05356087965002362
1391,0.22242911084417638,0.1429177906039163,0.00060075639756903,0.5751025800421543,2,0,0.32037330471093406,0.04989361563037697
1392,0.18586349133172958,0.15449905707617317,0.0006252459518552251,0.7096061367489089,3,0,0.30111489470267494,0.049861129449526066
1393,0.02311584867599069,0.0,0.0002187324252230251,-0.15729529315502885,0,0,0.2596011041031852,0.047621037461073094
1394,0.15992443522302763,0.14735597794345762,0.0005663893920604542,0.552456877445574,3,0,0.40368470259318157,0.047641299928202846
1395,0.014228108395554731,0.019026715366453187,0.00033845390320542186,0.27979057141260105,1,0,0.21570789373846805,0.047289575865081625
1396,0.007146657507222513,0.010948159951340282,0.00032639644591124587,0.4736234153862019,2,0,0.26614733060478196,0.04795136752742117
1397,0.19436084834561348,0.15647130203050919,0.0007136673112851035,0.76453346910379,1,0,0.48598801057239144,0.05297071538047482
1398,0.19747201803342862,0.2536818161478907,0.0009706543296033064,0.7368369190006078,4,1,0.43518438618669364,0.052553933191054024
1399,0.1640056874252338,0.10494962953537311,0.0005987710385632234,0.5726392820192864,4,1,0.4853276190997579,0.054559558121952345
1400,0.13976727053649277,0.11141144313730246,0.0006011349060865341,0.7909271261551355,2,0,0.44025364240973536,0.0511868365329407
1401,0.048880250269167286,0.044600860978384636,0.00036686128601659226,0.19707845428690834,0,0,0.21065315204269555,0.04686846083901724
1402,0.21675633912698203,0.2732389656203224,0.0009239169933652783,0.7926524630487695,4,1,0.4697391829702174,0.049547842364430626
1403,0.1569812466759315,0.1844183784826617,0.0006230741263680479,0.7117673122129156,5,1,0.24997813027588467,0.0483530555161104
1404,0.21437640754661133,0.2207101942216002,0.0010569201625162336,0.843597714897429,3,1,0.4903448663845545,0.05646341884507385
1405,0.10806425657304787,0.07942227801847189,0.0004889451481350556,0.7779266881416066,4,0,0.36787232843934575,0.05287896691459262
1406,0.1460905626326359,0.14316905052992068,0.0005609245076060239,0.637710514730967,2,0,0.3575427925628123,0.04660746143242658
1407,0.25500792661114463,0.23155908026985453,0.0008294254387089292,0.6048029132447802,4,1,0.4086887406408425,0.05066371609429262
1408,0.11655826413325945,0.13802305556929698,0.00045560433362000334,0.3618959604963132,3,0,0.1509851626048782,0.04365429952336142
1409,0.22436923461931002,0.18658430009239083,0.0006864329773646506,0.800588922143823,1,0,0.40215674124370326,0.04930074200800896
1410,0.03776168309057051,0.0,0.0001671791094496759,0.47350407108999387,2,1,0.2494458573399198,0.04740101381372082
1411,0.017729370048045878,0.0,0.0002765102644091427,-0.12023249383975756,0,0,0.21161171303039633,0.04814259102466819
1412,0.06947462570744758,0.045377748836052896,0.00030508618995294176,0.4984949462419108,0,0,0.27972188023945777,0.04263652460506516
1413,0.15004231757916478,0.17519261251941534,0.0006138794120572862,0.6356166021495391,2,0,0.3818049683513778,0.04882025607172554
1414,0.13719338895698413,0.15331259150465767,0.0006399841765830755,0.708597461905627,3,0,0.2438636163299938,0.04864349084720952
1415,0.10742808907937838,0.08189085019741632,0.00041840449624379485,0.27050878829105457,3,0,0.31851768953282156,0.04578560128232567
1416,0.14195458121723106,0.13388597768537966,0.0005991091715347548,0.5493638994418218,4,1,0.2989596189808096,0.0503924167324629
1417,0.2393265567243648,0.16122169724214414,0.0005268783969170945,0.44642732500197163,3,0,0.33351403446258093,0.046643872205115684
1418,0.30867582365299906,0.24807927157744486,0.0007821031321669189,0.727991072015198,5,0,0.45743078163438294,0.052464586879996916
1419,0.08764336666548128,0.08290174570946368,0.00046889357054783696,0.5071016881196929,1,0,0.38620300354572845,0.04875322045311054
1420,0.24054631234308527,0.23539007259942885,0.0008359601911702493,0.7183849512365061,3,0,0.47476849320260517,0.049746926639305196
1421,0.15583264565507104,0.16558028677798353,0.0008272858315719573,0.6830832856571935,4,0,0.3707793848788104,0.054378235096218114
1422,0.07286650302763598,0.07880182348699069,0.00042002930447940223,0.7524396792361026,2,0,0.23692055966444325,0.0453986571669619
1423,0.12545478066755777,0.0552129273345523,0.000468569729560348,0.09514642697558313,2,0,0.36904216191957123,0.053499538431823965
1424,0.13040280755076736,0.1041605987020685,0.0005450741210118825,0.5656383513733493,2,0,0.3761320447992867,0.05037508149785704
1425,0.20357084545493492,0.174693239764163,0.0007600809409023092,0.3093028806469921,3,0,0.39672231760025206,0.05168073178144261
1426,0.0,0.008777129459058942,0.0002492316913462793,0.17924965810457616,0,0,0.14717713267653615,0.04236303240046181
1427,0.10746784801772329,0.11078752119284109,0.0005024648191635441,0.3878727856519279,3,0,0.3566140912477904,0.04726195386792802
1428,0.107507790245465,0.021396836589026788,0.0003235406875104461,0.5256608304429893,0,0,0.33902260505932064,0.048526283854250944
1429,0.18972193122817116,0.19180161314728292,0.0006645709508976129,0.7239763411431693,4,1,0.38454237653639084,0.048300343892150224
1430,0.24263073116211892,0.18954679768922547,0.0006626402152624974,0.3850607627310788,3,1,0.3222917786717085,0.04995638635799173
1431,0.2795725813607836,0.2786647355128818,0.000912770805988176,0.8247979473171826,6,2,0.4528311636751157,0.0509128306140635
1432,0.08807135574979585,0.10508825656953845,0.0005377066187300508,0.34529288725882545,1,0,0.2556913876017218,0.04844272252466421
1433,0.1824784969061978,0.18529539256934446,0.0007704728303084931,0.7920534996324091,2,0,0.3982734559060443,0.052363458736531546
1434,0.0,0.01842316623114524,0.0003679396446321248,-0.027136871046653476,1,0,0.13798996474253883,0.04882304110920761
1435,0.12671874483436776,0.10399017572254442,0.0005324990488248879,0.5161153433014596,1,0,0.34520612903636394,0.05038459867421831
1436,0.18141294672684805,0.18365266524130683,0.0007469751676824125,0.6041748057096331,2,0,0.3480022484101199,0.051901803238023125
1437,0.14738246521086246,0.21919587179740171,0.000800205562958209,0.87932495553175,5,1,0.47485354961028536,0.05354641998755282
1438,0.034569721045658176,0.05534767781404805,0.00040984184560819407,0.7057308319494942,1,0,0.4338753701973201,0.0467276652444596
1439,0.0975273887768741,0.14127175279345544,0.0005615290847552463,0.7006553524030203,2,0,0.33159748924321103,0.04631815763845693
1440,0.08733478722935842,0.01948020945374919,0.0003253556201145026,0.03973300415685672,1,0,0.3004681351769669,0.05072144718631646
1441,0.3486426536210545,0.30582374927584516,0.0010262506848473317,0.7379558071340778,6,1,0.44808694660751475,0.05336886241672842
1442,0.19120996460616232,0.23098383612328308,0.0008443230189262758,0.7023876559826201,4,0,0.5263056540924443,0.051463901786187906
1443,0.017322524572571073,0.043156343025469765,0.00037612736072319537,0.16213258529365845,2,0,0.2964667074910857,0.046517784294663175
1444,0.055975425070556556,0.08051048384724954,0.00044910236930489,0.7075431559419803,2,0,0.36213702642579665,0.04748297377087975
1445,0.09659420949779042,0.0,0.00018080578816854806,0.3230966926009036,3,0,0.24064096269791369,0.04461235220605879
1446,0.17226237728309968,0.1561163026623221,0.0005940303354990741,0.5888125352716017,2,0,0.26312027453971204,0.047590847732950456
1447,0.27111534042898994,0.2467510155258875,0.0007633485258954157,0.7219018387216546,4,0,0.39616423527610367,0.04799230624192273
1448,0.059443193290151214,0.020563282468437378,0.00035500523157257197,0.33018761606643626,1,0,0.3665526526204553,0.04913111598390116
1449,0.02970826737193856,0.0,0.00032675778271323944,0.4775848825043745,0,0,0.303536338145085,0.050920008023777344
1450,0.18878378559479744,0.1461452126909036,0.000655453731219792,0.5811779187121133,4,0,0.42302320002879795,0.05053492141023493
1451,0.06161681754057163,0.09588355732232846,0.0005377930547920236,0.6687084905843131,2,0,0.2911583919708704,0.049970547454162566
1452,0.2541566294042869,0.22384133853449356,0.0009746667798813662,0.8451829261300327,5,1,0.4843761803935993,0.05499221968351694
1453,0.2536604135096381,0.26013986010019546,0.0007058866529309892,0.8387914918043413,4,0,0.45369449702758086,0.04501248709678942
1454,0.20937764181158236,0.22967661677804604,0.0009910983761542392,0.6629466161397561,2,0,0.44449627331865027,0.05458114594714538
1455,0.12378032785843184,0.016435782578693037,0.0002877190038628526,0.3113624237208678,1,0,0.17048764672291958,0.04818124440386208
1456,0.09686353756496767,0.08873025935412067,0.000595608003858035,0.7108649153451853,2,0,0.4541961311591005,0.05242559710887927
1457,0.07090704492570023,0.11067177589433858,0.0005816104462106249,0.49012737652296834,3,0,0.30304647982319316,0.051073610709909886
1458,0.17971294225780152,0.22487373949394016,0.0007898962879768701,0.7304160272934638,5,2,0.4422379757932689,0.047748353164668515
1459,0.1264848578863455,0.17685561716400378,0.0007902852443217304,0.8568610385151949,4,0,0.48257801724663685,0.052536348139038715
1460,0.21759121740741366,0.19226601924781103,0.0006940798700337564,0.57200555809572,2,0,0.3902079042050608,0.04987924014105154
1461,0.15640809958742313,0.13885128849284237,0.00045381421842699576,0.5612621014552933,3,0,0.4178429022633791,0.04469378897330847
1462,0.1901515004749444,0.10906563895156841,0.0004853241096357444,0.5333839756723409,1,0,0.1840139314251825,0.04816795444283739
1463,0.07779518125545912,0.1109808190641606,0.00048318448472450023,0.328143638709709,3,1,0.23152732540041995,0.04489446734270639
1464,0.0,0.00981408341665406,0.0003184626749042946,0.2982504780853413,0,0,0.26424305510363505,0.05022698649668422
1465,0.17224360062888341,0.15321561037781214,0.0005486407075084214,0.5012801091939894,3,0,0.4307677839298156,0.046683289906279776
1466,0.09782224013850511,0.13619710277260486,0.0006143301826719759,0.6498048766512405,2,0,0.31793436102643985,0.050172123002208364
1467,0.3731963182119118,0.3884119344021665,0.001375652092988325,0.9104267526586844,5,1,0.6051622756096298,0.05432221793409868
1468,0.04578204917126285,0.07852404739605806,0.0005820717574468496,0.6406024892827544,1,0,0.3772859520929248,0.05488830887888535
1469,0.005733086157923332,0.0,0.00021246275253897765,0.05801733577242655,1,0,0.22235072456299748,0.04762370532514393
1470,0.10803708060944814,0.0394867233766772,0.0003619477153428758,-0.09906030110759925,3,0,0.28320462373787136,0.0482980692374144
1471,0.08377779906487927,0.14455694042322334,0.000622545518608496,0.6751471245880062,2,0,0.3361372474832211,0.0504343866230571
1472,0.13278006166633305,0.08677244534494709,0.0004842302974642899,0.3976795397053287,2,0,0.2877554177678321,0.050332175409013545
1473,0.02038939276046211,0.08227543189272185,0.0005484881906081586,0.42963596685873695,0,0,0.24003522314716813,0.051793745132819924
1474,0.13233183634838513,0.1288854404909322,0.0005770068868671002,0.49723859363091516,3,1,0.3570936385528022,0.049975270100458415
1475,0.18371442613276148,0.18327453078813627,0.000669117645290717,0.5636257064982965,4,1,0.3128909507112333,0.048574136424015014
1476,0.07922158813606672,0.12449192511389193,0.000548096867723435,0.36563730492110486,1,0,0.32351931511324816,0.05100637810980513
1477,0.19051216277380814,0.17243775615827103,0.0006291478986008044,0.6701296684425454,2,0,0.39769619902187375,0.04861054868958185
1478,0.18200586587403658,0.18549201212849512,0.0006180596565168901,0.3576407584892061,5,0,0.23785367187739398,0.04736634438112702
1479,0.12091600227419452,0.07774322086236976,0.0003693982352022008,0.38642768188775706,1,0,0.29090649775136035,0.04610664104811963
1480,0.11202443518212091,0.108769126380466,0.00048617943170952067,0.757403630544373,2,1,0.3341704704140253,0.047647092568446854
1481,0.201942109595683,0.18764205549940738,0.000700446621765006,0.5049935542977267,3,1,0.3587966933826767,0.05066887905588695
1482,0.12258953127498227,0.04118104545936937,0.0003309756714410045,0.24394339102987458,1,0,0.1442391920676489,0.047154085579720735
1483,0.0793494091312462,0.01696696308525738,0.0002684240503272733,0.1526915205155365,1,0,0.14815009061621512,0.044476041030055036
1484,0.15883642042993762,0.1488365115251727,0.00048786410477666544,0.3755013397019976,4,0,0.24764801550022936,0.04488864352051204
1485,0.24531979506909368,0.15065290019395666,0.0005878305707192372,0.6459959934640221,2,0,0.34497850932404156,0.04946752631735611
1486,0.06939922347840871,0.018704815070263767,0.0003031753453131178,0.06792167235247762,1,0,0.3931845260980521,0.045626188108672035
1487,0.1700072765645318,0.16102307151694428,0.0005403591224261255,0.451455804126948,3,0,0.35482499687191743,0.04560415324301436
1488,0.08889451733350986,0.06430548980558971,0.00041062776509105453,0.3871978052536225,1,0,0.1569606111101808,0.04890961190752804
1489,0.07494222278010616,0.07382030001555029,0.0004737580700031006,0.5437693917912375,2,0,0.3615624437732609,0.04927846201125852
1490,0.07173494754668876,0.0,0.0002558737306819651,0.3862347127109018,1,0,0.13388396269890435,0.048848480518089495
1491,0.23505880490869127,0.2659542720643968,0.0009849896057056633,0.6583888814643762,5,1,0.3937391801857558,0.051399222463473636
1492,0.1739990918098513,0.1690625245848554,0.0007585857655961764,0.9222033968821288,2,0,0.34088565163990336,0.05155958320847116
1493,0.13640937010955465,0.1518987142308008,0.0007279315809690726,0.45624986464274336,2,1,0.3733097900720799,0.0519833714322604
1494,0.22300520721613165,0.19305934150625645,0.000596565378225458,0.6849302306695195,4,0,0.38537413637331247,0.0456735736879831
1495,0.11230737386432597,0.0,0.00020772096184761156,-0.17070840062292825,1,0,0.19982172580620952,0.050785090080487226
1496,0.03630193564861281,0.07033879424825497,0.00043611956758604674,0.5029566222245988,3,0,0.2984190047634304,0.047068038938703344
1497,0.026456113715298896,0.03355855569143796,0.000427342935830888,0.5342200893416672,1,0,0.4272234063189031,0.05136699479862561
1498,0.0,0.007881595065465718,0.0003065369447857635,0.3470691974344922,0,0,0.1812885130516331,0.04642892604745775
1499,0.2215203672755601,0.18430251921205623,0.0005918949911819009,0.7529830471230126,3,0,0.29052360553672185,0.04752095065057129
1500,0.12987389374679423,0.1904806232489934,0.0006285158744781346,0.8307293502143728,3,0,0.3430320291236609,0.04706781259879598
1501,0.0303003260615624,0.051901639981730176,0.00037101734581881723,0.3646867206783606,1,0,0.2195288269529702,0.04520699448489589
1502,0.09993004525301624,0.08582085913420785,0.0005384996027318314,0.23616380076349378,1,0,0.3479005121232093,0.05177406122134041
1503,0.0,0.022801125589042518,0.0003133009716627021,0.6353917215896798,2,0,0.27317053867086644,0.04488585170324141
1504,0.16572908178013396,0.18631431095402165,0.0007956231746219928,0.5538853135006582,4,1,0.28857905024809366,0.05247574206757104
1505,0.2290602270278662,0.23872466043695398,0.0007229932678585583,0.6464184155027881,4,0,0.3251404582312272,0.046103302581951784
1506,0.04681356848728613,0.046946472253359635,0.00039045557865818447,0.46045506323353563,0,0,0.36924786377000957,0.04709935139200376
1507,0.21471968701357114,0.18304338331418796,0.0007009416861207398,0.7288004523082112,5,0,0.45418121416989937,0.052212040988659086
1508,0.293617727554852,0.2872227862852902,0.0008934253684868194,0.6122717043349623,6,3,0.3279260580434151,0.04941079232819957
1509,0.017076684299633757,0.041579765107872466,0.0005096991452165594,0.6022861629195896,2,0,0.2524460769977812,0.053964561181353586
1510,0.1528056265253511,0.09010442412554036,0.0004206487742232239,0.44520159376173707,3,0,0.3235092939560258,0.045093283362321684
1511,0.2062626279736055,0.15354271205497913,0.0007086045402843758,0.7650506915285217,2,0,0.20976833395271546,0.05302339978208704
1512,0.06222859040491541,0.13421948653103472,0.0005155426584461176,0.52702696196084,4,0,0.3492837717417693,0.04504664219014284
1513,0.16751561260240258,0.21904585980676503,0.0008153294884019957,0.6937589636470557,4,0,0.3875708603745125,0.05200972408261087
1514,0.04537913243781308,0.05765616796071008,0.00045987025644878617,0.423744855029029,2,0,0.3482706656259161,0.050842408278409114
1515,0.14296642229605216,0.1529591505892436,0.0005007337079505904,0.6676247869299454,3,0,0.29996347878326424,0.04383575349176622
1516,0.05086348361584207,0.07709149866475291,0.0004422657592306845,0.4069509315240441,1,0,0.3437281373923377,0.04849633273296656
1517,0.08886137800159402,0.14341434901886813,0.000716023217914971,0.2153861577168406,2,0,0.31492597078849804,0.05200788395529606
1518,0.21299960049372882,0.19233767244399563,0.0006682120024117958,0.8504923510493557,4,0,0.4511661610548506,0.04707280562004534
1519,0.12968353763174764,0.16344688365647392,0.0005328680206265718,0.5625245214515828,3,0,0.3033752012593148,0.04390999948217715
1520,0.04828487298040039,0.06710485095520254,0.00046716821569387694,0.21192002449862485,0,0,0.30063285599381706,0.048787135063653835
1521,0.17554396122934526,0.16908374047370234,0.0006301150773888803,0.5899271436997847,2,0,0.3798457233423999,0.04861340587408115
1522,0.12004566563648514,0.15306141664867642,0.0006904278590101897,0.5464791561809056,4,0,0.4415858132142288,0.05291482093320746
1523,0.27513067923627177,0.25940467492366553,0.0010092664059939594,0.8100986865939181,5,0,0.5210298944758079,0.053470880269401624
1524,0.21358629617496672,0.27628707175883604,0.0009054370048692941,0.5393949626190037,5,0,0.3834617863035945,0.0514705171360309
1525,0.08276334157040595,0.11273877446647992,0.0005396706201407116,0.7551161717467213,2,0,0.32172984551795675,0.04792616363963016
1526,0.06834111786011428,0.11658823819705957,0.0006423384196147102,0.6855987189962908,2,1,0.4422189422769886,0.05261811366579649
1527,0.10262941860376779,0.12064450215043696,0.0006474282222661925,0.451638302766779,2,1,0.32689302380036234,0.052013262550471076
1528,0.21714514726790626,0.26682125358743236,0.0008998990762913641,0.6539562521505153,5,1,0.436334742924835,0.050417911992402545
1529,0.24923783949996733,0.2960455629650546,0.0007071695541538127,0.7859023897875086,2,1,0.48403234821181085,0.04156164683012286
1530,0.07741780354844448,0.12741589370216097,0.0005805048938244483,0.6803719860431713,3,0,0.3261543498454404,0.05091773645032792
1531,0.06572156794830704,0.11105365157093129,0.0004573065226837418,0.38782656137211385,2,0,0.3308069556479884,0.04687338213689207
1532,0.0908289144530685,0.12835947315542437,0.0005736192963868601,0.6262603739134467,2,0,0.38759604933280606,0.04704723316659635
1533,0.25693281425559766,0.25969039420682194,0.0008219447115577407,0.6945666566465003,4,1,0.329845497784835,0.048706579733529404
1534,0.2684222414423736,0.26625393077555354,0.0007446657892969782,0.6807716440175355,5,1,0.3858257764435853,0.04790221009957509
1535,0.10329368993875586,0.06690827036594886,0.0003703883992384098,0.19020534660434563,1,0,0.2642070818694094,0.04557768382444898
1536,0.24875201020131468,0.26671104410855717,0.0010134249908775852,0.4273754802148831,6,0,0.24944492072408753,0.05307849091438733
1537,0.0,0.0,0.00020064472457270762,0.13626963291023855,1,0,0.19710277385612027,0.04786196451938485
1538,0.1622386520663733,0.2070695320862924,0.0009136077997086489,0.5401991341632536,3,0,0.3275788049752906,0.05414256014186602
1539,0.07215494930218722,0.06338848223917178,0.0005061305645383488,0.48880875503189347,1,0,0.28328950274306947,0.051969705099873524
1540,0.20343291710831254,0.07774152798565223,0.0004224507802900962,0.028064889422602792,2,0,0.2651679296007688,0.051415928640234115
1541,0.2504754707872416,0.27524575729848105,0.0008397705654947585,0.8347872019963518,4,2,0.44485276518612993,0.04759471557624507
1542,0.03549234634354454,0.06461410514145406,0.0004213073690798093,0.480238954639613,2,0,0.2576448420255337,0.04678043529438747
1543,0.22346533046499426,0.2699067156792649,0.0009866650749953353,0.7506752950919616,5,0,0.5062814322693905,0.049953481061159655
1544,0.14525014383974247,0.1773508008229053,0.0007553083673060191,0.7163498393586605,2,1,0.4050424431121022,0.05000928857123965
1545,0.18378641546432878,0.13787569684655437,0.0005459685240772718,0.7375217490278809,2,0,0.304739760391057,0.04833793944788493
1546,0.19373191817641558,0.14882535425130727,0.0006483134841696727,0.646625314681786,3,0,0.2847335533197463,0.051220920927071256
1547,0.22997596690857838,0.2262242850490935,0.0008156840698716998,0.5551382624310736,4,1,0.3659083737722916,0.04970795903686266
1548,0.11156154751908318,0.07890720988864182,0.0003822588921966642,0.3495566888558792,2,0,0.29222222519016167,0.04479216417092794
1549,0.19443862409474677,0.17477011000860018,0.0007637248433109503,0.8619032789336858,2,0,0.39422165255269054,0.05233345888970269
1550,0.15262590010227606,0.17183064892972139,0.0005313835927320404,0.6459464103850621,2,0,0.3072090317346849,0.04394493183557158
1551,0.09523623678363806,0.06331189903582432,0.00039788828037547777,0.4690161704404412,3,0,0.31269974659780947,0.04707795464694783
1552,0.012960721267582055,0.0,0.00019265110323699204,-0.09140077727215633,0,0,0.2543623130039303,0.044352302353579384
1553,0.12568276220437763,0.1384713378831974,0.00048552852790180695,0.5209516677693603,2,0,0.1494272909422896,0.043573707594829224
1554,0.1740711062310811,0.1815576469227427,0.0007218438229388665,0.5554833310289747,3,0,0.40080490559920445,0.050798217553807735
1555,0.09348686750571891,0.12769000698377048,0.0005443190205545459,0.5506526615825901,2,0,0.31953457250000017,0.047673321879081576
1556,0.30947025637317715,0.24548807574734569,0.0007590410711094687,0.5615804948930408,3,1,0.3254706424216284,0.04933132932291272
1557,0.15096376458886304,0.15100966236103916,0.0005858868788469015,0.5082143029719352,4,0,0.3388562216888534,0.04716816553613823
1558,0.15599201329257262,0.15463856392210948,0.0006543097906796904,0.3592052850431771,2,0,0.3503642458320673,0.0491365610673962
1559,0.06927770719459236,0.07266743435368388,0.00048007561161587253,0.5470997914198741,1,0,0.3871117506848938,0.05088178432072816
1560,0.031873640891095706,0.06473755901630289,0.000490338209379225,0.4068725892896862,2,1,0.2532700665908785,0.05001297699021124
1561,0.243297470343211,0.23211831455662596,0.0007798965780244183,0.7736390172210225,5,0,0.35569851417254356,0.050137397728994164
1562,0.1435074191952685,0.10128295703772519,0.0005140787758355313,0.5331349204527628,2,0,0.35579669661921437,0.05131112042295156
1563,0.16165908662195813,0.14758707264752935,0.0005132069693066381,0.49265245448146205,2,0,0.2278322552107938,0.045050475380503725
1564,0.15560600096013316,0.15888540330493903,0.0005165427403835729,0.6570226593835711,4,0,0.3836824139367687,0.04519432326594735
1565,0.06273075195991192,0.009192025956306676,0.000287440938688602,0.08053871519662303,0,0,0.2526408137953421,0.04638579424879087
1566,0.24398430824038758,0.2732360722984007,0.0009486576823879955,0.7714503587991255,4,1,0.39124607894723434,0.05171267048831649
1567,0.2519780155794466,0.1698140275764135,0.0005523628838389311,0.7898407858189846,1,1,0.5014126754270934,0.047279894694488005
1568,0.2892045764792309,0.25168072387919727,0.0005571178411087353,0.4210659430079198,6,1,0.38852299236070836,0.041603875079242666
1569,0.23567865774528615,0.2558602409396401,0.0007843867907585475,0.6221433687644179,2,1,0.3849044812540328,0.04896981719651451
1570,0.12105552238271947,0.16081109762648185,0.00065587137223412,0.6683142364711938,2,0,0.2997363448182354,0.04970708212961464
1571,0.17905911838844812,0.2546443315492692,0.0010363052694749033,0.7568800355158669,5,1,0.5136252223070177,0.05313271477348041
1572,0.1960738709051804,0.19947172656485618,0.0008630326411680092,0.5845209580557503,3,0,0.40416257553483603,0.05271679723134095
1573,0.09184485853747429,0.12717997997874267,0.0006465149913476474,0.4792610953704691,2,0,0.342868717105618,0.052442689672597194
1574,0.08954597009403006,0.13084481851257465,0.0005208475457084737,0.5709191897808918,4,0,0.41188620180575974,0.04717700641097987
1575,0.1271728807527055,0.0864803690211784,0.0004758360428258418,0.5965898583397096,3,0,0.21974967553579727,0.04963547113847621
1576,0.1744196479546725,0.1962416081616746,0.0006829987939204578,0.6771959690075247,5,0,0.28523035466219004,0.047275724386641044
1577,0.1633453761334884,0.11897245836952226,0.0004398547223670036,0.5186559505966486,2,1,0.2978340124496818,0.04649436537140182
1578,0.16350556034602198,0.1805300399042837,0.0006648314719431149,0.607653051806763,3,0,0.47572686816564547,0.04893824547059694
1579,0.06412423067760369,0.06822357135898205,0.0005028177491066478,0.5497629453427773,1,0,0.35442172082383394,0.05121180576689227
1580,0.06152687354725586,0.10749054757373738,0.0004555078694758714,0.25550518079188134,2,0,0.3629738936149584,0.04501426104770248
1581,0.14669124253015237,0.14813770724781744,0.0006767926451166369,0.7586156648045604,3,0,0.36716760190320313,0.05075650737007055
1582,0.1413079499043067,0.13058642398877854,0.0005028211559943426,0.3941676394261717,2,0,0.15563649244533645,0.04726740119120351
1583,0.07387866977669366,0.0712956425494671,0.00035754988019742273,0.21327821530555696,3,0,0.4031400157021638,0.04427910379194176
1584,0.16383466306736735,0.17121285595151758,0.0006670986807207469,0.5311344093938336,2,0,0.29191908561400576,0.050364559276727394
1585,0.1259484604747803,0.08519922447227583,0.00037629724069709284,0.6884537978231016,3,0,0.22094279900958125,0.045614949248378736
1586,0.09515608046493634,0.08873258288135895,0.0005576458697109008,0.3572850434396428,1,0,0.2937077317539098,0.056577068099925916
1587,0.0839340170050038,0.07869185011767632,0.000423865539868356,0.3458343079489026,1,0,0.2445677761400028,0.04823199193697958
1588,0.1537880009273323,0.0907447500631582,0.0004921099560300137,0.3294383745822014,2,0,0.2780525290468478,0.04943759623781724
1589,0.0038316993122656452,0.0280991319886069,0.0003637174101297533,0.30152432047383887,1,0,0.23662333388586682,0.04804856793378344
1590,0.053687181144553016,0.052745155509549384,0.00038492857543456787,0.42348605917131726,0,0,0.2868220997464132,0.04796736572712429
1591,0.0064395507705425825,0.030672866819954847,0.000355922367552326,0.5536028482722166,0,0,0.2704773784721359,0.04853085792576971
1592,0.2012783188885251,0.15503972631771865,0.000608869989542152,0.6149596899917583,4,0,0.44545631582861817,0.051712989847431716
1593,0.24164904731500847,0.22674461295439746,0.0008252947677830192,0.5898801998364145,2,0,0.4410590892751424,0.05177349333679466
1594,0.10420372696279209,0.10878159340327852,0.0005591190330251394,0.17203051574576736,1,0,0.28659556953659315,0.050307131139539205
1595,0.10070420275091918,0.0851407509343857,0.00046540058125560765,0.34391092220300135,1,0,0.3883170601679037,0.048004695087787104
1596,0.09735264767241705,0.1269256750425205,0.000660091520479836,0.589065378759456,2,0,0.4133940985483712,0.0519209673659638
1597,0.11378787638807099,0.0907316587496217,0.00046153124748805376,0.6048067099773391,3,0,0.43556070079029224,0.047082880966248374
1598,0.06393447738266657,0.10517127728829816,0.0006202910560426237,0.46051878310316213,2,0,0.3153666181236164,0.05197192775055055
1599,0.14953014843707824,0.1279113519369822,0.000569429917988115,0.6511631978370589,0,0,0.3225548212799281,0.0494951331863994
1600,0.01797347034892788,0.0010972257900968797,0.00028510259506118416,0.14443020767949388,2,0,0.2959976926122664,0.048053663526011176
1601,0.0686987222003969,0.10062856883916842,0.0005226184034338924,0.6899015164841013,1,0,0.3166913165387656,0.04787110126704328
1602,0.14364632208881936,0.10151329905627336,0.0006163913730413429,0.5628277933929878,2,0,0.4182022488336727,0.0535232890138573
1603,0.17875405199006447,0.07006730852866849,0.0004504785238438974,0.6477099065804091,3,0,0.40431975257515146,0.05291756806427619
1604,0.036268630680207845,0.06358903598652023,0.00056263097042632,0.005868403551565987,1,1,0.32803791387941256,0.05308021364739903
1605,0.15064245934122203,0.08002296719365029,0.0005097022140805811,0.2810792802731502,3,0,0.41258931903075474,0.05161986072304884
1606,0.137270196219104,0.14856328702594757,0.000621611222869661,0.7316661673138722,3,0,0.44648044840060347,0.050634197970427765
1607,0.08876430610788684,0.09349050627542277,0.000444303916711824,0.533057501951693,2,0,0.3615213934045161,0.04761856246455456
1608,0.23517110156547955,0.09853879014525421,0.00037012408836437755,0.5630492773028948,2,0,0.28813739917975895,0.044413715256045046
1609,0.19820595672131666,0.19530108027649118,0.000709043287374269,0.7591006430078058,3,1,0.39582793675759964,0.04979237488761094
1610,0.339993937482699,0.3245126209705898,0.0009328413386844425,0.7710782938492423,4,0,0.4511896579670047,0.04757167027518691
1611,0.22446210653164358,0.22986914590696836,0.0009174441192784343,0.5931074493372354,3,0,0.4003301698219662,0.0521744889697986
1612,0.12423257711031849,0.16066476306257063,0.0007411745287623183,0.6410250871168967,1,0,0.36311880088418697,0.05269603164134144
1613,0.1212536201841741,0.1650586242859237,0.00070976549435315,0.6291247099895744,2,0,0.3074391508275493,0.05055026047284323
1614,0.209031519995131,0.238593565466066,0.000825894088880337,0.6921655717130504,5,0,0.319573763020702,0.05100435566939905
1615,0.23549903476574124,0.22649739673720592,0.0008722541454075895,0.6962250494130434,3,1,0.4971284574717896,0.05212976018420353
1616,0.3697846982125235,0.4331216292144838,0.001444256732572854,0.8654544896523368,6,3,0.5341144102346979,0.051846403038714406
1617,0.14298517553245527,0.21032930332411442,0.0008058225476643167,0.530920750747609,5,0,0.33086927187529036,0.052084689211542745
1618,0.043523393027337695,0.0,0.000218717449027604,0.2596423969845006,0,0,0.3527793068501891,0.045226920979195756
1619,0.1725424252965181,0.11431907804626318,0.000439543353071579,0.35811281922373367,3,0,0.25325622544173704,0.046139621488388044
1620,0.15696891093126097,0.15754244140788232,0.0006011131774339188,0.5894237100429869,3,0,0.20894478734152663,0.047116531202776694
1621,0.088867228573751,0.12743557576890607,0.0006705368757281603,0.8386639257050077,2,0,0.39222949231207815,0.05114260978269387
1622,0.06436559632593561,0.09781198735751392,0.0005887840515583422,0.4894526309800591,1,0,0.24126146235138687,0.05310000525875971
1623,0.05346205494996469,0.06403699403726643,0.00032750958125393065,0.4716441763446009,2,0,0.24400527230552585,0.04312677841334894
1624,0.1304185271503812,0.08245974822928061,0.0004971412015008076,0.5033961502423557,2,1,0.31934644717053584,0.05051396622733251
1625,0.16956433088168088,0.2079291613060642,0.0006144903039371084,0.6277346714082521,3,0,0.32163383655322586,0.04535702292768021
1626,0.10647555441089247,0.08137762551842818,0.0005180517768859031,0.3929678462323281,1,0,0.29222545109223685,0.05158442000010936
1627,0.0565882387945732,0.08253766432937354,0.000382690399692657,0.6026478322807747,2,0,0.16487813305166282,0.04483654676833497
1628,0.1347323431188811,0.10539730191271988,0.00046419796122616113,0.4303600039918719,2,0,0.27849616301876234,0.048454151856957256
1629,0.28555817919205556,0.2733423194939684,0.0008025798148112533,0.6186373738895288,5,0,0.37934705685463616,0.04910614008097529
1630,0.3300231361383391,0.2942014090036085,0.000853793801141591,0.6720698745699917,8,1,0.4435071146408346,0.04854210386988581
1631,0.2030654611640438,0.19860743535528844,0.0006620374804773667,0.7022305493334954,4,0,0.4631545173349904,0.046425129399061425
1632,0.0,0.011560005595739182,0.00033224629919293303,0.6003991923400193,1,0,0.3269100561478819,0.049149872906377914
1633,0.11937836408057446,0.06036000730633888,0.0004218502618696142,0.7316183542754228,1,0,0.3588419493850608,0.05039457670838086
1634,0.1839134826133208,0.19150962504878025,0.0006731833508522782,0.6744862254905801,4,1,0.44055004850424295,0.04664891310743084
1635,0.2146226837729767,0.26472552843986397,0.0009275930315795595,0.7508171482784538,4,0,0.4453659842413561,0.05133267524693262
1636,0.15052209094046862,0.14955951895215486,0.00058766270479175,0.41791588233846116,2,0,0.30350889154915933,0.04673375715959529
1637,0.09914742072380918,0.07339460376511665,0.00039542463276741113,0.4530141905864233,1,0,0.2683584014485175,0.047433224352656664
1638,0.1278941090629887,0.17225179230491966,0.0007712282580859629,0.6317381830251328,3,0,0.31762176177780727,0.0511648011073218
1639,0.1536229523737537,0.2098885060455974,0.0008666609553798032,0.5322303254792882,3,0,0.45932907091238745,0.051809713728526996
1640,0.06951566874076756,0.07591132108627202,0.0004634230511883146,0.40350382462103296,1,0,0.31776965806904056,0.05002672883993977
1641,0.08039620122688218,0.09684222215545867,0.0005225079649138397,0.10617075502245818,2,0,0.36883629190618056,0.04913154160297924
1642,0.11257002108981916,0.0830213738163553,0.0004589091264820351,0.40115969091394515,2,0,0.37422889687069677,0.04862629594327076
1643,0.18420742187746905,0.2159522888832264,0.000787470862611662,0.6609267322689921,4,0,0.2873020225019955,0.04842154589005543
1644,0.171310114731264,0.15279316221186,0.00048000395967246444,0.4302510355147484,3,0,0.32337600728830257,0.04493638028398414
1645,0.0,0.03699623920976601,0.0003955340756763577,0.4156420169902576,2,0,0.28364603522416676,0.048323367512554664
1646,0.1354515640504252,0.14157240930719503,0.0006615545157735457,0.33088882686854265,4,0,0.41201728580401104,0.050844996764277284
1647,0.12635173780335257,0.09447170207287714,0.0005481557757453653,0.6416829252081468,3,1,0.48891212316737503,0.05168274825593456
1648,0.11180325277769765,0.14625204822889837,0.0005169541937948522,0.3599405346575471,3,0,0.21998793272513478,0.044369735140751224
1649,0.07855288950610818,0.11408151937456402,0.0006209933999460198,0.47441017886767123,2,1,0.2784877266596231,0.051334050547722526
1650,0.16730215610952137,0.1966556961843661,0.0005794648230173456,0.7877870696504387,3,0,0.36020437870332733,0.044097253048095385
1651,0.35991119597299454,0.3007510732509897,0.001006522988509684,0.5400624318605477,8,0,0.5063259751320484,0.05273962163725267
1652,0.10154089653249895,0.10369639133154986,0.00041514620837059375,0.620582332594547,3,0,0.36526708872394276,0.04572647184065994
1653,0.3074774147380416,0.3145373199312272,0.0009841194693777408,0.7633313625926242,4,0,0.4623718774924577,0.04943544547885604
1654,0.20168670058628907,0.18498786938869796,0.0005086705612341814,0.6576658313079304,5,0,0.2634701000589556,0.04317111662780846
1655,0.13158100072460335,0.18677673822784094,0.0007741295581044519,0.5672860540557275,1,0,0.3909541237882552,0.05212219898967271
1656,0.19636035253662432,0.06857924261935823,0.0004010623615838945,0.4360115859890701,1,0,0.3282607003120412,0.04906760854566389
1657,0.1636661673125692,0.13956399277941342,0.0005512837898520469,0.61844029181449,4,2,0.30282054011670206,0.04923432001991271
1658,0.06856575593586912,0.10045893125518197,0.0004694399524278246,0.30235505568169835,2,1,0.4016002505649597,0.04802810655646389
1659,0.19227280511000716,0.16405600749473762,0.000664375448175759,0.7431767033872688,3,1,0.37451657164385804,0.04974295453376867
1660,0.07387607046158541,0.06571734399552168,0.0004435085684063846,0.3680148875596029,1,0,0.27462500193736356,0.050750864354564294
1661,0.07965203140463045,0.09637890965934356,0.0004968115952309942,0.569281130484234,3,0,0.23667525383665106,0.04852337432854696
1662,0.2056794844689797,0.16935670774852538,0.0006907473466498077,0.8371107848851523,4,0,0.39749741998151256,0.05125942033296834
1663,0.28852576750075093,0.30015621731121933,0.0010284931916636458,0.644240083277077,3,0,0.5260269044466273,0.052872170525013085
1664,0.18769598304787996,0.23547402288394845,0.0008884028556285481,0.6983021686794885,2,1,0.397827492814072,0.05175916875207011
1665,0.1957015748334547,0.18562384324135348,0.0005842526739967798,0.8446162605308825,4,1,0.46020045285682565,0.04650594942357242
1666,0.09534953311365058,0.13387020431400865,0.0004913027143569063,0.49562444699269914,4,0,0.3014971711260567,0.04619237943815664
1667,0.1840790985046484,0.2015115401501422,0.0008265178493128006,0.7877744074443502,3,1,0.4071760899593133,0.05092270950724509
1668,0.15105310693313168,0.16991407281895762,0.0007857888824667935,0.5468498597097161,2,1,0.3205609600391797,0.053329269405868296
1669,0.19751279783871234,0.21066642367388658,0.0010035312501944732,0.527448584285197,3,1,0.4130622236857446,0.05622371640317177
1670,0.12766591235186764,0.11895640178606937,0.0005244410972921852,0.3657010079726621,2,0,0.2709306764053168,0.04743753526875919
1671,0.1544826202605736,0.18247659170923858,0.0005333793485366356,0.10552501405380271,2,0,0.18064431424805594,0.043691550059048206
1672,0.18472171735761936,0.08915665466454377,0.00046822954304355605,0.5188108594339502,4,0,0.3303166642668059,0.04988699479929891
1673,0.13125298687434933,0.13220332171108398,0.0005860478240203757,0.3696803474838852,1,0,0.3424948782026361,0.04932525462731288
1674,0.24380080875193288,0.2597466973557202,0.00099049112095156,0.6561444784410523,3,1,0.44653462910309516,0.05192573987392755
1675,0.11904768467813166,0.1516369173823213,0.0006468392961362389,0.7832167942293333,3,1,0.37734342896498124,0.04884718788875715
1676,0.3646379570939093,0.40975403877812044,0.0016599056322698991,0.8544799792921114,6,1,0.5728274938908603,0.056712296130954964
1677,0.1124206472348966,0.050273891937601144,0.00035371309199534566,0.4594625669748933,1,0,0.2815921949066765,0.04704443329093936
1678,0.18578614570416738,0.18933006662556254,0.0008539919582542751,0.7312123997842471,2,0,0.44214793939248437,0.05582083369654215
1679,0.0653603753846977,0.07959260716639655,0.000540731135471373,0.23296865047120202,3,0,0.38224375368413893,0.05161037363861003
1680,0.33472271095195943,0.31054825394209173,0.0010375262492413535,0.8232773145417664,6,0,0.609434547921058,0.05251941408573554
1681,0.1346985426894523,0.04557185211404061,0.00038725366905084283,0.24182084834292816,1,0,0.2896586336625023,0.05143288394588671
1682,0.25180802046696954,0.27500878507404153,0.0008051997022439219,0.7824623893931781,4,0,0.47804368841745165,0.048241241639857366
1683,0.18168321198256113,0.11698287818336352,0.000613361892284445,0.2722065245214343,2,1,0.4055503573473967,0.05204467896631166
1684,0.05951949454092629,0.03222798741569296,0.0003559541472756199,0.5356863857439959,1,0,0.3949380935915178,0.04720667400952953
1685,0.045293966373691645,0.04975764804287494,0.00048574203944861863,0.6824127622964206,3,1,0.4088230664376498,0.052071112381541156
1686,0.17749747183936065,0.11849150742624907,0.0006405146333645856,0.4045628994513003,3,0,0.3993969018818537,0.05356211834476718
1687,0.1554724832911263,0.14423742889210459,0.0006335115497471473,0.5343933878740538,3,1,0.339605235281299,0.051031271029287915
1688,0.09154051213298202,0.08635489719213314,0.0004633615728677312,0.3699012618714092,1,0,0.3266921972956744,0.048225058360145595
1689,0.18647463941896447,0.18258923614725858,0.0006345981212442743,0.603629310225912,5,1,0.41240158873066707,0.04754582868487152
1690,0.09095439592897443,0.07102685159646777,0.00039832210161157327,0.16964114917640566,2,1,0.22527826896538036,0.0452448340360745
1691,0.11897460813794078,0.09176594133734843,0.0003746390532926982,0.6093245294744801,3,0,0.3220647327536551,0.04376344848989381
1692,0.06970744367260928,0.11437521319576614,0.00043533630698053526,0.6447111851172064,4,0,0.2253444831429397,0.04340411128911295
1693,0.01993331743340043,0.035602260948522306,0.00039675426748155213,0.2614830227507957,0,0,0.2327070429488921,0.04998325024084289
1694,0.04316060885404354,0.023171113453965997,0.0003166410748424588,0.06413363497721972,1,0,0.27155457069772243,0.04562616542415873
1695,0.22119200280687323,0.0766731755976958,0.00043901172090181383,0.702203232883773,3,0,0.2941320169131095,0.051723195596103326
1696,0.11785883906328776,0.149807317482909,0.0007581697951634048,0.22107098803210787,3,1,0.48529151807901516,0.052856388934662706
1697,0.17857632949147612,0.1796323037354267,0.000743491758083625,0.7841291169213633,3,1,0.46558911504538575,0.05198124112448195
1698,0.21132180298139386,0.2547186669012781,0.0008456332281119683,0.2607719258350221,6,0,0.43178659716141937,0.04921610106912995
1699,0.23862003541935708,0.2470282966474273,0.0008449923667250895,0.8012786290412738,3,0,0.4671949112662971,0.05095351756424621
1700,0.1243629597311061,0.11815205429141241,0.0005343865199072521,0.6250718086046209,3,0,0.3497602583948443,0.04801591646257614
1701,0.09469832007285187,0.09106700881780544,0.0005280955608664343,0.6822515918985175,1,0,0.41813589789898375,0.05040617769871353
1702,0.08194529140209796,0.11755434115124476,0.0006727787581104622,0.6268350752731665,2,0,0.35081652246787737,0.054238718736330876
1703,0.17353042483535924,0.18229457088951218,0.0004919320464365863,0.5448680186827709,5,1,0.3161006662772139,0.04257938923183354
1704,0.07912947554596379,0.04811754508370695,0.0004020486688385717,0.271536957943379,1,0,0.2891509971869163,0.04868048680716624
1705,0.17918103088223036,0.07719148325418593,0.0004005337931354773,0.418533636701787,1,0,0.27190986800076516,0.047896557584098894
1706,0.11522918409992744,0.11335536191131323,0.0004618447395748713,0.30850532325157104,3,0,0.3257407891879862,0.04518184003113736
1707,0.1976560689100509,0.17924106188792896,0.0007772359592625415,0.7389284961313943,4,1,0.4691312614106044,0.05357450228646107
1708,0.24306018201681978,0.19181543111515456,0.0008065741653181111,0.6733353231085473,4,1,0.34710715611248133,0.05475624832399124
1709,0.07998829506182545,0.06718862239267857,0.0003927813961209272,0.5683329911785134,2,0,0.19466189052522037,0.04571135880223499
1710,0.0938253263211667,0.07402713325047669,0.0005163081509626975,0.6768443570637305,2,0,0.25240155973075745,0.051328989508112995
1711,0.10032740711678415,0.05694082788277473,0.00043042055547917236,0.43809069693977093,2,0,0.36833134747548996,0.05030828478146003
1712,0.17583143818496585,0.1901377659030165,0.0007288865494248955,0.6354985536231863,3,1,0.3875929423535458,0.051454729148228254
1713,0.2874770951778442,0.20948419056270565,0.0007067417720111378,0.8519671649692027,3,1,0.4420532065397846,0.04983406417400255
1714,0.18702921868933106,0.15952287077116187,0.0007460469076625074,0.5620221707590558,2,0,0.35650453104611224,0.05240986866556809
1715,0.06631771081819716,0.06102879858052774,0.0003328027860268776,0.4200684821155153,3,0,0.192449113444022,0.043255052007879984
1716,0.23268769932973432,0.2224443114727205,0.0008601007284019375,0.8247469196167415,3,1,0.45747999628750563,0.051976272861680564
1717,0.1872946272949771,0.18674396147923486,0.0006674079152160237,0.6167981705216197,2,0,0.3807611823853545,0.049210389203174526
1718,0.14982770288803307,0.08472114709589086,0.00038888067971814015,0.29479500538448444,3,0,0.18314597886765602,0.04620173906646762
1719,0.1383509344567249,0.11780974375334122,0.0005691252582976116,0.6812680416705087,3,0,0.37728330963931234,0.05074876245396375
1720,0.16713031178535376,0.18974412671760177,0.0006125363284497093,0.7046200723167925,4,0,0.3615532079432357,0.04573320447456693
1721,0.2970372369547905,0.2632333624870857,0.0009947349517598811,0.7041161460873473,5,1,0.4480816763627129,0.053730931158414805
1722,0.05083646341324041,0.0,0.0002471305734029917,0.19070830660121627,0,0,0.31864846213184345,0.04726027451423687
1723,0.10623586750651269,0.09658122511000446,0.000525893432085414,0.706067581305386,2,0,0.28606829790932736,0.05031096342043496
1724,0.09920268933951143,0.08262317490032135,0.000481335921161023,0.3984710633868742,1,0,0.2813682008091382,0.048831593317053175
1725,0.25327680789243706,0.22535762079957275,0.0008880234219753845,0.6613138587179335,3,0,0.5090720075190807,0.05418716308469482
1726,0.05480671273456079,0.1178242584412797,0.0006020481373389804,0.5557713296962534,4,0,0.35569743273404203,0.04999467786211584
1727,0.038972328711163885,0.05449236869065082,0.0004707807846143932,0.04397498303401601,0,0,0.2621244970188547,0.05130921136123817
1728,0.15439119895348782,0.08130112944866197,0.000549747500749933,0.4736895250528095,2,0,0.4352530805146689,0.05460132891146331
1729,0.015540032751745996,0.04322030560338564,0.00039917557882546015,0.5194392715416652,2,0,0.2865357581585396,0.048056272244482875
1730,0.15047509195321007,0.18450573341695414,0.000594363634711342,0.5472716994621679,3,0,0.3449461666371249,0.04545428154081278
1731,0.21667449018823076,0.2490656206603542,0.0008616020181519177,0.5326138797911588,3,0,0.3134932127766428,0.0508856620456348
1732,0.06259518090618903,0.11058118952433124,0.0005811885255243431,0.6768815306684083,3,0,0.3452468773964694,0.05004161400264956
1733,0.14452910700625146,0.0,0.00023539913104674124,0.3516706696932335,2,0,0.38456011937877327,0.04644718924859597
1734,0.07202093615800532,0.0901718941108123,0.00046224144632952646,0.668439652920682,3,1,0.3365320784233278,0.048904078210622155
1735,0.27302274697340445,0.31218309408904843,0.001049543027260171,0.6785127067766296,5,1,0.44805234963816293,0.050393857920038566
1736,0.15000627566620234,0.21047213843582344,0.0007505299242273905,0.5959730388314723,2,1,0.41705394453661343,0.05030305885314259
1737,0.06580176291011719,0.08592078176952297,0.0005495789881013735,0.4042853614148316,2,0,0.24232214307361646,0.05399313813456075
1738,0.3208345517916541,0.35955905219948575,0.0010369355275731851,0.6575095247929236,8,1,0.45502697703679884,0.04940677005197171
1739,0.17278429901216094,0.12239689206605545,0.00045485812068533704,0.5757801704291757,3,1,0.3244667414445782,0.0469755238123717
1740,0.14266665346944946,0.15325345298250903,0.0005707090610709391,0.4659275619446033,3,0,0.42126615120713146,0.04794443056699877
1741,0.11114932920714614,0.16871471815274136,0.0008537723716536433,0.47211865853322676,1,0,0.2935799321155699,0.05360679707235029
1742,0.2590511598920914,0.2895509196961577,0.0006976468880121375,0.6354684780327428,4,0,0.400587873411397,0.043311830397345194
1743,0.14070003537599585,0.1596759231485422,0.0006386484108578299,0.756670552105507,2,0,0.5074788090235438,0.04818378750471032
1744,0.13387428577348667,0.17975794740851833,0.0005938187282595257,0.7321467461458737,3,0,0.4007747091691354,0.04640404206309312
1745,0.17667667272341536,0.18967085547704035,0.0006919604588926129,0.7711985672887474,5,0,0.3713949712788296,0.04846623648325324
1746,0.07667321863309376,0.07663128098139481,0.0004822188996969692,0.6138318608075897,1,0,0.42191139139882344,0.04922469349709499
1747,0.13342951911082818,0.13696303454393274,0.0003932257546057785,0.5062934550982483,2,0,0.3610408040910663,0.04079818361540007
1748,0.10607752563608218,0.08996859828507954,0.00038654804480152985,0.4718240393431145,3,0,0.40998888340565887,0.04613816026462873
1749,0.22495265192303063,0.07313047649139189,0.00043791465899125606,0.699153230187938,1,0,0.43756155397170493,0.05227481762797273
1750,0.13520571996919867,0.0589504526359581,0.0003868697105773414,0.41168976614884034,1,0,0.3361531366826186,0.04708660108674712
1751,0.059747464701206496,0.0034773457106636154,0.0003486032293382811,0.0778968633602552,0,0,0.34147509942865223,0.05177259927411965
1752,0.18456373916130295,0.12931439133716052,0.0006260819856195486,0.6658450631207722,4,0,0.3429224229614685,0.051763701871490965
1753,0.20459752399602446,0.17940286125227833,0.0008095352218698875,0.2198819072014035,4,1,0.4168557795920743,0.05487753654456376
1754,0.050114383281090726,0.06360764534332226,0.00042924970691727703,0.3726958641697949,0,0,0.2609353395518356,0.048973132744508006
1755,0.16381194442014255,0.21073835599596924,0.0008641954355233692,0.7241335919086231,3,1,0.32382569108381554,0.05218536780408818
1756,0.2268178344872981,0.24009233287120074,0.0009521601664916278,0.602568660769244,4,0,0.31094910053786484,0.05267571178241643
1757,0.10857537739651402,0.033174643039121425,0.0003769085145935516,0.7073375141627339,2,0,0.3879556703289992,0.04909267178696346
1758,0.09702640777349439,0.06332591669346894,0.0004722882396051122,0.6102659290562247,2,0,0.36351145755913805,0.053305666146071955
1759,0.12309325295483986,0.14310062615408872,0.0007020022974282905,0.6680593988281841,2,1,0.43229899503917774,0.05204283785010012
1760,0.0,0.024164204527886937,0.00033860121215385997,0.6183983174802308,2,0,0.16331058427634043,0.04651738939384083
1761,0.18000860629125387,0.1922556465342896,0.0008223692444192511,0.42637687802961866,4,0,0.4088115367216714,0.052509326281521024
1762,0.09627584826185169,0.0986957231340554,0.000653050724828797,0.6458370191350659,3,0,0.5151372198318189,0.056891860676846304
1763,0.16627554588257792,0.12880257982607812,0.0006215579309756406,0.4786452216349665,3,0,0.38018440220990024,0.05120445754951816
1764,0.203244694313161,0.2275529289969582,0.0007323085099730409,0.6574354873579039,3,0,0.4069413771886298,0.04774281789814378
1765,0.1672718299715086,0.1722322322624471,0.0006156462451186689,0.586252168825772,3,0,0.328074872007684,0.046783894991446175
1766,0.2609483718239714,0.23279504244254692,0.0007225046379095958,0.6508207098122947,4,0,0.4003736530946667,0.04775307153374802
1767,0.20665091583801004,0.26759440217705033,0.0008923330368626771,0.6586472402508813,5,0,0.33878700186553756,0.04976697984891083
1768,0.06620141708561486,0.09557098789609665,0.0006071651993126356,0.6009598448266539,1,0,0.36036391907654025,0.05232742392459784
1769,0.13335398208534174,0.1076820886564207,0.0005281319143463039,0.6983810135756118,2,0,0.40031157856338845,0.05091357285944201
1770,0.2008727797545797,0.10170883075776663,0.00046862183050546953,0.43765739873727344,2,0,0.40949795332508776,0.05033138579972113
1771,0.09930349028842358,0.14748778252745337,0.000748168551291223,0.8032717967288452,3,0,0.4600712568969905,0.052580275041035594
1772,0.13882370526799998,0.14389877162476342,0.0006547610735864309,0.4174733709328299,1,0,0.37009819845527137,0.05011857037412947
1773,0.22646016100560037,0.17469906570635138,0.0006516110135813636,0.7319054715295977,1,1,0.4481293915425989,0.05090901433619593
1774,0.15740155227710761,0.15868796087202783,0.0006002485412450347,0.33475858494889854,2,0,0.337425087523184,0.046737105920327524
1775,0.148513719080871,0.14670139224606482,0.0006121752963995226,0.6252631124587904,3,0,0.49363286039933774,0.050195505911942356
1776,0.18441331102085906,0.19178697307052497,0.0006418908333801843,0.8819460765790191,3,0,0.36178730908488926,0.04607987291541485
1777,0.09348210581409172,0.09302619353462936,0.0004417611193418794,0.573186890432386,3,0,0.3410758070554157,0.047249571594731046
1778,0.11928778518580839,0.09904694127150461,0.0005621134820950768,0.5086713374068658,1,0,0.25955522855280333,0.05016152403399983
1779,0.1152571005383522,0.0743871280947857,0.0004139485226474894,0.3068967204274542,2,0,0.3298510972629092,0.04779310872931211
1780,0.07420392411369278,0.06921456608858123,0.0004994798446181902,0.5949261145010174,2,0,0.42005682250068815,0.051336663963297516
1781,0.22778130865701274,0.24405940022038528,0.0009145909530880158,0.6620509519474331,5,0,0.4034841497825545,0.05143730174257394
1782,0.10816545888414243,0.09006989308482066,0.0004634784189363097,0.48462394194154135,1,0,0.42474620862264045,0.047984400701373595
1783,0.23054178062599986,0.214785940381798,0.0007942019603511483,0.7493756699517493,5,0,0.4687656135643236,0.050568999302703276
1784,0.1002294853508707,0.08998188449819096,0.00047236655802528727,0.40864975273990384,1,0,0.1337630240341045,0.04699835351444605
1785,0.15165215727276168,0.024130369072265803,0.00028195106054206665,0.3753031576022506,1,0,0.39886901780654416,0.04779216149008857
1786,0.0943017468663628,0.12828469683917956,0.0005436635923995529,0.3170507566713231,4,0,0.2554909960160045,0.049016893199879445
1787,0.07594878081111689,0.05027581908789803,0.0003208394684233705,0.4807174464325736,1,0,0.3323947272953248,0.04578575046351825
1788,0.224712264434137,0.22406168585858902,0.0007781753657558612,0.5913547064418909,5,1,0.5153105036785911,0.05038497241930123
1789,0.08015936889967332,0.12705027324774368,0.0006471786730151978,0.48494893118386856,2,0,0.42204164256215226,0.05030700499093334
1790,0.0,0.002574035536821061,0.0003002635226038604,0.14375216634718363,0,0,0.23875691795837758,0.04649371046844511
1791,0.253238376689347,0.21757013307003298,0.000743802026523772,0.32310090280465054,5,2,0.4240477586070449,0.0496596814540329
1792,0.020864779108756407,0.05563459886320113,0.00046806833503005646,0.4095538473225375,0,0,0.2076229180595843,0.05070765439762879
1793,0.0,0.023363230571038274,0.0003341750618499763,0.33736311949705244,1,0,0.24464520693012246,0.04691500399792584
1794,0.02153957076993704,0.004259631450738799,0.00028162776200654305,0.40160258583436476,1,0,0.2860697527252559,0.04507538231796358
1795,0.18190564762502726,0.13612334478702443,0.0006245398685294651,0.7115066831578539,3,1,0.37666433421810175,0.051131413705903614
1796,0.11633885681891927,0.10174289400700504,0.00047592678513687164,0.6677941448182013,1,0,0.2603240447656048,0.04721114329882182
1797,0.0492037952562041,0.050869889274291,0.00029607277760788827,0.3893551397326781,3,0,0.2880213049366269,0.04207077610717031
1798,0.0817741525602923,0.013942405483066132,0.0003133614206143919,0.2635978631245024,0,0,0.3174069609150363,0.047279588156487126
1799,0.2072879624342335,0.15491572000252807,0.0006062309367993922,0.6259263503002379,4,0,0.3291032093450645,0.05096282478601994
1800,0.053359162624410594,0.06716750658633316,0.0004776578241388345,0.28123509820112563,0,0,0.29178722461239737,0.05054754509825772
1801,0.09967821512959987,0.09876194175633857,0.0005439480936775987,0.8195505270106708,3,0,0.4259802295899677,0.050110079272497485
1802,0.2626827725677554,0.26582338417288853,0.0008870975714697395,0.8402540413734355,6,1,0.4809918483909807,0.05076060147273466
1803,0.12583636609228901,0.1387993186556433,0.0006979949861964638,0.6750567490563875,3,0,0.45518662603582505,0.05208875728398718
1804,0.12747108760907452,0.08684226123049615,0.0005430966305477325,0.4806788549036484,1,0,0.3910015999433376,0.0511313563152865
1805,0.25620826461896445,0.17094818322856328,0.000677746951521665,0.6026981133371876,2,0,0.4325437862862863,0.05162036285602914
1806,0.062436681434155844,0.11508837839831725,0.0005509758966334902,0.687130936917356,1,0,0.4033268117547477,0.049080413569893996
1807,0.04825676979445195,0.0,0.0002458225472189965,-0.043514130535498095,0,0,0.18697885023173283,0.04644357941907716
1808,0.2453236404869816,0.3267025350266103,0.0010114831834008313,0.8771242122746291,5,2,0.5172430064606938,0.049293661387635836
1809,0.13302139437485616,0.111726642726282,0.0005660416907368744,0.49559349218846555,1,0,0.31905741612538324,0.05104405841565712
1810,0.15220153770131545,0.19343921688109258,0.0006299635655043477,0.5800324834917627,4,0,0.29250075178307466,0.046222187482580564
1811,0.1949156709995484,0.1739520132052674,0.0006504390363226687,0.6393262049173036,4,0,0.39889742451945,0.050000117502520085
1812,0.22818014709791684,0.21346030247284972,0.0007929379510172441,0.8920281487121782,4,0,0.47772898664427543,0.05288867135904982
1813,0.25250066727111514,0.22270480003921808,0.000761160126830436,0.5976128441195746,6,0,0.29744482441598685,0.04943585485863109
1814,0.1347222830761364,0.15155910173181716,0.0006462895506900914,0.6760141775332534,3,1,0.38261977239017314,0.04917607493674741
1815,0.21606501081725535,0.23246235379111052,0.0007666250841274751,0.6024412897711118,4,1,0.4216467721391461,0.04785601544513545
1816,0.16700587374862552,0.13474846843300006,0.0006330619839484522,0.7231352042550189,5,1,0.5128200552543332,0.05142672272333847
1817,0.20283362175543088,0.2079226597257811,0.0009462586599604514,0.7541772168165679,3,2,0.3303240491923812,0.05592661827007281
1818,0.23994136740168306,0.16797768039285063,0.00049961093447616,0.4428198901197367,2,0,0.3684213048811812,0.045668031598657156
1819,0.22896084752621867,0.23999027331518388,0.0007003568898901118,0.4974834036901221,5,0,0.39964513732429635,0.045980681898570235
1820,0.11476040026517888,0.08599291570906582,0.0003798137900449232,0.5611069115889846,2,1,0.31731123327507554,0.043331853016605075
1821,0.09948662605152948,0.08018007763262498,0.0003825911270833363,0.4985483042850054,3,0,0.28295535134812444,0.04446327918494457
1822,0.23297646302270267,0.2520342756630322,0.0011929461515689246,0.8186220872794949,5,1,0.534080699533989,0.060019155309639464
1823,0.2659184676228323,0.25044025673648584,0.0008707359689456419,0.6756718827065488,5,2,0.4768106264042373,0.05144087000705513
1824,0.12728133374510975,0.11623718519830187,0.0005964310670434942,0.6624026325237213,1,1,0.456261709233905,0.05100183042613252
1825,0.14546710897050472,0.1448346032040127,0.0005351747418248639,0.5066319726379526,2,0,0.35597109561294826,0.045870883924213006
1826,0.062125835894951825,0.03979034811354376,0.0003985884605279588,0.441729488262791,1,0,0.2054916569557072,0.04988202795686123
1827,0.0008058918442199868,0.0,0.00037304881624306593,0.7129849290955003,1,0,0.42799054666304154,0.05228896885980174
1828,0.06295961611920466,0.05131595162245534,0.0004044365188775044,0.3246420755983556,2,1,0.26823509534296774,0.049168082799969606
1829,0.13700929110755497,0.14514587668187298,0.0006435190886385883,0.6480436433545803,4,0,0.38984437544576844,0.049155911447846146
1830,0.09613190462277285,0.09838745049036912,0.0005417365069839682,0.5444851421177771,3,0,0.3605971299979253,0.050313384047710484
1831,0.145690432227466,0.17835812729188044,0.0008415214288331153,0.49708233971866134,4,1,0.43497015544964024,0.053489596199858935
1832,0.14004213599542872,0.13242576092840963,0.0006667959026719918,0.6132654308877578,3,0,0.2967215233562798,0.052862865452242516
1833,0.11139255381401368,0.08249058293179723,0.00046344777191518707,0.6206956370500347,2,1,0.3308661513190244,0.04810190085169472
1834,0.23385115249124136,0.2197264111871684,0.0009524936972981035,0.6165627284278896,5,0,0.4774532304581524,0.05564153690204594
1835,0.18505214283205654,0.18096522096572462,0.0006015581537597556,0.4872766735887153,1,0,0.3457469717799781,0.04666964526273617
1836,0.239875015008105,0.28804449509092406,0.001106199592565217,0.6870816261499278,4,1,0.4833654790595297,0.05351613371767522
1837,0.10249118697598937,0.11565731920510702,0.000504214330009032,0.3838264841505485,2,0,0.2658151259995396,0.047549249172444304
1838,0.1484594402163648,0.13842011226915374,0.0005493162948997613,0.4916620499519888,2,0,0.25998690673474656,0.04777500418144933
1839,0.12570679757461825,0.1614984823710087,0.0007143472217437279,0.5250533081721374,2,1,0.4144240806569804,0.04989758381843606
1840,0.14697041460146854,0.10915033004257782,0.0004621449549329868,0.5518298665721039,1,0,0.34093136684135644,0.04630011933901133
1841,0.0759178278188377,0.09084709324490124,0.0006047312680886582,0.40728318215423887,4,0,0.29452227342628323,0.05290472279906465
1842,0.27478377189192427,0.21715098156992457,0.0006657551197044127,0.7439049602586058,5,1,0.46968981272044896,0.04746494729393143
1843,0.22184907825154912,0.21678678575258997,0.0006761122162861551,0.6489658886163794,5,0,0.30441830095617334,0.047046214259643816
1844,0.16541608443863778,0.18197351644323245,0.0008730064229439495,0.7777911862584733,2,0,0.4384483480411173,0.05671896577836578
1845,0.1494251737967512,0.09971524598484978,0.00044600284753865105,0.574259865872018,3,0,0.30986316648052536,0.0494433092293081
1846,0.3212262433727705,0.25396732506732006,0.0008198363294160368,0.5878343045520037,4,0,0.3898758452847946,0.05074834432360252
1847,0.21938631102915368,0.20402223471096315,0.000695468387699235,0.749577602407313,4,1,0.4758717315989275,0.047179429758733446
1848,0.11587925872464769,0.1172188464615302,0.0005281632071428882,0.2891964493100423,3,0,0.2702780054055858,0.047735473401581206
1849,0.14122221379537647,0.1199211408507592,0.0006993760183386798,0.5895615097395317,2,0,0.40786502644172523,0.05401971926974011
1850,0.14184941440953439,0.17071387943126806,0.0007302258954765408,0.5951583217114903,3,0,0.3567072448360219,0.05111545721446526
1851,0.027653248374692112,0.043244986482614794,0.00037887484111651695,0.08392486815049188,2,0,0.15540668016668602,0.04769858518122668
1852,0.08315060314108201,0.06148956086789415,0.0003599344748883922,0.5061378719637732,1,0,0.20594088091499557,0.04485251513233084
1853,0.21483841975157206,0.2632019975710687,0.0008395164662843074,0.6630916856650466,4,1,0.4738422089867075,0.04723460652582653
1854,0.006241444976145394,0.0,0.0002600056450670933,0.2661460087693267,1,0,0.2359331779852244,0.05026857828035891
1855,0.04684183364767568,0.049100160485437805,0.0003412031380846384,0.4732079943303379,1,0,0.380572349512076,0.04386598886963831
1856,0.18867424882937833,0.20738962376620626,0.0006840000288802563,0.5771483342801859,5,0,0.2726084843943461,0.047332511046065326
1857,0.17109745368629284,0.17231927720787932,0.0006450003529157107,0.7466351883548866,5,0,0.4060149181399414,0.04946162772250396
1858,0.0475484544762961,0.055511695173781773,0.00040171930336559396,0.2869607491716412,0,0,0.19514684860217893,0.047632444175476504
1859,0.18763162328428895,0.09837451739875744,0.0004826572309232651,0.43851006158430234,2,0,0.4268766732060172,0.049885875014370966
1860,0.2991234614344965,0.18618185192762954,0.0006720724545754987,0.7900381121126401,4,0,0.4520886358073829,0.052890113180879585
1861,0.02371505319906262,0.0,0.00021594750866634922,0.13763941737117308,2,0,0.24030143147084554,0.04369349737513214
1862,0.02378038609583685,0.030177421193867158,0.0003447543543699741,0.6042010941981848,0,0,0.18639186291457438,0.04619260087929201
1863,0.14396598715300715,0.14731763628465677,0.0005214935474889626,0.553776000141874,4,0,0.26240797541636984,0.04544009960331106
1864,0.1788145587168997,0.1719252981979274,0.0005368527528754332,0.6790391474814118,2,0,0.3062763609599482,0.04501600364496371
1865,0.1840160387514894,0.18365836851391804,0.0006680742858025866,0.5033776747398706,4,0,0.2233316063389386,0.04882375010412179
1866,0.17850522823341974,0.10824151783792921,0.0004636876561773385,0.6209844089868467,3,0,0.36382205250166644,0.047722884589778844
1867,0.169190150544191,0.15658044956219913,0.0008547952701508607,0.5521396314789146,4,0,0.4514913434237727,0.05775877432355039
1868,0.2078195730521646,0.14674227766947134,0.0005215447359943233,0.6934805849750874,3,0,0.43291233548778973,0.04660921103025972
1869,0.19134945222115454,0.14953422669420288,0.0005677251849188216,0.4624773337751993,1,0,0.3457934563901403,0.04888984795260027
1870,0.21522475588804751,0.15759900518759912,0.000658128461535199,0.6450220410988347,3,0,0.3813466047972346,0.0508862414298105
1871,0.27674295330572346,0.273791322067744,0.0009587625382037518,0.7296831343669262,4,1,0.4105403606649729,0.05101704914880705
1872,0.13813058119790547,0.15839756529173532,0.0006305419606929712,0.503437009839803,1,0,0.3874450897761683,0.04885201397554787
1873,0.2291398341340073,0.19240626412110914,0.000959873111074806,0.7857677273817447,6,0,0.3846813223476718,0.05791136798223524
1874,0.12144378556861085,0.12586663215683377,0.000508031555617397,0.5635768974260909,0,0,0.36519611050524825,0.046325640305202025
1875,0.018271102905453578,0.0,0.00024293366288038023,0.5173200809624775,1,0,0.4032140440343844,0.044442552566465385
1876,0.18119216926690043,0.18972685594599106,0.0006782151594113442,0.49301617246112217,3,0,0.269581323395582,0.04757593627879487
1877,0.10518472385108918,0.09431939413262676,0.00046218158957770565,0.5799155059610173,1,0,0.19745954160376308,0.04752871946279632
1878,0.12015277956031685,0.16379908312448857,0.0006481846688645842,0.42958338595103723,3,0,0.25819832502566353,0.05055901134763835
1879,0.29561293989322307,0.2559509270564937,0.0008126040570083184,0.6897406758340956,5,1,0.4377471537057467,0.05015021819093655
1880,0.20100567780385217,0.17381060350559022,0.0007953900034595356,0.29896198905010607,3,0,0.3448018252915113,0.05524806855533139
1881,0.18268784203135255,0.22736592364515398,0.0007174510373899683,0.5842729143814933,3,1,0.36066549988728563,0.0463431143540732
1882,0.26485109240214266,0.21372727592258914,0.0006785040013821016,0.6319094782289845,4,0,0.317261819974244,0.048396135989503535
1883,0.04737722202577022,0.05506201132625549,0.00045208743647230345,0.47915104400003183,2,0,0.3807883706482735,0.05023601616279156
1884,0.0665356744501967,0.08868135233056654,0.0005009804202157013,0.5496553846482017,3,0,0.31776438181903405,0.04993384687588135
1885,0.07882743359965315,0.0909498792035475,0.00036627881879796123,0.4918567613160447,1,0,0.18962964725314627,0.04071673819497699
1886,0.0,0.0,0.00024235137887267268,-0.18612511045359012,2,0,0.3180881836955866,0.047452199532510085
1887,0.2570988505867217,0.15431917542499848,0.0005867940478378668,0.7376215568727436,3,0,0.3765698509012694,0.05061425845482978
1888,0.13282841022091038,0.0794772551222788,0.000411040749013121,0.2113885510109104,2,0,0.24537393678235953,0.04740815178505959
1889,0.1103934329152734,0.09333946598141217,0.0005770489550588515,0.28255599595121655,1,0,0.2166387343809597,0.05313346863073954
1890,0.19959844136624055,0.20797277380116014,0.0007383565909046336,0.5337192965094454,2,0,0.3738132479851228,0.04953628474987075
1891,0.1841236479583123,0.21335323883712162,0.0007445575419941957,0.5601433366051232,4,0,0.42983938113441,0.04734133621313162
1892,0.04196595459504355,0.03497128674963903,0.0004191527226772553,0.6277259907398822,3,0,0.2895643655488232,0.051082419737157464
1893,0.24979556488862278,0.24202831569974093,0.0008069448426643777,0.8504332330441736,4,1,0.4510102615463929,0.05037842939386292
1894,0.06923058600331376,0.1003207239651977,0.0005694260542779231,0.3242757718878016,4,0,0.41229958268184186,0.05225708716522078
1895,0.18862372926963203,0.17661736399499214,0.000601812113411277,0.6627291476104685,3,1,0.42679116625314234,0.0472419234405684
1896,0.01685700612732751,0.02739715096693382,0.0003402039087053,0.5884659440493607,2,0,0.19250457694677636,0.0473915441628989
1897,0.09921544564057738,0.07249268935114721,0.0004337593178975596,0.3740447401001222,1,0,0.32445078904900637,0.04872037227839856
1898,0.07517215812993325,0.014806060530352588,0.00031180830302084996,0.1939459684023701,0,0,0.27964064522379084,0.04737973323912449
1899,0.21580029878483603,0.09841386665535104,0.0004324865899653151,0.5937541166137896,4,0,0.4951084984368137,0.04718086832144291
1900,0.08895109267779648,0.10190931627103988,0.0005228645042036796,0.7010306684190918,3,0,0.34725476297430274,0.0492649825708414
1901,0.16721544727067464,0.2057793773384782,0.0006419061604048083,0.5045984631872906,4,0,0.40739066991857503,0.04726032936471926
1902,0.08560843491652242,0.09364257736701415,0.000520551846042601,0.5545517072654137,1,0,0.3448253077443805,0.050170767531727146
1903,0.15496050260612493,0.21149657537103003,0.0007292472601246346,0.7681400008561095,5,1,0.425608297425965,0.04866380122535327
1904,0.19296141972284686,0.18354164011420943,0.0006523531181494894,0.6591361955758791,4,2,0.291791884710401,0.04926296573960184
1905,0.21655126764072086,0.2521563030009804,0.000765908039140346,0.8377916296421573,3,1,0.3619178569099223,0.04647243649798386
1906,0.07084823292136677,0.08801768770847414,0.000511928408805756,0.24118385037652554,3,0,0.2069908331605896,0.049401144778696886
1907,0.2254956004652678,0.22216324177214844,0.0008103730856845062,0.685760788559166,5,0,0.4158861481640503,0.04889160128573566
1908,0.16346559126043855,0.21304360886500343,0.0007288577474691873,0.7607517986885313,3,1,0.44910949446672255,0.04983512907137941
1909,0.11918862343775012,0.12547538831076516,0.0005791982430115552,0.721155470623679,3,0,0.3037231281764078,0.05041244988296318
1910,0.05297875335203407,0.0893478809451813,0.0004924594838950797,0.4092310498542085,1,0,0.2998749041368,0.04873597834251814
1911,0.0722812309601672,0.016072278282180438,0.00037148291688790844,0.01202239107725713,0,0,0.29175881704290396,0.05128175865586637
1912,0.2046316295106432,0.17429489859187988,0.0005860124167012031,0.5462888273146361,2,0,0.1462174215317496,0.04747614546214116
1913,0.278269002116813,0.29609906139215625,0.0010595240106276078,0.8143992003174805,6,0,0.4338094561907762,0.051217248844139474
1914,0.2828589561380816,0.23999740892523788,0.0007957837516736025,0.5877603084934171,4,0,0.33430037061042794,0.04963165068183363
1915,0.17683854796045992,0.17890091265293315,0.0008075610072271104,0.8002652662714084,3,0,0.43257633509559995,0.05309965846992111
1916,0.0775316069586219,0.0689495098104179,0.00037614528580874243,0.33694973356097857,1,0,0.2451691491879718,0.04609545775504548
1917,0.04714178286457552,0.010568323702489571,0.0003652752086754068,0.5809046342249721,0,0,0.3999781076350483,0.05074747243514642
1918,0.0,0.025395146795908066,0.00032894808950138067,0.7275734126329504,0,0,0.19986806951147548,0.048163646142422065
1919,0.009870766938288922,0.0009938624911737333,0.000331577413817162,0.2648661547103348,0,0,0.2959438241193321,0.049291958434935904
1920,0.09173307853570595,0.10075016199501761,0.000609347311699676,0.5810934683627356,3,0,0.38099405996502883,0.05174548887666492
1921,0.044243157430983004,0.039364036038948086,0.0003810004486706818,0.5146923396930487,0,0,0.3264974852585394,0.04755585597492119
1922,0.164914357973788,0.17955497074584328,0.0006946141061429714,0.625640670690865,4,1,0.3058461240192923,0.04944895504535464
1923,0.1237812727084306,0.16528132498701872,0.0007644019099704361,0.495468564758617,4,0,0.38389120239907754,0.05130031159169741
1924,0.1400023218770173,0.06829195253420442,0.00039208844744129605,0.56172071342282,2,0,0.30229421808757134,0.04738302030210878
1925,0.023743775505942404,0.02607919027192459,0.0003389925037756436,0.2610021399090187,3,0,0.28182676379650234,0.04665442038509679
1926,0.17368999393590978,0.15791747657266758,0.0007068486705108565,0.7958321175050243,4,1,0.35578121990279193,0.05105431103996542
1927,0.19121775443593372,0.18640359550959576,0.0005380130059405735,0.645597915797862,2,1,0.36850311387722573,0.04448450946290231
1928,0.07272027181564564,0.09190274582301233,0.0005208216676551388,0.5269033741883138,2,0,0.27217848564117275,0.04883620486919138
1929,0.2155283740201257,0.18975265012393794,0.0005702645838218209,0.7186525579898281,2,0,0.4064479445777134,0.04477322930885264
1930,0.16498116136817215,0.19932714391533699,0.0007751677729759171,0.7365829617268708,5,2,0.4367263427385087,0.04915575070606818
1931,0.1522008879616184,0.15896914482280236,0.0006873737789319983,0.5628131676652776,4,0,0.35002918796310906,0.05180266422050213
1932,0.2371326363200301,0.2545187994815531,0.0009415096852835869,0.7304348816717035,4,1,0.42118333000450703,0.051399565239194187
1933,0.027649056873109375,0.011914218598847785,0.00041389427422545933,0.06585832349367238,0,0,0.26218575198410543,0.054407652391618676
1934,0.13500801719674954,0.22637174295872337,0.0006655336007690385,0.7814124817310809,4,0,0.35973809080532343,0.04756608312709612
1935,0.14255432669039514,0.17323564482322729,0.0007760765240599459,0.7614317482536063,2,0,0.4538623941452329,0.051399407227002425
1936,0.1255821932331984,0.15783637435736197,0.000660447967306561,0.5715922565107059,1,0,0.4359463360733298,0.04969991088802845
1937,0.0480321755074885,0.029786703506465288,0.000332680176919838,0.4351273379220571,2,0,0.20335103682407094,0.046183224944805853
1938,0.3089206581905985,0.3501959493440727,0.0013403236922474428,0.7550967288357651,5,1,0.4707651660026183,0.055120585930778544
1939,0.14516466341203,0.13067715032304428,0.0006328135391425409,0.7585257459571219,5,0,0.4018215879725561,0.053839629659111196
1940,0.14746595141745628,0.1856027736028272,0.0007633242647828494,0.6386250408346356,4,0,0.2900735911604008,0.05028093379510885
1941,0.10212607917777049,0.03227850869724344,0.00027865548231090426,0.43665070057075517,2,0,0.3964237389120763,0.04311457330541702
1942,0.10600470065477743,0.1288385439560256,0.0005741350975522559,0.36645498184776754,1,0,0.33291051486346823,0.05022747237414785
1943,0.08162903352447388,0.10589251870024675,0.0004983932187345858,0.346986542627354,1,0,0.14966338444021057,0.046310891537174055
1944,0.17304218560635048,0.13014822377216648,0.0004922758640114412,0.3626437152351989,3,0,0.3634992028146161,0.04936837663580895
1945,0.17173956868587956,0.16540055129685924,0.0006672240149959791,0.7082817261207938,4,1,0.37693388717160514,0.05108431853086208
1946,0.07032509768034063,0.09748392250410272,0.0004709043995409211,0.5728750562810953,1,1,0.34090382442947265,0.04646030732676795
1947,0.15144068454934895,0.1370785819289817,0.0006419895401417424,0.6948186364320321,3,1,0.4245391365326982,0.05159423514988847
1948,0.17981808686777695,0.202619500319424,0.0008368430457768841,0.5255341015287638,3,0,0.43249228389119027,0.051916435283959374
1949,0.2266989450878036,0.13660724586603165,0.0005832042718256071,0.5392581832657474,4,0,0.24522823388830398,0.04961953419586617
1950,0.30382964649136035,0.309788466478882,0.001093802913699306,0.7274673664194983,5,3,0.39251647239679666,0.05196193642364541
1951,0.17061902120107744,0.1044020851792599,0.0005005085372356921,0.4597861751063791,1,0,0.4223635257670202,0.048980902330101016
1952,0.03527213097834279,0.05025782797977204,0.00042248959234689605,0.08234696351386414,0,0,0.2583484907682497,0.049452567849972866
1953,0.1471910619774453,0.1499562394557267,0.0006763328370684949,0.174787708326921,1,0,0.30789404594650793,0.05156358790684208
1954,0.09763889676649948,0.07793121463426976,0.00042657883218674784,0.28351248545030994,3,0,0.24350152969684022,0.047407486338169616
1955,0.09514562922815775,0.08138145103079814,0.0005358561974195778,0.40436527995481597,1,0,0.3965296167760189,0.05297947953617906
1956,0.252096253585487,0.27016164412747656,0.0008896788757319516,0.7833849366620126,5,2,0.4863067139913912,0.04799349575074386
1957,0.19554847725888297,0.17390421497060307,0.000778573601266053,0.7652117662414719,3,0,0.3663339054370568,0.054483717643679735
1958,0.12349220880705489,0.15077428014369293,0.0007280931447170047,0.6654041789483306,3,0,0.4294388657095979,0.05180269863604672
1959,0.12354687527893317,0.07976211327711162,0.00037271566727020017,0.5398668363984794,1,0,0.40776699659893184,0.044398807216148924
1960,0.049963100620523455,0.06800495016021724,0.000513925989684554,0.5203022057853464,1,0,0.37037526058607256,0.05039382207729326
1961,0.08829395330337751,0.08637663408969457,0.0004199978424574898,0.328948470227765,1,0,0.48343524882372174,0.045670463192649835
1962,0.11935692996555243,0.11610550257062413,0.0004477444904549101,0.4951382377769114,1,0,0.29476057989130394,0.04479180983528668
1963,0.09070726431130073,0.11569936095602491,0.0004157619014014631,0.27222979148376725,2,0,0.20734647831328998,0.04199379497273623
1964,0.2125017724852706,0.19598596696236545,0.0008597595758335084,0.7274344981523636,2,0,0.4313496016622679,0.05295952822015448
1965,0.44228600471435425,0.4250152061567601,0.0011644307468283031,0.7706193354859024,9,1,0.4990188123141876,0.05057383382351721
1966,0.10602042795842431,0.14663396376766152,0.0006122258461849782,0.6843378586842441,2,1,0.2682515026455376,0.04946321485331744
1967,0.168790923459589,0.14247889686664272,0.00046176803669868125,0.7367776225438808,1,0,0.44850433359438996,0.043022477373005345
1968,0.09637170717746714,0.09005110040590847,0.000490802465567015,0.5039501065509406,2,1,0.41407708870982707,0.04945783880581217
1969,0.08943329178614036,0.07342434199193833,0.000389684123323228,0.23738245325873808,2,0,0.2507820636103996,0.046642893086671314
1970,0.13826371075392632,0.19800937923043105,0.0008262483379799067,0.7274580489990623,4,0,0.44606832669099267,0.05062149375238009
1971,0.16931322479213504,0.20702722614500219,0.0006248484880472222,0.7307215729245689,5,1,0.40508640267988894,0.04504960343254478
1972,0.21360143257075875,0.11708557313439452,0.0005328187359465488,0.7199582199393777,1,0,0.2776876372176301,0.051254627387646925
1973,0.15624769339554218,0.13606662311389542,0.0006107641178818011,0.4962461860152812,4,1,0.34847817995065566,0.05004607929492626
1974,0.02943908549705076,0.06779673030925137,0.00047486819110206384,0.30127009485965806,2,0,0.24241111844248678,0.049467163369838515
1975,0.12832526994364526,0.14319391561145745,0.0005886032247377696,0.5473475670569292,3,0,0.3333022881612398,0.04801022651788043
1976,0.21450083310216755,0.26831900703427347,0.000759427950733483,0.7749776980873492,5,1,0.3564170375531838,0.0448148361533729
1977,0.05460059750754971,0.06553323411377396,0.00045746897364347475,0.7642134080860881,0,0,0.3438160109498926,0.048787379635802035
1978,0.06921634375843277,0.08126807498253019,0.00039716509731446556,0.504627507416404,1,0,0.35305490498869085,0.04532376311913557
1979,0.29007338619946355,0.3172042596493884,0.0009221005245094587,0.6472793334536564,5,1,0.4968746629493109,0.04740993409018658
1980,0.09683039660669679,0.03342627407099353,0.00028364096120279855,0.07225456153809583,2,0,0.2657388005999307,0.04442888029257488
1981,0.11003047695592522,0.1288927924082086,0.0005355929173437628,0.5788619354471953,4,0,0.35009800799538965,0.046428557322199956
1982,0.08173941382802047,0.09614918244959438,0.0005122077083196429,0.61657115896625,3,0,0.34998179803555257,0.04885080718211654
1983,0.09403300028469716,0.09190971123868415,0.00045493463012176075,0.7692326324391736,1,0,0.3941689463068067,0.0487890828624382
1984,0.1916765429894657,0.2500668741082987,0.0006778049906608849,0.4613558600468994,3,1,0.34536558893856156,0.0461267713280563
1985,0.21600595189506022,0.18324389651516337,0.0005794919186830041,0.6453593186392202,4,0,0.332429442106548,0.046049401125107456
1986,0.19455518442371253,0.14336594731478483,0.0006361059864794799,0.6175026614733079,3,1,0.3606085616241636,0.052860160611502637
1987,0.18348550904426655,0.17101814754290146,0.0006703734589712783,0.4824850174927462,3,0,0.41473319267952663,0.04953704104860385
1988,0.09732922904335738,0.08655278457827173,0.0005712529253508458,0.5063780844433776,2,1,0.329463134343783,0.05271769208710536
1989,0.2846512665138902,0.2781573247303924,0.0009532412733703093,0.7619763425306718,3,0,0.43619146031670764,0.051737589477186714
1990,0.031468058839982896,0.0,0.00016971526261174468,-0.04194350482259966,0,0,0.23425540061994535,0.04150178741673384
1991,0.14921183810294775,0.1044150356966161,0.0005207090951099127,0.3640667219576379,1,0,0.29674096716102055,0.04957917213125438
1992,0.2644203393530712,0.25933643903233056,0.000711543277037355,0.782439009063678,4,0,0.31792010103138374,0.04597677306351456
1993,0.030853300410003382,0.001357538088407482,0.00027610986025849803,0.13022657546610428,1,0,0.18345939318369353,0.04611252786274956
1994,0.21520192618749737,0.18829725206743775,0.0007201374303937052,0.6590780343698857,3,0,0.38288651571760124,0.051167778135515034
1995,0.09485879060905711,0.055699841890428044,0.0004215194165178766,0.5308042944481264,2,1,0.33058625288056653,0.04933789177250055
1996,0.14248002645845098,0.17490432034329043,0.0005917056135924521,0.7431185433625809,3,0,0.3237602491461568,0.0461609891406204
1997,0.0,0.0,0.0002593415703610703,0.38045804635806313,1,1,0.3069121429266669,0.050563329453612374
1998,0.2819519545639732,0.3037925608706533,0.0008976590282077715,0.47944792245968965,7,0,0.4372503445483235,0.04799112515947912
1999,0.10816088068146675,0.10708670427396624,0.000467781792741287,0.3145675445078525,1,0,0.28534545191758415,0.046486920642306515
2000,0.2404033290600064,0.18569633425342336,0.0007404510551086488,0.8249321510494214,3,0,0.3986161339722363,0.051240537935756794
2001,0.09505956994215695,0.11782565139343124,0.0005973315309765407,0.5553789273843698,0,0,0.39357169536877995,0.05114898463106957
2002,0.05575946295973403,0.06498648390743508,0.0005009042366533085,0.40329229316166393,2,0,0.28765517851335115,0.051020410772651084
2003,0.20471619470173855,0.24261026740498037,0.0007766258358269889,0.8002802125204824,4,0,0.3188224105127732,0.04900148825563482
2004,0.09639773991756072,0.12087666884438501,0.0005160443877889234,0.7130687721830625,3,0,0.3437778529930891,0.047023502947657024
2005,0.16782417253589507,0.17238390867962405,0.0007564908926217932,0.7612467086743671,5,0,0.4202557617009548,0.052191795600404656
2006,0.12010184508192215,0.061551650110674136,0.00044556191474647786,0.36562008841533905,1,0,0.3084177547173123,0.050641927294944385
2007,0.24443895665146878,0.2179982490365245,0.0007982843676476559,0.34378241206794297,3,1,0.4214536162746064,0.0500048161962184
2008,0.2013704842585704,0.15551465157781327,0.0005673182158390528,0.898971181706104,4,0,0.40015773264738097,0.04898629949611303
2009,0.20859214684363145,0.24095531690903463,0.0007343358866305828,0.7964928369438619,3,0,0.40236745261536494,0.046336923478558
2010,0.17596716854226072,0.22896400696118882,0.0009453355114385757,0.6154902779280127,5,0,0.35069262829164094,0.05221985262842122
2011,0.2355827798735093,0.18004942002808932,0.0006128771674168748,0.4866215624438452,4,0,0.37294304763895436,0.04717106183363601
2012,0.20601268188113492,0.13641874231364587,0.0005908715520726785,0.21300419162432224,2,0,0.32681534182072974,0.052016004287007915
2013,0.0941938981562061,0.10151562225570293,0.00044486215810666434,0.4766012722197316,2,0,0.22340997182631414,0.04600017253862067
2014,0.15102014428211627,0.1800925093161562,0.0005397087159382943,0.7475792061025359,4,0,0.33062908353438564,0.04364000570016091
2015,0.32370619600230127,0.3063480415458403,0.0010570396297361877,0.5216361039501424,4,0,0.4459171966903892,0.05235717734659836
2016,0.12475078449701975,0.05814339063714833,0.0003380333609082725,0.29898953502445214,3,0,0.15824043341291272,0.045950594404321546
2017,0.07937960209022148,0.08021495775328452,0.0004350229159751172,0.7157485507737693,2,0,0.38200076237215713,0.046501794580706475
2018,0.16600637974152965,0.20934423257182774,0.0007454124341285096,0.7282515893667135,2,0,0.2902851428461043,0.04717429380678708
2019,0.013669991727104465,0.0361227323880061,0.0004055988490647173,0.37250377178665184,1,1,0.4363345464270702,0.04889843950012444
2020,0.17983709539705553,0.12751509504672287,0.00046305651746941757,0.4651574270779818,2,0,0.36006872253473016,0.0457648967839544
2021,0.14032649986870233,0.18107570325247666,0.0007954787720109523,0.3241978979314141,2,0,0.38525538567115564,0.052912959133046125
2022,0.19030074646868958,0.12465673074826003,0.0005309379019126674,0.23261142030551352,4,0,0.503088048811011,0.048492038739628505
2023,0.11567702284971641,0.061310015080412165,0.0004455052044731671,0.5958004870196281,2,0,0.33261296925374817,0.04950743039966259
2024,0.22772742745368543,0.18515792043856827,0.0006315902621851787,0.38855050756626586,3,0,0.21481864328821693,0.04881243120017712
2025,0.16429933320380796,0.14258004861299794,0.0004808881454455033,0.4955147867574154,2,0,0.38422566352224746,0.04500378547198504
2026,0.1301705157373542,0.17400546493966548,0.0007022017690762677,0.5612989936445534,3,0,0.23669486837258893,0.05014462454614071
2027,0.11580277245139743,0.09055121691326162,0.0003966836222671003,0.47340372097681327,1,0,0.31583052742508344,0.04374190507206443
2028,0.07788346688089465,0.05770108201160859,0.0004025376007401044,0.4851067422228514,2,0,0.26990758657405806,0.04704163503566191
2029,0.06370278330291512,0.055221775109449533,0.00040981736441742986,0.40284729061906027,1,0,0.37800874230489756,0.049370851739092156
2030,0.11960699023875611,0.13762041980037645,0.0004709787885772504,0.19610896722358612,2,0,0.25635845281675423,0.04482596894110737
2031,0.2128724009091519,0.17522569083420347,0.0006951125964934636,0.6014198001841596,3,0,0.3641308500321362,0.0509775889509826
2032,0.26682847504289864,0.2209749458702253,0.0006433800095344922,0.5632546809421796,5,1,0.3234259234049982,0.046699756853769134
2033,0.23793397771520486,0.2681879244070773,0.0009311220374593934,0.8012314427645487,4,1,0.49489857106078533,0.05051927542179847
2034,0.15595517049717525,0.10211509908813364,0.0004612581362749488,0.4075449070522217,3,0,0.32353023283453963,0.0486092568857034
2035,0.13594149802824543,0.11634435895484972,0.0004405247874862371,0.5561340955401209,4,1,0.2688149683003289,0.045000141786689964
2036,0.14215413442175842,0.09089593281970378,0.00043090108955188313,0.3362160923170348,3,1,0.2771134636925538,0.047987925297620075
2037,0.07914027978711188,0.10596052803467115,0.0005543336854652595,0.5175565311899031,2,0,0.2763508097484791,0.049320186269945235
2038,0.06404854213876089,0.0,0.0002709072168671712,0.00942662967104134,1,0,0.13362567062613134,0.047130766231516574
2039,0.18133714291356445,0.20701030888770303,0.0010580791376739501,0.7809100788196243,4,1,0.39803875759593915,0.05820779013639105
2040,0.17445824089605833,0.21186062907465217,0.0007365589919435644,0.6941000748109516,3,1,0.405230136027326,0.05089547106804196
2041,0.1736713249799856,0.11758336092997466,0.0005913527841008062,0.41155754036466374,0,0,0.42136042786288586,0.052289393882596215
2042,0.14845905182725413,0.14523101430755317,0.0006307282068785849,0.5899662842590787,4,0,0.2909791467023665,0.04937349378954377
2043,0.09095138343327458,0.029401862824788533,0.00039678157954210454,0.4480639945941029,2,0,0.4124016503670439,0.05246141088115414
2044,0.19685758430363703,0.17830131931952165,0.0006550199408159798,0.4820858063352941,5,0,0.2875502825865736,0.049528948831593686
2045,0.165124147656351,0.17143191990208914,0.0005759343230207167,0.6152792529629987,3,1,0.3067830283302595,0.045035859548275874
2046,0.1857506511843962,0.20612030509713677,0.0009021487853285802,0.5134908308090251,2,0,0.38642713687202795,0.05417980969879479
2047,0.17857302724819327,0.18649993806129447,0.0009673069678010119,0.7091205770870558,1,0,0.5339850845164673,0.0578633822516191
2048,0.13173325556267806,0.1433974690658709,0.0007566434430014559,0.5386824782182829,2,0,0.3948875147833164,0.05564154010276304
2049,0.08223919283516443,0.08693553667171694,0.0004542521903269109,0.46332744321490565,2,1,0.2773173882371894,0.049082585271099856
2050,0.04658482105002292,0.007171284969826805,0.0002614239714496663,0.27538201392251976,1,0,0.17153380301778998,0.045668274438137604
2051,0.16761567567497976,0.2123338254364384,0.0007349662548368007,0.6090067377653023,3,0,0.3313859196375472,0.04869453332956643
2052,0.1478189844262017,0.09494652682280001,0.00040467932668835597,0.7687531017531939,2,1,0.2389691079844231,0.04522016122818011
2053,0.10996630396052685,0.14241903102067494,0.0006138268237727125,0.6538446586277479,4,0,0.3318349484559459,0.04882373563945928
2054,0.3977103097412336,0.27243706322509376,0.0007570185032601071,0.8689098855923854,5,1,0.5293589478933871,0.049812850620956854
2055,0.180773251135457,0.16085691970539484,0.0006925196377679036,0.6133916746478931,3,0,0.4112127363565912,0.052490182044327996
2056,0.15353732343718932,0.09662199145912173,0.000494818153329639,0.4904933780406206,2,0,0.2994749600688314,0.05078302258257183
2057,0.15055167218322268,0.20743201844313874,0.0007231934326822709,0.6409887296266752,3,0,0.3950002894259874,0.049105122432996216
2058,0.2156577460000727,0.16225818983750329,0.0005396947100667851,0.4710070790961233,3,1,0.41407986528388735,0.04661941134585975
2059,0.08080634349743095,0.05337256477919755,0.00035131233820367557,0.4378251681235271,2,0,0.24840066036610772,0.04754852351648049
2060,0.14222832513569486,0.1037779263095979,0.0005111187607477004,0.42686837609123723,1,0,0.2993384956641715,0.04987167772578332
2061,0.2617481172257738,0.2114251374826181,0.0007585267452846341,0.6039066275855103,5,0,0.2837240704473608,0.051546849606287186
2062,0.1708600571706618,0.1825438153181794,0.0006601765288012457,0.5951702233773624,4,1,0.34374839920956857,0.04892148735982106
2063,0.13624794897701997,0.10065451267077176,0.0004613700800636701,0.4310946702984165,2,0,0.23862768428902092,0.04725119143711933
2064,0.2757079925882305,0.2649939217251347,0.0007712527612379269,0.7107434788343366,4,0,0.45656682910249036,0.047412991037504085
2065,0.2229915308597294,0.1980292659025433,0.0007267461891097376,0.46619418350400427,3,0,0.4813561700175441,0.04952087224669513
2066,0.18319689174428921,0.22487859883288502,0.0007624231367443402,0.6555376758454209,6,0,0.3389372342554851,0.048657030262925574
2067,0.0,0.028348134265868352,0.0003654434895515903,-0.06488364467518834,2,0,0.13565380915527958,0.04797698682888721
2068,0.16787837997382796,0.13829717424799187,0.0005945299971160197,0.693090016995967,5,0,0.3000507564362705,0.04908747397344851
2069,0.08759289615144597,0.07717603308823483,0.000520174137786753,0.4368081835716602,0,0,0.33500154870604404,0.053384612862084235
2070,0.09723901470675522,0.1396981560896052,0.0006382366090839099,0.39451962328755985,1,0,0.39782828931378894,0.05050081104433294
2071,0.0,0.0,0.00024605372400994025,-0.04899133838643981,1,0,0.17945499398606324,0.04596329633805781
2072,0.12696810678741896,0.15475937542778376,0.0006796858935050733,0.4406359189877397,0,0,0.34634656250486795,0.05168337254103092
2073,0.03229911570318482,0.0,0.0002878893602504989,0.2221821463751545,2,0,0.34614831627099346,0.04982588634644601
2074,0.06556952756807842,0.029529171918514913,0.00038964541830612,0.2922195617589823,0,0,0.32191033127927776,0.05030816037663471
2075,0.18209965757660215,0.16360081944405763,0.0006135261402316711,0.618014684502331,1,0,0.2573792277585381,0.04770818832076154
2076,0.0779376189511033,0.07399199770101154,0.0005079613318717554,0.5483059446698754,1,0,0.33789377502514595,0.05266876427578351
2077,0.02612234421586942,0.05208098414505607,0.00036487707219341026,0.5373860323342313,2,0,0.3970241921726573,0.04579557743336491
2078,0.14468335368528765,0.09626473658063796,0.0005899917748225827,0.5032069452923064,1,0,0.23243503997103018,0.053238347118443545
2079,0.11342081160870494,0.06299479662600779,0.00033579448998112896,0.28797456359774154,2,0,0.3380146581039534,0.04413487585147598
2080,0.23962740844986638,0.15649808560328582,0.0006430607754517881,0.6858941629906901,3,1,0.3208397571254951,0.051002872421739474
2081,0.042137360165260464,0.0923038521998713,0.0005612244512240889,0.5532902648019751,2,0,0.36230026263389287,0.05197287620651585
2082,0.2318655620733697,0.25308035413664726,0.000966463222112255,0.7378448434781795,5,1,0.3928326561218309,0.05351311485683734
2083,0.2017245500065305,0.2386265941522363,0.0007977405512401408,0.758840303749626,5,0,0.4624806441834222,0.048099085175039635
2084,0.22823160034845133,0.2315177026414063,0.000834549266951559,0.7997767471995301,4,0,0.4695336313552161,0.05097717571919729
2085,0.11454325535098377,0.14000353740213284,0.0005855284848248465,0.804444079122712,4,0,0.4014605289530708,0.048267206983520626
2086,0.08930910564182919,0.09194101030419488,0.0004890308471615469,0.3698277913652705,0,0,0.27490684496845047,0.048950861018428306
2087,0.20821286133747233,0.13878148122831707,0.0004650936005605367,0.4638177274304888,3,0,0.22064189291428882,0.04703889070911945
2088,0.27721842067072566,0.282190621786116,0.0008757751394044794,0.7961205186728973,3,1,0.432983399583543,0.04827654335270563
2089,0.2908405047925192,0.2103547524708864,0.0007735809307121394,0.739861673529572,3,0,0.4413188576223384,0.052666474555964564
2090,0.17087393578175275,0.17425374027937418,0.0006091021081453282,0.6248888589609426,4,0,0.3646395081327911,0.04774903521541807
2091,0.03786525425904156,0.05755152007941461,0.0005066112693466453,0.6581192543599088,3,0,0.3170317849685005,0.05248687741330685
2092,0.26472105407807195,0.24853982252417386,0.0007491626977099703,0.7533293456363651,4,0,0.32095165748571025,0.04761494188623789
2093,0.17819984643084189,0.18371198139468997,0.0006005374657741499,0.6689549323451561,4,0,0.38860640508592853,0.04581035317290354
2094,0.2417572985562158,0.2477439402790986,0.000651944370495325,0.6775421603561318,4,1,0.385530821495377,0.04461160394793023
2095,0.20280035242665545,0.1835185804390275,0.0008028746913356914,0.7122082356799627,2,0,0.4988862073768641,0.052062927400703965
2096,0.00933880977479859,0.0,0.0002470837332226857,-0.13543896943081268,0,0,0.10075860373428887,0.04828123906657757
2097,0.13554545768075857,0.11779561863349586,0.0004795138004384118,0.33175375563484555,2,0,0.33772825216581087,0.04555305169556539
2098,0.25628714377940265,0.2843539615310953,0.0010014636755649267,0.804891092770829,4,1,0.46610811753341896,0.05140681682797297
2099,0.20914427023633952,0.1804205861532266,0.0006638201970876687,0.6955499146110178,4,1,0.4498886308547243,0.048925637956882026
2100,0.2594720044016956,0.30125483354828253,0.00125337401049795,0.845882894104435,5,0,0.49431246767443593,0.055114211604419844
2101,0.10965808211376687,0.11714177606522311,0.0004812107813074459,0.7495666752858613,2,0,0.3824623862775991,0.04636660119965816
2102,0.0750159700413138,0.0,0.00033256447802535013,0.30915427846584126,0,0,0.36039879661636065,0.05175327762197231
2103,0.18167063798783875,0.22130737659489674,0.0007567783845144075,0.43150791848979353,3,0,0.2550952171639273,0.047242617404718926
2104,0.28667614729159296,0.25767565541189674,0.0008332464398048613,0.7550421044141211,3,2,0.31249870579280886,0.052071862347607425
2105,0.1859709757334164,0.18077197900720027,0.0007259392894936613,0.5260564790875825,4,0,0.3364827713755333,0.05213169374387829
2106,0.23132624557213846,0.23151964308719417,0.000922353254987914,0.8416085574806779,3,1,0.4331657843429795,0.05361851261662976
2107,0.09884032421066753,0.11408104167109462,0.000500285078912558,0.33324941255467905,2,0,0.3211412367997514,0.0485006834995365
2108,0.03721521553109481,0.019124771779426824,0.0003495411181657117,0.42192616573377406,2,0,0.3014065079602622,0.04856918686858697
2109,0.21288922707589983,0.19510090296328558,0.0007577497999065871,0.6498226380785612,5,2,0.44399032499864194,0.050859612892152864
2110,0.13481337038055483,0.10700801422020716,0.00047679802248011885,0.49959518451401247,1,1,0.3672498936499122,0.04691791451973987
2111,0.12511028548785366,0.1672053212090141,0.0007674577833077254,0.6457421994517968,1,0,0.32961793014732005,0.052283189191877154
2112,0.1937739577846044,0.1594017502338042,0.0005545075082750257,0.33430177964623486,5,0,0.22310609678045773,0.0477359648235801
2113,0.21193096705253042,0.18008723157696996,0.00064345451133845,0.6685241941855786,3,0,0.5076913145102966,0.05007720638749316
2114,0.1259127295707491,0.1391457890969893,0.0005793925747892834,0.6073746428332526,4,0,0.3159415224629822,0.04763594803292866
2115,0.10743449542158329,0.052369673069523524,0.00039448997468309187,0.5602935848877783,1,0,0.4586524146402102,0.049417830850111304
2116,0.09613186392530736,0.09578002461750935,0.0004890891162298613,0.5519216896475858,3,0,0.37716427784710543,0.049558031281174766
2117,0.13317464224855602,0.1551614909261663,0.0006500713980448534,0.5937160121008157,3,0,0.3913761346661312,0.052864734590289376
2118,0.15216282217080093,0.11672224787798978,0.0005352154468624993,0.6670065836694674,2,1,0.30114676669973506,0.05013614448965605
2119,0.04096892649712779,0.08499739070044528,0.0004982380673036852,0.5100843704094795,3,0,0.10614131525358511,0.04945550916317506
2120,0.0,0.0,0.00025748053687583414,0.09197318678832786,1,0,0.25209364891325814,0.04955032054574217
2121,0.08277579145972705,0.12085105391121426,0.0005538265602250188,0.5349285318600795,3,0,0.1584535483158524,0.04818905155103311
2122,0.2654189590253095,0.21521559196644316,0.0008134786237636119,0.7431580181697571,4,0,0.5295144289733393,0.053243098054269834
2123,0.07671150210800726,0.0,0.00018439751332879821,-0.1338600541415416,0,0,0.1006435649495413,0.041333897206389046
2124,0.10890741918811774,0.10262493942075096,0.0004704486798358166,0.5997089676892479,2,0,0.3563967812332491,0.047612441266827274
2125,0.11331189848179053,0.04670010721531293,0.00035488852648253854,0.06902506206468456,2,0,0.2918031687320876,0.0478726800428046
2126,0.081683210965269,0.0,0.0002946634657850846,0.5952870423921773,2,0,0.32506985549113926,0.05041817596896287
2127,0.06692825046905876,0.09208800439076183,0.0007223639994169049,0.5978744402496683,1,0,0.4489085149254267,0.05578671787308888
2128,0.010574402336822955,0.0,0.0002453388556135,0.02424245995930985,1,0,0.03713031294907015,0.04424737335663334
2129,0.12801796983133062,0.15849605449095808,0.0006663736993106817,0.33906021554323224,2,1,0.314937378058523,0.05047019194782776
2130,0.058887744142868494,0.06943412221369635,0.0005244514187759895,0.6695910185101759,1,0,0.20540113712059194,0.053378249959830176
2131,0.1356689714414337,0.09644406978897152,0.0005101360021714886,0.4510393005022308,2,1,0.34506455042798656,0.04970929745613414
2132,0.06705921899394764,0.07839891691627698,0.00043300027717759555,0.6627392757811674,1,0,0.3697267105006279,0.04739750229052545
2133,0.2467409878655972,0.22120105218359518,0.001006037239703779,0.6744354611154778,2,0,0.5428060248172453,0.05557236687233421
2134,0.0497476842619491,0.07467838401899307,0.0003353799312135898,0.3976641307806925,3,0,0.18371199408538424,0.04028393353584274
2135,0.07127921058945158,0.05682974413030175,0.0004925775487285124,0.02424366712963989,3,0,0.2685687054514581,0.053196140231369905
2136,0.1869113288163749,0.13672928247683727,0.0004825693696864569,0.5088930039617281,1,0,0.3120268366902858,0.045918566902598594
2137,0.0,0.0,0.0003798792781670842,0.362909463141028,2,0,0.24491095049023506,0.054637621874505174
2138,0.17786712256382878,0.15509463461182324,0.0006001216825404463,0.5478526806450902,5,1,0.4773229381868736,0.0475301709002582
2139,0.22080116471176917,0.20457791817969115,0.0007538772104660476,0.6587029895515522,5,0,0.354901947176631,0.050235936611256506
2140,0.14030911534356585,0.1365143941211863,0.0004882941072153362,0.5646342493219465,5,0,0.2879847362480821,0.0449505996822933
2141,0.15535354392241907,0.19468256980962215,0.0008723703944404831,0.7347738354294373,5,0,0.4997806809190496,0.05329879180123504
2142,0.28019973246201274,0.2813757727049381,0.0008458981479092842,0.8180936482582758,4,0,0.4402882743568994,0.04777620066052258
2143,0.21749440741440046,0.22247952797930332,0.000683369933869863,0.8069207628051993,4,1,0.46562943786450345,0.046469166056960214
2144,0.1790003135897221,0.09469239151256614,0.0004778602108319686,0.2974132120615353,2,0,0.30728271177304894,0.04930947682815058
2145,0.0791791716858824,0.04315717396817012,0.00041616970798161987,0.5142715068637729,1,0,0.36855624100793893,0.05021550450453542
2146,0.14379308909759525,0.18215478746535102,0.0006573013613234074,0.5491959320398212,2,0,0.3107514382757467,0.04727245302813577
2147,0.06649831995552943,0.05239274552069585,0.00041704167967943366,0.17515987674749234,1,0,0.32251967430860756,0.048650154779063
2148,0.24582697198743944,0.22965031331819413,0.0009274226643966738,0.844763568125965,4,2,0.4975985422531293,0.052849549549239344
2149,0.22977043038639397,0.19075794310581903,0.0006251706698455494,0.8584454910945798,5,0,0.30060620509823904,0.04868767459491923
2150,0.12962782689732305,0.12701289543984554,0.0004221059804569763,0.35771612639593464,2,0,0.33375893044311994,0.042907201513117395
2151,0.18038131650590933,0.16592006693665937,0.0007072263090068335,0.5840772158427575,3,0,0.4341400912284942,0.05088776306249805
2152,0.0893439266600079,0.06798156634470173,0.000470334522732929,0.7848348187524016,0,0,0.4946063267602884,0.05051365733607083
2153,0.20974225088011103,0.23894885444378666,0.000882692961308511,0.6342626908178369,4,0,0.2939664299515884,0.05049881653896751
2154,0.21049083089074436,0.18534462326056222,0.0006700389900084799,0.696376620156957,4,0,0.36524852018918924,0.04815943866843814
2155,0.17742530603351006,0.15933674560193126,0.000561573682203583,0.5802268196989586,1,0,0.4119875483930282,0.04726095623354814
2156,0.13427026115847798,0.07673206376685389,0.0003878135434536579,0.394963182371783,1,0,0.4452505430308046,0.04567693008671476
2157,0.06674952754802571,0.11574383843165534,0.000516190147285893,0.3921049334691442,2,0,0.31565142444431576,0.04659098357488021
2158,0.1853315535369024,0.17690933239779086,0.0007321171205960623,0.6586917546082113,4,1,0.4822835205347284,0.050783601024952954
2159,0.12815868829171922,0.14832127032426626,0.0006636984585766465,0.5961739402291599,3,0,0.37637853920366515,0.04907450394838877
2160,0.12897241088226516,0.09702624161789934,0.0005251772824946998,0.31581990175959357,3,0,0.2995265496984487,0.05083211886366835
2161,0.10101883254737166,0.008780986612480226,0.0003342528844462776,0.3462439102252197,0,0,0.30915745046963194,0.05355313154669713
2162,0.21255191232888318,0.21748159741068562,0.000626789590273665,0.7675926022719242,3,0,0.45207520674961443,0.04428164444239867
2163,0.2099735484037193,0.1527833310990105,0.0005510249631218475,0.46421121996536435,2,0,0.3588080034108392,0.04932299310868244
2164,0.01648408940636791,0.03973501571808111,0.0003469387601592889,-0.08430397672114687,1,0,0.10312309942602364,0.04618139033378945
2165,0.11478850362020192,0.12672362009826474,0.0005133496608267915,0.49898759970809864,3,0,0.2881041669337057,0.04615146005384244
2166,0.21522910778386925,0.19801917004376343,0.0006908039296254809,0.6272643832429036,4,0,0.40163040652471654,0.04966282394628639
2167,0.07503083331040002,0.022891328493193634,0.0003307638405610348,-0.08666664522410401,1,0,0.18091246580657533,0.04956352758862886
2168,0.14722755774349514,0.17895952450090274,0.0007140942375666052,0.7560166147136146,3,1,0.335166419533835,0.04802327334496708
2169,0.25139035889147016,0.26981325406440265,0.0010415945352130033,0.5845356432814983,5,1,0.5201846992137047,0.05317164416790987
2170,0.1507059755346413,0.1624961515308518,0.0005978440069667327,0.5499571870947355,4,0,0.37648225784657163,0.04729716379795263
2171,0.05339468627527616,0.0413564031491336,0.0003807199070665223,0.5271905257768192,1,0,0.3792736727881993,0.05034204556097333
2172,0.14023609231089876,0.15904709876846565,0.000740127489074619,0.7173813252705297,2,0,0.28844971900908095,0.051824994247972773
2173,0.17938422680771166,0.1504508164231058,0.0005783108560997136,0.4815127312454574,3,1,0.2847652513256785,0.047853519130466884
2174,0.08948485595788748,0.051495881214580985,0.00041996818251570665,0.5675987178526087,2,1,0.3557880191062313,0.05015237297412312
2175,0.01690131147928011,0.036534047958242,0.00039476404092312516,0.3390746146019934,0,0,0.31934424873695794,0.05024436454885431
2176,0.0441226431346122,0.04027715256000251,0.0003944945380148614,0.15935165180212513,2,0,0.1690910325733871,0.04835006658462864
2177,0.11494076782842286,0.11173470798102764,0.0005111030813678343,0.4038663772018453,3,0,0.20672194255701434,0.04662104891219119
2178,0.20784196927254983,0.19465153554616585,0.0006197141880531131,0.46038461971933636,5,0,0.3398348957122913,0.04686037125667718
2179,0.06511127399175633,0.11681795927232395,0.00045408342527917677,0.5090567794867132,3,0,0.11749572547529079,0.043339093187493904
2180,0.07759003836583611,0.07576334150690366,0.00041961683954723966,0.5325371518682673,2,0,0.3902109069391816,0.04803767330211319
2181,0.10504105691980686,0.10827083433697171,0.0005493422114100996,0.3846224477747641,3,0,0.223872060423588,0.049479885542568144
2182,0.07676386969777456,0.12243052181066166,0.0004947993267128166,0.451807552732577,1,0,0.267485515530287,0.0464553248477668
2183,0.19646122933430998,0.2049063757656865,0.0007292412134582394,0.34297709974357243,5,1,0.321597748777591,0.04875291343015427
2184,0.0,0.0,0.00030458623757147484,-0.002960729355364902,1,0,0.24884870628249856,0.04908046415308347
2185,0.05510279774500208,0.12173000548103387,0.00043519132410461394,0.42275329136580764,3,0,0.23785232712047544,0.04445070128858418
2186,0.05030956362401135,0.043899691969613686,0.00042117653279004016,0.5805993852789404,4,0,0.35651264733827914,0.05117297698989964
2187,0.07927156888767611,0.12141745414084103,0.0007961289453303917,0.7104652461288792,1,1,0.43348410428114087,0.05662911093701496
2188,0.0295465008325647,0.08416506152315782,0.0005409734346292568,0.6372595813688701,0,0,0.3258973133637133,0.05176091249072285
2189,0.23596550117112663,0.28766605323819766,0.0008888169246353908,0.6903818453415251,7,1,0.3878165753750355,0.04974760632703412
2190,0.34710950104831634,0.31402277976335946,0.0009718959814206619,0.5958158796804879,6,1,0.366929022314212,0.049874504085669104
2191,0.10113307977317844,0.13476926129374017,0.0005152863874686618,0.6772818771424646,2,0,0.29420217518368985,0.04656723079790011
2192,0.028269721544279782,0.0030565913255304164,0.00028141131357169744,0.17545830946975102,1,0,0.22871649594023574,0.046479544980148196
2193,0.18744656647472122,0.18987644562785605,0.0008115202418295688,0.6338780818893702,2,0,0.3440163127100993,0.05251324885025659
2194,0.26622007929000086,0.24417311043139436,0.0009842260935030577,0.7501997184704638,3,1,0.35819524230595323,0.05551991811699516
2195,0.14054479479284512,0.1536566870726244,0.000606464331727841,0.7372691676033396,2,0,0.3942724698557787,0.05048514712228487
2196,0.16873296154897777,0.17922927312988265,0.0007768719915169927,0.6001827854559495,2,0,0.307474460995442,0.05181593798810818
2197,0.10661730887522074,0.141763840725945,0.0004865295232748235,0.7986957784053064,3,1,0.27008895619228196,0.04462898433223184
2198,0.10530997080924837,0.1210575980694687,0.0005659157542585493,0.6178922474309918,4,0,0.2719939174892645,0.0498023154451914
2199,0.24299456028343772,0.11421256951882387,0.0004562718460798555,0.5094619898740735,2,0,0.33598371741500305,0.04754134977528204
2200,0.19615697707808047,0.2017183970820983,0.0008331734634670774,0.6708055737693768,5,0,0.375541397977957,0.05256905055189424
2201,0.1704032470861788,0.18535894724499896,0.0006653575745016329,0.5509274687445654,5,0,0.37797391121952223,0.04770633954911653
2202,0.12361858882664759,0.12403155014392662,0.0005862807397657095,0.5062909641002952,3,0,0.3830790005995424,0.04953635739179752
2203,0.1858029120171682,0.1958527872429833,0.0007779660453561311,0.44251611439922006,6,0,0.37662832486846554,0.05098666666564667
2204,0.2411448347661897,0.12799428928314832,0.0004986829925430916,0.5134139635111046,4,0,0.3702825444471174,0.04994835431744599
2205,0.1632002113162137,0.1875784185336945,0.0008168758770472388,0.6794632184892807,3,1,0.38791394965805226,0.052145940953027964
2206,0.13311062078122102,0.19721136457702956,0.000594211139625686,0.7194715319509517,4,0,0.3038287031207574,0.04330825386367784
2207,0.1868654280636743,0.19897149861093139,0.0007448389712739965,0.7345880965401045,6,0,0.3740913773981536,0.05022278105411026
2208,0.11605869072963229,0.08815017214766314,0.00038640184703631145,0.5427286831017267,1,0,0.22950223023248473,0.04724568314677143
2209,0.18112245831712986,0.1922093541546687,0.0006166554858440601,0.5124170539409416,1,1,0.24936488787497424,0.04596748942261549
2210,0.059220233781850026,0.07005559770905653,0.0004134817418098891,0.3986832564830002,1,1,0.2891868479836736,0.046793394459385504
2211,0.09384501612486491,0.08956833878249593,0.00048535724019790677,0.5525002556096941,2,0,0.3161316308242489,0.04772729435772308
2212,0.13677482058278964,0.1626158555450494,0.0007029709156102605,0.7317340341990684,3,1,0.37578625203458843,0.050434648415656834
2213,0.047636643371441925,0.02839015826174349,0.00029970702301215123,0.764184027012038,3,0,0.24066046742962546,0.04472562609764039
2214,0.16152066636287207,0.1505782562618116,0.0006336690754863846,0.4875718655797596,2,0,0.4015343268922963,0.04948797821190899
2215,0.23355215440383115,0.10343202123550407,0.0004914682623549937,0.427634546839807,1,0,0.3912501693112215,0.05025021739058073
2216,0.29097160622208673,0.2741488652182107,0.0008880986295083368,0.6835684492692865,5,0,0.36763790220302606,0.05021300772787521
2217,0.10848574048086419,0.11871827141407189,0.00051108070850889,0.33869453963067286,3,0,0.29174268370602524,0.04734961535679775
2218,0.06322745537856382,0.08954918907891714,0.0005087421702855028,0.533037606766161,3,0,0.35845060250788546,0.048795595091682846
2219,0.11608594958776132,0.11220558545513956,0.0004494776111347716,0.30169401814728103,4,0,0.3548396903430594,0.04530161353781617
2220,0.13338136129527323,0.08149892006575372,0.0005516471783252318,0.6253661261601016,2,0,0.4258085507881378,0.05249541383082086
2221,0.09401358581617601,0.13723997198117718,0.0005149106865656994,0.549393677628339,1,0,0.2950604598546946,0.04554809228230827
2222,0.23951880150007876,0.21831121996316463,0.0006085689927150759,0.5273507490266586,7,0,0.321617057047612,0.0433827288167869
2223,0.0821228717834726,0.07762542467517769,0.0003381352067743128,0.4510136396172444,1,0,0.26355014835636226,0.04230424846971124
2224,0.1375453328167444,0.0902881854386794,0.0004045522674837627,0.46686704494579584,3,1,0.24280536334345368,0.0450071994701528
2225,0.0,0.06596839944368606,0.00039808834566938927,0.43177421520488724,1,0,0.27721725163301136,0.046039504161205454
2226,0.1721702673444456,0.2284408157645407,0.0006610683744852424,0.748400930041738,3,0,0.2832330989931134,0.04518540829385155
2227,0.0014160339491705704,0.0,0.0002648538188050804,0.2712820756804619,2,0,0.18390917652510266,0.04622770314922526
2228,0.0983826723647821,0.05871018896115499,0.0004300118736777146,0.2987506062971038,3,1,0.3957428028830833,0.04997137819396997
2229,0.21629840942047132,0.1660869022760059,0.0005645466329365009,0.745877497858968,3,0,0.4302111725377402,0.0484854960480704
2230,0.07491992066633232,0.04642385650507425,0.0004244056341524773,0.6787202805753515,2,0,0.3474840942577835,0.05080318847144839
2231,0.09616937568862528,0.07928207301445203,0.00047417186677531126,0.03840649638922733,3,0,0.28965108811428164,0.04813681882381956
2232,0.16497615372324104,0.1409130406353506,0.0007697576578401435,0.43725945376917186,3,0,0.37845795006868516,0.0560934885909103
2233,0.10034251252562917,0.1103673150665248,0.00047530151046597653,0.5305837585106292,2,0,0.3007122264444119,0.047276762854251066
2234,0.06964271289149304,0.109361774309498,0.0005645629186262125,0.7260764973816911,1,0,0.27642635641442714,0.05095649990961409
2235,0.2992097380379458,0.28333682537294436,0.0008318240939705352,0.6500743388986563,6,1,0.3919388809298666,0.0483131245902523
2236,0.15347322671635305,0.15169376136454973,0.0006879052206225333,0.8143452067771384,4,0,0.3722285385556803,0.05102707950640455
2237,0.1525529251802714,0.1052037573634587,0.0004768129658719309,0.5123430882998385,1,0,0.4460779418332743,0.049276519431828425
2238,0.0941829260848174,0.10024361617850053,0.00047608110217544285,0.5313263852920087,3,0,0.31036701867954897,0.047020546847279424
2239,0.15781420156945708,0.09046038294270893,0.00043785053760364107,0.5121758244761588,2,0,0.3084340505897974,0.05026213944877092
2240,0.20837145884027747,0.20763947367486826,0.0009066949457974002,0.637561205013965,3,0,0.36734401960997926,0.05497775842494547
2241,0.18172029006132132,0.14578985499549932,0.0006585933163426836,0.8202161587283442,5,1,0.4090397818337352,0.05090862239095793
2242,0.06204542695991165,0.07845112389907061,0.0004799188512077255,0.4143700223087381,1,0,0.1540171396896402,0.05084063038075743
2243,0.11764380628839395,0.00027137431495137017,0.0002585682775747262,0.24663280879952312,1,0,0.2747124941606221,0.04735213798636698
2244,0.25975862906388764,0.23870162856059712,0.0008774475122579589,0.4063609461256483,6,0,0.3073322201068305,0.04986547150217273
2245,0.14848105057926647,0.14373051666837905,0.0006484741222129875,0.3977730502578907,3,0,0.24340656299529065,0.05150954400164231
2246,0.12693965027010004,0.08814528140105872,0.0005043645963337543,0.1953281998438661,1,0,0.29979866382691917,0.05298988534448782
2247,0.27567580047188495,0.24993687470574694,0.0007692632549643202,0.8170436210949946,5,1,0.4750243992288661,0.04910262774092135
2248,0.052192678825575434,0.0319202721328882,0.0003685952022861502,-0.04626728178928888,2,0,0.12174532766299426,0.04761303051559147
2249,0.1428280120896971,0.17942849411493772,0.0007091471065040205,0.5912029555264825,4,0,0.44361833359020064,0.048707782509419505
2250,0.30753711895401475,0.32599466149449224,0.0008543136163093623,0.7747439657120557,6,1,0.4630292992962673,0.047377643806906705
2251,0.11743403669048781,0.0892357982989809,0.0005740382768975232,0.4981319524450167,2,1,0.38168857527307665,0.05476857653038055
2252,0.1310967186490922,0.12736984556517678,0.0007744270934852883,0.47772737461692366,2,0,0.32203174509916943,0.05749303346854584
2253,0.3159408689616251,0.3358519827817565,0.0011288141102759267,0.8216754907580313,6,0,0.49480995517192433,0.052918481634445236
2254,0.16342509624685864,0.1609637082361875,0.0005274407624968904,0.5148630102098232,2,0,0.3862344056339999,0.04600427687797327
2255,0.12331208329093182,0.146421363983641,0.0006841899237728423,0.6374736748384046,1,1,0.2849968513416597,0.05153729882612491
2256,0.07972185078769642,0.005174911175201537,0.000276846251328162,0.5216837739482223,1,0,0.18310809969785324,0.047728723351015585
2257,0.131220783536286,0.13212631009812528,0.0006946203130126099,0.3984292191161466,2,0,0.3588057745231802,0.05480416405984567
2258,0.0,0.0,0.0003442960276655869,0.2070010193068585,0,0,0.20280634466992387,0.05034049362060573
2259,0.15368200597151538,0.11412928422231747,0.00048545435779783413,0.45883680046273195,1,0,0.3373330812603853,0.049136389014845225
2260,0.04709715295538641,0.011443365128335681,0.0003017613494248803,0.2733227124503237,0,0,0.35416320915560917,0.04766537782036841
2261,0.08273474326829386,0.1130965961291121,0.0007095393112813167,0.5941588779557212,0,0,0.4410449490431468,0.054769747626383404
2262,0.1412792071431069,0.05182410898825188,0.0004256844495949616,-0.020351177212852015,0,0,0.3291629731058032,0.051910427765961255
2263,0.0,0.0,0.00029091778498726336,0.14559118625528775,0,0,0.3830903564831828,0.049383793923123726
2264,0.15215741380741463,0.15693122420708722,0.0007521311177367131,0.6368819839808578,4,0,0.4083481358515795,0.05343363605258351
2265,0.13336914165549457,0.15910248790030318,0.0007181067624409042,0.6834518708537831,4,0,0.3780864625007937,0.05090685580856761
2266,0.06401019041649286,0.08531958344869997,0.0003471968849664381,0.47641186085672815,2,0,0.3063890434886841,0.04255340958853666
2267,0.09114834518812116,0.12845725353887544,0.0006451918739503813,0.6898429810921216,2,0,0.42307486897807567,0.05185582951461434
2268,0.09530848693717141,0.12285146351189245,0.0004874052729646475,0.31734815352907075,2,0,0.25839213673736383,0.04463156503437481
2269,0.15785620238183712,0.162506867283591,0.0005856703662486657,0.5143113409813955,3,0,0.38610071659593254,0.04650998442435174
2270,0.24230437907647673,0.2410063005407018,0.0009091884391186265,0.7768518796692244,3,0,0.39687538899895014,0.0527636667002046
2271,0.08316252689158389,0.06754553021482382,0.0005187358375693035,0.6517103509589077,2,0,0.3437555781891277,0.052645619896277925
2272,0.039948696699587914,0.07324896429584626,0.00043597060028034576,0.22279667832628758,2,0,0.1714851749945888,0.046182777006030136
2273,0.19235992134867674,0.17636157052240986,0.0007896798965237219,0.7856982919227725,4,0,0.42016271404005934,0.053292956753224534
2274,0.09465336866558073,0.10109180482520481,0.0005418146094953501,0.7092467359434571,2,1,0.47344202181994116,0.049747374783303835
2275,0.0,0.04589832839738898,0.0004234086932182683,0.44313691420048423,2,0,0.1837604462617034,0.04902229109200819
2276,0.09134110297733976,0.09517790304117563,0.0005452222994440798,0.37072436475739545,3,1,0.3732981515533426,0.049737230195605935
2277,0.12208035450398243,0.15674599577538376,0.000671368111458282,0.5757796806164559,4,0,0.28781394176802305,0.051201416332805366
2278,0.06899765207638375,0.11166591526427343,0.0005787079122766906,0.4070989322397424,2,0,0.12674642646046438,0.050428500355087565
2279,0.0639293528703945,0.05296100050375045,0.0004561731676435387,0.30791775858437126,1,0,0.19683920721212209,0.052072902993012
2280,0.10865818062467106,0.08607199079100837,0.0005818348135038206,0.49097473798303914,3,0,0.3226756252438343,0.054165627904449475
2281,0.08441640809749806,0.08699270930916196,0.00034604715091888404,0.22550454761479244,2,0,0.2920469090073002,0.04071984552782815
2282,0.16996634536824878,0.2043486606909765,0.0005934253114451935,0.7212792786016045,3,0,0.3716586792073298,0.04325645977744357
2283,0.06828197827154926,0.03826359229154869,0.0003155079418741093,0.34430359076698774,2,0,0.1756923670628902,0.045753331235120015
2284,0.008438687297221055,0.046494036546987916,0.00042165084701105036,0.16566464796029848,1,0,0.15690932491468154,0.04786298882863002
2285,0.1758956895390282,0.1805591185888719,0.0006976602567919528,0.6664236391480033,2,0,0.39553460365525084,0.050246864773883786
2286,0.22786217910469328,0.2120084024422899,0.0006505508971988539,0.8286574636525406,5,2,0.3084592012931179,0.046854556854439726
2287,0.10739789718189272,0.08680673002665297,0.0004696673648924031,0.5710098828772894,3,0,0.3937537684551124,0.047786291892818
2288,0.1970907599188408,0.17410319062214563,0.0007570461264982417,0.8016421542752707,3,0,0.3848354518320925,0.05431261514186491
2289,0.05337611045570916,0.05907970160096024,0.0003909882026470372,0.44187437230706256,1,0,0.19194688695742762,0.04655480592404254
2290,0.07210264984487996,0.06699967106977117,0.00048281233942663193,0.553356718655446,0,0,0.23849968649264008,0.05134824596178496
2291,0.04405199587920181,0.07658232598054338,0.0004890944661515137,0.5857403129722173,2,0,0.2796530071019967,0.048158724974571826
2292,0.03584725715688196,0.0,0.0002805148796931383,0.5284783102258825,1,0,0.3406552087649977,0.04816317673820406
2293,0.10666665317059969,0.0982275500047019,0.00036894550655870836,0.6287259606698151,1,0,0.3132389579827104,0.045034466924189165
2294,0.09132832126727478,0.11405572147089355,0.0005715776970166216,0.5207400236298383,1,0,0.2918680469060868,0.04868678153496704
2295,0.2226242700840536,0.28768992052464587,0.0010464497568706459,0.7392796113419771,5,0,0.4309117186913855,0.055141150352179105
2296,0.10714277877272732,0.1651591301576606,0.0004051822977769006,0.3829961109377652,4,0,0.22862353783614794,0.040442583249738914
2297,0.10330053313701959,0.12147505254135277,0.0006724229819739796,0.4806322718833348,0,0,0.42544465433183654,0.054223405971169224
2298,0.0,0.0,0.0003069906687711424,0.5866048531117206,0,0,0.33802081864041644,0.048814527621148074
2299,0.28609733262782977,0.19614127926579608,0.0006643778749183209,0.42031348537122043,6,1,0.46847628032526134,0.050240690218479316
2300,0.19539437681972333,0.22994039571289934,0.0007668384032375239,0.7024143030980057,4,0,0.40626787414128207,0.0492202497689514
2301,0.29268554460374807,0.3017160351707448,0.0008163948386885831,0.8365594473368915,5,2,0.4243113679609653,0.04518319867719739
2302,0.10938530877580831,0.12939503380387476,0.00047366970044070573,0.3145133832088137,1,0,0.3323353204770688,0.04687484362285326
2303,0.083875448980654,0.1266448464769754,0.0005496299836305042,0.41991253924940175,3,0,0.3629157906171751,0.04734420899750356
2304,0.17604418024847598,0.20610746797920626,0.0006469385453277536,0.2699729001365067,4,0,0.36034937366072667,0.04699852540156629
2305,0.14569933404954116,0.11526437577945148,0.0005711391343129402,0.5351014288225102,2,0,0.40641595324457386,0.051845162116255936
2306,0.10942846921792251,0.13511281855559565,0.0006860220638023345,0.8067261145861984,2,0,0.35382598424610273,0.05146816097844024
2307,0.1710996559267115,0.11187201795862402,0.000467380572913801,0.514505184888297,2,0,0.3240427122389791,0.046517030313191064
2308,0.21377754908588187,0.22656538503088175,0.0006436566538758407,0.2739731410389454,5,0,0.25383011868351835,0.044972055926411514
2309,0.03848907804533715,0.011774042218021094,0.00025655853841487024,0.44936293460263604,0,0,0.3264416789198626,0.04429657754375164
2310,0.09826754098079675,0.102811196942009,0.0006933639338617024,0.46498032108197584,2,0,0.4207762532285203,0.05496371313401854
2311,0.07475572623310098,0.10942374470883225,0.0005374798674404433,0.45449262940219415,3,0,0.3473743249661118,0.04824619351448303
2312,0.05784703052593906,0.06422283296867426,0.0004854589855032336,0.355328736955396,2,0,0.2517053564293857,0.050229033820994494
2313,0.026094614383270657,0.0,0.0002749644160162548,0.18646066989693746,1,0,0.41392032701324943,0.049782912840099613
2314,0.24603512500855587,0.2846934027016934,0.001153524254771044,0.6805618190613364,2,2,0.3796133564391835,0.05446232733808598
2315,0.18403461865909646,0.17885325307991048,0.0006788051043583219,0.624472282347213,3,1,0.44230443752720694,0.0485750055741934
2316,0.07187208783689517,0.11636223192675266,0.0006234499140031418,0.4793901349521715,4,0,0.3776680094822405,0.0503304983202205
2317,0.2201156186244396,0.20246640845208433,0.0007310009721354655,0.694437720212487,6,0,0.43054994483801584,0.049334471662957936
2318,0.13705372700327478,0.12451317422453995,0.00050958068476768,0.6534511631110193,2,0,0.35701038362359516,0.04638739116663479
2319,0.1955039482431865,0.08749122556592637,0.0004478735932900868,0.38427758303040355,2,0,0.3215525874537991,0.04914446776245494
2320,0.1317039421025667,0.052064314354180116,0.00038966608554112105,0.3804462331820065,2,0,0.19950652313298903,0.0493435440690083
2321,0.08385846389798152,0.07198420302557375,0.0005171236449096838,0.4789642945382163,0,0,0.3146033230142453,0.05184652692010118
2322,0.09609888935559392,0.17485196507549186,0.0006654337050739991,0.6449784745720811,4,1,0.3290266362445804,0.04976044343405282
2323,0.17468048760937926,0.19961332607391738,0.0007296455845301265,0.7433892819752143,5,0,0.3210556432498534,0.048153256530572314
2324,0.0,0.013836718558453271,0.0003787661331733475,0.18806838177274557,1,0,0.25046188985720047,0.05207231911737812
2325,0.08562681866857069,0.09715780272196518,0.0004027374319451828,0.4521491236040038,2,0,0.31453569923460345,0.043026930663386434
2326,0.14195074843516187,0.10825917998539336,0.0004638991141695636,0.5494347331880164,2,0,0.344748840270476,0.04598687775296558
2327,0.0,0.0,0.00031489098919187074,0.406715910255639,0,0,0.34510013354741803,0.050385395455622844
2328,0.17189289616733416,0.16158614980013475,0.0006421670040095984,0.4795972585722133,3,0,0.40474590523751397,0.04944006471272623
2329,0.14706539914171893,0.11689247286822323,0.000581404673025031,0.5044982554847269,3,0,0.3387124184788202,0.05185944905309983
2330,0.1809062771709286,0.11945093929800703,0.0004653144936210336,0.0052887468718931996,3,0,0.2493606809529135,0.04586068313411832
2331,0.1318489358509351,0.1641042104465373,0.0006254219329204208,0.6490648559944489,3,0,0.38794161106487685,0.047595476013188566
2332,0.3799199667656274,0.3885587324251806,0.0011309386267659496,0.7612163015301164,6,1,0.5408742263563977,0.04941212192584558
2333,0.1926724341442122,0.16014681662839425,0.0005757304171238261,0.6354343586044076,3,0,0.22478414623474122,0.04874009446778759
2334,0.17989716695286867,0.2056961880495155,0.0008421675670452031,0.5620759451298388,4,0,0.43358352888102786,0.05049668984719861
2335,0.12717956368156877,0.11968776174638976,0.000629639041839008,0.6778815452167908,4,0,0.3712221715665549,0.05251432844895433
2336,0.04091922470187525,0.02158460681802929,0.00030655337296507337,0.6641252878596898,1,0,0.32211493682507997,0.046000348026006214
2337,0.2415830022917663,0.25976797981421834,0.0009761909034610497,0.7000894302808761,4,0,0.4232461481066486,0.05152809740444503
2338,0.20833618395832967,0.22289368160901318,0.0006362553654473866,0.7229773653107107,3,0,0.35129725333225703,0.04557198044900012
2339,0.20044882602146072,0.18007915073267677,0.0006461037821291579,0.5169362153107646,3,0,0.4138723809147219,0.04781304209493472
2340,0.2825046713308705,0.2781580149123206,0.0008010393114209727,0.5538528528194199,7,0,0.32711390304681254,0.04672178659943333
2341,0.057162802364054854,0.09136414451444318,0.0005839545403426847,0.6595837920352238,3,0,0.3695097583141942,0.05037482823727948
2342,0.08788907039225541,0.07089998716679038,0.0003361714548441998,0.1971059226121761,2,0,0.17100374997530793,0.041864253627912754
2343,0.2205308909589492,0.20799366995216628,0.0006899556684942161,0.7154210372882298,2,0,0.3629358939357542,0.04987479022992606
2344,0.18365869251784953,0.2193940470152017,0.0010449744901648806,0.5084834814880024,3,0,0.390626229133007,0.05483489635536466
2345,0.03235778248717789,0.06247807452492278,0.0004857374559662832,0.5242345696674499,2,0,0.4080399448655314,0.050676516725356675
2346,0.08827665548552034,0.11242309441301157,0.0005445010353200875,0.5965870593517314,2,1,0.32794995777101454,0.05011695356911824
2347,0.16797166401063957,0.12646389753484635,0.00050968293059604,0.59405616770733,1,0,0.36514871300357465,0.048343417886667
2348,0.11776818040322345,0.08103991885023733,0.0005480983828676839,0.30583368726722726,2,0,0.37740701905359036,0.05377310045663229
2349,0.037281871530678,0.0,0.00032144922195732184,0.4248365453883909,1,0,0.43111402055928033,0.05058898670789566
2350,0.17904659793439226,0.18195634047845427,0.000671374882346907,0.4936200997233139,3,0,0.3591356204055005,0.04767310304281092
2351,0.04458133496482819,0.08039552558985152,0.00044866291707465705,0.7958658544650407,2,0,0.3204739554949407,0.04756859964148299
2352,0.13472417679478324,0.15591004048411097,0.0006446937149453741,0.6179741841543385,3,0,0.40223506043977414,0.050048274978022084
2353,0.10433236880827604,0.018042959265341947,0.0003438122466734674,0.7527564961575202,1,0,0.4418206414559691,0.04920752247682223
2354,0.1544897962362654,0.19080482542258417,0.0007990934534383126,0.7918590747600138,3,1,0.3533765991110792,0.050942432466273564
2355,0.10709599744481851,0.13205344211763892,0.0006410471722779545,0.6329046947121252,3,0,0.41946049146203357,0.05062638716443104
2356,0.0406492545917514,0.051968403227332594,0.00036910209455098,0.2379738481875734,1,0,0.31622514978493604,0.04464914506871454
2357,0.13501899651788146,0.19035414592463445,0.0008128066357428457,0.7914366824169072,3,1,0.48540548928556715,0.05352926078363867
2358,0.14445833702306998,0.07218693873695714,0.00047815742856271824,0.6290873038263679,3,1,0.3788128668012493,0.05243686290023742
2359,0.06687382676539873,0.03556714314838128,0.0003352281767204338,0.3927913337351423,1,0,0.2932533575715696,0.045513621973489266
2360,0.12421776191235091,0.09020825486534899,0.0004939916823999885,0.16556974459621576,5,0,0.312053143517367,0.05000882694043564
2361,0.006402318622600113,0.020248635115292343,0.00031581960823070555,-0.33689746228694467,1,0,0.11245615414180442,0.04646012498258628
2362,0.1298826128748204,0.06311174800639366,0.00047111935065182077,0.5953473657248286,0,0,0.417511838499681,0.05230445616952239
2363,0.05338409545350253,0.028706243535161134,0.0003858059986542214,0.3381658081399348,1,0,0.394482472701732,0.04999653472587964
2364,0.030099125097139842,0.07103761146874554,0.00041905524853067243,0.561946568887163,1,0,0.30279363192745523,0.045377735147904906
2365,0.12248468054852991,0.09394015885960767,0.0005106228206441183,0.48039901883709274,3,0,0.37420707297503114,0.05023485938535176
2366,0.1212677518415073,0.08987631792549707,0.0003908278901951296,0.34891469621785987,2,0,0.2509563573441273,0.044476344732715334
2367,0.3211558930140499,0.24206143824561555,0.0007319957706659131,0.6944791241519988,4,1,0.49754016938589185,0.05069513437509384
2368,0.03152676213936358,0.03474190152840055,0.0003528548499383227,0.29097157062139806,2,0,0.19846342775890818,0.04798498239182786
2369,0.0883318596763007,0.09158609314416459,0.0005652677380285863,0.5488674713562408,1,0,0.4301551466874745,0.05112716120449429
2370,0.0482746896491841,0.059628918569523764,0.00039953456587143375,0.18381309646205513,2,0,0.19814126329497023,0.048524875625901624
2371,0.05408780637368797,0.07061537231721021,0.00036013023608343016,0.37364430794705356,1,0,0.20612932537500486,0.04345515318413843
2372,0.14126900631705458,0.015013843332075578,0.00034314771128191523,0.1973116159271204,2,0,0.1731171042922386,0.05235866460523205
2373,0.10370025879290458,0.09708288164422652,0.0005679676715420512,0.37076496511437645,4,1,0.3578953614926075,0.05014728090538326
2374,0.23620255355816216,0.1843832331653845,0.0006841883537802646,0.792884071405604,4,0,0.4487553927736014,0.04986968826673085
2375,0.1954912078752643,0.12425671361726702,0.0005818174099780414,0.6007118525915108,4,0,0.34103739124923094,0.05089204151375594
2376,0.21413742696166088,0.24065381024347146,0.0006859510018751091,0.6872968541539276,3,1,0.4145757442772518,0.04595906060250172
2377,0.13814081972492917,0.1597328357355466,0.0006438196243620213,0.7023514436948368,3,0,0.25622418831368005,0.048073492601376264
2378,0.19608243653834997,0.22822339131055436,0.0008598125428611372,0.7552318254209117,4,0,0.46634996331409395,0.05154023861913217
2379,0.017046721212237707,0.032842021399683494,0.0003285750169452665,0.14361540234769724,0,0,0.17158575695999098,0.049571264332498394
2380,0.011511314075941081,0.038213609264839805,0.0003496219905547156,0.2842998478140572,0,0,0.19587746646626344,0.04741319130200196
2381,0.18136654685825615,0.211262703935472,0.0006735878466703073,0.7308301763335029,3,1,0.3650671816773325,0.046026476488391525
2382,0.09181987929118092,0.12917929072137174,0.0005543674265099741,0.698022071609552,3,0,0.46210119751883455,0.04930528995550601
2383,0.170617921360767,0.18114565041528927,0.0006854991344425592,0.28001370514273527,2,0,0.3499640707209915,0.049096420565294986
2384,0.05080466040197778,0.0,0.0002614929717825111,0.41581175103639245,1,0,0.24314031012213708,0.04621047801321187
2385,0.01003362191482368,0.054412270847316244,0.00040245228082396584,0.5855088096611458,1,0,0.24593066886633005,0.0474447430011184
2386,0.15160150152276103,0.1285633614453151,0.0005972557574269857,0.5920700392148148,3,0,0.41190748844692204,0.0502572582030187
2387,0.20329642545327034,0.19946874763331082,0.0007422675995124592,0.4660013061838251,4,0,0.34712957263140753,0.050433520216715856
2388,0.058294758082851464,0.06557814009867655,0.00038983628282478655,0.4513132161072693,2,0,0.1933019015896989,0.04482713141206217
2389,0.04355277689212949,0.08054010655312419,0.0004468311241058459,0.42076560000083496,2,0,0.4107379802235321,0.04661553281774251
2390,0.15716385657147489,0.21063743941649887,0.0008455630220295216,0.5550652283145636,3,1,0.3777545420006801,0.05199056430371881
2391,0.11666291419704933,0.10404198141907398,0.0005291070985969636,0.6544364876526848,2,1,0.3454981163508059,0.04931403794670939
2392,0.06149084275030432,0.08127708485395244,0.00048386775756385835,0.45136235442984063,1,0,0.27221874903316284,0.049904386024582484
2393,0.13313740967366966,0.14555932215173076,0.0006339001541539061,0.756287079378595,2,0,0.29847759398145296,0.051463406940285755
2394,0.1129122171289581,0.07377213685279764,0.0003427658437190616,0.4893532093291044,1,0,0.17110717013920806,0.04392024421923812
2395,0.0447648694959293,0.060509187292569884,0.0004418787549836469,0.07577625284691515,2,0,0.1676508710029489,0.04808742016665575
2396,0.13089695415427618,0.14518459203326592,0.0007570214319799368,0.5171976978415482,2,0,0.2758049075289225,0.0534780323458165
2397,0.08971411246433733,0.060260306036404906,0.00045194432860199763,0.4789092840828852,4,1,0.23194465218811608,0.05162612588245313
2398,0.09338910830261662,0.09729934466960714,0.000541158051192635,0.3759683751220782,2,0,0.3116883144827311,0.050557818045366375
2399,0.22262472925155746,0.23850059773761462,0.0008836972914124135,0.8892429466114128,4,1,0.4583187143767588,0.05160075453294626
2400,0.15866533257237164,0.16777867751381104,0.0006393766115837798,0.6448771003670473,3,0,0.408660798486398,0.04965402545242432
2401,0.09678414985597653,0.15292517752770868,0.0006240955801039528,0.3716326527844938,4,0,0.4151588103062218,0.0488637624828938
2402,0.11566545383046221,0.15767265228779523,0.0005665557519504563,0.5588527340555862,4,0,0.20472843488588896,0.04657367375620101
2403,0.25732944215269726,0.3052844075124734,0.0009099546429815588,0.8978241436090401,5,0,0.42003444120131544,0.04718660550640931
2404,0.10398661804933933,0.09859728829359915,0.0004953572440556031,0.5072595077327681,3,0,0.3512398161279911,0.04808355290354089
2405,0.09860752142964435,0.13109479014629807,0.0005928586253463101,0.36670648925298227,3,0,0.29165132445645237,0.049771827993211504
2406,0.3084554783321816,0.31488579989192594,0.0010722290329449856,0.7695970957471295,5,1,0.5296429881690157,0.051433972850795394
2407,0.20749617802902204,0.24395875578360884,0.0008925565236392789,0.691216875809141,3,1,0.41562278143358383,0.05002175845775969
2408,0.2810576984501857,0.2599115365409527,0.001025554696693817,0.8203602467407144,6,2,0.5479644092699337,0.056232776446081906
2409,0.13715298991186775,0.11650150312569758,0.0006101492289616919,0.7973942240948833,4,0,0.3478502663441008,0.05174075254813124
2410,0.1334854131094344,0.09316879471399091,0.0005673304241014022,0.6505012997986698,3,0,0.3604079708227793,0.051461129486751425
2411,0.07424592971168334,0.13518197238774507,0.0005453785595896729,0.5704212820221212,4,0,0.2795946749482467,0.04710044199055696
2412,0.08682910258041508,0.0963531609920019,0.0004901983979489086,0.7675402541975269,3,0,0.3950704402715079,0.04731618271275406
2413,0.0,0.06707545397471545,0.000386509074054128,0.5940948832545745,3,0,0.18711430679920155,0.045696264295408205
2414,0.1397776515518114,0.1460265826976557,0.0007223173609932124,0.7937860423705633,3,0,0.45481061916951887,0.052779664072899767
2415,0.10058540486737136,0.09525038198473372,0.0006258799374305545,0.6018414238353107,4,0,0.4680903038550878,0.05375524753150603
2416,0.10564911666702068,0.08602444440332256,0.00038136215788500303,0.4934755134579402,1,0,0.40614346041568156,0.04469180744963697
2417,0.18425703002576183,0.2062629139264322,0.0008169101193181759,0.646612302505064,3,0,0.3995965910273232,0.05030111532718924
2418,0.1763840901380914,0.1696151159380205,0.0007387157998990633,0.6483896243012528,3,0,0.43165603382497675,0.05325869648015447
2419,0.06197235668140966,0.03185597957151249,0.0003031453386206168,0.19859614255444502,0,0,0.18059550237166128,0.04452173410045543
2420,0.23266446896765103,0.19157397853090888,0.000712588288523419,0.7495651185057949,3,0,0.3513968977593742,0.05125348632371955
2421,0.08182426205469383,0.05602156776076654,0.00035946241957280056,0.17935362017104675,3,0,0.2880995736852014,0.046381624989271855
2422,0.1597542696173354,0.039950093128621016,0.0003332637334467362,-0.029522815893401267,2,0,0.1435431754496457,0.04788609074589398
2423,0.06802141213960851,0.07912015895345251,0.0004472679765567526,0.6213648244318967,1,0,0.4609606276899788,0.04870018310944604
2424,0.037221314401067726,0.043196079541011276,0.000477378906834989,0.20581328212616049,1,0,0.38966162368241786,0.05261066322126125
2425,0.1391173365322831,0.149320964087014,0.0005447068872813674,0.7708185868359239,2,1,0.40003335041457766,0.04616312304075673
2426,0.08129792415512141,0.05984011965764255,0.0004358152851664998,0.40341439083281483,2,0,0.3037916928184054,0.05238152634505037
2427,0.10901065623030182,0.11666191089303966,0.0004897973217438831,0.4157881789893755,1,0,0.27875199960554936,0.04913212583306176
2428,0.17805440003193618,0.15068721686893366,0.0004236037340055065,0.30590997289191935,2,0,0.28438338919265044,0.044088558889672336
2429,0.14151197470441318,0.17818877463854932,0.0006853369839913045,0.6579823158191658,4,1,0.4098907080344191,0.05114438028406832
2430,0.1551760186215349,0.1408204903770448,0.0007060648882419225,0.8271395975545186,5,0,0.4698634000301871,0.054549759768167616
2431,0.0795205187378923,0.09370758772927995,0.0004867775520534596,0.6449832164042569,2,0,0.29206348399016413,0.04640894791190243
2432,0.008823955683360684,0.0,0.0003180409349379652,0.111757629678477,0,0,0.21718848662592363,0.050191709555645864
2433,0.0582075334787892,0.03420487077495582,0.0004990027815119698,0.5188741423102151,0,0,0.4408443182789395,0.05637684730053947
2434,0.20281889732265432,0.16461091291326885,0.0006373603753017384,0.3691520070857248,3,1,0.3751162489686607,0.049002009134021696
2435,0.043686928158112814,0.052076813739764485,0.0004487651224293536,0.23246054007225297,1,0,0.3628955418735347,0.0491361092946654
2436,0.13566183814328003,0.12147320100167736,0.0004762132124339869,0.15273576891763255,4,0,0.29770915584611213,0.04560563498433372
2437,0.17384062620508822,0.20614586635086604,0.0006913815961331261,0.7467641004427066,5,0,0.3721746914198032,0.047017351098735866
2438,0.2378070993407542,0.23872438554693273,0.0007087658992683333,0.6620828023963451,4,0,0.3642744950830923,0.04758560108580226
2439,0.1790168411284749,0.17713658327051657,0.0006083631430908457,0.6976489672396317,4,0,0.28741963320775565,0.04871660308220782
2440,0.1044412212883449,0.10973793326394657,0.0006622437909198257,0.7363272329029742,0,0,0.5081466711506546,0.05589068925525129
2441,0.03701326109612199,0.0871800641146434,0.0006172893092611282,0.4547781969002979,3,0,0.3759364869823596,0.053954391436211474
2442,0.08450028470619501,0.10058663339064691,0.0005645854293706628,0.3360512530428693,2,0,0.3736640963558381,0.05080241733207313
2443,0.1890242586457125,0.12360349522473021,0.0005094545770812669,0.5025792708135609,2,0,0.3288906127364125,0.048081994117215636
2444,0.11855014654364189,0.09862508126557695,0.0005719812305822134,0.45810518561152436,2,1,0.37893303994337774,0.051109237234283275
2445,0.01962064388391186,0.0,0.0002556404288019291,0.31070450914230724,1,0,0.25459254327909897,0.04776016180710335
2446,0.01813855602316317,0.0,0.00026487194513064147,0.23232175093340254,0,0,0.21344015495355437,0.047814542777062576
2447,0.16275595457194508,0.10423079414086574,0.00045491477545163135,0.4027363749977127,2,1,0.35792879604404,0.04791511446917996
2448,0.037439265963021634,0.060974128838241125,0.00047736685137139044,0.5497541114775943,2,0,0.35840900860065816,0.04929476046942493
2449,0.2417678287017762,0.22449833300576405,0.0006966094440578906,0.6208810647025894,5,0,0.2976643067985358,0.04732255458812555
2450,0.23002765867263597,0.26859329965536977,0.0008582075232990581,0.8188486530132042,5,0,0.4640383232610536,0.049680487434303804
2451,0.0762091114401063,0.08368568451584034,0.0004589897167316931,0.2988546163432312,1,0,0.21076359609209716,0.04720174494106558
2452,0.25247128309135886,0.2681238989144657,0.0008364578256449553,0.6015323791602105,3,1,0.3362912623729973,0.04886414949183972
2453,0.23714142342647163,0.22870768175161763,0.0007673378775084017,0.5744113448601017,4,1,0.3977819953169446,0.04985932923698268
2454,0.3323554768301366,0.3421689097796502,0.00160215715940161,0.7565951066707655,6,2,0.5016423420997492,0.060204701389026324
2455,0.2754753360508604,0.2769368057367475,0.0009844508224070598,0.7089068436993747,4,0,0.45505648305031254,0.05291360273300697
2456,0.08592741742225751,0.12517181539226246,0.0006448748801450073,0.5888111131503894,5,0,0.36317208590287187,0.051890804387751885
2457,0.2230631096782295,0.18074017179431298,0.0004974666549055914,0.7487974695829245,3,1,0.3890830535282624,0.04431847420863989
2458,0.18772455444731825,0.11309597330249706,0.0004739839063639308,0.6696888346688878,3,0,0.44416888306551894,0.04944910353440303
2459,0.18090766746252576,0.19951583368661663,0.0009440478108411072,0.7500522072501394,2,0,0.46370281822194787,0.05601654084395002
2460,0.09165243491780008,0.15640486814971158,0.0006667090611806797,0.6869419147319843,3,1,0.31750910565877766,0.05036437654868629
2461,0.2012970031491859,0.12682899426446426,0.0005541282909198075,0.5994739986186621,1,0,0.32052565810532146,0.05054976651541221
2462,0.07143802109823767,0.0347871961238338,0.0003316922763865032,0.11751351093414267,2,0,0.22964616118222947,0.04688046797813226
2463,0.041774574081072616,0.05245433866618967,0.0003974485561578577,0.8539318612671191,1,1,0.3449628068897669,0.04733773994118292
2464,0.14525156637306272,0.18099005689073625,0.0006696401276192421,0.698308847210724,4,0,0.44391291704273084,0.04901855656732684
2465,0.23654011978715414,0.2396978736864204,0.0006907660074531621,0.6745327371557392,3,0,0.42067666832462297,0.0456686459909798
2466,0.18857279595483134,0.1878615491843992,0.0008315455712781125,0.8627551035578317,3,1,0.35720239110655405,0.05270401676970534
2467,0.10705313961125608,0.14977217618336602,0.0007018865096140458,0.6944936924010373,4,0,0.37808358669710934,0.051476447381987464
2468,0.17373915524822922,0.18814511851613291,0.0007931447705051583,0.5436085196727234,5,0,0.37496588329311986,0.052757351883809415
2469,0.31361631622854974,0.30658378845118406,0.0012717763692258605,0.7271443458214177,6,2,0.5063456835366983,0.0575791341698193
2470,0.1570227472034833,0.17858579717993528,0.0005259405255144844,0.531065015408578,3,0,0.32746281956352497,0.04506034873504787
2471,0.03542006155601523,0.027395477442062048,0.0003306736101825091,0.2653021251312103,1,0,0.2156702212495062,0.046908715867816295
2472,0.1325413156467101,0.1303461790197278,0.0005442428910264127,0.35185322189287227,3,0,0.22216636218282726,0.048624409919645284
2473,0.09330672021080615,0.08812950816986466,0.000523527538398934,0.5333477109584982,4,0,0.29650051654496046,0.05156429204120871
2474,0.10613206151929684,0.09399479304634228,0.0004244233312863237,0.29173010285576717,3,0,0.2085454509512854,0.04730677287761105
2475,0.1724272249644038,0.20712803489365025,0.0007401444179071538,0.5671899809825727,5,0,0.3345137013788529,0.04855229075045883
2476,0.13599480889462276,0.10604927027612472,0.0005418960696296359,0.47928476446421525,1,0,0.37587363221951253,0.05040399867133577
2477,0.12716478786059685,0.09835090440693817,0.00042233301761158883,-0.06998695194411911,2,0,0.14341291924363458,0.04670763709160082
2478,0.16131913884336577,0.11736485478980127,0.0005550076977842486,0.6144730436273945,2,0,0.4340216520410815,0.04959496740617061
2479,0.06195110776755246,0.10110027786909893,0.0007500001314060412,0.6659250329385972,1,0,0.28592844539157375,0.05725276896659346
2480,0.19928550076340634,0.24057521009902308,0.0007849632361775958,0.6926179885995108,5,2,0.36181282767362377,0.04861385402042815
2481,0.1663890750034217,0.08931654021411797,0.0005438850133254966,0.42000442247226205,3,0,0.3661842528819042,0.05275632753635321
2482,0.08285644753950212,0.10197221559639368,0.0005293699595436505,0.4876247377112355,3,0,0.32712242648867923,0.04920821572758664
2483,0.0,0.008580224652067417,0.0002841075179401204,0.12364661156460835,2,0,0.17930653688797216,0.04502397350701979
2484,0.11959337853816485,0.08044540306844601,0.00037321256587803013,0.4227303136665573,2,0,0.3394201836286386,0.04449277506354424
2485,0.20974834701736436,0.18039952875600257,0.0006298254250678069,0.6153765568815854,3,0,0.44834234654669847,0.049885592322874844
2486,0.17873822191738184,0.20347457595254523,0.0007207223050951918,0.5906616973235381,4,0,0.4543508070824542,0.04714031131378102
2487,0.1710113956807234,0.09136634480618946,0.0005635731717883117,0.36474354412835397,1,0,0.3686004059304257,0.05417869005174752
2488,0.29759036346424794,0.31270805391739237,0.001046661635475095,0.8197846280831005,4,1,0.41410597323884174,0.05166431640785424
2489,0.14268248077086243,0.1675463431709454,0.0008233151138053161,0.7519503114703494,2,0,0.46983042321927093,0.05525901514201138
2490,0.13324103801215856,0.15314357029687284,0.0006811239701061926,0.5667027711367818,2,0,0.4294540796684632,0.05099883189943509
2491,0.20343673258391295,0.20755119688893559,0.0006806805903799018,0.7300092629273609,5,1,0.40357123932145833,0.04741171978841689
2492,0.013014134104324998,0.09344814926080887,0.0004144947127229457,0.6208981870466099,2,0,0.3064256575964673,0.04487256784021684
2493,0.24741556894665426,0.21971079436591207,0.0006244598629598117,0.7054952394625492,4,1,0.3588942835066005,0.04665733013037554
2494,0.1685777055699342,0.22435574361949523,0.0007802277678613361,0.6853735715356158,2,1,0.32847376955226587,0.05004593124017651
2495,0.008647374454866663,0.042487565877401316,0.0004110506937167236,0.3978556844727363,1,0,0.3262270474727329,0.04879379589265985
2496,0.02735891497034727,0.07149731659168167,0.000375836980316049,0.322814126966061,2,0,0.28167094670884785,0.04365540957550397
2497,0.1524099819884562,0.1837787971507408,0.0009444402465410234,0.6509232923348646,2,1,0.39090828634071295,0.056997427109760974
2498,0.014390294905235208,0.05087222340103501,0.00039208466917688514,0.32521262780744015,1,0,0.3191843378214517,0.047441535441964465
2499,0.3025967009019833,0.3256212831398189,0.001107741330495371,0.7747935724769905,6,1,0.5144501317654949,0.05219107077338717
2500,0.10261486890508455,0.118691979074124,0.0005328847221172036,0.6420330447611757,1,0,0.40061824552123865,0.04673905756092001
2501,0.1538968381384867,0.20160364826917337,0.0006200197886143,0.7653679490381123,2,0,0.21803089992607774,0.04582918363114471
2502,0.14230387868111247,0.1514523622393123,0.0006127774773007045,0.6421629223200244,3,0,0.434468675263847,0.050160443962313256
2503,0.1554978290888217,0.15360398868109995,0.0008044529320608613,0.6722912213861327,1,0,0.36086317863446316,0.05548128645154264
2504,0.02061181643115432,0.04836018628713082,0.00038806659933309754,0.2097296456443211,2,0,0.281671433940216,0.047946757310644385
2505,0.22017282828315926,0.27662418624073937,0.0006383966263599312,0.8416779492557945,4,0,0.4686044928774836,0.04190000344696167
2506,0.08426282828508029,0.02921075847805031,0.00036640213505832037,0.5761074560444193,2,0,0.3219607067374607,0.049453389231011946
2507,0.02581275969018366,0.022639815117624324,0.00027467227647623937,0.8118158000495722,1,0,0.29781368116892676,0.04270086669173142
2508,0.20487106214831086,0.16333234986242592,0.0007343277181696752,0.6604564820682666,3,0,0.44815194487188886,0.05345389591555246
2509,0.312574888944121,0.26465680850629714,0.0008274720579924353,0.655884435166622,4,1,0.5022597407472494,0.051068836054011496
2510,0.23515153515023046,0.27607700146707903,0.0010307440815077533,0.8230562278417412,3,1,0.43464973957553116,0.05104518049325569
2511,0.1941887985103944,0.1752246048370293,0.0007034234133202578,0.5459009041764467,4,0,0.3332661673804036,0.05145618180328191
2512,0.24421037587819042,0.1680028020316445,0.0006725711345831067,0.80118410504832,2,1,0.4886473733586519,0.05183348128278401
2513,0.15183757933442488,0.1712405421345643,0.0006113621235042509,0.5123085161601523,2,0,0.3335507489535515,0.046465605538957615
2514,0.13800267069895739,0.14499790155924047,0.0006116870780717028,0.14156190060091334,2,0,0.3409896573469453,0.049750193787641124
2515,0.010887772900847144,0.019810912573083785,0.00040620310233379156,0.5399015778197362,0,0,0.27194022833796166,0.05092928065394461
2516,0.14994831747633244,0.1394638094489129,0.0006211134669100404,0.4276380664061584,2,0,0.20753284084193319,0.05179408176526464
2517,0.1630981571354192,0.1404783460683547,0.0007050145727375066,0.5790073357228646,3,1,0.3550534386014369,0.05425773316627081
2518,0.29905052570215757,0.22161120304169482,0.0008282686460176524,0.6614216297681977,4,0,0.43547093413340193,0.05302837627587129
2519,0.13588184785803772,0.14291535511206258,0.0005370848389341576,0.5291381057507458,2,0,0.38080065795825063,0.04569806369453598
2520,0.16063500530337016,0.150665851215496,0.0005168736492657001,0.5232116341280271,2,1,0.36949049839846737,0.04404516612745698
2521,0.13118026166035118,0.15701240132623734,0.0005948842409136982,0.4073422398895859,3,0,0.34989138981679735,0.04908952669660979
2522,0.05357418744879971,0.06595277025889228,0.00046254244440730016,0.6056384063201202,2,0,0.30438086947903464,0.050339896391650464
2523,0.05425229420803057,0.07650783225349586,0.0004163970094451013,0.2010743816490802,1,0,0.23667158467537291,0.0466802195327072
2524,0.11198632077185723,0.16766746409552055,0.0005487460147977609,0.535625285057082,4,1,0.2987101661401756,0.04427172338152492
2525,0.1206556800036658,0.07737532426624912,0.00035935831390000045,0.5077520857082916,3,0,0.3007217876879397,0.04367120773828859
2526,0.0,0.000832799216190419,0.0003273220576132289,0.4427706757153296,1,0,0.4016895325355177,0.04874791339108253
2527,0.15227963162905503,0.1525692987339282,0.0006616854105484218,0.7216607400703626,2,0,0.4141918002739039,0.05031329242433013
2528,0.10076660831272767,0.10185368531448905,0.00043249370158890215,0.6651383660922434,2,0,0.47818751828923506,0.04633350429814142
2529,0.10649039377461499,0.1277556768510123,0.0006891241693522521,0.7919766161940601,2,1,0.4981215588439706,0.05238477549435659
2530,0.2486424898847685,0.2835696489662921,0.0009343229298141588,0.7140941812190965,6,0,0.4385724646799265,0.04955900130886485
2531,0.10796198060072437,0.08161846604213611,0.0004629821404090314,0.43768444801971634,3,0,0.38867527967934806,0.04912450682696589
2532,0.1863552413297127,0.17115926277551227,0.0005875754469846149,0.7138713679239761,4,0,0.39159186341169955,0.047037454150718694
2533,0.2917167925768685,0.2327871722860363,0.0007888028006551986,0.6934137374033389,3,1,0.4618505690523674,0.05153857713603496
2534,0.12290653340755554,0.14565579138333953,0.0005566617701270391,0.7728331971357781,4,1,0.42929818543549886,0.04603739480049099
2535,0.08200585729989888,0.1034451065030274,0.0004315794955242643,0.4003593927129277,3,0,0.21657622476719274,0.04422019308430738
2536,0.047255081089529985,0.022433157831337782,0.0003690510764167683,0.3546592475671506,1,0,0.32804020962079905,0.05025089292383532
2537,0.2060662688967246,0.12046349955994241,0.0005729586584497166,0.7781722614155908,3,0,0.39283795550786044,0.05157828184609531
2538,0.07936811336562234,0.024946149435020538,0.0003304543395824404,0.5697511302770911,2,0,0.3042707318894291,0.047573497929892704
2539,0.11581003470327034,0.14755405217002138,0.000669681238510238,0.5036508184654612,2,0,0.3736847885152645,0.05198859533031218
2540,0.14084897446159703,0.0991863103281709,0.0005728558633232866,0.5877182040529645,1,0,0.37128991129762995,0.052210467535736084
2541,0.1867233838102272,0.20408720164978053,0.0007564102800584643,0.7770451143707573,3,0,0.41165290513885955,0.05010521877722951
2542,0.19990246296182934,0.23329087176586968,0.0007139300755711,0.6550997004360934,4,0,0.31241462418245974,0.04769661408207659
2543,0.12462719978147305,0.14666444412926916,0.00049624663020229,0.4486556136564079,2,0,0.2314018737468497,0.04605815272699829
2544,0.14314367287739083,0.12987195978949462,0.0005885643370588903,0.43908493800116033,2,0,0.28023083122757353,0.04825383582909335
2545,0.08020138638487463,0.08706839269642393,0.0005641962872606749,0.546456032174421,4,1,0.3273483400684818,0.051898360946302804
2546,0.21939128284537768,0.26434220718356644,0.0007624957427434087,0.7053824470375425,7,2,0.3407070261915766,0.047839090005284426
2547,0.307035130567154,0.3618061344620451,0.0012081932740849724,0.8895825848000575,7,1,0.4899376449507601,0.05048157993412766
2548,0.15445037470085624,0.13021677507559476,0.0004892948582240543,0.6335284452635909,4,1,0.3155767355750622,0.047231569953445074
2549,0.03361046269244921,0.03583941000113915,0.00037989725433059605,0.41272948497781414,3,0,0.2609211620010732,0.047735073697356016
2550,0.02147688839823457,0.0,0.00026343389814327854,0.1298901534134294,0,0,0.27135589093523665,0.04789011216424561
2551,0.08092969691773964,0.10610680112588843,0.0005315186349520056,0.5632264156403315,1,0,0.40538901494697493,0.04946872275826138
2552,0.1868117932470564,0.18103705856822488,0.0006281671462167067,0.5987222514100127,3,0,0.3678442909529343,0.04831221410942515
2553,0.22124660546976893,0.16642627340895907,0.0006943381072862445,0.4016843433555732,4,0,0.27173833544807996,0.05264712160436235
2554,0.2775812078049724,0.2843642899782093,0.0009681400039381248,0.685430059237832,6,1,0.4586710305788467,0.050425148004770375
2555,0.11178956558940197,0.1429840790927421,0.0006233618033964527,0.5930119210488444,3,0,0.40068015358740083,0.048188577550343115
2556,0.19702055349669578,0.055653749190169764,0.0003840414225168794,0.3739546088370004,0,0,0.325464180474965,0.049859149136418285
2557,0.11853019793745186,0.14293291817402812,0.0006381836182358522,0.33653145733682194,3,0,0.4516436568179302,0.05073715490034901
2558,0.054520555552337466,0.07208045284370955,0.0004695043694601686,0.1268841244207755,1,0,0.27776610827715503,0.052070027085740656
2559,0.15512695467796744,0.16933186610419618,0.0006073648048418846,0.5888079175286127,2,0,0.4351833835183414,0.0472309057806608
2560,0.10190953074006569,0.11469427516193358,0.0006320317250629532,0.48975057321569376,1,0,0.3664796728271354,0.0522438507603424
2561,0.18278663723540747,0.14986340170142276,0.0006741798597138537,0.6904057739510527,3,0,0.4686296733799294,0.05181358779826998
2562,0.0064926974185048085,0.0,0.00021428967002310492,-0.12194020832654288,1,0,0.28704084781511363,0.048031575187210865
2563,0.17293335169485136,0.1620405480425216,0.0007592453922709058,0.8947828326221607,3,0,0.5285106687557382,0.055933135490887693
2564,0.0,0.018109654515004316,0.0003197522072547364,0.2767739990914487,0,0,0.2871484194453304,0.047101268656062734
2565,0.022373768008448088,0.04837532702469513,0.000503749827271822,0.4737120081891121,2,1,0.3116693543187069,0.052558612935499065
2566,0.10502394492481365,0.08159468348202743,0.0005196398104514189,0.5784394281374289,4,1,0.3830718313268608,0.05107579960960165
2567,0.41179084953631834,0.4088188493549674,0.0013356098331426987,0.8109909566139167,8,1,0.6310371308026298,0.053883705403599054
2568,0.15109602804660496,0.1562977581549857,0.0006837247053181182,0.4382315856721903,6,0,0.36546195473117743,0.052470140120811914
2569,0.21591600838118122,0.2383760641403077,0.0006722526025693747,0.6594747157793097,4,1,0.36081075304602256,0.043276642822520056
2570,0.13167700724724604,0.16805974345911837,0.000876608488567894,0.6683720058174816,3,0,0.5237210993668576,0.054322192803583094
2571,0.3566483716437619,0.39446112902491903,0.0014049330064010537,0.8020635536478827,8,1,0.5553432078520133,0.054339093580293985
2572,0.20464496208301547,0.21506662746380367,0.0007980769812746495,0.5838439426009747,4,1,0.3055726039735994,0.04993158174094393
2573,0.023970285116847838,0.05715609857984111,0.0004258331998755277,0.5301760952529282,1,0,0.38901763765385977,0.04835868951642105
2574,0.1836311156097192,0.24096254999346559,0.0008880443451001552,0.8170663307535826,4,1,0.4618471552022827,0.052149265969469005
2575,0.09122520816104156,0.12309662276357035,0.0008361326036265611,0.44099656441164203,3,0,0.3468877818734191,0.057050931219651956
2576,0.17702961700362926,0.18218213659423294,0.0007251086164570339,0.7069491338177588,4,0,0.3243631254180879,0.04971817282293854
2577,0.07578574262953752,0.10942023980315696,0.0005247816253575997,0.35451517242672154,2,0,0.19824652126285722,0.05070040058692455
2578,0.17502497817233292,0.1512868564213393,0.0006714480057479945,0.5207870344582523,2,0,0.1915470383477578,0.051945367421807796
2579,0.09405611470072048,0.07220624793447714,0.0004201385695081556,0.45327445182602333,3,0,0.23553040125008257,0.0478599064763469
2580,0.025666072698500342,0.010427562391454629,0.00032502920699669963,0.14825689560218794,1,0,0.2103828076523436,0.04842769217438667
2581,0.17852605057309168,0.13357805401361664,0.0004587489795874919,0.46243227730632525,2,0,0.2580088044672718,0.04435411067996796
2582,0.1263339779854243,0.09357204770441048,0.0004152218441959674,0.3216727997037635,3,1,0.35371311867782723,0.04640133407942562
2583,0.1280354095380755,0.1276192281978107,0.0005794759568816431,0.2805295909171839,2,1,0.31043989835049346,0.049127245751578126
2584,0.2092202025523884,0.21130325454693874,0.0005116633862114342,0.505444794070036,4,0,0.14285364458635583,0.04435914305288261
2585,0.02073889911999218,0.07234686183747054,0.00047638292988419755,0.6909922417371455,1,0,0.36231722612356376,0.049531324398787824
2586,0.01180369466089046,0.0,0.0002405111761625198,0.27356504353168754,1,0,0.24295680254675314,0.045328489878798686
2587,0.10345880480776888,0.14116412481348006,0.0006663381028110925,0.5854861445205402,4,0,0.364468816348515,0.0511122957848661
2588,0.059959161419745576,0.0605680598215891,0.00034479144973197155,0.51216442649661,0,0,0.27538368943163,0.044653419066358786
2589,0.19838893115322215,0.22377742241729212,0.0008684905498674203,0.5929492231088662,3,2,0.4332116705178375,0.05257627539909743
2590,0.07958199031183061,0.05258888279712045,0.00038062372115670203,-0.17801376551190773,2,1,0.17016789192489543,0.04749751032550748
2591,0.06677513571881295,0.040099256721149334,0.00042994495925978,0.2294243271336984,2,0,0.2664728409108316,0.05241754116252827
2592,0.0381005306723192,0.05895481027235237,0.0005046330899528648,0.48699090181568605,1,0,0.35444089804896517,0.05103485257673195
2593,0.0647019362377485,0.04202787892401078,0.00029524730753843325,0.40615845627126496,1,0,0.35159776319616853,0.04314960058810829
2594,0.14206166366286016,0.16581715240326642,0.0005907715604997091,0.6136229297565317,2,0,0.4010965474125965,0.046958546856145464
2595,0.23189058781365957,0.19905337630220818,0.0007215525028709615,0.7827552585081632,4,1,0.4147304363331831,0.04950145760378115
2596,0.01322930783880941,0.07320942117698516,0.0005163458415473898,0.17563983403276873,2,0,0.31207643805493757,0.04926055293870123
2597,0.0187336768994069,0.03042124209497245,0.0004922259588823474,0.2406720292117904,0,0,0.3372774162030318,0.05590424872247006
2598,0.05917363673695331,0.09172893765337901,0.00039953196115001,0.6539509526575868,2,0,0.2011347174946917,0.04512039063092635
2599,0.07586137105794029,0.11611709038869843,0.0005580695021952505,0.7110622615477755,1,0,0.42892819594266396,0.04848790518097054
2600,0.051613461035861674,0.04282344959431689,0.0004621364904059397,0.43471923393173695,2,0,0.37180016136972377,0.053523798361520304
2601,0.15956936217036025,0.11924532950657607,0.0005136375697642354,0.3075598214601528,3,0,0.26182680187747354,0.047209535766685844
2602,0.26355570912950227,0.2598876884546326,0.0009215164891237825,0.6912026744289111,5,1,0.5125760092205575,0.050433631473197196
2603,0.08405052887713158,0.07930539752445998,0.0004441384130824447,0.1937328133670976,2,0,0.23844222993248204,0.047043189834344225
2604,0.051337132948263864,0.02880249468828192,0.00037110137377599457,0.22153558782708313,2,0,0.3110051704047617,0.04917541635870818
2605,0.08843532549151804,0.09206835703041673,0.0005334812383247959,0.6277172751710265,3,0,0.2725216793358127,0.051637987053705314
2606,0.014572969092318094,0.04087420210287124,0.00041748570280636057,0.35525302328310376,2,0,0.1314688115349516,0.05124767123868474
2607,0.1689179365823601,0.23143975532518984,0.0006546769176595809,0.3097412457272629,2,0,0.3194846701808723,0.04545711978708675
2608,0.0,0.0,0.0003435548664419701,0.13630121527237618,1,0,0.3238565243762606,0.05309047475658579
2609,0.3009231573930293,0.2870811787669739,0.0008879503857614831,0.750388601812121,4,2,0.5680393725063503,0.04849658192605114
2610,0.2014140173892088,0.17901844973280845,0.0007308903226251324,0.6170693277043806,3,0,0.39605119195704497,0.05314522548666501
2611,0.26965414143918787,0.281731357733739,0.0008900452103633314,0.7207567041964928,6,2,0.3112003934642982,0.05110006751444097
2612,0.19499554935904492,0.20549284783218574,0.0008046989481397633,0.5962412576341265,6,0,0.37829529520537664,0.05070260943125022
2613,0.20699928583967347,0.2122122051600713,0.0007706513724578544,0.8213412973576347,5,0,0.455068393036364,0.05063606393685638
2614,0.13890170717304906,0.14730098135998315,0.0005941262690026707,0.617585364303493,3,0,0.35319302241464234,0.04780826502238249
2615,0.36651552566816975,0.2699796819186434,0.000726517559130888,0.8705741553716421,5,0,0.45225573166848915,0.048034178706683986
2616,0.223592384685138,0.20129545787872072,0.000653883033065065,0.6942588823579352,2,1,0.29326441755821275,0.04846140439761916
2617,0.2024577834808936,0.24627525074609233,0.000851423717679131,0.6878742506768009,3,1,0.32482519327829695,0.04833294403670184
2618,0.03812069119038759,0.0,0.00027745466539751135,0.04251528240450365,0,0,0.2853876007680702,0.048916260341265956
2619,0.0848492678724085,0.08829184056908095,0.0005038194396768805,0.23944043971606033,1,0,0.2507241832682093,0.04951248711980492
2620,0.12421576020343511,0.06940310606128917,0.0003763355448949374,0.45629092462451426,1,0,0.3663594566533191,0.0450003134226236
2621,0.17066849855760946,0.13067967215438073,0.0006176420533039809,0.6845409880555247,1,0,0.3692940982978811,0.0533252050674254
2622,0.19394513323950563,0.2247653333026696,0.0008290582554410811,0.7692137408187979,2,1,0.4490903571348147,0.0521346932891742
2623,0.1263404429177596,0.14862505848046453,0.0006717706247767155,0.5754885137208147,4,0,0.4824885458381714,0.051466181942006424
2624,0.18732653391966714,0.2228571131001208,0.0009253365124730381,0.3529001410912036,3,0,0.39678925023798073,0.05291165715800697
2625,0.1351850561367601,0.13862442796436458,0.0005152426186690093,0.5988150606655686,4,0,0.2627736021040212,0.04634782213723243
2626,0.07926973764174082,0.10330537603208224,0.0005897217645542067,0.5328290269564646,3,1,0.3249222952473743,0.05052986032402443
2627,0.09089396550757768,0.13635944317123572,0.0005413631562579654,0.6201568009856211,2,0,0.3236975042736978,0.0463385501295511
2628,0.2939533290694631,0.22300084445661297,0.0006163875151510128,0.5270200840065408,5,0,0.4453134800211244,0.04627888979255142
2629,0.1300863678455946,0.17973686071162448,0.0007064501598792939,0.6733653026357622,2,1,0.3392872160961406,0.05044611355415212
2630,0.22762876830458795,0.17653579676652512,0.0006355562257866455,0.7974090483777603,4,0,0.4461903763314642,0.049831027801076226
2631,0.16821927052662008,0.09784229578004122,0.0005074622011664891,0.4762388332874979,2,0,0.31879985037467307,0.049401348278611326
2632,0.20119109336330537,0.26733840533048675,0.000824402220092372,0.5602963289414048,4,0,0.47435709115558167,0.04882119461221331
2633,0.1038141163334631,0.13880844764777459,0.0005405231760013331,0.6659290682957294,2,1,0.32068172179338433,0.04650967448033063
2634,0.13710031293802172,0.03866416538667257,0.0003437893709826501,0.4977255373122306,1,0,0.30509018917232184,0.04858232720969664
2635,0.1244235461995604,0.0,0.00022594329205271934,0.33420633105825004,0,0,0.24180197640549095,0.044741363668293614
2636,0.05086472480442507,0.13427041223335023,0.000630338836658956,0.34076605813208183,3,0,0.37652647414672735,0.05124284148513682
2637,0.21392550653497056,0.18378325634424367,0.0006002253263907321,0.7178437865992764,4,0,0.4230220258524125,0.04552815515770693
2638,0.15541381788309455,0.12095038230888484,0.00072965908046353,0.3718630206303443,1,0,0.2308936192363108,0.05643713236651377
2639,0.13220735870348313,0.12951221752178485,0.0005887794836203803,0.7981331837204337,3,0,0.3825416950251327,0.050568216970668385
2640,0.17931648418484278,0.24269426664128427,0.0008714270979104869,0.805198037783268,4,0,0.42457943660581215,0.05203147766420936
2641,0.14509244420828055,0.10757818505940257,0.00045446218693841347,0.26327358676956525,1,0,0.2713078860886864,0.04623452151738384
2642,0.12454450031213334,0.13866861800075064,0.0005266436130412744,0.4657701605293038,3,0,0.382445940263351,0.04613839951082111
2643,0.09961907231413833,0.114513241627215,0.0006137687520177529,0.48433852138206707,3,0,0.4580623886229019,0.051177552141199546
2644,0.15954208149988,0.14612700997049605,0.0004515264065421036,0.3683857688814017,2,0,0.18665320584195838,0.04237356416804405
2645,0.1196521943724269,0.14204787575591193,0.0006035158873374883,0.4071638352417268,2,0,0.33622822522295176,0.04824975135191371
2646,0.21375218724075737,0.21103317058935678,0.0007072144721091657,0.5140978201900662,2,0,0.27716652187262014,0.047773055264962075
2647,0.2554132350964481,0.29104748977393147,0.0011320732100568234,0.7193025870324937,5,0,0.3984076853494379,0.0553438653999266
2648,0.11837340622739412,0.16002021881335107,0.000573641218643773,0.5829300743623836,2,0,0.3688018190726564,0.0463274290155631
2649,0.0,0.0,0.00014756945857892173,-0.13747550853724988,1,0,0.25704081419539604,0.05164270518422355
2650,0.13970437457199364,0.1091066148508418,0.0004907244784580652,0.46123847655685524,2,0,0.3486768541113145,0.048084256166653176
2651,0.14416513914200935,0.05178726425375189,0.0003882544273361169,0.6637872685430322,3,0,0.3986954705686662,0.049642859489092014
2652,0.25519837868544176,0.23037761354909997,0.0007580907407450775,0.7032671684549802,4,1,0.38884259804456023,0.04890959671981759
2653,0.10171284640617796,0.036193489924721135,0.0003831965847926808,0.4702606465342749,1,0,0.2163607479853694,0.049407374737035124
2654,0.19150626334265958,0.23930170803558476,0.0009509260323954103,0.7873319918841497,2,0,0.4235759775094764,0.051928255522648833
2655,0.15924377129100128,0.22122389851625632,0.0010873922429996273,0.715119543124075,5,0,0.415567044335055,0.057242611490579284
2656,0.10562142920891328,0.11258816062133165,0.0006290054814864033,0.39427166025629096,2,0,0.35912803540086125,0.0515716490206343
2657,0.13586536030968654,0.13864339173324292,0.0005981729007885269,0.6068202426883923,2,0,0.37280121542831063,0.04946230856235225
2658,0.0835969555151508,0.029284176593739896,0.0002813969952999102,0.36696667935564425,1,0,0.29012128180093644,0.04485115960326136
2659,0.049380837098405864,0.10046656997047429,0.0005100985147876616,0.6731845217438266,2,0,0.34141996912008793,0.0488753630295218
2660,0.07965586151055025,0.07097290520529748,0.0003713354817003012,0.5866150144392678,1,0,0.37185342840532737,0.04491186624168295
2661,0.29789850539244817,0.24929554098701875,0.0006754940852579752,0.8203296796918478,3,1,0.3476494415897181,0.04765864646613006
2662,0.13060233927212223,0.15763782713867275,0.0006091664954829884,0.41484916326289223,2,0,0.34071661988143603,0.04763943733183342
2663,0.029423101710679203,0.0703575505496875,0.0004388458025845747,0.5439268390469502,2,1,0.35481941780591575,0.04774433296428171
2664,0.0007930678880215795,0.0,0.00028994228388733585,0.42068964161726324,1,0,0.21798582150323648,0.04701610571456161
2665,0.017258321156962398,0.0611169648201826,0.0004387373718049546,0.6334967167610714,1,0,0.3219402765463072,0.04763935655654249
2666,0.07582691811560323,0.10109718484645301,0.0006745384557115127,0.7772101736630497,3,1,0.42708767992597285,0.05509749666921059
2667,0.033499988351453236,0.058687712117036744,0.0003725445330528319,0.34562932487851894,2,0,0.24734658448280128,0.045931454966992684
2668,0.15811475312462162,0.1746776027018976,0.0007239006965929793,0.7287206313694833,4,0,0.36723918848172815,0.05073164258174412
2669,0.19142306436543594,0.15771459512114544,0.0007825694787602308,0.4054344473766585,4,0,0.4197216207219658,0.05572560048516617
2670,0.2180423774078889,0.20565623784057882,0.0006627525701873801,0.5069203459007803,2,1,0.368277093870723,0.04581818510711497
2671,0.19715715987920251,0.2154625706062431,0.0007740245690831268,0.6676496529869678,4,0,0.43910359032519897,0.05037307993346212
2672,0.0667563966805633,0.031085550942581416,0.00035709932119094633,0.4508015158336881,2,0,0.3158933933956185,0.04850332066298876
2673,0.18308472661924735,0.1771369476331602,0.0006470761981639063,0.3941170058543666,2,0,0.41756276490693156,0.04853618872563551
2674,0.18110987304067097,0.14229154484503767,0.0005805860756129102,0.8366367403795407,2,0,0.290994343706529,0.048534469670168674
2675,0.14517380523631845,0.11434091764763037,0.0005431555899719313,0.41738316051496255,2,0,0.2798293874351712,0.048708718009522305
2676,0.20989794175889948,0.2539694112665479,0.0010021975493968893,0.614756531414302,4,0,0.4045149437434725,0.052618441552099
2677,0.19063745473987448,0.2105121196459026,0.0009007952478401115,0.755311112815866,3,1,0.4615155250218307,0.05315283349106024
2678,0.18342280761009624,0.14346845440822417,0.0006206041512063845,0.5035287085193402,3,0,0.31006195958184224,0.05112865716340695
2679,0.17884367599291148,0.12903118027180846,0.0005551080177642765,0.6029495414525841,3,0,0.2518000337681267,0.05080308165643349
2680,0.13292570513999705,0.17132032583673235,0.0006594946119595799,0.6972859905950827,3,1,0.38518567481432336,0.04895588793345508
2681,0.18107779348429612,0.20213022175719642,0.0007344722360506689,0.5540227236578438,4,0,0.3727004904129838,0.049754103076026394
2682,0.06710249803014698,0.10608251854029992,0.0005918637353245182,0.3688425424064949,3,0,0.27012418401171995,0.05064905013546435
2683,0.26496690112184984,0.25557095709988326,0.0008586597442759606,0.7209654896058758,5,0,0.3815208518636434,0.05033689072105392
2684,0.17670684286415847,0.15990042107794525,0.0007851482539000912,0.45174745859073706,3,0,0.39297111484949054,0.05362687513100922
2685,0.06954170707695027,0.09607535529930704,0.0006028220632169834,0.5243201240481232,4,0,0.4406211102945211,0.05163828405781325
2686,0.13157943718940449,0.11018771366808619,0.0006076872073102462,0.6068734722910663,2,0,0.2937840579091243,0.0514246483334416
2687,0.07354329749999511,0.08473278501905032,0.00048269635804292486,0.5443633847369621,2,0,0.3445982422493165,0.048933386264595376
2688,0.1025891063281664,0.10798413450905245,0.0004536990924208242,0.40057132516203986,2,0,0.2572513458770249,0.04664604226698798
2689,0.11690703246893558,0.11899749923875512,0.00045394242197986244,0.3855264961404054,2,0,0.24767171107528327,0.04514187331866844
2690,0.0655172525119319,0.040198305255047466,0.0003134036567463845,0.189562589169334,2,0,0.2836150906530457,0.045565766090501
2691,0.25816910854726255,0.29056073906932983,0.00106973769883585,0.6726348791594365,6,0,0.4371799002447565,0.05289370836648141
2692,0.045572367032740445,0.04929342894191351,0.0004364914617961252,0.48619277826493734,3,0,0.27487456246164366,0.05069290545356096
2693,0.23563755005262624,0.2587646047758444,0.000926105622564996,0.7488363511996446,4,1,0.37872982483586354,0.05292727229820997
2694,0.13583156742242217,0.18703143893776714,0.0008722812297981873,0.5905261077547005,2,0,0.4424703664831406,0.05422437417345208
2695,0.1588296210613664,0.15808408343197405,0.0006264501059333779,0.5801124986714796,3,0,0.44391740310820965,0.04818290622113664
2696,0.21722096587522471,0.1907910285444198,0.0007780890893828739,0.7944717865758614,3,0,0.36809988967233664,0.050870047934485206
2697,0.20051406180864437,0.22279691250477612,0.0008352357368715636,0.6673879590383196,3,0,0.3381461811574162,0.05202413052887495
2698,0.17846469443883847,0.1444978343520923,0.0006714044844601092,0.3841282715358695,2,0,0.3961606114444943,0.05142937835319391
2699,0.17032826995090528,0.15979803625714437,0.0006663536025222986,0.5761944000281928,4,0,0.3008725933435839,0.050924485558437364
2700,0.18106567586923814,0.18637293525561302,0.0007926033114923144,0.5123239642635407,4,0,0.4615252398472559,0.05072877660222619
2701,0.0,0.014327900424856545,0.00033078965185387785,0.45093788855214406,0,0,0.21705396237359684,0.047329250009028295
2702,0.1882639568268077,0.14829996880669855,0.0005871359186007407,0.18111482909848314,2,1,0.31376755641086873,0.049881879684786676
2703,0.2179433962729731,0.2118643601749312,0.0009125748457279372,0.7897937076842464,1,0,0.37817059557867827,0.05385865257291254
2704,0.0620912589048631,0.09900887426760839,0.0004609604058495235,0.7009119487840257,3,0,0.43178018728469847,0.045480819460523576
2705,0.018514142542981865,0.0009217392323793849,0.00030472286186701856,0.4498485100955713,0,0,0.15283321175199233,0.04946106986726428
2706,0.11883378451123273,0.12209300912732753,0.0006490188603073363,0.3075932935588615,2,0,0.3111349163173595,0.05363825635740779
2707,0.16921048504201694,0.05492351297509066,0.0004100396254293909,0.4884004324710042,1,1,0.23480239032142947,0.049238731662806984
2708,0.21558829880603506,0.19160809788303207,0.0006349605305572941,0.7205070176550477,3,1,0.414966244742491,0.04843998387360387
2709,0.2190498030080702,0.21011513565453596,0.0006089455176000439,0.6635508019970764,3,1,0.29635015971864076,0.04771177331053235
2710,0.21450634600817792,0.2368757930137352,0.0009060586799253821,0.6150013627533396,5,1,0.4354348918488968,0.05198695523744381
2711,0.10093481593854409,0.08898420239880078,0.0005764865747247278,0.24340900342014332,2,0,0.230519372034041,0.052781676063323776
2712,0.2014470984160528,0.24270780871085829,0.0008437728215469724,0.8251918424458629,5,0,0.4182246016292672,0.04803402497195658
2713,0.1299704351152866,0.1635596077491771,0.0008127224951446072,0.6259943821220302,3,1,0.3353571893582367,0.052962437201691914
2714,0.10523357976731267,0.14534223862621717,0.0006740525433179702,0.6389795919925203,3,0,0.4798192667025561,0.05053995653625848
2715,0.13913960961163568,0.1407001799788362,0.0005434435557225222,0.643996070593725,3,0,0.3594364942531843,0.04684242865614687
2716,0.20975685675563865,0.2575055042155219,0.0008641729722840837,0.8583296767643224,5,1,0.3758524500764952,0.04918361266004514
2717,0.2961148823540372,0.21175301877717867,0.0007188039392072062,0.7147339862032747,3,1,0.478852603446104,0.0517434330248303
2718,0.1290735758138516,0.10330521078872168,0.0005011458795770159,0.16753578902688693,3,0,0.31861097512930564,0.04907427361395309
2719,0.05408053959036487,0.021414385620520993,0.00031394349465813207,0.07511463329457493,1,0,0.29028414883532155,0.04637602862946712
2720,0.04004981104653783,0.01815784546346792,0.00026858318827971807,0.1859308545221874,2,0,0.20536073075192915,0.04325451636728451
2721,0.1025054699597451,0.08400293751562281,0.0004497508982785919,0.24253492386215247,3,0,0.37848879540071606,0.04727239785162729
2722,0.03330718797645807,0.06917162150846001,0.0004901263063879228,0.5375482652525667,2,0,0.26450782773860954,0.04930618784913627
2723,0.19759938625081905,0.10468095017873186,0.0004837805681001977,0.4918581187380551,3,0,0.29497964759044903,0.049265847022122736
2724,0.10731435020302509,0.09032916047032531,0.0005235694857128874,0.5206714820804784,1,0,0.35341879205624077,0.050782322697117556
2725,0.06866295622666765,0.07172229322182831,0.0005105516604328223,0.7838352882898206,1,0,0.4801908534605558,0.051217806840091196
2726,0.18024473119002804,0.226458319253902,0.0005261773528627283,0.7501606743908343,6,0,0.3425668493665953,0.04223255685396804
2727,0.2306675592219605,0.15979699724123034,0.0005534590726488806,0.39314807827175907,2,0,0.29135269105451334,0.04724470268981518
2728,0.005266378028292095,0.0,0.0002182779184896102,0.28981806486902917,1,0,0.17641473869425187,0.04507424257859241
2729,0.1481145822025626,0.12106427552011309,0.0004672712633198635,0.3405699465272753,2,0,0.2885356285597198,0.04586139061179957
2730,0.1169678686831787,0.1606928473653536,0.0006255091282013078,0.6080258489442294,1,0,0.25165674398038707,0.048832431302169056
2731,0.1087187106197039,0.12068278219460452,0.0004672491479880368,0.680329273117691,4,0,0.28820489810476935,0.046057004630205706
2732,0.2150058002836311,0.22744823077404913,0.000897927365221482,0.7667879749584995,4,0,0.4912000447790431,0.053239905513617986
2733,0.23953502892791123,0.2319212744238482,0.000979390910372647,0.747331700762844,4,0,0.42510982715603507,0.054861611675397305
2734,0.18924305304918607,0.2097906242128766,0.0006432659788458328,0.5984783713719303,6,0,0.34490952244278206,0.0472577559462672
2735,0.0593394407273432,0.05672737862992404,0.0003465144377326035,0.7348378614870118,1,0,0.2517402170956291,0.045157042280408566
2736,0.1967360700824027,0.21460033839674353,0.0007839491181239025,0.9206573394681468,5,0,0.41278320972960786,0.04959744243938363
2737,0.23790214010013727,0.23302967535091793,0.0006301854103296238,0.8243200893118275,3,1,0.38100333445208573,0.04634543756908048
2738,0.24397252362442542,0.27327385817067695,0.0008421344060326553,0.7721397984481794,4,0,0.460487083568274,0.049202588291487895
2739,0.042313122187203976,0.05718231483706633,0.00046762940732562896,0.5379905737582503,1,0,0.22976468038584705,0.05021154042465413
2740,0.0407639981147484,0.02781628305513501,0.00036259739715039323,0.25407465677373525,2,0,0.4284136612598954,0.04763968015240396
2741,0.005023549018383677,0.03791606000764705,0.00039946972151483275,0.28925896197837453,1,0,0.265910524469352,0.048620487813937525
2742,0.2144714184807489,0.14138347290771103,0.0005686447696132896,0.5037503193794153,3,0,0.4000668177347644,0.049577724713745254
2743,0.04436001199894138,0.04092676291623614,0.00035431393473446266,0.5754896541982678,2,0,0.3190434225764104,0.04653127700563826
2744,0.12481948130160725,0.15027722669220658,0.0006413849315154471,0.45080178070092175,2,0,0.36404836996382156,0.05007939003103689
2745,0.09864334498398868,0.11922152378437884,0.0005968862633732213,0.5186367706402119,2,0,0.3711677265845605,0.04964797733563653
2746,0.09829771949211592,0.13280318943987499,0.0006250022396606949,0.7250818707237459,4,0,0.33660183210952976,0.04981851963731226
2747,0.060881657191384976,0.07721034085836849,0.0005513456480863063,0.33717593070362784,3,0,0.22349278905481224,0.052338233168411484
2748,0.14219492290265065,0.1286253927758489,0.000703836522619769,0.7118694495518598,2,0,0.5032961392318507,0.05769517374010811
2749,0.0,0.00530482016670673,0.0003239019853027155,0.1685754974546519,1,0,0.3227417791642214,0.049649451229801106
2750,0.12688355221498637,0.17900866408084548,0.0006853950552434916,0.681346338838215,3,1,0.3059877471433112,0.050570365757826446
2751,0.20976343176115889,0.22501117910675358,0.0008329759403077873,0.8979106599382061,3,1,0.49817150048000897,0.0520889091082189
2752,0.2561714673848379,0.32200727012567254,0.0008970309549283507,0.8507062742098991,6,0,0.547445731883158,0.0468837745455494
2753,0.1598923745284101,0.18330190990669754,0.0005084588420883515,0.5366950350281011,5,0,0.3461512229206209,0.041995087216641525
2754,0.24535988486435323,0.2788295955028239,0.001034449036032594,0.7855504457606381,5,1,0.43473105572081916,0.05471937542202635
2755,0.2059798577768219,0.2449303838318515,0.0009514452074862636,0.8517873533318013,4,2,0.39446834836322936,0.05268727075032401
2756,0.2241447576721328,0.2309740840500959,0.0007071337733406235,0.5989026420342116,4,0,0.3455927487934612,0.04623654423674655
2757,0.14809139790837744,0.15297355376000987,0.0005295995545122787,0.47824254896728424,4,0,0.34995603624260563,0.04812741050696141
2758,0.21627487464460743,0.24277334147813198,0.0009345650647511652,0.7450028232923616,3,0,0.4623167570628367,0.05146382763919024
2759,0.10642060270594456,0.11349210000887243,0.0003851682170486872,0.37409986135312123,2,0,0.32121922597289276,0.042163882109717214
2760,0.11442133737139752,0.15220782958782472,0.0004964609960743353,0.5584821342698405,1,0,0.4105315420064559,0.04345230885898398
2761,0.16206447033123528,0.08719412175136647,0.0003843871214018905,0.305024997645249,2,0,0.18137367696829176,0.045094577923100586
2762,0.18241165471664375,0.18008985640967998,0.0007406795725920794,0.5301179634519949,4,0,0.3654106121754824,0.05040049859927225
2763,0.0690715720868592,0.0,0.00018964770103091207,0.1763299614263977,1,0,0.13959476193659037,0.043521991051623
2764,0.0,0.039995650212128496,0.0003905194322421239,0.4886094787809057,3,0,0.3286189696023959,0.04856527529849581
2765,0.18787024869123692,0.19271406941914068,0.0007107969865640925,0.6769966255560532,3,1,0.27819811408135026,0.050629718518872345
2766,0.2100009446429166,0.2427543051472859,0.0009907294702335564,0.6611802826096492,3,1,0.48288070719495196,0.052570531603084926
2767,0.11727225656803567,0.18104336637273813,0.0007147381849423746,0.5082129713539558,3,0,0.2717977967101331,0.04974086352178255
2768,0.1710657393038132,0.1124209426464038,0.0005253466608464693,0.44074623716101397,2,0,0.38129056987198684,0.05001719795303774
2769,0.2013470106684911,0.19103565238067557,0.0007401348627917346,0.4884651280912263,3,1,0.44591583442620286,0.05018181641331079
2770,0.12789827597991088,0.12980577483174624,0.0005510838422572347,0.646435944089085,2,0,0.2946787579209201,0.048915375628219834
2771,0.1039388673380983,0.09752390477464062,0.0005150271680339893,0.6686652758015187,1,0,0.3870395756889825,0.04809371504108305
2772,0.10963231628840227,0.09998688237264833,0.0004901972881110666,0.5212377289346193,2,1,0.3226722388332213,0.0476253771663335
2773,0.1540470620254771,0.15372609201724988,0.0005238071527965828,0.14939161013849508,2,0,0.2860250600014689,0.04428586882697175
2774,0.11907530495258067,0.11531866325081708,0.0004144683792729649,0.6340580568610257,1,0,0.2590201531772466,0.04418204017819511
2775,0.1474685871896836,0.20443524875564228,0.0007246132751508867,0.5871593330339105,4,0,0.39321269863840796,0.04819585026308842
2776,0.10496989486887529,0.09363780494941958,0.0005636518709644759,0.743418000591593,3,0,0.4657767157120778,0.05266391541160391
2777,0.18727521423715449,0.1425232156385763,0.0006500939569548711,0.7785417291816089,4,0,0.482814928811596,0.05088985337403743
2778,0.11672551455043956,0.10383374027448648,0.0004246767783068494,0.4707685522171775,4,0,0.24382425852426726,0.04701756112943997
2779,0.05582747870538944,0.06801065883593536,0.00046291588437902633,0.6715099643030784,1,0,0.30331490360438074,0.04957625187025392
2780,0.15480391567918492,0.05081692462435015,0.00036173031865454296,-0.045072014823080334,0,0,0.14973164379433201,0.047867467408183456
2781,0.30816830222211894,0.33013845920468454,0.0012571783714082543,0.7422801167038696,5,1,0.45995840497584917,0.055830168183296294
2782,0.12527293015598887,0.1004422935423583,0.0005129931475649321,0.4370582396533001,2,0,0.26554965919618573,0.04995021125152174
2783,0.08254353567918256,0.13502832431985873,0.0005473972259989391,0.37141875692426646,1,1,0.2662959256806198,0.04834533304671568
2784,0.1134085283042696,0.11517648383464786,0.00052227655605954,0.11343352425188652,4,0,0.22345463098725205,0.04729680927943866
2785,0.1636354556291975,0.1836970194904557,0.0008470945377261214,0.5322268052290104,4,1,0.3520036025471763,0.053192014140489394
2786,0.11479031798086005,0.13968074632733887,0.0005859461097292006,0.47199761792158834,3,0,0.3590469919589027,0.04845983657667576
2787,0.15897439352690132,0.11710654643075478,0.0005124354025542451,0.34313857256782593,2,0,0.27228289995408056,0.049454748118746984
2788,0.04025366106908438,0.10248081534636214,0.0006299988992942583,0.5520306785430623,1,0,0.34324472487362706,0.052989731368715896
2789,0.1960798886156242,0.24822682759410658,0.0010025575381986667,0.7838415144975381,5,0,0.4378492056573923,0.05306715096553193
2790,0.16682720991457115,0.211790947926877,0.0007587302438835843,0.6698224311787851,3,0,0.4716218244019607,0.04820207773006575
2791,0.16497105771385218,0.21757170054293903,0.000771581947701537,0.46097657709369205,6,0,0.24594506985369044,0.04849218418248078
2792,0.19542872555094556,0.15410480213776043,0.0006289073514849145,0.6949269572318079,4,0,0.28846553542526787,0.050964347105263076
2793,0.26853690201548996,0.2536518262901807,0.0009569572099215884,0.74552413929078,2,1,0.4132113958193208,0.05286665240111493
2794,0.24115092585842712,0.1042693388517876,0.0004066814129109018,0.5345841717968285,3,1,0.39471187545292247,0.047250528770785824
2795,0.136061334589447,0.1690993557261071,0.0006612803559940623,0.8311583621566015,4,0,0.4184550732279687,0.05019813659005026
2796,0.06452291394412113,0.08000675842917805,0.0005362559159541372,0.6259970690976977,2,0,0.31180530908885845,0.05252450707609179
2797,0.21501774793870712,0.22714917691488082,0.0006300567778311689,0.5527937727420915,5,0,0.37448864841382523,0.04434273948375728
2798,0.08734767910452713,0.1259330582251661,0.0005709987144646703,0.7418104380730753,3,0,0.4358594629905706,0.04774063941888846
2799,0.1700116750804438,0.17844992943215096,0.0007505263064714216,0.7465267649914209,3,0,0.42428962205431514,0.0533788004498665
2800,0.19523628781790292,0.18222522124056273,0.0005123880930224796,0.7258476681537653,3,0,0.3498833151143019,0.04490201026241031
2801,0.16635178461398228,0.15339878494394726,0.0006669294785381558,0.49455961719428315,1,1,0.35778843088012835,0.0498722035235127
2802,0.12482950726017938,0.10134060479584726,0.000518463316019504,0.40266828068174715,2,0,0.4087475052784829,0.05083683233481013
2803,0.1541204049406486,0.20541231414073935,0.0008182259899066175,0.47506474172882374,5,0,0.327359211787712,0.05201809053112639
2804,0.16540924604172472,0.15195494767381934,0.0007347667236318315,0.5803329201939846,3,0,0.25966125362004494,0.053041135934210566
2805,0.12648853935293647,0.06404471326361502,0.0002897821895894829,0.3402286063464733,3,0,0.31524526022549,0.04052466040435985
2806,0.0,0.025392437069380335,0.0004012736793483186,0.5865646035342894,0,0,0.3305992479800428,0.05123082344360127
2807,0.12834309680479886,0.10225758709785719,0.0005292937963977704,0.4916759813656916,0,0,0.300729058757825,0.04910837760674324
2808,0.20246684588006802,0.17758560498011178,0.0005812612249853036,0.37034691011800824,4,1,0.38285097275175234,0.048275808713544
2809,0.21110092954642704,0.0926205872999223,0.00047911079842720617,0.4094626212160549,4,0,0.39093710266974363,0.05310765571292024
2810,0.148639357020096,0.15533317167172414,0.0005647677729097076,0.49770605751041014,3,0,0.4447221707302444,0.04685398138519481
2811,0.1351861566577465,0.11330236005016625,0.0005806496423433398,0.33799350637254566,1,0,0.2860374375690021,0.05096723065604102
2812,0.15570032595639494,0.13905714460562604,0.00048595823217347,0.3523758466326712,2,0,0.26361944132560455,0.04621929204168398
2813,0.24778845651272519,0.30439122649581984,0.0010186059523917897,0.7657316981708824,3,0,0.4715187291074214,0.04907425467680783
2814,0.15374839775514135,0.09089150402860942,0.0004532326395681736,0.6657870617146682,2,0,0.3770534898784872,0.04947723084525275
2815,0.15583599631647804,0.15787410231980978,0.0006728948162740433,0.6607746287247452,3,1,0.3753615497040708,0.05211600388806759
2816,0.06331663768045001,0.010510121420899805,0.0002772580417106959,0.1189951633350998,1,0,0.09082837805390645,0.04643754723450361
2817,0.08576399234735702,0.12561420051657882,0.0006305956998191023,0.44559479557695514,2,0,0.36179644385554643,0.05040865642083615
2818,0.09787243363146192,0.1527868089992577,0.0005175579334716132,0.6970043911137072,4,0,0.21988999031223294,0.046013721962754536
2819,0.1893943421760847,0.16944107615444545,0.0005746125600794971,0.2859923955626132,4,1,0.33113170455989505,0.04707127171902595
2820,0.13146475002466965,0.11053816098662743,0.0004788730705760096,0.6407129099105137,2,0,0.340018811367911,0.046352306592614995
2821,0.18502162055115517,0.09224454678031031,0.00045067252988072426,0.702295252864216,1,0,0.38423850497180434,0.0482720509254069
2822,0.2963082234788054,0.24619510939378073,0.0007633393313562416,0.7252164996109328,6,0,0.39911801280099435,0.048155207405969055
2823,0.2241042901670625,0.17736180073009486,0.0006125167907189429,0.8921517509908923,3,0,0.404849747143096,0.05051206533117801
2824,0.21636171585267264,0.2160121171315141,0.0008094374123901593,0.7589895374266408,4,1,0.376138634826461,0.05263328414602461
2825,0.10821875985507161,0.050505999305976046,0.0003803020031709927,0.41507919930870996,3,0,0.2872131858593704,0.047334378491034806
2826,0.06152662187579302,0.08099041368947292,0.00047633924472237544,0.6364193903557925,3,0,0.4104441849726319,0.04834749892305558
2827,0.0353773474893939,0.03512888044526797,0.0003185743321268084,0.48443353716881177,2,0,0.10431607495176312,0.044494663138533404
2828,0.0575344226375106,0.07330008455035375,0.0005119692452466807,0.3005854965598473,2,0,0.3245765885531649,0.05005415608681955
2829,0.16639219030029706,0.15787673007078484,0.0005012516693645389,0.4044316217156338,3,0,0.3138607234519237,0.0435950064749339
2830,0.07440225557609423,0.09125213341102073,0.0004425717854909106,-0.059385634484593844,2,0,0.25582181908667423,0.04684745149535064
2831,0.14849835544796458,0.11174584063480686,0.0004704720382894591,0.5741742815265367,4,0,0.35412929435212054,0.04688313675778891
2832,0.1545147754283191,0.15784459565040115,0.0005242752564336249,0.624060031520535,3,0,0.2959768182499242,0.04540242986703254
2833,0.2065292403500044,0.202755957677593,0.0008398940477371782,0.6545685044707961,2,0,0.5224088842953795,0.05202928093473672
2834,0.09293945116523987,0.1419040941547888,0.0005533726667360403,0.5498679232942425,4,0,0.3244535690617279,0.04578194975409695
2835,0.05252768070668111,0.056837521638407135,0.0003909152035563409,0.4314558387252995,2,1,0.3173864414800505,0.048229670608004545
2836,0.049354203725605277,0.06903949746747104,0.0004624255764563091,0.6584346336280859,3,1,0.40635131601373586,0.04863391670400804
2837,0.10828058085653783,0.11139007412398937,0.0005568149693133459,0.4483829294990845,2,0,0.2721702105078765,0.04980287195181535
2838,0.12298161052080075,0.07415747449300296,0.0003645315213361522,0.12839735792616447,1,0,0.14060477964526666,0.04441471375440352
2839,0.10317802211264804,0.094336503411539,0.00047233999066241186,0.35347933369062695,2,0,0.2778555764639834,0.04853533303706479
2840,0.1873434834480201,0.19691064680088805,0.000659197593598838,0.35782687645322503,3,0,0.26405215539998406,0.04788412369786283
2841,0.16354444731264003,0.21068121221155814,0.0006800190373826761,0.7377093680646513,5,0,0.4700120213923083,0.04694825638813478
2842,0.003018121123868811,0.0,0.0002615712770043389,0.3207312063577018,0,0,0.3488945753360801,0.05016598790281315
2843,0.07678510705533455,0.012638885680557614,0.0003333999155470195,0.04130117276782077,1,0,0.3873869702626178,0.050985450270664694
2844,0.08060605851794665,0.08360954083641955,0.0004888671535598243,0.4748184718876047,2,1,0.29500945077890534,0.04788104266923631
2845,0.1827103795317774,0.16232388352485982,0.000599431721165042,0.40301469842802545,2,0,0.2876140082994769,0.04919669526700267
2846,0.16753212141319182,0.11605053974233896,0.0005267588640191785,0.6482574565966335,1,0,0.2215251578506055,0.048143480925328566
2847,0.22116943957542673,0.23511949268166957,0.0006719058883020113,0.7038444724820124,6,0,0.3600348920615327,0.04653671629827165
2848,0.2300872505894026,0.15876021271035048,0.0007397518401299105,0.7018460191957463,2,1,0.44969019014759143,0.05420342801868767
2849,0.2197882879846966,0.22698579656269094,0.0008667748252793101,0.40873185868465695,3,0,0.2947512123568338,0.05129019978932691
2850,0.016895974979355428,0.07981720202419143,0.0004503267419727609,0.46992976580854545,2,0,0.3415947323550698,0.048240742868119774
2851,0.0983731148106007,0.0872034593281257,0.0005796441083366036,0.3641115442069422,1,0,0.39197816692645876,0.05231178911366599
2852,0.06142783829159751,0.04412186280101231,0.0004270822049271223,0.6647443650301499,1,0,0.2450927040325668,0.050623720420425594
2853,0.13690196269022875,0.1947553205008557,0.0007384614527439433,0.6726528605967287,6,0,0.3263348359298053,0.050845285155445084
2854,0.18119462480984463,0.23075447741575256,0.0009381086754988228,0.757748813571723,4,0,0.40601654757655853,0.05218930139599908
2855,0.05572892747807472,0.08512766391140149,0.0005674677445569945,0.6826995434710328,2,0,0.4793949243324009,0.052009473578314175
2856,0.15982733957638248,0.19024691779037092,0.0006607153181249415,0.7988372439654123,5,0,0.3801599012888957,0.04658940189868471
2857,0.14629258585497734,0.16857360814189143,0.0005568308896634893,0.4776088348647578,1,0,0.2206753702790992,0.045385231074305796
2858,0.10377185901348955,0.11057296492791352,0.00062979100189478,0.7880713594403559,2,0,0.39603469312054684,0.051978038051943176
2859,0.22902210476635235,0.2996579398754526,0.0011425733834969593,0.751541426694309,3,1,0.4608502242457002,0.052864779409186775
2860,0.07819603216791804,0.07853912564933975,0.00046616151313933976,0.5807842793548581,3,0,0.3985327366734709,0.048545410062904165
2861,0.0,0.02588620740033123,0.0004390997583453422,0.16399735396002532,2,0,0.32909589388660077,0.05504238227804954
2862,0.17410149271476033,0.17328616234010416,0.0006224462371142441,0.4316286436615864,5,0,0.3162360637484074,0.04919862305425572
2863,0.10196762263200355,0.14623798617969191,0.0005612282581226035,0.744689041036675,3,0,0.3707412760534268,0.047345215989697244
2864,0.1387344612832419,0.19681133871914458,0.0008150699098560244,0.6750632843216873,4,0,0.3681856399452832,0.05109765041959115
2865,0.13794747276306119,0.1653376043724213,0.0007498993220682236,0.6860583175885784,4,0,0.36379302928681195,0.05193712391870355
2866,0.24636443586776896,0.31852098969655845,0.0008587898028363753,0.4719729292702864,4,0,0.3251208278717691,0.04914240095545697
2867,0.03379828236871978,0.0,0.0002990120189332737,0.17882803498860747,2,0,0.32831735352132674,0.04807916326816467
2868,0.0038483915078593566,0.024682477113459174,0.0003826061767033148,0.28900251119986275,1,0,0.24441601871843513,0.050087268375876494
2869,0.33005283867722973,0.3302168633319447,0.00086045833697758,0.7312560084029973,6,1,0.46432950689056146,0.04512362907656231
2870,0.19698840114568483,0.1942947173886304,0.000808361662053798,0.37919397995859466,2,0,0.38631587911283977,0.05045569888779479
2871,0.12418510324356169,0.13925824590063862,0.0005401774665431771,0.7233497353179307,2,0,0.33461683148130156,0.046960929831185466
2872,0.1814045763108557,0.23105182493083776,0.0010462573389040078,0.7976744927927997,4,0,0.434709414770248,0.05491402150882258
2873,0.14594452566582097,0.16820903928214787,0.0006882928121867933,0.8230491471821305,1,1,0.4479703102130085,0.049006869522440565
2874,0.23816314504985392,0.1494011333340229,0.0005511811674240308,0.5122637081877071,2,0,0.26540127619450554,0.05033714140150072
2875,0.263543390967747,0.2420056418044431,0.0011174667230718733,0.7242373997094598,6,0,0.4086769739647229,0.05781231064515649
2876,0.24568698648822426,0.26254916526045935,0.0010004685769483036,0.7409248048918082,5,0,0.4240971299378721,0.05198778908809229
2877,0.14345988352733,0.0720868820635046,0.0003579047876066904,0.46731753518695773,3,0,0.18420361915756092,0.047401343794598885
2878,0.14479871207160952,0.19670985489865433,0.0007729269126564506,0.3940207863933749,3,0,0.2812613013885665,0.05100674937031327
2879,0.19612663895892452,0.23696579180815014,0.0007301374691108907,0.6136198992430267,3,0,0.2235740900030187,0.04882492433052872
2880,0.10996348514527456,0.13088974173214019,0.0005070963541100596,0.44622338233025893,4,1,0.25556656362547997,0.04698012007505773
2881,0.23532702713448986,0.1942234419829698,0.0005875525044291327,0.743327265481874,3,0,0.24672441676207918,0.04552934772120912
2882,0.26791195895537473,0.275201996324268,0.0008298374847385457,0.7066575216247342,4,0,0.49808775999270943,0.04905939230699151
2883,0.12017197486783732,0.1317533881629014,0.0006413878473618709,0.6901012853863874,3,0,0.3014309016120672,0.05075551383502114
2884,0.2162731272446466,0.1774230380106478,0.0007296082085426983,0.6108222236726519,3,0,0.3907816778226929,0.050848196105541345
2885,0.14592736359604547,0.16016582499040793,0.0007287303983105147,0.6457460721056074,2,1,0.44629555325461784,0.05183451650954742
2886,0.10288592436726961,0.106425526402804,0.0005798615198088936,0.16305024439817356,2,0,0.4300657565818626,0.050058422908099066
2887,0.08860639690053979,0.11091051271284146,0.0006159451906811195,0.796500374302923,2,0,0.4884138521337922,0.05372060936062158
2888,0.12506136975942517,0.1025934958864986,0.0005119623657007602,0.6826107745791127,1,0,0.2742100232171779,0.048970967419639966
2889,0.18017063166497344,0.1332782019456323,0.0005844198230592067,0.4527070228311242,2,0,0.20847507656713496,0.04941681352332881
2890,0.11743359591566835,0.09975919994005773,0.0005782711724377222,0.6445659927383429,3,0,0.40545858714271005,0.05251125278412069
2891,0.0017474360981267058,0.0003100815518649623,0.00025692342902263317,0.5043771521628473,1,0,0.3149496859529891,0.04559261941293921
2892,0.14743339022806354,0.11661048157534945,0.0005994671770734619,0.35181283690517995,3,0,0.3891461281886133,0.05314994405747253
2893,0.11081433160084186,0.11452077945719112,0.0004842497399982389,0.6138635000788375,3,0,0.3159654093390495,0.04653287849408224
2894,0.11240983873713108,0.14110515291368012,0.0005534487797923533,0.4713563100559896,2,0,0.2896854587450758,0.04846070011446678
2895,0.19073007269309666,0.20855130989393397,0.0006964926341252158,0.5057896922925782,2,1,0.24883795124853644,0.04642062168884494
2896,0.07650252653956897,0.04425966876651641,0.0003821269937412074,0.10031613077548149,1,0,0.2951148944235035,0.048790106297968275
2897,0.08897480269103594,0.15753186374824416,0.0006645626689508252,0.5233473467223758,3,0,0.44804213568155954,0.04903118930595824
2898,0.20721453643680066,0.21450733248598114,0.0008976189546388108,0.6451692119788243,2,0,0.4179455606316559,0.054173758562308896
2899,0.08096187885204245,0.10150316972469588,0.0005500473604968263,0.4873647077446195,4,0,0.43851592582386817,0.049541073467005606
2900,0.0979757353214228,0.10254079349821173,0.0005879279431303388,0.34732729997977263,2,0,0.30317695242210874,0.05209919814161863
2901,0.15097763621773236,0.11954909654966873,0.0006137974570869678,0.4424955617958004,2,0,0.278489623095942,0.053252587214728545
2902,0.17954857356021253,0.20758084305965896,0.0008063561115577745,0.6759640595916163,2,1,0.49833541720298186,0.050034252195181754
2903,0.2661852719082336,0.23868999161353302,0.0009913790716876952,0.719949804551489,2,1,0.45930992417557803,0.0553005567542134
2904,0.13953658814010034,0.12345585327600046,0.0006036046613180812,0.6199093220554321,1,0,0.34789143350594315,0.05095300079713518
2905,0.09306402353982587,0.04590600437910965,0.0004296068076202135,0.2384866404921203,1,0,0.3321604054001644,0.05122882603567318
2906,0.16967040823973414,0.14566699565744948,0.0006719094356516618,0.6475447925329783,2,0,0.37034681755007093,0.053119976723970556
2907,0.26279580688825016,0.15414209223263303,0.0005682759906438156,0.5762809092714088,6,0,0.3191737494768438,0.0510441905543399
2908,0.2208787319117412,0.25688476320778836,0.0009243778635876585,0.5637946610109666,4,0,0.40366112155019485,0.050707033645173344
2909,0.13732192492751422,0.15030935924044336,0.0005624079741266537,0.49846720330038635,2,0,0.2886445810389352,0.04562239865049786
2910,0.09329914864149011,0.09864494168644572,0.0004337760987522769,0.557619306275513,2,1,0.2623817428659864,0.04489776298839054
2911,0.05702254343465514,0.1110544015525257,0.0005120973134023848,0.522491155247707,2,0,0.3509883681052126,0.047843649193442084
2912,0.17674674180555183,0.07006194969293669,0.000397301672931288,0.5897537964156118,1,0,0.3362018997572159,0.04809449286143552
2913,0.21728341233316803,0.1680507873041211,0.0006089511711369802,0.8305942070873655,4,0,0.45063468512233695,0.047977580437794966
2914,0.24527120711829015,0.28573323253084715,0.0010665033115046638,0.7382487658116756,4,0,0.4654011552407329,0.0530923817686046
2915,0.07916474274669366,0.043048714170231074,0.0004204270896809078,0.480693162300641,0,0,0.26945652498945766,0.05102301547525737
2916,0.191317886715972,0.22579335779048065,0.0008007645915388833,0.5996670480418844,5,0,0.3877785726498253,0.05013931545868817
2917,0.1909593121261251,0.22890174940203017,0.0006514489868794545,0.7392336971464899,7,0,0.36311215337383745,0.04530048584024262
2918,0.17123616009522877,0.0887863703937597,0.00043721235426242617,0.35866257855813677,3,0,0.33650971535675195,0.0479930419565417
2919,0.11043087916175807,0.15159865776450912,0.0007117906918011005,0.7578178774627741,3,0,0.3143391692722698,0.05130948179472033
2920,0.17884372233906295,0.20315191661665383,0.0008503086845782189,0.593708805075473,5,0,0.36837514724479703,0.051084389682687754
2921,0.13809922836306862,0.12238126349107858,0.00047950197454554085,0.679503557749806,2,0,0.3588164960221881,0.045413639332727906
2922,0.09876234270383039,0.1230128111788491,0.000544939131162533,0.5323436380374091,2,0,0.35992964521153226,0.047127355809044015
2923,0.19707253695901197,0.1787788623164102,0.0006897009212446484,0.3001439991905473,1,0,0.3836962431572932,0.050227714676337375
2924,0.2012959793938647,0.22604670488619844,0.000833937132898928,0.7355126598874112,4,1,0.455071897939103,0.05038681166890113
2925,0.3159571580661487,0.3497025571961117,0.0009524756865150585,0.7885648953212971,5,1,0.4845981871139271,0.047950193366330794
2926,0.2986032020698235,0.308175310697956,0.0008660666363908706,0.5854761344569631,4,0,0.42705805616269765,0.048313427973857244
2927,0.0,0.0507194448725323,0.0004967167393839894,0.39180342340805346,2,0,0.28714706728012823,0.05096390042475847
2928,0.10603840761413902,0.09820425063003833,0.0005110304240180238,0.6971349156295947,2,0,0.39087714570615234,0.049645207365355375
2929,0.09026091965364527,0.07850728973519684,0.00047141853593069547,0.6352306525759698,1,0,0.3631233410056386,0.048544830068308044
2930,0.26661461511146756,0.23665229018906977,0.0005885590261359257,0.6173318437646325,6,0,0.35751904329191375,0.04295388380228956
2931,0.22547031371713583,0.20072590860264863,0.0007051366940491316,0.4883624556095737,3,0,0.25202240635716144,0.05007761936517019
2932,0.11865453173679717,0.11333269335159771,0.0005298017176312999,0.3987079022629045,1,0,0.3545943657958426,0.04828344823290117
2933,0.19843149714037336,0.19125258025922381,0.0007185573465122392,0.5948452175771456,2,0,0.34065721386375,0.052137026696551486
2934,0.04610223202594106,0.05879938773362948,0.00042743963133315616,0.6375136287278559,2,0,0.3004804131164408,0.050239583619742414
2935,0.13290283158911784,0.03644124954753956,0.00038767777040229654,0.26138603292449786,1,0,0.26093240617861513,0.05140531334102282
2936,0.10375146010651334,0.1154231560124727,0.0004945087172073944,0.6732616530052953,2,0,0.3208783964631887,0.048446708960168616
2937,0.04330529782285368,0.0,0.00028254512224465487,0.2962763922062739,0,0,0.29541960474624546,0.04804074937649216
2938,0.2532397445271417,0.25747715943933647,0.0010344717447754598,0.7581281687532397,6,0,0.47365432567655935,0.055032915886683006
2939,0.1859724089100758,0.12193383474885228,0.0005143529863681245,0.5774713007051915,3,0,0.4449386313669241,0.049315657491114655
2940,0.0,0.013002624655870378,0.00028238693486132694,0.5052805252021981,0,0,0.2776213761613358,0.04287072028642728
2941,0.1452399093816983,0.16753710639436903,0.0006185417538381316,0.8857613693380259,4,0,0.5129785932086003,0.048370758246434845
2942,0.08539884119383181,0.09025670178539251,0.0005080946994902982,0.2863667583293231,4,0,0.2673535918464478,0.04976146881816716
2943,0.23360577120504142,0.26372763242199554,0.0009361629945806353,0.7294882011922829,3,2,0.5386985009162855,0.049613252970617104
2944,0.0,0.0,0.0002587535522501912,0.10818975927902659,1,0,0.17497469568812465,0.04479815400836257
2945,0.2454667525998865,0.29674301140809306,0.0009671472129314906,0.7479636921159422,3,1,0.36140215595741526,0.04942265108079524
2946,0.20207957777919963,0.20513552808815583,0.0007787403900821878,0.6663345269195033,2,0,0.4452597941964531,0.05043292621741941
2947,0.13193536145536786,0.1863254812393184,0.0007311822243656356,0.8227251625669215,2,0,0.3963447284681346,0.049433364184530953
2948,0.005659709382204764,0.029929567116079813,0.0004424485646461512,0.47370918065096984,1,0,0.40233548689828025,0.05286719714596869
2949,0.14383938829801923,0.1635515088102858,0.0006999248637597836,0.46820311160867845,2,1,0.2782067470421136,0.05114418288131369
2950,0.18220023449340908,0.1783725936711379,0.0005735411793293107,0.5967654577633388,2,0,0.3361873534499499,0.04556424532485492
2951,0.14870969932070044,0.1999468484420975,0.0007341495082185554,0.5652617871019071,4,1,0.29555765051711774,0.04954830469295876
2952,0.09006156091699197,0.11602903871233936,0.0006639856706170191,0.5167462025406143,3,0,0.5005745057464531,0.05146745453574664
2953,0.04626473622225085,0.08877929032752366,0.0005234743601479049,0.5223217989597873,2,0,0.35683398433639957,0.05097549468574123
2954,0.08818448671296479,0.11289792356453106,0.0006066633973732837,0.5835811791757294,1,0,0.5099416227250031,0.05093943156311801
2955,0.04998189280865225,0.0691300185151812,0.00039854915955838294,0.33525912958763776,1,0,0.2632264308057859,0.04463272897404906
2956,0.06490965668312493,0.10480962988147108,0.0005729931747380584,0.6219882108212706,2,0,0.3190631303548451,0.050461830546429484
2957,0.30549203986384393,0.3641116534203149,0.0011815886227760277,0.893144768767711,8,1,0.46983319102507226,0.0521026567777189
2958,0.1696925104424595,0.16778211020333986,0.0006292878081876978,0.5403191720065585,2,0,0.41927637909707827,0.04795360328925012
2959,0.1853010404905547,0.21388202564969705,0.0008138484042006139,0.7092741251510913,3,1,0.40842386670066627,0.04923226009037412
2960,0.1485982404068783,0.04402770253105734,0.0003815513996502199,0.38279387017752586,2,0,0.2643029480497987,0.05012822094863178
2961,0.26428515612038517,0.23356229582655563,0.0009191048259812065,0.42786777515585633,6,0,0.3902787753252952,0.05456517352021287
2962,0.19163577912667773,0.1784892646321274,0.0005816984563536507,0.6858238144943133,2,0,0.3746478749441841,0.04678181536450369
2963,0.07389989001272394,0.09434539640069287,0.0004909459697211437,0.46048399518086974,2,0,0.46981400819530267,0.047845343639817184
2964,0.001552004966705262,0.0,0.0002710525810716843,0.48730400865569906,1,0,0.32209237331811846,0.04958137180584307
2965,0.1144992935217631,0.14636920638446912,0.0007229696084011027,0.720397543018738,1,0,0.4337097797753137,0.052379503493393945
2966,0.100924903923033,0.04157722678891678,0.000281415078083164,0.4399491019157397,1,0,0.30693889751308195,0.044973299335457316
2967,0.07040232113168134,0.04771339175202115,0.0003821896507112531,0.49755726826577856,0,0,0.35218125920344956,0.04814796531842579
2968,0.14247129300089695,0.14033599587077109,0.0005696934059250308,0.5165093032545878,2,0,0.20481975062144817,0.04761920087697476
2969,0.1468771017260649,0.12082138933646212,0.0005391633380850813,0.2818307914704013,3,0,0.3203183400841355,0.049690238254695436
2970,0.1465746665645706,0.18947883765995585,0.0008685906282961373,0.4857783977811986,3,0,0.31976000863357795,0.05147250841173057
2971,0.14408383038859549,0.14500378701524586,0.0005491106766855775,0.8789649272258451,4,2,0.317717898726731,0.047250146164989515
2972,0.0,0.012071387871967558,0.0003170587644215745,0.3354549081976137,1,0,0.2770961265931887,0.04634599090038698
2973,0.2502069007715539,0.22467015559326933,0.0007769376806563788,0.6354792874439552,3,0,0.43700868319650266,0.050237059369162805
2974,0.12807918344735247,0.13236834179111573,0.0006739154501546308,0.3128995643606707,2,0,0.2405217010507545,0.0519134919805879
2975,0.17141150854387663,0.1695847293987727,0.0007251787171051782,0.31821337995980337,3,0,0.40828512935087413,0.050521238031691694
2976,0.020842853913769464,0.0275735515696751,0.00048044574050781547,0.27984367471269767,1,0,0.314574263963996,0.055743156026321516
2977,0.07960693499860233,0.08539212090057947,0.0005125255954167906,0.41198907061928136,3,1,0.2565217314999262,0.0498089030763553
2978,0.22802548520802476,0.2154423607089814,0.0007385591452001523,0.5945424317167131,3,1,0.4469508967902471,0.04843705735106436
2979,0.11173893751734368,0.1303069223214013,0.0006003236913861336,0.6790118441427132,3,1,0.39643634225399155,0.04972135365610529
2980,0.13081963553425108,0.15311225707802384,0.0005864684782146464,0.7124619438152751,4,1,0.27319760565464074,0.04867423552760156
2981,0.30074942249558023,0.27325083958878377,0.0009477017543905568,0.5921127426911742,5,0,0.48505365634414627,0.0518575901442175
2982,0.04006038352897094,0.014011357095747374,0.0002661736712279143,0.3776561713318791,1,1,0.2714273282580317,0.04362916077005526
2983,0.07098549094469554,0.08661811395604875,0.0007037842449018372,0.42885562024696494,1,0,0.3207539516993679,0.05858368022104122
2984,0.0949336502790537,0.018474007970259776,0.0003403854534381833,0.2653825335790793,2,0,0.27340566820219336,0.04954598677473475
2985,0.10857968255525442,0.09319704180191564,0.0006380857336905798,0.5345951105591256,1,0,0.42148146629385236,0.05631348883582026
2986,0.16067900537290009,0.17027780306105783,0.0006631639477236701,0.6443563401843293,3,1,0.35623534379990957,0.04854220111403023
2987,0.03346129914404793,0.02501298377256497,0.00041399258248400094,0.6898913766075345,1,0,0.3528342699117411,0.051360879109223614
2988,0.1271958789708059,0.11699994760150849,0.000643301323231481,0.23146494959372843,2,0,0.3715607197741483,0.052685055722365134
2989,0.22887677566251205,0.29753665954599734,0.0010569879022835572,0.7312017886803117,6,0,0.3985289523029276,0.05334348430086425
2990,0.1293467270525989,0.13580412726957614,0.0004643038016916035,0.29740574027067657,2,0,0.15831854031119294,0.04497114444090297
2991,0.05295058919174567,0.0,0.0002970746791582496,0.48374710708868757,1,0,0.2369128353060354,0.04939790906636902
2992,0.286802985809514,0.2736448672210917,0.0008870422502763806,0.8875573555254302,3,0,0.6002167271834202,0.049463541254814114
2993,0.26692083196367195,0.2581031551186433,0.0007968060970853607,0.7174926333728413,5,0,0.32103874722147835,0.05033447817326606
2994,0.1621613633793032,0.15846107962705577,0.0006537482817407643,0.6477184628463366,2,0,0.37914114697283124,0.050864057821880734
2995,0.20920143359474974,0.2223449920322115,0.0007064879219333852,0.7296930576392858,2,1,0.46469007208049024,0.04799207425406872
2996,0.07320471518870811,0.04350342587808377,0.00041128085669054086,0.4860513963472338,2,0,0.39664885644175313,0.049170074175533984
2997,0.14766603097880845,0.1898504604000194,0.0006995140440595007,0.2980290091259685,2,0,0.3147479273483431,0.04892988274618011
2998,0.14655322249478384,0.13372604208757893,0.0004549796713527214,0.12744923292556853,2,0,0.19609681242336902,0.04339240797789516
2999,0.16462829190622041,0.09338514671551383,0.0005077508611438778,0.2967698652900715,3,0,0.23028584462394683,0.05120828877710746
3000,0.09704517959410555,0.10619773499412916,0.0005208498672121022,0.6592591550143383,3,1,0.41720954720971776,0.04826848958402847
3001,0.0999129819703583,0.12569299805795817,0.0005794316803674384,0.6269538504278163,1,0,0.36074559199108924,0.047949301740488295
3002,0.06947197461472081,0.09292165392189822,0.00040525073972415125,0.5245450464741025,2,1,0.241904961731472,0.045172840331536825
3003,0.08228282598979039,0.11337080799705927,0.0004403951782825991,0.32446638290407676,3,0,0.3854259583785349,0.046477846565703466
3004,0.24064303653911942,0.2499887167000948,0.0009966585913988332,0.7300682373604978,4,0,0.4515719375835434,0.053999204874428934
3005,0.017576083729346624,0.03570768316308727,0.0003720738804862821,0.17392091041076116,2,0,0.12681936638502722,0.05024268464615846
3006,0.15272162539154446,0.11756093178598705,0.00045078638164874673,0.5852270141232583,2,0,0.3249845795582043,0.04662964400247268
3007,0.12287444843641263,0.11534344938859735,0.0005158818920653882,0.573890441800109,4,0,0.3764499184911708,0.04886979109239045
3008,0.08687399060628938,0.10744833565421848,0.00047771645457294406,0.3720525888269402,3,0,0.31683763156745015,0.04696627572165566
3009,0.14185871014233498,0.1566307020507901,0.0005939275543937704,0.8450573279240068,2,0,0.4186837386719236,0.05102431198256433
3010,0.28408046674081056,0.3006988163144622,0.0009663028775724444,0.43163461573668194,4,0,0.40117025610642154,0.05003015739309324
3011,0.21507557660084847,0.1310152305708672,0.0005385386596431481,0.5751442917055859,2,0,0.5200550857687689,0.05032061213061901
3012,0.18829806537996974,0.191538345518892,0.0007838314475874762,0.5783662819696593,3,1,0.46458175724071277,0.05174967853448393
3013,0.02214841029218904,0.0,0.0002898347269214431,0.4492728369166906,1,0,0.28939608506477577,0.049449965187815165
3014,0.11135277253325858,0.07713569278567572,0.0003761990163531077,0.3959676363923292,3,0,0.27054246001712146,0.04507537720219832
3015,0.0,0.00449186561040866,0.0003602677870593907,0.049405594471807694,1,0,0.19495282106884723,0.05045659724870108
3016,0.05891800899432951,0.08438599948617412,0.0004772118782980279,0.31600441290167103,1,0,0.3387963206930474,0.05031434244114406
3017,0.06054394378394899,0.08894462501018564,0.0005037875908089984,0.76607877013613,4,0,0.33560073056031287,0.049267182265818193
3018,0.159894590028758,0.14436693885189159,0.0005793494501532308,0.6072545219361978,2,0,0.36574801479839686,0.0503952976710085
3019,0.11452243980688571,0.1515035115553428,0.0006365209091524488,0.37272299343512405,4,0,0.2832820770711341,0.04858790700907306
3020,0.17962738774586134,0.18606386278468576,0.0007255364045915055,0.49556945001552927,3,0,0.3179287692319412,0.050197844253151894
3021,0.0010794417819842076,0.0,0.0002650510930224285,0.4053327894906179,1,0,0.2786004262804714,0.04518505286036746
3022,0.16586261365813176,0.19742071546454165,0.0007672915013472486,0.7919027204217126,4,0,0.363348550690459,0.04907384559788617
3023,0.17135898655694995,0.16524316203349573,0.0005525826059730487,0.37700064198871464,2,0,0.34919190017206053,0.045562052175413495
3024,0.0,0.025354433042543523,0.0004918978336933855,0.12932180417202865,1,0,0.3199317506294183,0.055433709042113075
3025,0.12434533847306253,0.14267659138179695,0.0005931790416962683,0.4423027457319788,4,1,0.3127670348692711,0.04822383750932126
3026,0.10853490730361065,0.06099021969618511,0.000413649537854247,0.35497796293687545,2,0,0.38100217428010535,0.049247922303671414
3027,0.09367251770576882,0.09736181323410643,0.0006350010765983084,0.7361063472975871,0,0,0.36088926342427097,0.053866147056268104
3028,0.1606053542727436,0.09099898491680991,0.0003726097131937743,0.7740287151012911,2,0,0.367384879755418,0.04376902057895667
3029,0.1369277789888681,0.03623224677059382,0.00034444197157979553,0.11286142596199068,2,0,0.2950830036693025,0.04982073248284183
3030,0.13322583174591318,0.10793337093230206,0.0005133395570128234,0.4866143354556115,1,0,0.15306029357560283,0.04876897322244804
3031,0.19925299815264264,0.17741416668732438,0.0006712006651900655,0.8547885809939527,4,0,0.43456535965194915,0.05042878934177836
3032,0.1912996185753923,0.20164463328116716,0.0008542962032307539,0.49560256380242046,4,1,0.4551699246552146,0.052983304754232026
3033,0.1380311996829025,0.11860329960875805,0.0005315821127790194,0.6019254017868045,2,0,0.40731655820430773,0.04906771372105462
3034,0.0949645710600839,0.1308402697498475,0.0005994718801322578,0.5911061919606287,4,0,0.2785073801661532,0.0495156845752242
3035,0.11428200222476939,0.08975129692434151,0.0006277083412017913,0.6426397217445164,1,0,0.35090728410108035,0.054993947739919585
3036,0.26503991451740433,0.32059401843609686,0.0013200723397766212,0.6773518238017938,4,0,0.4309691223902106,0.05491973072639546
3037,0.12102277585903196,0.10865926207945732,0.0004736411949164133,0.293793910947019,1,0,0.25412661599938197,0.047437368741841124
3038,0.06833622234655332,0.07011117404935173,0.0003762748218769581,0.7518960854257037,3,0,0.19739068309810293,0.04431690431584385
3039,0.1523784383633662,0.12619374661420946,0.0005354410615609261,0.5888689812575637,3,0,0.44411387678658193,0.04967173492825768
3040,0.004994372506756805,0.0,0.0002941708386977948,0.16484678777499817,0,0,0.26888222506504267,0.051660668319456975
3041,0.03957244868989868,0.02925171815663509,0.00036874842965575923,0.2944076072022204,1,0,0.2516843532478122,0.04954770012947058
3042,0.16226319349484372,0.08880873547598188,0.0005129985640332592,0.4149878018293308,1,1,0.35508349615535767,0.052084625264203
3043,0.14171064760324162,0.17704252299762965,0.0006351608244987899,0.6652940776014564,3,0,0.3827839045142317,0.04797869362660947
3044,0.19013729527408216,0.16347292080349385,0.0005194285890081036,0.5410667153272165,3,0,0.37335012174022825,0.04541274587008683
3045,0.09954424316397778,0.10352870899527485,0.0004535899726792385,0.5047381993135734,1,0,0.28851780477574984,0.045827045524190195
3046,0.07950949717389144,0.10691222766899927,0.000497150896525712,0.6203257131565879,2,1,0.3328687572395551,0.049489015162432023
3047,0.10741259587070787,0.10236522653827049,0.0005609576888632566,0.5768961805240503,1,0,0.3144962689813256,0.05233586170608081
3048,0.08484775422711455,0.07266729317554703,0.0003726192311446274,0.3924218885341111,0,0,0.18444552410971238,0.045748067379107984
3049,0.06054164024799553,0.08944132546000837,0.0006120749914210998,0.3199347948265315,2,0,0.29300879018338294,0.05365716401877414
3050,0.21389551201436013,0.24893611487469655,0.0007788050890391551,0.4330227568719222,5,2,0.2831825540930698,0.04711399689051564
3051,0.26958941816804977,0.18484795505375903,0.000653176288266182,0.6985034921114616,4,0,0.29515453371978473,0.0506074222583787
3052,0.10073192000895985,0.0,0.00021717749153196122,-0.025970554328010497,0,0,0.23176417294693957,0.04885110281231506
3053,0.14814237021652368,0.18618460362451264,0.0008439771925615611,0.5524337089035808,2,0,0.48742162136092965,0.05173222744455921
3054,0.2519727928594829,0.27589146450658975,0.000909569019563393,0.7553967075233553,3,1,0.5362245454086322,0.04939764400398723
3055,0.18896744483572464,0.1618329399869582,0.0006305407786460248,0.6585299783953961,1,1,0.3492930861433652,0.048736095804694075
3056,0.14034103604342105,0.14065268139531145,0.0006227497680504472,0.5308470067248472,4,0,0.24922447909196738,0.0504455520057874
3057,0.15417410334237816,0.13054526722298568,0.0006078601076301097,0.6623803426365641,4,0,0.3293477828734941,0.051833328927464686
3058,0.09481066986017352,0.08748398329917693,0.0003840069872379186,0.6093693963600683,3,0,0.27044582337264833,0.044204966019493946
3059,0.0,0.0,0.00033798563744677143,0.28722195869643924,1,0,0.2614276925338211,0.05278497680231619
3060,0.12295336513386815,0.09786768303426825,0.0005824951502395475,0.4625477238471295,1,0,0.48533813122669467,0.05341658564369115
3061,0.0,0.030671458485417656,0.0003194220035099016,0.11715533808049612,0,0,0.20957679622367106,0.045894825508676164
3062,0.0631029201710349,0.06700269487678728,0.0003780584447527878,0.08576219021543802,1,0,0.27716761593715256,0.046551790991408375
3063,0.10397659236007074,0.09087257225148407,0.00040990266693076763,0.5041044330241777,1,0,0.3653336551741657,0.04564814764270466
3064,0.1798944946014966,0.13779690639510053,0.0005746190632732317,0.6515050771862132,1,0,0.42276567286553146,0.048357723662345184
3065,0.1534835673549338,0.13717484015109688,0.0006194751492769454,0.7363627060004004,2,0,0.35017556223098506,0.05096061766706038
3066,0.08440341907815961,0.1236774357354447,0.0006996085682842726,0.31255473789181154,2,0,0.23542975030507696,0.053874069542750265
3067,0.11310525498888027,0.12011232194576715,0.0005825957318372308,0.29017679332566704,1,0,0.32578656399926714,0.05071780608424367
3068,0.10774187833784193,0.16493205479173495,0.0005163354275495578,0.598944541272455,4,1,0.26408915231077984,0.04516678322429926
3069,0.006233887445322569,0.019843963375925696,0.0003395540782837423,0.08001249589142574,1,0,0.18803217705701833,0.04800331405463117
3070,0.11710504884305166,0.12224040925637074,0.0005187706592184709,0.6331491961740408,3,0,0.35054204917183696,0.04749992587021444
3071,0.08457675775302473,0.13280789271749088,0.0008298612321133732,0.8182299220901711,3,0,0.43181575944586625,0.0554656108559137
3072,0.0,0.0,0.0002909847141541457,-0.15621026432816507,0,0,0.1725355116370597,0.04698399952005987
3073,0.15797608457971202,0.20141653246416147,0.0007935421040038026,0.8124673221081875,1,0,0.4745027201272905,0.050714370211415956
3074,0.1961931352978832,0.2228650194153871,0.0007976434465510426,0.8220218709035756,4,0,0.4496881859721251,0.04884015936284978
3075,0.04085208646460602,0.017398134457884133,0.0003129439562025144,0.24144712555012077,2,0,0.36580423224380937,0.04633102566687773
3076,0.25400849860752517,0.23233381431089686,0.0007052747848605892,0.7431351943008101,2,0,0.45995452669812004,0.04693924953043339
3077,0.17756844701829047,0.14470915650147045,0.0004973996301988405,0.5041883466070902,1,0,0.3142171694905546,0.046059262028068294
3078,0.22899986117694932,0.2502475091235772,0.0009220206387897238,0.7738055344755368,4,0,0.38140227308925234,0.05083245115161217
3079,0.0386093067252042,0.07596768796823437,0.00039488691069763964,0.13589373012617378,2,0,0.2972283880105456,0.04492934800521292
3080,0.3679433079108767,0.39136486760404127,0.0011511107523749784,0.682092806625118,8,0,0.4848353875918498,0.049825160187603273
3081,0.05181907759948468,0.08444210586366223,0.0005283447085792759,0.4155341820187019,2,0,0.32513411076824184,0.05104448638747074
3082,0.09866857647721573,0.05790065961562059,0.0005146755535846092,0.021728893628580437,2,0,0.2981896827556891,0.05305876990054526
3083,0.3776644057426849,0.3966915399202794,0.0015051518860710027,0.7820472804173982,8,0,0.6142644775291481,0.054701107781845164
3084,0.07465447906797863,0.07023936975375498,0.0005051362651294889,0.4476109083811025,1,1,0.3264990089981476,0.054249803783019634
3085,0.08862723508483848,0.06053601469378078,0.00034309986330328994,0.5991237161494247,1,0,0.4303663221408386,0.04442172451138506
3086,0.10221535739895342,0.13808717175551075,0.0006699465989441122,0.6281301161704433,3,0,0.3435964435138982,0.04963848937532101
3087,0.1538736666549519,0.04710963878783853,0.00036480941893609383,0.6489351953527522,1,0,0.35079320561244876,0.04925720885626581
3088,0.03054335368609353,0.0238087464985784,0.0003811117604472398,0.4845792014179962,2,0,0.41538451683654065,0.05008205975138092
3089,0.1696027957199122,0.2164620561532686,0.0008363912167995146,0.7638153173276484,5,0,0.4625267861647419,0.05116314314973666
3090,0.15723017408654102,0.16427345484438755,0.0006539246574013344,0.5314480025614204,3,0,0.3201456453550608,0.04987449394595346
3091,0.16928589896675791,0.12338639673765908,0.000577125733312255,0.5108398236553432,3,0,0.27666800180140994,0.05051390144517226
3092,0.09806937753139017,0.12051774136331525,0.0004850830374506743,0.5744365413325949,2,0,0.3167356191963433,0.04563464620422895
3093,0.3150363584807954,0.2566664055080739,0.000796189962881011,0.7678510499113566,4,0,0.4044201874033204,0.04964834097706391
3094,0.1574757130129429,0.12642561875518263,0.0004903004711865286,0.7535641734893923,3,1,0.4218397060576783,0.04842060138014477
3095,0.1678319992871843,0.20991026306392177,0.0007259602865404129,0.3607548564676593,5,0,0.21027900606990677,0.047925606610931
3096,0.25201586827012307,0.07240233386418396,0.00037005799316105825,0.32046050904385226,1,0,0.3758923896208601,0.04850752094220068
3097,0.14149353992855962,0.1668339661291064,0.0007199843205412629,0.4463541865869101,2,0,0.41717699270073627,0.05064481766270402
3098,0.24374800883939063,0.2522504098808258,0.0007571300943180708,0.5968703355403813,4,0,0.4194986411539076,0.047977676520174616
3099,0.09355157356945888,0.15623965975468468,0.0005991495859247675,0.47411983423984433,4,0,0.30732539524370767,0.047910712462703064
3100,0.15275174388285734,0.16020098563308505,0.0007188324888634009,0.8407560557279504,3,0,0.4034259312328059,0.05212585152646091
3101,0.1891679889169912,0.17422438382401428,0.0005827409415440113,0.5956145668850913,4,0,0.3148651539623603,0.046536977178971754
3102,0.1643165477035877,0.08790233405765953,0.0005348921056002593,0.6482802604449,2,0,0.22220238563305264,0.0526171038911538
3103,0.1600254020506676,0.19113558816125426,0.0005746543583682756,0.761812213141313,2,1,0.47707603193672143,0.04493838627829546
3104,0.05247811342340518,0.07223691425228049,0.0004620422150187658,0.4685485211381759,2,0,0.2909665251654632,0.04855697410654459
3105,0.07770750949350112,0.10734745112602892,0.000404695763707069,0.3350934181205351,3,0,0.2754372811478758,0.043749372724034424
3106,0.16368430581156157,0.08087586229401139,0.0004935988648964664,0.6031131978128428,1,0,0.3913193036819479,0.053774612741913384
3107,0.08413296931078662,0.0902982719307162,0.00041849007080127667,0.6023471858333985,3,0,0.29556916574176345,0.045570124259386814
3108,0.10426523674957751,0.11794680066480592,0.0004410065264194621,0.23395592096588605,4,0,0.17832851551141904,0.04408146934013019
3109,0.09276643414091788,0.11488880726405369,0.0005538525922920563,0.48704197807956984,3,0,0.2732511757603537,0.049351152784677284
3110,0.15235548415099587,0.09634072793628795,0.00045936736703978005,0.44754537152382395,3,0,0.3117045538837689,0.04872580806612372
3111,0.4184845232227722,0.44356146366538535,0.0015212025416702307,0.8365636748828941,10,1,0.5528474172008685,0.05443746883191199
3112,0.04917040896859648,0.06800472608586981,0.000333937919395947,0.2491649571439996,1,0,-0.00563393233419979,0.041943396949146894
3113,0.19396760430232118,0.19296545060397813,0.0008002648112412909,0.7038230390894212,2,1,0.4071398480944955,0.05194578462488189
3114,0.10763457552933475,0.06520164540806316,0.0003471778944154037,0.3670435351576413,0,0,0.23308189402472573,0.046026568397129985
3115,0.010460205377719241,0.062180613298413255,0.00040760405611742266,0.7132861693625908,0,0,0.3231931646668196,0.046642782939975744
3116,0.1128906582121994,0.07694492870600511,0.0005514722492891111,0.44389133475889014,2,0,0.3032785779354216,0.05539335093499225
3117,0.12269275716472457,0.15512470614556587,0.0007168304927713861,0.5881625073710118,3,0,0.4470104738990406,0.052335973601371086
3118,0.06909099905456297,0.004095151980692895,0.00026599431909046214,0.12228687662335545,1,0,0.1740603280989715,0.04645670904130892
3119,0.07625827744134782,0.10165078702902546,0.0005136819798097525,0.5574218836475116,2,0,0.36433575422311537,0.046658103386302385
3120,0.35270594432300406,0.3713314229687612,0.0012279692380575084,0.614996812149558,7,0,0.442344082742735,0.05209154199936655
3121,0.26999977982920675,0.25663665511669903,0.0009162965794485865,0.7459463781676333,4,1,0.3956930160267769,0.05111416343688175
3122,0.07687322794186721,0.06640157145949868,0.0005220137619458443,0.5315555989433682,2,0,0.3214809267777996,0.05195672271324715
3123,0.06415603911147107,0.05783417358392934,0.00042656154742290946,0.12527029906206041,0,0,0.3948636600091425,0.04840483164793266
3124,0.03571558724686792,0.03391429549955214,0.0004671534849231859,0.20963996950389685,1,0,0.3848902069772861,0.05288681325067182
3125,0.15244074322516873,0.15406944190240782,0.0006644333847790474,0.5713507444658782,4,0,0.34293400698811977,0.05042146012734578
3126,0.3302328371695554,0.24402935525773575,0.0007720206507428527,0.726438166215941,4,0,0.39175667675601605,0.05101776840251849
3127,0.03691820927106482,0.05640213994729573,0.0003269445349468103,0.18722487215392292,2,0,0.1765235172787028,0.04270673260227434
3128,0.1266184824312426,0.10413580330800912,0.0005365010060955434,0.9010441086763072,2,0,0.2934616831733048,0.05036753011921292
3129,0.19738833799643382,0.21559844444252388,0.0006961009743195778,0.629570014233047,3,0,0.3778171654806219,0.04888298692971551
3130,0.25734999926622765,0.2631550614664254,0.0010443091686623822,0.790572005349253,5,1,0.4760764070118031,0.054517211459447025
3131,0.17119009054793666,0.18295585870653328,0.0009058127824414667,0.5544661260125041,4,0,0.463948813836529,0.05510313407167417
3132,0.0,0.0,0.00034511052582107996,0.14475860622634878,0,0,0.36855137274698974,0.05486467767405603
3133,0.007071942044353767,0.02107295595451059,0.00030342375613600557,0.24112263950330176,1,0,0.26173638645709163,0.043971074190525636
3134,0.19085962580690083,0.1530580373426572,0.0005876149719208334,0.7469410146203537,3,0,0.3317125698430492,0.049588530196998395
3135,0.1260803933031964,0.1353328992836184,0.0007214430589140332,0.545434289211067,2,0,0.3157701608824488,0.05460019390689713
3136,0.07122559268330778,0.04995735320668765,0.0003219151031669124,0.3068023052135318,0,0,0.26089950483299357,0.043984045616917565
3137,0.0,0.028107179428572517,0.00041952856319856825,0.598643241274906,2,0,0.3294077604540291,0.05038133044117498
3138,0.17657732743155413,0.2153115156884866,0.0007954865588066524,0.5651177803980317,4,1,0.38358692810963757,0.052196995160070626
3139,0.23535867586786743,0.2263751756031581,0.0007273447991704774,0.7241188182828998,3,0,0.27412163324045247,0.04896198829445575
3140,0.11295628905938211,0.10262457317288644,0.0004506296308183486,0.23934210486422633,3,0,0.22402304313509705,0.04616723723186402
3141,0.18762671388190352,0.1657728816253887,0.0006031914614973717,0.5265871967730322,3,0,0.3300481425310167,0.04850369233760291
3142,0.11691170324914604,0.183336516742718,0.0007097428422569199,0.6785461472521466,3,0,0.36843394656747586,0.049034601316490845
3143,0.2768370228492211,0.31459161096639254,0.001103166886187059,0.7300831772505698,7,0,0.46231277287798156,0.052364630314575826
3144,0.08372753752798055,0.10550166127530487,0.0004935732146509997,0.3462504271878627,2,0,0.2826737809942333,0.04728412330939867
3145,0.12342694444728014,0.08858023654988144,0.00046300148409000603,0.4259015389536778,1,0,0.3454913912324038,0.04708830218474223
3146,0.2490260940431393,0.21515733474524318,0.0008629346318463571,0.6773843392427723,5,1,0.4242427565496129,0.05233197324268105
3147,0.34208577606415985,0.37958532898552,0.0013403822134286957,0.6448758890323388,10,1,0.4962627220964578,0.05287060812519451
3148,0.25974930377147204,0.26781353372091055,0.0010818266097848334,0.7818090310450274,5,0,0.4862737401504858,0.05461012211821234
3149,0.09243722192500234,0.08647534017874474,0.0005689230609941602,0.6668162179846157,1,0,0.36847333083761585,0.05401148182697848
3150,0.1703673874515644,0.19648656166659115,0.0008633176851409233,0.5178854833663408,5,0,0.38593892707481026,0.053567552286684854
3151,0.1830785935124482,0.16218158832185117,0.0005645355580337307,0.8255337942038601,2,0,0.39728368022856136,0.04768671210556595
3152,0.1851503244653914,0.16976983699233525,0.000631956907096844,0.444834520592406,3,0,0.3333362649077036,0.04744226251677155
3153,0.1330070720399884,0.1123993777587031,0.0004575240924780334,0.3595208037694286,1,1,0.24081381871702348,0.044758228783440705
3154,0.024076244254050895,0.023003545965841775,0.00029012036336050964,0.3400628802170294,1,0,0.2220221439491593,0.04346442398870669
3155,0.047571013003805895,0.0008368787465821467,0.0003152928456663274,0.3330190704162928,0,0,0.27578965135319433,0.05128467801691766
3156,0.13810993607010105,0.1456816947067372,0.0005979437349410076,0.46207031844711244,2,0,0.3139994535235155,0.04884241405581789
3157,0.0327155110891517,0.03431066680464615,0.00034236899761299553,0.20167031651930534,0,0,0.23203476958547278,0.0466850171467519
3158,0.09355362711645251,0.10740752601231422,0.000658495466821637,0.5052978343662685,4,0,0.31694627594364283,0.053847990495672855
3159,0.17159655153019035,0.1593181238777389,0.0006261453460403399,0.7449877486511651,5,2,0.3789427616664058,0.04824151341287368
3160,0.0840627639047801,0.039275487365387836,0.0004980666008794951,0.5228498182989596,1,0,0.3471243716192719,0.054647750266060384
3161,0.16491435181760747,0.1037239925500512,0.000517329182654336,0.04636520685907276,1,0,0.1244552963818812,0.050242775644163865
3162,0.07091905465265462,0.07941150246393518,0.0005172391731022313,0.6583236498630853,1,0,0.2880248569803319,0.050106670243137766
3163,0.04288856219005019,0.0,0.00017210281317876734,0.21822158784002618,0,0,0.26286873613274386,0.04436240413975337
3164,0.04850395844551023,0.05443107133034864,0.0004804584148759732,0.4795324650825142,1,0,0.3725922539773946,0.05252675835888349
3165,0.05662215549563064,0.05692099709814033,0.00040876926322770685,0.7159559556386297,1,0,0.25797156669665006,0.04799653690344696
3166,0.20405945339684936,0.18025670664831428,0.0006329946416909744,0.5566742032805071,4,0,0.3623943774972286,0.05063409627632117
3167,0.2335036812081331,0.28122045210556307,0.0010340420284121975,0.6490431258711271,3,0,0.4354894511494005,0.05062255311304469
3168,0.07423008146430782,0.07552790021514247,0.00045985764204421785,0.4352797017912706,1,0,0.3035290862786128,0.05003206142189321
3169,0.036908057455950986,0.026440339105417977,0.00035923885578486355,-0.0516712195345794,1,0,0.3886461595414216,0.0489368411242812
3170,0.3052673351710956,0.3177745915073118,0.0009183341642211374,0.8347069980741163,4,1,0.5051590914452101,0.046542742409387175
3171,0.03235823678285992,0.012894014450291697,0.0002892948442057929,0.14266431961617096,1,0,0.22256023426369442,0.04585378785367345
3172,0.06508416729498524,0.09471918353343804,0.0005730390003621704,0.4179004728322971,2,0,0.312936660831442,0.05081998583486578
3173,0.18579871204762086,0.2285601393281105,0.0009674677067337787,0.75576603383455,3,1,0.40912738998294873,0.05321790665348898
3174,0.07129530374310933,0.06406775271914833,0.0004357672703049608,0.41913863579072974,2,1,0.17822713116780406,0.04994093980405635
3175,0.15434055702208233,0.17150184227404802,0.0006239517378236322,0.6152548150961534,6,0,0.4935253756545455,0.046372037917411804
3176,0.08683051218570438,0.03253727810562469,0.0003132258654713981,0.2860371563732562,1,0,0.3552498549480577,0.04622492393770223
3177,0.09987105702369237,0.10664575566485084,0.00038403704748761735,0.3710908441851664,1,0,0.25431542137365487,0.04278425513108312
3178,0.15606874198820653,0.1471242176511387,0.0005631610611357823,0.41985427100124484,1,0,0.20362620823838032,0.047662898517130986
3179,0.12359445040742845,0.13845359563032802,0.00060045597663098,0.21750517408342693,4,1,0.20518476920638523,0.04934288930476094
3180,0.09245578228253136,0.08375455093987533,0.0004894104603620136,0.3467675791013835,0,0,0.36804801200358833,0.04957144462939931
3181,0.23215352081999974,0.23586564013768774,0.0006355981651972837,0.6736227263348492,4,0,0.4108828885340169,0.046043321335358274
3182,0.14693249779634335,0.16888316946659176,0.0005980843757403232,0.6520024665575851,3,1,0.3244567541218442,0.0483546295738842
3183,0.23502329712767944,0.22620589719001355,0.0007346001435251645,0.5099591053193755,5,1,0.41353155655400187,0.05036692937927687
3184,0.1699094017275922,0.22032127499400575,0.0008469108663155252,0.610459558169493,5,1,0.3828739823514314,0.049598314510266465
3185,0.1690488036183147,0.12187706939585999,0.00047001726923194325,0.6204807194670141,4,0,0.4281202552802162,0.045604697203021016
3186,0.15824062713595102,0.17154227204847766,0.0005200709832460408,0.5463334952215835,4,1,0.2799204862393206,0.0431608859997355
3187,0.15098878772903196,0.09415185765032433,0.0004632833688281396,0.4442571406583293,2,0,0.3854472241886679,0.04958708273210939
3188,0.14377073737753898,0.1410704715276492,0.0007358091496718469,0.7366939554278302,1,0,0.28668529591906117,0.053207395387948254
3189,0.16126587283516897,0.18857946256032504,0.0007571271434129286,0.7566484042133206,5,0,0.3805221481298684,0.05011100849320065
3190,0.0,0.030553152667450054,0.0003753311964091425,0.514165690775313,2,0,0.2662097672778416,0.04808375745695311
3191,0.060940690613824414,0.06183893285317978,0.0005218406669187713,0.4943206272959033,1,0,0.3270680185080188,0.054799000022490135
3192,0.18326940106486286,0.14401571512824185,0.0006870225058098244,0.7775490734056065,2,1,0.43225375024262447,0.05405786118579879
3193,0.006740820485639003,0.05628134863321028,0.0004099279436648881,0.32804489791833336,1,0,0.21950855540790717,0.04819194358149196
3194,0.11463938138877128,0.09245265192185419,0.000534452662615332,0.2999915875048713,4,0,0.309258674213848,0.05060475386347187
3195,0.1148316492095925,0.12940262754872103,0.0004882266677406478,0.6286943498778698,3,0,0.36474131859265563,0.04779901801302232
3196,0.17590026986285998,0.1148870570022814,0.00041443789402985864,0.49524430629706745,1,0,0.3380979786110034,0.04439861164563752
3197,0.18937892999097017,0.22922665021468758,0.0008183592304618191,0.5822618868266686,3,1,0.42403972564524,0.050455649445947104
3198,0.18560371502374778,0.21300048755076803,0.0006928805615892437,0.45364946259500427,5,0,0.26487747735815736,0.047033749697880115
3199,0.052496026850455034,0.13355911791179992,0.00046135227159773177,0.5882629983573555,3,0,0.27106035259353345,0.04592165777592368
3200,0.1461061443227717,0.1881079261564011,0.0006463292664523267,0.7505730537452963,6,0,0.4286525020518899,0.047177925777486925
3201,0.13244916650352473,0.1622177462586303,0.0007319931115215933,0.5205959430859906,1,1,0.42672615947952713,0.051259858441213994
3202,0.0,0.0,0.0002528444368919743,0.35442109704416885,1,0,0.1550789379151673,0.04807535412799692
3203,0.06997863428287575,0.014446961697374932,0.00031120279755277546,0.12846038787325045,2,0,0.33934150140397146,0.0477614341506343
3204,0.11371062938415817,0.11192024076902636,0.0004985068115804564,0.8003775743660708,3,0,0.24481795955232924,0.047344406932053384
3205,0.24912460889971433,0.1856016405520358,0.000706919266820888,0.6728021085298023,2,0,0.42091286523786664,0.050566502070793495
3206,0.10559876214764817,0.0601990909179936,0.0004903431037591927,0.2715113653368466,2,0,0.3054108397170288,0.05296490580763777
3207,0.03583897265802575,0.035461970668371014,0.00029627319419366695,0.05181573777602335,2,0,0.29269440594112783,0.04317121951109598
3208,0.2129295534496147,0.16722252219913708,0.0005228423391853878,0.5097169271214622,2,0,0.29125293305354677,0.04496508092468614
3209,0.15373480407613274,0.16966309180982345,0.0007535544221242852,0.5123640403572048,1,1,0.3184815964742404,0.053192554653652135
3210,0.08132696574400204,0.06844360072599644,0.0004952161369008788,0.5740928310742278,2,0,0.4555369302925889,0.05196159946577856
3211,0.10299417664135203,0.14880207747656485,0.0006197421008294988,0.6628454048227066,2,0,0.4404107583770234,0.04984443851836435
3212,0.0877012065575458,0.0940107079470377,0.00047774786125034187,0.5990038209947833,2,1,0.3816779743165034,0.0486477213391874
3213,0.3534762230338092,0.3213884852875159,0.0009674061962036041,0.7159059927911149,7,0,0.4367728558524606,0.050534164121454034
3214,0.21346244140652604,0.1910366233089841,0.0007627625614529712,0.622729793119358,3,1,0.41104973708594567,0.050679362794456534
3215,0.26225947818286244,0.3081270415452064,0.001084144544919988,0.7621093637141578,6,2,0.507387762551249,0.05179136109848754
3216,0.10861784509397263,0.10805489159385663,0.000513193093285659,0.6518858150999672,1,1,0.39475120375934025,0.05189448904270749
3217,0.21048041200191767,0.20711086335479176,0.0008428849307734538,0.8419932761324432,5,0,0.5062600216599356,0.05317499590848637
3218,0.2512114489533281,0.28984007266403783,0.0009059969185761635,0.5774492495808593,4,1,0.3160380305149593,0.049035345690546635
3219,0.19450285630532013,0.1713822148977629,0.0006293497931341644,0.6064874668833337,4,0,0.453515664938752,0.04719983061522686
3220,0.06343187707977109,0.12125581649117168,0.0005201443188863472,0.5853775330048973,2,0,0.313817307673929,0.046871802309556426
3221,0.058733142176255124,0.04293372280847417,0.00029533895717261127,-0.21767915315161981,3,0,0.21464651744578936,0.04316566000354313
3222,0.24510840760386737,0.2400052864384523,0.0008558788376727757,0.766922782718904,6,1,0.49543868104096145,0.05188691297837676
3223,0.2258507439151201,0.2319964863136227,0.0011286731427997728,0.7682303994544735,4,0,0.441271065359846,0.05826972801604569
3224,0.17484004508262138,0.17376571813290181,0.0005753689037668302,0.5294977173580099,4,0,0.3163388699761239,0.04653970199734494
3225,0.08724389237056605,0.06404361221333905,0.00038371324261067053,0.5359244390650987,2,0,0.3575301217493413,0.04558693226447168
3226,0.0983019164867094,0.06041407774695374,0.000405082426380982,0.3501152415981821,3,0,0.3159418689846192,0.04761316328642392
3227,0.0036556982330528836,0.018703973736549365,0.00035015606526008245,0.49336880157585533,1,0,0.2724943733943247,0.04893950776186378
3228,0.0,0.0,0.00035232667717843743,-0.005318399506819638,2,0,0.3217287101606475,0.053980328217495495
3229,0.0,0.0,0.00023779984085126507,0.23605184302025897,2,0,0.0849001296787909,0.0440371216512311
3230,0.10402630305331559,0.11019401313197477,0.0005345424942254821,0.28313480851827477,1,0,0.24460152430377843,0.04862864628376433
3231,0.0706797878994854,0.0866409544536933,0.0004823760176065576,0.5565274737307738,2,0,0.32838524694260485,0.04692288595441812
3232,0.1954179504675973,0.2802921386902744,0.0009039989560994756,0.7858173134402741,6,1,0.35712645549779304,0.04957525753638726
3233,0.26493022482622014,0.17366350498395583,0.0005531425723531015,0.3815183706246343,3,0,0.2279482476354779,0.04678611257710389
3234,0.2478734416971819,0.1777076026104096,0.0005882429366000082,0.6600726324100366,2,0,0.33416266162170705,0.04728478259249576
3235,0.22287370279473614,0.2599814484578222,0.0008848391288072482,0.9193068282530569,4,0,0.4426431077938519,0.05194151767151014
3236,0.1121987729273141,0.10176365300685129,0.0005394656034305756,0.6354245464905675,1,0,0.31721644862261306,0.049604842668832534
3237,0.16450859944786048,0.17185346811869925,0.0005544978811897818,0.4404994849087734,2,0,0.3221717217327282,0.04437428456512387
3238,0.0994804799037892,0.12135430315431864,0.0005660839868954091,0.69537369458282,1,0,0.3871218607974071,0.04924540308758897
3239,0.1028407063368704,0.054751123946549116,0.00041824257564463616,0.335851427982214,1,0,0.38179444522785966,0.049146166783162026
3240,0.03591193871694605,0.06417006089011008,0.00048820238198476383,0.5738593550414719,3,0,0.24578421193235592,0.05058870783618535
3241,0.052890768186778785,0.03402831006242035,0.00034821119040408813,0.6215850624979039,4,0,0.3771640887799995,0.04682352484487509
3242,0.253831047557982,0.25257675371832666,0.00082287507121025,0.865692474919308,5,1,0.4464365075706692,0.05031699395073248
3243,0.23204083110239673,0.12941536854473862,0.0004929007502145722,0.32527564863773284,4,1,0.39787224857106696,0.0478483629044655
3244,0.13267490673358878,0.15105666396792558,0.0006726791326462054,0.6753294502694518,1,0,0.37068820830243476,0.05101149769537091
3245,0.2475565330593579,0.21298817014400578,0.0005983166192836415,0.4212996205362852,4,2,0.40196812170504936,0.045130726723241775
3246,0.00255043624749038,0.0,0.00032099792789046016,0.09338402043362594,0,0,0.4207510137950533,0.051909484276953785
3247,0.21859031036466858,0.24476823830181693,0.000680691561552194,0.8382968117435401,2,0,0.3437832364651751,0.045902186855817324
3248,0.08705972617075076,0.042409519492377236,0.0003974510539832742,0.6399743645455906,1,0,0.34468857688594706,0.049684995923027796
3249,0.20078583369613948,0.14289235399686723,0.0006207724579429606,0.6449823873987011,1,1,0.43209810147953126,0.05198834180116119
3250,0.14947617448026382,0.13553010213070335,0.0005115226648692096,0.6258157224389616,2,0,0.32686703136756945,0.04620285505384837
3251,0.1792313134122779,0.13026476790184263,0.0006302738232662889,0.6019860005058278,2,0,0.40031434589333936,0.05253097783166601
3252,0.0,0.007252510353181551,0.00024491156106534967,0.0037055676776524475,0,0,0.16430837923686717,0.04273747605000559
3253,0.18247621993636992,0.1441933351325042,0.0005371289804582143,0.559544692464969,3,1,0.28693923309344455,0.04662139413359129
3254,0.1653656162355527,0.15434789715420855,0.0006080928123472883,0.563135575443126,3,0,0.2627451113471383,0.04846792008688756
3255,0.06444535882294657,0.03888482836132306,0.0003499341143780643,0.5978872871962705,1,0,0.4679991878639808,0.04837290981163137
3256,0.2205019311246082,0.18216769966516244,0.0007519992091789639,0.8500002901991807,5,0,0.4882421233208641,0.052251621251694115
3257,0.013908576052213267,0.04698633883236943,0.0004608913668904154,0.22495781459538258,2,0,0.27164939361220936,0.05323164768840573
3258,0.13346756615411923,0.1737256681434134,0.0007443675453922613,0.598473072694843,2,0,0.3353946874875592,0.05277452965777559
3259,0.0981465452237346,0.06523149233052965,0.000488765405807023,0.31291175314887054,2,0,0.23546132599956263,0.05287678343729564
3260,0.059649854063833635,0.09615945686390201,0.00048600998343332097,0.3970173991182948,2,0,0.2994883370500065,0.04788966711496925
3261,0.1283025535379549,0.12799675745528713,0.0004972479342899343,0.6495860129504838,1,0,0.2232359657251131,0.04638720518908506
3262,0.04159152588232883,0.05744697344194324,0.00039751905127754963,0.2781467909131913,1,0,0.30244560995250297,0.05136732174870795
3263,0.09295272846773187,0.05671563418946373,0.00043085838581365305,0.14988626859091955,1,0,0.2556361369344876,0.05098143694634305
3264,0.1976296136883823,0.20913951070496598,0.0008210490132297384,0.6263985882176115,5,0,0.3889385800614471,0.05158574927336547
3265,0.16186430689819312,0.14054492763729265,0.0005540380317980183,0.2365731659947192,3,0,0.3561713483688508,0.04943052029187201
3266,0.17875350186062744,0.16352745546948774,0.0005992465032324082,0.34260878545158463,4,0,0.3174181989816005,0.04693235433101307
3267,0.10790085544081211,0.05937315964122083,0.0004002070722862613,0.4564683705774557,0,0,0.35476402443243676,0.04742086976352267
3268,0.14717818082266262,0.18406358618594063,0.0006121673284649558,0.7648058404536622,3,0,0.3967647720682344,0.04601666066292119
3269,0.10310956032694264,0.11310865518242418,0.0005192047710135661,0.3950533603532355,3,0,0.2944545136948945,0.048010107674854106
3270,0.13854998278971753,0.06067459843370492,0.00038507263576798375,0.5805850281508914,1,0,0.3169947909261335,0.04913812915501746
3271,0.18984599332032986,0.18153614562344259,0.0006321936479709652,0.4030804239926725,5,0,0.367423344543108,0.0472191377738128
3272,0.07054088305827075,0.08833291269381899,0.0005551618696331777,0.3772808337608418,1,0,0.2495838090366907,0.052150732536196454
3273,0.10680719190003686,0.15642975981599225,0.0006416707240879408,0.7099547563364529,5,1,0.48254358168113365,0.047211187171801165
3274,0.18482201138588084,0.16859483438042408,0.0006031930613320749,0.2854820746628503,4,0,0.31918801299835753,0.050146722572355897
3275,0.1480445149726684,0.09202726433264846,0.0004902144898621203,0.5164389992205074,2,0,0.3602668760713152,0.05072665383381665
3276,0.18363613278490928,0.18456662108440156,0.0006547561156201388,0.810433500847378,5,0,0.3819215440884454,0.04825370744585859
3277,0.07986624823157468,0.0323204187993164,0.00034492680775486935,0.3846285718906574,1,0,0.20035414210202213,0.04886212793722982
3278,0.1879071671534178,0.17124554070849454,0.0005646466415276173,0.43698619040953296,3,0,0.3817770799542526,0.047311675970830115
3279,0.0,0.01788228072706255,0.0003033500234587757,-0.12436635720792462,1,0,0.3056498065887368,0.04539308815639893
3280,0.05098121128885167,0.04847056565174783,0.000380754370766984,0.46876882004883014,1,0,0.345454151343569,0.04675480757574361
3281,0.14842676435730795,0.08840236940352313,0.0005094803390937247,0.6419702582074356,3,1,0.3810784356683235,0.05075979343712974
3282,0.12353158674924808,0.15775841405639776,0.0005215384091197842,0.4146634760036752,2,0,0.3034054847079851,0.045478231953886526
3283,0.16052841988793376,0.1741645899015415,0.0005755169456525524,0.8033423142682214,3,0,0.26735459629112157,0.044559327609112874
3284,0.2288714003277383,0.21225623948206693,0.0008335747249026317,0.6637764141955466,3,0,0.482204965885327,0.051672745472699504
3285,0.0969558954084632,0.11594409267969503,0.0004930590792508917,0.7535025619800683,3,0,0.3599552113876163,0.047002676741332565
3286,0.16271209788100482,0.1495174080214645,0.0006696736139488387,0.49323590366801934,0,0,0.2995771754135727,0.05201829789417816
3287,0.16085493418496755,0.2124113718289462,0.0007093825865777954,0.6857085355267851,3,0,0.43699855524645936,0.04735213199368195
3288,0.16919985508811125,0.1829851250229205,0.0005742868187569363,0.7301282923220376,3,1,0.36357240143520514,0.04451559957981805
3289,0.06607468104704961,0.07664156098221146,0.0004519402244931033,0.44168321571745534,1,0,0.24981610197243023,0.04736590788918126
3290,0.0,0.0,0.00023557293400100937,0.05216800557171109,0,0,0.13175497412414613,0.04774434184327079
3291,0.14615877437721517,0.1577416097380573,0.0006423956606220803,0.5382189782807275,2,0,0.3899858175777029,0.04795491911109004
3292,0.14282873803653434,0.16861286302861003,0.0007141190418933873,0.774347104620297,3,0,0.38830597205121203,0.04925407326304762
3293,0.09698004273206913,0.11589270610390115,0.000500566350311365,0.3626005434164236,4,0,0.20470100810904296,0.04650846410287893
3294,0.07564230184467177,0.08655858021913466,0.0005426460505140198,0.5225247845336098,3,1,0.3255578276079518,0.0499824615760087
3295,0.1281588792507424,0.12042300850573102,0.0005284551589159335,0.33035503098400726,5,0,0.28348135623600146,0.047888523870819585
3296,0.10109109273624423,0.029208806383689796,0.0003240997662799998,0.10612291175521642,3,0,0.32644556549429443,0.04635574833069664
3297,0.18799112120272096,0.14000731073637343,0.0004368486127685582,0.3872994109812552,3,0,0.2677791894787514,0.04287254864702047
3298,0.013237642107990688,0.0339459770059669,0.00041058660856096535,0.4606516883070819,0,0,0.24174127167578183,0.0514933046624112
3299,0.2538058766075652,0.21168958006131833,0.0007681742526464588,0.653232643301752,3,0,0.43515982178292084,0.05051058016731454
3300,0.16340970624666543,0.11468718209140397,0.0004924048679692587,0.5343677714867797,1,0,0.264062540219461,0.048853081462234944
3301,0.2574395124766363,0.13168539433686619,0.00043352651334918873,0.5732751319148189,3,0,0.35824605689963285,0.045290222805898527
3302,0.12623281965920702,0.11373988441564818,0.0006055089143133451,0.5143290169002109,2,0,0.2521704846412187,0.053351910587264566
3303,0.16224124919824073,0.19944328519491278,0.0008023659778434813,0.7844003657928718,2,1,0.3941248264158111,0.05159041026615012
3304,0.006401885227802181,0.004496465148221853,0.0003670351571681936,0.08821657103852902,0,0,0.3775056108951875,0.051663779054939324
3305,0.1382125996310676,0.15526481796828545,0.0007967390509219993,0.6282925138780338,3,0,0.3380147940123845,0.055367592621506596
3306,0.11386236577763204,0.10526013888338444,0.00041351000166565824,0.43625418134700655,2,1,0.2948222766997249,0.04359247868453469
3307,0.2562814414829205,0.27308087069289994,0.0010083754095572283,0.7936695915565908,4,0,0.5081309318310705,0.05392815233767966
3308,0.09994669160906672,0.11785397477389999,0.0004897792066489359,0.7206519545136248,3,1,0.3755511548608313,0.0452649335252172
3309,0.08352684640685075,0.06771354521562625,0.00044260927802618584,0.10479418247744211,1,0,0.27450206840755226,0.05082959375107
3310,0.07699205486163299,0.09780238089060862,0.0005691371650375502,0.35766845343333914,1,0,0.2504267885265035,0.05136835081308105
3311,0.046487542831135584,0.0,0.000255245597374164,0.13161406783440352,0,0,0.33507094798905906,0.0463925412444691
3312,0.26546615761701603,0.3049425504082071,0.0010643678905095026,0.8259400946540495,4,0,0.5023698181507406,0.051416048994915926
3313,0.21678786196117875,0.20627586795735517,0.0007342696783798233,0.6363373807594487,5,1,0.40168101199900064,0.0510259924775875
3314,0.10405916707270146,0.110489968939735,0.0005012948751044693,0.312044685026418,3,0,0.2552175302011671,0.0470382526937765
3315,0.064701677502377,0.06957381432491612,0.00041600199105242615,0.3754581836550579,1,0,0.23914364497536406,0.04664182610962959
3316,0.04960694023379797,0.0639178983504568,0.0004049967884840145,0.4948177576540778,0,0,0.2795797112993386,0.046675962311999025
3317,0.16567209783277428,0.20181840840058501,0.0006249099817630853,0.7700506162624758,5,0,0.37139183678124454,0.04676256000964627
3318,0.2404657276373916,0.26334361498048725,0.0009104808465071524,0.7169234619630689,3,1,0.4474826587014472,0.05004342273883121
3319,0.16700985411656677,0.17127215808897947,0.0005687118801860128,0.4808538223130699,3,0,0.29503299224497287,0.04511086630114436
3320,0.14993160203282668,0.1370921811416834,0.0006832872637906588,0.7862329506786998,2,0,0.3552912893827965,0.052808218035101676
3321,0.06033808584424259,0.042290407073419446,0.0004434988309981018,0.5788007761785461,1,0,0.4024762215403307,0.051136347552521486
3322,0.1270280284520674,0.14336080584733654,0.0006325713186704716,0.46203421739336414,3,0,0.39415629745067843,0.04979226426720298
3323,0.1336886881035312,0.1528102708767192,0.000582589240955441,0.5029668385779552,1,1,0.15569199916841592,0.04749276013571985
3324,0.1587203411074687,0.1792580346557618,0.0006718452878553162,0.614680316681511,3,0,0.31951708795670747,0.050144374326205304
3325,0.1264038459567369,0.1483964745505994,0.0005975565145403015,0.5450823353963329,2,0,0.3418719206398403,0.04882732219241512
3326,0.07770142693003425,0.06561868885925493,0.00040545832086256214,0.7481650454453245,3,0,0.4460872345563482,0.046393903812032754
3327,0.20352031169801288,0.23641783736962454,0.0009810727069482711,0.5434068399253741,3,0,0.4476235259288519,0.05365000096331343
3328,0.1809110966126623,0.1930075652537747,0.0007043144315412216,0.5581381939315275,3,1,0.42168711979108625,0.04903417074481835
3329,0.2664110372836032,0.2575286267910048,0.0008976936977375362,0.7829238492837648,5,1,0.502179143665294,0.051625060942649244
3330,0.0,0.025967982988012464,0.00038722224200016486,0.6154009922721095,1,0,0.3680898002532757,0.05080068460331814
3331,0.15676827091896936,0.1313240021274845,0.0006840950208651105,0.49535667048077686,4,0,0.27329779935408754,0.05268235916312276
3332,0.07117498357383101,0.0756772810573822,0.0004493620516246454,0.6400983023349902,1,0,0.364694943283417,0.049153542528470935
3333,0.13420866436372897,0.12039512814642804,0.00045842226861796695,0.5811561195337899,2,0,0.2834002902090626,0.044518061931959084
3334,0.05274296902677416,0.03160216655393249,0.0004266856613514999,0.21918145042640827,3,0,0.41019168595869215,0.05110860105650103
3335,0.04845038116156729,0.018858623471517604,0.00038840184948113417,0.46136649128071905,0,0,0.3258162672916843,0.05081451857771504
3336,0.14221629576987743,0.08366971265192452,0.0004657952571755912,0.717372289349092,2,0,0.5105272563160457,0.050948303609501706
3337,0.15709724650632156,0.12815268798210025,0.0004777937465170709,0.547474478845341,3,0,0.41830308526165827,0.045217144602777815
3338,0.1581240082228782,0.12196041200041789,0.0006536972497134476,0.5465966110215881,3,0,0.414428051286543,0.05287816845919043
3339,0.14590393736656543,0.1278482501798274,0.0005201087291060819,0.6990741684828402,3,0,0.2943406748335026,0.04807269068671
3340,0.18073674053275543,0.08128316553025158,0.00044540145950480487,0.3861496625324186,0,0,0.256080934984751,0.049514342932409035
3341,0.06658139257116501,0.05310888491389506,0.00039366053617327645,0.2734747746207293,2,0,0.24213120420840586,0.047390489087822424
3342,0.2379350329447924,0.22401234849114757,0.0007757891997803387,0.6524931486665271,4,0,0.36476445159525295,0.05012474597694589
3343,0.14933229969329814,0.04421306537828585,0.0003769532198346908,0.572017430968001,2,0,0.21869138446916842,0.05111663673003769
3344,0.05292534568122981,0.06770542383019897,0.000426459582848512,0.11102207616370126,3,0,0.2539725052824209,0.04706994011945331
3345,0.1616874741764164,0.175813095721202,0.0007700248821947689,0.27377902521996933,3,0,0.36397366268288517,0.05247685749135998
3346,0.18986834769457916,0.19428628594991404,0.0006712007663547353,0.501893540865322,2,0,0.39359959389950344,0.04960516620807794
3347,0.09692062211212707,0.07003052967459998,0.0005774879918631901,0.5757671329887144,2,1,0.4587386328404153,0.055879936619216024
3348,0.19901153749639294,0.2355160890373541,0.0007268001118382595,0.7048960366913692,5,0,0.32194264308446446,0.04579514518338775
3349,0.19316277441663762,0.15742316416325586,0.00048315393755353497,0.5695206716116888,3,1,0.48330622910422555,0.04523230975521627
3350,0.1653363206364064,0.18816051600957695,0.000884559746426716,0.49924353575642594,4,0,0.4707512137365542,0.05403766016175517
3351,0.05969852820168018,0.07365125358199202,0.0005968268803691883,0.6473107808617997,0,0,0.4095649122324534,0.05475714553526918
3352,0.1522898372374551,0.09292939972631643,0.00045379764751005586,0.5238981438002904,3,0,0.28459069378680635,0.048552305301424126
3353,0.11220203080247364,0.15533503677439436,0.0007568960597401961,0.5734009638937595,3,0,0.35233981378442975,0.054674155909375896
3354,0.107801802239263,0.10140274471344465,0.0006255476072638754,0.5721205762908771,2,0,0.3706283295663537,0.05360659383404415
3355,0.045644518337000256,0.08495832999091901,0.0003367261885085387,0.26732857409884936,1,0,0.1169350747385756,0.04264992958662545
3356,0.10821535004253575,0.15283279788909412,0.000553217512919559,0.5565325472424698,3,0,0.2640382701400641,0.04686465332608449
3357,0.13393538360742513,0.10402838091758494,0.0006767345799488807,0.582026620591605,3,0,0.2177203168885969,0.0548976009110761
3358,0.024857182468359485,0.0,0.00024464457278469914,0.3957851795771071,0,0,0.31006587091990456,0.04917328825615493
3359,0.050775004396259864,0.02755296722795695,0.0002847597623715831,0.688201949954243,1,0,0.2584284406446633,0.0428159975840149
3360,0.0662092005845236,0.09975156867979798,0.0003918303285548177,0.3573695416462494,3,0,0.274348057886608,0.042801544685011655
3361,0.39538839877970494,0.33904294172277477,0.0009795039161798534,0.838097263296177,6,0,0.5096927266123842,0.052287104617962155
3362,0.13446364134903227,0.20200583170365657,0.0007485037531524465,0.7887043932050462,5,0,0.3858178104148752,0.04887472856875676
3363,0.023222485128074937,0.0009528087396757305,0.0002921714356218669,0.3735223954264376,1,1,0.3441530159415577,0.047376635379473356
3364,0.23104205364431993,0.22355098678406174,0.0009347217036042393,0.820621808345402,4,0,0.5380606428085772,0.0535419462641595
3365,0.19419283450697633,0.16404009784533527,0.0007215885328176663,0.42686748638353783,3,0,0.28855886382601154,0.05233381681081149
3366,0.26179224875907237,0.2986376149580792,0.0008476297846955793,0.8909800617305115,4,0,0.37101712737493564,0.04602923297354402
3367,0.16728060073611353,0.2534778082984972,0.000798903842519936,0.7448150571972818,5,1,0.33993818693808525,0.04833418417526756
3368,0.1133833919013455,0.1374107407087659,0.0005657835001120175,0.5974753477801246,4,0,0.3009458236262822,0.04640864292506426
3369,0.1808896972975778,0.15599570064958992,0.0005570780005424239,0.45787926051746963,3,0,0.2954384145082057,0.04825588649247768
3370,0.12911559147633622,0.04828975853234684,0.00035677196522591116,0.5857876899694028,2,0,0.33430153171365623,0.04838544151777154
3371,0.06393007066063441,0.04226857217172415,0.0004613134216868802,0.6418396611155464,1,0,0.30138212526325187,0.053021063864357294
3372,0.20632177560074025,0.08910794687389445,0.0004698361307370269,0.6819500034814402,2,0,0.4084150968394407,0.050464195565741096
3373,0.11141190448711236,0.12708155055157117,0.0005165350319732968,0.6057702813370703,2,0,0.3728356610468608,0.04770577544940896
3374,0.13398990696616878,0.16818907818135073,0.0007243189173862262,0.7349296831596782,3,0,0.3607088070250972,0.05175290904413325
3375,0.14492802136567948,0.09191821674695688,0.00041600302162066307,0.33635543388017225,3,1,0.32379055468962303,0.04697238727763803
3376,0.03313790704828917,0.06951249500040581,0.0005897568598669559,0.20638941190664925,2,0,0.39331252494398294,0.057004571615659125
3377,0.02008591231683411,0.04244776452066003,0.0004448160354451134,0.7628943976698999,1,0,0.3738145900940919,0.053283459564352285
3378,0.10750713806539669,0.13460792364216875,0.0006771018954124161,0.6011667865061896,2,0,0.3657466146199487,0.051081322291076064
3379,0.18904357780933786,0.21495787376427322,0.0008134950529484271,0.5330420764818801,4,1,0.3539571720637382,0.05136917426365525
3380,0.0653039242320314,0.0026402706764131435,0.0002976199093969712,0.24212447892262073,1,0,0.42660277474866937,0.048077636552553246
3381,0.09889409089780705,0.10459456747877097,0.0005511191399980637,0.6148884244995464,1,0,0.3833529780315103,0.050636072417606544
3382,0.08394261653011492,0.08032202657063646,0.0005883392109838184,0.3798525136528304,1,0,0.26010522569684885,0.055109643329606404
3383,0.022373980068133126,0.03151842708789421,0.00045047725877837277,0.5703782935384393,2,0,0.44822120608504723,0.053159516615272066
3384,0.15719551923127167,0.1812776219088456,0.000775612360685168,0.4123345628695871,4,1,0.47410344100595614,0.05142294033685635
3385,0.0362594888977742,0.0,0.0001717545708445945,0.14058882422781468,0,0,0.2534230406699875,0.048086514777097036
3386,0.20794978193048116,0.24809566896454552,0.0009882086364402165,0.7909370090916215,2,1,0.4456515466875018,0.05455151286034371
3387,0.2684652842566329,0.2961157222497224,0.0009562339669439382,0.5747099008152643,5,1,0.3578473880331052,0.050396200861830026
3388,0.03943823748621986,0.07361432012995171,0.0003466597395607053,0.5463758628024029,1,0,0.18109923166584999,0.04399912160463559
3389,0.2227085482074325,0.1710158661384144,0.0006923581445072246,0.5220634718965107,4,1,0.41785889371759466,0.05288012691332527
3390,0.12098387594859655,0.14290907464392164,0.0005661100337431481,0.7921393796475372,4,0,0.2609413679479433,0.04790461593118576
3391,0.061196554313598196,0.10605014429149331,0.00045223397670917775,0.6264786107736069,3,1,0.26497686826303696,0.04541202152686676
3392,0.08634169670261033,0.1296808855034726,0.0005668408794283899,0.34249813772559584,2,0,0.312664555522563,0.04724358212331272
3393,0.15257280032648288,0.1251723580623274,0.0005089908211472682,0.5969578566472247,3,0,0.3442456084889381,0.04720937150291082
3394,0.015146819309918538,0.0,0.00027348572317465115,0.33454890953119987,2,0,0.3417990654639479,0.04687271321881043
3395,0.17930291493908598,0.13880933687914496,0.000673923860145326,0.42102030695474885,2,0,0.2915993765060842,0.05255245251313758
3396,0.03077059444762054,0.0030788345749802157,0.00032853722175019476,0.7666297778029212,2,0,0.3660590377073099,0.050844995387741405
3397,0.0783191076584528,0.08734580823212465,0.0004486328816473426,0.62059107814196,1,0,0.19644228049094173,0.04543029852539745
3398,0.279914263218064,0.27126495348517676,0.0010237580598890835,0.7118059877272651,3,0,0.3533282412939989,0.054743515069950364
3399,0.2559119742504721,0.27820359880052264,0.0008509804871801765,0.6774554873309246,4,1,0.3376162468492654,0.04778558288033248
3400,0.12314129181140454,0.09964830364309916,0.0004471260505261979,0.6743529765893567,2,0,0.32694654874199214,0.045984949087824745
3401,0.07173679995836972,0.09471430279438982,0.00041823669949548004,0.368765415884363,2,1,0.27327419169023714,0.04429154406863064
3402,0.011428849172998115,0.045569383365306845,0.00042146456283972847,-0.0898988973050877,2,1,0.326535926546259,0.04990497212968532
3403,0.14126076402266258,0.17695411057118005,0.0008095360050269541,0.7417184451103384,3,0,0.3330389708720766,0.05279208871896016
3404,0.07891056026279177,0.03783418145425605,0.0004027093602602589,0.5420662826592072,2,0,0.3353459874262674,0.05083517390039259
3405,0.28028067378103777,0.1806566668001677,0.0006219744300103674,0.8016368850543443,4,0,0.4626820225004097,0.05050705163566222
3406,0.07686103963056443,0.0421754314343363,0.0004926240802318264,0.2659605984057489,1,0,0.22915892386523498,0.054424191741819075
3407,0.1078178510155362,0.05799713325237907,0.0004262965910477435,0.6025659271581114,3,0,0.29659856128712525,0.05118227572820565
3408,0.03621860284838598,0.09321475769133084,0.0004554501385882312,0.7933644276520379,1,0,0.3600284960161125,0.04452643222802224
3409,0.06832485725579975,0.11121868814058725,0.0005905238224281386,0.25006061761250276,2,0,0.279212235723964,0.05095338654768239
3410,0.08044830619171739,0.06836731939172526,0.00042062747651720094,0.5331273308469162,3,0,0.33469903138992085,0.04971033326851181
3411,0.05774579241978415,0.03793917370436574,0.0003246818240093057,0.2764322700756269,3,0,0.30383900768639227,0.04437001362742025
3412,0.1637035721983167,0.10598257245126017,0.0004723763852493835,0.7292852705231725,1,0,0.3537553491863311,0.04862992272015243
3413,0.09202708587505824,0.07133293786472213,0.00038407966783971225,0.25174084207740205,3,0,0.3577494879351042,0.04479597301422585
3414,0.21333691462287147,0.2282277557901027,0.0006559689323929875,0.7615837442303168,4,0,0.365021539983191,0.04524151434135645
3415,0.2313573156354809,0.23366677418633372,0.0008538670608852131,0.6072838539974492,3,0,0.47275449379666556,0.05170688591423977
3416,0.14618112678803924,0.13998568785151763,0.0005985992407127135,0.7119108416661776,3,0,0.3850598421926925,0.0479933211216261
3417,0.12134270224188376,0.14739075447636393,0.000651196692220235,0.6227456736775097,2,0,0.4157201479548185,0.05090590161405171
3418,0.006970502596907039,0.01070344155119415,0.00032594934195306,0.474097401178646,2,0,0.3113920185200574,0.05131833020837569
3419,0.07235668168099522,0.06659735886630871,0.00031341831027371,0.4792688481342243,1,0,0.2612499866115157,0.042034425089270286
3420,0.2271817726286565,0.24887288684881412,0.0008191184593962198,0.8529800291830423,2,1,0.4360621339336232,0.049097344511775644
3421,0.14524476304132397,0.17894440661234706,0.0005994304607392642,0.5178960874301604,4,0,0.31764874100773943,0.04678011578247411
3422,0.27747069967921173,0.2918476258837482,0.001019610814013726,0.7606740273652355,5,0,0.5252323698802441,0.05093238975945761
3423,0.1331342804685817,0.08117943845999248,0.0003840375814567565,0.4195674506471866,1,0,0.2435183316826261,0.04558529215669227
3424,0.0,0.0,0.00020300619204994053,-0.08206703073965252,0,0,0.20347464730225465,0.04688806732585174
3425,0.1741676536350714,0.15558939295716348,0.0007524302961714034,0.6732501290694644,3,1,0.3911246628203958,0.05374588400824846
3426,0.20084742049541196,0.16703966061915826,0.0006997195753295574,0.6570292480199462,3,0,0.5202734743803901,0.052502570660602835
3427,0.14744278374993064,0.16256507048698837,0.0005264436231927602,0.5122163017340443,2,1,0.366960700972329,0.04694303521868996
3428,0.04816982778106806,0.05993200748116796,0.0003987746348866024,0.26001949005723624,1,0,0.28934300556978093,0.048503641552179476
3429,0.1200670331957203,0.055082869714150884,0.00034592381236555627,0.39747441134683426,0,0,0.31250518274698424,0.04604137433579281
3430,0.0,0.02271388575590977,0.00030124092955271137,0.44408320116060584,1,0,0.2910895439860711,0.04418210426503691
3431,0.09209865909968784,0.0806676161183275,0.0004367799962563512,0.6089024350629668,3,0,0.30710158825001993,0.04976859552132744
3432,0.11761352421957708,0.13441201475909226,0.000565684358527519,0.7317116584202604,2,0,0.30740495447165145,0.04855113516264047
3433,0.20199664816453552,0.14921046551001452,0.0007152701186054275,0.7929948560536039,3,1,0.41053687090299906,0.05504778619338575
3434,0.12816062519486068,0.1378210937616124,0.0006838327440551221,0.7005475669570929,3,0,0.4293545001872392,0.05130258030380994
3435,0.10671351224681157,0.08788053989067779,0.0005491453316868162,0.5803804273895221,2,0,0.3037636588755761,0.05147676375630507
3436,0.12763966213350542,0.09210559593113501,0.00048077525590310493,0.44781277115883344,3,0,0.3363271223086004,0.04994887938203278
3437,0.08116825030445102,0.010753815314056968,0.00039804461020685153,0.1681763114975165,0,0,0.27900525184514513,0.05582289549036769
3438,0.1210708996163246,0.12607595313883313,0.0007011249222073322,0.5112065142264861,1,0,0.37592911568426685,0.05323606011185282
3439,0.1222829367947339,0.11130627065822263,0.0006187735411813375,0.49248736091985634,4,0,0.26991447052504186,0.0520183566998896
3440,0.09896883590515548,0.11610786554595244,0.00045965243075056153,0.3887782476364509,3,0,0.3117660363385574,0.04609523560234249
3441,0.10764108835922805,0.10950714805937176,0.0004936561565944755,0.7364832890595787,3,0,0.33422925663383884,0.04825614120226066
3442,0.12870228128180417,0.09722957826958259,0.0005326820423975588,0.5732579648864041,1,0,0.23676847755765518,0.05037684831833647
3443,0.026046153211960136,0.017915415188822156,0.00033372145438598715,0.45130981583079044,3,0,0.3170631265566735,0.04930805925340626
3444,0.08729916545141528,0.0509314307927859,0.0003806064116255708,0.41130973270978777,2,0,0.3440047239135703,0.047003068168425664
3445,0.12079050662868614,0.0,0.00025092954416369235,0.3432614936839139,0,0,0.3206779747003662,0.04688000856758033
3446,0.23635405673743826,0.20404177067414903,0.0007054680835818751,0.545485950224087,5,1,0.381856395315092,0.0489510919178871
3447,0.04958116295965381,0.059354875026461314,0.00041951975707505904,0.4898692399490805,1,0,0.3014917333899842,0.04820789215127887
3448,0.12041852047258522,0.14209988329313578,0.0006773360280848847,0.809399029850432,3,2,0.28467485427012296,0.052036512314523706
3449,0.13486627528091888,0.12064012100675149,0.0006122783716181354,0.6673097295430699,2,0,0.4459768219242232,0.05133651071779109
3450,0.2110618199732008,0.2385645488460341,0.000946109111175294,0.6798859133566324,6,0,0.46449697141049906,0.051348179473699115
3451,0.04444577313216872,0.012239797734634312,0.0004078433084830776,0.21304350711799935,1,0,0.34267545941886707,0.05377517320824901
3452,0.12584133459524513,0.13024697958638778,0.0005471322600957297,0.6464031971092616,3,0,0.3073908466313557,0.04877180007428742
3453,0.0,0.008441220453963876,0.00026234107743130695,0.3010069166370245,0,0,0.2553654686729445,0.042948453930934154
3454,0.1888220898853082,0.14914312875501404,0.0004526722876713497,0.30524856668002154,1,1,0.21949682874239326,0.04382860121157434
3455,0.012068769332118425,0.0505184299575336,0.00047810731983492175,0.6230133621448557,1,0,0.2267410745496719,0.05120695772818442
3456,0.20179237540298992,0.17417362505697265,0.000675376136909341,0.754463407577255,5,0,0.3843247033638581,0.050419148917349915
3457,0.18955284883752357,0.20146199867662168,0.0006655374900515218,0.4972568389637255,5,0,0.37494453011786716,0.04527555792764518
3458,0.20893571136190478,0.20430471383330995,0.000874074081009509,0.84707115777804,6,0,0.44269215542838475,0.053731846727220374
3459,0.10477588999907403,0.060410000375006864,0.0004329399674080019,0.47209652179171513,1,0,0.27905914389516456,0.04987892250680159
3460,0.21070612166130273,0.23191868796835463,0.0008881577672009641,0.6838301736698287,2,0,0.28543461052616936,0.050878843118596875
3461,0.2778131689147545,0.22984645618803023,0.000974553592131798,0.7294982174431441,2,0,0.4021938384889149,0.05575959455560101
3462,0.0172163056408407,0.04910803065321349,0.0004233452839880347,0.6730164212180025,3,0,0.437196813182278,0.04894638789571531
3463,0.08041472342084878,0.0644289683869668,0.000477619691922084,0.2227084841260708,1,0,0.36818743894696,0.05245818836136217
3464,0.08635774577487507,0.08906653342225557,0.000410058304047718,0.42004413535257773,3,1,0.11517273213126827,0.045007527151281874
3465,0.11284493429699406,0.10213022999886585,0.0005251189803882259,0.6264925267692547,1,0,0.4855494667495438,0.050064513812634284
3466,0.09930377390259354,0.07724189631690422,0.000566857653754847,0.4450310177613963,0,0,0.32927916714617517,0.05359823262808134
3467,0.1501284648683067,0.16385346657060954,0.0007337448471215584,0.2106592914583894,4,1,0.24027656625938024,0.05227467982089633
3468,0.2121679830699443,0.2198156098580947,0.0008553057288365976,0.6323356689120937,3,2,0.3370926843825587,0.0526483670515244
3469,0.16317053256220346,0.08120882095252012,0.00040277843621817645,0.5312759389618837,1,0,0.3224647833191961,0.0476792584636112
3470,0.16208487147057146,0.1844833025699039,0.0008019693564653527,0.6941134743468741,3,0,0.4395930533028576,0.05187370241063161
3471,0.36351658610624826,0.3307257465834077,0.0011069952962876307,0.7572521839173844,5,1,0.5454983048406613,0.05499735769612708
3472,0.2076620658125325,0.25134261936719965,0.0008857712873444822,0.8241796960426873,5,0,0.43349986514448297,0.0491378017975767
3473,0.11102209000209701,0.10155179733700893,0.00043649266325174917,0.361705864147889,0,0,0.219286506529424,0.0452214198722733
3474,0.13819569744233617,0.13668318377679153,0.000599745685182451,0.5534605077534144,3,0,0.3028530137192158,0.051722693867116955
3475,0.03165921138639915,0.02572876522164435,0.0002928203558837091,0.05253594625742173,1,0,0.08910372528263288,0.04389501892581295
3476,0.08870462489310156,0.10625942595864307,0.0004929926812859189,0.5131895799177515,0,0,0.3256867446722448,0.04613339536490363
3477,0.24437700056839215,0.18475299807522416,0.0008369380941066094,0.7939294274470504,3,0,0.40025358720250925,0.055592459561723
3478,0.2766412205129759,0.270284136951585,0.0009553007456572655,0.7240966253782993,5,0,0.5182655141115398,0.051480454568116896
3479,0.11646224682567761,0.06083018016625136,0.00037082327021114295,0.2219766266047308,2,0,0.3133477103418849,0.046334269388854946
3480,0.045346714527760804,0.06705234769481687,0.0005017951703537824,0.5746736165416619,1,0,0.3772125071696293,0.050341436439154626
3481,0.153117667621796,0.17475288974299175,0.0006293968390909246,0.5515240524666574,3,0,0.34497260094907334,0.050321520561562874
3482,0.1906471592200688,0.09793502000138816,0.0004710236275225442,0.5196124327122298,3,0,0.34560923949004907,0.05011119582594811
3483,0.14429724676022043,0.026650553189510488,0.000355947385287092,0.3625509964880512,0,0,0.2892529983445573,0.04943352044460755
3484,0.08793503221073183,0.09943412926423624,0.0005077841152607491,0.29817063133285665,2,0,0.34598835792330135,0.047772075532837174
3485,0.08901160032217505,0.015861851814384695,0.00028607180728696606,0.3486617885015909,0,0,0.3199102982721372,0.047349183891254316
3486,0.17520833317624052,0.16454807684633407,0.0006163794342899623,0.6446173281863871,3,0,0.42619752413552364,0.0489894844675199
3487,0.21049861574918188,0.2265794970546671,0.0007418993964314464,0.7802025433043911,4,1,0.4503448477904428,0.0473607981188968
3488,0.09288508685668913,0.06675523855448001,0.00033696653737906444,0.4257862185259507,3,1,0.15605518217745554,0.043980657403378094
3489,0.0535507716019681,0.1001027745635494,0.0006902328541767717,0.4577504571929415,1,1,0.39768486716965457,0.05451573790776524
3490,0.028859275209137933,0.0933388015573756,0.0005871261702452245,0.46586180643775305,1,0,0.35334601336849947,0.05272348098591472
3491,0.18238204180840045,0.16572361029880964,0.000649114597532862,0.7404864936386332,5,0,0.3585610640025307,0.04974374972926855
3492,0.17187953652489787,0.19898002523434752,0.0007449432161943656,0.504185234796615,4,0,0.37852721826947067,0.050145965235936424
3493,0.20266333269364725,0.17364066220164803,0.0006105246831659571,0.46559906711968574,1,0,0.33732596871615267,0.047758592772726746
3494,0.11266032006586844,0.07608376839276632,0.0005544167398753247,0.6730456684185063,2,0,0.3141139654485642,0.052997968239352614
3495,0.33177850701051254,0.29842106963741455,0.0008975361308439381,0.8226393280514841,7,1,0.48878406733161006,0.049407996177745814
3496,0.17128354609871835,0.1643479301277292,0.00064993033960578,0.7288120561874099,3,1,0.34837564154258216,0.0505238402000674
3497,0.1227611661563093,0.13813642885889538,0.0005782793969357102,0.313171826403622,1,0,0.21845648807746507,0.047323775948207976
3498,0.10570159342664487,0.13396270118288725,0.0006354083730188291,0.7746678764441041,2,0,0.3442575333189209,0.050364233756192395
3499,0.10059849060446563,0.15202072275924577,0.000769624711379873,0.7338639098554799,3,0,0.34617875871075443,0.05414490805481846
3500,0.0,0.003212157071053756,0.0003955304997978746,0.17717052326523736,3,1,0.26400665900992076,0.055028931473163664
3501,0.212790896068769,0.20750943558534787,0.0006551856449969515,0.6746733859700015,3,0,0.38455813517520915,0.04792188467769728
3502,0.2086888044186731,0.10917496809772592,0.0005135232915685612,0.4582467549073827,2,0,0.35424650208345027,0.051583268624567045
3503,0.15856443259813538,0.14310028671941183,0.0005441518498647117,0.5386823608057856,3,0,0.333776693605582,0.05016282813812763
3504,0.04075974063715454,0.04306856997055381,0.00040990599361690974,0.6351355877662006,1,0,0.43515287079272896,0.049007464140995986
3505,0.21864061625073877,0.10575439514941905,0.00046017949629043655,0.47924620748556057,4,0,0.34285726525119586,0.05045665923461017
3506,0.2714022555984767,0.3073916000839692,0.0012081241186147013,0.7558220795655822,4,2,0.4879973659808967,0.05354023523966495
3507,0.005760820788417272,0.05662851704907956,0.0004125040587935608,0.44726498919831087,1,0,0.27947358158785585,0.048169861122454964
3508,0.13342018628128383,0.10076315121113028,0.0006023743242564493,0.4363817108698889,1,0,0.4194316467308283,0.05323403987672263
3509,0.11133920798995778,0.05421952696588507,0.0003679289928793881,0.43674616333765764,1,0,0.346538461516661,0.04877247391092288
3510,0.08758127836252251,0.048401648759657544,0.0004499610866726489,0.42059030658463736,2,0,0.3631054682567307,0.05197130204437482
3511,0.1432813841327751,0.09505553691659373,0.00039667573972038665,0.689865123297402,2,0,0.29583757451304143,0.04358173044419203
3512,0.1308166990349374,0.17278571385300764,0.0006526376166547821,0.7186516479921594,3,0,0.3263557430218273,0.049245257041145254
3513,0.20875900531000877,0.23535265419917215,0.0007493086144641852,0.8814695178439703,2,1,0.42659513519563785,0.05012910589759707
3514,0.1985058903316149,0.23520371835765444,0.0007902773054480076,0.7645338620465163,4,2,0.41296412953024136,0.04731703611627942
3515,0.1266915581946545,0.14992219379738966,0.0006681924761564224,0.39317728295118753,4,0,0.26171498767645207,0.051480294387652586
3516,0.11486523584669844,0.056698780646787995,0.00045128229420789503,0.3631774776269849,0,0,0.25601013496379654,0.05186414773768697
3517,0.17166929467776512,0.2383518529766712,0.0007154903818968338,0.6212370382637598,4,1,0.3184896204273348,0.046586202966931
3518,0.10526518158511562,0.0965960164104905,0.0005183101984527476,0.5648368661147126,3,0,0.2934778841240434,0.05056844760595712
3519,0.29071625253662187,0.15535336896658197,0.0005119598017618821,0.5948938213078104,2,0,0.4554493414071544,0.047285972231106185
3520,0.1535720812102194,0.2174518780925521,0.0006287510726809565,0.6836710583001007,4,1,0.29930302506141,0.04461135010461311
3521,0.19730914273446615,0.25060757921225646,0.0006826561843612251,0.5414490602604226,4,0,0.33872642060959113,0.04566548840850036
3522,0.04706381092219018,0.08303746312564436,0.0005333876202259704,0.7423798516880149,2,0,0.21726902706603024,0.05138947091051726
3523,0.17937012069246952,0.20581272007863868,0.0007104090334449063,0.4301362006456236,3,0,0.33548396379715956,0.049131557636765105
3524,0.021807448618237357,0.02607499025478757,0.00035977257977544625,0.39304548633139375,2,0,0.2753429796256482,0.04838830646215503
3525,0.19152319435623802,0.18281698198770294,0.0008297894527712837,0.7195899582663815,4,0,0.39006157031502375,0.05480346619060898
3526,0.10836545705051714,0.1030939346141429,0.000556028722157234,0.3804202349319592,0,0,0.24218013814185965,0.05053258853634283
3527,0.15332244225074218,0.14317020925225227,0.0006745543439502988,0.43056072466717116,2,1,0.37079030397588864,0.05276038686820913
3528,0.17106535493948583,0.21708777570226961,0.0007324973280474107,0.8122834605979293,4,1,0.5697062550253669,0.04734064932972971
3529,0.016694928846834534,0.014980447542582804,0.0003243013622160983,0.31316484956895124,2,0,0.18550879819211324,0.047697636874628246
3530,0.1736092837216353,0.21515776100284154,0.0007638142870603415,0.5692533906501593,4,0,0.2893131784394461,0.049895058869114405
3531,0.1580375398900446,0.0994088223188595,0.0004287274279299284,0.6905767228066285,3,0,0.33407249167191083,0.04641272733344907
3532,0.14253578727172336,0.1000883801745269,0.0005127636700670552,0.8152227106734238,3,0,0.39264597639998466,0.05080856500763773
3533,0.12797250773850072,0.0753185136330581,0.0004684188240749737,0.22349001658001508,1,0,0.3093300954983185,0.05069479590141307
3534,0.08430086598385486,0.06805953165984889,0.0003952471812540629,0.43759895196009363,3,0,0.274863720136212,0.04643990156628787
3535,0.0,0.0071260973440797695,0.0003447822435274816,0.49437363102369125,1,0,0.3382411392827314,0.0507569495339565
3536,0.12796551551203147,0.14095707101388985,0.0005709308056505901,0.7813231757640954,3,0,0.35323874245695497,0.04694967346736816
3537,0.11119874392826445,0.131659877264338,0.0006612732700780793,0.45353875764408585,2,0,0.36024428225696864,0.05117739343453202
3538,0.03503615667935694,0.040012136840660434,0.00031994864546489303,0.31419412646745154,1,0,0.27801428671769696,0.045368404448261485
3539,0.245994885789977,0.1812312250073784,0.0006887596608063679,0.47375211108710746,2,1,0.3075572393208512,0.05236680924326222
3540,0.11277468142996665,0.11277472598765964,0.0005980356379453558,0.7377714003915185,3,0,0.361120045387281,0.05210104626785451
3541,0.16805122217895527,0.08759006531937671,0.000526584382222881,0.5008729112469151,2,0,0.3467019346545377,0.052117676195798365
3542,0.12149107248594847,0.10625592898802845,0.0005537431948752242,0.616042975559105,3,0,0.4839545087492186,0.05071375044143661
3543,0.10986077788031569,0.10509276060462062,0.00053605146079307,0.5853915772382227,2,1,0.3940487593256012,0.04801781217380592
3544,0.1543644649193149,0.1464120059917154,0.0004830892696161369,0.641371398876545,4,0,0.4135813232199681,0.04380201349846519
3545,0.09825234442184526,0.14180380784110216,0.0005739024878027528,0.5191928290275954,4,0,0.4489562038239778,0.04727014787022902
3546,0.07356918968126422,0.0770200449956608,0.00043199881692648984,0.4930309548230018,0,0,0.23622499381281703,0.04755858905347784
3547,0.17802542810790217,0.16000953769856852,0.0005713705442543608,0.6912101651209159,4,0,0.19752018816295155,0.047638707537340196
3548,0.09822299443095016,0.15341511287480888,0.0007153972433289802,0.426366714945498,2,0,0.37371905409002293,0.052535662942714514
3549,0.17460540752848763,0.21508223243504743,0.0005292758281057257,0.5027312225120617,4,0,0.23326386887081813,0.041325012234950186
3550,0.0,0.004025592344611945,0.0003372789337278795,0.033863410595127486,0,0,0.2435231939250135,0.05087037785044369
3551,0.07721794956842043,0.11859418049571527,0.0006130756764259688,0.673124484626792,1,0,0.43496261765137817,0.05232357953955623
3552,0.1738528196789491,0.1996986012123078,0.000899226020118568,0.5384634898348536,4,0,0.32916639154577426,0.05413232446469947
3553,0.19225990500798448,0.10311149771012709,0.00042443372819338167,0.5235288238929846,2,0,0.3819464738150651,0.0487414000894537
3554,0.18273020129008138,0.12196312277325451,0.0005342587719188289,0.5424211826971921,3,1,0.352269196610893,0.0508264934994782
3555,0.1597770752999704,0.1798620868852024,0.0007094655526738536,0.6728980101776202,5,0,0.38929443328429736,0.04964718306663726
3556,0.07249472459330708,0.10223178905547405,0.00042991799399105324,0.26908409899738717,2,0,0.26382567020882375,0.04528105251507992
3557,0.259769653942901,0.24395948376054324,0.00083221194154431,0.6105098332991005,5,0,0.3155489037838278,0.051603221801780695
3558,0.05310866958444643,0.028902657708487496,0.0002960440865663955,0.04968595903838882,0,0,0.29696985446439805,0.043265428365706904
3559,0.13369345120782397,0.14287896286459625,0.000636349183613059,0.2835051249265964,2,0,0.486962513070083,0.050278925093047315
3560,0.1586009517982159,0.14330581435266868,0.0005913090563189926,0.3439957249080208,2,0,0.3625291190589369,0.049000863682913134
3561,0.1406694649782725,0.13557031468924524,0.0005708687871938567,0.2911827543625761,2,0,0.31072103836376824,0.048120260237872796
3562,0.14554728595633237,0.118141702414397,0.0004288949851969429,0.42347417060531833,3,1,0.311547105918465,0.04473185712502998
3563,0.060664919010738366,0.05459308901763774,0.00038113591933528255,0.6198935012920042,1,0,0.30251063056337524,0.045879843732500404
3564,0.05864121930756635,0.04336212213986424,0.00040605385739041113,0.15988911927596716,2,1,0.287084390561355,0.048505033306489496
3565,0.15482902982562816,0.14691896094397713,0.0006551667402887901,0.5323736044796221,5,0,0.42741546304155353,0.05086828285850606
3566,0.14132747002599755,0.17371968196686,0.0006336092875513874,0.5929430908641677,4,0,0.2771058942982058,0.047542499721886934
3567,0.12788648243892936,0.15307471324009994,0.0006013392379101759,0.3128834524974999,4,0,0.3572298803239149,0.04793034708648894
3568,0.1050791274338934,0.13766497280190274,0.0007644317202554416,0.5188607955322484,3,0,0.3853066371258458,0.054892141350475106
3569,0.1619065018575471,0.193119826195089,0.0006322060739730244,0.5525866874520586,4,0,0.3307279060367873,0.047641542507596266
3570,0.12158762465155912,0.04878301735283476,0.00039478970736053705,0.3736549269128081,2,0,0.42095821577443016,0.04999535502809253
3571,0.13243674278337045,0.12058457023135995,0.0006501410791521853,0.6659291969285953,4,0,0.49889605311165836,0.05312928173243363
3572,0.20039607475385926,0.1546247050239951,0.0005050656676631684,0.7486746492756365,2,0,0.343317220797531,0.04575809535582393
3573,0.09707952858670278,0.1362244895700191,0.0005615877371887498,0.68225725993449,5,0,0.32179351296081843,0.04855705318304666
3574,0.1952545411235074,0.11276707556046942,0.0006498780609628079,0.6142978109268767,2,1,0.433716859640102,0.055791470555068605
3575,0.1587332061311301,0.1880644808640011,0.0005144860674138759,0.7465588711912895,3,1,0.3982675576335632,0.04335572106349069
3576,0.13225183593742623,0.1246472365227407,0.00047446743011860003,0.32207240572110474,2,0,0.2877539508470154,0.04483029712527873
3577,0.15526121687260075,0.1589542031296219,0.0005925912778286442,0.5221692839437212,2,0,0.24235759006082294,0.048279002004849615
3578,0.16160735195352613,0.150770904335533,0.0006652048889828229,0.6300817167591058,4,0,0.33505246970821606,0.05257445515165096
3579,0.20618660790030702,0.20527038032194772,0.0006894478230754504,0.7065186425635038,4,1,0.4657629620607716,0.04965843999567467
3580,0.23227465178375314,0.17010894763790788,0.0005285973259193541,0.7158990104096302,5,0,0.5339147668609181,0.04777500959483344
3581,0.268432330572606,0.2084621779907214,0.0009283604748672846,0.9774394601664991,4,1,0.5756064661271207,0.05861062142974991
3582,0.0,0.0,0.00016800044595831064,-0.20798563808360346,0,0,0.14754115455850894,0.04563064137403797
3583,0.10232076359896168,0.1371138082313186,0.0005351838593717158,0.4390274399383526,1,0,0.30740280903126416,0.045852160979020076
3584,0.08934650293704316,0.06577515821737175,0.0004122495223456785,0.5164429725976115,0,0,0.2479180462741389,0.0482301824209934
3585,0.1487717961085995,0.1515262267070277,0.000716492177024918,0.6996206930649872,4,0,0.39047090941069695,0.0528538552595574
3586,0.11047160921559251,0.08811870190143903,0.0004844063906717512,0.7107593636394565,4,0,0.27708588870085904,0.050208919232027346
3587,0.2299054598729781,0.20211687005120446,0.0007683686390561821,0.8142299780315015,4,0,0.46092929411762495,0.0510742259774374
3588,0.09393645983737549,0.10534838799586684,0.0005391792729419691,0.728248721982735,1,0,0.32731253732167015,0.05083001513718766
3589,0.11739810714581161,0.07305606531355598,0.00046147555812894625,0.24110988172087905,2,0,0.28217554032838554,0.049375729230130165
3590,0.13602214163090093,0.0703224176323085,0.0003687854098289575,0.26250509875433253,2,0,0.3186642539443165,0.04675553488047412
3591,0.2551788255804003,0.20270763566715194,0.0006899433686444833,0.5543275437012346,2,1,0.3311194710237206,0.04867987675088374
3592,0.20620676594157356,0.22733164622633617,0.0008477241195899715,0.6413258740210825,4,1,0.343389900946338,0.05336497576701369
3593,0.13203830282043655,0.07305793290958157,0.000422505097630231,0.3750116805522069,2,0,0.2826278091192316,0.04870303936298664
3594,0.11436816694265492,0.13153326490551687,0.000449688099957342,0.55872309013175,4,0,0.25448198491049634,0.04351349312493539
3595,0.22441424257609832,0.19819664200362733,0.0006894608695043675,0.4615973536799816,3,0,0.2591615304797862,0.04770544641619544
3596,0.15304179761515424,0.19567737998723597,0.0007116941216869131,0.5945407433132165,2,0,0.38322615967589485,0.05004117193631388
3597,0.0,0.0,0.0002778111021415809,0.12179511453860488,0,0,0.22076594667196967,0.05252975393540994
3598,0.22103058385319627,0.23725857257577504,0.0009712971565434771,0.5181171698768315,2,0,0.4034497088231598,0.05269455168179745
3599,0.14159962825147113,0.14191645753516743,0.0005667120422262903,0.5379073404460281,2,0,0.44214846522109236,0.04885929903234607
3600,0.056908030647206356,0.055277099776125035,0.00046803647509016064,0.3719934312419904,1,0,0.32281156963044855,0.051441194125146306
3601,0.058344964541249385,0.02559458916891608,0.00034531997636371147,0.3817752250904344,3,0,0.2975156997747583,0.048551759556125854
3602,0.14711333994816525,0.1603807250660032,0.0006959625831224675,0.4250104104719098,4,0,0.4326168634589082,0.05096872699312482
3603,0.08373227814157631,0.06399310705904782,0.0005787307542504162,0.2574284272148399,2,0,0.33019854947822314,0.0552072500535528
3604,0.18802395512237624,0.07879877277085981,0.00037738083389090513,0.12170965712354222,2,1,0.26033298436523433,0.04653005771194477
3605,0.1232041801895945,0.09416331997237386,0.00041522261759360557,0.6836264454208406,1,0,0.262688476354646,0.04544166241603145
3606,0.17112335221791286,0.1860030292511533,0.0005871986998514117,0.6141237720302467,4,0,0.27805389040612966,0.046954885560152405
3607,0.24148483309500748,0.2807961640702573,0.0008292686571748831,0.7654677136470783,5,2,0.439758437222895,0.046645587521167035
3608,0.14028305960598633,0.10499768212843873,0.00043522802304272795,0.40725361916924824,2,0,0.31999683423230624,0.0446769634554234
3609,0.10025728198098867,0.07849200804844168,0.00046709390455090306,0.6132272225723634,4,0,0.26213487638300437,0.05061615278745951
3610,0.12410011803907306,0.1542605925035299,0.0007053278514736565,0.7384428865851481,2,0,0.49972685369602066,0.05101309030317751
3611,0.2735219910847508,0.3100395855291331,0.000928980561098245,0.7813656783800362,6,1,0.4146583194478987,0.046627257123056126
3612,0.046184647612422254,0.05116193198491992,0.0003798114483968975,0.292892498160256,1,0,0.2536763944045102,0.045702909107412405
3613,0.11855101731046291,0.14867474576577128,0.0005561105821677717,0.6287015692617746,2,0,0.4308289579913741,0.04610146721751452
3614,0.21150243074149197,0.23207260712708908,0.0008207470972846129,0.6999973835961711,5,0,0.3582695743983343,0.04961026748263858
3615,0.02015880648196718,0.0,0.000312444481524312,0.14060493044012454,0,0,0.2809064209201039,0.04842949278469177
3616,0.23672599564509006,0.26569604524783663,0.0009168553855743014,0.7338677585244965,3,1,0.4300537821226246,0.049529542793750526
3617,0.1607605193939346,0.15033242044642342,0.0006268815595076995,0.673890241419506,2,0,0.3150817164988649,0.049806425470256904
3618,0.09398720526243733,0.09687924139551186,0.0005417860263526624,0.6722464360649791,2,0,0.48401056892863153,0.049538494939338054
3619,0.13807333661233057,0.10434840112868649,0.0005657449748614277,0.3002944782794237,1,1,0.35935736830238607,0.05167262549671832
3620,0.16335333281295447,0.13453496952336916,0.0007176800298168148,0.5118938256237083,3,0,0.3433100727282235,0.05544680078753805
3621,0.038386961905768756,0.03257178616721604,0.0003655640811421728,0.5152735958344661,0,0,0.21814390182885646,0.04795727284472568
3622,0.0,0.008018628390200124,0.00029854470074498654,0.47471208712187074,0,0,0.44782439724140216,0.04527123931159437
3623,0.15410356966903052,0.07538485763837496,0.0004529195477439024,0.4559642769781736,1,1,0.37369975917405435,0.05062588353571027
3624,0.1629300599665054,0.12570203616281853,0.000563741564868675,0.2624096492070791,2,0,0.38857969923861974,0.049063136149858945
3625,0.12185375460519092,0.12275245112160488,0.0005425977409346295,0.7356833881390797,3,0,0.3931682222521261,0.049007476275056194
3626,0.2205060827991796,0.20989231957741766,0.0006691503861073226,0.6051265308889296,1,0,0.34049759876534663,0.04701849476663616
3627,0.21192762088774658,0.1796715831478602,0.0006634204217275745,0.6862939369263463,5,0,0.31334895153180803,0.04999420936948431
3628,0.1408519975527623,0.17615967979675973,0.0006931802785119116,0.6925960363539334,3,1,0.3164827379004585,0.050272276873504586
3629,0.16860409123521705,0.159936920457506,0.0005297154063457251,0.5162780774321125,2,1,0.33173491375467107,0.046444248734363265
3630,0.17786036389205087,0.1805150940271255,0.0006582528268204272,0.7249583030388336,2,1,0.4785602514183843,0.047265185505092594
3631,0.0515630334522698,0.02394241874869831,0.0002782591119633433,0.0781971258950017,2,0,0.2392737076470741,0.04547901560768251
3632,0.1367358275283854,0.1445260917171052,0.0005046512796979365,0.5935885324959069,1,0,0.3272469670819074,0.04789639324900955
3633,0.04147301115100541,0.004939822836776144,0.0003399502465092617,0.609878350587152,0,0,0.2613069084881285,0.0507949921475551
3634,0.10656683844720956,0.11861659877975902,0.000545280415027603,0.7351801319059806,2,0,0.3871287617340119,0.04772629223372528
3635,0.16785416962433777,0.19286894039041205,0.000741791340749475,0.7763102605086561,5,0,0.4373149450000921,0.04945936879301706
3636,0.12372622509565567,0.15005911964619298,0.0007491429703926246,0.5871561625749483,3,0,0.410595628616031,0.052397760585111613
3637,0.08735811792377766,0.06370931315595173,0.00039275889858981947,0.30494680816963643,1,0,0.3110265142571743,0.04748582157720999
3638,0.1437007963455904,0.16487275728104678,0.0005600346882857077,0.6669356614004581,4,0,0.3572566132878583,0.047385234378013834
3639,0.11267572272254325,0.14815884952394973,0.0006768811780677768,0.6041357571691641,3,1,0.447009484989287,0.049836696859819084
3640,0.18241133927267603,0.2505499968644975,0.0007913323945099284,0.5749700748992915,5,2,0.30992597046180925,0.04813536433395723
3641,0.2141930164659236,0.1225062168820773,0.0005086524973799854,0.24288987404878673,1,0,0.2485985064632753,0.04833758657074036
3642,0.175880164533852,0.2071990510432241,0.0005572748602711651,0.632999773947254,5,0,0.4233247937669461,0.04248185541375
3643,0.09354114196267362,0.10442889404625914,0.00048287619872170053,0.4817044144695332,2,0,0.2911373412971868,0.04642294126204125
3644,0.14124241818583563,0.17298306382668344,0.0007634644160954229,0.8591621231003974,2,0,0.4301279009776957,0.0506079277893514
3645,0.10478013325772863,0.12567297351568713,0.000576562634848071,0.7963810370877918,3,0,0.3780596872505125,0.04900187480012916
3646,0.13615306916636513,0.1737791823861648,0.0006753001032163678,0.599333091504333,1,0,0.4146912210742867,0.04866090163617891
3647,0.10439804954945375,0.016542440141689117,0.0003479122201050695,0.5984919486325928,1,0,0.341744950077684,0.051248463319229005
3648,0.07498124094251277,0.11933043499282107,0.0004852809432049254,0.6552465748561981,1,0,0.3912493611745465,0.04646296498424593
3649,0.01868981951609861,0.06801861014466712,0.0005049150072444414,0.6030944794574584,3,0,0.33889765156077956,0.05067660219949404
3650,0.15691729430584286,0.15235814046392523,0.000637858355570521,0.6511018335430587,4,0,0.3700620723567068,0.04932106964476881
3651,0.16157669727230428,0.16781225714922898,0.000574897146310174,0.6691290829475129,2,0,0.45334247651271903,0.04766292920045866
3652,0.06151398623580859,0.0316621005823757,0.0003877174723374864,0.5539546102787968,0,0,0.2591099263469499,0.05024549395746555
3653,0.07163888673362881,0.0,0.0002547873041594662,0.2591292766879576,1,0,0.21000856426845504,0.04839701994708623
3654,0.1478602123921187,0.16176855435800763,0.0007550587473202074,0.6115997330082306,4,1,0.40959649769319184,0.05141878067694567
3655,0.27089413417330294,0.218182175400864,0.000896550758002771,0.8199485428954104,3,1,0.3874954858986713,0.05497156915816431
3656,0.098966944547223,0.11364269668023923,0.0004945886613562647,0.7076713303259112,1,0,0.2796307924816058,0.04904482597461372
3657,0.15034023579017355,0.1533629488404121,0.0006569450837253765,0.6237129572939185,3,1,0.42889162297718686,0.05161311912229947
3658,0.05270885084459692,0.09336681315168842,0.0005195032305397756,0.1626709470826801,1,0,0.24665432639856663,0.04969919185756733
3659,0.12141374733866436,0.12434143388128595,0.00057844645163715,0.4317186957098093,3,1,0.3680382290527045,0.050693964740315796
3660,0.08789506338339327,0.09390214624972741,0.00045868307983558263,0.4861809549946744,3,0,0.4634421642874469,0.04695574561139729
3661,0.20076318865606319,0.24395065172344602,0.0009151482019889953,0.858827171560317,2,1,0.4979566385616487,0.05175500595085762
3662,0.0386660133188102,0.053132147570764635,0.0004532624894327084,0.33542480368618005,1,0,0.24715665421007216,0.049091876499112036
3663,0.1140986664998055,0.13730820660085016,0.0005776013061755794,0.6421676960022533,1,0,0.28939188794398624,0.047089388789925586
3664,0.21653149061757243,0.22070279414780725,0.0008105937591438896,0.6573339166868486,1,0,0.4407356931701798,0.051414861575397514
3665,0.1505651138865359,0.17173973358812075,0.00057434863259898,0.7176423129888891,3,1,0.31352444498518045,0.04693862221155626
3666,0.06781925939644569,0.050971133286170235,0.000389009885040651,0.7138240361761236,2,0,0.38830848961598996,0.047220540734791254
3667,0.17285459261916777,0.21498433590790286,0.0008034749135478909,0.6270824018438372,6,0,0.38640676242789124,0.05163351310043815
3668,0.26142240234448344,0.26027680513777557,0.0010501124524689358,0.62385734804084,4,0,0.5012959738168544,0.054705049835273765
3669,0.30780280026350193,0.33152138066157355,0.0012472957543090753,0.7512184600700706,5,1,0.42728687038845314,0.05411881448873067
3670,0.0201367298186882,0.04662692387903443,0.0003534572987175313,0.18968195534645635,1,0,0.22166378252208727,0.04596033895369984
3671,0.19253893874410297,0.20057351194333684,0.0006923266781102895,0.6404363725280565,3,1,0.3557051658770002,0.047961160863814856
3672,0.16104445645170856,0.1697705939209307,0.0006481317018488823,0.7812032046852097,3,1,0.4444212587641943,0.04984350918551099
3673,0.08274920407676137,0.08060790670410752,0.00039796162756012475,0.7922833897564884,3,0,0.23328377226943792,0.04495419593442236
3674,0.05905692639550827,0.11106251031557006,0.0004933817353897692,0.17381672306210663,2,0,0.28093935746111603,0.047026119771063184
3675,0.17982423877271925,0.14134488956320942,0.0006036695154056854,0.6508159867298677,2,0,0.3677061973510289,0.05087338797784721
3676,0.13542697889237268,0.11987269782588122,0.0007256763437134396,0.5998683104825068,1,1,0.3617032292406667,0.05731299852887436
3677,0.12663479737089142,0.1577657737861635,0.0005628590549419696,0.563463680253321,2,0,0.17205673876172847,0.046954350273141765
3678,0.17754303443430172,0.20681880454329052,0.0008731366456265942,0.6338194750314625,4,0,0.38821588531034157,0.05462351069886607
3679,0.063244781794211,0.042334168250505844,0.00038254148671335156,0.6701345610727178,1,0,0.2685822972645948,0.04933698490628753
3680,0.09369100452797388,0.11440308006036973,0.00044323212590120315,0.5933492431560898,2,0,0.3553116515532806,0.04336268099489506
3681,0.13220942567164498,0.12319130048222103,0.0005827137681125973,0.6274523847980836,3,0,0.410997463698194,0.04977947884992021
3682,0.0,0.043948176102659796,0.00039951362423412034,0.2321014972104483,2,0,0.21887706741913018,0.048622844854208404
3683,0.07021400264310879,0.11060357391966476,0.0006319946317954981,0.6827141757765672,3,0,0.45685958709072827,0.051605346665352526
3684,0.08268183233894934,0.0796387565462696,0.00048320530143463876,0.34559751386852017,3,0,0.31628166120649365,0.050396878582659066
3685,0.029108395206978156,0.061903184413135005,0.00044526574522429273,0.16333742585274985,1,0,0.20775695190015978,0.04869476935032444
3686,0.057711773045695205,0.0540612198860025,0.0003854714041847147,0.6001859422229251,3,0,0.31335669820780715,0.04687994968803024
3687,0.08907593234828265,0.11307046035810782,0.0005786324433633304,0.7242151180878498,2,0,0.32735877925788304,0.05100531410454172
3688,0.15619489586812965,0.14927554668284368,0.0005564778457680776,0.7763029468742653,5,0,0.40341806631142235,0.047694849753351816
3689,0.22995970789979597,0.1836124451781664,0.00071281672119519,0.43986083307974255,3,1,0.30856911403047566,0.050627373897149074
3690,0.25996386956748724,0.3037895734926197,0.0011958794086718316,0.8113702312062122,5,3,0.5546935355359446,0.054199008088237376
3691,0.17860598737677724,0.10546248168157053,0.0005073519142760123,0.7529129706705042,3,0,0.4262397254575507,0.048936420770349535
3692,0.13727015953307586,0.15737980598700851,0.0006413597134615255,0.8660081513149626,4,0,0.511000235495104,0.049350077496407165
3693,0.11934536508853884,0.08416751253761928,0.00040236625994455083,0.40730616745799625,2,0,0.4413000664745045,0.04527385645957478
3694,0.04598986975694268,0.006763466697950571,0.00037562331911971384,-0.052290678619823755,1,0,0.2558668175130303,0.05300597466160011
3695,0.08863916629126209,0.11246780493729712,0.0004990387963775065,0.5870198431956799,4,0,0.3737471840341725,0.04735292009941404
3696,0.12333194493033581,0.08000200069962542,0.0004754186952881066,0.5814033641458688,2,0,0.2840391933674369,0.05222217128089447
3697,0.08289601509553485,0.10978644411621444,0.00043333429068612535,0.4374479165724916,3,0,0.15121668304145716,0.04527526856374529
3698,0.1281733407758492,0.12429395094845425,0.0004919311840520677,0.5386112024608452,4,0,0.319695109234769,0.04606884854408188
3699,0.0,0.013153108317871462,0.0003056216629227084,0.3497221909738214,0,0,0.2187106366699071,0.0461289678007066
3700,0.016975329606969063,0.11322818837088466,0.0004226020400290998,0.6711554213313893,2,0,0.2791970474336262,0.0453733902535737
3701,0.032669166164573805,0.06698725599011675,0.0004511190872169441,0.5111705404107434,1,0,0.3139835765281559,0.05128419102702309
3702,0.26701301700947044,0.2657574260354915,0.0008860007621629275,0.6716634313683053,6,2,0.38288126706486547,0.051561402367920395
3703,0.06640675419521908,0.06935247497767472,0.00043980546864996083,0.5457602431024463,2,0,0.2706110940191017,0.04873434897405449
3704,0.0,0.0,0.00026152200583802546,0.09723315865658973,0,0,0.2976537208131168,0.04515753318306038
3705,0.4060671202998304,0.4063062157128901,0.0011093236598276493,0.8183918815800342,7,0,0.45668868648283906,0.04908495672786976
3706,0.07379834444607468,0.02452516734733686,0.00032818657526771314,0.1780523858838007,2,0,0.06600153351701062,0.047700663433855886
3707,0.2665972962705132,0.21546986279932664,0.0007424771460275138,0.6119689375788413,4,0,0.4539850155526566,0.04877427705066474
3708,0.22423351729055183,0.2729467449186473,0.0009006996157726435,0.7416688507815749,5,1,0.41941650040636386,0.0486583015543851
3709,0.2904582088497249,0.28792610543274144,0.0010647857882847519,0.8741327754353226,4,2,0.5156809026527759,0.05353996951742671
3710,0.04508463948906144,0.05752935096022377,0.0004071126448498433,0.22693241822139257,2,0,0.023496916975094373,0.0466336791369021
3711,0.25952137094523414,0.1895039239087227,0.0006503688369556261,0.5092810517866525,3,1,0.4424522091384598,0.04944639844864942
3712,0.10434684842337216,0.10686670813097376,0.0005459246177786736,0.7297320939515028,2,0,0.39332186306569583,0.04934133105157819
3713,0.07649917681886094,0.05206410866279242,0.00036024688909804496,0.7374930362436151,3,0,0.32287603770611223,0.04510025691141651
3714,0.13789258925871814,0.125007248205851,0.0006269065648482072,0.5875522311654483,3,1,0.41126180323347217,0.051692478042064345
3715,0.11754628451593047,0.11603962685990105,0.0005743751757507246,0.45784048685914586,4,0,0.3573819587530692,0.05083322784595077
3716,0.09252567745468863,0.12025234587318445,0.000606390167178124,0.7450799290865162,3,0,0.39144210381890504,0.04986326554298257
3717,0.2667714714733503,0.2887648603760367,0.001168758954863598,0.7375959976782848,6,0,0.4785327596297569,0.05457419747665952
3718,0.17135225026952308,0.17277435825721218,0.0006728258054115546,0.866642409935742,2,0,0.383549013566835,0.0486148449413692
3719,0.16116815468946,0.16421389129549552,0.0006375400134028801,0.5827123915014517,5,0,0.3065252777597049,0.04768095508379637
3720,0.14632753974626003,0.1768203114703025,0.0005071783366281552,0.543537788388636,3,0,0.3142484389455036,0.0421867197059803
3721,0.32596013084080055,0.3290273003105519,0.0006095439674986886,0.7555977449830472,6,0,0.4403051622686107,0.04166276337168853
3722,0.2488604716843477,0.22266221441553524,0.0008365791907314238,0.5274294476476676,3,0,0.27859118320559884,0.05255068032369356
3723,0.1541237109653938,0.09376192677084166,0.0003963772258212658,0.6190013128275698,2,0,0.3110909597829123,0.04678777739530035
3724,0.029335685640666,0.0,0.00024054431552324602,0.4836837676859239,0,0,0.42354972446821637,0.04650758840734898
3725,0.2200941653503174,0.13494292543244668,0.0005598359916238846,0.8085281979497668,3,0,0.35902980689930203,0.05068256127188362
3726,0.13805325473468436,0.13509886252330225,0.0005818787351632999,0.5207573882702602,4,0,0.34475305197361283,0.05050297503570343
3727,0.2982007827580564,0.25950170010420975,0.0007879608500980465,0.7436242047728351,5,0,0.4508669431071561,0.047643642981935096
3728,0.10367725927439313,0.09850436334008565,0.00044152849307195924,0.6938237747047468,4,0,0.341935854900494,0.04721680465195253
3729,0.13626031916273051,0.12477712031485362,0.0005680874335306044,0.49325480985771664,4,0,0.34983429402986815,0.050499327350355755
3730,0.0581697998281109,0.0585482450195646,0.00042035087440751737,0.4793813309439816,0,0,0.26980087642899114,0.048391195591020855
3731,0.1244076556841058,0.14422882266598405,0.0005456163871477677,0.6301066167771066,3,0,0.26276709931279285,0.04787720246602507
3732,0.022758486405100333,0.0,0.0002353381922473844,0.08621718143365383,0,0,0.2628984716451985,0.044541032379870726
3733,0.12016290618270703,0.16398961019557562,0.000691964591604197,0.7804706396319959,3,1,0.30046145530489093,0.05047321939293715
3734,0.08615197402318195,0.08858376925370988,0.0004740276432115373,0.7421094627732269,3,0,0.373342524443216,0.04841548909669048
3735,0.05909763812412163,0.057260250125659995,0.00036120685304087756,0.33894225314892445,2,1,0.39915471750528114,0.044944897932865824
3736,0.03905791610644628,0.038401394217127335,0.0004815083994150438,0.5623002613772454,1,0,0.39372080892690836,0.054677379260099045
3737,0.09100052473210313,0.11949241407151671,0.00045711770381250024,0.5004828784572346,3,0,0.2781783808867838,0.04465471207319558
3738,0.061502979410889044,0.03718901552630521,0.0004040988842828939,0.43652757406809595,3,2,0.36452083784905653,0.04965350966879493
3739,0.0685175988641919,0.08464416913342526,0.0005807844307727576,0.7239788746686309,0,0,0.4218910557640559,0.05362606862271295
3740,0.2879062449415533,0.27063853380548725,0.0008346502478082484,0.8134090332999186,3,1,0.358996412000189,0.04880794851177732
3741,0.09835451152473083,0.08418812602966458,0.00044934532350468927,0.5902373432853624,1,0,0.3720004156793602,0.04958850640883748
3742,0.17671688398126642,0.15732330928547836,0.0006739087098090605,0.5798242467598701,4,0,0.3346966142743724,0.050317386542691134
3743,0.10093792972904553,0.12267472823873586,0.0005502003242701664,0.5122586370875211,1,0,0.320019910794084,0.04792252136106973
3744,0.29106586499144643,0.268141888130813,0.0008922586185455511,0.7523230101537008,5,0,0.49704410434354074,0.05198886426165965
3745,0.24415788437614885,0.24916066717942972,0.0009021019773101914,0.6267385106351524,3,0,0.4120064841618105,0.05069424213744025
3746,0.12583308783938227,0.1544990089771364,0.0007516631158632566,0.5627454681645148,3,0,0.30695902535463326,0.053489427979331684
3747,0.10390119263441486,0.09519008212850362,0.0005664872469561113,0.2636154218533365,3,0,0.48634003927906583,0.05265913148425544
3748,0.05555978762761683,0.019273322204497945,0.00039665591151061475,0.17768339580916756,0,0,0.34441905691022273,0.05242001694468067
3749,0.09957580692439481,0.15177608819482158,0.000768911118929676,0.6437732313857553,2,0,0.3625829241156253,0.05314723192152891
3750,0.12527236168528663,0.04501679032525507,0.00041467431289389647,0.24323508256886242,3,0,0.35962730683792893,0.05112465549475646
3751,0.19031058893234387,0.2391351325227334,0.000842314465708817,0.5498385461454216,3,0,0.399658183619363,0.04962442278969848
3752,0.12694314854211214,0.13092920753951084,0.000650927223032761,0.6636850259150532,2,0,0.44793218628363507,0.05266878389647995
3753,0.204767050708713,0.1763964137453815,0.0005088802612023078,0.561245912960277,3,0,0.24207652693836065,0.043890795373909997
3754,0.12406368785443864,0.08887325371034761,0.0005357582561533667,0.5256220451753673,2,0,0.47650519874336594,0.051533969935890475
3755,0.07309590869720127,0.1299844608419857,0.00047984380171323305,0.8230919944796778,3,0,0.3551842222744911,0.04436460114474105
3756,0.20257044696215432,0.21021374278047017,0.0009672903260378996,0.8211850874295683,5,1,0.4600053621615358,0.056482387930733735
3757,0.29207455996714604,0.26837436171479107,0.0007253675827365321,0.5973325596206317,5,0,0.30977663052160204,0.04551987026752815
3758,0.11286008556959763,0.09989207561907207,0.0005379132998534097,0.28328901378069354,0,0,0.3449606172193145,0.04959405657397796
3759,0.05818606582789962,0.09170629644201979,0.0004905670859829406,0.5411279475871167,4,0,0.3547218879432805,0.04729297817210583
3760,0.1922813907401631,0.16837443581265743,0.0005950836703349582,0.5610238235401867,2,0,0.37278793313080216,0.047579725974590995
3761,0.0,0.0,0.00017801246464532532,-0.23547707106824917,0,0,0.13940452809336687,0.04958782670002566
3762,0.1740380241121669,0.1452738548243543,0.0005416966724444327,0.3243988093396795,2,2,0.4203954530124915,0.04669549909378661
3763,0.014794722119943409,0.03066797344701234,0.00041277192990599334,0.3422451751962924,1,0,0.3652565701296201,0.05179081901340532
3764,0.05412637183460495,0.10021930069162789,0.0005959358755371403,0.4359339407519728,2,0,0.2897086373150317,0.05214837832560606
3765,0.09768817185021923,0.1235170632475732,0.00054559053869327,0.3436123917656761,1,0,0.28573470686751823,0.047045219584737015
3766,0.042684037744338835,0.0,0.00015302690327095747,0.38222502282032245,0,0,0.14746075746833492,0.04471927981723125
3767,0.22155573717962873,0.1856685638278882,0.0007320641903991713,0.42683952452051527,2,0,0.33141414972692346,0.05145841941943143
3768,0.24363185485675753,0.1228315561635645,0.0004770402833128941,0.5376305023387444,3,1,0.3375471873456106,0.048973314557645316
3769,0.10479074353997989,0.11111420705040856,0.000522156573882614,0.5151403871188011,3,0,0.2653318230765228,0.04851649047706715
3770,0.160883156680303,0.14112663676800463,0.0005820253538938644,0.6813084092509413,3,0,0.35267598497946095,0.04755023186698999
3771,0.032286696913692854,0.051887874981965364,0.00039227426441664637,-0.12326854117005846,1,0,0.21847104652346144,0.04670264868669057
3772,0.11476731702680293,0.1610740483377459,0.0005467580603048121,0.4502484998564984,3,0,0.3296220803338056,0.04496505827145624
3773,0.0600938650013221,0.06277530896719738,0.00039155918291539044,0.15294423102469396,1,0,0.24244437758687903,0.04516343548423998
3774,0.2451325149465001,0.25441531988575944,0.0009231254632179095,0.8026089168450637,5,1,0.3801998700885873,0.052285027508304
3775,0.08215439048085843,0.10930165597808807,0.0005702932205498341,0.7241948121632787,3,0,0.2917650850701244,0.0505382506524959
3776,0.25338891341516634,0.2962166391297471,0.0011166801696628774,0.6872224760106753,2,2,0.5067995265058107,0.05399574162279234
3777,0.02418378939258401,0.0077332116140426226,0.00025812543792306587,0.41272279795777816,1,0,0.21213239128648367,0.0435432394225634
3778,0.26267740969286696,0.26989513696471285,0.001264363040245292,0.6166085723048169,5,1,0.415968894385249,0.05809646179062947
3779,0.08479699683320438,0.047903137294397116,0.0002899956071392088,0.5598909439829627,3,0,0.23223779225091104,0.043679878660187715
3780,0.05738305785468946,0.04582192123425415,0.00039748738261793795,0.21847493032676588,1,0,0.23570638760207147,0.04831790609534038
3781,0.19648744564089907,0.16081256619326728,0.0006254025645786343,0.6565622837674764,2,0,0.45501673967503653,0.04974466627639152
3782,0.13005752071008148,0.13379735705199586,0.000511344603105522,0.5879797895702255,2,1,0.3703486118105051,0.04613807561512558
3783,0.11951966755240957,0.11711828833218452,0.00043781905556384247,0.6566738223773906,2,0,0.3625088319124905,0.042950130980076016
3784,0.2242500066012239,0.23602155070891218,0.0009260771179366494,0.6820564677653601,3,0,0.46963778222221597,0.05297501208722407
3785,0.09071703350620863,0.12467549044054424,0.0006533141315798488,0.5884505833402334,2,0,0.38490274794430884,0.0530069811712492
3786,0.14887785705027712,0.1409803713607743,0.00057728964685197,0.3433314729624936,3,0,0.2453134476453966,0.047462939216749774
3787,0.06151273629399544,0.049310773185409905,0.0003912082563281009,0.300071927511104,1,0,0.318427439982061,0.04835703241205005
3788,0.183652000968478,0.1590883312740674,0.0006063990020873024,0.4019431069171052,1,0,0.31112500093289136,0.04695926348177827
3789,0.16174059929723378,0.122497644069001,0.0006042244243054317,0.5984838373902744,1,1,0.3961598161789665,0.05137929590267599
3790,0.2079498120361795,0.18385900244236222,0.0007195011125869521,0.4232816175835123,4,1,0.383846274743298,0.049580278948546115
3791,0.12644755502928984,0.1575439659049858,0.0006035974007974738,0.3206596182605475,2,0,0.20749271981848633,0.04690328295692917
3792,0.23720340570183615,0.2596767154592636,0.000990860244076422,0.6941410237587154,2,1,0.45762296737259234,0.052676338396110384
3793,0.2355498762139595,0.172142646347266,0.000567383332654748,0.5138192811650413,4,0,0.3282338575996246,0.046940231639754706
3794,0.17529592046865153,0.1898994186691781,0.0006046610167190307,0.5987552310633614,2,0,0.37270488370004173,0.04579052088456766
3795,0.0,0.029312122413324045,0.00032326802832225224,0.21984630648854758,1,0,0.2830906060322102,0.04455462312894541
3796,0.07251288777212984,0.0934000683166061,0.000620646046543504,0.6132099988673477,0,0,0.3179237121540523,0.053207597997228705
3797,0.24031634849461891,0.17449356302213717,0.0005977137460707722,0.6889205245811121,3,0,0.33867918793784624,0.046525110470472614
3798,0.09770348866623292,0.12360369589948914,0.0004661713312965282,0.4737101596874923,3,0,0.17188402143953624,0.04524448017465437
3799,0.10861805906875084,0.13688681372507266,0.0007123079658388235,0.7893609306919395,2,1,0.4412109078566625,0.05174808215174059
3800,0.19511029924777748,0.17696224847128444,0.0005813897529722577,0.6647625511550186,4,0,0.37489079182291773,0.045493370547438794
3801,0.15348701463385914,0.181404726150792,0.0007854737686985144,0.6814162467268574,3,1,0.4464187620722171,0.05152656611030295
3802,0.13227893086027173,0.11030863903632372,0.00044395672596297524,0.7375359808005729,2,0,0.3978299754663703,0.04544034982882318
3803,0.13429449595295126,0.12763069391968312,0.0005322351020044329,0.26504454925665366,4,0,0.23294823529595896,0.04879720368557864
3804,0.031611329978563446,0.06287037785966033,0.0003800836171271748,0.7046836174322212,2,1,0.254039145431912,0.047871499616841666
3805,0.40214382997018794,0.4493296168561316,0.0014825322481396663,0.7615079510537789,8,2,0.5371754938850313,0.05076204995135315
3806,0.25225996271341755,0.2420179696500093,0.0008570566822819915,0.7012733001288819,3,2,0.39247853709495206,0.05074199133235899
3807,0.08913173207637602,0.1254566341751754,0.0005251418152270516,0.5159585507257652,3,0,0.2807410395811866,0.04527628116851082
3808,0.05377028511897864,0.10795591631908577,0.00044899789394148385,0.07629561467651488,2,0,0.2313650034632675,0.04323936149338499
3809,0.22355313876789867,0.16352552642667714,0.0006093194603939727,0.6665408265566916,3,0,0.535050348539739,0.050467548323963475
3810,0.25172187294979176,0.24306958570404957,0.0009024149751645687,0.7512837863908639,2,1,0.46195396382113224,0.05160566205614922
3811,0.23372819632457628,0.21770542964903944,0.0007176751042286205,0.48929069181546486,7,0,0.2959834906911154,0.04863255280368239
3812,0.1677269850992261,0.17657439270079012,0.0007050589125753852,0.7527674452851542,4,1,0.2997488611783875,0.04949198886369737
3813,0.18332239947405174,0.16748948888936693,0.0007019550164121014,0.5486933781935022,3,0,0.34778037118505994,0.05265030443291958
3814,0.1567234486647358,0.0675836709434008,0.0005133453960330976,0.20934833598214875,1,0,0.35389184295715675,0.05469723563231703
3815,0.24762935313305573,0.27220428208286024,0.0007903617891173345,0.7358010987264745,3,0,0.5511621315583443,0.04741325838108518
3816,0.1123901918627027,0.0521525124375271,0.00039280711226504915,0.5726007412151725,3,1,0.2125920875048623,0.049864739003675815
3817,0.1827874622176959,0.1765036905196711,0.0007247735528672114,0.6591921266737087,2,0,0.36591229626560273,0.05249617455322954
3818,0.06759151885637699,0.0035473838731301666,0.000358032266864168,0.41795660073404134,1,0,0.34827834555046866,0.05385364260446117
3819,0.14598325698788278,0.16956055342627124,0.0006687331452913791,0.48032349459155416,4,0,0.2724262099479745,0.049827754703454546
3820,0.0,0.038319627540731184,0.00033009319718070514,0.6784961464217213,1,0,0.21722226824642668,0.04473967168407075
3821,0.16528952222721505,0.16987134427754094,0.0006813096066810869,0.5939782224047765,3,1,0.42800914665578565,0.05076574441669903
3822,0.06422250658680978,0.035476928939906435,0.000383466738418293,0.641053886722801,2,0,0.3724270659235035,0.04892519550712232
3823,0.16346987906751814,0.22655381326609006,0.0009407649455832499,0.8512889914281507,5,1,0.47485546270939155,0.052750700190388994
3824,0.23964142996952478,0.27423234139995445,0.0008408991856417231,0.33882089983045516,6,0,0.2492743125621934,0.0489433891959379
3825,0.03063713096423768,0.024470591410819992,0.0003860697783595622,0.631555866812987,2,0,0.333156256148457,0.051546607792242356
3826,0.16045572922160015,0.10381829584038796,0.0004995916220320514,0.6162149146063218,3,0,0.28738166358886247,0.04854869817721925
3827,0.2391101890963856,0.22411415976475405,0.000859981083527553,0.6272382554803534,4,0,0.40793145688797167,0.05173724076847524
3828,0.07130813530880237,0.117840720230124,0.0006117794311582817,0.42008314682004155,2,0,0.26715526877158396,0.05005708605327699
3829,0.03596471842778229,0.05470142255139431,0.0005542673310678663,0.06197039941564838,2,0,0.2755147948237557,0.05582946757961722
3830,0.0,0.0,0.00025612825218815117,0.30656201002112626,1,0,0.2816853719846977,0.04703916477684441
3831,0.20392592680563984,0.25341642733918024,0.0009998936105852616,0.5550514086113023,5,0,0.32275899616739867,0.05294157513897707
3832,0.016855875580842426,0.06696947783668954,0.0004767519649631599,0.7809950714932895,1,1,0.2615706223447607,0.05092418757994666
3833,0.16103700828894385,0.20323494538524017,0.0005939640005312941,0.634723388394995,4,0,0.3411372379022647,0.04469610654841438
3834,0.11393512681459864,0.13431030133672164,0.0006313234989917331,0.38061639725004204,2,0,0.31438818531321494,0.050026671209106706
3835,0.15807080172506177,0.1495075690940762,0.0006086744240891813,0.47603877609776063,1,0,0.34286026923660334,0.050502118466106145
3836,0.33257976184930566,0.3218962541537634,0.0013690967933869744,0.7280601522012345,6,2,0.5217751044909755,0.058333097983388725
3837,0.050099500632676264,0.005984620717732509,0.0003674086615400555,0.5151207682561231,1,0,0.3700651936316778,0.05317986341704481
3838,0.16464157806147803,0.13453876917221402,0.0006004434424252853,0.8196045795210395,2,0,0.38326968357193336,0.049663693094801765
3839,0.20931956366651036,0.1530104983887483,0.0004940814102072197,0.45495448490257134,3,0,0.4152383706142696,0.04468056712371017
3840,0.02033755233804608,0.023266154329523708,0.0004280444900098593,0.23488904545194594,0,0,0.4418768872917075,0.05235497050156959
3841,0.20714504437932807,0.18505994914637444,0.0007676881506928461,0.7019210289695189,5,0,0.4053218587903121,0.05269422517518347
3842,0.11715325543983979,0.10439927364310575,0.000531736733243994,0.6239303357962274,2,0,0.3564182275629452,0.04986301962527791
3843,0.08745743888977543,0.07656002034548944,0.0004976685867519431,0.8098185818613365,2,0,0.2870221444420134,0.0511279591016827
3844,0.17719463478866948,0.21009841852900887,0.0007795624544009852,0.7208409606871842,5,2,0.5025283921433954,0.04896470229877835
3845,0.01598196988334404,0.044150243671928574,0.0003969066676671135,0.4352816007152066,1,0,0.3243104827333423,0.047177636894791646
3846,0.07692793281875811,0.0787179051232971,0.0004256684395831685,0.32499040212672775,4,0,0.22516971504873767,0.050089637782678206
3847,0.16012797236626447,0.15931030743290012,0.0006433789049850536,0.45498913779574035,3,0,0.31071391794320885,0.0488742701881705
3848,0.07485596475121004,0.13127415321199623,0.0005692319208155756,0.5601585335431897,3,0,0.35760860798853517,0.04921609831419112
3849,0.15945612542376533,0.15458025519043417,0.0005362997743460538,0.5977305329922732,2,0,0.28910100921995235,0.04590384025190772
3850,0.120635310324232,0.06290236689955651,0.0004277266248777337,0.1989051305865934,2,0,0.16565214829748734,0.04958918263685814
3851,0.10688321556003354,0.05791632178245182,0.0004129005753986665,0.5776410537205203,1,0,0.17478917855763684,0.051449950473903945
3852,0.1222493072288426,0.09604487920335339,0.00036805277573521094,0.5733261528999714,3,0,0.21276383614642283,0.04259291035937541
3853,0.02649219793066531,0.0,0.00025862662810794757,0.0948497444453519,1,0,0.19091555438784918,0.048003430418903016
3854,0.23976983502511767,0.170978709535099,0.0007398909426875177,0.6374485331777154,3,0,0.41031104546278374,0.055277321390730653
3855,0.2644161109219989,0.2974004794641361,0.0012984713957252972,0.6294334424726098,5,1,0.4613341755531672,0.05862884268957971
3856,0.004152579813596859,0.007137625708544291,0.0003288156556253009,0.014428501845465663,1,0,0.1557099409214432,0.049309116753198906
3857,0.16354872743639287,0.1858890078540224,0.0007929547894244575,0.4758878343686716,3,1,0.29305736961658535,0.05157175125601587
3858,0.12792396826166036,0.0631349249321439,0.0003753349434402079,0.8263904323018127,1,0,0.15693280849642818,0.046451105762083784
3859,0.1268300385989183,0.16133389660056166,0.0007628698394428622,0.7335859996598654,4,0,0.3884096907388126,0.05148614732180892
3860,0.23576019748974905,0.27870071673485425,0.0009547726163067176,0.8489901009911913,5,1,0.4451434125382173,0.05031266329375091
3861,0.11470085825595196,0.10280975032284846,0.0005308271496296654,0.6471956511138393,3,0,0.3396120125303407,0.04988749003968838
3862,0.22081112350435517,0.21815238216574812,0.0009710908065850058,0.745276286258619,5,0,0.44967251524701357,0.05515778589725755
3863,0.20148576341542418,0.20734938922934376,0.000713115146783048,0.7607405458047602,2,0,0.4457951158322085,0.04911186881792032
3864,0.0,0.0319644575623025,0.0003420191010026725,0.2884820483757719,1,0,0.13868163135860828,0.04576294407306087
3865,0.1437878844447751,0.14036427218934144,0.0008266074129984523,0.7627315123867822,3,0,0.40428024862537476,0.05573084732237137
3866,0.0494757026798724,0.057240597988382505,0.0004347096046493793,0.30387879703713205,1,0,0.36369523773308926,0.04850212237888642
3867,0.09779530683830251,0.1542374303986651,0.00035138772555314685,0.36261919543830917,3,0,0.29049134090696993,0.03787595173491964
3868,0.06934393238353827,0.0718400435088164,0.0003913548649812205,0.628817415878428,1,1,0.23576568066342987,0.04676216500847783
3869,0.09956824440125808,0.09027399783610686,0.00044131444144690014,0.20254915414945113,2,0,0.23920772347542466,0.046464461670656335
3870,0.17931237816647533,0.14749670478523869,0.0005698631178102556,0.6112828016390028,1,1,0.3172917102048378,0.04813953918872028
3871,0.054736491462897774,0.041639735032230105,0.00037495065342659433,0.511847515101033,0,0,0.3072165795197288,0.047519033827890134
3872,0.15077154307157514,0.08438200071888081,0.00037062419528114516,0.7211579232345613,2,0,0.4317552404783935,0.04512344161844605
3873,0.12219535384200753,0.07893968081341778,0.0005248182578080205,0.4037625989889383,2,0,0.30791871553006545,0.051725620498766445
3874,0.13539978240721834,0.1173430116023633,0.0005375504135933691,0.33631265195710736,3,0,0.3920360192703271,0.04863077334578882
3875,0.17434985280178647,0.14683046303029534,0.0005650751492973793,0.48589253902215357,4,1,0.35712092004152024,0.04859567866540172
3876,0.24221555045691873,0.23035778021769862,0.0007012070846604749,0.856203185241296,4,0,0.45186529734728026,0.04794084190081242
3877,0.17447922799279839,0.23111131761666842,0.0008845662226005075,0.5909343416926925,7,0,0.292327020964526,0.050551309312073626
3878,0.074115773996029,0.12398687491764351,0.0005369079305970096,0.44266479407292586,5,0,0.25154523004562596,0.04936552286393972
3879,0.17688417826130098,0.17800133566822887,0.0007392250001374994,0.6007377944527795,4,1,0.4565802902426576,0.05118660660853404
3880,0.2372433459834114,0.27486081225780706,0.0008881276879847734,0.9230391953844141,4,1,0.42209097885681657,0.049508887653406684
3881,0.17853111091055246,0.2153718690291079,0.0007652194423646732,0.6926895683089345,3,0,0.3060563280756925,0.04954840877528989
3882,0.09442614319856171,0.1282142103544675,0.0004820805499748903,0.6326645454491625,2,0,0.23573291654739575,0.04619115022908868
3883,0.0805545212850341,0.12140369257879356,0.0005120031836008146,0.9115280020880768,4,0,0.4453677978935678,0.04668079691243688
3884,0.08422970993065944,0.036062235150277386,0.0004513066903523633,0.2323850728618467,0,0,0.4867316085225669,0.05309702339676947
3885,0.1379081069268628,0.14776680053443925,0.0006545678768367035,0.6947524188221275,2,1,0.3458460424717826,0.05038796737670144
3886,0.15203609508148952,0.07996678824848738,0.00042009066121793503,0.5026280776651112,1,0,0.34117292054482884,0.050414320364077135
3887,0.23005804872563743,0.1547840163885221,0.0005677361552171232,0.6900326006202598,4,0,0.26430650337516326,0.04920283104625171
3888,0.05677459376491618,0.05433694072914605,0.0004393641433685223,0.20373666293545473,1,0,0.18219434080991892,0.05247357357331015
3889,0.2008603828264544,0.21341072260802296,0.0006109577431748666,0.6905925657054848,3,0,0.4122793767372564,0.0452527296430443
3890,0.19355974467801815,0.25180610014778515,0.0009752805499880213,0.7175621523754553,4,0,0.37500120090641353,0.05086717749013861
3891,0.0,0.0,0.0002849595499821115,-0.12295482032029066,0,0,0.0629239713981631,0.04761802681774251
3892,0.12756379199652373,0.16052053795941806,0.0006265068064985487,0.3040581660276035,2,0,0.2670919434854785,0.049238837590417577
3893,0.08687361829700173,0.1422975525643256,0.0007134759213029411,0.45663110782795696,3,1,0.3276858171766173,0.05059328198171643
3894,0.1503703284260319,0.1654089006190006,0.000782805196651308,0.826257542117094,4,0,0.42231574058317656,0.054447733714195964
3895,0.07804079722192118,0.0,0.00023434021923436385,-0.06413281846073615,1,0,0.198571975773187,0.046801168985557945
3896,0.15094218228098766,0.16977402257866828,0.0006283307601310565,0.5736217389756773,2,0,0.35683616818197217,0.04839545302815757
3897,0.36662988793514056,0.28712625057629293,0.0008710083458768821,0.6773798110273646,6,0,0.560972485386451,0.050038874084957094
3898,0.16863300700098138,0.15697967182235212,0.0005531012515356152,0.3849727766363079,3,0,0.2870886995150567,0.045672547008852815
3899,0.1315925927113531,0.05578433563242302,0.00044651913798523585,0.22645723046990995,2,0,0.256219569188316,0.05178733518305082
3900,0.24831576497023358,0.24586849549143772,0.0008569116053158426,0.5612261574436913,5,0,0.30432342864900364,0.050692029634149684
3901,0.18984332820326022,0.14467683269257095,0.0007526124886984406,0.7556453781091556,3,1,0.4450715496642678,0.055320556532489386
3902,0.08835259627502097,0.09896108564015756,0.00045027977379259336,0.6415646971457082,1,0,0.2969154559865958,0.04722395361449474
3903,0.04851421487460443,0.1081975295031385,0.0004943729392010691,0.617782265540025,2,0,0.4016873585241634,0.04744555763490157
3904,0.14519278167584698,0.14404767202321034,0.0005572981591794471,0.630887655684172,2,0,0.3361497166422154,0.04717265765584593
3905,0.115164636308692,0.13480729768038452,0.0007854398300691338,0.8320425889428633,2,0,0.2943772978860109,0.05676998024463632
3906,0.17381939443940572,0.14957081857664675,0.0005263749546625554,0.3012534656342439,2,0,0.3280149335296365,0.047164412906981194
3907,0.24532087050419862,0.1583962124214502,0.0005241325700378051,0.6144373957538475,3,0,0.2947840069762062,0.04861352101941542
3908,0.01262177679041206,0.017653926405241174,0.0003185894005867427,-0.037515717201105,1,0,0.29096875401623284,0.04657489312205623
3909,0.2683653789360934,0.31113276482828134,0.001115003662003356,0.7220796472944732,6,2,0.5234937784585642,0.053260984249602475
3910,0.0969308019880163,0.08272091700601585,0.0005824277264830516,0.7155326238670238,1,0,0.4529563148778695,0.05415844905717121
3911,0.22732957043523233,0.19277302400890572,0.0008062936560676138,0.6396087786179283,3,1,0.46404186283224214,0.05331388593353759
3912,0.08010483569994872,0.1181892716853803,0.0006517516953437002,0.5653886689200515,4,0,0.4183225534342147,0.05252658319844904
3913,0.09598507776528693,0.13245893489431318,0.0007080028597996137,0.6394253996385808,1,0,0.3789624060578376,0.055337506337832715
3914,0.11702736008815455,0.10300233334953958,0.0005524113200358706,0.24809262186094685,3,0,0.35511257095785215,0.05093458911984461
3915,0.10095006076629759,0.13005445384869352,0.0005687015231871444,0.6174446409550354,1,0,0.3431674573062324,0.047068492726650216
3916,0.12232476090003062,0.1539263814409546,0.0007252558883817915,0.5633136121221816,1,0,0.2355626099546978,0.05316828856412456
3917,0.05338754737932493,0.058579232413175426,0.00042537336720845797,0.8007262332264791,1,0,0.4046920850568924,0.05100529694169023
3918,0.16588081684511463,0.23028709037412076,0.0007978252984955549,0.7664803341052989,3,0,0.38613360750215087,0.049653124404263345
3919,0.0,0.0,0.00027088417580899783,0.2986400037981126,2,0,0.2676977385516349,0.04593670038727255
3920,0.1635131648852447,0.14962562590303988,0.0007304998451359171,0.6169702911599246,2,0,0.2669788508549705,0.052303326441360036
3921,0.0,0.0,0.00024314370304242598,0.2921529005026072,0,0,0.3292323358791439,0.0482909681919399
3922,0.25136438172916625,0.29614105348875064,0.0008135987985218367,0.6438061647160399,3,2,0.35927419648504494,0.04465764929151606
3923,0.1696889540376243,0.27172862265609116,0.000722512510771951,0.6764681186301035,5,0,0.2482286894783549,0.045077632684519225
3924,0.16102973585142596,0.15752803063751444,0.0006002593961041956,0.35847855299324893,3,1,0.3247493530254425,0.05076956118127045
3925,0.2782584146125537,0.2786615215033353,0.0010992281025096798,0.8350350082793248,6,1,0.4944934355461414,0.05438442566006465
3926,0.2273477764384007,0.2628969373635826,0.000979094558641629,0.7625975981583543,3,1,0.44431008809009237,0.05194811988589327
3927,0.0055266620427950565,0.0,0.00022888766750993523,0.1651391606394574,2,0,0.28379618764150977,0.04364640672559971
3928,0.20136328190863143,0.19164676745500642,0.0006981117158488441,0.7068075460678188,2,1,0.4265599946909293,0.05049951827509896
3929,0.12239141768020617,0.1093241200580098,0.0004487182581869978,0.42362334511692074,2,0,0.23291799591036674,0.045218551492651006
3930,0.14640068549947186,0.14750540211772636,0.00068041398443563,0.4085398766695647,3,0,0.2964518405524613,0.05167379414927888
3931,0.22148856161965771,0.1857231325711522,0.0008698613519874592,0.5355124933390506,4,1,0.4431453667361783,0.056192425785860006
3932,0.356416724620397,0.33307447101388726,0.0010928513146796965,0.8219836734843734,3,0,0.5244849322626458,0.05409300579510798
3933,0.09495139406713654,0.10095605259351309,0.00041940464858273685,0.7151773279155472,2,0,0.44204970697379536,0.04471922961349934
3934,0.0655021192896014,0.03926816642865825,0.000322983362336017,0.599116144735473,0,0,0.3435797348893831,0.04659473581219764
3935,0.10123882538535094,0.10148065426480926,0.0003692320358921263,0.7269237645330093,2,0,0.3747418431245299,0.04142049169147433
3936,0.20872908334104584,0.1816168116186754,0.0007601158343765341,0.6503268687940448,4,1,0.35200634759358235,0.051724379196315964
3937,0.20425468041435602,0.16866604686850484,0.0006059157941467503,0.6065327525332166,4,0,0.4016711861665606,0.049604266774224616
3938,0.1522908084932268,0.17924313288918003,0.0007755390856642717,0.7656416984051131,2,0,0.5302410407888383,0.053802843033502384
3939,0.028888246583445885,0.07199106871458091,0.000522638670684031,0.5747940108661789,2,0,0.3618856479090885,0.05214195791919907
3940,0.054355899047399285,0.06330056601111993,0.00048090248245413286,0.424512064652024,2,0,0.3494718776362534,0.0504795227491141
3941,0.1428184007417832,0.1126089452798984,0.0005714435797839691,0.6624810352766157,2,0,0.41443993899366266,0.05170519766548221
3942,0.20844087038128745,0.2316720894889122,0.0007187340650135528,0.7397485876375062,3,0,0.3770435986859744,0.047314364407942344
3943,0.13494519516980635,0.20516274663853465,0.0007303296648362253,0.4304158309122218,5,0,0.3461120548792441,0.05069029725660476
3944,0.16329001511163996,0.11494329979417728,0.0004591676300109905,0.5806889235866223,2,0,0.3473436471651436,0.04734991591293595
3945,0.0,0.0,0.00017715839874867905,0.3712901800202476,1,0,0.29066312967703345,0.04571170058395461
3946,0.16273382114830737,0.07388669782341284,0.00044999611836557177,0.6002420035291385,3,0,0.4880754943717833,0.050576211641531456
3947,0.04623248089292652,0.07042375039477337,0.00034191203419757575,0.5504745108086527,2,0,0.24737074493325198,0.04128140327851977
3948,0.18427242440589992,0.21148782430915658,0.0008373081611922203,0.6326989204913871,4,1,0.39216832906281324,0.0517755229334772
3949,0.1877910860090461,0.19424149647941502,0.0007382691959908656,0.6139575246613463,4,0,0.29613383278425365,0.0493887300913761
3950,0.1487883112033393,0.1681009571687929,0.0005764862336590023,0.7908118141061834,2,1,0.37919982633097377,0.047205154354601264
3951,0.0837089875286681,0.10235677332732779,0.0005557478138064637,0.5148026021329867,5,0,0.39496175145350876,0.04929515658576405
3952,0.1832330835879341,0.19153204397540652,0.0007510817197273279,0.5002172362861004,4,0,0.37219874642705625,0.050804720187341564
3953,0.16743623140049615,0.16681325089301927,0.0005767676676666812,0.6338084544313358,3,0,0.28569875206359807,0.047499295031063746
3954,0.09850120255117754,0.0714875770230065,0.0004837825148216414,0.5720947225467224,3,0,0.369449610313751,0.05085869578521953
3955,0.23314815329456706,0.24078379511873618,0.0009753425827060592,0.6576456032556675,4,0,0.4098041143211771,0.053757979587056894
3956,0.08575683579093867,0.09796094269329077,0.0006162508561836174,0.49705830667197576,2,0,0.3516315016839787,0.05341884509896544
3957,0.13660712881087264,0.0,0.00022475511006892477,0.2322886514897007,2,0,0.2532305871661774,0.044393641179993594
3958,0.06861073517594092,0.053604326610314626,0.00032945680283913783,0.3109791795619309,1,0,0.1957645851151702,0.04414202083711414
3959,0.18863613804191404,0.12312746846677268,0.0006177237386706377,0.6971219604070771,2,0,0.2865954499985715,0.052497822430602616
3960,0.16220752687084994,0.13956035435095746,0.0005700252961902008,0.6477166409134074,2,0,0.3902825399478878,0.04854009760911683
3961,0.0,0.0,0.0002546527638173256,0.31580680409987116,0,0,0.3387328729862398,0.049428069112216345
3962,0.17848140161217033,0.10288548151994312,0.0004332120690135897,0.6813922955090355,2,1,0.42238810420353307,0.04625887558908564
3963,0.1864821364265297,0.21492799601556878,0.0008649059971005792,0.821349117107483,4,1,0.44250889052560965,0.05124560487646011
3964,0.08722912352036309,0.11413889490047517,0.0006366507545606348,0.34147074958312446,1,0,0.27808230775050297,0.05318940434903665
3965,0.21953718459139276,0.22612565313526062,0.0006990186353554375,0.44156679452592257,5,0,0.36466554514253835,0.048473380783555016
3966,0.08276555948238189,0.10235592571124834,0.0005918150146050491,0.48730399795542007,2,1,0.3905288279100958,0.05218611167531884
3967,0.09472033079543593,0.056300691451744045,0.00035283636377020296,0.6306075076780583,1,0,0.2947026218604342,0.045423025147588794
3968,0.049904792867563316,0.06159653871148938,0.0003413501720131523,0.46882145757102767,2,0,0.25335957876820764,0.04402325073867754
3969,0.17403718080761824,0.21362503274234057,0.0009382797334954007,0.8447341623536517,4,0,0.5040028940270335,0.05369165313742013
3970,0.1738793844564658,0.21276160066878558,0.0008306604819887036,0.7888782631016394,2,0,0.4105363645175073,0.05094252189273063
3971,0.14004218180228772,0.10184426149812005,0.0005695391733067963,0.25552775868369715,3,0,0.3681787531735806,0.05152983707359967
3972,0.11970156052901446,0.09506196901883268,0.0005848080713623368,0.6529512144460303,3,0,0.4610887095873331,0.05459556136558993
3973,0.1483771759522446,0.12976152891470275,0.0005971787036059332,0.39003222815316496,3,1,0.38370031924455417,0.05146485914411847
3974,0.1147718490366371,0.16610373396239858,0.0004703075989005888,0.7398995725251323,3,1,0.31075837903527537,0.04265843923631545
3975,0.1826265934786376,0.1919654225384552,0.0006458587960067665,0.1472181478565353,3,2,0.399286653388267,0.045673774622308205
3976,0.1514773113764562,0.15165220696239518,0.0005376082267102885,0.5222141217929761,1,0,0.3630239188740438,0.04588430844430287
3977,0.0,0.0,0.00025387382677057903,0.062025704474055185,1,0,0.19211477303217647,0.0475828237803099
3978,0.22818237686537232,0.21855247450147072,0.0008916412034751651,0.7115410153071303,4,1,0.5672986575795356,0.05155561960468181
3979,0.0713530181993736,0.0929341232845499,0.00041435386497790496,0.22224931978430595,1,0,0.2313382957684299,0.04396086469587308
3980,0.1796710951672835,0.23958482066344214,0.0008240742721535321,0.8375038608291966,6,1,0.4619367363926259,0.04920250916619946
3981,0.1501200800924739,0.2101726183494672,0.0007384939411801783,0.6750163654583929,4,0,0.3407918745876411,0.047970525016756506
3982,0.12926888541900897,0.1493079795376413,0.0005219141306542629,0.7041837044515836,3,0,0.3703178520667603,0.043639691534730955
3983,0.19482488208522608,0.14797882969203965,0.0005508362648163483,0.24274014543438896,4,0,0.28946859558228816,0.04716068888323822
3984,0.17862945770185415,0.16273764048471281,0.0005567424703669951,0.7178583860451635,2,1,0.4282450499455726,0.04726027035425855
3985,0.04305062182607921,0.06682452561793992,0.0004365685143960458,0.35662553849415085,1,0,0.2557453382852585,0.04830896137233357
3986,0.04025667846171705,0.03445566443228992,0.0003712570651482674,0.3927081367981773,2,0,0.2817245503348045,0.049310765286007516
3987,0.11638427353445535,0.12528047582527616,0.0005266938293958599,0.8065220555577947,3,0,0.33114307846446606,0.047555583351404175
3988,0.14574198044307357,0.17761797018361078,0.0008393356952310349,0.6731378054270951,2,0,0.31178269885761256,0.055179097126854613
3989,0.26263952030668486,0.2710754411943525,0.0008011789750335216,0.6919827101680298,4,0,0.33358311501167875,0.046261585016130265
3990,0.14652290915694285,0.12009489899081026,0.0004888823665723561,0.3626789837780673,2,0,0.2610085898634937,0.04867910157597321
3991,0.13717126863023052,0.09676086990233967,0.00038840147144540645,0.29354745847489233,2,0,0.30191505543644487,0.04522909420160422
3992,0.19489644642688345,0.20430822915806776,0.0007430822657576771,0.6706814348521497,3,0,0.2713455750044509,0.04928061850928892
3993,0.10186458828762761,0.10000105154037034,0.0004981098145528366,0.3059405203450913,2,0,0.4235546332921732,0.048904606259027435
3994,0.16177734981580716,0.1803883818345386,0.0007093448911163088,0.5303553349660896,5,0,0.3574874042606113,0.04986701416354732
3995,0.05820416434483288,0.06888527924473078,0.0004892752483197147,0.3525115105993473,1,0,0.2755373958334802,0.05069382810308633
3996,0.19990929448540776,0.18032825949808592,0.0006233697473977888,0.6939360391029671,5,0,0.4016324853434686,0.046898473721049
3997,0.05254317169366419,0.04165431114143402,0.0003507884801819282,0.667763125933726,1,0,0.3159830028543691,0.04549430719566665
3998,0.28836408228440097,0.3147668455443699,0.0011257507925432836,0.5367724118835724,5,1,0.38974020943259563,0.05474516388599177
3999,0.12678685518034116,0.15857322530953746,0.0007236044606148556,0.39965252477223834,2,0,0.361474958216506,0.05172399697445448
4000,0.16553309711282757,0.15381672323313075,0.0007769216812655454,0.7756498145334347,1,0,0.41917467674861275,0.05572932546106088
4001,0.060867819475881005,0.08517201025719402,0.0004020437833882941,0.4082770616743935,0,0,0.21169211476775718,0.043226948776305035
4002,0.2708981867961089,0.2546679176509361,0.0008853088656940882,0.695408811789091,6,0,0.46104931836356416,0.053456265870274744
4003,0.06958720404023391,0.10318621881724147,0.000526152769015907,0.2201683796199077,1,0,0.270429427754252,0.04862447443061459
4004,0.011422388472177553,0.00928233853671463,0.00038998584910871056,0.09807506988986352,2,0,0.18370767396095483,0.05263026442328529
4005,0.06831783570999343,0.15637849636990822,0.0006223899437213496,0.49309477136671465,2,2,0.32684363592265714,0.04967987645161864
4006,0.03949090708350336,0.0,0.00022187147646102634,0.18561005036946382,1,0,0.32220170702353046,0.04473522606701619
4007,0.30092367203191983,0.3111014858840185,0.0010552826069045362,0.6447253985577581,4,0,0.5497731798163176,0.05075710400573555
4008,0.10027611579662031,0.09592881467606904,0.000499118795116051,0.6678504862923365,2,0,0.3310145707677048,0.050588212448268444
4009,0.04706847060633361,0.059288255040592666,0.0004168993414221516,0.6068443708817967,0,0,0.35824217913443174,0.04846215921348682
4010,0.2062651147219608,0.2209129402173474,0.0007389245906894309,0.8015780105118135,3,0,0.3875189230250555,0.04913209847184549
4011,0.12469672226971366,0.14773501347424867,0.0005721998947740848,0.7206068237306215,4,0,0.4471596163554029,0.046405093157504324
4012,0.3352917538043344,0.32274433388557944,0.0010667476121146043,0.8602524992778087,8,0,0.48850100392521034,0.053041047912750834
4013,0.2213794702710547,0.18416143559590128,0.0007498420221892431,0.600134416714654,4,1,0.42743765263394407,0.05339343925639235
4014,0.1853242895447996,0.16566577700075588,0.0006630972734103657,0.7343495041516648,3,0,0.3574358273919199,0.04954442934556479
4015,0.2922233874401236,0.2658836264457045,0.0009324665044767603,0.6643183388032391,4,0,0.4977030228583063,0.05180134168118634
4016,0.3424465264657661,0.3434219989968837,0.0014989432266132574,0.8900864651264984,8,0,0.5669824536289712,0.05957851704400491
4017,0.1658298864538591,0.13008803039968497,0.0005692631581701639,0.2855253272115166,2,0,0.23594263827568607,0.05053564938628828
4018,0.031123716480787527,0.0357583265076928,0.00043495731855373783,0.313124882567937,2,0,0.37458259154210405,0.05348979799626096
4019,0.16076636526065438,0.17106627088594673,0.00070255838285634,0.6615167950746923,2,1,0.36206056773092016,0.049964978860977824
4020,0.11341185092107593,0.18575628601455407,0.0007403145830465739,0.362141575564778,2,0,0.301630768339699,0.051897166904772425
4021,0.15408051757001007,0.16126103654787208,0.0006946749027903302,0.6090404592543778,3,0,0.2970353033476058,0.051146817679579876
4022,0.06810843472978804,0.09852155594387446,0.000547880220201686,0.6050888077857508,2,0,0.42813107987035737,0.05020079274793371
4023,0.1037635640319259,0.10640906144801925,0.0005862545715103945,0.7455501877649938,1,0,0.3574509231363004,0.051750735444557334
4024,0.10346658767641717,0.039640264028688185,0.0003831474898820199,0.23746580852776694,1,0,0.16260370322986564,0.04949688779810347
4025,0.1685191259534528,0.15213493702389935,0.0006698037920616401,0.7527520244274206,2,0,0.40497335535084233,0.05127852226553673
4026,0.07685693702081386,0.11317207017209145,0.0006340489143079706,0.718548352925298,4,0,0.4067398751761924,0.050878978094642396
4027,0.22125242848638021,0.25017174321676244,0.0009096991762163701,0.811384395007399,4,0,0.4436904118547104,0.05112683876227139
4028,0.22222683898379147,0.2508191008702022,0.0008164433291479673,0.42657611696319225,3,1,0.2263087457747838,0.050142458082760744
4029,0.1543755699326294,0.06197921518947615,0.000435356491786276,0.6311455423292329,2,1,0.37473545449355117,0.05120559649027524
4030,0.22025737734098375,0.20739804957167154,0.0006880710551876042,0.7339162487563653,4,1,0.3389026309716146,0.04736531815352775
4031,0.08992541299403224,0.09690498914720462,0.0006471899791425118,0.5730514232025957,1,0,0.312957968682538,0.0552565249572221
4032,0.11459116000146226,0.07147260728755012,0.000358725832184729,0.6229744242967032,2,0,0.394934359082549,0.043985435467831034
4033,0.10197041181278738,0.1340307817910397,0.0005233409754653259,0.567001936506292,1,0,0.30277273410638483,0.04571811419744314
4034,0.2782402550821794,0.25860499541296705,0.0012478324244088478,0.8698174196992134,5,0,0.5048007032290698,0.05846317338285675
4035,0.1713353074226949,0.18525366984320962,0.0006796954582261994,0.8655434900465366,4,1,0.4529321427942348,0.04865577460353574
4036,0.1545805657126923,0.15741077562163094,0.0007072038580644499,0.5764362722242107,2,0,0.37862416133906324,0.05261559738036224
4037,0.24072312442089283,0.21166968104516587,0.0006168071422611027,0.7337631298114811,2,1,0.47065406928866566,0.04605001129693207
4038,0.0,0.028661083133598296,0.00035499536157079667,0.33395701949162204,2,0,0.2837746466900103,0.04770406564213368
4039,0.25514199260966525,0.2981529807391832,0.0009945466469939448,0.704798856087891,3,2,0.4583704316834223,0.049767739289194014
4040,0.006440525931854488,0.0,0.00019879180023874064,0.21958950090222623,0,0,0.1672587344439804,0.04401677977114301
4041,0.2536105341031227,0.2079511079668053,0.0010471221864167852,0.5908575740323677,3,0,0.30715909001442493,0.06012057286064516
4042,0.1283593952972614,0.15958236879246987,0.0007197383680418368,0.8170793837841571,4,0,0.3164389342255734,0.05270405666195998
4043,0.09276592520674552,0.11938923397011386,0.0006070615267421877,0.6299221011310648,3,1,0.3947008315111127,0.050845561837708164
4044,0.17351011721272605,0.11830688744493086,0.0004922827305701105,0.5383504153887326,3,0,0.3446041025099954,0.04739059383527392
4045,0.1351923919132382,0.06426716095011205,0.00042440489733443253,0.3325243861467655,2,0,0.24854158170707266,0.049675232182307454
4046,0.12986118892365814,0.17882156526688647,0.0007289182873813727,0.7187115726249499,3,0,0.38625503385436555,0.050386007162079055
4047,0.0656158859396316,0.041380307113036086,0.00039508042869697594,0.4257530652233671,0,0,0.3316263032403155,0.04936108424001949
4048,0.12955541075746954,0.07298965095251267,0.00035054147741678515,0.08607440085542652,4,0,0.11028377783588912,0.04248180911329675
4049,0.14277870126076664,0.1917941345802767,0.0007325032626428712,0.7621238711128637,4,1,0.42286901784263187,0.0480646325286949
4050,0.0,0.0,0.00028218276068550684,0.08655862647417512,1,0,0.17454586007453823,0.04700236662417437
4051,0.2600784404996272,0.2634619314160675,0.0008291330820422493,0.5155153108757732,2,1,0.3285760127766904,0.04889310720651848
4052,0.024548438676428905,0.0718263169178559,0.00048219889204100864,0.600248030603068,0,0,0.3538185608210896,0.04911859735318242
4053,0.11393985647525727,0.09370029498776776,0.0005331600852690949,0.6100008290404845,0,0,0.3464341704692821,0.04974969584374075
4054,0.19795486832706133,0.2395438759229464,0.0007647426520177654,0.7429199722617764,5,0,0.3907293919612289,0.04734266155091997
4055,0.23061429131404237,0.1594595318803941,0.0006307694609289943,0.5366088573356792,2,0,0.3850278718915243,0.051275262845269315
4056,0.09498236952760622,0.041829032601141174,0.0003577836649249348,0.4082858041282933,1,1,0.26378284624670284,0.047976544343621474
4057,0.000411583483049418,0.04903672781034375,0.0004839722340764356,0.09385209835626011,0,0,0.2875786711343228,0.051581248627686836
4058,0.0,0.02028562414306441,0.0003737408883177593,0.6707697217393764,1,0,0.32978902863028353,0.04958755227217457
4059,0.32882005536068304,0.013182320037526724,0.0002279736657917268,0.004044660658454844,2,0,0.4243746846078413,0.049637941740587
4060,0.11540523046092242,0.11478477052690533,0.0005341736021348933,0.5557708307307365,0,0,0.4091904598631575,0.04960420559740424
4061,0.23409337912811531,0.2257131241971523,0.000803577756164735,0.6061181687152728,3,1,0.4908542718811604,0.049728567612030886
4062,0.049037034297736266,0.07556693811797555,0.0004290219289986467,0.25974080244725334,1,0,0.1988396784087596,0.04581026870531621
4063,0.19037578720750636,0.2099728099867589,0.0008068661806528014,0.6218581971169282,3,1,0.4249507707895099,0.04976985477922988
4064,0.05617259927191845,0.08438998463152997,0.0004277670622920918,0.43223009000833357,1,0,0.24179329902172064,0.04554274969967482
4065,0.0540659558106981,0.09975791459023046,0.000620484086546733,0.4507915748320713,2,0,0.34301890129294077,0.05188891104930027
4066,0.24068540267519506,0.2614255276929385,0.0011516092936814761,0.7872914795822383,4,1,0.5086924620048361,0.0557709310656632
4067,0.18254091373946085,0.1898376466114388,0.0008800332482623688,0.6702758042527821,3,0,0.4262998778230525,0.054778023902344396
4068,0.011305065025344523,0.019305625863877462,0.00031236528584001246,-0.06876964409292212,2,0,0.18696496123204484,0.04606162486795215
4069,0.20708598969094816,0.14012927868668143,0.0006584260215721416,0.6019563442525255,2,0,0.4100480252597832,0.05318599040561467
4070,0.17365637804886996,0.18371465399172437,0.0006785777809496416,0.6088540368986719,4,1,0.47166710381138016,0.04824871303536469
4071,0.137938534573522,0.16896061250886638,0.0006163846138786972,0.7279852143565789,1,0,0.2615797684105427,0.047877921115041244
4072,0.1446669870989345,0.0,0.00023924813238385687,0.5993645811735321,0,0,0.38644540423951435,0.0495111786626835
4073,0.08288275917724856,0.09393775616790415,0.00045118584266274687,0.6806002088209749,1,0,0.18632450117638272,0.04669643250557642
4074,0.19478795840163599,0.18180750369616297,0.0006973102136911795,0.751919928695855,4,1,0.5302397036847066,0.04832662875527629
4075,0.06898554660794479,0.03904562568284539,0.0003222944428367267,0.5360533459892939,1,0,0.2729557595225094,0.04455765248074482
4076,0.2236975903989311,0.20806694610508777,0.0008079769852303079,0.6983015558815407,5,1,0.45741641991414195,0.050764360805344855
4077,0.11072093573827309,0.06601382634370541,0.0003619307282303951,-0.01902946464411034,2,0,0.18313606961340054,0.04564953538222397
4078,0.14065861906302785,0.14824707287968986,0.0005887999950367957,0.36623129164340906,3,1,0.24436551424693517,0.047588784313479654
4079,0.005124835026093088,0.059710447679443696,0.00039335552412268375,0.21106095491053686,1,0,0.23540089180908433,0.045392645447564474
4080,0.18353369566827402,0.1832568055580045,0.0007533188412602354,0.864450638753815,4,0,0.4132585289548307,0.052376229069658824
4081,0.23530607616962881,0.2517958774695504,0.0010828359655713573,0.5695031806230262,5,0,0.3958378882643656,0.057365836645549895
4082,0.13086935369411068,0.11936739192272683,0.0006048262845024712,0.5701347704262932,2,0,0.4227282242253729,0.052263243277738715
4083,0.21302803751115007,0.193192318538768,0.0008589780790325247,0.560141547815836,6,0,0.4662485408265987,0.05366103260120205
4084,0.07043862386540477,0.11192516086126848,0.0006587536801676911,0.43036658470285566,3,0,0.22028590078440305,0.05294831120524459
4085,0.039320338351179,0.019889050927518578,0.00033964599571613066,0.18259016166400577,1,0,0.24715866026915473,0.050434003166856076
4086,0.06611833406318994,0.06002538073850475,0.0003513481467557539,0.4676638034383689,2,0,0.32142839501395354,0.044917053817220075
4087,0.1406028938829196,0.20144518387553745,0.0007804924637128046,0.8237846643256671,3,1,0.38443115158804037,0.04961106234330942
4088,0.0,0.033765382403138845,0.00039375512908825807,0.3711815835264479,0,0,0.2821744006234825,0.049748505267768785
4089,0.1247667588914674,0.04403469786471055,0.00036070756987503186,0.5842517617288024,1,1,0.23936286452266128,0.04815363155155125
4090,0.12125462715016229,0.0875882539042387,0.0004985000924333521,0.6208596357718831,3,0,0.28584565326823613,0.050418521475840944
4091,0.05040313338535637,0.03339981243826788,0.0003409295329752754,0.15650411818651763,1,0,0.32820831099859027,0.04772418523983667
4092,0.18243650008830642,0.16852196763425967,0.000689516887487606,0.5397055882508683,2,0,0.40209749418020346,0.05095411433086323
4093,0.15247534102776697,0.15807378260432106,0.0006250030381032527,0.4339120388730435,3,0,0.30283527453938125,0.04857722296308831
4094,0.18625910610182703,0.2497682886996204,0.0009185447334707592,0.5458590994956858,5,1,0.4602271087250557,0.05116932243142798
4095,0.23457495586385044,0.19903234570519937,0.0007351019264952523,0.6735520640897809,3,1,0.40220775394237696,0.050900128994509554
4096,0.16699445427209791,0.1519479560094467,0.0005721390657792902,0.6207143520969559,2,1,0.26793629468153096,0.04710192914950567
4097,0.04355246602399199,0.07705148894705864,0.00040418512240791306,0.36447798280912036,1,0,0.23138553339923315,0.04770996666122254
4098,0.10453172592193967,0.15532055296630148,0.000626207135767552,0.5132138030316797,2,1,0.34814640322681795,0.0482673088999388
4099,0.05430826340970786,0.025674634302264163,0.0003944858805862435,0.24741732825388638,1,0,0.29877327810998444,0.05051959813938603
4100,0.011025726023127572,0.0351999105543756,0.0003639556633071103,0.2616157662579635,1,0,0.26424727090342626,0.04753777147337911
4101,0.21074285762948644,0.2571414854049673,0.0007031817082648049,0.6340598405666975,3,1,0.35363692015547893,0.04368576915210586
4102,0.0,0.016260930939730307,0.00035679700845536,0.3651372576402384,2,0,0.3834723792179386,0.051213189327783154
4103,0.12748640334909073,0.1054494305409515,0.00048961987215641,0.5212912370590624,2,0,0.2844917122123717,0.04731836107451833
4104,0.2896374564819589,0.3045081407253091,0.001266155054359528,0.7720058973404881,6,0,0.483026754906576,0.05711314642957555
4105,0.19682350716524474,0.2163751469742568,0.0005988581234345361,0.516460162361617,3,0,0.3918398565607445,0.046011632026497495
4106,0.07422690896252954,0.10111619268391407,0.00040171085399084636,0.597434392225909,2,0,0.335451716136888,0.04457234080905705
4107,0.11469455974944033,0.11538135606739591,0.0006149959268334514,0.6078857587210671,3,1,0.3564912176634699,0.05221145908227091
4108,0.09045351009110507,0.08598501831530167,0.0005504599063659318,0.4425505061234376,1,0,0.38288568003604295,0.052106308738382644
4109,0.17069438881834242,0.040831070823277096,0.0002719240251576566,-0.13818285241356276,1,0,0.21495057662628836,0.0444120324078871
4110,0.12879206254752143,0.15026585380595214,0.00073427211796269,0.5574768637346139,3,0,0.43446379712649613,0.05373665052230148
4111,0.19794596255963545,0.20128764225278276,0.0008573087830261789,0.5742817734180765,3,0,0.3880588556681629,0.054276142304769785
4112,0.13283873468477547,0.1258870658256361,0.0005917433824899631,0.5713271540083057,3,0,0.43717650143323294,0.05005739173912895
4113,0.11723171637336563,0.08915169251152927,0.0005933249674344284,0.6644203753685288,3,0,0.3812164208033512,0.052922699659019336
4114,0.30119846905052045,0.38718962987638617,0.0011113201017085958,0.8396863066774276,4,2,0.5048511746590797,0.04999152157386182
4115,0.27769595217739723,0.19530092143341843,0.0007578236002265281,0.7400651728418265,4,0,0.43636355668812044,0.05235699136925966
4116,0.056355434560079645,0.07418700616114321,0.0004801839813227017,0.5168331854238579,1,0,0.3644836878169631,0.05039528881282264
4117,0.05084606687104341,0.09657556773621105,0.0004828571683836052,0.3655867425425143,1,0,0.2572703584093302,0.04695099062161954
4118,0.19299528828693158,0.1986936127123415,0.0007467471014198953,0.7085115404320346,3,0,0.3601490354562621,0.050466741000518844
4119,0.09828962297403708,0.14376363830528435,0.00057724201026044,0.652269161578691,2,1,0.3823300550607426,0.04710622043829923
4120,0.08177110569439755,0.0,0.0002646209926272264,0.5114521960271956,2,0,0.23565771387278645,0.04988340141937262
4121,0.10562319994578764,0.1146759145228666,0.0005618818654123622,0.4741292603489049,3,0,0.4373341543813825,0.049425597408331134
4122,0.0980535960577012,0.10826063896074888,0.00042627662798532667,0.5307647390360011,3,0,0.3826445899571373,0.04486544303809836
4123,0.2073927041932268,0.21554758478785116,0.0008046498745874513,0.7480747324891021,4,0,0.40264545093730936,0.051035896561066364
4124,0.13146133557297263,0.11278521936982251,0.000575536222611364,0.7042516173269029,1,0,0.3474525535577696,0.05103304093237597
4125,0.11360343295524834,0.14914247801084954,0.0006742390212693085,0.5628591702365685,1,0,0.377624556581985,0.04973954325640192
4126,0.03250213729428626,0.06589892386537435,0.0003840472141153694,0.5841614953570455,0,0,0.23773813907128788,0.045717801904384577
4127,0.12446686136944136,0.15531630120492443,0.0006179670782755011,0.4064137560936233,4,0,0.3653034758195617,0.049409970921233594
4128,0.2461460599718561,0.2606798437691495,0.0007301675491738517,0.7770391038152125,7,0,0.40749578210470183,0.04613713512280552
4129,0.11262648659527368,0.09568490336678602,0.00045359839443087787,0.496343337699871,3,0,0.44517950263575223,0.048180359056360526
4130,0.08254615509250941,0.06619450680783052,0.0005570835665293326,0.17660317462566838,4,0,0.39966567099089845,0.0540978725059412
4131,0.1066346876436441,0.051041028768236595,0.00044232840049114526,0.8129601267254152,3,0,0.44093754259919704,0.054074532124537535
4132,0.0870351335574548,0.12294041481383493,0.0006905865184907842,0.3756199710871966,3,0,0.3408720830107443,0.053811716169787936
4133,0.20362224766769474,0.16721968839595877,0.000518090726316677,0.5893638462122367,3,1,0.24593569682621574,0.04645546624590665
4134,0.047969397313228385,0.0561974134575306,0.0004501156598869937,0.29099933437706005,1,0,0.09914392047275794,0.04995185406763749
4135,0.20032635159006185,0.23041604738343105,0.0008662731457514279,0.7656147261323336,6,0,0.4495334346491895,0.052361913421365945
4136,0.09492894715442779,0.13657369722470541,0.0005951123856695678,0.34643682169692763,2,0,0.21808832140188314,0.04806218097825657
4137,0.08820295627636093,0.098271678995209,0.0004620535774192644,0.6258083471235176,2,1,0.16759389571182806,0.048701981523674366
4138,0.09447591284437568,0.06477165471563236,0.0003855782025947063,0.27697768333609496,2,0,0.3333336661526636,0.04613656372663797
4139,0.09188660095362108,0.10946615669648116,0.0005601840155543383,0.4949489909887486,2,0,0.4232947631911749,0.050420034830764
4140,0.26229759406973036,0.25202857980632876,0.000845564820631675,0.6862439067380292,4,0,0.3352102682391659,0.05304390177379653
4141,0.07185875258443017,0.02241149250826801,0.0003119604777451247,0.33101359742933345,2,0,0.26758966662622197,0.046724703162324036
4142,0.08912857483788551,0.05967288453976088,0.0003577792632538831,0.4684569581435051,2,0,0.2650383841879806,0.046158218044536285
4143,0.15140221171174817,0.19155248099267116,0.0006890196447037445,0.8411496904967931,3,0,0.3622554632495133,0.04984542903052116
4144,0.15263775987798728,0.15696011129594128,0.0007528118788525322,0.7042521554292592,2,1,0.40800748752300525,0.05288318179006548
4145,0.00199000427740132,0.05513109032970144,0.00048097293453394673,0.14417771276273494,2,0,0.21261128955970204,0.050246708227809404
4146,0.0,0.012005084968306235,0.0003459162403474739,0.5251345237248485,1,0,0.3983556426172676,0.0485200134447807
4147,0.03593074184184648,0.0065902158404412,0.00030486292693292975,0.415617915423819,1,0,0.3613944706340957,0.05057576756465117
4148,0.11386178672873762,0.13886565389086078,0.0005930766219178953,0.492404218597449,2,0,0.410714712123226,0.049107184278242386
4149,0.16040902434893303,0.19167899554770076,0.0008580146697760172,0.6628590319417671,3,0,0.3725366527998517,0.05254747636369328
4150,0.20781044542071186,0.20302516638114781,0.0008077175504462679,0.7771313446856012,4,0,0.44750600774216165,0.054717877970507436
4151,0.23953552988187066,0.26727777234351063,0.0006188725460733688,0.8090485628863989,3,0,0.39893952064758986,0.04209511224850535
4152,0.1723220663569186,0.18131697024372778,0.0005572209959644068,0.8557806131827822,5,0,0.4006347714924709,0.0450808119222542
4153,0.1131285508221156,0.15122949857722817,0.000647216051194432,0.6961840721835092,3,1,0.46054034899500373,0.04812350898361513
4154,0.044432672414428796,0.057378328804227906,0.0003728301966178678,0.34247154512571476,2,0,0.23631900714391332,0.043977266148475976
4155,0.03667600129596888,0.0647328433476868,0.0004310348325013459,0.30981865012037646,2,0,0.2098740413061656,0.04981769216682109
4156,0.15494370823528247,0.10013122249347514,0.0005097366771203217,0.4839264044974237,3,0,0.3203084931026169,0.0491314418311479
4157,0.14717043579672348,0.1914271691742662,0.0008681969691607179,0.7447749425205711,4,0,0.44381406205698276,0.05343212234445656
4158,0.07528821885880409,0.08616675712235043,0.00038888911662243654,0.3858719747282773,1,0,0.18598210667941464,0.0443173557951734
4159,0.15586617559318436,0.06380667737489704,0.0004117967783231153,0.5406959080843261,2,0,0.39480933174402927,0.04941366104867511
4160,0.1279717422814587,0.17208797552651764,0.0009656177526652737,0.6674048405969508,2,0,0.5003067624664876,0.05752069006820633
4161,0.19255657175836455,0.2012782670812189,0.0005107829788737106,0.42833712286489534,2,1,0.28601713628625747,0.042116823189147494
4162,0.1287769140702998,0.12981625889350668,0.0006304092629532539,0.37913288428567876,5,0,0.36199569124576036,0.04947369378610829
4163,0.11509043174218143,0.10534445062014922,0.0006787933130283726,0.5090835309976234,1,0,0.35414489776913877,0.05473507428957505
4164,0.15657893117306965,0.14121709723494866,0.0005964699707722411,0.7833130084797323,4,0,0.37194015293300015,0.04994472899594274
4165,0.1754392484717835,0.20891329308437548,0.0008350595818611472,0.7115131432374291,2,1,0.3927360961278504,0.05219194919857658
4166,0.1352697412087822,0.16265536628331614,0.0005678041651427335,0.6743640317719684,5,0,0.4156364812188111,0.047293728639595356
4167,0.02453968833894137,0.02885775017757009,0.00037877203445404426,0.42634167970999304,2,0,0.20782387699173052,0.05122387172167201
4168,0.08754444648920312,0.07198560634952879,0.00041259068985182807,0.2519728360671633,2,1,0.44510803654030306,0.046822786990850976
4169,0.08038309816299935,0.0893933289565396,0.0005258426024324819,0.38362374649689235,1,0,0.3373557881690958,0.05026326432002099
4170,0.07986535808186981,0.12180939387771125,0.000610073026220002,0.5274190592668603,1,0,0.36457652917098793,0.049972932836027474
4171,0.2549059873223602,0.22900340969603364,0.0007274784409454136,0.7707405167897146,4,1,0.40837255814238393,0.04981150625556432
4172,0.093752798066857,0.082868907406478,0.0005232540347084853,0.41966323218501306,3,0,0.266148029541326,0.05419634831926123
4173,0.01252385816015487,0.0033124764977256857,0.0002951193148540481,0.14391538222114386,2,1,0.2783064728374453,0.04775117593722258
4174,0.03279482457235059,0.0280410617941129,0.00030842183397507126,0.2389223967428167,1,0,0.28439816557173486,0.044001494024743834
4175,0.06761823159891647,0.07356121828521173,0.0004505389286509381,0.46719483267969725,2,1,0.3334748310988681,0.048126814462030446
4176,0.3292582753515181,0.3364587623815078,0.0011781499684112102,0.8493118388927727,5,1,0.5287820550760881,0.05212573339412012
4177,0.18042651547224198,0.21529900770947152,0.0009768060986646348,0.7392104654766615,2,1,0.4689039174263235,0.055411632478735706
4178,0.09895722376615267,0.10657001594027378,0.000590876391172414,0.3075115441859353,2,0,0.2645486448458099,0.05041954443174149
4179,0.03313406821642671,0.03892459616178601,0.0003851502465225952,0.4813099568574559,2,0,0.224704924293655,0.04884405991745901
4180,0.0,0.0,0.0002477257266697119,0.17068048302598798,0,0,0.2849523140924986,0.04950533347343687
4181,0.0,0.06678423977813853,0.0004326619564489938,0.21273668490378958,2,0,0.2679609792268041,0.047068183795576445
4182,0.351231651764653,0.38938340795596466,0.0011668580152563415,0.7943009757787205,8,0,0.4341944719292331,0.04825555095370005
4183,0.13335316434908237,0.12954849410715316,0.00047414805110538775,0.7877767043016319,3,0,0.25414686951914806,0.044733372483739355
4184,0.2664168332158836,0.2939635048665455,0.0010704059074910213,0.7628565534081256,4,1,0.3778492261395787,0.0531065903289801
4185,0.16921753575607631,0.21080799422180013,0.000836275955019053,0.7266218657823748,3,0,0.4810516802437643,0.05048999099003551
4186,0.21326301161213504,0.25308490792760857,0.0009868130443369842,0.706713985816562,3,1,0.35402830886269265,0.052940222834954295
4187,0.08000626816691765,0.02926928529766413,0.0003564733530937019,0.19433545834653618,0,0,0.20568265612141617,0.04824940343047921
4188,0.11566540952388096,0.06516777102529239,0.0003737439893506285,0.3990347491005054,1,0,0.25747777822112056,0.04708582246085446
4189,0.1344202441967512,0.08799755893679105,0.0003472130507704718,0.19481274798832346,0,0,0.15546888683833882,0.042210199919489155
4190,0.14039664729115375,0.0889720178571691,0.0005258830456601958,0.5307944104847802,2,0,0.40310860882764,0.05209372392547382
4191,0.1591019716913772,0.15282664122893547,0.0006186416442621883,0.8261481546165578,2,0,0.3183048869985145,0.04985785729066888
4192,0.04505780388506097,0.0,0.00022341067722613482,0.2649962430490748,0,0,0.2417493978228909,0.045522319024042246
4193,0.04630530388884395,0.037760332136827855,0.0003340116606878502,0.5084295409349839,0,0,0.34423881465084,0.04491627535449281
4194,0.15657129471879758,0.14861713569053764,0.0006819491396052748,0.780564523466998,4,1,0.37443500902854165,0.0526243678039934
4195,0.12408961479163688,0.16420793032616227,0.0006688251921273393,0.7042956085298339,3,0,0.30981380222164473,0.05106518270612497
4196,0.06973405474231437,0.03199032240863621,0.00034609047683564,0.25577864559367836,1,0,0.2914488255046504,0.046347942397721865
4197,0.22032117257503536,0.2500616953146081,0.0009233819204389557,0.830302744582412,3,0,0.4773263071407657,0.05162023795751036
4198,0.18303749095835264,0.12257086149206255,0.0004951222205670181,0.482319861720058,2,1,0.313418347319019,0.04763969071759497
4199,0.1387945744088545,0.09616319894608558,0.0003812053078200136,0.38645909926118316,1,0,0.34300548677353065,0.0431655244642934
4200,0.07748219266544269,0.014926646329927538,0.00023929181374882119,0.263264767757944,0,0,0.2157326806969431,0.04204519209473228
4201,0.1291607469816786,0.14182124847639926,0.0005971364411392616,0.6482322938429798,5,0,0.3237958197959441,0.04907809479387677
4202,0.12103545106599571,0.1030643429084697,0.0004838868213099988,0.4434924598162795,3,0,0.35097564832965233,0.04870558897615637
4203,0.08124870270698192,0.1202353685593532,0.0005867019219881776,0.4104179085662084,4,0,0.28336412749072354,0.05112602823359935
4204,0.08221235656272206,0.11832058623402907,0.0005421206707284786,0.35854810965190925,4,0,0.34528145931859217,0.04740716760369824
4205,0.1962653273156782,0.15891752934786166,0.0005103555248377647,0.3972134154512562,4,0,0.22372929163645006,0.04633827947399064
4206,0.18638728763131313,0.20114532711199717,0.0007278968225254612,0.7262891277324287,5,0,0.40368906157728585,0.049880018227585185
4207,0.06139742259672115,0.05109512434343541,0.0003286007132581921,0.43743021801694004,1,0,0.23582121957188443,0.04684897846375697
4208,0.12947587335921706,0.07952587617989516,0.00045708976472353573,0.49191366505982753,3,0,0.3190971015532127,0.04900527446063402
4209,0.08242742120111811,0.09062190996496151,0.00047138388247453927,0.26349929909703046,3,0,0.20721146221985107,0.04904475060436681
4210,0.07728611230977435,0.0802886786910212,0.0004291166981653467,0.32208491660682187,1,0,0.2328668104639981,0.04728943677499371
4211,0.10931441466725715,0.11210828264172812,0.0005247750235111703,0.43492895661386677,0,0,0.25839765844475776,0.04810872909036554
4212,0.23319613128397765,0.27706241521602964,0.0008484111857622054,0.7402795232978195,3,0,0.3668036426854793,0.04769343066917741
4213,0.2165631469802178,0.23640433067810707,0.0007951608181897205,0.5917495273996404,5,2,0.3955732073655864,0.049070074845205904
4214,0.09877106752002741,0.10269108766431759,0.0005076399320822801,0.5994892956176677,3,0,0.3004617007281645,0.049036727110829535
4215,0.026747204017713324,0.08589181335938459,0.0005358323942181568,0.4926640395438157,2,0,0.2906780375800493,0.053168447226969284
4216,0.17100543722684278,0.17228716030269756,0.0006160483150312437,0.5562034754082514,3,0,0.4219523187661759,0.04607496502980526
4217,0.14105238294282227,0.12168233954452615,0.00047566589248049544,0.7958299538489407,3,0,0.3775872941358882,0.046663221455843465
4218,0.23171486899418933,0.20428535897810374,0.0007603153917387454,0.6549915287702778,4,0,0.3758437563478613,0.051331509554944185
4219,0.0,0.0,0.00022453029548015794,0.15733667328906606,0,0,0.27358425169426576,0.049436422127294266
4220,0.0,0.0,0.00027115727514580805,-0.3788299527043945,1,0,0.19962081734140125,0.05117214897214423
4221,0.226577458754598,0.19627870040740675,0.0007669089214966861,0.66084334341655,3,1,0.3634356006832567,0.0517186463346432
4222,0.007085833898268035,0.009701127567004378,0.000372570014309962,0.4649478056287843,0,0,0.33536027541096347,0.051640519523195046
4223,0.1194603546820345,0.16038838883866954,0.0005893200918056887,0.6235695722751706,1,0,0.4564820876384753,0.047084217646077946
4224,0.0,0.0,0.0001298562285225963,-0.28682916042833867,0,0,0.25353491611825024,0.045888413364676806
4225,0.19445322745879004,0.2210489262903354,0.0008610070871751915,0.6521813018643541,2,0,0.4000267535787386,0.05123162608706791
4226,0.2984732783368551,0.2883229656367414,0.0009420088445666393,0.7621727729311023,2,2,0.42911718180628305,0.05051671349611846
4227,0.1072615388783403,0.1092925704849472,0.0005263530683591352,0.386017983397295,2,0,0.34292652036514043,0.04810463614143626
4228,0.04247234709573617,0.07110663109964056,0.0004729894795781397,0.34576553269202254,2,0,0.3779797314110893,0.04901008385581
4229,0.07961385565565385,0.11357760347824972,0.0004987781472015681,0.6463643151028186,3,1,0.4845623834258103,0.048750238772144884
4230,0.06056915981030992,0.07108757455100552,0.0004723664285805913,0.5286023707111931,2,0,0.29905544763664593,0.04909810597179822
4231,0.15427146253975124,0.12219694798377406,0.0006196701413599591,0.3661658853169473,3,0,0.3493707782479804,0.052692197733304226
4232,0.12620582425467014,0.09418937496455206,0.00048667166115450814,0.7158183853179375,3,0,0.3506119812171116,0.0498241283876698
4233,0.14756024149593258,0.05214404390715955,0.0004514933300035565,0.47757059426009135,2,0,0.4179875370182758,0.05304398387117682
4234,0.03623469018803538,0.006650873729716636,0.0002658776364787686,0.24115592837262356,1,0,0.23535451191117698,0.045283914391334286
4235,0.16555025969701986,0.06805628788293051,0.0004615155810719299,0.42059809483356075,2,0,0.37865397049468374,0.05270241882093936
4236,0.2450832552089786,0.250297965654135,0.0007191073165196996,0.744029096004604,4,0,0.4291033882697124,0.04757116126835332
4237,0.3030126502873784,0.2626004993645671,0.0009680773315565364,0.5266596474731896,4,1,0.4932797374532701,0.05210570083407898
4238,0.18190035010196706,0.19908989754366013,0.0008968641999133257,0.8211503855534588,3,0,0.4577924972070705,0.054208841271979606
4239,0.09110042913391193,0.10486357532901444,0.0006215632092254077,0.6543715887505026,0,0,0.44472723880430187,0.05257115113674245
4240,0.04677589410416467,0.09132065337238188,0.0006648379776135639,0.3342556582344062,1,0,0.36649716807720745,0.05459266191232293
4241,0.10532862567097587,0.10943192390958668,0.0006099288492178274,0.6923632619168553,4,0,0.3653770263024081,0.05208110753941594
4242,0.2667548531855346,0.31747414662961937,0.0009583168256916485,0.7001889112854583,4,0,0.42777402249840735,0.0482724530943856
4243,0.22640246509535103,0.24972194029310044,0.0007632949855081452,0.745133702017529,4,0,0.3311692611805809,0.046592571069193706
4244,0.06839234105663465,0.026134417298445043,0.0003124268154724922,0.2897069645695194,0,0,0.256707524522183,0.045689535242229275
4245,0.016786645697084105,0.011408344003406968,0.00032815902260557514,0.10689211645928523,2,1,0.22133881649593076,0.04848450019436991
4246,0.07934802455772447,0.09515528586656988,0.0005812562582927618,0.6735894957590641,1,0,0.35186301912555584,0.05135302580607411
4247,0.12218781091630711,0.12029711868336665,0.0005063440793017304,0.6609973312981088,2,0,0.2805061883645501,0.04648913004206383
4248,0.1384282038096096,0.1857148546156244,0.0007948527496530553,0.7090853734753694,3,2,0.36822539430159174,0.05253269072193675
4249,0.012165809560675717,0.02388170247319732,0.00035821609779002105,0.2627669289469809,2,0,0.20641146571655675,0.048601732393893676
4250,0.015412754980983778,0.03688005361902339,0.00037110940632194175,0.2598077751155111,1,0,0.27609736286747355,0.049441961050345144
4251,0.257383196205311,0.17432367263058024,0.0006446492883089554,0.5119610512814404,1,0,0.30229035392234527,0.05045582564633
4252,0.08649517658430707,0.04840949082177365,0.00043726548552208553,0.48450910706836325,1,0,0.305780722891858,0.05231273324646489
4253,0.2289060458009942,0.19636741124982768,0.000734950394102716,0.6381306216711401,3,0,0.49908334504998453,0.05123154499828306
4254,0.06863577343151393,0.019261111780126648,0.00032549067123962064,-0.40980781153702484,1,0,0.20131875501670793,0.047903435640252706
4255,0.1607868843607495,0.2236684357455022,0.0008189862689030372,0.2993127093179778,2,1,0.2712389110792162,0.048867289554775976
4256,0.1537040938442084,0.14290599641681323,0.0005388268693104019,0.597601747228844,1,0,0.31654683171237724,0.04672341603856494
4257,0.14345701873994543,0.07533588402139917,0.0004896558745141197,0.5086749991042853,1,0,0.37683629361638116,0.05237596493350048
4258,0.26976328810291605,0.3005733294686907,0.0011188542229134224,0.7347623214744471,4,1,0.5185306114626127,0.05201156491021301
4259,0.06887142583899666,0.13707254235106797,0.0006204007717831327,0.5018018608688584,4,0,0.2893380503344055,0.05002747530535856
4260,0.12015940935800593,0.10626799955788005,0.0004920872450769666,0.357861379573644,2,0,0.24012689486989697,0.04689132480210859
4261,0.0599975849877945,0.10486878468356067,0.0005067891696900181,0.39169142055295514,0,0,0.26394096233096476,0.04650191081801445
4262,0.16001007597453995,0.16603281983979154,0.0006615421369871714,0.6286157614346433,4,0,0.3541759057076944,0.04972227912699761
4263,0.06224957324655859,0.017217355238242443,0.0003274862410665011,0.26041442393385356,1,0,0.22883745086937,0.049084515365783614
4264,0.20220902218264777,0.23371885565917708,0.0010174836854348489,0.8133862975536482,5,0,0.42666759064005605,0.05377243977271224
4265,0.1657989455375025,0.16922012990807495,0.0005547244773252141,0.669118396909176,2,0,0.2725347552565757,0.044885726918333535
4266,0.06584937394078612,0.08135315994617602,0.00047034661205659016,0.6506560507364295,1,0,0.25834974435824776,0.04893302767535455
4267,0.11880154006639632,0.18242591023078367,0.0007158798426037071,0.6067191463250122,4,0,0.3723938744265062,0.049548237143046535
4268,0.11450082011017232,0.06774572137674115,0.0003632214924021624,0.41699280889739193,1,0,0.30829120172569013,0.044217594767935124
4269,0.2389710787635864,0.25748763114533635,0.0009147693856584631,0.8161994270876097,5,1,0.42708450177760765,0.05154073461985736
4270,0.23327196206441517,0.23098674929673355,0.0005888560495355865,0.5568787961391156,6,0,0.3627413667622367,0.04498166470426897
4271,0.165606577495136,0.20880453142549368,0.0008518579719659998,0.8164505844030228,3,0,0.3121822838659121,0.053570535762051445
4272,0.10307088118994222,0.07748436947256637,0.00040802068191852424,0.41703489140073596,2,0,0.2482350446144996,0.04691308784178217
4273,0.03272754792188556,0.06558001351859315,0.0004490200486111477,0.3841972517480405,3,0,0.3899438055096166,0.048900758904764856
4274,0.31324984801944566,0.3010007622795358,0.0011254309315672118,0.8511467830053567,5,1,0.47488510856813293,0.0532117458190515
4275,0.09153603292726963,0.07224193340188977,0.00041405931499173657,0.5132136415948947,2,1,0.4604816682359535,0.047059677549775546
4276,0.15225608970348145,0.12184892308253964,0.000588218957812773,0.7311522995745281,3,0,0.3804247872155946,0.050407116770057075
4277,0.08257716818610904,0.05809124627710955,0.0005062656251140596,0.5708008393708077,2,0,0.47567557231452506,0.05248436113232244
4278,0.2159096215412885,0.23760238734809203,0.0006640774235878493,0.7434665936155923,4,0,0.42767988615303143,0.04445346027643685
4279,0.20682050264660262,0.14683567623313953,0.0005663598191990904,0.5244428639174352,3,0,0.48114433309952453,0.04887973696989809
4280,0.16373846490555471,0.1535920285856728,0.0005784394976127158,0.5252673480620043,3,0,0.4387820477314638,0.04850488243546304
4281,0.197628556508982,0.18961226050102406,0.0005929421887233335,0.5941757641357226,3,1,0.34291827613721926,0.045262797076024694
4282,0.1793033908988726,0.2487546892599617,0.0008515060562177957,0.7434660231814341,2,1,0.41635531392189723,0.0492061948318176
4283,0.10900486935059708,0.12189381075115761,0.0005560660698056606,0.7486381305387984,2,0,0.37987754015256225,0.04875365340536273
4284,0.15073970362629746,0.25447944331206857,0.0007261026945379126,0.4917709499220302,4,0,0.3704863198535804,0.046970734681475175
4285,0.09166423977103466,0.07279680274626368,0.0004258601847025716,0.41974104958530456,3,0,0.23461079297793824,0.04721858195877851
4286,0.1572096176767305,0.10874754652681995,0.00041296097921962236,0.5281347205967589,1,0,0.3227354692746971,0.04452078529388394
4287,0.09193161261476403,0.140129044988253,0.000508738014480789,0.7515685879312177,4,0,0.2967561930900443,0.045921377563295514
4288,0.21408978833508427,0.2174138635094671,0.0007460052848554831,0.7057379490904486,5,0,0.3088252769078,0.05121856390332985
4289,0.3348913727111517,0.35326553231008856,0.0011340586871814412,0.7354152448072824,6,0,0.4898448058980463,0.050882137381508784
4290,0.053506403231362944,0.0,0.00027164044070289927,-0.18265595711103838,0,0,0.3629539352474616,0.05138446216485454
4291,0.1789277038193833,0.14788163671735338,0.0006007564517633779,0.5837768352217083,3,0,0.2653367564727859,0.049156100054087014
4292,0.07398723137878538,0.07320667268202487,0.0004748721144388249,0.5959112531932134,2,0,0.33805526466754,0.048818973754334645
4293,0.17397459594022682,0.1961682899495875,0.0006922597456858335,0.5951256270304917,4,0,0.30060208787459386,0.047506722416504006
4294,0.24396525744532657,0.29696748771884973,0.001225471943683077,0.7014980276747195,6,2,0.4804166987305749,0.05456457085550732
4295,0.27422028562965706,0.28261509450367533,0.0010232916951163754,0.6823641047238177,4,1,0.39409548183840426,0.05202204849592312
4296,0.11234184499641785,0.09221065947070184,0.00043591720280877706,0.2946720063036739,2,0,0.35326095131372376,0.045969610522964346
4297,0.048763807828375194,0.051395270843037834,0.00032721121227583146,0.10206429330927876,2,0,0.2386990811524819,0.04467120621659093
4298,0.05087560718363751,0.08252089659893219,0.000453450636712718,0.3366285191276943,3,0,0.29527619277320755,0.049732553713777376
4299,0.04349115259209526,0.055096819715490984,0.00040307603350776166,0.6464946375611711,1,0,0.30914374285222074,0.04789632583832031
4300,0.16800325844471445,0.12990087341574652,0.0005972934091756651,0.6318991047023479,1,0,0.38242787545105417,0.04996328398621301
4301,0.006789128129119878,0.026456744396997058,0.0003255102428616414,0.5281797563950774,0,0,0.289757347007121,0.047335235609248114
4302,0.1490827302637383,0.13217471657408172,0.0005940136429019619,0.7135710898294251,3,0,0.3369881024281916,0.050444782762068346
4303,0.07915154987942527,0.0801429497132096,0.0005270521801268277,0.2576966398003931,1,0,0.360131501539831,0.051856557331764794
4304,0.11681848264240416,0.15466344633832577,0.0006042742041275289,0.3987242058867912,2,0,0.2852791308555423,0.04841519122088476
4305,0.30841401311285555,0.3299070348951427,0.0010669412161505337,0.7149933525977749,5,1,0.4628162113988555,0.05007264720358377
4306,0.16493092594414585,0.09667957759170485,0.00034320972136868725,0.37073071229017857,0,0,0.24987997407641452,0.0433941793469976
4307,0.1870036580940763,0.1527100031414882,0.0007407056858259876,0.5943151584744534,2,1,0.42024230634745646,0.05488246599965407
4308,0.15056411395069452,0.11853056664551477,0.0005825439747015598,0.3694280013453713,1,0,0.3793383101545071,0.051571019336180086
4309,0.1456082882662059,0.11583167910700723,0.0005687121868707827,0.6384175927888913,2,0,0.42622907064822046,0.05292113371998999
4310,0.1212820282691752,0.10701990243837015,0.0005541278032771569,0.5645363491549031,2,1,0.38021935087496594,0.050542425344915064
4311,0.08975857852665362,0.03483033786467253,0.0003885347017464191,0.41014469155803046,0,0,0.32181941165703404,0.05051932753293374
4312,0.11824594722489723,0.15497384000108735,0.0006142341368442749,0.6497494038972915,4,1,0.3003071001430564,0.04776648987913882
4313,0.0757585866058231,0.09598325505949924,0.000588093215121624,0.12372862835127302,3,0,0.4158115939936963,0.05301716225433478
4314,0.22165013660523322,0.22822824416280588,0.0008276139077972647,0.7600906709866381,4,0,0.41931745594117104,0.05016319200968456
4315,0.12072150420518657,0.09565916025780773,0.00047466067256337724,0.2736285626054571,1,0,0.3060468997777944,0.04739441157873864
4316,0.07139618406749772,0.12836921675236404,0.0005066760471127577,0.4615228494981938,3,0,0.23733013397906638,0.04843033162044302
4317,0.06428339547154092,0.06956191611310795,0.0003875544900813225,0.5320957341552828,1,0,0.09786782252246569,0.04417007935345555
4318,0.2247548663379603,0.22360581822624725,0.0008846022588924877,0.7025203427821082,1,0,0.32415258877180975,0.05339149785628876
4319,0.1505222506147228,0.15162810745169944,0.0006499472400375561,0.5050942792038936,3,1,0.33740468194871626,0.050113734688760736
4320,0.08329733622796774,0.0740780140238086,0.0005064218965230553,0.507035118448907,3,0,0.3165723532421666,0.05130578674697295
4321,0.09402736644857937,0.06956816913212809,0.00041745069318231345,0.4909742821913226,1,0,0.12992479731037285,0.048540606881541326
4322,0.2997349001385313,0.2597786787518244,0.0010463019468809926,0.7769165834422942,6,2,0.49392233558370296,0.0565418549833094
4323,0.06539740173662568,0.08461236172667363,0.0005019743782925986,0.554891946023657,1,0,0.42360419951902034,0.05074772778968992
4324,0.12580363080021953,0.12239780923172364,0.0005676403162796521,0.6396612559833971,2,0,0.37059023701534644,0.04884604756800773
4325,0.052773465516003225,0.05616843919065253,0.00046069498864857505,0.27004004783237967,1,0,0.37349479181397044,0.05037915875529704
4326,0.011675630642690431,0.011214856725161659,0.0003517461887018722,0.1330055404696924,2,0,0.3103575091816336,0.04996204790796528
4327,0.10816815652855484,0.14218715510990035,0.0006567430208453085,0.6368296886645919,3,0,0.3693278947483537,0.051595627294380816
4328,0.12257257051709512,0.07373891098247495,0.00044421007730832717,0.5292045439984427,3,0,0.3452164084774371,0.04935001195332609
4329,0.14962151464368362,0.1568066589725375,0.0004887651717804767,0.6012431281873307,3,0,0.3300911477664352,0.04388810984856069
4330,0.029137906602264885,0.0504752845993946,0.0005860358745437435,0.4520446425792639,2,0,0.3954790426476394,0.05634294027299221
4331,0.1439975973832499,0.16555289822714062,0.0007889012146922898,0.7711025554687634,5,1,0.5142035085072838,0.053713295869924266
4332,0.15662584691382855,0.15803263947567858,0.0007416417787851524,0.5745284234614908,2,0,0.44719955384427307,0.051287031603844825
4333,0.18075796084327145,0.12890447833151744,0.00048224243579346763,0.36489139330319315,3,0,0.28801035118263263,0.04838464582399506
4334,0.0,0.003552387981955076,0.000305037040607396,0.3323219757038517,1,1,0.18935726430402905,0.051191146954607164
4335,0.10387400383515386,0.08310355837664504,0.0004927852044476316,0.49081519289844316,2,0,0.42271115830537015,0.04925009758400235
4336,0.13899355245470657,0.12518726484023995,0.000510090984998396,0.6923710331458123,1,0,0.40735085481341093,0.046259726858560245
4337,0.04082765666056382,0.01374385836231994,0.0003681331919899675,0.24975989202297963,1,0,0.2780150704160079,0.05020767380944097
4338,0.16091731340499796,0.08912012658350725,0.0004562210649754511,0.5229311915310093,1,0,0.3975741494405706,0.04923314085393414
4339,0.13408080253516771,0.16000830682364248,0.0007253768476380993,0.7785164575871036,4,0,0.27776302066060393,0.051469544872112305
4340,0.16415429195971215,0.09670409792333692,0.0005626195349780769,0.7579937199741363,2,0,0.34856107692896254,0.05402379640801715
4341,0.03636974123262265,0.05063911114621946,0.00034870130616200626,0.44352040461523,1,0,0.2477232560845251,0.04410017403827704
4342,0.09171871325578013,0.11694543087076334,0.0006175100798633212,0.6661177015883264,3,0,0.2951153143734176,0.050793322554006134
4343,0.04320038451552129,0.05104480475380443,0.0004150703303312045,0.34646192864331904,1,0,0.3218922725085919,0.04858789345489526
4344,0.08591802504255325,0.09915383758067717,0.0005933878811797836,0.5108182794194696,3,1,0.2887827387574722,0.052387692736155796
4345,0.13762863746579157,0.12363069604276213,0.0007398819458792024,0.6805438652864766,3,0,0.4381475660647848,0.05712164255730669
4346,0.13488433228791802,0.1404778352862741,0.0004889047309733837,0.5312928497714818,2,0,0.30956547411213714,0.04616606967238548
4347,0.05310093303031813,0.053513496969843664,0.0003528803531095036,0.6286921240492148,1,0,0.2563780346299886,0.04363948435478601
4348,0.1101486002853865,0.05173634992334293,0.0003298747963095062,0.23017525540725584,2,0,0.22505722058500982,0.04474238236330291
4349,0.22063504823987332,0.20561949835888627,0.0006945747565211853,0.7933434503947127,5,1,0.42928070768994764,0.048388261732589796
4350,0.22274669423639248,0.2459780147500928,0.0007303022517750273,0.7308670638905438,5,1,0.3747611243162404,0.046899618505942015
4351,0.18998949352973263,0.2020096316640705,0.0007818171958556871,0.5434988539364523,5,0,0.29516861583661974,0.049932633312783054
4352,0.14491641490178414,0.14571861184906906,0.0004366422309417813,0.43023127614703716,3,0,0.2327423947329964,0.04149583128880373
4353,0.22550415062153167,0.21214368901110417,0.0004866067951529729,0.6488877429303345,3,0,0.3834173769293551,0.04176750704485113
4354,0.38442950499502726,0.3913769317175468,0.0014122946499303395,0.8324833406998609,4,1,0.5910934534521385,0.054729875750747344
4355,0.20382096558871848,0.19390388562477828,0.0007936339074117803,0.7019015544841563,3,0,0.33524129842811407,0.053426955095070665
4356,0.19640751314236504,0.22965797542968067,0.0008867595007741667,0.7026077303146169,3,0,0.3037969743407479,0.05096087764990004
4357,0.04460052094583913,0.08507046631599306,0.00046714810952770973,0.3289797019405182,2,0,0.16041655318984915,0.04899419033186133
4358,0.07052698651704865,0.07668564291686246,0.00046868648418452353,0.5884821474190459,1,0,0.2828694488234167,0.04821512416616102
4359,0.09079862365699844,0.07369114772735359,0.00042819791959190247,0.4007741355871277,1,0,0.34657538445062547,0.04824068306513372
4360,0.24644720279986862,0.22154809552670257,0.0006449132323511587,0.7080022858539705,4,0,0.38919574797383183,0.04553827189128571
4361,0.26517273975713596,0.2914278934286226,0.0007372573478641754,0.8483728422211468,4,0,0.443976134054686,0.045642271507522654
4362,0.1357331244892197,0.1549370159586861,0.00048741332219607854,0.5207742917770058,2,0,0.4063697871712562,0.04346252871323084
4363,0.03693485751750783,0.0,0.000265396540297589,0.28195027819279955,1,0,0.24301666152303364,0.04763330373800157
4364,0.20711130727633414,0.1307603197789483,0.0005589872436960022,0.5277002324199903,5,1,0.42130404113389724,0.05038909202967456
4365,0.037936779619357125,0.05254361555492695,0.0005356682853252127,0.39258897837367673,1,0,0.401902379069164,0.05501496413023376
4366,0.13148582233473535,0.07251946361927827,0.000570366413963732,0.6215203044363076,2,0,0.360520378835403,0.05485086575217105
4367,0.004971900861198237,0.036388327002048484,0.0003410122129785052,0.37636242905539424,2,0,0.2745916174805968,0.04566212975407018
4368,0.20433376619403298,0.19741658795153935,0.000688862543304305,0.8002589036616476,4,0,0.4322602460356766,0.047842291470586176
4369,0.10101621130836683,0.10892305848703843,0.0006410178898381979,0.7327401787586046,3,0,0.4560439269137564,0.051900502649976255
4370,0.010315228565434006,0.03513462940541328,0.00039297399201194006,0.3136309401185169,2,0,0.3096560284772933,0.048616446247321886
4371,0.2567519434043965,0.21602164978538418,0.0006740831237997857,0.44080749834476307,4,1,0.38489273174852956,0.048128546298931374
4372,0.03754054893984585,0.06760071730149331,0.0005127029545330423,0.5856022630687208,3,0,0.3633115287638169,0.053286818047870124
4373,0.22359109876284722,0.20927085012995128,0.0007293213903122615,0.7827424001980164,5,1,0.303024108816665,0.048139597588940194
4374,0.2656321205437932,0.2810769543304763,0.000937166278751456,0.8066968630590046,6,1,0.44481906961830536,0.0486040566495625
4375,0.14628411103307276,0.20172381323828845,0.0008675915971631246,0.5917372188436766,4,0,0.3373452800964938,0.05303645693724475
4376,0.2788452311021582,0.31164244683288617,0.0011624568546134931,0.5749702648776779,6,0,0.421416044610848,0.05151509083954614
4377,0.15944726543756035,0.20476267551803148,0.0006914876356828595,0.8166020882718047,3,0,0.33040552717436444,0.04888586887014242
4378,0.1585577689244879,0.12009959921099939,0.0004549523208285427,0.4947740345237469,2,0,0.2719126211122789,0.04507728777083692
4379,0.035304209915309165,0.0828075398339127,0.0005078589902341292,0.5327898676480358,1,0,0.1978153497496091,0.0497667087868671
4380,0.2591358515204926,0.19714592018526989,0.0008427375427292117,0.8252835707232656,5,0,0.4489057193985621,0.05592670594251201
4381,0.3064619398450728,0.3455790369409629,0.00126147543113688,0.8649314479118609,6,2,0.5520198522462666,0.05278480119682347
4382,0.19845956117341337,0.1777940766969296,0.000693012994579034,0.7310531703105476,4,0,0.46742813968589497,0.05166348711422917
4383,0.09670462864024051,0.12886324143506014,0.0005874254503019392,0.3968926472236673,1,0,0.3555331918934788,0.04968636913928895
4384,0.308760285912246,0.1786596654591032,0.0006256695721457759,0.5090388731756227,3,0,0.5030936081251964,0.05174361795320622
4385,0.11995681953830159,0.058196282584115126,0.0003661370767706844,0.14124488876659458,2,0,0.26656901914478814,0.04559750211291189
4386,0.14704764559513592,0.198286902022598,0.0008279195124699459,0.6076600624784413,2,0,0.25202103587663827,0.05116971107360875
4387,0.13253878017486231,0.1336339600989757,0.0005881368418269678,0.5891651051705317,2,0,0.21129787462226657,0.048672584498158616
4388,0.12947728783248597,0.10186250472699433,0.0004617978751365732,0.5788198795563404,3,1,0.368793985563394,0.0483941954421043
4389,0.09423021981755857,0.10155389370954382,0.0005084284377097664,0.6439965351812114,2,0,0.40159406684527604,0.050183187812675625
4390,0.0434797150323223,0.06567191566107228,0.0005297756634279368,0.30660215697353266,2,0,0.22302353558164137,0.05119849530829707
4391,0.07200263036286887,0.06686379356788566,0.00041461105738858103,0.41980791211559304,0,0,0.2870531512682281,0.0472820000890197
4392,0.2698215137531993,0.28498640761943905,0.0008313297787850336,0.7499822373314792,5,0,0.38413051735276876,0.04949632523156478
4393,0.09225849603032082,0.14635718946951382,0.0006424616731894074,0.7616051646196171,2,1,0.3701579306674285,0.050695427052652266
4394,0.11531397345129553,0.1147144877303381,0.0005120662260350154,0.4953524194776897,4,0,0.2679669886762401,0.048074182323021845
4395,0.26405943182094394,0.26194021089234054,0.000869889353943258,0.6885076860082632,4,0,0.4383168832839362,0.04983277532687037
4396,0.18641195922119078,0.17591255847144713,0.0005652015277705028,0.692040625181963,6,0,0.328462247773232,0.046323855102289244
4397,0.06100692099483833,0.02060568902060108,0.0003271467528349994,0.2830277334558115,1,0,0.30068046668011195,0.04755446226367626
4398,0.134807734052085,0.11591921480254914,0.0005262134572752962,0.48832324912617,1,0,0.3900616262817325,0.050691187132161315
4399,0.060373259745397166,0.06867874415522768,0.0004946859277330853,0.45061325328110213,3,0,0.3328195111024521,0.049864045986727466
4400,0.021437540182953543,0.009985279334220377,0.0003394661151022542,-0.18352730395397038,0,0,0.17224883632768656,0.05019389490479413
4401,0.21704013533029323,0.23663168283610894,0.0008546124623705195,0.7166804760740614,2,0,0.41775022551490204,0.051316449203455676
4402,0.06736098088343705,0.0926156673701385,0.0005786318421829771,0.5451675142595048,2,0,0.3815426105119587,0.05247304750454015
4403,0.18681408942394592,0.17931206001867994,0.0005525609665691949,0.5209881059909851,2,0,0.3255034284436093,0.044297117138539725
4404,0.23942995992926216,0.2580181938686662,0.0009785072660292648,0.7727812455994506,6,0,0.453775854457285,0.05236261470986635
4405,0.1945555137626203,0.22248296908431056,0.0007963582595135432,0.6360411785095819,4,0,0.4423577235020197,0.04975856844524395
4406,0.11016767479555424,0.08277244659690526,0.00044960133813142915,0.5572615438839685,2,0,0.2530307867174993,0.04693892838570945
4407,0.06828135534284975,0.048082640284662255,0.00040006123340462153,0.34556134998452953,0,0,0.3109117318634317,0.04989722988009354
4408,0.092185365595962,0.10737118722925333,0.000377719224228535,0.6696493131953943,4,0,0.32869222706774714,0.041978746988902256
4409,0.030568310910883058,0.058744391897502,0.00046976508798711594,0.36656381921835446,1,0,0.08948294826337537,0.05125483982929595
4410,0.2171491613112166,0.19588499859778566,0.0006622273821693408,0.6566316628614771,2,0,0.39574972927889634,0.0471242761026876
4411,0.1966582993632443,0.13272528321044422,0.0004659977729226,0.729829263503901,4,0,0.4257021429073837,0.04658144226881813
4412,0.13206206332079837,0.17846026807112486,0.0006616055627980422,0.41810646765369347,4,0,0.35564579673029856,0.04866542005695588
4413,0.04553691492998842,0.05176919438235482,0.00034711707450674,0.5187419980650151,3,0,0.32978157335350977,0.043801614160143755
4414,0.11004174899497599,0.1325968873878177,0.0007574911202520597,0.6842324881558867,2,0,0.21624376734360568,0.054457776080727494
4415,0.1521808789899147,0.13169297607971542,0.0005402366346443115,0.6332882907856917,3,1,0.2374529655835201,0.047262067975534755
4416,0.013525188670409388,0.02903073570306604,0.000426149450208195,0.7260873318359553,2,0,0.3303932997624824,0.05091437692508694
4417,0.16814301512431898,0.06513618079689207,0.000376220836345467,0.573341653710341,1,1,0.33302679347652486,0.04703976186967489
4418,0.041818290369455675,0.0335412542093561,0.0003370180487793827,0.2861284545260084,1,0,0.24618175553581584,0.04597787783835377
4419,0.03839813717506914,0.031201565422971898,0.00030576832004607183,-0.25756841651661705,0,0,0.22441865748833462,0.044780769871159844
4420,0.13733038006224296,0.1946332147015218,0.0008154118006434126,0.6405643343711305,3,1,0.44118152900231067,0.05092032486833509
4421,0.05220590328347852,0.09571079493486713,0.0004917900023258826,0.6780883515764397,3,1,0.2789781887144383,0.04988839967575658
4422,0.09651994479581023,0.10408937106211859,0.0005364922260993461,0.49833281047812356,2,0,0.24212978629680823,0.04915271583911369
4423,0.17787203102630236,0.2052203843044893,0.0006837521586068068,0.5572841895262116,3,1,0.2980242375974352,0.047694469336613685
4424,0.28476368712492484,0.2737033967904596,0.0008205400225706672,0.6799554164477668,6,1,0.2852240995939999,0.04867116426320057
4425,0.08089217178670027,0.06792782662313375,0.00044503191633746085,0.35335103816211294,1,0,0.2816129001741617,0.0475873895778555
4426,0.14255100252665465,0.1565558548380954,0.0005890615188294131,0.6660586750364362,2,0,0.3306896809266827,0.04751535599450682
4427,0.14854628109392493,0.18511498872564344,0.0006074409561364156,0.453318133455294,4,1,0.2554328011902017,0.045183136584340006
4428,0.06618605653849724,0.05997917179539322,0.00031670979220278767,0.45233152623285916,2,0,0.2745215376667703,0.04280167950314875
4429,0.1376107554703359,0.06594618153849331,0.00041605385099782483,0.6712465649926779,1,1,0.4127958514917304,0.04921430162072581
4430,0.07445180851677433,0.06210957836079491,0.00039572517411459143,0.32668049333347005,2,0,0.16507436426330838,0.04674664759136155
4431,0.13119102385076634,0.053737282135727434,0.00036001743591054043,0.2266658183747626,1,0,0.3116377268674267,0.048495530576392956
4432,0.02068502334865624,0.0,0.0002650489363806557,0.21828585762841476,0,0,0.2790942709176769,0.04641981440048441
4433,0.11664414423055658,0.0804692132436443,0.00038385456460889337,0.4301084932171383,1,0,0.3185927267755524,0.04537400972255152
4434,0.16537822490366724,0.15119548099678742,0.0008175994807471204,0.6904099036058735,4,0,0.46852671900498793,0.05658743114271617
4435,0.19662677102011442,0.2533099502448391,0.0008679819987939744,0.6697774029956101,6,1,0.39389429270740023,0.05214821412556511
4436,0.03717687380891265,0.03845233403771263,0.00034906196601990194,0.4632990262230481,1,0,0.2596838984201797,0.046075880768747995
4437,0.17203830602933207,0.16405836847671296,0.0007667928977711191,0.7142555702376135,3,0,0.30618398093545507,0.05252586290486193
4438,0.14523826914266866,0.12242807028273262,0.0005942536636721746,0.632521243057873,1,0,0.3954155040210795,0.05111195846489766
4439,0.12933887679880043,0.11879731225770053,0.000584411901163656,0.1418332212080484,1,0,0.27186419186134914,0.05010914825740619
4440,0.0746847097796528,0.02278648315528832,0.00035381191727719197,0.27268442927768966,0,0,0.2645460879400556,0.050950626641048484
4441,0.15551476559454594,0.10901269784516225,0.000492584789798238,0.5149275725387717,3,0,0.3288475845741262,0.047675916054718895
4442,0.09150739482349034,0.04549083755362789,0.0004356965673141928,0.14379142199749748,2,0,0.3431782429806986,0.05186562211276663
4443,0.17942983566668447,0.20477794675346248,0.0007014218452439944,0.8140770629900544,3,0,0.3289847464103685,0.046827492696282356
4444,0.28201761088283034,0.3119576683380119,0.0009455666193266495,0.7375360888706249,4,0,0.5031433583055928,0.04925214057231504
4445,0.13835184520266425,0.14142183475805745,0.0006190523959381897,0.46879107660902475,3,1,0.30591840167224205,0.050039267559391434
4446,0.18042735204130964,0.16816972729655413,0.0005498033194429895,0.7313675888209761,6,0,0.40707115463732885,0.04854757005261748
4447,0.3042494162718584,0.29185970523688193,0.0010607233747023737,0.7025885607110546,6,0,0.4381445270779732,0.05580190110310025
4448,0.04291714743007386,0.046572280755594,0.00042890376451034995,0.5854457791635613,1,1,0.3170671274384252,0.04900521623429017
4449,0.024969790477736613,0.07908994904595706,0.0004611836022278353,0.5310881629861575,0,0,0.2299958948965797,0.04926117856134964
4450,0.2452881341585702,0.2885215510112471,0.0010787476698777213,0.7406193367593893,2,1,0.4265734417657986,0.05196110236524612
4451,0.1910415063241756,0.18053909178143,0.0008131736794731864,0.8361129555007538,4,0,0.4155512661881916,0.052225555444558903
4452,0.11630173309847439,0.12798715710572958,0.0006267590237512787,0.5295457782666875,4,0,0.446027232838182,0.052598469816916286
4453,0.06084123447153054,0.027030756511892313,0.00035455681100179394,0.20417978603335857,2,0,0.38780483071631694,0.04912504403861652
4454,0.255767834572704,0.21941940477202188,0.0007257528151616298,0.6351999929420238,4,0,0.32926920805469706,0.05082956693333181
4455,0.1584200591373219,0.18807766554481697,0.0007771614504026371,0.5364976209794271,4,0,0.29746785223120714,0.050394186917154256
4456,0.15062175972173744,0.1595991297720106,0.0005653501914646877,0.5033948023324146,5,0,0.2010349844491563,0.04715213514691774
4457,0.13317510116650005,0.08044595644502074,0.000440996522138448,0.22301830213739862,2,1,0.3232315827193831,0.048322101952460596
4458,0.14916251150467721,0.18659981052968833,0.0007601412795247356,0.7562274819740636,4,0,0.37845389103568283,0.05171100485671564
4459,0.0,0.03376860262681362,0.0002809910808550302,0.5517489154899954,1,0,0.21128977091418585,0.044493226711880184
4460,0.21543584791328313,0.23277525254647777,0.0008680970006457579,0.7940800654541991,5,0,0.5068561535817361,0.05108704369117726
4461,0.1803018726130216,0.16586400846599691,0.0006291895673182813,0.7405924999853621,4,0,0.49533607178631045,0.048551550111199056
4462,0.10070898971909253,0.09612824620589089,0.0005031988455204104,0.581244077107964,2,0,0.3875488357227424,0.04769244996082527
4463,0.05792830020094635,0.04767776612475939,0.00034895151054786604,0.43878200566801767,2,0,0.24376834287842236,0.04602205271052432
4464,0.23067492408821563,0.1540658025556499,0.0005778187221864877,0.7766766472645967,4,0,0.3761930951929785,0.04828355967827946
4465,0.1872294235566728,0.13278679383500233,0.0005278023004002278,0.6153666858389962,1,0,0.2664988266234615,0.048715909671227305
4466,0.1337670024491342,0.08474934090515752,0.0004845874649390417,0.63711725259834,3,0,0.31549184480060777,0.04937289368786007
4467,0.3366719496431872,0.2351098327910522,0.0008608280844770256,0.8846236975123103,5,0,0.3673101577589708,0.05361942676671354
4468,0.07255748158054323,0.06941137976274864,0.00035788256814045223,0.3628590572566675,3,0,0.10668071236679062,0.04318326972191337
4469,0.1847944087486357,0.18788224949724633,0.00063215376482393,0.77657749344492,4,0,0.4092430774955302,0.04672670907474323
4470,0.038465686021739456,0.0578675259392103,0.00039325262279168803,0.6797729560229299,3,1,0.3914510737130749,0.04675655456510035
4471,0.19451611188129636,0.19765470581890973,0.0008310026184901279,0.8135334878329891,5,0,0.5223944726499904,0.053689519607454717
4472,0.09125601172064035,0.007039316790493858,0.0002915529188988433,0.09028555690817786,2,0,0.22925327256835198,0.047455011648294326
4473,0.18636459992924714,0.22559844735459306,0.0008198826341522797,0.6365017526077418,5,0,0.3598631249561969,0.05127911807791929
4474,0.18180486993598055,0.18883399689761807,0.0006803745620350827,0.5484029511436109,4,1,0.3953737148768767,0.04999866804125982
4475,0.25703248973071346,0.2849618592608343,0.0009197712059889645,0.6666570576568196,6,0,0.47227501205373096,0.04937440708311286
4476,0.04992021821764286,0.05336175096691879,0.0004101397738943091,0.3269992176546795,3,0,0.3644215669936371,0.04826330925744164
4477,0.07160507875575489,0.08966912260528126,0.00044531329504702633,0.4808573069302158,1,0,0.29941825366172625,0.04661981528269965
4478,0.13954518607525565,0.1543399516078193,0.0006268420884999914,0.6624589201479578,3,0,0.38101838096581725,0.04890959590458867
4479,0.1672253557178031,0.1822700562040154,0.0006591980741301567,0.7058840481136951,6,0,0.3743239048990057,0.048256210359962366
4480,0.2893393406030777,0.2571055821157602,0.0008289018413384444,0.6757279220834549,4,1,0.43560362888407805,0.049551246884263864
4481,0.32919310267528307,0.3199654274035134,0.0011241206769692753,0.8100066247883221,4,1,0.41042523693595656,0.05283509453610953
4482,0.1420644155076558,0.055433841098288174,0.0004378740125150857,0.2571998427811489,2,0,0.3474655203756396,0.05108034295165475
4483,0.09798016956336475,0.10391717787282029,0.00043435977155316553,0.37482977999356404,5,0,0.31337577304852643,0.04633191663152993
4484,0.07505837739315098,0.0201025071947757,0.0002982138895921806,0.2684307092537785,0,0,0.2796069583455349,0.046435885460434166
4485,0.2081325608168488,0.2269593548584453,0.0006891139813290754,0.5955716122285495,4,0,0.3458898186164876,0.047075157013380886
4486,0.07376620063852966,0.0,0.0002521956124326958,-0.11880965973083338,0,0,0.34977947727461484,0.04631664992033138
4487,0.08566218922797927,0.04622660173695453,0.00031570048514185586,0.24990914473460438,1,0,0.21509012012862055,0.04567163866898108
4488,0.07962363647897444,0.045313824101143506,0.0003847930912973786,0.24263298109444603,1,0,0.28446646222276356,0.047155031879617004
4489,0.14576070522442197,0.14954971327950992,0.0005169340987807183,0.4422158649436315,3,0,0.350310532004534,0.045299357642924906
4490,0.11334832562889596,0.06071183591122866,0.00036603323028521574,0.35045579783158903,2,0,0.2164282648521801,0.04701612308100128
4491,0.0714522786647924,0.09623277042428988,0.0005650917131365833,0.7168192355719878,5,0,0.26615329809190985,0.0507647478777622
4492,0.1291064367179815,0.1599031936748694,0.0007744806549414615,0.5530531224216989,2,1,0.32307210886470317,0.05417916728063172
4493,0.22376422247858363,0.21844347669232808,0.0010045312675223252,0.588854990232991,5,1,0.39292031314564374,0.05672486099974504
4494,0.1845849875890784,0.1740616879816447,0.0007126001925484604,0.7543299025924329,3,1,0.45063442769297973,0.050997872582319026
4495,0.13012108240315792,0.1589568986799257,0.0005591124885020115,0.3662372099056228,4,0,0.255465822969025,0.04449104436049893
4496,0.27672360870492557,0.1603046349455628,0.0006274233239878849,0.6614315775381211,3,1,0.45126798009248076,0.05095197559884046
4497,0.09997042960718949,0.058411781265943506,0.00044880684111182315,0.4834316381210329,2,0,0.38165760842304025,0.05199889990593407
4498,0.07118879429645845,0.10154421218754384,0.0004219459413691278,0.30099420498177326,4,1,0.3344774618153013,0.044310690269495016
4499,0.03420733700707178,0.049429976531437554,0.00042892088095904633,0.4434073634086,2,0,0.24009162542233206,0.05126372702458427
4500,0.18296553401097912,0.2011463694544536,0.0009050716679748219,0.6991399892573436,4,0,0.4288534760198411,0.05476687335571611
4501,0.09015976561215353,0.10987322640585796,0.0005518488894987982,0.5989996921896128,1,1,0.28390006653780864,0.04953147224650166
4502,0.2681077666388487,0.30252968489320675,0.0009698677539390219,0.6014560167145294,5,1,0.3126141400491775,0.04983592565443874
4503,0.03389160459155447,0.08370981897227614,0.0005090177042235694,0.6222400961796498,1,0,0.34837769716349326,0.04844064633440314
4504,0.17624269286269692,0.13553715052689683,0.0006706835158967224,0.7213333289599555,3,0,0.3974649601662098,0.05230670591607908
4505,0.1340749744666055,0.17044136638934054,0.0007088856286219518,0.7867868080077288,1,0,0.32432914396885265,0.04969632679853756
4506,0.07258408098585013,0.071462686122075,0.00043671522550952176,0.5343264346666086,1,0,0.36786275205806185,0.046512352049766885
4507,0.14514229287561664,0.14005594020888032,0.0006072574213100301,0.4781101483830153,3,1,0.3261397687105969,0.04942694093563202
4508,0.012104102249410916,0.017103225007930083,0.00029439916455848905,0.37698914338944456,0,0,0.29792492513481994,0.04433972621923943
4509,0.306657599544944,0.25663138719904277,0.0008351883473083666,0.45683281736116305,4,1,0.40377686480344543,0.052351682883283616
4510,0.18033351486944602,0.1671793533873904,0.0006870317441268337,0.6570221544063786,3,0,0.4073822724604599,0.05025971945065461
4511,0.06070212357077701,0.07071788374972253,0.0005417713252611125,0.6683931492530232,0,0,0.3035913361407321,0.055068964821218425
4512,0.1292019637469018,0.13411951394192279,0.0006377585226816803,0.8754030101424882,2,0,0.4248394976048776,0.050514374440350326
4513,0.12008829315552146,0.09750901598709903,0.00045083665622172006,0.7283560698227689,1,0,0.3319161575793139,0.04603615646118547
4514,0.29838440818501366,0.2817068302771163,0.0008342489943652616,0.6026184857354533,7,0,0.40021682591245095,0.047904005804833394
4515,0.16064948007495158,0.2137176752230165,0.000920751289109511,0.5783620553762496,4,0,0.3359252400238635,0.05259614459875381
4516,0.2556370971945028,0.168639508128776,0.00048126996250211093,0.4731919183176753,3,1,0.37831683137400235,0.04354681157824265
4517,0.2130767956781414,0.21645043513968615,0.0007587628449487801,0.5819712707422895,5,2,0.37021646133215463,0.048932962270356095
4518,0.13124461754586994,0.19826212280643601,0.0005948941929654181,0.8007530586917134,5,0,0.301457617053832,0.04509689053916719
4519,0.1482356669136105,0.14206498841209178,0.0006110509148489605,0.3714566161877198,2,0,0.3175879944904449,0.05016250090154436
4520,0.1061391126791679,0.09713105236695613,0.00046785807563928973,0.6388706776719135,2,0,0.31906372443428244,0.04790832837398791
4521,0.0,0.0,0.00027909066992097683,-0.1378455457924853,0,0,0.23950138543129249,0.04927336078827393
4522,0.0,0.0,0.00016836819017084276,0.24266468770993876,0,0,0.2836978346808522,0.047991710773386084
4523,0.30135916811166963,0.27503351825326094,0.0008750229487636957,0.6687823451061046,4,0,0.3813327707292036,0.05011528782234557
4524,0.1624273139577656,0.14592132269828895,0.0005286414506746563,0.573927905893964,4,0,0.3384057979105163,0.046006015260490515
4525,0.22987036732876168,0.2431350048367959,0.0008526108783382088,0.5015176114139908,4,1,0.2958798808099917,0.05058044566334546
4526,0.16160259801442442,0.1375797151221685,0.0006082479312941353,0.4960189342422581,2,0,0.32496684027110156,0.05079105848557817
4527,0.17598526924899172,0.1652515716296777,0.0007320316735782946,0.5272480055804114,3,0,0.41554997292635343,0.053476383975420934
4528,0.1399821143429249,0.09051271433886515,0.00047770875557084734,0.4922301779121409,3,0,0.3203784923146584,0.049485580416141386
4529,0.24897873724642555,0.26071787808197144,0.0008282175123260184,0.516860666188422,4,1,0.41840512624748993,0.050838340559691574
4530,0.14165173406963874,0.14621911853817873,0.0005743234371240452,0.4960190530436752,3,0,0.2979451522767232,0.048271582800014944
4531,0.1291406980610789,0.12100450907096108,0.000752690016646745,0.5592925292707045,1,0,0.4928574235640603,0.05620929309043224
4532,0.21410736881970022,0.25357965474672417,0.0007768408486201414,0.726320908705606,3,0,0.4218881882500481,0.0485028974219794
4533,0.11194604854893749,0.09719198740253979,0.0004825978934266513,0.6221328428040921,4,0,0.27569673813659423,0.049716357644925824
4534,0.08659598601781604,0.0668190834275556,0.00041689528570631844,0.4259165985309714,2,0,0.24065473782747482,0.0479553257544027
4535,0.11036813767777229,0.157641633057512,0.0007637857807966965,0.47142588764800525,2,1,0.3956657023962588,0.05388228587350064
4536,0.10475851295126133,0.06271650165235089,0.0004247463245568385,0.2197255008969755,2,0,0.4076775647823724,0.0485775813724694
4537,0.07742108321312403,0.11126720552753767,0.000516964076581841,0.5138340334714946,1,0,0.2847230431672971,0.047715078506701813
4538,0.07974540564842651,0.10490313032965722,0.0004974281186212604,0.4515569584828842,2,0,0.32430380811777054,0.04751059385332778
4539,0.06671419979772321,0.03469758522682592,0.00037677733371407283,0.0996953581493371,2,0,0.3349778589421521,0.04913561467503282
4540,0.0,0.0,0.0003359582273618405,0.7007213628404066,0,0,0.38875443462432047,0.05381031191992476
4541,0.2354025154330633,0.18832223287882321,0.0008355329166143135,0.590913145818052,3,0,0.3591968969158767,0.054488136255861734
4542,0.25945273397991286,0.24024595951031213,0.0008576423875998887,0.5604636982124243,5,2,0.3992657968937171,0.051271456478605065
4543,0.10431522589813642,0.1462425893644971,0.0006291859910770194,0.6863978881974844,0,0,0.46828152178439886,0.050247051892669696
4544,0.2636109587211587,0.2107718722768529,0.0006648081680706868,0.4774082765256638,5,0,0.33546576034573183,0.04796401143969864
4545,0.13950040933702176,0.10852949243951372,0.0004557642164680758,0.5012991160243775,1,0,0.27936811636797604,0.04553908333889154
4546,0.11466565907925656,0.12026788330630596,0.0005234878568831848,0.7441014342387549,4,0,0.2909546817699987,0.04798913557364328
4547,0.0,0.0,0.00021704193265118223,0.26258093914573677,0,0,0.17749843554334055,0.045606653779309815
4548,0.2036471174632485,0.18535304529582186,0.0006891498719872504,0.59809035094134,5,0,0.41498631740337666,0.05064487065221647
4549,0.0369427313567894,0.03051472770785864,0.00034652854862859527,0.4205326432035532,1,0,0.33090742508653287,0.046610023376183335
4550,0.10524315296041013,0.0879593712443917,0.000549910648087516,0.6064744850988589,3,0,0.34417922431378434,0.05071873992959722
4551,0.10581224396855503,0.12498557710463244,0.0007197918313572388,0.5534150615556473,4,1,0.412417526205146,0.05492259526329239
4552,0.11445910505500789,0.13466509004506863,0.0005739804976748486,0.5300402154270432,2,1,0.3192553667056049,0.04915452911181668
4553,0.08295592419502666,0.12853457382464434,0.0006461093869217676,0.4789893291950199,2,0,0.35278427311698346,0.054009962672308454
4554,0.15315184841195653,0.16764888077553372,0.000653160484106411,0.704987050661952,3,0,0.41336329744779693,0.04955819766551578
4555,0.01738000245790105,0.023522125370519946,0.0003203433359706458,0.36731542729958294,0,0,0.295349110468852,0.04573944063277213
4556,0.1941720084750981,0.19121211021801615,0.0007379557470452588,0.9089879361537141,3,0,0.3818131562797069,0.0517662765057556
4557,0.16513116730561436,0.13042961615409107,0.0006687328785479348,0.5770929600698258,2,0,0.32977916882450925,0.05251154883690223
4558,0.06736744045007176,0.08749709509778021,0.00034855243994900693,0.5758491096212225,2,0,0.17546970736536308,0.044282482860797626
4559,0.07794082358799782,0.015162968743017757,0.000338078952444327,0.39308716321706616,0,0,0.3116057465977289,0.04992734512652012
4560,0.15872678120975003,0.195091531965906,0.0008185493939849523,0.717942254353196,4,0,0.4627362106347499,0.051144325952687274
4561,0.07981914963926348,0.11361206731466285,0.0005321868346159916,0.5953924879467726,1,0,0.31896253883317116,0.04927727888139997
4562,0.09525754763062586,0.09566819173062377,0.0003866980987493493,0.3453114398854839,4,0,0.22682085164066731,0.044440209797813726
4563,0.0,0.022211834945506343,0.0003167885028872261,0.4681912863695044,0,0,0.3496006891499118,0.0473436330255115
4564,0.08207065711480353,0.11560651633256787,0.0005745111996824447,0.5098683475347066,1,0,0.4017174771025199,0.049271434403458804
4565,0.10556601582602587,0.15132018739585149,0.0005718972214682808,0.5856261437730989,3,1,0.31983945850797246,0.04781400475319342
4566,0.16529334558086306,0.12097961217709773,0.0004896919200579684,0.6650262174490993,2,0,0.36337946346805783,0.04824944015839768
4567,0.0901825995998449,0.09653342450726761,0.00046594548467455803,0.7261460415216361,3,0,0.34036447040574913,0.04741509600636151
4568,0.14444686077117752,0.12189582045497017,0.0006011433148700875,0.8165407363072732,2,0,0.45095731804672734,0.05164517843343064
4569,0.0816114881735131,0.09378443746734702,0.0005133339196366629,0.287615210167437,0,0,0.30036632114028733,0.05073637704039189
4570,0.14515498881333472,0.1826773598559637,0.0008760953557110384,0.7841667164544074,3,0,0.40644829267020666,0.0561546324398002
4571,0.0,0.0,0.00021289824120851352,-0.12318366548618437,2,0,0.21645412506169665,0.04376310406469452
4572,0.14838221841682117,0.15871872047004087,0.0007403169003395081,0.6343089334890263,3,0,0.3851393728363597,0.053343829897921954
4573,0.38870633116787384,0.3588713583606075,0.0011913752752361238,0.8358661887905923,5,2,0.5315278679606885,0.0530722094258706
4574,0.11872736859995509,0.12363679447198135,0.0007025718338086279,0.6896751779238459,2,1,0.4606952592055155,0.053730253165765504
4575,0.10293310187229864,0.1045172418291162,0.00044534077106043335,0.5269495606193104,0,0,0.3608234996045191,0.04521633941272461
4576,0.14042027154876904,0.16763432903545405,0.0008091598144175542,0.34883924495978635,6,0,0.3400723474362492,0.05271112076262863
4577,0.06495947684602311,0.07116310663434831,0.00040282901412439556,0.26444035457036064,2,0,0.17984802798218044,0.04606025446186561
4578,0.03403716539723232,0.12068493208819835,0.00042458864035673394,0.6155000045704578,3,0,0.17563726864626344,0.04515392561317253
4579,0.3759802780359217,0.38188025912407547,0.001261217245708101,0.8083660863330792,5,1,0.4495754340278087,0.05402941991624198
4580,0.15704723176619886,0.1809509604598639,0.0006903789983685484,0.6820069054426201,5,0,0.38612068312305065,0.04962933949393951
4581,0.1136042406362297,0.08820855849099607,0.00043614786793285196,0.4694395476405592,3,0,0.3056602895636711,0.04695609713635118
4582,0.08790181929884829,0.1250922492454525,0.0007886473893449918,0.13136758416133534,4,0,0.3308752627453471,0.05597696185312089
4583,0.13351865448972144,0.137973600191228,0.0006763366386208723,0.4653682875298301,4,0,0.47635838301297745,0.05283153641360866
4584,0.2000124175926519,0.1925336311969756,0.0007283416190330285,0.378200242251117,4,0,0.3171087258060557,0.05013931992769589
4585,0.25193391452208236,0.1361705039794381,0.0005233053209165272,0.2253153727805211,1,0,0.3962284831966861,0.04842304224314759
4586,0.19523128776487353,0.1559836578709418,0.0006160001874173795,0.6782899861279165,2,0,0.4118223066209654,0.051142688845380896
4587,0.11017952398976197,0.1272928870985431,0.0005443777024212587,0.4489232214476984,2,0,0.22111435121076745,0.04891318216143845
4588,0.08974539065102814,0.11639821837238779,0.000585405687110218,0.5527763541375639,3,0,0.3189806857624378,0.04882533225495424
4589,0.15711199968669237,0.16802644329487124,0.000737828668021819,0.8792706979923198,3,1,0.3837109326183822,0.05314605246010242
4590,0.14003020527762372,0.092433699551662,0.00044753087727442337,0.6344749160302596,2,0,0.3958141677059334,0.04730592010320822
4591,0.10112062704431685,0.12070945413562331,0.0006495344549376736,0.4066243825281592,1,1,0.3066779798096624,0.051884552317323814
4592,0.013867098116840183,0.0,0.00030880234597950633,-0.03949023467585076,2,0,0.21833511326192992,0.04929343080152395
4593,0.07731135294162178,0.08951789050221175,0.0004465758297805164,0.28266714782814706,2,0,0.23627605653649142,0.04657529215012221
4594,0.24042407860499318,0.27163173678640984,0.001031644175650531,0.8418139529535238,3,2,0.4677241327392315,0.05385672520865729
4595,0.1690805690585973,0.14789536608278472,0.0005830351380440474,0.3496902447308015,3,0,0.2991259967838897,0.048828135368990354
4596,0.1624414797601181,0.1303861887029739,0.0005482425260684528,0.5037803514467325,3,0,0.3059397219835063,0.04954403111585202
4597,0.25624853516832097,0.2440108414387482,0.0010578174652409122,0.7784700812511309,4,0,0.3966777424475909,0.057045607643269096
4598,0.10509227115109276,0.10567772798450224,0.0005033715449754896,0.7762966953015797,3,0,0.3280895863689037,0.047553980879128474
4599,0.2571540787372358,0.1609469620788666,0.000618699318062656,0.6754909278056975,3,1,0.37315705083325296,0.05139839374535775
4600,0.13328517384900102,0.12308914290210778,0.000525862575984604,0.4712009286442668,3,0,0.3306734692248479,0.04826076483686463
4601,0.09554313879778858,0.12963313093126552,0.0005554093392661413,0.5938261084039093,2,0,0.32023060905198925,0.04845761401401611
4602,0.1301399895673424,0.2009884491558943,0.0008216946196858585,0.7435307064075013,4,0,0.43712751978809106,0.05165024093462414
4603,0.12879656311038865,0.08114501896638569,0.00044827997674609855,0.6419240279929835,1,0,0.3347144734216636,0.049368446404210176
4604,0.17917060253706157,0.17555467268276756,0.0005175105137261639,0.7372858962676775,3,0,0.20309470380685865,0.044193682638618476
4605,0.2491473714645156,0.2774165380578412,0.0010345448026708969,0.7661347165068495,4,2,0.4651147411967185,0.053242471770487236
4606,0.01347538028593733,0.0,0.0002810573786420979,-0.20072310830226603,0,0,0.19900502710553106,0.05214556515922109
4607,0.02324322255702689,0.002465841307297949,0.00023027784417083074,-0.012547866391811987,2,0,0.17208012326410133,0.04254977778758297
4608,0.16025607047345808,0.19692611505854615,0.0007368789802228042,0.7398440999812399,3,0,0.38388586986942214,0.050123355429107244
4609,0.01615887449654378,0.04576983261907105,0.0002999899695568838,0.4464091736902002,1,0,0.2620936669851929,0.04169724603249735
4610,0.3278855044430484,0.305019719498869,0.0009967992674178479,0.7072782630861827,6,1,0.510375432944632,0.05172411981264266
4611,0.2627566512042727,0.2988562317391345,0.001175445961823354,0.7218283668749458,5,1,0.5269527565565202,0.05494646195723819
4612,0.16307957683980148,0.10505019648128931,0.0005202242007462635,0.8112842230082504,2,0,0.3792545973957511,0.05156265454840354
4613,0.05213459678816665,0.01188486345014521,0.00031640139527314663,0.5558292995955744,2,0,0.25237523841156145,0.04753392216657007
4614,0.19147528127231947,0.22657129868800538,0.0008367147755397979,0.5732045064710487,5,0,0.2972069626498261,0.05093378660658744
4615,0.15671608518799052,0.17239989438106518,0.000717758111695326,0.7702814735965211,5,0,0.3616488702752183,0.050563856117248694
4616,0.07885835122766585,0.07089517665776456,0.0004995634683559231,0.5052529752317702,1,0,0.2623407665528672,0.05115579841755426
4617,0.09588039530436851,0.12395148567252065,0.0005759541347281242,0.6049749516284822,3,0,0.3813908051427721,0.04974866597795764
4618,0.04546335302141697,0.07287557554602353,0.0005681012532246475,0.4988668182011133,2,0,0.45232990307691917,0.05454481020396175
4619,0.12141209735271644,0.11792053780597528,0.0005521274724639546,0.5482671836206069,2,0,0.3304604110850283,0.049886781195954764
4620,0.14102840681822432,0.16284065518207524,0.0008559439743335457,0.7593464297457646,4,0,0.4276000149351292,0.05431686866208892
4621,0.11229987235955846,0.07551662979067363,0.0003829425387950178,0.2821810764331898,1,0,0.17467467872203313,0.04540560533393573
4622,0.16686416745916027,0.18589625701771695,0.0006245070782321933,0.3183174891211093,2,0,0.38472566478716347,0.04750466509193917
4623,0.15965792075700513,0.12709671550429835,0.0006182725667054742,0.5430318463307884,3,0,0.3858473962820675,0.05029261170861651
4624,0.1568933377979248,0.1437406589540035,0.000510422070431139,0.4542415212855659,2,2,0.25129317242283794,0.04472429655933368
4625,0.0,0.007460658545910334,0.00030382924395193063,0.638084016911843,0,0,0.28502419250697336,0.048270429559499804
4626,0.14174170535340935,0.10811607910603276,0.00039547405893348997,0.3992534896675142,1,0,0.21410957497672858,0.045167110036841825
4627,0.19159528153899166,0.2571220830867207,0.0008539768760124866,0.7178023576668817,4,1,0.35298453952560754,0.05130882065764351
4628,0.23357097053083506,0.23605047388803924,0.0010588365580276003,0.5977438647021263,4,0,0.47978150546371373,0.05775478798387333
4629,0.15360779878612676,0.12620523419668297,0.0006114898338443148,0.7357689869422251,3,0,0.4227370656701733,0.05435225998288725
4630,0.23224852300922275,0.2633642464214649,0.0009446915063597414,0.9107151835632326,4,1,0.46695823487519433,0.05055703853590774
4631,0.16213139081206093,0.09579909252165295,0.00046648473534094664,0.2871103699222221,1,0,0.2795692773473976,0.05206672310457953
4632,0.1375654906999667,0.10933373273375567,0.0006123450647135632,0.3283946034358335,2,0,0.343886047567178,0.05214106454235025
4633,0.18782931799190658,0.1382582631065902,0.0007057778577674273,0.5722255711329874,3,0,0.36261383827400845,0.054721558664406166
4634,0.03069607520565497,0.018088195641073036,0.00036372810736548647,0.6823298931956986,1,1,0.2943930973763144,0.049886600345817274
4635,0.11123295811955039,0.17402849549254956,0.0005532247044210416,0.5332353529209237,4,0,0.3208095938480667,0.04632389963012695
4636,0.28094804900739107,0.30398780493034827,0.0008525366526921047,0.7503253001602991,7,0,0.4318125841078945,0.047849786937285005
4637,0.10665743304751785,0.10983821088414411,0.0005768973686928477,0.2567050313681154,2,0,0.43112719078569683,0.05003124608349877
4638,0.1533542470158092,0.18063088135162253,0.000747950714426799,0.4987799649026989,5,1,0.4096915157787434,0.05011353158917154
4639,0.06516794522400594,0.0,0.0002709267016733021,-0.16823944092595777,1,0,0.17910399420812853,0.048374360027211794
4640,0.2026138993202806,0.2019452907134768,0.0007577521698633846,0.7153574555016369,3,0,0.36718571896544955,0.04897861685593759
4641,0.2157453474507415,0.10477363721371438,0.0005144251512199017,0.7142521193005661,3,0,0.3714372221234367,0.051463596124203155
4642,0.0,0.0,0.0002062916330069342,0.03174803733482623,0,0,0.21311230806966308,0.04532138982077932
4643,0.07431468234235489,0.09743506693717521,0.00044216542650757135,0.6108620184700112,2,0,0.34626751116511056,0.04569365974238101
4644,0.1807739828541782,0.2294651864167096,0.0008895069577599688,0.6622793689102976,4,1,0.4097102236089581,0.051376840958850006
4645,0.2680538288094274,0.2422770284005695,0.0008995970978241663,0.7796713708877328,4,1,0.3717631647163743,0.0518735266731679
4646,0.09692749661398456,0.008828773042862802,0.00032910730347554323,0.4777494190588875,1,0,0.17753099618223017,0.050912752127244505
4647,0.0,0.020562842026391907,0.00045871952779045697,0.4724666427086824,1,0,0.3741635313261254,0.05410564741458975
4648,0.15915767733776223,0.1331666464678645,0.0005574962377307276,0.5641296165194202,2,0,0.38505662104946353,0.04884710269689867
4649,0.2456912350319132,0.27164532121734813,0.0007932967078522393,0.7458880027094078,4,1,0.45482445910646196,0.044869148773602464
4650,0.26574459546002605,0.2369270224960433,0.0007809659647805706,0.6477059036156692,4,1,0.3014840005037637,0.05101548932346272
4651,0.15879639474946078,0.11889623713074865,0.0004849520003580927,0.5602265618874259,4,0,0.42057615434757173,0.04694056184157391
4652,0.07381320716184545,0.08597601411915726,0.0005438593114235411,0.6126371012185008,1,0,0.4187592221296573,0.05074856188754279
4653,0.09988813075988116,0.13156505041113054,0.0006588432101478605,0.6322991528931251,3,0,0.45460385158930494,0.05091616267640804
4654,0.07756052738123341,0.1238933778609768,0.0006072722393177492,0.5535115564272389,2,1,0.47299734390981424,0.05061292303860159
4655,0.08267797140485028,0.11452888337149693,0.0005816023243732551,0.4535421587463781,2,0,0.2856370732840831,0.05021688935604295
4656,0.26916101170955353,0.20775386627121953,0.0007561465800558271,0.6163039619607072,5,2,0.4089934165003569,0.05181368331211301
4657,0.10530655277301967,0.1514731993220788,0.0006966222610706841,0.7107877517713852,4,0,0.25994669822044797,0.05033596752407169
4658,0.0,0.0,0.00031451784507676426,0.4491305018801746,1,0,0.40688591165770266,0.04862053546480658
4659,0.046801471241987254,0.0624141343572387,0.0003904303724732049,0.3209381858929749,2,1,0.17874856262787645,0.046021062338784904
4660,0.20906258359798469,0.11005853246040895,0.0004168464006739914,0.32419718448658885,3,0,0.4419840991156592,0.04446176181236069
4661,0.10643111041782252,0.0891792761494189,0.000494835476359034,0.49635529523090866,2,0,0.315995389046707,0.0493586889873529
4662,0.14176549347908685,0.0857429712409527,0.00048249333417894327,0.4427102440092861,2,0,0.1961833734384828,0.05092121169803698
4663,0.22527936631905515,0.25023016183716423,0.000807034580005012,0.7475369370158249,2,1,0.34812857383487794,0.04739608428089464
4664,0.09255358211599517,0.07658492182792363,0.00033738889388825925,0.45540631653577346,2,1,0.11491471777052283,0.04201259057778801
4665,0.1347969460045891,0.12428308826153846,0.0005626554385005603,0.7698930489845734,2,0,0.31486726509438506,0.048306425643555355
4666,0.0647448183610496,0.11878729709613213,0.0005780625821645805,0.7171679028363608,3,0,0.4039834053153679,0.05247226030552259
4667,0.1420402089068286,0.14734879760665878,0.0006035854278361088,0.5510846248236071,2,0,0.3437482195011943,0.050855011318464705
4668,0.041812712213841766,0.008701513876295336,0.00032585309099991905,-0.2579391734250692,2,0,0.07575725338354163,0.049278202739150165
4669,0.09646009910803587,0.13574741061373555,0.000570031639510358,0.6576180388649149,3,0,0.3402117135083195,0.048434090296392354
4670,0.12230865294432196,0.17876899516435155,0.0006360666465196478,0.6624977292907481,4,0,0.44341776947228234,0.049458002713039455
4671,0.17117806563108026,0.19966949201983034,0.0006782598794596124,0.5727150729932561,3,0,0.4705930848942688,0.04728720276808371
4672,0.20401880548960907,0.2320609825551982,0.0008257972941376881,0.7131638233050008,7,0,0.4357716221590754,0.05055353324720123
4673,0.08227604218034353,0.10833498640443186,0.0005264389240340622,0.4603423226550933,1,0,0.24697528014504108,0.04794247853040513
4674,0.1309550364790205,0.17376822729815186,0.0006633854800557609,0.7027067837198123,4,0,0.47606290553477865,0.0480635466377215
4675,0.0993108442192768,0.14430351695248217,0.0006457742201724139,0.5917854230620458,3,2,0.38053335263063026,0.048902524199945584
4676,0.13010922750689952,0.10859574969200222,0.00041762202032815955,0.696209022721993,1,0,0.31962769295185117,0.043075852781343994
4677,0.162837346624869,0.15456105748292412,0.0006470700481060618,0.4573148307180898,3,1,0.3303171138019727,0.0496794053133434
4678,0.054514108104486134,0.0791003091584624,0.00043009478503497713,0.7337207538982347,2,0,0.2542517963594095,0.04613997189606285
4679,0.07005030802299547,0.01703704627898929,0.0002867014438509682,0.6153751184161352,0,0,0.392704651270118,0.046031026836932935
4680,0.2106908772877122,0.22007668502597494,0.0008906177622523611,0.7407132914643414,6,1,0.4863356925633136,0.05202334419903059
4681,0.17398024119268804,0.1946748375619564,0.0008463437974938562,0.7290859343652201,6,0,0.4100939991996647,0.05118783473411272
4682,0.2282295670426698,0.2721088727235941,0.0009046615200632635,0.8672262089903183,5,0,0.4882222748397639,0.0485100656484523
4683,0.23877523398592745,0.27990604225968474,0.0009665250214578604,0.6891640044782313,4,2,0.33683013901333864,0.052887548403824605
4684,0.30538133662752387,0.3139741292269704,0.001160458768572727,0.7548312579075074,4,2,0.40652890423709864,0.05398496923123215
4685,0.0871450014047488,0.14053202589842292,0.0006227247630926483,0.5817547262583294,2,0,0.3972799200480965,0.04949561335811709
4686,0.20515057724814273,0.1578572265981639,0.000469100516944989,0.6047229532155364,2,0,0.3901643753803101,0.045517445548621686
4687,0.26403104178946657,0.28059802790744715,0.0009856106133641113,0.7762370476147121,3,1,0.4461815252061102,0.051050323334811604
4688,0.17759386425005175,0.2021144750564684,0.000931031595746633,0.49731017455498,4,0,0.49780265121271666,0.05473099881857045
4689,0.12764456290624976,0.15166876212735825,0.0006832338760327908,0.7952876515413225,3,0,0.3975308984464363,0.05143840935501838
4690,0.22522036427908929,0.23319201058388092,0.0006885185018149251,0.7470232828017292,4,1,0.5094649121611761,0.048135686619009334
4691,0.020304566982817063,0.0,0.00025832352051773235,0.28453226911431667,0,0,0.29563879227216683,0.04446807869085903
4692,0.10294900567492186,0.1183083010246575,0.0005272253387302732,0.26741109146522263,2,1,0.1906489686379983,0.04707903894411627
4693,0.12225382157291129,0.11075037173725948,0.00041687102690168945,0.1898395269130673,1,0,0.3019778091835363,0.04575842190060419
4694,0.12186729928981155,0.10896159744914509,0.0003748366719392652,0.36363362738254784,4,0,0.2533399512227322,0.043555933050642176
4695,0.20832684303234011,0.22581554197700116,0.0008977687604660736,0.7460759535178886,4,1,0.5646676863334195,0.052718782019025516
4696,0.06883119749348846,0.1073480135905002,0.0004378841220976673,0.4762475107539103,4,0,0.41031802161933234,0.04400487473690879
4697,0.10858587342400168,0.10487077078314389,0.0004679845979926296,0.7018944213386615,2,0,0.3424522906119169,0.04687639014103514
4698,0.03928669240611942,0.0,0.00021553870196585275,0.22102081789223393,0,0,0.29430648215635635,0.047240749075734126
4699,0.11663141302048353,0.0974462496274353,0.0005445124452023758,0.7073254125696878,1,0,0.3517597658187779,0.05039789669492868
4700,0.02709584245033714,0.0003828296865440311,0.0003216956012377595,0.3177757520550377,1,0,0.2982887199411483,0.04959387270650689
4701,0.14460238594349004,0.11073359899370681,0.0005107536850927875,0.6205600161808058,2,0,0.32898316152660273,0.04875488910786546
4702,0.15942828512723917,0.1778198651754636,0.0006053768531080391,0.7141521666379543,1,0,0.294468169472039,0.04589874076572318
4703,0.07475870604238592,0.07493733719520501,0.0004970329222565982,0.5038068909578766,3,0,0.3481977626890156,0.05203684237668506
4704,0.052988366802346504,0.04163774345028471,0.0004221618420828327,0.4197739987731516,3,0,0.27867195617122864,0.05262198806685355
4705,0.155002404187099,0.16938593820114684,0.0005893538781869688,0.6886539669696768,2,0,0.3645370915326514,0.04737277828938791
4706,0.08328078370259322,0.07034458421644128,0.00047064411451835784,0.5687453557146116,2,0,0.27480730233523726,0.052542231200594786
4707,0.05321985079362249,0.03750514502333633,0.0003572751462964976,0.3494815958673641,3,0,0.332600818229228,0.04770226425077455
4708,0.10921002467306692,0.09731821562100315,0.0004226726015403755,0.4774220501393674,1,0,0.31536360386631,0.04509434134611626
4709,0.1555939913853775,0.18863940126813378,0.0007274697865411812,0.6570028018811769,2,0,0.3494951463392222,0.05071155889170564
4710,0.026735630909725812,0.06036366378760565,0.00044029297241702196,0.3174958770471652,2,0,0.1594273677371726,0.04770631525439848
4711,0.06641194300200019,0.08066377306826436,0.0004325379661166013,0.25370792124144964,0,0,0.1556107117129515,0.04711772230338586
4712,0.16329820566457262,0.17357208157768997,0.0005786260317156985,0.6822041127403129,3,0,0.2916738717194903,0.04715293510387625
4713,0.2867074496027706,0.3129537118077008,0.0011120924723715567,0.79906168187598,7,0,0.5023614485299184,0.05334966694535934
4714,0.11671680709619267,0.04249070027066579,0.00035834081112715325,0.17360948735364737,0,0,0.20317803239996263,0.04841569920263607
4715,0.15301599461431434,0.10169654614091392,0.000417561427881029,0.5195865173609456,2,0,0.3288189144740568,0.04603732151523936
4716,0.18504666783450377,0.23227067537033924,0.0008939577498719005,0.6115473611394152,3,0,0.38651230024064587,0.050310975765657066
4717,0.031533279287097336,0.03541243818777647,0.00031592186062188716,0.47123959707825896,1,0,0.22933787909000516,0.04635190516712962
4718,0.1937950115126866,0.1381608726958609,0.000553643080190411,0.554333743320179,3,1,0.39273046685138896,0.047934054876679774
4719,0.15169216407281483,0.07231743905621968,0.0003797877515701288,0.6627110733257988,1,0,0.34161985386440047,0.04955451303201211
4720,0.1642966797268799,0.1651745633151345,0.0008779596073985902,0.6515048623796487,2,1,0.5357157302070135,0.055053704213478286
4721,0.10619788702301484,0.1311841511103371,0.000694581842515229,0.5453081787166594,2,1,0.35973408646806204,0.05376459556192995
4722,0.014114855728280227,0.042821577758551575,0.00041981819463158377,0.438534316857467,1,0,0.2539809043044584,0.04883316442312461
4723,0.18885215463122756,0.24438887990406494,0.0006878785212273676,0.7769685893981104,1,0,0.39634480169489067,0.045719302976405723
4724,0.12801278039616185,0.11444063396030923,0.00044705098734676944,0.5340265049912806,3,1,0.20093283768117293,0.04600554992174949
4725,0.0,0.0014644777007989205,0.00031950733489588025,0.29056558775371455,1,0,0.24571506453448994,0.048040122506165434
4726,0.20686030372040465,0.17358661453270705,0.0006235217437105698,0.7655356567365945,2,1,0.32135877568721694,0.047739095473128296
4727,0.0,0.0,0.0002572301025259716,0.25441692232575164,1,0,0.12577734343138636,0.04609950629766787
4728,0.14849571679331114,0.10118383180475292,0.0005773144224286415,0.6548485776541793,2,0,0.3414318062168004,0.054645389169636696
4729,0.1162105819467207,0.10459445452279083,0.0005207826910568605,0.2960914685027258,3,0,0.34807477097119316,0.050556494313168936
4730,0.14992762720231112,0.10878904521579325,0.0004087250986542678,0.5305287552956867,2,0,0.2869785590259091,0.04280430463208964
4731,0.07929365327153604,0.09028294663226978,0.0005500920609702451,0.4331013450031595,2,0,0.332128403463376,0.05115775536449078
4732,0.2081929657299756,0.18725283229530168,0.0007423200365569596,0.4011108225715116,3,0,0.36932713117185595,0.050085988789558306
4733,0.11260229376015407,0.07529240426913561,0.00041840191568583683,0.5099909787719266,1,0,0.2703489213005436,0.04709844106044036
4734,0.29906776954933467,0.3454874404651967,0.0012275300758545495,0.8660412510420303,4,2,0.4868728837856679,0.05409090965223814
4735,0.1533222468174716,0.09656329471673089,0.0004279347050678166,0.7229863648641905,2,0,0.4100031581425615,0.04644036705454742
4736,0.05400676396347663,0.09879764446531338,0.00041382218385553556,0.4517921671551953,2,0,0.2565276397949458,0.04362157200524763
4737,0.18716303465752926,0.16542152445956648,0.000599735247009184,0.5798148106745974,1,0,0.39566438961457057,0.04741010972241922
4738,0.24068646337077199,0.199608977523778,0.0007274227937775534,0.8129177963437283,3,0,0.37186538933645963,0.048879780891891884
4739,0.17657159792494406,0.21382636385900733,0.0007725081217757599,0.5112483652235597,3,1,0.3537344246522999,0.050160183908267444
4740,0.2189039049273885,0.20519476116756558,0.0007991435810380959,0.557712308039783,2,0,0.4371444709526083,0.05163496531591785
4741,0.2641782503035622,0.20493009092188136,0.0006314156868821183,0.6644115648835036,4,0,0.27637228073837977,0.04672785321268063
4742,0.13773976086308645,0.17439761660069322,0.0007791274682772809,0.7299890866054203,3,0,0.403229553603851,0.05257616663292185
4743,0.39215339881870814,0.3591055492122372,0.0014084106665584765,0.7139554842199859,5,0,0.5320493275773864,0.057750319898386276
4744,0.06800095959099156,0.08586619352339078,0.000537016138039003,0.34577510408804674,2,1,0.29386655783709426,0.050967104712390354
4745,0.1279554177791667,0.16101104142259842,0.0005447899715110235,0.6612416712734472,2,0,0.26186367362650675,0.046038431594768545
4746,0.13420022842021226,0.12171053956970725,0.0005591229593284822,0.6035065300361068,2,1,0.3429529603767911,0.05009379206336262
4747,0.1552981009443589,0.18105657443053516,0.0006021806482606711,0.7737987185096035,5,0,0.4725462714176471,0.045942552413112216
4748,0.15176634054410196,0.16219473315323865,0.0005301051542413616,0.6885697178045739,4,0,0.32458677140155195,0.04430992640266184
4749,0.02929171810882415,0.013890069964938365,0.00029087822655246847,0.0181176197565376,1,0,0.2634560750680803,0.04611653032849604
4750,0.15999296680832512,0.16355036264135367,0.0006991693266960192,0.6495653225010564,2,0,0.22228677846910358,0.049771958921819404
4751,0.07464815427098435,0.036214335750655025,0.0003237846087948614,0.47150676218269616,1,0,0.3088107753850673,0.046844491419261725
4752,0.05805153877227597,0.07051124612401123,0.00046628576632008745,0.5247665551440219,1,0,0.19422279784325527,0.04884045694266949
4753,0.08656194903677447,0.06850040462130151,0.00045976350383709907,0.48123121798667085,1,0,0.10159271832679263,0.050188422348620504
4754,0.26174834950592807,0.20376537956156907,0.0005380063897690515,0.6775059851162342,5,1,0.44217054797354227,0.04473429932314523
4755,0.11182994489277655,0.09072310195208212,0.00043200395065901297,0.09949874820498078,2,0,0.2621776894000775,0.04695939259596405
4756,0.04382934221188541,0.041313816410034704,0.00033658539723851056,0.5243806755235839,2,0,0.32332320534933295,0.0449045768340424
4757,0.15099580340999247,0.09982876451371538,0.0004915745889899854,0.6674603437892394,1,0,0.22107795574764413,0.049772156452682265
4758,0.03996666194716013,0.04581331506224492,0.00037606587149179136,0.1991089466739058,2,1,0.07374176825618009,0.048240383967786245
4759,0.040920052255479476,0.04408920615320892,0.00040346129972240253,0.2408610569418853,1,0,0.14999255893699545,0.047598179607707757
4760,0.15294304031873676,0.09653915540323502,0.0006415762483386295,0.38839750255412114,3,0,0.3517962291931403,0.05528214799315854
4761,0.09171594188036665,0.10911877436355567,0.00047568668322534534,0.4301099318189884,1,0,0.2751668083225688,0.04575465359128144
4762,0.04750714373299943,0.07957697223731193,0.0003928304845008355,0.20993999069285874,1,0,0.2223972407722503,0.04474415949948212
4763,0.09349239240962529,0.0776980195522228,0.0004641643204455662,0.6845141113977301,3,0,0.3835454222887978,0.049688671502707955
4764,0.1974137159792296,0.22834187219890303,0.000882294374664301,0.7425274530482766,3,0,0.354150422836294,0.051888931479908
4765,0.2823520710299368,0.25783954100016804,0.0006772876777933092,0.6882316753735299,6,0,0.3258668013872731,0.04684384315225858
4766,0.19612816339565453,0.11307594846772528,0.00047711589850390573,0.8124606612798932,2,1,0.35358211557242214,0.0498948392127536
4767,0.25578652095668536,0.22978976520621117,0.0007619370730308227,0.5248293956289749,2,0,0.38883276369898245,0.049087100815264455
4768,0.03086507903646685,0.03553646740895986,0.00039662262337853506,-0.015997545898027325,0,0,0.2271409622091281,0.05134838144505842
4769,0.0317765841629754,0.0,0.0002973099223868797,0.6107728488156392,1,0,0.27380743177348355,0.049965416919326364
4770,0.23001012789613906,0.18695448809187573,0.0006925422028710843,0.7152414459355384,3,0,0.3390506392168167,0.049096423206042246
4771,0.08909405909908842,0.08131094056360316,0.0005680291365142365,0.3932569864789172,3,0,0.353992545109549,0.05414674750299297
4772,0.09588494830235643,0.09952985422915248,0.0006516215434794171,0.13348519082142069,2,0,0.21825441474607582,0.05502319491210858
4773,0.09437926441693596,0.07576428538402001,0.0004984667653427664,0.5093920826360321,2,0,0.3474483615719956,0.052843610402185326
4774,0.10045762532425667,0.11288463615507006,0.0005936490355013243,0.5593982604905903,4,0,0.32217342495352785,0.051460990926931356
4775,0.14642613208938676,0.1890927898184138,0.0007675283433735971,0.7865083746952471,4,0,0.35071305655483453,0.050503416439783656
4776,0.10902011490049736,0.13878492115835372,0.0006905487481380668,0.461639364758141,3,0,0.41247473618290603,0.05152571752668167
4777,0.08500334543913346,0.10985548676517382,0.0005198842305787119,0.3487685870888967,1,0,0.21475605895309163,0.04627188955984736
4778,0.14100709473765924,0.186162724014506,0.0005759915524792211,0.6499169312763553,2,1,0.42864035806381956,0.04757175519702132
4779,0.1619673818347556,0.12387512464508164,0.0006066590273575435,0.5789091848014747,3,0,0.29926049669839583,0.05179198838243643
4780,0.048024158994397236,0.038879293490899684,0.0003463754617633018,0.1444582729053496,1,0,0.19984119159796762,0.046265392039624785
4781,0.12957437181071807,0.0643759040317157,0.0003785898910322145,0.46953771323716836,1,0,0.28691014832418316,0.046537580761458634
4782,0.2661420722527529,0.27640137196199144,0.0010706268541093077,0.6680501069757142,3,0,0.46043462542274005,0.053860276828522555
4783,0.12566413117800676,0.09822505320875748,0.0005379094927194712,0.6729111903166879,3,0,0.41440628374852023,0.05040540195012221
4784,0.3342277522318937,0.37681993380536716,0.0012795360444155454,0.8295473348626607,6,2,0.47152771920567865,0.053629373916273024
4785,0.22340073472795444,0.22187848564563378,0.0009074550649621545,0.7802551721430047,5,1,0.36216397502351827,0.05233191714582061
4786,0.03494586681111943,0.04191025999487406,0.00039682090671588774,0.45406399897932254,1,0,0.29222043384711566,0.04928560628744548
4787,0.08095451853956538,0.04712450507955422,0.00036536518082023355,0.5933755744337321,1,0,0.3123690678964011,0.04881333599876802
4788,0.1433321907527456,0.1452717860293472,0.0005322446199753707,0.9146521852811643,4,0,0.38859673365224384,0.04699281293782063
4789,0.0,0.0053572829971615075,0.0003217948673136678,0.32366257331770537,0,0,0.3520059281928809,0.05006733916410777
4790,0.0769100225735221,0.06683589252187125,0.00038809718003989576,0.337388466400079,2,0,0.2388884382364145,0.04630509740540487
4791,0.09125469885154243,0.046202479348512515,0.000496437044287101,0.1087483346248722,0,0,0.35191980958154495,0.05468098416157698
4792,0.14630967418382104,0.12802469810293812,0.0004652881999102255,0.45539329702374637,2,0,0.3699928524647542,0.046234559038489054
4793,0.09804505326391896,0.07789768616130409,0.000469484942522245,0.465634603012472,1,0,0.4416106288510248,0.049624424105858336
4794,0.29471901886195045,0.21481811153692,0.0006741202706929813,0.786984849008317,5,1,0.3837014644793787,0.04995365964374225
4795,0.13477429908050792,0.18937910752077708,0.0008650851807482481,0.4553829469557929,3,0,0.3327667720839872,0.054398483307870296
4796,0.10366666806275768,0.09266181865712467,0.00041941411449651145,0.4207198772394042,3,0,0.2633977544177353,0.04545277686758729
4797,0.0,0.0,0.0002100407053850226,0.01172071832586568,0,0,0.20339813631742878,0.04820945564725833
4798,0.2794972527711547,0.258092067180897,0.0009415709305213632,0.6791288199198283,4,1,0.524553104468978,0.05187091661692976
4799,0.09502660461305432,0.06401722342943689,0.0003669546079076589,0.4643238594486436,2,0,0.23144047656399966,0.04730393565334318
4800,0.07268400206068623,0.11134871096007887,0.0005498112469958456,0.5238749904877869,3,0,0.2700291643989387,0.048716999334460144
4801,0.2265051427181489,0.1676129745086203,0.0006314401054953068,0.5849665156328008,2,0,0.3611226013215472,0.04978638987428699
4802,0.28831301097160233,0.28386451000397867,0.0007177186094059991,0.4347920296330393,6,0,0.3685338462408989,0.043793076592760855
4803,0.21407449261292769,0.2303975998784664,0.0008899086609109203,0.825333017623273,2,1,0.4269487695401821,0.05211666243643286
4804,0.14764802018271697,0.1701123162650229,0.0006917476498077391,0.8492895453334238,2,0,0.4263638345312148,0.05030634989309733
4805,0.2476653087120672,0.21966854484748824,0.0007879676334425676,0.5613639573934276,6,0,0.3239710175384825,0.05057230898267457
4806,0.1682600712110179,0.21232860971753076,0.0007801326476363782,0.7193605717508079,3,0,0.35150582714418804,0.051344932883392924
4807,0.1566350163220914,0.1673812610055711,0.0008313633655748068,0.7178470250915343,5,0,0.4350567305975768,0.05592193193330973
4808,0.14620731755651376,0.1329029119329052,0.0006594116660217867,0.7637356340481408,1,0,0.38711659580326574,0.052332892219747004
4809,0.03644920794136381,0.0336764302947043,0.00042405560191869767,0.48140218901424137,0,0,0.3136632816527875,0.051288534152174936
4810,0.07903540513070671,0.09364031211277184,0.0005893060916749418,0.27053390601192256,4,0,0.30470412508977274,0.05180040919862891
4811,0.17243044266193566,0.22760534913791233,0.0009186812398037546,0.8396344215081657,3,1,0.46504013371055974,0.05302773190988185
4812,0.2938894344112228,0.28876628122979386,0.0006213684272575195,0.7430200588051843,6,1,0.5019964421372102,0.04129171783303966
4813,0.07730271813989549,0.09814336543458743,0.000758257281508585,0.5327246781042289,1,0,0.3685200600277065,0.05904503888684451
4814,0.07680191501293518,0.0960652630420591,0.0005716672347559012,0.7171971436001366,1,0,0.4695856629782075,0.052908684155659046
4815,0.1648370531934857,0.15342199344107055,0.0007166271944830004,0.388862087385136,1,0,0.36632502341797085,0.0522932987629102
4816,0.14354067550118563,0.13632499031998746,0.0007187922572948114,0.6045628458864574,2,0,0.407741237572323,0.055407717447365286
4817,0.12243745155160562,0.1430085275851879,0.0005782089374750905,0.617948085632312,3,0,0.3343835581940476,0.048202225085107214
4818,0.180630885250963,0.17065894419377106,0.0006123638549392282,0.3297735678740356,2,0,0.2496260852952879,0.04758607348747884
4819,0.2322848633359064,0.23841974900816804,0.0008925333877352121,0.6078209022170118,5,1,0.44749743646472717,0.052252339043534796
4820,0.05533186624941299,0.0048003331971067245,0.0003321084825216441,0.5230481796427453,2,0,0.3922266578728502,0.05075195125314642
4821,0.14563384482257133,0.14499326160858,0.0006516529597120007,0.38110416863495217,2,0,0.3530694503195836,0.051297211277520315
4822,0.2397921730844889,0.269738710787343,0.0009098361192999132,0.4972557930537839,5,0,0.34971853424155036,0.049549730235075536
4823,0.22592910771228733,0.24708711632582908,0.0010969442408879464,0.857463722403913,7,0,0.5025168739418754,0.05491605816267895
4824,0.23813515722771605,0.24501719613852346,0.0009367566932447439,0.43068046442367913,2,0,0.4105446626529883,0.05240953393328666
4825,0.13236188538960034,0.15158533083667405,0.0005656099316755911,0.6797639013791159,3,0,0.33560632396230405,0.04785755111436845
4826,0.13372356766229823,0.15530430172839843,0.0007638944316257897,0.699581047290958,4,1,0.2505990963454189,0.05481290191924446
4827,0.1157874003636035,0.11042665745214679,0.0005226049342221878,0.20063191557921617,2,1,0.2685504657772695,0.048270779275090867
4828,0.15204080829300962,0.10767810244632324,0.0005943228214613929,0.5117030179763337,1,0,0.42288042688645183,0.05300680638012291
4829,0.0,0.0,0.0002094265041617697,0.059757672158553175,0,0,0.19548297231165773,0.04416712884424917
4830,0.15408139841302357,0.13561162227380083,0.0005436471660560283,0.7060288934090614,1,0,0.37732451152323737,0.047724224023952405
4831,0.02765379459649314,0.011541006977816428,0.0002652038154083392,0.13793704101706064,1,0,0.217693746770734,0.04294645677089424
4832,0.15223145774227356,0.17187492848020616,0.0005874687966385847,0.3091842682155583,4,0,0.22717739082832522,0.04509459007363215
4833,0.10448221497080658,0.12545507735947228,0.0005623123839187225,0.5928220302965749,3,0,0.40527552074589324,0.047634521086698585
4834,0.2569864717150792,0.14483247649641853,0.0005273159317990141,0.7841488959351883,4,1,0.3674947358645325,0.04996067305404573
4835,0.0,0.0,0.0002706018933191706,-0.08975734314802292,1,0,0.20633507024450606,0.047083681847478874
4836,0.18873020853923475,0.13507721807031567,0.0006716751872869535,0.6968144524029336,3,0,0.4390108772719003,0.05425036540018818
4837,0.2019005579738369,0.24076605106220259,0.0008308480988112486,0.7610600891241144,4,0,0.3824174213749421,0.04986492716753605
4838,0.19257848346961592,0.21760778993715885,0.0006658860293954152,0.7134588754986673,4,1,0.35988172550497427,0.04724863786201909
4839,0.16112991973546015,0.10722662536506487,0.0004319652496098645,0.5296700460115034,4,1,0.23212989625011277,0.045764978123520345
4840,0.17183226030862866,0.22189669781280527,0.0010641915510224821,0.6899733579735504,5,0,0.4914060099976685,0.055995046859457304
4841,0.0021526261749016656,0.023780619803717994,0.0003066448049649407,0.353140545361027,2,1,0.3112048685811653,0.04587082459625139
4842,0.053352252327802836,0.01388576596106669,0.0003228320890038545,0.45243895347446034,1,0,0.22376261146357626,0.050703251379477864
4843,0.09720770881853358,0.09588034830117133,0.00048469643813779607,0.6273056422313291,1,0,0.31278345548890746,0.047503267552841406
4844,0.1324398599186985,0.10314086527542365,0.0004408505528910933,0.661609416438496,2,0,0.3805520556055066,0.04556454862267534
4845,0.2431025831032123,0.20492347441853914,0.0006636233993075376,0.5863478837644138,3,1,0.33286219613707757,0.04683801403949232
4846,0.2646856393891148,0.30395958132673423,0.000852110213490681,0.719600470700432,5,2,0.4803249776971155,0.047109025312778476
4847,0.17080877328886201,0.20290615766205697,0.0006865230798507623,0.6419958860950566,5,0,0.3152176364130681,0.04911455677108555
4848,0.07426322657869333,0.0802542649187122,0.00039662062043480903,0.39967930367163856,1,0,0.20582662777502678,0.04719822313647999
4849,0.08250282604601172,0.07366386187965247,0.0004735558060960734,0.5831581560089533,3,0,0.38667578089665755,0.04881361990435783
4850,0.12281609236220496,0.11716339401506277,0.0006561258744567615,0.6744801907174613,1,1,0.4331542539832101,0.052303000943219075
4851,0.12089644989389883,0.1141112695998789,0.0005766860684126008,0.5499001944742202,2,0,0.3449972981384681,0.050471069864209364
4852,0.05918396818681518,0.010276798700681643,0.00031572627697756334,0.30529395507712653,1,0,0.2270003461755989,0.04806984350300716
4853,0.1125228014579114,0.10646349346041233,0.0005175636594088112,0.7018347623262727,2,0,0.335989750293514,0.04813793241097805
4854,0.09836072584385497,0.09209630438738221,0.000548000627699164,0.40865188358147775,1,0,0.3559286166907406,0.05322023230795403
4855,0.14286822612433786,0.18722542742756274,0.0008712943740318837,0.5759141963881884,3,1,0.43973540145506607,0.05321870292336978
4856,0.0942982386761864,0.09943715943884146,0.0005020398173536261,0.38907617202781597,3,1,0.4011034721891071,0.04855077254888558
4857,0.16653343301715795,0.15344472450250804,0.0005587869263732401,0.5830696150486735,5,0,0.285036487171866,0.047277608939631094
4858,0.0,0.0,0.00017778512254389172,-0.007671032435298245,0,0,0.19120073794309095,0.04550950219431111
4859,0.15545486939140035,0.17150790296492996,0.0006183602172513586,0.6412306830696186,2,0,0.36628063698937946,0.04659846948859914
4860,0.09521955082630924,0.1168465212390665,0.000462636595195147,0.3945034922374901,2,0,0.15357755683740396,0.04508424257500286
4861,0.09037652975185752,0.03900976385668203,0.0003469766016642045,0.23165366252140718,1,1,0.266624381434303,0.04695978876866564
4862,0.19026942292954216,0.16412918848921573,0.0005316892660254196,0.5763290404082098,4,2,0.39993110150716066,0.044120151010276304
4863,0.0782915658488868,0.03592620391757162,0.0003603116232575523,0.09208268107517775,1,0,0.3979820900731454,0.04793763165691161
4864,0.11989586018578975,0.1099875263699579,0.0004612331089850112,0.5203561880722507,3,0,0.30873439896796695,0.047624960563112835
4865,0.1668240220143347,0.14178942405722916,0.0006502534755954733,0.7036104676360239,2,0,0.3787544045101139,0.05314399285008235
4866,0.0714723699452524,0.09138661176889264,0.00047302569108972475,0.3587492874026092,3,0,0.4172044862844864,0.04771334874947188
4867,0.05033130361669922,0.06829369844300905,0.000423919960317453,0.5511760778583443,2,0,0.2820858317774795,0.0461123139345048
4868,0.07392457012394807,0.10232279440101857,0.0005106345957154021,0.470336904917774,2,0,0.3760055383815545,0.04962761665539605
4869,0.1026175725469987,0.06833769287479101,0.0003742217337091875,0.5202795538291496,1,0,0.3585933940702391,0.047798088509179666
4870,0.053080144457127054,0.07669935720513009,0.0004848080767281272,0.5902838348603847,2,0,0.4145208161643776,0.04969687786430626
4871,0.08945893403560633,0.1188614909518112,0.00044858318736783404,0.39072318325974503,1,0,0.2527227638793223,0.044196350980486306
4872,0.29477797280375906,0.35199761563238285,0.0008947499781552587,0.6816445879878191,7,0,0.3757095660409265,0.04699137712447923
4873,0.034887741250983234,0.009858755642564731,0.00030628802791113607,0.5345221501483302,1,0,0.2943521567247505,0.04695656610176148
4874,0.0,0.0,0.0002321379763515682,-0.004838253438659623,1,0,0.27758743810544384,0.050870834748393545
4875,0.10745190788341819,0.031246509310711074,0.0003040451892688037,0.48138338938952463,1,0,0.14237746846799357,0.04561606851723053
4876,0.09574395938580256,0.08209251588952263,0.0005383907471941968,0.4198618605325927,1,0,0.3392987887450732,0.0527446166788039
4877,0.18683832493688446,0.14007538825460555,0.00050419851938184,0.7896095598393154,2,0,0.4945284169081866,0.04639521782477798
4878,0.28211691755378965,0.2676586768634557,0.0008186441295641466,0.6562686647307507,4,2,0.3414556518406145,0.04891217418895275
4879,0.06949193086952596,0.09705618153467489,0.0004948052905579467,0.6271542707704715,1,1,0.34409422708954235,0.048652096343275816
4880,0.06116162341531513,0.04283147123495079,0.0003636314502921315,0.4806419815389257,0,0,0.14085916265862275,0.04729065159079751
4881,0.04450849728713011,0.06274302614138977,0.0004239589798533666,0.7365340236652187,2,0,0.2655833817834129,0.048851382553230197
4882,0.08187515341821155,0.09216901626442436,0.0004034457724173801,0.5241186458328152,1,0,0.1985107432523502,0.04520602480136883
4883,0.0372215025414186,0.0006046039997446812,0.00030907219590131223,0.3525517283900848,1,0,0.25510068659273366,0.05118984829860696
4884,0.12524152476575823,0.06380808994652798,0.0003785530605066029,0.5070314513967866,1,0,0.21780800070380735,0.04641963484397584
4885,0.01552193450667357,0.035844936737051816,0.00035133910867824207,0.5248656976402043,2,0,0.18927625077437624,0.04614933377115162
4886,0.1918152884931159,0.23142740253976873,0.000602853550135703,0.5438263743630285,5,0,0.3575870108586788,0.043876737639917736
4887,0.21380408062356177,0.14297405208839495,0.0005207165644636752,0.6485434906647086,2,1,0.32025601835532386,0.046398802872519754
4888,0.091831984451878,0.13233087100498545,0.0006331343251629399,0.7226029384416762,2,1,0.5335229523637376,0.05007980070241765
4889,0.21063790949178351,0.2190472567005641,0.0009171213661409143,0.5638335095293949,4,1,0.4323502958367366,0.052450833304320016
4890,0.17775482602775827,0.15117404817934849,0.0007069951691879631,0.35853859654805054,2,0,0.3773660438916448,0.052045714734802635
4891,0.19808031616689784,0.26897207993628347,0.0008320189056051291,0.8127092413981236,6,0,0.40048453549370505,0.049144847712796605
4892,0.22229762429596986,0.23950754604568084,0.0007936656487940668,0.8161135902866914,3,1,0.46840742004486374,0.049457217440979126
4893,0.05282727703380995,0.07717617796893451,0.0004710124283981321,0.5725343951909269,0,0,0.3050159446128466,0.05030684170952851
4894,0.052060121223513965,0.07726835034255952,0.0005072902354770924,0.4325619984893999,0,0,0.3452778096746904,0.05097674895790722
4895,0.27096258543351487,0.25132454044330677,0.0009390375859391974,0.8055444401966111,4,2,0.3237508948483359,0.053428504501773125
4896,0.19097935139100886,0.2108583640785479,0.0006989110563298666,0.8233577521797524,4,1,0.4214421996336835,0.049044971819281136
4897,0.1795815922200388,0.11112222886210656,0.0004785396016574593,0.49354343374571025,1,0,0.24172844444130695,0.048435518876683493
4898,0.09441751022553461,0.05231826103698948,0.00041019991458094167,0.3685016238885186,1,0,0.2791828844096277,0.0496920234412727
4899,0.2992224011289147,0.2969762174916677,0.001067397541074208,0.6717252855102525,4,0,0.47878001078241234,0.05265228377399655
4900,0.10194677696323759,0.09381887137772893,0.00041921666850027703,0.5165206815542985,2,0,0.4168047226231554,0.04486558027276066
4901,0.07084345005529179,0.09769205353118811,0.00048581581825089636,0.6077904147720814,4,0,0.26763659501909454,0.04757558035309295
4902,0.15751192326212057,0.14352326985587177,0.0005164475222794353,0.4300380839568012,4,0,0.2922762007086101,0.04497322719144221
4903,0.1720283748096011,0.12398105482783904,0.0005645055951436704,0.6153691889959076,3,1,0.4131696272499379,0.05056823670573903
4904,0.11267628107751644,0.0464335089469992,0.00032355117134404046,0.3800556429309712,2,0,0.3367861754873553,0.046016245093892
4905,0.12555619913659938,0.06789201934169581,0.0004196300424881664,0.735854469597143,3,0,0.44641335822668166,0.047283737398829406
4906,0.09254765039145729,0.15520517806726852,0.0005871044186617621,0.7258291771248608,3,0,0.39640618299474034,0.04690072306065421
4907,0.14608064490748762,0.12264745238316813,0.0005276340929180418,0.3643387106298627,4,1,0.2945300476199548,0.04905238992000951
4908,0.22231530123786447,0.14832599598009827,0.00042057869237286,0.5785197845396504,3,0,0.2712142735166193,0.04365060579285329
4909,0.10820803396837482,0.1428011396220685,0.0004632603738784606,0.5387083578466079,3,0,0.17505659337516424,0.04322740327973704
4910,0.10088487028592785,0.15625002386159959,0.0005880803056362612,0.5120418740412013,4,0,0.2917873488228858,0.04586070325708467
4911,0.005058354506241336,0.0,0.0002728166121844482,0.18999187788865599,0,0,0.30462233060277444,0.04917612749505812
4912,0.1292975539580053,0.10867017689583741,0.0005551785380349921,0.3449143572053973,1,0,0.2496516177340642,0.050134511560838674
4913,0.11890023639582858,0.12287690048806842,0.0005475405136288871,0.18165175812659945,3,0,0.2975630752851092,0.04796870018785891
4914,0.0,0.01799496684611692,0.00039735356522812025,0.5119833845389535,2,0,0.351062459234949,0.05186854563987844
4915,0.13602339569573818,0.1160636500840578,0.0004870655935586574,0.6872307136511973,3,1,0.26674875493178596,0.04758033999622714
4916,0.11685209517235565,0.08338697918247275,0.0005053716778231803,0.3432851929624626,1,0,0.3027403683531477,0.052317197008130124
4917,0.2534392748007753,0.2536468851344808,0.0008682632720080465,0.7448536601786909,4,1,0.39704093340427726,0.05078634829337428
4918,0.07219494321275859,0.07260639219171987,0.0004445278010453397,0.25388660887054343,0,0,0.3538375852411432,0.04981517823672096
4919,0.10611474861275519,0.06911996537222956,0.0005074002835601207,0.38887430710790577,3,0,0.3820795916474597,0.05298183261137866
4920,0.2463261995620394,0.2744953896472379,0.0010500489670080867,0.788976726966128,5,1,0.42240433609610795,0.052967997359375046
4921,0.261675506031858,0.2559276587102509,0.0008748518948679221,0.7066269550296946,6,1,0.4670033051370176,0.050042626330458334
4922,0.1408966976664603,0.06016684078468957,0.00042821502901941693,0.44380596858398175,3,0,0.3954322669443205,0.051210785671737806
4923,0.19330309957398276,0.2146882755306022,0.0006803807469448208,0.6925901903737043,4,1,0.3221569375128802,0.046314238350620866
4924,0.1157792982600693,0.13485275443083997,0.0005568730066361152,0.5364809794331399,1,0,0.3562868102966894,0.04736945073084985
4925,0.049164317214807164,0.07696463821056596,0.0004270796051823843,0.42624434122037447,2,0,0.26736223651634783,0.04594936794592232
4926,0.10373121502156299,0.13246050559317338,0.0006442737525803176,0.6098555044777844,2,0,0.43206863267125084,0.05216120187814641
4927,0.1265543718694128,0.11277019929229165,0.0004901742507653267,0.4474870640471122,2,0,0.32275869091060794,0.04802234577431214
4928,0.27899600408122033,0.29144680200378775,0.0010486181177451531,0.9008528015818731,5,1,0.557782947123557,0.051248155340502435
4929,0.18865247953105324,0.20571782120603288,0.0007655240439040651,0.6504145159004577,2,0,0.40790422904978413,0.048501211461096615
4930,0.0842393384814047,0.0,0.00022957041254415927,0.3747641680405833,1,0,0.2714268482755459,0.04679772663643885
4931,0.1982160863622116,0.1387124503111275,0.000569684637008352,0.5883360769415731,2,0,0.4804642104251337,0.04973526024017509
4932,0.18777304584002572,0.16633401851410437,0.0006398600625185409,0.5646880657379098,3,0,0.36937030179994945,0.04815346791854368
4933,0.1449197059918428,0.15747579856697558,0.0008122653172127034,0.7661093350936852,3,0,0.4567983113507699,0.05631175536012242
4934,0.0,0.0,0.00028606622114556575,0.2580629743340174,1,0,0.252645373243124,0.051702571220101856
4935,0.12846504315189042,0.01834836393974548,0.00028289459154622325,0.04891685648192684,1,0,0.25410520468534514,0.047493232110015104
4936,0.03337877826600377,0.032463598804351845,0.00035615622594112583,0.13286211653283486,2,0,0.2138031846649341,0.04767802113840244
4937,0.11900272989039995,0.09822542861389344,0.0005180869528543809,0.5905935356067434,3,0,0.26917268607311334,0.05036555933545663
4938,0.13617727359485637,0.17332863715584682,0.0007150462613489803,0.7718623488256114,7,0,0.4440951385747785,0.050544469055156686
4939,0.16274620697845588,0.15656543299187234,0.0006268054873530974,0.5598815027952034,3,0,0.3968371121624784,0.048570936417465134
4940,0.12633450136637348,0.09616661106560426,0.0005013208401756366,0.4192684940517996,1,0,0.20804413935599775,0.050193800093076904
4941,0.2407558800218108,0.21590290412569949,0.0009886986309207838,0.5718133272449496,3,0,0.4927067842791326,0.05628327723487745
4942,0.03323118201305185,0.06565779932962858,0.0004399973508167755,0.49455398239353965,2,0,0.2934825316901939,0.047896095405760945
4943,0.12579319293081362,0.09797091902803524,0.0004527789508940026,0.5044895988912951,1,0,0.3007408803746094,0.046860504680028475
4944,0.06560869268003636,0.014310136898345769,0.0002391510659022131,0.7133838713610097,2,0,0.2938847397257095,0.041362661841153975
4945,0.15978070878266265,0.1898562037003659,0.0007408233172217261,0.5533252224603129,3,1,0.37527257634278754,0.050864281233862475
4946,0.13006159421770286,0.13350908159855765,0.000519772070726698,0.7741127319496269,3,0,0.3995780677719288,0.04623236603596981
4947,0.12383392557148519,0.07970275438903869,0.000631171624684325,0.44289718962077174,1,0,0.4658223092485267,0.05898218469320997
4948,0.040246332390631724,0.048291718228497815,0.0004993326212784821,0.4143859715518415,1,0,0.34019200955492246,0.05361954520228704
4949,0.32346077870770307,0.313022866353673,0.0011505809703779935,0.8393070380187027,6,0,0.5113678640064913,0.05519220109005806
4950,0.10263437762308829,0.10358051457784054,0.00041168816963656755,0.5183140536657003,1,0,0.2662875981399446,0.04403218394433436
4951,0.15719581215483236,0.1772270146916244,0.0007206411265094345,0.6242942766406111,4,0,0.32677980295261244,0.05087257884142983
4952,0.16380462940575502,0.11272462746685245,0.0006435317955491213,0.519610177981577,3,1,0.3185137594444323,0.0546662472904828
4953,0.20916052153426712,0.21310989308277403,0.0007383671942636226,0.5226224237036057,3,0,0.4071627354692924,0.049102677293493414
4954,0.08936422851601475,0.036983618201741994,0.0003990377224760785,0.34047789006865437,2,0,0.4308455745560617,0.050396416779746434
4955,0.0552184937456813,0.06290697378290436,0.0004468069173953167,-0.016426738209192257,1,0,0.17975047596403668,0.04940826223242441
4956,0.28025285426462504,0.26490791400012115,0.000980587086604439,0.743570832130088,4,1,0.35801914222994763,0.05342471862327963
4957,0.1647193926155251,0.11852451058391592,0.0005043368283455504,0.5110579481752509,0,0,0.2699623020166919,0.04915652631322401
4958,0.17243335732869053,0.14781463417570814,0.00054301623501718,0.5913955505671655,5,0,0.37449905033901504,0.04797111624441452
4959,0.10799176001181271,0.06805929475059999,0.0005056794068204364,0.3300426833914175,1,0,0.3815296553689219,0.05227927080514357
4960,0.09181728097369168,0.1419265683724692,0.0006600573260530757,0.7120618412788159,3,0,0.380959225315104,0.051521855187185175
4961,0.12248253816309128,0.10531345120728168,0.0005478382875647107,0.27638333491904393,3,0,0.30921767306190134,0.05045045178042354
4962,0.30204768391173875,0.285431505698412,0.0009940971050739385,0.6685805033982027,6,0,0.5204186087051121,0.05266139490589457
4963,0.383095787325408,0.3543587925583452,0.001059394097989215,0.7248935259542183,6,1,0.5172166709853475,0.052059115496123506
4964,0.16003822874157486,0.10797562099115539,0.000475987113564681,0.5254064314725566,2,0,0.4180974699460078,0.04707046438424946
4965,0.2762811660111725,0.20157711123531527,0.000661468995208493,0.873356736369723,3,0,0.4093943686933891,0.04849957836319644
4966,0.060228713483599455,0.10535292309817397,0.00039320967174317166,0.6231864892707882,1,1,0.34647989204511376,0.042314712630309025
4967,0.20880330958745033,0.20486942525798396,0.0008772258433214094,0.6753199992186175,4,0,0.37455054647384944,0.053801077938988126
4968,0.21860517771303248,0.14979491785743124,0.0005409067450987487,0.6828672973265902,3,0,0.36104104256808706,0.048099532498948945
4969,0.1186962637078899,0.157892216518836,0.0006444313817937844,0.7299415989508632,2,0,0.4613634166975608,0.048371433920293944
4970,0.1711083557838384,0.17879255506394118,0.0008203742714443027,0.9370706461242317,4,0,0.3852697156939146,0.053034456424210924
4971,0.3315719341626603,0.28162572449660617,0.0007748711551995771,0.7056951364877684,6,1,0.46363423940232684,0.04700319413270272
4972,0.04553922463907313,0.0869608249003703,0.0005769703311210319,0.4853917964776282,3,0,0.3335389232508328,0.05151570196929211
4973,0.0,0.0,0.0002690026522530351,0.5299303042265695,0,0,0.3123036417253132,0.04758776211343737
4974,0.09605942043240304,0.14019497280581347,0.0006499855383868764,0.798858693305007,2,1,0.38062586001061927,0.05255194605029697
4975,0.04542139483372436,0.021139470736913562,0.00033720639998331036,0.4381070965629483,2,0,0.2530430812858667,0.04946429591978293
4976,0.2176277006535632,0.2568241955679577,0.0007382527074989648,0.6913464934232398,3,2,0.32893472386245387,0.045693787120222304
4977,0.22671443961498217,0.25645523825732397,0.0008360818337816911,0.7554049305382374,5,0,0.509349608559933,0.048848610707408376
4978,0.1149947229433554,0.06260717684817653,0.0004317803246131817,0.4003416451493345,2,0,0.20997159130461965,0.05039300915710584
4979,0.29614697115573735,0.19215071160463099,0.0007028879388234583,0.6521806623536658,6,0,0.42657993682935674,0.0527395235206944
4980,0.01716496671052169,0.030504403244630413,0.00032284325884900165,0.26969867794559,2,0,0.25771993045243613,0.04542675171798658
4981,0.15768142523379242,0.13503873071395486,0.0005180317463807061,0.5679831864435541,3,1,0.22719011186460142,0.047892105367810786
4982,0.12302723820792963,0.13008175509981873,0.000605859947996497,0.5693879820471782,1,0,0.3217247283380024,0.0498564501014427
4983,0.09773645456627934,0.09387733267451807,0.0005224849826120197,0.11502367405062852,1,0,0.37215626419663717,0.049839047361066806
4984,0.06843474997072956,0.10522892992606729,0.0005373967397071471,0.5626053942075695,2,0,0.3408156609004357,0.049010134705843145
4985,0.3591007764121188,0.36007268016667127,0.0011557298153035919,0.6542079581660749,7,0,0.49469084532650764,0.050105102657668966
4986,0.11572667952178003,0.07686773879162401,0.0005160071880955226,0.573539010684811,0,0,0.38334614371297804,0.05282578657585588
4987,0.09957880755548863,0.07252055441084182,0.00042318140112378443,0.33644002485450747,1,0,0.224124748894984,0.04785080643108242
4988,0.08988324691268121,0.06061824459348546,0.0003667063183005368,0.6269954664759032,1,0,0.2545252305616016,0.04504238258721782
4989,0.16720824470792517,0.17712985417364882,0.000893012373631766,0.676813255653424,2,0,0.4655451695943193,0.05509548131369652
4990,0.14604026195717423,0.1275026386704826,0.0005761652547421641,0.6859182635486296,2,0,0.2666941517222049,0.04987026535466456
4991,0.08041479064397546,0.020593752534623446,0.0002200226892370962,0.15791858615764248,2,0,0.22535047129918967,0.0409360868825876
4992,0.08793001056553448,0.08540994237386795,0.0004644228670109082,0.5287825478086696,2,0,0.3252013372794967,0.04788306776707983
4993,0.28443794103353176,0.25973831850147494,0.0008883538328892466,0.7164805911431821,2,0,0.3540885545994594,0.052072829085562364
4994,0.08506023656359084,0.06302113997552182,0.000431051801461474,0.24042400557455165,1,0,0.24716936383110655,0.04916232397128216
4995,0.2737436348344268,0.1417342300508693,0.0004745200817875049,0.6589953854928274,2,1,0.309443058464492,0.04598204423985266
4996,0.25648812129751863,0.3232936654389733,0.0010405158407380682,0.7026648218811569,7,1,0.48720509090184144,0.049958584107517565
4997,0.29403047836912555,0.2908289201561838,0.001193812017237449,0.8207459137461445,5,1,0.4445796015512857,0.05663822434438273
4998,0.19177391348605624,0.15260153261143333,0.0004763151810861265,0.3681646633335367,3,0,0.23202735171716393,0.04340580641125115
4999,0.043386450382013345,0.04122734078921196,0.0004036286074858955,0.6755442105965201,2,0,0.33509518497969154,0.049480713951435884
